case_id	taxa	nucleotide_columns	distinct_aligned_sequences	informative_nucleotide_columns	diagnostic_fit_completed	copy_caveat	fcs_omission_status	remaining_taxa_after_fcs_omission	target_original_dS_review_label	multistart_refit_completed	case_specific_review_flags	selection_eligibility	remaining_general_requirements
Amanita__115730at2759__code1	5	978	5	175	True	none_recorded	unchanged_by_declared_fcs_omission	5	0.9827746190132818	False		not_established	saturation_and_identifiability;alignment_and_copy_adequacy;selection_model_and_test_design
Amanita__129234at2759__code1	7	573	7	160	True	none_recorded	unchanged_by_declared_fcs_omission	7	1.902048071815029	False		not_established	saturation_and_identifiability;alignment_and_copy_adequacy;selection_model_and_test_design
Amanita__160487at2759__code1	6	2634	6	609	True	none_recorded	unchanged_by_declared_fcs_omission	6	1.1768773452342287	False		not_established	saturation_and_identifiability;alignment_and_copy_adequacy;selection_model_and_test_design
Amanita__201273at2759__code1	6	726	6	139	True	none_recorded	unchanged_by_declared_fcs_omission	6	0.9742149987312871	False		not_established	saturation_and_identifiability;alignment_and_copy_adequacy;selection_model_and_test_design
Amanita__207567at2759__code1	7	540	7	125	True	none_recorded	unchanged_by_declared_fcs_omission	7	1.1098184439470735	False		not_established	saturation_and_identifiability;alignment_and_copy_adequacy;selection_model_and_test_design
Amanita__260326at2759__code1	6	510	6	100	True	none_recorded	unchanged_by_declared_fcs_omission	6	1.7602158436567645	False	tree_parameter_boundary_warning	not_established	saturation_and_identifiability;alignment_and_copy_adequacy;selection_model_and_test_design
Amanita__2852757at2759__code1	5	1422	5	276	True	none_recorded	unchanged_by_declared_fcs_omission	5	1.3210934674233645	False		not_established	saturation_and_identifiability;alignment_and_copy_adequacy;selection_model_and_test_design
Amanita__288615at2759__code1	7	1905	7	552	True	none_recorded	unchanged_by_declared_fcs_omission	7	1.2047439886881248	False		not_established	saturation_and_identifiability;alignment_and_copy_adequacy;selection_model_and_test_design
Amanita__319730at2759__code1	7	1305	7	307	True	none_recorded	unchanged_by_declared_fcs_omission	7	0.7956579887737525	False		not_established	saturation_and_identifiability;alignment_and_copy_adequacy;selection_model_and_test_design
Amanita__340246at2759__code1	4	1878	4	216	True	none_recorded	unchanged_by_declared_fcs_omission	4	0.9909119979322294	False		not_established	saturation_and_identifiability;alignment_and_copy_adequacy;selection_model_and_test_design
Amanita__345792at2759__code1	6	771	6	141	True	none_recorded	unchanged_by_declared_fcs_omission	6	0.9807741626449034	False		not_established	saturation_and_identifiability;alignment_and_copy_adequacy;selection_model_and_test_design
Amanita__352891at2759__code1	7	741	7	198	True	none_recorded	unchanged_by_declared_fcs_omission	7	0.9467679330940734	False		not_established	saturation_and_identifiability;alignment_and_copy_adequacy;selection_model_and_test_design
Amanita__3643464at2759__code1	7	1878	7	571	True	none_recorded	unchanged_by_declared_fcs_omission	7	1.718410020953683	False		not_established	saturation_and_identifiability;alignment_and_copy_adequacy;selection_model_and_test_design
Amanita__4613677at2759__code1	7	315	7	101	True	none_recorded	unchanged_by_declared_fcs_omission	7	1.6040171529360718	False		not_established	saturation_and_identifiability;alignment_and_copy_adequacy;selection_model_and_test_design
Amanita__4695236at2759__code1	7	3213	7	902	True	none_recorded	unchanged_by_declared_fcs_omission	7	1.0177598183843173	False		not_established	saturation_and_identifiability;alignment_and_copy_adequacy;selection_model_and_test_design
Amanita__4747214at2759__code1	7	432	7	102	True	none_recorded	unchanged_by_declared_fcs_omission	7	1.4688677588318608	False		not_established	saturation_and_identifiability;alignment_and_copy_adequacy;selection_model_and_test_design
Amanita__4764044at2759__code1	7	1464	7	444	True	none_recorded	unchanged_by_declared_fcs_omission	7	0.9247984483679196	False		not_established	saturation_and_identifiability;alignment_and_copy_adequacy;selection_model_and_test_design
Amanita__4803900at2759__code1	7	369	7	76	True	none_recorded	unchanged_by_declared_fcs_omission	7	0.95224863540228	False		not_established	saturation_and_identifiability;alignment_and_copy_adequacy;selection_model_and_test_design
Amanita__4810093at2759__code1	7	2313	7	724	True	none_recorded	unchanged_by_declared_fcs_omission	7	1.2750897986276428	False		not_established	saturation_and_identifiability;alignment_and_copy_adequacy;selection_model_and_test_design
Amanita__4813267at2759__code1	6	2469	6	574	True	none_recorded	unchanged_by_declared_fcs_omission	6	1.1687855474017894	False		not_established	saturation_and_identifiability;alignment_and_copy_adequacy;selection_model_and_test_design
Amanita__4823929at2759__code1	7	1305	7	366	True	none_recorded	unchanged_by_declared_fcs_omission	7	0.9259131908394355	False		not_established	saturation_and_identifiability;alignment_and_copy_adequacy;selection_model_and_test_design
Amanita__4837017at2759__code1	7	678	7	188	True	none_recorded	unchanged_by_declared_fcs_omission	7	0.9574195622262767	False		not_established	saturation_and_identifiability;alignment_and_copy_adequacy;selection_model_and_test_design
Amanita__4838864at2759__code1	6	1926	6	461	True	none_recorded	unchanged_by_declared_fcs_omission	6	0.9829402631701907	False		not_established	saturation_and_identifiability;alignment_and_copy_adequacy;selection_model_and_test_design
Amanita__4843240at2759__code1	4	1935	4	191	True	none_recorded	unchanged_by_declared_fcs_omission	4	1.4333229861418537	False		not_established	saturation_and_identifiability;alignment_and_copy_adequacy;selection_model_and_test_design
Amanita__4843824at2759__code1	6	582	6	145	True	none_recorded	unchanged_by_declared_fcs_omission	6	1.2371304063645792	False		not_established	saturation_and_identifiability;alignment_and_copy_adequacy;selection_model_and_test_design
Amanita__4867008at2759__code1	5	537	5	81	True	none_recorded	unchanged_by_declared_fcs_omission	5	15.135982640507315	False	tree_pairwise_saturation_warning;tree_nni_convergence_warning	not_established	saturation_and_identifiability;alignment_and_copy_adequacy;selection_model_and_test_design
Amanita__4888252at2759__code1	5	2724	5	545	True	none_recorded	unchanged_by_declared_fcs_omission	5	1.315101922202251	False		not_established	saturation_and_identifiability;alignment_and_copy_adequacy;selection_model_and_test_design
Amanita__4896098at2759__code1	7	549	7	149	True	none_recorded	unchanged_by_declared_fcs_omission	7	1.0766922542609247	False		not_established	saturation_and_identifiability;alignment_and_copy_adequacy;selection_model_and_test_design
Amanita__4900375at2759__code1	7	573	7	167	True	none_recorded	unchanged_by_declared_fcs_omission	7	30.814622615823613	False	tree_pairwise_saturation_warning;tree_nni_convergence_warning;near_zero_nucleotide_tree_edge	not_established	saturation_and_identifiability;alignment_and_copy_adequacy;selection_model_and_test_design
Amanita__4908955at2759__code1	5	975	5	159	True	none_recorded	unchanged_by_declared_fcs_omission	5	1.9136617971437488	False		not_established	saturation_and_identifiability;alignment_and_copy_adequacy;selection_model_and_test_design
Amanita__4911644at2759__code1	5	2733	5	515	True	none_recorded	unchanged_by_declared_fcs_omission	5	1.2475813817464596	False		not_established	saturation_and_identifiability;alignment_and_copy_adequacy;selection_model_and_test_design
Amanita__4940884at2759__code1	6	2730	6	620	True	none_recorded	unchanged_by_declared_fcs_omission	6	1.0471082748127953	False		not_established	saturation_and_identifiability;alignment_and_copy_adequacy;selection_model_and_test_design
Amanita__4969018at2759__code1	7	1374	7	382	True	none_recorded	unchanged_by_declared_fcs_omission	7	1.4131977766144928	False		not_established	saturation_and_identifiability;alignment_and_copy_adequacy;selection_model_and_test_design
Amanita__4969636at2759__code1	6	1143	6	313	True	none_recorded	unchanged_by_declared_fcs_omission	6	1.7990364516629611	False		not_established	saturation_and_identifiability;alignment_and_copy_adequacy;selection_model_and_test_design
Amanita__4969990at2759__code1	6	1056	6	235	True	none_recorded	unchanged_by_declared_fcs_omission	6	1.0122721616949812	False		not_established	saturation_and_identifiability;alignment_and_copy_adequacy;selection_model_and_test_design
Amanita__4970387at2759__code1	7	444	7	131	True	none_recorded	unchanged_by_declared_fcs_omission	7	1.3396689687118049	False		not_established	saturation_and_identifiability;alignment_and_copy_adequacy;selection_model_and_test_design
Amanita__4970538at2759__code1	6	2844	6	767	True	none_recorded	unchanged_by_declared_fcs_omission	6	1.5920201682901438	False		not_established	saturation_and_identifiability;alignment_and_copy_adequacy;selection_model_and_test_design
Amanita__4971272at2759__code1	7	1311	7	376	True	none_recorded	unchanged_by_declared_fcs_omission	7	1.3291749522903797	False		not_established	saturation_and_identifiability;alignment_and_copy_adequacy;selection_model_and_test_design
Amanita__4974767at2759__code1	7	438	7	100	True	none_recorded	unchanged_by_declared_fcs_omission	7	1.0261355737767213	False		not_established	saturation_and_identifiability;alignment_and_copy_adequacy;selection_model_and_test_design
Amanita__4975094at2759__code1	6	2958	6	693	True	none_recorded	unchanged_by_declared_fcs_omission	6	1.1178490158480623	False		not_established	saturation_and_identifiability;alignment_and_copy_adequacy;selection_model_and_test_design
Amanita__4976279at2759__code1	7	1128	7	418	True	none_recorded	unchanged_by_declared_fcs_omission	7	1.1930455298241045	False		not_established	saturation_and_identifiability;alignment_and_copy_adequacy;selection_model_and_test_design
Amanita__4977163at2759__code1	6	546	6	140	True	none_recorded	unchanged_by_declared_fcs_omission	6	1.2938206791377518	False		not_established	saturation_and_identifiability;alignment_and_copy_adequacy;selection_model_and_test_design
Amanita__4977863at2759__code1	6	1725	6	435	True	none_recorded	unchanged_by_declared_fcs_omission	6	1.2959161491988602	False		not_established	saturation_and_identifiability;alignment_and_copy_adequacy;selection_model_and_test_design
Amanita__4983000at2759__code1	7	1452	7	467	True	none_recorded	unchanged_by_declared_fcs_omission	7	1.3978353157075198	False		not_established	saturation_and_identifiability;alignment_and_copy_adequacy;selection_model_and_test_design
Amanita__4985971at2759__code1	6	1002	6	227	True	none_recorded	unchanged_by_declared_fcs_omission	6	1.0071407453361376	False		not_established	saturation_and_identifiability;alignment_and_copy_adequacy;selection_model_and_test_design
Amanita__4986044at2759__code1	6	1506	6	411	True	requires_gene_copy_reconciliation_before_confirmatory_single_ortholog_analysis	unchanged_by_declared_fcs_omission	6	1.1826821781930372	False	copy_reconciliation_required	not_established	saturation_and_identifiability;alignment_and_copy_adequacy;selection_model_and_test_design
Amanita__4987397at2759__code1	5	2604	5	458	True	none_recorded	unchanged_by_declared_fcs_omission	5	1.2110804987517032	False		not_established	saturation_and_identifiability;alignment_and_copy_adequacy;selection_model_and_test_design
Amanita__4988239at2759__code1	5	3042	5	555	True	none_recorded	unchanged_by_declared_fcs_omission	5	1.1619075437090018	False		not_established	saturation_and_identifiability;alignment_and_copy_adequacy;selection_model_and_test_design
Amanita__4999134at2759__code1	6	6999	6	1424	True	none_recorded	unchanged_by_declared_fcs_omission	6	0.9175161883802982	False		not_established	saturation_and_identifiability;alignment_and_copy_adequacy;selection_model_and_test_design
Amanita__5000045at2759__code1	6	1134	6	253	True	none_recorded	unchanged_by_declared_fcs_omission	6	0.6855355975121012	False		not_established	saturation_and_identifiability;alignment_and_copy_adequacy;selection_model_and_test_design
Amanita__5000152at2759__code1	7	3573	7	941	True	none_recorded	unchanged_by_declared_fcs_omission	7	1.0207616480148292	False		not_established	saturation_and_identifiability;alignment_and_copy_adequacy;selection_model_and_test_design
Amanita__5000362at2759__code1	5	2691	5	495	True	none_recorded	unchanged_by_declared_fcs_omission	5	2.237664475482875	False	tree_nni_convergence_warning	not_established	saturation_and_identifiability;alignment_and_copy_adequacy;selection_model_and_test_design
Amanita__5000371at2759__code1	6	1200	6	297	True	none_recorded	unchanged_by_declared_fcs_omission	6	1.3733390249984374	False		not_established	saturation_and_identifiability;alignment_and_copy_adequacy;selection_model_and_test_design
Amanita__5000452at2759__code1	7	837	7	275	True	none_recorded	unchanged_by_declared_fcs_omission	7	1.4712993131533048	False		not_established	saturation_and_identifiability;alignment_and_copy_adequacy;selection_model_and_test_design
Amanita__5000476at2759__code1	7	1146	7	320	True	none_recorded	unchanged_by_declared_fcs_omission	7	1.1474257712434195	False		not_established	saturation_and_identifiability;alignment_and_copy_adequacy;selection_model_and_test_design
Amanita__5000743at2759__code1	7	528	7	127	True	none_recorded	unchanged_by_declared_fcs_omission	7	19.268482921166733	False	tree_pairwise_saturation_warning;tree_nni_convergence_warning;near_zero_nucleotide_tree_edge	not_established	saturation_and_identifiability;alignment_and_copy_adequacy;selection_model_and_test_design
Amanita__5000823at2759__code1	7	2790	7	850	True	none_recorded	unchanged_by_declared_fcs_omission	7	1.0304261256587146	False		not_established	saturation_and_identifiability;alignment_and_copy_adequacy;selection_model_and_test_design
Amanita__5000870at2759__code1	7	2250	7	625	True	none_recorded	unchanged_by_declared_fcs_omission	7	1.2818729944604785	False		not_established	saturation_and_identifiability;alignment_and_copy_adequacy;selection_model_and_test_design
Amanita__5000986at2759__code1	7	1509	7	499	True	none_recorded	unchanged_by_declared_fcs_omission	7	1.6415771270375161	False		not_established	saturation_and_identifiability;alignment_and_copy_adequacy;selection_model_and_test_design
Amanita__5001156at2759__code1	7	765	7	215	True	none_recorded	unchanged_by_declared_fcs_omission	7	0.9400495886711004	False		not_established	saturation_and_identifiability;alignment_and_copy_adequacy;selection_model_and_test_design
Amanita__5001273at2759__code1	7	714	7	197	True	none_recorded	unchanged_by_declared_fcs_omission	7	1.4610285298848753	False		not_established	saturation_and_identifiability;alignment_and_copy_adequacy;selection_model_and_test_design
Amanita__5001280at2759__code1	7	2124	7	606	True	none_recorded	unchanged_by_declared_fcs_omission	7	1.1283612204198166	False		not_established	saturation_and_identifiability;alignment_and_copy_adequacy;selection_model_and_test_design
Amanita__5001318at2759__code1	6	1146	6	280	True	none_recorded	unchanged_by_declared_fcs_omission	6	1.1237061115803844	False		not_established	saturation_and_identifiability;alignment_and_copy_adequacy;selection_model_and_test_design
Amanita__5001413at2759__code1	6	843	6	215	True	none_recorded	unchanged_by_declared_fcs_omission	6	1.337814466527653	False		not_established	saturation_and_identifiability;alignment_and_copy_adequacy;selection_model_and_test_design
Amanita__5001473at2759__code1	7	345	7	86	True	none_recorded	unchanged_by_declared_fcs_omission	7	1.38076112084457	False		not_established	saturation_and_identifiability;alignment_and_copy_adequacy;selection_model_and_test_design
Amanita__5001660at2759__code1	6	1917	6	467	True	none_recorded	unchanged_by_declared_fcs_omission	6	1.8090970536766655	False		not_established	saturation_and_identifiability;alignment_and_copy_adequacy;selection_model_and_test_design
Amanita__5001734at2759__code1	5	648	5	100	True	none_recorded	unchanged_by_declared_fcs_omission	5	1.3072600221589565	False		not_established	saturation_and_identifiability;alignment_and_copy_adequacy;selection_model_and_test_design
Amanita__5001941at2759__code1	5	2205	5	378	True	none_recorded	unchanged_by_declared_fcs_omission	5	0.8457668161544137	False		not_established	saturation_and_identifiability;alignment_and_copy_adequacy;selection_model_and_test_design
Amanita__5002334at2759__code1	6	810	6	219	True	none_recorded	unchanged_by_declared_fcs_omission	6	1.5290359696491485	False		not_established	saturation_and_identifiability;alignment_and_copy_adequacy;selection_model_and_test_design
Amanita__5002573at2759__code1	7	1152	7	355	True	none_recorded	unchanged_by_declared_fcs_omission	7	1.139915188172311	False		not_established	saturation_and_identifiability;alignment_and_copy_adequacy;selection_model_and_test_design
Amanita__5003022at2759__code1	7	2559	7	689	True	none_recorded	unchanged_by_declared_fcs_omission	7	1.0859145623475872	False		not_established	saturation_and_identifiability;alignment_and_copy_adequacy;selection_model_and_test_design
Amanita__5003192at2759__code1	6	1299	6	375	True	none_recorded	unchanged_by_declared_fcs_omission	6	1.5674740217334022	False		not_established	saturation_and_identifiability;alignment_and_copy_adequacy;selection_model_and_test_design
Amanita__5003205at2759__code1	6	3921	6	931	True	none_recorded	unchanged_by_declared_fcs_omission	6	1.2635341500679915	False		not_established	saturation_and_identifiability;alignment_and_copy_adequacy;selection_model_and_test_design
Amanita__5003856at2759__code1	6	897	6	239	True	none_recorded	unchanged_by_declared_fcs_omission	6	1.4988265959488047	False		not_established	saturation_and_identifiability;alignment_and_copy_adequacy;selection_model_and_test_design
Amanita__5003972at2759__code1	7	726	7	220	True	none_recorded	unchanged_by_declared_fcs_omission	7	1.4026856762317215	False	tree_parameter_boundary_warning	not_established	saturation_and_identifiability;alignment_and_copy_adequacy;selection_model_and_test_design
Amanita__5004118at2759__code1	7	654	7	192	True	none_recorded	unchanged_by_declared_fcs_omission	7	1.3643647770111165	False		not_established	saturation_and_identifiability;alignment_and_copy_adequacy;selection_model_and_test_design
Amanita__5004265at2759__code1	6	807	6	192	True	none_recorded	unchanged_by_declared_fcs_omission	6	1.6481113870503246	False		not_established	saturation_and_identifiability;alignment_and_copy_adequacy;selection_model_and_test_design
Amanita__5004327at2759__code1	7	2355	7	912	True	none_recorded	unchanged_by_declared_fcs_omission	7	1.4446278224276015	False		not_established	saturation_and_identifiability;alignment_and_copy_adequacy;selection_model_and_test_design
Amanita__5004391at2759__code1	6	2958	6	689	True	none_recorded	unchanged_by_declared_fcs_omission	6	0.8796617196198151	False		not_established	saturation_and_identifiability;alignment_and_copy_adequacy;selection_model_and_test_design
Amanita__5004478at2759__code1	7	1230	7	384	True	none_recorded	unchanged_by_declared_fcs_omission	7	1.0884235461990321	False		not_established	saturation_and_identifiability;alignment_and_copy_adequacy;selection_model_and_test_design
Amanita__5004599at2759__code1	7	2064	7	683	True	none_recorded	unchanged_by_declared_fcs_omission	7	1.0326340417495383	False		not_established	saturation_and_identifiability;alignment_and_copy_adequacy;selection_model_and_test_design
Amanita__5005010at2759__code1	6	336	6	85	True	none_recorded	unchanged_by_declared_fcs_omission	6	21.453561877275863	False	tree_pairwise_saturation_warning;tree_nni_convergence_warning	not_established	saturation_and_identifiability;alignment_and_copy_adequacy;selection_model_and_test_design
Amanita__5005174at2759__code1	6	669	6	153	True	none_recorded	unchanged_by_declared_fcs_omission	6	1.270006893640138	False		not_established	saturation_and_identifiability;alignment_and_copy_adequacy;selection_model_and_test_design
Amanita__5005196at2759__code1	6	1272	6	277	True	none_recorded	unchanged_by_declared_fcs_omission	6	1.0439423371511087	False		not_established	saturation_and_identifiability;alignment_and_copy_adequacy;selection_model_and_test_design
Amanita__5005215at2759__code1	7	1656	7	561	True	none_recorded	unchanged_by_declared_fcs_omission	7	1.3921431320179987	False		not_established	saturation_and_identifiability;alignment_and_copy_adequacy;selection_model_and_test_design
Amanita__5005217at2759__code1	7	1380	7	454	True	none_recorded	unchanged_by_declared_fcs_omission	7	1.2873400040642988	False		not_established	saturation_and_identifiability;alignment_and_copy_adequacy;selection_model_and_test_design
Amanita__5005274at2759__code1	7	879	7	268	True	none_recorded	unchanged_by_declared_fcs_omission	7	1.1493501408002562	False		not_established	saturation_and_identifiability;alignment_and_copy_adequacy;selection_model_and_test_design
Amanita__5005697at2759__code1	7	1722	7	480	True	none_recorded	unchanged_by_declared_fcs_omission	7	13.644608546865992	False	tree_pairwise_saturation_warning;other_tree_warning	not_established	saturation_and_identifiability;alignment_and_copy_adequacy;selection_model_and_test_design
Amanita__5005750at2759__code1	4	348	4	28	True	none_recorded	unchanged_by_declared_fcs_omission	4	1.8711157056548613	False		not_established	saturation_and_identifiability;alignment_and_copy_adequacy;selection_model_and_test_design
Amanita__5005892at2759__code1	7	903	7	287	True	none_recorded	unchanged_by_declared_fcs_omission	7	1.1027909206868622	False		not_established	saturation_and_identifiability;alignment_and_copy_adequacy;selection_model_and_test_design
Amanita__5006326at2759__code1	7	1764	7	500	True	none_recorded	unchanged_by_declared_fcs_omission	7	1.1606460068934743	False		not_established	saturation_and_identifiability;alignment_and_copy_adequacy;selection_model_and_test_design
Amanita__5006412at2759__code1	6	1521	6	385	True	none_recorded	unchanged_by_declared_fcs_omission	6	1.0596686269692832	False		not_established	saturation_and_identifiability;alignment_and_copy_adequacy;selection_model_and_test_design
Amanita__5011777at2759__code1	7	2001	7	709	True	none_recorded	unchanged_by_declared_fcs_omission	7	1.1477781179755822	False		not_established	saturation_and_identifiability;alignment_and_copy_adequacy;selection_model_and_test_design
Amanita__5013042at2759__code1	7	1200	7	322	True	none_recorded	unchanged_by_declared_fcs_omission	7	1.21498580139176	False		not_established	saturation_and_identifiability;alignment_and_copy_adequacy;selection_model_and_test_design
Amanita__5013067at2759__code1	7	978	7	259	True	none_recorded	unchanged_by_declared_fcs_omission	7	0.8727727920794737	False		not_established	saturation_and_identifiability;alignment_and_copy_adequacy;selection_model_and_test_design
Amanita__5013259at2759__code1	6	429	6	93	True	none_recorded	unchanged_by_declared_fcs_omission	6	11.297004405017187	False	tree_nni_convergence_warning	not_established	saturation_and_identifiability;alignment_and_copy_adequacy;selection_model_and_test_design
Amanita__5013539at2759__code1	7	837	7	199	True	none_recorded	unchanged_by_declared_fcs_omission	7	1.0225632705235055	False		not_established	saturation_and_identifiability;alignment_and_copy_adequacy;selection_model_and_test_design
Amanita__5013726at2759__code1	7	549	7	159	True	none_recorded	unchanged_by_declared_fcs_omission	7	2.1768331824991343	False		not_established	saturation_and_identifiability;alignment_and_copy_adequacy;selection_model_and_test_design
Amanita__5013738at2759__code1	6	681	6	150	True	none_recorded	unchanged_by_declared_fcs_omission	6	3.510576891390096	False		not_established	saturation_and_identifiability;alignment_and_copy_adequacy;selection_model_and_test_design
Amanita__5013992at2759__code1	6	2400	6	575	True	none_recorded	unchanged_by_declared_fcs_omission	6	1.2978801735779726	False		not_established	saturation_and_identifiability;alignment_and_copy_adequacy;selection_model_and_test_design
Amanita__5014007at2759__code1	7	1776	7	523	True	none_recorded	unchanged_by_declared_fcs_omission	7	0.9566462538377755	False		not_established	saturation_and_identifiability;alignment_and_copy_adequacy;selection_model_and_test_design
Amanita__5015403at2759__code1	7	1230	7	353	True	none_recorded	unchanged_by_declared_fcs_omission	7	0.991603711315765	False		not_established	saturation_and_identifiability;alignment_and_copy_adequacy;selection_model_and_test_design
Amanita__5015647at2759__code1	7	2601	7	671	True	none_recorded	unchanged_by_declared_fcs_omission	7	1.1672757258884003	False		not_established	saturation_and_identifiability;alignment_and_copy_adequacy;selection_model_and_test_design
Amanita__5015712at2759__code1	6	1452	6	330	True	none_recorded	unchanged_by_declared_fcs_omission	6	0.9958943831256017	False		not_established	saturation_and_identifiability;alignment_and_copy_adequacy;selection_model_and_test_design
Amanita__5015742at2759__code1	7	1407	7	387	True	none_recorded	unchanged_by_declared_fcs_omission	7	23.69047239146575	False	tree_pairwise_saturation_warning;near_zero_nucleotide_tree_edge	not_established	saturation_and_identifiability;alignment_and_copy_adequacy;selection_model_and_test_design
Amanita__5015876at2759__code1	7	1515	7	442	True	none_recorded	unchanged_by_declared_fcs_omission	7	2.4698261005016175	False		not_established	saturation_and_identifiability;alignment_and_copy_adequacy;selection_model_and_test_design
Amanita__5017019at2759__code1	7	1188	7	361	True	none_recorded	unchanged_by_declared_fcs_omission	7	1.1847408192362632	False		not_established	saturation_and_identifiability;alignment_and_copy_adequacy;selection_model_and_test_design
Amanita__5018803at2759__code1	6	2070	6	562	True	none_recorded	unchanged_by_declared_fcs_omission	6	1.398029339710897	False		not_established	saturation_and_identifiability;alignment_and_copy_adequacy;selection_model_and_test_design
Amanita__529759at2759__code1	7	735	7	175	True	none_recorded	unchanged_by_declared_fcs_omission	7	0.8414118786151025	False		not_established	saturation_and_identifiability;alignment_and_copy_adequacy;selection_model_and_test_design
Amanita__530014at2759__code1	6	2556	6	581	True	none_recorded	unchanged_by_declared_fcs_omission	6	1.2921829181808382	False		not_established	saturation_and_identifiability;alignment_and_copy_adequacy;selection_model_and_test_design
Amanita__530740at2759__code1	7	849	7	253	True	none_recorded	unchanged_by_declared_fcs_omission	7	0.9454904705208537	False		not_established	saturation_and_identifiability;alignment_and_copy_adequacy;selection_model_and_test_design
Amanita__538728at2759__code1	5	1551	5	271	True	none_recorded	unchanged_by_declared_fcs_omission	5	0.9340725270056499	False		not_established	saturation_and_identifiability;alignment_and_copy_adequacy;selection_model_and_test_design
Amanita__538952at2759__code1	7	1455	7	480	True	none_recorded	unchanged_by_declared_fcs_omission	7	0.9720587320426463	False		not_established	saturation_and_identifiability;alignment_and_copy_adequacy;selection_model_and_test_design
Amanita__539632at2759__code1	6	891	6	212	True	none_recorded	unchanged_by_declared_fcs_omission	6	1.2307999834028243	False		not_established	saturation_and_identifiability;alignment_and_copy_adequacy;selection_model_and_test_design
Amanita__540946at2759__code1	6	1185	6	325	True	none_recorded	unchanged_by_declared_fcs_omission	6	1.3994623637684558	False		not_established	saturation_and_identifiability;alignment_and_copy_adequacy;selection_model_and_test_design
Amanita__541070at2759__code1	6	723	6	206	True	none_recorded	unchanged_by_declared_fcs_omission	6	1.7086417207695308	False		not_established	saturation_and_identifiability;alignment_and_copy_adequacy;selection_model_and_test_design
Amanita__554735at2759__code1	7	771	7	223	True	none_recorded	unchanged_by_declared_fcs_omission	7	1.0074125208942784	False		not_established	saturation_and_identifiability;alignment_and_copy_adequacy;selection_model_and_test_design
Amanita__649304at2759__code1	7	915	7	282	True	none_recorded	unchanged_by_declared_fcs_omission	7	0.8861666105361224	False		not_established	saturation_and_identifiability;alignment_and_copy_adequacy;selection_model_and_test_design
Amanita__707076at2759__code1	7	807	7	215	True	none_recorded	unchanged_by_declared_fcs_omission	7	1.2535847638551814	False		not_established	saturation_and_identifiability;alignment_and_copy_adequacy;selection_model_and_test_design
Amanita__707202at2759__code1	7	1077	7	304	True	none_recorded	unchanged_by_declared_fcs_omission	7	1.2676346806014875	False		not_established	saturation_and_identifiability;alignment_and_copy_adequacy;selection_model_and_test_design
Amanita__727964at2759__code1	6	906	6	214	True	none_recorded	unchanged_by_declared_fcs_omission	6	1.04464668941219	False		not_established	saturation_and_identifiability;alignment_and_copy_adequacy;selection_model_and_test_design
Amanita__730114at2759__code1	7	1596	7	464	True	none_recorded	unchanged_by_declared_fcs_omission	7	0.9716709224599355	False		not_established	saturation_and_identifiability;alignment_and_copy_adequacy;selection_model_and_test_design
Amanita__760428at2759__code1	6	1149	6	341	True	none_recorded	unchanged_by_declared_fcs_omission	6	1.0367601079772566	False		not_established	saturation_and_identifiability;alignment_and_copy_adequacy;selection_model_and_test_design
Amanita__776280at2759__code1	7	1275	7	438	True	none_recorded	unchanged_by_declared_fcs_omission	7	1.460978993100977	False		not_established	saturation_and_identifiability;alignment_and_copy_adequacy;selection_model_and_test_design
Amanita__801816at2759__code1	7	555	7	150	True	none_recorded	unchanged_by_declared_fcs_omission	7	1.1592480255267446	False		not_established	saturation_and_identifiability;alignment_and_copy_adequacy;selection_model_and_test_design
Aspergillus__115730at2759__code1	10	990	9	273	True	none_recorded	unchanged_by_declared_fcs_omission	10	0.6772597677165824	False	near_zero_nucleotide_tree_edge	not_established	saturation_and_identifiability;alignment_and_copy_adequacy;selection_model_and_test_design
Aspergillus__129234at2759__code1	10	567	10	176	True	none_recorded	unchanged_by_declared_fcs_omission	10	1.128105787227519	False	near_zero_nucleotide_tree_edge	not_established	saturation_and_identifiability;alignment_and_copy_adequacy;selection_model_and_test_design
Aspergillus__160487at2759__code1	10	2649	10	834	True	none_recorded	unchanged_by_declared_fcs_omission	10	1.1091809640286658	False	near_zero_nucleotide_tree_edge	not_established	saturation_and_identifiability;alignment_and_copy_adequacy;selection_model_and_test_design
Aspergillus__201273at2759__code1	10	777	10	205	True	none_recorded	unchanged_by_declared_fcs_omission	10	0.578304082039685	False	near_zero_nucleotide_tree_edge	not_established	saturation_and_identifiability;alignment_and_copy_adequacy;selection_model_and_test_design
Aspergillus__207567at2759__code1	9	528	8	248	True	none_recorded	unchanged_by_declared_fcs_omission	9	3.307480182158039	False	near_zero_nucleotide_tree_edge	not_established	saturation_and_identifiability;alignment_and_copy_adequacy;selection_model_and_test_design
Aspergillus__260326at2759__code1	10	498	9	146	True	none_recorded	unchanged_by_declared_fcs_omission	10	1.2525161970308551	False	near_zero_nucleotide_tree_edge	not_established	saturation_and_identifiability;alignment_and_copy_adequacy;selection_model_and_test_design
Aspergillus__2852757at2759__code1	10	1482	10	501	True	none_recorded	unchanged_by_declared_fcs_omission	10	0.726747523997981	False	near_zero_nucleotide_tree_edge	not_established	saturation_and_identifiability;alignment_and_copy_adequacy;selection_model_and_test_design
Aspergillus__288615at2759__code1	10	1974	10	671	True	none_recorded	unchanged_by_declared_fcs_omission	10	1.176457889515127	False	near_zero_nucleotide_tree_edge	not_established	saturation_and_identifiability;alignment_and_copy_adequacy;selection_model_and_test_design
Aspergillus__319730at2759__code1	10	1341	10	496	True	none_recorded	unchanged_by_declared_fcs_omission	10	1.2297187265516039	False	near_zero_nucleotide_tree_edge	not_established	saturation_and_identifiability;alignment_and_copy_adequacy;selection_model_and_test_design
Aspergillus__340246at2759__code1	10	2052	9	756	True	none_recorded	unchanged_by_declared_fcs_omission	10	0.7855150797093363	False	near_zero_nucleotide_tree_edge	not_established	saturation_and_identifiability;alignment_and_copy_adequacy;selection_model_and_test_design
Aspergillus__345792at2759__code1	10	870	9	198	True	none_recorded	unchanged_by_declared_fcs_omission	10	0.4656389011063628	False	near_zero_nucleotide_tree_edge	not_established	saturation_and_identifiability;alignment_and_copy_adequacy;selection_model_and_test_design
Aspergillus__352891at2759__code1	10	756	9	266	True	none_recorded	unchanged_by_declared_fcs_omission	10	1.361266558345882	False	near_zero_nucleotide_tree_edge	not_established	saturation_and_identifiability;alignment_and_copy_adequacy;selection_model_and_test_design
Aspergillus__3643464at2759__code1	10	2325	10	898	True	none_recorded	unchanged_by_declared_fcs_omission	10	1.554404858506342	False	near_zero_nucleotide_tree_edge	not_established	saturation_and_identifiability;alignment_and_copy_adequacy;selection_model_and_test_design
Aspergillus__4613677at2759__code1	9	357	9	117	True	none_recorded	unchanged_by_declared_fcs_omission	9	2.859944012474831	False		not_established	saturation_and_identifiability;alignment_and_copy_adequacy;selection_model_and_test_design
Aspergillus__4695236at2759__code1	9	3234	9	919	True	none_recorded	unchanged_by_declared_fcs_omission	9	0.6997496312074675	False	near_zero_nucleotide_tree_edge	not_established	saturation_and_identifiability;alignment_and_copy_adequacy;selection_model_and_test_design
Aspergillus__4747214at2759__code1	9	417	9	121	True	none_recorded	unchanged_by_declared_fcs_omission	9	0.74243471402749	False		not_established	saturation_and_identifiability;alignment_and_copy_adequacy;selection_model_and_test_design
Aspergillus__4764044at2759__code1	10	1542	10	569	True	none_recorded	unchanged_by_declared_fcs_omission	10	1.0037217142091763	False		not_established	saturation_and_identifiability;alignment_and_copy_adequacy;selection_model_and_test_design
Aspergillus__4803900at2759__code1	10	366	10	130	True	none_recorded	unchanged_by_declared_fcs_omission	10	1.9130702596824365	False	near_zero_nucleotide_tree_edge	not_established	saturation_and_identifiability;alignment_and_copy_adequacy;selection_model_and_test_design
Aspergillus__4810093at2759__code1	8	2376	8	792	True	none_recorded	unchanged_by_declared_fcs_omission	8	1.0457506277501512	False	near_zero_nucleotide_tree_edge	not_established	saturation_and_identifiability;alignment_and_copy_adequacy;selection_model_and_test_design
Aspergillus__4813267at2759__code1	10	2637	10	918	True	none_recorded	unchanged_by_declared_fcs_omission	10	0.8501980507037018	False	near_zero_nucleotide_tree_edge	not_established	saturation_and_identifiability;alignment_and_copy_adequacy;selection_model_and_test_design
Aspergillus__4823929at2759__code1	10	1278	9	446	True	none_recorded	unchanged_by_declared_fcs_omission	10	1.1231097910032517	False	near_zero_nucleotide_tree_edge	not_established	saturation_and_identifiability;alignment_and_copy_adequacy;selection_model_and_test_design
Aspergillus__4837017at2759__code1	10	687	10	205	True	none_recorded	unchanged_by_declared_fcs_omission	10	0.6020192806552411	False		not_established	saturation_and_identifiability;alignment_and_copy_adequacy;selection_model_and_test_design
Aspergillus__4838864at2759__code1	10	1932	10	714	True	none_recorded	unchanged_by_declared_fcs_omission	10	1.0044765949123249	False	near_zero_nucleotide_tree_edge	not_established	saturation_and_identifiability;alignment_and_copy_adequacy;selection_model_and_test_design
Aspergillus__4843240at2759__code1	10	2016	10	850	True	none_recorded	unchanged_by_declared_fcs_omission	10	1.2430002407733138	False	near_zero_nucleotide_tree_edge	not_established	saturation_and_identifiability;alignment_and_copy_adequacy;selection_model_and_test_design
Aspergillus__4843824at2759__code1	10	564	9	168	True	none_recorded	unchanged_by_declared_fcs_omission	10	1.4056163574371023	False	near_zero_nucleotide_tree_edge	not_established	saturation_and_identifiability;alignment_and_copy_adequacy;selection_model_and_test_design
Aspergillus__4867008at2759__code1	10	522	10	226	True	none_recorded	unchanged_by_declared_fcs_omission	10	1.1166162205786285	False	near_zero_nucleotide_tree_edge	not_established	saturation_and_identifiability;alignment_and_copy_adequacy;selection_model_and_test_design
Aspergillus__4888252at2759__code1	10	2775	10	1091	True	none_recorded	unchanged_by_declared_fcs_omission	10	1.322974074167014	False	near_zero_nucleotide_tree_edge	not_established	saturation_and_identifiability;alignment_and_copy_adequacy;selection_model_and_test_design
Aspergillus__4896098at2759__code1	10	594	9	196	True	none_recorded	unchanged_by_declared_fcs_omission	10	1.2390214058681412	False	near_zero_nucleotide_tree_edge	not_established	saturation_and_identifiability;alignment_and_copy_adequacy;selection_model_and_test_design
Aspergillus__4900375at2759__code1	10	597	10	192	True	none_recorded	unchanged_by_declared_fcs_omission	10	0.41216055903509274	False	near_zero_nucleotide_tree_edge	not_established	saturation_and_identifiability;alignment_and_copy_adequacy;selection_model_and_test_design
Aspergillus__4908955at2759__code1	10	954	10	323	True	none_recorded	unchanged_by_declared_fcs_omission	10	1.3400338594068113	False	near_zero_nucleotide_tree_edge	not_established	saturation_and_identifiability;alignment_and_copy_adequacy;selection_model_and_test_design
Aspergillus__4911644at2759__code1	10	2892	10	944	True	none_recorded	unchanged_by_declared_fcs_omission	10	0.8236487749228882	False	near_zero_nucleotide_tree_edge	not_established	saturation_and_identifiability;alignment_and_copy_adequacy;selection_model_and_test_design
Aspergillus__4940884at2759__code1	10	2823	10	960	True	none_recorded	unchanged_by_declared_fcs_omission	10	1.0001014256401828	False	near_zero_nucleotide_tree_edge	not_established	saturation_and_identifiability;alignment_and_copy_adequacy;selection_model_and_test_design
Aspergillus__4969018at2759__code1	10	1371	10	413	True	none_recorded	unchanged_by_declared_fcs_omission	10	0.7074608523023954	False	near_zero_nucleotide_tree_edge	not_established	saturation_and_identifiability;alignment_and_copy_adequacy;selection_model_and_test_design
Aspergillus__4969636at2759__code1	9	1248	9	380	True	none_recorded	unchanged_by_declared_fcs_omission	9	0.868841077607758	False	near_zero_nucleotide_tree_edge	not_established	saturation_and_identifiability;alignment_and_copy_adequacy;selection_model_and_test_design
Aspergillus__4969990at2759__code1	10	1056	9	358	True	none_recorded	unchanged_by_declared_fcs_omission	10	0.9583725615825562	False	near_zero_nucleotide_tree_edge	not_established	saturation_and_identifiability;alignment_and_copy_adequacy;selection_model_and_test_design
Aspergillus__4970387at2759__code1	9	456	9	153	True	none_recorded	unchanged_by_declared_fcs_omission	9	0.9426954345734732	False		not_established	saturation_and_identifiability;alignment_and_copy_adequacy;selection_model_and_test_design
Aspergillus__4970538at2759__code1	10	2871	9	1152	True	none_recorded	unchanged_by_declared_fcs_omission	10	1.0913961670781396	False	near_zero_nucleotide_tree_edge	not_established	saturation_and_identifiability;alignment_and_copy_adequacy;selection_model_and_test_design
Aspergillus__4971272at2759__code1	10	1329	10	427	True	none_recorded	unchanged_by_declared_fcs_omission	10	1.007641229313583	False	near_zero_nucleotide_tree_edge	not_established	saturation_and_identifiability;alignment_and_copy_adequacy;selection_model_and_test_design
Aspergillus__4974767at2759__code1	10	435	10	132	True	none_recorded	unchanged_by_declared_fcs_omission	10	1.351120749035007	False	tree_parameter_boundary_warning;near_zero_nucleotide_tree_edge	not_established	saturation_and_identifiability;alignment_and_copy_adequacy;selection_model_and_test_design
Aspergillus__4975094at2759__code1	10	3030	9	1089	True	none_recorded	unchanged_by_declared_fcs_omission	10	1.383048556960115	False	near_zero_nucleotide_tree_edge	not_established	saturation_and_identifiability;alignment_and_copy_adequacy;selection_model_and_test_design
Aspergillus__4976279at2759__code1	10	1308	10	604	True	none_recorded	unchanged_by_declared_fcs_omission	10	2.017615323777871	False	near_zero_nucleotide_tree_edge	not_established	saturation_and_identifiability;alignment_and_copy_adequacy;selection_model_and_test_design
Aspergillus__4977163at2759__code1	10	561	10	201	True	none_recorded	unchanged_by_declared_fcs_omission	10	0.7774556636694883	False	near_zero_nucleotide_tree_edge	not_established	saturation_and_identifiability;alignment_and_copy_adequacy;selection_model_and_test_design
Aspergillus__4977863at2759__code1	9	1866	8	704	True	none_recorded	unchanged_by_declared_fcs_omission	9	1.0891622803576921	False	near_zero_nucleotide_tree_edge	not_established	saturation_and_identifiability;alignment_and_copy_adequacy;selection_model_and_test_design
Aspergillus__4983000at2759__code1	9	1470	9	485	True	none_recorded	unchanged_by_declared_fcs_omission	9	0.8308163150353662	False		not_established	saturation_and_identifiability;alignment_and_copy_adequacy;selection_model_and_test_design
Aspergillus__4985971at2759__code1	10	1047	9	355	True	none_recorded	unchanged_by_declared_fcs_omission	10	0.723723904724079	False	near_zero_nucleotide_tree_edge	not_established	saturation_and_identifiability;alignment_and_copy_adequacy;selection_model_and_test_design
Aspergillus__4986044at2759__code1	10	792	10	522	True	requires_gene_copy_reconciliation_before_confirmatory_single_ortholog_analysis	unchanged_by_declared_fcs_omission	10	54.940448638511896	False	copy_reconciliation_required;tree_pairwise_saturation_warning;near_zero_nucleotide_tree_edge	not_established	saturation_and_identifiability;alignment_and_copy_adequacy;selection_model_and_test_design
Aspergillus__4987397at2759__code1	9	2571	9	858	True	none_recorded	unchanged_by_declared_fcs_omission	9	1.1368283441591593	False	near_zero_nucleotide_tree_edge	not_established	saturation_and_identifiability;alignment_and_copy_adequacy;selection_model_and_test_design
Aspergillus__4988239at2759__code1	10	3117	10	1004	True	none_recorded	unchanged_by_declared_fcs_omission	10	0.8258242421202389	False	near_zero_nucleotide_tree_edge	not_established	saturation_and_identifiability;alignment_and_copy_adequacy;selection_model_and_test_design
Aspergillus__4999134at2759__code1	10	7008	10	1831	True	none_recorded	unchanged_by_declared_fcs_omission	10	0.8485625252895069	False	near_zero_nucleotide_tree_edge	not_established	saturation_and_identifiability;alignment_and_copy_adequacy;selection_model_and_test_design
Aspergillus__5000045at2759__code1	10	1143	9	304	True	none_recorded	unchanged_by_declared_fcs_omission	10	0.8587040670880944	False	near_zero_nucleotide_tree_edge	not_established	saturation_and_identifiability;alignment_and_copy_adequacy;selection_model_and_test_design
Aspergillus__5000152at2759__code1	10	3570	10	1192	True	none_recorded	unchanged_by_declared_fcs_omission	10	1.336024743220654	False		not_established	saturation_and_identifiability;alignment_and_copy_adequacy;selection_model_and_test_design
Aspergillus__5000362at2759__code1	10	2706	10	933	True	none_recorded	unchanged_by_declared_fcs_omission	10	1.195413741247156	False		not_established	saturation_and_identifiability;alignment_and_copy_adequacy;selection_model_and_test_design
Aspergillus__5000371at2759__code1	10	1254	9	561	True	none_recorded	unchanged_by_declared_fcs_omission	10	0.8420710016386352	False	near_zero_nucleotide_tree_edge	not_established	saturation_and_identifiability;alignment_and_copy_adequacy;selection_model_and_test_design
Aspergillus__5000452at2759__code1	9	861	9	277	True	none_recorded	unchanged_by_declared_fcs_omission	9	0.6422599943076466	False		not_established	saturation_and_identifiability;alignment_and_copy_adequacy;selection_model_and_test_design
Aspergillus__5000476at2759__code1	10	1161	9	366	True	none_recorded	unchanged_by_declared_fcs_omission	10	0.8914706223740726	False	near_zero_nucleotide_tree_edge	not_established	saturation_and_identifiability;alignment_and_copy_adequacy;selection_model_and_test_design
Aspergillus__5000743at2759__code1	10	540	10	160	True	none_recorded	unchanged_by_declared_fcs_omission	10	0.823897758994918	False	near_zero_nucleotide_tree_edge	not_established	saturation_and_identifiability;alignment_and_copy_adequacy;selection_model_and_test_design
Aspergillus__5000823at2759__code1	10	2859	10	766	True	none_recorded	unchanged_by_declared_fcs_omission	10	0.5872739992919578	False	near_zero_nucleotide_tree_edge	not_established	saturation_and_identifiability;alignment_and_copy_adequacy;selection_model_and_test_design
Aspergillus__5000870at2759__code1	10	2280	10	783	True	none_recorded	unchanged_by_declared_fcs_omission	10	0.8815798173903381	False		not_established	saturation_and_identifiability;alignment_and_copy_adequacy;selection_model_and_test_design
Aspergillus__5000986at2759__code1	10	1527	10	694	True	none_recorded	unchanged_by_declared_fcs_omission	10	1.2471812252211028	False	near_zero_nucleotide_tree_edge	not_established	saturation_and_identifiability;alignment_and_copy_adequacy;selection_model_and_test_design
Aspergillus__5001156at2759__code1	10	972	10	416	True	none_recorded	unchanged_by_declared_fcs_omission	10	1.4628963987808092	False		not_established	saturation_and_identifiability;alignment_and_copy_adequacy;selection_model_and_test_design
Aspergillus__5001273at2759__code1	10	732	9	269	True	none_recorded	unchanged_by_declared_fcs_omission	10	0.9880846127439955	False	near_zero_nucleotide_tree_edge	not_established	saturation_and_identifiability;alignment_and_copy_adequacy;selection_model_and_test_design
Aspergillus__5001280at2759__code1	10	2163	10	749	True	none_recorded	unchanged_by_declared_fcs_omission	10	0.8007643069034769	False	near_zero_nucleotide_tree_edge	not_established	saturation_and_identifiability;alignment_and_copy_adequacy;selection_model_and_test_design
Aspergillus__5001318at2759__code1	10	1275	10	487	True	none_recorded	unchanged_by_declared_fcs_omission	10	0.8900729901561357	False	near_zero_nucleotide_tree_edge	not_established	saturation_and_identifiability;alignment_and_copy_adequacy;selection_model_and_test_design
Aspergillus__5001413at2759__code1	10	840	9	291	True	none_recorded	unchanged_by_declared_fcs_omission	10	0.9217225094796251	False	near_zero_nucleotide_tree_edge	not_established	saturation_and_identifiability;alignment_and_copy_adequacy;selection_model_and_test_design
Aspergillus__5001473at2759__code1	9	360	9	101	True	none_recorded	unchanged_by_declared_fcs_omission	9	0.6001121428965855	False		not_established	saturation_and_identifiability;alignment_and_copy_adequacy;selection_model_and_test_design
Aspergillus__5001660at2759__code1	10	1908	9	543	True	none_recorded	unchanged_by_declared_fcs_omission	10	0.8367693644624296	False	near_zero_nucleotide_tree_edge	not_established	saturation_and_identifiability;alignment_and_copy_adequacy;selection_model_and_test_design
Aspergillus__5001734at2759__code1	10	684	9	198	True	none_recorded	unchanged_by_declared_fcs_omission	10	1.015653437942478	False	near_zero_nucleotide_tree_edge	not_established	saturation_and_identifiability;alignment_and_copy_adequacy;selection_model_and_test_design
Aspergillus__5001941at2759__code1	10	2301	10	827	True	none_recorded	unchanged_by_declared_fcs_omission	10	1.0735833835926514	False	near_zero_nucleotide_tree_edge	not_established	saturation_and_identifiability;alignment_and_copy_adequacy;selection_model_and_test_design
Aspergillus__5002334at2759__code1	10	1104	10	428	True	none_recorded	unchanged_by_declared_fcs_omission	10	1.42788461807392	False	near_zero_nucleotide_tree_edge	not_established	saturation_and_identifiability;alignment_and_copy_adequacy;selection_model_and_test_design
Aspergillus__5002573at2759__code1	10	1125	10	407	True	none_recorded	unchanged_by_declared_fcs_omission	10	1.3742681333972655	False	near_zero_nucleotide_tree_edge	not_established	saturation_and_identifiability;alignment_and_copy_adequacy;selection_model_and_test_design
Aspergillus__5003022at2759__code1	10	2526	10	849	True	none_recorded	unchanged_by_declared_fcs_omission	10	0.8251893226766565	False	near_zero_nucleotide_tree_edge	not_established	saturation_and_identifiability;alignment_and_copy_adequacy;selection_model_and_test_design
Aspergillus__5003192at2759__code1	10	1416	10	546	True	none_recorded	unchanged_by_declared_fcs_omission	10	1.0296493567953198	False	near_zero_nucleotide_tree_edge	not_established	saturation_and_identifiability;alignment_and_copy_adequacy;selection_model_and_test_design
Aspergillus__5003205at2759__code1	10	4128	10	1507	True	none_recorded	unchanged_by_declared_fcs_omission	10	0.9763579049592679	False	near_zero_nucleotide_tree_edge	not_established	saturation_and_identifiability;alignment_and_copy_adequacy;selection_model_and_test_design
Aspergillus__5003856at2759__code1	10	912	10	351	True	none_recorded	unchanged_by_declared_fcs_omission	10	1.1184827246374343	False	near_zero_nucleotide_tree_edge	not_established	saturation_and_identifiability;alignment_and_copy_adequacy;selection_model_and_test_design
Aspergillus__5003972at2759__code1	10	765	9	284	True	none_recorded	unchanged_by_declared_fcs_omission	10	0.8463940116892444	False	near_zero_nucleotide_tree_edge	not_established	saturation_and_identifiability;alignment_and_copy_adequacy;selection_model_and_test_design
Aspergillus__5004118at2759__code1	10	657	10	242	True	none_recorded	unchanged_by_declared_fcs_omission	10	0.6409004409392718	False	near_zero_nucleotide_tree_edge	not_established	saturation_and_identifiability;alignment_and_copy_adequacy;selection_model_and_test_design
Aspergillus__5004265at2759__code1	10	879	9	248	True	none_recorded	unchanged_by_declared_fcs_omission	10	0.7654117790623158	False	near_zero_nucleotide_tree_edge	not_established	saturation_and_identifiability;alignment_and_copy_adequacy;selection_model_and_test_design
Aspergillus__5004327at2759__code1	10	2373	10	1000	True	none_recorded	unchanged_by_declared_fcs_omission	10	1.1562997536616975	False	near_zero_nucleotide_tree_edge	not_established	saturation_and_identifiability;alignment_and_copy_adequacy;selection_model_and_test_design
Aspergillus__5004391at2759__code1	10	3057	10	932	True	none_recorded	unchanged_by_declared_fcs_omission	10	0.7090290392992561	False	near_zero_nucleotide_tree_edge	not_established	saturation_and_identifiability;alignment_and_copy_adequacy;selection_model_and_test_design
Aspergillus__5004478at2759__code1	10	1233	10	443	True	none_recorded	unchanged_by_declared_fcs_omission	10	1.4401976703188557	False	near_zero_nucleotide_tree_edge	not_established	saturation_and_identifiability;alignment_and_copy_adequacy;selection_model_and_test_design
Aspergillus__5004599at2759__code1	10	2181	9	784	True	none_recorded	unchanged_by_declared_fcs_omission	10	1.1606938551414985	False	near_zero_nucleotide_tree_edge	not_established	saturation_and_identifiability;alignment_and_copy_adequacy;selection_model_and_test_design
Aspergillus__5005010at2759__code1	10	342	10	114	True	none_recorded	unchanged_by_declared_fcs_omission	10	18.69491553295662	False	tree_pairwise_saturation_warning;near_zero_nucleotide_tree_edge	not_established	saturation_and_identifiability;alignment_and_copy_adequacy;selection_model_and_test_design
Aspergillus__5005174at2759__code1	10	531	9	165	True	none_recorded	unchanged_by_declared_fcs_omission	10	0.8977349950011108	False	near_zero_nucleotide_tree_edge	not_established	saturation_and_identifiability;alignment_and_copy_adequacy;selection_model_and_test_design
Aspergillus__5005196at2759__code1	10	1326	10	441	True	none_recorded	unchanged_by_declared_fcs_omission	10	1.0209335348467918	False		not_established	saturation_and_identifiability;alignment_and_copy_adequacy;selection_model_and_test_design
Aspergillus__5005215at2759__code1	10	1770	9	573	True	none_recorded	unchanged_by_declared_fcs_omission	10	0.8299233395630503	False	near_zero_nucleotide_tree_edge	not_established	saturation_and_identifiability;alignment_and_copy_adequacy;selection_model_and_test_design
Aspergillus__5005217at2759__code1	10	1416	10	532	True	none_recorded	unchanged_by_declared_fcs_omission	10	0.9587412522766486	False	near_zero_nucleotide_tree_edge	not_established	saturation_and_identifiability;alignment_and_copy_adequacy;selection_model_and_test_design
Aspergillus__5005274at2759__code1	10	1011	10	377	True	none_recorded	unchanged_by_declared_fcs_omission	10	0.7526991580003213	False	near_zero_nucleotide_tree_edge	not_established	saturation_and_identifiability;alignment_and_copy_adequacy;selection_model_and_test_design
Aspergillus__5005697at2759__code1	10	1728	10	598	True	none_recorded	unchanged_by_declared_fcs_omission	10	0.9970687257836561	False	near_zero_nucleotide_tree_edge	not_established	saturation_and_identifiability;alignment_and_copy_adequacy;selection_model_and_test_design
Aspergillus__5005750at2759__code1	10	423	10	124	True	none_recorded	unchanged_by_declared_fcs_omission	10	0.9792930570095058	False	near_zero_nucleotide_tree_edge	not_established	saturation_and_identifiability;alignment_and_copy_adequacy;selection_model_and_test_design
Aspergillus__5005892at2759__code1	10	1080	10	398	True	none_recorded	unchanged_by_declared_fcs_omission	10	1.5130506898136709	False	near_zero_nucleotide_tree_edge	not_established	saturation_and_identifiability;alignment_and_copy_adequacy;selection_model_and_test_design
Aspergillus__5006326at2759__code1	10	1776	10	551	True	none_recorded	unchanged_by_declared_fcs_omission	10	1.034762765400142	False	near_zero_nucleotide_tree_edge	not_established	saturation_and_identifiability;alignment_and_copy_adequacy;selection_model_and_test_design
Aspergillus__5006412at2759__code1	10	1614	10	806	True	none_recorded	unchanged_by_declared_fcs_omission	10	1.3433330446453178	False	near_zero_nucleotide_tree_edge	not_established	saturation_and_identifiability;alignment_and_copy_adequacy;selection_model_and_test_design
Aspergillus__5011777at2759__code1	10	2088	10	887	True	none_recorded	unchanged_by_declared_fcs_omission	10	1.2740053063999761	False	near_zero_nucleotide_tree_edge	not_established	saturation_and_identifiability;alignment_and_copy_adequacy;selection_model_and_test_design
Aspergillus__5013042at2759__code1	10	1191	10	439	True	none_recorded	unchanged_by_declared_fcs_omission	10	0.9814293297423742	False	near_zero_nucleotide_tree_edge	not_established	saturation_and_identifiability;alignment_and_copy_adequacy;selection_model_and_test_design
Aspergillus__5013067at2759__code1	10	984	9	230	True	none_recorded	unchanged_by_declared_fcs_omission	10	0.4985767328942904	False	near_zero_nucleotide_tree_edge	not_established	saturation_and_identifiability;alignment_and_copy_adequacy;selection_model_and_test_design
Aspergillus__5013259at2759__code1	9	492	9	141	True	none_recorded	unchanged_by_declared_fcs_omission	9	0.8206133866008128	False		not_established	saturation_and_identifiability;alignment_and_copy_adequacy;selection_model_and_test_design
Aspergillus__5013539at2759__code1	10	858	10	286	True	none_recorded	unchanged_by_declared_fcs_omission	10	1.3339313468320726	False	near_zero_nucleotide_tree_edge	not_established	saturation_and_identifiability;alignment_and_copy_adequacy;selection_model_and_test_design
Aspergillus__5013726at2759__code1	10	549	10	202	True	none_recorded	unchanged_by_declared_fcs_omission	10	0.8960894255889497	False	near_zero_nucleotide_tree_edge	not_established	saturation_and_identifiability;alignment_and_copy_adequacy;selection_model_and_test_design
Aspergillus__5013738at2759__code1	10	732	10	309	True	none_recorded	unchanged_by_declared_fcs_omission	10	1.4456962969340068	False	near_zero_nucleotide_tree_edge	not_established	saturation_and_identifiability;alignment_and_copy_adequacy;selection_model_and_test_design
Aspergillus__5013992at2759__code1	10	2445	10	756	True	none_recorded	unchanged_by_declared_fcs_omission	10	0.8628697381460824	False		not_established	saturation_and_identifiability;alignment_and_copy_adequacy;selection_model_and_test_design
Aspergillus__5014007at2759__code1	10	1770	10	670	True	none_recorded	unchanged_by_declared_fcs_omission	10	0.9651224741294339	False		not_established	saturation_and_identifiability;alignment_and_copy_adequacy;selection_model_and_test_design
Aspergillus__5015403at2759__code1	10	1284	10	437	True	none_recorded	unchanged_by_declared_fcs_omission	10	1.0424010426132702	False		not_established	saturation_and_identifiability;alignment_and_copy_adequacy;selection_model_and_test_design
Aspergillus__5015647at2759__code1	10	2592	10	960	True	none_recorded	unchanged_by_declared_fcs_omission	10	1.1427674750508068	False	near_zero_nucleotide_tree_edge	not_established	saturation_and_identifiability;alignment_and_copy_adequacy;selection_model_and_test_design
Aspergillus__5015712at2759__code1	10	1434	10	524	True	none_recorded	unchanged_by_declared_fcs_omission	10	1.230113030891086	False		not_established	saturation_and_identifiability;alignment_and_copy_adequacy;selection_model_and_test_design
Aspergillus__5015742at2759__code1	10	1422	10	510	True	none_recorded	unchanged_by_declared_fcs_omission	10	1.3457736373914868	False		not_established	saturation_and_identifiability;alignment_and_copy_adequacy;selection_model_and_test_design
Aspergillus__5015876at2759__code1	10	1542	10	563	True	none_recorded	unchanged_by_declared_fcs_omission	10	0.8805815182061805	False	near_zero_nucleotide_tree_edge	not_established	saturation_and_identifiability;alignment_and_copy_adequacy;selection_model_and_test_design
Aspergillus__5017019at2759__code1	10	1170	10	524	True	none_recorded	unchanged_by_declared_fcs_omission	10	1.0904040195928917	False	near_zero_nucleotide_tree_edge	not_established	saturation_and_identifiability;alignment_and_copy_adequacy;selection_model_and_test_design
Aspergillus__5018803at2759__code1	10	2652	10	1021	True	none_recorded	unchanged_by_declared_fcs_omission	10	1.2193135061600386	False		not_established	saturation_and_identifiability;alignment_and_copy_adequacy;selection_model_and_test_design
Aspergillus__529759at2759__code1	10	729	10	203	True	none_recorded	unchanged_by_declared_fcs_omission	10	0.5800231657864569	False	near_zero_nucleotide_tree_edge	not_established	saturation_and_identifiability;alignment_and_copy_adequacy;selection_model_and_test_design
Aspergillus__530014at2759__code1	10	2559	10	965	True	none_recorded	unchanged_by_declared_fcs_omission	10	0.9680915537616315	False	near_zero_nucleotide_tree_edge	not_established	saturation_and_identifiability;alignment_and_copy_adequacy;selection_model_and_test_design
Aspergillus__530740at2759__code1	10	879	10	380	True	none_recorded	unchanged_by_declared_fcs_omission	10	3.5796277838379607	False	near_zero_nucleotide_tree_edge	not_established	saturation_and_identifiability;alignment_and_copy_adequacy;selection_model_and_test_design
Aspergillus__538728at2759__code1	10	1563	9	650	True	none_recorded	unchanged_by_declared_fcs_omission	10	1.3624809395212618	False	near_zero_nucleotide_tree_edge	not_established	saturation_and_identifiability;alignment_and_copy_adequacy;selection_model_and_test_design
Aspergillus__538952at2759__code1	10	1503	10	564	True	none_recorded	unchanged_by_declared_fcs_omission	10	1.1615293432099814	False	near_zero_nucleotide_tree_edge	not_established	saturation_and_identifiability;alignment_and_copy_adequacy;selection_model_and_test_design
Aspergillus__539632at2759__code1	10	915	10	236	True	none_recorded	unchanged_by_declared_fcs_omission	10	0.5697046694660062	False	near_zero_nucleotide_tree_edge	not_established	saturation_and_identifiability;alignment_and_copy_adequacy;selection_model_and_test_design
Aspergillus__540946at2759__code1	10	1299	10	467	True	none_recorded	unchanged_by_declared_fcs_omission	10	1.0893801822965385	False		not_established	saturation_and_identifiability;alignment_and_copy_adequacy;selection_model_and_test_design
Aspergillus__541070at2759__code1	9	714	9	241	True	none_recorded	unchanged_by_declared_fcs_omission	9	0.5781270362143712	False		not_established	saturation_and_identifiability;alignment_and_copy_adequacy;selection_model_and_test_design
Aspergillus__554735at2759__code1	10	756	10	204	True	none_recorded	unchanged_by_declared_fcs_omission	10	0.5890355291904772	False		not_established	saturation_and_identifiability;alignment_and_copy_adequacy;selection_model_and_test_design
Aspergillus__649304at2759__code1	10	933	10	345	True	none_recorded	unchanged_by_declared_fcs_omission	10	0.8776568618720251	False	near_zero_nucleotide_tree_edge	not_established	saturation_and_identifiability;alignment_and_copy_adequacy;selection_model_and_test_design
Aspergillus__707076at2759__code1	10	783	9	274	True	none_recorded	unchanged_by_declared_fcs_omission	10	1.3072048323501801	False	near_zero_nucleotide_tree_edge	not_established	saturation_and_identifiability;alignment_and_copy_adequacy;selection_model_and_test_design
Aspergillus__707202at2759__code1	10	1065	9	382	True	none_recorded	unchanged_by_declared_fcs_omission	10	0.9840373787913881	False	near_zero_nucleotide_tree_edge	not_established	saturation_and_identifiability;alignment_and_copy_adequacy;selection_model_and_test_design
Aspergillus__727964at2759__code1	10	1335	10	540	True	none_recorded	unchanged_by_declared_fcs_omission	10	1.5952271274277086	False	near_zero_nucleotide_tree_edge	not_established	saturation_and_identifiability;alignment_and_copy_adequacy;selection_model_and_test_design
Aspergillus__730114at2759__code1	10	1605	10	523	True	none_recorded	unchanged_by_declared_fcs_omission	10	0.941664905202912	False	near_zero_nucleotide_tree_edge	not_established	saturation_and_identifiability;alignment_and_copy_adequacy;selection_model_and_test_design
Aspergillus__760428at2759__code1	10	1164	10	462	True	none_recorded	unchanged_by_declared_fcs_omission	10	0.9901777718996887	False	near_zero_nucleotide_tree_edge	not_established	saturation_and_identifiability;alignment_and_copy_adequacy;selection_model_and_test_design
Aspergillus__776280at2759__code1	10	1476	9	688	True	none_recorded	unchanged_by_declared_fcs_omission	10	1.7951616740410046	False	near_zero_nucleotide_tree_edge	not_established	saturation_and_identifiability;alignment_and_copy_adequacy;selection_model_and_test_design
Aspergillus__801816at2759__code1	10	558	10	178	True	none_recorded	unchanged_by_declared_fcs_omission	10	1.1016439008321972	False	tree_parameter_boundary_warning;near_zero_nucleotide_tree_edge	not_established	saturation_and_identifiability;alignment_and_copy_adequacy;selection_model_and_test_design
Candida__115730at2759__code12	4	693	4	26	True	none_recorded	unchanged_by_declared_fcs_omission	4	0.8762907087573741	False		not_established	saturation_and_identifiability;alignment_and_copy_adequacy;selection_model_and_test_design
Candida__160487at2759__code12	4	2610	4	147	True	none_recorded	unchanged_by_declared_fcs_omission	4	0.4806980844424622	False		not_established	saturation_and_identifiability;alignment_and_copy_adequacy;selection_model_and_test_design
Candida__207567at2759__code12	4	540	4	22	True	none_recorded	unchanged_by_declared_fcs_omission	4	1.2243346337440575	False		not_established	saturation_and_identifiability;alignment_and_copy_adequacy;selection_model_and_test_design
Candida__260326at2759__code12	4	510	4	28	True	none_recorded	unchanged_by_declared_fcs_omission	4	1.975651370480064	False	tree_parameter_boundary_warning;tree_nni_convergence_warning	not_established	saturation_and_identifiability;alignment_and_copy_adequacy;selection_model_and_test_design
Candida__2852757at2759__code12	4	1398	4	129	True	none_recorded	unchanged_by_declared_fcs_omission	4	0.7891979903915259	False		not_established	saturation_and_identifiability;alignment_and_copy_adequacy;selection_model_and_test_design
Candida__288615at2759__code12	4	1794	4	125	True	none_recorded	unchanged_by_declared_fcs_omission	4	1.5755994630021055	False		not_established	saturation_and_identifiability;alignment_and_copy_adequacy;selection_model_and_test_design
Candida__319730at2759__code12	4	1335	4	76	True	none_recorded	unchanged_by_declared_fcs_omission	4	0.3705043093891437	False		not_established	saturation_and_identifiability;alignment_and_copy_adequacy;selection_model_and_test_design
Candida__345792at2759__code12	4	840	4	41	True	none_recorded	unchanged_by_declared_fcs_omission	4	0.26840917465914615	False		not_established	saturation_and_identifiability;alignment_and_copy_adequacy;selection_model_and_test_design
Candida__4613677at2759__code12	4	348	4	42	True	none_recorded	unchanged_by_declared_fcs_omission	4	1.1385541174302805	False		not_established	saturation_and_identifiability;alignment_and_copy_adequacy;selection_model_and_test_design
Candida__4695236at2759__code12	4	3195	4	229	True	none_recorded	unchanged_by_declared_fcs_omission	4	0.5054215820278738	False		not_established	saturation_and_identifiability;alignment_and_copy_adequacy;selection_model_and_test_design
Candida__4747214at2759__code12	4	414	4	21	True	none_recorded	unchanged_by_declared_fcs_omission	4	0.39338841698414434	False		not_established	saturation_and_identifiability;alignment_and_copy_adequacy;selection_model_and_test_design
Candida__4764044at2759__code12	4	1200	4	89	True	none_recorded	unchanged_by_declared_fcs_omission	4	0.8133044681162452	False		not_established	saturation_and_identifiability;alignment_and_copy_adequacy;selection_model_and_test_design
Candida__4810093at2759__code12	4	2226	4	166	True	none_recorded	unchanged_by_declared_fcs_omission	4	0.9288605395442284	False		not_established	saturation_and_identifiability;alignment_and_copy_adequacy;selection_model_and_test_design
Candida__4823929at2759__code12	4	1200	4	123	True	none_recorded	unchanged_by_declared_fcs_omission	4	1.4952261679699856	False		not_established	saturation_and_identifiability;alignment_and_copy_adequacy;selection_model_and_test_design
Candida__4837017at2759__code12	4	666	4	47	True	none_recorded	unchanged_by_declared_fcs_omission	4	0.6735495754953845	False		not_established	saturation_and_identifiability;alignment_and_copy_adequacy;selection_model_and_test_design
Candida__4838864at2759__code12	4	1848	4	188	True	none_recorded	unchanged_by_declared_fcs_omission	4	1.5135914043517784	False		not_established	saturation_and_identifiability;alignment_and_copy_adequacy;selection_model_and_test_design
Candida__4843240at2759__code12	4	1887	4	216	True	none_recorded	unchanged_by_declared_fcs_omission	4	2.1785622358936423	False		not_established	saturation_and_identifiability;alignment_and_copy_adequacy;selection_model_and_test_design
Candida__4843824at2759__code12	4	570	4	41	True	none_recorded	unchanged_by_declared_fcs_omission	4	1.5191101010220123	False		not_established	saturation_and_identifiability;alignment_and_copy_adequacy;selection_model_and_test_design
Candida__4867008at2759__code12	4	537	4	41	True	none_recorded	unchanged_by_declared_fcs_omission	4	0.9016136664741056	False		not_established	saturation_and_identifiability;alignment_and_copy_adequacy;selection_model_and_test_design
Candida__4888252at2759__code12	4	2496	4	249	True	none_recorded	unchanged_by_declared_fcs_omission	4	2.204588155444958	False		not_established	saturation_and_identifiability;alignment_and_copy_adequacy;selection_model_and_test_design
Candida__4896098at2759__code12	4	570	4	49	True	none_recorded	unchanged_by_declared_fcs_omission	4	1.788234785884199	False		not_established	saturation_and_identifiability;alignment_and_copy_adequacy;selection_model_and_test_design
Candida__4900375at2759__code12	4	624	4	74	True	none_recorded	unchanged_by_declared_fcs_omission	4	2.8987907871744327	False		not_established	saturation_and_identifiability;alignment_and_copy_adequacy;selection_model_and_test_design
Candida__4908955at2759__code12	4	795	4	49	True	none_recorded	unchanged_by_declared_fcs_omission	4	29.79333149346538	False	near_zero_nucleotide_tree_edge	not_established	saturation_and_identifiability;alignment_and_copy_adequacy;selection_model_and_test_design
Candida__4911644at2759__code12	4	2280	4	154	True	none_recorded	unchanged_by_declared_fcs_omission	4	0.5634089259907322	False		not_established	saturation_and_identifiability;alignment_and_copy_adequacy;selection_model_and_test_design
Candida__4969018at2759__code12	4	1374	4	69	True	none_recorded	unchanged_by_declared_fcs_omission	4	0.3562899614226745	False		not_established	saturation_and_identifiability;alignment_and_copy_adequacy;selection_model_and_test_design
Candida__4969990at2759__code12	4	1035	4	118	True	none_recorded	unchanged_by_declared_fcs_omission	4	1.2051593498693887	False		not_established	saturation_and_identifiability;alignment_and_copy_adequacy;selection_model_and_test_design
Candida__4970387at2759__code12	4	450	4	51	True	none_recorded	unchanged_by_declared_fcs_omission	4	0.9717158394848222	False		not_established	saturation_and_identifiability;alignment_and_copy_adequacy;selection_model_and_test_design
Candida__4970538at2759__code12	4	2784	4	201	True	none_recorded	unchanged_by_declared_fcs_omission	4	0.6476393627153607	False		not_established	saturation_and_identifiability;alignment_and_copy_adequacy;selection_model_and_test_design
Candida__4971272at2759__code12	4	1287	4	115	True	none_recorded	unchanged_by_declared_fcs_omission	4	1.1942028782529308	False		not_established	saturation_and_identifiability;alignment_and_copy_adequacy;selection_model_and_test_design
Candida__4974767at2759__code12	4	432	4	35	True	none_recorded	unchanged_by_declared_fcs_omission	4	1.536493079643169	False		not_established	saturation_and_identifiability;alignment_and_copy_adequacy;selection_model_and_test_design
Candida__4975094at2759__code12	4	2877	4	209	True	none_recorded	unchanged_by_declared_fcs_omission	4	0.602214409097162	False		not_established	saturation_and_identifiability;alignment_and_copy_adequacy;selection_model_and_test_design
Candida__4976279at2759__code12	4	1164	4	143	True	none_recorded	unchanged_by_declared_fcs_omission	4	1.7308838646269502	False		not_established	saturation_and_identifiability;alignment_and_copy_adequacy;selection_model_and_test_design
Candida__4977163at2759__code12	4	555	4	42	True	none_recorded	unchanged_by_declared_fcs_omission	4	1.1372019237187851	False		not_established	saturation_and_identifiability;alignment_and_copy_adequacy;selection_model_and_test_design
Candida__4977863at2759__code12	4	1683	4	131	True	none_recorded	unchanged_by_declared_fcs_omission	4	0.8538695484561009	False		not_established	saturation_and_identifiability;alignment_and_copy_adequacy;selection_model_and_test_design
Candida__4983000at2759__code12	4	1122	4	76	True	none_recorded	unchanged_by_declared_fcs_omission	4	1.6134045509475925	False		not_established	saturation_and_identifiability;alignment_and_copy_adequacy;selection_model_and_test_design
Candida__4985971at2759__code12	4	1026	4	75	True	none_recorded	unchanged_by_declared_fcs_omission	4	1.0318301044601803	False		not_established	saturation_and_identifiability;alignment_and_copy_adequacy;selection_model_and_test_design
Candida__4986044at2759__code12	4	1347	4	118	True	requires_gene_copy_reconciliation_before_confirmatory_single_ortholog_analysis	unchanged_by_declared_fcs_omission	4	0.9146279981124475	False	copy_reconciliation_required	not_established	saturation_and_identifiability;alignment_and_copy_adequacy;selection_model_and_test_design
Candida__4987397at2759__code12	4	2499	4	149	True	none_recorded	unchanged_by_declared_fcs_omission	4	0.5108102620226265	False		not_established	saturation_and_identifiability;alignment_and_copy_adequacy;selection_model_and_test_design
Candida__4988239at2759__code12	4	3066	4	261	True	none_recorded	unchanged_by_declared_fcs_omission	4	0.8872108370126881	False		not_established	saturation_and_identifiability;alignment_and_copy_adequacy;selection_model_and_test_design
Candida__4999134at2759__code12	4	6792	4	588	True	none_recorded	unchanged_by_declared_fcs_omission	4	1.3060725796742998	False		not_established	saturation_and_identifiability;alignment_and_copy_adequacy;selection_model_and_test_design
Candida__5000045at2759__code12	4	1041	4	145	True	none_recorded	unchanged_by_declared_fcs_omission	4	1.458203316674668	False		not_established	saturation_and_identifiability;alignment_and_copy_adequacy;selection_model_and_test_design
Candida__5000152at2759__code12	4	2409	4	207	True	none_recorded	unchanged_by_declared_fcs_omission	4	17.1011890947657	False		not_established	saturation_and_identifiability;alignment_and_copy_adequacy;selection_model_and_test_design
Candida__5000362at2759__code12	4	2022	4	245	True	none_recorded	unchanged_by_declared_fcs_omission	4	1.2604044152470122	False		not_established	saturation_and_identifiability;alignment_and_copy_adequacy;selection_model_and_test_design
Candida__5000371at2759__code12	4	1230	4	125	True	none_recorded	unchanged_by_declared_fcs_omission	4	1.795441688964769	False		not_established	saturation_and_identifiability;alignment_and_copy_adequacy;selection_model_and_test_design
Candida__5000476at2759__code12	4	1152	4	111	True	none_recorded	unchanged_by_declared_fcs_omission	4	0.921288895902035	False		not_established	saturation_and_identifiability;alignment_and_copy_adequacy;selection_model_and_test_design
Candida__5000743at2759__code12	4	432	4	18	True	none_recorded	unchanged_by_declared_fcs_omission	4	25.885526979304817	False	tree_nni_convergence_warning	not_established	saturation_and_identifiability;alignment_and_copy_adequacy;selection_model_and_test_design
Candida__5000823at2759__code12	4	2244	4	160	True	none_recorded	unchanged_by_declared_fcs_omission	4	0.43900212692772056	False		not_established	saturation_and_identifiability;alignment_and_copy_adequacy;selection_model_and_test_design
Candida__5000986at2759__code12	4	1455	4	164	True	none_recorded	unchanged_by_declared_fcs_omission	4	1.3047193443437122	False		not_established	saturation_and_identifiability;alignment_and_copy_adequacy;selection_model_and_test_design
Candida__5001156at2759__code12	4	933	4	101	True	none_recorded	unchanged_by_declared_fcs_omission	4	1.3681721681459684	False		not_established	saturation_and_identifiability;alignment_and_copy_adequacy;selection_model_and_test_design
Candida__5001273at2759__code12	4	645	4	51	True	none_recorded	unchanged_by_declared_fcs_omission	4	4.210931827705677	False		not_established	saturation_and_identifiability;alignment_and_copy_adequacy;selection_model_and_test_design
Candida__5001280at2759__code12	4	2010	4	246	True	none_recorded	unchanged_by_declared_fcs_omission	4	2.1973292889419764	False		not_established	saturation_and_identifiability;alignment_and_copy_adequacy;selection_model_and_test_design
Candida__5001473at2759__code12	4	348	4	15	True	none_recorded	unchanged_by_declared_fcs_omission	4	0.533165970630548	False		not_established	saturation_and_identifiability;alignment_and_copy_adequacy;selection_model_and_test_design
Candida__5001660at2759__code12	4	1884	4	107	True	none_recorded	unchanged_by_declared_fcs_omission	4	0.4244957782422841	False		not_established	saturation_and_identifiability;alignment_and_copy_adequacy;selection_model_and_test_design
Candida__5002334at2759__code12	4	1011	4	96	True	none_recorded	unchanged_by_declared_fcs_omission	4	1.381172527488963	False		not_established	saturation_and_identifiability;alignment_and_copy_adequacy;selection_model_and_test_design
Candida__5002573at2759__code12	4	1131	4	93	True	none_recorded	unchanged_by_declared_fcs_omission	4	0.9604166329762318	False		not_established	saturation_and_identifiability;alignment_and_copy_adequacy;selection_model_and_test_design
Candida__5003205at2759__code12	4	3864	4	417	True	none_recorded	unchanged_by_declared_fcs_omission	4	1.3451486622882576	False		not_established	saturation_and_identifiability;alignment_and_copy_adequacy;selection_model_and_test_design
Candida__5003856at2759__code12	4	786	4	48	True	none_recorded	unchanged_by_declared_fcs_omission	4	0.947651074066536	False		not_established	saturation_and_identifiability;alignment_and_copy_adequacy;selection_model_and_test_design
Candida__5003972at2759__code12	4	687	4	46	True	none_recorded	unchanged_by_declared_fcs_omission	4	0.7624435291849917	False		not_established	saturation_and_identifiability;alignment_and_copy_adequacy;selection_model_and_test_design
Candida__5004118at2759__code12	4	696	4	62	True	none_recorded	unchanged_by_declared_fcs_omission	4	1.5891408229624602	False		not_established	saturation_and_identifiability;alignment_and_copy_adequacy;selection_model_and_test_design
Candida__5004265at2759__code12	4	774	4	61	True	none_recorded	unchanged_by_declared_fcs_omission	4	0.821824605817653	False		not_established	saturation_and_identifiability;alignment_and_copy_adequacy;selection_model_and_test_design
Candida__5004327at2759__code12	4	2271	4	214	True	none_recorded	unchanged_by_declared_fcs_omission	4	1.056725839111193	False		not_established	saturation_and_identifiability;alignment_and_copy_adequacy;selection_model_and_test_design
Candida__5004391at2759__code12	4	2748	4	202	True	none_recorded	unchanged_by_declared_fcs_omission	4	0.5301132827880475	False		not_established	saturation_and_identifiability;alignment_and_copy_adequacy;selection_model_and_test_design
Candida__5004599at2759__code12	4	2133	4	146	True	none_recorded	unchanged_by_declared_fcs_omission	4	0.716019033155394	False		not_established	saturation_and_identifiability;alignment_and_copy_adequacy;selection_model_and_test_design
Candida__5005010at2759__code12	4	330	4	29	True	none_recorded	unchanged_by_declared_fcs_omission	4	0.6888464509699656	False		not_established	saturation_and_identifiability;alignment_and_copy_adequacy;selection_model_and_test_design
Candida__5005174at2759__code12	4	516	4	29	True	none_recorded	unchanged_by_declared_fcs_omission	4	0.7730172599921105	False		not_established	saturation_and_identifiability;alignment_and_copy_adequacy;selection_model_and_test_design
Candida__5005215at2759__code12	4	1665	4	151	True	none_recorded	unchanged_by_declared_fcs_omission	4	0.864520690329972	False		not_established	saturation_and_identifiability;alignment_and_copy_adequacy;selection_model_and_test_design
Candida__5005274at2759__code12	4	960	4	59	True	none_recorded	unchanged_by_declared_fcs_omission	4	0.33125536815767426	False		not_established	saturation_and_identifiability;alignment_and_copy_adequacy;selection_model_and_test_design
Candida__5005697at2759__code12	4	1380	4	136	True	none_recorded	unchanged_by_declared_fcs_omission	4	1.2084199662838742	False		not_established	saturation_and_identifiability;alignment_and_copy_adequacy;selection_model_and_test_design
Candida__5005750at2759__code12	4	465	4	31	True	none_recorded	unchanged_by_declared_fcs_omission	4	8.062004307416434	False	tree_parameter_boundary_warning	not_established	saturation_and_identifiability;alignment_and_copy_adequacy;selection_model_and_test_design
Candida__5005892at2759__code12	4	1065	4	90	True	none_recorded	unchanged_by_declared_fcs_omission	4	1.0736387063690778	False		not_established	saturation_and_identifiability;alignment_and_copy_adequacy;selection_model_and_test_design
Candida__5006326at2759__code12	4	1749	4	140	True	none_recorded	unchanged_by_declared_fcs_omission	4	0.6481913413878383	False		not_established	saturation_and_identifiability;alignment_and_copy_adequacy;selection_model_and_test_design
Candida__5011777at2759__code12	4	1770	4	203	True	none_recorded	unchanged_by_declared_fcs_omission	4	2.0084130724714204	False		not_established	saturation_and_identifiability;alignment_and_copy_adequacy;selection_model_and_test_design
Candida__5013067at2759__code12	4	990	4	66	True	none_recorded	unchanged_by_declared_fcs_omission	4	0.649917899286016	False		not_established	saturation_and_identifiability;alignment_and_copy_adequacy;selection_model_and_test_design
Candida__5013259at2759__code12	4	486	4	29	True	none_recorded	unchanged_by_declared_fcs_omission	4	0.6267129706881992	False		not_established	saturation_and_identifiability;alignment_and_copy_adequacy;selection_model_and_test_design
Candida__5013539at2759__code12	4	840	4	31	True	none_recorded	unchanged_by_declared_fcs_omission	4	0.43692183310543986	False		not_established	saturation_and_identifiability;alignment_and_copy_adequacy;selection_model_and_test_design
Candida__5013726at2759__code12	4	549	4	18	True	none_recorded	unchanged_by_declared_fcs_omission	4	0.7717315786358026	False		not_established	saturation_and_identifiability;alignment_and_copy_adequacy;selection_model_and_test_design
Candida__5014007at2759__code12	4	1557	4	144	True	none_recorded	unchanged_by_declared_fcs_omission	4	0.9409756046342176	False		not_established	saturation_and_identifiability;alignment_and_copy_adequacy;selection_model_and_test_design
Candida__5015403at2759__code12	4	1245	4	158	True	none_recorded	unchanged_by_declared_fcs_omission	4	1.83499440188295	False		not_established	saturation_and_identifiability;alignment_and_copy_adequacy;selection_model_and_test_design
Candida__5015647at2759__code12	4	2409	4	179	True	none_recorded	unchanged_by_declared_fcs_omission	4	0.8934433295967202	False		not_established	saturation_and_identifiability;alignment_and_copy_adequacy;selection_model_and_test_design
Candida__5015712at2759__code12	4	1185	4	124	True	none_recorded	unchanged_by_declared_fcs_omission	4	1.8556223765441588	False		not_established	saturation_and_identifiability;alignment_and_copy_adequacy;selection_model_and_test_design
Candida__5015742at2759__code12	4	1032	4	120	True	none_recorded	unchanged_by_declared_fcs_omission	4	1.7617021310522138	False		not_established	saturation_and_identifiability;alignment_and_copy_adequacy;selection_model_and_test_design
Candida__5015876at2759__code12	4	1482	4	139	True	none_recorded	unchanged_by_declared_fcs_omission	4	0.9649653637563363	False		not_established	saturation_and_identifiability;alignment_and_copy_adequacy;selection_model_and_test_design
Candida__5017019at2759__code12	4	1188	4	121	True	none_recorded	unchanged_by_declared_fcs_omission	4	1.1918275303381751	False		not_established	saturation_and_identifiability;alignment_and_copy_adequacy;selection_model_and_test_design
Candida__5018803at2759__code12	4	2436	4	239	True	none_recorded	unchanged_by_declared_fcs_omission	4	0.7988131323274044	False		not_established	saturation_and_identifiability;alignment_and_copy_adequacy;selection_model_and_test_design
Candida__529759at2759__code12	4	732	4	47	True	none_recorded	unchanged_by_declared_fcs_omission	4	0.5181227930556708	False	tree_parameter_boundary_warning	not_established	saturation_and_identifiability;alignment_and_copy_adequacy;selection_model_and_test_design
Candida__530014at2759__code12	4	2556	4	190	True	none_recorded	unchanged_by_declared_fcs_omission	4	0.8411648763599896	False		not_established	saturation_and_identifiability;alignment_and_copy_adequacy;selection_model_and_test_design
Candida__538728at2759__code12	4	1062	4	107	True	none_recorded	unchanged_by_declared_fcs_omission	4	2.208092658242807	False		not_established	saturation_and_identifiability;alignment_and_copy_adequacy;selection_model_and_test_design
Candida__538952at2759__code12	4	1251	4	117	True	none_recorded	unchanged_by_declared_fcs_omission	4	1.2661453152758568	False		not_established	saturation_and_identifiability;alignment_and_copy_adequacy;selection_model_and_test_design
Candida__539632at2759__code12	4	897	4	77	True	none_recorded	unchanged_by_declared_fcs_omission	4	0.6242251482200337	False		not_established	saturation_and_identifiability;alignment_and_copy_adequacy;selection_model_and_test_design
Candida__540946at2759__code12	4	1161	4	104	True	none_recorded	unchanged_by_declared_fcs_omission	4	0.863523766748875	False		not_established	saturation_and_identifiability;alignment_and_copy_adequacy;selection_model_and_test_design
Candida__541070at2759__code12	4	663	4	46	True	none_recorded	unchanged_by_declared_fcs_omission	4	0.892299918282544	False		not_established	saturation_and_identifiability;alignment_and_copy_adequacy;selection_model_and_test_design
Candida__554735at2759__code12	4	759	4	44	True	none_recorded	unchanged_by_declared_fcs_omission	4	0.6220940647892085	False		not_established	saturation_and_identifiability;alignment_and_copy_adequacy;selection_model_and_test_design
Candida__649304at2759__code12	4	915	4	109	True	none_recorded	unchanged_by_declared_fcs_omission	4	0.9781129347713252	False		not_established	saturation_and_identifiability;alignment_and_copy_adequacy;selection_model_and_test_design
Candida__707076at2759__code12	4	792	4	39	True	none_recorded	unchanged_by_declared_fcs_omission	4	0.5754505002261613	False		not_established	saturation_and_identifiability;alignment_and_copy_adequacy;selection_model_and_test_design
Candida__707202at2759__code12	4	1071	4	96	True	none_recorded	unchanged_by_declared_fcs_omission	4	0.9564874258017452	False		not_established	saturation_and_identifiability;alignment_and_copy_adequacy;selection_model_and_test_design
Candida__727964at2759__code12	4	1278	4	123	True	none_recorded	unchanged_by_declared_fcs_omission	4	1.063455190164956	False		not_established	saturation_and_identifiability;alignment_and_copy_adequacy;selection_model_and_test_design
Candida__730114at2759__code12	4	1500	4	98	True	none_recorded	unchanged_by_declared_fcs_omission	4	0.6355388162169843	False		not_established	saturation_and_identifiability;alignment_and_copy_adequacy;selection_model_and_test_design
Candida__776280at2759__code12	4	1368	4	113	True	none_recorded	unchanged_by_declared_fcs_omission	4	1.2779095777275002	False		not_established	saturation_and_identifiability;alignment_and_copy_adequacy;selection_model_and_test_design
Candida__801816at2759__code12	4	555	4	35	True	none_recorded	unchanged_by_declared_fcs_omission	4	1.1442023134919599	False		not_established	saturation_and_identifiability;alignment_and_copy_adequacy;selection_model_and_test_design
Colletotrichum__115730at2759__code1	10	966	10	124	True	none_recorded	unchanged_by_declared_fcs_omission	10	0.2924371571401471	False	near_zero_nucleotide_tree_edge	not_established	saturation_and_identifiability;alignment_and_copy_adequacy;selection_model_and_test_design
Colletotrichum__129234at2759__code1	10	567	9	76	True	none_recorded	unchanged_by_declared_fcs_omission	10	0.6585432413021252	False	near_zero_nucleotide_tree_edge	not_established	saturation_and_identifiability;alignment_and_copy_adequacy;selection_model_and_test_design
Colletotrichum__160487at2759__code1	10	2637	10	470	True	none_recorded	unchanged_by_declared_fcs_omission	10	0.41353371459033533	False	near_zero_nucleotide_tree_edge	not_established	saturation_and_identifiability;alignment_and_copy_adequacy;selection_model_and_test_design
Colletotrichum__201273at2759__code1	8	777	8	151	True	none_recorded	unchanged_by_declared_fcs_omission	8	2.5290358531247903	False	near_zero_nucleotide_tree_edge	not_established	saturation_and_identifiability;alignment_and_copy_adequacy;selection_model_and_test_design
Colletotrichum__207567at2759__code1	10	537	9	59	True	none_recorded	unchanged_by_declared_fcs_omission	10	0.30542734594943893	False	near_zero_nucleotide_tree_edge	not_established	saturation_and_identifiability;alignment_and_copy_adequacy;selection_model_and_test_design
Colletotrichum__260326at2759__code1	10	504	10	93	True	none_recorded	unchanged_by_declared_fcs_omission	10	0.4368749333255479	False	near_zero_nucleotide_tree_edge	not_established	saturation_and_identifiability;alignment_and_copy_adequacy;selection_model_and_test_design
Colletotrichum__2852757at2759__code1	9	1479	9	213	True	none_recorded	unchanged_by_declared_fcs_omission	9	0.3792420009674931	False		not_established	saturation_and_identifiability;alignment_and_copy_adequacy;selection_model_and_test_design
Colletotrichum__288615at2759__code1	9	1986	9	346	True	none_recorded	unchanged_by_declared_fcs_omission	9	0.6093869870001843	False		not_established	saturation_and_identifiability;alignment_and_copy_adequacy;selection_model_and_test_design
Colletotrichum__319730at2759__code1	9	1338	9	137	True	none_recorded	unchanged_by_declared_fcs_omission	9	0.4317542980367556	False		not_established	saturation_and_identifiability;alignment_and_copy_adequacy;selection_model_and_test_design
Colletotrichum__340246at2759__code1	10	2085	10	436	True	none_recorded	unchanged_by_declared_fcs_omission	10	0.3579318294277123	False		not_established	saturation_and_identifiability;alignment_and_copy_adequacy;selection_model_and_test_design
Colletotrichum__345792at2759__code1	10	897	10	146	True	none_recorded	unchanged_by_declared_fcs_omission	10	0.30776360035431033	False	tree_parameter_boundary_warning;near_zero_nucleotide_tree_edge	not_established	saturation_and_identifiability;alignment_and_copy_adequacy;selection_model_and_test_design
Colletotrichum__352891at2759__code1	8	756	8	77	True	none_recorded	unchanged_by_declared_fcs_omission	8	0.4056375668239158	False	near_zero_nucleotide_tree_edge	not_established	saturation_and_identifiability;alignment_and_copy_adequacy;selection_model_and_test_design
Colletotrichum__3643464at2759__code1	10	2295	10	534	True	none_recorded	unchanged_by_declared_fcs_omission	10	0.7159231241225643	False		not_established	saturation_and_identifiability;alignment_and_copy_adequacy;selection_model_and_test_design
Colletotrichum__4613677at2759__code1	10	381	10	70	True	none_recorded	unchanged_by_declared_fcs_omission	10	0.3998424417420529	False	near_zero_nucleotide_tree_edge	not_established	saturation_and_identifiability;alignment_and_copy_adequacy;selection_model_and_test_design
Colletotrichum__4695236at2759__code1	10	3222	10	543	True	none_recorded	unchanged_by_declared_fcs_omission	10	0.4553387078650955	False	near_zero_nucleotide_tree_edge	not_established	saturation_and_identifiability;alignment_and_copy_adequacy;selection_model_and_test_design
Colletotrichum__4747214at2759__code1	9	423	9	74	True	none_recorded	unchanged_by_declared_fcs_omission	9	0.8438896230836969	False	near_zero_nucleotide_tree_edge	not_established	saturation_and_identifiability;alignment_and_copy_adequacy;selection_model_and_test_design
Colletotrichum__4764044at2759__code1	9	1518	9	257	True	none_recorded	unchanged_by_declared_fcs_omission	9	0.5598371176747917	False	near_zero_nucleotide_tree_edge	not_established	saturation_and_identifiability;alignment_and_copy_adequacy;selection_model_and_test_design
Colletotrichum__4810093at2759__code1	8	2373	8	409	True	none_recorded	unchanged_by_declared_fcs_omission	8	0.6966623903357271	False		not_established	saturation_and_identifiability;alignment_and_copy_adequacy;selection_model_and_test_design
Colletotrichum__4813267at2759__code1	10	2670	9	624	True	none_recorded	unchanged_by_declared_fcs_omission	10	0.7543742691209226	False	near_zero_nucleotide_tree_edge	not_established	saturation_and_identifiability;alignment_and_copy_adequacy;selection_model_and_test_design
Colletotrichum__4823929at2759__code1	10	1251	10	309	True	none_recorded	unchanged_by_declared_fcs_omission	10	0.6030009076335023	False	near_zero_nucleotide_tree_edge	not_established	saturation_and_identifiability;alignment_and_copy_adequacy;selection_model_and_test_design
Colletotrichum__4837017at2759__code1	10	696	10	105	True	none_recorded	unchanged_by_declared_fcs_omission	10	0.32410865918757553	False		not_established	saturation_and_identifiability;alignment_and_copy_adequacy;selection_model_and_test_design
Colletotrichum__4838864at2759__code1	9	1788	9	322	True	none_recorded	unchanged_by_declared_fcs_omission	9	0.658610998649826	False	tree_nni_convergence_warning	not_established	saturation_and_identifiability;alignment_and_copy_adequacy;selection_model_and_test_design
Colletotrichum__4843240at2759__code1	10	2058	10	526	True	none_recorded	unchanged_by_declared_fcs_omission	10	0.6283586988598677	False	near_zero_nucleotide_tree_edge	not_established	saturation_and_identifiability;alignment_and_copy_adequacy;selection_model_and_test_design
Colletotrichum__4843824at2759__code1	9	576	8	100	True	none_recorded	unchanged_by_declared_fcs_omission	9	0.8499696370731874	False	near_zero_nucleotide_tree_edge	not_established	saturation_and_identifiability;alignment_and_copy_adequacy;selection_model_and_test_design
Colletotrichum__4867008at2759__code1	10	525	10	90	True	none_recorded	unchanged_by_declared_fcs_omission	10	0.49972575703067873	False	tree_nni_convergence_warning;near_zero_nucleotide_tree_edge	not_established	saturation_and_identifiability;alignment_and_copy_adequacy;selection_model_and_test_design
Colletotrichum__4888252at2759__code1	10	2829	10	680	True	none_recorded	unchanged_by_declared_fcs_omission	10	0.5845827591105408	False		not_established	saturation_and_identifiability;alignment_and_copy_adequacy;selection_model_and_test_design
Colletotrichum__4896098at2759__code1	9	606	9	110	True	none_recorded	unchanged_by_declared_fcs_omission	9	0.40507082493943203	False	near_zero_nucleotide_tree_edge	not_established	saturation_and_identifiability;alignment_and_copy_adequacy;selection_model_and_test_design
Colletotrichum__4900375at2759__code1	10	624	9	145	True	none_recorded	unchanged_by_declared_fcs_omission	10	0.6446469299930973	False	tree_nni_convergence_warning;near_zero_nucleotide_tree_edge	not_established	saturation_and_identifiability;alignment_and_copy_adequacy;selection_model_and_test_design
Colletotrichum__4908955at2759__code1	10	975	10	160	True	none_recorded	unchanged_by_declared_fcs_omission	10	19.372278809480296	False	tree_pairwise_saturation_warning;near_zero_nucleotide_tree_edge	not_established	saturation_and_identifiability;alignment_and_copy_adequacy;selection_model_and_test_design
Colletotrichum__4911644at2759__code1	10	2871	10	535	True	none_recorded	unchanged_by_declared_fcs_omission	10	0.5117021677884268	False	near_zero_nucleotide_tree_edge	not_established	saturation_and_identifiability;alignment_and_copy_adequacy;selection_model_and_test_design
Colletotrichum__4940884at2759__code1	10	2721	10	770	True	none_recorded	unchanged_by_declared_fcs_omission	10	0.6685024968077454	False	near_zero_nucleotide_tree_edge	not_established	saturation_and_identifiability;alignment_and_copy_adequacy;selection_model_and_test_design
Colletotrichum__4969018at2759__code1	10	1368	10	165	True	none_recorded	unchanged_by_declared_fcs_omission	10	0.18337467513988812	False		not_established	saturation_and_identifiability;alignment_and_copy_adequacy;selection_model_and_test_design
Colletotrichum__4969636at2759__code1	10	1257	10	192	True	none_recorded	unchanged_by_declared_fcs_omission	10	0.37107334385719865	False	near_zero_nucleotide_tree_edge	not_established	saturation_and_identifiability;alignment_and_copy_adequacy;selection_model_and_test_design
Colletotrichum__4969990at2759__code1	10	1056	10	185	True	none_recorded	unchanged_by_declared_fcs_omission	10	0.4600147992040707	False		not_established	saturation_and_identifiability;alignment_and_copy_adequacy;selection_model_and_test_design
Colletotrichum__4970387at2759__code1	9	420	9	106	True	none_recorded	unchanged_by_declared_fcs_omission	9	0.9719508305903215	False	near_zero_nucleotide_tree_edge	not_established	saturation_and_identifiability;alignment_and_copy_adequacy;selection_model_and_test_design
Colletotrichum__4970538at2759__code1	10	2862	10	611	True	none_recorded	unchanged_by_declared_fcs_omission	10	0.4688737895205186	False		not_established	saturation_and_identifiability;alignment_and_copy_adequacy;selection_model_and_test_design
Colletotrichum__4971272at2759__code1	10	1338	10	225	True	none_recorded	unchanged_by_declared_fcs_omission	10	0.37723336758614523	False	near_zero_nucleotide_tree_edge	not_established	saturation_and_identifiability;alignment_and_copy_adequacy;selection_model_and_test_design
Colletotrichum__4974767at2759__code1	9	435	8	64	True	none_recorded	unchanged_by_declared_fcs_omission	9	0.6399051822754477	False	tree_parameter_boundary_warning;near_zero_nucleotide_tree_edge	not_established	saturation_and_identifiability;alignment_and_copy_adequacy;selection_model_and_test_design
Colletotrichum__4975094at2759__code1	8	3039	8	608	True	none_recorded	unchanged_by_declared_fcs_omission	8	0.4517176054825181	False		not_established	saturation_and_identifiability;alignment_and_copy_adequacy;selection_model_and_test_design
Colletotrichum__4976279at2759__code1	10	1248	10	249	True	none_recorded	unchanged_by_declared_fcs_omission	10	0.5335925178409893	False		not_established	saturation_and_identifiability;alignment_and_copy_adequacy;selection_model_and_test_design
Colletotrichum__4977163at2759__code1	10	555	9	128	True	none_recorded	unchanged_by_declared_fcs_omission	10	0.583621481772908	False	near_zero_nucleotide_tree_edge	not_established	saturation_and_identifiability;alignment_and_copy_adequacy;selection_model_and_test_design
Colletotrichum__4977863at2759__code1	10	1881	10	473	True	none_recorded	unchanged_by_declared_fcs_omission	10	0.5107331856443804	False	near_zero_nucleotide_tree_edge	not_established	saturation_and_identifiability;alignment_and_copy_adequacy;selection_model_and_test_design
Colletotrichum__4983000at2759__code1	10	1467	10	240	True	none_recorded	unchanged_by_declared_fcs_omission	10	0.5886160741249435	False	near_zero_nucleotide_tree_edge	not_established	saturation_and_identifiability;alignment_and_copy_adequacy;selection_model_and_test_design
Colletotrichum__4985971at2759__code1	10	1059	10	201	True	none_recorded	unchanged_by_declared_fcs_omission	10	0.4492432632795815	False	near_zero_nucleotide_tree_edge	not_established	saturation_and_identifiability;alignment_and_copy_adequacy;selection_model_and_test_design
Colletotrichum__4986044at2759__code1	10	1407	10	395	True	requires_gene_copy_reconciliation_before_confirmatory_single_ortholog_analysis	unchanged_by_declared_fcs_omission	10	1.177304069746933	False	copy_reconciliation_required	not_established	saturation_and_identifiability;alignment_and_copy_adequacy;selection_model_and_test_design
Colletotrichum__4987397at2759__code1	9	2673	9	548	True	none_recorded	unchanged_by_declared_fcs_omission	9	0.9349741129843964	False		not_established	saturation_and_identifiability;alignment_and_copy_adequacy;selection_model_and_test_design
Colletotrichum__4988239at2759__code1	9	3117	9	533	True	none_recorded	unchanged_by_declared_fcs_omission	9	0.5612106630277429	False		not_established	saturation_and_identifiability;alignment_and_copy_adequacy;selection_model_and_test_design
Colletotrichum__4999134at2759__code1	10	7008	10	1236	True	none_recorded	unchanged_by_declared_fcs_omission	10	0.45106368976787253	False		not_established	saturation_and_identifiability;alignment_and_copy_adequacy;selection_model_and_test_design
Colletotrichum__5000045at2759__code1	10	1143	10	196	True	none_recorded	unchanged_by_declared_fcs_omission	10	0.42280940227040487	False	tree_nni_convergence_warning;near_zero_nucleotide_tree_edge	not_established	saturation_and_identifiability;alignment_and_copy_adequacy;selection_model_and_test_design
Colletotrichum__5000152at2759__code1	10	3567	10	782	True	none_recorded	unchanged_by_declared_fcs_omission	10	0.580123649971775	False		not_established	saturation_and_identifiability;alignment_and_copy_adequacy;selection_model_and_test_design
Colletotrichum__5000362at2759__code1	10	2706	10	600	True	none_recorded	unchanged_by_declared_fcs_omission	10	0.46547371801011245	False		not_established	saturation_and_identifiability;alignment_and_copy_adequacy;selection_model_and_test_design
Colletotrichum__5000371at2759__code1	9	1269	9	344	True	none_recorded	unchanged_by_declared_fcs_omission	9	0.701415616566324	False	near_zero_nucleotide_tree_edge	not_established	saturation_and_identifiability;alignment_and_copy_adequacy;selection_model_and_test_design
Colletotrichum__5000452at2759__code1	8	861	8	156	True	none_recorded	unchanged_by_declared_fcs_omission	8	0.34966291879594286	False		not_established	saturation_and_identifiability;alignment_and_copy_adequacy;selection_model_and_test_design
Colletotrichum__5000476at2759__code1	10	1167	10	167	True	none_recorded	unchanged_by_declared_fcs_omission	10	0.29173228807857676	False	near_zero_nucleotide_tree_edge	not_established	saturation_and_identifiability;alignment_and_copy_adequacy;selection_model_and_test_design
Colletotrichum__5000743at2759__code1	10	540	7	99	True	none_recorded	unchanged_by_declared_fcs_omission	10	0.788133858212309	False	near_zero_nucleotide_tree_edge	not_established	saturation_and_identifiability;alignment_and_copy_adequacy;selection_model_and_test_design
Colletotrichum__5000823at2759__code1	9	2895	9	376	True	none_recorded	unchanged_by_declared_fcs_omission	9	0.5811423970051521	False	near_zero_nucleotide_tree_edge	not_established	saturation_and_identifiability;alignment_and_copy_adequacy;selection_model_and_test_design
Colletotrichum__5000870at2759__code1	10	2286	10	483	True	none_recorded	unchanged_by_declared_fcs_omission	10	0.5861197598141413	False		not_established	saturation_and_identifiability;alignment_and_copy_adequacy;selection_model_and_test_design
Colletotrichum__5000986at2759__code1	10	1506	10	295	True	none_recorded	unchanged_by_declared_fcs_omission	10	0.38358927343293125	False	near_zero_nucleotide_tree_edge	not_established	saturation_and_identifiability;alignment_and_copy_adequacy;selection_model_and_test_design
Colletotrichum__5001156at2759__code1	10	990	10	249	True	none_recorded	unchanged_by_declared_fcs_omission	10	0.7638515036862503	False	near_zero_nucleotide_tree_edge	not_established	saturation_and_identifiability;alignment_and_copy_adequacy;selection_model_and_test_design
Colletotrichum__5001273at2759__code1	10	729	10	136	True	none_recorded	unchanged_by_declared_fcs_omission	10	0.8617551030766951	False	tree_parameter_boundary_warning;near_zero_nucleotide_tree_edge	not_established	saturation_and_identifiability;alignment_and_copy_adequacy;selection_model_and_test_design
Colletotrichum__5001280at2759__code1	10	2184	10	453	True	none_recorded	unchanged_by_declared_fcs_omission	10	0.3807269293346961	False		not_established	saturation_and_identifiability;alignment_and_copy_adequacy;selection_model_and_test_design
Colletotrichum__5001318at2759__code1	9	1212	9	279	True	none_recorded	unchanged_by_declared_fcs_omission	9	0.3413817238811933	False	near_zero_nucleotide_tree_edge	not_established	saturation_and_identifiability;alignment_and_copy_adequacy;selection_model_and_test_design
Colletotrichum__5001413at2759__code1	9	840	9	124	True	none_recorded	unchanged_by_declared_fcs_omission	9	0.7208230126002884	False		not_established	saturation_and_identifiability;alignment_and_copy_adequacy;selection_model_and_test_design
Colletotrichum__5001473at2759__code1	10	369	8	60	True	none_recorded	unchanged_by_declared_fcs_omission	10	0.5796151249101594	False	tree_parameter_boundary_warning;tree_nni_convergence_warning;near_zero_nucleotide_tree_edge	not_established	saturation_and_identifiability;alignment_and_copy_adequacy;selection_model_and_test_design
Colletotrichum__5001660at2759__code1	9	1914	9	192	True	none_recorded	unchanged_by_declared_fcs_omission	9	0.4450596059728693	False	near_zero_nucleotide_tree_edge	not_established	saturation_and_identifiability;alignment_and_copy_adequacy;selection_model_and_test_design
Colletotrichum__5001734at2759__code1	9	648	9	119	True	none_recorded	unchanged_by_declared_fcs_omission	9	0.6179643220383018	False		not_established	saturation_and_identifiability;alignment_and_copy_adequacy;selection_model_and_test_design
Colletotrichum__5001941at2759__code1	10	2343	10	471	True	none_recorded	unchanged_by_declared_fcs_omission	10	0.6402846888895142	False	near_zero_nucleotide_tree_edge	not_established	saturation_and_identifiability;alignment_and_copy_adequacy;selection_model_and_test_design
Colletotrichum__5002334at2759__code1	9	1110	9	199	True	none_recorded	unchanged_by_declared_fcs_omission	9	0.6395878685350034	False	near_zero_nucleotide_tree_edge	not_established	saturation_and_identifiability;alignment_and_copy_adequacy;selection_model_and_test_design
Colletotrichum__5002573at2759__code1	10	1041	10	235	True	none_recorded	unchanged_by_declared_fcs_omission	10	0.7071396909715093	False	near_zero_nucleotide_tree_edge	not_established	saturation_and_identifiability;alignment_and_copy_adequacy;selection_model_and_test_design
Colletotrichum__5003022at2759__code1	10	2523	10	541	True	none_recorded	unchanged_by_declared_fcs_omission	10	0.4946588484257903	False		not_established	saturation_and_identifiability;alignment_and_copy_adequacy;selection_model_and_test_design
Colletotrichum__5003192at2759__code1	10	1371	10	334	True	none_recorded	unchanged_by_declared_fcs_omission	10	0.499115144480986	False		not_established	saturation_and_identifiability;alignment_and_copy_adequacy;selection_model_and_test_design
Colletotrichum__5003205at2759__code1	10	4122	10	954	True	none_recorded	unchanged_by_declared_fcs_omission	10	0.5667572894905482	False		not_established	saturation_and_identifiability;alignment_and_copy_adequacy;selection_model_and_test_design
Colletotrichum__5003856at2759__code1	10	885	9	143	True	none_recorded	unchanged_by_declared_fcs_omission	10	0.434447762752035	False	near_zero_nucleotide_tree_edge	not_established	saturation_and_identifiability;alignment_and_copy_adequacy;selection_model_and_test_design
Colletotrichum__5003972at2759__code1	10	630	9	158	True	none_recorded	unchanged_by_declared_fcs_omission	10	0.9128442843492631	False	near_zero_nucleotide_tree_edge	not_established	saturation_and_identifiability;alignment_and_copy_adequacy;selection_model_and_test_design
Colletotrichum__5004118at2759__code1	10	633	10	152	True	none_recorded	unchanged_by_declared_fcs_omission	10	0.5426725057716272	False	tree_parameter_boundary_warning;near_zero_nucleotide_tree_edge	not_established	saturation_and_identifiability;alignment_and_copy_adequacy;selection_model_and_test_design
Colletotrichum__5004265at2759__code1	9	897	9	108	True	none_recorded	unchanged_by_declared_fcs_omission	9	0.5614658477588238	False		not_established	saturation_and_identifiability;alignment_and_copy_adequacy;selection_model_and_test_design
Colletotrichum__5004327at2759__code1	9	2316	9	532	True	none_recorded	unchanged_by_declared_fcs_omission	9	0.6319122816252828	False		not_established	saturation_and_identifiability;alignment_and_copy_adequacy;selection_model_and_test_design
Colletotrichum__5004391at2759__code1	10	3057	10	586	True	none_recorded	unchanged_by_declared_fcs_omission	10	0.41956742974011024	False		not_established	saturation_and_identifiability;alignment_and_copy_adequacy;selection_model_and_test_design
Colletotrichum__5004478at2759__code1	10	1236	10	265	True	none_recorded	unchanged_by_declared_fcs_omission	10	0.5861987228997748	False		not_established	saturation_and_identifiability;alignment_and_copy_adequacy;selection_model_and_test_design
Colletotrichum__5004599at2759__code1	10	2226	10	408	True	none_recorded	unchanged_by_declared_fcs_omission	10	0.4122274502144116	False		not_established	saturation_and_identifiability;alignment_and_copy_adequacy;selection_model_and_test_design
Colletotrichum__5005010at2759__code1	10	339	10	62	True	none_recorded	unchanged_by_declared_fcs_omission	10	0.5923134825627935	False	tree_parameter_boundary_warning;near_zero_nucleotide_tree_edge	not_established	saturation_and_identifiability;alignment_and_copy_adequacy;selection_model_and_test_design
Colletotrichum__5005174at2759__code1	10	522	10	92	True	none_recorded	unchanged_by_declared_fcs_omission	10	0.3291541483646841	False	near_zero_nucleotide_tree_edge	not_established	saturation_and_identifiability;alignment_and_copy_adequacy;selection_model_and_test_design
Colletotrichum__5005196at2759__code1	10	1320	10	288	True	none_recorded	unchanged_by_declared_fcs_omission	10	0.5261792061697248	False		not_established	saturation_and_identifiability;alignment_and_copy_adequacy;selection_model_and_test_design
Colletotrichum__5005215at2759__code1	10	1794	10	279	True	none_recorded	unchanged_by_declared_fcs_omission	10	0.24031879532707298	False		not_established	saturation_and_identifiability;alignment_and_copy_adequacy;selection_model_and_test_design
Colletotrichum__5005217at2759__code1	10	1428	10	345	True	none_recorded	unchanged_by_declared_fcs_omission	10	0.4993288614238805	False		not_established	saturation_and_identifiability;alignment_and_copy_adequacy;selection_model_and_test_design
Colletotrichum__5005274at2759__code1	10	1041	10	264	True	none_recorded	unchanged_by_declared_fcs_omission	10	0.5352553486198142	False	near_zero_nucleotide_tree_edge	not_established	saturation_and_identifiability;alignment_and_copy_adequacy;selection_model_and_test_design
Colletotrichum__5005697at2759__code1	8	1743	8	315	True	none_recorded	unchanged_by_declared_fcs_omission	8	0.4797069975670504	False		not_established	saturation_and_identifiability;alignment_and_copy_adequacy;selection_model_and_test_design
Colletotrichum__5005750at2759__code1	9	540	8	98	True	none_recorded	unchanged_by_declared_fcs_omission	9	0.4768443260773446	False	near_zero_nucleotide_tree_edge	not_established	saturation_and_identifiability;alignment_and_copy_adequacy;selection_model_and_test_design
Colletotrichum__5005892at2759__code1	10	1119	10	288	True	none_recorded	unchanged_by_declared_fcs_omission	10	0.5963891508024574	False	near_zero_nucleotide_tree_edge	not_established	saturation_and_identifiability;alignment_and_copy_adequacy;selection_model_and_test_design
Colletotrichum__5006326at2759__code1	10	1776	10	284	True	none_recorded	unchanged_by_declared_fcs_omission	10	0.3603495023757277	False	near_zero_nucleotide_tree_edge	not_established	saturation_and_identifiability;alignment_and_copy_adequacy;selection_model_and_test_design
Colletotrichum__5006412at2759__code1	10	1716	10	339	True	none_recorded	unchanged_by_declared_fcs_omission	10	0.3589128355996189	False		not_established	saturation_and_identifiability;alignment_and_copy_adequacy;selection_model_and_test_design
Colletotrichum__5011777at2759__code1	10	2106	10	560	True	none_recorded	unchanged_by_declared_fcs_omission	10	0.7409129970704476	False		not_established	saturation_and_identifiability;alignment_and_copy_adequacy;selection_model_and_test_design
Colletotrichum__5013042at2759__code1	10	1224	10	183	True	none_recorded	unchanged_by_declared_fcs_omission	10	0.32221991662018024	False		not_established	saturation_and_identifiability;alignment_and_copy_adequacy;selection_model_and_test_design
Colletotrichum__5013067at2759__code1	10	984	10	112	True	none_recorded	unchanged_by_declared_fcs_omission	10	0.19930001000798797	False	near_zero_nucleotide_tree_edge	not_established	saturation_and_identifiability;alignment_and_copy_adequacy;selection_model_and_test_design
Colletotrichum__5013259at2759__code1	10	507	10	47	True	none_recorded	unchanged_by_declared_fcs_omission	10	0.3596232475467532	False	near_zero_nucleotide_tree_edge	not_established	saturation_and_identifiability;alignment_and_copy_adequacy;selection_model_and_test_design
Colletotrichum__5013539at2759__code1	10	819	10	417	True	none_recorded	unchanged_by_declared_fcs_omission	10	2.044457590899675	False	tree_nni_convergence_warning;near_zero_nucleotide_tree_edge	not_established	saturation_and_identifiability;alignment_and_copy_adequacy;selection_model_and_test_design
Colletotrichum__5013726at2759__code1	10	549	9	102	True	none_recorded	unchanged_by_declared_fcs_omission	10	0.4297400107669047	False	near_zero_nucleotide_tree_edge	not_established	saturation_and_identifiability;alignment_and_copy_adequacy;selection_model_and_test_design
Colletotrichum__5013738at2759__code1	8	741	8	87	True	none_recorded	unchanged_by_declared_fcs_omission	8	0.3735438245334163	False		not_established	saturation_and_identifiability;alignment_and_copy_adequacy;selection_model_and_test_design
Colletotrichum__5013992at2759__code1	10	2433	10	546	True	none_recorded	unchanged_by_declared_fcs_omission	10	0.8187760106781109	False	tree_nni_convergence_warning;near_zero_nucleotide_tree_edge	not_established	saturation_and_identifiability;alignment_and_copy_adequacy;selection_model_and_test_design
Colletotrichum__5014007at2759__code1	10	1806	10	444	True	none_recorded	unchanged_by_declared_fcs_omission	10	0.6798078853161756	False		not_established	saturation_and_identifiability;alignment_and_copy_adequacy;selection_model_and_test_design
Colletotrichum__5015403at2759__code1	10	1287	10	220	True	none_recorded	unchanged_by_declared_fcs_omission	10	0.49687477531053936	False	near_zero_nucleotide_tree_edge	not_established	saturation_and_identifiability;alignment_and_copy_adequacy;selection_model_and_test_design
Colletotrichum__5015647at2759__code1	10	2598	10	687	True	none_recorded	unchanged_by_declared_fcs_omission	10	0.6808413839297309	False		not_established	saturation_and_identifiability;alignment_and_copy_adequacy;selection_model_and_test_design
Colletotrichum__5015712at2759__code1	10	1437	10	258	True	none_recorded	unchanged_by_declared_fcs_omission	10	0.4119331519138757	False		not_established	saturation_and_identifiability;alignment_and_copy_adequacy;selection_model_and_test_design
Colletotrichum__5015742at2759__code1	10	1446	10	400	True	none_recorded	unchanged_by_declared_fcs_omission	10	0.8464677256338773	False		not_established	saturation_and_identifiability;alignment_and_copy_adequacy;selection_model_and_test_design
Colletotrichum__5015876at2759__code1	9	1575	9	245	True	none_recorded	unchanged_by_declared_fcs_omission	9	0.7259445430463917	False		not_established	saturation_and_identifiability;alignment_and_copy_adequacy;selection_model_and_test_design
Colletotrichum__5017019at2759__code1	10	1197	10	257	True	none_recorded	unchanged_by_declared_fcs_omission	10	0.6159418362153011	False	near_zero_nucleotide_tree_edge	not_established	saturation_and_identifiability;alignment_and_copy_adequacy;selection_model_and_test_design
Colletotrichum__5018803at2759__code1	10	2526	10	811	True	none_recorded	unchanged_by_declared_fcs_omission	10	1.0607483776171298	False	near_zero_nucleotide_tree_edge	not_established	saturation_and_identifiability;alignment_and_copy_adequacy;selection_model_and_test_design
Colletotrichum__529759at2759__code1	10	732	10	135	True	none_recorded	unchanged_by_declared_fcs_omission	10	0.507726026928578	False	near_zero_nucleotide_tree_edge	not_established	saturation_and_identifiability;alignment_and_copy_adequacy;selection_model_and_test_design
Colletotrichum__530014at2759__code1	9	2559	9	410	True	none_recorded	unchanged_by_declared_fcs_omission	9	0.8334745889131794	False		not_established	saturation_and_identifiability;alignment_and_copy_adequacy;selection_model_and_test_design
Colletotrichum__530740at2759__code1	10	891	10	386	True	none_recorded	unchanged_by_declared_fcs_omission	10	18.54395594394696	False	near_zero_nucleotide_tree_edge	not_established	saturation_and_identifiability;alignment_and_copy_adequacy;selection_model_and_test_design
Colletotrichum__538728at2759__code1	10	1611	10	329	True	none_recorded	unchanged_by_declared_fcs_omission	10	0.4200015383157486	False		not_established	saturation_and_identifiability;alignment_and_copy_adequacy;selection_model_and_test_design
Colletotrichum__538952at2759__code1	10	1467	10	300	True	none_recorded	unchanged_by_declared_fcs_omission	10	0.5529301436722064	False		not_established	saturation_and_identifiability;alignment_and_copy_adequacy;selection_model_and_test_design
Colletotrichum__539632at2759__code1	10	912	8	105	True	none_recorded	unchanged_by_declared_fcs_omission	10	0.2622018584778225	False	near_zero_nucleotide_tree_edge	not_established	saturation_and_identifiability;alignment_and_copy_adequacy;selection_model_and_test_design
Colletotrichum__540946at2759__code1	10	1299	10	220	True	none_recorded	unchanged_by_declared_fcs_omission	10	0.571729070320598	False		not_established	saturation_and_identifiability;alignment_and_copy_adequacy;selection_model_and_test_design
Colletotrichum__541070at2759__code1	10	741	10	148	True	none_recorded	unchanged_by_declared_fcs_omission	10	0.7540807484777886	False		not_established	saturation_and_identifiability;alignment_and_copy_adequacy;selection_model_and_test_design
Colletotrichum__554735at2759__code1	10	762	10	100	True	none_recorded	unchanged_by_declared_fcs_omission	10	0.2665745846412782	False	near_zero_nucleotide_tree_edge	not_established	saturation_and_identifiability;alignment_and_copy_adequacy;selection_model_and_test_design
Colletotrichum__649304at2759__code1	9	936	9	129	True	none_recorded	unchanged_by_declared_fcs_omission	9	0.3748308119705333	False	near_zero_nucleotide_tree_edge	not_established	saturation_and_identifiability;alignment_and_copy_adequacy;selection_model_and_test_design
Colletotrichum__707076at2759__code1	9	783	9	122	True	none_recorded	unchanged_by_declared_fcs_omission	9	1.2182177835267183	False	near_zero_nucleotide_tree_edge	not_established	saturation_and_identifiability;alignment_and_copy_adequacy;selection_model_and_test_design
Colletotrichum__707202at2759__code1	10	1065	10	248	True	none_recorded	unchanged_by_declared_fcs_omission	10	0.5276368774721074	False	near_zero_nucleotide_tree_edge	not_established	saturation_and_identifiability;alignment_and_copy_adequacy;selection_model_and_test_design
Colletotrichum__727964at2759__code1	10	1335	10	195	True	none_recorded	unchanged_by_declared_fcs_omission	10	0.37397578377436014	False	near_zero_nucleotide_tree_edge	not_established	saturation_and_identifiability;alignment_and_copy_adequacy;selection_model_and_test_design
Colletotrichum__730114at2759__code1	10	1599	10	272	True	none_recorded	unchanged_by_declared_fcs_omission	10	0.4882029819849269	False		not_established	saturation_and_identifiability;alignment_and_copy_adequacy;selection_model_and_test_design
Colletotrichum__760428at2759__code1	10	1164	10	202	True	none_recorded	unchanged_by_declared_fcs_omission	10	14.739911630113768	False	tree_pairwise_saturation_warning;near_zero_nucleotide_tree_edge	not_established	saturation_and_identifiability;alignment_and_copy_adequacy;selection_model_and_test_design
Colletotrichum__776280at2759__code1	8	1488	8	421	True	none_recorded	unchanged_by_declared_fcs_omission	8	0.9187138003619009	False		not_established	saturation_and_identifiability;alignment_and_copy_adequacy;selection_model_and_test_design
Colletotrichum__801816at2759__code1	10	558	8	118	True	none_recorded	unchanged_by_declared_fcs_omission	10	0.8868615078018653	False	near_zero_nucleotide_tree_edge	not_established	saturation_and_identifiability;alignment_and_copy_adequacy;selection_model_and_test_design
Cryptococcus__115730at2759__code1	10	975	10	239	True	none_recorded	unchanged_by_declared_fcs_omission	10	1.5135268794968664	False		not_established	saturation_and_identifiability;alignment_and_copy_adequacy;selection_model_and_test_design
Cryptococcus__129234at2759__code1	8	558	8	58	True	none_recorded	unchanged_by_declared_fcs_omission	8	1.4770236185128218	False	near_zero_nucleotide_tree_edge	not_established	saturation_and_identifiability;alignment_and_copy_adequacy;selection_model_and_test_design
Cryptococcus__160487at2759__code1	9	2616	9	382	True	none_recorded	unchanged_by_declared_fcs_omission	9	1.3943184037356937	False		not_established	saturation_and_identifiability;alignment_and_copy_adequacy;selection_model_and_test_design
Cryptococcus__201273at2759__code1	10	762	10	143	True	none_recorded	unchanged_by_declared_fcs_omission	10	0.9755631409242352	False		not_established	saturation_and_identifiability;alignment_and_copy_adequacy;selection_model_and_test_design
Cryptococcus__207567at2759__code1	10	540	10	113	True	none_recorded	unchanged_by_declared_fcs_omission	10	2.253637450666835	False	tree_nni_convergence_warning;near_zero_nucleotide_tree_edge	not_established	saturation_and_identifiability;alignment_and_copy_adequacy;selection_model_and_test_design
Cryptococcus__260326at2759__code1	10	510	10	104	True	none_recorded	unchanged_by_declared_fcs_omission	10	2.229237899478924	False	near_zero_nucleotide_tree_edge	not_established	saturation_and_identifiability;alignment_and_copy_adequacy;selection_model_and_test_design
Cryptococcus__2852757at2759__code1	10	1440	10	438	True	none_recorded	unchanged_by_declared_fcs_omission	10	1.3636122553113748	False		not_established	saturation_and_identifiability;alignment_and_copy_adequacy;selection_model_and_test_design
Cryptococcus__288615at2759__code1	10	1875	10	668	True	none_recorded	unchanged_by_declared_fcs_omission	10	1.2399378257035916	False		not_established	saturation_and_identifiability;alignment_and_copy_adequacy;selection_model_and_test_design
Cryptococcus__319730at2759__code1	10	1338	10	297	True	none_recorded	unchanged_by_declared_fcs_omission	10	1.5815115433566724	False	near_zero_nucleotide_tree_edge	not_established	saturation_and_identifiability;alignment_and_copy_adequacy;selection_model_and_test_design
Cryptococcus__340246at2759__code1	10	2007	10	553	True	none_recorded	unchanged_by_declared_fcs_omission	10	1.5707709038369992	False		not_established	saturation_and_identifiability;alignment_and_copy_adequacy;selection_model_and_test_design
Cryptococcus__345792at2759__code1	10	882	10	146	True	none_recorded	unchanged_by_declared_fcs_omission	10	0.9017919783156876	False		not_established	saturation_and_identifiability;alignment_and_copy_adequacy;selection_model_and_test_design
Cryptococcus__352891at2759__code1	10	747	10	216	True	none_recorded	unchanged_by_declared_fcs_omission	10	2.832604822245786	False		not_established	saturation_and_identifiability;alignment_and_copy_adequacy;selection_model_and_test_design
Cryptococcus__3643464at2759__code1	10	2262	10	722	True	none_recorded	unchanged_by_declared_fcs_omission	10	1.7976447302398826	False		not_established	saturation_and_identifiability;alignment_and_copy_adequacy;selection_model_and_test_design
Cryptococcus__4613677at2759__code1	9	318	9	38	True	none_recorded	unchanged_by_declared_fcs_omission	9	1.6908598530149384	False		not_established	saturation_and_identifiability;alignment_and_copy_adequacy;selection_model_and_test_design
Cryptococcus__4695236at2759__code1	10	3228	10	746	True	none_recorded	unchanged_by_declared_fcs_omission	10	1.1763398848323745	False		not_established	saturation_and_identifiability;alignment_and_copy_adequacy;selection_model_and_test_design
Cryptococcus__4747214at2759__code1	10	423	10	122	True	none_recorded	unchanged_by_declared_fcs_omission	10	1.293958507707155	False	tree_nni_convergence_warning;near_zero_nucleotide_tree_edge	not_established	saturation_and_identifiability;alignment_and_copy_adequacy;selection_model_and_test_design
Cryptococcus__4764044at2759__code1	10	1371	10	500	True	none_recorded	unchanged_by_declared_fcs_omission	10	2.04495351256798	False		not_established	saturation_and_identifiability;alignment_and_copy_adequacy;selection_model_and_test_design
Cryptococcus__4803900at2759__code1	10	369	10	90	True	none_recorded	unchanged_by_declared_fcs_omission	10	1.2402579262587616	False	near_zero_nucleotide_tree_edge	not_established	saturation_and_identifiability;alignment_and_copy_adequacy;selection_model_and_test_design
Cryptococcus__4810093at2759__code1	10	2307	10	669	True	none_recorded	unchanged_by_declared_fcs_omission	10	1.457032388119237	False		not_established	saturation_and_identifiability;alignment_and_copy_adequacy;selection_model_and_test_design
Cryptococcus__4813267at2759__code1	9	2445	9	356	True	none_recorded	unchanged_by_declared_fcs_omission	9	1.5643819727186195	False		not_established	saturation_and_identifiability;alignment_and_copy_adequacy;selection_model_and_test_design
Cryptococcus__4823929at2759__code1	10	1296	10	448	True	none_recorded	unchanged_by_declared_fcs_omission	10	1.7751807801781065	False	tree_nni_convergence_warning;near_zero_nucleotide_tree_edge	not_established	saturation_and_identifiability;alignment_and_copy_adequacy;selection_model_and_test_design
Cryptococcus__4837017at2759__code1	10	678	10	166	True	none_recorded	unchanged_by_declared_fcs_omission	10	0.9278427943432082	False	near_zero_nucleotide_tree_edge	not_established	saturation_and_identifiability;alignment_and_copy_adequacy;selection_model_and_test_design
Cryptococcus__4838864at2759__code1	10	1917	10	511	True	none_recorded	unchanged_by_declared_fcs_omission	10	1.1924178060188813	False		not_established	saturation_and_identifiability;alignment_and_copy_adequacy;selection_model_and_test_design
Cryptococcus__4843240at2759__code1	10	1767	10	637	True	none_recorded	unchanged_by_declared_fcs_omission	10	2.3443422202497457	False		not_established	saturation_and_identifiability;alignment_and_copy_adequacy;selection_model_and_test_design
Cryptococcus__4843824at2759__code1	9	585	9	157	True	none_recorded	unchanged_by_declared_fcs_omission	9	0.9026877978645879	False		not_established	saturation_and_identifiability;alignment_and_copy_adequacy;selection_model_and_test_design
Cryptococcus__4867008at2759__code1	10	534	10	150	True	none_recorded	unchanged_by_declared_fcs_omission	10	1.830490135039194	False	near_zero_nucleotide_tree_edge	not_established	saturation_and_identifiability;alignment_and_copy_adequacy;selection_model_and_test_design
Cryptococcus__4888252at2759__code1	9	2712	9	518	True	none_recorded	unchanged_by_declared_fcs_omission	9	1.835891035008363	False		not_established	saturation_and_identifiability;alignment_and_copy_adequacy;selection_model_and_test_design
Cryptococcus__4896098at2759__code1	10	612	10	164	True	none_recorded	unchanged_by_declared_fcs_omission	10	2.2082592843825966	False		not_established	saturation_and_identifiability;alignment_and_copy_adequacy;selection_model_and_test_design
Cryptococcus__4900375at2759__code1	10	636	10	207	True	none_recorded	unchanged_by_declared_fcs_omission	10	2.060701037561753	False	near_zero_nucleotide_tree_edge	not_established	saturation_and_identifiability;alignment_and_copy_adequacy;selection_model_and_test_design
Cryptococcus__4908955at2759__code1	9	972	9	139	True	none_recorded	unchanged_by_declared_fcs_omission	9	1.924290039228814	False	near_zero_nucleotide_tree_edge	not_established	saturation_and_identifiability;alignment_and_copy_adequacy;selection_model_and_test_design
Cryptococcus__4911644at2759__code1	10	2739	10	701	True	none_recorded	unchanged_by_declared_fcs_omission	10	1.194832590372887	False		not_established	saturation_and_identifiability;alignment_and_copy_adequacy;selection_model_and_test_design
Cryptococcus__4940884at2759__code1	10	2610	10	703	True	none_recorded	unchanged_by_declared_fcs_omission	10	1.5073983071228363	False		not_established	saturation_and_identifiability;alignment_and_copy_adequacy;selection_model_and_test_design
Cryptococcus__4969018at2759__code1	10	1368	10	322	True	none_recorded	unchanged_by_declared_fcs_omission	10	0.9555922731597047	False		not_established	saturation_and_identifiability;alignment_and_copy_adequacy;selection_model_and_test_design
Cryptococcus__4969636at2759__code1	10	1185	10	324	True	none_recorded	unchanged_by_declared_fcs_omission	10	2.3389517151539927	False		not_established	saturation_and_identifiability;alignment_and_copy_adequacy;selection_model_and_test_design
Cryptococcus__4969990at2759__code1	9	1056	9	142	True	none_recorded	unchanged_by_declared_fcs_omission	9	1.3867215927091514	False		not_established	saturation_and_identifiability;alignment_and_copy_adequacy;selection_model_and_test_design
Cryptococcus__4970387at2759__code1	10	450	10	145	True	none_recorded	unchanged_by_declared_fcs_omission	10	1.5559405207074803	False	near_zero_nucleotide_tree_edge	not_established	saturation_and_identifiability;alignment_and_copy_adequacy;selection_model_and_test_design
Cryptococcus__4970538at2759__code1	10	2829	10	829	True	none_recorded	unchanged_by_declared_fcs_omission	10	1.8011655644610218	False		not_established	saturation_and_identifiability;alignment_and_copy_adequacy;selection_model_and_test_design
Cryptococcus__4971272at2759__code1	10	1329	10	397	True	none_recorded	unchanged_by_declared_fcs_omission	10	1.43330164120906	False		not_established	saturation_and_identifiability;alignment_and_copy_adequacy;selection_model_and_test_design
Cryptococcus__4974767at2759__code1	10	441	10	79	True	none_recorded	unchanged_by_declared_fcs_omission	10	1.0925213662598994	False	near_zero_nucleotide_tree_edge	not_established	saturation_and_identifiability;alignment_and_copy_adequacy;selection_model_and_test_design
Cryptococcus__4975094at2759__code1	10	2934	10	836	True	none_recorded	unchanged_by_declared_fcs_omission	10	2.3020592014396923	False	near_zero_nucleotide_tree_edge	not_established	saturation_and_identifiability;alignment_and_copy_adequacy;selection_model_and_test_design
Cryptococcus__4976279at2759__code1	10	1266	10	437	True	none_recorded	unchanged_by_declared_fcs_omission	10	1.771381320253685	False	tree_nni_convergence_warning	not_established	saturation_and_identifiability;alignment_and_copy_adequacy;selection_model_and_test_design
Cryptococcus__4977163at2759__code1	10	552	10	180	True	none_recorded	unchanged_by_declared_fcs_omission	10	1.2437942489367986	False		not_established	saturation_and_identifiability;alignment_and_copy_adequacy;selection_model_and_test_design
Cryptococcus__4977863at2759__code1	10	1752	10	504	True	none_recorded	unchanged_by_declared_fcs_omission	10	1.4793520941465876	False		not_established	saturation_and_identifiability;alignment_and_copy_adequacy;selection_model_and_test_design
Cryptococcus__4983000at2759__code1	10	1488	10	422	True	none_recorded	unchanged_by_declared_fcs_omission	10	2.578920687483831	False	near_zero_nucleotide_tree_edge	not_established	saturation_and_identifiability;alignment_and_copy_adequacy;selection_model_and_test_design
Cryptococcus__4985971at2759__code1	10	1029	10	301	True	none_recorded	unchanged_by_declared_fcs_omission	10	2.0218276878101697	False	near_zero_nucleotide_tree_edge	not_established	saturation_and_identifiability;alignment_and_copy_adequacy;selection_model_and_test_design
Cryptococcus__4986044at2759__code1	9	1446	9	253	True	requires_gene_copy_reconciliation_before_confirmatory_single_ortholog_analysis	unchanged_by_declared_fcs_omission	9	1.5977253741398172	False	copy_reconciliation_required;tree_nni_convergence_warning	not_established	saturation_and_identifiability;alignment_and_copy_adequacy;selection_model_and_test_design
Cryptococcus__4987397at2759__code1	10	2613	10	687	True	none_recorded	unchanged_by_declared_fcs_omission	10	1.659519532539994	False		not_established	saturation_and_identifiability;alignment_and_copy_adequacy;selection_model_and_test_design
Cryptococcus__4988239at2759__code1	10	3003	10	795	True	none_recorded	unchanged_by_declared_fcs_omission	10	1.5810990921610588	False	tree_nni_convergence_warning	not_established	saturation_and_identifiability;alignment_and_copy_adequacy;selection_model_and_test_design
Cryptococcus__4999134at2759__code1	10	7008	10	1383	True	none_recorded	unchanged_by_declared_fcs_omission	10	1.0903215144383187	False		not_established	saturation_and_identifiability;alignment_and_copy_adequacy;selection_model_and_test_design
Cryptococcus__5000045at2759__code1	10	1143	10	326	True	none_recorded	unchanged_by_declared_fcs_omission	10	1.3767682893812747	False		not_established	saturation_and_identifiability;alignment_and_copy_adequacy;selection_model_and_test_design
Cryptococcus__5000152at2759__code1	10	3567	10	992	True	none_recorded	unchanged_by_declared_fcs_omission	10	1.8933902791383659	False		not_established	saturation_and_identifiability;alignment_and_copy_adequacy;selection_model_and_test_design
Cryptococcus__5000362at2759__code1	10	2694	10	806	True	none_recorded	unchanged_by_declared_fcs_omission	10	2.7904468132426508	False		not_established	saturation_and_identifiability;alignment_and_copy_adequacy;selection_model_and_test_design
Cryptococcus__5000371at2759__code1	10	1251	10	381	True	none_recorded	unchanged_by_declared_fcs_omission	10	1.8638734820530765	False		not_established	saturation_and_identifiability;alignment_and_copy_adequacy;selection_model_and_test_design
Cryptococcus__5000452at2759__code1	10	816	10	319	True	none_recorded	unchanged_by_declared_fcs_omission	10	3.194005409839919	False	near_zero_nucleotide_tree_edge	not_established	saturation_and_identifiability;alignment_and_copy_adequacy;selection_model_and_test_design
Cryptococcus__5000476at2759__code1	10	1128	10	355	True	none_recorded	unchanged_by_declared_fcs_omission	10	2.093432709437511	False	tree_nni_convergence_warning;near_zero_nucleotide_tree_edge	not_established	saturation_and_identifiability;alignment_and_copy_adequacy;selection_model_and_test_design
Cryptococcus__5000743at2759__code1	8	537	8	79	True	none_recorded	unchanged_by_declared_fcs_omission	8	2.913135603950225	False	near_zero_nucleotide_tree_edge	not_established	saturation_and_identifiability;alignment_and_copy_adequacy;selection_model_and_test_design
Cryptococcus__5000823at2759__code1	10	2571	10	630	True	none_recorded	unchanged_by_declared_fcs_omission	10	1.1717424567489807	False		not_established	saturation_and_identifiability;alignment_and_copy_adequacy;selection_model_and_test_design
Cryptococcus__5000870at2759__code1	10	2235	10	576	True	none_recorded	unchanged_by_declared_fcs_omission	10	1.0901586485811594	False		not_established	saturation_and_identifiability;alignment_and_copy_adequacy;selection_model_and_test_design
Cryptococcus__5000986at2759__code1	9	1437	9	495	True	none_recorded	unchanged_by_declared_fcs_omission	9	1.6414199215857952	False		not_established	saturation_and_identifiability;alignment_and_copy_adequacy;selection_model_and_test_design
Cryptococcus__5001156at2759__code1	10	882	10	311	True	none_recorded	unchanged_by_declared_fcs_omission	10	1.6549341688722299	False		not_established	saturation_and_identifiability;alignment_and_copy_adequacy;selection_model_and_test_design
Cryptococcus__5001273at2759__code1	10	705	10	249	True	none_recorded	unchanged_by_declared_fcs_omission	10	2.1045425517827026	False	tree_nni_convergence_warning;near_zero_nucleotide_tree_edge	not_established	saturation_and_identifiability;alignment_and_copy_adequacy;selection_model_and_test_design
Cryptococcus__5001280at2759__code1	10	2103	10	770	True	none_recorded	unchanged_by_declared_fcs_omission	10	3.0427546648808375	False		not_established	saturation_and_identifiability;alignment_and_copy_adequacy;selection_model_and_test_design
Cryptococcus__5001318at2759__code1	10	1215	10	368	True	none_recorded	unchanged_by_declared_fcs_omission	10	1.8843286872643952	False		not_established	saturation_and_identifiability;alignment_and_copy_adequacy;selection_model_and_test_design
Cryptococcus__5001413at2759__code1	10	843	10	210	True	none_recorded	unchanged_by_declared_fcs_omission	10	1.3889180252717326	False		not_established	saturation_and_identifiability;alignment_and_copy_adequacy;selection_model_and_test_design
Cryptococcus__5001473at2759__code1	9	357	9	48	True	none_recorded	unchanged_by_declared_fcs_omission	9	1.3042305447531886	False	tree_nni_convergence_warning;near_zero_nucleotide_tree_edge	not_established	saturation_and_identifiability;alignment_and_copy_adequacy;selection_model_and_test_design
Cryptococcus__5001660at2759__code1	10	1893	10	385	True	none_recorded	unchanged_by_declared_fcs_omission	10	1.0562079861492173	False		not_established	saturation_and_identifiability;alignment_and_copy_adequacy;selection_model_and_test_design
Cryptococcus__5001734at2759__code1	10	684	10	199	True	none_recorded	unchanged_by_declared_fcs_omission	10	1.4519682555522795	False	near_zero_nucleotide_tree_edge	not_established	saturation_and_identifiability;alignment_and_copy_adequacy;selection_model_and_test_design
Cryptococcus__5001941at2759__code1	10	2211	10	656	True	none_recorded	unchanged_by_declared_fcs_omission	10	1.5989935101030686	False		not_established	saturation_and_identifiability;alignment_and_copy_adequacy;selection_model_and_test_design
Cryptococcus__5002334at2759__code1	10	990	10	308	True	none_recorded	unchanged_by_declared_fcs_omission	10	1.433160714661663	False		not_established	saturation_and_identifiability;alignment_and_copy_adequacy;selection_model_and_test_design
Cryptococcus__5002573at2759__code1	10	1164	10	311	True	none_recorded	unchanged_by_declared_fcs_omission	10	1.4400595728094705	False		not_established	saturation_and_identifiability;alignment_and_copy_adequacy;selection_model_and_test_design
Cryptococcus__5003022at2759__code1	10	2562	10	672	True	none_recorded	unchanged_by_declared_fcs_omission	10	1.3000223621392804	False		not_established	saturation_and_identifiability;alignment_and_copy_adequacy;selection_model_and_test_design
Cryptococcus__5003192at2759__code1	9	1344	9	236	True	none_recorded	unchanged_by_declared_fcs_omission	9	1.4959125481780402	False	tree_nni_convergence_warning	not_established	saturation_and_identifiability;alignment_and_copy_adequacy;selection_model_and_test_design
Cryptococcus__5003205at2759__code1	10	3909	10	1369	True	none_recorded	unchanged_by_declared_fcs_omission	10	1.88673642237566	False		not_established	saturation_and_identifiability;alignment_and_copy_adequacy;selection_model_and_test_design
Cryptococcus__5003856at2759__code1	10	894	10	257	True	none_recorded	unchanged_by_declared_fcs_omission	10	1.5656290888724211	False	near_zero_nucleotide_tree_edge	not_established	saturation_and_identifiability;alignment_and_copy_adequacy;selection_model_and_test_design
Cryptococcus__5003972at2759__code1	9	741	9	90	True	none_recorded	unchanged_by_declared_fcs_omission	9	1.3417424906880628	False	near_zero_nucleotide_tree_edge	not_established	saturation_and_identifiability;alignment_and_copy_adequacy;selection_model_and_test_design
Cryptococcus__5004118at2759__code1	9	636	9	96	True	none_recorded	unchanged_by_declared_fcs_omission	9	1.17594579201701	False	near_zero_nucleotide_tree_edge	not_established	saturation_and_identifiability;alignment_and_copy_adequacy;selection_model_and_test_design
Cryptococcus__5004265at2759__code1	10	897	10	185	True	none_recorded	unchanged_by_declared_fcs_omission	10	1.9656787568221015	False	tree_nni_convergence_warning;near_zero_nucleotide_tree_edge	not_established	saturation_and_identifiability;alignment_and_copy_adequacy;selection_model_and_test_design
Cryptococcus__5004327at2759__code1	10	2373	10	716	True	none_recorded	unchanged_by_declared_fcs_omission	10	1.5175454450594024	False		not_established	saturation_and_identifiability;alignment_and_copy_adequacy;selection_model_and_test_design
Cryptococcus__5004391at2759__code1	9	2967	9	391	True	none_recorded	unchanged_by_declared_fcs_omission	9	1.3750386425340504	False		not_established	saturation_and_identifiability;alignment_and_copy_adequacy;selection_model_and_test_design
Cryptococcus__5004478at2759__code1	9	1239	9	212	True	none_recorded	unchanged_by_declared_fcs_omission	9	1.247512311063568	False	tree_nni_convergence_warning	not_established	saturation_and_identifiability;alignment_and_copy_adequacy;selection_model_and_test_design
Cryptococcus__5004599at2759__code1	10	2154	10	601	True	none_recorded	unchanged_by_declared_fcs_omission	10	1.5164140082978612	False		not_established	saturation_and_identifiability;alignment_and_copy_adequacy;selection_model_and_test_design
Cryptococcus__5005010at2759__code1	10	336	10	126	True	none_recorded	unchanged_by_declared_fcs_omission	10	4.164892779507752	False	near_zero_nucleotide_tree_edge	not_established	saturation_and_identifiability;alignment_and_copy_adequacy;selection_model_and_test_design
Cryptococcus__5005174at2759__code1	10	654	10	208	True	none_recorded	unchanged_by_declared_fcs_omission	10	1.012097623826934	False		not_established	saturation_and_identifiability;alignment_and_copy_adequacy;selection_model_and_test_design
Cryptococcus__5005196at2759__code1	10	1329	10	344	True	none_recorded	unchanged_by_declared_fcs_omission	10	1.7758102467275279	False		not_established	saturation_and_identifiability;alignment_and_copy_adequacy;selection_model_and_test_design
Cryptococcus__5005215at2759__code1	10	1692	10	418	True	none_recorded	unchanged_by_declared_fcs_omission	10	1.1751799278334083	False		not_established	saturation_and_identifiability;alignment_and_copy_adequacy;selection_model_and_test_design
Cryptococcus__5005217at2759__code1	9	1419	9	306	True	none_recorded	unchanged_by_declared_fcs_omission	9	1.7586610261923727	False		not_established	saturation_and_identifiability;alignment_and_copy_adequacy;selection_model_and_test_design
Cryptococcus__5005274at2759__code1	10	963	10	327	True	none_recorded	unchanged_by_declared_fcs_omission	10	1.8816253893191266	False	tree_nni_convergence_warning;near_zero_nucleotide_tree_edge	not_established	saturation_and_identifiability;alignment_and_copy_adequacy;selection_model_and_test_design
Cryptococcus__5005697at2759__code1	10	1686	10	526	True	none_recorded	unchanged_by_declared_fcs_omission	10	1.251849891432583	False		not_established	saturation_and_identifiability;alignment_and_copy_adequacy;selection_model_and_test_design
Cryptococcus__5005750at2759__code1	10	525	10	117	True	none_recorded	unchanged_by_declared_fcs_omission	10	1.8427680038654364	False	near_zero_nucleotide_tree_edge	not_established	saturation_and_identifiability;alignment_and_copy_adequacy;selection_model_and_test_design
Cryptococcus__5005892at2759__code1	10	1164	10	364	True	none_recorded	unchanged_by_declared_fcs_omission	10	1.909792117193303	False		not_established	saturation_and_identifiability;alignment_and_copy_adequacy;selection_model_and_test_design
Cryptococcus__5006326at2759__code1	10	1767	10	473	True	none_recorded	unchanged_by_declared_fcs_omission	10	1.1951619241815692	False		not_established	saturation_and_identifiability;alignment_and_copy_adequacy;selection_model_and_test_design
Cryptococcus__5006412at2759__code1	10	1590	10	527	True	none_recorded	unchanged_by_declared_fcs_omission	10	1.7139349172157357	False	tree_nni_convergence_warning;near_zero_nucleotide_tree_edge	not_established	saturation_and_identifiability;alignment_and_copy_adequacy;selection_model_and_test_design
Cryptococcus__5011777at2759__code1	10	2010	10	689	True	none_recorded	unchanged_by_declared_fcs_omission	10	1.244831409512044	False		not_established	saturation_and_identifiability;alignment_and_copy_adequacy;selection_model_and_test_design
Cryptococcus__5013042at2759__code1	10	1170	10	425	True	none_recorded	unchanged_by_declared_fcs_omission	10	1.9936232054929008	False	tree_nni_convergence_warning;near_zero_nucleotide_tree_edge	not_established	saturation_and_identifiability;alignment_and_copy_adequacy;selection_model_and_test_design
Cryptococcus__5013067at2759__code1	10	978	10	235	True	none_recorded	unchanged_by_declared_fcs_omission	10	1.1827034664396672	False		not_established	saturation_and_identifiability;alignment_and_copy_adequacy;selection_model_and_test_design
Cryptococcus__5013259at2759__code1	10	516	10	98	True	none_recorded	unchanged_by_declared_fcs_omission	10	0.8260218255667617	False	near_zero_nucleotide_tree_edge	not_established	saturation_and_identifiability;alignment_and_copy_adequacy;selection_model_and_test_design
Cryptococcus__5013539at2759__code1	10	822	10	210	True	none_recorded	unchanged_by_declared_fcs_omission	10	1.028919473359518	False	near_zero_nucleotide_tree_edge	not_established	saturation_and_identifiability;alignment_and_copy_adequacy;selection_model_and_test_design
Cryptococcus__5013726at2759__code1	10	546	10	138	True	none_recorded	unchanged_by_declared_fcs_omission	10	0.8825618818135142	False	tree_nni_convergence_warning;near_zero_nucleotide_tree_edge	not_established	saturation_and_identifiability;alignment_and_copy_adequacy;selection_model_and_test_design
Cryptococcus__5013738at2759__code1	10	675	10	154	True	none_recorded	unchanged_by_declared_fcs_omission	10	1.294790604970889	False		not_established	saturation_and_identifiability;alignment_and_copy_adequacy;selection_model_and_test_design
Cryptococcus__5013992at2759__code1	10	2412	10	597	True	none_recorded	unchanged_by_declared_fcs_omission	10	2.192355265477366	False		not_established	saturation_and_identifiability;alignment_and_copy_adequacy;selection_model_and_test_design
Cryptococcus__5014007at2759__code1	10	1779	10	548	True	none_recorded	unchanged_by_declared_fcs_omission	10	1.863687299708405	False		not_established	saturation_and_identifiability;alignment_and_copy_adequacy;selection_model_and_test_design
Cryptococcus__5015403at2759__code1	10	1239	10	367	True	none_recorded	unchanged_by_declared_fcs_omission	10	1.4598034936257158	False		not_established	saturation_and_identifiability;alignment_and_copy_adequacy;selection_model_and_test_design
Cryptococcus__5015647at2759__code1	10	2586	10	712	True	none_recorded	unchanged_by_declared_fcs_omission	10	1.3892247622740896	False		not_established	saturation_and_identifiability;alignment_and_copy_adequacy;selection_model_and_test_design
Cryptococcus__5015712at2759__code1	10	1434	10	374	True	none_recorded	unchanged_by_declared_fcs_omission	10	1.5320619771953268	False		not_established	saturation_and_identifiability;alignment_and_copy_adequacy;selection_model_and_test_design
Cryptococcus__5015742at2759__code1	10	1359	10	398	True	none_recorded	unchanged_by_declared_fcs_omission	10	1.6724339853790855	False		not_established	saturation_and_identifiability;alignment_and_copy_adequacy;selection_model_and_test_design
Cryptococcus__5015876at2759__code1	10	1512	10	400	True	none_recorded	unchanged_by_declared_fcs_omission	10	1.511730443465857	False		not_established	saturation_and_identifiability;alignment_and_copy_adequacy;selection_model_and_test_design
Cryptococcus__5017019at2759__code1	10	1194	10	388	True	none_recorded	unchanged_by_declared_fcs_omission	10	3.0625690929638734	False	tree_nni_convergence_warning;near_zero_nucleotide_tree_edge	not_established	saturation_and_identifiability;alignment_and_copy_adequacy;selection_model_and_test_design
Cryptococcus__5018803at2759__code1	10	2535	10	704	True	none_recorded	unchanged_by_declared_fcs_omission	10	1.3437967185164983	False		not_established	saturation_and_identifiability;alignment_and_copy_adequacy;selection_model_and_test_design
Cryptococcus__529759at2759__code1	10	735	10	154	True	none_recorded	unchanged_by_declared_fcs_omission	10	1.1591237160753505	False		not_established	saturation_and_identifiability;alignment_and_copy_adequacy;selection_model_and_test_design
Cryptococcus__530014at2759__code1	10	2559	10	668	True	none_recorded	unchanged_by_declared_fcs_omission	10	1.580424037867085	False		not_established	saturation_and_identifiability;alignment_and_copy_adequacy;selection_model_and_test_design
Cryptococcus__530740at2759__code1	10	843	10	261	True	none_recorded	unchanged_by_declared_fcs_omission	10	1.4721270505817035	False		not_established	saturation_and_identifiability;alignment_and_copy_adequacy;selection_model_and_test_design
Cryptococcus__538728at2759__code1	10	1563	10	441	True	none_recorded	unchanged_by_declared_fcs_omission	10	1.6064981563641465	False		not_established	saturation_and_identifiability;alignment_and_copy_adequacy;selection_model_and_test_design
Cryptococcus__538952at2759__code1	10	1368	10	434	True	none_recorded	unchanged_by_declared_fcs_omission	10	2.920591388648874	False	near_zero_nucleotide_tree_edge	not_established	saturation_and_identifiability;alignment_and_copy_adequacy;selection_model_and_test_design
Cryptococcus__539632at2759__code1	9	900	9	85	True	none_recorded	unchanged_by_declared_fcs_omission	9	0.9752870104573745	False	near_zero_nucleotide_tree_edge	not_established	saturation_and_identifiability;alignment_and_copy_adequacy;selection_model_and_test_design
Cryptococcus__540946at2759__code1	10	1233	10	410	True	none_recorded	unchanged_by_declared_fcs_omission	10	2.0195025596903466	False		not_established	saturation_and_identifiability;alignment_and_copy_adequacy;selection_model_and_test_design
Cryptococcus__541070at2759__code1	10	720	10	223	True	none_recorded	unchanged_by_declared_fcs_omission	10	1.5564942477941779	False		not_established	saturation_and_identifiability;alignment_and_copy_adequacy;selection_model_and_test_design
Cryptococcus__554735at2759__code1	10	765	10	177	True	none_recorded	unchanged_by_declared_fcs_omission	10	0.9541498878720117	False		not_established	saturation_and_identifiability;alignment_and_copy_adequacy;selection_model_and_test_design
Cryptococcus__649304at2759__code1	9	885	9	155	True	none_recorded	unchanged_by_declared_fcs_omission	9	2.145501794368079	False		not_established	saturation_and_identifiability;alignment_and_copy_adequacy;selection_model_and_test_design
Cryptococcus__707076at2759__code1	10	810	10	202	True	none_recorded	unchanged_by_declared_fcs_omission	10	1.4844118542614786	False	tree_nni_convergence_warning;near_zero_nucleotide_tree_edge	not_established	saturation_and_identifiability;alignment_and_copy_adequacy;selection_model_and_test_design
Cryptococcus__707202at2759__code1	7	1059	7	277	True	none_recorded	unchanged_by_declared_fcs_omission	7	2.4025298439006386	False		not_established	saturation_and_identifiability;alignment_and_copy_adequacy;selection_model_and_test_design
Cryptococcus__727964at2759__code1	10	1266	10	370	True	none_recorded	unchanged_by_declared_fcs_omission	10	2.2716862700930944	False		not_established	saturation_and_identifiability;alignment_and_copy_adequacy;selection_model_and_test_design
Cryptococcus__730114at2759__code1	9	1587	9	241	True	none_recorded	unchanged_by_declared_fcs_omission	9	1.1831832739402002	False		not_established	saturation_and_identifiability;alignment_and_copy_adequacy;selection_model_and_test_design
Cryptococcus__760428at2759__code1	9	1164	9	341	True	none_recorded	unchanged_by_declared_fcs_omission	9	1.4222965025910679	False	tree_nni_convergence_warning	not_established	saturation_and_identifiability;alignment_and_copy_adequacy;selection_model_and_test_design
Cryptococcus__776280at2759__code1	10	1416	10	503	True	none_recorded	unchanged_by_declared_fcs_omission	10	1.6078979259984574	False		not_established	saturation_and_identifiability;alignment_and_copy_adequacy;selection_model_and_test_design
Cryptococcus__801816at2759__code1	9	534	9	92	True	none_recorded	unchanged_by_declared_fcs_omission	9	1.1673427620889658	False		not_established	saturation_and_identifiability;alignment_and_copy_adequacy;selection_model_and_test_design
Fusarium__115730at2759__code1	10	957	10	334	True	none_recorded	unchanged_by_declared_fcs_omission	10	0.5477214623577757	False	near_zero_nucleotide_tree_edge	not_established	saturation_and_identifiability;alignment_and_copy_adequacy;selection_model_and_test_design
Fusarium__129234at2759__code1	10	570	10	114	True	none_recorded	unchanged_by_declared_fcs_omission	10	0.7365092358207027	False	near_zero_nucleotide_tree_edge	not_established	saturation_and_identifiability;alignment_and_copy_adequacy;selection_model_and_test_design
Fusarium__160487at2759__code1	10	2637	10	723	True	none_recorded	unchanged_by_declared_fcs_omission	10	0.9746808091404437	False		not_established	saturation_and_identifiability;alignment_and_copy_adequacy;selection_model_and_test_design
Fusarium__201273at2759__code1	10	777	10	121	True	none_recorded	unchanged_by_declared_fcs_omission	10	0.46994966915079717	False		not_established	saturation_and_identifiability;alignment_and_copy_adequacy;selection_model_and_test_design
Fusarium__207567at2759__code1	10	537	10	101	True	none_recorded	unchanged_by_declared_fcs_omission	10	0.8834819142684869	False	near_zero_nucleotide_tree_edge	not_established	saturation_and_identifiability;alignment_and_copy_adequacy;selection_model_and_test_design
Fusarium__260326at2759__code1	10	504	10	132	True	none_recorded	unchanged_by_declared_fcs_omission	10	1.5194847206801174	False		not_established	saturation_and_identifiability;alignment_and_copy_adequacy;selection_model_and_test_design
Fusarium__2852757at2759__code1	10	1479	10	322	True	none_recorded	unchanged_by_declared_fcs_omission	10	0.6417888661701694	False		not_established	saturation_and_identifiability;alignment_and_copy_adequacy;selection_model_and_test_design
Fusarium__288615at2759__code1	10	1986	10	556	True	none_recorded	unchanged_by_declared_fcs_omission	10	1.0719794103760623	False		not_established	saturation_and_identifiability;alignment_and_copy_adequacy;selection_model_and_test_design
Fusarium__319730at2759__code1	9	1329	9	233	True	none_recorded	unchanged_by_declared_fcs_omission	9	0.5182233624198657	False		not_established	saturation_and_identifiability;alignment_and_copy_adequacy;selection_model_and_test_design
Fusarium__340246at2759__code1	10	2073	10	549	True	none_recorded	unchanged_by_declared_fcs_omission	10	0.7208495322481806	False		not_established	saturation_and_identifiability;alignment_and_copy_adequacy;selection_model_and_test_design
Fusarium__345792at2759__code1	10	894	9	123	True	none_recorded	unchanged_by_declared_fcs_omission	10	0.20561873817168516	False	near_zero_nucleotide_tree_edge	not_established	saturation_and_identifiability;alignment_and_copy_adequacy;selection_model_and_test_design
Fusarium__352891at2759__code1	10	756	10	139	True	none_recorded	unchanged_by_declared_fcs_omission	10	0.6896288001505566	False	near_zero_nucleotide_tree_edge	not_established	saturation_and_identifiability;alignment_and_copy_adequacy;selection_model_and_test_design
Fusarium__3643464at2759__code1	10	2292	10	653	True	none_recorded	unchanged_by_declared_fcs_omission	10	1.0515781923756435	False		not_established	saturation_and_identifiability;alignment_and_copy_adequacy;selection_model_and_test_design
Fusarium__4613677at2759__code1	9	363	9	96	True	none_recorded	unchanged_by_declared_fcs_omission	9	0.778588402268314	False	tree_nni_convergence_warning;near_zero_nucleotide_tree_edge	not_established	saturation_and_identifiability;alignment_and_copy_adequacy;selection_model_and_test_design
Fusarium__4695236at2759__code1	10	3228	10	908	True	none_recorded	unchanged_by_declared_fcs_omission	10	0.7318044867530651	False		not_established	saturation_and_identifiability;alignment_and_copy_adequacy;selection_model_and_test_design
Fusarium__4747214at2759__code1	10	423	9	120	True	none_recorded	unchanged_by_declared_fcs_omission	10	0.8747399357831694	False	near_zero_nucleotide_tree_edge	not_established	saturation_and_identifiability;alignment_and_copy_adequacy;selection_model_and_test_design
Fusarium__4764044at2759__code1	10	1530	10	448	True	none_recorded	unchanged_by_declared_fcs_omission	10	0.8499256803009236	False		not_established	saturation_and_identifiability;alignment_and_copy_adequacy;selection_model_and_test_design
Fusarium__4810093at2759__code1	9	2385	9	567	True	none_recorded	unchanged_by_declared_fcs_omission	9	0.7554090602635563	False		not_established	saturation_and_identifiability;alignment_and_copy_adequacy;selection_model_and_test_design
Fusarium__4813267at2759__code1	10	2685	10	748	True	none_recorded	unchanged_by_declared_fcs_omission	10	0.9863039257068533	False		not_established	saturation_and_identifiability;alignment_and_copy_adequacy;selection_model_and_test_design
Fusarium__4823929at2759__code1	10	1242	10	401	True	none_recorded	unchanged_by_declared_fcs_omission	10	1.2081267931746074	False	near_zero_nucleotide_tree_edge	not_established	saturation_and_identifiability;alignment_and_copy_adequacy;selection_model_and_test_design
Fusarium__4837017at2759__code1	10	693	10	163	True	none_recorded	unchanged_by_declared_fcs_omission	10	1.0531097573514652	False		not_established	saturation_and_identifiability;alignment_and_copy_adequacy;selection_model_and_test_design
Fusarium__4838864at2759__code1	10	1833	10	455	True	none_recorded	unchanged_by_declared_fcs_omission	10	0.6839997584888836	False		not_established	saturation_and_identifiability;alignment_and_copy_adequacy;selection_model_and_test_design
Fusarium__4843240at2759__code1	9	2052	9	734	True	none_recorded	unchanged_by_declared_fcs_omission	9	1.1799967609754223	False		not_established	saturation_and_identifiability;alignment_and_copy_adequacy;selection_model_and_test_design
Fusarium__4843824at2759__code1	9	570	9	170	True	none_recorded	unchanged_by_declared_fcs_omission	9	13.137281196105343	False		not_established	saturation_and_identifiability;alignment_and_copy_adequacy;selection_model_and_test_design
Fusarium__4867008at2759__code1	10	522	10	139	True	none_recorded	unchanged_by_declared_fcs_omission	10	1.144608450571507	False	near_zero_nucleotide_tree_edge	not_established	saturation_and_identifiability;alignment_and_copy_adequacy;selection_model_and_test_design
Fusarium__4888252at2759__code1	9	2829	9	757	True	none_recorded	unchanged_by_declared_fcs_omission	9	1.0808588944291093	False		not_established	saturation_and_identifiability;alignment_and_copy_adequacy;selection_model_and_test_design
Fusarium__4896098at2759__code1	10	606	10	147	True	none_recorded	unchanged_by_declared_fcs_omission	10	0.940219690316335	False		not_established	saturation_and_identifiability;alignment_and_copy_adequacy;selection_model_and_test_design
Fusarium__4900375at2759__code1	10	624	10	178	True	none_recorded	unchanged_by_declared_fcs_omission	10	1.162518695057594	False	near_zero_nucleotide_tree_edge	not_established	saturation_and_identifiability;alignment_and_copy_adequacy;selection_model_and_test_design
Fusarium__4908955at2759__code1	10	966	9	227	True	none_recorded	unchanged_by_declared_fcs_omission	10	16.81098005144869	False	tree_pairwise_saturation_warning;near_zero_nucleotide_tree_edge	not_established	saturation_and_identifiability;alignment_and_copy_adequacy;selection_model_and_test_design
Fusarium__4911644at2759__code1	10	2874	10	775	True	none_recorded	unchanged_by_declared_fcs_omission	10	0.7215956594497103	False	near_zero_nucleotide_tree_edge	not_established	saturation_and_identifiability;alignment_and_copy_adequacy;selection_model_and_test_design
Fusarium__4940884at2759__code1	9	2784	9	764	True	none_recorded	unchanged_by_declared_fcs_omission	9	0.8074559869071458	False		not_established	saturation_and_identifiability;alignment_and_copy_adequacy;selection_model_and_test_design
Fusarium__4969018at2759__code1	10	1362	10	201	True	none_recorded	unchanged_by_declared_fcs_omission	10	0.2849890008346667	False	near_zero_nucleotide_tree_edge	not_established	saturation_and_identifiability;alignment_and_copy_adequacy;selection_model_and_test_design
Fusarium__4969636at2759__code1	10	1257	10	365	True	none_recorded	unchanged_by_declared_fcs_omission	10	0.8907237344136151	False		not_established	saturation_and_identifiability;alignment_and_copy_adequacy;selection_model_and_test_design
Fusarium__4969990at2759__code1	10	1056	10	259	True	none_recorded	unchanged_by_declared_fcs_omission	10	0.7549098470020128	False	tree_nni_convergence_warning;near_zero_nucleotide_tree_edge	not_established	saturation_and_identifiability;alignment_and_copy_adequacy;selection_model_and_test_design
Fusarium__4970387at2759__code1	10	438	10	113	True	none_recorded	unchanged_by_declared_fcs_omission	10	0.7029729396871253	False	tree_parameter_boundary_warning;near_zero_nucleotide_tree_edge	not_established	saturation_and_identifiability;alignment_and_copy_adequacy;selection_model_and_test_design
Fusarium__4970538at2759__code1	9	2859	9	791	True	none_recorded	unchanged_by_declared_fcs_omission	9	0.9216697377372988	False		not_established	saturation_and_identifiability;alignment_and_copy_adequacy;selection_model_and_test_design
Fusarium__4971272at2759__code1	10	1332	10	255	True	none_recorded	unchanged_by_declared_fcs_omission	10	0.5647820271627885	False		not_established	saturation_and_identifiability;alignment_and_copy_adequacy;selection_model_and_test_design
Fusarium__4974767at2759__code1	9	435	9	98	True	none_recorded	unchanged_by_declared_fcs_omission	9	1.096029154313645	False	tree_parameter_boundary_warning;near_zero_nucleotide_tree_edge	not_established	saturation_and_identifiability;alignment_and_copy_adequacy;selection_model_and_test_design
Fusarium__4975094at2759__code1	10	3036	10	687	True	none_recorded	unchanged_by_declared_fcs_omission	10	0.6988023661890757	False		not_established	saturation_and_identifiability;alignment_and_copy_adequacy;selection_model_and_test_design
Fusarium__4976279at2759__code1	8	1257	8	312	True	none_recorded	unchanged_by_declared_fcs_omission	8	1.0410949344021947	False	tree_nni_convergence_warning	not_established	saturation_and_identifiability;alignment_and_copy_adequacy;selection_model_and_test_design
Fusarium__4977163at2759__code1	9	555	9	160	True	none_recorded	unchanged_by_declared_fcs_omission	9	1.2656666711036448	False		not_established	saturation_and_identifiability;alignment_and_copy_adequacy;selection_model_and_test_design
Fusarium__4977863at2759__code1	10	1872	10	557	True	none_recorded	unchanged_by_declared_fcs_omission	10	0.7788361581790794	False		not_established	saturation_and_identifiability;alignment_and_copy_adequacy;selection_model_and_test_design
Fusarium__4983000at2759__code1	10	1461	10	415	True	none_recorded	unchanged_by_declared_fcs_omission	10	0.858661915617355	False		not_established	saturation_and_identifiability;alignment_and_copy_adequacy;selection_model_and_test_design
Fusarium__4985971at2759__code1	10	1044	10	205	True	none_recorded	unchanged_by_declared_fcs_omission	10	27.792859112488657	False	tree_pairwise_saturation_warning;near_zero_nucleotide_tree_edge	not_established	saturation_and_identifiability;alignment_and_copy_adequacy;selection_model_and_test_design
Fusarium__4986044at2759__code1	10	1443	10	388	True	requires_gene_copy_reconciliation_before_confirmatory_single_ortholog_analysis	unchanged_by_declared_fcs_omission	10	1.1832283096804448	False	copy_reconciliation_required	not_established	saturation_and_identifiability;alignment_and_copy_adequacy;selection_model_and_test_design
Fusarium__4987397at2759__code1	10	2643	10	719	True	none_recorded	unchanged_by_declared_fcs_omission	10	1.0326923548019304	False		not_established	saturation_and_identifiability;alignment_and_copy_adequacy;selection_model_and_test_design
Fusarium__4988239at2759__code1	10	3135	10	841	True	none_recorded	unchanged_by_declared_fcs_omission	10	0.783223651392561	False		not_established	saturation_and_identifiability;alignment_and_copy_adequacy;selection_model_and_test_design
Fusarium__4999134at2759__code1	10	6999	10	1599	True	none_recorded	unchanged_by_declared_fcs_omission	10	0.6923395161545831	False		not_established	saturation_and_identifiability;alignment_and_copy_adequacy;selection_model_and_test_design
Fusarium__5000045at2759__code1	9	1143	9	283	True	none_recorded	unchanged_by_declared_fcs_omission	9	1.005304582486933	False	near_zero_nucleotide_tree_edge	not_established	saturation_and_identifiability;alignment_and_copy_adequacy;selection_model_and_test_design
Fusarium__5000152at2759__code1	9	3567	9	984	True	none_recorded	unchanged_by_declared_fcs_omission	9	1.1974706176125451	False		not_established	saturation_and_identifiability;alignment_and_copy_adequacy;selection_model_and_test_design
Fusarium__5000362at2759__code1	10	2700	10	746	True	none_recorded	unchanged_by_declared_fcs_omission	10	0.5504315205017954	False		not_established	saturation_and_identifiability;alignment_and_copy_adequacy;selection_model_and_test_design
Fusarium__5000371at2759__code1	8	1239	8	287	True	none_recorded	unchanged_by_declared_fcs_omission	8	1.3470673045133097	False		not_established	saturation_and_identifiability;alignment_and_copy_adequacy;selection_model_and_test_design
Fusarium__5000452at2759__code1	10	861	10	223	True	none_recorded	unchanged_by_declared_fcs_omission	10	0.68012912030927	False	near_zero_nucleotide_tree_edge	not_established	saturation_and_identifiability;alignment_and_copy_adequacy;selection_model_and_test_design
Fusarium__5000476at2759__code1	10	1167	10	249	True	none_recorded	unchanged_by_declared_fcs_omission	10	0.6906550959026957	False	near_zero_nucleotide_tree_edge	not_established	saturation_and_identifiability;alignment_and_copy_adequacy;selection_model_and_test_design
Fusarium__5000743at2759__code1	9	540	9	130	True	none_recorded	unchanged_by_declared_fcs_omission	9	35.07669518648214	False	tree_pairwise_saturation_warning;near_zero_nucleotide_tree_edge	not_established	saturation_and_identifiability;alignment_and_copy_adequacy;selection_model_and_test_design
Fusarium__5000823at2759__code1	9	2874	9	598	True	none_recorded	unchanged_by_declared_fcs_omission	9	0.6503409196675857	False		not_established	saturation_and_identifiability;alignment_and_copy_adequacy;selection_model_and_test_design
Fusarium__5000870at2759__code1	10	2289	10	606	True	none_recorded	unchanged_by_declared_fcs_omission	10	0.6723824694181406	False		not_established	saturation_and_identifiability;alignment_and_copy_adequacy;selection_model_and_test_design
Fusarium__5000986at2759__code1	10	1500	10	397	True	none_recorded	unchanged_by_declared_fcs_omission	10	0.7896647896914645	False		not_established	saturation_and_identifiability;alignment_and_copy_adequacy;selection_model_and_test_design
Fusarium__5001156at2759__code1	10	984	10	331	True	none_recorded	unchanged_by_declared_fcs_omission	10	1.621241247884935	False		not_established	saturation_and_identifiability;alignment_and_copy_adequacy;selection_model_and_test_design
Fusarium__5001273at2759__code1	10	732	10	189	True	none_recorded	unchanged_by_declared_fcs_omission	10	1.7226507448730668	False	tree_nni_convergence_warning	not_established	saturation_and_identifiability;alignment_and_copy_adequacy;selection_model_and_test_design
Fusarium__5001280at2759__code1	10	2196	10	536	True	none_recorded	unchanged_by_declared_fcs_omission	10	0.655206654599401	False		not_established	saturation_and_identifiability;alignment_and_copy_adequacy;selection_model_and_test_design
Fusarium__5001318at2759__code1	10	1269	10	354	True	none_recorded	unchanged_by_declared_fcs_omission	10	20.59738497716873	False	tree_pairwise_saturation_warning;near_zero_nucleotide_tree_edge	not_established	saturation_and_identifiability;alignment_and_copy_adequacy;selection_model_and_test_design
Fusarium__5001413at2759__code1	10	840	10	201	True	none_recorded	unchanged_by_declared_fcs_omission	10	0.6976477964543942	False		not_established	saturation_and_identifiability;alignment_and_copy_adequacy;selection_model_and_test_design
Fusarium__5001473at2759__code1	10	369	10	78	True	none_recorded	unchanged_by_declared_fcs_omission	10	0.31033029720275385	False	near_zero_nucleotide_tree_edge	not_established	saturation_and_identifiability;alignment_and_copy_adequacy;selection_model_and_test_design
Fusarium__5001660at2759__code1	10	1914	10	357	True	none_recorded	unchanged_by_declared_fcs_omission	10	0.6460116283613169	False		not_established	saturation_and_identifiability;alignment_and_copy_adequacy;selection_model_and_test_design
Fusarium__5001734at2759__code1	10	678	10	171	True	none_recorded	unchanged_by_declared_fcs_omission	10	0.8279708809753736	False	near_zero_nucleotide_tree_edge	not_established	saturation_and_identifiability;alignment_and_copy_adequacy;selection_model_and_test_design
Fusarium__5001941at2759__code1	9	2349	9	641	True	none_recorded	unchanged_by_declared_fcs_omission	9	1.3132316028696165	False		not_established	saturation_and_identifiability;alignment_and_copy_adequacy;selection_model_and_test_design
Fusarium__5002334at2759__code1	10	1119	10	334	True	none_recorded	unchanged_by_declared_fcs_omission	10	0.8614908677146034	False		not_established	saturation_and_identifiability;alignment_and_copy_adequacy;selection_model_and_test_design
Fusarium__5002573at2759__code1	9	1149	9	342	True	none_recorded	unchanged_by_declared_fcs_omission	9	0.592342964247924	False		not_established	saturation_and_identifiability;alignment_and_copy_adequacy;selection_model_and_test_design
Fusarium__5003022at2759__code1	10	2535	10	637	True	none_recorded	unchanged_by_declared_fcs_omission	10	0.9127593328366725	False		not_established	saturation_and_identifiability;alignment_and_copy_adequacy;selection_model_and_test_design
Fusarium__5003192at2759__code1	10	1389	10	471	True	none_recorded	unchanged_by_declared_fcs_omission	10	1.569898740905202	False		not_established	saturation_and_identifiability;alignment_and_copy_adequacy;selection_model_and_test_design
Fusarium__5003205at2759__code1	10	4119	10	1170	True	none_recorded	unchanged_by_declared_fcs_omission	10	1.0151715890558124	False		not_established	saturation_and_identifiability;alignment_and_copy_adequacy;selection_model_and_test_design
Fusarium__5003856at2759__code1	10	861	10	236	True	none_recorded	unchanged_by_declared_fcs_omission	10	0.7035621814338578	False	near_zero_nucleotide_tree_edge	not_established	saturation_and_identifiability;alignment_and_copy_adequacy;selection_model_and_test_design
Fusarium__5003972at2759__code1	10	759	10	204	True	none_recorded	unchanged_by_declared_fcs_omission	10	0.7445604066266167	False	near_zero_nucleotide_tree_edge	not_established	saturation_and_identifiability;alignment_and_copy_adequacy;selection_model_and_test_design
Fusarium__5004118at2759__code1	10	627	10	185	True	none_recorded	unchanged_by_declared_fcs_omission	10	0.4527622958579136	False	near_zero_nucleotide_tree_edge	not_established	saturation_and_identifiability;alignment_and_copy_adequacy;selection_model_and_test_design
Fusarium__5004265at2759__code1	10	882	10	306	True	none_recorded	unchanged_by_declared_fcs_omission	10	0.9525370467093216	False		not_established	saturation_and_identifiability;alignment_and_copy_adequacy;selection_model_and_test_design
Fusarium__5004327at2759__code1	9	2289	9	712	True	none_recorded	unchanged_by_declared_fcs_omission	9	0.8996199011621712	False		not_established	saturation_and_identifiability;alignment_and_copy_adequacy;selection_model_and_test_design
Fusarium__5004391at2759__code1	10	3036	10	693	True	none_recorded	unchanged_by_declared_fcs_omission	10	0.5731214993042348	False		not_established	saturation_and_identifiability;alignment_and_copy_adequacy;selection_model_and_test_design
Fusarium__5004478at2759__code1	10	1242	10	322	True	none_recorded	unchanged_by_declared_fcs_omission	10	0.670472018822571	False		not_established	saturation_and_identifiability;alignment_and_copy_adequacy;selection_model_and_test_design
Fusarium__5004599at2759__code1	10	2235	10	621	True	none_recorded	unchanged_by_declared_fcs_omission	10	0.8341644130323682	False		not_established	saturation_and_identifiability;alignment_and_copy_adequacy;selection_model_and_test_design
Fusarium__5005010at2759__code1	10	342	9	56	True	none_recorded	unchanged_by_declared_fcs_omission	10	0.5862166017708844	False	near_zero_nucleotide_tree_edge	not_established	saturation_and_identifiability;alignment_and_copy_adequacy;selection_model_and_test_design
Fusarium__5005174at2759__code1	10	516	10	127	True	none_recorded	unchanged_by_declared_fcs_omission	10	1.1247468452800065	False	tree_nni_convergence_warning;near_zero_nucleotide_tree_edge	not_established	saturation_and_identifiability;alignment_and_copy_adequacy;selection_model_and_test_design
Fusarium__5005196at2759__code1	10	1320	10	367	True	none_recorded	unchanged_by_declared_fcs_omission	10	0.8194771021827782	False		not_established	saturation_and_identifiability;alignment_and_copy_adequacy;selection_model_and_test_design
Fusarium__5005215at2759__code1	10	1785	10	366	True	none_recorded	unchanged_by_declared_fcs_omission	10	0.6834196052376295	False		not_established	saturation_and_identifiability;alignment_and_copy_adequacy;selection_model_and_test_design
Fusarium__5005217at2759__code1	10	1422	10	425	True	none_recorded	unchanged_by_declared_fcs_omission	10	0.9960449816069703	False		not_established	saturation_and_identifiability;alignment_and_copy_adequacy;selection_model_and_test_design
Fusarium__5005274at2759__code1	10	1023	10	247	True	none_recorded	unchanged_by_declared_fcs_omission	10	0.8398848099616162	False	near_zero_nucleotide_tree_edge	not_established	saturation_and_identifiability;alignment_and_copy_adequacy;selection_model_and_test_design
Fusarium__5005697at2759__code1	10	1752	10	447	True	none_recorded	unchanged_by_declared_fcs_omission	10	1.102645152014503	False		not_established	saturation_and_identifiability;alignment_and_copy_adequacy;selection_model_and_test_design
Fusarium__5005750at2759__code1	9	540	9	72	True	none_recorded	unchanged_by_declared_fcs_omission	9	0.41550682632083535	False	tree_parameter_boundary_warning;near_zero_nucleotide_tree_edge	not_established	saturation_and_identifiability;alignment_and_copy_adequacy;selection_model_and_test_design
Fusarium__5005892at2759__code1	10	1110	10	348	True	none_recorded	unchanged_by_declared_fcs_omission	10	0.8616186653762973	False		not_established	saturation_and_identifiability;alignment_and_copy_adequacy;selection_model_and_test_design
Fusarium__5006326at2759__code1	9	1776	9	373	True	none_recorded	unchanged_by_declared_fcs_omission	9	0.6730314441054928	False		not_established	saturation_and_identifiability;alignment_and_copy_adequacy;selection_model_and_test_design
Fusarium__5006412at2759__code1	10	1677	10	461	True	none_recorded	unchanged_by_declared_fcs_omission	10	0.7678513331721801	False		not_established	saturation_and_identifiability;alignment_and_copy_adequacy;selection_model_and_test_design
Fusarium__5011777at2759__code1	10	2103	10	703	True	none_recorded	unchanged_by_declared_fcs_omission	10	0.9717112781472145	False		not_established	saturation_and_identifiability;alignment_and_copy_adequacy;selection_model_and_test_design
Fusarium__5013042at2759__code1	10	1224	10	385	True	none_recorded	unchanged_by_declared_fcs_omission	10	1.010548222231046	False	near_zero_nucleotide_tree_edge	not_established	saturation_and_identifiability;alignment_and_copy_adequacy;selection_model_and_test_design
Fusarium__5013067at2759__code1	10	984	10	137	True	none_recorded	unchanged_by_declared_fcs_omission	10	0.38281798581690857	False		not_established	saturation_and_identifiability;alignment_and_copy_adequacy;selection_model_and_test_design
Fusarium__5013259at2759__code1	10	501	10	147	True	none_recorded	unchanged_by_declared_fcs_omission	10	1.9080055203679274	False	near_zero_nucleotide_tree_edge	not_established	saturation_and_identifiability;alignment_and_copy_adequacy;selection_model_and_test_design
Fusarium__5013539at2759__code1	10	852	10	192	True	none_recorded	unchanged_by_declared_fcs_omission	10	0.5518155633504281	False		not_established	saturation_and_identifiability;alignment_and_copy_adequacy;selection_model_and_test_design
Fusarium__5013726at2759__code1	10	549	10	113	True	none_recorded	unchanged_by_declared_fcs_omission	10	0.7161720467956548	False		not_established	saturation_and_identifiability;alignment_and_copy_adequacy;selection_model_and_test_design
Fusarium__5013738at2759__code1	9	738	9	178	True	none_recorded	unchanged_by_declared_fcs_omission	9	0.5336311062061705	False	near_zero_nucleotide_tree_edge	not_established	saturation_and_identifiability;alignment_and_copy_adequacy;selection_model_and_test_design
Fusarium__5013992at2759__code1	9	2433	9	715	True	none_recorded	unchanged_by_declared_fcs_omission	9	1.3779962103687193	False		not_established	saturation_and_identifiability;alignment_and_copy_adequacy;selection_model_and_test_design
Fusarium__5014007at2759__code1	9	1773	9	448	True	none_recorded	unchanged_by_declared_fcs_omission	9	0.7926414217431733	False		not_established	saturation_and_identifiability;alignment_and_copy_adequacy;selection_model_and_test_design
Fusarium__5015403at2759__code1	10	1278	10	316	True	none_recorded	unchanged_by_declared_fcs_omission	10	0.7040934036452792	False		not_established	saturation_and_identifiability;alignment_and_copy_adequacy;selection_model_and_test_design
Fusarium__5015647at2759__code1	10	2613	10	662	True	none_recorded	unchanged_by_declared_fcs_omission	10	0.6882854078989173	False		not_established	saturation_and_identifiability;alignment_and_copy_adequacy;selection_model_and_test_design
Fusarium__5015712at2759__code1	10	1443	10	360	True	none_recorded	unchanged_by_declared_fcs_omission	10	0.5951790446053912	False		not_established	saturation_and_identifiability;alignment_and_copy_adequacy;selection_model_and_test_design
Fusarium__5015742at2759__code1	10	1440	10	396	True	none_recorded	unchanged_by_declared_fcs_omission	10	1.2973103035683637	False		not_established	saturation_and_identifiability;alignment_and_copy_adequacy;selection_model_and_test_design
Fusarium__5015876at2759__code1	10	1575	10	389	True	none_recorded	unchanged_by_declared_fcs_omission	10	0.8320459035071723	False		not_established	saturation_and_identifiability;alignment_and_copy_adequacy;selection_model_and_test_design
Fusarium__5017019at2759__code1	10	1194	10	311	True	none_recorded	unchanged_by_declared_fcs_omission	10	0.8593576834373631	False		not_established	saturation_and_identifiability;alignment_and_copy_adequacy;selection_model_and_test_design
Fusarium__5018803at2759__code1	10	2511	10	809	True	none_recorded	unchanged_by_declared_fcs_omission	10	0.920476497187256	False	near_zero_nucleotide_tree_edge	not_established	saturation_and_identifiability;alignment_and_copy_adequacy;selection_model_and_test_design
Fusarium__529759at2759__code1	10	732	10	139	True	none_recorded	unchanged_by_declared_fcs_omission	10	0.885128590579048	False	near_zero_nucleotide_tree_edge	not_established	saturation_and_identifiability;alignment_and_copy_adequacy;selection_model_and_test_design
Fusarium__530014at2759__code1	9	2550	9	609	True	none_recorded	unchanged_by_declared_fcs_omission	9	0.9192841569041851	False		not_established	saturation_and_identifiability;alignment_and_copy_adequacy;selection_model_and_test_design
Fusarium__530740at2759__code1	8	873	8	232	True	none_recorded	unchanged_by_declared_fcs_omission	8	4.5350167559199415	False		not_established	saturation_and_identifiability;alignment_and_copy_adequacy;selection_model_and_test_design
Fusarium__538728at2759__code1	9	1590	9	421	True	none_recorded	unchanged_by_declared_fcs_omission	9	0.9247311667988615	False	near_zero_nucleotide_tree_edge	not_established	saturation_and_identifiability;alignment_and_copy_adequacy;selection_model_and_test_design
Fusarium__538952at2759__code1	10	1446	10	340	True	none_recorded	unchanged_by_declared_fcs_omission	10	0.6189208181600396	False		not_established	saturation_and_identifiability;alignment_and_copy_adequacy;selection_model_and_test_design
Fusarium__539632at2759__code1	9	915	9	209	True	none_recorded	unchanged_by_declared_fcs_omission	9	0.4107003638161306	False	near_zero_nucleotide_tree_edge	not_established	saturation_and_identifiability;alignment_and_copy_adequacy;selection_model_and_test_design
Fusarium__540946at2759__code1	9	1287	9	303	True	none_recorded	unchanged_by_declared_fcs_omission	9	0.7016098942263692	False	near_zero_nucleotide_tree_edge	not_established	saturation_and_identifiability;alignment_and_copy_adequacy;selection_model_and_test_design
Fusarium__541070at2759__code1	10	741	10	214	True	none_recorded	unchanged_by_declared_fcs_omission	10	0.744433604775374	False	near_zero_nucleotide_tree_edge	not_established	saturation_and_identifiability;alignment_and_copy_adequacy;selection_model_and_test_design
Fusarium__554735at2759__code1	9	762	9	184	True	none_recorded	unchanged_by_declared_fcs_omission	9	0.9387593015348367	False		not_established	saturation_and_identifiability;alignment_and_copy_adequacy;selection_model_and_test_design
Fusarium__649304at2759__code1	10	939	10	273	True	none_recorded	unchanged_by_declared_fcs_omission	10	0.8825835025178177	False	near_zero_nucleotide_tree_edge	not_established	saturation_and_identifiability;alignment_and_copy_adequacy;selection_model_and_test_design
Fusarium__707076at2759__code1	10	780	10	203	True	none_recorded	unchanged_by_declared_fcs_omission	10	0.832106261739765	False		not_established	saturation_and_identifiability;alignment_and_copy_adequacy;selection_model_and_test_design
Fusarium__707202at2759__code1	10	1065	10	276	True	none_recorded	unchanged_by_declared_fcs_omission	10	0.7845684481411447	False		not_established	saturation_and_identifiability;alignment_and_copy_adequacy;selection_model_and_test_design
Fusarium__727964at2759__code1	10	1344	10	386	True	none_recorded	unchanged_by_declared_fcs_omission	10	0.9264242365851028	False		not_established	saturation_and_identifiability;alignment_and_copy_adequacy;selection_model_and_test_design
Fusarium__730114at2759__code1	9	1596	9	367	True	none_recorded	unchanged_by_declared_fcs_omission	9	1.1061257084405136	False		not_established	saturation_and_identifiability;alignment_and_copy_adequacy;selection_model_and_test_design
Fusarium__760428at2759__code1	9	1179	9	299	True	none_recorded	unchanged_by_declared_fcs_omission	9	0.549338029638804	False		not_established	saturation_and_identifiability;alignment_and_copy_adequacy;selection_model_and_test_design
Fusarium__776280at2759__code1	10	1482	10	517	True	none_recorded	unchanged_by_declared_fcs_omission	10	1.0879979019180135	False		not_established	saturation_and_identifiability;alignment_and_copy_adequacy;selection_model_and_test_design
Fusarium__801816at2759__code1	10	558	10	118	True	none_recorded	unchanged_by_declared_fcs_omission	10	0.5291012117800098	False	near_zero_nucleotide_tree_edge	not_established	saturation_and_identifiability;alignment_and_copy_adequacy;selection_model_and_test_design
Malassezia__115730at2759__code1	5	954	5	166	True	none_recorded	unchanged_by_declared_fcs_omission	5	1.6619036210260207	False		not_established	saturation_and_identifiability;alignment_and_copy_adequacy;selection_model_and_test_design
Malassezia__160487at2759__code1	5	2613	5	481	True	none_recorded	unchanged_by_declared_fcs_omission	5	0.9151518802845008	False		not_established	saturation_and_identifiability;alignment_and_copy_adequacy;selection_model_and_test_design
Malassezia__201273at2759__code1	5	780	5	112	True	none_recorded	unchanged_by_declared_fcs_omission	5	1.064584917312484	False		not_established	saturation_and_identifiability;alignment_and_copy_adequacy;selection_model_and_test_design
Malassezia__207567at2759__code1	5	540	5	81	True	none_recorded	unchanged_by_declared_fcs_omission	5	1.7963922305544462	False	tree_parameter_boundary_warning	not_established	saturation_and_identifiability;alignment_and_copy_adequacy;selection_model_and_test_design
Malassezia__2852757at2759__code1	5	1419	5	246	True	none_recorded	unchanged_by_declared_fcs_omission	5	0.9686528732693263	False		not_established	saturation_and_identifiability;alignment_and_copy_adequacy;selection_model_and_test_design
Malassezia__288615at2759__code1	5	1833	5	374	True	none_recorded	unchanged_by_declared_fcs_omission	5	1.6653723431301861	False		not_established	saturation_and_identifiability;alignment_and_copy_adequacy;selection_model_and_test_design
Malassezia__319730at2759__code1	5	1344	5	181	True	none_recorded	unchanged_by_declared_fcs_omission	5	0.9400763103893639	False		not_established	saturation_and_identifiability;alignment_and_copy_adequacy;selection_model_and_test_design
Malassezia__340246at2759__code1	5	1989	5	396	True	none_recorded	unchanged_by_declared_fcs_omission	5	1.5046541218499658	False		not_established	saturation_and_identifiability;alignment_and_copy_adequacy;selection_model_and_test_design
Malassezia__345792at2759__code1	5	885	5	140	True	none_recorded	unchanged_by_declared_fcs_omission	5	1.0661420604583987	False	tree_parameter_boundary_warning	not_established	saturation_and_identifiability;alignment_and_copy_adequacy;selection_model_and_test_design
Malassezia__352891at2759__code1	5	741	5	150	True	none_recorded	unchanged_by_declared_fcs_omission	5	0.9517268446201101	False		not_established	saturation_and_identifiability;alignment_and_copy_adequacy;selection_model_and_test_design
Malassezia__3643464at2759__code1	5	1842	5	407	True	none_recorded	unchanged_by_declared_fcs_omission	5	0.9084177038177706	False		not_established	saturation_and_identifiability;alignment_and_copy_adequacy;selection_model_and_test_design
Malassezia__4613677at2759__code1	5	366	5	79	True	none_recorded	unchanged_by_declared_fcs_omission	5	1.3355610151050745	False		not_established	saturation_and_identifiability;alignment_and_copy_adequacy;selection_model_and_test_design
Malassezia__4695236at2759__code1	5	3210	5	505	True	none_recorded	unchanged_by_declared_fcs_omission	5	0.925171389562374	False		not_established	saturation_and_identifiability;alignment_and_copy_adequacy;selection_model_and_test_design
Malassezia__4747214at2759__code1	5	411	5	60	True	none_recorded	unchanged_by_declared_fcs_omission	5	0.789312370210812	False		not_established	saturation_and_identifiability;alignment_and_copy_adequacy;selection_model_and_test_design
Malassezia__4764044at2759__code1	5	1443	5	321	True	none_recorded	unchanged_by_declared_fcs_omission	5	1.0900638266029137	False		not_established	saturation_and_identifiability;alignment_and_copy_adequacy;selection_model_and_test_design
Malassezia__4803900at2759__code1	5	363	5	54	True	none_recorded	unchanged_by_declared_fcs_omission	5	1.152054708126062	False		not_established	saturation_and_identifiability;alignment_and_copy_adequacy;selection_model_and_test_design
Malassezia__4810093at2759__code1	5	2295	5	499	True	none_recorded	unchanged_by_declared_fcs_omission	5	1.152060020780735	False		not_established	saturation_and_identifiability;alignment_and_copy_adequacy;selection_model_and_test_design
Malassezia__4813267at2759__code1	5	2379	5	409	True	none_recorded	unchanged_by_declared_fcs_omission	5	0.8213376820225059	False		not_established	saturation_and_identifiability;alignment_and_copy_adequacy;selection_model_and_test_design
Malassezia__4823929at2759__code1	5	1209	5	243	True	none_recorded	unchanged_by_declared_fcs_omission	5	0.9701441449044225	False		not_established	saturation_and_identifiability;alignment_and_copy_adequacy;selection_model_and_test_design
Malassezia__4837017at2759__code1	5	684	5	138	True	none_recorded	unchanged_by_declared_fcs_omission	5	2.507073123218548	False		not_established	saturation_and_identifiability;alignment_and_copy_adequacy;selection_model_and_test_design
Malassezia__4838864at2759__code1	5	1800	5	381	True	none_recorded	unchanged_by_declared_fcs_omission	5	1.3905911330976055	False		not_established	saturation_and_identifiability;alignment_and_copy_adequacy;selection_model_and_test_design
Malassezia__4843240at2759__code1	5	1338	5	236	True	none_recorded	unchanged_by_declared_fcs_omission	5	1.7729910095584511	False		not_established	saturation_and_identifiability;alignment_and_copy_adequacy;selection_model_and_test_design
Malassezia__4843824at2759__code1	5	570	5	113	True	none_recorded	unchanged_by_declared_fcs_omission	5	3.782761482801516	False		not_established	saturation_and_identifiability;alignment_and_copy_adequacy;selection_model_and_test_design
Malassezia__4867008at2759__code1	5	540	5	106	True	none_recorded	unchanged_by_declared_fcs_omission	5	1.1424280127478783	False		not_established	saturation_and_identifiability;alignment_and_copy_adequacy;selection_model_and_test_design
Malassezia__4888252at2759__code1	5	2430	5	679	True	none_recorded	unchanged_by_declared_fcs_omission	5	1.7821904602736713	False		not_established	saturation_and_identifiability;alignment_and_copy_adequacy;selection_model_and_test_design
Malassezia__4896098at2759__code1	4	540	4	47	True	none_recorded	unchanged_by_declared_fcs_omission	4	2.3485001030285657	False		not_established	saturation_and_identifiability;alignment_and_copy_adequacy;selection_model_and_test_design
Malassezia__4900375at2759__code1	4	618	4	68	True	none_recorded	unchanged_by_declared_fcs_omission	4	2.7899159815085595	False		not_established	saturation_and_identifiability;alignment_and_copy_adequacy;selection_model_and_test_design
Malassezia__4908955at2759__code1	5	939	5	220	True	none_recorded	unchanged_by_declared_fcs_omission	5	1.5246951535592987	False		not_established	saturation_and_identifiability;alignment_and_copy_adequacy;selection_model_and_test_design
Malassezia__4911644at2759__code1	5	2709	5	580	True	none_recorded	unchanged_by_declared_fcs_omission	5	1.0494321827618118	False		not_established	saturation_and_identifiability;alignment_and_copy_adequacy;selection_model_and_test_design
Malassezia__4940884at2759__code1	5	2352	5	572	True	none_recorded	unchanged_by_declared_fcs_omission	5	2.584496502249416	True	multistart_refit_identifiability_unresolved	not_established	saturation_and_identifiability;alignment_and_copy_adequacy;selection_model_and_test_design
Malassezia__4969018at2759__code1	5	1326	5	187	True	none_recorded	unchanged_by_declared_fcs_omission	5	0.872964670392704	False		not_established	saturation_and_identifiability;alignment_and_copy_adequacy;selection_model_and_test_design
Malassezia__4969636at2759__code1	5	1146	5	237	True	none_recorded	unchanged_by_declared_fcs_omission	5	1.3152997667800792	False		not_established	saturation_and_identifiability;alignment_and_copy_adequacy;selection_model_and_test_design
Malassezia__4969990at2759__code1	4	1050	4	90	True	none_recorded	unchanged_by_declared_fcs_omission	4	1.116806843067779	False		not_established	saturation_and_identifiability;alignment_and_copy_adequacy;selection_model_and_test_design
Malassezia__4970387at2759__code1	4	387	4	39	True	none_recorded	unchanged_by_declared_fcs_omission	4	1.4065614750660282	False		not_established	saturation_and_identifiability;alignment_and_copy_adequacy;selection_model_and_test_design
Malassezia__4970538at2759__code1	5	2826	5	588	True	none_recorded	unchanged_by_declared_fcs_omission	5	1.498739030527042	False		not_established	saturation_and_identifiability;alignment_and_copy_adequacy;selection_model_and_test_design
Malassezia__4971272at2759__code1	5	1302	5	265	True	none_recorded	unchanged_by_declared_fcs_omission	5	1.511232749265417	False		not_established	saturation_and_identifiability;alignment_and_copy_adequacy;selection_model_and_test_design
Malassezia__4974767at2759__code1	4	441	4	30	True	none_recorded	unchanged_by_declared_fcs_omission	4	1.624813098489445	False		not_established	saturation_and_identifiability;alignment_and_copy_adequacy;selection_model_and_test_design
Malassezia__4976279at2759__code1	4	747	4	78	True	none_recorded	unchanged_by_declared_fcs_omission	4	4.576186322780833	True	multistart_refit_identifiability_unresolved	not_established	saturation_and_identifiability;alignment_and_copy_adequacy;selection_model_and_test_design
Malassezia__4977863at2759__code1	5	1647	5	355	True	none_recorded	unchanged_by_declared_fcs_omission	5	1.488258208791857	False		not_established	saturation_and_identifiability;alignment_and_copy_adequacy;selection_model_and_test_design
Malassezia__4983000at2759__code1	5	1476	5	266	True	none_recorded	unchanged_by_declared_fcs_omission	5	1.1305696765716495	False		not_established	saturation_and_identifiability;alignment_and_copy_adequacy;selection_model_and_test_design
Malassezia__4985971at2759__code1	5	978	5	187	True	none_recorded	unchanged_by_declared_fcs_omission	5	1.2209639624407216	False		not_established	saturation_and_identifiability;alignment_and_copy_adequacy;selection_model_and_test_design
Malassezia__4986044at2759__code1	5	1287	5	162	True	requires_gene_copy_reconciliation_before_confirmatory_single_ortholog_analysis	unchanged_by_declared_fcs_omission	5	36.667298406485614	False	copy_reconciliation_required;tree_pairwise_saturation_warning;near_zero_nucleotide_tree_edge	not_established	saturation_and_identifiability;alignment_and_copy_adequacy;selection_model_and_test_design
Malassezia__4987397at2759__code1	5	2547	5	504	True	none_recorded	unchanged_by_declared_fcs_omission	5	1.1324409771412973	False		not_established	saturation_and_identifiability;alignment_and_copy_adequacy;selection_model_and_test_design
Malassezia__4988239at2759__code1	5	2904	5	567	True	none_recorded	unchanged_by_declared_fcs_omission	5	1.01860796553625	False		not_established	saturation_and_identifiability;alignment_and_copy_adequacy;selection_model_and_test_design
Malassezia__4999134at2759__code1	5	6993	5	1115	True	none_recorded	unchanged_by_declared_fcs_omission	5	1.0363438573287493	False		not_established	saturation_and_identifiability;alignment_and_copy_adequacy;selection_model_and_test_design
Malassezia__5000045at2759__code1	5	1131	5	196	True	none_recorded	unchanged_by_declared_fcs_omission	5	1.1330727681170791	False		not_established	saturation_and_identifiability;alignment_and_copy_adequacy;selection_model_and_test_design
Malassezia__5000152at2759__code1	5	3495	5	803	True	none_recorded	unchanged_by_declared_fcs_omission	5	1.6154247954165502	False	tree_nni_convergence_warning	not_established	saturation_and_identifiability;alignment_and_copy_adequacy;selection_model_and_test_design
Malassezia__5000362at2759__code1	5	2676	5	627	True	none_recorded	unchanged_by_declared_fcs_omission	5	1.254696806641466	False		not_established	saturation_and_identifiability;alignment_and_copy_adequacy;selection_model_and_test_design
Malassezia__5000371at2759__code1	4	1191	4	128	True	none_recorded	unchanged_by_declared_fcs_omission	4	1.4171041674037796	False		not_established	saturation_and_identifiability;alignment_and_copy_adequacy;selection_model_and_test_design
Malassezia__5000452at2759__code1	5	834	5	206	True	none_recorded	unchanged_by_declared_fcs_omission	5	8.070855722207769	False		not_established	saturation_and_identifiability;alignment_and_copy_adequacy;selection_model_and_test_design
Malassezia__5000476at2759__code1	5	1149	5	226	True	none_recorded	unchanged_by_declared_fcs_omission	5	1.1862649158564003	False		not_established	saturation_and_identifiability;alignment_and_copy_adequacy;selection_model_and_test_design
Malassezia__5000743at2759__code1	5	495	5	94	True	none_recorded	unchanged_by_declared_fcs_omission	5	14.75042054959284	False	near_zero_nucleotide_tree_edge	not_established	saturation_and_identifiability;alignment_and_copy_adequacy;selection_model_and_test_design
Malassezia__5000823at2759__code1	5	2763	5	446	True	none_recorded	unchanged_by_declared_fcs_omission	5	0.9536663278749192	False		not_established	saturation_and_identifiability;alignment_and_copy_adequacy;selection_model_and_test_design
Malassezia__5000870at2759__code1	5	2238	5	425	True	none_recorded	unchanged_by_declared_fcs_omission	5	0.8971197461290522	False		not_established	saturation_and_identifiability;alignment_and_copy_adequacy;selection_model_and_test_design
Malassezia__5000986at2759__code1	5	1335	5	268	True	none_recorded	unchanged_by_declared_fcs_omission	5	1.3503802681607469	False		not_established	saturation_and_identifiability;alignment_and_copy_adequacy;selection_model_and_test_design
Malassezia__5001156at2759__code1	5	963	5	208	True	none_recorded	unchanged_by_declared_fcs_omission	5	1.4641548757941958	False		not_established	saturation_and_identifiability;alignment_and_copy_adequacy;selection_model_and_test_design
Malassezia__5001280at2759__code1	5	2097	5	404	True	none_recorded	unchanged_by_declared_fcs_omission	5	1.304863242943102	False		not_established	saturation_and_identifiability;alignment_and_copy_adequacy;selection_model_and_test_design
Malassezia__5001413at2759__code1	5	825	5	173	True	none_recorded	unchanged_by_declared_fcs_omission	5	12.116184315288404	False	tree_parameter_boundary_warning;tree_nni_convergence_warning	not_established	saturation_and_identifiability;alignment_and_copy_adequacy;selection_model_and_test_design
Malassezia__5001473at2759__code1	5	351	5	83	True	none_recorded	unchanged_by_declared_fcs_omission	5	9.221014545765923	False	tree_parameter_boundary_warning;near_zero_nucleotide_tree_edge	not_established	saturation_and_identifiability;alignment_and_copy_adequacy;selection_model_and_test_design
Malassezia__5001660at2759__code1	5	1920	5	338	True	none_recorded	unchanged_by_declared_fcs_omission	5	1.478444116686237	False		not_established	saturation_and_identifiability;alignment_and_copy_adequacy;selection_model_and_test_design
Malassezia__5001734at2759__code1	4	645	4	81	True	none_recorded	unchanged_by_declared_fcs_omission	4	1.4844707136184012	False		not_established	saturation_and_identifiability;alignment_and_copy_adequacy;selection_model_and_test_design
Malassezia__5001941at2759__code1	5	2220	5	401	True	none_recorded	unchanged_by_declared_fcs_omission	5	1.3752999588288708	False		not_established	saturation_and_identifiability;alignment_and_copy_adequacy;selection_model_and_test_design
Malassezia__5002334at2759__code1	5	966	5	186	True	none_recorded	unchanged_by_declared_fcs_omission	5	1.1485832041279564	False		not_established	saturation_and_identifiability;alignment_and_copy_adequacy;selection_model_and_test_design
Malassezia__5002573at2759__code1	5	1158	5	227	True	none_recorded	unchanged_by_declared_fcs_omission	5	1.6576781568678265	False		not_established	saturation_and_identifiability;alignment_and_copy_adequacy;selection_model_and_test_design
Malassezia__5003022at2759__code1	5	2493	5	490	True	none_recorded	unchanged_by_declared_fcs_omission	5	1.690015883687894	False		not_established	saturation_and_identifiability;alignment_and_copy_adequacy;selection_model_and_test_design
Malassezia__5003192at2759__code1	5	1362	5	320	True	none_recorded	unchanged_by_declared_fcs_omission	5	1.3015102313648765	False		not_established	saturation_and_identifiability;alignment_and_copy_adequacy;selection_model_and_test_design
Malassezia__5003205at2759__code1	5	3780	5	736	True	none_recorded	unchanged_by_declared_fcs_omission	5	0.7901805256556782	False		not_established	saturation_and_identifiability;alignment_and_copy_adequacy;selection_model_and_test_design
Malassezia__5003856at2759__code1	5	831	5	132	True	none_recorded	unchanged_by_declared_fcs_omission	5	2.596695520424401	False		not_established	saturation_and_identifiability;alignment_and_copy_adequacy;selection_model_and_test_design
Malassezia__5003972at2759__code1	5	690	5	107	True	none_recorded	unchanged_by_declared_fcs_omission	5	1.2051290765035376	False		not_established	saturation_and_identifiability;alignment_and_copy_adequacy;selection_model_and_test_design
Malassezia__5004118at2759__code1	5	633	5	140	True	none_recorded	unchanged_by_declared_fcs_omission	5	2.003301031088284	False		not_established	saturation_and_identifiability;alignment_and_copy_adequacy;selection_model_and_test_design
Malassezia__5004265at2759__code1	5	864	5	166	True	none_recorded	unchanged_by_declared_fcs_omission	5	1.468295026398039	False	tree_parameter_boundary_warning	not_established	saturation_and_identifiability;alignment_and_copy_adequacy;selection_model_and_test_design
Malassezia__5004327at2759__code1	4	2331	4	222	True	none_recorded	unchanged_by_declared_fcs_omission	4	1.197948134343129	False		not_established	saturation_and_identifiability;alignment_and_copy_adequacy;selection_model_and_test_design
Malassezia__5004391at2759__code1	5	2766	5	493	True	none_recorded	unchanged_by_declared_fcs_omission	5	1.0827004325204308	False		not_established	saturation_and_identifiability;alignment_and_copy_adequacy;selection_model_and_test_design
Malassezia__5004478at2759__code1	5	1236	5	214	True	none_recorded	unchanged_by_declared_fcs_omission	5	1.1878497719013392	False		not_established	saturation_and_identifiability;alignment_and_copy_adequacy;selection_model_and_test_design
Malassezia__5004599at2759__code1	5	2070	5	387	True	none_recorded	unchanged_by_declared_fcs_omission	5	1.3429155482788968	False	tree_nni_convergence_warning	not_established	saturation_and_identifiability;alignment_and_copy_adequacy;selection_model_and_test_design
Malassezia__5005010at2759__code1	5	309	5	69	True	none_recorded	unchanged_by_declared_fcs_omission	5	2.340617191659306	False		not_established	saturation_and_identifiability;alignment_and_copy_adequacy;selection_model_and_test_design
Malassezia__5005174at2759__code1	5	645	5	125	True	none_recorded	unchanged_by_declared_fcs_omission	5	1.2114857522605855	False		not_established	saturation_and_identifiability;alignment_and_copy_adequacy;selection_model_and_test_design
Malassezia__5005196at2759__code1	5	1323	5	212	True	none_recorded	unchanged_by_declared_fcs_omission	5	1.2758372808258538	False	tree_nni_convergence_warning	not_established	saturation_and_identifiability;alignment_and_copy_adequacy;selection_model_and_test_design
Malassezia__5005215at2759__code1	5	1734	5	308	True	none_recorded	unchanged_by_declared_fcs_omission	5	1.1713166180944294	False		not_established	saturation_and_identifiability;alignment_and_copy_adequacy;selection_model_and_test_design
Malassezia__5005217at2759__code1	5	1401	5	382	True	none_recorded	unchanged_by_declared_fcs_omission	5	1.9998592310160044	False		not_established	saturation_and_identifiability;alignment_and_copy_adequacy;selection_model_and_test_design
Malassezia__5005274at2759__code1	5	990	5	212	True	none_recorded	unchanged_by_declared_fcs_omission	5	1.4800757835349931	False		not_established	saturation_and_identifiability;alignment_and_copy_adequacy;selection_model_and_test_design
Malassezia__5005697at2759__code1	5	1587	5	304	True	none_recorded	unchanged_by_declared_fcs_omission	5	2.112884169924516	False		not_established	saturation_and_identifiability;alignment_and_copy_adequacy;selection_model_and_test_design
Malassezia__5005750at2759__code1	5	507	5	84	True	none_recorded	unchanged_by_declared_fcs_omission	5	0.8875387226142406	False		not_established	saturation_and_identifiability;alignment_and_copy_adequacy;selection_model_and_test_design
Malassezia__5005892at2759__code1	5	1128	5	244	True	none_recorded	unchanged_by_declared_fcs_omission	5	1.6406121637320592	False		not_established	saturation_and_identifiability;alignment_and_copy_adequacy;selection_model_and_test_design
Malassezia__5006326at2759__code1	5	1746	5	347	True	none_recorded	unchanged_by_declared_fcs_omission	5	1.351088464789506	False		not_established	saturation_and_identifiability;alignment_and_copy_adequacy;selection_model_and_test_design
Malassezia__5006412at2759__code1	5	1530	5	308	True	none_recorded	unchanged_by_declared_fcs_omission	5	2.231769842640321	False		not_established	saturation_and_identifiability;alignment_and_copy_adequacy;selection_model_and_test_design
Malassezia__5011777at2759__code1	5	1866	5	409	True	none_recorded	unchanged_by_declared_fcs_omission	5	0.9823746155086144	False		not_established	saturation_and_identifiability;alignment_and_copy_adequacy;selection_model_and_test_design
Malassezia__5013067at2759__code1	5	978	5	217	True	none_recorded	unchanged_by_declared_fcs_omission	5	1.0949855316314987	False		not_established	saturation_and_identifiability;alignment_and_copy_adequacy;selection_model_and_test_design
Malassezia__5013259at2759__code1	5	465	5	64	True	none_recorded	unchanged_by_declared_fcs_omission	5	0.7826341603925031	False		not_established	saturation_and_identifiability;alignment_and_copy_adequacy;selection_model_and_test_design
Malassezia__5013539at2759__code1	5	837	5	135	True	none_recorded	unchanged_by_declared_fcs_omission	5	0.7765399310919242	False		not_established	saturation_and_identifiability;alignment_and_copy_adequacy;selection_model_and_test_design
Malassezia__5013726at2759__code1	5	546	5	90	True	none_recorded	unchanged_by_declared_fcs_omission	5	1.1144915370285018	False		not_established	saturation_and_identifiability;alignment_and_copy_adequacy;selection_model_and_test_design
Malassezia__5013738at2759__code1	5	675	5	119	True	none_recorded	unchanged_by_declared_fcs_omission	5	1.1127655312564677	False		not_established	saturation_and_identifiability;alignment_and_copy_adequacy;selection_model_and_test_design
Malassezia__5013992at2759__code1	5	2385	5	526	True	none_recorded	unchanged_by_declared_fcs_omission	5	1.435293613052318	False		not_established	saturation_and_identifiability;alignment_and_copy_adequacy;selection_model_and_test_design
Malassezia__5014007at2759__code1	5	1692	5	411	True	none_recorded	unchanged_by_declared_fcs_omission	5	2.060327684799427	False		not_established	saturation_and_identifiability;alignment_and_copy_adequacy;selection_model_and_test_design
Malassezia__5015403at2759__code1	5	1128	5	208	True	none_recorded	unchanged_by_declared_fcs_omission	5	1.739815399201722	False		not_established	saturation_and_identifiability;alignment_and_copy_adequacy;selection_model_and_test_design
Malassezia__5015647at2759__code1	5	2412	5	457	True	none_recorded	unchanged_by_declared_fcs_omission	5	1.020442659353818	False		not_established	saturation_and_identifiability;alignment_and_copy_adequacy;selection_model_and_test_design
Malassezia__5015712at2759__code1	5	1410	5	284	True	none_recorded	unchanged_by_declared_fcs_omission	5	0.8867186943452771	False		not_established	saturation_and_identifiability;alignment_and_copy_adequacy;selection_model_and_test_design
Malassezia__5015742at2759__code1	5	1377	5	263	True	none_recorded	unchanged_by_declared_fcs_omission	5	1.20974772279822	False	tree_nni_convergence_warning	not_established	saturation_and_identifiability;alignment_and_copy_adequacy;selection_model_and_test_design
Malassezia__5015876at2759__code1	5	1509	5	285	True	none_recorded	unchanged_by_declared_fcs_omission	5	1.6283179263121672	False		not_established	saturation_and_identifiability;alignment_and_copy_adequacy;selection_model_and_test_design
Malassezia__5017019at2759__code1	5	1152	5	253	True	none_recorded	unchanged_by_declared_fcs_omission	5	2.023867875691087	False		not_established	saturation_and_identifiability;alignment_and_copy_adequacy;selection_model_and_test_design
Malassezia__5018803at2759__code1	5	2472	5	533	True	none_recorded	unchanged_by_declared_fcs_omission	5	2.0545945063445643	False		not_established	saturation_and_identifiability;alignment_and_copy_adequacy;selection_model_and_test_design
Malassezia__529759at2759__code1	5	735	5	96	True	none_recorded	unchanged_by_declared_fcs_omission	5	1.1598872104842002	False		not_established	saturation_and_identifiability;alignment_and_copy_adequacy;selection_model_and_test_design
Malassezia__530014at2759__code1	5	2505	5	532	True	none_recorded	unchanged_by_declared_fcs_omission	5	1.723803121379209	False		not_established	saturation_and_identifiability;alignment_and_copy_adequacy;selection_model_and_test_design
Malassezia__530740at2759__code1	5	759	5	147	True	none_recorded	unchanged_by_declared_fcs_omission	5	1.0208060510700472	False	tree_nni_convergence_warning	not_established	saturation_and_identifiability;alignment_and_copy_adequacy;selection_model_and_test_design
Malassezia__538728at2759__code1	5	1296	5	291	True	none_recorded	unchanged_by_declared_fcs_omission	5	1.4955372754259513	False		not_established	saturation_and_identifiability;alignment_and_copy_adequacy;selection_model_and_test_design
Malassezia__538952at2759__code1	4	1368	4	138	True	none_recorded	unchanged_by_declared_fcs_omission	4	1.7552275938315096	False		not_established	saturation_and_identifiability;alignment_and_copy_adequacy;selection_model_and_test_design
Malassezia__539632at2759__code1	5	894	5	142	True	none_recorded	unchanged_by_declared_fcs_omission	5	0.974008566740936	False		not_established	saturation_and_identifiability;alignment_and_copy_adequacy;selection_model_and_test_design
Malassezia__540946at2759__code1	5	1239	5	244	True	none_recorded	unchanged_by_declared_fcs_omission	5	1.1139736266726852	False		not_established	saturation_and_identifiability;alignment_and_copy_adequacy;selection_model_and_test_design
Malassezia__541070at2759__code1	5	741	5	166	True	none_recorded	unchanged_by_declared_fcs_omission	5	2.04282412100673	True	multistart_refit_identifiability_unresolved	not_established	saturation_and_identifiability;alignment_and_copy_adequacy;selection_model_and_test_design
Malassezia__554735at2759__code1	5	753	5	111	True	none_recorded	unchanged_by_declared_fcs_omission	5	0.7263981145731694	False		not_established	saturation_and_identifiability;alignment_and_copy_adequacy;selection_model_and_test_design
Malassezia__649304at2759__code1	5	888	5	199	True	none_recorded	unchanged_by_declared_fcs_omission	5	2.030927965551264	False	tree_parameter_boundary_warning	not_established	saturation_and_identifiability;alignment_and_copy_adequacy;selection_model_and_test_design
Malassezia__707076at2759__code1	5	804	5	171	True	none_recorded	unchanged_by_declared_fcs_omission	5	1.153142412319214	False		not_established	saturation_and_identifiability;alignment_and_copy_adequacy;selection_model_and_test_design
Malassezia__707202at2759__code1	5	1053	5	187	True	none_recorded	unchanged_by_declared_fcs_omission	5	1.0549080600755378	False		not_established	saturation_and_identifiability;alignment_and_copy_adequacy;selection_model_and_test_design
Malassezia__727964at2759__code1	4	1077	4	113	True	none_recorded	unchanged_by_declared_fcs_omission	4	1.7845962771040071	False		not_established	saturation_and_identifiability;alignment_and_copy_adequacy;selection_model_and_test_design
Malassezia__730114at2759__code1	5	1569	5	383	True	none_recorded	unchanged_by_declared_fcs_omission	5	2.0841457194635664	True	multistart_refit_identifiability_unresolved	not_established	saturation_and_identifiability;alignment_and_copy_adequacy;selection_model_and_test_design
Malassezia__760428at2759__code1	5	1071	5	205	True	none_recorded	unchanged_by_declared_fcs_omission	5	1.0288613282782948	False		not_established	saturation_and_identifiability;alignment_and_copy_adequacy;selection_model_and_test_design
Malassezia__776280at2759__code1	5	1362	5	374	True	none_recorded	unchanged_by_declared_fcs_omission	5	1.4688005620052966	False		not_established	saturation_and_identifiability;alignment_and_copy_adequacy;selection_model_and_test_design
Malassezia__801816at2759__code1	4	363	4	38	True	none_recorded	unchanged_by_declared_fcs_omission	4	12.20186019898601	False		not_established	saturation_and_identifiability;alignment_and_copy_adequacy;selection_model_and_test_design
Microbotryum__115730at2759__code1	4	669	4	15	True	none_recorded	unchanged_by_declared_fcs_omission	4	0.5630970683975325	False	near_zero_nucleotide_tree_edge	not_established	saturation_and_identifiability;alignment_and_copy_adequacy;selection_model_and_test_design
Microbotryum__129234at2759__code1	4	558	4	6	True	none_recorded	unchanged_by_declared_fcs_omission	4	0.7409521721182111	False		not_established	saturation_and_identifiability;alignment_and_copy_adequacy;selection_model_and_test_design
Microbotryum__160487at2759__code1	4	2601	4	31	True	none_recorded	unchanged_by_declared_fcs_omission	4	0.4258837561969098	False		not_established	saturation_and_identifiability;alignment_and_copy_adequacy;selection_model_and_test_design
Microbotryum__201273at2759__code1	4	780	4	18	True	none_recorded	unchanged_by_declared_fcs_omission	4	0.5482861029273378	False		not_established	saturation_and_identifiability;alignment_and_copy_adequacy;selection_model_and_test_design
Microbotryum__260326at2759__code1	4	465	4	4	True	none_recorded	unchanged_by_declared_fcs_omission	4	0.6062794512830991	False	near_zero_nucleotide_tree_edge	not_established	saturation_and_identifiability;alignment_and_copy_adequacy;selection_model_and_test_design
Microbotryum__2852757at2759__code1	4	1452	4	15	True	none_recorded	unchanged_by_declared_fcs_omission	4	0.38303722151106057	False	tree_parameter_boundary_warning	not_established	saturation_and_identifiability;alignment_and_copy_adequacy;selection_model_and_test_design
Microbotryum__288615at2759__code1	4	1908	4	22	True	none_recorded	unchanged_by_declared_fcs_omission	4	0.45299578841208504	False		not_established	saturation_and_identifiability;alignment_and_copy_adequacy;selection_model_and_test_design
Microbotryum__319730at2759__code1	4	1329	4	16	True	none_recorded	unchanged_by_declared_fcs_omission	4	0.5146428488004038	False		not_established	saturation_and_identifiability;alignment_and_copy_adequacy;selection_model_and_test_design
Microbotryum__340246at2759__code1	4	1986	4	24	True	none_recorded	unchanged_by_declared_fcs_omission	4	0.5151008466976441	False		not_established	saturation_and_identifiability;alignment_and_copy_adequacy;selection_model_and_test_design
Microbotryum__345792at2759__code1	4	762	4	4	True	none_recorded	unchanged_by_declared_fcs_omission	4	0.19368375018248285	False	near_zero_nucleotide_tree_edge	not_established	saturation_and_identifiability;alignment_and_copy_adequacy;selection_model_and_test_design
Microbotryum__352891at2759__code1	4	753	4	4	True	none_recorded	unchanged_by_declared_fcs_omission	4	0.3252436577977622	False	near_zero_nucleotide_tree_edge	not_established	saturation_and_identifiability;alignment_and_copy_adequacy;selection_model_and_test_design
Microbotryum__3643464at2759__code1	4	2199	4	53	True	none_recorded	unchanged_by_declared_fcs_omission	4	0.6685661743309769	False		not_established	saturation_and_identifiability;alignment_and_copy_adequacy;selection_model_and_test_design
Microbotryum__4613677at2759__code1	4	375	4	3	True	none_recorded	unchanged_by_declared_fcs_omission	4	0.6546333978522658	False		not_established	saturation_and_identifiability;alignment_and_copy_adequacy;selection_model_and_test_design
Microbotryum__4695236at2759__code1	4	3243	4	56	True	none_recorded	unchanged_by_declared_fcs_omission	4	0.44661251731323787	False		not_established	saturation_and_identifiability;alignment_and_copy_adequacy;selection_model_and_test_design
Microbotryum__4747214at2759__code1	4	396	4	6	True	none_recorded	unchanged_by_declared_fcs_omission	4	0.7328740023225664	False	tree_parameter_boundary_warning;near_zero_nucleotide_tree_edge	not_established	saturation_and_identifiability;alignment_and_copy_adequacy;selection_model_and_test_design
Microbotryum__4764044at2759__code1	4	1500	4	18	True	none_recorded	unchanged_by_declared_fcs_omission	4	0.6918681597884854	False		not_established	saturation_and_identifiability;alignment_and_copy_adequacy;selection_model_and_test_design
Microbotryum__4803900at2759__code1	4	357	4	4	True	none_recorded	unchanged_by_declared_fcs_omission	4	0.2989143928087072	False		not_established	saturation_and_identifiability;alignment_and_copy_adequacy;selection_model_and_test_design
Microbotryum__4810093at2759__code1	4	2280	4	40	True	none_recorded	unchanged_by_declared_fcs_omission	4	0.5683138502680734	False		not_established	saturation_and_identifiability;alignment_and_copy_adequacy;selection_model_and_test_design
Microbotryum__4823929at2759__code1	4	1281	4	57	True	none_recorded	unchanged_by_declared_fcs_omission	4	0.9823208677926325	False	near_zero_nucleotide_tree_edge	not_established	saturation_and_identifiability;alignment_and_copy_adequacy;selection_model_and_test_design
Microbotryum__4837017at2759__code1	4	666	4	12	True	none_recorded	unchanged_by_declared_fcs_omission	4	0.7267877031749955	False		not_established	saturation_and_identifiability;alignment_and_copy_adequacy;selection_model_and_test_design
Microbotryum__4838864at2759__code1	4	1794	4	17	True	none_recorded	unchanged_by_declared_fcs_omission	4	0.557746605852566	False		not_established	saturation_and_identifiability;alignment_and_copy_adequacy;selection_model_and_test_design
Microbotryum__4843240at2759__code1	4	2019	4	21	True	none_recorded	unchanged_by_declared_fcs_omission	4	0.5035364422411429	False	near_zero_nucleotide_tree_edge	not_established	saturation_and_identifiability;alignment_and_copy_adequacy;selection_model_and_test_design
Microbotryum__4843824at2759__code1	4	591	4	15	True	none_recorded	unchanged_by_declared_fcs_omission	4	0.8665724043967954	False	tree_parameter_boundary_warning;near_zero_nucleotide_tree_edge	not_established	saturation_and_identifiability;alignment_and_copy_adequacy;selection_model_and_test_design
Microbotryum__4867008at2759__code1	4	543	4	3	True	none_recorded	unchanged_by_declared_fcs_omission	4	0.6546610429309702	False	near_zero_nucleotide_tree_edge	not_established	saturation_and_identifiability;alignment_and_copy_adequacy;selection_model_and_test_design
Microbotryum__4888252at2759__code1	4	2721	4	46	True	none_recorded	unchanged_by_declared_fcs_omission	4	0.6367061182883741	False		not_established	saturation_and_identifiability;alignment_and_copy_adequacy;selection_model_and_test_design
Microbotryum__4896098at2759__code1	4	621	4	4	True	none_recorded	unchanged_by_declared_fcs_omission	4	0.5487760071553187	False	tree_parameter_boundary_warning;near_zero_nucleotide_tree_edge	not_established	saturation_and_identifiability;alignment_and_copy_adequacy;selection_model_and_test_design
Microbotryum__4900375at2759__code1	4	597	4	11	True	none_recorded	unchanged_by_declared_fcs_omission	4	0.4812709817575348	False	near_zero_nucleotide_tree_edge	not_established	saturation_and_identifiability;alignment_and_copy_adequacy;selection_model_and_test_design
Microbotryum__4908955at2759__code1	4	963	4	9	True	none_recorded	unchanged_by_declared_fcs_omission	4	0.5823405852513936	False		not_established	saturation_and_identifiability;alignment_and_copy_adequacy;selection_model_and_test_design
Microbotryum__4911644at2759__code1	4	2772	4	41	True	none_recorded	unchanged_by_declared_fcs_omission	4	0.4846990476959931	False		not_established	saturation_and_identifiability;alignment_and_copy_adequacy;selection_model_and_test_design
Microbotryum__4940884at2759__code1	4	2733	4	48	True	none_recorded	unchanged_by_declared_fcs_omission	4	0.4862548530955477	False		not_established	saturation_and_identifiability;alignment_and_copy_adequacy;selection_model_and_test_design
Microbotryum__4969018at2759__code1	4	1410	4	17	True	none_recorded	unchanged_by_declared_fcs_omission	4	0.35845687599739884	False		not_established	saturation_and_identifiability;alignment_and_copy_adequacy;selection_model_and_test_design
Microbotryum__4969636at2759__code1	4	1215	4	15	True	none_recorded	unchanged_by_declared_fcs_omission	4	0.7046647065575625	False		not_established	saturation_and_identifiability;alignment_and_copy_adequacy;selection_model_and_test_design
Microbotryum__4970387at2759__code1	4	432	4	11	True	none_recorded	unchanged_by_declared_fcs_omission	4	0.5611878794567525	False	near_zero_nucleotide_tree_edge	not_established	saturation_and_identifiability;alignment_and_copy_adequacy;selection_model_and_test_design
Microbotryum__4974767at2759__code1	4	441	4	6	True	none_recorded	unchanged_by_declared_fcs_omission	4	0.4498773772320777	False	tree_parameter_boundary_warning	not_established	saturation_and_identifiability;alignment_and_copy_adequacy;selection_model_and_test_design
Microbotryum__4975094at2759__code1	4	2874	4	37	True	none_recorded	unchanged_by_declared_fcs_omission	4	0.44613788182319714	False		not_established	saturation_and_identifiability;alignment_and_copy_adequacy;selection_model_and_test_design
Microbotryum__4976279at2759__code1	4	1098	4	11	True	none_recorded	unchanged_by_declared_fcs_omission	4	0.5883917833371988	False		not_established	saturation_and_identifiability;alignment_and_copy_adequacy;selection_model_and_test_design
Microbotryum__4977163at2759__code1	4	567	4	4	True	none_recorded	unchanged_by_declared_fcs_omission	4	0.5135861003195605	False		not_established	saturation_and_identifiability;alignment_and_copy_adequacy;selection_model_and_test_design
Microbotryum__4977863at2759__code1	4	1662	4	45	True	none_recorded	unchanged_by_declared_fcs_omission	4	0.602373390730301	False		not_established	saturation_and_identifiability;alignment_and_copy_adequacy;selection_model_and_test_design
Microbotryum__4983000at2759__code1	4	1449	4	30	True	none_recorded	unchanged_by_declared_fcs_omission	4	0.6664114790104979	False		not_established	saturation_and_identifiability;alignment_and_copy_adequacy;selection_model_and_test_design
Microbotryum__4985971at2759__code1	4	993	4	24	True	none_recorded	unchanged_by_declared_fcs_omission	4	0.7669517156903298	False		not_established	saturation_and_identifiability;alignment_and_copy_adequacy;selection_model_and_test_design
Microbotryum__4986044at2759__code1	4	1461	4	24	True	requires_gene_copy_reconciliation_before_confirmatory_single_ortholog_analysis	unchanged_by_declared_fcs_omission	4	0.7939603686184317	False	copy_reconciliation_required	not_established	saturation_and_identifiability;alignment_and_copy_adequacy;selection_model_and_test_design
Microbotryum__4987397at2759__code1	4	2577	4	16	True	none_recorded	unchanged_by_declared_fcs_omission	4	0.4928726758351075	False		not_established	saturation_and_identifiability;alignment_and_copy_adequacy;selection_model_and_test_design
Microbotryum__4999134at2759__code1	4	6963	4	69	True	none_recorded	unchanged_by_declared_fcs_omission	4	0.5357075973183154	False		not_established	saturation_and_identifiability;alignment_and_copy_adequacy;selection_model_and_test_design
Microbotryum__5000045at2759__code1	4	1134	4	13	True	none_recorded	unchanged_by_declared_fcs_omission	4	0.5090825811829446	False	near_zero_nucleotide_tree_edge	not_established	saturation_and_identifiability;alignment_and_copy_adequacy;selection_model_and_test_design
Microbotryum__5000152at2759__code1	4	3558	4	44	True	none_recorded	unchanged_by_declared_fcs_omission	4	0.48380502619119925	False		not_established	saturation_and_identifiability;alignment_and_copy_adequacy;selection_model_and_test_design
Microbotryum__5000362at2759__code1	4	2658	4	38	True	none_recorded	unchanged_by_declared_fcs_omission	4	0.5623845497357949	False		not_established	saturation_and_identifiability;alignment_and_copy_adequacy;selection_model_and_test_design
Microbotryum__5000371at2759__code1	4	1227	4	9	True	none_recorded	unchanged_by_declared_fcs_omission	4	0.4467786110405162	False	near_zero_nucleotide_tree_edge	not_established	saturation_and_identifiability;alignment_and_copy_adequacy;selection_model_and_test_design
Microbotryum__5000452at2759__code1	4	828	4	23	True	none_recorded	unchanged_by_declared_fcs_omission	4	1.1242783752460448	False		not_established	saturation_and_identifiability;alignment_and_copy_adequacy;selection_model_and_test_design
Microbotryum__5000476at2759__code1	4	1167	4	23	True	none_recorded	unchanged_by_declared_fcs_omission	4	0.5566193633308307	False		not_established	saturation_and_identifiability;alignment_and_copy_adequacy;selection_model_and_test_design
Microbotryum__5000743at2759__code1	4	525	4	10	True	none_recorded	unchanged_by_declared_fcs_omission	4	0.6949813786950543	False		not_established	saturation_and_identifiability;alignment_and_copy_adequacy;selection_model_and_test_design
Microbotryum__5000823at2759__code1	4	2736	4	30	True	none_recorded	unchanged_by_declared_fcs_omission	4	0.31484609825524595	False		not_established	saturation_and_identifiability;alignment_and_copy_adequacy;selection_model_and_test_design
Microbotryum__5000870at2759__code1	4	2256	4	28	True	none_recorded	unchanged_by_declared_fcs_omission	4	0.4191646138477619	False		not_established	saturation_and_identifiability;alignment_and_copy_adequacy;selection_model_and_test_design
Microbotryum__5000986at2759__code1	4	1524	4	17	True	none_recorded	unchanged_by_declared_fcs_omission	4	0.5467049734465226	False		not_established	saturation_and_identifiability;alignment_and_copy_adequacy;selection_model_and_test_design
Microbotryum__5001156at2759__code1	4	879	4	10	True	none_recorded	unchanged_by_declared_fcs_omission	4	0.41253638274493953	False		not_established	saturation_and_identifiability;alignment_and_copy_adequacy;selection_model_and_test_design
Microbotryum__5001273at2759__code1	4	690	4	14	True	none_recorded	unchanged_by_declared_fcs_omission	4	0.6408623167288744	False	near_zero_nucleotide_tree_edge	not_established	saturation_and_identifiability;alignment_and_copy_adequacy;selection_model_and_test_design
Microbotryum__5001280at2759__code1	4	2103	4	47	True	none_recorded	unchanged_by_declared_fcs_omission	4	0.48680170896398667	False		not_established	saturation_and_identifiability;alignment_and_copy_adequacy;selection_model_and_test_design
Microbotryum__5001318at2759__code1	4	1182	4	31	True	none_recorded	unchanged_by_declared_fcs_omission	4	0.6551493030267048	False		not_established	saturation_and_identifiability;alignment_and_copy_adequacy;selection_model_and_test_design
Microbotryum__5001413at2759__code1	4	843	4	14	True	none_recorded	unchanged_by_declared_fcs_omission	4	0.6630753305372362	False	near_zero_nucleotide_tree_edge	not_established	saturation_and_identifiability;alignment_and_copy_adequacy;selection_model_and_test_design
Microbotryum__5001473at2759__code1	4	339	4	17	True	none_recorded	unchanged_by_declared_fcs_omission	4	0.42844729140912746	False	near_zero_nucleotide_tree_edge	not_established	saturation_and_identifiability;alignment_and_copy_adequacy;selection_model_and_test_design
Microbotryum__5001734at2759__code1	4	675	3	14	False	none_recorded	not_fitted			False	insufficient_sequence_information	not_established	saturation_and_identifiability;alignment_and_copy_adequacy;selection_model_and_test_design
Microbotryum__5001941at2759__code1	4	2196	4	44	True	none_recorded	unchanged_by_declared_fcs_omission	4	0.7423992066851184	False		not_established	saturation_and_identifiability;alignment_and_copy_adequacy;selection_model_and_test_design
Microbotryum__5002334at2759__code1	4	1068	4	15	True	none_recorded	unchanged_by_declared_fcs_omission	4	0.5607055211239252	False		not_established	saturation_and_identifiability;alignment_and_copy_adequacy;selection_model_and_test_design
Microbotryum__5002573at2759__code1	4	1110	4	12	True	none_recorded	unchanged_by_declared_fcs_omission	4	0.5585763995030186	False		not_established	saturation_and_identifiability;alignment_and_copy_adequacy;selection_model_and_test_design
Microbotryum__5003022at2759__code1	4	2511	4	22	True	none_recorded	unchanged_by_declared_fcs_omission	4	0.5192180392183089	False		not_established	saturation_and_identifiability;alignment_and_copy_adequacy;selection_model_and_test_design
Microbotryum__5003192at2759__code1	4	1338	4	23	True	none_recorded	unchanged_by_declared_fcs_omission	4	0.40808835010937333	False		not_established	saturation_and_identifiability;alignment_and_copy_adequacy;selection_model_and_test_design
Microbotryum__5003205at2759__code1	4	3909	4	45	True	none_recorded	unchanged_by_declared_fcs_omission	4	0.5203317975263554	False		not_established	saturation_and_identifiability;alignment_and_copy_adequacy;selection_model_and_test_design
Microbotryum__5003856at2759__code1	4	915	4	9	True	none_recorded	unchanged_by_declared_fcs_omission	4	0.5664632821870527	False		not_established	saturation_and_identifiability;alignment_and_copy_adequacy;selection_model_and_test_design
Microbotryum__5003972at2759__code1	4	762	4	12	True	none_recorded	unchanged_by_declared_fcs_omission	4	0.9560240531702042	False		not_established	saturation_and_identifiability;alignment_and_copy_adequacy;selection_model_and_test_design
Microbotryum__5004118at2759__code1	4	660	4	14	True	none_recorded	unchanged_by_declared_fcs_omission	4	0.5766071729773541	False	near_zero_nucleotide_tree_edge	not_established	saturation_and_identifiability;alignment_and_copy_adequacy;selection_model_and_test_design
Microbotryum__5004265at2759__code1	4	918	4	26	True	none_recorded	unchanged_by_declared_fcs_omission	4	0.480247627835982	False		not_established	saturation_and_identifiability;alignment_and_copy_adequacy;selection_model_and_test_design
Microbotryum__5004327at2759__code1	4	2313	4	57	True	none_recorded	unchanged_by_declared_fcs_omission	4	0.7559263592337216	False		not_established	saturation_and_identifiability;alignment_and_copy_adequacy;selection_model_and_test_design
Microbotryum__5004391at2759__code1	4	2553	4	25	True	none_recorded	unchanged_by_declared_fcs_omission	4	0.6533631998396279	False		not_established	saturation_and_identifiability;alignment_and_copy_adequacy;selection_model_and_test_design
Microbotryum__5004478at2759__code1	4	1200	4	14	True	none_recorded	unchanged_by_declared_fcs_omission	4	0.4266466396295885	False		not_established	saturation_and_identifiability;alignment_and_copy_adequacy;selection_model_and_test_design
Microbotryum__5004599at2759__code1	4	2076	4	25	True	none_recorded	unchanged_by_declared_fcs_omission	4	0.6337912994646968	False		not_established	saturation_and_identifiability;alignment_and_copy_adequacy;selection_model_and_test_design
Microbotryum__5005174at2759__code1	4	669	4	6	True	none_recorded	unchanged_by_declared_fcs_omission	4	0.584887059244106	False		not_established	saturation_and_identifiability;alignment_and_copy_adequacy;selection_model_and_test_design
Microbotryum__5005196at2759__code1	4	1314	4	18	True	none_recorded	unchanged_by_declared_fcs_omission	4	0.6486400528923717	False		not_established	saturation_and_identifiability;alignment_and_copy_adequacy;selection_model_and_test_design
Microbotryum__5005215at2759__code1	4	1734	4	34	True	none_recorded	unchanged_by_declared_fcs_omission	4	0.39618327143571364	False		not_established	saturation_and_identifiability;alignment_and_copy_adequacy;selection_model_and_test_design
Microbotryum__5005217at2759__code1	4	1422	4	33	True	none_recorded	unchanged_by_declared_fcs_omission	4	0.856383184512589	False		not_established	saturation_and_identifiability;alignment_and_copy_adequacy;selection_model_and_test_design
Microbotryum__5005274at2759__code1	4	963	4	16	True	none_recorded	unchanged_by_declared_fcs_omission	4	0.486583823483736	False		not_established	saturation_and_identifiability;alignment_and_copy_adequacy;selection_model_and_test_design
Microbotryum__5005697at2759__code1	4	1653	4	32	True	none_recorded	unchanged_by_declared_fcs_omission	4	0.48929041721075045	False		not_established	saturation_and_identifiability;alignment_and_copy_adequacy;selection_model_and_test_design
Microbotryum__5005750at2759__code1	4	531	4	10	True	none_recorded	unchanged_by_declared_fcs_omission	4	0.31020097898654647	False		not_established	saturation_and_identifiability;alignment_and_copy_adequacy;selection_model_and_test_design
Microbotryum__5006326at2759__code1	4	1749	4	60	True	none_recorded	unchanged_by_declared_fcs_omission	4	0.5788792935124426	False	near_zero_nucleotide_tree_edge	not_established	saturation_and_identifiability;alignment_and_copy_adequacy;selection_model_and_test_design
Microbotryum__5006412at2759__code1	4	1635	4	24	True	none_recorded	unchanged_by_declared_fcs_omission	4	0.6366706575221197	False		not_established	saturation_and_identifiability;alignment_and_copy_adequacy;selection_model_and_test_design
Microbotryum__5011777at2759__code1	4	2019	4	38	True	none_recorded	unchanged_by_declared_fcs_omission	4	0.764250284154797	False		not_established	saturation_and_identifiability;alignment_and_copy_adequacy;selection_model_and_test_design
Microbotryum__5013042at2759__code1	4	1137	4	20	True	none_recorded	unchanged_by_declared_fcs_omission	4	0.5732193896297388	False	near_zero_nucleotide_tree_edge	not_established	saturation_and_identifiability;alignment_and_copy_adequacy;selection_model_and_test_design
Microbotryum__5013067at2759__code1	4	933	4	8	True	none_recorded	unchanged_by_declared_fcs_omission	4	0.2997015079436522	False	near_zero_nucleotide_tree_edge	not_established	saturation_and_identifiability;alignment_and_copy_adequacy;selection_model_and_test_design
Microbotryum__5013259at2759__code1	4	510	4	21	True	none_recorded	unchanged_by_declared_fcs_omission	4	0.5130615384957254	False	near_zero_nucleotide_tree_edge	not_established	saturation_and_identifiability;alignment_and_copy_adequacy;selection_model_and_test_design
Microbotryum__5013539at2759__code1	4	795	4	5	True	none_recorded	unchanged_by_declared_fcs_omission	4	0.5084979541378839	False	near_zero_nucleotide_tree_edge	not_established	saturation_and_identifiability;alignment_and_copy_adequacy;selection_model_and_test_design
Microbotryum__5013726at2759__code1	4	546	4	8	True	none_recorded	unchanged_by_declared_fcs_omission	4	0.39592242899066293	False		not_established	saturation_and_identifiability;alignment_and_copy_adequacy;selection_model_and_test_design
Microbotryum__5013738at2759__code1	4	699	3	7	False	none_recorded	not_fitted			False	insufficient_sequence_information	not_established	saturation_and_identifiability;alignment_and_copy_adequacy;selection_model_and_test_design
Microbotryum__5013992at2759__code1	4	2379	4	104	True	none_recorded	unchanged_by_declared_fcs_omission	4	0.508677461030956	False		not_established	saturation_and_identifiability;alignment_and_copy_adequacy;selection_model_and_test_design
Microbotryum__5015403at2759__code1	4	1266	4	28	True	none_recorded	unchanged_by_declared_fcs_omission	4	0.6043821422201782	False		not_established	saturation_and_identifiability;alignment_and_copy_adequacy;selection_model_and_test_design
Microbotryum__5015647at2759__code1	4	2535	4	19	True	none_recorded	unchanged_by_declared_fcs_omission	4	0.5515797981700341	False	near_zero_nucleotide_tree_edge	not_established	saturation_and_identifiability;alignment_and_copy_adequacy;selection_model_and_test_design
Microbotryum__5015712at2759__code1	4	1428	4	30	True	none_recorded	unchanged_by_declared_fcs_omission	4	0.4321014842340742	False		not_established	saturation_and_identifiability;alignment_and_copy_adequacy;selection_model_and_test_design
Microbotryum__5015742at2759__code1	4	1413	4	46	True	none_recorded	unchanged_by_declared_fcs_omission	4	0.9075587673912361	False		not_established	saturation_and_identifiability;alignment_and_copy_adequacy;selection_model_and_test_design
Microbotryum__5017019at2759__code1	4	1191	4	16	True	none_recorded	unchanged_by_declared_fcs_omission	4	0.6303293337888567	False		not_established	saturation_and_identifiability;alignment_and_copy_adequacy;selection_model_and_test_design
Microbotryum__5018803at2759__code1	4	2124	4	39	True	none_recorded	unchanged_by_declared_fcs_omission	4	0.5244587560922068	False		not_established	saturation_and_identifiability;alignment_and_copy_adequacy;selection_model_and_test_design
Microbotryum__529759at2759__code1	4	732	4	10	True	none_recorded	unchanged_by_declared_fcs_omission	4	0.49512424431208857	False		not_established	saturation_and_identifiability;alignment_and_copy_adequacy;selection_model_and_test_design
Microbotryum__530014at2759__code1	4	2544	4	36	True	none_recorded	unchanged_by_declared_fcs_omission	4	0.5022825140186336	False		not_established	saturation_and_identifiability;alignment_and_copy_adequacy;selection_model_and_test_design
Microbotryum__530740at2759__code1	4	831	4	8	True	none_recorded	unchanged_by_declared_fcs_omission	4	0.47330289904748934	False		not_established	saturation_and_identifiability;alignment_and_copy_adequacy;selection_model_and_test_design
Microbotryum__538728at2759__code1	4	1512	4	14	True	none_recorded	unchanged_by_declared_fcs_omission	4	0.4634960458422094	False		not_established	saturation_and_identifiability;alignment_and_copy_adequacy;selection_model_and_test_design
Microbotryum__539632at2759__code1	4	891	3	7	False	none_recorded	not_fitted			False	insufficient_sequence_information	not_established	saturation_and_identifiability;alignment_and_copy_adequacy;selection_model_and_test_design
Microbotryum__540946at2759__code1	4	1227	4	25	True	none_recorded	unchanged_by_declared_fcs_omission	4	0.4448705944480489	False		not_established	saturation_and_identifiability;alignment_and_copy_adequacy;selection_model_and_test_design
Microbotryum__541070at2759__code1	4	723	4	11	True	none_recorded	unchanged_by_declared_fcs_omission	4	0.5980462040038571	False		not_established	saturation_and_identifiability;alignment_and_copy_adequacy;selection_model_and_test_design
Microbotryum__554735at2759__code1	4	747	4	10	True	none_recorded	unchanged_by_declared_fcs_omission	4	0.28754198937801495	False		not_established	saturation_and_identifiability;alignment_and_copy_adequacy;selection_model_and_test_design
Microbotryum__649304at2759__code1	4	879	4	20	True	none_recorded	unchanged_by_declared_fcs_omission	4	0.8693410351130757	False		not_established	saturation_and_identifiability;alignment_and_copy_adequacy;selection_model_and_test_design
Microbotryum__707076at2759__code1	4	810	4	9	True	none_recorded	unchanged_by_declared_fcs_omission	4	0.6071958727560229	False	near_zero_nucleotide_tree_edge	not_established	saturation_and_identifiability;alignment_and_copy_adequacy;selection_model_and_test_design
Microbotryum__707202at2759__code1	4	1059	4	9	True	none_recorded	unchanged_by_declared_fcs_omission	4	0.48964958850564977	False		not_established	saturation_and_identifiability;alignment_and_copy_adequacy;selection_model_and_test_design
Microbotryum__727964at2759__code1	4	1218	4	22	True	none_recorded	unchanged_by_declared_fcs_omission	4	0.5332364571572612	False	near_zero_nucleotide_tree_edge	not_established	saturation_and_identifiability;alignment_and_copy_adequacy;selection_model_and_test_design
Microbotryum__730114at2759__code1	4	1599	4	10	True	none_recorded	unchanged_by_declared_fcs_omission	4	0.5850198253974405	False	near_zero_nucleotide_tree_edge	not_established	saturation_and_identifiability;alignment_and_copy_adequacy;selection_model_and_test_design
Microbotryum__760428at2759__code1	4	1083	3	18	False	none_recorded	not_fitted			False	insufficient_sequence_information	not_established	saturation_and_identifiability;alignment_and_copy_adequacy;selection_model_and_test_design
Microbotryum__776280at2759__code1	4	1107	4	67	True	none_recorded	unchanged_by_declared_fcs_omission	4	7.375740922905548	False	near_zero_nucleotide_tree_edge	not_established	saturation_and_identifiability;alignment_and_copy_adequacy;selection_model_and_test_design
Microbotryum__801816at2759__code1	4	531	4	5	True	none_recorded	unchanged_by_declared_fcs_omission	4	0.6855345411941105	False		not_established	saturation_and_identifiability;alignment_and_copy_adequacy;selection_model_and_test_design
Naganishia__115730at2759__code1	4	999	4	80	True	none_recorded	unchanged_by_declared_fcs_omission	4	1.1223813987182276	False		not_established	saturation_and_identifiability;alignment_and_copy_adequacy;selection_model_and_test_design
Naganishia__129234at2759__code1	4	537	4	38	True	none_recorded	below_existing_four_taxon_minimum	3	66.46805468716131	False	fcs_omission_below_four_taxa	not_established	saturation_and_identifiability;alignment_and_copy_adequacy;selection_model_and_test_design
Naganishia__201273at2759__code1	4	774	4	29	True	none_recorded	unchanged_by_declared_fcs_omission	4	0.7070745921080684	False		not_established	saturation_and_identifiability;alignment_and_copy_adequacy;selection_model_and_test_design
Naganishia__207567at2759__code1	4	420	4	18	True	none_recorded	unchanged_by_declared_fcs_omission	4	1.3525379003398093	False		not_established	saturation_and_identifiability;alignment_and_copy_adequacy;selection_model_and_test_design
Naganishia__260326at2759__code1	4	366	4	28	True	none_recorded	below_existing_four_taxon_minimum	3	63.775783258784024	False	fcs_omission_below_four_taxa;near_zero_nucleotide_tree_edge	not_established	saturation_and_identifiability;alignment_and_copy_adequacy;selection_model_and_test_design
Naganishia__288615at2759__code1	4	1341	4	92	True	none_recorded	unchanged_by_declared_fcs_omission	4	2.0938577703199135	False		not_established	saturation_and_identifiability;alignment_and_copy_adequacy;selection_model_and_test_design
Naganishia__340246at2759__code1	4	1857	4	141	True	none_recorded	below_existing_four_taxon_minimum	3	16.450874875971554	False	fcs_omission_below_four_taxa	not_established	saturation_and_identifiability;alignment_and_copy_adequacy;selection_model_and_test_design
Naganishia__345792at2759__code1	4	837	4	51	True	none_recorded	below_existing_four_taxon_minimum	3	8.593329497719843	False	fcs_omission_below_four_taxa;near_zero_nucleotide_tree_edge	not_established	saturation_and_identifiability;alignment_and_copy_adequacy;selection_model_and_test_design
Naganishia__352891at2759__code1	4	747	4	39	True	none_recorded	unchanged_by_declared_fcs_omission	4	1.543152563109214	False		not_established	saturation_and_identifiability;alignment_and_copy_adequacy;selection_model_and_test_design
Naganishia__4810093at2759__code1	4	2166	4	169	True	none_recorded	below_existing_four_taxon_minimum	3	20.93959671078746	False	fcs_omission_below_four_taxa	not_established	saturation_and_identifiability;alignment_and_copy_adequacy;selection_model_and_test_design
Naganishia__4823929at2759__code1	4	951	4	70	True	none_recorded	below_existing_four_taxon_minimum	3	21.16023860520181	False	fcs_omission_below_four_taxa	not_established	saturation_and_identifiability;alignment_and_copy_adequacy;selection_model_and_test_design
Naganishia__4837017at2759__code1	4	573	4	41	True	none_recorded	unchanged_by_declared_fcs_omission	4	19.33529389933209	False	tree_nni_convergence_warning;near_zero_nucleotide_tree_edge	not_established	saturation_and_identifiability;alignment_and_copy_adequacy;selection_model_and_test_design
Naganishia__4838864at2759__code1	4	1770	4	141	True	none_recorded	below_existing_four_taxon_minimum	3	21.425805033805105	False	fcs_omission_below_four_taxa	not_established	saturation_and_identifiability;alignment_and_copy_adequacy;selection_model_and_test_design
Naganishia__4867008at2759__code1	4	522	4	45	True	none_recorded	below_existing_four_taxon_minimum	3	12.250032928108798	False	fcs_omission_below_four_taxa	not_established	saturation_and_identifiability;alignment_and_copy_adequacy;selection_model_and_test_design
Naganishia__4896098at2759__code1	4	552	4	34	True	none_recorded	below_existing_four_taxon_minimum	3	26.41318614029898	False	fcs_omission_below_four_taxa;tree_nni_convergence_warning	not_established	saturation_and_identifiability;alignment_and_copy_adequacy;selection_model_and_test_design
Naganishia__4908955at2759__code1	4	597	4	45	True	none_recorded	below_existing_four_taxon_minimum	3	27.788552471380335	False	fcs_omission_below_four_taxa	not_established	saturation_and_identifiability;alignment_and_copy_adequacy;selection_model_and_test_design
Naganishia__4970538at2759__code1	4	2724	4	203	True	none_recorded	below_existing_four_taxon_minimum	3	21.64746411429268	False	fcs_omission_below_four_taxa	not_established	saturation_and_identifiability;alignment_and_copy_adequacy;selection_model_and_test_design
Naganishia__4976279at2759__code1	4	957	4	82	True	none_recorded	below_existing_four_taxon_minimum	3	21.226537058548047	False	fcs_omission_below_four_taxa;tree_nni_convergence_warning	not_established	saturation_and_identifiability;alignment_and_copy_adequacy;selection_model_and_test_design
Naganishia__4985971at2759__code1	4	735	4	41	True	none_recorded	unchanged_by_declared_fcs_omission	4	1.6301526972601574	False	tree_parameter_boundary_warning	not_established	saturation_and_identifiability;alignment_and_copy_adequacy;selection_model_and_test_design
Naganishia__4988239at2759__code1	4	3021	4	161	True	none_recorded	unchanged_by_declared_fcs_omission	4	1.5830413985606189	False		not_established	saturation_and_identifiability;alignment_and_copy_adequacy;selection_model_and_test_design
Naganishia__4999134at2759__code1	4	6999	4	314	True	none_recorded	unchanged_by_declared_fcs_omission	4	0.8596899897416493	False		not_established	saturation_and_identifiability;alignment_and_copy_adequacy;selection_model_and_test_design
Naganishia__5000045at2759__code1	4	1107	4	66	True	none_recorded	unchanged_by_declared_fcs_omission	4	1.446243721498705	False		not_established	saturation_and_identifiability;alignment_and_copy_adequacy;selection_model_and_test_design
Naganishia__5000152at2759__code1	4	3351	4	237	True	none_recorded	unchanged_by_declared_fcs_omission	4	2.2736845250167073	False		not_established	saturation_and_identifiability;alignment_and_copy_adequacy;selection_model_and_test_design
Naganishia__5000362at2759__code1	4	2670	4	189	True	none_recorded	unchanged_by_declared_fcs_omission	4	1.6255444781683597	False		not_established	saturation_and_identifiability;alignment_and_copy_adequacy;selection_model_and_test_design
Naganishia__5000371at2759__code1	4	1209	4	111	True	none_recorded	below_existing_four_taxon_minimum	3	16.19366544772579	False	fcs_omission_below_four_taxa;tree_nni_convergence_warning;near_zero_nucleotide_tree_edge	not_established	saturation_and_identifiability;alignment_and_copy_adequacy;selection_model_and_test_design
Naganishia__5000452at2759__code1	4	624	4	44	True	none_recorded	below_existing_four_taxon_minimum	3	21.113046083342542	False	fcs_omission_below_four_taxa;tree_nni_convergence_warning	not_established	saturation_and_identifiability;alignment_and_copy_adequacy;selection_model_and_test_design
Naganishia__5000870at2759__code1	4	2157	4	113	True	none_recorded	below_existing_four_taxon_minimum	3	9.674568368269748	False	fcs_omission_below_four_taxa	not_established	saturation_and_identifiability;alignment_and_copy_adequacy;selection_model_and_test_design
Naganishia__5001273at2759__code1	4	708	4	44	True	none_recorded	unchanged_by_declared_fcs_omission	4	3.878425038624704	False		not_established	saturation_and_identifiability;alignment_and_copy_adequacy;selection_model_and_test_design
Naganishia__5001413at2759__code1	4	771	4	55	True	none_recorded	below_existing_four_taxon_minimum	3	32.374777463225826	False	fcs_omission_below_four_taxa	not_established	saturation_and_identifiability;alignment_and_copy_adequacy;selection_model_and_test_design
Naganishia__5001473at2759__code1	4	300	4	19	True	none_recorded	below_existing_four_taxon_minimum	3	17.11980133632087	False	fcs_omission_below_four_taxa	not_established	saturation_and_identifiability;alignment_and_copy_adequacy;selection_model_and_test_design
Naganishia__5001734at2759__code1	4	591	4	39	True	none_recorded	unchanged_by_declared_fcs_omission	4	1.5625928371418023	False		not_established	saturation_and_identifiability;alignment_and_copy_adequacy;selection_model_and_test_design
Naganishia__5002334at2759__code1	4	1014	4	50	True	none_recorded	unchanged_by_declared_fcs_omission	4	2.931547155528505	False		not_established	saturation_and_identifiability;alignment_and_copy_adequacy;selection_model_and_test_design
Naganishia__5003022at2759__code1	4	2208	4	135	True	none_recorded	unchanged_by_declared_fcs_omission	4	1.7480843837742335	False		not_established	saturation_and_identifiability;alignment_and_copy_adequacy;selection_model_and_test_design
Naganishia__5003192at2759__code1	4	999	4	70	True	none_recorded	unchanged_by_declared_fcs_omission	4	1.2722320217466034	False		not_established	saturation_and_identifiability;alignment_and_copy_adequacy;selection_model_and_test_design
Naganishia__5004265at2759__code1	4	828	4	49	True	none_recorded	unchanged_by_declared_fcs_omission	4	1.1578147867482806	False		not_established	saturation_and_identifiability;alignment_and_copy_adequacy;selection_model_and_test_design
Naganishia__5004327at2759__code1	4	2424	4	182	True	none_recorded	unchanged_by_declared_fcs_omission	4	2.0722165329340463	False		not_established	saturation_and_identifiability;alignment_and_copy_adequacy;selection_model_and_test_design
Naganishia__5004478at2759__code1	4	1233	4	98	True	none_recorded	unchanged_by_declared_fcs_omission	4	2.0831943927303116	False		not_established	saturation_and_identifiability;alignment_and_copy_adequacy;selection_model_and_test_design
Naganishia__5005010at2759__code1	4	330	4	24	True	none_recorded	below_existing_four_taxon_minimum	3	32.954778385093064	False	fcs_omission_below_four_taxa;near_zero_nucleotide_tree_edge	not_established	saturation_and_identifiability;alignment_and_copy_adequacy;selection_model_and_test_design
Naganishia__5005174at2759__code1	4	663	4	59	True	none_recorded	unchanged_by_declared_fcs_omission	4	1.2518856436096655	False		not_established	saturation_and_identifiability;alignment_and_copy_adequacy;selection_model_and_test_design
Naganishia__5005217at2759__code1	4	1380	4	120	True	none_recorded	unchanged_by_declared_fcs_omission	4	2.1595988344645405	False		not_established	saturation_and_identifiability;alignment_and_copy_adequacy;selection_model_and_test_design
Naganishia__5005274at2759__code1	4	822	4	56	True	none_recorded	below_existing_four_taxon_minimum	3	12.432601633405103	False	fcs_omission_below_four_taxa	not_established	saturation_and_identifiability;alignment_and_copy_adequacy;selection_model_and_test_design
Naganishia__5005697at2759__code1	4	1236	4	102	True	none_recorded	below_existing_four_taxon_minimum	3	25.45002999628789	False	fcs_omission_below_four_taxa	not_established	saturation_and_identifiability;alignment_and_copy_adequacy;selection_model_and_test_design
Naganishia__5005892at2759__code1	4	1071	4	77	True	none_recorded	below_existing_four_taxon_minimum	3	11.925335382932028	False	fcs_omission_below_four_taxa;tree_nni_convergence_warning	not_established	saturation_and_identifiability;alignment_and_copy_adequacy;selection_model_and_test_design
Naganishia__5006326at2759__code1	4	1596	4	114	True	none_recorded	below_existing_four_taxon_minimum	3	8.34550061701421	False	fcs_omission_below_four_taxa	not_established	saturation_and_identifiability;alignment_and_copy_adequacy;selection_model_and_test_design
Naganishia__5011777at2759__code1	4	1473	4	118	True	none_recorded	below_existing_four_taxon_minimum	3	17.81068224790668	False	fcs_omission_below_four_taxa;tree_nni_convergence_warning	not_established	saturation_and_identifiability;alignment_and_copy_adequacy;selection_model_and_test_design
Naganishia__5013067at2759__code1	4	981	4	44	True	none_recorded	unchanged_by_declared_fcs_omission	4	1.0645287815620816	False		not_established	saturation_and_identifiability;alignment_and_copy_adequacy;selection_model_and_test_design
Naganishia__5013259at2759__code1	4	363	4	25	True	none_recorded	below_existing_four_taxon_minimum	3	10.344462083520623	False	fcs_omission_below_four_taxa;near_zero_nucleotide_tree_edge	not_established	saturation_and_identifiability;alignment_and_copy_adequacy;selection_model_and_test_design
Naganishia__5013992at2759__code1	4	1566	4	98	True	none_recorded	unchanged_by_declared_fcs_omission	4	46.98991290748287	False	tree_pairwise_saturation_warning;tree_nni_convergence_warning;near_zero_nucleotide_tree_edge	not_established	saturation_and_identifiability;alignment_and_copy_adequacy;selection_model_and_test_design
Naganishia__5014007at2759__code1	4	1404	4	103	True	none_recorded	below_existing_four_taxon_minimum	3	9.503747370806371	False	fcs_omission_below_four_taxa	not_established	saturation_and_identifiability;alignment_and_copy_adequacy;selection_model_and_test_design
Naganishia__5015403at2759__code1	4	804	4	59	True	none_recorded	unchanged_by_declared_fcs_omission	4	1.8728249716858005	False		not_established	saturation_and_identifiability;alignment_and_copy_adequacy;selection_model_and_test_design
Naganishia__5015712at2759__code1	4	1395	4	107	True	none_recorded	unchanged_by_declared_fcs_omission	4	2.0273470948622623	False		not_established	saturation_and_identifiability;alignment_and_copy_adequacy;selection_model_and_test_design
Naganishia__5015742at2759__code1	4	1434	4	90	True	none_recorded	unchanged_by_declared_fcs_omission	4	1.9941585805873747	False		not_established	saturation_and_identifiability;alignment_and_copy_adequacy;selection_model_and_test_design
Naganishia__5015876at2759__code1	4	630	4	46	True	none_recorded	below_existing_four_taxon_minimum	3	32.55769573288053	False	fcs_omission_below_four_taxa	not_established	saturation_and_identifiability;alignment_and_copy_adequacy;selection_model_and_test_design
Naganishia__5017019at2759__code1	4	1176	4	87	True	none_recorded	unchanged_by_declared_fcs_omission	4	2.1590185195128284	False		not_established	saturation_and_identifiability;alignment_and_copy_adequacy;selection_model_and_test_design
Naganishia__530740at2759__code1	4	696	4	50	True	none_recorded	unchanged_by_declared_fcs_omission	4	2.487535393785623	False		not_established	saturation_and_identifiability;alignment_and_copy_adequacy;selection_model_and_test_design
Naganishia__538728at2759__code1	4	1563	4	107	True	none_recorded	unchanged_by_declared_fcs_omission	4	1.6216559194678526	False		not_established	saturation_and_identifiability;alignment_and_copy_adequacy;selection_model_and_test_design
Naganishia__539632at2759__code1	4	897	4	36	True	none_recorded	unchanged_by_declared_fcs_omission	4	2.596152338526863	False		not_established	saturation_and_identifiability;alignment_and_copy_adequacy;selection_model_and_test_design
Naganishia__540946at2759__code1	4	1173	4	89	True	none_recorded	below_existing_four_taxon_minimum	3	21.571056122464842	False	fcs_omission_below_four_taxa	not_established	saturation_and_identifiability;alignment_and_copy_adequacy;selection_model_and_test_design
Naganishia__541070at2759__code1	4	744	4	69	True	none_recorded	unchanged_by_declared_fcs_omission	4	0.9491218343944061	False		not_established	saturation_and_identifiability;alignment_and_copy_adequacy;selection_model_and_test_design
Naganishia__707076at2759__code1	4	801	4	44	True	none_recorded	unchanged_by_declared_fcs_omission	4	1.7370500412982606	False		not_established	saturation_and_identifiability;alignment_and_copy_adequacy;selection_model_and_test_design
Naganishia__707202at2759__code1	4	786	4	49	True	none_recorded	unchanged_by_declared_fcs_omission	4	2.6428992981505357	False		not_established	saturation_and_identifiability;alignment_and_copy_adequacy;selection_model_and_test_design
Naganishia__760428at2759__code1	4	951	4	70	True	none_recorded	below_existing_four_taxon_minimum	3	11.857129234219016	False	fcs_omission_below_four_taxa;tree_nni_convergence_warning	not_established	saturation_and_identifiability;alignment_and_copy_adequacy;selection_model_and_test_design
Naganishia__776280at2759__code1	4	942	4	142	True	none_recorded	below_existing_four_taxon_minimum	3	13.784976432633416	False	fcs_omission_below_four_taxa	not_established	saturation_and_identifiability;alignment_and_copy_adequacy;selection_model_and_test_design
Saccharomyces__115730at2759__code1	7	918	7	141	True	none_recorded	unchanged_by_declared_fcs_omission	7	0.3734135577675306	False		not_established	saturation_and_identifiability;alignment_and_copy_adequacy;selection_model_and_test_design
Saccharomyces__129234at2759__code1	6	345	6	48	True	none_recorded	unchanged_by_declared_fcs_omission	6	0.5933405215089113	False	tree_nni_convergence_warning;near_zero_nucleotide_tree_edge	not_established	saturation_and_identifiability;alignment_and_copy_adequacy;selection_model_and_test_design
Saccharomyces__160487at2759__code1	7	2574	7	377	True	none_recorded	unchanged_by_declared_fcs_omission	7	0.36981810598372034	False		not_established	saturation_and_identifiability;alignment_and_copy_adequacy;selection_model_and_test_design
Saccharomyces__201273at2759__code1	7	771	7	96	True	none_recorded	unchanged_by_declared_fcs_omission	7	0.31380842551844984	False		not_established	saturation_and_identifiability;alignment_and_copy_adequacy;selection_model_and_test_design
Saccharomyces__207567at2759__code1	7	540	7	71	True	none_recorded	unchanged_by_declared_fcs_omission	7	0.3745275591245637	False		not_established	saturation_and_identifiability;alignment_and_copy_adequacy;selection_model_and_test_design
Saccharomyces__260326at2759__code1	7	507	7	68	True	none_recorded	unchanged_by_declared_fcs_omission	7	0.3478336756497324	False		not_established	saturation_and_identifiability;alignment_and_copy_adequacy;selection_model_and_test_design
Saccharomyces__2852757at2759__code1	7	1377	7	209	True	none_recorded	unchanged_by_declared_fcs_omission	7	0.35860555400782407	False		not_established	saturation_and_identifiability;alignment_and_copy_adequacy;selection_model_and_test_design
Saccharomyces__288615at2759__code1	7	1821	7	308	True	none_recorded	unchanged_by_declared_fcs_omission	7	0.39081935105766075	False		not_established	saturation_and_identifiability;alignment_and_copy_adequacy;selection_model_and_test_design
Saccharomyces__319730at2759__code1	7	1350	7	196	True	none_recorded	unchanged_by_declared_fcs_omission	7	0.3877625058762659	False		not_established	saturation_and_identifiability;alignment_and_copy_adequacy;selection_model_and_test_design
Saccharomyces__340246at2759__code1	7	1965	7	344	True	none_recorded	unchanged_by_declared_fcs_omission	7	0.33825213481059035	False		not_established	saturation_and_identifiability;alignment_and_copy_adequacy;selection_model_and_test_design
Saccharomyces__345792at2759__code1	7	894	7	88	True	none_recorded	unchanged_by_declared_fcs_omission	7	0.2713794075064098	False		not_established	saturation_and_identifiability;alignment_and_copy_adequacy;selection_model_and_test_design
Saccharomyces__352891at2759__code1	7	756	7	134	True	none_recorded	unchanged_by_declared_fcs_omission	7	0.41224984403504666	False		not_established	saturation_and_identifiability;alignment_and_copy_adequacy;selection_model_and_test_design
Saccharomyces__3643464at2759__code1	7	1992	7	385	True	none_recorded	unchanged_by_declared_fcs_omission	7	0.4508504494973866	False		not_established	saturation_and_identifiability;alignment_and_copy_adequacy;selection_model_and_test_design
Saccharomyces__4613677at2759__code1	7	342	7	57	True	none_recorded	unchanged_by_declared_fcs_omission	7	0.3614639498761495	False		not_established	saturation_and_identifiability;alignment_and_copy_adequacy;selection_model_and_test_design
Saccharomyces__4695236at2759__code1	7	3192	7	496	True	none_recorded	unchanged_by_declared_fcs_omission	7	0.5193129996855511	False		not_established	saturation_and_identifiability;alignment_and_copy_adequacy;selection_model_and_test_design
Saccharomyces__4747214at2759__code1	7	414	7	56	True	none_recorded	unchanged_by_declared_fcs_omission	7	0.32841419453894216	False		not_established	saturation_and_identifiability;alignment_and_copy_adequacy;selection_model_and_test_design
Saccharomyces__4764044at2759__code1	7	1434	7	211	True	none_recorded	unchanged_by_declared_fcs_omission	7	0.40949722567569974	False		not_established	saturation_and_identifiability;alignment_and_copy_adequacy;selection_model_and_test_design
Saccharomyces__4803900at2759__code1	6	360	6	43	True	none_recorded	unchanged_by_declared_fcs_omission	6	0.46973479885173897	False		not_established	saturation_and_identifiability;alignment_and_copy_adequacy;selection_model_and_test_design
Saccharomyces__4810093at2759__code1	7	2250	7	408	True	none_recorded	unchanged_by_declared_fcs_omission	7	0.3849111844090065	False		not_established	saturation_and_identifiability;alignment_and_copy_adequacy;selection_model_and_test_design
Saccharomyces__4813267at2759__code1	7	2439	7	365	True	none_recorded	unchanged_by_declared_fcs_omission	7	0.37088567688332513	False		not_established	saturation_and_identifiability;alignment_and_copy_adequacy;selection_model_and_test_design
Saccharomyces__4823929at2759__code1	7	1143	7	233	True	none_recorded	unchanged_by_declared_fcs_omission	7	0.36445731894295363	False		not_established	saturation_and_identifiability;alignment_and_copy_adequacy;selection_model_and_test_design
Saccharomyces__4837017at2759__code1	7	684	7	94	True	none_recorded	unchanged_by_declared_fcs_omission	7	0.33693966929331204	False	tree_parameter_boundary_warning	not_established	saturation_and_identifiability;alignment_and_copy_adequacy;selection_model_and_test_design
Saccharomyces__4838864at2759__code1	7	1887	7	299	True	none_recorded	unchanged_by_declared_fcs_omission	7	0.40183942311402754	False		not_established	saturation_and_identifiability;alignment_and_copy_adequacy;selection_model_and_test_design
Saccharomyces__4843240at2759__code1	6	1767	6	332	True	none_recorded	unchanged_by_declared_fcs_omission	6	0.4839860786107344	False		not_established	saturation_and_identifiability;alignment_and_copy_adequacy;selection_model_and_test_design
Saccharomyces__4843824at2759__code1	7	582	7	90	True	none_recorded	unchanged_by_declared_fcs_omission	7	0.46612608570454644	False		not_established	saturation_and_identifiability;alignment_and_copy_adequacy;selection_model_and_test_design
Saccharomyces__4867008at2759__code1	5	543	5	52	True	none_recorded	unchanged_by_declared_fcs_omission	5	0.46169652116086635	False	tree_parameter_boundary_warning	not_established	saturation_and_identifiability;alignment_and_copy_adequacy;selection_model_and_test_design
Saccharomyces__4888252at2759__code1	7	2631	7	544	True	none_recorded	unchanged_by_declared_fcs_omission	7	0.4883132544187426	False		not_established	saturation_and_identifiability;alignment_and_copy_adequacy;selection_model_and_test_design
Saccharomyces__4896098at2759__code1	7	615	7	103	True	none_recorded	unchanged_by_declared_fcs_omission	7	0.47245760126927516	False	tree_parameter_boundary_warning	not_established	saturation_and_identifiability;alignment_and_copy_adequacy;selection_model_and_test_design
Saccharomyces__4900375at2759__code1	7	606	7	109	True	none_recorded	unchanged_by_declared_fcs_omission	7	0.46654356417989007	False		not_established	saturation_and_identifiability;alignment_and_copy_adequacy;selection_model_and_test_design
Saccharomyces__4908955at2759__code1	7	852	7	208	True	none_recorded	unchanged_by_declared_fcs_omission	7	0.5602594647126364	False		not_established	saturation_and_identifiability;alignment_and_copy_adequacy;selection_model_and_test_design
Saccharomyces__4911644at2759__code1	7	2676	7	444	True	none_recorded	unchanged_by_declared_fcs_omission	7	0.3634386443854858	False		not_established	saturation_and_identifiability;alignment_and_copy_adequacy;selection_model_and_test_design
Saccharomyces__4969018at2759__code1	7	1371	7	149	True	none_recorded	unchanged_by_declared_fcs_omission	7	0.3140743059465642	False		not_established	saturation_and_identifiability;alignment_and_copy_adequacy;selection_model_and_test_design
Saccharomyces__4969636at2759__code1	6	1218	6	198	True	none_recorded	unchanged_by_declared_fcs_omission	6	0.352904814250348	False		not_established	saturation_and_identifiability;alignment_and_copy_adequacy;selection_model_and_test_design
Saccharomyces__4969990at2759__code1	7	1029	7	198	True	none_recorded	unchanged_by_declared_fcs_omission	7	0.4390315387002481	False		not_established	saturation_and_identifiability;alignment_and_copy_adequacy;selection_model_and_test_design
Saccharomyces__4970387at2759__code1	6	456	6	69	True	none_recorded	unchanged_by_declared_fcs_omission	6	0.3960060082624421	False		not_established	saturation_and_identifiability;alignment_and_copy_adequacy;selection_model_and_test_design
Saccharomyces__4970538at2759__code1	7	2820	7	461	True	none_recorded	unchanged_by_declared_fcs_omission	7	0.380150799353088	False		not_established	saturation_and_identifiability;alignment_and_copy_adequacy;selection_model_and_test_design
Saccharomyces__4971272at2759__code1	7	1323	7	241	True	none_recorded	unchanged_by_declared_fcs_omission	7	0.44312131078646466	False		not_established	saturation_and_identifiability;alignment_and_copy_adequacy;selection_model_and_test_design
Saccharomyces__4974767at2759__code1	7	441	7	80	True	none_recorded	unchanged_by_declared_fcs_omission	7	0.46589366177780933	False		not_established	saturation_and_identifiability;alignment_and_copy_adequacy;selection_model_and_test_design
Saccharomyces__4975094at2759__code1	7	2919	7	491	True	none_recorded	unchanged_by_declared_fcs_omission	7	0.40063601421932565	False		not_established	saturation_and_identifiability;alignment_and_copy_adequacy;selection_model_and_test_design
Saccharomyces__4976279at2759__code1	7	1062	7	252	True	none_recorded	unchanged_by_declared_fcs_omission	7	0.4527797315406363	False		not_established	saturation_and_identifiability;alignment_and_copy_adequacy;selection_model_and_test_design
Saccharomyces__4977163at2759__code1	7	549	7	89	True	none_recorded	unchanged_by_declared_fcs_omission	7	0.45552533393765154	False	tree_parameter_boundary_warning	not_established	saturation_and_identifiability;alignment_and_copy_adequacy;selection_model_and_test_design
Saccharomyces__4977863at2759__code1	7	1752	7	345	True	none_recorded	unchanged_by_declared_fcs_omission	7	0.4645108305279206	False		not_established	saturation_and_identifiability;alignment_and_copy_adequacy;selection_model_and_test_design
Saccharomyces__4983000at2759__code1	7	1416	7	214	True	none_recorded	unchanged_by_declared_fcs_omission	7	0.40617410125975445	False		not_established	saturation_and_identifiability;alignment_and_copy_adequacy;selection_model_and_test_design
Saccharomyces__4985971at2759__code1	7	1032	7	174	True	none_recorded	unchanged_by_declared_fcs_omission	7	0.45181985187916684	False		not_established	saturation_and_identifiability;alignment_and_copy_adequacy;selection_model_and_test_design
Saccharomyces__4986044at2759__code1	7	1365	7	253	True	requires_gene_copy_reconciliation_before_confirmatory_single_ortholog_analysis	unchanged_by_declared_fcs_omission	7	46.21707808851856	False	copy_reconciliation_required;tree_pairwise_saturation_warning;tree_nni_convergence_warning	not_established	saturation_and_identifiability;alignment_and_copy_adequacy;selection_model_and_test_design
Saccharomyces__4987397at2759__code1	7	2520	7	382	True	none_recorded	unchanged_by_declared_fcs_omission	7	0.3875908210580408	False		not_established	saturation_and_identifiability;alignment_and_copy_adequacy;selection_model_and_test_design
Saccharomyces__4988239at2759__code1	7	3099	7	535	True	none_recorded	unchanged_by_declared_fcs_omission	7	0.45810513987099194	False		not_established	saturation_and_identifiability;alignment_and_copy_adequacy;selection_model_and_test_design
Saccharomyces__4999134at2759__code1	6	6945	6	1018	True	none_recorded	unchanged_by_declared_fcs_omission	6	0.42538113339855016	False		not_established	saturation_and_identifiability;alignment_and_copy_adequacy;selection_model_and_test_design
Saccharomyces__5000045at2759__code1	7	1122	7	185	True	none_recorded	unchanged_by_declared_fcs_omission	7	0.4401734701015763	False	tree_parameter_boundary_warning	not_established	saturation_and_identifiability;alignment_and_copy_adequacy;selection_model_and_test_design
Saccharomyces__5000152at2759__code1	7	3159	7	790	True	none_recorded	unchanged_by_declared_fcs_omission	7	16.409511455576094	False	tree_pairwise_saturation_warning;tree_nni_convergence_warning;near_zero_nucleotide_tree_edge	not_established	saturation_and_identifiability;alignment_and_copy_adequacy;selection_model_and_test_design
Saccharomyces__5000362at2759__code1	6	2433	6	547	True	none_recorded	unchanged_by_declared_fcs_omission	6	0.46380498470304155	False		not_established	saturation_and_identifiability;alignment_and_copy_adequacy;selection_model_and_test_design
Saccharomyces__5000371at2759__code1	7	1227	7	219	True	none_recorded	unchanged_by_declared_fcs_omission	7	0.47061370445289424	False		not_established	saturation_and_identifiability;alignment_and_copy_adequacy;selection_model_and_test_design
Saccharomyces__5000452at2759__code1	6	774	6	125	True	none_recorded	unchanged_by_declared_fcs_omission	6	0.4968066707322677	False		not_established	saturation_and_identifiability;alignment_and_copy_adequacy;selection_model_and_test_design
Saccharomyces__5000476at2759__code1	7	1158	7	211	True	none_recorded	unchanged_by_declared_fcs_omission	7	0.40729649317443245	False		not_established	saturation_and_identifiability;alignment_and_copy_adequacy;selection_model_and_test_design
Saccharomyces__5000743at2759__code1	7	510	7	93	True	none_recorded	unchanged_by_declared_fcs_omission	7	0.4904341519570745	False	tree_parameter_boundary_warning	not_established	saturation_and_identifiability;alignment_and_copy_adequacy;selection_model_and_test_design
Saccharomyces__5000823at2759__code1	7	2607	7	448	True	none_recorded	unchanged_by_declared_fcs_omission	7	0.36329953204551024	False		not_established	saturation_and_identifiability;alignment_and_copy_adequacy;selection_model_and_test_design
Saccharomyces__5000870at2759__code1	7	2244	7	404	True	none_recorded	unchanged_by_declared_fcs_omission	7	0.3864599609229868	False		not_established	saturation_and_identifiability;alignment_and_copy_adequacy;selection_model_and_test_design
Saccharomyces__5000986at2759__code1	7	1467	7	291	True	none_recorded	unchanged_by_declared_fcs_omission	7	0.35674829924131946	False		not_established	saturation_and_identifiability;alignment_and_copy_adequacy;selection_model_and_test_design
Saccharomyces__5001156at2759__code1	7	927	7	165	True	none_recorded	unchanged_by_declared_fcs_omission	7	0.42055474795591435	False		not_established	saturation_and_identifiability;alignment_and_copy_adequacy;selection_model_and_test_design
Saccharomyces__5001273at2759__code1	7	654	7	115	True	none_recorded	unchanged_by_declared_fcs_omission	7	0.5628833768219598	False		not_established	saturation_and_identifiability;alignment_and_copy_adequacy;selection_model_and_test_design
Saccharomyces__5001280at2759__code1	7	2088	7	394	True	none_recorded	unchanged_by_declared_fcs_omission	7	0.379516579475845	False		not_established	saturation_and_identifiability;alignment_and_copy_adequacy;selection_model_and_test_design
Saccharomyces__5001318at2759__code1	7	915	7	90	True	none_recorded	unchanged_by_declared_fcs_omission	7	0.22883695464855838	False		not_established	saturation_and_identifiability;alignment_and_copy_adequacy;selection_model_and_test_design
Saccharomyces__5001413at2759__code1	7	846	7	148	True	none_recorded	unchanged_by_declared_fcs_omission	7	0.3744140484962155	False		not_established	saturation_and_identifiability;alignment_and_copy_adequacy;selection_model_and_test_design
Saccharomyces__5001473at2759__code1	6	366	6	35	True	none_recorded	unchanged_by_declared_fcs_omission	6	0.260627899332492	False	tree_parameter_boundary_warning	not_established	saturation_and_identifiability;alignment_and_copy_adequacy;selection_model_and_test_design
Saccharomyces__5001660at2759__code1	7	1893	7	246	True	none_recorded	unchanged_by_declared_fcs_omission	7	0.31849578035043075	False		not_established	saturation_and_identifiability;alignment_and_copy_adequacy;selection_model_and_test_design
Saccharomyces__5001734at2759__code1	7	597	7	123	True	none_recorded	unchanged_by_declared_fcs_omission	7	0.42411106784321806	False		not_established	saturation_and_identifiability;alignment_and_copy_adequacy;selection_model_and_test_design
Saccharomyces__5002334at2759__code1	7	1038	7	194	True	none_recorded	unchanged_by_declared_fcs_omission	7	0.4968621728677188	False		not_established	saturation_and_identifiability;alignment_and_copy_adequacy;selection_model_and_test_design
Saccharomyces__5002573at2759__code1	4	1098	4	62	True	none_recorded	unchanged_by_declared_fcs_omission	4	0.8240893806226125	False		not_established	saturation_and_identifiability;alignment_and_copy_adequacy;selection_model_and_test_design
Saccharomyces__5003022at2759__code1	7	2319	7	447	True	none_recorded	unchanged_by_declared_fcs_omission	7	0.46807802606831583	False		not_established	saturation_and_identifiability;alignment_and_copy_adequacy;selection_model_and_test_design
Saccharomyces__5003192at2759__code1	7	1287	7	288	True	none_recorded	unchanged_by_declared_fcs_omission	7	0.4113358111417549	False		not_established	saturation_and_identifiability;alignment_and_copy_adequacy;selection_model_and_test_design
Saccharomyces__5003205at2759__code1	7	3876	7	692	True	none_recorded	unchanged_by_declared_fcs_omission	7	0.4822787531642536	False		not_established	saturation_and_identifiability;alignment_and_copy_adequacy;selection_model_and_test_design
Saccharomyces__5003856at2759__code1	6	909	6	142	True	none_recorded	unchanged_by_declared_fcs_omission	6	0.5052966207442962	False	tree_parameter_boundary_warning	not_established	saturation_and_identifiability;alignment_and_copy_adequacy;selection_model_and_test_design
Saccharomyces__5003972at2759__code1	7	762	7	137	True	none_recorded	unchanged_by_declared_fcs_omission	7	0.4468148799596678	False		not_established	saturation_and_identifiability;alignment_and_copy_adequacy;selection_model_and_test_design
Saccharomyces__5004118at2759__code1	6	690	6	95	True	none_recorded	unchanged_by_declared_fcs_omission	6	0.4705669695924835	False		not_established	saturation_and_identifiability;alignment_and_copy_adequacy;selection_model_and_test_design
Saccharomyces__5004265at2759__code1	7	849	7	135	True	none_recorded	unchanged_by_declared_fcs_omission	7	0.4014519062392172	False		not_established	saturation_and_identifiability;alignment_and_copy_adequacy;selection_model_and_test_design
Saccharomyces__5004327at2759__code1	7	2244	7	445	True	none_recorded	unchanged_by_declared_fcs_omission	7	0.37216373422692417	False		not_established	saturation_and_identifiability;alignment_and_copy_adequacy;selection_model_and_test_design
Saccharomyces__5004391at2759__code1	7	2799	7	431	True	none_recorded	unchanged_by_declared_fcs_omission	7	0.29449437425150293	False		not_established	saturation_and_identifiability;alignment_and_copy_adequacy;selection_model_and_test_design
Saccharomyces__5004478at2759__code1	7	1218	7	203	True	none_recorded	unchanged_by_declared_fcs_omission	7	0.35504205546891765	False		not_established	saturation_and_identifiability;alignment_and_copy_adequacy;selection_model_and_test_design
Saccharomyces__5004599at2759__code1	7	2160	7	343	True	none_recorded	unchanged_by_declared_fcs_omission	7	0.34256870624246966	False		not_established	saturation_and_identifiability;alignment_and_copy_adequacy;selection_model_and_test_design
Saccharomyces__5005010at2759__code1	6	330	6	39	True	none_recorded	unchanged_by_declared_fcs_omission	6	0.48878960758827356	False	tree_parameter_boundary_warning	not_established	saturation_and_identifiability;alignment_and_copy_adequacy;selection_model_and_test_design
Saccharomyces__5005174at2759__code1	7	516	7	70	True	none_recorded	unchanged_by_declared_fcs_omission	7	0.3028143460690955	False		not_established	saturation_and_identifiability;alignment_and_copy_adequacy;selection_model_and_test_design
Saccharomyces__5005196at2759__code1	6	1317	6	184	True	none_recorded	unchanged_by_declared_fcs_omission	6	0.48277925417036593	False		not_established	saturation_and_identifiability;alignment_and_copy_adequacy;selection_model_and_test_design
Saccharomyces__5005215at2759__code1	7	1686	7	275	True	none_recorded	unchanged_by_declared_fcs_omission	7	0.3322770895067556	False		not_established	saturation_and_identifiability;alignment_and_copy_adequacy;selection_model_and_test_design
Saccharomyces__5005217at2759__code1	7	1332	7	244	True	none_recorded	unchanged_by_declared_fcs_omission	7	0.44391085043023665	False		not_established	saturation_and_identifiability;alignment_and_copy_adequacy;selection_model_and_test_design
Saccharomyces__5005274at2759__code1	7	1008	7	190	True	none_recorded	unchanged_by_declared_fcs_omission	7	0.41596860079382486	False		not_established	saturation_and_identifiability;alignment_and_copy_adequacy;selection_model_and_test_design
Saccharomyces__5005697at2759__code1	7	1569	7	293	True	none_recorded	unchanged_by_declared_fcs_omission	7	0.3760487662548445	False		not_established	saturation_and_identifiability;alignment_and_copy_adequacy;selection_model_and_test_design
Saccharomyces__5005750at2759__code1	7	534	7	69	True	none_recorded	unchanged_by_declared_fcs_omission	7	0.30241306765508774	False	tree_parameter_boundary_warning	not_established	saturation_and_identifiability;alignment_and_copy_adequacy;selection_model_and_test_design
Saccharomyces__5005892at2759__code1	7	1080	7	184	True	none_recorded	unchanged_by_declared_fcs_omission	7	0.44057710852060766	False		not_established	saturation_and_identifiability;alignment_and_copy_adequacy;selection_model_and_test_design
Saccharomyces__5006326at2759__code1	7	1749	7	274	True	none_recorded	unchanged_by_declared_fcs_omission	7	0.3730867377171334	False		not_established	saturation_and_identifiability;alignment_and_copy_adequacy;selection_model_and_test_design
Saccharomyces__5006412at2759__code1	7	1554	7	331	True	none_recorded	unchanged_by_declared_fcs_omission	7	0.33905853801302877	False		not_established	saturation_and_identifiability;alignment_and_copy_adequacy;selection_model_and_test_design
Saccharomyces__5011777at2759__code1	7	1761	7	414	True	none_recorded	unchanged_by_declared_fcs_omission	7	0.4140620775635819	False		not_established	saturation_and_identifiability;alignment_and_copy_adequacy;selection_model_and_test_design
Saccharomyces__5013067at2759__code1	7	990	7	133	True	none_recorded	unchanged_by_declared_fcs_omission	7	0.3274177068750269	False		not_established	saturation_and_identifiability;alignment_and_copy_adequacy;selection_model_and_test_design
Saccharomyces__5013259at2759__code1	7	492	7	44	True	none_recorded	unchanged_by_declared_fcs_omission	7	0.29961967742621776	False		not_established	saturation_and_identifiability;alignment_and_copy_adequacy;selection_model_and_test_design
Saccharomyces__5013539at2759__code1	7	849	7	115	True	none_recorded	unchanged_by_declared_fcs_omission	7	0.29198399857457363	False		not_established	saturation_and_identifiability;alignment_and_copy_adequacy;selection_model_and_test_design
Saccharomyces__5013726at2759__code1	7	549	7	86	True	none_recorded	unchanged_by_declared_fcs_omission	7	0.36454948897512496	False		not_established	saturation_and_identifiability;alignment_and_copy_adequacy;selection_model_and_test_design
Saccharomyces__5013738at2759__code1	7	738	7	129	True	none_recorded	unchanged_by_declared_fcs_omission	7	0.4700520287525407	False		not_established	saturation_and_identifiability;alignment_and_copy_adequacy;selection_model_and_test_design
Saccharomyces__5013992at2759__code1	6	2175	6	477	True	none_recorded	unchanged_by_declared_fcs_omission	6	0.4425643934721339	False		not_established	saturation_and_identifiability;alignment_and_copy_adequacy;selection_model_and_test_design
Saccharomyces__5014007at2759__code1	7	1680	7	332	True	none_recorded	unchanged_by_declared_fcs_omission	7	0.4037211671660382	False		not_established	saturation_and_identifiability;alignment_and_copy_adequacy;selection_model_and_test_design
Saccharomyces__5015403at2759__code1	7	1272	7	245	True	none_recorded	unchanged_by_declared_fcs_omission	7	0.43417071607256713	False		not_established	saturation_and_identifiability;alignment_and_copy_adequacy;selection_model_and_test_design
Saccharomyces__5015647at2759__code1	7	2532	7	446	True	none_recorded	unchanged_by_declared_fcs_omission	7	0.4320063311863478	False		not_established	saturation_and_identifiability;alignment_and_copy_adequacy;selection_model_and_test_design
Saccharomyces__5015712at2759__code1	7	1269	7	300	True	none_recorded	unchanged_by_declared_fcs_omission	7	0.386946269256712	False		not_established	saturation_and_identifiability;alignment_and_copy_adequacy;selection_model_and_test_design
Saccharomyces__5015742at2759__code1	7	1305	7	292	True	none_recorded	unchanged_by_declared_fcs_omission	7	0.42789600880202044	False		not_established	saturation_and_identifiability;alignment_and_copy_adequacy;selection_model_and_test_design
Saccharomyces__5015876at2759__code1	7	1515	7	243	True	none_recorded	unchanged_by_declared_fcs_omission	7	0.3545861068386138	False		not_established	saturation_and_identifiability;alignment_and_copy_adequacy;selection_model_and_test_design
Saccharomyces__5017019at2759__code1	7	1161	7	233	True	none_recorded	unchanged_by_declared_fcs_omission	7	0.40229641642569136	False		not_established	saturation_and_identifiability;alignment_and_copy_adequacy;selection_model_and_test_design
Saccharomyces__5018803at2759__code1	7	2550	7	517	True	none_recorded	unchanged_by_declared_fcs_omission	7	0.43941129994051925	False		not_established	saturation_and_identifiability;alignment_and_copy_adequacy;selection_model_and_test_design
Saccharomyces__529759at2759__code1	7	732	7	78	True	none_recorded	unchanged_by_declared_fcs_omission	7	0.2781385500887702	False		not_established	saturation_and_identifiability;alignment_and_copy_adequacy;selection_model_and_test_design
Saccharomyces__530014at2759__code1	7	2562	7	460	True	none_recorded	unchanged_by_declared_fcs_omission	7	0.37242417149336515	False		not_established	saturation_and_identifiability;alignment_and_copy_adequacy;selection_model_and_test_design
Saccharomyces__530740at2759__code1	7	648	7	172	True	none_recorded	unchanged_by_declared_fcs_omission	7	12.076015148834289	False	tree_nni_convergence_warning;near_zero_nucleotide_tree_edge	not_established	saturation_and_identifiability;alignment_and_copy_adequacy;selection_model_and_test_design
Saccharomyces__538728at2759__code1	7	993	7	235	True	none_recorded	unchanged_by_declared_fcs_omission	7	0.4842185312566768	False		not_established	saturation_and_identifiability;alignment_and_copy_adequacy;selection_model_and_test_design
Saccharomyces__538952at2759__code1	7	1257	7	227	True	none_recorded	unchanged_by_declared_fcs_omission	7	0.45153593188404606	False		not_established	saturation_and_identifiability;alignment_and_copy_adequacy;selection_model_and_test_design
Saccharomyces__539632at2759__code1	7	909	7	91	True	none_recorded	unchanged_by_declared_fcs_omission	7	0.27886303973156057	False		not_established	saturation_and_identifiability;alignment_and_copy_adequacy;selection_model_and_test_design
Saccharomyces__540946at2759__code1	6	1182	6	174	True	none_recorded	unchanged_by_declared_fcs_omission	6	0.3982032696678023	False		not_established	saturation_and_identifiability;alignment_and_copy_adequacy;selection_model_and_test_design
Saccharomyces__541070at2759__code1	7	684	7	149	True	none_recorded	unchanged_by_declared_fcs_omission	7	0.4801490130643757	False		not_established	saturation_and_identifiability;alignment_and_copy_adequacy;selection_model_and_test_design
Saccharomyces__554735at2759__code1	7	765	7	137	True	none_recorded	unchanged_by_declared_fcs_omission	7	0.4165925711989262	False		not_established	saturation_and_identifiability;alignment_and_copy_adequacy;selection_model_and_test_design
Saccharomyces__649304at2759__code1	6	909	6	107	True	none_recorded	unchanged_by_declared_fcs_omission	6	0.35722838210233926	False		not_established	saturation_and_identifiability;alignment_and_copy_adequacy;selection_model_and_test_design
Saccharomyces__707076at2759__code1	7	786	7	139	True	none_recorded	unchanged_by_declared_fcs_omission	7	0.5778069850605332	False		not_established	saturation_and_identifiability;alignment_and_copy_adequacy;selection_model_and_test_design
Saccharomyces__707202at2759__code1	7	1068	7	151	True	none_recorded	unchanged_by_declared_fcs_omission	7	0.3200572675479868	False		not_established	saturation_and_identifiability;alignment_and_copy_adequacy;selection_model_and_test_design
Saccharomyces__727964at2759__code1	7	1284	7	233	True	none_recorded	unchanged_by_declared_fcs_omission	7	0.46418119255667906	False		not_established	saturation_and_identifiability;alignment_and_copy_adequacy;selection_model_and_test_design
Saccharomyces__730114at2759__code1	7	1545	7	344	True	none_recorded	unchanged_by_declared_fcs_omission	7	0.42619910118449655	False		not_established	saturation_and_identifiability;alignment_and_copy_adequacy;selection_model_and_test_design
Saccharomyces__760428at2759__code1	7	873	7	470	True	none_recorded	unchanged_by_declared_fcs_omission	7	12.016272982479041	False	tree_pairwise_saturation_warning;tree_nni_convergence_warning	not_established	saturation_and_identifiability;alignment_and_copy_adequacy;selection_model_and_test_design
Saccharomyces__776280at2759__code1	6	1308	6	242	True	none_recorded	unchanged_by_declared_fcs_omission	6	0.3528462895428651	False		not_established	saturation_and_identifiability;alignment_and_copy_adequacy;selection_model_and_test_design
Saccharomyces__801816at2759__code1	7	561	7	99	True	none_recorded	unchanged_by_declared_fcs_omission	7	0.539832402929635	False		not_established	saturation_and_identifiability;alignment_and_copy_adequacy;selection_model_and_test_design
Suillus__115730at2759__code1	9	993	9	120	True	none_recorded	unchanged_by_declared_fcs_omission	9	0.5939629141160251	False		not_established	saturation_and_identifiability;alignment_and_copy_adequacy;selection_model_and_test_design
Suillus__129234at2759__code1	9	573	9	29	True	none_recorded	unchanged_by_declared_fcs_omission	9	0.23482994639018653	False		not_established	saturation_and_identifiability;alignment_and_copy_adequacy;selection_model_and_test_design
Suillus__160487at2759__code1	8	2613	8	232	True	none_recorded	unchanged_by_declared_fcs_omission	8	0.25765804469665055	False		not_established	saturation_and_identifiability;alignment_and_copy_adequacy;selection_model_and_test_design
Suillus__201273at2759__code1	7	780	7	39	True	none_recorded	unchanged_by_declared_fcs_omission	7	0.22464549373394657	False		not_established	saturation_and_identifiability;alignment_and_copy_adequacy;selection_model_and_test_design
Suillus__207567at2759__code1	10	540	10	39	True	none_recorded	unchanged_by_declared_fcs_omission	10	0.3398857117351024	False		not_established	saturation_and_identifiability;alignment_and_copy_adequacy;selection_model_and_test_design
Suillus__260326at2759__code1	10	510	10	47	True	none_recorded	unchanged_by_declared_fcs_omission	10	0.24653351950822852	False		not_established	saturation_and_identifiability;alignment_and_copy_adequacy;selection_model_and_test_design
Suillus__2852757at2759__code1	10	1440	10	157	True	none_recorded	unchanged_by_declared_fcs_omission	10	0.33769664590222365	False		not_established	saturation_and_identifiability;alignment_and_copy_adequacy;selection_model_and_test_design
Suillus__288615at2759__code1	10	1914	10	187	True	none_recorded	unchanged_by_declared_fcs_omission	10	0.2580913546989968	False		not_established	saturation_and_identifiability;alignment_and_copy_adequacy;selection_model_and_test_design
Suillus__319730at2759__code1	10	1341	10	110	True	none_recorded	unchanged_by_declared_fcs_omission	10	0.2639365088291676	False		not_established	saturation_and_identifiability;alignment_and_copy_adequacy;selection_model_and_test_design
Suillus__340246at2759__code1	9	2004	9	177	True	none_recorded	unchanged_by_declared_fcs_omission	9	0.19320100990494313	False		not_established	saturation_and_identifiability;alignment_and_copy_adequacy;selection_model_and_test_design
Suillus__345792at2759__code1	8	828	8	51	True	none_recorded	unchanged_by_declared_fcs_omission	8	0.27190317404488523	False		not_established	saturation_and_identifiability;alignment_and_copy_adequacy;selection_model_and_test_design
Suillus__352891at2759__code1	10	741	10	74	True	none_recorded	unchanged_by_declared_fcs_omission	10	0.25976032074360217	False		not_established	saturation_and_identifiability;alignment_and_copy_adequacy;selection_model_and_test_design
Suillus__3643464at2759__code1	10	2247	10	204	True	none_recorded	unchanged_by_declared_fcs_omission	10	0.2839762460364654	False		not_established	saturation_and_identifiability;alignment_and_copy_adequacy;selection_model_and_test_design
Suillus__4613677at2759__code1	9	321	9	27	True	none_recorded	unchanged_by_declared_fcs_omission	9	0.18777950530816787	False	near_zero_nucleotide_tree_edge	not_established	saturation_and_identifiability;alignment_and_copy_adequacy;selection_model_and_test_design
Suillus__4695236at2759__code1	9	3204	9	305	True	none_recorded	unchanged_by_declared_fcs_omission	9	0.2267719613437667	False		not_established	saturation_and_identifiability;alignment_and_copy_adequacy;selection_model_and_test_design
Suillus__4747214at2759__code1	4	432	4	11	True	none_recorded	unchanged_by_declared_fcs_omission	4	0.20826222029562308	False	tree_parameter_boundary_warning	not_established	saturation_and_identifiability;alignment_and_copy_adequacy;selection_model_and_test_design
Suillus__4764044at2759__code1	10	1467	10	167	True	none_recorded	unchanged_by_declared_fcs_omission	10	0.31254879095958027	False		not_established	saturation_and_identifiability;alignment_and_copy_adequacy;selection_model_and_test_design
Suillus__4803900at2759__code1	10	366	10	26	True	none_recorded	unchanged_by_declared_fcs_omission	10	0.25733663408340174	False	near_zero_nucleotide_tree_edge	not_established	saturation_and_identifiability;alignment_and_copy_adequacy;selection_model_and_test_design
Suillus__4810093at2759__code1	10	2340	10	238	True	none_recorded	unchanged_by_declared_fcs_omission	10	0.2164768801554235	False		not_established	saturation_and_identifiability;alignment_and_copy_adequacy;selection_model_and_test_design
Suillus__4813267at2759__code1	10	2493	10	218	True	none_recorded	unchanged_by_declared_fcs_omission	10	0.2211798035983364	False		not_established	saturation_and_identifiability;alignment_and_copy_adequacy;selection_model_and_test_design
Suillus__4823929at2759__code1	9	1281	9	117	True	none_recorded	unchanged_by_declared_fcs_omission	9	0.20335247292073358	False		not_established	saturation_and_identifiability;alignment_and_copy_adequacy;selection_model_and_test_design
Suillus__4837017at2759__code1	10	684	10	89	True	none_recorded	unchanged_by_declared_fcs_omission	10	0.35687941804779644	False		not_established	saturation_and_identifiability;alignment_and_copy_adequacy;selection_model_and_test_design
Suillus__4838864at2759__code1	10	1920	10	224	True	none_recorded	unchanged_by_declared_fcs_omission	10	0.5145321416963062	False		not_established	saturation_and_identifiability;alignment_and_copy_adequacy;selection_model_and_test_design
Suillus__4843240at2759__code1	9	1992	9	178	True	none_recorded	unchanged_by_declared_fcs_omission	9	0.19619050650574366	False		not_established	saturation_and_identifiability;alignment_and_copy_adequacy;selection_model_and_test_design
Suillus__4843824at2759__code1	10	582	10	68	True	none_recorded	unchanged_by_declared_fcs_omission	10	0.21024679518687447	False		not_established	saturation_and_identifiability;alignment_and_copy_adequacy;selection_model_and_test_design
Suillus__4867008at2759__code1	10	537	10	66	True	none_recorded	unchanged_by_declared_fcs_omission	10	0.2858353563274458	False		not_established	saturation_and_identifiability;alignment_and_copy_adequacy;selection_model_and_test_design
Suillus__4888252at2759__code1	9	2670	9	288	True	none_recorded	unchanged_by_declared_fcs_omission	9	0.2873500388454793	False		not_established	saturation_and_identifiability;alignment_and_copy_adequacy;selection_model_and_test_design
Suillus__4896098at2759__code1	9	609	9	42	True	none_recorded	unchanged_by_declared_fcs_omission	9	0.24641724636061157	False		not_established	saturation_and_identifiability;alignment_and_copy_adequacy;selection_model_and_test_design
Suillus__4900375at2759__code1	10	618	10	57	True	none_recorded	unchanged_by_declared_fcs_omission	10	0.20366779980129784	False	near_zero_nucleotide_tree_edge	not_established	saturation_and_identifiability;alignment_and_copy_adequacy;selection_model_and_test_design
Suillus__4908955at2759__code1	10	963	10	85	True	none_recorded	unchanged_by_declared_fcs_omission	10	0.2029691677111919	False		not_established	saturation_and_identifiability;alignment_and_copy_adequacy;selection_model_and_test_design
Suillus__4911644at2759__code1	10	2766	10	257	True	none_recorded	unchanged_by_declared_fcs_omission	10	0.2205616950896454	False		not_established	saturation_and_identifiability;alignment_and_copy_adequacy;selection_model_and_test_design
Suillus__4940884at2759__code1	10	2754	10	206	True	none_recorded	unchanged_by_declared_fcs_omission	10	0.236356789627763	False		not_established	saturation_and_identifiability;alignment_and_copy_adequacy;selection_model_and_test_design
Suillus__4969018at2759__code1	10	1371	10	110	True	none_recorded	unchanged_by_declared_fcs_omission	10	0.20946344959152602	False		not_established	saturation_and_identifiability;alignment_and_copy_adequacy;selection_model_and_test_design
Suillus__4969636at2759__code1	10	1167	10	112	True	none_recorded	unchanged_by_declared_fcs_omission	10	0.2564955115052552	False		not_established	saturation_and_identifiability;alignment_and_copy_adequacy;selection_model_and_test_design
Suillus__4969990at2759__code1	10	1056	10	95	True	none_recorded	unchanged_by_declared_fcs_omission	10	0.2211783844392965	False		not_established	saturation_and_identifiability;alignment_and_copy_adequacy;selection_model_and_test_design
Suillus__4970387at2759__code1	8	456	8	39	True	none_recorded	unchanged_by_declared_fcs_omission	8	0.2176023160055969	False		not_established	saturation_and_identifiability;alignment_and_copy_adequacy;selection_model_and_test_design
Suillus__4970538at2759__code1	10	2826	10	327	True	none_recorded	unchanged_by_declared_fcs_omission	10	0.28133366580938934	False		not_established	saturation_and_identifiability;alignment_and_copy_adequacy;selection_model_and_test_design
Suillus__4971272at2759__code1	10	1311	10	112	True	none_recorded	unchanged_by_declared_fcs_omission	10	0.2415630393021669	False		not_established	saturation_and_identifiability;alignment_and_copy_adequacy;selection_model_and_test_design
Suillus__4974767at2759__code1	10	438	10	38	True	none_recorded	unchanged_by_declared_fcs_omission	10	0.1729861000570147	False		not_established	saturation_and_identifiability;alignment_and_copy_adequacy;selection_model_and_test_design
Suillus__4975094at2759__code1	10	2967	10	271	True	none_recorded	unchanged_by_declared_fcs_omission	10	0.2535888683235019	False		not_established	saturation_and_identifiability;alignment_and_copy_adequacy;selection_model_and_test_design
Suillus__4976279at2759__code1	9	1242	9	125	True	none_recorded	unchanged_by_declared_fcs_omission	9	0.25855155150240083	False		not_established	saturation_and_identifiability;alignment_and_copy_adequacy;selection_model_and_test_design
Suillus__4977163at2759__code1	10	543	10	43	True	none_recorded	unchanged_by_declared_fcs_omission	10	0.16589183799456636	False		not_established	saturation_and_identifiability;alignment_and_copy_adequacy;selection_model_and_test_design
Suillus__4977863at2759__code1	10	1755	10	195	True	none_recorded	unchanged_by_declared_fcs_omission	10	0.2555734450923291	False		not_established	saturation_and_identifiability;alignment_and_copy_adequacy;selection_model_and_test_design
Suillus__4983000at2759__code1	8	1479	8	108	True	none_recorded	unchanged_by_declared_fcs_omission	8	0.21368516999514012	False		not_established	saturation_and_identifiability;alignment_and_copy_adequacy;selection_model_and_test_design
Suillus__4985971at2759__code1	7	1020	7	82	True	none_recorded	unchanged_by_declared_fcs_omission	7	0.30202813699873843	False		not_established	saturation_and_identifiability;alignment_and_copy_adequacy;selection_model_and_test_design
Suillus__4986044at2759__code1	10	1491	10	162	True	requires_gene_copy_reconciliation_before_confirmatory_single_ortholog_analysis	unchanged_by_declared_fcs_omission	10	0.2358464030407331	False	copy_reconciliation_required	not_established	saturation_and_identifiability;alignment_and_copy_adequacy;selection_model_and_test_design
Suillus__4987397at2759__code1	9	2514	9	260	True	none_recorded	unchanged_by_declared_fcs_omission	9	0.2497547991502106	False		not_established	saturation_and_identifiability;alignment_and_copy_adequacy;selection_model_and_test_design
Suillus__4988239at2759__code1	9	3021	9	270	True	none_recorded	unchanged_by_declared_fcs_omission	9	0.3027937370256562	False		not_established	saturation_and_identifiability;alignment_and_copy_adequacy;selection_model_and_test_design
Suillus__4999134at2759__code1	10	7005	10	598	True	none_recorded	unchanged_by_declared_fcs_omission	10	0.2974854737632479	False		not_established	saturation_and_identifiability;alignment_and_copy_adequacy;selection_model_and_test_design
Suillus__5000045at2759__code1	9	1134	9	71	True	none_recorded	unchanged_by_declared_fcs_omission	9	0.22612708272735804	False		not_established	saturation_and_identifiability;alignment_and_copy_adequacy;selection_model_and_test_design
Suillus__5000152at2759__code1	10	3573	10	425	True	none_recorded	unchanged_by_declared_fcs_omission	10	37.57122019659008	False	tree_pairwise_saturation_warning;near_zero_nucleotide_tree_edge	not_established	saturation_and_identifiability;alignment_and_copy_adequacy;selection_model_and_test_design
Suillus__5000362at2759__code1	9	2694	9	197	True	none_recorded	unchanged_by_declared_fcs_omission	9	0.2560089905496955	False		not_established	saturation_and_identifiability;alignment_and_copy_adequacy;selection_model_and_test_design
Suillus__5000371at2759__code1	10	1215	10	108	True	none_recorded	unchanged_by_declared_fcs_omission	10	0.22614781059655445	False		not_established	saturation_and_identifiability;alignment_and_copy_adequacy;selection_model_and_test_design
Suillus__5000452at2759__code1	10	825	10	160	True	none_recorded	unchanged_by_declared_fcs_omission	10	0.36835513542024373	False		not_established	saturation_and_identifiability;alignment_and_copy_adequacy;selection_model_and_test_design
Suillus__5000476at2759__code1	10	1143	10	101	True	none_recorded	unchanged_by_declared_fcs_omission	10	0.2939230978323543	False		not_established	saturation_and_identifiability;alignment_and_copy_adequacy;selection_model_and_test_design
Suillus__5000743at2759__code1	9	513	9	49	True	none_recorded	unchanged_by_declared_fcs_omission	9	0.38374956451105996	False		not_established	saturation_and_identifiability;alignment_and_copy_adequacy;selection_model_and_test_design
Suillus__5000823at2759__code1	9	2439	9	265	True	none_recorded	unchanged_by_declared_fcs_omission	9	0.3513284629372751	False		not_established	saturation_and_identifiability;alignment_and_copy_adequacy;selection_model_and_test_design
Suillus__5000870at2759__code1	10	2253	10	191	True	none_recorded	unchanged_by_declared_fcs_omission	10	0.2046357224717834	False		not_established	saturation_and_identifiability;alignment_and_copy_adequacy;selection_model_and_test_design
Suillus__5000986at2759__code1	10	1515	10	165	True	none_recorded	unchanged_by_declared_fcs_omission	10	0.2330711528892344	False		not_established	saturation_and_identifiability;alignment_and_copy_adequacy;selection_model_and_test_design
Suillus__5001156at2759__code1	9	960	9	74	True	none_recorded	unchanged_by_declared_fcs_omission	9	0.2468454775115939	False		not_established	saturation_and_identifiability;alignment_and_copy_adequacy;selection_model_and_test_design
Suillus__5001273at2759__code1	7	708	7	59	True	none_recorded	unchanged_by_declared_fcs_omission	7	0.19958344185864388	False		not_established	saturation_and_identifiability;alignment_and_copy_adequacy;selection_model_and_test_design
Suillus__5001280at2759__code1	10	2145	10	295	True	none_recorded	unchanged_by_declared_fcs_omission	10	0.5136625737565391	False		not_established	saturation_and_identifiability;alignment_and_copy_adequacy;selection_model_and_test_design
Suillus__5001318at2759__code1	10	1197	10	129	True	none_recorded	unchanged_by_declared_fcs_omission	10	0.2494668413029088	False	near_zero_nucleotide_tree_edge	not_established	saturation_and_identifiability;alignment_and_copy_adequacy;selection_model_and_test_design
Suillus__5001413at2759__code1	10	840	10	87	True	none_recorded	unchanged_by_declared_fcs_omission	10	0.18357029238266323	False		not_established	saturation_and_identifiability;alignment_and_copy_adequacy;selection_model_and_test_design
Suillus__5001473at2759__code1	10	357	10	30	True	none_recorded	unchanged_by_declared_fcs_omission	10	0.24928822512666476	False		not_established	saturation_and_identifiability;alignment_and_copy_adequacy;selection_model_and_test_design
Suillus__5001660at2759__code1	10	1911	10	153	True	none_recorded	unchanged_by_declared_fcs_omission	10	0.20395959720246998	False		not_established	saturation_and_identifiability;alignment_and_copy_adequacy;selection_model_and_test_design
Suillus__5001734at2759__code1	9	681	9	93	True	none_recorded	unchanged_by_declared_fcs_omission	9	0.289303687081674	False		not_established	saturation_and_identifiability;alignment_and_copy_adequacy;selection_model_and_test_design
Suillus__5001941at2759__code1	10	2100	10	226	True	none_recorded	unchanged_by_declared_fcs_omission	10	0.3095463999548145	False		not_established	saturation_and_identifiability;alignment_and_copy_adequacy;selection_model_and_test_design
Suillus__5002334at2759__code1	10	1026	10	107	True	none_recorded	unchanged_by_declared_fcs_omission	10	0.4135911974064276	False		not_established	saturation_and_identifiability;alignment_and_copy_adequacy;selection_model_and_test_design
Suillus__5002573at2759__code1	10	1161	10	110	True	none_recorded	unchanged_by_declared_fcs_omission	10	0.17610774170008503	False		not_established	saturation_and_identifiability;alignment_and_copy_adequacy;selection_model_and_test_design
Suillus__5003022at2759__code1	10	2520	10	305	True	none_recorded	unchanged_by_declared_fcs_omission	10	0.4133796971730532	False		not_established	saturation_and_identifiability;alignment_and_copy_adequacy;selection_model_and_test_design
Suillus__5003192at2759__code1	10	1293	10	143	True	none_recorded	unchanged_by_declared_fcs_omission	10	0.24940638661075612	False		not_established	saturation_and_identifiability;alignment_and_copy_adequacy;selection_model_and_test_design
Suillus__5003205at2759__code1	10	3915	10	415	True	none_recorded	unchanged_by_declared_fcs_omission	10	0.27349044114483784	False		not_established	saturation_and_identifiability;alignment_and_copy_adequacy;selection_model_and_test_design
Suillus__5003856at2759__code1	10	837	10	94	True	none_recorded	unchanged_by_declared_fcs_omission	10	0.2009448425332907	False		not_established	saturation_and_identifiability;alignment_and_copy_adequacy;selection_model_and_test_design
Suillus__5003972at2759__code1	9	705	9	85	True	none_recorded	unchanged_by_declared_fcs_omission	9	0.36216471871072975	False		not_established	saturation_and_identifiability;alignment_and_copy_adequacy;selection_model_and_test_design
Suillus__5004118at2759__code1	9	696	9	63	True	none_recorded	unchanged_by_declared_fcs_omission	9	0.19743060777435667	False		not_established	saturation_and_identifiability;alignment_and_copy_adequacy;selection_model_and_test_design
Suillus__5004265at2759__code1	10	933	10	83	True	none_recorded	unchanged_by_declared_fcs_omission	10	0.3411864417090009	False		not_established	saturation_and_identifiability;alignment_and_copy_adequacy;selection_model_and_test_design
Suillus__5004327at2759__code1	9	2298	9	237	True	none_recorded	unchanged_by_declared_fcs_omission	9	0.2645964811857164	False	near_zero_nucleotide_tree_edge	not_established	saturation_and_identifiability;alignment_and_copy_adequacy;selection_model_and_test_design
Suillus__5004391at2759__code1	8	2172	8	175	True	none_recorded	unchanged_by_declared_fcs_omission	8	0.21358290587671136	False		not_established	saturation_and_identifiability;alignment_and_copy_adequacy;selection_model_and_test_design
Suillus__5004478at2759__code1	8	1212	8	92	True	none_recorded	unchanged_by_declared_fcs_omission	8	0.22255764791835517	False		not_established	saturation_and_identifiability;alignment_and_copy_adequacy;selection_model_and_test_design
Suillus__5004599at2759__code1	8	2160	8	205	True	none_recorded	unchanged_by_declared_fcs_omission	8	0.2018397023535648	False		not_established	saturation_and_identifiability;alignment_and_copy_adequacy;selection_model_and_test_design
Suillus__5005010at2759__code1	10	339	10	31	True	none_recorded	unchanged_by_declared_fcs_omission	10	0.2713899660461022	False	near_zero_nucleotide_tree_edge	not_established	saturation_and_identifiability;alignment_and_copy_adequacy;selection_model_and_test_design
Suillus__5005174at2759__code1	10	669	10	58	True	none_recorded	unchanged_by_declared_fcs_omission	10	0.26959144410946934	False		not_established	saturation_and_identifiability;alignment_and_copy_adequacy;selection_model_and_test_design
Suillus__5005196at2759__code1	10	1317	10	117	True	none_recorded	unchanged_by_declared_fcs_omission	10	0.1866533201295741	False	near_zero_nucleotide_tree_edge	not_established	saturation_and_identifiability;alignment_and_copy_adequacy;selection_model_and_test_design
Suillus__5005215at2759__code1	9	1707	9	148	True	none_recorded	unchanged_by_declared_fcs_omission	9	0.1955102828923333	False	tree_nni_convergence_warning	not_established	saturation_and_identifiability;alignment_and_copy_adequacy;selection_model_and_test_design
Suillus__5005217at2759__code1	10	1422	10	175	True	none_recorded	unchanged_by_declared_fcs_omission	10	0.28119703944642466	False		not_established	saturation_and_identifiability;alignment_and_copy_adequacy;selection_model_and_test_design
Suillus__5005274at2759__code1	9	867	9	105	True	none_recorded	unchanged_by_declared_fcs_omission	9	0.2523462607324052	False		not_established	saturation_and_identifiability;alignment_and_copy_adequacy;selection_model_and_test_design
Suillus__5005697at2759__code1	10	1737	10	180	True	none_recorded	unchanged_by_declared_fcs_omission	10	0.24929405129077326	False		not_established	saturation_and_identifiability;alignment_and_copy_adequacy;selection_model_and_test_design
Suillus__5005750at2759__code1	5	498	5	8	True	none_recorded	unchanged_by_declared_fcs_omission	5	0.2656485008710499	False	tree_nni_convergence_warning	not_established	saturation_and_identifiability;alignment_and_copy_adequacy;selection_model_and_test_design
Suillus__5005892at2759__code1	8	1152	8	103	True	none_recorded	unchanged_by_declared_fcs_omission	8	0.31736738046369917	False		not_established	saturation_and_identifiability;alignment_and_copy_adequacy;selection_model_and_test_design
Suillus__5006326at2759__code1	10	1770	10	205	True	none_recorded	unchanged_by_declared_fcs_omission	10	0.32360428174437217	False		not_established	saturation_and_identifiability;alignment_and_copy_adequacy;selection_model_and_test_design
Suillus__5006412at2759__code1	10	1551	10	175	True	none_recorded	unchanged_by_declared_fcs_omission	10	0.2554531481646838	False		not_established	saturation_and_identifiability;alignment_and_copy_adequacy;selection_model_and_test_design
Suillus__5011777at2759__code1	10	2034	10	261	True	none_recorded	unchanged_by_declared_fcs_omission	10	11.303697729529368	False	tree_pairwise_saturation_warning	not_established	saturation_and_identifiability;alignment_and_copy_adequacy;selection_model_and_test_design
Suillus__5013042at2759__code1	10	1191	10	112	True	none_recorded	unchanged_by_declared_fcs_omission	10	0.25984909186253186	False		not_established	saturation_and_identifiability;alignment_and_copy_adequacy;selection_model_and_test_design
Suillus__5013067at2759__code1	10	981	10	99	True	none_recorded	unchanged_by_declared_fcs_omission	10	0.2683964128005813	False	tree_nni_convergence_warning	not_established	saturation_and_identifiability;alignment_and_copy_adequacy;selection_model_and_test_design
Suillus__5013259at2759__code1	10	495	10	41	True	none_recorded	unchanged_by_declared_fcs_omission	10	0.18293804426890975	False		not_established	saturation_and_identifiability;alignment_and_copy_adequacy;selection_model_and_test_design
Suillus__5013539at2759__code1	10	852	10	78	True	none_recorded	unchanged_by_declared_fcs_omission	10	0.3252235684021475	False		not_established	saturation_and_identifiability;alignment_and_copy_adequacy;selection_model_and_test_design
Suillus__5013726at2759__code1	10	549	10	46	True	none_recorded	unchanged_by_declared_fcs_omission	10	0.40966015868548117	False		not_established	saturation_and_identifiability;alignment_and_copy_adequacy;selection_model_and_test_design
Suillus__5013738at2759__code1	10	678	10	46	True	none_recorded	unchanged_by_declared_fcs_omission	10	0.24916128968724457	False		not_established	saturation_and_identifiability;alignment_and_copy_adequacy;selection_model_and_test_design
Suillus__5013992at2759__code1	10	2412	10	196	True	none_recorded	unchanged_by_declared_fcs_omission	10	0.17207182018113992	False		not_established	saturation_and_identifiability;alignment_and_copy_adequacy;selection_model_and_test_design
Suillus__5014007at2759__code1	9	1773	9	172	True	none_recorded	unchanged_by_declared_fcs_omission	9	0.2138098560784726	False		not_established	saturation_and_identifiability;alignment_and_copy_adequacy;selection_model_and_test_design
Suillus__5015403at2759__code1	10	1257	10	140	True	none_recorded	unchanged_by_declared_fcs_omission	10	0.25962699759294927	False		not_established	saturation_and_identifiability;alignment_and_copy_adequacy;selection_model_and_test_design
Suillus__5015647at2759__code1	9	2580	9	227	True	none_recorded	unchanged_by_declared_fcs_omission	9	0.2766705523110497	False	tree_nni_convergence_warning	not_established	saturation_and_identifiability;alignment_and_copy_adequacy;selection_model_and_test_design
Suillus__5015712at2759__code1	10	1464	10	121	True	none_recorded	unchanged_by_declared_fcs_omission	10	0.21646935037607518	False		not_established	saturation_and_identifiability;alignment_and_copy_adequacy;selection_model_and_test_design
Suillus__5015742at2759__code1	10	1425	10	123	True	none_recorded	unchanged_by_declared_fcs_omission	10	0.2095861967070918	False	near_zero_nucleotide_tree_edge	not_established	saturation_and_identifiability;alignment_and_copy_adequacy;selection_model_and_test_design
Suillus__5015876at2759__code1	8	1470	8	97	True	none_recorded	unchanged_by_declared_fcs_omission	8	0.17016340928586496	False		not_established	saturation_and_identifiability;alignment_and_copy_adequacy;selection_model_and_test_design
Suillus__5017019at2759__code1	10	1158	10	100	True	none_recorded	unchanged_by_declared_fcs_omission	10	0.21391600714245534	False	near_zero_nucleotide_tree_edge	not_established	saturation_and_identifiability;alignment_and_copy_adequacy;selection_model_and_test_design
Suillus__5018803at2759__code1	10	2178	10	209	True	none_recorded	unchanged_by_declared_fcs_omission	10	0.23759659525644067	False		not_established	saturation_and_identifiability;alignment_and_copy_adequacy;selection_model_and_test_design
Suillus__529759at2759__code1	10	735	10	68	True	none_recorded	unchanged_by_declared_fcs_omission	10	0.20882724588160903	False		not_established	saturation_and_identifiability;alignment_and_copy_adequacy;selection_model_and_test_design
Suillus__530014at2759__code1	10	2535	10	233	True	none_recorded	unchanged_by_declared_fcs_omission	10	0.282817982423341	False		not_established	saturation_and_identifiability;alignment_and_copy_adequacy;selection_model_and_test_design
Suillus__530740at2759__code1	8	858	8	91	True	none_recorded	unchanged_by_declared_fcs_omission	8	0.6242730642460123	False		not_established	saturation_and_identifiability;alignment_and_copy_adequacy;selection_model_and_test_design
Suillus__538728at2759__code1	10	1554	10	127	True	none_recorded	unchanged_by_declared_fcs_omission	10	0.19884110766583876	False		not_established	saturation_and_identifiability;alignment_and_copy_adequacy;selection_model_and_test_design
Suillus__538952at2759__code1	10	1494	10	143	True	none_recorded	unchanged_by_declared_fcs_omission	10	0.18995372365400023	False		not_established	saturation_and_identifiability;alignment_and_copy_adequacy;selection_model_and_test_design
Suillus__539632at2759__code1	10	894	10	91	True	none_recorded	unchanged_by_declared_fcs_omission	10	0.2549669365405905	False		not_established	saturation_and_identifiability;alignment_and_copy_adequacy;selection_model_and_test_design
Suillus__540946at2759__code1	10	1179	10	117	True	none_recorded	unchanged_by_declared_fcs_omission	10	0.20091760216768842	False		not_established	saturation_and_identifiability;alignment_and_copy_adequacy;selection_model_and_test_design
Suillus__541070at2759__code1	10	687	10	66	True	none_recorded	unchanged_by_declared_fcs_omission	10	0.2895826446246439	False		not_established	saturation_and_identifiability;alignment_and_copy_adequacy;selection_model_and_test_design
Suillus__554735at2759__code1	10	771	10	70	True	none_recorded	unchanged_by_declared_fcs_omission	10	0.2360007509236565	False		not_established	saturation_and_identifiability;alignment_and_copy_adequacy;selection_model_and_test_design
Suillus__649304at2759__code1	10	912	10	114	True	none_recorded	unchanged_by_declared_fcs_omission	10	0.23291821416999667	False		not_established	saturation_and_identifiability;alignment_and_copy_adequacy;selection_model_and_test_design
Suillus__707076at2759__code1	10	807	10	74	True	none_recorded	unchanged_by_declared_fcs_omission	10	0.17672982233804246	False	near_zero_nucleotide_tree_edge	not_established	saturation_and_identifiability;alignment_and_copy_adequacy;selection_model_and_test_design
Suillus__707202at2759__code1	10	1074	10	112	True	none_recorded	unchanged_by_declared_fcs_omission	10	0.1800926096458793	False		not_established	saturation_and_identifiability;alignment_and_copy_adequacy;selection_model_and_test_design
Suillus__727964at2759__code1	10	1275	10	132	True	none_recorded	unchanged_by_declared_fcs_omission	10	0.2246796481098682	False		not_established	saturation_and_identifiability;alignment_and_copy_adequacy;selection_model_and_test_design
Suillus__730114at2759__code1	10	1575	10	185	True	none_recorded	unchanged_by_declared_fcs_omission	10	0.2117569944018213	False		not_established	saturation_and_identifiability;alignment_and_copy_adequacy;selection_model_and_test_design
Suillus__760428at2759__code1	10	1146	10	132	True	none_recorded	unchanged_by_declared_fcs_omission	10	0.34781419130013236	False		not_established	saturation_and_identifiability;alignment_and_copy_adequacy;selection_model_and_test_design
Suillus__776280at2759__code1	10	1479	10	174	True	none_recorded	unchanged_by_declared_fcs_omission	10	0.2891717032037491	False		not_established	saturation_and_identifiability;alignment_and_copy_adequacy;selection_model_and_test_design
Suillus__801816at2759__code1	10	555	10	45	True	none_recorded	unchanged_by_declared_fcs_omission	10	0.1377073912557359	False	near_zero_nucleotide_tree_edge	not_established	saturation_and_identifiability;alignment_and_copy_adequacy;selection_model_and_test_design
Tilletia__115730at2759__code1	5	990	3	48	False	none_recorded	not_fitted			False	insufficient_sequence_information	not_established	saturation_and_identifiability;alignment_and_copy_adequacy;selection_model_and_test_design
Tilletia__129234at2759__code1	5	576	3	37	False	none_recorded	not_fitted			False	insufficient_sequence_information	not_established	saturation_and_identifiability;alignment_and_copy_adequacy;selection_model_and_test_design
Tilletia__160487at2759__code1	5	2634	3	144	False	none_recorded	not_fitted			False	insufficient_sequence_information	not_established	saturation_and_identifiability;alignment_and_copy_adequacy;selection_model_and_test_design
Tilletia__201273at2759__code1	5	780	4	26	True	none_recorded	unchanged_by_declared_fcs_omission	5	0.9936722247846427	False	tree_parameter_boundary_warning;near_zero_nucleotide_tree_edge	not_established	saturation_and_identifiability;alignment_and_copy_adequacy;selection_model_and_test_design
Tilletia__207567at2759__code1	5	540	4	26	True	none_recorded	unchanged_by_declared_fcs_omission	5	0.6208266529137956	False	tree_parameter_boundary_warning;near_zero_nucleotide_tree_edge	not_established	saturation_and_identifiability;alignment_and_copy_adequacy;selection_model_and_test_design
Tilletia__260326at2759__code1	5	510	3	18	False	none_recorded	not_fitted			False	insufficient_sequence_information	not_established	saturation_and_identifiability;alignment_and_copy_adequacy;selection_model_and_test_design
Tilletia__288615at2759__code1	4	1911	3	105	False	none_recorded	not_fitted			False	insufficient_sequence_information	not_established	saturation_and_identifiability;alignment_and_copy_adequacy;selection_model_and_test_design
Tilletia__319730at2759__code1	5	1344	4	51	True	none_recorded	unchanged_by_declared_fcs_omission	5	1.1114118514760467	False	near_zero_nucleotide_tree_edge	not_established	saturation_and_identifiability;alignment_and_copy_adequacy;selection_model_and_test_design
Tilletia__340246at2759__code1	4	1962	4	139	True	none_recorded	unchanged_by_declared_fcs_omission	4	1.080028797673938	False		not_established	saturation_and_identifiability;alignment_and_copy_adequacy;selection_model_and_test_design
Tilletia__345792at2759__code1	5	915	3	32	False	none_recorded	not_fitted			False	insufficient_sequence_information	not_established	saturation_and_identifiability;alignment_and_copy_adequacy;selection_model_and_test_design
Tilletia__352891at2759__code1	5	747	3	32	False	none_recorded	not_fitted			False	insufficient_sequence_information	not_established	saturation_and_identifiability;alignment_and_copy_adequacy;selection_model_and_test_design
Tilletia__3643464at2759__code1	5	2187	4	117	True	none_recorded	unchanged_by_declared_fcs_omission	5	1.9515296531115298	False	near_zero_nucleotide_tree_edge	not_established	saturation_and_identifiability;alignment_and_copy_adequacy;selection_model_and_test_design
Tilletia__4613677at2759__code1	5	384	4	26	True	none_recorded	unchanged_by_declared_fcs_omission	5	1.5060974418675896	False	near_zero_nucleotide_tree_edge	not_established	saturation_and_identifiability;alignment_and_copy_adequacy;selection_model_and_test_design
Tilletia__4747214at2759__code1	5	417	3	14	False	none_recorded	not_fitted			False	insufficient_sequence_information	not_established	saturation_and_identifiability;alignment_and_copy_adequacy;selection_model_and_test_design
Tilletia__4764044at2759__code1	5	1524	3	80	False	none_recorded	not_fitted			False	insufficient_sequence_information	not_established	saturation_and_identifiability;alignment_and_copy_adequacy;selection_model_and_test_design
Tilletia__4803900at2759__code1	4	366	4	16	True	none_recorded	unchanged_by_declared_fcs_omission	4	0.6703115209066786	False	near_zero_nucleotide_tree_edge	not_established	saturation_and_identifiability;alignment_and_copy_adequacy;selection_model_and_test_design
Tilletia__4823929at2759__code1	5	1299	5	62	True	none_recorded	unchanged_by_declared_fcs_omission	5	0.9621461371052301	False	tree_nni_convergence_warning;near_zero_nucleotide_tree_edge	not_established	saturation_and_identifiability;alignment_and_copy_adequacy;selection_model_and_test_design
Tilletia__4837017at2759__code1	5	672	3	34	False	none_recorded	not_fitted			False	insufficient_sequence_information	not_established	saturation_and_identifiability;alignment_and_copy_adequacy;selection_model_and_test_design
Tilletia__4838864at2759__code1	5	1818	4	105	True	none_recorded	unchanged_by_declared_fcs_omission	5	1.8505247915523801	False	tree_nni_convergence_warning;near_zero_nucleotide_tree_edge	not_established	saturation_and_identifiability;alignment_and_copy_adequacy;selection_model_and_test_design
Tilletia__4843240at2759__code1	5	1689	3	138	False	none_recorded	not_fitted			False	insufficient_sequence_information	not_established	saturation_and_identifiability;alignment_and_copy_adequacy;selection_model_and_test_design
Tilletia__4843824at2759__code1	5	582	4	23	True	none_recorded	unchanged_by_declared_fcs_omission	5	2.4508556598542404	False	tree_nni_convergence_warning;near_zero_nucleotide_tree_edge	not_established	saturation_and_identifiability;alignment_and_copy_adequacy;selection_model_and_test_design
Tilletia__4867008at2759__code1	5	537	3	21	False	none_recorded	not_fitted			False	insufficient_sequence_information	not_established	saturation_and_identifiability;alignment_and_copy_adequacy;selection_model_and_test_design
Tilletia__4896098at2759__code1	5	603	3	31	False	none_recorded	not_fitted			False	insufficient_sequence_information	not_established	saturation_and_identifiability;alignment_and_copy_adequacy;selection_model_and_test_design
Tilletia__4900375at2759__code1	5	627	4	38	True	none_recorded	unchanged_by_declared_fcs_omission	5	1.4609832114339891	False	near_zero_nucleotide_tree_edge	not_established	saturation_and_identifiability;alignment_and_copy_adequacy;selection_model_and_test_design
Tilletia__4908955at2759__code1	5	972	3	53	False	none_recorded	not_fitted			False	insufficient_sequence_information	not_established	saturation_and_identifiability;alignment_and_copy_adequacy;selection_model_and_test_design
Tilletia__4911644at2759__code1	5	2793	3	143	False	none_recorded	not_fitted			False	insufficient_sequence_information	not_established	saturation_and_identifiability;alignment_and_copy_adequacy;selection_model_and_test_design
Tilletia__4940884at2759__code1	5	2271	3	111	False	none_recorded	not_fitted			False	insufficient_sequence_information	not_established	saturation_and_identifiability;alignment_and_copy_adequacy;selection_model_and_test_design
Tilletia__4969018at2759__code1	5	1383	4	53	True	none_recorded	unchanged_by_declared_fcs_omission	5	0.8540040208497442	False	near_zero_nucleotide_tree_edge	not_established	saturation_and_identifiability;alignment_and_copy_adequacy;selection_model_and_test_design
Tilletia__4969636at2759__code1	5	1155	4	65	True	none_recorded	unchanged_by_declared_fcs_omission	5	1.4246695885144518	False	near_zero_nucleotide_tree_edge	not_established	saturation_and_identifiability;alignment_and_copy_adequacy;selection_model_and_test_design
Tilletia__4969990at2759__code1	5	1053	4	42	True	none_recorded	unchanged_by_declared_fcs_omission	5	1.5171469526521033	False	tree_nni_convergence_warning;near_zero_nucleotide_tree_edge	not_established	saturation_and_identifiability;alignment_and_copy_adequacy;selection_model_and_test_design
Tilletia__4970387at2759__code1	5	462	3	35	False	none_recorded	not_fitted			False	insufficient_sequence_information	not_established	saturation_and_identifiability;alignment_and_copy_adequacy;selection_model_and_test_design
Tilletia__4970538at2759__code1	4	2595	4	112	True	none_recorded	unchanged_by_declared_fcs_omission	4	1.1354325475649387	False		not_established	saturation_and_identifiability;alignment_and_copy_adequacy;selection_model_and_test_design
Tilletia__4971272at2759__code1	5	1311	3	88	False	none_recorded	not_fitted			False	insufficient_sequence_information	not_established	saturation_and_identifiability;alignment_and_copy_adequacy;selection_model_and_test_design
Tilletia__4975094at2759__code1	5	2958	4	177	True	none_recorded	unchanged_by_declared_fcs_omission	5	1.2196703803366984	False	near_zero_nucleotide_tree_edge	not_established	saturation_and_identifiability;alignment_and_copy_adequacy;selection_model_and_test_design
Tilletia__4976279at2759__code1	5	1251	3	107	False	none_recorded	not_fitted			False	insufficient_sequence_information	not_established	saturation_and_identifiability;alignment_and_copy_adequacy;selection_model_and_test_design
Tilletia__4977163at2759__code1	5	519	5	24	True	none_recorded	unchanged_by_declared_fcs_omission	5	0.8867492424621506	False	near_zero_nucleotide_tree_edge	not_established	saturation_and_identifiability;alignment_and_copy_adequacy;selection_model_and_test_design
Tilletia__4983000at2759__code1	5	1494	3	76	False	none_recorded	not_fitted			False	insufficient_sequence_information	not_established	saturation_and_identifiability;alignment_and_copy_adequacy;selection_model_and_test_design
Tilletia__4985971at2759__code1	5	1002	5	64	True	none_recorded	unchanged_by_declared_fcs_omission	5	1.7733791274117259	False	near_zero_nucleotide_tree_edge	not_established	saturation_and_identifiability;alignment_and_copy_adequacy;selection_model_and_test_design
Tilletia__4986044at2759__code1	5	1494	3	98	False	requires_gene_copy_reconciliation_before_confirmatory_single_ortholog_analysis	not_fitted			False	insufficient_sequence_information;copy_reconciliation_required	not_established	saturation_and_identifiability;alignment_and_copy_adequacy;selection_model_and_test_design
Tilletia__4987397at2759__code1	5	2607	3	102	False	none_recorded	not_fitted			False	insufficient_sequence_information	not_established	saturation_and_identifiability;alignment_and_copy_adequacy;selection_model_and_test_design
Tilletia__4999134at2759__code1	5	7026	3	317	False	none_recorded	not_fitted			False	insufficient_sequence_information	not_established	saturation_and_identifiability;alignment_and_copy_adequacy;selection_model_and_test_design
Tilletia__5000045at2759__code1	5	1140	4	105	True	none_recorded	unchanged_by_declared_fcs_omission	5	1.1730471176783426	False	near_zero_nucleotide_tree_edge	not_established	saturation_and_identifiability;alignment_and_copy_adequacy;selection_model_and_test_design
Tilletia__5000152at2759__code1	5	3552	5	396	True	none_recorded	unchanged_by_declared_fcs_omission	5	16.95324893338529	False	tree_nni_convergence_warning	not_established	saturation_and_identifiability;alignment_and_copy_adequacy;selection_model_and_test_design
Tilletia__5000362at2759__code1	5	2697	3	157	False	none_recorded	not_fitted			False	insufficient_sequence_information	not_established	saturation_and_identifiability;alignment_and_copy_adequacy;selection_model_and_test_design
Tilletia__5000371at2759__code1	5	1242	3	77	False	none_recorded	not_fitted			False	insufficient_sequence_information	not_established	saturation_and_identifiability;alignment_and_copy_adequacy;selection_model_and_test_design
Tilletia__5000452at2759__code1	4	834	2	0	False	none_recorded	not_fitted			False	insufficient_sequence_information	not_established	saturation_and_identifiability;alignment_and_copy_adequacy;selection_model_and_test_design
Tilletia__5000476at2759__code1	5	1161	3	43	False	none_recorded	not_fitted			False	insufficient_sequence_information	not_established	saturation_and_identifiability;alignment_and_copy_adequacy;selection_model_and_test_design
Tilletia__5000743at2759__code1	5	528	3	17	False	none_recorded	not_fitted			False	insufficient_sequence_information	not_established	saturation_and_identifiability;alignment_and_copy_adequacy;selection_model_and_test_design
Tilletia__5000823at2759__code1	5	2829	4	152	True	none_recorded	unchanged_by_declared_fcs_omission	5	1.03177996681882	False	near_zero_nucleotide_tree_edge	not_established	saturation_and_identifiability;alignment_and_copy_adequacy;selection_model_and_test_design
Tilletia__5000870at2759__code1	5	2277	3	119	False	none_recorded	not_fitted			False	insufficient_sequence_information	not_established	saturation_and_identifiability;alignment_and_copy_adequacy;selection_model_and_test_design
Tilletia__5000986at2759__code1	5	1446	4	96	True	none_recorded	unchanged_by_declared_fcs_omission	5	2.445378761160331	False	tree_nni_convergence_warning;near_zero_nucleotide_tree_edge	not_established	saturation_and_identifiability;alignment_and_copy_adequacy;selection_model_and_test_design
Tilletia__5001156at2759__code1	5	1011	4	85	True	none_recorded	unchanged_by_declared_fcs_omission	5	1.9514513898316357	False	tree_nni_convergence_warning;near_zero_nucleotide_tree_edge	not_established	saturation_and_identifiability;alignment_and_copy_adequacy;selection_model_and_test_design
Tilletia__5001273at2759__code1	5	687	4	40	True	none_recorded	unchanged_by_declared_fcs_omission	5	1.4200363265712441	False	tree_nni_convergence_warning;near_zero_nucleotide_tree_edge	not_established	saturation_and_identifiability;alignment_and_copy_adequacy;selection_model_and_test_design
Tilletia__5001280at2759__code1	4	2019	4	155	True	none_recorded	unchanged_by_declared_fcs_omission	4	1.7015649878284593	False	near_zero_nucleotide_tree_edge	not_established	saturation_and_identifiability;alignment_and_copy_adequacy;selection_model_and_test_design
Tilletia__5001318at2759__code1	5	1143	4	84	True	none_recorded	unchanged_by_declared_fcs_omission	5	1.0448459095207703	False	near_zero_nucleotide_tree_edge	not_established	saturation_and_identifiability;alignment_and_copy_adequacy;selection_model_and_test_design
Tilletia__5001413at2759__code1	5	825	4	62	True	none_recorded	unchanged_by_declared_fcs_omission	5	0.7775067610837746	False	near_zero_nucleotide_tree_edge	not_established	saturation_and_identifiability;alignment_and_copy_adequacy;selection_model_and_test_design
Tilletia__5001473at2759__code1	5	381	4	18	True	none_recorded	unchanged_by_declared_fcs_omission	5	0.872238681035586	False	near_zero_nucleotide_tree_edge	not_established	saturation_and_identifiability;alignment_and_copy_adequacy;selection_model_and_test_design
Tilletia__5001660at2759__code1	5	1902	3	82	False	none_recorded	not_fitted			False	insufficient_sequence_information	not_established	saturation_and_identifiability;alignment_and_copy_adequacy;selection_model_and_test_design
Tilletia__5001734at2759__code1	5	573	4	45	True	none_recorded	unchanged_by_declared_fcs_omission	5	0.9432516683448229	False	near_zero_nucleotide_tree_edge	not_established	saturation_and_identifiability;alignment_and_copy_adequacy;selection_model_and_test_design
Tilletia__5001941at2759__code1	5	2271	3	135	False	none_recorded	not_fitted			False	insufficient_sequence_information	not_established	saturation_and_identifiability;alignment_and_copy_adequacy;selection_model_and_test_design
Tilletia__5002334at2759__code1	5	1047	4	85	True	none_recorded	unchanged_by_declared_fcs_omission	5	0.7824989750283037	False	near_zero_nucleotide_tree_edge	not_established	saturation_and_identifiability;alignment_and_copy_adequacy;selection_model_and_test_design
Tilletia__5002573at2759__code1	5	1164	3	71	False	none_recorded	not_fitted			False	insufficient_sequence_information	not_established	saturation_and_identifiability;alignment_and_copy_adequacy;selection_model_and_test_design
Tilletia__5003022at2759__code1	5	2604	3	157	False	none_recorded	not_fitted			False	insufficient_sequence_information	not_established	saturation_and_identifiability;alignment_and_copy_adequacy;selection_model_and_test_design
Tilletia__5003192at2759__code1	5	1392	4	96	True	none_recorded	unchanged_by_declared_fcs_omission	5	1.6381561269258247	False	near_zero_nucleotide_tree_edge	not_established	saturation_and_identifiability;alignment_and_copy_adequacy;selection_model_and_test_design
Tilletia__5003205at2759__code1	5	3957	4	237	True	none_recorded	unchanged_by_declared_fcs_omission	5	0.9466377246810302	False	near_zero_nucleotide_tree_edge	not_established	saturation_and_identifiability;alignment_and_copy_adequacy;selection_model_and_test_design
Tilletia__5003856at2759__code1	5	900	3	62	False	none_recorded	not_fitted			False	insufficient_sequence_information	not_established	saturation_and_identifiability;alignment_and_copy_adequacy;selection_model_and_test_design
Tilletia__5003972at2759__code1	5	762	4	51	True	none_recorded	unchanged_by_declared_fcs_omission	5	1.018281782905535	False	tree_parameter_boundary_warning;near_zero_nucleotide_tree_edge	not_established	saturation_and_identifiability;alignment_and_copy_adequacy;selection_model_and_test_design
Tilletia__5004118at2759__code1	5	627	4	33	True	none_recorded	unchanged_by_declared_fcs_omission	5	1.6832995701020232	False	tree_nni_convergence_warning;near_zero_nucleotide_tree_edge	not_established	saturation_and_identifiability;alignment_and_copy_adequacy;selection_model_and_test_design
Tilletia__5004265at2759__code1	5	894	3	44	False	none_recorded	not_fitted			False	insufficient_sequence_information	not_established	saturation_and_identifiability;alignment_and_copy_adequacy;selection_model_and_test_design
Tilletia__5004327at2759__code1	5	2418	4	136	True	none_recorded	unchanged_by_declared_fcs_omission	5	2.213089826813666	False	near_zero_nucleotide_tree_edge	not_established	saturation_and_identifiability;alignment_and_copy_adequacy;selection_model_and_test_design
Tilletia__5004391at2759__code1	5	2904	4	185	True	none_recorded	unchanged_by_declared_fcs_omission	5	1.0054009947294706	False	near_zero_nucleotide_tree_edge	not_established	saturation_and_identifiability;alignment_and_copy_adequacy;selection_model_and_test_design
Tilletia__5004599at2759__code1	5	2205	5	136	True	none_recorded	unchanged_by_declared_fcs_omission	5	0.7796646839678357	False	near_zero_nucleotide_tree_edge	not_established	saturation_and_identifiability;alignment_and_copy_adequacy;selection_model_and_test_design
Tilletia__5005010at2759__code1	5	339	4	22	True	none_recorded	unchanged_by_declared_fcs_omission	5	0.6812474555351863	False	near_zero_nucleotide_tree_edge	not_established	saturation_and_identifiability;alignment_and_copy_adequacy;selection_model_and_test_design
Tilletia__5005174at2759__code1	5	552	4	30	True	none_recorded	unchanged_by_declared_fcs_omission	5	0.7687827887240621	False	near_zero_nucleotide_tree_edge	not_established	saturation_and_identifiability;alignment_and_copy_adequacy;selection_model_and_test_design
Tilletia__5005196at2759__code1	4	1290	3	75	False	none_recorded	not_fitted			False	insufficient_sequence_information	not_established	saturation_and_identifiability;alignment_and_copy_adequacy;selection_model_and_test_design
Tilletia__5005215at2759__code1	5	1731	4	87	True	none_recorded	unchanged_by_declared_fcs_omission	5	1.098921660035896	False	tree_nni_convergence_warning;near_zero_nucleotide_tree_edge	not_established	saturation_and_identifiability;alignment_and_copy_adequacy;selection_model_and_test_design
Tilletia__5005217at2759__code1	5	1437	3	85	False	none_recorded	not_fitted			False	insufficient_sequence_information	not_established	saturation_and_identifiability;alignment_and_copy_adequacy;selection_model_and_test_design
Tilletia__5005274at2759__code1	5	1047	4	53	True	none_recorded	unchanged_by_declared_fcs_omission	5	1.747433352541526	False	near_zero_nucleotide_tree_edge	not_established	saturation_and_identifiability;alignment_and_copy_adequacy;selection_model_and_test_design
Tilletia__5005697at2759__code1	5	1707	4	98	True	none_recorded	unchanged_by_declared_fcs_omission	5	0.9353532668912976	False	near_zero_nucleotide_tree_edge	not_established	saturation_and_identifiability;alignment_and_copy_adequacy;selection_model_and_test_design
Tilletia__5005750at2759__code1	5	522	3	24	False	none_recorded	not_fitted			False	insufficient_sequence_information	not_established	saturation_and_identifiability;alignment_and_copy_adequacy;selection_model_and_test_design
Tilletia__5005892at2759__code1	5	1101	4	41	True	none_recorded	unchanged_by_declared_fcs_omission	5	1.1863583090895475	False	tree_nni_convergence_warning;near_zero_nucleotide_tree_edge	not_established	saturation_and_identifiability;alignment_and_copy_adequacy;selection_model_and_test_design
Tilletia__5006326at2759__code1	5	1737	3	94	False	none_recorded	not_fitted			False	insufficient_sequence_information	not_established	saturation_and_identifiability;alignment_and_copy_adequacy;selection_model_and_test_design
Tilletia__5006412at2759__code1	4	1074	4	83	True	none_recorded	unchanged_by_declared_fcs_omission	4	1.132749058151514	False		not_established	saturation_and_identifiability;alignment_and_copy_adequacy;selection_model_and_test_design
Tilletia__5011777at2759__code1	5	1893	4	127	True	none_recorded	unchanged_by_declared_fcs_omission	5	1.767351409526167	False	tree_nni_convergence_warning;near_zero_nucleotide_tree_edge	not_established	saturation_and_identifiability;alignment_and_copy_adequacy;selection_model_and_test_design
Tilletia__5013042at2759__code1	5	1197	4	85	True	none_recorded	unchanged_by_declared_fcs_omission	5	1.0875379324593775	False	near_zero_nucleotide_tree_edge	not_established	saturation_and_identifiability;alignment_and_copy_adequacy;selection_model_and_test_design
Tilletia__5013067at2759__code1	5	978	3	43	False	none_recorded	not_fitted			False	insufficient_sequence_information	not_established	saturation_and_identifiability;alignment_and_copy_adequacy;selection_model_and_test_design
Tilletia__5013259at2759__code1	5	495	4	24	True	none_recorded	unchanged_by_declared_fcs_omission	5	0.5999391771761468	False	tree_parameter_boundary_warning;tree_nni_convergence_warning;near_zero_nucleotide_tree_edge	not_established	saturation_and_identifiability;alignment_and_copy_adequacy;selection_model_and_test_design
Tilletia__5013539at2759__code1	5	864	4	43	True	none_recorded	unchanged_by_declared_fcs_omission	5	0.9852930565572375	False	near_zero_nucleotide_tree_edge	not_established	saturation_and_identifiability;alignment_and_copy_adequacy;selection_model_and_test_design
Tilletia__5013726at2759__code1	5	546	3	26	False	none_recorded	not_fitted			False	insufficient_sequence_information	not_established	saturation_and_identifiability;alignment_and_copy_adequacy;selection_model_and_test_design
Tilletia__5013738at2759__code1	5	723	3	49	False	none_recorded	not_fitted			False	insufficient_sequence_information	not_established	saturation_and_identifiability;alignment_and_copy_adequacy;selection_model_and_test_design
Tilletia__5013992at2759__code1	5	2424	3	119	False	none_recorded	not_fitted			False	insufficient_sequence_information	not_established	saturation_and_identifiability;alignment_and_copy_adequacy;selection_model_and_test_design
Tilletia__5014007at2759__code1	5	1824	4	116	True	none_recorded	unchanged_by_declared_fcs_omission	5	1.49351676729741	False	near_zero_nucleotide_tree_edge	not_established	saturation_and_identifiability;alignment_and_copy_adequacy;selection_model_and_test_design
Tilletia__5015403at2759__code1	5	1269	5	107	True	none_recorded	unchanged_by_declared_fcs_omission	5	0.8358364104497105	False	near_zero_nucleotide_tree_edge	not_established	saturation_and_identifiability;alignment_and_copy_adequacy;selection_model_and_test_design
Tilletia__5015647at2759__code1	5	2550	4	133	True	none_recorded	unchanged_by_declared_fcs_omission	5	0.828413109684787	False	near_zero_nucleotide_tree_edge	not_established	saturation_and_identifiability;alignment_and_copy_adequacy;selection_model_and_test_design
Tilletia__5015712at2759__code1	5	1470	4	65	True	none_recorded	unchanged_by_declared_fcs_omission	5	0.9899855813351713	False	near_zero_nucleotide_tree_edge	not_established	saturation_and_identifiability;alignment_and_copy_adequacy;selection_model_and_test_design
Tilletia__5015742at2759__code1	5	1425	4	73	True	none_recorded	unchanged_by_declared_fcs_omission	5	1.163561432329301	False	tree_nni_convergence_warning;near_zero_nucleotide_tree_edge	not_established	saturation_and_identifiability;alignment_and_copy_adequacy;selection_model_and_test_design
Tilletia__5015876at2759__code1	4	1458	4	98	True	none_recorded	unchanged_by_declared_fcs_omission	4	1.0701378562622765	False		not_established	saturation_and_identifiability;alignment_and_copy_adequacy;selection_model_and_test_design
Tilletia__5017019at2759__code1	5	1197	3	71	False	none_recorded	not_fitted			False	insufficient_sequence_information	not_established	saturation_and_identifiability;alignment_and_copy_adequacy;selection_model_and_test_design
Tilletia__5018803at2759__code1	4	2241	4	156	True	none_recorded	unchanged_by_declared_fcs_omission	4	1.4938681866385835	False		not_established	saturation_and_identifiability;alignment_and_copy_adequacy;selection_model_and_test_design
Tilletia__529759at2759__code1	5	735	4	26	True	none_recorded	unchanged_by_declared_fcs_omission	5	0.6431063793930804	False	near_zero_nucleotide_tree_edge	not_established	saturation_and_identifiability;alignment_and_copy_adequacy;selection_model_and_test_design
Tilletia__530014at2759__code1	5	2523	3	131	False	none_recorded	not_fitted			False	insufficient_sequence_information	not_established	saturation_and_identifiability;alignment_and_copy_adequacy;selection_model_and_test_design
Tilletia__530740at2759__code1	5	843	4	47	True	none_recorded	unchanged_by_declared_fcs_omission	5	0.9264391634684946	False	tree_nni_convergence_warning;near_zero_nucleotide_tree_edge	not_established	saturation_and_identifiability;alignment_and_copy_adequacy;selection_model_and_test_design
Tilletia__538728at2759__code1	5	1518	3	120	False	none_recorded	not_fitted			False	insufficient_sequence_information	not_established	saturation_and_identifiability;alignment_and_copy_adequacy;selection_model_and_test_design
Tilletia__538952at2759__code1	4	1467	2	0	False	none_recorded	not_fitted			False	insufficient_sequence_information	not_established	saturation_and_identifiability;alignment_and_copy_adequacy;selection_model_and_test_design
Tilletia__540946at2759__code1	5	1269	4	72	True	none_recorded	unchanged_by_declared_fcs_omission	5	1.2115745299182814	False	tree_nni_convergence_warning;near_zero_nucleotide_tree_edge	not_established	saturation_and_identifiability;alignment_and_copy_adequacy;selection_model_and_test_design
Tilletia__541070at2759__code1	5	750	3	37	False	none_recorded	not_fitted			False	insufficient_sequence_information	not_established	saturation_and_identifiability;alignment_and_copy_adequacy;selection_model_and_test_design
Tilletia__554735at2759__code1	5	759	4	30	True	none_recorded	unchanged_by_declared_fcs_omission	5	0.5704725472246	False	tree_parameter_boundary_warning;near_zero_nucleotide_tree_edge	not_established	saturation_and_identifiability;alignment_and_copy_adequacy;selection_model_and_test_design
Tilletia__649304at2759__code1	5	927	3	44	False	none_recorded	not_fitted			False	insufficient_sequence_information	not_established	saturation_and_identifiability;alignment_and_copy_adequacy;selection_model_and_test_design
Tilletia__707076at2759__code1	5	726	3	53	False	none_recorded	not_fitted			False	insufficient_sequence_information	not_established	saturation_and_identifiability;alignment_and_copy_adequacy;selection_model_and_test_design
Tilletia__707202at2759__code1	5	1077	3	55	False	none_recorded	not_fitted			False	insufficient_sequence_information	not_established	saturation_and_identifiability;alignment_and_copy_adequacy;selection_model_and_test_design
Tilletia__727964at2759__code1	5	1281	4	73	True	none_recorded	unchanged_by_declared_fcs_omission	5	1.1989725776912876	False	near_zero_nucleotide_tree_edge	not_established	saturation_and_identifiability;alignment_and_copy_adequacy;selection_model_and_test_design
Tilletia__730114at2759__code1	5	1587	4	90	True	none_recorded	unchanged_by_declared_fcs_omission	5	0.9305672256603625	False	near_zero_nucleotide_tree_edge	not_established	saturation_and_identifiability;alignment_and_copy_adequacy;selection_model_and_test_design
Tilletia__760428at2759__code1	5	1167	3	73	False	none_recorded	not_fitted			False	insufficient_sequence_information	not_established	saturation_and_identifiability;alignment_and_copy_adequacy;selection_model_and_test_design
Tilletia__776280at2759__code1	4	1098	4	370	True	none_recorded	unchanged_by_declared_fcs_omission	4	9.847800736401318	False		not_established	saturation_and_identifiability;alignment_and_copy_adequacy;selection_model_and_test_design
Tilletia__801816at2759__code1	5	552	3	25	False	none_recorded	not_fitted			False	insufficient_sequence_information	not_established	saturation_and_identifiability;alignment_and_copy_adequacy;selection_model_and_test_design
Trichoderma__115730at2759__code1	10	960	10	157	True	none_recorded	unchanged_by_declared_fcs_omission	10	0.29325214767504815	False		not_established	saturation_and_identifiability;alignment_and_copy_adequacy;selection_model_and_test_design
Trichoderma__129234at2759__code1	10	570	10	94	True	none_recorded	unchanged_by_declared_fcs_omission	10	0.3794872923104376	False		not_established	saturation_and_identifiability;alignment_and_copy_adequacy;selection_model_and_test_design
Trichoderma__160487at2759__code1	10	2637	10	572	True	none_recorded	unchanged_by_declared_fcs_omission	10	0.5199540543213043	False		not_established	saturation_and_identifiability;alignment_and_copy_adequacy;selection_model_and_test_design
Trichoderma__201273at2759__code1	10	777	10	106	True	none_recorded	unchanged_by_declared_fcs_omission	10	0.3007517473482827	False	near_zero_nucleotide_tree_edge	not_established	saturation_and_identifiability;alignment_and_copy_adequacy;selection_model_and_test_design
Trichoderma__207567at2759__code1	10	537	10	80	True	none_recorded	unchanged_by_declared_fcs_omission	10	0.2328141831483999	False		not_established	saturation_and_identifiability;alignment_and_copy_adequacy;selection_model_and_test_design
Trichoderma__260326at2759__code1	10	504	10	67	True	none_recorded	unchanged_by_declared_fcs_omission	10	0.9663370341624787	False	near_zero_nucleotide_tree_edge	not_established	saturation_and_identifiability;alignment_and_copy_adequacy;selection_model_and_test_design
Trichoderma__2852757at2759__code1	9	1458	9	255	True	none_recorded	unchanged_by_declared_fcs_omission	9	0.34379400279902883	False		not_established	saturation_and_identifiability;alignment_and_copy_adequacy;selection_model_and_test_design
Trichoderma__288615at2759__code1	9	1977	9	384	True	none_recorded	unchanged_by_declared_fcs_omission	9	0.45803465782953673	False		not_established	saturation_and_identifiability;alignment_and_copy_adequacy;selection_model_and_test_design
Trichoderma__319730at2759__code1	9	1341	9	256	True	none_recorded	unchanged_by_declared_fcs_omission	9	0.49283776111216054	False		not_established	saturation_and_identifiability;alignment_and_copy_adequacy;selection_model_and_test_design
Trichoderma__340246at2759__code1	9	2067	9	412	True	none_recorded	unchanged_by_declared_fcs_omission	9	0.5155463968517235	False		not_established	saturation_and_identifiability;alignment_and_copy_adequacy;selection_model_and_test_design
Trichoderma__345792at2759__code1	10	885	10	105	True	none_recorded	unchanged_by_declared_fcs_omission	10	0.19791750562413452	False	near_zero_nucleotide_tree_edge	not_established	saturation_and_identifiability;alignment_and_copy_adequacy;selection_model_and_test_design
Trichoderma__352891at2759__code1	10	756	10	96	True	none_recorded	unchanged_by_declared_fcs_omission	10	0.22077755653365191	False		not_established	saturation_and_identifiability;alignment_and_copy_adequacy;selection_model_and_test_design
Trichoderma__3643464at2759__code1	10	2280	10	594	True	none_recorded	unchanged_by_declared_fcs_omission	10	0.7452593232661738	False		not_established	saturation_and_identifiability;alignment_and_copy_adequacy;selection_model_and_test_design
Trichoderma__4613677at2759__code1	9	363	9	72	True	none_recorded	unchanged_by_declared_fcs_omission	9	0.5693058151183726	False		not_established	saturation_and_identifiability;alignment_and_copy_adequacy;selection_model_and_test_design
Trichoderma__4695236at2759__code1	10	3240	10	539	True	none_recorded	unchanged_by_declared_fcs_omission	10	0.29584120617272663	False		not_established	saturation_and_identifiability;alignment_and_copy_adequacy;selection_model_and_test_design
Trichoderma__4747214at2759__code1	10	423	10	106	True	none_recorded	unchanged_by_declared_fcs_omission	10	0.7392277967097022	False		not_established	saturation_and_identifiability;alignment_and_copy_adequacy;selection_model_and_test_design
Trichoderma__4764044at2759__code1	10	1533	10	382	True	none_recorded	unchanged_by_declared_fcs_omission	10	0.5645347632720479	False		not_established	saturation_and_identifiability;alignment_and_copy_adequacy;selection_model_and_test_design
Trichoderma__4803900at2759__code1	6	360	6	42	True	none_recorded	unchanged_by_declared_fcs_omission	6	0.437263273027611	False		not_established	saturation_and_identifiability;alignment_and_copy_adequacy;selection_model_and_test_design
Trichoderma__4810093at2759__code1	6	2364	6	373	True	none_recorded	unchanged_by_declared_fcs_omission	6	40.005751656386536	False	tree_pairwise_saturation_warning;near_zero_nucleotide_tree_edge	not_established	saturation_and_identifiability;alignment_and_copy_adequacy;selection_model_and_test_design
Trichoderma__4813267at2759__code1	10	2685	10	571	True	none_recorded	unchanged_by_declared_fcs_omission	10	0.49513262785303463	False		not_established	saturation_and_identifiability;alignment_and_copy_adequacy;selection_model_and_test_design
Trichoderma__4823929at2759__code1	10	1248	10	324	True	none_recorded	unchanged_by_declared_fcs_omission	10	0.44491403741197855	False		not_established	saturation_and_identifiability;alignment_and_copy_adequacy;selection_model_and_test_design
Trichoderma__4837017at2759__code1	10	696	10	138	True	none_recorded	unchanged_by_declared_fcs_omission	10	12.709897126701293	False	tree_pairwise_saturation_warning;tree_nni_convergence_warning;near_zero_nucleotide_tree_edge	not_established	saturation_and_identifiability;alignment_and_copy_adequacy;selection_model_and_test_design
Trichoderma__4838864at2759__code1	10	1824	10	398	True	none_recorded	unchanged_by_declared_fcs_omission	10	0.4338683084022916	False		not_established	saturation_and_identifiability;alignment_and_copy_adequacy;selection_model_and_test_design
Trichoderma__4843240at2759__code1	10	2046	10	512	True	none_recorded	unchanged_by_declared_fcs_omission	10	15.75828718606615	False	tree_pairwise_saturation_warning	not_established	saturation_and_identifiability;alignment_and_copy_adequacy;selection_model_and_test_design
Trichoderma__4843824at2759__code1	10	573	10	116	True	none_recorded	unchanged_by_declared_fcs_omission	10	0.6354022123653863	False		not_established	saturation_and_identifiability;alignment_and_copy_adequacy;selection_model_and_test_design
Trichoderma__4867008at2759__code1	10	516	10	91	True	none_recorded	unchanged_by_declared_fcs_omission	10	0.34588439794416803	False		not_established	saturation_and_identifiability;alignment_and_copy_adequacy;selection_model_and_test_design
Trichoderma__4888252at2759__code1	10	2817	10	640	True	none_recorded	unchanged_by_declared_fcs_omission	10	0.48520524775040413	False		not_established	saturation_and_identifiability;alignment_and_copy_adequacy;selection_model_and_test_design
Trichoderma__4896098at2759__code1	10	606	10	151	True	none_recorded	unchanged_by_declared_fcs_omission	10	0.7286059338341709	False		not_established	saturation_and_identifiability;alignment_and_copy_adequacy;selection_model_and_test_design
Trichoderma__4900375at2759__code1	10	624	10	133	True	none_recorded	unchanged_by_declared_fcs_omission	10	0.5515196054919499	False		not_established	saturation_and_identifiability;alignment_and_copy_adequacy;selection_model_and_test_design
Trichoderma__4908955at2759__code1	10	969	10	246	True	none_recorded	unchanged_by_declared_fcs_omission	10	0.3697888030136652	False		not_established	saturation_and_identifiability;alignment_and_copy_adequacy;selection_model_and_test_design
Trichoderma__4911644at2759__code1	10	2877	10	518	True	none_recorded	unchanged_by_declared_fcs_omission	10	0.45141090720275756	False		not_established	saturation_and_identifiability;alignment_and_copy_adequacy;selection_model_and_test_design
Trichoderma__4940884at2759__code1	10	2778	10	640	True	none_recorded	unchanged_by_declared_fcs_omission	10	0.4250680729516514	False		not_established	saturation_and_identifiability;alignment_and_copy_adequacy;selection_model_and_test_design
Trichoderma__4969018at2759__code1	9	1368	9	174	True	none_recorded	unchanged_by_declared_fcs_omission	9	0.20788811672914412	False		not_established	saturation_and_identifiability;alignment_and_copy_adequacy;selection_model_and_test_design
Trichoderma__4969636at2759__code1	10	1257	10	253	True	none_recorded	unchanged_by_declared_fcs_omission	10	0.3315747712751158	False		not_established	saturation_and_identifiability;alignment_and_copy_adequacy;selection_model_and_test_design
Trichoderma__4969990at2759__code1	10	1056	10	208	True	none_recorded	unchanged_by_declared_fcs_omission	10	0.4288175153028674	False		not_established	saturation_and_identifiability;alignment_and_copy_adequacy;selection_model_and_test_design
Trichoderma__4970387at2759__code1	9	438	9	76	True	none_recorded	unchanged_by_declared_fcs_omission	9	0.4579808722966326	False	near_zero_nucleotide_tree_edge	not_established	saturation_and_identifiability;alignment_and_copy_adequacy;selection_model_and_test_design
Trichoderma__4970538at2759__code1	10	2862	10	679	True	none_recorded	unchanged_by_declared_fcs_omission	10	37.71477828740955	False	tree_pairwise_saturation_warning	not_established	saturation_and_identifiability;alignment_and_copy_adequacy;selection_model_and_test_design
Trichoderma__4971272at2759__code1	10	1329	10	219	True	none_recorded	unchanged_by_declared_fcs_omission	10	0.29291678097213075	False		not_established	saturation_and_identifiability;alignment_and_copy_adequacy;selection_model_and_test_design
Trichoderma__4974767at2759__code1	9	435	9	64	True	none_recorded	unchanged_by_declared_fcs_omission	9	0.4438248640682118	False	tree_nni_convergence_warning;near_zero_nucleotide_tree_edge	not_established	saturation_and_identifiability;alignment_and_copy_adequacy;selection_model_and_test_design
Trichoderma__4975094at2759__code1	10	3042	10	586	True	none_recorded	unchanged_by_declared_fcs_omission	10	0.48222753792960965	False		not_established	saturation_and_identifiability;alignment_and_copy_adequacy;selection_model_and_test_design
Trichoderma__4976279at2759__code1	10	1257	10	338	True	none_recorded	unchanged_by_declared_fcs_omission	10	0.455081130033405	False		not_established	saturation_and_identifiability;alignment_and_copy_adequacy;selection_model_and_test_design
Trichoderma__4977163at2759__code1	10	552	10	124	True	none_recorded	unchanged_by_declared_fcs_omission	10	0.41483042145427185	False		not_established	saturation_and_identifiability;alignment_and_copy_adequacy;selection_model_and_test_design
Trichoderma__4977863at2759__code1	10	1866	10	462	True	none_recorded	unchanged_by_declared_fcs_omission	10	0.4384476678840439	False		not_established	saturation_and_identifiability;alignment_and_copy_adequacy;selection_model_and_test_design
Trichoderma__4983000at2759__code1	10	1461	10	300	True	none_recorded	unchanged_by_declared_fcs_omission	10	0.42509286884392994	False		not_established	saturation_and_identifiability;alignment_and_copy_adequacy;selection_model_and_test_design
Trichoderma__4985971at2759__code1	9	1053	9	199	True	none_recorded	unchanged_by_declared_fcs_omission	9	0.6983313513011431	False		not_established	saturation_and_identifiability;alignment_and_copy_adequacy;selection_model_and_test_design
Trichoderma__4986044at2759__code1	10	1431	10	298	True	requires_gene_copy_reconciliation_before_confirmatory_single_ortholog_analysis	unchanged_by_declared_fcs_omission	10	0.5131603016072578	False	copy_reconciliation_required	not_established	saturation_and_identifiability;alignment_and_copy_adequacy;selection_model_and_test_design
Trichoderma__4987397at2759__code1	10	2652	10	591	True	none_recorded	unchanged_by_declared_fcs_omission	10	0.4319616355123925	False		not_established	saturation_and_identifiability;alignment_and_copy_adequacy;selection_model_and_test_design
Trichoderma__4988239at2759__code1	10	3129	10	774	True	none_recorded	unchanged_by_declared_fcs_omission	10	0.5565985820445413	False		not_established	saturation_and_identifiability;alignment_and_copy_adequacy;selection_model_and_test_design
Trichoderma__4999134at2759__code1	10	7008	10	1252	True	none_recorded	unchanged_by_declared_fcs_omission	10	0.36615926236251817	False		not_established	saturation_and_identifiability;alignment_and_copy_adequacy;selection_model_and_test_design
Trichoderma__5000045at2759__code1	10	1143	10	250	True	none_recorded	unchanged_by_declared_fcs_omission	10	0.6101042454975371	False		not_established	saturation_and_identifiability;alignment_and_copy_adequacy;selection_model_and_test_design
Trichoderma__5000152at2759__code1	10	3567	10	766	True	none_recorded	unchanged_by_declared_fcs_omission	10	0.48248359163207233	False		not_established	saturation_and_identifiability;alignment_and_copy_adequacy;selection_model_and_test_design
Trichoderma__5000362at2759__code1	9	2706	9	504	True	none_recorded	unchanged_by_declared_fcs_omission	9	0.40198488842261504	False		not_established	saturation_and_identifiability;alignment_and_copy_adequacy;selection_model_and_test_design
Trichoderma__5000371at2759__code1	10	1272	10	291	True	none_recorded	unchanged_by_declared_fcs_omission	10	0.47082222571214744	False		not_established	saturation_and_identifiability;alignment_and_copy_adequacy;selection_model_and_test_design
Trichoderma__5000452at2759__code1	10	855	10	185	True	none_recorded	unchanged_by_declared_fcs_omission	10	0.5125981812721491	False		not_established	saturation_and_identifiability;alignment_and_copy_adequacy;selection_model_and_test_design
Trichoderma__5000476at2759__code1	10	1167	10	151	True	none_recorded	unchanged_by_declared_fcs_omission	10	0.34357525601267447	False		not_established	saturation_and_identifiability;alignment_and_copy_adequacy;selection_model_and_test_design
Trichoderma__5000743at2759__code1	10	540	10	121	True	none_recorded	unchanged_by_declared_fcs_omission	10	37.76081697043817	False	tree_pairwise_saturation_warning;near_zero_nucleotide_tree_edge	not_established	saturation_and_identifiability;alignment_and_copy_adequacy;selection_model_and_test_design
Trichoderma__5000823at2759__code1	10	2874	10	462	True	none_recorded	unchanged_by_declared_fcs_omission	10	0.2737158611880044	False		not_established	saturation_and_identifiability;alignment_and_copy_adequacy;selection_model_and_test_design
Trichoderma__5000870at2759__code1	10	2289	10	410	True	none_recorded	unchanged_by_declared_fcs_omission	10	0.44341433405048425	False		not_established	saturation_and_identifiability;alignment_and_copy_adequacy;selection_model_and_test_design
Trichoderma__5000986at2759__code1	10	1512	10	353	True	none_recorded	unchanged_by_declared_fcs_omission	10	18.107886855205276	False	tree_pairwise_saturation_warning	not_established	saturation_and_identifiability;alignment_and_copy_adequacy;selection_model_and_test_design
Trichoderma__5001156at2759__code1	10	987	10	238	True	none_recorded	unchanged_by_declared_fcs_omission	10	0.563405548052374	False		not_established	saturation_and_identifiability;alignment_and_copy_adequacy;selection_model_and_test_design
Trichoderma__5001273at2759__code1	10	720	10	157	True	none_recorded	unchanged_by_declared_fcs_omission	10	0.8645678186022455	False		not_established	saturation_and_identifiability;alignment_and_copy_adequacy;selection_model_and_test_design
Trichoderma__5001280at2759__code1	10	2190	10	522	True	none_recorded	unchanged_by_declared_fcs_omission	10	0.5479909024988521	False		not_established	saturation_and_identifiability;alignment_and_copy_adequacy;selection_model_and_test_design
Trichoderma__5001318at2759__code1	9	1200	9	219	True	none_recorded	unchanged_by_declared_fcs_omission	9	0.49972931705562634	False		not_established	saturation_and_identifiability;alignment_and_copy_adequacy;selection_model_and_test_design
Trichoderma__5001413at2759__code1	10	840	10	168	True	none_recorded	unchanged_by_declared_fcs_omission	10	0.38535710364237297	False		not_established	saturation_and_identifiability;alignment_and_copy_adequacy;selection_model_and_test_design
Trichoderma__5001473at2759__code1	10	372	10	59	True	none_recorded	unchanged_by_declared_fcs_omission	10	0.26313742725037326	False		not_established	saturation_and_identifiability;alignment_and_copy_adequacy;selection_model_and_test_design
Trichoderma__5001660at2759__code1	10	1914	10	264	True	none_recorded	unchanged_by_declared_fcs_omission	10	0.24512551652478717	False		not_established	saturation_and_identifiability;alignment_and_copy_adequacy;selection_model_and_test_design
Trichoderma__5001734at2759__code1	10	678	10	137	True	none_recorded	unchanged_by_declared_fcs_omission	10	0.3936924133116696	False		not_established	saturation_and_identifiability;alignment_and_copy_adequacy;selection_model_and_test_design
Trichoderma__5001941at2759__code1	10	2334	10	544	True	none_recorded	unchanged_by_declared_fcs_omission	10	0.6367391127569672	False		not_established	saturation_and_identifiability;alignment_and_copy_adequacy;selection_model_and_test_design
Trichoderma__5002334at2759__code1	10	1137	10	273	True	none_recorded	unchanged_by_declared_fcs_omission	10	0.5143223804784979	False		not_established	saturation_and_identifiability;alignment_and_copy_adequacy;selection_model_and_test_design
Trichoderma__5002573at2759__code1	10	1155	10	260	True	none_recorded	unchanged_by_declared_fcs_omission	10	0.6516756309746521	False		not_established	saturation_and_identifiability;alignment_and_copy_adequacy;selection_model_and_test_design
Trichoderma__5003022at2759__code1	10	2535	10	553	True	none_recorded	unchanged_by_declared_fcs_omission	10	0.5928851363406211	False		not_established	saturation_and_identifiability;alignment_and_copy_adequacy;selection_model_and_test_design
Trichoderma__5003192at2759__code1	10	1383	10	357	True	none_recorded	unchanged_by_declared_fcs_omission	10	0.5077375612805443	False		not_established	saturation_and_identifiability;alignment_and_copy_adequacy;selection_model_and_test_design
Trichoderma__5003205at2759__code1	10	4131	10	910	True	none_recorded	unchanged_by_declared_fcs_omission	10	0.41215316204813596	False		not_established	saturation_and_identifiability;alignment_and_copy_adequacy;selection_model_and_test_design
Trichoderma__5003856at2759__code1	9	888	9	163	True	none_recorded	unchanged_by_declared_fcs_omission	9	0.4120475673632994	False		not_established	saturation_and_identifiability;alignment_and_copy_adequacy;selection_model_and_test_design
Trichoderma__5003972at2759__code1	8	630	8	127	True	none_recorded	unchanged_by_declared_fcs_omission	8	0.4357734315540544	False		not_established	saturation_and_identifiability;alignment_and_copy_adequacy;selection_model_and_test_design
Trichoderma__5004118at2759__code1	10	615	10	146	True	none_recorded	unchanged_by_declared_fcs_omission	10	0.596873047294858	False		not_established	saturation_and_identifiability;alignment_and_copy_adequacy;selection_model_and_test_design
Trichoderma__5004265at2759__code1	10	879	10	128	True	none_recorded	unchanged_by_declared_fcs_omission	10	0.30473914044587214	False		not_established	saturation_and_identifiability;alignment_and_copy_adequacy;selection_model_and_test_design
Trichoderma__5004327at2759__code1	10	2268	10	605	True	none_recorded	unchanged_by_declared_fcs_omission	10	0.5010970350102253	False		not_established	saturation_and_identifiability;alignment_and_copy_adequacy;selection_model_and_test_design
Trichoderma__5004391at2759__code1	10	3048	10	659	True	none_recorded	unchanged_by_declared_fcs_omission	10	0.42885213947924256	False		not_established	saturation_and_identifiability;alignment_and_copy_adequacy;selection_model_and_test_design
Trichoderma__5004478at2759__code1	10	1236	10	239	True	none_recorded	unchanged_by_declared_fcs_omission	10	0.44991465802722336	False		not_established	saturation_and_identifiability;alignment_and_copy_adequacy;selection_model_and_test_design
Trichoderma__5004599at2759__code1	10	2235	10	493	True	none_recorded	unchanged_by_declared_fcs_omission	10	0.5268468476106292	False		not_established	saturation_and_identifiability;alignment_and_copy_adequacy;selection_model_and_test_design
Trichoderma__5005010at2759__code1	9	342	9	67	True	none_recorded	unchanged_by_declared_fcs_omission	9	0.6030786791296324	False		not_established	saturation_and_identifiability;alignment_and_copy_adequacy;selection_model_and_test_design
Trichoderma__5005174at2759__code1	10	528	10	94	True	none_recorded	unchanged_by_declared_fcs_omission	10	0.3079729006438071	False		not_established	saturation_and_identifiability;alignment_and_copy_adequacy;selection_model_and_test_design
Trichoderma__5005196at2759__code1	10	1320	10	200	True	none_recorded	unchanged_by_declared_fcs_omission	10	0.2717127173686738	False		not_established	saturation_and_identifiability;alignment_and_copy_adequacy;selection_model_and_test_design
Trichoderma__5005215at2759__code1	10	1782	10	335	True	none_recorded	unchanged_by_declared_fcs_omission	10	0.304756919339431	False		not_established	saturation_and_identifiability;alignment_and_copy_adequacy;selection_model_and_test_design
Trichoderma__5005217at2759__code1	9	1425	9	331	True	none_recorded	unchanged_by_declared_fcs_omission	9	0.6068083804376946	False		not_established	saturation_and_identifiability;alignment_and_copy_adequacy;selection_model_and_test_design
Trichoderma__5005274at2759__code1	10	1011	10	266	True	none_recorded	unchanged_by_declared_fcs_omission	10	0.571159640979688	False		not_established	saturation_and_identifiability;alignment_and_copy_adequacy;selection_model_and_test_design
Trichoderma__5005697at2759__code1	10	1734	10	346	True	none_recorded	unchanged_by_declared_fcs_omission	10	22.913053278431953	False	tree_pairwise_saturation_warning;other_tree_warning	not_established	saturation_and_identifiability;alignment_and_copy_adequacy;selection_model_and_test_design
Trichoderma__5005750at2759__code1	10	549	10	82	True	none_recorded	unchanged_by_declared_fcs_omission	10	0.34497472621911657	False	near_zero_nucleotide_tree_edge	not_established	saturation_and_identifiability;alignment_and_copy_adequacy;selection_model_and_test_design
Trichoderma__5005892at2759__code1	10	1101	10	246	True	none_recorded	unchanged_by_declared_fcs_omission	10	0.4938804683359558	False		not_established	saturation_and_identifiability;alignment_and_copy_adequacy;selection_model_and_test_design
Trichoderma__5006326at2759__code1	9	1761	9	210	True	none_recorded	unchanged_by_declared_fcs_omission	9	0.4532539029063251	False		not_established	saturation_and_identifiability;alignment_and_copy_adequacy;selection_model_and_test_design
Trichoderma__5006412at2759__code1	10	1680	10	405	True	none_recorded	unchanged_by_declared_fcs_omission	10	0.4626246648613452	False		not_established	saturation_and_identifiability;alignment_and_copy_adequacy;selection_model_and_test_design
Trichoderma__5011777at2759__code1	10	2115	10	568	True	none_recorded	unchanged_by_declared_fcs_omission	10	20.045039364097306	False	tree_pairwise_saturation_warning	not_established	saturation_and_identifiability;alignment_and_copy_adequacy;selection_model_and_test_design
Trichoderma__5013042at2759__code1	10	1221	10	313	True	none_recorded	unchanged_by_declared_fcs_omission	10	0.878833143209614	False		not_established	saturation_and_identifiability;alignment_and_copy_adequacy;selection_model_and_test_design
Trichoderma__5013067at2759__code1	10	984	10	111	True	none_recorded	unchanged_by_declared_fcs_omission	10	0.2086625798876939	False		not_established	saturation_and_identifiability;alignment_and_copy_adequacy;selection_model_and_test_design
Trichoderma__5013259at2759__code1	9	498	9	57	True	none_recorded	unchanged_by_declared_fcs_omission	9	0.20116100901290945	False	near_zero_nucleotide_tree_edge	not_established	saturation_and_identifiability;alignment_and_copy_adequacy;selection_model_and_test_design
Trichoderma__5013539at2759__code1	10	849	10	188	True	none_recorded	unchanged_by_declared_fcs_omission	10	0.5984224691650354	False		not_established	saturation_and_identifiability;alignment_and_copy_adequacy;selection_model_and_test_design
Trichoderma__5013726at2759__code1	9	549	9	76	True	none_recorded	unchanged_by_declared_fcs_omission	9	0.2162650311526137	False		not_established	saturation_and_identifiability;alignment_and_copy_adequacy;selection_model_and_test_design
Trichoderma__5013738at2759__code1	10	744	10	155	True	none_recorded	unchanged_by_declared_fcs_omission	10	0.704726676764645	False	near_zero_nucleotide_tree_edge	not_established	saturation_and_identifiability;alignment_and_copy_adequacy;selection_model_and_test_design
Trichoderma__5013992at2759__code1	10	2412	10	575	True	none_recorded	unchanged_by_declared_fcs_omission	10	0.5215874660326623	False		not_established	saturation_and_identifiability;alignment_and_copy_adequacy;selection_model_and_test_design
Trichoderma__5014007at2759__code1	8	1713	8	334	True	none_recorded	unchanged_by_declared_fcs_omission	8	0.4453960615740797	False		not_established	saturation_and_identifiability;alignment_and_copy_adequacy;selection_model_and_test_design
Trichoderma__5015403at2759__code1	9	1290	9	228	True	none_recorded	unchanged_by_declared_fcs_omission	9	0.3961127201644936	False		not_established	saturation_and_identifiability;alignment_and_copy_adequacy;selection_model_and_test_design
Trichoderma__5015647at2759__code1	9	2604	9	503	True	none_recorded	unchanged_by_declared_fcs_omission	9	0.5260194877781701	False		not_established	saturation_and_identifiability;alignment_and_copy_adequacy;selection_model_and_test_design
Trichoderma__5015712at2759__code1	9	1440	9	290	True	none_recorded	unchanged_by_declared_fcs_omission	9	0.6629112288465432	False		not_established	saturation_and_identifiability;alignment_and_copy_adequacy;selection_model_and_test_design
Trichoderma__5015742at2759__code1	9	1437	9	317	True	none_recorded	unchanged_by_declared_fcs_omission	9	0.4975947620500564	False		not_established	saturation_and_identifiability;alignment_and_copy_adequacy;selection_model_and_test_design
Trichoderma__5015876at2759__code1	9	1575	9	305	True	none_recorded	unchanged_by_declared_fcs_omission	9	0.5125745733457074	False		not_established	saturation_and_identifiability;alignment_and_copy_adequacy;selection_model_and_test_design
Trichoderma__5017019at2759__code1	10	1194	10	215	True	none_recorded	unchanged_by_declared_fcs_omission	10	0.40507243997539744	False		not_established	saturation_and_identifiability;alignment_and_copy_adequacy;selection_model_and_test_design
Trichoderma__5018803at2759__code1	10	2526	10	648	True	none_recorded	unchanged_by_declared_fcs_omission	10	0.5922201029568027	False		not_established	saturation_and_identifiability;alignment_and_copy_adequacy;selection_model_and_test_design
Trichoderma__529759at2759__code1	10	732	10	96	True	none_recorded	unchanged_by_declared_fcs_omission	10	0.29116499219562875	False	near_zero_nucleotide_tree_edge	not_established	saturation_and_identifiability;alignment_and_copy_adequacy;selection_model_and_test_design
Trichoderma__530014at2759__code1	9	2547	9	522	True	none_recorded	unchanged_by_declared_fcs_omission	9	0.4821485026450235	False		not_established	saturation_and_identifiability;alignment_and_copy_adequacy;selection_model_and_test_design
Trichoderma__530740at2759__code1	9	900	9	237	True	none_recorded	unchanged_by_declared_fcs_omission	9	0.7445976362059603	False		not_established	saturation_and_identifiability;alignment_and_copy_adequacy;selection_model_and_test_design
Trichoderma__538728at2759__code1	10	1599	10	401	True	none_recorded	unchanged_by_declared_fcs_omission	10	0.601426391329178	False	near_zero_nucleotide_tree_edge	not_established	saturation_and_identifiability;alignment_and_copy_adequacy;selection_model_and_test_design
Trichoderma__538952at2759__code1	10	1467	10	301	True	none_recorded	unchanged_by_declared_fcs_omission	10	0.40092428328501256	False		not_established	saturation_and_identifiability;alignment_and_copy_adequacy;selection_model_and_test_design
Trichoderma__539632at2759__code1	10	915	10	118	True	none_recorded	unchanged_by_declared_fcs_omission	10	0.2623954892769009	False		not_established	saturation_and_identifiability;alignment_and_copy_adequacy;selection_model_and_test_design
Trichoderma__540946at2759__code1	10	1299	10	269	True	none_recorded	unchanged_by_declared_fcs_omission	10	0.3857889437064543	False		not_established	saturation_and_identifiability;alignment_and_copy_adequacy;selection_model_and_test_design
Trichoderma__541070at2759__code1	10	723	10	202	True	none_recorded	unchanged_by_declared_fcs_omission	10	0.6364095727351863	False		not_established	saturation_and_identifiability;alignment_and_copy_adequacy;selection_model_and_test_design
Trichoderma__554735at2759__code1	8	762	8	99	True	none_recorded	unchanged_by_declared_fcs_omission	8	0.288837635043061	False		not_established	saturation_and_identifiability;alignment_and_copy_adequacy;selection_model_and_test_design
Trichoderma__649304at2759__code1	10	924	10	194	True	none_recorded	unchanged_by_declared_fcs_omission	10	0.3747298796192564	False		not_established	saturation_and_identifiability;alignment_and_copy_adequacy;selection_model_and_test_design
Trichoderma__707076at2759__code1	10	780	10	124	True	none_recorded	unchanged_by_declared_fcs_omission	10	0.2903763402725592	False		not_established	saturation_and_identifiability;alignment_and_copy_adequacy;selection_model_and_test_design
Trichoderma__707202at2759__code1	9	1068	9	197	True	none_recorded	unchanged_by_declared_fcs_omission	9	0.44218364471848354	False		not_established	saturation_and_identifiability;alignment_and_copy_adequacy;selection_model_and_test_design
Trichoderma__727964at2759__code1	10	1344	10	276	True	none_recorded	unchanged_by_declared_fcs_omission	10	0.4299425411884652	False		not_established	saturation_and_identifiability;alignment_and_copy_adequacy;selection_model_and_test_design
Trichoderma__730114at2759__code1	10	1599	10	261	True	none_recorded	unchanged_by_declared_fcs_omission	10	0.4015895877278702	False		not_established	saturation_and_identifiability;alignment_and_copy_adequacy;selection_model_and_test_design
Trichoderma__760428at2759__code1	10	1167	10	258	True	none_recorded	unchanged_by_declared_fcs_omission	10	8.58838383734949	False	tree_pairwise_saturation_warning;near_zero_nucleotide_tree_edge	not_established	saturation_and_identifiability;alignment_and_copy_adequacy;selection_model_and_test_design
Trichoderma__776280at2759__code1	10	1452	10	771	True	none_recorded	unchanged_by_declared_fcs_omission	10	13.00234367511825	False	tree_pairwise_saturation_warning;tree_nni_convergence_warning;near_zero_nucleotide_tree_edge	not_established	saturation_and_identifiability;alignment_and_copy_adequacy;selection_model_and_test_design
Trichoderma__801816at2759__code1	9	558	9	105	True	none_recorded	unchanged_by_declared_fcs_omission	9	0.6251392853748616	False		not_established	saturation_and_identifiability;alignment_and_copy_adequacy;selection_model_and_test_design
Umbelopsis__129234at2759__code1	4	537	4	41	True	none_recorded	unchanged_by_declared_fcs_omission	4	1.331392946555178	False		not_established	saturation_and_identifiability;alignment_and_copy_adequacy;selection_model_and_test_design
Umbelopsis__160487at2759__code1	4	2631	4	174	True	none_recorded	unchanged_by_declared_fcs_omission	4	0.8774197055657299	False		not_established	saturation_and_identifiability;alignment_and_copy_adequacy;selection_model_and_test_design
Umbelopsis__201273at2759__code1	4	780	4	27	True	none_recorded	unchanged_by_declared_fcs_omission	4	1.5092071011736623	False		not_established	saturation_and_identifiability;alignment_and_copy_adequacy;selection_model_and_test_design
Umbelopsis__207567at2759__code1	4	540	4	36	True	none_recorded	unchanged_by_declared_fcs_omission	4	0.8003628945551976	False		not_established	saturation_and_identifiability;alignment_and_copy_adequacy;selection_model_and_test_design
Umbelopsis__260326at2759__code1	4	447	4	18	True	none_recorded	unchanged_by_declared_fcs_omission	4	0.44497991964733646	False		not_established	saturation_and_identifiability;alignment_and_copy_adequacy;selection_model_and_test_design
Umbelopsis__2852757at2759__code1	4	1389	4	88	True	none_recorded	unchanged_by_declared_fcs_omission	4	1.021485794968215	False		not_established	saturation_and_identifiability;alignment_and_copy_adequacy;selection_model_and_test_design
Umbelopsis__288615at2759__code1	4	1869	4	127	True	none_recorded	unchanged_by_declared_fcs_omission	4	1.316627042790495	False		not_established	saturation_and_identifiability;alignment_and_copy_adequacy;selection_model_and_test_design
Umbelopsis__319730at2759__code1	4	1269	4	73	True	none_recorded	unchanged_by_declared_fcs_omission	4	0.44559807727690076	False		not_established	saturation_and_identifiability;alignment_and_copy_adequacy;selection_model_and_test_design
Umbelopsis__340246at2759__code1	4	1857	4	138	True	none_recorded	unchanged_by_declared_fcs_omission	4	0.9927230989394032	False		not_established	saturation_and_identifiability;alignment_and_copy_adequacy;selection_model_and_test_design
Umbelopsis__352891at2759__code1	4	741	4	46	True	none_recorded	unchanged_by_declared_fcs_omission	4	0.65586384858135	False	tree_parameter_boundary_warning	not_established	saturation_and_identifiability;alignment_and_copy_adequacy;selection_model_and_test_design
Umbelopsis__3643464at2759__code1	4	2052	4	191	True	none_recorded	unchanged_by_declared_fcs_omission	4	2.2365957241912855	False		not_established	saturation_and_identifiability;alignment_and_copy_adequacy;selection_model_and_test_design
Umbelopsis__4613677at2759__code1	4	381	4	29	True	none_recorded	unchanged_by_declared_fcs_omission	4	1.4937883170382864	False		not_established	saturation_and_identifiability;alignment_and_copy_adequacy;selection_model_and_test_design
Umbelopsis__4695236at2759__code1	4	3162	4	211	True	none_recorded	unchanged_by_declared_fcs_omission	4	0.6296837078279088	False		not_established	saturation_and_identifiability;alignment_and_copy_adequacy;selection_model_and_test_design
Umbelopsis__4747214at2759__code1	4	336	4	15	True	none_recorded	unchanged_by_declared_fcs_omission	4	0.8145014661666015	False		not_established	saturation_and_identifiability;alignment_and_copy_adequacy;selection_model_and_test_design
Umbelopsis__4764044at2759__code1	4	1302	4	94	True	none_recorded	unchanged_by_declared_fcs_omission	4	1.142764594282664	False		not_established	saturation_and_identifiability;alignment_and_copy_adequacy;selection_model_and_test_design
Umbelopsis__4823929at2759__code1	4	1170	4	87	True	none_recorded	unchanged_by_declared_fcs_omission	4	1.2975018490472778	False		not_established	saturation_and_identifiability;alignment_and_copy_adequacy;selection_model_and_test_design
Umbelopsis__4837017at2759__code1	4	642	4	38	True	none_recorded	unchanged_by_declared_fcs_omission	4	0.7792280593421462	False		not_established	saturation_and_identifiability;alignment_and_copy_adequacy;selection_model_and_test_design
Umbelopsis__4838864at2759__code1	4	1833	4	108	True	none_recorded	unchanged_by_declared_fcs_omission	4	0.7581542499381866	False		not_established	saturation_and_identifiability;alignment_and_copy_adequacy;selection_model_and_test_design
Umbelopsis__4843240at2759__code1	4	1446	4	122	True	none_recorded	unchanged_by_declared_fcs_omission	4	2.1596898849273938	False		not_established	saturation_and_identifiability;alignment_and_copy_adequacy;selection_model_and_test_design
Umbelopsis__4843824at2759__code1	4	582	4	44	True	none_recorded	unchanged_by_declared_fcs_omission	4	1.2487071377563472	False		not_established	saturation_and_identifiability;alignment_and_copy_adequacy;selection_model_and_test_design
Umbelopsis__4867008at2759__code1	4	495	4	31	True	none_recorded	unchanged_by_declared_fcs_omission	4	27.606559022389796	False		not_established	saturation_and_identifiability;alignment_and_copy_adequacy;selection_model_and_test_design
Umbelopsis__4888252at2759__code1	4	2361	4	184	True	none_recorded	unchanged_by_declared_fcs_omission	4	1.778380908454169	False		not_established	saturation_and_identifiability;alignment_and_copy_adequacy;selection_model_and_test_design
Umbelopsis__4896098at2759__code1	4	567	4	38	True	none_recorded	unchanged_by_declared_fcs_omission	4	1.4901499914161482	False		not_established	saturation_and_identifiability;alignment_and_copy_adequacy;selection_model_and_test_design
Umbelopsis__4911644at2759__code1	4	2772	4	190	True	none_recorded	unchanged_by_declared_fcs_omission	4	0.7748262533785264	False		not_established	saturation_and_identifiability;alignment_and_copy_adequacy;selection_model_and_test_design
Umbelopsis__4969990at2759__code1	4	957	4	55	True	none_recorded	unchanged_by_declared_fcs_omission	4	1.1314966003638776	False		not_established	saturation_and_identifiability;alignment_and_copy_adequacy;selection_model_and_test_design
Umbelopsis__4970387at2759__code1	4	423	4	24	True	none_recorded	unchanged_by_declared_fcs_omission	4	0.6771973992063404	False		not_established	saturation_and_identifiability;alignment_and_copy_adequacy;selection_model_and_test_design
Umbelopsis__4970538at2759__code1	4	2841	4	228	True	none_recorded	unchanged_by_declared_fcs_omission	4	1.2369836732383261	False		not_established	saturation_and_identifiability;alignment_and_copy_adequacy;selection_model_and_test_design
Umbelopsis__4971272at2759__code1	4	1305	4	97	True	none_recorded	unchanged_by_declared_fcs_omission	4	1.0287425511367356	False		not_established	saturation_and_identifiability;alignment_and_copy_adequacy;selection_model_and_test_design
Umbelopsis__4974767at2759__code1	4	306	4	30	True	none_recorded	unchanged_by_declared_fcs_omission	4	0.9661541790024764	False		not_established	saturation_and_identifiability;alignment_and_copy_adequacy;selection_model_and_test_design
Umbelopsis__4976279at2759__code1	4	1086	4	107	True	none_recorded	unchanged_by_declared_fcs_omission	4	1.28269699527945	False		not_established	saturation_and_identifiability;alignment_and_copy_adequacy;selection_model_and_test_design
Umbelopsis__4977163at2759__code1	4	555	4	39	True	none_recorded	unchanged_by_declared_fcs_omission	4	1.3761913234064334	False		not_established	saturation_and_identifiability;alignment_and_copy_adequacy;selection_model_and_test_design
Umbelopsis__4983000at2759__code1	4	1086	4	63	True	none_recorded	unchanged_by_declared_fcs_omission	4	21.342121190953858	False	near_zero_nucleotide_tree_edge	not_established	saturation_and_identifiability;alignment_and_copy_adequacy;selection_model_and_test_design
Umbelopsis__4986044at2759__code1	4	1371	4	115	True	requires_gene_copy_reconciliation_before_confirmatory_single_ortholog_analysis	unchanged_by_declared_fcs_omission	4	1.2098854454010193	False	copy_reconciliation_required	not_established	saturation_and_identifiability;alignment_and_copy_adequacy;selection_model_and_test_design
Umbelopsis__4987397at2759__code1	4	2394	4	166	True	none_recorded	unchanged_by_declared_fcs_omission	4	1.0589656002949444	False		not_established	saturation_and_identifiability;alignment_and_copy_adequacy;selection_model_and_test_design
Umbelopsis__4988239at2759__code1	4	3129	4	242	True	none_recorded	unchanged_by_declared_fcs_omission	4	1.0427184277051207	False		not_established	saturation_and_identifiability;alignment_and_copy_adequacy;selection_model_and_test_design
Umbelopsis__4999134at2759__code1	4	6963	4	417	True	none_recorded	unchanged_by_declared_fcs_omission	4	0.8254914544740735	False		not_established	saturation_and_identifiability;alignment_and_copy_adequacy;selection_model_and_test_design
Umbelopsis__5000045at2759__code1	4	1113	4	72	True	none_recorded	unchanged_by_declared_fcs_omission	4	1.055626282315611	False		not_established	saturation_and_identifiability;alignment_and_copy_adequacy;selection_model_and_test_design
Umbelopsis__5000152at2759__code1	4	3570	4	254	True	none_recorded	unchanged_by_declared_fcs_omission	4	1.2087731469383525	False		not_established	saturation_and_identifiability;alignment_and_copy_adequacy;selection_model_and_test_design
Umbelopsis__5000362at2759__code1	4	2697	4	209	True	none_recorded	unchanged_by_declared_fcs_omission	4	1.092523833712686	False		not_established	saturation_and_identifiability;alignment_and_copy_adequacy;selection_model_and_test_design
Umbelopsis__5000452at2759__code1	4	702	4	42	True	none_recorded	unchanged_by_declared_fcs_omission	4	1.0282978880227323	False		not_established	saturation_and_identifiability;alignment_and_copy_adequacy;selection_model_and_test_design
Umbelopsis__5000476at2759__code1	4	1137	4	77	True	none_recorded	unchanged_by_declared_fcs_omission	4	0.7527271935995467	False		not_established	saturation_and_identifiability;alignment_and_copy_adequacy;selection_model_and_test_design
Umbelopsis__5000743at2759__code1	4	522	4	37	True	none_recorded	unchanged_by_declared_fcs_omission	4	1.1468327316334423	False		not_established	saturation_and_identifiability;alignment_and_copy_adequacy;selection_model_and_test_design
Umbelopsis__5000870at2759__code1	4	2187	4	148	True	none_recorded	unchanged_by_declared_fcs_omission	4	1.0129166163084264	False		not_established	saturation_and_identifiability;alignment_and_copy_adequacy;selection_model_and_test_design
Umbelopsis__5000986at2759__code1	4	1470	4	122	True	none_recorded	unchanged_by_declared_fcs_omission	4	0.9830916385674013	False		not_established	saturation_and_identifiability;alignment_and_copy_adequacy;selection_model_and_test_design
Umbelopsis__5001156at2759__code1	4	693	4	54	True	none_recorded	unchanged_by_declared_fcs_omission	4	21.071111139481793	False	tree_pairwise_saturation_warning	not_established	saturation_and_identifiability;alignment_and_copy_adequacy;selection_model_and_test_design
Umbelopsis__5001273at2759__code1	4	591	4	45	True	none_recorded	unchanged_by_declared_fcs_omission	4	1.6702600982552	False		not_established	saturation_and_identifiability;alignment_and_copy_adequacy;selection_model_and_test_design
Umbelopsis__5001280at2759__code1	4	2136	4	138	True	none_recorded	unchanged_by_declared_fcs_omission	4	0.8904288242943229	False		not_established	saturation_and_identifiability;alignment_and_copy_adequacy;selection_model_and_test_design
Umbelopsis__5001318at2759__code1	4	1212	4	117	True	none_recorded	unchanged_by_declared_fcs_omission	4	1.370715198435012	False	tree_parameter_boundary_warning	not_established	saturation_and_identifiability;alignment_and_copy_adequacy;selection_model_and_test_design
Umbelopsis__5001413at2759__code1	4	846	4	61	True	none_recorded	unchanged_by_declared_fcs_omission	4	1.4750533928534164	False		not_established	saturation_and_identifiability;alignment_and_copy_adequacy;selection_model_and_test_design
Umbelopsis__5001473at2759__code1	4	315	4	23	True	none_recorded	unchanged_by_declared_fcs_omission	4	0.8716298499741231	False		not_established	saturation_and_identifiability;alignment_and_copy_adequacy;selection_model_and_test_design
Umbelopsis__5001660at2759__code1	4	1836	4	81	True	none_recorded	unchanged_by_declared_fcs_omission	4	0.5588562833278004	False		not_established	saturation_and_identifiability;alignment_and_copy_adequacy;selection_model_and_test_design
Umbelopsis__5001734at2759__code1	4	636	4	43	True	none_recorded	unchanged_by_declared_fcs_omission	4	0.918637274514764	False		not_established	saturation_and_identifiability;alignment_and_copy_adequacy;selection_model_and_test_design
Umbelopsis__5002334at2759__code1	4	1005	4	77	True	none_recorded	unchanged_by_declared_fcs_omission	4	1.0189606192773533	False		not_established	saturation_and_identifiability;alignment_and_copy_adequacy;selection_model_and_test_design
Umbelopsis__5002573at2759__code1	4	1161	4	89	True	none_recorded	unchanged_by_declared_fcs_omission	4	0.9856487132426182	False		not_established	saturation_and_identifiability;alignment_and_copy_adequacy;selection_model_and_test_design
Umbelopsis__5003022at2759__code1	4	2505	4	184	True	none_recorded	unchanged_by_declared_fcs_omission	4	1.12875931081962	False		not_established	saturation_and_identifiability;alignment_and_copy_adequacy;selection_model_and_test_design
Umbelopsis__5003192at2759__code1	4	1371	4	111	True	none_recorded	unchanged_by_declared_fcs_omission	4	1.236916696614122	False		not_established	saturation_and_identifiability;alignment_and_copy_adequacy;selection_model_and_test_design
Umbelopsis__5003205at2759__code1	4	3285	4	261	True	none_recorded	unchanged_by_declared_fcs_omission	4	1.1426934124083767	False		not_established	saturation_and_identifiability;alignment_and_copy_adequacy;selection_model_and_test_design
Umbelopsis__5003856at2759__code1	4	870	4	64	True	none_recorded	unchanged_by_declared_fcs_omission	4	1.1932342333754724	False		not_established	saturation_and_identifiability;alignment_and_copy_adequacy;selection_model_and_test_design
Umbelopsis__5003972at2759__code1	4	738	4	48	True	none_recorded	unchanged_by_declared_fcs_omission	4	0.7739994210981699	False		not_established	saturation_and_identifiability;alignment_and_copy_adequacy;selection_model_and_test_design
Umbelopsis__5004118at2759__code1	4	717	4	48	True	none_recorded	unchanged_by_declared_fcs_omission	4	0.8329378245525257	False		not_established	saturation_and_identifiability;alignment_and_copy_adequacy;selection_model_and_test_design
Umbelopsis__5004265at2759__code1	4	654	4	43	True	none_recorded	unchanged_by_declared_fcs_omission	4	0.5826708024973506	False		not_established	saturation_and_identifiability;alignment_and_copy_adequacy;selection_model_and_test_design
Umbelopsis__5004327at2759__code1	4	2229	4	166	True	none_recorded	unchanged_by_declared_fcs_omission	4	1.1100133885238248	False		not_established	saturation_and_identifiability;alignment_and_copy_adequacy;selection_model_and_test_design
Umbelopsis__5004391at2759__code1	4	2427	4	148	True	none_recorded	unchanged_by_declared_fcs_omission	4	0.7093568841908132	False		not_established	saturation_and_identifiability;alignment_and_copy_adequacy;selection_model_and_test_design
Umbelopsis__5004478at2759__code1	4	879	4	65	True	none_recorded	unchanged_by_declared_fcs_omission	4	1.1083787044083049	False		not_established	saturation_and_identifiability;alignment_and_copy_adequacy;selection_model_and_test_design
Umbelopsis__5004599at2759__code1	4	2148	4	179	True	none_recorded	unchanged_by_declared_fcs_omission	4	0.9297105483673758	False		not_established	saturation_and_identifiability;alignment_and_copy_adequacy;selection_model_and_test_design
Umbelopsis__5005010at2759__code1	4	339	4	27	True	none_recorded	unchanged_by_declared_fcs_omission	4	1.0349743174833712	False		not_established	saturation_and_identifiability;alignment_and_copy_adequacy;selection_model_and_test_design
Umbelopsis__5005174at2759__code1	4	564	4	34	True	none_recorded	unchanged_by_declared_fcs_omission	4	0.7783479870046225	False		not_established	saturation_and_identifiability;alignment_and_copy_adequacy;selection_model_and_test_design
Umbelopsis__5005196at2759__code1	4	1311	4	102	True	none_recorded	unchanged_by_declared_fcs_omission	4	1.0220245371612384	False		not_established	saturation_and_identifiability;alignment_and_copy_adequacy;selection_model_and_test_design
Umbelopsis__5005215at2759__code1	4	1692	4	126	True	none_recorded	unchanged_by_declared_fcs_omission	4	0.7308738993078686	False		not_established	saturation_and_identifiability;alignment_and_copy_adequacy;selection_model_and_test_design
Umbelopsis__5005217at2759__code1	4	1320	4	127	True	none_recorded	unchanged_by_declared_fcs_omission	4	1.6814989664055382	False		not_established	saturation_and_identifiability;alignment_and_copy_adequacy;selection_model_and_test_design
Umbelopsis__5005274at2759__code1	4	819	4	62	True	none_recorded	unchanged_by_declared_fcs_omission	4	0.8327731767099675	False		not_established	saturation_and_identifiability;alignment_and_copy_adequacy;selection_model_and_test_design
Umbelopsis__5005697at2759__code1	4	627	4	40	True	none_recorded	unchanged_by_declared_fcs_omission	4	65.08174419026638	False	near_zero_nucleotide_tree_edge	not_established	saturation_and_identifiability;alignment_and_copy_adequacy;selection_model_and_test_design
Umbelopsis__5005750at2759__code1	4	363	4	22	True	none_recorded	unchanged_by_declared_fcs_omission	4	0.5594479055535871	False	tree_parameter_boundary_warning	not_established	saturation_and_identifiability;alignment_and_copy_adequacy;selection_model_and_test_design
Umbelopsis__5005892at2759__code1	4	951	4	57	True	none_recorded	unchanged_by_declared_fcs_omission	4	0.9675220690186412	False		not_established	saturation_and_identifiability;alignment_and_copy_adequacy;selection_model_and_test_design
Umbelopsis__5006326at2759__code1	4	1746	4	127	True	none_recorded	unchanged_by_declared_fcs_omission	4	0.8702478178306196	False		not_established	saturation_and_identifiability;alignment_and_copy_adequacy;selection_model_and_test_design
Umbelopsis__5011777at2759__code1	4	1476	4	116	True	none_recorded	unchanged_by_declared_fcs_omission	4	22.330951003818157	False	near_zero_nucleotide_tree_edge	not_established	saturation_and_identifiability;alignment_and_copy_adequacy;selection_model_and_test_design
Umbelopsis__5013042at2759__code1	4	1140	4	78	True	none_recorded	unchanged_by_declared_fcs_omission	4	1.5597331891029165	False		not_established	saturation_and_identifiability;alignment_and_copy_adequacy;selection_model_and_test_design
Umbelopsis__5013067at2759__code1	4	978	4	59	True	none_recorded	unchanged_by_declared_fcs_omission	4	0.4090073283259187	False		not_established	saturation_and_identifiability;alignment_and_copy_adequacy;selection_model_and_test_design
Umbelopsis__5013259at2759__code1	4	432	4	14	True	none_recorded	unchanged_by_declared_fcs_omission	4	6.8525127684575216	False		not_established	saturation_and_identifiability;alignment_and_copy_adequacy;selection_model_and_test_design
Umbelopsis__5013539at2759__code1	4	828	4	50	True	none_recorded	unchanged_by_declared_fcs_omission	4	0.6799150177253496	False		not_established	saturation_and_identifiability;alignment_and_copy_adequacy;selection_model_and_test_design
Umbelopsis__5013726at2759__code1	4	492	4	17	True	none_recorded	unchanged_by_declared_fcs_omission	4	0.39516043730733075	False		not_established	saturation_and_identifiability;alignment_and_copy_adequacy;selection_model_and_test_design
Umbelopsis__5013738at2759__code1	4	714	4	46	True	none_recorded	unchanged_by_declared_fcs_omission	4	0.5561050119387728	False		not_established	saturation_and_identifiability;alignment_and_copy_adequacy;selection_model_and_test_design
Umbelopsis__5013992at2759__code1	4	2214	4	158	True	none_recorded	unchanged_by_declared_fcs_omission	4	1.1922131370001825	False		not_established	saturation_and_identifiability;alignment_and_copy_adequacy;selection_model_and_test_design
Umbelopsis__5014007at2759__code1	4	1614	4	118	True	none_recorded	unchanged_by_declared_fcs_omission	4	1.2943914671256915	False		not_established	saturation_and_identifiability;alignment_and_copy_adequacy;selection_model_and_test_design
Umbelopsis__5015403at2759__code1	4	1203	4	106	True	none_recorded	unchanged_by_declared_fcs_omission	4	1.4266413559655324	False		not_established	saturation_and_identifiability;alignment_and_copy_adequacy;selection_model_and_test_design
Umbelopsis__5015647at2759__code1	4	2400	4	178	True	none_recorded	unchanged_by_declared_fcs_omission	4	1.0168182111667547	False		not_established	saturation_and_identifiability;alignment_and_copy_adequacy;selection_model_and_test_design
Umbelopsis__5015712at2759__code1	4	1431	4	107	True	none_recorded	unchanged_by_declared_fcs_omission	4	1.2101747207470703	False		not_established	saturation_and_identifiability;alignment_and_copy_adequacy;selection_model_and_test_design
Umbelopsis__5015742at2759__code1	4	1410	4	120	True	none_recorded	unchanged_by_declared_fcs_omission	4	1.0199136599611591	False		not_established	saturation_and_identifiability;alignment_and_copy_adequacy;selection_model_and_test_design
Umbelopsis__5018803at2759__code1	4	2361	4	162	True	none_recorded	unchanged_by_declared_fcs_omission	4	1.1303092492451867	False		not_established	saturation_and_identifiability;alignment_and_copy_adequacy;selection_model_and_test_design
Umbelopsis__530014at2759__code1	4	2400	4	178	True	none_recorded	unchanged_by_declared_fcs_omission	4	1.0615844379380144	False		not_established	saturation_and_identifiability;alignment_and_copy_adequacy;selection_model_and_test_design
Umbelopsis__530740at2759__code1	4	762	4	51	True	none_recorded	unchanged_by_declared_fcs_omission	4	1.1227586126377165	False		not_established	saturation_and_identifiability;alignment_and_copy_adequacy;selection_model_and_test_design
Umbelopsis__538952at2759__code1	4	1344	4	93	True	none_recorded	unchanged_by_declared_fcs_omission	4	1.277277839922773	False		not_established	saturation_and_identifiability;alignment_and_copy_adequacy;selection_model_and_test_design
Umbelopsis__539632at2759__code1	4	912	4	62	True	none_recorded	unchanged_by_declared_fcs_omission	4	0.5734943674001102	False	tree_parameter_boundary_warning	not_established	saturation_and_identifiability;alignment_and_copy_adequacy;selection_model_and_test_design
Umbelopsis__540946at2759__code1	4	1029	4	97	True	none_recorded	unchanged_by_declared_fcs_omission	4	1.038609046597773	False		not_established	saturation_and_identifiability;alignment_and_copy_adequacy;selection_model_and_test_design
Umbelopsis__541070at2759__code1	4	693	4	61	True	none_recorded	unchanged_by_declared_fcs_omission	4	1.6077306920489505	False		not_established	saturation_and_identifiability;alignment_and_copy_adequacy;selection_model_and_test_design
Umbelopsis__554735at2759__code1	4	756	4	43	True	none_recorded	unchanged_by_declared_fcs_omission	4	0.6743971042293622	False		not_established	saturation_and_identifiability;alignment_and_copy_adequacy;selection_model_and_test_design
Umbelopsis__727964at2759__code1	4	1236	4	100	True	none_recorded	unchanged_by_declared_fcs_omission	4	2.371409092940083	False		not_established	saturation_and_identifiability;alignment_and_copy_adequacy;selection_model_and_test_design
Umbelopsis__730114at2759__code1	4	1602	4	119	True	none_recorded	unchanged_by_declared_fcs_omission	4	1.0798576507510202	False		not_established	saturation_and_identifiability;alignment_and_copy_adequacy;selection_model_and_test_design
Umbelopsis__760428at2759__code1	4	1125	4	93	True	none_recorded	unchanged_by_declared_fcs_omission	4	1.669990645889321	False		not_established	saturation_and_identifiability;alignment_and_copy_adequacy;selection_model_and_test_design
Umbelopsis__776280at2759__code1	4	1338	4	118	True	none_recorded	unchanged_by_declared_fcs_omission	4	1.3667102489964231	False		not_established	saturation_and_identifiability;alignment_and_copy_adequacy;selection_model_and_test_design
Umbelopsis__801816at2759__code1	4	558	4	38	True	none_recorded	unchanged_by_declared_fcs_omission	4	1.0324293887784288	False		not_established	saturation_and_identifiability;alignment_and_copy_adequacy;selection_model_and_test_design
Wallemia__115730at2759__code1	4	981	4	104	True	none_recorded	unchanged_by_declared_fcs_omission	4	1.3965899550484207	False		not_established	saturation_and_identifiability;alignment_and_copy_adequacy;selection_model_and_test_design
Wallemia__129234at2759__code1	4	477	4	57	True	none_recorded	unchanged_by_declared_fcs_omission	4	1.2633733407351848	False		not_established	saturation_and_identifiability;alignment_and_copy_adequacy;selection_model_and_test_design
Wallemia__160487at2759__code1	4	2580	4	222	True	none_recorded	unchanged_by_declared_fcs_omission	4	1.0050407144932874	False		not_established	saturation_and_identifiability;alignment_and_copy_adequacy;selection_model_and_test_design
Wallemia__201273at2759__code1	4	762	4	69	True	none_recorded	unchanged_by_declared_fcs_omission	4	1.1631660225989193	False		not_established	saturation_and_identifiability;alignment_and_copy_adequacy;selection_model_and_test_design
Wallemia__207567at2759__code1	4	453	4	28	True	none_recorded	unchanged_by_declared_fcs_omission	4	1.9089481366935703	False	tree_parameter_boundary_warning	not_established	saturation_and_identifiability;alignment_and_copy_adequacy;selection_model_and_test_design
Wallemia__260326at2759__code1	4	444	4	41	True	none_recorded	unchanged_by_declared_fcs_omission	4	2.0292163739895113	False		not_established	saturation_and_identifiability;alignment_and_copy_adequacy;selection_model_and_test_design
Wallemia__2852757at2759__code1	4	1401	4	163	True	none_recorded	unchanged_by_declared_fcs_omission	4	1.3366276054949233	False		not_established	saturation_and_identifiability;alignment_and_copy_adequacy;selection_model_and_test_design
Wallemia__288615at2759__code1	4	1824	4	200	True	none_recorded	unchanged_by_declared_fcs_omission	4	1.4088660483127582	False		not_established	saturation_and_identifiability;alignment_and_copy_adequacy;selection_model_and_test_design
Wallemia__319730at2759__code1	4	1164	4	95	True	none_recorded	unchanged_by_declared_fcs_omission	4	99.09046790773829	False		not_established	saturation_and_identifiability;alignment_and_copy_adequacy;selection_model_and_test_design
Wallemia__340246at2759__code1	4	1944	4	280	True	none_recorded	unchanged_by_declared_fcs_omission	4	2.574278486142474	False		not_established	saturation_and_identifiability;alignment_and_copy_adequacy;selection_model_and_test_design
Wallemia__345792at2759__code1	4	870	4	75	True	none_recorded	unchanged_by_declared_fcs_omission	4	0.6603282521213922	False	tree_parameter_boundary_warning	not_established	saturation_and_identifiability;alignment_and_copy_adequacy;selection_model_and_test_design
Wallemia__352891at2759__code1	4	639	4	74	True	none_recorded	unchanged_by_declared_fcs_omission	4	1.398843284044598	False		not_established	saturation_and_identifiability;alignment_and_copy_adequacy;selection_model_and_test_design
Wallemia__3643464at2759__code1	4	1905	4	193	True	none_recorded	unchanged_by_declared_fcs_omission	4	1.5316166799663227	False		not_established	saturation_and_identifiability;alignment_and_copy_adequacy;selection_model_and_test_design
Wallemia__4613677at2759__code1	4	318	4	48	True	none_recorded	unchanged_by_declared_fcs_omission	4	1.9042225286338281	False		not_established	saturation_and_identifiability;alignment_and_copy_adequacy;selection_model_and_test_design
Wallemia__4695236at2759__code1	4	3195	4	310	True	none_recorded	unchanged_by_declared_fcs_omission	4	0.871214495766278	False		not_established	saturation_and_identifiability;alignment_and_copy_adequacy;selection_model_and_test_design
Wallemia__4747214at2759__code1	4	405	4	49	True	none_recorded	unchanged_by_declared_fcs_omission	4	1.4259605087924927	False	near_zero_nucleotide_tree_edge	not_established	saturation_and_identifiability;alignment_and_copy_adequacy;selection_model_and_test_design
Wallemia__4764044at2759__code1	4	1410	4	184	True	none_recorded	unchanged_by_declared_fcs_omission	4	1.49124556148228	False		not_established	saturation_and_identifiability;alignment_and_copy_adequacy;selection_model_and_test_design
Wallemia__4810093at2759__code1	4	2178	4	342	True	none_recorded	unchanged_by_declared_fcs_omission	4	2.2859614391761216	False		not_established	saturation_and_identifiability;alignment_and_copy_adequacy;selection_model_and_test_design
Wallemia__4823929at2759__code1	4	1281	4	150	True	none_recorded	unchanged_by_declared_fcs_omission	4	1.6254052092989448	False		not_established	saturation_and_identifiability;alignment_and_copy_adequacy;selection_model_and_test_design
Wallemia__4838864at2759__code1	4	1848	4	226	True	none_recorded	unchanged_by_declared_fcs_omission	4	1.3346742926800343	False		not_established	saturation_and_identifiability;alignment_and_copy_adequacy;selection_model_and_test_design
Wallemia__4843240at2759__code1	4	1260	4	151	True	none_recorded	unchanged_by_declared_fcs_omission	4	2.146312015333691	False		not_established	saturation_and_identifiability;alignment_and_copy_adequacy;selection_model_and_test_design
Wallemia__4843824at2759__code1	4	510	4	94	True	none_recorded	unchanged_by_declared_fcs_omission	4	9.000609784444917	False	near_zero_nucleotide_tree_edge	not_established	saturation_and_identifiability;alignment_and_copy_adequacy;selection_model_and_test_design
Wallemia__4867008at2759__code1	4	543	4	61	True	none_recorded	unchanged_by_declared_fcs_omission	4	1.5306328819147295	False		not_established	saturation_and_identifiability;alignment_and_copy_adequacy;selection_model_and_test_design
Wallemia__4888252at2759__code1	4	2214	4	382	True	none_recorded	unchanged_by_declared_fcs_omission	4	3.058145894546338	False		not_established	saturation_and_identifiability;alignment_and_copy_adequacy;selection_model_and_test_design
Wallemia__4896098at2759__code1	4	552	4	47	True	none_recorded	unchanged_by_declared_fcs_omission	4	1.8079376341514377	False	tree_parameter_boundary_warning	not_established	saturation_and_identifiability;alignment_and_copy_adequacy;selection_model_and_test_design
Wallemia__4900375at2759__code1	4	615	4	72	True	none_recorded	unchanged_by_declared_fcs_omission	4	1.4770928222631898	False		not_established	saturation_and_identifiability;alignment_and_copy_adequacy;selection_model_and_test_design
Wallemia__4908955at2759__code1	4	945	4	84	True	none_recorded	unchanged_by_declared_fcs_omission	4	1.7406009766265302	False		not_established	saturation_and_identifiability;alignment_and_copy_adequacy;selection_model_and_test_design
Wallemia__4940884at2759__code1	4	2541	4	266	True	none_recorded	unchanged_by_declared_fcs_omission	4	1.2765780923302197	False		not_established	saturation_and_identifiability;alignment_and_copy_adequacy;selection_model_and_test_design
Wallemia__4969018at2759__code1	4	1338	4	149	True	none_recorded	unchanged_by_declared_fcs_omission	4	1.2229266157108942	False		not_established	saturation_and_identifiability;alignment_and_copy_adequacy;selection_model_and_test_design
Wallemia__4969636at2759__code1	4	1155	4	106	True	none_recorded	unchanged_by_declared_fcs_omission	4	1.2249173203782242	False		not_established	saturation_and_identifiability;alignment_and_copy_adequacy;selection_model_and_test_design
Wallemia__4970538at2759__code1	4	2454	4	138	True	none_recorded	unchanged_by_declared_fcs_omission	4	47.59865090742565	False	tree_pairwise_saturation_warning	not_established	saturation_and_identifiability;alignment_and_copy_adequacy;selection_model_and_test_design
Wallemia__4971272at2759__code1	4	1311	4	163	True	none_recorded	unchanged_by_declared_fcs_omission	4	1.7672760911103789	False		not_established	saturation_and_identifiability;alignment_and_copy_adequacy;selection_model_and_test_design
Wallemia__4974767at2759__code1	4	438	4	29	True	none_recorded	unchanged_by_declared_fcs_omission	4	0.7823014425763785	False		not_established	saturation_and_identifiability;alignment_and_copy_adequacy;selection_model_and_test_design
Wallemia__4975094at2759__code1	4	2907	4	352	True	none_recorded	unchanged_by_declared_fcs_omission	4	1.5573623186467205	False		not_established	saturation_and_identifiability;alignment_and_copy_adequacy;selection_model_and_test_design
Wallemia__4977163at2759__code1	4	549	4	72	True	none_recorded	unchanged_by_declared_fcs_omission	4	1.749012241905693	False		not_established	saturation_and_identifiability;alignment_and_copy_adequacy;selection_model_and_test_design
Wallemia__4977863at2759__code1	4	1683	4	270	True	none_recorded	unchanged_by_declared_fcs_omission	4	1.9604479229360732	False		not_established	saturation_and_identifiability;alignment_and_copy_adequacy;selection_model_and_test_design
Wallemia__4983000at2759__code1	4	1488	4	212	True	none_recorded	unchanged_by_declared_fcs_omission	4	3.5191235463806887	False		not_established	saturation_and_identifiability;alignment_and_copy_adequacy;selection_model_and_test_design
Wallemia__4985971at2759__code1	4	963	4	106	True	none_recorded	unchanged_by_declared_fcs_omission	4	1.1816006696473143	False		not_established	saturation_and_identifiability;alignment_and_copy_adequacy;selection_model_and_test_design
Wallemia__4986044at2759__code1	4	1425	4	189	True	requires_gene_copy_reconciliation_before_confirmatory_single_ortholog_analysis	unchanged_by_declared_fcs_omission	4	1.3936170861506907	False	copy_reconciliation_required	not_established	saturation_and_identifiability;alignment_and_copy_adequacy;selection_model_and_test_design
Wallemia__4987397at2759__code1	4	2505	4	297	True	none_recorded	unchanged_by_declared_fcs_omission	4	1.7914697102529324	False		not_established	saturation_and_identifiability;alignment_and_copy_adequacy;selection_model_and_test_design
Wallemia__4988239at2759__code1	4	2967	4	294	True	none_recorded	unchanged_by_declared_fcs_omission	4	1.110231503566167	False		not_established	saturation_and_identifiability;alignment_and_copy_adequacy;selection_model_and_test_design
Wallemia__4999134at2759__code1	4	6975	4	567	True	none_recorded	unchanged_by_declared_fcs_omission	4	0.8781445455710025	False		not_established	saturation_and_identifiability;alignment_and_copy_adequacy;selection_model_and_test_design
Wallemia__5000045at2759__code1	4	945	4	103	True	none_recorded	unchanged_by_declared_fcs_omission	4	1.405954997731761	False		not_established	saturation_and_identifiability;alignment_and_copy_adequacy;selection_model_and_test_design
Wallemia__5000152at2759__code1	4	3528	4	330	True	none_recorded	unchanged_by_declared_fcs_omission	4	1.0429917944720133	False		not_established	saturation_and_identifiability;alignment_and_copy_adequacy;selection_model_and_test_design
Wallemia__5000362at2759__code1	4	2667	4	282	True	none_recorded	unchanged_by_declared_fcs_omission	4	1.562974443143949	False		not_established	saturation_and_identifiability;alignment_and_copy_adequacy;selection_model_and_test_design
Wallemia__5000371at2759__code1	4	1203	4	184	True	none_recorded	unchanged_by_declared_fcs_omission	4	1.6346099670736804	False		not_established	saturation_and_identifiability;alignment_and_copy_adequacy;selection_model_and_test_design
Wallemia__5000452at2759__code1	4	798	4	151	True	none_recorded	unchanged_by_declared_fcs_omission	4	3.192929823381991	False		not_established	saturation_and_identifiability;alignment_and_copy_adequacy;selection_model_and_test_design
Wallemia__5000476at2759__code1	4	1149	4	209	True	none_recorded	unchanged_by_declared_fcs_omission	4	5.363095127655423	False		not_established	saturation_and_identifiability;alignment_and_copy_adequacy;selection_model_and_test_design
Wallemia__5000743at2759__code1	4	453	4	110	True	none_recorded	unchanged_by_declared_fcs_omission	4	4.137239016539107	False	near_zero_nucleotide_tree_edge	not_established	saturation_and_identifiability;alignment_and_copy_adequacy;selection_model_and_test_design
Wallemia__5000823at2759__code1	4	2670	4	292	True	none_recorded	unchanged_by_declared_fcs_omission	4	0.9247844694018726	False		not_established	saturation_and_identifiability;alignment_and_copy_adequacy;selection_model_and_test_design
Wallemia__5000870at2759__code1	4	2094	4	224	True	none_recorded	unchanged_by_declared_fcs_omission	4	2.093090513229119	False		not_established	saturation_and_identifiability;alignment_and_copy_adequacy;selection_model_and_test_design
Wallemia__5000986at2759__code1	4	1284	4	158	True	none_recorded	unchanged_by_declared_fcs_omission	4	1.4327807789081692	False		not_established	saturation_and_identifiability;alignment_and_copy_adequacy;selection_model_and_test_design
Wallemia__5001156at2759__code1	4	840	4	124	True	none_recorded	unchanged_by_declared_fcs_omission	4	1.8485379450801436	False		not_established	saturation_and_identifiability;alignment_and_copy_adequacy;selection_model_and_test_design
Wallemia__5001273at2759__code1	4	672	4	90	True	none_recorded	unchanged_by_declared_fcs_omission	4	1.943831361608055	False		not_established	saturation_and_identifiability;alignment_and_copy_adequacy;selection_model_and_test_design
Wallemia__5001280at2759__code1	4	2106	4	243	True	none_recorded	unchanged_by_declared_fcs_omission	4	1.461635071659491	False		not_established	saturation_and_identifiability;alignment_and_copy_adequacy;selection_model_and_test_design
Wallemia__5001318at2759__code1	4	1083	4	151	True	none_recorded	unchanged_by_declared_fcs_omission	4	2.7152790207500095	False		not_established	saturation_and_identifiability;alignment_and_copy_adequacy;selection_model_and_test_design
Wallemia__5001413at2759__code1	4	822	4	114	True	none_recorded	unchanged_by_declared_fcs_omission	4	2.9225122373772106	False		not_established	saturation_and_identifiability;alignment_and_copy_adequacy;selection_model_and_test_design
Wallemia__5001660at2759__code1	4	1884	4	164	True	none_recorded	unchanged_by_declared_fcs_omission	4	1.5425547217823925	False		not_established	saturation_and_identifiability;alignment_and_copy_adequacy;selection_model_and_test_design
Wallemia__5001734at2759__code1	4	561	4	48	True	none_recorded	unchanged_by_declared_fcs_omission	4	1.2245126563530015	False		not_established	saturation_and_identifiability;alignment_and_copy_adequacy;selection_model_and_test_design
Wallemia__5002334at2759__code1	4	798	4	96	True	none_recorded	unchanged_by_declared_fcs_omission	4	3.010057232762232	False		not_established	saturation_and_identifiability;alignment_and_copy_adequacy;selection_model_and_test_design
Wallemia__5003022at2759__code1	4	2349	4	378	True	none_recorded	unchanged_by_declared_fcs_omission	4	3.2524439975564743	False		not_established	saturation_and_identifiability;alignment_and_copy_adequacy;selection_model_and_test_design
Wallemia__5003192at2759__code1	4	1278	4	186	True	none_recorded	unchanged_by_declared_fcs_omission	4	6.504856443706994	False		not_established	saturation_and_identifiability;alignment_and_copy_adequacy;selection_model_and_test_design
Wallemia__5003205at2759__code1	4	3693	4	446	True	none_recorded	unchanged_by_declared_fcs_omission	4	1.6293743579029931	False		not_established	saturation_and_identifiability;alignment_and_copy_adequacy;selection_model_and_test_design
Wallemia__5003856at2759__code1	4	834	4	80	True	none_recorded	unchanged_by_declared_fcs_omission	4	1.3883244220244442	False		not_established	saturation_and_identifiability;alignment_and_copy_adequacy;selection_model_and_test_design
Wallemia__5003972at2759__code1	4	543	4	44	True	none_recorded	unchanged_by_declared_fcs_omission	4	1.1960503403456677	False		not_established	saturation_and_identifiability;alignment_and_copy_adequacy;selection_model_and_test_design
Wallemia__5004118at2759__code1	4	675	4	109	True	none_recorded	unchanged_by_declared_fcs_omission	4	1.933792393351911	False		not_established	saturation_and_identifiability;alignment_and_copy_adequacy;selection_model_and_test_design
Wallemia__5004327at2759__code1	4	2292	4	277	True	none_recorded	unchanged_by_declared_fcs_omission	4	2.6159725628122716	False		not_established	saturation_and_identifiability;alignment_and_copy_adequacy;selection_model_and_test_design
Wallemia__5004391at2759__code1	4	2694	4	270	True	none_recorded	unchanged_by_declared_fcs_omission	4	0.9406537514212419	False		not_established	saturation_and_identifiability;alignment_and_copy_adequacy;selection_model_and_test_design
Wallemia__5004478at2759__code1	4	1173	4	165	True	none_recorded	unchanged_by_declared_fcs_omission	4	2.764987032999272	False		not_established	saturation_and_identifiability;alignment_and_copy_adequacy;selection_model_and_test_design
Wallemia__5004599at2759__code1	4	1575	4	136	True	none_recorded	unchanged_by_declared_fcs_omission	4	28.181464296104107	False		not_established	saturation_and_identifiability;alignment_and_copy_adequacy;selection_model_and_test_design
Wallemia__5005174at2759__code1	4	651	4	70	True	none_recorded	unchanged_by_declared_fcs_omission	4	0.8809404693277202	False		not_established	saturation_and_identifiability;alignment_and_copy_adequacy;selection_model_and_test_design
Wallemia__5005215at2759__code1	4	1701	4	134	True	none_recorded	unchanged_by_declared_fcs_omission	4	1.2642887240779606	False		not_established	saturation_and_identifiability;alignment_and_copy_adequacy;selection_model_and_test_design
Wallemia__5005217at2759__code1	4	1263	4	164	True	none_recorded	unchanged_by_declared_fcs_omission	4	1.4315204922018383	False		not_established	saturation_and_identifiability;alignment_and_copy_adequacy;selection_model_and_test_design
Wallemia__5005274at2759__code1	4	894	4	115	True	none_recorded	unchanged_by_declared_fcs_omission	4	1.724816949829598	False		not_established	saturation_and_identifiability;alignment_and_copy_adequacy;selection_model_and_test_design
Wallemia__5005750at2759__code1	4	495	4	34	True	none_recorded	unchanged_by_declared_fcs_omission	4	1.0313216671992005	False		not_established	saturation_and_identifiability;alignment_and_copy_adequacy;selection_model_and_test_design
Wallemia__5005892at2759__code1	4	1098	4	122	True	none_recorded	unchanged_by_declared_fcs_omission	4	1.4952706674980476	False		not_established	saturation_and_identifiability;alignment_and_copy_adequacy;selection_model_and_test_design
Wallemia__5006326at2759__code1	4	1761	4	173	True	none_recorded	unchanged_by_declared_fcs_omission	4	2.6029784919542878	False		not_established	saturation_and_identifiability;alignment_and_copy_adequacy;selection_model_and_test_design
Wallemia__5006412at2759__code1	4	1563	4	200	True	none_recorded	unchanged_by_declared_fcs_omission	4	1.5769806575047685	False		not_established	saturation_and_identifiability;alignment_and_copy_adequacy;selection_model_and_test_design
Wallemia__5011777at2759__code1	4	1794	4	250	True	none_recorded	unchanged_by_declared_fcs_omission	4	2.088804278246539	False		not_established	saturation_and_identifiability;alignment_and_copy_adequacy;selection_model_and_test_design
Wallemia__5013067at2759__code1	4	975	4	100	True	none_recorded	unchanged_by_declared_fcs_omission	4	1.086865929850882	False	tree_parameter_boundary_warning	not_established	saturation_and_identifiability;alignment_and_copy_adequacy;selection_model_and_test_design
Wallemia__5013539at2759__code1	4	822	4	68	True	none_recorded	unchanged_by_declared_fcs_omission	4	0.9731368894294721	False		not_established	saturation_and_identifiability;alignment_and_copy_adequacy;selection_model_and_test_design
Wallemia__5013726at2759__code1	4	543	4	41	True	none_recorded	unchanged_by_declared_fcs_omission	4	0.9586671917557222	False		not_established	saturation_and_identifiability;alignment_and_copy_adequacy;selection_model_and_test_design
Wallemia__5013738at2759__code1	4	642	4	72	True	none_recorded	unchanged_by_declared_fcs_omission	4	1.4668077247443616	False		not_established	saturation_and_identifiability;alignment_and_copy_adequacy;selection_model_and_test_design
Wallemia__5013992at2759__code1	4	1689	4	105	True	none_recorded	unchanged_by_declared_fcs_omission	4	39.48318289451628	False	tree_nni_convergence_warning;near_zero_nucleotide_tree_edge	not_established	saturation_and_identifiability;alignment_and_copy_adequacy;selection_model_and_test_design
Wallemia__5014007at2759__code1	4	1656	4	195	True	none_recorded	unchanged_by_declared_fcs_omission	4	1.3062037360988943	False		not_established	saturation_and_identifiability;alignment_and_copy_adequacy;selection_model_and_test_design
Wallemia__5015403at2759__code1	4	804	4	67	True	none_recorded	unchanged_by_declared_fcs_omission	4	2.787118325192522	False		not_established	saturation_and_identifiability;alignment_and_copy_adequacy;selection_model_and_test_design
Wallemia__5015647at2759__code1	4	2466	4	234	True	none_recorded	unchanged_by_declared_fcs_omission	4	1.2190857982572754	False		not_established	saturation_and_identifiability;alignment_and_copy_adequacy;selection_model_and_test_design
Wallemia__5015712at2759__code1	4	1419	4	168	True	none_recorded	unchanged_by_declared_fcs_omission	4	1.3881431980180832	False		not_established	saturation_and_identifiability;alignment_and_copy_adequacy;selection_model_and_test_design
Wallemia__5015742at2759__code1	4	1401	4	168	True	none_recorded	unchanged_by_declared_fcs_omission	4	1.3418396013983591	False		not_established	saturation_and_identifiability;alignment_and_copy_adequacy;selection_model_and_test_design
Wallemia__5015876at2759__code1	4	936	4	143	True	none_recorded	unchanged_by_declared_fcs_omission	4	2.0593024635208845	False		not_established	saturation_and_identifiability;alignment_and_copy_adequacy;selection_model_and_test_design
Wallemia__5017019at2759__code1	4	1155	4	166	True	none_recorded	unchanged_by_declared_fcs_omission	4	1.873849146250543	False		not_established	saturation_and_identifiability;alignment_and_copy_adequacy;selection_model_and_test_design
Wallemia__5018803at2759__code1	4	2373	4	270	True	none_recorded	unchanged_by_declared_fcs_omission	4	1.3268283120339437	False		not_established	saturation_and_identifiability;alignment_and_copy_adequacy;selection_model_and_test_design
Wallemia__529759at2759__code1	4	732	4	59	True	none_recorded	unchanged_by_declared_fcs_omission	4	1.2284115657698664	False	tree_parameter_boundary_warning;near_zero_nucleotide_tree_edge	not_established	saturation_and_identifiability;alignment_and_copy_adequacy;selection_model_and_test_design
Wallemia__530014at2759__code1	4	2520	4	247	True	none_recorded	unchanged_by_declared_fcs_omission	4	1.286379097391127	False		not_established	saturation_and_identifiability;alignment_and_copy_adequacy;selection_model_and_test_design
Wallemia__530740at2759__code1	4	825	4	103	True	none_recorded	unchanged_by_declared_fcs_omission	4	1.6886253841909538	False		not_established	saturation_and_identifiability;alignment_and_copy_adequacy;selection_model_and_test_design
Wallemia__538728at2759__code1	4	1311	4	179	True	none_recorded	unchanged_by_declared_fcs_omission	4	2.9952109912657665	False		not_established	saturation_and_identifiability;alignment_and_copy_adequacy;selection_model_and_test_design
Wallemia__538952at2759__code1	4	1326	4	160	True	none_recorded	unchanged_by_declared_fcs_omission	4	1.9172553204244094	False		not_established	saturation_and_identifiability;alignment_and_copy_adequacy;selection_model_and_test_design
Wallemia__539632at2759__code1	4	888	4	129	True	none_recorded	unchanged_by_declared_fcs_omission	4	3.120627599227981	False		not_established	saturation_and_identifiability;alignment_and_copy_adequacy;selection_model_and_test_design
Wallemia__540946at2759__code1	4	1191	4	128	True	none_recorded	unchanged_by_declared_fcs_omission	4	1.7445423505237125	False		not_established	saturation_and_identifiability;alignment_and_copy_adequacy;selection_model_and_test_design
Wallemia__541070at2759__code1	4	543	4	111	True	none_recorded	unchanged_by_declared_fcs_omission	4	3.335425822912146	False		not_established	saturation_and_identifiability;alignment_and_copy_adequacy;selection_model_and_test_design
Wallemia__554735at2759__code1	4	750	4	66	True	none_recorded	unchanged_by_declared_fcs_omission	4	1.0115951979260387	False		not_established	saturation_and_identifiability;alignment_and_copy_adequacy;selection_model_and_test_design
Wallemia__649304at2759__code1	4	849	4	147	True	none_recorded	unchanged_by_declared_fcs_omission	4	2.8229403858129793	False		not_established	saturation_and_identifiability;alignment_and_copy_adequacy;selection_model_and_test_design
Wallemia__707076at2759__code1	4	795	4	116	True	none_recorded	unchanged_by_declared_fcs_omission	4	4.3582454058314415	False		not_established	saturation_and_identifiability;alignment_and_copy_adequacy;selection_model_and_test_design
Wallemia__707202at2759__code1	4	1053	4	124	True	none_recorded	unchanged_by_declared_fcs_omission	4	2.1204642805021567	False		not_established	saturation_and_identifiability;alignment_and_copy_adequacy;selection_model_and_test_design
Wallemia__727964at2759__code1	4	1158	4	136	True	none_recorded	unchanged_by_declared_fcs_omission	4	2.7648675038062027	False		not_established	saturation_and_identifiability;alignment_and_copy_adequacy;selection_model_and_test_design
Wallemia__730114at2759__code1	4	1575	4	198	True	none_recorded	unchanged_by_declared_fcs_omission	4	3.0295747412111607	False		not_established	saturation_and_identifiability;alignment_and_copy_adequacy;selection_model_and_test_design
Wallemia__776280at2759__code1	4	822	4	90	True	none_recorded	unchanged_by_declared_fcs_omission	4	1.175009502969147	False		not_established	saturation_and_identifiability;alignment_and_copy_adequacy;selection_model_and_test_design
Wallemia__801816at2759__code1	4	534	4	79	True	none_recorded	unchanged_by_declared_fcs_omission	4	8.457881459824485	False		not_established	saturation_and_identifiability;alignment_and_copy_adequacy;selection_model_and_test_design
