taxon_id	species_name	study_role	assembly_accession	match_status	queried_genus	source_genus	source_rank	source_record_id	source_excel_rows	source_doi	source_phylum	source_class	source_family	taxon_identity_flags	source_genus_comment_present	source_lifestyle_comment_present	species_verified	eligible_for_confirmatory_tests	candidate_primary_lifestyle	candidate_secondary_lifestyle	candidate_endophytic_capability	candidate_plant_pathogenic_capacity	candidate_decay_substrate	candidate_decay_type	candidate_aquatic_habitat	candidate_animal_biotrophic_capacity	candidate_growth_form	candidate_fruitbody_type
F1498855	Amoeboaphelidium occidentale	ingroup	GCA_023515795.1	genus_candidate_requires_species_verification	Amoeboaphelidium	Amoeboaphelidium	genus	jrk00300	879	https://doi.org/10.1007/s13225-020-00466-2	Aphelidiomycota	Aphelidiomycetes	Aphelidiales family incertae sedis		False	False	False	False	algal_parasite		no_endophytic_capacity	algal_parasite	algal_material		partly_aquatic		zoosporic-plasmodium_(aphelid)	none
F1243177	Amoeboaphelidium protococcarum	ingroup	GCA_023515745.1	genus_candidate_requires_species_verification	Amoeboaphelidium	Amoeboaphelidium	genus	jrk00300	879	https://doi.org/10.1007/s13225-020-00466-2	Aphelidiomycota	Aphelidiomycetes	Aphelidiales family incertae sedis		False	False	False	False	algal_parasite		no_endophytic_capacity	algal_parasite	algal_material		partly_aquatic		zoosporic-plasmodium_(aphelid)	none
F2871812	Acarospora aff. strigata	ingroup	GCA_022814355.1	genus_candidate_requires_species_verification	Acarospora	Acarospora	genus	jrk00044	4481	https://doi.org/10.1007/s13225-020-00466-2	Ascomycota	Lecanoromycetes	Acarosporaceae	incompletely_identified_species_label	False	False	False	False	lichenized						non-aquatic		thallus_photosynthetic	apothecium_(hymenium_on_surface)
F318763	Pleopsidium flavum	ingroup	GCA_026027315.1	genus_candidate_requires_species_verification	Pleopsidium	Pleopsidium	genus	jrk06739	4487	https://doi.org/10.1007/s13225-020-00466-2	Ascomycota	Lecanoromycetes	Acarosporaceae		False	False	False	False	lichenized						non-aquatic		thallus_photosynthetic	apothecium_(hymenium_on_surface)
F470096	Pseudovirgaria hyperparasitica	ingroup	GCF_010093815.1	genus_candidate_requires_species_verification	Pseudovirgaria	Pseudovirgaria	genus	jrk07248	438	https://doi.org/10.1007/s13225-020-00466-2	Ascomycota	Dothideomycetes	Acrospermaceae		False	True	False	False	mycoparasite	fungal_decomposer			fungal_material		non-aquatic		filamentous_mycelium	perithecium_(hymenium_hidden,_narrow_opening)
F4918	Pachysolen tannophilus	ingroup	GCA_001661245.1	genus_candidate_requires_species_verification	Pachysolen	Pachysolen	genus	jrk06016	6072	https://doi.org/10.1007/s13225-020-00466-2	Ascomycota	Saccharomycetes	Pichiaceae		False	False	False	False	nectar/tap_saprotroph				sugar-rich_substrates		non-aquatic	arthropod-associated	yeast	none
F1658444	Neoarthrinium moseri	ingroup	GCF_022829205.1	no_exact_genus_match	Neoarthrinium										False	False	False	False										
F393283	Pestalotiopsis fici	ingroup	GCF_000516985.1	genus_candidate_requires_species_verification	Pestalotiopsis	Pestalotiopsis	genus	jrk06332	6206	https://doi.org/10.1007/s13225-020-00466-2	Ascomycota	Sordariomycetes	Sporocadaceae		False	False	False	False	plant_pathogen			leaf/fruit/seed_pathogen			partly_aquatic		filamentous_mycelium	perithecium_(hymenium_hidden,_narrow_opening)
F1141098	Pseudomassariella vexata	ingroup	GCF_002105095.1	genus_candidate_requires_species_verification	Pseudomassariella	Pseudomassariella	genus	jrk10075	6190	https://doi.org/10.1007/s13225-020-00466-2	Ascomycota	Sordariomycetes	Pseudomassariaceae		False	False	False	False	unspecified_saprotroph						non-aquatic		filamentous_mycelium	perithecium_(hymenium_hidden,_narrow_opening)
F91480	Alyxoria varia	ingroup	GCA_026054675.1	genus_candidate_requires_species_verification	Alyxoria	Alyxoria	genus	jrk00261	907	https://doi.org/10.1007/s13225-020-00466-2	Ascomycota	Arthoniomycetes	Lecanographaceae		False	False	False	False	lichenized						non-aquatic		thallus_photosynthetic	apothecium_(hymenium_on_surface)
F2939400	Chrysothrix sp. TS-e1954	ingroup	GCA_026023555.1	genus_candidate_requires_species_verification	Chrysothrix	Chrysothrix	genus	jrk01747	905	https://doi.org/10.1007/s13225-020-00466-2	Ascomycota	Arthoniomycetes	Chrysotrichaceae	incompletely_identified_species_label	False	False	False	False	lichenized						non-aquatic		thallus_photosynthetic	apothecium_(hymenium_on_surface)
F1542792	Coniocarpon cinnabarinum	ingroup	GCA_051942205.1	genus_candidate_requires_species_verification	Coniocarpon	Coniocarpon	genus	jrk02008	889	https://doi.org/10.1007/s13225-020-00466-2	Ascomycota	Arthoniomycetes	Arthoniaceae		False	False	False	False	lichenized						non-aquatic		thallus_photosynthetic	apothecium_(hymenium_on_surface)
F54195	Ascoidea rubescens	ingroup	GCF_001661345.1	genus_candidate_requires_species_verification	Ascoidea	Ascoidea	genus	jrk00665	6027	https://doi.org/10.1007/s13225-020-00466-2	Ascomycota	Saccharomycetes	Ascoideaceae		False	False	False	False	nectar/tap_saprotroph				sugar-rich_substrates		non-aquatic	arthropod-associated	yeast	none
F43959	Saccharomycopsis crataegensis	ingroup	GCF_037102585.1	genus_candidate_requires_species_verification	Saccharomycopsis	Saccharomycopsis	genus	jrk07743	6123	https://doi.org/10.1007/s13225-020-00466-2	Ascomycota	Saccharomycetes	Saccharomycopsidaceae		False	False	False	False	nectar/tap_saprotroph	animal_parasite			animal_material,sugar-rich_substrates		partly_aquatic	arthropod-associated	yeast	none
F1176130	Aulographum hederae	ingroup	GCA_010015705.1	genus_candidate_requires_species_verification	Aulographum	Aulographum	genus	jrk00787	2797	https://doi.org/10.1007/s13225-020-00466-2	Ascomycota	Dothideomycetes	Aulographaceae		False	False	False	False	litter_saprotroph				leaf/fruit/seed		non-aquatic		filamentous_mycelium	thyrothecium_(tiny_flattened_disc,_aperture_in_the_middle)
F1504668	Rhizodiscina lignyota	ingroup	GCA_010015805.1	genus_candidate_requires_species_verification	Rhizodiscina	Rhizodiscina	genus	jrk07555	3284	https://doi.org/10.1007/s13225-020-00466-2	Ascomycota	Dothideomycetes	Patellariaceae		False	False	False	False	wood_saprotroph		no_endophytic_capacity		wood		non-aquatic		filamentous_mycelium	apothecium_(hymenium_on_surface)
F1397036	Lambiella insularis	ingroup	GCA_022814265.1	genus_candidate_requires_species_verification	Lambiella	Lambiella	genus	jrk04447	4523	https://doi.org/10.1007/s13225-020-00466-2	Ascomycota	Lecanoromycetes	Xylographaceae		False	True	False	False	lichenized						non-aquatic		thallus_photosynthetic	apothecium_(hymenium_on_surface)
F223409	Ptychographa xylographoides	ingroup	GCA_022814105.1	genus_candidate_requires_species_verification	Ptychographa	Ptychographa	genus	jrk07291	4525	https://doi.org/10.1007/s13225-020-00466-2	Ascomycota	Lecanoromycetes	Xylographaceae		False	False	False	False	lichenized						non-aquatic		thallus_photosynthetic	apothecium_(hymenium_on_surface)
F1590129	Xylographa bjoerkii	ingroup	GCA_022813905.1	genus_candidate_requires_species_verification	Xylographa	Xylographa	genus	jrk09488	4526	https://doi.org/10.1007/s13225-020-00466-2	Ascomycota	Lecanoromycetes	Xylographaceae		False	False	False	False	lichenized						non-aquatic		thallus_photosynthetic	apothecium_(hymenium_on_surface)
F462254	Aplosporella prunicola	ingroup	GCF_010093885.1	genus_candidate_requires_species_verification	Aplosporella	Aplosporella	genus	jrk00507	2390	https://doi.org/10.1007/s13225-020-00466-2	Ascomycota	Dothideomycetes	Aplosporellaceae		False	False	False	False	plant_pathogen	litter_saprotroph		leaf/fruit/seed_pathogen	leaf/fruit/seed		non-aquatic		filamentous_mycelium	
F236234	Diplodia corticola	ingroup	GCF_001883845.1	genus_candidate_requires_species_verification	Diplodia	Diplodia	genus	jrk02673	2401	https://doi.org/10.1007/s13225-020-00466-2	Ascomycota	Dothideomycetes	Botryosphaeriaceae		False	False	False	False	plant_pathogen	litter_saprotroph		leaf/fruit/seed_pathogen	leaf/fruit/seed		partly_aquatic		filamentous_mycelium	
F121624	Phyllosticta capitalensis	ingroup	GCF_038381095.1	genus_candidate_requires_species_verification	Phyllosticta	Phyllosticta	genus	jrk06582	2439	https://doi.org/10.1007/s13225-020-00466-2	Ascomycota	Dothideomycetes	Phyllostictaceae		False	False	False	False	plant_pathogen	litter_saprotroph	foliar_endophyte	leaf/fruit/seed_pathogen	leaf/fruit/seed	soft_rot	non-aquatic		filamentous_mycelium	
F3058885	Dirinaria sp. TL-2023a	ingroup	GCA_051941275.1	genus_candidate_requires_species_verification	Dirinaria	Dirinaria	genus	jrk02698	4546	https://doi.org/10.1007/s13225-020-00466-2	Ascomycota	Lecanoromycetes	Caliciaceae	incompletely_identified_species_label	False	False	False	False	lichenized						non-aquatic		thallus_photosynthetic	apothecium_(hymenium_on_surface)
F116794	Heterodermia speciosa	ingroup	GCA_905337345.1	genus_candidate_requires_species_verification	Heterodermia	Heterodermia	genus	jrk03840	4567	https://doi.org/10.1007/s13225-020-00466-2	Ascomycota	Lecanoromycetes	Physciaceae		False	False	False	False	lichenized						non-aquatic		thallus_photosynthetic	apothecium_(hymenium_on_surface)
F116821	Physcia stellaris	ingroup	GCA_018902385.1	genus_candidate_requires_species_verification	Physcia	Physcia	genus	jrk06591	4576	https://doi.org/10.1007/s13225-020-00466-2	Ascomycota	Lecanoromycetes	Physciaceae		False	False	False	False	lichenized						non-aquatic		thallus_photosynthetic	apothecium_(hymenium_on_surface)
F41990	Pleurostoma richardsiae	ingroup	GCA_030052745.1	genus_candidate_requires_species_verification	Pleurostoma	Pleurostoma	genus	jrk06769	6258	https://doi.org/10.1007/s13225-020-00466-2	Ascomycota	Sordariomycetes	Pleurostomataceae		False	False	False	False	wood_saprotroph				wood		non-aquatic		filamentous_mycelium	perithecium_(hymenium_hidden,_narrow_opening)
F460848	Candelaria pacifica	ingroup	GCA_026023815.1	genus_candidate_requires_species_verification	Candelaria	Candelaria	genus	jrk01398	2352	https://doi.org/10.1007/s13225-020-00466-2	Ascomycota	Candelariomycetes	Candelariaceae		False	False	False	False	lichenized						non-aquatic		thallus_photosynthetic	apothecium_(hymenium_on_surface)
F460854	Candelina submexicana	ingroup	GCA_026023795.1	genus_candidate_requires_species_verification	Candelina	Candelina	genus	jrk01400	2354	https://doi.org/10.1007/s13225-020-00466-2	Ascomycota	Candelariomycetes	Candelariaceae		False	False	False	False	lichenized						non-aquatic		thallus_photosynthetic	apothecium_(hymenium_on_surface)
F1453791	Pycnora praestabilis	ingroup	GCA_026026765.1	genus_candidate_requires_species_verification	Pycnora	Pycnora	genus	jrk07339	2357	https://doi.org/10.1007/s13225-020-00466-2	Ascomycota	Candelariomycetes	Pycnoraceae		False	False	False	False	lichenized						non-aquatic		thallus_photosynthetic	apothecium_(hymenium_on_surface)
F147573	Piedraia hortae	ingroup	GCA_010093745.1	genus_candidate_requires_species_verification	Piedraia	Piedraia	genus	jrk06612	2683	https://doi.org/10.1007/s13225-020-00466-2	Ascomycota	Dothideomycetes	Piedraiaceae		False	False	False	False	animal_parasite	animal_decomposer			animal_material		non-aquatic	animal_parasite	filamentous_mycelium	perithecium_(hymenium_hidden,_narrow_opening)
F705562	Polychaeton citri	ingroup	GCA_010093785.1	genus_candidate_requires_species_verification	Polychaeton	Polychaeton	genus	jrk09667	2461	https://doi.org/10.1007/s13225-020-00466-2	Ascomycota	Dothideomycetes	Capnodiaceae		False	False	False	False	sooty_mold	litter_saprotroph			leaf/fruit/seed,sugar-rich_substrates		non-aquatic		filamentous_mycelium	perithecium_(hymenium_hidden,_narrow_opening)
F1093897	Phialemonium atrogriseum	ingroup	GCF_030411735.1	genus_candidate_requires_species_verification	Phialemonium	Phialemonium	genus	jrk06478	6263	https://doi.org/10.1007/s13225-020-00466-2	Ascomycota	Sordariomycetes	Cephalothecaceae		False	False	False	False	animal_parasite	animal_decomposer			animal_material		partly_aquatic	animal_parasite	filamentous_mycelium	none
F223376	Phialemonium thermophilum	ingroup	GCA_042366435.1	genus_candidate_requires_species_verification	Phialemonium	Phialemonium	genus	jrk06478	6263	https://doi.org/10.1007/s13225-020-00466-2	Ascomycota	Sordariomycetes	Cephalothecaceae		False	False	False	False	animal_parasite	animal_decomposer			animal_material		partly_aquatic	animal_parasite	filamentous_mycelium	none
F1506992	Thozetella sp. PMI_491	ingroup	GCA_021432635.1	genus_candidate_requires_species_verification	Thozetella	Thozetella	genus	jrk08815	6313	https://doi.org/10.1007/s13225-020-00466-2	Ascomycota	Sordariomycetes	Chaetosphaeriaceae	incompletely_identified_species_label	False	False	False	False	litter_saprotroph				leaf/fruit/seed		non-aquatic		filamentous_mycelium	none
F293227	Cyphellophora europaea	ingroup	GCF_000365145.1	genus_candidate_requires_species_verification	Cyphellophora	Cyphellophora	genus	jrk02322	4057	https://doi.org/10.1007/s13225-020-00466-2	Ascomycota	Eurotiomycetes	Cyphellophoraceae		False	False	False	False	litter_saprotroph	animal_parasite			leaf/fruit/seed,animal_material		non-aquatic	animal_parasite/opportunistic_human_parasite	dimorphic_yeast	none
F2486360	Exophiala viscosa	ingroup	GCF_022695815.1	genus_candidate_requires_species_verification	Exophiala	Exophiala	genus	jrk03104	4068	https://doi.org/10.1007/s13225-020-00466-2	Ascomycota	Eurotiomycetes	Herpotrichiellaceae		False	False	False	False	animal_parasite	litter_saprotroph	root_endophyte_dark_septate	root-associated	leaf/fruit/seed,animal_material		partly_aquatic	animal_parasite/opportunistic_human_parasite	dimorphic_yeast	
F1690604	Lithohypha guttulata	ingroup	GCF_036872675.1	genus_candidate_requires_species_verification	Lithohypha	Lithohypha	genus	jrk04746	4094	https://doi.org/10.1007/s13225-020-00466-2	Ascomycota	Eurotiomycetes	Trichomeriaceae		False	False	False	False	unspecified_saprotroph	rock-inhabiting			soil		non-aquatic			
F1052096	Cladosporium halotolerans	ingroup	GCF_011745625.1	genus_candidate_requires_species_verification	Cladosporium	Cladosporium	genus	jrk01811	2486	https://doi.org/10.1007/s13225-020-00466-2	Ascomycota	Dothideomycetes	Cladosporiaceae		False	True	False	False	litter_saprotroph	plant_pathogen	foliar_endophyte	leaf/fruit/seed_pathogen	wood,leaf/fruit/seed,soil,dung,animal_material		partly_aquatic	animal_parasite	filamentous_mycelium	perithecium_(hymenium_hidden,_narrow_opening)
F1507870	Cryoendolithus antarcticus	ingroup	GCA_002077065.1	no_exact_genus_match	Cryoendolithus										False	False	False	False										
F1507873	Rachicladosporium monterosium	ingroup	GCA_035927975.1	genus_candidate_requires_species_verification	Rachicladosporium	Rachicladosporium	genus	jrk07405	2492	https://doi.org/10.1007/s13225-020-00466-2	Ascomycota	Dothideomycetes	Cladosporiaceae		False	False	False	False	litter_saprotroph				leaf/fruit/seed		non-aquatic		filamentous_mycelium	perithecium_(hymenium_hidden,_narrow_opening)
F91930	Coniochaeta hoffmannii	ingroup	GCA_055755465.1	genus_candidate_requires_species_verification	Coniochaeta	Coniochaeta	genus	jrk02010	6336	https://doi.org/10.1007/s13225-020-00466-2	Ascomycota	Sordariomycetes	Coniochaetaceae		False	True	False	False	unspecified_saprotroph	foliar_endophyte	foliar_endophyte	leaf/fruit/seed_pathogen	leaf/fruit/seed,soil,dung,animal_material		non-aquatic	animal_parasite	filamentous_mycelium	cleistothecium_(closed,_spherical)
F177197	Coniochaeta ligniaria	ingroup	GCA_001879275.1	genus_candidate_requires_species_verification	Coniochaeta	Coniochaeta	genus	jrk02010	6336	https://doi.org/10.1007/s13225-020-00466-2	Ascomycota	Sordariomycetes	Coniochaetaceae		False	True	False	False	unspecified_saprotroph	foliar_endophyte	foliar_endophyte	leaf/fruit/seed_pathogen	leaf/fruit/seed,soil,dung,animal_material		non-aquatic	animal_parasite	filamentous_mycelium	cleistothecium_(closed,_spherical)
F177199	Coniochaeta pulveracea	ingroup	GCA_003635345.1	genus_candidate_requires_species_verification	Coniochaeta	Coniochaeta	genus	jrk02010	6336	https://doi.org/10.1007/s13225-020-00466-2	Ascomycota	Sordariomycetes	Coniochaetaceae		False	True	False	False	unspecified_saprotroph	foliar_endophyte	foliar_endophyte	leaf/fruit/seed_pathogen	leaf/fruit/seed,soil,dung,animal_material		non-aquatic	animal_parasite	filamentous_mycelium	cleistothecium_(closed,_spherical)
F164576	Chaenotheca gracillima	ingroup	GCA_026023695.1	genus_candidate_requires_species_verification	Chaenotheca	Chaenotheca	genus	jrk01599	2359	https://doi.org/10.1007/s13225-020-00466-2	Ascomycota	Coniocybomycetes	Coniocybaceae		False	False	False	False	lichenized						non-aquatic		thallus_photosynthetic	mazaedium_(pushpin-like)
F2939403	Sclerophora amabilis	ingroup	GCA_026025825.1	genus_candidate_requires_species_verification	Sclerophora	Sclerophora	genus	jrk07892	2356	https://doi.org/10.1007/s13225-020-00466-2	Ascomycota	Candelariomycetes	Candelariaceae		False	False	False	False	lichenized						non-aquatic		thallus_photosynthetic	mazaedium_(pushpin-like)
F5116	Cryphonectria parasitica	ingroup	GCF_011745365.1	genus_candidate_requires_species_verification	Cryphonectria	Cryphonectria	genus	jrk02182	6410	https://doi.org/10.1007/s13225-020-00466-2	Ascomycota	Sordariomycetes	Cryphonectriaceae		False	False	False	False	plant_pathogen	litter_saprotroph		leaf/fruit/seed_pathogen	leaf/fruit/seed		non-aquatic		filamentous_mycelium	perithecium_(hymenium_hidden,_narrow_opening)
F1214568	Diaporthe amygdali	ingroup	GCF_026229845.1	genus_candidate_requires_species_verification	Diaporthe	Diaporthe	genus	jrk02536	6434	https://doi.org/10.1007/s13225-020-00466-2	Ascomycota	Sordariomycetes	Diaporthaceae		False	False	False	False	plant_pathogen	litter_saprotroph	foliar_endophyte	leaf/fruit/seed_pathogen	leaf/fruit/seed		partly_aquatic		filamentous_mycelium	perithecium_(hymenium_hidden,_narrow_opening)
F148313	Discula destructiva	ingroup	GCA_965644035.1	genus_candidate_requires_species_verification	Discula	Discula	genus	jrk09968	6511	https://doi.org/10.1007/s13225-020-00466-2	Ascomycota	Sordariomycetes	Gnomoniaceae		False	False	False	False	plant_pathogen			leaf/fruit/seed_pathogen		soft_rot	non-aquatic		filamentous_mycelium	
F2268995	Blastobotrys vanleenenianus	ingroup	GCF_965637985.1	genus_candidate_requires_species_verification	Blastobotrys	Blastobotrys	genus	jrk01059	6124	https://doi.org/10.1007/s13225-020-00466-2	Ascomycota	Saccharomycetes	Trichomonascaceae		False	False	False	False	nectar/tap_saprotroph				sugar-rich_substrates		partly_aquatic	animal-associated	yeast	none
F2606893	Magnusiomyces paraingens	ingroup	GCF_902498895.1	genus_candidate_requires_species_verification	Magnusiomyces	Magnusiomyces	genus	jrk04881	6047	https://doi.org/10.1007/s13225-020-00466-2	Ascomycota	Saccharomycetes	Dipodascaceae		False	False	False	False	animal_parasite	nectar/tap_saprotroph			animal_material,sugar-rich_substrates		non-aquatic	opportunistic_human_parasite	yeast	none
F796027	Sugiyamaella lignohabitans	ingroup	GCF_001640025.1	genus_candidate_requires_species_verification	Sugiyamaella	Sugiyamaella	genus	jrk08506	6129	https://doi.org/10.1007/s13225-020-00466-2	Ascomycota	Saccharomycetes	Trichomonascaceae		False	False	False	False	animal_endosymbiont	nectar/tap_saprotroph			sugar-rich_substrates		non-aquatic	animal_endosymbiont	yeast	none
F5580	Aureobasidium pullulans	ingroup	GCF_000721785.1	genus_candidate_requires_species_verification	Aureobasidium	Aureobasidium	genus	jrk00798	2783	https://doi.org/10.1007/s13225-020-00466-2	Ascomycota	Dothideomycetes	Saccotheciaceae		False	True	False	False	sooty_mold	litter_saprotroph	foliar_endophyte	leaf/fruit/seed_pathogen	leaf/fruit/seed,roots,animal_material,sugar-rich_substrates		partly_aquatic	animal_parasite	dimorphic_yeast	
F2781224	Neodothiora populina	ingroup	GCF_041146345.1	no_exact_genus_match	Neodothiora										False	False	False	False										
F2024903	Zalaria obscura	ingroup	GCA_024184665.2	genus_candidate_requires_species_verification	Zalaria	Zalaria	genus	jrk08579	2792	https://doi.org/10.1007/s13225-020-00466-2	Ascomycota	Dothideomycetes	Zalariaceae		False	False	False	False	unspecified_saprotroph		no_endophytic_capacity				non-aquatic		yeast	
F1341166	Eremomyces bilateralis	ingroup	GCF_010015585.1	genus_candidate_requires_species_verification	Eremomyces	Eremomyces	genus	jrk03013	3087	https://doi.org/10.1007/s13225-020-00466-2	Ascomycota	Dothideomycetes	Eremomycetaceae		False	False	False	False	soil_saprotroph	dung_saprotroph	no_endophytic_capacity		soil,dung		non-aquatic		filamentous_mycelium	perithecium_(hymenium_hidden,_narrow_opening)
F182096	Aspergillus chevalieri	ingroup	GCF_016861735.1	genus_candidate_requires_species_verification	Aspergillus	Aspergillus	genus	jrk00692	4108	https://doi.org/10.1007/s13225-020-00466-2	Ascomycota	Eurotiomycetes	Aspergillaceae		False	True	False	False	unspecified_saprotroph	foliar_endophyte	foliar_endophyte		leaf/fruit/seed,soil,dung,animal_material	mold	partly_aquatic	animal_parasite/opportunistic_human_parasite	filamentous_mycelium	
F5059	Aspergillus flavus	ingroup	GCF_009017415.1	genus_candidate_requires_species_verification	Aspergillus	Aspergillus	genus	jrk00692	4108	https://doi.org/10.1007/s13225-020-00466-2	Ascomycota	Eurotiomycetes	Aspergillaceae		False	True	False	False	unspecified_saprotroph	foliar_endophyte	foliar_endophyte		leaf/fruit/seed,soil,dung,animal_material	mold	partly_aquatic	animal_parasite/opportunistic_human_parasite	filamentous_mycelium	
F746128	Aspergillus fumigatus	ingroup	GCF_000002655.1	genus_candidate_requires_species_verification	Aspergillus	Aspergillus	genus	jrk00692	4108	https://doi.org/10.1007/s13225-020-00466-2	Ascomycota	Eurotiomycetes	Aspergillaceae		False	True	False	False	unspecified_saprotroph	foliar_endophyte	foliar_endophyte		leaf/fruit/seed,soil,dung,animal_material	mold	partly_aquatic	animal_parasite/opportunistic_human_parasite	filamentous_mycelium	
F1069201	Aspergillus luchuensis	ingroup	GCF_016861625.1	genus_candidate_requires_species_verification	Aspergillus	Aspergillus	genus	jrk00692	4108	https://doi.org/10.1007/s13225-020-00466-2	Ascomycota	Eurotiomycetes	Aspergillaceae		False	True	False	False	unspecified_saprotroph	foliar_endophyte	foliar_endophyte		leaf/fruit/seed,soil,dung,animal_material	mold	partly_aquatic	animal_parasite/opportunistic_human_parasite	filamentous_mycelium	
F41759	Aspergillus multicolor	ingroup	GCF_047715735.1	genus_candidate_requires_species_verification	Aspergillus	Aspergillus	genus	jrk00692	4108	https://doi.org/10.1007/s13225-020-00466-2	Ascomycota	Eurotiomycetes	Aspergillaceae		False	True	False	False	unspecified_saprotroph	foliar_endophyte	foliar_endophyte		leaf/fruit/seed,soil,dung,animal_material	mold	partly_aquatic	animal_parasite/opportunistic_human_parasite	filamentous_mycelium	
F162425	Aspergillus nidulans	ingroup	GCF_000011425.1	genus_candidate_requires_species_verification	Aspergillus	Aspergillus	genus	jrk00692	4108	https://doi.org/10.1007/s13225-020-00466-2	Ascomycota	Eurotiomycetes	Aspergillaceae		False	True	False	False	unspecified_saprotroph	foliar_endophyte	foliar_endophyte		leaf/fruit/seed,soil,dung,animal_material	mold	partly_aquatic	animal_parasite/opportunistic_human_parasite	filamentous_mycelium	
F5062	Aspergillus oryzae	ingroup	GCF_000184455.2	genus_candidate_requires_species_verification	Aspergillus	Aspergillus	genus	jrk00692	4108	https://doi.org/10.1007/s13225-020-00466-2	Ascomycota	Eurotiomycetes	Aspergillaceae		False	True	False	False	unspecified_saprotroph	foliar_endophyte	foliar_endophyte		leaf/fruit/seed,soil,dung,animal_material	mold	partly_aquatic	animal_parasite/opportunistic_human_parasite	filamentous_mycelium	
F1220207	Aspergillus puulaauensis	ingroup	GCF_016861865.1	genus_candidate_requires_species_verification	Aspergillus	Aspergillus	genus	jrk00692	4108	https://doi.org/10.1007/s13225-020-00466-2	Ascomycota	Eurotiomycetes	Aspergillaceae		False	True	False	False	unspecified_saprotroph	foliar_endophyte	foliar_endophyte		leaf/fruit/seed,soil,dung,animal_material	mold	partly_aquatic	animal_parasite/opportunistic_human_parasite	filamentous_mycelium	
F1810926	Aspergillus stella-maris	ingroup	GCF_047715825.1	genus_candidate_requires_species_verification	Aspergillus	Aspergillus	genus	jrk00692	4108	https://doi.org/10.1007/s13225-020-00466-2	Ascomycota	Eurotiomycetes	Aspergillaceae		False	True	False	False	unspecified_saprotroph	foliar_endophyte	foliar_endophyte		leaf/fruit/seed,soil,dung,animal_material	mold	partly_aquatic	animal_parasite/opportunistic_human_parasite	filamentous_mycelium	
F1810928	Aspergillus undulatus	ingroup	GCF_047715775.1	genus_candidate_requires_species_verification	Aspergillus	Aspergillus	genus	jrk00692	4108	https://doi.org/10.1007/s13225-020-00466-2	Ascomycota	Eurotiomycetes	Aspergillaceae		False	True	False	False	unspecified_saprotroph	foliar_endophyte	foliar_endophyte		leaf/fruit/seed,soil,dung,animal_material	mold	partly_aquatic	animal_parasite/opportunistic_human_parasite	filamentous_mycelium	
F315204	Geoglossum umbratile	ingroup	GCA_026024515.1	genus_candidate_requires_species_verification	Geoglossum	Geoglossum	genus	jrk03376	837	https://doi.org/10.1007/s13225-020-00466-2	Ascomycota	Geoglossomycetes	Geoglossaceae		False	True	False	False	soil_saprotroph	unspecified_symbiotroph	root-associated	root-associated	roots,soil		non-aquatic		filamentous_mycelium	clavarioid
F1670608	Glutinoglossum americanum	ingroup	GCA_020080175.1	genus_candidate_requires_species_verification	Glutinoglossum	Glutinoglossum	genus	jrk03484	838	https://doi.org/10.1007/s13225-020-00466-2	Ascomycota	Geoglossomycetes	Geoglossaceae		False	True	False	False	soil_saprotroph	unspecified_symbiotroph	root-associated	root-associated	roots,soil		non-aquatic		filamentous_mycelium	clavarioid
F265104	Trichoglossum hirsutum	ingroup	GCA_026026815.1	genus_candidate_requires_species_verification	Trichoglossum	Trichoglossum	genus	jrk08983	844	https://doi.org/10.1007/s13225-020-00466-2	Ascomycota	Geoglossomycetes	Geoglossaceae		False	True	False	False	soil_saprotroph	unspecified_symbiotroph	root-associated	root-associated	roots,soil		non-aquatic		filamentous_mycelium	clavarioid
F1671311	Colletotrichum abscissum	ingroup	GCF_030869225.1	genus_candidate_requires_species_verification	Colletotrichum	Colletotrichum	genus	jrk01963	6636	https://doi.org/10.1007/s13225-020-00466-2	Ascomycota	Sordariomycetes	Glomerellaceae		False	False	False	False	plant_pathogen	litter_saprotroph	foliar_endophyte	leaf/fruit/seed_pathogen	leaf/fruit/seed				filamentous_mycelium	perithecium_(hymenium_hidden,_narrow_opening)
F1209916	Colletotrichum costaricense	ingroup	GCF_030867565.1	genus_candidate_requires_species_verification	Colletotrichum	Colletotrichum	genus	jrk01963	6636	https://doi.org/10.1007/s13225-020-00466-2	Ascomycota	Sordariomycetes	Glomerellaceae		False	False	False	False	plant_pathogen	litter_saprotroph	foliar_endophyte	leaf/fruit/seed_pathogen	leaf/fruit/seed				filamentous_mycelium	perithecium_(hymenium_hidden,_narrow_opening)
F34406	Colletotrichum destructivum	ingroup	GCF_034447905.1	genus_candidate_requires_species_verification	Colletotrichum	Colletotrichum	genus	jrk01963	6636	https://doi.org/10.1007/s13225-020-00466-2	Ascomycota	Sordariomycetes	Glomerellaceae		False	False	False	False	plant_pathogen	litter_saprotroph	foliar_endophyte	leaf/fruit/seed_pathogen	leaf/fruit/seed				filamentous_mycelium	perithecium_(hymenium_hidden,_narrow_opening)
F710243	Colletotrichum fioriniae	ingroup	GCF_027942845.1	genus_candidate_requires_species_verification	Colletotrichum	Colletotrichum	genus	jrk01963	6636	https://doi.org/10.1007/s13225-020-00466-2	Ascomycota	Sordariomycetes	Glomerellaceae		False	False	False	False	plant_pathogen	litter_saprotroph	foliar_endophyte	leaf/fruit/seed_pathogen	leaf/fruit/seed				filamentous_mycelium	perithecium_(hymenium_hidden,_narrow_opening)
F474922	Colletotrichum gloeosporioides	ingroup	GCF_011800055.1	genus_candidate_requires_species_verification	Colletotrichum	Colletotrichum	genus	jrk01963	6636	https://doi.org/10.1007/s13225-020-00466-2	Ascomycota	Sordariomycetes	Glomerellaceae		False	False	False	False	plant_pathogen	litter_saprotroph	foliar_endophyte	leaf/fruit/seed_pathogen	leaf/fruit/seed				filamentous_mycelium	perithecium_(hymenium_hidden,_narrow_opening)
F80884	Colletotrichum higginsianum	ingroup	GCF_001672515.1	genus_candidate_requires_species_verification	Colletotrichum	Colletotrichum	genus	jrk01963	6636	https://doi.org/10.1007/s13225-020-00466-2	Ascomycota	Sordariomycetes	Glomerellaceae		False	False	False	False	plant_pathogen	litter_saprotroph	foliar_endophyte	leaf/fruit/seed_pathogen	leaf/fruit/seed				filamentous_mycelium	perithecium_(hymenium_hidden,_narrow_opening)
F2283408	Colletotrichum jinshuiense	ingroup	GCF_051148585.1	genus_candidate_requires_species_verification	Colletotrichum	Colletotrichum	genus	jrk01963	6636	https://doi.org/10.1007/s13225-020-00466-2	Ascomycota	Sordariomycetes	Glomerellaceae		False	False	False	False	plant_pathogen	litter_saprotroph	foliar_endophyte	leaf/fruit/seed_pathogen	leaf/fruit/seed				filamentous_mycelium	perithecium_(hymenium_hidden,_narrow_opening)
F1095194	Colletotrichum karsti	ingroup	GCF_011947395.1	genus_candidate_requires_species_verification	Colletotrichum	Colletotrichum	genus	jrk01963	6636	https://doi.org/10.1007/s13225-020-00466-2	Ascomycota	Sordariomycetes	Glomerellaceae		False	False	False	False	plant_pathogen	litter_saprotroph	foliar_endophyte	leaf/fruit/seed_pathogen	leaf/fruit/seed				filamentous_mycelium	perithecium_(hymenium_hidden,_narrow_opening)
F145971	Colletotrichum lupini	ingroup	GCF_023278565.1	genus_candidate_requires_species_verification	Colletotrichum	Colletotrichum	genus	jrk01963	6636	https://doi.org/10.1007/s13225-020-00466-2	Ascomycota	Sordariomycetes	Glomerellaceae		False	False	False	False	plant_pathogen	litter_saprotroph	foliar_endophyte	leaf/fruit/seed_pathogen	leaf/fruit/seed				filamentous_mycelium	perithecium_(hymenium_hidden,_narrow_opening)
F1209934	Colletotrichum tamarilloi	ingroup	GCF_030869305.1	genus_candidate_requires_species_verification	Colletotrichum	Colletotrichum	genus	jrk01963	6636	https://doi.org/10.1007/s13225-020-00466-2	Ascomycota	Sordariomycetes	Glomerellaceae		False	False	False	False	plant_pathogen	litter_saprotroph	foliar_endophyte	leaf/fruit/seed_pathogen	leaf/fruit/seed				filamentous_mycelium	perithecium_(hymenium_hidden,_narrow_opening)
F5570	Cenococcum geophilum	ingroup	GCF_001692895.1	genus_candidate_requires_species_verification	Cenococcum	Cenococcum	genus	jrk01521	3151	https://doi.org/10.1007/s13225-020-00466-2	Ascomycota	Dothideomycetes	Gloniaceae		False	False	False	False	ectomycorrhizal						non-aquatic		filamentous_mycelium	None
F574774	Glonium stellatum	ingroup	GCA_001692915.1	genus_candidate_requires_species_verification	Glonium	Glonium	genus	jrk03478	3152	https://doi.org/10.1007/s13225-020-00466-2	Ascomycota	Dothideomycetes	Gloniaceae		False	False	False	False	wood_saprotroph	soil_saprotroph			wood,leaf/fruit/seed,soil		non-aquatic		filamentous_mycelium	
F5101	Amorphotheca resinae	ingroup	GCF_003019875.1	genus_candidate_requires_species_verification	Amorphotheca	Amorphotheca	genus	jrk00309	475	https://doi.org/10.1007/s13225-020-00466-2	Ascomycota	Leotiomycetes	Amorphothecaceae		False	True	False	False	unspecified_saprotroph				hydrocarbon-rich_substrates_(fuel)		partly_aquatic		filamentous_mycelium	
F40559	Botrytis cinerea	ingroup	GCF_000143535.2	genus_candidate_requires_species_verification	Botrytis	Botrytis	genus	jrk01136	711	https://doi.org/10.1007/s13225-020-00466-2	Ascomycota	Leotiomycetes	Sclerotiniaceae		False	False	False	False	plant_pathogen	litter_saprotroph		leaf/fruit/seed_pathogen	leaf/fruit/seed		partly_aquatic		filamentous_mycelium	none
F2656787	Venustampulla echinocandica	ingroup	GCF_003357145.1	no_exact_genus_match	Venustampulla										False	False	False	False										
F195108	Fusarium falciforme	ingroup	GCF_026873545.1	genus_candidate_requires_species_verification	Fusarium	Fusarium	genus	jrk03281	6896	https://doi.org/10.1007/s13225-020-00466-2	Ascomycota	Sordariomycetes	Nectriaceae		False	True	False	False	plant_pathogen	litter_saprotroph	foliar_endophyte	leaf/fruit/seed_pathogen	leaf/fruit/seed,roots,soil,animal_material	soft_rot	partly_aquatic	opportunistic_human_parasite	filamentous_mycelium	
F5127	Fusarium fujikuroi	ingroup	GCF_900079805.1	genus_candidate_requires_species_verification	Fusarium	Fusarium	genus	jrk03281	6896	https://doi.org/10.1007/s13225-020-00466-2	Ascomycota	Sordariomycetes	Nectriaceae		False	True	False	False	plant_pathogen	litter_saprotroph	foliar_endophyte	leaf/fruit/seed_pathogen	leaf/fruit/seed,roots,soil,animal_material	soft_rot	partly_aquatic	opportunistic_human_parasite	filamentous_mycelium	
F5518	Fusarium graminearum	ingroup	GCF_000240135.3	genus_candidate_requires_species_verification	Fusarium	Fusarium	genus	jrk03281	6896	https://doi.org/10.1007/s13225-020-00466-2	Ascomycota	Sordariomycetes	Nectriaceae		False	True	False	False	plant_pathogen	litter_saprotroph	foliar_endophyte	leaf/fruit/seed_pathogen	leaf/fruit/seed,roots,soil,animal_material	soft_rot	partly_aquatic	opportunistic_human_parasite	filamentous_mycelium	
F1328300	Fusarium keratoplasticum	ingroup	GCF_025433545.1	genus_candidate_requires_species_verification	Fusarium	Fusarium	genus	jrk03281	6896	https://doi.org/10.1007/s13225-020-00466-2	Ascomycota	Sordariomycetes	Nectriaceae		False	True	False	False	plant_pathogen	litter_saprotroph	foliar_endophyte	leaf/fruit/seed_pathogen	leaf/fruit/seed,roots,soil,animal_material	soft_rot	partly_aquatic	opportunistic_human_parasite	filamentous_mycelium	
F1042133	Fusarium musae	ingroup	GCF_019915245.1	genus_candidate_requires_species_verification	Fusarium	Fusarium	genus	jrk03281	6896	https://doi.org/10.1007/s13225-020-00466-2	Ascomycota	Sordariomycetes	Nectriaceae		False	True	False	False	plant_pathogen	litter_saprotroph	foliar_endophyte	leaf/fruit/seed_pathogen	leaf/fruit/seed,roots,soil,animal_material	soft_rot	partly_aquatic	opportunistic_human_parasite	filamentous_mycelium	
F5507	Fusarium oxysporum	ingroup	GCF_013085055.1	genus_candidate_requires_species_verification	Fusarium	Fusarium	genus	jrk03281	6896	https://doi.org/10.1007/s13225-020-00466-2	Ascomycota	Sordariomycetes	Nectriaceae		False	True	False	False	plant_pathogen	litter_saprotroph	foliar_endophyte	leaf/fruit/seed_pathogen	leaf/fruit/seed,roots,soil,animal_material	soft_rot	partly_aquatic	opportunistic_human_parasite	filamentous_mycelium	
F36050	Fusarium poae	ingroup	GCF_019609905.1	genus_candidate_requires_species_verification	Fusarium	Fusarium	genus	jrk03281	6896	https://doi.org/10.1007/s13225-020-00466-2	Ascomycota	Sordariomycetes	Nectriaceae		False	True	False	False	plant_pathogen	litter_saprotroph	foliar_endophyte	leaf/fruit/seed_pathogen	leaf/fruit/seed,roots,soil,animal_material	soft_rot	partly_aquatic	opportunistic_human_parasite	filamentous_mycelium	
F101028	Fusarium pseudograminearum	ingroup	GCF_000303195.2	genus_candidate_requires_species_verification	Fusarium	Fusarium	genus	jrk03281	6896	https://doi.org/10.1007/s13225-020-00466-2	Ascomycota	Sordariomycetes	Nectriaceae		False	True	False	False	plant_pathogen	litter_saprotroph	foliar_endophyte	leaf/fruit/seed_pathogen	leaf/fruit/seed,roots,soil,animal_material	soft_rot	partly_aquatic	opportunistic_human_parasite	filamentous_mycelium	
F5128	Fusarium sambucinum	ingroup	GCF_050947815.1	genus_candidate_requires_species_verification	Fusarium	Fusarium	genus	jrk03281	6896	https://doi.org/10.1007/s13225-020-00466-2	Ascomycota	Sordariomycetes	Nectriaceae		False	True	False	False	plant_pathogen	litter_saprotroph	foliar_endophyte	leaf/fruit/seed_pathogen	leaf/fruit/seed,roots,soil,animal_material	soft_rot	partly_aquatic	opportunistic_human_parasite	filamentous_mycelium	
F117187	Fusarium verticillioides	ingroup	GCF_000149555.1	genus_candidate_requires_species_verification	Fusarium	Fusarium	genus	jrk03281	6896	https://doi.org/10.1007/s13225-020-00466-2	Ascomycota	Sordariomycetes	Nectriaceae		False	True	False	False	plant_pathogen	litter_saprotroph	foliar_endophyte	leaf/fruit/seed_pathogen	leaf/fruit/seed,roots,soil,animal_material	soft_rot	partly_aquatic	opportunistic_human_parasite	filamentous_mycelium	
F173216	Trichoderma aggressivum	ingroup	GCF_033847375.1	genus_candidate_requires_species_verification	Trichoderma	Trichoderma	genus	jrk08977	6812	https://doi.org/10.1007/s13225-020-00466-2	Ascomycota	Sordariomycetes	Hypocreaceae		False	True	False	False	mycoparasite	foliar_endophyte	foliar_endophyte	leaf/fruit/seed_pathogen	leaf/fruit/seed,soil,fungal_material	soft_rot			filamentous_mycelium	perithecium_(hymenium_hidden,_narrow_opening)
F101201	Trichoderma asperellum	ingroup	GCF_020647865.1	genus_candidate_requires_species_verification	Trichoderma	Trichoderma	genus	jrk08977	6812	https://doi.org/10.1007/s13225-020-00466-2	Ascomycota	Sordariomycetes	Hypocreaceae		False	True	False	False	mycoparasite	foliar_endophyte	foliar_endophyte	leaf/fruit/seed_pathogen	leaf/fruit/seed,soil,fungal_material	soft_rot			filamentous_mycelium	perithecium_(hymenium_hidden,_narrow_opening)
F63577	Trichoderma atroviride	ingroup	GCF_020647795.1	genus_candidate_requires_species_verification	Trichoderma	Trichoderma	genus	jrk08977	6812	https://doi.org/10.1007/s13225-020-00466-2	Ascomycota	Sordariomycetes	Hypocreaceae		False	True	False	False	mycoparasite	foliar_endophyte	foliar_endophyte	leaf/fruit/seed_pathogen	leaf/fruit/seed,soil,fungal_material	soft_rot			filamentous_mycelium	perithecium_(hymenium_hidden,_narrow_opening)
F2034170	Trichoderma breve	ingroup	GCF_028502605.1	genus_candidate_requires_species_verification	Trichoderma	Trichoderma	genus	jrk08977	6812	https://doi.org/10.1007/s13225-020-00466-2	Ascomycota	Sordariomycetes	Hypocreaceae		False	True	False	False	mycoparasite	foliar_endophyte	foliar_endophyte	leaf/fruit/seed_pathogen	leaf/fruit/seed,soil,fungal_material	soft_rot			filamentous_mycelium	perithecium_(hymenium_hidden,_narrow_opening)
F1738374	Trichoderma camerunense	ingroup	GCF_050948025.1	genus_candidate_requires_species_verification	Trichoderma	Trichoderma	genus	jrk08977	6812	https://doi.org/10.1007/s13225-020-00466-2	Ascomycota	Sordariomycetes	Hypocreaceae		False	True	False	False	mycoparasite	foliar_endophyte	foliar_endophyte	leaf/fruit/seed_pathogen	leaf/fruit/seed,soil,fungal_material	soft_rot			filamentous_mycelium	perithecium_(hymenium_hidden,_narrow_opening)
F58853	Trichoderma citrinoviride	ingroup	GCF_003025115.1	genus_candidate_requires_species_verification	Trichoderma	Trichoderma	genus	jrk08977	6812	https://doi.org/10.1007/s13225-020-00466-2	Ascomycota	Sordariomycetes	Hypocreaceae		False	True	False	False	mycoparasite	foliar_endophyte	foliar_endophyte	leaf/fruit/seed_pathogen	leaf/fruit/seed,soil,fungal_material	soft_rot			filamentous_mycelium	perithecium_(hymenium_hidden,_narrow_opening)
F549676	Trichoderma evansii	ingroup	GCF_050947405.1	genus_candidate_requires_species_verification	Trichoderma	Trichoderma	genus	jrk08977	6812	https://doi.org/10.1007/s13225-020-00466-2	Ascomycota	Sordariomycetes	Hypocreaceae		False	True	False	False	mycoparasite	foliar_endophyte	foliar_endophyte	leaf/fruit/seed_pathogen	leaf/fruit/seed,soil,fungal_material	soft_rot			filamentous_mycelium	perithecium_(hymenium_hidden,_narrow_opening)
F398673	Trichoderma gamsii	ingroup	GCF_001481775.2	genus_candidate_requires_species_verification	Trichoderma	Trichoderma	genus	jrk08977	6812	https://doi.org/10.1007/s13225-020-00466-2	Ascomycota	Sordariomycetes	Hypocreaceae		False	True	False	False	mycoparasite	foliar_endophyte	foliar_endophyte	leaf/fruit/seed_pathogen	leaf/fruit/seed,soil,fungal_material	soft_rot			filamentous_mycelium	perithecium_(hymenium_hidden,_narrow_opening)
F65468	Trichoderma ghanense	ingroup	GCF_004382785.1	genus_candidate_requires_species_verification	Trichoderma	Trichoderma	genus	jrk08977	6812	https://doi.org/10.1007/s13225-020-00466-2	Ascomycota	Sordariomycetes	Hypocreaceae		False	True	False	False	mycoparasite	foliar_endophyte	foliar_endophyte	leaf/fruit/seed_pathogen	leaf/fruit/seed,soil,fungal_material	soft_rot			filamentous_mycelium	perithecium_(hymenium_hidden,_narrow_opening)
F5544	Trichoderma harzianum	ingroup	GCF_003025095.1	genus_candidate_requires_species_verification	Trichoderma	Trichoderma	genus	jrk08977	6812	https://doi.org/10.1007/s13225-020-00466-2	Ascomycota	Sordariomycetes	Hypocreaceae		False	True	False	False	mycoparasite	foliar_endophyte	foliar_endophyte	leaf/fruit/seed_pathogen	leaf/fruit/seed,soil,fungal_material	soft_rot			filamentous_mycelium	perithecium_(hymenium_hidden,_narrow_opening)
F2732470	Bacidia gigantensis	ingroup	GCF_019456465.1	genus_candidate_requires_species_verification	Bacidia	Bacidia	genus	jrk00854	4936	https://doi.org/10.1007/s13225-020-00466-2	Ascomycota	Lecanoromycetes	Ramalinaceae		False	False	False	False	lichenized						non-aquatic		thallus_photosynthetic	apothecium_(hymenium_on_surface)
F209136	Lepraria neglecta	ingroup	GCA_033220425.1	genus_candidate_requires_species_verification	Lepraria	Lepraria	genus	jrk04590	4727	https://doi.org/10.1007/s13225-020-00466-2	Ascomycota	Lecanoromycetes	Cladoniaceae		False	False	False	False	lichenized						non-aquatic		thallus_photosynthetic	none
F560253	Letharia lupina	ingroup	GCF_014066315.1	genus_candidate_requires_species_verification	Letharia	Letharia	genus	jrk04638	4843	https://doi.org/10.1007/s13225-020-00466-2	Ascomycota	Lecanoromycetes	Parmeliaceae		False	False	False	False	lichenized						non-aquatic		thallus_photosynthetic	apothecium_(hymenium_on_surface)
F2939399	Claussenomyces sp. TS43310	ingroup	GCA_026023515.1	genus_candidate_requires_species_verification	Claussenomyces	Claussenomyces	genus	jrk01830	5573	https://doi.org/10.1007/s13225-020-00466-2	Ascomycota	Leotiomycetes	Tympanidaceae	incompletely_identified_species_label	False	False	False	False	wood_saprotroph				wood		non-aquatic		filamentous_mycelium	apothecium_(hymenium_on_surface)
F3384825	Phaeococcomyces sp. EXF-18165	ingroup	GCA_056506435.1	genus_candidate_requires_species_verification	Phaeococcomyces	Phaeococcomyces	genus	jrk06377	1002	https://doi.org/10.1007/s13225-020-00466-2	Ascomycota	Arthoniomycetes	Phaeococcomycetaceae	incompletely_identified_species_label	False	False	False	False	unspecified_saprotroph						non-aquatic		dimorphic_yeast	
F174425	Lichina confinis	ingroup	GCA_026054655.1	genus_candidate_requires_species_verification	Lichina	Lichina	genus	jrk04698	5711	https://doi.org/10.1007/s13225-020-00466-2	Ascomycota	Lichinomycetes	Lichinaceae		False	False	False	False	lichenized						partly_marine_(partly_non-aquatic)		thallus_photosynthetic	apothecium_(hymenium_on_surface)
F318774	Phylliscum demangeonii	ingroup	GCA_026026795.1	genus_candidate_requires_species_verification	Phylliscum	Phylliscum	genus	jrk06563	5721	https://doi.org/10.1007/s13225-020-00466-2	Ascomycota	Lichinomycetes	Lichinaceae		False	False	False	False	lichenized						non-aquatic		thallus_photosynthetic	apothecium_(hymenium_on_surface)
F2796175	Watsoniomyces obsoletus	ingroup	GCA_026025055.1	no_exact_genus_match	Watsoniomyces										False	False	False	False										
F578093	Lineolata rhizophorae	ingroup	GCA_010093515.1	genus_candidate_requires_species_verification	Lineolata	Lineolata	genus	jrk04728	2930	https://doi.org/10.1007/s13225-020-00466-2	Ascomycota	Dothideomycetes	Dothideomycetes family incertae sedis		False	False	False	False	unspecified_saprotroph		no_endophytic_capacity				marine		filamentous_mycelium	perithecium_(hymenium_hidden,_narrow_opening)
F1125753	Limtongia smithiae	ingroup	GCF_038497785.1	genus_candidate_requires_species_verification	Limtongia	Limtongia	genus	jrk04722	6051	https://doi.org/10.1007/s13225-020-00466-2	Ascomycota	Saccharomycetes	Lipomycetaceae		False	False	False	False	nectar/tap_saprotroph				sugar-rich_substrates		non-aquatic	arthropod-associated	yeast	none
F383834	Lipomyces doorenjongii	ingroup	GCF_038497915.1	genus_candidate_requires_species_verification	Lipomyces	Lipomyces	genus	jrk04737	6052	https://doi.org/10.1007/s13225-020-00466-2	Ascomycota	Saccharomycetes	Lipomycetaceae		False	False	False	False	nectar/tap_saprotroph				sugar-rich_substrates		non-aquatic	arthropod-associated	yeast	none
F44089	Neoaidaea tothii	ingroup	GCF_038497935.1	no_exact_genus_match	Neoaidaea										False	False	False	False										
F339359	Zalerion maritima	ingroup	GCA_022664585.2	genus_candidate_requires_species_verification	Zalerion	Zalerion	genus	jrk08580	7037	https://doi.org/10.1007/s13225-020-00466-2	Ascomycota	Sordariomycetes	Lulworthiaceae		False	True	False	False	litter_saprotroph				leaf/fruit/seed		partly_freshwater_(partly_non-aquatic)		filamentous_mycelium	none
F36779	Gaeumannomyces tritici	ingroup	GCF_000145635.1	genus_candidate_requires_species_verification	Gaeumannomyces	Gaeumannomyces	genus	jrk03307	7050	https://doi.org/10.1007/s13225-020-00466-2	Ascomycota	Sordariomycetes	Magnaporthaceae		False	False	False	False	plant_pathogen			leaf/fruit/seed_pathogen			partly_freshwater_(partly_non-aquatic)		filamentous_mycelium	perithecium_(hymenium_hidden,_narrow_opening)
F148304	Magnaporthiopsis poae	ingroup	GCA_000193285.1	genus_candidate_requires_species_verification	Magnaporthiopsis	Magnaporthiopsis	genus	jrk04876	7055	https://doi.org/10.1007/s13225-020-00466-2	Ascomycota	Sordariomycetes	Magnaporthaceae		False	False	False	False	unspecified_pathotroph						non-aquatic		filamentous_mycelium	perithecium_(hymenium_hidden,_narrow_opening)
F148305	Pyricularia grisea	ingroup	GCF_004355905.1	genus_candidate_requires_species_verification	Pyricularia	Pyricularia	genus	jrk07371	7073	https://doi.org/10.1007/s13225-020-00466-2	Ascomycota	Sordariomycetes	Pyriculariaceae		False	False	False	False	plant_pathogen			leaf/fruit/seed_pathogen			non-aquatic		filamentous_mycelium	none
F2035830	Berkeleyomyces rouxiae	ingroup	GCF_048999995.1	genus_candidate_requires_species_verification	Berkeleyomyces	Berkeleyomyces	genus	jrk00991	7085	https://doi.org/10.1007/s13225-020-00466-2	Ascomycota	Sordariomycetes	Ceratocystidaceae		False	False	False	False	plant_pathogen	insect-associated	foliar_endophyte	root_pathogen	leaf/fruit/seed		non-aquatic		filamentous_mycelium	none
F2019550	Ceratocystis lukuohia	ingroup	GCF_044167205.1	genus_candidate_requires_species_verification	Ceratocystis	Ceratocystis	genus	jrk01545	7087	https://doi.org/10.1007/s13225-020-00466-2	Ascomycota	Sordariomycetes	Ceratocystidaceae		False	False	False	False	plant_pathogen	wood_saprotroph	foliar_endophyte	wood_pathogen	wood,leaf/fruit/seed		non-aquatic		filamentous_mycelium	perithecium_(hymenium_hidden,_narrow_opening)
F563466	Scedosporium apiospermum	ingroup	GCF_000732125.1	genus_candidate_requires_species_verification	Scedosporium	Scedosporium	genus	jrk07830	7195	https://doi.org/10.1007/s13225-020-00466-2	Ascomycota	Sordariomycetes	Microascaceae		False	False	False	False	soil_saprotroph	animal_parasite			soil,animal_material		non-aquatic	opportunistic_human_parasite	filamentous_mycelium	cleistothecium_(closed,_spherical)
F703497	Microthyrium microscopicum	ingroup	GCA_010405405.1	genus_candidate_requires_species_verification	Microthyrium	Microthyrium	genus	jrk05183	3185	https://doi.org/10.1007/s13225-020-00466-2	Ascomycota	Dothideomycetes	Microthyriaceae		False	False	False	False	epiphyte	litter_saprotroph			leaf/fruit/seed		non-aquatic		filamentous_mycelium	apothecium_(hymenium_on_surface)
F122368	Cercospora beticola	ingroup	GCF_033473495.1	genus_candidate_requires_species_verification	Cercospora	Cercospora	genus	jrk01567	2543	https://doi.org/10.1007/s13225-020-00466-2	Ascomycota	Dothideomycetes	Mycosphaerellaceae		False	False	False	False	plant_pathogen			leaf/fruit/seed_pathogen			non-aquatic		filamentous_mycelium	perithecium_(hymenium_hidden,_narrow_opening)
F574656	Recurvomyces mirabilis	ingroup	GCF_035927965.1	genus_candidate_requires_species_verification	Recurvomyces	Recurvomyces	genus	jrk07467	2744	https://doi.org/10.1007/s13225-020-00466-2	Ascomycota	Dothideomycetes	Teratosphaeriaceae		False	False	False	False	soil_saprotroph	rock-inhabiting			soil		non-aquatic		filamentous_mycelium	perithecium_(hymenium_hidden,_narrow_opening)
F1690608	Saxophila tyrrhenica	ingroup	GCF_035928015.1	genus_candidate_requires_species_verification	Saxophila	Saxophila	genus	jrk07826	2512	https://doi.org/10.1007/s13225-020-00466-2	Ascomycota	Dothideomycetes	Extremaceae		False	False	False	False	unspecified_saprotroph	rock-inhabiting			soil		non-aquatic		filamentous_mycelium	perithecium_(hymenium_hidden,_narrow_opening)
F2601811	Elsinoe batatas	ingroup	GCA_017309325.2	genus_candidate_requires_species_verification	Elsinoe	Elsinoe	genus	jrk09684	3206	https://doi.org/10.1007/s13225-020-00466-2	Ascomycota	Dothideomycetes	Elsinoaceae		False	False	False	False	plant_pathogen	litter_saprotroph		leaf/fruit/seed_pathogen	leaf/fruit/seed		non-aquatic		filamentous_mycelium	
F147570	Myriangium duriaei	ingroup	GCA_010093895.1	genus_candidate_requires_species_verification	Myriangium	Myriangium	genus	jrk05446	3218	https://doi.org/10.1007/s13225-020-00466-2	Ascomycota	Dothideomycetes	Myriangiaceae		False	False	False	False	animal_parasite	animal_decomposer			animal_material		non-aquatic	arthropod_parasite	filamentous_mycelium	
F2082308	Sphaceloma murrayae	ingroup	GCA_002895985.1	genus_candidate_requires_species_verification	Sphaceloma	Sphaceloma	genus	jrk09685	3209	https://doi.org/10.1007/s13225-020-00466-2	Ascomycota	Dothideomycetes	Elsinoaceae		False	False	False	False	plant_pathogen			leaf/fruit/seed_pathogen			non-aquatic		filamentous_mycelium	
F741139	Lepidopterella palustris	ingroup	GCA_001692735.1	genus_candidate_requires_species_verification	Lepidopterella	Lepidopterella	genus	jrk04580	2795	https://doi.org/10.1007/s13225-020-00466-2	Ascomycota	Dothideomycetes	Argynnaceae		False	False	False	False	wood_saprotroph				wood	soft_rot	freshwater		filamentous_mycelium	
F390894	Lophium mytilinum	ingroup	GCA_010093605.1	genus_candidate_requires_species_verification	Lophium	Lophium	genus	jrk04795	3224	https://doi.org/10.1007/s13225-020-00466-2	Ascomycota	Dothideomycetes	Mytilinidiaceae		False	False	False	False	litter_saprotroph				leaf/fruit/seed		non-aquatic		filamentous_mycelium	
F574789	Mytilinidion resinicola	ingroup	GCF_010093595.1	genus_candidate_requires_species_verification	Mytilinidion	Mytilinidion	genus	jrk05476	3225	https://doi.org/10.1007/s13225-020-00466-2	Ascomycota	Dothideomycetes	Mytilinidiaceae		False	False	False	False	wood_saprotroph				wood	soft_rot	non-aquatic		filamentous_mycelium	hysterothecium_(opening_slith-like)
F48691	Neolecta irregularis	ingroup	GCA_001929475.1	genus_candidate_requires_species_verification	Neolecta	Neolecta	genus	jrk05644	5740	https://doi.org/10.1007/s13225-020-00466-2	Ascomycota	Neolectomycetes	Neolectaceae		False	False	False	False	plant_pathogen			other_plant_pathogen					filamentous_mycelium	clavarioid
F92988	Neophaeotheca triangularis	ingroup	GCA_054600435.1	no_exact_genus_match	Neophaeotheca										False	False	False	False										
F199306	Coccidioides posadasii	ingroup	GCF_018416015.2	genus_candidate_requires_species_verification	Coccidioides	Coccidioides	genus	jrk01901	4214	https://doi.org/10.1007/s13225-020-00466-2	Ascomycota	Eurotiomycetes	Onygenaceae		False	False	False	False	soil_saprotroph	animal_parasite			soil,animal_material	keratinolytic	non-aquatic	opportunistic_human_parasite	dimorphic_yeast	
F63402	Nannizzia gypsea	ingroup	GCF_000150975.2	genus_candidate_requires_species_verification	Nannizzia	Nannizzia	genus	jrk05518	4182	https://doi.org/10.1007/s13225-020-00466-2	Ascomycota	Eurotiomycetes	Arthrodermataceae		False	False	False	False	soil_saprotroph	animal_decomposer			soil,animal_material		non-aquatic	opportunistic_human_parasite	filamentous_mycelium	cleistothecium_(closed,_spherical)
F1048829	Paracoccidioides lutzii	ingroup	GCF_000150705.2	genus_candidate_requires_species_verification	Paracoccidioides	Paracoccidioides	genus	jrk06071	4174	https://doi.org/10.1007/s13225-020-00466-2	Ascomycota	Eurotiomycetes	Ajellomycetaceae		False	False	False	False	animal_parasite	animal_decomposer	no_endophytic_capacity		animal_material		non-aquatic	animal_parasite/opportunistic_human_parasite	dimorphic_yeast	
F226899	Leptographium clavigerum	ingroup	GCF_000143105.1	genus_candidate_requires_species_verification	Leptographium	Leptographium	genus	jrk04608	7225	https://doi.org/10.1007/s13225-020-00466-2	Ascomycota	Sordariomycetes	Ophiostomataceae		False	False	False	False	plant_pathogen	wood_saprotroph		wood_pathogen	wood	blue-staining	partly_aquatic		filamentous_mycelium	none
F61273	Ophiostoma piceae	ingroup	GCA_000410735.1	genus_candidate_requires_species_verification	Ophiostoma	Ophiostoma	genus	jrk05942	7226	https://doi.org/10.1007/s13225-020-00466-2	Ascomycota	Sordariomycetes	Ophiostomataceae		False	False	False	False	plant_pathogen	wood_saprotroph		wood_pathogen	wood	blue-staining	non-aquatic	arthropod-associated	filamentous_mycelium	perithecium_(hymenium_hidden,_narrow_opening)
F29908	Sporothrix schenckii	ingroup	GCF_000961545.1	genus_candidate_requires_species_verification	Sporothrix	Sporothrix	genus	jrk08295	7229	https://doi.org/10.1007/s13225-020-00466-2	Ascomycota	Sordariomycetes	Ophiostomataceae		False	False	False	False	plant_pathogen	wood_saprotroph	foliar_endophyte	wood_pathogen	wood		partly_aquatic	opportunistic_human_parasite	filamentous_mycelium	none
F97331	Arthrobotrys flagrans	ingroup	GCF_004000055.1	genus_candidate_requires_species_verification	Arthrobotrys	Arthrobotrys	genus	jrk00609	5741	https://doi.org/10.1007/s13225-020-00466-2	Ascomycota	Orbiliomycetes	Orbiliaceae		False	False	False	False	animal_parasite	wood_saprotroph			wood,leaf/fruit/seed,soil,animal_material		partly_marine_(partly_non-aquatic)	nematophagous	filamentous_mycelium	apothecium_(hymenium_on_surface)
F1814901	Dactylella cylindrospora	ingroup	GCA_012184295.1	genus_candidate_requires_species_verification	Dactylella	Dactylella	genus	jrk02377	5743	https://doi.org/10.1007/s13225-020-00466-2	Ascomycota	Orbiliomycetes	Orbiliaceae		False	False	False	False	wood_saprotroph	litter_saprotroph			wood,leaf/fruit/seed,soil,animal_material		non-aquatic		filamentous_mycelium	apothecium_(hymenium_on_surface)
F2813651	Orbilia oligospora	ingroup	GCF_000225545.1	genus_candidate_requires_species_verification	Orbilia	Orbilia	genus	jrk05947	5759	https://doi.org/10.1007/s13225-020-00466-2	Ascomycota	Orbiliomycetes	Orbiliaceae		True	False	False	False	wood_saprotroph	animal_parasite			wood,leaf/fruit/seed,soil,fungal_material		partly_aquatic	nematophagous	filamentous_mycelium	apothecium_(hymenium_on_surface)
F1940652	Gomphillus americanus	ingroup	GCA_905337335.1	genus_candidate_requires_species_verification	Gomphillus	Gomphillus	genus	jrk03503	4636	https://doi.org/10.1007/s13225-020-00466-2	Ascomycota	Lecanoromycetes	Gomphillaceae		False	False	False	False	lichenized						non-aquatic		thallus_photosynthetic	apothecium_(hymenium_on_surface)
F2704026	Stictis urceolata	ingroup	GCA_022814025.1	genus_candidate_requires_species_verification	Stictis	Stictis	genus	jrk08401	5091	https://doi.org/10.1007/s13225-020-00466-2	Ascomycota	Lecanoromycetes	Stictidaceae		False	False	False	False	lichenized						non-aquatic		thallus_photosynthetic	apothecium_(hymenium_on_surface)
F209281	Thelotrema lepadinum	ingroup	GCA_022813995.1	genus_candidate_requires_species_verification	Thelotrema	Thelotrema	genus	jrk08795	4692	https://doi.org/10.1007/s13225-020-00466-2	Ascomycota	Lecanoromycetes	Thelotremataceae		False	False	False	False	lichenized						non-aquatic		thallus_photosynthetic	apothecium_(hymenium_on_surface)
F703506	Patellaria atrata	ingroup	GCA_010093705.1	genus_candidate_requires_species_verification	Patellaria	Patellaria	genus	jrk06237	3281	https://doi.org/10.1007/s13225-020-00466-2	Ascomycota	Dothideomycetes	Patellariaceae		False	False	False	False	wood_saprotroph		no_endophytic_capacity		wood		partly_aquatic		filamentous_mycelium	apothecium_(hymenium_on_surface)
F669869	Lobaria immixta	ingroup	GCA_022814215.1	genus_candidate_requires_species_verification	Lobaria	Lobaria	genus	jrk04754	5162	https://doi.org/10.1007/s13225-020-00466-2	Ascomycota	Lecanoromycetes	Peltigeraceae		False	False	False	False	lichenized						non-aquatic		thallus_photosynthetic	apothecium_(hymenium_on_surface)
F52883	Peltigera leucophlebia	ingroup	GCA_022814155.1	genus_candidate_requires_species_verification	Peltigera	Peltigera	genus	jrk06273	5167	https://doi.org/10.1007/s13225-020-00466-2	Ascomycota	Lecanoromycetes	Peltigeraceae		False	False	False	False	lichenized						non-aquatic		thallus_photosynthetic	apothecium_(hymenium_on_surface)
F169141	Pseudocyphellaria aurata	ingroup	GCA_022814125.1	genus_candidate_requires_species_verification	Pseudocyphellaria	Pseudocyphellaria	genus	jrk07055	5169	https://doi.org/10.1007/s13225-020-00466-2	Ascomycota	Lecanoromycetes	Peltigeraceae		False	False	False	False	lichenized						non-aquatic		thallus_photosynthetic	apothecium_(hymenium_on_surface)
F443868	Agyrium rufum	ingroup	GCA_022814335.1	genus_candidate_requires_species_verification	Agyrium	Agyrium	genus	jrk00161	5181	https://doi.org/10.1007/s13225-020-00466-2	Ascomycota	Lecanoromycetes	Agyriaceae		False	False	False	False	unspecified_saprotroph						non-aquatic		filamentous_mycelium	apothecium_(hymenium_on_surface)
F1006475	Circinaria calcarea	ingroup	GCA_051942165.1	genus_candidate_requires_species_verification	Circinaria	Circinaria	genus	jrk01780	5197	https://doi.org/10.1007/s13225-020-00466-2	Ascomycota	Lecanoromycetes	Megasporaceae		False	False	False	False	lichenized						non-aquatic		thallus_photosynthetic	apothecium_(hymenium_on_surface)
F90408	Icmadophila ericetorum	ingroup	GCA_022814295.1	genus_candidate_requires_species_verification	Icmadophila	Icmadophila	genus	jrk04097	5189	https://doi.org/10.1007/s13225-020-00466-2	Ascomycota	Lecanoromycetes	Icmadophilaceae		False	False	False	False	lichenized						non-aquatic		thallus_photosynthetic	apothecium_(hymenium_on_surface)
F1174673	Morchella importuna	ingroup	GCF_003444635.1	genus_candidate_requires_species_verification	Morchella	Morchella	genus	jrk05288	5808	https://doi.org/10.1007/s13225-020-00466-2	Ascomycota	Pezizomycetes	Morchellaceae		False	False	False	False	soil_saprotroph	root-associated	root-associated	root-associated	roots,soil		non-aquatic		filamentous_mycelium	apothecium_(hymenium_on_surface)
F43433	Tricharina praecox	ingroup	GCF_024521635.1	genus_candidate_requires_species_verification	Tricharina	Tricharina	genus	jrk08965	5950	https://doi.org/10.1007/s13225-020-00466-2	Ascomycota	Pezizomycetes	Pyronemataceae		False	False	False	False	soil_saprotroph	foliar_endophyte	foliar_endophyte		leaf/fruit/seed,soil		non-aquatic		filamentous_mycelium	apothecium_(hymenium_on_surface)
F39416	Tuber melanosporum	ingroup	GCF_000151645.1	genus_candidate_requires_species_verification	Tuber	Tuber	genus	jrk09099	5994	https://doi.org/10.1007/s13225-020-00466-2	Ascomycota	Pezizomycetes	Tuberaceae		False	False	False	False	ectomycorrhizal						non-aquatic		filamentous_mycelium	gasteroid-hypogeous
F158046	Phaeomoniella chlamydospora	ingroup	GCA_001006345.1	genus_candidate_requires_species_verification	Phaeomoniella	Phaeomoniella	genus	jrk06402	4248	https://doi.org/10.1007/s13225-020-00466-2	Ascomycota	Eurotiomycetes	Celotheliaceae		False	False	False	False	plant_pathogen			leaf/fruit/seed_pathogen			non-aquatic		dimorphic_yeast	
F703511	Trichodelitschia bisporula	ingroup	GCA_010356995.1	genus_candidate_requires_species_verification	Trichodelitschia	Trichodelitschia	genus	jrk08976	3292	https://doi.org/10.1007/s13225-020-00466-2	Ascomycota	Dothideomycetes	Phaeotrichaceae		False	False	False	False	dung_saprotroph				dung		non-aquatic		filamentous_mycelium	perithecium_(hymenium_hidden,_narrow_opening)
F4927	Hansenula anomala	ingroup	GCF_001661255.1	no_exact_genus_match	Hansenula										False	False	False	False										
F599730	Waltiozyma pijperi	ingroup	GCA_020536225.1	no_exact_genus_match	Waltiozyma										False	False	False	False										
F4903	Williopsis jadinii	ingroup	GCF_001661405.1	genus_candidate_requires_species_verification	Williopsis	Williopsis	genus	jrk09957	6093	https://doi.org/10.1007/s13225-020-00466-2	Ascomycota	Saccharomycetes	Saccharomycetaceae		False	False	False	False	soil_saprotroph	litter_saprotroph	foliar_endophyte		leaf/fruit/seed,soil		non-aquatic		yeast	none
F1825666	Phyllachora maydis	ingroup	GCA_029339225.1	genus_candidate_requires_species_verification	Phyllachora	Phyllachora	genus	jrk06556	7275	https://doi.org/10.1007/s13225-020-00466-2	Ascomycota	Sordariomycetes	Phyllachoraceae		False	False	False	False	plant_pathogen			leaf/fruit/seed_pathogen			partly_aquatic		filamentous_mycelium	perithecium_(hymenium_hidden,_narrow_opening)
F1276059	Polystigma amygdalinum	ingroup	GCA_057190395.1	genus_candidate_requires_species_verification	Polystigma	Polystigma	genus	jrk06874	7692	https://doi.org/10.1007/s13225-020-00466-2	Ascomycota	Sordariomycetes	Polystigmataceae		False	False	False	False	plant_pathogen			unspecified_plant_pathogen					filamentous_mycelium	perithecium_(hymenium_hidden,_narrow_opening)
F13502	Brettanomyces nanus	ingroup	GCF_011074865.1	genus_candidate_requires_species_verification	Brettanomyces	Brettanomyces	genus	jrk01169	6064	https://doi.org/10.1007/s13225-020-00466-2	Ascomycota	Saccharomycetes	Pichiaceae		False	False	False	False	nectar/tap_saprotroph				sugar-rich_substrates		partly_aquatic	arthropod-associated	yeast	none
F1005962	Ogataea parapolymorpha	ingroup	GCF_000187245.1	genus_candidate_requires_species_verification	Ogataea	Ogataea	genus	jrk05880	6071	https://doi.org/10.1007/s13225-020-00466-2	Ascomycota	Saccharomycetes	Pichiaceae		False	False	False	False	nectar/tap_saprotroph				sugar-rich_substrates		partly_aquatic	arthropod-associated	yeast	none
F4909	Pichia kudriavzevii	ingroup	GCF_003054445.1	genus_candidate_requires_species_verification	Pichia	Pichia	genus	jrk06608	6073	https://doi.org/10.1007/s13225-020-00466-2	Ascomycota	Saccharomycetes	Pichiaceae		False	False	False	False	nectar/tap_saprotroph	animal_parasite			animal_material,sugar-rich_substrates		partly_aquatic	animal_parasite/opportunistic_human_parasite	yeast	none
F48095	Alternaria dauci	ingroup	GCF_042100115.1	genus_candidate_requires_species_verification	Alternaria	Alternaria	genus	jrk00252	3714	https://doi.org/10.1007/s13225-020-00466-2	Ascomycota	Dothideomycetes	Pleosporaceae		False	False	False	False	plant_pathogen	litter_saprotroph	foliar_endophyte	leaf/fruit/seed_pathogen	leaf/fruit/seed	soft_rot	partly_aquatic		filamentous_mycelium	perithecium_(hymenium_hidden,_narrow_opening)
F5454	Ascochyta rabiei	ingroup	GCF_004011695.2	genus_candidate_requires_species_verification	Ascochyta	Ascochyta	genus	jrk00650	3377	https://doi.org/10.1007/s13225-020-00466-2	Ascomycota	Dothideomycetes	Didymellaceae		False	False	False	False	plant_pathogen			leaf/fruit/seed_pathogen			partly_aquatic		filamentous_mycelium	
F5022	Plenodomus lingam	ingroup	GCF_022343315.1	genus_candidate_requires_species_verification	Plenodomus	Plenodomus	genus	jrk06724	3501	https://doi.org/10.1007/s13225-020-00466-2	Ascomycota	Dothideomycetes	Leptosphaeriaceae		False	False	False	False	plant_pathogen	litter_saprotroph	no_endophytic_capacity	leaf/fruit/seed_pathogen	leaf/fruit/seed		non-aquatic		filamentous_mycelium	perithecium_(hymenium_hidden,_narrow_opening)
F4754	Pneumocystis carinii	ingroup	GCF_001477545.1	genus_candidate_requires_species_verification	Pneumocystis	Pneumocystis	genus	jrk06793	6025	https://doi.org/10.1007/s13225-020-00466-2	Ascomycota	Pneumocystomycetes	Pneumocystidaceae		False	False	False	False	animal_parasite	animal_decomposer			animal_material		non-aquatic	animal_parasite/opportunistic_human_parasite	yeast	none
F42068	Pneumocystis jirovecii	ingroup	GCF_001477535.1	genus_candidate_requires_species_verification	Pneumocystis	Pneumocystis	genus	jrk06793	6025	https://doi.org/10.1007/s13225-020-00466-2	Ascomycota	Pneumocystomycetes	Pneumocystidaceae		False	False	False	False	animal_parasite	animal_decomposer			animal_material		non-aquatic	animal_parasite/opportunistic_human_parasite	yeast	none
F263815	Pneumocystis murina	ingroup	GCF_000349005.2	genus_candidate_requires_species_verification	Pneumocystis	Pneumocystis	genus	jrk06793	6025	https://doi.org/10.1007/s13225-020-00466-2	Ascomycota	Pneumocystomycetes	Pneumocystidaceae		False	False	False	False	animal_parasite	animal_decomposer			animal_material		non-aquatic	animal_parasite/opportunistic_human_parasite	yeast	none
F2977754	Pyrenula ochraceoflavens	ingroup	GCA_051942085.1	genus_candidate_requires_species_verification	Pyrenula	Pyrenula	genus	jrk07366	4262	https://doi.org/10.1007/s13225-020-00466-2	Ascomycota	Eurotiomycetes	Pyrenulaceae		False	False	False	False	lichenized						non-aquatic		thallus_photosynthetic	perithecium_(hymenium_hidden,_narrow_opening)
F3060298	Pyrenula sp. 1 TL-2023	ingroup	GCA_052059035.1	genus_candidate_requires_species_verification	Pyrenula	Pyrenula	genus	jrk07366	4262	https://doi.org/10.1007/s13225-020-00466-2	Ascomycota	Eurotiomycetes	Pyrenulaceae	incompletely_identified_species_label	False	False	False	False	lichenized						non-aquatic		thallus_photosynthetic	perithecium_(hymenium_hidden,_narrow_opening)
F1453789	Toensbergia leucococca	ingroup	GCA_022813965.1	genus_candidate_requires_species_verification	Toensbergia	Toensbergia	genus	jrk08868	5217	https://doi.org/10.1007/s13225-020-00466-2	Ascomycota	Lecanoromycetes	Sporastatiaceae		False	False	False	False	lichenized						non-aquatic		thallus_photosynthetic	none
F706196	Saccharomyces arboricola	ingroup	GCA_000292725.1	genus_candidate_requires_species_verification	Saccharomyces	Saccharomyces	genus	jrk07741	6086	https://doi.org/10.1007/s13225-020-00466-2	Ascomycota	Saccharomycetes	Saccharomycetaceae		False	False	False	False	nectar/tap_saprotroph				sugar-rich_substrates		partly_aquatic	arthropod-associated	yeast	none
F4932	Saccharomyces cerevisiae	ingroup	GCF_000146045.2	genus_candidate_requires_species_verification	Saccharomyces	Saccharomyces	genus	jrk07741	6086	https://doi.org/10.1007/s13225-020-00466-2	Ascomycota	Saccharomycetes	Saccharomycetaceae		False	False	False	False	nectar/tap_saprotroph				sugar-rich_substrates		partly_aquatic	arthropod-associated	yeast	none
F332112	Saccharomyces cerevisiae x Saccharomyces kudriavzevii	ingroup	GCA_000326105.1	genus_candidate_requires_species_verification	Saccharomyces	Saccharomyces	genus	jrk07741	6086	https://doi.org/10.1007/s13225-020-00466-2	Ascomycota	Saccharomycetes	Saccharomycetaceae	explicit_hybrid_label	False	False	False	False	nectar/tap_saprotroph				sugar-rich_substrates		partly_aquatic	arthropod-associated	yeast	none
F1080349	Saccharomyces eubayanus	ingroup	GCF_001298625.1	genus_candidate_requires_species_verification	Saccharomyces	Saccharomyces	genus	jrk07741	6086	https://doi.org/10.1007/s13225-020-00466-2	Ascomycota	Saccharomycetes	Saccharomycetaceae		False	False	False	False	nectar/tap_saprotroph				sugar-rich_substrates		partly_aquatic	arthropod-associated	yeast	none
F114524	Saccharomyces kudriavzevii	ingroup	GCF_947243775.1	genus_candidate_requires_species_verification	Saccharomyces	Saccharomyces	genus	jrk07741	6086	https://doi.org/10.1007/s13225-020-00466-2	Ascomycota	Saccharomycetes	Saccharomycetaceae		False	False	False	False	nectar/tap_saprotroph				sugar-rich_substrates		partly_aquatic	arthropod-associated	yeast	none
F114525	Saccharomyces mikatae	ingroup	GCF_947241705.1	genus_candidate_requires_species_verification	Saccharomyces	Saccharomyces	genus	jrk07741	6086	https://doi.org/10.1007/s13225-020-00466-2	Ascomycota	Saccharomycetes	Saccharomycetaceae		False	False	False	False	nectar/tap_saprotroph				sugar-rich_substrates		partly_aquatic	arthropod-associated	yeast	none
F27291	Saccharomyces paradoxus	ingroup	GCF_002079055.1	genus_candidate_requires_species_verification	Saccharomyces	Saccharomyces	genus	jrk07741	6086	https://doi.org/10.1007/s13225-020-00466-2	Ascomycota	Saccharomycetes	Saccharomycetaceae		False	False	False	False	nectar/tap_saprotroph				sugar-rich_substrates		partly_aquatic	arthropod-associated	yeast	none
F27292	Saccharomyces pastorianus	ingroup	GCA_011022315.1	genus_candidate_requires_species_verification	Saccharomyces	Saccharomyces	genus	jrk07741	6086	https://doi.org/10.1007/s13225-020-00466-2	Ascomycota	Saccharomycetes	Saccharomycetaceae		False	False	False	False	nectar/tap_saprotroph				sugar-rich_substrates		partly_aquatic	arthropod-associated	yeast	none
F230603	Saccharomyces uvarum	ingroup	GCA_947243795.1	genus_candidate_requires_species_verification	Saccharomyces	Saccharomyces	genus	jrk07741	6086	https://doi.org/10.1007/s13225-020-00466-2	Ascomycota	Saccharomycetes	Saccharomycetaceae		False	False	False	False	nectar/tap_saprotroph				sugar-rich_substrates		partly_aquatic	arthropod-associated	yeast	none
F29833	Hanseniaspora uvarum	ingroup	GCA_050947715.1	genus_candidate_requires_species_verification	Hanseniaspora	Hanseniaspora	genus	jrk03672	6119	https://doi.org/10.1007/s13225-020-00466-2	Ascomycota	Saccharomycetes	Saccharomycodaceae		False	False	False	False	nectar/tap_saprotroph	animal_parasite			animal_material,sugar-rich_substrates		partly_aquatic	arthropod-associated	yeast	none
F56409	Hanseniaspora vineae	ingroup	GCA_050947685.1	genus_candidate_requires_species_verification	Hanseniaspora	Hanseniaspora	genus	jrk03672	6119	https://doi.org/10.1007/s13225-020-00466-2	Ascomycota	Saccharomycetes	Saccharomycodaceae		False	False	False	False	nectar/tap_saprotroph	animal_parasite			animal_material,sugar-rich_substrates		partly_aquatic	arthropod-associated	yeast	none
F36035	Saccharomycodes ludwigii	ingroup	GCF_020623625.1	genus_candidate_requires_species_verification	Saccharomycodes	Saccharomycodes	genus	jrk07742	6120	https://doi.org/10.1007/s13225-020-00466-2	Ascomycota	Saccharomycetes	Saccharomycodaceae		False	False	False	False	nectar/tap_saprotroph				sugar-rich_substrates		non-aquatic	arthropod-associated	yeast	none
F1099800	Saitoella coloradoensis	ingroup	GCA_051599425.1	genus_candidate_requires_species_verification	Saitoella	Saitoella	genus	jrk10133	7818	https://doi.org/10.1007/s13225-020-00466-2	Ascomycota	Taphrinomycetes	Protomycetaceae		False	False	False	False	soil_saprotroph				soil		non-aquatic		yeast	
F5606	Saitoella complicata	ingroup	GCF_001661265.1	genus_candidate_requires_species_verification	Saitoella	Saitoella	genus	jrk10133	7818	https://doi.org/10.1007/s13225-020-00466-2	Ascomycota	Taphrinomycetes	Protomycetaceae		False	False	False	False	soil_saprotroph				soil		non-aquatic		yeast	
F273283	Sarea resinae	ingroup	GCA_026026165.1	genus_candidate_requires_species_verification	Sarea	Sarea	genus	jrk07811	6136	https://doi.org/10.1007/s13225-020-00466-2	Ascomycota	Sareomycetes	Sareaceae		False	False	False	False	unspecified_saprotroph								filamentous_mycelium	apothecium_(hymenium_on_surface)
F400354	Loxospora ochrophaea	ingroup	GCA_022814175.1	genus_candidate_requires_species_verification	Loxospora	Loxospora	genus	jrk04808	5213	https://doi.org/10.1007/s13225-020-00466-2	Ascomycota	Lecanoromycetes	Sarrameanaceae		False	False	False	False	lichenized						non-aquatic		thallus_photosynthetic	apothecium_(hymenium_on_surface)
F1042397	Schaereria dolodes	ingroup	GCA_022814065.1	genus_candidate_requires_species_verification	Schaereria	Schaereria	genus	jrk07836	5215	https://doi.org/10.1007/s13225-020-00466-2	Ascomycota	Lecanoromycetes	Schaereriaceae		False	False	False	False	lichenized						non-aquatic		thallus_photosynthetic	apothecium_(hymenium_on_surface)
F4897	Schizosaccharomyces japonicus	ingroup	GCF_000149845.2	genus_candidate_requires_species_verification	Schizosaccharomyces	Schizosaccharomyces	genus	jrk07855	6137	https://doi.org/10.1007/s13225-020-00466-2	Ascomycota	Schizosaccharomycetes	Schizosaccharomycetaceae		False	False	False	False	nectar/tap_saprotroph				sugar-rich_substrates		partly_aquatic	arthropod-associated	yeast	none
F2545709	Schizosaccharomyces osmophilus	ingroup	GCF_027921745.1	genus_candidate_requires_species_verification	Schizosaccharomyces	Schizosaccharomyces	genus	jrk07855	6137	https://doi.org/10.1007/s13225-020-00466-2	Ascomycota	Schizosaccharomycetes	Schizosaccharomycetaceae		False	False	False	False	nectar/tap_saprotroph				sugar-rich_substrates		partly_aquatic	arthropod-associated	yeast	none
F4896	Schizosaccharomyces pombe	ingroup	GCF_000002945.2	genus_candidate_requires_species_verification	Schizosaccharomyces	Schizosaccharomyces	genus	jrk07855	6137	https://doi.org/10.1007/s13225-020-00466-2	Ascomycota	Schizosaccharomycetes	Schizosaccharomycetaceae		False	False	False	False	nectar/tap_saprotroph				sugar-rich_substrates		partly_aquatic	arthropod-associated	yeast	none
F241526	Candida africana	ingroup	GCA_019359905.1	genus_candidate_requires_species_verification	Candida	Candida	genus	jrk01402	6096	https://doi.org/10.1007/s13225-020-00466-2	Ascomycota	Saccharomycetes	Saccharomycetales family incertae sedis		False	False	False	False	nectar/tap_saprotroph				sugar-rich_substrates		partly_aquatic	animal-associated/opportunistic_human_parasite	yeast	none
F5476	Candida albicans	ingroup	GCF_000182965.3	genus_candidate_requires_species_verification	Candida	Candida	genus	jrk01402	6096	https://doi.org/10.1007/s13225-020-00466-2	Ascomycota	Saccharomycetes	Saccharomycetales family incertae sedis		False	False	False	False	nectar/tap_saprotroph				sugar-rich_substrates		partly_aquatic	animal-associated/opportunistic_human_parasite	yeast	none
F42374	Candida dubliniensis	ingroup	GCF_000026945.1	genus_candidate_requires_species_verification	Candida	Candida	genus	jrk01402	6096	https://doi.org/10.1007/s13225-020-00466-2	Ascomycota	Saccharomycetes	Saccharomycetales family incertae sedis		False	False	False	False	nectar/tap_saprotroph				sugar-rich_substrates		partly_aquatic	animal-associated/opportunistic_human_parasite	yeast	none
F5479	Candida maltosa	ingroup	GCA_050495715.1	genus_candidate_requires_species_verification	Candida	Candida	genus	jrk01402	6096	https://doi.org/10.1007/s13225-020-00466-2	Ascomycota	Saccharomycetes	Saccharomycetales family incertae sedis		False	False	False	False	nectar/tap_saprotroph				sugar-rich_substrates		partly_aquatic	animal-associated/opportunistic_human_parasite	yeast	none
F5482	Candida tropicalis	ingroup	GCF_000006335.3	genus_candidate_requires_species_verification	Candida	Candida	genus	jrk01402	6096	https://doi.org/10.1007/s13225-020-00466-2	Ascomycota	Saccharomycetes	Saccharomycetales family incertae sedis		False	False	False	False	nectar/tap_saprotroph				sugar-rich_substrates		partly_aquatic	animal-associated/opportunistic_human_parasite	yeast	none
F5486	Candida viswanathii	ingroup	GCA_003327735.1	genus_candidate_requires_species_verification	Candida	Candida	genus	jrk01402	6096	https://doi.org/10.1007/s13225-020-00466-2	Ascomycota	Saccharomycetes	Saccharomycetales family incertae sedis		False	False	False	False	nectar/tap_saprotroph				sugar-rich_substrates		partly_aquatic	animal-associated/opportunistic_human_parasite	yeast	none
F2609844	Podospora pseudoanserina	ingroup	GCF_035222485.1	genus_candidate_requires_species_verification	Podospora	Podospora	genus	jrk06812	7388	https://doi.org/10.1007/s13225-020-00466-2	Ascomycota	Sordariomycetes	Podosporaceae		False	True	False	False	dung_saprotroph	foliar_endophyte	foliar_endophyte		leaf/fruit/seed,dung		partly_freshwater_(partly_non-aquatic)		filamentous_mycelium	perithecium_(hymenium_hidden,_narrow_opening)
F72144	Remersonia thermophila	ingroup	GCF_042764415.1	genus_candidate_requires_species_verification	Remersonia	Remersonia	genus	jrk07482	7344	https://doi.org/10.1007/s13225-020-00466-2	Ascomycota	Sordariomycetes	Chaetomiaceae		False	False	False	False	dung_saprotroph				dung		non-aquatic		filamentous_mycelium	none
F5147	Sordaria macrospora	ingroup	GCF_033870435.1	genus_candidate_requires_species_verification	Sordaria	Sordaria	genus	jrk08152	7398	https://doi.org/10.1007/s13225-020-00466-2	Ascomycota	Sordariomycetes	Sordariaceae		False	False	False	False	dung_saprotroph				dung	soft_rot	partly_freshwater_(partly_non-aquatic)		filamentous_mycelium	perithecium_(hymenium_hidden,_narrow_opening)
F2754530	Protomyces lactucae-debilis	ingroup	GCF_002105105.1	genus_candidate_requires_species_verification	Protomyces	Protomyces	genus	jrk06960	7816	https://doi.org/10.1007/s13225-020-00466-2	Ascomycota	Taphrinomycetes	Protomycetaceae		False	False	False	False	plant_pathogen			leaf/fruit/seed_pathogen			non-aquatic		dimorphic_yeast	
F5011	Taphrina deformans	ingroup	GCA_000312925.2	genus_candidate_requires_species_verification	Taphrina	Taphrina	genus	jrk08659	7821	https://doi.org/10.1007/s13225-020-00466-2	Ascomycota	Taphrinomycetes	Taphrinaceae		False	False	False	False	plant_pathogen			leaf/fruit/seed_pathogen			non-aquatic		dimorphic_yeast	
F1145299	Brigantiaea leucoxantha	ingroup	GCA_051941505.1	genus_candidate_requires_species_verification	Brigantiaea	Brigantiaea	genus	jrk01184	5218	https://doi.org/10.1007/s13225-020-00466-2	Ascomycota	Lecanoromycetes	Brigantiaeaceae		False	False	False	False	lichenized						non-aquatic		thallus_photosynthetic	apothecium_(hymenium_on_surface)
F1145321	Letrouitia subvulpina	ingroup	GCA_052059055.1	genus_candidate_requires_species_verification	Letrouitia	Letrouitia	genus	jrk04640	5219	https://doi.org/10.1007/s13225-020-00466-2	Ascomycota	Lecanoromycetes	Brigantiaeaceae		False	False	False	False	lichenized						non-aquatic		thallus_photosynthetic	apothecium_(hymenium_on_surface)
F116982	Xanthoria calcicola	ingroup	GCA_976602755.1	genus_candidate_requires_species_verification	Xanthoria	Xanthoria	genus	jrk09404	5296	https://doi.org/10.1007/s13225-020-00466-2	Ascomycota	Lecanoromycetes	Teloschistaceae		False	False	False	False	lichenized						non-aquatic		thallus_photosynthetic	apothecium_(hymenium_on_surface)
F3342545	Pseudogymnoascus australis	ingroup	GCA_048593815.1	genus_candidate_requires_species_verification	Pseudogymnoascus	Pseudogymnoascus	genus	jrk07086	789	https://doi.org/10.1007/s13225-020-00466-2	Ascomycota	Leotiomycetes	Pseudeurotiaceae		False	False	False	False	soil_saprotroph				soil		partly_aquatic	opportunistic_animal_parasite_G._destructans	filamentous_mycelium	cleistothecium_(closed,_spherical)
F655981	Pseudogymnoascus destructans	ingroup	GCF_001641265.1	genus_candidate_requires_species_verification	Pseudogymnoascus	Pseudogymnoascus	genus	jrk07086	789	https://doi.org/10.1007/s13225-020-00466-2	Ascomycota	Leotiomycetes	Pseudeurotiaceae		False	False	False	False	soil_saprotroph				soil		partly_aquatic	opportunistic_animal_parasite_G._destructans	filamentous_mycelium	cleistothecium_(closed,_spherical)
F342668	Pseudogymnoascus verrucosus	ingroup	GCF_001662655.1	genus_candidate_requires_species_verification	Pseudogymnoascus	Pseudogymnoascus	genus	jrk07086	789	https://doi.org/10.1007/s13225-020-00466-2	Ascomycota	Leotiomycetes	Pseudeurotiaceae		False	False	False	False	soil_saprotroph				soil		partly_aquatic	opportunistic_animal_parasite_G._destructans	filamentous_mycelium	cleistothecium_(closed,_spherical)
F1116844	Thelocarpon impressellum	ingroup	GCA_026025805.1	genus_candidate_requires_species_verification	Thelocarpon	Thelocarpon	genus	jrk08790	6023	https://doi.org/10.1007/s13225-020-00466-2	Ascomycota	Pezizomycotina class incertae sedis	Thelocarpaceae		False	True	False	False	lichenized						non-aquatic		thallus_photosynthetic	perithecium_(hymenium_hidden,_narrow_opening)
F2939404	Thelocarpon superellum	ingroup	GCA_026025795.1	genus_candidate_requires_species_verification	Thelocarpon	Thelocarpon	genus	jrk08790	6023	https://doi.org/10.1007/s13225-020-00466-2	Ascomycota	Pezizomycotina class incertae sedis	Thelocarpaceae		False	True	False	False	lichenized						non-aquatic		thallus_photosynthetic	perithecium_(hymenium_hidden,_narrow_opening)
F1093900	Thyridium curvatum	ingroup	GCF_004353045.1	genus_candidate_requires_species_verification	Thyridium	Thyridium	genus	jrk08828	6619	https://doi.org/10.1007/s13225-020-00466-2	Ascomycota	Sordariomycetes	Thyridiaceae		False	False	False	False	wood_saprotroph				wood		non-aquatic		filamentous_mycelium	perithecium_(hymenium_hidden,_narrow_opening)
F223192	Phaeoacremonium minimum	ingroup	GCF_000392275.1	genus_candidate_requires_species_verification	Phaeoacremonium	Phaeoacremonium	genus	jrk06365	7576	https://doi.org/10.1007/s13225-020-00466-2	Ascomycota	Sordariomycetes	Togniniaceae		False	False	False	False	plant_pathogen			unspecified_plant_pathogen			partly_aquatic		filamentous_mycelium	none
F2918522	Lignoscripta atroalba	ingroup	GCA_022814235.1	genus_candidate_requires_species_verification	Lignoscripta	Lignoscripta	genus	jrk04709	4515	https://doi.org/10.1007/s13225-020-00466-2	Ascomycota	Lecanoromycetes	Trapeliaceae		False	False	False	False	lichenized						non-aquatic		thallus_photosynthetic	apothecium_(hymenium_on_surface)
F129515	Trapelia coarctata	ingroup	GCA_022813945.1	genus_candidate_requires_species_verification	Trapelia	Trapelia	genus	jrk08920	4521	https://doi.org/10.1007/s13225-020-00466-2	Ascomycota	Lecanoromycetes	Trapeliaceae		False	False	False	False	lichenized						non-aquatic		thallus_photosynthetic	apothecium_(hymenium_on_surface)
F51930	Tortispora caseinolytica	ingroup	GCA_001661475.1	genus_candidate_requires_species_verification	Tortispora	Tortispora	genus	jrk08893	6134	https://doi.org/10.1007/s13225-020-00466-2	Ascomycota	Saccharomycetes	Trigonopsidaceae		False	False	False	False	plant_pathogen	litter_saprotroph		other_plant_pathogen	leaf/fruit/seed		non-aquatic	arthropod-associated	yeast	none
F2939406	Bogoriella megaspora	ingroup	GCA_026027345.1	genus_candidate_requires_species_verification	Bogoriella	Bogoriella	genus	jrk01085	3906	https://doi.org/10.1007/s13225-020-00466-2	Ascomycota	Dothideomycetes	Trypetheliaceae		False	False	False	False	lichenized	wood_saprotroph			wood		non-aquatic		thallus_photosynthetic	perithecium_(hymenium_hidden,_narrow_opening)
F364730	Trypethelium subeluteriae	ingroup	GCA_051942145.1	genus_candidate_requires_species_verification	Trypethelium	Trypethelium	genus	jrk09088	3920	https://doi.org/10.1007/s13225-020-00466-2	Ascomycota	Dothideomycetes	Trypetheliaceae		False	False	False	False	lichenized	wood_saprotroph			wood		non-aquatic		thallus_photosynthetic	perithecium_(hymenium_hidden,_narrow_opening)
F1048519	Viridothelium virens	ingroup	GCA_010094025.1	genus_candidate_requires_species_verification	Viridothelium	Viridothelium	genus	jrk09348	3921	https://doi.org/10.1007/s13225-020-00466-2	Ascomycota	Dothideomycetes	Trypetheliaceae		False	False	False	False	lichenized	wood_saprotroph			wood		non-aquatic		thallus_photosynthetic	perithecium_(hymenium_hidden,_narrow_opening)
F318760	Hypocenomyce scalaris	ingroup	GCA_022814315.1	genus_candidate_requires_species_verification	Hypocenomyce	Hypocenomyce	genus	jrk04047	5310	https://doi.org/10.1007/s13225-020-00466-2	Ascomycota	Lecanoromycetes	Ophioparmaceae		False	False	False	False	lichenized						non-aquatic		thallus_photosynthetic	apothecium_(hymenium_on_surface)
F136370	Lasallia pustulata	ingroup	GCA_008636195.1	genus_candidate_requires_species_verification	Lasallia	Lasallia	genus	jrk09846	5314	https://doi.org/10.1007/s13225-020-00466-2	Ascomycota	Lecanoromycetes	Umbilicariaceae		False	False	False	False	lichenized						non-aquatic		thallus_photosynthetic	apothecium_(hymenium_on_surface)
F87287	Umbilicaria vellea	ingroup	GCA_023645895.1	genus_candidate_requires_species_verification	Umbilicaria	Umbilicaria	genus	jrk09157	5315	https://doi.org/10.1007/s13225-020-00466-2	Ascomycota	Lecanoromycetes	Umbilicariaceae		False	False	False	False	lichenized						non-aquatic		thallus_photosynthetic	apothecium_(hymenium_on_surface)
F1048955	Tothia fuscella	ingroup	GCA_010583015.1	genus_candidate_requires_species_verification	Tothia	Tothia	genus	jrk08899	4008	https://doi.org/10.1007/s13225-020-00466-2	Ascomycota	Dothideomycetes	Venturiaceae		False	False	False	False	wood_saprotroph				wood		non-aquatic		filamentous_mycelium	perithecium_(hymenium_hidden,_narrow_opening)
F50376	Venturia effusa	ingroup	GCA_007735645.1	genus_candidate_requires_species_verification	Venturia	Venturia	genus	jrk09274	4010	https://doi.org/10.1007/s13225-020-00466-2	Ascomycota	Dothideomycetes	Venturiaceae		False	False	False	False	plant_pathogen	litter_saprotroph		leaf/fruit/seed_pathogen	leaf/fruit/seed		non-aquatic		filamentous_mycelium	perithecium_(hymenium_hidden,_narrow_opening)
F253628	Verruconis gallopava	ingroup	GCF_000836295.1	genus_candidate_requires_species_verification	Verruconis	Verruconis	genus	jrk09301	3994	https://doi.org/10.1007/s13225-020-00466-2	Ascomycota	Dothideomycetes	Sympoventuriaceae		False	False	False	False	animal_parasite	animal_decomposer			animal_material		non-aquatic	animal_parasite	filamentous_mycelium	perithecium_(hymenium_hidden,_narrow_opening)
F364733	Endocarpon pusillum	ingroup	GCF_000464535.1	genus_candidate_requires_species_verification	Endocarpon	Endocarpon	genus	jrk02902	4286	https://doi.org/10.1007/s13225-020-00466-2	Ascomycota	Eurotiomycetes	Verrucariaceae		False	False	False	False	lichenized						non-aquatic		thallus_photosynthetic	perithecium_(hymenium_hidden,_narrow_opening)
F2939408	Vezdaea acicularis	ingroup	GCA_026025075.1	genus_candidate_requires_species_verification	Vezdaea	Vezdaea	genus	jrk09320	6024	https://doi.org/10.1007/s13225-020-00466-2	Ascomycota	Pezizomycotina class incertae sedis	Vezdaeaceae		False	False	False	False	lichenized						non-aquatic		thallus_photosynthetic	apothecium_(hymenium_on_surface)
F2939405	Vezdaea aestivalis	ingroup	GCA_026055935.1	genus_candidate_requires_species_verification	Vezdaea	Vezdaea	genus	jrk09320	6024	https://doi.org/10.1007/s13225-020-00466-2	Ascomycota	Pezizomycotina class incertae sedis	Vezdaeaceae		False	False	False	False	lichenized						non-aquatic		thallus_photosynthetic	apothecium_(hymenium_on_surface)
F326681	Hypoxylon trugodes	ingroup	GCF_022578975.1	genus_candidate_requires_species_verification	Hypoxylon	Hypoxylon	genus	jrk04073	7665	https://doi.org/10.1007/s13225-020-00466-2	Ascomycota	Sordariomycetes	Hypoxylaceae		False	False	False	False	wood_saprotroph	foliar_endophyte	foliar_endophyte		wood,leaf/fruit/seed		partly_aquatic		filamentous_mycelium	perithecium_(hymenium_hidden,_narrow_opening)
F1682393	Microdochium trichocladiopsis	ingroup	GCF_020744255.1	genus_candidate_requires_species_verification	Microdochium	Microdochium	genus	jrk05146	7688	https://doi.org/10.1007/s13225-020-00466-2	Ascomycota	Sordariomycetes	Microdochiaceae		False	False	False	False	plant_pathogen	foliar_endophyte	foliar_endophyte	leaf/fruit/seed_pathogen	leaf/fruit/seed		partly_aquatic		filamentous_mycelium	none
F326684	Xylaria bambusicola	ingroup	GCF_022495145.1	genus_candidate_requires_species_verification	Xylaria	Xylaria	genus	jrk09478	7746	https://doi.org/10.1007/s13225-020-00466-2	Ascomycota	Sordariomycetes	Xylariaceae		False	False	False	False	wood_saprotroph	litter_saprotroph	foliar_endophyte		wood,leaf/fruit/seed		non-aquatic		filamentous_mycelium	perithecium_(hymenium_hidden,_narrow_opening)
F1130053	Cirrosporium novae-zelandiae	ingroup	GCA_026023565.1	genus_candidate_requires_species_verification	Cirrosporium	Cirrosporium	genus	jrk01788	7824	https://doi.org/10.1007/s13225-020-00466-2	Ascomycota	Xylonomycetes	Cirrosporiaceae		False	False	False	False	wood_saprotroph				wood		non-aquatic		filamentous_mycelium	
F1217826	Xylona heveae	ingroup	GCF_001619985.1	genus_candidate_requires_species_verification	Xylona	Xylona	genus	jrk09494	7827	https://doi.org/10.1007/s13225-020-00466-2	Ascomycota	Xylonomycetes	Xylonaceae		False	False	False	False	foliar_endophyte	litter_saprotroph	foliar_endophyte		leaf/fruit/seed		non-aquatic		filamentous_mycelium	
F423460	Basidiobolus meristosporus	ingroup	GCA_002104905.1	genus_candidate_requires_species_verification	Basidiobolus	Basidiobolus	genus	jrk00937	7828	https://doi.org/10.1007/s13225-020-00466-2	Basidiobolomycota	Basidiobolomycetes	Basidiobolaceae		False	True	False	False	unspecified_saprotroph				leaf/fruit/seed,soil,dung,animal_material			animal_parasite/opportunistic_human_parasite	filamentous_mycelium	none
F34480	Basidiobolus ranarum	ingroup	GCA_040143965.1	genus_candidate_requires_species_verification	Basidiobolus	Basidiobolus	genus	jrk00937	7828	https://doi.org/10.1007/s13225-020-00466-2	Basidiobolomycota	Basidiobolomycetes	Basidiobolaceae		False	True	False	False	unspecified_saprotroph				leaf/fruit/seed,soil,dung,animal_material			animal_parasite/opportunistic_human_parasite	filamentous_mycelium	none
F87326	Amanita brunnescens	ingroup	GCA_001691785.3	genus_candidate_requires_species_verification	Amanita	Amanita	genus	jrk00264	8050	https://doi.org/10.1007/s13225-020-00466-2	Basidiomycota	Agaricomycetes	Amanitaceae		False	False	False	False	ectomycorrhizal						non-aquatic		filamentous_mycelium	agaricoid
F933333	Amanita inopinata	ingroup	GCA_001691775.3	genus_candidate_requires_species_verification	Amanita	Amanita	genus	jrk00264	8050	https://doi.org/10.1007/s13225-020-00466-2	Basidiomycota	Agaricomycetes	Amanitaceae		False	False	False	False	ectomycorrhizal						non-aquatic		filamentous_mycelium	agaricoid
F41956	Amanita muscaria	ingroup	GCA_054369615.1	genus_candidate_requires_species_verification	Amanita	Amanita	genus	jrk00264	8050	https://doi.org/10.1007/s13225-020-00466-2	Basidiomycota	Agaricomycetes	Amanitaceae		False	False	False	False	ectomycorrhizal						non-aquatic		filamentous_mycelium	agaricoid
F67723	Amanita phalloides	ingroup	GCA_032173475.1	genus_candidate_requires_species_verification	Amanita	Amanita	genus	jrk00264	8050	https://doi.org/10.1007/s13225-020-00466-2	Basidiomycota	Agaricomycetes	Amanitaceae		False	False	False	False	ectomycorrhizal						non-aquatic		filamentous_mycelium	agaricoid
F1004511	Amanita polypyramis	ingroup	GCA_001691755.2	genus_candidate_requires_species_verification	Amanita	Amanita	genus	jrk00264	8050	https://doi.org/10.1007/s13225-020-00466-2	Basidiomycota	Agaricomycetes	Amanitaceae		False	False	False	False	ectomycorrhizal						non-aquatic		filamentous_mycelium	agaricoid
F71933	Amanita rubescens	ingroup	GCA_015039365.1	genus_candidate_requires_species_verification	Amanita	Amanita	genus	jrk00264	8050	https://doi.org/10.1007/s13225-020-00466-2	Basidiomycota	Agaricomycetes	Amanitaceae		False	False	False	False	ectomycorrhizal						non-aquatic		filamentous_mycelium	agaricoid
F235537	Amanita thiersii	ingroup	GCA_002554575.1	genus_candidate_requires_species_verification	Amanita	Amanita	genus	jrk00264	8050	https://doi.org/10.1007/s13225-020-00466-2	Basidiomycota	Agaricomycetes	Amanitaceae		False	False	False	False	ectomycorrhizal						non-aquatic		filamentous_mycelium	agaricoid
F89243	Laccaria amethystina	ingroup	GCA_000827195.2	genus_candidate_requires_species_verification	Laccaria	Laccaria	genus	jrk04416	8165	https://doi.org/10.1007/s13225-020-00466-2	Basidiomycota	Agaricomycetes	Hydnangiaceae		False	False	False	False	ectomycorrhizal						non-aquatic		filamentous_mycelium	agaricoid
F29883	Laccaria bicolor	ingroup	GCF_000143565.1	genus_candidate_requires_species_verification	Laccaria	Laccaria	genus	jrk04416	8165	https://doi.org/10.1007/s13225-020-00466-2	Basidiomycota	Agaricomycetes	Hydnangiaceae		False	False	False	False	ectomycorrhizal						non-aquatic		filamentous_mycelium	agaricoid
F44565	Sterigmatomyces hyphaenes	ingroup	GCA_058224865.1	genus_candidate_requires_species_verification	Sterigmatomyces	Sterigmatomyces	genus	jrk08396	9422	https://doi.org/10.1007/s13225-020-00466-2	Basidiomycota	Agaricostilbomycetes	Agaricostilbaceae		False	False	False	False	unspecified_saprotroph						partly_aquatic		dimorphic_yeast	
F2831993	Plicatura crispa	ingroup	GCA_000827205.1	genus_candidate_requires_species_verification	Plicatura	Plicatura	genus	jrk06781	8019	https://doi.org/10.1007/s13225-020-00466-2	Basidiomycota	Agaricomycetes	Agaricales family incertae sedis		False	False	False	False	wood_saprotroph				wood	white_rot	non-aquatic		filamentous_mycelium	polyporoid
F1759441	Athelia psychrophila	ingroup	GCA_001630335.1	genus_candidate_requires_species_verification	Athelia	Athelia	genus	jrk00750	8466	https://doi.org/10.1007/s13225-020-00466-2	Basidiomycota	Agaricomycetes	Atheliaceae		False	True	False	False	lichen_parasite	fungal_decomposer		algal_parasite	fungal_material,algal_material		non-aquatic		filamentous_mycelium	corticioid
F2748771	Athelia sp. TMB	ingroup	GCA_014898675.1	genus_candidate_requires_species_verification	Athelia	Athelia	genus	jrk00750	8466	https://doi.org/10.1007/s13225-020-00466-2	Basidiomycota	Agaricomycetes	Atheliaceae	incompletely_identified_species_label	False	True	False	False	lichen_parasite	fungal_decomposer		algal_parasite	fungal_material,algal_material		non-aquatic		filamentous_mycelium	corticioid
F80663	Piloderma croceum	ingroup	GCA_000827315.1	genus_candidate_requires_species_verification	Piloderma	Piloderma	genus	jrk06623	8482	https://doi.org/10.1007/s13225-020-00466-2	Basidiomycota	Agaricomycetes	Atheliaceae		False	False	False	False	ectomycorrhizal						non-aquatic		filamentous_mycelium	corticioid
F1938712	Atractiella rhizophila	ingroup	GCA_021432655.1	genus_candidate_requires_species_verification	Atractiella	Atractiella	genus	jrk00762	9438	https://doi.org/10.1007/s13225-020-00466-2	Basidiomycota	Atractiellomycetes	Hoehnelomycetaceae		False	False	False	False	unspecified_saprotroph	root-associated	root-associated	root_pathogen	roots,soil				filamentous_mycelium	other
F1331295	Auricularia subglabra	ingroup	GCA_000265015.1	genus_candidate_requires_species_verification	Auricularia	Auricularia	genus	jrk00800	8491	https://doi.org/10.1007/s13225-020-00466-2	Basidiomycota	Agaricomycetes	Auriculariaceae		False	False	False	False	wood_saprotroph				wood		partly_aquatic		filamentous_mycelium	tremelloid
F2829486	Auriculariales sp. MPI-PUGE-AT-0066	ingroup	GCA_020744175.1	no_exact_genus_match	Auriculariales									incompletely_identified_species_label	False	False	False	False										
F5219	Exidia glandulosa	ingroup	GCA_001632375.1	genus_candidate_requires_species_verification	Exidia	Exidia	genus	jrk03097	8494	https://doi.org/10.1007/s13225-020-00466-2	Basidiomycota	Agaricomycetes	Auriculariaceae		False	False	False	False	wood_saprotroph	litter_saprotroph	foliar_endophyte		wood,leaf/fruit/seed		non-aquatic		filamentous_mycelium	tremelloid
F48563	Suillus bovinus	ingroup	GCF_016758785.1	genus_candidate_requires_species_verification	Suillus	Suillus	genus	jrk08511	8677	https://doi.org/10.1007/s13225-020-00466-2	Basidiomycota	Agaricomycetes	Suillaceae		False	False	False	False	ectomycorrhizal						non-aquatic		filamentous_mycelium	agaricoid
F48565	Suillus brevipes	ingroup	GCA_011800875.2	genus_candidate_requires_species_verification	Suillus	Suillus	genus	jrk08511	8677	https://doi.org/10.1007/s13225-020-00466-2	Basidiomycota	Agaricomycetes	Suillaceae		False	False	False	False	ectomycorrhizal						non-aquatic		filamentous_mycelium	agaricoid
F1904413	Suillus clintonianus	ingroup	GCF_016758775.1	genus_candidate_requires_species_verification	Suillus	Suillus	genus	jrk08511	8677	https://doi.org/10.1007/s13225-020-00466-2	Basidiomycota	Agaricomycetes	Suillaceae		False	False	False	False	ectomycorrhizal						non-aquatic		filamentous_mycelium	agaricoid
F1912936	Suillus discolor	ingroup	GCF_016758755.1	genus_candidate_requires_species_verification	Suillus	Suillus	genus	jrk08511	8677	https://doi.org/10.1007/s13225-020-00466-2	Basidiomycota	Agaricomycetes	Suillaceae		False	False	False	False	ectomycorrhizal						non-aquatic		filamentous_mycelium	agaricoid
F1912939	Suillus fuscotomentosus	ingroup	GCF_016647785.1	genus_candidate_requires_species_verification	Suillus	Suillus	genus	jrk08511	8677	https://doi.org/10.1007/s13225-020-00466-2	Basidiomycota	Agaricomycetes	Suillaceae		False	False	False	False	ectomycorrhizal						non-aquatic		filamentous_mycelium	agaricoid
F48578	Suillus paluster	ingroup	GCF_016628075.1	genus_candidate_requires_species_verification	Suillus	Suillus	genus	jrk08511	8677	https://doi.org/10.1007/s13225-020-00466-2	Basidiomycota	Agaricomycetes	Suillaceae		False	False	False	False	ectomycorrhizal						non-aquatic		filamentous_mycelium	agaricoid
F116603	Suillus plorans	ingroup	GCF_016647745.1	genus_candidate_requires_species_verification	Suillus	Suillus	genus	jrk08511	8677	https://doi.org/10.1007/s13225-020-00466-2	Basidiomycota	Agaricomycetes	Suillaceae		False	False	False	False	ectomycorrhizal						non-aquatic		filamentous_mycelium	agaricoid
F48586	Suillus subalutaceus	ingroup	GCF_016647625.1	genus_candidate_requires_species_verification	Suillus	Suillus	genus	jrk08511	8677	https://doi.org/10.1007/s13225-020-00466-2	Basidiomycota	Agaricomycetes	Suillaceae		False	False	False	False	ectomycorrhizal						non-aquatic		filamentous_mycelium	agaricoid
F48587	Suillus subaureus	ingroup	GCF_016647635.1	genus_candidate_requires_species_verification	Suillus	Suillus	genus	jrk08511	8677	https://doi.org/10.1007/s13225-020-00466-2	Basidiomycota	Agaricomycetes	Suillaceae		False	False	False	False	ectomycorrhizal						non-aquatic		filamentous_mycelium	agaricoid
F48593	Suillus weaverae	ingroup	GCA_016767475.1	genus_candidate_requires_species_verification	Suillus	Suillus	genus	jrk08511	8677	https://doi.org/10.1007/s13225-020-00466-2	Basidiomycota	Agaricomycetes	Suillaceae		False	False	False	False	ectomycorrhizal						non-aquatic		filamentous_mycelium	agaricoid
F264124	Botryobasidium botryosum	ingroup	GCA_000697705.1	genus_candidate_requires_species_verification	Botryobasidium	Botryobasidium	genus	jrk01120	8688	https://doi.org/10.1007/s13225-020-00466-2	Basidiomycota	Agaricomycetes	Botryobasidiaceae		False	False	False	False	wood_saprotroph				wood	white_rot	non-aquatic		filamentous_mycelium	corticioid
F1750568	Cantharellus anzutake	ingroup	GCF_015039405.1	genus_candidate_requires_species_verification	Cantharellus	Cantharellus	genus	jrk01409	8692	https://doi.org/10.1007/s13225-020-00466-2	Basidiomycota	Agaricomycetes	Cantharellaceae		False	False	False	False	ectomycorrhizal						non-aquatic		filamentous_mycelium	agaricoid
F170446	Ceratobasidium sp. AG-Ba	ingroup	GCA_016906575.1	genus_candidate_requires_species_verification	Ceratobasidium	Ceratobasidium	genus	jrk01540	8717	https://doi.org/10.1007/s13225-020-00466-2	Basidiomycota	Agaricomycetes	Ceratobasidiaceae	incompletely_identified_species_label	False	True	False	False	plant_pathogen	litter_saprotroph		leaf/fruit/seed_pathogen	leaf/fruit/seed,roots,soil		non-aquatic		filamentous_mycelium	corticioid
F139363	Hydnum rufescens	ingroup	GCA_014904985.1	genus_candidate_requires_species_verification	Hydnum	Hydnum	genus	jrk03988	8731	https://doi.org/10.1007/s13225-020-00466-2	Basidiomycota	Agaricomycetes	Hydnaceae		False	False	False	False	ectomycorrhizal						non-aquatic		filamentous_mycelium	agaricoid
F456999	Rhizoctonia solani	ingroup	GCF_016906535.1	genus_candidate_requires_species_verification	Rhizoctonia	Rhizoctonia	genus	jrk07552	8724	https://doi.org/10.1007/s13225-020-00466-2	Basidiomycota	Agaricomycetes	Ceratobasidiaceae		False	True	False	False	plant_pathogen	litter_saprotroph		leaf/fruit/seed_pathogen	leaf/fruit/seed,roots,soil				filamentous_mycelium	corticioid
F156515	Tulasnella calospora	ingroup	GCA_000827465.1	genus_candidate_requires_species_verification	Tulasnella	Tulasnella	genus	jrk09109	8735	https://doi.org/10.1007/s13225-020-00466-2	Basidiomycota	Agaricomycetes	Tulasnellaceae		False	True	False	False	litter_saprotroph	root-associated	root-associated	root-associated	leaf/fruit/seed		non-aquatic		filamentous_mycelium	corticioid
F401625	Ceraceosorus bombacis	ingroup	GCA_900000165.1	genus_candidate_requires_species_verification	Ceraceosorus	Ceraceosorus	genus	jrk01535	9493	https://doi.org/10.1007/s13225-020-00466-2	Basidiomycota	Exobasidiomycetes	Ceraceosoraceae		False	False	False	False	plant_pathogen	epiphyte	no_endophytic_capacity	leaf/fruit/seed_pathogen					filamentous_mycelium	other
F1522189	Ceraceosorus guamensis	ingroup	GCF_003144195.1	genus_candidate_requires_species_verification	Ceraceosorus	Ceraceosorus	genus	jrk01535	9493	https://doi.org/10.1007/s13225-020-00466-2	Basidiomycota	Exobasidiomycetes	Ceraceosoraceae		False	False	False	False	plant_pathogen	epiphyte	no_endophytic_capacity	leaf/fruit/seed_pathogen					filamentous_mycelium	other
F203533	Classicula fluitans	ingroup	GCA_058224955.1	genus_candidate_requires_species_verification	Classicula	Classicula	genus	jrk01818	9461	https://doi.org/10.1007/s13225-020-00466-2	Basidiomycota	Classiculomycetes	Classiculaceae		True	False	False	False	mycoparasite	litter_saprotroph	no_endophytic_capacity		leaf/fruit/seed,fungal_material		freshwater		dimorphic_yeast	none
F202698	Punctularia strigosozonata	ingroup	GCF_000264995.1	genus_candidate_requires_species_verification	Punctularia	Punctularia	genus	jrk07315	8762	https://doi.org/10.1007/s13225-020-00466-2	Basidiomycota	Agaricomycetes	Punctulariaceae		False	True	False	False	wood_saprotroph				wood	white_rot	non-aquatic		filamentous_mycelium	corticioid
F2778381	Cyphobasidiales sp. Tagirdzhanova-0007	ingroup	GCA_904855205.1	no_exact_genus_match	Cyphobasidiales									incompletely_identified_species_label	False	False	False	False										
F29899	Cystobasidium minutum	ingroup	GCF_039999085.1	genus_candidate_requires_species_verification	Cystobasidium	Cystobasidium	genus	jrk02336	9467	https://doi.org/10.1007/s13225-020-00466-2	Basidiomycota	Cystobasidiomycetes	Cystobasidiaceae		False	False	False	False	mycoparasite	fungal_decomposer	no_endophytic_capacity		fungal_material		partly_aquatic		dimorphic_yeast	none
F29902	Mrakia frigida	ingroup	GCF_051309035.1	genus_candidate_requires_species_verification	Mrakia	Mrakia	genus	jrk05305	9801	https://doi.org/10.1007/s13225-020-00466-2	Basidiomycota	Tremellomycetes	Mrakiaceae		False	False	False	False	unspecified_saprotroph						partly_aquatic		dimorphic_yeast	none
F264483	Phaffia rhodozyma	ingroup	GCA_001007165.2	genus_candidate_requires_species_verification	Phaffia	Phaffia	genus	jrk06451	9803	https://doi.org/10.1007/s13225-020-00466-2	Basidiomycota	Tremellomycetes	Mrakiaceae		False	False	False	False	unspecified_saprotroph						non-aquatic		yeast	none
F29889	Calocera cornea	ingroup	GCA_001632435.1	genus_candidate_requires_species_verification	Calocera	Calocera	genus	jrk01323	9481	https://doi.org/10.1007/s13225-020-00466-2	Basidiomycota	Dacrymycetes	Dacrymycetaceae		False	False	False	False	wood_saprotroph				wood	brown_rot	non-aquatic		filamentous_mycelium	clavarioid
F63146	Calocera viscosa	ingroup	GCA_001630345.1	genus_candidate_requires_species_verification	Calocera	Calocera	genus	jrk01323	9481	https://doi.org/10.1007/s13225-020-00466-2	Basidiomycota	Dacrymycetes	Dacrymycetaceae		False	False	False	False	wood_saprotroph				wood	brown_rot	non-aquatic		filamentous_mycelium	clavarioid
F1858805	Dacryopinax primogenitus	ingroup	GCF_000292625.1	genus_candidate_requires_species_verification	Dacryopinax	Dacryopinax	genus	jrk02373	9486	https://doi.org/10.1007/s13225-020-00466-2	Basidiomycota	Dacrymycetes	Dacrymycetaceae		False	False	False	False	wood_saprotroph				wood	brown_rot	non-aquatic		filamentous_mycelium	clavarioid
F58919	Tilletiopsis washingtonensis	ingroup	GCF_003144115.1	genus_candidate_requires_species_verification	Tilletiopsis	Tilletiopsis	genus	jrk08855	9509	https://doi.org/10.1007/s13225-020-00466-2	Basidiomycota	Exobasidiomycetes	Entylomataceae		False	True	False	False	plant_pathogen	litter_saprotroph	no_endophytic_capacity	leaf/fruit/seed_pathogen	leaf/fruit/seed		partly_aquatic		filamentous_mycelium	none
F5414	Erythrobasidium hasegawianum	ingroup	GCA_058224915.1	genus_candidate_requires_species_verification	Erythrobasidium	Erythrobasidium	genus	jrk03042	9472	https://doi.org/10.1007/s13225-020-00466-2	Basidiomycota	Cystobasidiomycetes	Erythrobasidiaceae		False	False	False	False	mycoparasite	fungal_decomposer	no_endophytic_capacity		fungal_material		partly_aquatic		yeast	none
F215250	Acaromyces ingoldii	ingroup	GCF_003144295.1	genus_candidate_requires_species_verification	Acaromyces	Acaromyces	genus	jrk00042	9516	https://doi.org/10.1007/s13225-020-00466-2	Basidiomycota	Exobasidiomycetes	Cryptobasidiaceae		False	False	False	False	animal_parasite	plant_pathogen	no_endophytic_capacity	leaf/fruit/seed_pathogen	leaf/fruit/seed,animal_material		non-aquatic	invertebrate_parasite	yeast	none
F63378	Exobasidium rhododendri	ingroup	GCA_026210745.1	genus_candidate_requires_species_verification	Exobasidium	Exobasidium	genus	jrk03101	9525	https://doi.org/10.1007/s13225-020-00466-2	Basidiomycota	Exobasidiomycetes	Exobasidiaceae		False	False	False	False	plant_pathogen		no_endophytic_capacity	leaf/fruit/seed_pathogen			non-aquatic		filamentous_mycelium	none
F1280837	Meira miltonrushii	ingroup	GCF_003144205.1	genus_candidate_requires_species_verification	Meira	Meira	genus	jrk05002	9514	https://doi.org/10.1007/s13225-020-00466-2	Basidiomycota	Exobasidiomycetes	Brachybasidiaceae		False	False	False	False	plant_pathogen		no_endophytic_capacity	leaf/fruit/seed_pathogen			non-aquatic		dimorphic_yeast	none
F5210	Filobasidium floriforme	ingroup	GCF_021052385.1	genus_candidate_requires_species_verification	Filobasidium	Filobasidium	genus	jrk03177	9807	https://doi.org/10.1007/s13225-020-00466-2	Basidiomycota	Tremellomycetes	Filobasidiaceae		False	False	False	False	unspecified_saprotroph						partly_aquatic	opportunistic_human_parasite	dimorphic_yeast	none
F610337	Naganishia cerealis	ingroup	GCA_030039265.1	genus_candidate_requires_species_verification	Naganishia	Naganishia	genus	jrk05505	9810	https://doi.org/10.1007/s13225-020-00466-2	Basidiomycota	Tremellomycetes	Filobasidiaceae		False	True	False	False	unspecified_saprotroph						partly_aquatic		yeast	none
F89922	Naganishia friedmannii	ingroup	GCA_030039255.1	genus_candidate_requires_species_verification	Naganishia	Naganishia	genus	jrk05505	9810	https://doi.org/10.1007/s13225-020-00466-2	Basidiomycota	Tremellomycetes	Filobasidiaceae		False	True	False	False	unspecified_saprotroph						partly_aquatic		yeast	none
F104408	Naganishia liquefaciens	ingroup	GCA_013423385.1	genus_candidate_requires_species_verification	Naganishia	Naganishia	genus	jrk05505	9810	https://doi.org/10.1007/s13225-020-00466-2	Basidiomycota	Tremellomycetes	Filobasidiaceae		False	True	False	False	unspecified_saprotroph						partly_aquatic		yeast	none
F1424756	Naganishia vaughanmartiniae	ingroup	GCA_030039245.1	genus_candidate_requires_species_verification	Naganishia	Naganishia	genus	jrk05505	9810	https://doi.org/10.1007/s13225-020-00466-2	Basidiomycota	Tremellomycetes	Filobasidiaceae		False	True	False	False	unspecified_saprotroph						partly_aquatic		yeast	none
F68786	Sphaerobolus stellatus	ingroup	GCA_000827215.1	genus_candidate_requires_species_verification	Sphaerobolus	Sphaerobolus	genus	jrk08191	8775	https://doi.org/10.1007/s13225-020-00466-2	Basidiomycota	Agaricomycetes	Sphaerobolaceae		False	False	False	False	wood_saprotroph				wood	white_rot	non-aquatic		filamentous_mycelium	gasteroid
F1230402	Basidioascus undulatus	ingroup	GCA_055755435.1	genus_candidate_requires_species_verification	Basidioascus	Basidioascus	genus	jrk00936	9555	https://doi.org/10.1007/s13225-020-00466-2	Basidiomycota	Geminibasidiomycetes	Geminibasidiaceae		False	True	False	False	soil_saprotroph				soil		non-aquatic		filamentous_mycelium	none
F5281	Tilletiaria anomala	ingroup	GCF_000711695.1	genus_candidate_requires_species_verification	Tilletiaria	Tilletiaria	genus	jrk08853	9535	https://doi.org/10.1007/s13225-020-00466-2	Basidiomycota	Exobasidiomycetes	Tilletiariaceae		False	False	False	False	wood_saprotroph				wood		non-aquatic		dimorphic_yeast	none
F104355	Gloeophyllum trabeum	ingroup	GCF_000344685.1	genus_candidate_requires_species_verification	Gloeophyllum	Gloeophyllum	genus	jrk03454	8780	https://doi.org/10.1007/s13225-020-00466-2	Basidiomycota	Agaricomycetes	Gloeophyllaceae		False	False	False	False	wood_saprotroph				wood	brown_rot	non-aquatic		filamentous_mycelium	polyporoid
F5364	Heliocybe sulcata	ingroup	GCA_004369045.1	genus_candidate_requires_species_verification	Heliocybe	Heliocybe	genus	jrk03763	8782	https://doi.org/10.1007/s13225-020-00466-2	Basidiomycota	Agaricomycetes	Gloeophyllaceae		False	False	False	False	wood_saprotroph				wood	brown_rot	non-aquatic		filamentous_mycelium	agaricoid
F38799	Neolentinus lepideus	ingroup	GCA_001632425.1	genus_candidate_requires_species_verification	Neolentinus	Neolentinus	genus	jrk05645	8785	https://doi.org/10.1007/s13225-020-00466-2	Basidiomycota	Agaricomycetes	Gloeophyllaceae		False	False	False	False	wood_saprotroph				wood	brown_rot	non-aquatic		filamentous_mycelium	agaricoid
F112417	Gautieria morchelliformis	ingroup	GCA_015179125.1	genus_candidate_requires_species_verification	Gautieria	Gautieria	genus	jrk03344	8796	https://doi.org/10.1007/s13225-020-00466-2	Basidiomycota	Agaricomycetes	Gomphaceae		False	False	False	False	ectomycorrhizal						non-aquatic		filamentous_mycelium	gasteroid-hypogeous
F113071	Ramaria rubella	ingroup	GCA_015039355.1	genus_candidate_requires_species_verification	Ramaria	Ramaria	genus	jrk07433	8801	https://doi.org/10.1007/s13225-020-00466-2	Basidiomycota	Agaricomycetes	Gomphaceae		False	True	False	False	ectomycorrhizal						non-aquatic		filamentous_mycelium	clavarioid
F45228	Heterogastridium pycnidioideum	ingroup	GCA_058224935.1	genus_candidate_requires_species_verification	Heterogastridium	Heterogastridium	genus	jrk09901	9558	https://doi.org/10.1007/s13225-020-00466-2	Basidiomycota	Microbotryomycetes	Heterogastridiaceae		False	False	False	False	mycoparasite	fungal_decomposer			fungal_material				dimorphic_yeast	
F257869	Holtermanniella festucosa	ingroup	GCA_055755495.1	genus_candidate_requires_species_verification	Holtermanniella	Holtermanniella	genus	jrk03898	9814	https://doi.org/10.1007/s13225-020-00466-2	Basidiomycota	Tremellomycetes	Holtermanniaceae		False	False	False	False	unspecified_saprotroph						partly_aquatic		dimorphic_yeast	
F135589	Coniferiporia weirii	ingroup	GCA_024195185.1	genus_candidate_requires_species_verification	Coniferiporia	Coniferiporia	genus	jrk02006	8816	https://doi.org/10.1007/s13225-020-00466-2	Basidiomycota	Agaricomycetes	Hymenochaetaceae		False	False	False	False	wood_saprotroph	plant_pathogen		wood_pathogen	wood	white_rot	non-aquatic		filamentous_mycelium	corticioid
F208960	Fomitiporia mediterranea	ingroup	GCF_000271605.1	genus_candidate_requires_species_verification	Fomitiporia	Fomitiporia	genus	jrk03236	8822	https://doi.org/10.1007/s13225-020-00466-2	Basidiomycota	Agaricomycetes	Hymenochaetaceae		False	False	False	False	plant_pathogen	wood_saprotroph		wood_pathogen	wood	white_rot	non-aquatic		filamentous_mycelium	polyporoid
F2282107	Pyrrhoderma noxium	ingroup	GCA_002287475.2	genus_candidate_requires_species_verification	Pyrrhoderma	Pyrrhoderma	genus	jrk07381	8846	https://doi.org/10.1007/s13225-020-00466-2	Basidiomycota	Agaricomycetes	Hymenochaetaceae		False	False	False	False	wood_saprotroph				wood	white_rot	non-aquatic		filamentous_mycelium	polyporoid
F50990	Rickenella mellea	ingroup	GCA_004355085.1	genus_candidate_requires_species_verification	Rickenella	Rickenella	genus	jrk07617	8883	https://doi.org/10.1007/s13225-020-00466-2	Basidiomycota	Agaricomycetes	Rickenellaceae		False	True	False	False	plant_pathogen	bryophilous		leaf/fruit/seed_pathogen	leaf/fruit/seed		non-aquatic		filamentous_mycelium	agaricoid
F27342	Schizopora paradoxa	ingroup	GCA_001020605.1	genus_candidate_requires_species_verification	Schizopora	Schizopora	genus	jrk07854	8897	https://doi.org/10.1007/s13225-020-00466-2	Basidiomycota	Agaricomycetes	Schizoporaceae		True	False	False	False	wood_saprotroph	plant_pathogen		wood_pathogen	wood	white_rot	non-aquatic		filamentous_mycelium	corticioid
F150792	Hysterangium stoloniferum	ingroup	GCA_015178975.1	genus_candidate_requires_species_verification	Hysterangium	Hysterangium	genus	jrk04076	8906	https://doi.org/10.1007/s13225-020-00466-2	Basidiomycota	Agaricomycetes	Hysterangiaceae		False	False	False	False	ectomycorrhizal						non-aquatic		filamentous_mycelium	gasteroid-hypogeous
F202697	Jaapia argillacea	ingroup	GCA_000697665.1	genus_candidate_requires_species_verification	Jaapia	Jaapia	genus	jrk04203	8790	https://doi.org/10.1007/s13225-020-00466-2	Basidiomycota	Agaricomycetes	Jaapiaceae		False	False	False	False	wood_saprotroph				wood		non-aquatic		filamentous_mycelium	corticioid
F1323573	Meredithblackwellia eburnea	ingroup	GCA_051356775.1	genus_candidate_requires_species_verification	Meredithblackwellia	Meredithblackwellia	genus	jrk05080	9566	https://doi.org/10.1007/s13225-020-00466-2	Basidiomycota	Microbotryomycetes	Kriegeriaceae		False	False	False	False	epiphyte	litter_saprotroph			leaf/fruit/seed		non-aquatic		yeast	none
F418498	Phenoliferia psychrophenolica	ingroup	GCA_051911615.1	genus_candidate_requires_species_verification	Phenoliferia	Phenoliferia	genus	jrk06475	9567	https://doi.org/10.1007/s13225-020-00466-2	Basidiomycota	Microbotryomycetes	Kriegeriaceae		False	True	False	False	unspecified_saprotroph						non-aquatic		yeast	none
F3038894	Phenoliferia sp. Uapishka_3	ingroup	GCA_035521515.1	genus_candidate_requires_species_verification	Phenoliferia	Phenoliferia	genus	jrk06475	9567	https://doi.org/10.1007/s13225-020-00466-2	Basidiomycota	Microbotryomycetes	Kriegeriaceae	incompletely_identified_species_label	False	True	False	False	unspecified_saprotroph						non-aquatic		yeast	none
F106004	Leucosporidium creatinivorum	ingroup	GCA_002105055.1	genus_candidate_requires_species_verification	Leucosporidium	Leucosporidium	genus	jrk04665	9569	https://doi.org/10.1007/s13225-020-00466-2	Basidiomycota	Microbotryomycetes	Leucosporidiaceae		False	False	False	False	soil_saprotroph				soil		partly_aquatic		yeast	none
F223818	Malassezia japonica	ingroup	GCF_029542785.1	genus_candidate_requires_species_verification	Malassezia	Malassezia	genus	jrk09900	9557	https://doi.org/10.1007/s13225-020-00466-2	Basidiomycota	Malasseziomycetes	Malasseziaceae		False	False	False	False	soil_saprotroph	root-associated	root-associated	root-associated	roots,soil		partly_aquatic	animal-associated/opportunistic_human_parasite	yeast	none
F77020	Malassezia pachydermatis	ingroup	GCF_001278385.1	genus_candidate_requires_species_verification	Malassezia	Malassezia	genus	jrk09900	9557	https://doi.org/10.1007/s13225-020-00466-2	Basidiomycota	Malasseziomycetes	Malasseziaceae		False	False	False	False	soil_saprotroph	root-associated	root-associated	root-associated	roots,soil		partly_aquatic	animal-associated/opportunistic_human_parasite	yeast	none
F76775	Malassezia restricta	ingroup	GCF_003290485.1	genus_candidate_requires_species_verification	Malassezia	Malassezia	genus	jrk09900	9557	https://doi.org/10.1007/s13225-020-00466-2	Basidiomycota	Malasseziomycetes	Malasseziaceae		False	False	False	False	soil_saprotroph	root-associated	root-associated	root-associated	roots,soil		partly_aquatic	animal-associated/opportunistic_human_parasite	yeast	none
F76777	Malassezia sympodialis	ingroup	GCF_000349305.1	genus_candidate_requires_species_verification	Malassezia	Malassezia	genus	jrk09900	9557	https://doi.org/10.1007/s13225-020-00466-2	Basidiomycota	Malasseziomycetes	Malasseziaceae		False	False	False	False	soil_saprotroph	root-associated	root-associated	root-associated	roots,soil		partly_aquatic	animal-associated/opportunistic_human_parasite	yeast	none
F2020962	Malassezia vespertilionis	ingroup	GCF_029542925.1	genus_candidate_requires_species_verification	Malassezia	Malassezia	genus	jrk09900	9557	https://doi.org/10.1007/s13225-020-00466-2	Basidiomycota	Malasseziomycetes	Malasseziaceae		False	False	False	False	soil_saprotroph	root-associated	root-associated	root-associated	roots,soil		partly_aquatic	animal-associated/opportunistic_human_parasite	yeast	none
F269621	Microbotryum intermedium	ingroup	GCA_900096595.1	genus_candidate_requires_species_verification	Microbotryum	Microbotryum	genus	jrk05133	9572	https://doi.org/10.1007/s13225-020-00466-2	Basidiomycota	Microbotryomycetes	Microbotryaceae		False	False	False	False	plant_pathogen			leaf/fruit/seed_pathogen			non-aquatic		filamentous_mycelium	smut
F288795	Microbotryum lychnidis-dioicae	ingroup	GCA_000166175.1	genus_candidate_requires_species_verification	Microbotryum	Microbotryum	genus	jrk05133	9572	https://doi.org/10.1007/s13225-020-00466-2	Basidiomycota	Microbotryomycetes	Microbotryaceae		False	False	False	False	plant_pathogen			leaf/fruit/seed_pathogen			non-aquatic		filamentous_mycelium	smut
F289078	Microbotryum saponariae	ingroup	GCA_900102585.1	genus_candidate_requires_species_verification	Microbotryum	Microbotryum	genus	jrk05133	9572	https://doi.org/10.1007/s13225-020-00466-2	Basidiomycota	Microbotryomycetes	Microbotryaceae		False	False	False	False	plant_pathogen			leaf/fruit/seed_pathogen			non-aquatic		filamentous_mycelium	smut
F796604	Microbotryum silenes-dioicae	ingroup	GCA_900120095.1	genus_candidate_requires_species_verification	Microbotryum	Microbotryum	genus	jrk05133	9572	https://doi.org/10.1007/s13225-020-00466-2	Basidiomycota	Microbotryomycetes	Microbotryaceae		False	False	False	False	plant_pathogen			leaf/fruit/seed_pathogen			non-aquatic		filamentous_mycelium	smut
F2878321	Jaminaea pallidilutea	ingroup	GCA_976943345.1	genus_candidate_requires_species_verification	Jaminaea	Jaminaea	genus	jrk04215	9539	https://doi.org/10.1007/s13225-020-00466-2	Basidiomycota	Exobasidiomycetes	Microstromatales family incertae sedis		False	False	False	False	epiphyte	plant_pathogen		leaf/fruit/seed_pathogen	leaf/fruit/seed		non-aquatic		yeast	none
F1569628	Jaminaea rosea	ingroup	GCF_003144245.1	genus_candidate_requires_species_verification	Jaminaea	Jaminaea	genus	jrk04215	9539	https://doi.org/10.1007/s13225-020-00466-2	Basidiomycota	Exobasidiomycetes	Microstromatales family incertae sedis		False	False	False	False	epiphyte	plant_pathogen		leaf/fruit/seed_pathogen	leaf/fruit/seed		non-aquatic		yeast	none
F1684307	Microstroma glucosiphilum	ingroup	GCF_003144135.1	genus_candidate_requires_species_verification	Microstroma	Microstroma	genus	jrk05180	9538	https://doi.org/10.1007/s13225-020-00466-2	Basidiomycota	Exobasidiomycetes	Microstromataceae		False	False	False	False	plant_pathogen		no_endophytic_capacity	leaf/fruit/seed_pathogen			non-aquatic		dimorphic_yeast	none
F1463510	Parajaminaea phylloscopi	ingroup	GCA_976943335.1	genus_candidate_requires_species_verification	Parajaminaea	Parajaminaea	genus	jrk06110	9540	https://doi.org/10.1007/s13225-020-00466-2	Basidiomycota	Exobasidiomycetes	Microstromatales family incertae sedis		False	False	False	False	plant_pathogen	epiphyte	no_endophytic_capacity	leaf/fruit/seed_pathogen			non-aquatic		dimorphic_yeast	none
F574677	Sympodiomycopsis kandeliae	ingroup	GCA_976943355.1	genus_candidate_requires_species_verification	Sympodiomycopsis	Sympodiomycopsis	genus	jrk08541	9542	https://doi.org/10.1007/s13225-020-00466-2	Basidiomycota	Exobasidiomycetes	Microstromatales family incertae sedis		False	False	False	False	unspecified_symbiotroph	arthropod-associated					non-aquatic	arthropod-associated	dimorphic_yeast	none
F34349	Mixia osmundae	ingroup	GCF_000708205.1	genus_candidate_requires_species_verification	Mixia	Mixia	genus	jrk05229	9603	https://doi.org/10.1007/s13225-020-00466-2	Basidiomycota	Mixiomycetes	Mixiaceae		False	False	False	False	plant_pathogen		no_endophytic_capacity	leaf/fruit/seed_pathogen			non-aquatic		dimorphic_yeast	none
F112072	Naohidea sebacea	ingroup	GCA_058224975.1	genus_candidate_requires_species_verification	Naohidea	Naohidea	genus	jrk05525	9476	https://doi.org/10.1007/s13225-020-00466-2	Basidiomycota	Cystobasidiomycetes	Naohideaceae		False	False	False	False	mycoparasite	fungal_decomposer	no_endophytic_capacity		fungal_material		non-aquatic		dimorphic_yeast	none
F1419009	Clathrus columnatus	ingroup	GCA_020884735.1	genus_candidate_requires_species_verification	Clathrus	Clathrus	genus	jrk01828	8935	https://doi.org/10.1007/s13225-020-00466-2	Basidiomycota	Agaricomycetes	Phallaceae		False	False	False	False	soil_saprotroph				soil		non-aquatic		filamentous_mycelium	clathroid
F378194	Epithele typhae	ingroup	GCF_022376455.1	genus_candidate_requires_species_verification	Epithele	Epithele	genus	jrk03004	9083	https://doi.org/10.1007/s13225-020-00466-2	Basidiomycota	Agaricomycetes	Polyporaceae		False	False	False	False	wood_saprotroph				wood	white_rot	non-aquatic		filamentous_mycelium	corticioid
F599839	Fibroporia radiculosa	ingroup	GCF_000313525.1	genus_candidate_requires_species_verification	Fibroporia	Fibroporia	genus	jrk03165	9185	https://doi.org/10.1007/s13225-020-00466-2	Basidiomycota	Agaricomycetes	Polyporales family incertae sedis		False	False	False	False	wood_saprotroph				wood	brown_rot	non-aquatic		filamentous_mycelium	corticioid
F5630	Laetiporus sulphureus	ingroup	GCF_001632365.1	genus_candidate_requires_species_verification	Laetiporus	Laetiporus	genus	jrk04438	9021	https://doi.org/10.1007/s13225-020-00466-2	Basidiomycota	Agaricomycetes	Laetiporaceae		False	False	False	False	plant_pathogen	wood_saprotroph		wood_pathogen	wood	brown_rot	non-aquatic		filamentous_mycelium	polyporoid
F5365	Lentinus tigrinus	ingroup	GCF_003813185.1	genus_candidate_requires_species_verification	Lentinus	Lentinus	genus	jrk04572	9104	https://doi.org/10.1007/s13225-020-00466-2	Basidiomycota	Agaricomycetes	Polyporaceae		False	False	False	False	wood_saprotroph				wood	white_rot	non-aquatic		filamentous_mycelium	agaricoid
F231932	Phanerochaete carnosa	ingroup	GCF_000300595.1	genus_candidate_requires_species_verification	Phanerochaete	Phanerochaete	genus	jrk06460	9052	https://doi.org/10.1007/s13225-020-00466-2	Basidiomycota	Agaricomycetes	Phanerochaetaceae		False	False	False	False	wood_saprotroph				wood	white_rot	non-aquatic		filamentous_mycelium	corticioid
F104341	Rhodonia placenta	ingroup	GCF_002117355.1	genus_candidate_requires_species_verification	Rhodonia	Rhodonia	genus	jrk07582	9226	https://doi.org/10.1007/s13225-020-00466-2	Basidiomycota	Agaricomycetes	Polyporales family incertae sedis		False	False	False	False	wood_saprotroph				wood	brown_rot	non-aquatic		filamentous_mycelium	corticioid
F181123	Austropuccinia psidii	ingroup	GCA_000469055.2	genus_candidate_requires_species_verification	Austropuccinia	Austropuccinia	genus	jrk00838	9768	https://doi.org/10.1007/s13225-020-00466-2	Basidiomycota	Pucciniomycetes	Sphaerophragmiaceae		False	True	False	False	plant_pathogen		no_endophytic_capacity	leaf/fruit/seed_pathogen			non-aquatic		filamentous_mycelium	rust
F60197	Cronartium quercuum	ingroup	GCA_015951145.1	genus_candidate_requires_species_verification	Cronartium	Cronartium	genus	jrk02163	9622	https://doi.org/10.1007/s13225-020-00466-2	Basidiomycota	Pucciniomycetes	Coleosporiaceae		False	True	False	False	plant_pathogen		no_endophytic_capacity	leaf/fruit/seed_pathogen			non-aquatic		filamentous_mycelium	rust
F203908	Melampsora laricis-populina	ingroup	GCF_000204055.1	genus_candidate_requires_species_verification	Melampsora	Melampsora	genus	jrk05003	9630	https://doi.org/10.1007/s13225-020-00466-2	Basidiomycota	Pucciniomycetes	Melampsoraceae		False	True	False	False	plant_pathogen		no_endophytic_capacity	leaf/fruit/seed_pathogen			non-aquatic		filamentous_mycelium	rust
F170000	Phakopsora pachyrhizi	ingroup	GCA_025201825.1	genus_candidate_requires_species_verification	Phakopsora	Phakopsora	genus	jrk06453	9650	https://doi.org/10.1007/s13225-020-00466-2	Basidiomycota	Pucciniomycetes	Phakopsoraceae		False	True	False	False	plant_pathogen		no_endophytic_capacity	leaf/fruit/seed_pathogen			non-aquatic		filamentous_mycelium	rust
F208348	Puccinia triticina	ingroup	GCF_026914185.1	genus_candidate_requires_species_verification	Puccinia	Puccinia	genus	jrk07293	9699	https://doi.org/10.1007/s13225-020-00466-2	Basidiomycota	Pucciniomycetes	Pucciniaceae		False	True	False	False	plant_pathogen		no_endophytic_capacity	leaf/fruit/seed_pathogen			non-aquatic		filamentous_mycelium	rust
F48021	Artomyces pyxidatus	ingroup	GCA_022160305.1	genus_candidate_requires_species_verification	Artomyces	Artomyces	genus	jrk00634	9280	https://doi.org/10.1007/s13225-020-00466-2	Basidiomycota	Agaricomycetes	Auriscalpiaceae		False	False	False	False	wood_saprotroph				wood	white_rot	non-aquatic		filamentous_mycelium	clavarioid
F135208	Hericium alpestre	ingroup	GCA_004681135.1	genus_candidate_requires_species_verification	Hericium	Hericium	genus	jrk03818	9301	https://doi.org/10.1007/s13225-020-00466-2	Basidiomycota	Agaricomycetes	Hericiaceae		False	False	False	False	wood_saprotroph	plant_pathogen		root_pathogen	wood,roots	white_rot	non-aquatic		filamentous_mycelium	polyporoid
F984962	Heterobasidion irregulare	ingroup	GCF_000320585.1	genus_candidate_requires_species_verification	Heterobasidion	Heterobasidion	genus	jrk03833	9289	https://doi.org/10.1007/s13225-020-00466-2	Basidiomycota	Agaricomycetes	Bondarzewiaceae		False	False	False	False	plant_pathogen	wood_saprotroph		wood_pathogen	wood	white_rot	non-aquatic		filamentous_mycelium	polyporoid
F152956	Russula decolorans	ingroup	GCA_054948915.1	genus_candidate_requires_species_verification	Russula	Russula	genus	jrk07726	9329	https://doi.org/10.1007/s13225-020-00466-2	Basidiomycota	Agaricomycetes	Russulaceae		False	False	False	False	ectomycorrhizal						non-aquatic		filamentous_mycelium	agaricoid
F40492	Stereum hirsutum	ingroup	GCF_000264905.1	genus_candidate_requires_species_verification	Stereum	Stereum	genus	jrk08394	9364	https://doi.org/10.1007/s13225-020-00466-2	Basidiomycota	Agaricomycetes	Stereaceae		False	False	False	False	wood_saprotroph				wood	white_rot	non-aquatic		filamentous_mycelium	polyporoid
F1314805	Vararia minispora	ingroup	GCA_022160365.1	genus_candidate_requires_species_verification	Vararia	Vararia	genus	jrk09240	9319	https://doi.org/10.1007/s13225-020-00466-2	Basidiomycota	Agaricomycetes	Peniophoraceae		False	False	False	False	wood_saprotroph				wood	white_rot	non-aquatic		filamentous_mycelium	corticioid
F65672	Serendipita indica	ingroup	GCA_910890315.1	genus_candidate_requires_species_verification	Serendipita	Serendipita	genus	jrk08004	9379	https://doi.org/10.1007/s13225-020-00466-2	Basidiomycota	Agaricomycetes	Serendipitaceae		False	True	False	False	root_endophyte	soil_saprotroph	root_endophyte		soil		non-aquatic		filamentous_mycelium	none
F2600213	Serendipita sp. 400	ingroup	GCA_019627735.1	genus_candidate_requires_species_verification	Serendipita	Serendipita	genus	jrk08004	9379	https://doi.org/10.1007/s13225-020-00466-2	Basidiomycota	Agaricomycetes	Serendipitaceae	incompletely_identified_species_label	False	True	False	False	root_endophyte	soil_saprotroph	root_endophyte		soil		non-aquatic		filamentous_mycelium	none
F2600215	Serendipita sp. 405	ingroup	GCA_019627745.1	genus_candidate_requires_species_verification	Serendipita	Serendipita	genus	jrk08004	9379	https://doi.org/10.1007/s13225-020-00466-2	Basidiomycota	Agaricomycetes	Serendipitaceae	incompletely_identified_species_label	False	True	False	False	root_endophyte	soil_saprotroph	root_endophyte		soil		non-aquatic		filamentous_mycelium	none
F2600216	Serendipita sp. 411	ingroup	GCA_019627755.1	genus_candidate_requires_species_verification	Serendipita	Serendipita	genus	jrk08004	9379	https://doi.org/10.1007/s13225-020-00466-2	Basidiomycota	Agaricomycetes	Serendipitaceae	incompletely_identified_species_label	False	True	False	False	root_endophyte	soil_saprotroph	root_endophyte		soil		non-aquatic		filamentous_mycelium	none
F109899	Serendipita vermifera	ingroup	GCA_000827415.1	genus_candidate_requires_species_verification	Serendipita	Serendipita	genus	jrk08004	9379	https://doi.org/10.1007/s13225-020-00466-2	Basidiomycota	Agaricomycetes	Serendipitaceae		False	True	False	False	root_endophyte	soil_saprotroph	root_endophyte		soil		non-aquatic		filamentous_mycelium	none
F2834505	Sertulicium niveocremeum	ingroup	GCA_001630475.1	no_exact_genus_match	Sertulicium										False	False	False	False										
F467971	Sistotremastrum suecicum	ingroup	GCA_001632355.1	genus_candidate_requires_species_verification	Sistotremastrum	Sistotremastrum	genus	jrk08106	9414	https://doi.org/10.1007/s13225-020-00466-2	Basidiomycota	Agaricomycetes	Hydnodontaceae		False	False	False	False	wood_saprotroph				wood	white_rot	non-aquatic		filamentous_mycelium	corticioid
F69979	Phyllozyma linderae	ingroup	GCA_058224995.1	genus_candidate_requires_species_verification	Phyllozyma	Phyllozyma	genus	jrk06583	9478	https://doi.org/10.1007/s13225-020-00466-2	Basidiomycota	Cystobasidiomycetes	Spiculogloeaceae		False	False	False	False	epiphyte	litter_saprotroph	no_endophytic_capacity		leaf/fruit/seed		non-aquatic		yeast	none
F100910	Rhodosporidiobolus nylandii	ingroup	GCA_051805555.1	genus_candidate_requires_species_verification	Rhodosporidiobolus	Rhodosporidiobolus	genus	jrk07584	9599	https://doi.org/10.1007/s13225-020-00466-2	Basidiomycota	Microbotryomycetes	Sporidiobolaceae		False	False	False	False	unspecified_saprotroph						partly_aquatic		yeast	none
F29898	Rhodotorula graminis	ingroup	GCF_001329695.1	genus_candidate_requires_species_verification	Rhodotorula	Rhodotorula	genus	jrk07587	9600	https://doi.org/10.1007/s13225-020-00466-2	Basidiomycota	Microbotryomycetes	Sporidiobolaceae		False	False	False	False	unspecified_saprotroph	foliar_endophyte	foliar_endophyte				partly_aquatic	opportunistic_human_parasite	yeast	none
F5286	Rhodotorula toruloides	ingroup	GCF_000320785.1	genus_candidate_requires_species_verification	Rhodotorula	Rhodotorula	genus	jrk07587	9600	https://doi.org/10.1007/s13225-020-00466-2	Basidiomycota	Microbotryomycetes	Sporidiobolaceae		False	False	False	False	unspecified_saprotroph	foliar_endophyte	foliar_endophyte				partly_aquatic	opportunistic_human_parasite	yeast	none
F500713	Sporobolomyces koalae	ingroup	GCF_050403365.1	genus_candidate_requires_species_verification	Sporobolomyces	Sporobolomyces	genus	jrk08276	9602	https://doi.org/10.1007/s13225-020-00466-2	Basidiomycota	Microbotryomycetes	Sporidiobolaceae		False	True	False	False	mycoparasite				fungal_material		partly_aquatic		yeast	none
F183962	Sporobolomyces salmoneus	ingroup	GCF_050403485.1	genus_candidate_requires_species_verification	Sporobolomyces	Sporobolomyces	genus	jrk08276	9602	https://doi.org/10.1007/s13225-020-00466-2	Basidiomycota	Microbotryomycetes	Sporidiobolaceae		False	True	False	False	mycoparasite				fungal_material		partly_aquatic		yeast	none
F370292	Thelephora ganbajun	ingroup	GCA_014904855.1	genus_candidate_requires_species_verification	Thelephora	Thelephora	genus	jrk08781	9397	https://doi.org/10.1007/s13225-020-00466-2	Basidiomycota	Agaricomycetes	Thelephoraceae		False	False	False	False	ectomycorrhizal						non-aquatic		filamentous_mycelium	clavarioid
F56493	Thelephora terrestris	ingroup	GCA_015956445.1	genus_candidate_requires_species_verification	Thelephora	Thelephora	genus	jrk08781	9397	https://doi.org/10.1007/s13225-020-00466-2	Basidiomycota	Agaricomycetes	Thelephoraceae		False	False	False	False	ectomycorrhizal						non-aquatic		filamentous_mycelium	clavarioid
F13290	Tilletia caries	ingroup	GCA_905072865.1	genus_candidate_requires_species_verification	Tilletia	Tilletia	genus	jrk08852	9553	https://doi.org/10.1007/s13225-020-00466-2	Basidiomycota	Exobasidiomycetes	Tilletiaceae		False	False	False	False	plant_pathogen		no_endophytic_capacity	leaf/fruit/seed_pathogen			non-aquatic		dimorphic_yeast	smut
F13291	Tilletia controversa	ingroup	GCA_905071785.1	genus_candidate_requires_species_verification	Tilletia	Tilletia	genus	jrk08852	9553	https://doi.org/10.1007/s13225-020-00466-2	Basidiomycota	Exobasidiomycetes	Tilletiaceae		False	False	False	False	plant_pathogen		no_endophytic_capacity	leaf/fruit/seed_pathogen			non-aquatic		dimorphic_yeast	smut
F157183	Tilletia laevis	ingroup	GCA_905071755.1	genus_candidate_requires_species_verification	Tilletia	Tilletia	genus	jrk08852	9553	https://doi.org/10.1007/s13225-020-00466-2	Basidiomycota	Exobasidiomycetes	Tilletiaceae		False	False	False	False	plant_pathogen		no_endophytic_capacity	leaf/fruit/seed_pathogen			non-aquatic		dimorphic_yeast	smut
F1031713	Tilletia maclaganii	ingroup	GCA_052422275.1	genus_candidate_requires_species_verification	Tilletia	Tilletia	genus	jrk08852	9553	https://doi.org/10.1007/s13225-020-00466-2	Basidiomycota	Exobasidiomycetes	Tilletiaceae		False	False	False	False	plant_pathogen		no_endophytic_capacity	leaf/fruit/seed_pathogen			non-aquatic		dimorphic_yeast	smut
F117179	Tilletia walkeri	ingroup	GCA_009428295.1	genus_candidate_requires_species_verification	Tilletia	Tilletia	genus	jrk08852	9553	https://doi.org/10.1007/s13225-020-00466-2	Basidiomycota	Exobasidiomycetes	Tilletiaceae		False	False	False	False	plant_pathogen		no_endophytic_capacity	leaf/fruit/seed_pathogen			non-aquatic		dimorphic_yeast	smut
F104669	Cryptococcus amylolentus	ingroup	GCF_001720205.1	genus_candidate_requires_species_verification	Cryptococcus	Cryptococcus	genus	jrk02192	9826	https://doi.org/10.1007/s13225-020-00466-2	Basidiomycota	Tremellomycetes	Cryptococcaceae		False	True	False	False	unspecified_saprotroph	foliar_endophyte	foliar_endophyte		leaf/fruit/seed,soil,dung,animal_material		partly_aquatic	animal-associated/opportunistic_human_parasite	yeast	
F552467	Cryptococcus bacillisporus	ingroup	GCF_000836335.1	genus_candidate_requires_species_verification	Cryptococcus	Cryptococcus	genus	jrk02192	9826	https://doi.org/10.1007/s13225-020-00466-2	Basidiomycota	Tremellomycetes	Cryptococcaceae		False	True	False	False	unspecified_saprotroph	foliar_endophyte	foliar_endophyte		leaf/fruit/seed,soil,dung,animal_material		partly_aquatic	animal-associated/opportunistic_human_parasite	yeast	
F1859122	Cryptococcus decagattii	ingroup	GCF_036417295.1	genus_candidate_requires_species_verification	Cryptococcus	Cryptococcus	genus	jrk02192	9826	https://doi.org/10.1007/s13225-020-00466-2	Basidiomycota	Tremellomycetes	Cryptococcaceae		False	True	False	False	unspecified_saprotroph	foliar_endophyte	foliar_endophyte		leaf/fruit/seed,soil,dung,animal_material		partly_aquatic	animal-associated/opportunistic_human_parasite	yeast	
F40410	Cryptococcus deneoformans	ingroup	GCF_000091045.1	genus_candidate_requires_species_verification	Cryptococcus	Cryptococcus	genus	jrk02192	9826	https://doi.org/10.1007/s13225-020-00466-2	Basidiomycota	Tremellomycetes	Cryptococcaceae		False	True	False	False	unspecified_saprotroph	foliar_endophyte	foliar_endophyte		leaf/fruit/seed,soil,dung,animal_material		partly_aquatic	animal-associated/opportunistic_human_parasite	yeast	
F5208	Cryptococcus depauperatus	ingroup	GCF_001720195.1	genus_candidate_requires_species_verification	Cryptococcus	Cryptococcus	genus	jrk02192	9826	https://doi.org/10.1007/s13225-020-00466-2	Basidiomycota	Tremellomycetes	Cryptococcaceae		False	True	False	False	unspecified_saprotroph	foliar_endophyte	foliar_endophyte		leaf/fruit/seed,soil,dung,animal_material		partly_aquatic	animal-associated/opportunistic_human_parasite	yeast	
F1859096	Cryptococcus deuterogattii	ingroup	GCF_002954075.1	genus_candidate_requires_species_verification	Cryptococcus	Cryptococcus	genus	jrk02192	9826	https://doi.org/10.1007/s13225-020-00466-2	Basidiomycota	Tremellomycetes	Cryptococcaceae		False	True	False	False	unspecified_saprotroph	foliar_endophyte	foliar_endophyte		leaf/fruit/seed,soil,dung,animal_material		partly_aquatic	animal-associated/opportunistic_human_parasite	yeast	
F37769	Cryptococcus gattii	ingroup	GCF_000185945.1	genus_candidate_requires_species_verification	Cryptococcus	Cryptococcus	genus	jrk02192	9826	https://doi.org/10.1007/s13225-020-00466-2	Basidiomycota	Tremellomycetes	Cryptococcaceae		False	True	False	False	unspecified_saprotroph	foliar_endophyte	foliar_endophyte		leaf/fruit/seed,soil,dung,animal_material		partly_aquatic	animal-associated/opportunistic_human_parasite	yeast	
F5207	Cryptococcus neoformans	ingroup	GCF_000149245.1	genus_candidate_requires_species_verification	Cryptococcus	Cryptococcus	genus	jrk02192	9826	https://doi.org/10.1007/s13225-020-00466-2	Basidiomycota	Tremellomycetes	Cryptococcaceae		False	True	False	False	unspecified_saprotroph	foliar_endophyte	foliar_endophyte		leaf/fruit/seed,soil,dung,animal_material		partly_aquatic	animal-associated/opportunistic_human_parasite	yeast	
F1859121	Cryptococcus tetragattii	ingroup	GCF_000835755.1	genus_candidate_requires_species_verification	Cryptococcus	Cryptococcus	genus	jrk02192	9826	https://doi.org/10.1007/s13225-020-00466-2	Basidiomycota	Tremellomycetes	Cryptococcaceae		False	True	False	False	unspecified_saprotroph	foliar_endophyte	foliar_endophyte		leaf/fruit/seed,soil,dung,animal_material		partly_aquatic	animal-associated/opportunistic_human_parasite	yeast	
F5619	Cryptococcus wingfieldii	ingroup	GCF_001720155.1	genus_candidate_requires_species_verification	Cryptococcus	Cryptococcus	genus	jrk02192	9826	https://doi.org/10.1007/s13225-020-00466-2	Basidiomycota	Tremellomycetes	Cryptococcaceae		False	True	False	False	unspecified_saprotroph	foliar_endophyte	foliar_endophyte		leaf/fruit/seed,soil,dung,animal_material		partly_aquatic	animal-associated/opportunistic_human_parasite	yeast	
F105984	Apiotrichum porosum	ingroup	GCF_003942205.1	genus_candidate_requires_species_verification	Apiotrichum	Apiotrichum	genus	jrk00502	9869	https://doi.org/10.1007/s13225-020-00466-2	Basidiomycota	Tremellomycetes	Trichosporonaceae		False	False	False	False	soil_saprotroph				soil		partly_aquatic		yeast	none
F1890679	Cryptotrichosporon argae	ingroup	GCA_051557425.1	genus_candidate_requires_species_verification	Cryptotrichosporon	Cryptotrichosporon	genus	jrk02225	9865	https://doi.org/10.1007/s13225-020-00466-2	Basidiomycota	Tremellomycetes	Tetragoniomycetaceae		False	False	False	False	plant_pathogen			leaf/fruit/seed_pathogen			non-aquatic		yeast	none
F279322	Cutaneotrichosporon cavernicola	ingroup	GCF_030864355.1	genus_candidate_requires_species_verification	Cutaneotrichosporon	Cutaneotrichosporon	genus	jrk02267	9870	https://doi.org/10.1007/s13225-020-00466-2	Basidiomycota	Tremellomycetes	Trichosporonaceae		False	False	False	False	animal_parasite	animal_decomposer			animal_material		partly_aquatic	animal_parasite/opportunistic_human_parasite	yeast	none
F82508	Trichosporon asahii	ingroup	GCF_000293215.1	genus_candidate_requires_species_verification	Trichosporon	Trichosporon	genus	jrk09017	9874	https://doi.org/10.1007/s13225-020-00466-2	Basidiomycota	Tremellomycetes	Trichosporonaceae		False	False	False	False	animal_parasite	animal_decomposer			animal_material		non-aquatic	animal_parasite/opportunistic_human_parasite	yeast	none
F143232	Vanrija pseudolonga	ingroup	GCF_020906515.1	genus_candidate_requires_species_verification	Vanrija	Vanrija	genus	jrk09238	9875	https://doi.org/10.1007/s13225-020-00466-2	Basidiomycota	Tremellomycetes	Trichosporonaceae		False	False	False	False	wood_saprotroph				wood		non-aquatic		yeast	none
F1055551	Tritirachium sp. CBS 265.96	ingroup	GCA_058225015.1	genus_candidate_requires_species_verification	Tritirachium	Tritirachium	genus	jrk09065	9877	https://doi.org/10.1007/s13225-020-00466-2	Basidiomycota	Tritirachiomycetes	Tritirachiaceae	incompletely_identified_species_label	False	True	False	False	unspecified_saprotroph	animal_parasite	no_endophytic_capacity		soil,animal_material		partly_aquatic	animal_parasite/opportunistic_human_parasite	filamentous_mycelium	none
F1269715	Thecaphora frezii	ingroup	GCA_054907475.1	genus_candidate_requires_species_verification	Thecaphora	Thecaphora	genus	jrk08771	9887	https://doi.org/10.1007/s13225-020-00466-2	Basidiomycota	Ustilaginomycetes	Glomosporiaceae		False	False	False	False	plant_pathogen		no_endophytic_capacity	leaf/fruit/seed_pathogen			non-aquatic		dimorphic_yeast	smut
F84753	Moesziomyces antarcticus	ingroup	GCF_000747765.1	genus_candidate_requires_species_verification	Moesziomyces	Moesziomyces	genus	jrk05241	9944	https://doi.org/10.1007/s13225-020-00466-2	Basidiomycota	Ustilaginomycetes	Ustilaginaceae		False	False	False	False	plant_pathogen		no_endophytic_capacity	leaf/fruit/seed_pathogen			partly_aquatic		dimorphic_yeast	smut
F84751	Pseudozyma flocculosa	ingroup	GCF_000417875.1	genus_candidate_requires_species_verification	Pseudozyma	Pseudozyma	genus	jrk07218	9948	https://doi.org/10.1007/s13225-020-00466-2	Basidiomycota	Ustilaginomycetes	Ustilaginaceae		False	True	False	False	epiphyte	foliar_endophyte	foliar_endophyte		leaf/fruit/seed,fungal_material		partly_aquatic		yeast	
F280036	Sporisorium graminicola	ingroup	GCF_005498985.1	genus_candidate_requires_species_verification	Sporisorium	Sporisorium	genus	jrk08275	9950	https://doi.org/10.1007/s13225-020-00466-2	Basidiomycota	Ustilaginomycetes	Ustilaginaceae		False	False	False	False	plant_pathogen		no_endophytic_capacity	leaf/fruit/seed_pathogen			non-aquatic		dimorphic_yeast	smut
F1882483	Testicularia cyperi	ingroup	GCA_003144125.1	genus_candidate_requires_species_verification	Testicularia	Testicularia	genus	jrk08721	9912	https://doi.org/10.1007/s13225-020-00466-2	Basidiomycota	Ustilaginomycetes	Anthracoideaceae		False	False	False	False	plant_pathogen		no_endophytic_capacity	leaf/fruit/seed_pathogen			non-aquatic		dimorphic_yeast	smut
F120017	Ustilago hordei	ingroup	GCF_900519145.1	genus_candidate_requires_species_verification	Ustilago	Ustilago	genus	jrk09201	9955	https://doi.org/10.1007/s13225-020-00466-2	Basidiomycota	Ustilaginomycetes	Ustilaginaceae		False	False	False	False	plant_pathogen		no_endophytic_capacity	leaf/fruit/seed_pathogen			partly_aquatic		dimorphic_yeast	smut
F1673888	Violaceomyces palustris	ingroup	GCA_003144235.1	genus_candidate_requires_species_verification	Violaceomyces	Violaceomyces	genus	jrk09341	9960	https://doi.org/10.1007/s13225-020-00466-2	Basidiomycota	Ustilaginomycetes	Violaceomycetaceae		False	False	False	False	epiphyte	litter_saprotroph	no_endophytic_capacity		leaf/fruit/seed		partly_freshwater_(partly_non-aquatic)		yeast	none
F1708542	Wallemia canadensis	ingroup	GCA_056320075.1	genus_candidate_requires_species_verification	Wallemia	Wallemia	genus	jrk09224	9961	https://doi.org/10.1007/s13225-020-00466-2	Basidiomycota	Wallemiomycetes	Wallemiaceae		False	True	False	False	unspecified_saprotroph				sugar-rich_substrates		partly_aquatic		filamentous_mycelium	none
F1540922	Wallemia hederae	ingroup	GCA_004918325.1	genus_candidate_requires_species_verification	Wallemia	Wallemia	genus	jrk09224	9961	https://doi.org/10.1007/s13225-020-00466-2	Basidiomycota	Wallemiomycetes	Wallemiaceae		False	True	False	False	unspecified_saprotroph				sugar-rich_substrates		partly_aquatic		filamentous_mycelium	none
F245174	Wallemia ichthyophaga	ingroup	GCF_000400465.1	genus_candidate_requires_species_verification	Wallemia	Wallemia	genus	jrk09224	9961	https://doi.org/10.1007/s13225-020-00466-2	Basidiomycota	Wallemiomycetes	Wallemiaceae		False	True	False	False	unspecified_saprotroph				sugar-rich_substrates		partly_aquatic		filamentous_mycelium	none
F1708541	Wallemia mellicola	ingroup	GCF_000263375.1	genus_candidate_requires_species_verification	Wallemia	Wallemia	genus	jrk09224	9961	https://doi.org/10.1007/s13225-020-00466-2	Basidiomycota	Wallemiomycetes	Wallemiaceae		False	True	False	False	unspecified_saprotroph				sugar-rich_substrates		partly_aquatic		filamentous_mycelium	none
F64504	Allomyces arbusculus	ingroup	GCA_027604705.1	genus_candidate_requires_species_verification	Allomyces	Allomyces	genus	jrk00229	9963	https://doi.org/10.1007/s13225-020-00466-2	Blastocladiomycota	Blastocladiomycetes	Blastocladiaceae		False	False	False	False	soil_saprotroph				soil		non-aquatic		zoosporic-rhizomycelial_(chytrid-like)	zoosporangium
F64505	Allomyces javanicus	ingroup	GCA_027604645.1	genus_candidate_requires_species_verification	Allomyces	Allomyces	genus	jrk00229	9963	https://doi.org/10.1007/s13225-020-00466-2	Blastocladiomycota	Blastocladiomycetes	Blastocladiaceae		False	False	False	False	soil_saprotroph				soil		non-aquatic		zoosporic-rhizomycelial_(chytrid-like)	zoosporangium
F28583	Allomyces macrogynus	ingroup	GCA_000151295.1	genus_candidate_requires_species_verification	Allomyces	Allomyces	genus	jrk00229	9963	https://doi.org/10.1007/s13225-020-00466-2	Blastocladiomycota	Blastocladiomycetes	Blastocladiaceae		False	False	False	False	soil_saprotroph				soil		non-aquatic		zoosporic-rhizomycelial_(chytrid-like)	zoosporangium
F64508	Blastocladiella britannica	ingroup	GCA_025349905.2	genus_candidate_requires_species_verification	Blastocladiella	Blastocladiella	genus	jrk09649	9965	https://doi.org/10.1007/s13225-020-00466-2	Blastocladiomycota	Blastocladiomycetes	Blastocladiaceae		False	False	False	False	soil_saprotroph				soil		non-aquatic		zoosporic-rhizomycelial_(chytrid-like)	zoosporangium
F4808	Blastocladiella emersonii	ingroup	GCA_025594325.1	genus_candidate_requires_species_verification	Blastocladiella	Blastocladiella	genus	jrk09649	9965	https://doi.org/10.1007/s13225-020-00466-2	Blastocladiomycota	Blastocladiomycetes	Blastocladiaceae		False	False	False	False	soil_saprotroph				soil		non-aquatic		zoosporic-rhizomycelial_(chytrid-like)	zoosporangium
F109876	Catenaria anguillulae	ingroup	GCA_002102555.1	genus_candidate_requires_species_verification	Catenaria	Catenaria	genus	jrk09650	9968	https://doi.org/10.1007/s13225-020-00466-2	Blastocladiomycota	Blastocladiomycetes	Catenariaceae		False	False	False	False	animal_parasite	animal_decomposer	no_endophytic_capacity		animal_material		partly_freshwater_(partly_non-aquatic)	nematophagous	zoosporic-rhizomycelial_(chytrid-like)	zoosporangium
F945690	Coelomomyces lativittatus	ingroup	GCA_026937265.1	genus_candidate_requires_species_verification	Coelomomyces	Coelomomyces	genus	jrk01930	9975	https://doi.org/10.1007/s13225-020-00466-2	Blastocladiomycota	Blastocladiomycetes	Coelomomycetaceae		False	False	False	False	animal_parasite	animal_decomposer			animal_material		partly_freshwater_(partly_non-aquatic)	arthropod_parasite	zoosporic-rhizomycelial_(chytrid-like)	zoosporangium
F3075319	Sorochytrium milnesiophthora	ingroup	GCA_051624525.1	genus_candidate_requires_species_verification	Sorochytrium	Sorochytrium	genus	jrk08153	9972	https://doi.org/10.1007/s13225-020-00466-2	Blastocladiomycota	Blastocladiomycetes	Sorochytriaceae		False	False	False	False	animal_parasite	animal_decomposer	no_endophytic_capacity		animal_material		non-aquatic	animal_parasite	zoosporic-rhizomycelial_(chytrid-like)	zoosporangium
F1500003	Paraphysoderma sedebokerense	ingroup	GCA_025602915.1	genus_candidate_requires_species_verification	Paraphysoderma	Paraphysoderma	genus	jrk06150	9978	https://doi.org/10.1007/s13225-020-00466-2	Blastocladiomycota	Physodermatomycetes	Paraphysodermataceae		False	False	False	False	algal_parasite		no_endophytic_capacity	algal_parasite	algal_material		freshwater		zoosporic-rhizomycelial_(chytrid-like)	zoosporangium
F911321	Calcarisporiella thermophila	ingroup	GCF_041956535.1	genus_candidate_requires_species_verification	Calcarisporiella	Calcarisporiella	genus	jrk01301	9980	https://doi.org/10.1007/s13225-020-00466-2	Calcarisporiellomycota	Calcarisporiellomycetes	Calcarisporiellaceae		False	True	False	False	soil_saprotroph				soil		non-aquatic		filamentous_mycelium	none
F1555241	Caulochytrium protostelioides	ingroup	GCA_003615045.1	genus_candidate_requires_species_verification	Caulochytrium	Caulochytrium	genus	jrk01501	9982	https://doi.org/10.1007/s13225-020-00466-2	Chytridiomycota	Caulochytriomycetes	Caulochytriaceae		False	False	False	False	mycoparasite	fungal_decomposer			fungal_material		non-aquatic		zoosporic-rhizomycelial_(chytrid-like)	zoosporangium
F1774096	Dinochytrium kinnereticum	ingroup	GCA_027604005.1	genus_candidate_requires_species_verification	Dinochytrium	Dinochytrium	genus	jrk02658	9987	https://doi.org/10.1007/s13225-020-00466-2	Chytridiomycota	Chytridiomycetes	Chytridiaceae		False	False	False	False	algal_parasite	pollen_saprotroph	no_endophytic_capacity	algal_parasite	algal_material,pollen		partly_aquatic		zoosporic-rhizomycelial_(chytrid-like)	zoosporangium
F109932	Entophlyctis luteolus	ingroup	GCA_027604725.1	genus_candidate_requires_species_verification	Entophlyctis	Entophlyctis	genus	jrk02968	9995	https://doi.org/10.1007/s13225-020-00466-2	Chytridiomycota	Chytridiomycetes	Chytriomycetaceae		False	False	False	False	litter_saprotroph	algal_parasite		algal_parasite	leaf/fruit/seed,algal_material		freshwater		zoosporic-rhizomycelial_(chytrid-like)	zoosporangium
F1604274	Cladochytrium tenue	ingroup	GCA_026954515.1	genus_candidate_requires_species_verification	Cladochytrium	Cladochytrium	genus	jrk01801	10064	https://doi.org/10.1007/s13225-020-00466-2	Chytridiomycota	Cladochytriomycetes	Cladochytriaceae		True	False	False	False	litter_saprotroph	algal_decomposer			leaf/fruit/seed,algal_material		freshwater		zoosporic-rhizomycelial_(chytrid-like)	zoosporangium
F109889	Lobulomyces angularis	ingroup	GCA_027604685.1	genus_candidate_requires_species_verification	Lobulomyces	Lobulomyces	genus	jrk04762	10076	https://doi.org/10.1007/s13225-020-00466-2	Chytridiomycota	Lobulomycetes	Lobulomycetaceae		False	False	False	False	pollen_saprotroph	vertebrate-associated			pollen,animal_material	keratinolytic	non-aquatic	vertebrate-associated	zoosporic-rhizomycelial_(chytrid-like)	zoosporangium
F110093	Polychytrium aggregatum	ingroup	GCF_025602895.1	genus_candidate_requires_species_verification	Polychytrium	Polychytrium	genus	jrk06839	10085	https://doi.org/10.1007/s13225-020-00466-2	Chytridiomycota	Polychytriomycetes	Polychytriaceae		False	False	False	False	animal-associated	animal_decomposer			animal_material		partly_freshwater_(partly_non-aquatic)	animal-associated	zoosporic-rhizomycelial_(chytrid-like)	zoosporangium
F2735257	Borealophlyctis nickersoniae	ingroup	GCA_027604605.1	genus_candidate_requires_species_verification	Borealophlyctis	Borealophlyctis	genus	jrk01110	10087	https://doi.org/10.1007/s13225-020-00466-2	Chytridiomycota	Rhizophlyctidomycetes	Borealophlyctidaceae		False	False	False	False	soil_saprotroph	litter_saprotroph			leaf/fruit/seed,soil		non-aquatic		zoosporic-rhizomycelial_(chytrid-like)	zoosporangium
F64517	Rhizophlyctis rosea	ingroup	GCA_027596075.1	genus_candidate_requires_species_verification	Rhizophlyctis	Rhizophlyctis	genus	jrk07562	10088	https://doi.org/10.1007/s13225-020-00466-2	Chytridiomycota	Rhizophlyctidomycetes	Rhizophlyctidaceae		False	False	False	False	litter_saprotroph	algal_parasite		algal_parasite	leaf/fruit/seed,algal_material		non-aquatic		zoosporic-rhizomycelial_(chytrid-like)	zoosporangium
F382532	Globomyces pollinis-pini	ingroup	GCA_025399215.1	genus_candidate_requires_species_verification	Globomyces	Globomyces	genus	jrk03431	10099	https://doi.org/10.1007/s13225-020-00466-2	Chytridiomycota	Rhizophydiomycetes	Globomycetaceae		False	False	False	False	pollen_saprotroph				pollen		partly_freshwater_(partly_non-aquatic)		zoosporic-rhizomycelial_(chytrid-like)	zoosporangium
F1396493	Fimicolochytrium jonesii	ingroup	GCF_025526975.1	genus_candidate_requires_species_verification	Fimicolochytrium	Fimicolochytrium	genus	jrk03181	10116	https://doi.org/10.1007/s13225-020-00466-2	Chytridiomycota	Spizellomycetes	Powellomycetaceae		False	False	False	False	pollen_saprotroph	algal_parasite		algal_parasite	pollen		partly_freshwater_(partly_non-aquatic)		zoosporic-rhizomycelial_(chytrid-like)	zoosporangium
F109760	Spizellomyces punctatus	ingroup	GCF_000182565.1	genus_candidate_requires_species_verification	Spizellomyces	Spizellomyces	genus	jrk08253	10126	https://doi.org/10.1007/s13225-020-00466-2	Chytridiomycota	Spizellomycetes	Spizellomycetaceae		False	False	False	False	pollen_saprotroph				pollen		partly_freshwater_(partly_non-aquatic)		zoosporic-rhizomycelial_(chytrid-like)	zoosporangium
F1806994	Synchytrium microbalum	ingroup	GCF_006535985.1	genus_candidate_requires_species_verification	Synchytrium	Synchytrium	genus	jrk08558	10131	https://doi.org/10.1007/s13225-020-00466-2	Chytridiomycota	Synchytriomycetes	Synchytriaceae		False	False	False	False	plant_pathogen	litter_saprotroph		leaf/fruit/seed_pathogen	leaf/fruit/seed		partly_freshwater_(partly_non-aquatic)		zoosporic_only	zoosporangium
F34488	Conidiobolus coronatus	ingroup	GCA_001566745.1	genus_candidate_requires_species_verification	Conidiobolus	Conidiobolus	genus	jrk02002	10136	https://doi.org/10.1007/s13225-020-00466-2	Entomophthoromycota	Entomophthoromycetes	Ancylistaceae		False	False	False	False	animal_parasite	animal_decomposer	no_endophytic_capacity		animal_material			animal_parasite/opportunistic_human_parasite	filamentous_mycelium	
F34485	Entomophthora muscae	ingroup	GCA_014839935.2	genus_candidate_requires_species_verification	Entomophthora	Entomophthora	genus	jrk02966	10141	https://doi.org/10.1007/s13225-020-00466-2	Entomophthoromycota	Entomophthoromycetes	Entomophthoraceae		False	False	False	False	animal_parasite	animal_decomposer	no_endophytic_capacity		animal_material		partly_freshwater_(partly_non-aquatic)	animal_parasite	filamentous_mycelium	
F348617	Massospora cicadina	ingroup	GCA_022478985.1	genus_candidate_requires_species_verification	Massospora	Massospora	genus	jrk04957	10145	https://doi.org/10.1007/s13225-020-00466-2	Entomophthoromycota	Entomophthoromycetes	Entomophthoraceae		False	False	False	False	animal_parasite	animal_decomposer	no_endophytic_capacity		animal_material			animal_parasite	filamentous_mycelium	
F76012	Neoconidiobolus thromboides	ingroup	GCA_025603075.1	genus_candidate_requires_species_verification	Neoconidiobolus	Neoconidiobolus	genus		430	https://doi.org/10.1007/s13225-020-00466-2	Entomophthoromycota	Entomophthoromycetes	Ancylistaceae		False	False	False	False	animal_parasite	animal_decomposer	no_endophytic_capacity		animal_material			animal_parasite/opportunistic_human_parasite	filamentous_mycelium	
F144530	Ambispora gerdemannii	ingroup	GCA_910591945.1	genus_candidate_requires_species_verification	Ambispora	Ambispora	genus	jrk00278	10159	https://doi.org/10.1007/s13225-020-00466-2	Glomeromycota	Archaeosporomycetes	Ambisporaceae		False	False	False	False	arbuscular_mycorrhizal	root-associated	root_endophyte						filamentous_mycelium	none
F144679	Ambispora leptoticha	ingroup	GCA_910591765.1	genus_candidate_requires_species_verification	Ambispora	Ambispora	genus	jrk00278	10159	https://doi.org/10.1007/s13225-020-00466-2	Glomeromycota	Archaeosporomycetes	Ambisporaceae		False	False	False	False	arbuscular_mycorrhizal	root-associated	root_endophyte						filamentous_mycelium	none
F50956	Geosiphon pyriformis	ingroup	GCA_016748015.1	genus_candidate_requires_species_verification	Geosiphon	Geosiphon	genus	jrk03382	10163	https://doi.org/10.1007/s13225-020-00466-2	Glomeromycota	Archaeosporomycetes	Geosiphonaceae		False	False	False	False	lichenized	arbuscular_mycorrhizal	root_endophyte				non-aquatic		other	none
F27376	Acaulospora colombiana	ingroup	GCA_910592055.1	genus_candidate_requires_species_verification	Acaulospora	Acaulospora	genus	jrk00048	10164	https://doi.org/10.1007/s13225-020-00466-2	Glomeromycota	Glomeromycetes	Acaulosporaceae		False	False	False	False	arbuscular_mycorrhizal	root-associated	root_endophyte						filamentous_mycelium	none
F1348612	Diversispora epigaea	ingroup	GCA_003547095.1	genus_candidate_requires_species_verification	Diversispora	Diversispora	genus	jrk02740	10168	https://doi.org/10.1007/s13225-020-00466-2	Glomeromycota	Glomeromycetes	Diversisporaceae		False	False	False	False	arbuscular_mycorrhizal	root-associated	root_endophyte						filamentous_mycelium	none
F4874	Gigaspora margarita	ingroup	GCA_009809945.1	genus_candidate_requires_species_verification	Gigaspora	Gigaspora	genus	jrk03402	10178	https://doi.org/10.1007/s13225-020-00466-2	Glomeromycota	Glomeromycetes	Gigasporaceae		False	False	False	False	arbuscular_mycorrhizal	root-associated	root_endophyte						filamentous_mycelium	none
F2562287	Entrophospora sp. SA101	ingroup	GCA_958431285.1	genus_candidate_requires_species_verification	Entrophospora	Entrophospora	genus	jrk02970	10187	https://doi.org/10.1007/s13225-020-00466-2	Glomeromycota	Glomeromycetes	Entrophosporaceae	incompletely_identified_species_label	False	False	False	False	arbuscular_mycorrhizal	root-associated	root_endophyte						filamentous_mycelium	none
F1117311	Funneliformis geosporum	ingroup	GCA_946474995.1	genus_candidate_requires_species_verification	Funneliformis	Funneliformis	genus	jrk03274	10189	https://doi.org/10.1007/s13225-020-00466-2	Glomeromycota	Glomeromycetes	Glomeraceae		False	False	False	False	arbuscular_mycorrhizal	root-associated	root_endophyte						filamentous_mycelium	none
F658196	Glomus cerebriforme	ingroup	GCA_003550305.1	genus_candidate_requires_species_verification	Glomus	Glomus	genus	jrk03475	10190	https://doi.org/10.1007/s13225-020-00466-2	Glomeromycota	Glomeromycetes	Glomeraceae		False	False	False	False	arbuscular_mycorrhizal	root-associated	root_endophyte				partly_freshwater_(partly_non-aquatic)		filamentous_mycelium	none
F588596	Rhizophagus irregularis	ingroup	GCF_026210795.1	genus_candidate_requires_species_verification	Rhizophagus	Rhizophagus	genus	jrk09768	10195	https://doi.org/10.1007/s13225-020-00466-2	Glomeromycota	Glomeromycetes	Glomeraceae		False	False	False	False	arbuscular_mycorrhizal	root-associated	root_endophyte						filamentous_mycelium	none
F144538	Paraglomus brasilianum	ingroup	GCA_910592345.1	genus_candidate_requires_species_verification	Paraglomus	Paraglomus	genus	jrk06100	10202	https://doi.org/10.1007/s13225-020-00466-2	Glomeromycota	Paraglomeromycetes	Paraglomeraceae		False	False	False	False	arbuscular_mycorrhizal	root-associated	root_endophyte						filamentous_mycelium	none
F144539	Paraglomus occultum	ingroup	GCA_910592205.1	genus_candidate_requires_species_verification	Paraglomus	Paraglomus	genus	jrk06100	10202	https://doi.org/10.1007/s13225-020-00466-2	Glomeromycota	Paraglomeromycetes	Paraglomeraceae		False	False	False	False	arbuscular_mycorrhizal	root-associated	root_endophyte						filamentous_mycelium	none
F215637	Dimargaris cristalligena	ingroup	GCA_027576995.1	genus_candidate_requires_species_verification	Dimargaris	Dimargaris	genus	jrk02641	10215	https://doi.org/10.1007/s13225-020-00466-2	Kickxellomycota	Dimargaritomycetes	Dimargaritaceae		False	False	False	False	mycoparasite	dung_saprotroph			fungal_material,dung				filamentous_mycelium	
F1520584	Dispira parvispora	ingroup	GCA_027577015.1	genus_candidate_requires_species_verification	Dispira	Dispira	genus	jrk02719	10216	https://doi.org/10.1007/s13225-020-00466-2	Kickxellomycota	Dimargaritomycetes	Dimargaritaceae		False	False	False	False	mycoparasite	dung_saprotroph			fungal_material,dung				filamentous_mycelium	
F78921	Tieghemiomyces parasiticus	ingroup	GCA_027575765.1	genus_candidate_requires_species_verification	Tieghemiomyces	Tieghemiomyces	genus	jrk08848	10218	https://doi.org/10.1007/s13225-020-00466-2	Kickxellomycota	Dimargaritomycetes	Dimargaritaceae		False	False	False	False	mycoparasite	dung_saprotroph			fungal_material,dung				filamentous_mycelium	
F61424	Furculomyces boomerangus	ingroup	GCA_003086725.1	genus_candidate_requires_species_verification	Furculomyces	Furculomyces	genus	jrk03276	10237	https://doi.org/10.1007/s13225-020-00466-2	Kickxellomycota	Harpellomycetes	Legeriomycetaceae		False	False	False	False	animal_endosymbiont		no_endophytic_capacity		leaf/fruit/seed		non-aquatic	animal_endosymbiont	filamentous_mycelium	
F133377	Smittium angustum	ingroup	GCA_003097675.1	genus_candidate_requires_species_verification	Smittium	Smittium	genus	jrk08130	10256	https://doi.org/10.1007/s13225-020-00466-2	Kickxellomycota	Harpellomycetes	Legeriomycetaceae		False	False	False	False	animal_endosymbiont		no_endophytic_capacity		leaf/fruit/seed		non-aquatic	animal_endosymbiont	filamentous_mycelium	
F133385	Smittium simulii	ingroup	GCA_003086735.1	genus_candidate_requires_species_verification	Smittium	Smittium	genus	jrk08130	10256	https://doi.org/10.1007/s13225-020-00466-2	Kickxellomycota	Harpellomycetes	Legeriomycetaceae		False	False	False	False	animal_endosymbiont		no_endophytic_capacity		leaf/fruit/seed		non-aquatic	animal_endosymbiont	filamentous_mycelium	
F1213189	Zancudomyces culisetae	ingroup	GCA_001969505.1	genus_candidate_requires_species_verification	Zancudomyces	Zancudomyces	genus	jrk08582	10260	https://doi.org/10.1007/s13225-020-00466-2	Kickxellomycota	Harpellomycetes	Legeriomycetaceae		False	False	False	False	animal_endosymbiont		no_endophytic_capacity		leaf/fruit/seed		non-aquatic	animal_endosymbiont	filamentous_mycelium	
F2650707	Coemansia brasiliensis	ingroup	GCA_027579605.1	genus_candidate_requires_species_verification	Coemansia	Coemansia	genus	jrk01933	10266	https://doi.org/10.1007/s13225-020-00466-2	Kickxellomycota	Kickxellomycetes	Kickxellaceae		False	False	False	False	soil_saprotroph	dung_saprotroph			soil,dung		non-aquatic		filamentous_mycelium	
F4866	Dipsacomyces acuminosporus	ingroup	GCA_027576915.1	genus_candidate_requires_species_verification	Dipsacomyces	Dipsacomyces	genus	jrk02694	10267	https://doi.org/10.1007/s13225-020-00466-2	Kickxellomycota	Kickxellomycetes	Kickxellaceae		False	False	False	False	soil_saprotroph				soil		non-aquatic		filamentous_mycelium	
F61397	Kickxella alabastrina	ingroup	GCF_025024165.1	genus_candidate_requires_species_verification	Kickxella	Kickxella	genus	jrk04316	10268	https://doi.org/10.1007/s13225-020-00466-2	Kickxellomycota	Kickxellomycetes	Kickxellaceae		False	False	False	False	soil_saprotroph				soil		non-aquatic		filamentous_mycelium	
F61395	Linderina pennispora	ingroup	GCF_002104995.1	genus_candidate_requires_species_verification	Linderina	Linderina	genus	jrk04724	10269	https://doi.org/10.1007/s13225-020-00466-2	Kickxellomycota	Kickxellomycetes	Kickxellaceae		False	False	False	False	soil_saprotroph				soil		non-aquatic		filamentous_mycelium	
F304332	Ramicandelaber brevisporus	ingroup	GCA_025201865.1	genus_candidate_requires_species_verification	Ramicandelaber	Ramicandelaber	genus	jrk07438	10278	https://doi.org/10.1007/s13225-020-00466-2	Kickxellomycota	Ramicandelaberomycetes	Ramicandelaberaceae		False	False	False	False	soil_saprotroph				soil		non-aquatic		filamentous_mycelium	
F164912	Astathelohania contejeani	ingroup	GCA_014805555.1	no_exact_genus_match	Astathelohania										False	False	False	False										
F70536	Edhazardia aedis	ingroup	GCA_000230595.3	genus_candidate_requires_species_verification	Edhazardia	Edhazardia	genus	jrk02840	10530	https://doi.org/10.1007/s13225-020-00466-2	Rozellomycota	Microsporidea	Amblyosporidae		False	True	False	False	animal_parasite		no_endophytic_capacity					animal_parasite	unicellular-aflagellate_(non-yeast)	none
F6035	Encephalitozoon cuniculi	ingroup	GCF_000091225.2	genus_candidate_requires_species_verification	Encephalitozoon	Encephalitozoon	genus	jrk02891	10688	https://doi.org/10.1007/s13225-020-00466-2	Rozellomycota	Microsporidea	Encephalitozoonidae		False	True	False	False	animal_parasite		no_endophytic_capacity					animal_parasite	unicellular-aflagellate_(non-yeast)	none
F174680	Glugoides intestinalis	ingroup	GCA_052576065.1	genus_candidate_requires_species_verification	Glugoides	Glugoides	genus	jrk03481	10711	https://doi.org/10.1007/s13225-020-00466-2	Rozellomycota	Microsporidea	Nosematida family incertae sedis		False	True	False	False	animal_parasite		no_endophytic_capacity					animal_parasite	unicellular-aflagellate_(non-yeast)	none
F174688	Gurleya vavrai	ingroup	GCA_052575965.1	genus_candidate_requires_species_verification	Gurleya	Gurleya	genus	jrk10144	10552	https://doi.org/10.1007/s13225-020-00466-2	Rozellomycota	Microsporidea	Gurleyidae		False	True	False	False	animal_parasite		no_endophytic_capacity					animal_parasite	unicellular-aflagellate_(non-yeast)	none
F1176355	Hamiltosporidium tvaerminnensis	ingroup	GCA_022605425.2	genus_candidate_requires_species_verification	Hamiltosporidium	Hamiltosporidium	genus	jrk10139	10640	https://doi.org/10.1007/s13225-020-00466-2	Rozellomycota	Microsporidea	Microsporidea family incertae sedis		False	True	False	False	animal_parasite		no_endophytic_capacity					animal_parasite	unicellular-aflagellate_(non-yeast)	none
F1081669	Hepatospora eriocheir	ingroup	GCA_002087885.1	genus_candidate_requires_species_verification	Hepatospora	Hepatospora	genus	jrk03810	10693	https://doi.org/10.1007/s13225-020-00466-2	Rozellomycota	Microsporidea	Enterocytozoonidae		False	True	False	False	animal_parasite		no_endophytic_capacity					animal_parasite	unicellular-aflagellate_(non-yeast)	none
F1300064	Nucleospora cyclopteri	ingroup	GCA_049996435.1	genus_candidate_requires_species_verification	Nucleospora	Nucleospora	genus	jrk05819	10694	https://doi.org/10.1007/s13225-020-00466-2	Rozellomycota	Microsporidea	Enterocytozoonidae		False	True	False	False	animal_parasite		no_endophytic_capacity					animal_parasite	unicellular-aflagellate_(non-yeast)	none
F3039483	Ordospora pajunii	ingroup	GCF_021821965.1	genus_candidate_requires_species_verification	Ordospora	Ordospora	genus	jrk05956	10721	https://doi.org/10.1007/s13225-020-00466-2	Rozellomycota	Microsporidea	Ordosporidae		False	True	False	False	animal_parasite		no_endophytic_capacity					animal_parasite	unicellular-aflagellate_(non-yeast)	none
F291195	Tubulinosema ratisbonensis	ingroup	GCA_004000155.1	genus_candidate_requires_species_verification	Tubulinosema	Tubulinosema	genus	jrk09108	10687	https://doi.org/10.1007/s13225-020-00466-2	Rozellomycota	Microsporidea	Tubulinosematidae		False	True	False	False	animal_parasite		no_endophytic_capacity					animal_parasite	unicellular-aflagellate_(non-yeast)	none
F6039	Vairimorpha necatrix	ingroup	GCF_036630325.1	genus_candidate_requires_species_verification	Vairimorpha	Vairimorpha	genus	jrk09218	10720	https://doi.org/10.1007/s13225-020-00466-2	Rozellomycota	Microsporidea	Nosematidae		False	True	False	False	animal_parasite		no_endophytic_capacity					animal_parasite	unicellular-aflagellate_(non-yeast)	none
F103449	Vavraia culicis	ingroup	GCF_000192795.1	genus_candidate_requires_species_verification	Vavraia	Vavraia	genus	jrk09256	10583	https://doi.org/10.1007/s13225-020-00466-2	Rozellomycota	Microsporidea	Pleistophoridae		False	True	False	False	animal_parasite		no_endophytic_capacity					animal_parasite	unicellular-aflagellate_(non-yeast)	none
F82268	Hyaloraphidium curvatum	ingroup	GCA_025558095.1	genus_candidate_requires_species_verification	Hyaloraphidium	Hyaloraphidium	genus	jrk03959	10301	https://doi.org/10.1007/s13225-020-00466-2	Monoblepharomycota	Hyaloraphidiomycetes	Hyaloraphidiaceae		False	False	False	False	litter_saprotroph	algal_decomposer			leaf/fruit/seed,algal_material		freshwater		zoosporic-rhizomycelial_(chytrid-like)	zoosporangium
F1123529	Gonapodya prolifera	ingroup	GCA_001574975.1	genus_candidate_requires_species_verification	Gonapodya	Gonapodya	genus	jrk03506	10302	https://doi.org/10.1007/s13225-020-00466-2	Monoblepharomycota	Monoblepharidomycetes	Gonapodyaceae		False	False	False	False	litter_saprotroph				leaf/fruit/seed		partly_freshwater_(partly_non-aquatic)		zoosporic-rhizomycelial_(chytrid-like)	zoosporangium
F2725673	Gonapodya sp. JEL0774	ingroup	GCA_027604505.1	genus_candidate_requires_species_verification	Gonapodya	Gonapodya	genus	jrk03506	10302	https://doi.org/10.1007/s13225-020-00466-2	Monoblepharomycota	Monoblepharidomycetes	Gonapodyaceae	incompletely_identified_species_label	False	False	False	False	litter_saprotroph				leaf/fruit/seed		partly_freshwater_(partly_non-aquatic)		zoosporic-rhizomycelial_(chytrid-like)	zoosporangium
F1343610	Actinomortierella ambigua	ingroup	GCA_016098155.1	no_exact_genus_match	Actinomortierella										False	False	False	False										
F979620	Dissophora ornata	ingroup	GCA_025201705.1	genus_candidate_requires_species_verification	Dissophora	Dissophora	genus	jrk02723	10311	https://doi.org/10.1007/s13225-020-00466-2	Mortierellomycota	Mortierellomycetes	Mortierellaceae		False	False	False	False	soil_saprotroph				soil	chitinolytic	non-aquatic		filamentous_mycelium	none
F101097	Entomortierella chlamydospora	ingroup	GCA_015849335.1	no_exact_genus_match	Entomortierella										False	False	False	False										
F101098	Gamsiella multidivaricata	ingroup	GCF_025024155.1	genus_candidate_requires_species_verification	Gamsiella	Gamsiella	genus	jrk03328	10312	https://doi.org/10.1007/s13225-020-00466-2	Mortierellomycota	Mortierellomycetes	Mortierellaceae		False	False	False	False	soil_saprotroph	dung_saprotroph			soil,dung	mold	non-aquatic		filamentous_mycelium	none
F979690	Gryganskiella cystojenkinii	ingroup	GCA_015852425.1	no_exact_genus_match	Gryganskiella										False	False	False	False										
F1897645	Haplosporangium bisporale	ingroup	GCA_015500155.1	genus_candidate_requires_species_verification	Haplosporangium	Haplosporangium	genus	jrk09907	10313	https://doi.org/10.1007/s13225-020-00466-2	Mortierellomycota	Mortierellomycetes	Mortierellaceae		False	False	False	False	soil_saprotroph				soil	chitinolytic	non-aquatic		filamentous_mycelium	none
F604196	Linnemannia exigua	ingroup	GCA_016097895.1	no_exact_genus_match	Linnemannia										False	False	False	False										
F64571	Lobosporangium transversale	ingroup	GCF_002105155.1	genus_candidate_requires_species_verification	Lobosporangium	Lobosporangium	genus	jrk04759	10314	https://doi.org/10.1007/s13225-020-00466-2	Mortierellomycota	Mortierellomycetes	Mortierellaceae		False	False	False	False	soil_saprotroph				soil	chitinolytic	non-aquatic		filamentous_mycelium	zygosporangium
F979761	Lunasporangiospora selenospora	ingroup	GCA_015680635.1	no_exact_genus_match	Lunasporangiospora										False	False	False	False										
F1440133	Modicella reniformis	ingroup	GCA_015849295.1	genus_candidate_requires_species_verification	Modicella	Modicella	genus	jrk05238	10315	https://doi.org/10.1007/s13225-020-00466-2	Mortierellomycota	Mortierellomycetes	Mortierellaceae		False	False	False	False	soil_saprotroph				soil	chitinolytic	non-aquatic		filamentous_mycelium	zygosporangium
F1343614	Mortierella claussenii	ingroup	GCA_022750515.1	genus_candidate_requires_species_verification	Mortierella	Mortierella	genus	jrk05302	10316	https://doi.org/10.1007/s13225-020-00466-2	Mortierellomycota	Mortierellomycetes	Mortierellaceae		False	False	False	False	soil_saprotroph	root-associated	root-associated	root-associated	roots,soil	chitinolytic	partly_aquatic	opportunistic_human_parasite	filamentous_mycelium	none
F64525	Podila minutissima	ingroup	GCA_016098005.1	no_exact_genus_match	Podila										False	False	False	False										
F1938954	Bifiguratus adelaidae	ingroup	GCA_002261195.1	genus_candidate_requires_species_verification	Bifiguratus	Bifiguratus	genus	jrk01024	10383	https://doi.org/10.1007/s13225-020-00466-2	Mucoromycota	Mucoromycota class incertae sedis	Mucoromycota family incertae sedis		False	False	False	False	soil_saprotroph				soil	mold	non-aquatic		filamentous_mycelium	none
F2340872	Endogone sp. FLAS-F59071	ingroup	GCA_003990785.1	genus_candidate_requires_species_verification	Endogone	Endogone	genus	jrk02917	10318	https://doi.org/10.1007/s13225-020-00466-2	Mucoromycota	Endogonomycetes	Endogonaceae	incompletely_identified_species_label	False	True	False	False	soil_saprotroph	root_endophyte	root_endophyte	root-associated	soil		non-aquatic		filamentous_mycelium	zygosporangium
F994334	Jimgerdemannia flammicorona	ingroup	GCA_003990745.1	genus_candidate_requires_species_verification	Jimgerdemannia	Jimgerdemannia	genus	jrk04233	10319	https://doi.org/10.1007/s13225-020-00466-2	Mucoromycota	Endogonomycetes	Endogonaceae		False	False	False	False	ectomycorrhizal	root-associated	root-associated				non-aquatic		filamentous_mycelium	zygosporangium
F708070	Mucor velutinosus	ingroup	GCF_035048745.1	genus_candidate_requires_species_verification	Mucor	Mucor	genus	jrk05314	10360	https://doi.org/10.1007/s13225-020-00466-2	Mucoromycota	Mucoromycetes	Mucoraceae		False	False	False	False	soil_saprotroph				soil	mold	partly_aquatic	opportunistic_human_parasite	filamentous_mycelium	none
F64632	Mycotypha africana	ingroup	GCF_025528875.1	genus_candidate_requires_species_verification	Mycotypha	Mycotypha	genus	jrk05430	10370	https://doi.org/10.1007/s13225-020-00466-2	Mucoromycota	Mucoromycetes	Mycotyphaceae		False	False	False	False	soil_saprotroph	dung_saprotroph			soil,dung	mold	non-aquatic	opportunistic_human_parasite	filamentous_mycelium	none
F4837	Phycomyces blakesleeanus	ingroup	GCF_001638985.1	genus_candidate_requires_species_verification	Phycomyces	Phycomyces	genus	jrk06553	10371	https://doi.org/10.1007/s13225-020-00466-2	Mucoromycota	Mucoromycetes	Phycomycetaceae		False	False	False	False	dung_saprotroph	soil_saprotroph			dung,soil	mold	non-aquatic		filamentous_mycelium	none
F4840	Rhizomucor pusillus	ingroup	GCF_041956525.1	genus_candidate_requires_species_verification	Rhizomucor	Rhizomucor	genus	jrk07559	10342	https://doi.org/10.1007/s13225-020-00466-2	Mucoromycota	Mucoromycetes	Lichtheimiaceae		False	False	False	False	soil_saprotroph				soil	mold	partly_aquatic	opportunistic_human_parasite	filamentous_mycelium	none
F58291	Rhizopus microsporus	ingroup	GCF_002708625.1	genus_candidate_requires_species_verification	Rhizopus	Rhizopus	genus	jrk07568	10376	https://doi.org/10.1007/s13225-020-00466-2	Mucoromycota	Mucoromycetes	Rhizopodaceae		False	False	False	False	soil_saprotroph	plant_pathogen		leaf/fruit/seed_pathogen	leaf/fruit/seed,soil	mold	non-aquatic	opportunistic_human_parasite	filamentous_mycelium	none
F91625	Umbelopsis isabellina	ingroup	GCA_016758905.1	genus_candidate_requires_species_verification	Umbelopsis	Umbelopsis	genus	jrk09156	10387	https://doi.org/10.1007/s13225-020-00466-2	Mucoromycota	Umbelopsidomycetes	Umbelopsidaceae		False	False	False	False	soil_saprotroph	root-associated	root-associated	root-associated	roots,soil	mold	non-aquatic		filamentous_mycelium	none
F64526	Umbelopsis nana	ingroup	GCA_054906655.1	genus_candidate_requires_species_verification	Umbelopsis	Umbelopsis	genus	jrk09156	10387	https://doi.org/10.1007/s13225-020-00466-2	Mucoromycota	Umbelopsidomycetes	Umbelopsidaceae		False	False	False	False	soil_saprotroph	root-associated	root-associated	root-associated	roots,soil	mold	non-aquatic		filamentous_mycelium	none
F41833	Umbelopsis ramanniana	ingroup	GCF_025399195.1	genus_candidate_requires_species_verification	Umbelopsis	Umbelopsis	genus	jrk09156	10387	https://doi.org/10.1007/s13225-020-00466-2	Mucoromycota	Umbelopsidomycetes	Umbelopsidaceae		False	False	False	False	soil_saprotroph	root-associated	root-associated	root-associated	roots,soil	mold	non-aquatic		filamentous_mycelium	none
F44442	Umbelopsis vinacea	ingroup	GCA_977110975.1	genus_candidate_requires_species_verification	Umbelopsis	Umbelopsis	genus	jrk09156	10387	https://doi.org/10.1007/s13225-020-00466-2	Mucoromycota	Umbelopsidomycetes	Umbelopsidaceae		False	False	False	False	soil_saprotroph	root-associated	root-associated	root-associated	roots,soil	mold	non-aquatic		filamentous_mycelium	none
F1754192	Anaeromyces robustus	ingroup	GCA_002104895.1	genus_candidate_requires_species_verification	Anaeromyces	Anaeromyces	genus	jrk09912	10388	https://doi.org/10.1007/s13225-020-00466-2	Neocallimastigomycota	Neocallimastigomycetes	Neocallimastigaceae		False	True	False	False	animal_endosymbiont	litter_saprotroph			leaf/fruit/seed		non-aquatic	animal_endosymbiont	zoosporic-rhizomycelial_(chytrid-like)	zoosporangium
F1754190	Neocallimastix californiae	ingroup	GCA_002104975.1	genus_candidate_requires_species_verification	Neocallimastix	Neocallimastix	genus	jrk09916	10392	https://doi.org/10.1007/s13225-020-00466-2	Neocallimastigomycota	Neocallimastigomycetes	Neocallimastigaceae		False	True	False	False	animal_endosymbiont	litter_saprotroph			leaf/fruit/seed		non-aquatic	animal_endosymbiont	zoosporic-rhizomycelial_(chytrid-like)	zoosporangium
F2767002	Neocallimastix lanati (nom. inval.)	ingroup	GCA_016946835.1	genus_candidate_requires_species_verification	Neocallimastix	Neocallimastix	genus	jrk09916	10392	https://doi.org/10.1007/s13225-020-00466-2	Neocallimastigomycota	Neocallimastigomycetes	Neocallimastigaceae		False	True	False	False	animal_endosymbiont	litter_saprotroph			leaf/fruit/seed		non-aquatic	animal_endosymbiont	zoosporic-rhizomycelial_(chytrid-like)	zoosporangium
F3108450	Neocallimastix sp. 'constans'	ingroup	GCA_050613775.1	genus_candidate_requires_species_verification	Neocallimastix	Neocallimastix	genus	jrk09916	10392	https://doi.org/10.1007/s13225-020-00466-2	Neocallimastigomycota	Neocallimastigomycetes	Neocallimastigaceae	incompletely_identified_species_label	False	True	False	False	animal_endosymbiont	litter_saprotroph			leaf/fruit/seed		non-aquatic	animal_endosymbiont	zoosporic-rhizomycelial_(chytrid-like)	zoosporangium
F1754191	Piromyces finnis	ingroup	GCA_002104945.1	genus_candidate_requires_species_verification	Piromyces	Piromyces	genus	jrk09919	10395	https://doi.org/10.1007/s13225-020-00466-2	Neocallimastigomycota	Neocallimastigomycetes	Neocallimastigaceae		False	True	False	False	animal_endosymbiont	litter_saprotroph			leaf/fruit/seed		non-aquatic	animal_endosymbiont	zoosporic-rhizomycelial_(chytrid-like)	zoosporangium
F73868	Piromyces sp. E2	ingroup	GCA_002157105.1	genus_candidate_requires_species_verification	Piromyces	Piromyces	genus	jrk09919	10395	https://doi.org/10.1007/s13225-020-00466-2	Neocallimastigomycota	Neocallimastigomycetes	Neocallimastigaceae	incompletely_identified_species_label	False	True	False	False	animal_endosymbiont	litter_saprotroph			leaf/fruit/seed		non-aquatic	animal_endosymbiont	zoosporic-rhizomycelial_(chytrid-like)	zoosporangium
F278681	Olpidium bornovanus	ingroup	GCA_017911155.1	genus_candidate_requires_species_verification	Olpidium	Olpidium	genus	jrk05895	875	https://doi.org/10.1007/s13225-020-00466-2	Olpidiomycota	Olpidiomycetes	Olpidiaceae		False	True	False	False	algal_parasite	plant_pathogen		leaf/fruit/seed_pathogen,algal_parasite	leaf/fruit/seed,roots,algal_material,animal_material		partly_aquatic		zoosporic-plasmodium_(aphelid)	zoosporangium
F1246581	Paramicrosporidium saccamoebae	ingroup	GCA_002794465.1	genus_candidate_requires_species_verification	Paramicrosporidium	Paramicrosporidium	genus	jrk06123	10738	https://doi.org/10.1007/s13225-020-00466-2	Rozellomycota	Rozellomycota class incertae sedis	Rozellomycota family incertae sedis		False	False	False	False	protistan_parasite		no_endophytic_capacity		protist_material				unicellular-aflagellate_(non-yeast)	none
F281847	Rozella allomycis	ingroup	GCA_000442015.1	genus_candidate_requires_species_verification	Rozella	Rozella	genus	jrk07700	10726	https://doi.org/10.1007/s13225-020-00466-2	Rozellomycota	Rozellomycetes	Rozellaceae		False	False	False	False	mycoparasite	fungal_decomposer	no_endophytic_capacity		fungal_material		partly_aquatic		zoosporic-plasmodium_(aphelid)	none
F1907219	Piptocephalis cylindrospora	ingroup	GCA_003614145.1	genus_candidate_requires_species_verification	Piptocephalis	Piptocephalis	genus	jrk06630	10759	https://doi.org/10.1007/s13225-020-00466-2	Zoopagomycota	Zoopagomycetes	Piptocephalidaceae		False	False	False	False	mycoparasite	fungal_decomposer			fungal_material				filamentous_mycelium	
F1286916	Piptocephalis tieghemiana	ingroup	GCA_025603285.1	genus_candidate_requires_species_verification	Piptocephalis	Piptocephalis	genus	jrk06630	10759	https://doi.org/10.1007/s13225-020-00466-2	Zoopagomycota	Zoopagomycetes	Piptocephalidaceae		False	False	False	False	mycoparasite	fungal_decomposer			fungal_material				filamentous_mycelium	
F1851187	Syncephalis fuscata	ingroup	GCA_025786725.1	genus_candidate_requires_species_verification	Syncephalis	Syncephalis	genus	jrk08554	10760	https://doi.org/10.1007/s13225-020-00466-2	Zoopagomycota	Zoopagomycetes	Piptocephalidaceae		False	False	False	False	mycoparasite	fungal_decomposer			fungal_material				filamentous_mycelium	
F1851185	Syncephalis plumigaleata	ingroup	GCA_025201365.1	genus_candidate_requires_species_verification	Syncephalis	Syncephalis	genus	jrk08554	10760	https://doi.org/10.1007/s13225-020-00466-2	Zoopagomycota	Zoopagomycetes	Piptocephalidaceae		False	False	False	False	mycoparasite	fungal_decomposer			fungal_material				filamentous_mycelium	
F1712513	Syncephalis pseudoplumigaleata	ingroup	GCA_003614755.1	genus_candidate_requires_species_verification	Syncephalis	Syncephalis	genus	jrk08554	10760	https://doi.org/10.1007/s13225-020-00466-2	Zoopagomycota	Zoopagomycetes	Piptocephalidaceae		False	False	False	False	mycoparasite	fungal_decomposer			fungal_material				filamentous_mycelium	
F78915	Thamnocephalis sphaerospora	ingroup	GCA_003614735.1	genus_candidate_requires_species_verification	Thamnocephalis	Thamnocephalis	genus	jrk08757	10764	https://doi.org/10.1007/s13225-020-00466-2	Zoopagomycota	Zoopagomycetes	Sigmoideomycetaceae		False	False	False	False	mycoparasite	fungal_decomposer	no_endophytic_capacity		fungal_material				filamentous_mycelium	
F2109901	Amoeboradix gromovi	ingroup	GCA_018985225.1	genus_candidate_requires_species_verification	Amoeboradix	Amoeboradix	genus	jrk00303	10308	https://doi.org/10.1007/s13225-020-00466-2	Monoblepharomycota	Sanchytriomycetes	Sanchytriaceae		False	False	False	False	algal_parasite		no_endophytic_capacity	algal_parasite	algal_material		freshwater		zoosporic-rhizomycelial_(chytrid-like)	zoosporangium
F2020955	Sanchytrium tribonematis	ingroup	GCA_018985235.1	genus_candidate_requires_species_verification	Sanchytrium	Sanchytrium	genus	jrk07773	10309	https://doi.org/10.1007/s13225-020-00466-2	Monoblepharomycota	Sanchytriomycetes	Sanchytriaceae		False	False	False	False	algal_parasite		no_endophytic_capacity	algal_parasite	algal_material		freshwater		zoosporic-rhizomycelial_(chytrid-like)	zoosporangium
O691883	Fonticula alba	outgroup	GCF_000388065.1	outgroup_not_assigned	Fonticula										False	False	False	False										
O81824	Monosiga brevicollis	outgroup	GCF_000002865.3	outgroup_not_assigned	Monosiga										False	False	False	False										
O946362	Salpingoeca rosetta	outgroup	GCF_000188695.1	outgroup_not_assigned	Salpingoeca										False	False	False	False										
O192875	Capsaspora owczarzaki	outgroup	GCF_000151315.2	outgroup_not_assigned	Capsaspora										False	False	False	False										
O72019	Sphaeroforma arctica	outgroup	GCF_001186125.1	outgroup_not_assigned	Sphaeroforma										False	False	False	False										
O529818	Thecamonas trahens	outgroup	GCF_000142905.1	outgroup_not_assigned	Thecamonas										False	False	False	False										
O5755	Acanthamoeba castellanii	outgroup	GCF_000313135.1	outgroup_not_assigned	Acanthamoeba										False	False	False	False										
O44689	Dictyostelium discoideum	outgroup	GCF_000004695.1	outgroup_not_assigned	Dictyostelium										False	False	False	False										
O5786	Dictyostelium purpureum	outgroup	GCF_000190715.1	outgroup_not_assigned	Dictyostelium										False	False	False	False										
O133409	Polysphondylium violaceum	outgroup	GCA_000277445.1	outgroup_not_assigned	Polysphondylium										False	False	False	False										
O1890364	Planoprotostelium fungivorum	outgroup	GCA_003024175.1	outgroup_not_assigned	Planoprotostelium										False	False	False	False										
O400682	Amphimedon queenslandica	outgroup	GCF_000090795.2	outgroup_not_assigned	Amphimedon										False	False	False	False										
O45351	Nematostella vectensis	outgroup	GCF_932526225.1	outgroup_not_assigned	Nematostella										False	False	False	False										
O10228	Trichoplax adhaerens	outgroup	GCF_000150275.1	outgroup_not_assigned	Trichoplax										False	False	False	False										
O27923	Mnemiopsis leidyi	outgroup	GCA_048537945.1	outgroup_not_assigned	Mnemiopsis										False	False	False	False										
O7227	Drosophila melanogaster	outgroup	GCF_000001215.4	outgroup_not_assigned	Drosophila										False	False	False	False										
O6239	Caenorhabditis elegans	outgroup	GCF_000002985.6	outgroup_not_assigned	Caenorhabditis										False	False	False	False										
O283909	Capitella teleta	outgroup	GCA_000328365.1	outgroup_not_assigned	Capitella										False	False	False	False										
O225164	Lottia gigantea	outgroup	GCF_000327385.1	outgroup_not_assigned	Lottia										False	False	False	False										
O2700040	Branchiostoma floridae	outgroup	GCF_019207075.1	outgroup_not_assigned	Branchiostoma										False	False	False	False										
OFS5426470	Corallochytrium limacisporum	outgroup	figshare:5426470.v1	outgroup_not_assigned	Corallochytrium										False	False	False	False										
OFS5426494	Chromosphaera perkinsii	outgroup	figshare:5426494.v1	outgroup_not_assigned	Chromosphaera										False	False	False	False										
OFS5426506	Pirum gemmata	outgroup	figshare:5426506.v2	outgroup_not_assigned	Pirum										False	False	False	False										
OFS5426458	Abeoforma whisleri	outgroup	figshare:5426458.v1	outgroup_not_assigned	Abeoforma										False	False	False	False										
OFS1403592	Creolimax fragrantissima	outgroup	figshare:1403592.v1	outgroup_not_assigned	Creolimax										False	False	False	False										
