entry_id	entity_id	model_id	sequence_sha256	entry_initial_release_date	prediction_model_created_date	chronology	starting_model_review	training_independence
10MT	10MT_4	AF-P21242-F1	8283ba552d1a3cf6c49a4d151043a7ef16df99a3d9c30a2b73e7692d36d2c844	2026-07-22T00:00:00.000+00:00	2025-08-01T00:00:00Z	released_after_prediction_creation	only_experimental_starting_models_reported_not_independence_proof	unresolved_release_and_creation_dates_are_not_training_or_template_cutoffs
10OG	10OG_4	AF-P21242-F1	8283ba552d1a3cf6c49a4d151043a7ef16df99a3d9c30a2b73e7692d36d2c844	2026-07-22T00:00:00.000+00:00	2025-08-01T00:00:00Z	released_after_prediction_creation	only_experimental_starting_models_reported_not_independence_proof	unresolved_release_and_creation_dates_are_not_training_or_template_cutoffs
10QT	10QT_6	AF-P21242-F1	8283ba552d1a3cf6c49a4d151043a7ef16df99a3d9c30a2b73e7692d36d2c844	2026-07-22T00:00:00.000+00:00	2025-08-01T00:00:00Z	released_after_prediction_creation	only_experimental_starting_models_reported_not_independence_proof	unresolved_release_and_creation_dates_are_not_training_or_template_cutoffs
10SJ	10SJ_8	AF-P21242-F1	8283ba552d1a3cf6c49a4d151043a7ef16df99a3d9c30a2b73e7692d36d2c844	2026-07-22T00:00:00.000+00:00	2025-08-01T00:00:00Z	released_after_prediction_creation	only_experimental_starting_models_reported_not_independence_proof	unresolved_release_and_creation_dates_are_not_training_or_template_cutoffs
10ZY	10ZY_5	AF-Q08235-F1	9c6a83a9da179422c01547e108ce6567394cb22d09cd08dfff98fa7fd2cf807e	2026-07-01T00:00:00.000+00:00	2025-08-01T00:00:00Z	released_after_prediction_creation	only_experimental_starting_models_reported_not_independence_proof	unresolved_release_and_creation_dates_are_not_training_or_template_cutoffs
10ZY	10ZY_7	AF-P36049-F1	69b75365f8a13f44361dc06155facde5c7b69920d4b15224becbad9da053cc21	2026-07-01T00:00:00.000+00:00	2025-08-01T00:00:00Z	released_after_prediction_creation	only_experimental_starting_models_reported_not_independence_proof	unresolved_release_and_creation_dates_are_not_training_or_template_cutoffs
10ZZ	10ZZ_5	AF-Q08235-F1	9c6a83a9da179422c01547e108ce6567394cb22d09cd08dfff98fa7fd2cf807e	2026-07-01T00:00:00.000+00:00	2025-08-01T00:00:00Z	released_after_prediction_creation	only_experimental_starting_models_reported_not_independence_proof	unresolved_release_and_creation_dates_are_not_training_or_template_cutoffs
10ZZ	10ZZ_7	AF-P36049-F1	69b75365f8a13f44361dc06155facde5c7b69920d4b15224becbad9da053cc21	2026-07-01T00:00:00.000+00:00	2025-08-01T00:00:00Z	released_after_prediction_creation	only_experimental_starting_models_reported_not_independence_proof	unresolved_release_and_creation_dates_are_not_training_or_template_cutoffs
11AA	11AA_10	AF-Q08235-F1	9c6a83a9da179422c01547e108ce6567394cb22d09cd08dfff98fa7fd2cf807e	2026-07-01T00:00:00.000+00:00	2025-08-01T00:00:00Z	released_after_prediction_creation	only_experimental_starting_models_reported_not_independence_proof	unresolved_release_and_creation_dates_are_not_training_or_template_cutoffs
11AA	11AA_12	AF-P36049-F1	69b75365f8a13f44361dc06155facde5c7b69920d4b15224becbad9da053cc21	2026-07-01T00:00:00.000+00:00	2025-08-01T00:00:00Z	released_after_prediction_creation	only_experimental_starting_models_reported_not_independence_proof	unresolved_release_and_creation_dates_are_not_training_or_template_cutoffs
1A1D	1A1D_1	AF-P20436-F1	ce7cd70250d0b569e39e2cf28c28578cac6ef076795fe9e170de624038c4019d	1999-03-02T00:00:00.000+00:00	2025-08-01T00:00:00Z	released_before_prediction_creation	starting_model_annotation_missing	unresolved_release_and_creation_dates_are_not_training_or_template_cutoffs
1B54	1B54_1	AF-P38197-F1	3ab20e43cb9a9ed62a43edda032c310a5fee86328bb762d1c4f9387bccf0c74b	1999-01-27T00:00:00.000+00:00	2025-08-01T00:00:00Z	released_before_prediction_creation	starting_model_annotation_missing	unresolved_release_and_creation_dates_are_not_training_or_template_cutoffs
1I3Q	1I3Q_5	AF-P20435-F1	b35ac6750b96213d2e2f4608750f185b2daf71c690e6c7ef0382f39de2ec7d1c	2001-04-25T00:00:00.000+00:00	2025-08-01T00:00:00Z	released_before_prediction_creation	starting_model_annotation_missing	unresolved_release_and_creation_dates_are_not_training_or_template_cutoffs
1I3Q	1I3Q_6	AF-P20436-F1	ce7cd70250d0b569e39e2cf28c28578cac6ef076795fe9e170de624038c4019d	2001-04-25T00:00:00.000+00:00	2025-08-01T00:00:00Z	released_before_prediction_creation	starting_model_annotation_missing	unresolved_release_and_creation_dates_are_not_training_or_template_cutoffs
1I3Q	1I3Q_9	AF-P38902-F1	e5ca72de84371c102b60be5d242b8952d384447efd42abc54d2fc7b284a64b0b	2001-04-25T00:00:00.000+00:00	2025-08-01T00:00:00Z	released_before_prediction_creation	starting_model_annotation_missing	unresolved_release_and_creation_dates_are_not_training_or_template_cutoffs
1I50	1I50_5	AF-P20435-F1	b35ac6750b96213d2e2f4608750f185b2daf71c690e6c7ef0382f39de2ec7d1c	2001-04-23T00:00:00.000+00:00	2025-08-01T00:00:00Z	released_before_prediction_creation	starting_model_annotation_missing	unresolved_release_and_creation_dates_are_not_training_or_template_cutoffs
1I50	1I50_6	AF-P20436-F1	ce7cd70250d0b569e39e2cf28c28578cac6ef076795fe9e170de624038c4019d	2001-04-23T00:00:00.000+00:00	2025-08-01T00:00:00Z	released_before_prediction_creation	starting_model_annotation_missing	unresolved_release_and_creation_dates_are_not_training_or_template_cutoffs
1I50	1I50_9	AF-P38902-F1	e5ca72de84371c102b60be5d242b8952d384447efd42abc54d2fc7b284a64b0b	2001-04-23T00:00:00.000+00:00	2025-08-01T00:00:00Z	released_before_prediction_creation	starting_model_annotation_missing	unresolved_release_and_creation_dates_are_not_training_or_template_cutoffs
1I6H	1I6H_11	AF-P38902-F1	e5ca72de84371c102b60be5d242b8952d384447efd42abc54d2fc7b284a64b0b	2001-04-23T00:00:00.000+00:00	2025-08-01T00:00:00Z	released_before_prediction_creation	only_experimental_starting_models_reported_not_independence_proof	unresolved_release_and_creation_dates_are_not_training_or_template_cutoffs
1I6H	1I6H_7	AF-P20435-F1	b35ac6750b96213d2e2f4608750f185b2daf71c690e6c7ef0382f39de2ec7d1c	2001-04-23T00:00:00.000+00:00	2025-08-01T00:00:00Z	released_before_prediction_creation	only_experimental_starting_models_reported_not_independence_proof	unresolved_release_and_creation_dates_are_not_training_or_template_cutoffs
1I6H	1I6H_8	AF-P20436-F1	ce7cd70250d0b569e39e2cf28c28578cac6ef076795fe9e170de624038c4019d	2001-04-23T00:00:00.000+00:00	2025-08-01T00:00:00Z	released_before_prediction_creation	only_experimental_starting_models_reported_not_independence_proof	unresolved_release_and_creation_dates_are_not_training_or_template_cutoffs
1K83	1K83_5	AF-P20435-F1	b35ac6750b96213d2e2f4608750f185b2daf71c690e6c7ef0382f39de2ec7d1c	2002-02-13T00:00:00.000+00:00	2025-08-01T00:00:00Z	released_before_prediction_creation	only_experimental_starting_models_reported_not_independence_proof	unresolved_release_and_creation_dates_are_not_training_or_template_cutoffs
1K83	1K83_6	AF-P20436-F1	ce7cd70250d0b569e39e2cf28c28578cac6ef076795fe9e170de624038c4019d	2002-02-13T00:00:00.000+00:00	2025-08-01T00:00:00Z	released_before_prediction_creation	only_experimental_starting_models_reported_not_independence_proof	unresolved_release_and_creation_dates_are_not_training_or_template_cutoffs
1K83	1K83_9	AF-P38902-F1	e5ca72de84371c102b60be5d242b8952d384447efd42abc54d2fc7b284a64b0b	2002-02-13T00:00:00.000+00:00	2025-08-01T00:00:00Z	released_before_prediction_creation	only_experimental_starting_models_reported_not_independence_proof	unresolved_release_and_creation_dates_are_not_training_or_template_cutoffs
1NIK	1NIK_11	AF-P38902-F1	e5ca72de84371c102b60be5d242b8952d384447efd42abc54d2fc7b284a64b0b	2003-04-29T00:00:00.000+00:00	2025-08-01T00:00:00Z	released_before_prediction_creation	only_experimental_starting_models_reported_not_independence_proof	unresolved_release_and_creation_dates_are_not_training_or_template_cutoffs
1NIK	1NIK_6	AF-P20435-F1	b35ac6750b96213d2e2f4608750f185b2daf71c690e6c7ef0382f39de2ec7d1c	2003-04-29T00:00:00.000+00:00	2025-08-01T00:00:00Z	released_before_prediction_creation	only_experimental_starting_models_reported_not_independence_proof	unresolved_release_and_creation_dates_are_not_training_or_template_cutoffs
1NIK	1NIK_8	AF-P20436-F1	ce7cd70250d0b569e39e2cf28c28578cac6ef076795fe9e170de624038c4019d	2003-04-29T00:00:00.000+00:00	2025-08-01T00:00:00Z	released_before_prediction_creation	only_experimental_starting_models_reported_not_independence_proof	unresolved_release_and_creation_dates_are_not_training_or_template_cutoffs
1NT9	1NT9_11	AF-P38902-F1	e5ca72de84371c102b60be5d242b8952d384447efd42abc54d2fc7b284a64b0b	2003-04-22T00:00:00.000+00:00	2025-08-01T00:00:00Z	released_before_prediction_creation	only_experimental_starting_models_reported_not_independence_proof	unresolved_release_and_creation_dates_are_not_training_or_template_cutoffs
1NT9	1NT9_6	AF-P20435-F1	b35ac6750b96213d2e2f4608750f185b2daf71c690e6c7ef0382f39de2ec7d1c	2003-04-22T00:00:00.000+00:00	2025-08-01T00:00:00Z	released_before_prediction_creation	only_experimental_starting_models_reported_not_independence_proof	unresolved_release_and_creation_dates_are_not_training_or_template_cutoffs
1NT9	1NT9_7	AF-P34087-F1	83d3a4bb2b77f2d447e2e34483b92f4a0abd024d20c78f29b9187d33c13f070a	2003-04-22T00:00:00.000+00:00	2025-08-01T00:00:00Z	released_before_prediction_creation	only_experimental_starting_models_reported_not_independence_proof	unresolved_release_and_creation_dates_are_not_training_or_template_cutoffs
1NT9	1NT9_8	AF-P20436-F1	ce7cd70250d0b569e39e2cf28c28578cac6ef076795fe9e170de624038c4019d	2003-04-22T00:00:00.000+00:00	2025-08-01T00:00:00Z	released_before_prediction_creation	only_experimental_starting_models_reported_not_independence_proof	unresolved_release_and_creation_dates_are_not_training_or_template_cutoffs
1PQV	1PQV_11	AF-P38902-F1	e5ca72de84371c102b60be5d242b8952d384447efd42abc54d2fc7b284a64b0b	2003-08-19T00:00:00.000+00:00	2025-08-01T00:00:00Z	released_before_prediction_creation	starting_model_annotation_missing	unresolved_release_and_creation_dates_are_not_training_or_template_cutoffs
1PQV	1PQV_6	AF-P20435-F1	b35ac6750b96213d2e2f4608750f185b2daf71c690e6c7ef0382f39de2ec7d1c	2003-08-19T00:00:00.000+00:00	2025-08-01T00:00:00Z	released_before_prediction_creation	starting_model_annotation_missing	unresolved_release_and_creation_dates_are_not_training_or_template_cutoffs
1PQV	1PQV_7	AF-P34087-F1	83d3a4bb2b77f2d447e2e34483b92f4a0abd024d20c78f29b9187d33c13f070a	2003-08-19T00:00:00.000+00:00	2025-08-01T00:00:00Z	released_before_prediction_creation	starting_model_annotation_missing	unresolved_release_and_creation_dates_are_not_training_or_template_cutoffs
1PQV	1PQV_8	AF-P20436-F1	ce7cd70250d0b569e39e2cf28c28578cac6ef076795fe9e170de624038c4019d	2003-08-19T00:00:00.000+00:00	2025-08-01T00:00:00Z	released_before_prediction_creation	starting_model_annotation_missing	unresolved_release_and_creation_dates_are_not_training_or_template_cutoffs
1R5U	1R5U_5	AF-P20435-F1	b35ac6750b96213d2e2f4608750f185b2daf71c690e6c7ef0382f39de2ec7d1c	2004-02-17T00:00:00.000+00:00	2025-08-01T00:00:00Z	released_before_prediction_creation	only_experimental_starting_models_reported_not_independence_proof	unresolved_release_and_creation_dates_are_not_training_or_template_cutoffs
1R5U	1R5U_6	AF-P20436-F1	ce7cd70250d0b569e39e2cf28c28578cac6ef076795fe9e170de624038c4019d	2004-02-17T00:00:00.000+00:00	2025-08-01T00:00:00Z	released_before_prediction_creation	only_experimental_starting_models_reported_not_independence_proof	unresolved_release_and_creation_dates_are_not_training_or_template_cutoffs
1R5U	1R5U_9	AF-P38902-F1	e5ca72de84371c102b60be5d242b8952d384447efd42abc54d2fc7b284a64b0b	2004-02-17T00:00:00.000+00:00	2025-08-01T00:00:00Z	released_before_prediction_creation	only_experimental_starting_models_reported_not_independence_proof	unresolved_release_and_creation_dates_are_not_training_or_template_cutoffs
1R9S	1R9S_11	AF-P38902-F1	e5ca72de84371c102b60be5d242b8952d384447efd42abc54d2fc7b284a64b0b	2004-11-16T00:00:00.000+00:00	2025-08-01T00:00:00Z	released_before_prediction_creation	only_experimental_starting_models_reported_not_independence_proof	unresolved_release_and_creation_dates_are_not_training_or_template_cutoffs
1R9S	1R9S_7	AF-P20435-F1	b35ac6750b96213d2e2f4608750f185b2daf71c690e6c7ef0382f39de2ec7d1c	2004-11-16T00:00:00.000+00:00	2025-08-01T00:00:00Z	released_before_prediction_creation	only_experimental_starting_models_reported_not_independence_proof	unresolved_release_and_creation_dates_are_not_training_or_template_cutoffs
1R9S	1R9S_8	AF-P20436-F1	ce7cd70250d0b569e39e2cf28c28578cac6ef076795fe9e170de624038c4019d	2004-11-16T00:00:00.000+00:00	2025-08-01T00:00:00Z	released_before_prediction_creation	only_experimental_starting_models_reported_not_independence_proof	unresolved_release_and_creation_dates_are_not_training_or_template_cutoffs
1R9T	1R9T_12	AF-P38902-F1	e5ca72de84371c102b60be5d242b8952d384447efd42abc54d2fc7b284a64b0b	2004-11-16T00:00:00.000+00:00	2025-08-01T00:00:00Z	released_before_prediction_creation	only_experimental_starting_models_reported_not_independence_proof	unresolved_release_and_creation_dates_are_not_training_or_template_cutoffs
1R9T	1R9T_8	AF-P20435-F1	b35ac6750b96213d2e2f4608750f185b2daf71c690e6c7ef0382f39de2ec7d1c	2004-11-16T00:00:00.000+00:00	2025-08-01T00:00:00Z	released_before_prediction_creation	only_experimental_starting_models_reported_not_independence_proof	unresolved_release_and_creation_dates_are_not_training_or_template_cutoffs
1R9T	1R9T_9	AF-P20436-F1	ce7cd70250d0b569e39e2cf28c28578cac6ef076795fe9e170de624038c4019d	2004-11-16T00:00:00.000+00:00	2025-08-01T00:00:00Z	released_before_prediction_creation	only_experimental_starting_models_reported_not_independence_proof	unresolved_release_and_creation_dates_are_not_training_or_template_cutoffs
1SFO	1SFO_11	AF-P38902-F1	e5ca72de84371c102b60be5d242b8952d384447efd42abc54d2fc7b284a64b0b	2004-03-02T00:00:00.000+00:00	2025-08-01T00:00:00Z	released_before_prediction_creation	only_experimental_starting_models_reported_not_independence_proof	unresolved_release_and_creation_dates_are_not_training_or_template_cutoffs
1SFO	1SFO_7	AF-P20435-F1	b35ac6750b96213d2e2f4608750f185b2daf71c690e6c7ef0382f39de2ec7d1c	2004-03-02T00:00:00.000+00:00	2025-08-01T00:00:00Z	released_before_prediction_creation	only_experimental_starting_models_reported_not_independence_proof	unresolved_release_and_creation_dates_are_not_training_or_template_cutoffs
1SFO	1SFO_8	AF-P20436-F1	ce7cd70250d0b569e39e2cf28c28578cac6ef076795fe9e170de624038c4019d	2004-03-02T00:00:00.000+00:00	2025-08-01T00:00:00Z	released_before_prediction_creation	only_experimental_starting_models_reported_not_independence_proof	unresolved_release_and_creation_dates_are_not_training_or_template_cutoffs
1TWA	1TWA_5	AF-P20435-F1	b35ac6750b96213d2e2f4608750f185b2daf71c690e6c7ef0382f39de2ec7d1c	2004-11-16T00:00:00.000+00:00	2025-08-01T00:00:00Z	released_before_prediction_creation	only_experimental_starting_models_reported_not_independence_proof	unresolved_release_and_creation_dates_are_not_training_or_template_cutoffs
1TWA	1TWA_6	AF-P20436-F1	ce7cd70250d0b569e39e2cf28c28578cac6ef076795fe9e170de624038c4019d	2004-11-16T00:00:00.000+00:00	2025-08-01T00:00:00Z	released_before_prediction_creation	only_experimental_starting_models_reported_not_independence_proof	unresolved_release_and_creation_dates_are_not_training_or_template_cutoffs
1TWA	1TWA_9	AF-P38902-F1	e5ca72de84371c102b60be5d242b8952d384447efd42abc54d2fc7b284a64b0b	2004-11-16T00:00:00.000+00:00	2025-08-01T00:00:00Z	released_before_prediction_creation	only_experimental_starting_models_reported_not_independence_proof	unresolved_release_and_creation_dates_are_not_training_or_template_cutoffs
1TWC	1TWC_5	AF-P20435-F1	b35ac6750b96213d2e2f4608750f185b2daf71c690e6c7ef0382f39de2ec7d1c	2004-11-16T00:00:00.000+00:00	2025-08-01T00:00:00Z	released_before_prediction_creation	only_experimental_starting_models_reported_not_independence_proof	unresolved_release_and_creation_dates_are_not_training_or_template_cutoffs
1TWC	1TWC_6	AF-P20436-F1	ce7cd70250d0b569e39e2cf28c28578cac6ef076795fe9e170de624038c4019d	2004-11-16T00:00:00.000+00:00	2025-08-01T00:00:00Z	released_before_prediction_creation	only_experimental_starting_models_reported_not_independence_proof	unresolved_release_and_creation_dates_are_not_training_or_template_cutoffs
1TWC	1TWC_9	AF-P38902-F1	e5ca72de84371c102b60be5d242b8952d384447efd42abc54d2fc7b284a64b0b	2004-11-16T00:00:00.000+00:00	2025-08-01T00:00:00Z	released_before_prediction_creation	only_experimental_starting_models_reported_not_independence_proof	unresolved_release_and_creation_dates_are_not_training_or_template_cutoffs
1TWF	1TWF_5	AF-P20435-F1	b35ac6750b96213d2e2f4608750f185b2daf71c690e6c7ef0382f39de2ec7d1c	2004-11-16T00:00:00.000+00:00	2025-08-01T00:00:00Z	released_before_prediction_creation	only_experimental_starting_models_reported_not_independence_proof	unresolved_release_and_creation_dates_are_not_training_or_template_cutoffs
1TWF	1TWF_6	AF-P20436-F1	ce7cd70250d0b569e39e2cf28c28578cac6ef076795fe9e170de624038c4019d	2004-11-16T00:00:00.000+00:00	2025-08-01T00:00:00Z	released_before_prediction_creation	only_experimental_starting_models_reported_not_independence_proof	unresolved_release_and_creation_dates_are_not_training_or_template_cutoffs
1TWF	1TWF_9	AF-P38902-F1	e5ca72de84371c102b60be5d242b8952d384447efd42abc54d2fc7b284a64b0b	2004-11-16T00:00:00.000+00:00	2025-08-01T00:00:00Z	released_before_prediction_creation	only_experimental_starting_models_reported_not_independence_proof	unresolved_release_and_creation_dates_are_not_training_or_template_cutoffs
1TWG	1TWG_5	AF-P20435-F1	b35ac6750b96213d2e2f4608750f185b2daf71c690e6c7ef0382f39de2ec7d1c	2004-11-16T00:00:00.000+00:00	2025-08-01T00:00:00Z	released_before_prediction_creation	only_experimental_starting_models_reported_not_independence_proof	unresolved_release_and_creation_dates_are_not_training_or_template_cutoffs
1TWG	1TWG_6	AF-P20436-F1	ce7cd70250d0b569e39e2cf28c28578cac6ef076795fe9e170de624038c4019d	2004-11-16T00:00:00.000+00:00	2025-08-01T00:00:00Z	released_before_prediction_creation	only_experimental_starting_models_reported_not_independence_proof	unresolved_release_and_creation_dates_are_not_training_or_template_cutoffs
1TWG	1TWG_9	AF-P38902-F1	e5ca72de84371c102b60be5d242b8952d384447efd42abc54d2fc7b284a64b0b	2004-11-16T00:00:00.000+00:00	2025-08-01T00:00:00Z	released_before_prediction_creation	only_experimental_starting_models_reported_not_independence_proof	unresolved_release_and_creation_dates_are_not_training_or_template_cutoffs
1TWH	1TWH_5	AF-P20435-F1	b35ac6750b96213d2e2f4608750f185b2daf71c690e6c7ef0382f39de2ec7d1c	2004-11-16T00:00:00.000+00:00	2025-08-01T00:00:00Z	released_before_prediction_creation	only_experimental_starting_models_reported_not_independence_proof	unresolved_release_and_creation_dates_are_not_training_or_template_cutoffs
1TWH	1TWH_6	AF-P20436-F1	ce7cd70250d0b569e39e2cf28c28578cac6ef076795fe9e170de624038c4019d	2004-11-16T00:00:00.000+00:00	2025-08-01T00:00:00Z	released_before_prediction_creation	only_experimental_starting_models_reported_not_independence_proof	unresolved_release_and_creation_dates_are_not_training_or_template_cutoffs
1TWH	1TWH_9	AF-P38902-F1	e5ca72de84371c102b60be5d242b8952d384447efd42abc54d2fc7b284a64b0b	2004-11-16T00:00:00.000+00:00	2025-08-01T00:00:00Z	released_before_prediction_creation	only_experimental_starting_models_reported_not_independence_proof	unresolved_release_and_creation_dates_are_not_training_or_template_cutoffs
1U5T	1U5T_1	AF-Q12483-F1	d67c4c11fd7bf43a5857862aa91cdb933dd70b6ddbe5bbd1703a9f039481ff49	2004-09-21T00:00:00.000+00:00	2025-08-01T00:00:00Z	released_before_prediction_creation	starting_model_annotation_missing	unresolved_release_and_creation_dates_are_not_training_or_template_cutoffs
1W7P	1W7P_1	AF-Q12483-F1	d67c4c11fd7bf43a5857862aa91cdb933dd70b6ddbe5bbd1703a9f039481ff49	2004-09-29T00:00:00.000+00:00	2025-08-01T00:00:00Z	released_before_prediction_creation	starting_model_annotation_missing	unresolved_release_and_creation_dates_are_not_training_or_template_cutoffs
1WA5	1WA5_3	AF-P33307-F1	21f58f1ca92c2c7e6a0ee5af2b0e31e3c2a5dfaddeaedfd5901b5d19d49a14e2	2004-12-13T00:00:00.000+00:00	2025-08-01T00:00:00Z	released_before_prediction_creation	only_experimental_starting_models_reported_not_independence_proof	unresolved_release_and_creation_dates_are_not_training_or_template_cutoffs
1WCM	1WCM_11	AF-P38902-F1	e5ca72de84371c102b60be5d242b8952d384447efd42abc54d2fc7b284a64b0b	2004-12-14T00:00:00.000+00:00	2025-08-01T00:00:00Z	released_before_prediction_creation	starting_model_annotation_missing	unresolved_release_and_creation_dates_are_not_training_or_template_cutoffs
1WCM	1WCM_6	AF-P20435-F1	b35ac6750b96213d2e2f4608750f185b2daf71c690e6c7ef0382f39de2ec7d1c	2004-12-14T00:00:00.000+00:00	2025-08-01T00:00:00Z	released_before_prediction_creation	starting_model_annotation_missing	unresolved_release_and_creation_dates_are_not_training_or_template_cutoffs
1WCM	1WCM_7	AF-P34087-F1	83d3a4bb2b77f2d447e2e34483b92f4a0abd024d20c78f29b9187d33c13f070a	2004-12-14T00:00:00.000+00:00	2025-08-01T00:00:00Z	released_before_prediction_creation	starting_model_annotation_missing	unresolved_release_and_creation_dates_are_not_training_or_template_cutoffs
1WCM	1WCM_8	AF-P20436-F1	ce7cd70250d0b569e39e2cf28c28578cac6ef076795fe9e170de624038c4019d	2004-12-14T00:00:00.000+00:00	2025-08-01T00:00:00Z	released_before_prediction_creation	starting_model_annotation_missing	unresolved_release_and_creation_dates_are_not_training_or_template_cutoffs
1Y14	1Y14_2	AF-P34087-F1	83d3a4bb2b77f2d447e2e34483b92f4a0abd024d20c78f29b9187d33c13f070a	2004-12-14T00:00:00.000+00:00	2025-08-01T00:00:00Z	released_before_prediction_creation	starting_model_annotation_missing	unresolved_release_and_creation_dates_are_not_training_or_template_cutoffs
1Y1V	1Y1V_11	AF-P38902-F1	e5ca72de84371c102b60be5d242b8952d384447efd42abc54d2fc7b284a64b0b	2004-12-28T00:00:00.000+00:00	2025-08-01T00:00:00Z	released_before_prediction_creation	starting_model_annotation_missing	unresolved_release_and_creation_dates_are_not_training_or_template_cutoffs
1Y1V	1Y1V_6	AF-P20435-F1	b35ac6750b96213d2e2f4608750f185b2daf71c690e6c7ef0382f39de2ec7d1c	2004-12-28T00:00:00.000+00:00	2025-08-01T00:00:00Z	released_before_prediction_creation	starting_model_annotation_missing	unresolved_release_and_creation_dates_are_not_training_or_template_cutoffs
1Y1V	1Y1V_7	AF-P34087-F1	83d3a4bb2b77f2d447e2e34483b92f4a0abd024d20c78f29b9187d33c13f070a	2004-12-28T00:00:00.000+00:00	2025-08-01T00:00:00Z	released_before_prediction_creation	starting_model_annotation_missing	unresolved_release_and_creation_dates_are_not_training_or_template_cutoffs
1Y1V	1Y1V_8	AF-P20436-F1	ce7cd70250d0b569e39e2cf28c28578cac6ef076795fe9e170de624038c4019d	2004-12-28T00:00:00.000+00:00	2025-08-01T00:00:00Z	released_before_prediction_creation	starting_model_annotation_missing	unresolved_release_and_creation_dates_are_not_training_or_template_cutoffs
1Y1W	1Y1W_10	AF-P34087-F1	83d3a4bb2b77f2d447e2e34483b92f4a0abd024d20c78f29b9187d33c13f070a	2005-01-04T00:00:00.000+00:00	2025-08-01T00:00:00Z	released_before_prediction_creation	starting_model_annotation_missing	unresolved_release_and_creation_dates_are_not_training_or_template_cutoffs
1Y1W	1Y1W_11	AF-P20436-F1	ce7cd70250d0b569e39e2cf28c28578cac6ef076795fe9e170de624038c4019d	2005-01-04T00:00:00.000+00:00	2025-08-01T00:00:00Z	released_before_prediction_creation	starting_model_annotation_missing	unresolved_release_and_creation_dates_are_not_training_or_template_cutoffs
1Y1W	1Y1W_14	AF-P38902-F1	e5ca72de84371c102b60be5d242b8952d384447efd42abc54d2fc7b284a64b0b	2005-01-04T00:00:00.000+00:00	2025-08-01T00:00:00Z	released_before_prediction_creation	starting_model_annotation_missing	unresolved_release_and_creation_dates_are_not_training_or_template_cutoffs
1Y1W	1Y1W_9	AF-P20435-F1	b35ac6750b96213d2e2f4608750f185b2daf71c690e6c7ef0382f39de2ec7d1c	2005-01-04T00:00:00.000+00:00	2025-08-01T00:00:00Z	released_before_prediction_creation	starting_model_annotation_missing	unresolved_release_and_creation_dates_are_not_training_or_template_cutoffs
1Y1Y	1Y1Y_10	AF-P20436-F1	ce7cd70250d0b569e39e2cf28c28578cac6ef076795fe9e170de624038c4019d	2004-12-28T00:00:00.000+00:00	2025-08-01T00:00:00Z	released_before_prediction_creation	starting_model_annotation_missing	unresolved_release_and_creation_dates_are_not_training_or_template_cutoffs
1Y1Y	1Y1Y_13	AF-P38902-F1	e5ca72de84371c102b60be5d242b8952d384447efd42abc54d2fc7b284a64b0b	2004-12-28T00:00:00.000+00:00	2025-08-01T00:00:00Z	released_before_prediction_creation	starting_model_annotation_missing	unresolved_release_and_creation_dates_are_not_training_or_template_cutoffs
1Y1Y	1Y1Y_8	AF-P20435-F1	b35ac6750b96213d2e2f4608750f185b2daf71c690e6c7ef0382f39de2ec7d1c	2004-12-28T00:00:00.000+00:00	2025-08-01T00:00:00Z	released_before_prediction_creation	starting_model_annotation_missing	unresolved_release_and_creation_dates_are_not_training_or_template_cutoffs
1Y1Y	1Y1Y_9	AF-P34087-F1	83d3a4bb2b77f2d447e2e34483b92f4a0abd024d20c78f29b9187d33c13f070a	2004-12-28T00:00:00.000+00:00	2025-08-01T00:00:00Z	released_before_prediction_creation	starting_model_annotation_missing	unresolved_release_and_creation_dates_are_not_training_or_template_cutoffs
1Y77	1Y77_10	AF-P34087-F1	83d3a4bb2b77f2d447e2e34483b92f4a0abd024d20c78f29b9187d33c13f070a	2005-01-04T00:00:00.000+00:00	2025-08-01T00:00:00Z	released_before_prediction_creation	only_experimental_starting_models_reported_not_independence_proof	unresolved_release_and_creation_dates_are_not_training_or_template_cutoffs
1Y77	1Y77_11	AF-P20436-F1	ce7cd70250d0b569e39e2cf28c28578cac6ef076795fe9e170de624038c4019d	2005-01-04T00:00:00.000+00:00	2025-08-01T00:00:00Z	released_before_prediction_creation	only_experimental_starting_models_reported_not_independence_proof	unresolved_release_and_creation_dates_are_not_training_or_template_cutoffs
1Y77	1Y77_14	AF-P38902-F1	e5ca72de84371c102b60be5d242b8952d384447efd42abc54d2fc7b284a64b0b	2005-01-04T00:00:00.000+00:00	2025-08-01T00:00:00Z	released_before_prediction_creation	only_experimental_starting_models_reported_not_independence_proof	unresolved_release_and_creation_dates_are_not_training_or_template_cutoffs
1Y77	1Y77_9	AF-P20435-F1	b35ac6750b96213d2e2f4608750f185b2daf71c690e6c7ef0382f39de2ec7d1c	2005-01-04T00:00:00.000+00:00	2025-08-01T00:00:00Z	released_before_prediction_creation	only_experimental_starting_models_reported_not_independence_proof	unresolved_release_and_creation_dates_are_not_training_or_template_cutoffs
1Z7Q	1Z7Q_7	AF-P21242-F1	8283ba552d1a3cf6c49a4d151043a7ef16df99a3d9c30a2b73e7692d36d2c844	2005-08-09T00:00:00.000+00:00	2025-08-01T00:00:00Z	released_before_prediction_creation	only_experimental_starting_models_reported_not_independence_proof	unresolved_release_and_creation_dates_are_not_training_or_template_cutoffs
24QP	24QP_11	AF-P38902-F1	e5ca72de84371c102b60be5d242b8952d384447efd42abc54d2fc7b284a64b0b	2026-06-24T00:00:00.000+00:00	2025-08-01T00:00:00Z	released_after_prediction_creation	starting_model_annotation_missing	unresolved_release_and_creation_dates_are_not_training_or_template_cutoffs
24QP	24QP_6	AF-P20435-F1	b35ac6750b96213d2e2f4608750f185b2daf71c690e6c7ef0382f39de2ec7d1c	2026-06-24T00:00:00.000+00:00	2025-08-01T00:00:00Z	released_after_prediction_creation	starting_model_annotation_missing	unresolved_release_and_creation_dates_are_not_training_or_template_cutoffs
24QP	24QP_7	AF-P34087-F1	83d3a4bb2b77f2d447e2e34483b92f4a0abd024d20c78f29b9187d33c13f070a	2026-06-24T00:00:00.000+00:00	2025-08-01T00:00:00Z	released_after_prediction_creation	starting_model_annotation_missing	unresolved_release_and_creation_dates_are_not_training_or_template_cutoffs
24QP	24QP_8	AF-P20436-F1	ce7cd70250d0b569e39e2cf28c28578cac6ef076795fe9e170de624038c4019d	2026-06-24T00:00:00.000+00:00	2025-08-01T00:00:00Z	released_after_prediction_creation	starting_model_annotation_missing	unresolved_release_and_creation_dates_are_not_training_or_template_cutoffs
24QR	24QR_15	AF-P20436-F1	ce7cd70250d0b569e39e2cf28c28578cac6ef076795fe9e170de624038c4019d	2026-06-24T00:00:00.000+00:00	2025-08-01T00:00:00Z	released_after_prediction_creation	starting_model_annotation_missing	unresolved_release_and_creation_dates_are_not_training_or_template_cutoffs
24QR	24QR_3	AF-P20435-F1	b35ac6750b96213d2e2f4608750f185b2daf71c690e6c7ef0382f39de2ec7d1c	2026-06-24T00:00:00.000+00:00	2025-08-01T00:00:00Z	released_after_prediction_creation	starting_model_annotation_missing	unresolved_release_and_creation_dates_are_not_training_or_template_cutoffs
24QR	24QR_4	AF-P34087-F1	83d3a4bb2b77f2d447e2e34483b92f4a0abd024d20c78f29b9187d33c13f070a	2026-06-24T00:00:00.000+00:00	2025-08-01T00:00:00Z	released_after_prediction_creation	starting_model_annotation_missing	unresolved_release_and_creation_dates_are_not_training_or_template_cutoffs
24QR	24QR_7	AF-P38902-F1	e5ca72de84371c102b60be5d242b8952d384447efd42abc54d2fc7b284a64b0b	2026-06-24T00:00:00.000+00:00	2025-08-01T00:00:00Z	released_after_prediction_creation	starting_model_annotation_missing	unresolved_release_and_creation_dates_are_not_training_or_template_cutoffs
24QS	24QS_11	AF-P38902-F1	e5ca72de84371c102b60be5d242b8952d384447efd42abc54d2fc7b284a64b0b	2026-06-24T00:00:00.000+00:00	2025-08-01T00:00:00Z	released_after_prediction_creation	starting_model_annotation_missing	unresolved_release_and_creation_dates_are_not_training_or_template_cutoffs
24QS	24QS_6	AF-P20435-F1	b35ac6750b96213d2e2f4608750f185b2daf71c690e6c7ef0382f39de2ec7d1c	2026-06-24T00:00:00.000+00:00	2025-08-01T00:00:00Z	released_after_prediction_creation	starting_model_annotation_missing	unresolved_release_and_creation_dates_are_not_training_or_template_cutoffs
24QS	24QS_7	AF-P34087-F1	83d3a4bb2b77f2d447e2e34483b92f4a0abd024d20c78f29b9187d33c13f070a	2026-06-24T00:00:00.000+00:00	2025-08-01T00:00:00Z	released_after_prediction_creation	starting_model_annotation_missing	unresolved_release_and_creation_dates_are_not_training_or_template_cutoffs
24QS	24QS_8	AF-P20436-F1	ce7cd70250d0b569e39e2cf28c28578cac6ef076795fe9e170de624038c4019d	2026-06-24T00:00:00.000+00:00	2025-08-01T00:00:00Z	released_after_prediction_creation	starting_model_annotation_missing	unresolved_release_and_creation_dates_are_not_training_or_template_cutoffs
24QT	24QT_11	AF-P38902-F1	e5ca72de84371c102b60be5d242b8952d384447efd42abc54d2fc7b284a64b0b	2026-06-24T00:00:00.000+00:00	2025-08-01T00:00:00Z	released_after_prediction_creation	starting_model_annotation_missing	unresolved_release_and_creation_dates_are_not_training_or_template_cutoffs
24QT	24QT_6	AF-P20435-F1	b35ac6750b96213d2e2f4608750f185b2daf71c690e6c7ef0382f39de2ec7d1c	2026-06-24T00:00:00.000+00:00	2025-08-01T00:00:00Z	released_after_prediction_creation	starting_model_annotation_missing	unresolved_release_and_creation_dates_are_not_training_or_template_cutoffs
24QT	24QT_7	AF-P34087-F1	83d3a4bb2b77f2d447e2e34483b92f4a0abd024d20c78f29b9187d33c13f070a	2026-06-24T00:00:00.000+00:00	2025-08-01T00:00:00Z	released_after_prediction_creation	starting_model_annotation_missing	unresolved_release_and_creation_dates_are_not_training_or_template_cutoffs
24QT	24QT_8	AF-P20436-F1	ce7cd70250d0b569e39e2cf28c28578cac6ef076795fe9e170de624038c4019d	2026-06-24T00:00:00.000+00:00	2025-08-01T00:00:00Z	released_after_prediction_creation	starting_model_annotation_missing	unresolved_release_and_creation_dates_are_not_training_or_template_cutoffs
28VY	28VY_14	AF-P40359-F1	9fb69cb67e3079fd58481686b3e32f9badf14994da061a3c837e6c9b88b2ab82	2026-05-13T00:00:00.000+00:00	2025-08-01T00:00:00Z	released_after_prediction_creation	starting_model_annotation_missing	unresolved_release_and_creation_dates_are_not_training_or_template_cutoffs
28VY	28VY_3	AF-P30665-F1	0b38fefaef2eca7f23bb979bc9da1dec4e9a6ffe79ea3e53edd734b02e70527b	2026-05-13T00:00:00.000+00:00	2025-08-01T00:00:00Z	released_after_prediction_creation	starting_model_annotation_missing	unresolved_release_and_creation_dates_are_not_training_or_template_cutoffs
28VY	28VY_5	AF-P53091-F1	03b7797a0460645fc3278608ce831cc02c9437647883cfcf335a74b1b3aeb9c3	2026-05-13T00:00:00.000+00:00	2025-08-01T00:00:00Z	released_after_prediction_creation	starting_model_annotation_missing	unresolved_release_and_creation_dates_are_not_training_or_template_cutoffs
28VY	28VY_6	AF-P38132-F1	dbff9e0a6531af71d18bb3f0b0febfb568f2e863b6861e6daa67f914c7942edf	2026-05-13T00:00:00.000+00:00	2025-08-01T00:00:00Z	released_after_prediction_creation	starting_model_annotation_missing	unresolved_release_and_creation_dates_are_not_training_or_template_cutoffs
28VY	28VY_9	AF-Q03406-F1	5cae9a720dba99e7f3e4f1de8b6a63064ee6691f0e076cf8012a08762d7a3c52	2026-05-13T00:00:00.000+00:00	2025-08-01T00:00:00Z	released_after_prediction_creation	starting_model_annotation_missing	unresolved_release_and_creation_dates_are_not_training_or_template_cutoffs
29RF	29RF_11	AF-P38902-F1	e5ca72de84371c102b60be5d242b8952d384447efd42abc54d2fc7b284a64b0b	2026-07-01T00:00:00.000+00:00	2025-08-01T00:00:00Z	released_after_prediction_creation	starting_model_annotation_missing	unresolved_release_and_creation_dates_are_not_training_or_template_cutoffs
29RF	29RF_6	AF-P20435-F1	b35ac6750b96213d2e2f4608750f185b2daf71c690e6c7ef0382f39de2ec7d1c	2026-07-01T00:00:00.000+00:00	2025-08-01T00:00:00Z	released_after_prediction_creation	starting_model_annotation_missing	unresolved_release_and_creation_dates_are_not_training_or_template_cutoffs
29RF	29RF_7	AF-P34087-F1	83d3a4bb2b77f2d447e2e34483b92f4a0abd024d20c78f29b9187d33c13f070a	2026-07-01T00:00:00.000+00:00	2025-08-01T00:00:00Z	released_after_prediction_creation	starting_model_annotation_missing	unresolved_release_and_creation_dates_are_not_training_or_template_cutoffs
29RF	29RF_8	AF-P20436-F1	ce7cd70250d0b569e39e2cf28c28578cac6ef076795fe9e170de624038c4019d	2026-07-01T00:00:00.000+00:00	2025-08-01T00:00:00Z	released_after_prediction_creation	starting_model_annotation_missing	unresolved_release_and_creation_dates_are_not_training_or_template_cutoffs
2B63	2B63_12	AF-P38902-F1	e5ca72de84371c102b60be5d242b8952d384447efd42abc54d2fc7b284a64b0b	2005-12-06T00:00:00.000+00:00	2025-08-01T00:00:00Z	released_before_prediction_creation	only_experimental_starting_models_reported_not_independence_proof	unresolved_release_and_creation_dates_are_not_training_or_template_cutoffs
2B63	2B63_7	AF-P20435-F1	b35ac6750b96213d2e2f4608750f185b2daf71c690e6c7ef0382f39de2ec7d1c	2005-12-06T00:00:00.000+00:00	2025-08-01T00:00:00Z	released_before_prediction_creation	only_experimental_starting_models_reported_not_independence_proof	unresolved_release_and_creation_dates_are_not_training_or_template_cutoffs
2B63	2B63_8	AF-P34087-F1	83d3a4bb2b77f2d447e2e34483b92f4a0abd024d20c78f29b9187d33c13f070a	2005-12-06T00:00:00.000+00:00	2025-08-01T00:00:00Z	released_before_prediction_creation	only_experimental_starting_models_reported_not_independence_proof	unresolved_release_and_creation_dates_are_not_training_or_template_cutoffs
2B63	2B63_9	AF-P20436-F1	ce7cd70250d0b569e39e2cf28c28578cac6ef076795fe9e170de624038c4019d	2005-12-06T00:00:00.000+00:00	2025-08-01T00:00:00Z	released_before_prediction_creation	only_experimental_starting_models_reported_not_independence_proof	unresolved_release_and_creation_dates_are_not_training_or_template_cutoffs
2B8K	2B8K_11	AF-P38902-F1	e5ca72de84371c102b60be5d242b8952d384447efd42abc54d2fc7b284a64b0b	2006-06-20T00:00:00.000+00:00	2025-08-01T00:00:00Z	released_before_prediction_creation	starting_model_annotation_missing	unresolved_release_and_creation_dates_are_not_training_or_template_cutoffs
2B8K	2B8K_6	AF-P20435-F1	b35ac6750b96213d2e2f4608750f185b2daf71c690e6c7ef0382f39de2ec7d1c	2006-06-20T00:00:00.000+00:00	2025-08-01T00:00:00Z	released_before_prediction_creation	starting_model_annotation_missing	unresolved_release_and_creation_dates_are_not_training_or_template_cutoffs
2B8K	2B8K_8	AF-P20436-F1	ce7cd70250d0b569e39e2cf28c28578cac6ef076795fe9e170de624038c4019d	2006-06-20T00:00:00.000+00:00	2025-08-01T00:00:00Z	released_before_prediction_creation	starting_model_annotation_missing	unresolved_release_and_creation_dates_are_not_training_or_template_cutoffs
2E2H	2E2H_12	AF-P38902-F1	e5ca72de84371c102b60be5d242b8952d384447efd42abc54d2fc7b284a64b0b	2006-12-12T00:00:00.000+00:00	2025-08-01T00:00:00Z	released_before_prediction_creation	only_experimental_starting_models_reported_not_independence_proof	unresolved_release_and_creation_dates_are_not_training_or_template_cutoffs
2E2H	2E2H_8	AF-P20435-F1	b35ac6750b96213d2e2f4608750f185b2daf71c690e6c7ef0382f39de2ec7d1c	2006-12-12T00:00:00.000+00:00	2025-08-01T00:00:00Z	released_before_prediction_creation	only_experimental_starting_models_reported_not_independence_proof	unresolved_release_and_creation_dates_are_not_training_or_template_cutoffs
2E2H	2E2H_9	AF-P20436-F1	ce7cd70250d0b569e39e2cf28c28578cac6ef076795fe9e170de624038c4019d	2006-12-12T00:00:00.000+00:00	2025-08-01T00:00:00Z	released_before_prediction_creation	only_experimental_starting_models_reported_not_independence_proof	unresolved_release_and_creation_dates_are_not_training_or_template_cutoffs
2E2I	2E2I_12	AF-P38902-F1	e5ca72de84371c102b60be5d242b8952d384447efd42abc54d2fc7b284a64b0b	2006-12-19T00:00:00.000+00:00	2025-08-01T00:00:00Z	released_before_prediction_creation	only_experimental_starting_models_reported_not_independence_proof	unresolved_release_and_creation_dates_are_not_training_or_template_cutoffs
2E2I	2E2I_8	AF-P20435-F1	b35ac6750b96213d2e2f4608750f185b2daf71c690e6c7ef0382f39de2ec7d1c	2006-12-19T00:00:00.000+00:00	2025-08-01T00:00:00Z	released_before_prediction_creation	only_experimental_starting_models_reported_not_independence_proof	unresolved_release_and_creation_dates_are_not_training_or_template_cutoffs
2E2I	2E2I_9	AF-P20436-F1	ce7cd70250d0b569e39e2cf28c28578cac6ef076795fe9e170de624038c4019d	2006-12-19T00:00:00.000+00:00	2025-08-01T00:00:00Z	released_before_prediction_creation	only_experimental_starting_models_reported_not_independence_proof	unresolved_release_and_creation_dates_are_not_training_or_template_cutoffs
2E2J	2E2J_12	AF-P38902-F1	e5ca72de84371c102b60be5d242b8952d384447efd42abc54d2fc7b284a64b0b	2006-12-12T00:00:00.000+00:00	2025-08-01T00:00:00Z	released_before_prediction_creation	only_experimental_starting_models_reported_not_independence_proof	unresolved_release_and_creation_dates_are_not_training_or_template_cutoffs
2E2J	2E2J_8	AF-P20435-F1	b35ac6750b96213d2e2f4608750f185b2daf71c690e6c7ef0382f39de2ec7d1c	2006-12-12T00:00:00.000+00:00	2025-08-01T00:00:00Z	released_before_prediction_creation	only_experimental_starting_models_reported_not_independence_proof	unresolved_release_and_creation_dates_are_not_training_or_template_cutoffs
2E2J	2E2J_9	AF-P20436-F1	ce7cd70250d0b569e39e2cf28c28578cac6ef076795fe9e170de624038c4019d	2006-12-12T00:00:00.000+00:00	2025-08-01T00:00:00Z	released_before_prediction_creation	only_experimental_starting_models_reported_not_independence_proof	unresolved_release_and_creation_dates_are_not_training_or_template_cutoffs
2JA5	2JA5_11	AF-P38902-F1	e5ca72de84371c102b60be5d242b8952d384447efd42abc54d2fc7b284a64b0b	2007-02-20T00:00:00.000+00:00	2025-08-01T00:00:00Z	released_before_prediction_creation	only_experimental_starting_models_reported_not_independence_proof	unresolved_release_and_creation_dates_are_not_training_or_template_cutoffs
2JA5	2JA5_6	AF-P20435-F1	b35ac6750b96213d2e2f4608750f185b2daf71c690e6c7ef0382f39de2ec7d1c	2007-02-20T00:00:00.000+00:00	2025-08-01T00:00:00Z	released_before_prediction_creation	only_experimental_starting_models_reported_not_independence_proof	unresolved_release_and_creation_dates_are_not_training_or_template_cutoffs
2JA5	2JA5_7	AF-P34087-F1	83d3a4bb2b77f2d447e2e34483b92f4a0abd024d20c78f29b9187d33c13f070a	2007-02-20T00:00:00.000+00:00	2025-08-01T00:00:00Z	released_before_prediction_creation	only_experimental_starting_models_reported_not_independence_proof	unresolved_release_and_creation_dates_are_not_training_or_template_cutoffs
2JA5	2JA5_8	AF-P20436-F1	ce7cd70250d0b569e39e2cf28c28578cac6ef076795fe9e170de624038c4019d	2007-02-20T00:00:00.000+00:00	2025-08-01T00:00:00Z	released_before_prediction_creation	only_experimental_starting_models_reported_not_independence_proof	unresolved_release_and_creation_dates_are_not_training_or_template_cutoffs
2JA6	2JA6_11	AF-P38902-F1	e5ca72de84371c102b60be5d242b8952d384447efd42abc54d2fc7b284a64b0b	2007-02-20T00:00:00.000+00:00	2025-08-01T00:00:00Z	released_before_prediction_creation	only_experimental_starting_models_reported_not_independence_proof	unresolved_release_and_creation_dates_are_not_training_or_template_cutoffs
2JA6	2JA6_6	AF-P20435-F1	b35ac6750b96213d2e2f4608750f185b2daf71c690e6c7ef0382f39de2ec7d1c	2007-02-20T00:00:00.000+00:00	2025-08-01T00:00:00Z	released_before_prediction_creation	only_experimental_starting_models_reported_not_independence_proof	unresolved_release_and_creation_dates_are_not_training_or_template_cutoffs
2JA6	2JA6_7	AF-P34087-F1	83d3a4bb2b77f2d447e2e34483b92f4a0abd024d20c78f29b9187d33c13f070a	2007-02-20T00:00:00.000+00:00	2025-08-01T00:00:00Z	released_before_prediction_creation	only_experimental_starting_models_reported_not_independence_proof	unresolved_release_and_creation_dates_are_not_training_or_template_cutoffs
2JA6	2JA6_8	AF-P20436-F1	ce7cd70250d0b569e39e2cf28c28578cac6ef076795fe9e170de624038c4019d	2007-02-20T00:00:00.000+00:00	2025-08-01T00:00:00Z	released_before_prediction_creation	only_experimental_starting_models_reported_not_independence_proof	unresolved_release_and_creation_dates_are_not_training_or_template_cutoffs
2JA7	2JA7_10	AF-P34087-F1	83d3a4bb2b77f2d447e2e34483b92f4a0abd024d20c78f29b9187d33c13f070a	2007-02-20T00:00:00.000+00:00	2025-08-01T00:00:00Z	released_before_prediction_creation	only_experimental_starting_models_reported_not_independence_proof	unresolved_release_and_creation_dates_are_not_training_or_template_cutoffs
2JA7	2JA7_11	AF-P20436-F1	ce7cd70250d0b569e39e2cf28c28578cac6ef076795fe9e170de624038c4019d	2007-02-20T00:00:00.000+00:00	2025-08-01T00:00:00Z	released_before_prediction_creation	only_experimental_starting_models_reported_not_independence_proof	unresolved_release_and_creation_dates_are_not_training_or_template_cutoffs
2JA7	2JA7_14	AF-P38902-F1	e5ca72de84371c102b60be5d242b8952d384447efd42abc54d2fc7b284a64b0b	2007-02-20T00:00:00.000+00:00	2025-08-01T00:00:00Z	released_before_prediction_creation	only_experimental_starting_models_reported_not_independence_proof	unresolved_release_and_creation_dates_are_not_training_or_template_cutoffs
2JA7	2JA7_9	AF-P20435-F1	b35ac6750b96213d2e2f4608750f185b2daf71c690e6c7ef0382f39de2ec7d1c	2007-02-20T00:00:00.000+00:00	2025-08-01T00:00:00Z	released_before_prediction_creation	only_experimental_starting_models_reported_not_independence_proof	unresolved_release_and_creation_dates_are_not_training_or_template_cutoffs
2JA8	2JA8_11	AF-P38902-F1	e5ca72de84371c102b60be5d242b8952d384447efd42abc54d2fc7b284a64b0b	2007-02-20T00:00:00.000+00:00	2025-08-01T00:00:00Z	released_before_prediction_creation	only_experimental_starting_models_reported_not_independence_proof	unresolved_release_and_creation_dates_are_not_training_or_template_cutoffs
2JA8	2JA8_6	AF-P20435-F1	b35ac6750b96213d2e2f4608750f185b2daf71c690e6c7ef0382f39de2ec7d1c	2007-02-20T00:00:00.000+00:00	2025-08-01T00:00:00Z	released_before_prediction_creation	only_experimental_starting_models_reported_not_independence_proof	unresolved_release_and_creation_dates_are_not_training_or_template_cutoffs
2JA8	2JA8_7	AF-P34087-F1	83d3a4bb2b77f2d447e2e34483b92f4a0abd024d20c78f29b9187d33c13f070a	2007-02-20T00:00:00.000+00:00	2025-08-01T00:00:00Z	released_before_prediction_creation	only_experimental_starting_models_reported_not_independence_proof	unresolved_release_and_creation_dates_are_not_training_or_template_cutoffs
2JA8	2JA8_8	AF-P20436-F1	ce7cd70250d0b569e39e2cf28c28578cac6ef076795fe9e170de624038c4019d	2007-02-20T00:00:00.000+00:00	2025-08-01T00:00:00Z	released_before_prediction_creation	only_experimental_starting_models_reported_not_independence_proof	unresolved_release_and_creation_dates_are_not_training_or_template_cutoffs
2NVQ	2NVQ_12	AF-P38902-F1	e5ca72de84371c102b60be5d242b8952d384447efd42abc54d2fc7b284a64b0b	2006-12-12T00:00:00.000+00:00	2025-08-01T00:00:00Z	released_before_prediction_creation	only_experimental_starting_models_reported_not_independence_proof	unresolved_release_and_creation_dates_are_not_training_or_template_cutoffs
2NVQ	2NVQ_8	AF-P20435-F1	b35ac6750b96213d2e2f4608750f185b2daf71c690e6c7ef0382f39de2ec7d1c	2006-12-12T00:00:00.000+00:00	2025-08-01T00:00:00Z	released_before_prediction_creation	only_experimental_starting_models_reported_not_independence_proof	unresolved_release_and_creation_dates_are_not_training_or_template_cutoffs
2NVQ	2NVQ_9	AF-P20436-F1	ce7cd70250d0b569e39e2cf28c28578cac6ef076795fe9e170de624038c4019d	2006-12-12T00:00:00.000+00:00	2025-08-01T00:00:00Z	released_before_prediction_creation	only_experimental_starting_models_reported_not_independence_proof	unresolved_release_and_creation_dates_are_not_training_or_template_cutoffs
2NVT	2NVT_12	AF-P38902-F1	e5ca72de84371c102b60be5d242b8952d384447efd42abc54d2fc7b284a64b0b	2006-12-12T00:00:00.000+00:00	2025-08-01T00:00:00Z	released_before_prediction_creation	only_experimental_starting_models_reported_not_independence_proof	unresolved_release_and_creation_dates_are_not_training_or_template_cutoffs
2NVT	2NVT_8	AF-P20435-F1	b35ac6750b96213d2e2f4608750f185b2daf71c690e6c7ef0382f39de2ec7d1c	2006-12-12T00:00:00.000+00:00	2025-08-01T00:00:00Z	released_before_prediction_creation	only_experimental_starting_models_reported_not_independence_proof	unresolved_release_and_creation_dates_are_not_training_or_template_cutoffs
2NVT	2NVT_9	AF-P20436-F1	ce7cd70250d0b569e39e2cf28c28578cac6ef076795fe9e170de624038c4019d	2006-12-12T00:00:00.000+00:00	2025-08-01T00:00:00Z	released_before_prediction_creation	only_experimental_starting_models_reported_not_independence_proof	unresolved_release_and_creation_dates_are_not_training_or_template_cutoffs
2NVX	2NVX_12	AF-P38902-F1	e5ca72de84371c102b60be5d242b8952d384447efd42abc54d2fc7b284a64b0b	2006-12-19T00:00:00.000+00:00	2025-08-01T00:00:00Z	released_before_prediction_creation	only_experimental_starting_models_reported_not_independence_proof	unresolved_release_and_creation_dates_are_not_training_or_template_cutoffs
2NVX	2NVX_8	AF-P20435-F1	b35ac6750b96213d2e2f4608750f185b2daf71c690e6c7ef0382f39de2ec7d1c	2006-12-19T00:00:00.000+00:00	2025-08-01T00:00:00Z	released_before_prediction_creation	only_experimental_starting_models_reported_not_independence_proof	unresolved_release_and_creation_dates_are_not_training_or_template_cutoffs
2NVX	2NVX_9	AF-P20436-F1	ce7cd70250d0b569e39e2cf28c28578cac6ef076795fe9e170de624038c4019d	2006-12-19T00:00:00.000+00:00	2025-08-01T00:00:00Z	released_before_prediction_creation	only_experimental_starting_models_reported_not_independence_proof	unresolved_release_and_creation_dates_are_not_training_or_template_cutoffs
2NVY	2NVY_5	AF-P20435-F1	b35ac6750b96213d2e2f4608750f185b2daf71c690e6c7ef0382f39de2ec7d1c	2006-12-26T00:00:00.000+00:00	2025-08-01T00:00:00Z	released_before_prediction_creation	only_experimental_starting_models_reported_not_independence_proof	unresolved_release_and_creation_dates_are_not_training_or_template_cutoffs
2NVY	2NVY_6	AF-P20436-F1	ce7cd70250d0b569e39e2cf28c28578cac6ef076795fe9e170de624038c4019d	2006-12-26T00:00:00.000+00:00	2025-08-01T00:00:00Z	released_before_prediction_creation	only_experimental_starting_models_reported_not_independence_proof	unresolved_release_and_creation_dates_are_not_training_or_template_cutoffs
2NVY	2NVY_9	AF-P38902-F1	e5ca72de84371c102b60be5d242b8952d384447efd42abc54d2fc7b284a64b0b	2006-12-26T00:00:00.000+00:00	2025-08-01T00:00:00Z	released_before_prediction_creation	only_experimental_starting_models_reported_not_independence_proof	unresolved_release_and_creation_dates_are_not_training_or_template_cutoffs
2NVZ	2NVZ_12	AF-P38902-F1	e5ca72de84371c102b60be5d242b8952d384447efd42abc54d2fc7b284a64b0b	2006-12-19T00:00:00.000+00:00	2025-08-01T00:00:00Z	released_before_prediction_creation	only_experimental_starting_models_reported_not_independence_proof	unresolved_release_and_creation_dates_are_not_training_or_template_cutoffs
2NVZ	2NVZ_8	AF-P20435-F1	b35ac6750b96213d2e2f4608750f185b2daf71c690e6c7ef0382f39de2ec7d1c	2006-12-19T00:00:00.000+00:00	2025-08-01T00:00:00Z	released_before_prediction_creation	only_experimental_starting_models_reported_not_independence_proof	unresolved_release_and_creation_dates_are_not_training_or_template_cutoffs
2NVZ	2NVZ_9	AF-P20436-F1	ce7cd70250d0b569e39e2cf28c28578cac6ef076795fe9e170de624038c4019d	2006-12-19T00:00:00.000+00:00	2025-08-01T00:00:00Z	released_before_prediction_creation	only_experimental_starting_models_reported_not_independence_proof	unresolved_release_and_creation_dates_are_not_training_or_template_cutoffs
2R7Z	2R7Z_10	AF-P34087-F1	83d3a4bb2b77f2d447e2e34483b92f4a0abd024d20c78f29b9187d33c13f070a	2007-11-20T00:00:00.000+00:00	2025-08-01T00:00:00Z	released_before_prediction_creation	starting_model_annotation_missing	unresolved_release_and_creation_dates_are_not_training_or_template_cutoffs
2R7Z	2R7Z_11	AF-P20436-F1	ce7cd70250d0b569e39e2cf28c28578cac6ef076795fe9e170de624038c4019d	2007-11-20T00:00:00.000+00:00	2025-08-01T00:00:00Z	released_before_prediction_creation	starting_model_annotation_missing	unresolved_release_and_creation_dates_are_not_training_or_template_cutoffs
2R7Z	2R7Z_14	AF-P38902-F1	e5ca72de84371c102b60be5d242b8952d384447efd42abc54d2fc7b284a64b0b	2007-11-20T00:00:00.000+00:00	2025-08-01T00:00:00Z	released_before_prediction_creation	starting_model_annotation_missing	unresolved_release_and_creation_dates_are_not_training_or_template_cutoffs
2R7Z	2R7Z_9	AF-P20435-F1	b35ac6750b96213d2e2f4608750f185b2daf71c690e6c7ef0382f39de2ec7d1c	2007-11-20T00:00:00.000+00:00	2025-08-01T00:00:00Z	released_before_prediction_creation	starting_model_annotation_missing	unresolved_release_and_creation_dates_are_not_training_or_template_cutoffs
2R92	2R92_10	AF-P20436-F1	ce7cd70250d0b569e39e2cf28c28578cac6ef076795fe9e170de624038c4019d	2007-11-27T00:00:00.000+00:00	2025-08-01T00:00:00Z	released_before_prediction_creation	starting_model_annotation_missing	unresolved_release_and_creation_dates_are_not_training_or_template_cutoffs
2R92	2R92_13	AF-P38902-F1	e5ca72de84371c102b60be5d242b8952d384447efd42abc54d2fc7b284a64b0b	2007-11-27T00:00:00.000+00:00	2025-08-01T00:00:00Z	released_before_prediction_creation	starting_model_annotation_missing	unresolved_release_and_creation_dates_are_not_training_or_template_cutoffs
2R92	2R92_8	AF-P20435-F1	b35ac6750b96213d2e2f4608750f185b2daf71c690e6c7ef0382f39de2ec7d1c	2007-11-27T00:00:00.000+00:00	2025-08-01T00:00:00Z	released_before_prediction_creation	starting_model_annotation_missing	unresolved_release_and_creation_dates_are_not_training_or_template_cutoffs
2R92	2R92_9	AF-P34087-F1	83d3a4bb2b77f2d447e2e34483b92f4a0abd024d20c78f29b9187d33c13f070a	2007-11-27T00:00:00.000+00:00	2025-08-01T00:00:00Z	released_before_prediction_creation	starting_model_annotation_missing	unresolved_release_and_creation_dates_are_not_training_or_template_cutoffs
2R93	2R93_12	AF-P38902-F1	e5ca72de84371c102b60be5d242b8952d384447efd42abc54d2fc7b284a64b0b	2007-11-27T00:00:00.000+00:00	2025-08-01T00:00:00Z	released_before_prediction_creation	starting_model_annotation_missing	unresolved_release_and_creation_dates_are_not_training_or_template_cutoffs
2R93	2R93_7	AF-P20435-F1	b35ac6750b96213d2e2f4608750f185b2daf71c690e6c7ef0382f39de2ec7d1c	2007-11-27T00:00:00.000+00:00	2025-08-01T00:00:00Z	released_before_prediction_creation	starting_model_annotation_missing	unresolved_release_and_creation_dates_are_not_training_or_template_cutoffs
2R93	2R93_8	AF-P34087-F1	83d3a4bb2b77f2d447e2e34483b92f4a0abd024d20c78f29b9187d33c13f070a	2007-11-27T00:00:00.000+00:00	2025-08-01T00:00:00Z	released_before_prediction_creation	starting_model_annotation_missing	unresolved_release_and_creation_dates_are_not_training_or_template_cutoffs
2R93	2R93_9	AF-P20436-F1	ce7cd70250d0b569e39e2cf28c28578cac6ef076795fe9e170de624038c4019d	2007-11-27T00:00:00.000+00:00	2025-08-01T00:00:00Z	released_before_prediction_creation	starting_model_annotation_missing	unresolved_release_and_creation_dates_are_not_training_or_template_cutoffs
2VGM	2VGM_1	AF-P33309-F1	9290d7c5d79158df0e0dcb67b0c05aa7e2a325310393e00f30c9a05ae73b9018	2008-01-22T00:00:00.000+00:00	2025-08-01T00:00:00Z	released_before_prediction_creation	starting_model_annotation_missing	unresolved_release_and_creation_dates_are_not_training_or_template_cutoffs
2VGN	2VGN_1	AF-P33309-F1	9290d7c5d79158df0e0dcb67b0c05aa7e2a325310393e00f30c9a05ae73b9018	2008-01-22T00:00:00.000+00:00	2025-08-01T00:00:00Z	released_before_prediction_creation	starting_model_annotation_missing	unresolved_release_and_creation_dates_are_not_training_or_template_cutoffs
2VUM	2VUM_11	AF-P38902-F1	e5ca72de84371c102b60be5d242b8952d384447efd42abc54d2fc7b284a64b0b	2008-06-17T00:00:00.000+00:00	2025-08-01T00:00:00Z	released_before_prediction_creation	only_experimental_starting_models_reported_not_independence_proof	unresolved_release_and_creation_dates_are_not_training_or_template_cutoffs
2VUM	2VUM_6	AF-P20435-F1	b35ac6750b96213d2e2f4608750f185b2daf71c690e6c7ef0382f39de2ec7d1c	2008-06-17T00:00:00.000+00:00	2025-08-01T00:00:00Z	released_before_prediction_creation	only_experimental_starting_models_reported_not_independence_proof	unresolved_release_and_creation_dates_are_not_training_or_template_cutoffs
2VUM	2VUM_7	AF-P34087-F1	83d3a4bb2b77f2d447e2e34483b92f4a0abd024d20c78f29b9187d33c13f070a	2008-06-17T00:00:00.000+00:00	2025-08-01T00:00:00Z	released_before_prediction_creation	only_experimental_starting_models_reported_not_independence_proof	unresolved_release_and_creation_dates_are_not_training_or_template_cutoffs
2VUM	2VUM_8	AF-P20436-F1	ce7cd70250d0b569e39e2cf28c28578cac6ef076795fe9e170de624038c4019d	2008-06-17T00:00:00.000+00:00	2025-08-01T00:00:00Z	released_before_prediction_creation	only_experimental_starting_models_reported_not_independence_proof	unresolved_release_and_creation_dates_are_not_training_or_template_cutoffs
2YU9	2YU9_12	AF-P38902-F1	e5ca72de84371c102b60be5d242b8952d384447efd42abc54d2fc7b284a64b0b	2007-04-24T00:00:00.000+00:00	2025-08-01T00:00:00Z	released_before_prediction_creation	only_experimental_starting_models_reported_not_independence_proof	unresolved_release_and_creation_dates_are_not_training_or_template_cutoffs
2YU9	2YU9_8	AF-P20435-F1	b35ac6750b96213d2e2f4608750f185b2daf71c690e6c7ef0382f39de2ec7d1c	2007-04-24T00:00:00.000+00:00	2025-08-01T00:00:00Z	released_before_prediction_creation	only_experimental_starting_models_reported_not_independence_proof	unresolved_release_and_creation_dates_are_not_training_or_template_cutoffs
2YU9	2YU9_9	AF-P20436-F1	ce7cd70250d0b569e39e2cf28c28578cac6ef076795fe9e170de624038c4019d	2007-04-24T00:00:00.000+00:00	2025-08-01T00:00:00Z	released_before_prediction_creation	only_experimental_starting_models_reported_not_independence_proof	unresolved_release_and_creation_dates_are_not_training_or_template_cutoffs
30EP	30EP_5	AF-P20435-F1	b35ac6750b96213d2e2f4608750f185b2daf71c690e6c7ef0382f39de2ec7d1c	2026-07-01T00:00:00.000+00:00	2025-08-01T00:00:00Z	released_after_prediction_creation	starting_model_annotation_missing	unresolved_release_and_creation_dates_are_not_training_or_template_cutoffs
30EP	30EP_6	AF-P20436-F1	ce7cd70250d0b569e39e2cf28c28578cac6ef076795fe9e170de624038c4019d	2026-07-01T00:00:00.000+00:00	2025-08-01T00:00:00Z	released_after_prediction_creation	starting_model_annotation_missing	unresolved_release_and_creation_dates_are_not_training_or_template_cutoffs
30EP	30EP_9	AF-P38902-F1	e5ca72de84371c102b60be5d242b8952d384447efd42abc54d2fc7b284a64b0b	2026-07-01T00:00:00.000+00:00	2025-08-01T00:00:00Z	released_after_prediction_creation	starting_model_annotation_missing	unresolved_release_and_creation_dates_are_not_training_or_template_cutoffs
30ES	30ES_5	AF-P20435-F1	b35ac6750b96213d2e2f4608750f185b2daf71c690e6c7ef0382f39de2ec7d1c	2026-07-01T00:00:00.000+00:00	2025-08-01T00:00:00Z	released_after_prediction_creation	starting_model_annotation_missing	unresolved_release_and_creation_dates_are_not_training_or_template_cutoffs
30ES	30ES_6	AF-P20436-F1	ce7cd70250d0b569e39e2cf28c28578cac6ef076795fe9e170de624038c4019d	2026-07-01T00:00:00.000+00:00	2025-08-01T00:00:00Z	released_after_prediction_creation	starting_model_annotation_missing	unresolved_release_and_creation_dates_are_not_training_or_template_cutoffs
30ES	30ES_9	AF-P38902-F1	e5ca72de84371c102b60be5d242b8952d384447efd42abc54d2fc7b284a64b0b	2026-07-01T00:00:00.000+00:00	2025-08-01T00:00:00Z	released_after_prediction_creation	starting_model_annotation_missing	unresolved_release_and_creation_dates_are_not_training_or_template_cutoffs
35ZV	35ZV_1	AF-P38764-F1	8bf7784ea7d1c049bdb205d07f75d93f35ee4acec9266bab391a7d2fd35e30ca	2026-08-19T00:00:00.000+00:00	2025-08-01T00:00:00Z	released_after_prediction_creation	starting_model_annotation_missing	unresolved_release_and_creation_dates_are_not_training_or_template_cutoffs
36AX	36AX_13	AF-P32565-F1	fe2ef41c38ef7266951644e6481f0310899fda58b257a0a6b0c7c8e3c3cabea4	2026-08-19T00:00:00.000+00:00	2025-08-01T00:00:00Z	released_after_prediction_creation	starting_model_annotation_missing	unresolved_release_and_creation_dates_are_not_training_or_template_cutoffs
36AX	36AX_3	AF-P38764-F1	8bf7784ea7d1c049bdb205d07f75d93f35ee4acec9266bab391a7d2fd35e30ca	2026-08-19T00:00:00.000+00:00	2025-08-01T00:00:00Z	released_after_prediction_creation	starting_model_annotation_missing	unresolved_release_and_creation_dates_are_not_training_or_template_cutoffs
36BD	36BD_10	AF-P32565-F1	fe2ef41c38ef7266951644e6481f0310899fda58b257a0a6b0c7c8e3c3cabea4	2026-08-19T00:00:00.000+00:00	2025-08-01T00:00:00Z	released_after_prediction_creation	starting_model_annotation_missing	unresolved_release_and_creation_dates_are_not_training_or_template_cutoffs
36BD	36BD_3	AF-P38764-F1	8bf7784ea7d1c049bdb205d07f75d93f35ee4acec9266bab391a7d2fd35e30ca	2026-08-19T00:00:00.000+00:00	2025-08-01T00:00:00Z	released_after_prediction_creation	starting_model_annotation_missing	unresolved_release_and_creation_dates_are_not_training_or_template_cutoffs
36BL	36BL_12	AF-P32565-F1	fe2ef41c38ef7266951644e6481f0310899fda58b257a0a6b0c7c8e3c3cabea4	2026-08-19T00:00:00.000+00:00	2025-08-01T00:00:00Z	released_after_prediction_creation	starting_model_annotation_missing	unresolved_release_and_creation_dates_are_not_training_or_template_cutoffs
36BL	36BL_3	AF-P38764-F1	8bf7784ea7d1c049bdb205d07f75d93f35ee4acec9266bab391a7d2fd35e30ca	2026-08-19T00:00:00.000+00:00	2025-08-01T00:00:00Z	released_after_prediction_creation	starting_model_annotation_missing	unresolved_release_and_creation_dates_are_not_training_or_template_cutoffs
36BM	36BM_3	AF-P38764-F1	8bf7784ea7d1c049bdb205d07f75d93f35ee4acec9266bab391a7d2fd35e30ca	2026-08-19T00:00:00.000+00:00	2025-08-01T00:00:00Z	released_after_prediction_creation	starting_model_annotation_missing	unresolved_release_and_creation_dates_are_not_training_or_template_cutoffs
36BM	36BM_9	AF-P32565-F1	fe2ef41c38ef7266951644e6481f0310899fda58b257a0a6b0c7c8e3c3cabea4	2026-08-19T00:00:00.000+00:00	2025-08-01T00:00:00Z	released_after_prediction_creation	starting_model_annotation_missing	unresolved_release_and_creation_dates_are_not_training_or_template_cutoffs
36RS	36RS_5	AF-P20435-F1	b35ac6750b96213d2e2f4608750f185b2daf71c690e6c7ef0382f39de2ec7d1c	2026-08-05T00:00:00.000+00:00	2025-08-01T00:00:00Z	released_after_prediction_creation	starting_model_annotation_missing	unresolved_release_and_creation_dates_are_not_training_or_template_cutoffs
36RS	36RS_6	AF-P20436-F1	ce7cd70250d0b569e39e2cf28c28578cac6ef076795fe9e170de624038c4019d	2026-08-05T00:00:00.000+00:00	2025-08-01T00:00:00Z	released_after_prediction_creation	starting_model_annotation_missing	unresolved_release_and_creation_dates_are_not_training_or_template_cutoffs
36RS	36RS_9	AF-P38902-F1	e5ca72de84371c102b60be5d242b8952d384447efd42abc54d2fc7b284a64b0b	2026-08-05T00:00:00.000+00:00	2025-08-01T00:00:00Z	released_after_prediction_creation	starting_model_annotation_missing	unresolved_release_and_creation_dates_are_not_training_or_template_cutoffs
3CQZ	3CQZ_5	AF-P20435-F1	b35ac6750b96213d2e2f4608750f185b2daf71c690e6c7ef0382f39de2ec7d1c	2008-07-22T00:00:00.000+00:00	2025-08-01T00:00:00Z	released_before_prediction_creation	only_experimental_starting_models_reported_not_independence_proof	unresolved_release_and_creation_dates_are_not_training_or_template_cutoffs
3CQZ	3CQZ_6	AF-P20436-F1	ce7cd70250d0b569e39e2cf28c28578cac6ef076795fe9e170de624038c4019d	2008-07-22T00:00:00.000+00:00	2025-08-01T00:00:00Z	released_before_prediction_creation	only_experimental_starting_models_reported_not_independence_proof	unresolved_release_and_creation_dates_are_not_training_or_template_cutoffs
3CQZ	3CQZ_9	AF-P38902-F1	e5ca72de84371c102b60be5d242b8952d384447efd42abc54d2fc7b284a64b0b	2008-07-22T00:00:00.000+00:00	2025-08-01T00:00:00Z	released_before_prediction_creation	only_experimental_starting_models_reported_not_independence_proof	unresolved_release_and_creation_dates_are_not_training_or_template_cutoffs
3CUE	3CUE_4	AF-P36149-F1	a6b32a264dc4356f9e3046c543340e02100714d88b1b4a3842cb39bcaf4bff97	2008-07-08T00:00:00.000+00:00	2025-08-01T00:00:00Z	released_before_prediction_creation	starting_model_annotation_missing	unresolved_release_and_creation_dates_are_not_training_or_template_cutoffs
3FKI	3FKI_11	AF-P38902-F1	e5ca72de84371c102b60be5d242b8952d384447efd42abc54d2fc7b284a64b0b	2009-03-10T00:00:00.000+00:00	2025-08-01T00:00:00Z	released_before_prediction_creation	only_experimental_starting_models_reported_not_independence_proof	unresolved_release_and_creation_dates_are_not_training_or_template_cutoffs
3FKI	3FKI_6	AF-P20435-F1	b35ac6750b96213d2e2f4608750f185b2daf71c690e6c7ef0382f39de2ec7d1c	2009-03-10T00:00:00.000+00:00	2025-08-01T00:00:00Z	released_before_prediction_creation	only_experimental_starting_models_reported_not_independence_proof	unresolved_release_and_creation_dates_are_not_training_or_template_cutoffs
3FKI	3FKI_7	AF-P34087-F1	83d3a4bb2b77f2d447e2e34483b92f4a0abd024d20c78f29b9187d33c13f070a	2009-03-10T00:00:00.000+00:00	2025-08-01T00:00:00Z	released_before_prediction_creation	only_experimental_starting_models_reported_not_independence_proof	unresolved_release_and_creation_dates_are_not_training_or_template_cutoffs
3FKI	3FKI_8	AF-P20436-F1	ce7cd70250d0b569e39e2cf28c28578cac6ef076795fe9e170de624038c4019d	2009-03-10T00:00:00.000+00:00	2025-08-01T00:00:00Z	released_before_prediction_creation	only_experimental_starting_models_reported_not_independence_proof	unresolved_release_and_creation_dates_are_not_training_or_template_cutoffs
3GTG	3GTG_5	AF-P20435-F1	b35ac6750b96213d2e2f4608750f185b2daf71c690e6c7ef0382f39de2ec7d1c	2009-06-09T00:00:00.000+00:00	2025-08-01T00:00:00Z	released_before_prediction_creation	only_experimental_starting_models_reported_not_independence_proof	unresolved_release_and_creation_dates_are_not_training_or_template_cutoffs
3GTG	3GTG_6	AF-P20436-F1	ce7cd70250d0b569e39e2cf28c28578cac6ef076795fe9e170de624038c4019d	2009-06-09T00:00:00.000+00:00	2025-08-01T00:00:00Z	released_before_prediction_creation	only_experimental_starting_models_reported_not_independence_proof	unresolved_release_and_creation_dates_are_not_training_or_template_cutoffs
3GTG	3GTG_9	AF-P38902-F1	e5ca72de84371c102b60be5d242b8952d384447efd42abc54d2fc7b284a64b0b	2009-06-09T00:00:00.000+00:00	2025-08-01T00:00:00Z	released_before_prediction_creation	only_experimental_starting_models_reported_not_independence_proof	unresolved_release_and_creation_dates_are_not_training_or_template_cutoffs
3GTJ	3GTJ_5	AF-P20435-F1	b35ac6750b96213d2e2f4608750f185b2daf71c690e6c7ef0382f39de2ec7d1c	2009-06-09T00:00:00.000+00:00	2025-08-01T00:00:00Z	released_before_prediction_creation	only_experimental_starting_models_reported_not_independence_proof	unresolved_release_and_creation_dates_are_not_training_or_template_cutoffs
3GTJ	3GTJ_6	AF-P20436-F1	ce7cd70250d0b569e39e2cf28c28578cac6ef076795fe9e170de624038c4019d	2009-06-09T00:00:00.000+00:00	2025-08-01T00:00:00Z	released_before_prediction_creation	only_experimental_starting_models_reported_not_independence_proof	unresolved_release_and_creation_dates_are_not_training_or_template_cutoffs
3GTJ	3GTJ_9	AF-P38902-F1	e5ca72de84371c102b60be5d242b8952d384447efd42abc54d2fc7b284a64b0b	2009-06-09T00:00:00.000+00:00	2025-08-01T00:00:00Z	released_before_prediction_creation	only_experimental_starting_models_reported_not_independence_proof	unresolved_release_and_creation_dates_are_not_training_or_template_cutoffs
3GTK	3GTK_5	AF-P20435-F1	b35ac6750b96213d2e2f4608750f185b2daf71c690e6c7ef0382f39de2ec7d1c	2009-06-09T00:00:00.000+00:00	2025-08-01T00:00:00Z	released_before_prediction_creation	only_experimental_starting_models_reported_not_independence_proof	unresolved_release_and_creation_dates_are_not_training_or_template_cutoffs
3GTK	3GTK_6	AF-P20436-F1	ce7cd70250d0b569e39e2cf28c28578cac6ef076795fe9e170de624038c4019d	2009-06-09T00:00:00.000+00:00	2025-08-01T00:00:00Z	released_before_prediction_creation	only_experimental_starting_models_reported_not_independence_proof	unresolved_release_and_creation_dates_are_not_training_or_template_cutoffs
3GTK	3GTK_9	AF-P38902-F1	e5ca72de84371c102b60be5d242b8952d384447efd42abc54d2fc7b284a64b0b	2009-06-09T00:00:00.000+00:00	2025-08-01T00:00:00Z	released_before_prediction_creation	only_experimental_starting_models_reported_not_independence_proof	unresolved_release_and_creation_dates_are_not_training_or_template_cutoffs
3GTL	3GTL_5	AF-P20435-F1	b35ac6750b96213d2e2f4608750f185b2daf71c690e6c7ef0382f39de2ec7d1c	2009-06-09T00:00:00.000+00:00	2025-08-01T00:00:00Z	released_before_prediction_creation	only_experimental_starting_models_reported_not_independence_proof	unresolved_release_and_creation_dates_are_not_training_or_template_cutoffs
3GTL	3GTL_6	AF-P20436-F1	ce7cd70250d0b569e39e2cf28c28578cac6ef076795fe9e170de624038c4019d	2009-06-09T00:00:00.000+00:00	2025-08-01T00:00:00Z	released_before_prediction_creation	only_experimental_starting_models_reported_not_independence_proof	unresolved_release_and_creation_dates_are_not_training_or_template_cutoffs
3GTL	3GTL_9	AF-P38902-F1	e5ca72de84371c102b60be5d242b8952d384447efd42abc54d2fc7b284a64b0b	2009-06-09T00:00:00.000+00:00	2025-08-01T00:00:00Z	released_before_prediction_creation	only_experimental_starting_models_reported_not_independence_proof	unresolved_release_and_creation_dates_are_not_training_or_template_cutoffs
3GTM	3GTM_5	AF-P20435-F1	b35ac6750b96213d2e2f4608750f185b2daf71c690e6c7ef0382f39de2ec7d1c	2009-06-09T00:00:00.000+00:00	2025-08-01T00:00:00Z	released_before_prediction_creation	only_experimental_starting_models_reported_not_independence_proof	unresolved_release_and_creation_dates_are_not_training_or_template_cutoffs
3GTM	3GTM_6	AF-P20436-F1	ce7cd70250d0b569e39e2cf28c28578cac6ef076795fe9e170de624038c4019d	2009-06-09T00:00:00.000+00:00	2025-08-01T00:00:00Z	released_before_prediction_creation	only_experimental_starting_models_reported_not_independence_proof	unresolved_release_and_creation_dates_are_not_training_or_template_cutoffs
3GTM	3GTM_9	AF-P38902-F1	e5ca72de84371c102b60be5d242b8952d384447efd42abc54d2fc7b284a64b0b	2009-06-09T00:00:00.000+00:00	2025-08-01T00:00:00Z	released_before_prediction_creation	only_experimental_starting_models_reported_not_independence_proof	unresolved_release_and_creation_dates_are_not_training_or_template_cutoffs
3GTO	3GTO_5	AF-P20435-F1	b35ac6750b96213d2e2f4608750f185b2daf71c690e6c7ef0382f39de2ec7d1c	2009-06-09T00:00:00.000+00:00	2025-08-01T00:00:00Z	released_before_prediction_creation	only_experimental_starting_models_reported_not_independence_proof	unresolved_release_and_creation_dates_are_not_training_or_template_cutoffs
3GTO	3GTO_6	AF-P20436-F1	ce7cd70250d0b569e39e2cf28c28578cac6ef076795fe9e170de624038c4019d	2009-06-09T00:00:00.000+00:00	2025-08-01T00:00:00Z	released_before_prediction_creation	only_experimental_starting_models_reported_not_independence_proof	unresolved_release_and_creation_dates_are_not_training_or_template_cutoffs
3GTO	3GTO_9	AF-P38902-F1	e5ca72de84371c102b60be5d242b8952d384447efd42abc54d2fc7b284a64b0b	2009-06-09T00:00:00.000+00:00	2025-08-01T00:00:00Z	released_before_prediction_creation	only_experimental_starting_models_reported_not_independence_proof	unresolved_release_and_creation_dates_are_not_training_or_template_cutoffs
3GTP	3GTP_5	AF-P20435-F1	b35ac6750b96213d2e2f4608750f185b2daf71c690e6c7ef0382f39de2ec7d1c	2009-06-09T00:00:00.000+00:00	2025-08-01T00:00:00Z	released_before_prediction_creation	only_experimental_starting_models_reported_not_independence_proof	unresolved_release_and_creation_dates_are_not_training_or_template_cutoffs
3GTP	3GTP_6	AF-P20436-F1	ce7cd70250d0b569e39e2cf28c28578cac6ef076795fe9e170de624038c4019d	2009-06-09T00:00:00.000+00:00	2025-08-01T00:00:00Z	released_before_prediction_creation	only_experimental_starting_models_reported_not_independence_proof	unresolved_release_and_creation_dates_are_not_training_or_template_cutoffs
3GTP	3GTP_9	AF-P38902-F1	e5ca72de84371c102b60be5d242b8952d384447efd42abc54d2fc7b284a64b0b	2009-06-09T00:00:00.000+00:00	2025-08-01T00:00:00Z	released_before_prediction_creation	only_experimental_starting_models_reported_not_independence_proof	unresolved_release_and_creation_dates_are_not_training_or_template_cutoffs
3GTQ	3GTQ_5	AF-P20435-F1	b35ac6750b96213d2e2f4608750f185b2daf71c690e6c7ef0382f39de2ec7d1c	2009-06-09T00:00:00.000+00:00	2025-08-01T00:00:00Z	released_before_prediction_creation	only_experimental_starting_models_reported_not_independence_proof	unresolved_release_and_creation_dates_are_not_training_or_template_cutoffs
3GTQ	3GTQ_6	AF-P20436-F1	ce7cd70250d0b569e39e2cf28c28578cac6ef076795fe9e170de624038c4019d	2009-06-09T00:00:00.000+00:00	2025-08-01T00:00:00Z	released_before_prediction_creation	only_experimental_starting_models_reported_not_independence_proof	unresolved_release_and_creation_dates_are_not_training_or_template_cutoffs
3GTQ	3GTQ_9	AF-P38902-F1	e5ca72de84371c102b60be5d242b8952d384447efd42abc54d2fc7b284a64b0b	2009-06-09T00:00:00.000+00:00	2025-08-01T00:00:00Z	released_before_prediction_creation	only_experimental_starting_models_reported_not_independence_proof	unresolved_release_and_creation_dates_are_not_training_or_template_cutoffs
3H3V	3H3V_11	AF-P38902-F1	e5ca72de84371c102b60be5d242b8952d384447efd42abc54d2fc7b284a64b0b	2009-06-16T00:00:00.000+00:00	2025-08-01T00:00:00Z	released_before_prediction_creation	only_experimental_starting_models_reported_not_independence_proof	unresolved_release_and_creation_dates_are_not_training_or_template_cutoffs
3H3V	3H3V_6	AF-P20435-F1	b35ac6750b96213d2e2f4608750f185b2daf71c690e6c7ef0382f39de2ec7d1c	2009-06-16T00:00:00.000+00:00	2025-08-01T00:00:00Z	released_before_prediction_creation	only_experimental_starting_models_reported_not_independence_proof	unresolved_release_and_creation_dates_are_not_training_or_template_cutoffs
3H3V	3H3V_7	AF-P34087-F1	83d3a4bb2b77f2d447e2e34483b92f4a0abd024d20c78f29b9187d33c13f070a	2009-06-16T00:00:00.000+00:00	2025-08-01T00:00:00Z	released_before_prediction_creation	only_experimental_starting_models_reported_not_independence_proof	unresolved_release_and_creation_dates_are_not_training_or_template_cutoffs
3H3V	3H3V_8	AF-P20436-F1	ce7cd70250d0b569e39e2cf28c28578cac6ef076795fe9e170de624038c4019d	2009-06-16T00:00:00.000+00:00	2025-08-01T00:00:00Z	released_before_prediction_creation	only_experimental_starting_models_reported_not_independence_proof	unresolved_release_and_creation_dates_are_not_training_or_template_cutoffs
3HOU	3HOU_11	AF-P38902-F1	e5ca72de84371c102b60be5d242b8952d384447efd42abc54d2fc7b284a64b0b	2009-07-28T00:00:00.000+00:00	2025-08-01T00:00:00Z	released_before_prediction_creation	only_experimental_starting_models_reported_not_independence_proof	unresolved_release_and_creation_dates_are_not_training_or_template_cutoffs
3HOU	3HOU_6	AF-P20435-F1	b35ac6750b96213d2e2f4608750f185b2daf71c690e6c7ef0382f39de2ec7d1c	2009-07-28T00:00:00.000+00:00	2025-08-01T00:00:00Z	released_before_prediction_creation	only_experimental_starting_models_reported_not_independence_proof	unresolved_release_and_creation_dates_are_not_training_or_template_cutoffs
3HOU	3HOU_7	AF-P34087-F1	83d3a4bb2b77f2d447e2e34483b92f4a0abd024d20c78f29b9187d33c13f070a	2009-07-28T00:00:00.000+00:00	2025-08-01T00:00:00Z	released_before_prediction_creation	only_experimental_starting_models_reported_not_independence_proof	unresolved_release_and_creation_dates_are_not_training_or_template_cutoffs
3HOU	3HOU_8	AF-P20436-F1	ce7cd70250d0b569e39e2cf28c28578cac6ef076795fe9e170de624038c4019d	2009-07-28T00:00:00.000+00:00	2025-08-01T00:00:00Z	released_before_prediction_creation	only_experimental_starting_models_reported_not_independence_proof	unresolved_release_and_creation_dates_are_not_training_or_template_cutoffs
3HOV	3HOV_11	AF-P38902-F1	e5ca72de84371c102b60be5d242b8952d384447efd42abc54d2fc7b284a64b0b	2009-07-28T00:00:00.000+00:00	2025-08-01T00:00:00Z	released_before_prediction_creation	only_experimental_starting_models_reported_not_independence_proof	unresolved_release_and_creation_dates_are_not_training_or_template_cutoffs
3HOV	3HOV_6	AF-P20435-F1	b35ac6750b96213d2e2f4608750f185b2daf71c690e6c7ef0382f39de2ec7d1c	2009-07-28T00:00:00.000+00:00	2025-08-01T00:00:00Z	released_before_prediction_creation	only_experimental_starting_models_reported_not_independence_proof	unresolved_release_and_creation_dates_are_not_training_or_template_cutoffs
3HOV	3HOV_7	AF-P34087-F1	83d3a4bb2b77f2d447e2e34483b92f4a0abd024d20c78f29b9187d33c13f070a	2009-07-28T00:00:00.000+00:00	2025-08-01T00:00:00Z	released_before_prediction_creation	only_experimental_starting_models_reported_not_independence_proof	unresolved_release_and_creation_dates_are_not_training_or_template_cutoffs
3HOV	3HOV_8	AF-P20436-F1	ce7cd70250d0b569e39e2cf28c28578cac6ef076795fe9e170de624038c4019d	2009-07-28T00:00:00.000+00:00	2025-08-01T00:00:00Z	released_before_prediction_creation	only_experimental_starting_models_reported_not_independence_proof	unresolved_release_and_creation_dates_are_not_training_or_template_cutoffs
3HOW	3HOW_11	AF-P38902-F1	e5ca72de84371c102b60be5d242b8952d384447efd42abc54d2fc7b284a64b0b	2009-07-28T00:00:00.000+00:00	2025-08-01T00:00:00Z	released_before_prediction_creation	only_experimental_starting_models_reported_not_independence_proof	unresolved_release_and_creation_dates_are_not_training_or_template_cutoffs
3HOW	3HOW_6	AF-P20435-F1	b35ac6750b96213d2e2f4608750f185b2daf71c690e6c7ef0382f39de2ec7d1c	2009-07-28T00:00:00.000+00:00	2025-08-01T00:00:00Z	released_before_prediction_creation	only_experimental_starting_models_reported_not_independence_proof	unresolved_release_and_creation_dates_are_not_training_or_template_cutoffs
3HOW	3HOW_7	AF-P34087-F1	83d3a4bb2b77f2d447e2e34483b92f4a0abd024d20c78f29b9187d33c13f070a	2009-07-28T00:00:00.000+00:00	2025-08-01T00:00:00Z	released_before_prediction_creation	only_experimental_starting_models_reported_not_independence_proof	unresolved_release_and_creation_dates_are_not_training_or_template_cutoffs
3HOW	3HOW_8	AF-P20436-F1	ce7cd70250d0b569e39e2cf28c28578cac6ef076795fe9e170de624038c4019d	2009-07-28T00:00:00.000+00:00	2025-08-01T00:00:00Z	released_before_prediction_creation	only_experimental_starting_models_reported_not_independence_proof	unresolved_release_and_creation_dates_are_not_training_or_template_cutoffs
3HOX	3HOX_11	AF-P38902-F1	e5ca72de84371c102b60be5d242b8952d384447efd42abc54d2fc7b284a64b0b	2009-07-28T00:00:00.000+00:00	2025-08-01T00:00:00Z	released_before_prediction_creation	only_experimental_starting_models_reported_not_independence_proof	unresolved_release_and_creation_dates_are_not_training_or_template_cutoffs
3HOX	3HOX_6	AF-P20435-F1	b35ac6750b96213d2e2f4608750f185b2daf71c690e6c7ef0382f39de2ec7d1c	2009-07-28T00:00:00.000+00:00	2025-08-01T00:00:00Z	released_before_prediction_creation	only_experimental_starting_models_reported_not_independence_proof	unresolved_release_and_creation_dates_are_not_training_or_template_cutoffs
3HOX	3HOX_7	AF-P34087-F1	83d3a4bb2b77f2d447e2e34483b92f4a0abd024d20c78f29b9187d33c13f070a	2009-07-28T00:00:00.000+00:00	2025-08-01T00:00:00Z	released_before_prediction_creation	only_experimental_starting_models_reported_not_independence_proof	unresolved_release_and_creation_dates_are_not_training_or_template_cutoffs
3HOX	3HOX_8	AF-P20436-F1	ce7cd70250d0b569e39e2cf28c28578cac6ef076795fe9e170de624038c4019d	2009-07-28T00:00:00.000+00:00	2025-08-01T00:00:00Z	released_before_prediction_creation	only_experimental_starting_models_reported_not_independence_proof	unresolved_release_and_creation_dates_are_not_training_or_template_cutoffs
3HOY	3HOY_11	AF-P38902-F1	e5ca72de84371c102b60be5d242b8952d384447efd42abc54d2fc7b284a64b0b	2009-07-28T00:00:00.000+00:00	2025-08-01T00:00:00Z	released_before_prediction_creation	only_experimental_starting_models_reported_not_independence_proof	unresolved_release_and_creation_dates_are_not_training_or_template_cutoffs
3HOY	3HOY_6	AF-P20435-F1	b35ac6750b96213d2e2f4608750f185b2daf71c690e6c7ef0382f39de2ec7d1c	2009-07-28T00:00:00.000+00:00	2025-08-01T00:00:00Z	released_before_prediction_creation	only_experimental_starting_models_reported_not_independence_proof	unresolved_release_and_creation_dates_are_not_training_or_template_cutoffs
3HOY	3HOY_7	AF-P34087-F1	83d3a4bb2b77f2d447e2e34483b92f4a0abd024d20c78f29b9187d33c13f070a	2009-07-28T00:00:00.000+00:00	2025-08-01T00:00:00Z	released_before_prediction_creation	only_experimental_starting_models_reported_not_independence_proof	unresolved_release_and_creation_dates_are_not_training_or_template_cutoffs
3HOY	3HOY_8	AF-P20436-F1	ce7cd70250d0b569e39e2cf28c28578cac6ef076795fe9e170de624038c4019d	2009-07-28T00:00:00.000+00:00	2025-08-01T00:00:00Z	released_before_prediction_creation	only_experimental_starting_models_reported_not_independence_proof	unresolved_release_and_creation_dates_are_not_training_or_template_cutoffs
3HOZ	3HOZ_11	AF-P38902-F1	e5ca72de84371c102b60be5d242b8952d384447efd42abc54d2fc7b284a64b0b	2009-07-28T00:00:00.000+00:00	2025-08-01T00:00:00Z	released_before_prediction_creation	only_experimental_starting_models_reported_not_independence_proof	unresolved_release_and_creation_dates_are_not_training_or_template_cutoffs
3HOZ	3HOZ_6	AF-P20435-F1	b35ac6750b96213d2e2f4608750f185b2daf71c690e6c7ef0382f39de2ec7d1c	2009-07-28T00:00:00.000+00:00	2025-08-01T00:00:00Z	released_before_prediction_creation	only_experimental_starting_models_reported_not_independence_proof	unresolved_release_and_creation_dates_are_not_training_or_template_cutoffs
3HOZ	3HOZ_7	AF-P34087-F1	83d3a4bb2b77f2d447e2e34483b92f4a0abd024d20c78f29b9187d33c13f070a	2009-07-28T00:00:00.000+00:00	2025-08-01T00:00:00Z	released_before_prediction_creation	only_experimental_starting_models_reported_not_independence_proof	unresolved_release_and_creation_dates_are_not_training_or_template_cutoffs
3HOZ	3HOZ_8	AF-P20436-F1	ce7cd70250d0b569e39e2cf28c28578cac6ef076795fe9e170de624038c4019d	2009-07-28T00:00:00.000+00:00	2025-08-01T00:00:00Z	released_before_prediction_creation	only_experimental_starting_models_reported_not_independence_proof	unresolved_release_and_creation_dates_are_not_training_or_template_cutoffs
3I4M	3I4M_11	AF-P38902-F1	e5ca72de84371c102b60be5d242b8952d384447efd42abc54d2fc7b284a64b0b	2009-09-08T00:00:00.000+00:00	2025-08-01T00:00:00Z	released_before_prediction_creation	only_experimental_starting_models_reported_not_independence_proof	unresolved_release_and_creation_dates_are_not_training_or_template_cutoffs
3I4M	3I4M_6	AF-P20435-F1	b35ac6750b96213d2e2f4608750f185b2daf71c690e6c7ef0382f39de2ec7d1c	2009-09-08T00:00:00.000+00:00	2025-08-01T00:00:00Z	released_before_prediction_creation	only_experimental_starting_models_reported_not_independence_proof	unresolved_release_and_creation_dates_are_not_training_or_template_cutoffs
3I4M	3I4M_7	AF-P34087-F1	83d3a4bb2b77f2d447e2e34483b92f4a0abd024d20c78f29b9187d33c13f070a	2009-09-08T00:00:00.000+00:00	2025-08-01T00:00:00Z	released_before_prediction_creation	only_experimental_starting_models_reported_not_independence_proof	unresolved_release_and_creation_dates_are_not_training_or_template_cutoffs
3I4M	3I4M_8	AF-P20436-F1	ce7cd70250d0b569e39e2cf28c28578cac6ef076795fe9e170de624038c4019d	2009-09-08T00:00:00.000+00:00	2025-08-01T00:00:00Z	released_before_prediction_creation	only_experimental_starting_models_reported_not_independence_proof	unresolved_release_and_creation_dates_are_not_training_or_template_cutoffs
3I4N	3I4N_11	AF-P38902-F1	e5ca72de84371c102b60be5d242b8952d384447efd42abc54d2fc7b284a64b0b	2009-09-08T00:00:00.000+00:00	2025-08-01T00:00:00Z	released_before_prediction_creation	only_experimental_starting_models_reported_not_independence_proof	unresolved_release_and_creation_dates_are_not_training_or_template_cutoffs
3I4N	3I4N_6	AF-P20435-F1	b35ac6750b96213d2e2f4608750f185b2daf71c690e6c7ef0382f39de2ec7d1c	2009-09-08T00:00:00.000+00:00	2025-08-01T00:00:00Z	released_before_prediction_creation	only_experimental_starting_models_reported_not_independence_proof	unresolved_release_and_creation_dates_are_not_training_or_template_cutoffs
3I4N	3I4N_7	AF-P34087-F1	83d3a4bb2b77f2d447e2e34483b92f4a0abd024d20c78f29b9187d33c13f070a	2009-09-08T00:00:00.000+00:00	2025-08-01T00:00:00Z	released_before_prediction_creation	only_experimental_starting_models_reported_not_independence_proof	unresolved_release_and_creation_dates_are_not_training_or_template_cutoffs
3I4N	3I4N_8	AF-P20436-F1	ce7cd70250d0b569e39e2cf28c28578cac6ef076795fe9e170de624038c4019d	2009-09-08T00:00:00.000+00:00	2025-08-01T00:00:00Z	released_before_prediction_creation	only_experimental_starting_models_reported_not_independence_proof	unresolved_release_and_creation_dates_are_not_training_or_template_cutoffs
3IZQ	3IZQ_1	AF-P33309-F1	9290d7c5d79158df0e0dcb67b0c05aa7e2a325310393e00f30c9a05ae73b9018	2011-06-01T00:00:00.000+00:00	2025-08-01T00:00:00Z	released_before_prediction_creation	starting_model_annotation_missing	unresolved_release_and_creation_dates_are_not_training_or_template_cutoffs
3J0K	3J0K_11	AF-P38902-F1	e5ca72de84371c102b60be5d242b8952d384447efd42abc54d2fc7b284a64b0b	2011-10-19T00:00:00.000+00:00	2025-08-01T00:00:00Z	released_before_prediction_creation	only_experimental_starting_models_reported_not_independence_proof	unresolved_release_and_creation_dates_are_not_training_or_template_cutoffs
3J0K	3J0K_7	AF-P34087-F1	83d3a4bb2b77f2d447e2e34483b92f4a0abd024d20c78f29b9187d33c13f070a	2011-10-19T00:00:00.000+00:00	2025-08-01T00:00:00Z	released_before_prediction_creation	only_experimental_starting_models_reported_not_independence_proof	unresolved_release_and_creation_dates_are_not_training_or_template_cutoffs
3J0K	3J0K_8	AF-P20436-F1	ce7cd70250d0b569e39e2cf28c28578cac6ef076795fe9e170de624038c4019d	2011-10-19T00:00:00.000+00:00	2025-08-01T00:00:00Z	released_before_prediction_creation	only_experimental_starting_models_reported_not_independence_proof	unresolved_release_and_creation_dates_are_not_training_or_template_cutoffs
3J16	3J16_1	AF-P33309-F1	9290d7c5d79158df0e0dcb67b0c05aa7e2a325310393e00f30c9a05ae73b9018	2012-02-22T00:00:00.000+00:00	2025-08-01T00:00:00Z	released_before_prediction_creation	starting_model_annotation_missing	unresolved_release_and_creation_dates_are_not_training_or_template_cutoffs
3J1N	3J1N_11	AF-P38902-F1	e5ca72de84371c102b60be5d242b8952d384447efd42abc54d2fc7b284a64b0b	2013-03-06T00:00:00.000+00:00	2025-08-01T00:00:00Z	released_before_prediction_creation	only_experimental_starting_models_reported_not_independence_proof	unresolved_release_and_creation_dates_are_not_training_or_template_cutoffs
3J1N	3J1N_7	AF-P34087-F1	83d3a4bb2b77f2d447e2e34483b92f4a0abd024d20c78f29b9187d33c13f070a	2013-03-06T00:00:00.000+00:00	2025-08-01T00:00:00Z	released_before_prediction_creation	only_experimental_starting_models_reported_not_independence_proof	unresolved_release_and_creation_dates_are_not_training_or_template_cutoffs
3J1N	3J1N_8	AF-P20436-F1	ce7cd70250d0b569e39e2cf28c28578cac6ef076795fe9e170de624038c4019d	2013-03-06T00:00:00.000+00:00	2025-08-01T00:00:00Z	released_before_prediction_creation	only_experimental_starting_models_reported_not_independence_proof	unresolved_release_and_creation_dates_are_not_training_or_template_cutoffs
3J2I	3J2I_1	AF-Q12522-F1	a9c859214bc288900788ea22094f6779f5e80a857b1a76ad3d655a47854cced8	2012-11-07T00:00:00.000+00:00	2025-08-01T00:00:00Z	released_before_prediction_creation	starting_model_annotation_missing	unresolved_release_and_creation_dates_are_not_training_or_template_cutoffs
3JA8	3JA8_3	AF-P30665-F1	0b38fefaef2eca7f23bb979bc9da1dec4e9a6ffe79ea3e53edd734b02e70527b	2015-08-05T00:00:00.000+00:00	2025-08-01T00:00:00Z	released_before_prediction_creation	starting_model_annotation_missing	unresolved_release_and_creation_dates_are_not_training_or_template_cutoffs
3JA8	3JA8_5	AF-P53091-F1	03b7797a0460645fc3278608ce831cc02c9437647883cfcf335a74b1b3aeb9c3	2015-08-05T00:00:00.000+00:00	2025-08-01T00:00:00Z	released_before_prediction_creation	starting_model_annotation_missing	unresolved_release_and_creation_dates_are_not_training_or_template_cutoffs
3JA8	3JA8_6	AF-P38132-F1	dbff9e0a6531af71d18bb3f0b0febfb568f2e863b6861e6daa67f914c7942edf	2015-08-05T00:00:00.000+00:00	2025-08-01T00:00:00Z	released_before_prediction_creation	starting_model_annotation_missing	unresolved_release_and_creation_dates_are_not_training_or_template_cutoffs
3JAP	3JAP_39	AF-P20459-F1	103b52af36a2c9b9a84c89fd243732557e3cf5b88438528be6a1f8c2023e782e	2015-08-12T00:00:00.000+00:00	2025-08-01T00:00:00Z	released_before_prediction_creation	only_experimental_starting_models_reported_not_independence_proof	unresolved_release_and_creation_dates_are_not_training_or_template_cutoffs
3JAP	3JAP_45	AF-P40217-F1	db0c848d26f2719aa11d159afc8f0b1133f6037749ff3b62a403b4993a55b53d	2015-08-12T00:00:00.000+00:00	2025-08-01T00:00:00Z	released_before_prediction_creation	only_experimental_starting_models_reported_not_independence_proof	unresolved_release_and_creation_dates_are_not_training_or_template_cutoffs
3JC5	3JC5_3	AF-P30665-F1	0b38fefaef2eca7f23bb979bc9da1dec4e9a6ffe79ea3e53edd734b02e70527b	2016-02-10T00:00:00.000+00:00	2025-08-01T00:00:00Z	released_before_prediction_creation	only_experimental_starting_models_reported_not_independence_proof	unresolved_release_and_creation_dates_are_not_training_or_template_cutoffs
3JC5	3JC5_5	AF-P53091-F1	03b7797a0460645fc3278608ce831cc02c9437647883cfcf335a74b1b3aeb9c3	2016-02-10T00:00:00.000+00:00	2025-08-01T00:00:00Z	released_before_prediction_creation	only_experimental_starting_models_reported_not_independence_proof	unresolved_release_and_creation_dates_are_not_training_or_template_cutoffs
3JC5	3JC5_6	AF-P38132-F1	dbff9e0a6531af71d18bb3f0b0febfb568f2e863b6861e6daa67f914c7942edf	2016-02-10T00:00:00.000+00:00	2025-08-01T00:00:00Z	released_before_prediction_creation	only_experimental_starting_models_reported_not_independence_proof	unresolved_release_and_creation_dates_are_not_training_or_template_cutoffs
3JC5	3JC5_8	AF-Q03406-F1	5cae9a720dba99e7f3e4f1de8b6a63064ee6691f0e076cf8012a08762d7a3c52	2016-02-10T00:00:00.000+00:00	2025-08-01T00:00:00Z	released_before_prediction_creation	only_experimental_starting_models_reported_not_independence_proof	unresolved_release_and_creation_dates_are_not_training_or_template_cutoffs
3JC5	3JC5_9	AF-P40359-F1	9fb69cb67e3079fd58481686b3e32f9badf14994da061a3c837e6c9b88b2ab82	2016-02-10T00:00:00.000+00:00	2025-08-01T00:00:00Z	released_before_prediction_creation	only_experimental_starting_models_reported_not_independence_proof	unresolved_release_and_creation_dates_are_not_training_or_template_cutoffs
3JC6	3JC6_3	AF-P30665-F1	0b38fefaef2eca7f23bb979bc9da1dec4e9a6ffe79ea3e53edd734b02e70527b	2016-02-10T00:00:00.000+00:00	2025-08-01T00:00:00Z	released_before_prediction_creation	only_experimental_starting_models_reported_not_independence_proof	unresolved_release_and_creation_dates_are_not_training_or_template_cutoffs
3JC6	3JC6_5	AF-P53091-F1	03b7797a0460645fc3278608ce831cc02c9437647883cfcf335a74b1b3aeb9c3	2016-02-10T00:00:00.000+00:00	2025-08-01T00:00:00Z	released_before_prediction_creation	only_experimental_starting_models_reported_not_independence_proof	unresolved_release_and_creation_dates_are_not_training_or_template_cutoffs
3JC6	3JC6_6	AF-P38132-F1	dbff9e0a6531af71d18bb3f0b0febfb568f2e863b6861e6daa67f914c7942edf	2016-02-10T00:00:00.000+00:00	2025-08-01T00:00:00Z	released_before_prediction_creation	only_experimental_starting_models_reported_not_independence_proof	unresolved_release_and_creation_dates_are_not_training_or_template_cutoffs
3JC6	3JC6_8	AF-Q03406-F1	5cae9a720dba99e7f3e4f1de8b6a63064ee6691f0e076cf8012a08762d7a3c52	2016-02-10T00:00:00.000+00:00	2025-08-01T00:00:00Z	released_before_prediction_creation	only_experimental_starting_models_reported_not_independence_proof	unresolved_release_and_creation_dates_are_not_training_or_template_cutoffs
3JC6	3JC6_9	AF-P40359-F1	9fb69cb67e3079fd58481686b3e32f9badf14994da061a3c837e6c9b88b2ab82	2016-02-10T00:00:00.000+00:00	2025-08-01T00:00:00Z	released_before_prediction_creation	only_experimental_starting_models_reported_not_independence_proof	unresolved_release_and_creation_dates_are_not_training_or_template_cutoffs
3JC7	3JC7_3	AF-P30665-F1	0b38fefaef2eca7f23bb979bc9da1dec4e9a6ffe79ea3e53edd734b02e70527b	2016-02-10T00:00:00.000+00:00	2025-08-01T00:00:00Z	released_before_prediction_creation	only_experimental_starting_models_reported_not_independence_proof	unresolved_release_and_creation_dates_are_not_training_or_template_cutoffs
3JC7	3JC7_5	AF-P53091-F1	03b7797a0460645fc3278608ce831cc02c9437647883cfcf335a74b1b3aeb9c3	2016-02-10T00:00:00.000+00:00	2025-08-01T00:00:00Z	released_before_prediction_creation	only_experimental_starting_models_reported_not_independence_proof	unresolved_release_and_creation_dates_are_not_training_or_template_cutoffs
3JC7	3JC7_6	AF-P38132-F1	dbff9e0a6531af71d18bb3f0b0febfb568f2e863b6861e6daa67f914c7942edf	2016-02-10T00:00:00.000+00:00	2025-08-01T00:00:00Z	released_before_prediction_creation	only_experimental_starting_models_reported_not_independence_proof	unresolved_release_and_creation_dates_are_not_training_or_template_cutoffs
3JC7	3JC7_8	AF-Q03406-F1	5cae9a720dba99e7f3e4f1de8b6a63064ee6691f0e076cf8012a08762d7a3c52	2016-02-10T00:00:00.000+00:00	2025-08-01T00:00:00Z	released_before_prediction_creation	only_experimental_starting_models_reported_not_independence_proof	unresolved_release_and_creation_dates_are_not_training_or_template_cutoffs
3JC7	3JC7_9	AF-P40359-F1	9fb69cb67e3079fd58481686b3e32f9badf14994da061a3c837e6c9b88b2ab82	2016-02-10T00:00:00.000+00:00	2025-08-01T00:00:00Z	released_before_prediction_creation	only_experimental_starting_models_reported_not_independence_proof	unresolved_release_and_creation_dates_are_not_training_or_template_cutoffs
3JCK	3JCK_2	AF-Q12250-F1	f9d25f45a2a3eee589a6c556661ee99fe05c787d87bf2ba89aea44dae9063aac	2016-01-20T00:00:00.000+00:00	2025-08-01T00:00:00Z	released_before_prediction_creation	starting_model_annotation_missing	unresolved_release_and_creation_dates_are_not_training_or_template_cutoffs
3JCK	3JCK_4	AF-Q06103-F1	668cafe2b2304fbacb9ab68ea3c37c7805a16334996147ff72c4ca5be69b64eb	2016-01-20T00:00:00.000+00:00	2025-08-01T00:00:00Z	released_before_prediction_creation	starting_model_annotation_missing	unresolved_release_and_creation_dates_are_not_training_or_template_cutoffs
3JCM	3JCM_1	AF-P33334-F1	afce8faeb9f9a4ada2c845c4e3d79c90ad537b4a8e3a59aafc384343f8167a29	2016-02-24T00:00:00.000+00:00	2025-08-01T00:00:00Z	released_before_prediction_creation	starting_model_annotation_missing	unresolved_release_and_creation_dates_are_not_training_or_template_cutoffs
3JCM	3JCM_2	AF-P20053-F1	cf91b4c59edaf90cca66b436e170d980254b8459f21b45789691b88e2ac340a6	2016-02-24T00:00:00.000+00:00	2025-08-01T00:00:00Z	released_before_prediction_creation	starting_model_annotation_missing	unresolved_release_and_creation_dates_are_not_training_or_template_cutoffs
3JCM	3JCM_4	AF-P19735-F1	bd8cb57c30a1cbcff373e7e2b8d9c5d1cfee5d5e28aa0b131ce53392844f35a9	2016-02-24T00:00:00.000+00:00	2025-08-01T00:00:00Z	released_before_prediction_creation	starting_model_annotation_missing	unresolved_release_and_creation_dates_are_not_training_or_template_cutoffs
3JCO	3JCO_14	AF-P21242-F1	8283ba552d1a3cf6c49a4d151043a7ef16df99a3d9c30a2b73e7692d36d2c844	2016-06-15T00:00:00.000+00:00	2025-08-01T00:00:00Z	released_before_prediction_creation	only_experimental_starting_models_reported_not_independence_proof	unresolved_release_and_creation_dates_are_not_training_or_template_cutoffs
3JCO	3JCO_21	AF-P32565-F1	fe2ef41c38ef7266951644e6481f0310899fda58b257a0a6b0c7c8e3c3cabea4	2016-06-15T00:00:00.000+00:00	2025-08-01T00:00:00Z	released_before_prediction_creation	only_experimental_starting_models_reported_not_independence_proof	unresolved_release_and_creation_dates_are_not_training_or_template_cutoffs
3JCO	3JCO_23	AF-Q12250-F1	f9d25f45a2a3eee589a6c556661ee99fe05c787d87bf2ba89aea44dae9063aac	2016-06-15T00:00:00.000+00:00	2025-08-01T00:00:00Z	released_before_prediction_creation	only_experimental_starting_models_reported_not_independence_proof	unresolved_release_and_creation_dates_are_not_training_or_template_cutoffs
3JCO	3JCO_25	AF-Q06103-F1	668cafe2b2304fbacb9ab68ea3c37c7805a16334996147ff72c4ca5be69b64eb	2016-06-15T00:00:00.000+00:00	2025-08-01T00:00:00Z	released_before_prediction_creation	only_experimental_starting_models_reported_not_independence_proof	unresolved_release_and_creation_dates_are_not_training_or_template_cutoffs
3JCO	3JCO_26	AF-P40016-F1	4a79a9ca6b6fcb3175539bdae202a7cc5e2df058476852f87bf482b5d1127fd2	2016-06-15T00:00:00.000+00:00	2025-08-01T00:00:00Z	released_before_prediction_creation	only_experimental_starting_models_reported_not_independence_proof	unresolved_release_and_creation_dates_are_not_training_or_template_cutoffs
3JCO	3JCO_33	AF-P38764-F1	8bf7784ea7d1c049bdb205d07f75d93f35ee4acec9266bab391a7d2fd35e30ca	2016-06-15T00:00:00.000+00:00	2025-08-01T00:00:00Z	released_before_prediction_creation	only_experimental_starting_models_reported_not_independence_proof	unresolved_release_and_creation_dates_are_not_training_or_template_cutoffs
3JCP	3JCP_14	AF-P21242-F1	8283ba552d1a3cf6c49a4d151043a7ef16df99a3d9c30a2b73e7692d36d2c844	2016-06-15T00:00:00.000+00:00	2025-08-01T00:00:00Z	released_before_prediction_creation	only_experimental_starting_models_reported_not_independence_proof	unresolved_release_and_creation_dates_are_not_training_or_template_cutoffs
3JCP	3JCP_21	AF-P32565-F1	fe2ef41c38ef7266951644e6481f0310899fda58b257a0a6b0c7c8e3c3cabea4	2016-06-15T00:00:00.000+00:00	2025-08-01T00:00:00Z	released_before_prediction_creation	only_experimental_starting_models_reported_not_independence_proof	unresolved_release_and_creation_dates_are_not_training_or_template_cutoffs
3JCP	3JCP_23	AF-Q12250-F1	f9d25f45a2a3eee589a6c556661ee99fe05c787d87bf2ba89aea44dae9063aac	2016-06-15T00:00:00.000+00:00	2025-08-01T00:00:00Z	released_before_prediction_creation	only_experimental_starting_models_reported_not_independence_proof	unresolved_release_and_creation_dates_are_not_training_or_template_cutoffs
3JCP	3JCP_25	AF-Q06103-F1	668cafe2b2304fbacb9ab68ea3c37c7805a16334996147ff72c4ca5be69b64eb	2016-06-15T00:00:00.000+00:00	2025-08-01T00:00:00Z	released_before_prediction_creation	only_experimental_starting_models_reported_not_independence_proof	unresolved_release_and_creation_dates_are_not_training_or_template_cutoffs
3JCP	3JCP_26	AF-P40016-F1	4a79a9ca6b6fcb3175539bdae202a7cc5e2df058476852f87bf482b5d1127fd2	2016-06-15T00:00:00.000+00:00	2025-08-01T00:00:00Z	released_before_prediction_creation	only_experimental_starting_models_reported_not_independence_proof	unresolved_release_and_creation_dates_are_not_training_or_template_cutoffs
3JCP	3JCP_33	AF-P38764-F1	8bf7784ea7d1c049bdb205d07f75d93f35ee4acec9266bab391a7d2fd35e30ca	2016-06-15T00:00:00.000+00:00	2025-08-01T00:00:00Z	released_before_prediction_creation	only_experimental_starting_models_reported_not_independence_proof	unresolved_release_and_creation_dates_are_not_training_or_template_cutoffs
3JCT	3JCT_23	AF-P33201-F1	1339886dfb0473fd4dc59344281a8288b3ac1979e074403818c8117482fe794b	2016-06-01T00:00:00.000+00:00	2025-08-01T00:00:00Z	released_before_prediction_creation	only_experimental_starting_models_reported_not_independence_proof	unresolved_release_and_creation_dates_are_not_training_or_template_cutoffs
3JCT	3JCT_28	AF-Q02892-F1	9b034068144dc1c8f367dcc1d0940877c694565a6c15b2ee590634a8d512edac	2016-06-01T00:00:00.000+00:00	2025-08-01T00:00:00Z	released_before_prediction_creation	only_experimental_starting_models_reported_not_independence_proof	unresolved_release_and_creation_dates_are_not_training_or_template_cutoffs
3JCT	3JCT_47	AF-Q07915-F1	1d54d8fc6fd3850a44b980391ada8291d7463d18caf3143cb61d4a3be8997bc2	2016-06-01T00:00:00.000+00:00	2025-08-01T00:00:00Z	released_before_prediction_creation	only_experimental_starting_models_reported_not_independence_proof	unresolved_release_and_creation_dates_are_not_training_or_template_cutoffs
3JCT	3JCT_49	AF-Q08746-F1	4f84b0e10a5b3c764e93baed539d90856f0578cc8d539e760befd2779bbdbae3	2016-06-01T00:00:00.000+00:00	2025-08-01T00:00:00Z	released_before_prediction_creation	only_experimental_starting_models_reported_not_independence_proof	unresolved_release_and_creation_dates_are_not_training_or_template_cutoffs
3JCT	3JCT_51	AF-Q12522-F1	a9c859214bc288900788ea22094f6779f5e80a857b1a76ad3d655a47854cced8	2016-06-01T00:00:00.000+00:00	2025-08-01T00:00:00Z	released_before_prediction_creation	only_experimental_starting_models_reported_not_independence_proof	unresolved_release_and_creation_dates_are_not_training_or_template_cutoffs
3K1F	3K1F_11	AF-P38902-F1	e5ca72de84371c102b60be5d242b8952d384447efd42abc54d2fc7b284a64b0b	2009-11-10T00:00:00.000+00:00	2025-08-01T00:00:00Z	released_before_prediction_creation	only_experimental_starting_models_reported_not_independence_proof	unresolved_release_and_creation_dates_are_not_training_or_template_cutoffs
3K1F	3K1F_6	AF-P20435-F1	b35ac6750b96213d2e2f4608750f185b2daf71c690e6c7ef0382f39de2ec7d1c	2009-11-10T00:00:00.000+00:00	2025-08-01T00:00:00Z	released_before_prediction_creation	only_experimental_starting_models_reported_not_independence_proof	unresolved_release_and_creation_dates_are_not_training_or_template_cutoffs
3K1F	3K1F_7	AF-P34087-F1	83d3a4bb2b77f2d447e2e34483b92f4a0abd024d20c78f29b9187d33c13f070a	2009-11-10T00:00:00.000+00:00	2025-08-01T00:00:00Z	released_before_prediction_creation	only_experimental_starting_models_reported_not_independence_proof	unresolved_release_and_creation_dates_are_not_training_or_template_cutoffs
3K1F	3K1F_8	AF-P20436-F1	ce7cd70250d0b569e39e2cf28c28578cac6ef076795fe9e170de624038c4019d	2009-11-10T00:00:00.000+00:00	2025-08-01T00:00:00Z	released_before_prediction_creation	only_experimental_starting_models_reported_not_independence_proof	unresolved_release_and_creation_dates_are_not_training_or_template_cutoffs
3K7A	3K7A_5	AF-P20435-F1	b35ac6750b96213d2e2f4608750f185b2daf71c690e6c7ef0382f39de2ec7d1c	2009-11-24T00:00:00.000+00:00	2025-08-01T00:00:00Z	released_before_prediction_creation	only_experimental_starting_models_reported_not_independence_proof	unresolved_release_and_creation_dates_are_not_training_or_template_cutoffs
3K7A	3K7A_6	AF-P20436-F1	ce7cd70250d0b569e39e2cf28c28578cac6ef076795fe9e170de624038c4019d	2009-11-24T00:00:00.000+00:00	2025-08-01T00:00:00Z	released_before_prediction_creation	only_experimental_starting_models_reported_not_independence_proof	unresolved_release_and_creation_dates_are_not_training_or_template_cutoffs
3K7A	3K7A_9	AF-P38902-F1	e5ca72de84371c102b60be5d242b8952d384447efd42abc54d2fc7b284a64b0b	2009-11-24T00:00:00.000+00:00	2025-08-01T00:00:00Z	released_before_prediction_creation	only_experimental_starting_models_reported_not_independence_proof	unresolved_release_and_creation_dates_are_not_training_or_template_cutoffs
3M3Y	3M3Y_5	AF-P20435-F1	b35ac6750b96213d2e2f4608750f185b2daf71c690e6c7ef0382f39de2ec7d1c	2010-05-12T00:00:00.000+00:00	2025-08-01T00:00:00Z	released_before_prediction_creation	only_experimental_starting_models_reported_not_independence_proof	unresolved_release_and_creation_dates_are_not_training_or_template_cutoffs
3M3Y	3M3Y_6	AF-P20436-F1	ce7cd70250d0b569e39e2cf28c28578cac6ef076795fe9e170de624038c4019d	2010-05-12T00:00:00.000+00:00	2025-08-01T00:00:00Z	released_before_prediction_creation	only_experimental_starting_models_reported_not_independence_proof	unresolved_release_and_creation_dates_are_not_training_or_template_cutoffs
3M3Y	3M3Y_9	AF-P38902-F1	e5ca72de84371c102b60be5d242b8952d384447efd42abc54d2fc7b284a64b0b	2010-05-12T00:00:00.000+00:00	2025-08-01T00:00:00Z	released_before_prediction_creation	only_experimental_starting_models_reported_not_independence_proof	unresolved_release_and_creation_dates_are_not_training_or_template_cutoffs
3M4O	3M4O_5	AF-P20435-F1	b35ac6750b96213d2e2f4608750f185b2daf71c690e6c7ef0382f39de2ec7d1c	2010-05-12T00:00:00.000+00:00	2025-08-01T00:00:00Z	released_before_prediction_creation	only_experimental_starting_models_reported_not_independence_proof	unresolved_release_and_creation_dates_are_not_training_or_template_cutoffs
3M4O	3M4O_6	AF-P20436-F1	ce7cd70250d0b569e39e2cf28c28578cac6ef076795fe9e170de624038c4019d	2010-05-12T00:00:00.000+00:00	2025-08-01T00:00:00Z	released_before_prediction_creation	only_experimental_starting_models_reported_not_independence_proof	unresolved_release_and_creation_dates_are_not_training_or_template_cutoffs
3M4O	3M4O_9	AF-P38902-F1	e5ca72de84371c102b60be5d242b8952d384447efd42abc54d2fc7b284a64b0b	2010-05-12T00:00:00.000+00:00	2025-08-01T00:00:00Z	released_before_prediction_creation	only_experimental_starting_models_reported_not_independence_proof	unresolved_release_and_creation_dates_are_not_training_or_template_cutoffs
3NZJ	3NZJ_6	AF-P21242-F1	8283ba552d1a3cf6c49a4d151043a7ef16df99a3d9c30a2b73e7692d36d2c844	2011-02-16T00:00:00.000+00:00	2025-08-01T00:00:00Z	released_before_prediction_creation	only_experimental_starting_models_reported_not_independence_proof	unresolved_release_and_creation_dates_are_not_training_or_template_cutoffs
3NZW	3NZW_6	AF-P21242-F1	8283ba552d1a3cf6c49a4d151043a7ef16df99a3d9c30a2b73e7692d36d2c844	2011-02-16T00:00:00.000+00:00	2025-08-01T00:00:00Z	released_before_prediction_creation	only_experimental_starting_models_reported_not_independence_proof	unresolved_release_and_creation_dates_are_not_training_or_template_cutoffs
3NZX	3NZX_6	AF-P21242-F1	8283ba552d1a3cf6c49a4d151043a7ef16df99a3d9c30a2b73e7692d36d2c844	2011-02-16T00:00:00.000+00:00	2025-08-01T00:00:00Z	released_before_prediction_creation	only_experimental_starting_models_reported_not_independence_proof	unresolved_release_and_creation_dates_are_not_training_or_template_cutoffs
3PO2	3PO2_11	AF-P38902-F1	e5ca72de84371c102b60be5d242b8952d384447efd42abc54d2fc7b284a64b0b	2011-03-02T00:00:00.000+00:00	2025-08-01T00:00:00Z	released_before_prediction_creation	only_experimental_starting_models_reported_not_independence_proof	unresolved_release_and_creation_dates_are_not_training_or_template_cutoffs
3PO2	3PO2_6	AF-P20435-F1	b35ac6750b96213d2e2f4608750f185b2daf71c690e6c7ef0382f39de2ec7d1c	2011-03-02T00:00:00.000+00:00	2025-08-01T00:00:00Z	released_before_prediction_creation	only_experimental_starting_models_reported_not_independence_proof	unresolved_release_and_creation_dates_are_not_training_or_template_cutoffs
3PO2	3PO2_7	AF-P34087-F1	83d3a4bb2b77f2d447e2e34483b92f4a0abd024d20c78f29b9187d33c13f070a	2011-03-02T00:00:00.000+00:00	2025-08-01T00:00:00Z	released_before_prediction_creation	only_experimental_starting_models_reported_not_independence_proof	unresolved_release_and_creation_dates_are_not_training_or_template_cutoffs
3PO2	3PO2_8	AF-P20436-F1	ce7cd70250d0b569e39e2cf28c28578cac6ef076795fe9e170de624038c4019d	2011-03-02T00:00:00.000+00:00	2025-08-01T00:00:00Z	released_before_prediction_creation	only_experimental_starting_models_reported_not_independence_proof	unresolved_release_and_creation_dates_are_not_training_or_template_cutoffs
3PO3	3PO3_11	AF-P38902-F1	e5ca72de84371c102b60be5d242b8952d384447efd42abc54d2fc7b284a64b0b	2011-03-02T00:00:00.000+00:00	2025-08-01T00:00:00Z	released_before_prediction_creation	only_experimental_starting_models_reported_not_independence_proof	unresolved_release_and_creation_dates_are_not_training_or_template_cutoffs
3PO3	3PO3_6	AF-P20435-F1	b35ac6750b96213d2e2f4608750f185b2daf71c690e6c7ef0382f39de2ec7d1c	2011-03-02T00:00:00.000+00:00	2025-08-01T00:00:00Z	released_before_prediction_creation	only_experimental_starting_models_reported_not_independence_proof	unresolved_release_and_creation_dates_are_not_training_or_template_cutoffs
3PO3	3PO3_7	AF-P34087-F1	83d3a4bb2b77f2d447e2e34483b92f4a0abd024d20c78f29b9187d33c13f070a	2011-03-02T00:00:00.000+00:00	2025-08-01T00:00:00Z	released_before_prediction_creation	only_experimental_starting_models_reported_not_independence_proof	unresolved_release_and_creation_dates_are_not_training_or_template_cutoffs
3PO3	3PO3_8	AF-P20436-F1	ce7cd70250d0b569e39e2cf28c28578cac6ef076795fe9e170de624038c4019d	2011-03-02T00:00:00.000+00:00	2025-08-01T00:00:00Z	released_before_prediction_creation	only_experimental_starting_models_reported_not_independence_proof	unresolved_release_and_creation_dates_are_not_training_or_template_cutoffs
3QT1	3QT1_11	AF-P38902-F1	e5ca72de84371c102b60be5d242b8952d384447efd42abc54d2fc7b284a64b0b	2011-03-23T00:00:00.000+00:00	2025-08-01T00:00:00Z	released_before_prediction_creation	starting_model_annotation_missing	unresolved_release_and_creation_dates_are_not_training_or_template_cutoffs
3QT1	3QT1_6	AF-P20435-F1	b35ac6750b96213d2e2f4608750f185b2daf71c690e6c7ef0382f39de2ec7d1c	2011-03-23T00:00:00.000+00:00	2025-08-01T00:00:00Z	released_before_prediction_creation	starting_model_annotation_missing	unresolved_release_and_creation_dates_are_not_training_or_template_cutoffs
3QT1	3QT1_7	AF-P34087-F1	83d3a4bb2b77f2d447e2e34483b92f4a0abd024d20c78f29b9187d33c13f070a	2011-03-23T00:00:00.000+00:00	2025-08-01T00:00:00Z	released_before_prediction_creation	starting_model_annotation_missing	unresolved_release_and_creation_dates_are_not_training_or_template_cutoffs
3QT1	3QT1_8	AF-P20436-F1	ce7cd70250d0b569e39e2cf28c28578cac6ef076795fe9e170de624038c4019d	2011-03-23T00:00:00.000+00:00	2025-08-01T00:00:00Z	released_before_prediction_creation	starting_model_annotation_missing	unresolved_release_and_creation_dates_are_not_training_or_template_cutoffs
3RZD	3RZD_5	AF-P20435-F1	b35ac6750b96213d2e2f4608750f185b2daf71c690e6c7ef0382f39de2ec7d1c	2011-08-10T00:00:00.000+00:00	2025-08-01T00:00:00Z	released_before_prediction_creation	starting_model_annotation_missing	unresolved_release_and_creation_dates_are_not_training_or_template_cutoffs
3RZD	3RZD_6	AF-P20436-F1	ce7cd70250d0b569e39e2cf28c28578cac6ef076795fe9e170de624038c4019d	2011-08-10T00:00:00.000+00:00	2025-08-01T00:00:00Z	released_before_prediction_creation	starting_model_annotation_missing	unresolved_release_and_creation_dates_are_not_training_or_template_cutoffs
3RZD	3RZD_9	AF-P38902-F1	e5ca72de84371c102b60be5d242b8952d384447efd42abc54d2fc7b284a64b0b	2011-08-10T00:00:00.000+00:00	2025-08-01T00:00:00Z	released_before_prediction_creation	starting_model_annotation_missing	unresolved_release_and_creation_dates_are_not_training_or_template_cutoffs
3RZO	3RZO_5	AF-P20435-F1	b35ac6750b96213d2e2f4608750f185b2daf71c690e6c7ef0382f39de2ec7d1c	2011-08-10T00:00:00.000+00:00	2025-08-01T00:00:00Z	released_before_prediction_creation	only_experimental_starting_models_reported_not_independence_proof	unresolved_release_and_creation_dates_are_not_training_or_template_cutoffs
3RZO	3RZO_6	AF-P20436-F1	ce7cd70250d0b569e39e2cf28c28578cac6ef076795fe9e170de624038c4019d	2011-08-10T00:00:00.000+00:00	2025-08-01T00:00:00Z	released_before_prediction_creation	only_experimental_starting_models_reported_not_independence_proof	unresolved_release_and_creation_dates_are_not_training_or_template_cutoffs
3RZO	3RZO_9	AF-P38902-F1	e5ca72de84371c102b60be5d242b8952d384447efd42abc54d2fc7b284a64b0b	2011-08-10T00:00:00.000+00:00	2025-08-01T00:00:00Z	released_before_prediction_creation	only_experimental_starting_models_reported_not_independence_proof	unresolved_release_and_creation_dates_are_not_training_or_template_cutoffs
3S14	3S14_5	AF-P20435-F1	b35ac6750b96213d2e2f4608750f185b2daf71c690e6c7ef0382f39de2ec7d1c	2011-08-10T00:00:00.000+00:00	2025-08-01T00:00:00Z	released_before_prediction_creation	only_experimental_starting_models_reported_not_independence_proof	unresolved_release_and_creation_dates_are_not_training_or_template_cutoffs
3S14	3S14_6	AF-P20436-F1	ce7cd70250d0b569e39e2cf28c28578cac6ef076795fe9e170de624038c4019d	2011-08-10T00:00:00.000+00:00	2025-08-01T00:00:00Z	released_before_prediction_creation	only_experimental_starting_models_reported_not_independence_proof	unresolved_release_and_creation_dates_are_not_training_or_template_cutoffs
3S14	3S14_9	AF-P38902-F1	e5ca72de84371c102b60be5d242b8952d384447efd42abc54d2fc7b284a64b0b	2011-08-10T00:00:00.000+00:00	2025-08-01T00:00:00Z	released_before_prediction_creation	only_experimental_starting_models_reported_not_independence_proof	unresolved_release_and_creation_dates_are_not_training_or_template_cutoffs
3S15	3S15_5	AF-P20435-F1	b35ac6750b96213d2e2f4608750f185b2daf71c690e6c7ef0382f39de2ec7d1c	2011-08-10T00:00:00.000+00:00	2025-08-01T00:00:00Z	released_before_prediction_creation	only_experimental_starting_models_reported_not_independence_proof	unresolved_release_and_creation_dates_are_not_training_or_template_cutoffs
3S15	3S15_6	AF-P20436-F1	ce7cd70250d0b569e39e2cf28c28578cac6ef076795fe9e170de624038c4019d	2011-08-10T00:00:00.000+00:00	2025-08-01T00:00:00Z	released_before_prediction_creation	only_experimental_starting_models_reported_not_independence_proof	unresolved_release_and_creation_dates_are_not_training_or_template_cutoffs
3S15	3S15_9	AF-P38902-F1	e5ca72de84371c102b60be5d242b8952d384447efd42abc54d2fc7b284a64b0b	2011-08-10T00:00:00.000+00:00	2025-08-01T00:00:00Z	released_before_prediction_creation	only_experimental_starting_models_reported_not_independence_proof	unresolved_release_and_creation_dates_are_not_training_or_template_cutoffs
3S16	3S16_5	AF-P20435-F1	b35ac6750b96213d2e2f4608750f185b2daf71c690e6c7ef0382f39de2ec7d1c	2011-08-10T00:00:00.000+00:00	2025-08-01T00:00:00Z	released_before_prediction_creation	only_experimental_starting_models_reported_not_independence_proof	unresolved_release_and_creation_dates_are_not_training_or_template_cutoffs
3S16	3S16_6	AF-P20436-F1	ce7cd70250d0b569e39e2cf28c28578cac6ef076795fe9e170de624038c4019d	2011-08-10T00:00:00.000+00:00	2025-08-01T00:00:00Z	released_before_prediction_creation	only_experimental_starting_models_reported_not_independence_proof	unresolved_release_and_creation_dates_are_not_training_or_template_cutoffs
3S16	3S16_9	AF-P38902-F1	e5ca72de84371c102b60be5d242b8952d384447efd42abc54d2fc7b284a64b0b	2011-08-10T00:00:00.000+00:00	2025-08-01T00:00:00Z	released_before_prediction_creation	only_experimental_starting_models_reported_not_independence_proof	unresolved_release_and_creation_dates_are_not_training_or_template_cutoffs
3S17	3S17_5	AF-P20435-F1	b35ac6750b96213d2e2f4608750f185b2daf71c690e6c7ef0382f39de2ec7d1c	2011-08-10T00:00:00.000+00:00	2025-08-01T00:00:00Z	released_before_prediction_creation	starting_model_annotation_missing	unresolved_release_and_creation_dates_are_not_training_or_template_cutoffs
3S17	3S17_6	AF-P20436-F1	ce7cd70250d0b569e39e2cf28c28578cac6ef076795fe9e170de624038c4019d	2011-08-10T00:00:00.000+00:00	2025-08-01T00:00:00Z	released_before_prediction_creation	starting_model_annotation_missing	unresolved_release_and_creation_dates_are_not_training_or_template_cutoffs
3S17	3S17_9	AF-P38902-F1	e5ca72de84371c102b60be5d242b8952d384447efd42abc54d2fc7b284a64b0b	2011-08-10T00:00:00.000+00:00	2025-08-01T00:00:00Z	released_before_prediction_creation	starting_model_annotation_missing	unresolved_release_and_creation_dates_are_not_training_or_template_cutoffs
3S1M	3S1M_5	AF-P20435-F1	b35ac6750b96213d2e2f4608750f185b2daf71c690e6c7ef0382f39de2ec7d1c	2011-08-10T00:00:00.000+00:00	2025-08-01T00:00:00Z	released_before_prediction_creation	only_experimental_starting_models_reported_not_independence_proof	unresolved_release_and_creation_dates_are_not_training_or_template_cutoffs
3S1M	3S1M_6	AF-P20436-F1	ce7cd70250d0b569e39e2cf28c28578cac6ef076795fe9e170de624038c4019d	2011-08-10T00:00:00.000+00:00	2025-08-01T00:00:00Z	released_before_prediction_creation	only_experimental_starting_models_reported_not_independence_proof	unresolved_release_and_creation_dates_are_not_training_or_template_cutoffs
3S1M	3S1M_9	AF-P38902-F1	e5ca72de84371c102b60be5d242b8952d384447efd42abc54d2fc7b284a64b0b	2011-08-10T00:00:00.000+00:00	2025-08-01T00:00:00Z	released_before_prediction_creation	only_experimental_starting_models_reported_not_independence_proof	unresolved_release_and_creation_dates_are_not_training_or_template_cutoffs
3S1N	3S1N_5	AF-P20435-F1	b35ac6750b96213d2e2f4608750f185b2daf71c690e6c7ef0382f39de2ec7d1c	2011-08-10T00:00:00.000+00:00	2025-08-01T00:00:00Z	released_before_prediction_creation	only_experimental_starting_models_reported_not_independence_proof	unresolved_release_and_creation_dates_are_not_training_or_template_cutoffs
3S1N	3S1N_6	AF-P20436-F1	ce7cd70250d0b569e39e2cf28c28578cac6ef076795fe9e170de624038c4019d	2011-08-10T00:00:00.000+00:00	2025-08-01T00:00:00Z	released_before_prediction_creation	only_experimental_starting_models_reported_not_independence_proof	unresolved_release_and_creation_dates_are_not_training_or_template_cutoffs
3S1N	3S1N_9	AF-P38902-F1	e5ca72de84371c102b60be5d242b8952d384447efd42abc54d2fc7b284a64b0b	2011-08-10T00:00:00.000+00:00	2025-08-01T00:00:00Z	released_before_prediction_creation	only_experimental_starting_models_reported_not_independence_proof	unresolved_release_and_creation_dates_are_not_training_or_template_cutoffs
3S1Q	3S1Q_5	AF-P20435-F1	b35ac6750b96213d2e2f4608750f185b2daf71c690e6c7ef0382f39de2ec7d1c	2011-08-10T00:00:00.000+00:00	2025-08-01T00:00:00Z	released_before_prediction_creation	starting_model_annotation_missing	unresolved_release_and_creation_dates_are_not_training_or_template_cutoffs
3S1Q	3S1Q_6	AF-P20436-F1	ce7cd70250d0b569e39e2cf28c28578cac6ef076795fe9e170de624038c4019d	2011-08-10T00:00:00.000+00:00	2025-08-01T00:00:00Z	released_before_prediction_creation	starting_model_annotation_missing	unresolved_release_and_creation_dates_are_not_training_or_template_cutoffs
3S1Q	3S1Q_9	AF-P38902-F1	e5ca72de84371c102b60be5d242b8952d384447efd42abc54d2fc7b284a64b0b	2011-08-10T00:00:00.000+00:00	2025-08-01T00:00:00Z	released_before_prediction_creation	starting_model_annotation_missing	unresolved_release_and_creation_dates_are_not_training_or_template_cutoffs
3S1R	3S1R_5	AF-P20435-F1	b35ac6750b96213d2e2f4608750f185b2daf71c690e6c7ef0382f39de2ec7d1c	2011-08-10T00:00:00.000+00:00	2025-08-01T00:00:00Z	released_before_prediction_creation	starting_model_annotation_missing	unresolved_release_and_creation_dates_are_not_training_or_template_cutoffs
3S1R	3S1R_6	AF-P20436-F1	ce7cd70250d0b569e39e2cf28c28578cac6ef076795fe9e170de624038c4019d	2011-08-10T00:00:00.000+00:00	2025-08-01T00:00:00Z	released_before_prediction_creation	starting_model_annotation_missing	unresolved_release_and_creation_dates_are_not_training_or_template_cutoffs
3S1R	3S1R_9	AF-P38902-F1	e5ca72de84371c102b60be5d242b8952d384447efd42abc54d2fc7b284a64b0b	2011-08-10T00:00:00.000+00:00	2025-08-01T00:00:00Z	released_before_prediction_creation	starting_model_annotation_missing	unresolved_release_and_creation_dates_are_not_training_or_template_cutoffs
3S2D	3S2D_5	AF-P20435-F1	b35ac6750b96213d2e2f4608750f185b2daf71c690e6c7ef0382f39de2ec7d1c	2011-08-10T00:00:00.000+00:00	2025-08-01T00:00:00Z	released_before_prediction_creation	only_experimental_starting_models_reported_not_independence_proof	unresolved_release_and_creation_dates_are_not_training_or_template_cutoffs
3S2D	3S2D_6	AF-P20436-F1	ce7cd70250d0b569e39e2cf28c28578cac6ef076795fe9e170de624038c4019d	2011-08-10T00:00:00.000+00:00	2025-08-01T00:00:00Z	released_before_prediction_creation	only_experimental_starting_models_reported_not_independence_proof	unresolved_release_and_creation_dates_are_not_training_or_template_cutoffs
3S2D	3S2D_9	AF-P38902-F1	e5ca72de84371c102b60be5d242b8952d384447efd42abc54d2fc7b284a64b0b	2011-08-10T00:00:00.000+00:00	2025-08-01T00:00:00Z	released_before_prediction_creation	only_experimental_starting_models_reported_not_independence_proof	unresolved_release_and_creation_dates_are_not_training_or_template_cutoffs
3S2H	3S2H_5	AF-P20435-F1	b35ac6750b96213d2e2f4608750f185b2daf71c690e6c7ef0382f39de2ec7d1c	2011-08-17T00:00:00.000+00:00	2025-08-01T00:00:00Z	released_before_prediction_creation	only_experimental_starting_models_reported_not_independence_proof	unresolved_release_and_creation_dates_are_not_training_or_template_cutoffs
3S2H	3S2H_6	AF-P20436-F1	ce7cd70250d0b569e39e2cf28c28578cac6ef076795fe9e170de624038c4019d	2011-08-17T00:00:00.000+00:00	2025-08-01T00:00:00Z	released_before_prediction_creation	only_experimental_starting_models_reported_not_independence_proof	unresolved_release_and_creation_dates_are_not_training_or_template_cutoffs
3S2H	3S2H_9	AF-P38902-F1	e5ca72de84371c102b60be5d242b8952d384447efd42abc54d2fc7b284a64b0b	2011-08-17T00:00:00.000+00:00	2025-08-01T00:00:00Z	released_before_prediction_creation	only_experimental_starting_models_reported_not_independence_proof	unresolved_release_and_creation_dates_are_not_training_or_template_cutoffs
3UN4	3UN4_6	AF-P21242-F1	8283ba552d1a3cf6c49a4d151043a7ef16df99a3d9c30a2b73e7692d36d2c844	2012-02-29T00:00:00.000+00:00	2025-08-01T00:00:00Z	released_before_prediction_creation	only_experimental_starting_models_reported_not_independence_proof	unresolved_release_and_creation_dates_are_not_training_or_template_cutoffs
3UN8	3UN8_6	AF-P21242-F1	8283ba552d1a3cf6c49a4d151043a7ef16df99a3d9c30a2b73e7692d36d2c844	2012-02-29T00:00:00.000+00:00	2025-08-01T00:00:00Z	released_before_prediction_creation	only_experimental_starting_models_reported_not_independence_proof	unresolved_release_and_creation_dates_are_not_training_or_template_cutoffs
4A3B	4A3B_11	AF-P38902-F1	e5ca72de84371c102b60be5d242b8952d384447efd42abc54d2fc7b284a64b0b	2011-12-07T00:00:00.000+00:00	2025-08-01T00:00:00Z	released_before_prediction_creation	starting_model_annotation_missing	unresolved_release_and_creation_dates_are_not_training_or_template_cutoffs
4A3B	4A3B_6	AF-P20435-F1	b35ac6750b96213d2e2f4608750f185b2daf71c690e6c7ef0382f39de2ec7d1c	2011-12-07T00:00:00.000+00:00	2025-08-01T00:00:00Z	released_before_prediction_creation	starting_model_annotation_missing	unresolved_release_and_creation_dates_are_not_training_or_template_cutoffs
4A3B	4A3B_7	AF-P34087-F1	83d3a4bb2b77f2d447e2e34483b92f4a0abd024d20c78f29b9187d33c13f070a	2011-12-07T00:00:00.000+00:00	2025-08-01T00:00:00Z	released_before_prediction_creation	starting_model_annotation_missing	unresolved_release_and_creation_dates_are_not_training_or_template_cutoffs
4A3B	4A3B_8	AF-P20436-F1	ce7cd70250d0b569e39e2cf28c28578cac6ef076795fe9e170de624038c4019d	2011-12-07T00:00:00.000+00:00	2025-08-01T00:00:00Z	released_before_prediction_creation	starting_model_annotation_missing	unresolved_release_and_creation_dates_are_not_training_or_template_cutoffs
4A3C	4A3C_11	AF-P38902-F1	e5ca72de84371c102b60be5d242b8952d384447efd42abc54d2fc7b284a64b0b	2011-11-16T00:00:00.000+00:00	2025-08-01T00:00:00Z	released_before_prediction_creation	starting_model_annotation_missing	unresolved_release_and_creation_dates_are_not_training_or_template_cutoffs
4A3C	4A3C_6	AF-P20435-F1	b35ac6750b96213d2e2f4608750f185b2daf71c690e6c7ef0382f39de2ec7d1c	2011-11-16T00:00:00.000+00:00	2025-08-01T00:00:00Z	released_before_prediction_creation	starting_model_annotation_missing	unresolved_release_and_creation_dates_are_not_training_or_template_cutoffs
4A3C	4A3C_7	AF-P34087-F1	83d3a4bb2b77f2d447e2e34483b92f4a0abd024d20c78f29b9187d33c13f070a	2011-11-16T00:00:00.000+00:00	2025-08-01T00:00:00Z	released_before_prediction_creation	starting_model_annotation_missing	unresolved_release_and_creation_dates_are_not_training_or_template_cutoffs
4A3C	4A3C_8	AF-P20436-F1	ce7cd70250d0b569e39e2cf28c28578cac6ef076795fe9e170de624038c4019d	2011-11-16T00:00:00.000+00:00	2025-08-01T00:00:00Z	released_before_prediction_creation	starting_model_annotation_missing	unresolved_release_and_creation_dates_are_not_training_or_template_cutoffs
4A3D	4A3D_11	AF-P38902-F1	e5ca72de84371c102b60be5d242b8952d384447efd42abc54d2fc7b284a64b0b	2011-12-07T00:00:00.000+00:00	2025-08-01T00:00:00Z	released_before_prediction_creation	starting_model_annotation_missing	unresolved_release_and_creation_dates_are_not_training_or_template_cutoffs
4A3D	4A3D_6	AF-P20435-F1	b35ac6750b96213d2e2f4608750f185b2daf71c690e6c7ef0382f39de2ec7d1c	2011-12-07T00:00:00.000+00:00	2025-08-01T00:00:00Z	released_before_prediction_creation	starting_model_annotation_missing	unresolved_release_and_creation_dates_are_not_training_or_template_cutoffs
4A3D	4A3D_7	AF-P34087-F1	83d3a4bb2b77f2d447e2e34483b92f4a0abd024d20c78f29b9187d33c13f070a	2011-12-07T00:00:00.000+00:00	2025-08-01T00:00:00Z	released_before_prediction_creation	starting_model_annotation_missing	unresolved_release_and_creation_dates_are_not_training_or_template_cutoffs
4A3D	4A3D_8	AF-P20436-F1	ce7cd70250d0b569e39e2cf28c28578cac6ef076795fe9e170de624038c4019d	2011-12-07T00:00:00.000+00:00	2025-08-01T00:00:00Z	released_before_prediction_creation	starting_model_annotation_missing	unresolved_release_and_creation_dates_are_not_training_or_template_cutoffs
4A3E	4A3E_11	AF-P38902-F1	e5ca72de84371c102b60be5d242b8952d384447efd42abc54d2fc7b284a64b0b	2011-12-07T00:00:00.000+00:00	2025-08-01T00:00:00Z	released_before_prediction_creation	starting_model_annotation_missing	unresolved_release_and_creation_dates_are_not_training_or_template_cutoffs
4A3E	4A3E_6	AF-P20435-F1	b35ac6750b96213d2e2f4608750f185b2daf71c690e6c7ef0382f39de2ec7d1c	2011-12-07T00:00:00.000+00:00	2025-08-01T00:00:00Z	released_before_prediction_creation	starting_model_annotation_missing	unresolved_release_and_creation_dates_are_not_training_or_template_cutoffs
4A3E	4A3E_7	AF-P34087-F1	83d3a4bb2b77f2d447e2e34483b92f4a0abd024d20c78f29b9187d33c13f070a	2011-12-07T00:00:00.000+00:00	2025-08-01T00:00:00Z	released_before_prediction_creation	starting_model_annotation_missing	unresolved_release_and_creation_dates_are_not_training_or_template_cutoffs
4A3E	4A3E_8	AF-P20436-F1	ce7cd70250d0b569e39e2cf28c28578cac6ef076795fe9e170de624038c4019d	2011-12-07T00:00:00.000+00:00	2025-08-01T00:00:00Z	released_before_prediction_creation	starting_model_annotation_missing	unresolved_release_and_creation_dates_are_not_training_or_template_cutoffs
4A3F	4A3F_11	AF-P38902-F1	e5ca72de84371c102b60be5d242b8952d384447efd42abc54d2fc7b284a64b0b	2011-12-07T00:00:00.000+00:00	2025-08-01T00:00:00Z	released_before_prediction_creation	starting_model_annotation_missing	unresolved_release_and_creation_dates_are_not_training_or_template_cutoffs
4A3F	4A3F_6	AF-P20435-F1	b35ac6750b96213d2e2f4608750f185b2daf71c690e6c7ef0382f39de2ec7d1c	2011-12-07T00:00:00.000+00:00	2025-08-01T00:00:00Z	released_before_prediction_creation	starting_model_annotation_missing	unresolved_release_and_creation_dates_are_not_training_or_template_cutoffs
4A3F	4A3F_7	AF-P34087-F1	83d3a4bb2b77f2d447e2e34483b92f4a0abd024d20c78f29b9187d33c13f070a	2011-12-07T00:00:00.000+00:00	2025-08-01T00:00:00Z	released_before_prediction_creation	starting_model_annotation_missing	unresolved_release_and_creation_dates_are_not_training_or_template_cutoffs
4A3F	4A3F_8	AF-P20436-F1	ce7cd70250d0b569e39e2cf28c28578cac6ef076795fe9e170de624038c4019d	2011-12-07T00:00:00.000+00:00	2025-08-01T00:00:00Z	released_before_prediction_creation	starting_model_annotation_missing	unresolved_release_and_creation_dates_are_not_training_or_template_cutoffs
4A3G	4A3G_11	AF-P38902-F1	e5ca72de84371c102b60be5d242b8952d384447efd42abc54d2fc7b284a64b0b	2012-02-08T00:00:00.000+00:00	2025-08-01T00:00:00Z	released_before_prediction_creation	starting_model_annotation_missing	unresolved_release_and_creation_dates_are_not_training_or_template_cutoffs
4A3G	4A3G_6	AF-P20435-F1	b35ac6750b96213d2e2f4608750f185b2daf71c690e6c7ef0382f39de2ec7d1c	2012-02-08T00:00:00.000+00:00	2025-08-01T00:00:00Z	released_before_prediction_creation	starting_model_annotation_missing	unresolved_release_and_creation_dates_are_not_training_or_template_cutoffs
4A3G	4A3G_7	AF-P34087-F1	83d3a4bb2b77f2d447e2e34483b92f4a0abd024d20c78f29b9187d33c13f070a	2012-02-08T00:00:00.000+00:00	2025-08-01T00:00:00Z	released_before_prediction_creation	starting_model_annotation_missing	unresolved_release_and_creation_dates_are_not_training_or_template_cutoffs
4A3G	4A3G_8	AF-P20436-F1	ce7cd70250d0b569e39e2cf28c28578cac6ef076795fe9e170de624038c4019d	2012-02-08T00:00:00.000+00:00	2025-08-01T00:00:00Z	released_before_prediction_creation	starting_model_annotation_missing	unresolved_release_and_creation_dates_are_not_training_or_template_cutoffs
4A3I	4A3I_11	AF-P38902-F1	e5ca72de84371c102b60be5d242b8952d384447efd42abc54d2fc7b284a64b0b	2012-02-08T00:00:00.000+00:00	2025-08-01T00:00:00Z	released_before_prediction_creation	starting_model_annotation_missing	unresolved_release_and_creation_dates_are_not_training_or_template_cutoffs
4A3I	4A3I_6	AF-P20435-F1	b35ac6750b96213d2e2f4608750f185b2daf71c690e6c7ef0382f39de2ec7d1c	2012-02-08T00:00:00.000+00:00	2025-08-01T00:00:00Z	released_before_prediction_creation	starting_model_annotation_missing	unresolved_release_and_creation_dates_are_not_training_or_template_cutoffs
4A3I	4A3I_7	AF-P34087-F1	83d3a4bb2b77f2d447e2e34483b92f4a0abd024d20c78f29b9187d33c13f070a	2012-02-08T00:00:00.000+00:00	2025-08-01T00:00:00Z	released_before_prediction_creation	starting_model_annotation_missing	unresolved_release_and_creation_dates_are_not_training_or_template_cutoffs
4A3I	4A3I_8	AF-P20436-F1	ce7cd70250d0b569e39e2cf28c28578cac6ef076795fe9e170de624038c4019d	2012-02-08T00:00:00.000+00:00	2025-08-01T00:00:00Z	released_before_prediction_creation	starting_model_annotation_missing	unresolved_release_and_creation_dates_are_not_training_or_template_cutoffs
4A3J	4A3J_11	AF-P38902-F1	e5ca72de84371c102b60be5d242b8952d384447efd42abc54d2fc7b284a64b0b	2011-12-07T00:00:00.000+00:00	2025-08-01T00:00:00Z	released_before_prediction_creation	starting_model_annotation_missing	unresolved_release_and_creation_dates_are_not_training_or_template_cutoffs
4A3J	4A3J_6	AF-P20435-F1	b35ac6750b96213d2e2f4608750f185b2daf71c690e6c7ef0382f39de2ec7d1c	2011-12-07T00:00:00.000+00:00	2025-08-01T00:00:00Z	released_before_prediction_creation	starting_model_annotation_missing	unresolved_release_and_creation_dates_are_not_training_or_template_cutoffs
4A3J	4A3J_7	AF-P34087-F1	83d3a4bb2b77f2d447e2e34483b92f4a0abd024d20c78f29b9187d33c13f070a	2011-12-07T00:00:00.000+00:00	2025-08-01T00:00:00Z	released_before_prediction_creation	starting_model_annotation_missing	unresolved_release_and_creation_dates_are_not_training_or_template_cutoffs
4A3J	4A3J_8	AF-P20436-F1	ce7cd70250d0b569e39e2cf28c28578cac6ef076795fe9e170de624038c4019d	2011-12-07T00:00:00.000+00:00	2025-08-01T00:00:00Z	released_before_prediction_creation	starting_model_annotation_missing	unresolved_release_and_creation_dates_are_not_training_or_template_cutoffs
4A3K	4A3K_11	AF-P38902-F1	e5ca72de84371c102b60be5d242b8952d384447efd42abc54d2fc7b284a64b0b	2011-12-07T00:00:00.000+00:00	2025-08-01T00:00:00Z	released_before_prediction_creation	starting_model_annotation_missing	unresolved_release_and_creation_dates_are_not_training_or_template_cutoffs
4A3K	4A3K_6	AF-P20435-F1	b35ac6750b96213d2e2f4608750f185b2daf71c690e6c7ef0382f39de2ec7d1c	2011-12-07T00:00:00.000+00:00	2025-08-01T00:00:00Z	released_before_prediction_creation	starting_model_annotation_missing	unresolved_release_and_creation_dates_are_not_training_or_template_cutoffs
4A3K	4A3K_7	AF-P34087-F1	83d3a4bb2b77f2d447e2e34483b92f4a0abd024d20c78f29b9187d33c13f070a	2011-12-07T00:00:00.000+00:00	2025-08-01T00:00:00Z	released_before_prediction_creation	starting_model_annotation_missing	unresolved_release_and_creation_dates_are_not_training_or_template_cutoffs
4A3K	4A3K_8	AF-P20436-F1	ce7cd70250d0b569e39e2cf28c28578cac6ef076795fe9e170de624038c4019d	2011-12-07T00:00:00.000+00:00	2025-08-01T00:00:00Z	released_before_prediction_creation	starting_model_annotation_missing	unresolved_release_and_creation_dates_are_not_training_or_template_cutoffs
4A3L	4A3L_11	AF-P38902-F1	e5ca72de84371c102b60be5d242b8952d384447efd42abc54d2fc7b284a64b0b	2011-12-07T00:00:00.000+00:00	2025-08-01T00:00:00Z	released_before_prediction_creation	starting_model_annotation_missing	unresolved_release_and_creation_dates_are_not_training_or_template_cutoffs
4A3L	4A3L_6	AF-P20435-F1	b35ac6750b96213d2e2f4608750f185b2daf71c690e6c7ef0382f39de2ec7d1c	2011-12-07T00:00:00.000+00:00	2025-08-01T00:00:00Z	released_before_prediction_creation	starting_model_annotation_missing	unresolved_release_and_creation_dates_are_not_training_or_template_cutoffs
4A3L	4A3L_7	AF-P34087-F1	83d3a4bb2b77f2d447e2e34483b92f4a0abd024d20c78f29b9187d33c13f070a	2011-12-07T00:00:00.000+00:00	2025-08-01T00:00:00Z	released_before_prediction_creation	starting_model_annotation_missing	unresolved_release_and_creation_dates_are_not_training_or_template_cutoffs
4A3L	4A3L_8	AF-P20436-F1	ce7cd70250d0b569e39e2cf28c28578cac6ef076795fe9e170de624038c4019d	2011-12-07T00:00:00.000+00:00	2025-08-01T00:00:00Z	released_before_prediction_creation	starting_model_annotation_missing	unresolved_release_and_creation_dates_are_not_training_or_template_cutoffs
4A3M	4A3M_11	AF-P38902-F1	e5ca72de84371c102b60be5d242b8952d384447efd42abc54d2fc7b284a64b0b	2011-12-07T00:00:00.000+00:00	2025-08-01T00:00:00Z	released_before_prediction_creation	starting_model_annotation_missing	unresolved_release_and_creation_dates_are_not_training_or_template_cutoffs
4A3M	4A3M_6	AF-P20435-F1	b35ac6750b96213d2e2f4608750f185b2daf71c690e6c7ef0382f39de2ec7d1c	2011-12-07T00:00:00.000+00:00	2025-08-01T00:00:00Z	released_before_prediction_creation	starting_model_annotation_missing	unresolved_release_and_creation_dates_are_not_training_or_template_cutoffs
4A3M	4A3M_7	AF-P34087-F1	83d3a4bb2b77f2d447e2e34483b92f4a0abd024d20c78f29b9187d33c13f070a	2011-12-07T00:00:00.000+00:00	2025-08-01T00:00:00Z	released_before_prediction_creation	starting_model_annotation_missing	unresolved_release_and_creation_dates_are_not_training_or_template_cutoffs
4A3M	4A3M_8	AF-P20436-F1	ce7cd70250d0b569e39e2cf28c28578cac6ef076795fe9e170de624038c4019d	2011-12-07T00:00:00.000+00:00	2025-08-01T00:00:00Z	released_before_prediction_creation	starting_model_annotation_missing	unresolved_release_and_creation_dates_are_not_training_or_template_cutoffs
4A93	4A93_11	AF-P38902-F1	e5ca72de84371c102b60be5d242b8952d384447efd42abc54d2fc7b284a64b0b	2012-03-21T00:00:00.000+00:00	2025-08-01T00:00:00Z	released_before_prediction_creation	only_experimental_starting_models_reported_not_independence_proof	unresolved_release_and_creation_dates_are_not_training_or_template_cutoffs
4A93	4A93_6	AF-P20435-F1	b35ac6750b96213d2e2f4608750f185b2daf71c690e6c7ef0382f39de2ec7d1c	2012-03-21T00:00:00.000+00:00	2025-08-01T00:00:00Z	released_before_prediction_creation	only_experimental_starting_models_reported_not_independence_proof	unresolved_release_and_creation_dates_are_not_training_or_template_cutoffs
4A93	4A93_7	AF-P34087-F1	83d3a4bb2b77f2d447e2e34483b92f4a0abd024d20c78f29b9187d33c13f070a	2012-03-21T00:00:00.000+00:00	2025-08-01T00:00:00Z	released_before_prediction_creation	only_experimental_starting_models_reported_not_independence_proof	unresolved_release_and_creation_dates_are_not_training_or_template_cutoffs
4A93	4A93_8	AF-P20436-F1	ce7cd70250d0b569e39e2cf28c28578cac6ef076795fe9e170de624038c4019d	2012-03-21T00:00:00.000+00:00	2025-08-01T00:00:00Z	released_before_prediction_creation	only_experimental_starting_models_reported_not_independence_proof	unresolved_release_and_creation_dates_are_not_training_or_template_cutoffs
4BBR	4BBR_11	AF-P38902-F1	e5ca72de84371c102b60be5d242b8952d384447efd42abc54d2fc7b284a64b0b	2012-11-14T00:00:00.000+00:00	2025-08-01T00:00:00Z	released_before_prediction_creation	starting_model_annotation_missing	unresolved_release_and_creation_dates_are_not_training_or_template_cutoffs
4BBR	4BBR_6	AF-P20435-F1	b35ac6750b96213d2e2f4608750f185b2daf71c690e6c7ef0382f39de2ec7d1c	2012-11-14T00:00:00.000+00:00	2025-08-01T00:00:00Z	released_before_prediction_creation	starting_model_annotation_missing	unresolved_release_and_creation_dates_are_not_training_or_template_cutoffs
4BBR	4BBR_7	AF-P34087-F1	83d3a4bb2b77f2d447e2e34483b92f4a0abd024d20c78f29b9187d33c13f070a	2012-11-14T00:00:00.000+00:00	2025-08-01T00:00:00Z	released_before_prediction_creation	starting_model_annotation_missing	unresolved_release_and_creation_dates_are_not_training_or_template_cutoffs
4BBR	4BBR_8	AF-P20436-F1	ce7cd70250d0b569e39e2cf28c28578cac6ef076795fe9e170de624038c4019d	2012-11-14T00:00:00.000+00:00	2025-08-01T00:00:00Z	released_before_prediction_creation	starting_model_annotation_missing	unresolved_release_and_creation_dates_are_not_training_or_template_cutoffs
4BBS	4BBS_11	AF-P38902-F1	e5ca72de84371c102b60be5d242b8952d384447efd42abc54d2fc7b284a64b0b	2012-11-14T00:00:00.000+00:00	2025-08-01T00:00:00Z	released_before_prediction_creation	starting_model_annotation_missing	unresolved_release_and_creation_dates_are_not_training_or_template_cutoffs
4BBS	4BBS_6	AF-P20435-F1	b35ac6750b96213d2e2f4608750f185b2daf71c690e6c7ef0382f39de2ec7d1c	2012-11-14T00:00:00.000+00:00	2025-08-01T00:00:00Z	released_before_prediction_creation	starting_model_annotation_missing	unresolved_release_and_creation_dates_are_not_training_or_template_cutoffs
4BBS	4BBS_7	AF-P34087-F1	83d3a4bb2b77f2d447e2e34483b92f4a0abd024d20c78f29b9187d33c13f070a	2012-11-14T00:00:00.000+00:00	2025-08-01T00:00:00Z	released_before_prediction_creation	starting_model_annotation_missing	unresolved_release_and_creation_dates_are_not_training_or_template_cutoffs
4BBS	4BBS_8	AF-P20436-F1	ce7cd70250d0b569e39e2cf28c28578cac6ef076795fe9e170de624038c4019d	2012-11-14T00:00:00.000+00:00	2025-08-01T00:00:00Z	released_before_prediction_creation	starting_model_annotation_missing	unresolved_release_and_creation_dates_are_not_training_or_template_cutoffs
4BXX	4BXX_11	AF-P38902-F1	e5ca72de84371c102b60be5d242b8952d384447efd42abc54d2fc7b284a64b0b	2013-09-11T00:00:00.000+00:00	2025-08-01T00:00:00Z	released_before_prediction_creation	only_experimental_starting_models_reported_not_independence_proof	unresolved_release_and_creation_dates_are_not_training_or_template_cutoffs
4BXX	4BXX_6	AF-P20435-F1	b35ac6750b96213d2e2f4608750f185b2daf71c690e6c7ef0382f39de2ec7d1c	2013-09-11T00:00:00.000+00:00	2025-08-01T00:00:00Z	released_before_prediction_creation	only_experimental_starting_models_reported_not_independence_proof	unresolved_release_and_creation_dates_are_not_training_or_template_cutoffs
4BXX	4BXX_7	AF-P34087-F1	83d3a4bb2b77f2d447e2e34483b92f4a0abd024d20c78f29b9187d33c13f070a	2013-09-11T00:00:00.000+00:00	2025-08-01T00:00:00Z	released_before_prediction_creation	only_experimental_starting_models_reported_not_independence_proof	unresolved_release_and_creation_dates_are_not_training_or_template_cutoffs
4BXX	4BXX_8	AF-P20436-F1	ce7cd70250d0b569e39e2cf28c28578cac6ef076795fe9e170de624038c4019d	2013-09-11T00:00:00.000+00:00	2025-08-01T00:00:00Z	released_before_prediction_creation	only_experimental_starting_models_reported_not_independence_proof	unresolved_release_and_creation_dates_are_not_training_or_template_cutoffs
4BXZ	4BXZ_11	AF-P38902-F1	e5ca72de84371c102b60be5d242b8952d384447efd42abc54d2fc7b284a64b0b	2013-09-11T00:00:00.000+00:00	2025-08-01T00:00:00Z	released_before_prediction_creation	only_experimental_starting_models_reported_not_independence_proof	unresolved_release_and_creation_dates_are_not_training_or_template_cutoffs
4BXZ	4BXZ_6	AF-P20435-F1	b35ac6750b96213d2e2f4608750f185b2daf71c690e6c7ef0382f39de2ec7d1c	2013-09-11T00:00:00.000+00:00	2025-08-01T00:00:00Z	released_before_prediction_creation	only_experimental_starting_models_reported_not_independence_proof	unresolved_release_and_creation_dates_are_not_training_or_template_cutoffs
4BXZ	4BXZ_7	AF-P34087-F1	83d3a4bb2b77f2d447e2e34483b92f4a0abd024d20c78f29b9187d33c13f070a	2013-09-11T00:00:00.000+00:00	2025-08-01T00:00:00Z	released_before_prediction_creation	only_experimental_starting_models_reported_not_independence_proof	unresolved_release_and_creation_dates_are_not_training_or_template_cutoffs
4BXZ	4BXZ_8	AF-P20436-F1	ce7cd70250d0b569e39e2cf28c28578cac6ef076795fe9e170de624038c4019d	2013-09-11T00:00:00.000+00:00	2025-08-01T00:00:00Z	released_before_prediction_creation	only_experimental_starting_models_reported_not_independence_proof	unresolved_release_and_creation_dates_are_not_training_or_template_cutoffs
4BY1	4BY1_11	AF-P38902-F1	e5ca72de84371c102b60be5d242b8952d384447efd42abc54d2fc7b284a64b0b	2013-09-11T00:00:00.000+00:00	2025-08-01T00:00:00Z	released_before_prediction_creation	only_experimental_starting_models_reported_not_independence_proof	unresolved_release_and_creation_dates_are_not_training_or_template_cutoffs
4BY1	4BY1_6	AF-P20435-F1	b35ac6750b96213d2e2f4608750f185b2daf71c690e6c7ef0382f39de2ec7d1c	2013-09-11T00:00:00.000+00:00	2025-08-01T00:00:00Z	released_before_prediction_creation	only_experimental_starting_models_reported_not_independence_proof	unresolved_release_and_creation_dates_are_not_training_or_template_cutoffs
4BY1	4BY1_7	AF-P34087-F1	83d3a4bb2b77f2d447e2e34483b92f4a0abd024d20c78f29b9187d33c13f070a	2013-09-11T00:00:00.000+00:00	2025-08-01T00:00:00Z	released_before_prediction_creation	only_experimental_starting_models_reported_not_independence_proof	unresolved_release_and_creation_dates_are_not_training_or_template_cutoffs
4BY1	4BY1_8	AF-P20436-F1	ce7cd70250d0b569e39e2cf28c28578cac6ef076795fe9e170de624038c4019d	2013-09-11T00:00:00.000+00:00	2025-08-01T00:00:00Z	released_before_prediction_creation	only_experimental_starting_models_reported_not_independence_proof	unresolved_release_and_creation_dates_are_not_training_or_template_cutoffs
4BY7	4BY7_11	AF-P38902-F1	e5ca72de84371c102b60be5d242b8952d384447efd42abc54d2fc7b284a64b0b	2013-09-11T00:00:00.000+00:00	2025-08-01T00:00:00Z	released_before_prediction_creation	only_experimental_starting_models_reported_not_independence_proof	unresolved_release_and_creation_dates_are_not_training_or_template_cutoffs
4BY7	4BY7_6	AF-P20435-F1	b35ac6750b96213d2e2f4608750f185b2daf71c690e6c7ef0382f39de2ec7d1c	2013-09-11T00:00:00.000+00:00	2025-08-01T00:00:00Z	released_before_prediction_creation	only_experimental_starting_models_reported_not_independence_proof	unresolved_release_and_creation_dates_are_not_training_or_template_cutoffs
4BY7	4BY7_7	AF-P34087-F1	83d3a4bb2b77f2d447e2e34483b92f4a0abd024d20c78f29b9187d33c13f070a	2013-09-11T00:00:00.000+00:00	2025-08-01T00:00:00Z	released_before_prediction_creation	only_experimental_starting_models_reported_not_independence_proof	unresolved_release_and_creation_dates_are_not_training_or_template_cutoffs
4C2M	4C2M_10	AF-P20435-F1	b35ac6750b96213d2e2f4608750f185b2daf71c690e6c7ef0382f39de2ec7d1c	2013-10-23T00:00:00.000+00:00	2025-08-01T00:00:00Z	released_before_prediction_creation	starting_model_annotation_missing	unresolved_release_and_creation_dates_are_not_training_or_template_cutoffs
4C2M	4C2M_11	AF-P20436-F1	ce7cd70250d0b569e39e2cf28c28578cac6ef076795fe9e170de624038c4019d	2013-10-23T00:00:00.000+00:00	2025-08-01T00:00:00Z	released_before_prediction_creation	starting_model_annotation_missing	unresolved_release_and_creation_dates_are_not_training_or_template_cutoffs
4C3H	4C3H_6	AF-P20435-F1	b35ac6750b96213d2e2f4608750f185b2daf71c690e6c7ef0382f39de2ec7d1c	2013-10-23T00:00:00.000+00:00	2025-08-01T00:00:00Z	released_before_prediction_creation	starting_model_annotation_missing	unresolved_release_and_creation_dates_are_not_training_or_template_cutoffs
4C3H	4C3H_8	AF-P20436-F1	ce7cd70250d0b569e39e2cf28c28578cac6ef076795fe9e170de624038c4019d	2013-10-23T00:00:00.000+00:00	2025-08-01T00:00:00Z	released_before_prediction_creation	starting_model_annotation_missing	unresolved_release_and_creation_dates_are_not_training_or_template_cutoffs
4C3I	4C3I_6	AF-P20435-F1	b35ac6750b96213d2e2f4608750f185b2daf71c690e6c7ef0382f39de2ec7d1c	2013-10-23T00:00:00.000+00:00	2025-08-01T00:00:00Z	released_before_prediction_creation	starting_model_annotation_missing	unresolved_release_and_creation_dates_are_not_training_or_template_cutoffs
4C3I	4C3I_8	AF-P20436-F1	ce7cd70250d0b569e39e2cf28c28578cac6ef076795fe9e170de624038c4019d	2013-10-23T00:00:00.000+00:00	2025-08-01T00:00:00Z	released_before_prediction_creation	starting_model_annotation_missing	unresolved_release_and_creation_dates_are_not_training_or_template_cutoffs
4C3J	4C3J_6	AF-P20435-F1	b35ac6750b96213d2e2f4608750f185b2daf71c690e6c7ef0382f39de2ec7d1c	2013-10-23T00:00:00.000+00:00	2025-08-01T00:00:00Z	released_before_prediction_creation	starting_model_annotation_missing	unresolved_release_and_creation_dates_are_not_training_or_template_cutoffs
4C3J	4C3J_8	AF-P20436-F1	ce7cd70250d0b569e39e2cf28c28578cac6ef076795fe9e170de624038c4019d	2013-10-23T00:00:00.000+00:00	2025-08-01T00:00:00Z	released_before_prediction_creation	starting_model_annotation_missing	unresolved_release_and_creation_dates_are_not_training_or_template_cutoffs
4CLQ	4CLQ_1	AF-Q08096-F1	9e04036772422792dba04f1ee5510efa70bab5493b0a62a87dd0300b26fc7f86	2014-11-26T00:00:00.000+00:00	2025-08-01T00:00:00Z	released_before_prediction_creation	starting_model_annotation_missing	unresolved_release_and_creation_dates_are_not_training_or_template_cutoffs
4CR2	4CR2_14	AF-P21242-F1	8283ba552d1a3cf6c49a4d151043a7ef16df99a3d9c30a2b73e7692d36d2c844	2014-04-02T00:00:00.000+00:00	2025-08-01T00:00:00Z	released_before_prediction_creation	starting_model_annotation_missing	unresolved_release_and_creation_dates_are_not_training_or_template_cutoffs
4CR2	4CR2_21	AF-P32565-F1	fe2ef41c38ef7266951644e6481f0310899fda58b257a0a6b0c7c8e3c3cabea4	2014-04-02T00:00:00.000+00:00	2025-08-01T00:00:00Z	released_before_prediction_creation	starting_model_annotation_missing	unresolved_release_and_creation_dates_are_not_training_or_template_cutoffs
4CR2	4CR2_23	AF-Q12250-F1	f9d25f45a2a3eee589a6c556661ee99fe05c787d87bf2ba89aea44dae9063aac	2014-04-02T00:00:00.000+00:00	2025-08-01T00:00:00Z	released_before_prediction_creation	starting_model_annotation_missing	unresolved_release_and_creation_dates_are_not_training_or_template_cutoffs
4CR2	4CR2_25	AF-Q06103-F1	668cafe2b2304fbacb9ab68ea3c37c7805a16334996147ff72c4ca5be69b64eb	2014-04-02T00:00:00.000+00:00	2025-08-01T00:00:00Z	released_before_prediction_creation	starting_model_annotation_missing	unresolved_release_and_creation_dates_are_not_training_or_template_cutoffs
4CR2	4CR2_26	AF-P40016-F1	4a79a9ca6b6fcb3175539bdae202a7cc5e2df058476852f87bf482b5d1127fd2	2014-04-02T00:00:00.000+00:00	2025-08-01T00:00:00Z	released_before_prediction_creation	starting_model_annotation_missing	unresolved_release_and_creation_dates_are_not_training_or_template_cutoffs
4CR2	4CR2_33	AF-P38764-F1	8bf7784ea7d1c049bdb205d07f75d93f35ee4acec9266bab391a7d2fd35e30ca	2014-04-02T00:00:00.000+00:00	2025-08-01T00:00:00Z	released_before_prediction_creation	starting_model_annotation_missing	unresolved_release_and_creation_dates_are_not_training_or_template_cutoffs
4CR3	4CR3_14	AF-P21242-F1	8283ba552d1a3cf6c49a4d151043a7ef16df99a3d9c30a2b73e7692d36d2c844	2014-04-02T00:00:00.000+00:00	2025-08-01T00:00:00Z	released_before_prediction_creation	starting_model_annotation_missing	unresolved_release_and_creation_dates_are_not_training_or_template_cutoffs
4CR3	4CR3_21	AF-P32565-F1	fe2ef41c38ef7266951644e6481f0310899fda58b257a0a6b0c7c8e3c3cabea4	2014-04-02T00:00:00.000+00:00	2025-08-01T00:00:00Z	released_before_prediction_creation	starting_model_annotation_missing	unresolved_release_and_creation_dates_are_not_training_or_template_cutoffs
4CR3	4CR3_23	AF-Q12250-F1	f9d25f45a2a3eee589a6c556661ee99fe05c787d87bf2ba89aea44dae9063aac	2014-04-02T00:00:00.000+00:00	2025-08-01T00:00:00Z	released_before_prediction_creation	starting_model_annotation_missing	unresolved_release_and_creation_dates_are_not_training_or_template_cutoffs
4CR3	4CR3_25	AF-Q06103-F1	668cafe2b2304fbacb9ab68ea3c37c7805a16334996147ff72c4ca5be69b64eb	2014-04-02T00:00:00.000+00:00	2025-08-01T00:00:00Z	released_before_prediction_creation	starting_model_annotation_missing	unresolved_release_and_creation_dates_are_not_training_or_template_cutoffs
4CR3	4CR3_26	AF-P40016-F1	4a79a9ca6b6fcb3175539bdae202a7cc5e2df058476852f87bf482b5d1127fd2	2014-04-02T00:00:00.000+00:00	2025-08-01T00:00:00Z	released_before_prediction_creation	starting_model_annotation_missing	unresolved_release_and_creation_dates_are_not_training_or_template_cutoffs
4CR3	4CR3_33	AF-P38764-F1	8bf7784ea7d1c049bdb205d07f75d93f35ee4acec9266bab391a7d2fd35e30ca	2014-04-02T00:00:00.000+00:00	2025-08-01T00:00:00Z	released_before_prediction_creation	starting_model_annotation_missing	unresolved_release_and_creation_dates_are_not_training_or_template_cutoffs
4CR4	4CR4_14	AF-P21242-F1	8283ba552d1a3cf6c49a4d151043a7ef16df99a3d9c30a2b73e7692d36d2c844	2014-04-02T00:00:00.000+00:00	2025-08-01T00:00:00Z	released_before_prediction_creation	starting_model_annotation_missing	unresolved_release_and_creation_dates_are_not_training_or_template_cutoffs
4CR4	4CR4_21	AF-P32565-F1	fe2ef41c38ef7266951644e6481f0310899fda58b257a0a6b0c7c8e3c3cabea4	2014-04-02T00:00:00.000+00:00	2025-08-01T00:00:00Z	released_before_prediction_creation	starting_model_annotation_missing	unresolved_release_and_creation_dates_are_not_training_or_template_cutoffs
4CR4	4CR4_23	AF-Q12250-F1	f9d25f45a2a3eee589a6c556661ee99fe05c787d87bf2ba89aea44dae9063aac	2014-04-02T00:00:00.000+00:00	2025-08-01T00:00:00Z	released_before_prediction_creation	starting_model_annotation_missing	unresolved_release_and_creation_dates_are_not_training_or_template_cutoffs
4CR4	4CR4_25	AF-Q06103-F1	668cafe2b2304fbacb9ab68ea3c37c7805a16334996147ff72c4ca5be69b64eb	2014-04-02T00:00:00.000+00:00	2025-08-01T00:00:00Z	released_before_prediction_creation	starting_model_annotation_missing	unresolved_release_and_creation_dates_are_not_training_or_template_cutoffs
4CR4	4CR4_26	AF-P40016-F1	4a79a9ca6b6fcb3175539bdae202a7cc5e2df058476852f87bf482b5d1127fd2	2014-04-02T00:00:00.000+00:00	2025-08-01T00:00:00Z	released_before_prediction_creation	starting_model_annotation_missing	unresolved_release_and_creation_dates_are_not_training_or_template_cutoffs
4CR4	4CR4_33	AF-P38764-F1	8bf7784ea7d1c049bdb205d07f75d93f35ee4acec9266bab391a7d2fd35e30ca	2014-04-02T00:00:00.000+00:00	2025-08-01T00:00:00Z	released_before_prediction_creation	starting_model_annotation_missing	unresolved_release_and_creation_dates_are_not_training_or_template_cutoffs
4G4S	4G4S_7	AF-P21242-F1	8283ba552d1a3cf6c49a4d151043a7ef16df99a3d9c30a2b73e7692d36d2c844	2012-09-05T00:00:00.000+00:00	2025-08-01T00:00:00Z	released_before_prediction_creation	starting_model_annotation_missing	unresolved_release_and_creation_dates_are_not_training_or_template_cutoffs
4INR	4INR_6	AF-P21242-F1	8283ba552d1a3cf6c49a4d151043a7ef16df99a3d9c30a2b73e7692d36d2c844	2013-01-30T00:00:00.000+00:00	2025-08-01T00:00:00Z	released_before_prediction_creation	only_experimental_starting_models_reported_not_independence_proof	unresolved_release_and_creation_dates_are_not_training_or_template_cutoffs
4INT	4INT_6	AF-P21242-F1	8283ba552d1a3cf6c49a4d151043a7ef16df99a3d9c30a2b73e7692d36d2c844	2013-01-30T00:00:00.000+00:00	2025-08-01T00:00:00Z	released_before_prediction_creation	only_experimental_starting_models_reported_not_independence_proof	unresolved_release_and_creation_dates_are_not_training_or_template_cutoffs
4INU	4INU_6	AF-P21242-F1	8283ba552d1a3cf6c49a4d151043a7ef16df99a3d9c30a2b73e7692d36d2c844	2013-01-30T00:00:00.000+00:00	2025-08-01T00:00:00Z	released_before_prediction_creation	only_experimental_starting_models_reported_not_independence_proof	unresolved_release_and_creation_dates_are_not_training_or_template_cutoffs
4J70	4J70_6	AF-P21242-F1	8283ba552d1a3cf6c49a4d151043a7ef16df99a3d9c30a2b73e7692d36d2c844	2013-04-17T00:00:00.000+00:00	2025-08-01T00:00:00Z	released_before_prediction_creation	only_experimental_starting_models_reported_not_independence_proof	unresolved_release_and_creation_dates_are_not_training_or_template_cutoffs
4JSQ	4JSQ_6	AF-P21242-F1	8283ba552d1a3cf6c49a4d151043a7ef16df99a3d9c30a2b73e7692d36d2c844	2013-05-01T00:00:00.000+00:00	2025-08-01T00:00:00Z	released_before_prediction_creation	only_experimental_starting_models_reported_not_independence_proof	unresolved_release_and_creation_dates_are_not_training_or_template_cutoffs
4JSU	4JSU_6	AF-P21242-F1	8283ba552d1a3cf6c49a4d151043a7ef16df99a3d9c30a2b73e7692d36d2c844	2013-05-01T00:00:00.000+00:00	2025-08-01T00:00:00Z	released_before_prediction_creation	only_experimental_starting_models_reported_not_independence_proof	unresolved_release_and_creation_dates_are_not_training_or_template_cutoffs
4JT0	4JT0_6	AF-P21242-F1	8283ba552d1a3cf6c49a4d151043a7ef16df99a3d9c30a2b73e7692d36d2c844	2013-05-01T00:00:00.000+00:00	2025-08-01T00:00:00Z	released_before_prediction_creation	only_experimental_starting_models_reported_not_independence_proof	unresolved_release_and_creation_dates_are_not_training_or_template_cutoffs
4L9P	4L9P_2	AF-Q4WPS9-F1	1388a54cb398512d6ac226de5606198945e6acbd290b575424e095cd7fbe6438	2014-01-01T00:00:00.000+00:00	2022-06-01T00:00:00Z	released_before_prediction_creation	other_computational_starting_model_entry_level	unresolved_release_and_creation_dates_are_not_training_or_template_cutoffs
4LNB	4LNB_2	AF-Q4WPS9-F1	1388a54cb398512d6ac226de5606198945e6acbd290b575424e095cd7fbe6438	2014-01-01T00:00:00.000+00:00	2022-06-01T00:00:00Z	released_before_prediction_creation	starting_model_annotation_missing	unresolved_release_and_creation_dates_are_not_training_or_template_cutoffs
4LNG	4LNG_2	AF-Q4WPS9-F1	1388a54cb398512d6ac226de5606198945e6acbd290b575424e095cd7fbe6438	2014-01-01T00:00:00.000+00:00	2022-06-01T00:00:00Z	released_before_prediction_creation	starting_model_annotation_missing	unresolved_release_and_creation_dates_are_not_training_or_template_cutoffs
4MBG	4MBG_2	AF-Q4WPS9-F1	1388a54cb398512d6ac226de5606198945e6acbd290b575424e095cd7fbe6438	2014-01-01T00:00:00.000+00:00	2022-06-01T00:00:00Z	released_before_prediction_creation	other_computational_starting_model_entry_level	unresolved_release_and_creation_dates_are_not_training_or_template_cutoffs
4NNN	4NNN_6	AF-P21242-F1	8283ba552d1a3cf6c49a4d151043a7ef16df99a3d9c30a2b73e7692d36d2c844	2014-02-12T00:00:00.000+00:00	2025-08-01T00:00:00Z	released_before_prediction_creation	only_experimental_starting_models_reported_not_independence_proof	unresolved_release_and_creation_dates_are_not_training_or_template_cutoffs
4NNW	4NNW_6	AF-P21242-F1	8283ba552d1a3cf6c49a4d151043a7ef16df99a3d9c30a2b73e7692d36d2c844	2014-02-12T00:00:00.000+00:00	2025-08-01T00:00:00Z	released_before_prediction_creation	only_experimental_starting_models_reported_not_independence_proof	unresolved_release_and_creation_dates_are_not_training_or_template_cutoffs
4NO1	4NO1_6	AF-P21242-F1	8283ba552d1a3cf6c49a4d151043a7ef16df99a3d9c30a2b73e7692d36d2c844	2014-02-12T00:00:00.000+00:00	2025-08-01T00:00:00Z	released_before_prediction_creation	only_experimental_starting_models_reported_not_independence_proof	unresolved_release_and_creation_dates_are_not_training_or_template_cutoffs
4NO6	4NO6_6	AF-P21242-F1	8283ba552d1a3cf6c49a4d151043a7ef16df99a3d9c30a2b73e7692d36d2c844	2014-02-12T00:00:00.000+00:00	2025-08-01T00:00:00Z	released_before_prediction_creation	only_experimental_starting_models_reported_not_independence_proof	unresolved_release_and_creation_dates_are_not_training_or_template_cutoffs
4NO8	4NO8_6	AF-P21242-F1	8283ba552d1a3cf6c49a4d151043a7ef16df99a3d9c30a2b73e7692d36d2c844	2014-02-12T00:00:00.000+00:00	2025-08-01T00:00:00Z	released_before_prediction_creation	only_experimental_starting_models_reported_not_independence_proof	unresolved_release_and_creation_dates_are_not_training_or_template_cutoffs
4NO9	4NO9_6	AF-P21242-F1	8283ba552d1a3cf6c49a4d151043a7ef16df99a3d9c30a2b73e7692d36d2c844	2014-02-12T00:00:00.000+00:00	2025-08-01T00:00:00Z	released_before_prediction_creation	only_experimental_starting_models_reported_not_independence_proof	unresolved_release_and_creation_dates_are_not_training_or_template_cutoffs
4Q1S	4Q1S_6	AF-P21242-F1	8283ba552d1a3cf6c49a4d151043a7ef16df99a3d9c30a2b73e7692d36d2c844	2014-07-30T00:00:00.000+00:00	2025-08-01T00:00:00Z	released_before_prediction_creation	only_experimental_starting_models_reported_not_independence_proof	unresolved_release_and_creation_dates_are_not_training_or_template_cutoffs
4QBY	4QBY_6	AF-P21242-F1	8283ba552d1a3cf6c49a4d151043a7ef16df99a3d9c30a2b73e7692d36d2c844	2014-06-18T00:00:00.000+00:00	2025-08-01T00:00:00Z	released_before_prediction_creation	only_experimental_starting_models_reported_not_independence_proof	unresolved_release_and_creation_dates_are_not_training_or_template_cutoffs
4QLQ	4QLQ_6	AF-P21242-F1	8283ba552d1a3cf6c49a4d151043a7ef16df99a3d9c30a2b73e7692d36d2c844	2014-07-23T00:00:00.000+00:00	2025-08-01T00:00:00Z	released_before_prediction_creation	only_experimental_starting_models_reported_not_independence_proof	unresolved_release_and_creation_dates_are_not_training_or_template_cutoffs
4QLS	4QLS_6	AF-P21242-F1	8283ba552d1a3cf6c49a4d151043a7ef16df99a3d9c30a2b73e7692d36d2c844	2014-07-23T00:00:00.000+00:00	2025-08-01T00:00:00Z	released_before_prediction_creation	only_experimental_starting_models_reported_not_independence_proof	unresolved_release_and_creation_dates_are_not_training_or_template_cutoffs
4QLT	4QLT_6	AF-P21242-F1	8283ba552d1a3cf6c49a4d151043a7ef16df99a3d9c30a2b73e7692d36d2c844	2014-07-23T00:00:00.000+00:00	2025-08-01T00:00:00Z	released_before_prediction_creation	only_experimental_starting_models_reported_not_independence_proof	unresolved_release_and_creation_dates_are_not_training_or_template_cutoffs
4QLU	4QLU_6	AF-P21242-F1	8283ba552d1a3cf6c49a4d151043a7ef16df99a3d9c30a2b73e7692d36d2c844	2014-07-23T00:00:00.000+00:00	2025-08-01T00:00:00Z	released_before_prediction_creation	only_experimental_starting_models_reported_not_independence_proof	unresolved_release_and_creation_dates_are_not_training_or_template_cutoffs
4QLV	4QLV_6	AF-P21242-F1	8283ba552d1a3cf6c49a4d151043a7ef16df99a3d9c30a2b73e7692d36d2c844	2014-07-23T00:00:00.000+00:00	2025-08-01T00:00:00Z	released_before_prediction_creation	only_experimental_starting_models_reported_not_independence_proof	unresolved_release_and_creation_dates_are_not_training_or_template_cutoffs
4QUX	4QUX_6	AF-P21242-F1	8283ba552d1a3cf6c49a4d151043a7ef16df99a3d9c30a2b73e7692d36d2c844	2015-02-04T00:00:00.000+00:00	2025-08-01T00:00:00Z	released_before_prediction_creation	only_experimental_starting_models_reported_not_independence_proof	unresolved_release_and_creation_dates_are_not_training_or_template_cutoffs
4QUY	4QUY_6	AF-P21242-F1	8283ba552d1a3cf6c49a4d151043a7ef16df99a3d9c30a2b73e7692d36d2c844	2015-02-04T00:00:00.000+00:00	2025-08-01T00:00:00Z	released_before_prediction_creation	only_experimental_starting_models_reported_not_independence_proof	unresolved_release_and_creation_dates_are_not_training_or_template_cutoffs
4QV0	4QV0_6	AF-P21242-F1	8283ba552d1a3cf6c49a4d151043a7ef16df99a3d9c30a2b73e7692d36d2c844	2015-02-04T00:00:00.000+00:00	2025-08-01T00:00:00Z	released_before_prediction_creation	only_experimental_starting_models_reported_not_independence_proof	unresolved_release_and_creation_dates_are_not_training_or_template_cutoffs
4QV1	4QV1_6	AF-P21242-F1	8283ba552d1a3cf6c49a4d151043a7ef16df99a3d9c30a2b73e7692d36d2c844	2015-02-04T00:00:00.000+00:00	2025-08-01T00:00:00Z	released_before_prediction_creation	only_experimental_starting_models_reported_not_independence_proof	unresolved_release_and_creation_dates_are_not_training_or_template_cutoffs
4QV3	4QV3_6	AF-P21242-F1	8283ba552d1a3cf6c49a4d151043a7ef16df99a3d9c30a2b73e7692d36d2c844	2015-02-04T00:00:00.000+00:00	2025-08-01T00:00:00Z	released_before_prediction_creation	only_experimental_starting_models_reported_not_independence_proof	unresolved_release_and_creation_dates_are_not_training_or_template_cutoffs
4QV4	4QV4_6	AF-P21242-F1	8283ba552d1a3cf6c49a4d151043a7ef16df99a3d9c30a2b73e7692d36d2c844	2015-02-04T00:00:00.000+00:00	2025-08-01T00:00:00Z	released_before_prediction_creation	only_experimental_starting_models_reported_not_independence_proof	unresolved_release_and_creation_dates_are_not_training_or_template_cutoffs
4QV5	4QV5_6	AF-P21242-F1	8283ba552d1a3cf6c49a4d151043a7ef16df99a3d9c30a2b73e7692d36d2c844	2015-02-04T00:00:00.000+00:00	2025-08-01T00:00:00Z	released_before_prediction_creation	only_experimental_starting_models_reported_not_independence_proof	unresolved_release_and_creation_dates_are_not_training_or_template_cutoffs
4QV6	4QV6_6	AF-P21242-F1	8283ba552d1a3cf6c49a4d151043a7ef16df99a3d9c30a2b73e7692d36d2c844	2015-02-04T00:00:00.000+00:00	2025-08-01T00:00:00Z	released_before_prediction_creation	only_experimental_starting_models_reported_not_independence_proof	unresolved_release_and_creation_dates_are_not_training_or_template_cutoffs
4QV7	4QV7_6	AF-P21242-F1	8283ba552d1a3cf6c49a4d151043a7ef16df99a3d9c30a2b73e7692d36d2c844	2015-02-04T00:00:00.000+00:00	2025-08-01T00:00:00Z	released_before_prediction_creation	only_experimental_starting_models_reported_not_independence_proof	unresolved_release_and_creation_dates_are_not_training_or_template_cutoffs
4QV8	4QV8_6	AF-P21242-F1	8283ba552d1a3cf6c49a4d151043a7ef16df99a3d9c30a2b73e7692d36d2c844	2015-02-04T00:00:00.000+00:00	2025-08-01T00:00:00Z	released_before_prediction_creation	only_experimental_starting_models_reported_not_independence_proof	unresolved_release_and_creation_dates_are_not_training_or_template_cutoffs
4QV9	4QV9_6	AF-P21242-F1	8283ba552d1a3cf6c49a4d151043a7ef16df99a3d9c30a2b73e7692d36d2c844	2015-02-04T00:00:00.000+00:00	2025-08-01T00:00:00Z	released_before_prediction_creation	only_experimental_starting_models_reported_not_independence_proof	unresolved_release_and_creation_dates_are_not_training_or_template_cutoffs
4QVL	4QVL_6	AF-P21242-F1	8283ba552d1a3cf6c49a4d151043a7ef16df99a3d9c30a2b73e7692d36d2c844	2015-02-04T00:00:00.000+00:00	2025-08-01T00:00:00Z	released_before_prediction_creation	only_experimental_starting_models_reported_not_independence_proof	unresolved_release_and_creation_dates_are_not_training_or_template_cutoffs
4QVM	4QVM_6	AF-P21242-F1	8283ba552d1a3cf6c49a4d151043a7ef16df99a3d9c30a2b73e7692d36d2c844	2015-02-04T00:00:00.000+00:00	2025-08-01T00:00:00Z	released_before_prediction_creation	only_experimental_starting_models_reported_not_independence_proof	unresolved_release_and_creation_dates_are_not_training_or_template_cutoffs
4QVN	4QVN_6	AF-P21242-F1	8283ba552d1a3cf6c49a4d151043a7ef16df99a3d9c30a2b73e7692d36d2c844	2015-02-04T00:00:00.000+00:00	2025-08-01T00:00:00Z	released_before_prediction_creation	only_experimental_starting_models_reported_not_independence_proof	unresolved_release_and_creation_dates_are_not_training_or_template_cutoffs
4QVP	4QVP_6	AF-P21242-F1	8283ba552d1a3cf6c49a4d151043a7ef16df99a3d9c30a2b73e7692d36d2c844	2015-02-04T00:00:00.000+00:00	2025-08-01T00:00:00Z	released_before_prediction_creation	only_experimental_starting_models_reported_not_independence_proof	unresolved_release_and_creation_dates_are_not_training_or_template_cutoffs
4QVQ	4QVQ_6	AF-P21242-F1	8283ba552d1a3cf6c49a4d151043a7ef16df99a3d9c30a2b73e7692d36d2c844	2015-02-04T00:00:00.000+00:00	2025-08-01T00:00:00Z	released_before_prediction_creation	only_experimental_starting_models_reported_not_independence_proof	unresolved_release_and_creation_dates_are_not_training_or_template_cutoffs
4QVV	4QVV_6	AF-P21242-F1	8283ba552d1a3cf6c49a4d151043a7ef16df99a3d9c30a2b73e7692d36d2c844	2015-02-04T00:00:00.000+00:00	2025-08-01T00:00:00Z	released_before_prediction_creation	only_experimental_starting_models_reported_not_independence_proof	unresolved_release_and_creation_dates_are_not_training_or_template_cutoffs
4QVW	4QVW_6	AF-P21242-F1	8283ba552d1a3cf6c49a4d151043a7ef16df99a3d9c30a2b73e7692d36d2c844	2015-02-04T00:00:00.000+00:00	2025-08-01T00:00:00Z	released_before_prediction_creation	only_experimental_starting_models_reported_not_independence_proof	unresolved_release_and_creation_dates_are_not_training_or_template_cutoffs
4QVY	4QVY_6	AF-P21242-F1	8283ba552d1a3cf6c49a4d151043a7ef16df99a3d9c30a2b73e7692d36d2c844	2015-02-04T00:00:00.000+00:00	2025-08-01T00:00:00Z	released_before_prediction_creation	only_experimental_starting_models_reported_not_independence_proof	unresolved_release_and_creation_dates_are_not_training_or_template_cutoffs
4QW0	4QW0_6	AF-P21242-F1	8283ba552d1a3cf6c49a4d151043a7ef16df99a3d9c30a2b73e7692d36d2c844	2015-02-04T00:00:00.000+00:00	2025-08-01T00:00:00Z	released_before_prediction_creation	only_experimental_starting_models_reported_not_independence_proof	unresolved_release_and_creation_dates_are_not_training_or_template_cutoffs
4QW1	4QW1_6	AF-P21242-F1	8283ba552d1a3cf6c49a4d151043a7ef16df99a3d9c30a2b73e7692d36d2c844	2015-02-04T00:00:00.000+00:00	2025-08-01T00:00:00Z	released_before_prediction_creation	only_experimental_starting_models_reported_not_independence_proof	unresolved_release_and_creation_dates_are_not_training_or_template_cutoffs
4QW3	4QW3_6	AF-P21242-F1	8283ba552d1a3cf6c49a4d151043a7ef16df99a3d9c30a2b73e7692d36d2c844	2015-02-04T00:00:00.000+00:00	2025-08-01T00:00:00Z	released_before_prediction_creation	only_experimental_starting_models_reported_not_independence_proof	unresolved_release_and_creation_dates_are_not_training_or_template_cutoffs
4QW4	4QW4_6	AF-P21242-F1	8283ba552d1a3cf6c49a4d151043a7ef16df99a3d9c30a2b73e7692d36d2c844	2015-02-04T00:00:00.000+00:00	2025-08-01T00:00:00Z	released_before_prediction_creation	only_experimental_starting_models_reported_not_independence_proof	unresolved_release_and_creation_dates_are_not_training_or_template_cutoffs
4QW5	4QW5_6	AF-P21242-F1	8283ba552d1a3cf6c49a4d151043a7ef16df99a3d9c30a2b73e7692d36d2c844	2015-02-04T00:00:00.000+00:00	2025-08-01T00:00:00Z	released_before_prediction_creation	only_experimental_starting_models_reported_not_independence_proof	unresolved_release_and_creation_dates_are_not_training_or_template_cutoffs
4QW6	4QW6_6	AF-P21242-F1	8283ba552d1a3cf6c49a4d151043a7ef16df99a3d9c30a2b73e7692d36d2c844	2015-02-04T00:00:00.000+00:00	2025-08-01T00:00:00Z	released_before_prediction_creation	only_experimental_starting_models_reported_not_independence_proof	unresolved_release_and_creation_dates_are_not_training_or_template_cutoffs
4QW7	4QW7_6	AF-P21242-F1	8283ba552d1a3cf6c49a4d151043a7ef16df99a3d9c30a2b73e7692d36d2c844	2015-02-04T00:00:00.000+00:00	2025-08-01T00:00:00Z	released_before_prediction_creation	only_experimental_starting_models_reported_not_independence_proof	unresolved_release_and_creation_dates_are_not_training_or_template_cutoffs
4QWF	4QWF_6	AF-P21242-F1	8283ba552d1a3cf6c49a4d151043a7ef16df99a3d9c30a2b73e7692d36d2c844	2015-02-04T00:00:00.000+00:00	2025-08-01T00:00:00Z	released_before_prediction_creation	only_experimental_starting_models_reported_not_independence_proof	unresolved_release_and_creation_dates_are_not_training_or_template_cutoffs
4QWG	4QWG_6	AF-P21242-F1	8283ba552d1a3cf6c49a4d151043a7ef16df99a3d9c30a2b73e7692d36d2c844	2015-02-04T00:00:00.000+00:00	2025-08-01T00:00:00Z	released_before_prediction_creation	only_experimental_starting_models_reported_not_independence_proof	unresolved_release_and_creation_dates_are_not_training_or_template_cutoffs
4QWI	4QWI_6	AF-P21242-F1	8283ba552d1a3cf6c49a4d151043a7ef16df99a3d9c30a2b73e7692d36d2c844	2015-02-04T00:00:00.000+00:00	2025-08-01T00:00:00Z	released_before_prediction_creation	only_experimental_starting_models_reported_not_independence_proof	unresolved_release_and_creation_dates_are_not_training_or_template_cutoffs
4QWJ	4QWJ_6	AF-P21242-F1	8283ba552d1a3cf6c49a4d151043a7ef16df99a3d9c30a2b73e7692d36d2c844	2015-02-04T00:00:00.000+00:00	2025-08-01T00:00:00Z	released_before_prediction_creation	only_experimental_starting_models_reported_not_independence_proof	unresolved_release_and_creation_dates_are_not_training_or_template_cutoffs
4QWK	4QWK_6	AF-P21242-F1	8283ba552d1a3cf6c49a4d151043a7ef16df99a3d9c30a2b73e7692d36d2c844	2015-02-04T00:00:00.000+00:00	2025-08-01T00:00:00Z	released_before_prediction_creation	only_experimental_starting_models_reported_not_independence_proof	unresolved_release_and_creation_dates_are_not_training_or_template_cutoffs
4QWL	4QWL_6	AF-P21242-F1	8283ba552d1a3cf6c49a4d151043a7ef16df99a3d9c30a2b73e7692d36d2c844	2015-02-04T00:00:00.000+00:00	2025-08-01T00:00:00Z	released_before_prediction_creation	only_experimental_starting_models_reported_not_independence_proof	unresolved_release_and_creation_dates_are_not_training_or_template_cutoffs
4QWR	4QWR_6	AF-P21242-F1	8283ba552d1a3cf6c49a4d151043a7ef16df99a3d9c30a2b73e7692d36d2c844	2015-02-04T00:00:00.000+00:00	2025-08-01T00:00:00Z	released_before_prediction_creation	only_experimental_starting_models_reported_not_independence_proof	unresolved_release_and_creation_dates_are_not_training_or_template_cutoffs
4QWS	4QWS_6	AF-P21242-F1	8283ba552d1a3cf6c49a4d151043a7ef16df99a3d9c30a2b73e7692d36d2c844	2015-02-04T00:00:00.000+00:00	2025-08-01T00:00:00Z	released_before_prediction_creation	only_experimental_starting_models_reported_not_independence_proof	unresolved_release_and_creation_dates_are_not_training_or_template_cutoffs
4QWU	4QWU_6	AF-P21242-F1	8283ba552d1a3cf6c49a4d151043a7ef16df99a3d9c30a2b73e7692d36d2c844	2015-02-04T00:00:00.000+00:00	2025-08-01T00:00:00Z	released_before_prediction_creation	only_experimental_starting_models_reported_not_independence_proof	unresolved_release_and_creation_dates_are_not_training_or_template_cutoffs
4QWX	4QWX_6	AF-P21242-F1	8283ba552d1a3cf6c49a4d151043a7ef16df99a3d9c30a2b73e7692d36d2c844	2015-02-04T00:00:00.000+00:00	2025-08-01T00:00:00Z	released_before_prediction_creation	only_experimental_starting_models_reported_not_independence_proof	unresolved_release_and_creation_dates_are_not_training_or_template_cutoffs
4QXJ	4QXJ_6	AF-P21242-F1	8283ba552d1a3cf6c49a4d151043a7ef16df99a3d9c30a2b73e7692d36d2c844	2015-02-04T00:00:00.000+00:00	2025-08-01T00:00:00Z	released_before_prediction_creation	only_experimental_starting_models_reported_not_independence_proof	unresolved_release_and_creation_dates_are_not_training_or_template_cutoffs
4QZ0	4QZ0_6	AF-P21242-F1	8283ba552d1a3cf6c49a4d151043a7ef16df99a3d9c30a2b73e7692d36d2c844	2015-02-04T00:00:00.000+00:00	2025-08-01T00:00:00Z	released_before_prediction_creation	only_experimental_starting_models_reported_not_independence_proof	unresolved_release_and_creation_dates_are_not_training_or_template_cutoffs
4QZ1	4QZ1_6	AF-P21242-F1	8283ba552d1a3cf6c49a4d151043a7ef16df99a3d9c30a2b73e7692d36d2c844	2015-02-04T00:00:00.000+00:00	2025-08-01T00:00:00Z	released_before_prediction_creation	only_experimental_starting_models_reported_not_independence_proof	unresolved_release_and_creation_dates_are_not_training_or_template_cutoffs
4QZ2	4QZ2_6	AF-P21242-F1	8283ba552d1a3cf6c49a4d151043a7ef16df99a3d9c30a2b73e7692d36d2c844	2015-02-04T00:00:00.000+00:00	2025-08-01T00:00:00Z	released_before_prediction_creation	only_experimental_starting_models_reported_not_independence_proof	unresolved_release_and_creation_dates_are_not_training_or_template_cutoffs
4QZ3	4QZ3_6	AF-P21242-F1	8283ba552d1a3cf6c49a4d151043a7ef16df99a3d9c30a2b73e7692d36d2c844	2015-02-04T00:00:00.000+00:00	2025-08-01T00:00:00Z	released_before_prediction_creation	only_experimental_starting_models_reported_not_independence_proof	unresolved_release_and_creation_dates_are_not_training_or_template_cutoffs
4QZ4	4QZ4_6	AF-P21242-F1	8283ba552d1a3cf6c49a4d151043a7ef16df99a3d9c30a2b73e7692d36d2c844	2015-02-04T00:00:00.000+00:00	2025-08-01T00:00:00Z	released_before_prediction_creation	only_experimental_starting_models_reported_not_independence_proof	unresolved_release_and_creation_dates_are_not_training_or_template_cutoffs
4QZ5	4QZ5_6	AF-P21242-F1	8283ba552d1a3cf6c49a4d151043a7ef16df99a3d9c30a2b73e7692d36d2c844	2015-02-04T00:00:00.000+00:00	2025-08-01T00:00:00Z	released_before_prediction_creation	only_experimental_starting_models_reported_not_independence_proof	unresolved_release_and_creation_dates_are_not_training_or_template_cutoffs
4QZ6	4QZ6_6	AF-P21242-F1	8283ba552d1a3cf6c49a4d151043a7ef16df99a3d9c30a2b73e7692d36d2c844	2015-02-04T00:00:00.000+00:00	2025-08-01T00:00:00Z	released_before_prediction_creation	only_experimental_starting_models_reported_not_independence_proof	unresolved_release_and_creation_dates_are_not_training_or_template_cutoffs
4QZ7	4QZ7_6	AF-P21242-F1	8283ba552d1a3cf6c49a4d151043a7ef16df99a3d9c30a2b73e7692d36d2c844	2015-02-04T00:00:00.000+00:00	2025-08-01T00:00:00Z	released_before_prediction_creation	only_experimental_starting_models_reported_not_independence_proof	unresolved_release_and_creation_dates_are_not_training_or_template_cutoffs
4QZW	4QZW_6	AF-P21242-F1	8283ba552d1a3cf6c49a4d151043a7ef16df99a3d9c30a2b73e7692d36d2c844	2015-02-04T00:00:00.000+00:00	2025-08-01T00:00:00Z	released_before_prediction_creation	only_experimental_starting_models_reported_not_independence_proof	unresolved_release_and_creation_dates_are_not_training_or_template_cutoffs
4QZX	4QZX_6	AF-P21242-F1	8283ba552d1a3cf6c49a4d151043a7ef16df99a3d9c30a2b73e7692d36d2c844	2015-02-04T00:00:00.000+00:00	2025-08-01T00:00:00Z	released_before_prediction_creation	only_experimental_starting_models_reported_not_independence_proof	unresolved_release_and_creation_dates_are_not_training_or_template_cutoffs
4QZZ	4QZZ_6	AF-P21242-F1	8283ba552d1a3cf6c49a4d151043a7ef16df99a3d9c30a2b73e7692d36d2c844	2015-02-04T00:00:00.000+00:00	2025-08-01T00:00:00Z	released_before_prediction_creation	only_experimental_starting_models_reported_not_independence_proof	unresolved_release_and_creation_dates_are_not_training_or_template_cutoffs
4R00	4R00_6	AF-P21242-F1	8283ba552d1a3cf6c49a4d151043a7ef16df99a3d9c30a2b73e7692d36d2c844	2015-02-04T00:00:00.000+00:00	2025-08-01T00:00:00Z	released_before_prediction_creation	only_experimental_starting_models_reported_not_independence_proof	unresolved_release_and_creation_dates_are_not_training_or_template_cutoffs
4R02	4R02_6	AF-P21242-F1	8283ba552d1a3cf6c49a4d151043a7ef16df99a3d9c30a2b73e7692d36d2c844	2014-08-13T00:00:00.000+00:00	2025-08-01T00:00:00Z	released_before_prediction_creation	only_experimental_starting_models_reported_not_independence_proof	unresolved_release_and_creation_dates_are_not_training_or_template_cutoffs
4R17	4R17_6	AF-P21242-F1	8283ba552d1a3cf6c49a4d151043a7ef16df99a3d9c30a2b73e7692d36d2c844	2014-10-15T00:00:00.000+00:00	2025-08-01T00:00:00Z	released_before_prediction_creation	only_experimental_starting_models_reported_not_independence_proof	unresolved_release_and_creation_dates_are_not_training_or_template_cutoffs
4R18	4R18_6	AF-P21242-F1	8283ba552d1a3cf6c49a4d151043a7ef16df99a3d9c30a2b73e7692d36d2c844	2014-10-15T00:00:00.000+00:00	2025-08-01T00:00:00Z	released_before_prediction_creation	only_experimental_starting_models_reported_not_independence_proof	unresolved_release_and_creation_dates_are_not_training_or_template_cutoffs
4RUR	4RUR_6	AF-P21242-F1	8283ba552d1a3cf6c49a4d151043a7ef16df99a3d9c30a2b73e7692d36d2c844	2014-12-10T00:00:00.000+00:00	2025-08-01T00:00:00Z	released_before_prediction_creation	only_experimental_starting_models_reported_not_independence_proof	unresolved_release_and_creation_dates_are_not_training_or_template_cutoffs
4V1M	4V1M_5	AF-P20435-F1	b35ac6750b96213d2e2f4608750f185b2daf71c690e6c7ef0382f39de2ec7d1c	2015-02-04T00:00:00.000+00:00	2025-08-01T00:00:00Z	released_before_prediction_creation	only_experimental_starting_models_reported_not_independence_proof	unresolved_release_and_creation_dates_are_not_training_or_template_cutoffs
4V1M	4V1M_6	AF-P20436-F1	ce7cd70250d0b569e39e2cf28c28578cac6ef076795fe9e170de624038c4019d	2015-02-04T00:00:00.000+00:00	2025-08-01T00:00:00Z	released_before_prediction_creation	only_experimental_starting_models_reported_not_independence_proof	unresolved_release_and_creation_dates_are_not_training_or_template_cutoffs
4V1M	4V1M_9	AF-P38902-F1	e5ca72de84371c102b60be5d242b8952d384447efd42abc54d2fc7b284a64b0b	2015-02-04T00:00:00.000+00:00	2025-08-01T00:00:00Z	released_before_prediction_creation	only_experimental_starting_models_reported_not_independence_proof	unresolved_release_and_creation_dates_are_not_training_or_template_cutoffs
4V1N	4V1N_11	AF-P38902-F1	e5ca72de84371c102b60be5d242b8952d384447efd42abc54d2fc7b284a64b0b	2015-02-04T00:00:00.000+00:00	2025-08-01T00:00:00Z	released_before_prediction_creation	starting_model_annotation_missing	unresolved_release_and_creation_dates_are_not_training_or_template_cutoffs
4V1N	4V1N_6	AF-P20435-F1	b35ac6750b96213d2e2f4608750f185b2daf71c690e6c7ef0382f39de2ec7d1c	2015-02-04T00:00:00.000+00:00	2025-08-01T00:00:00Z	released_before_prediction_creation	starting_model_annotation_missing	unresolved_release_and_creation_dates_are_not_training_or_template_cutoffs
4V1N	4V1N_7	AF-P34087-F1	83d3a4bb2b77f2d447e2e34483b92f4a0abd024d20c78f29b9187d33c13f070a	2015-02-04T00:00:00.000+00:00	2025-08-01T00:00:00Z	released_before_prediction_creation	starting_model_annotation_missing	unresolved_release_and_creation_dates_are_not_training_or_template_cutoffs
4V1N	4V1N_8	AF-P20436-F1	ce7cd70250d0b569e39e2cf28c28578cac6ef076795fe9e170de624038c4019d	2015-02-04T00:00:00.000+00:00	2025-08-01T00:00:00Z	released_before_prediction_creation	starting_model_annotation_missing	unresolved_release_and_creation_dates_are_not_training_or_template_cutoffs
4V1O	4V1O_11	AF-P38902-F1	e5ca72de84371c102b60be5d242b8952d384447efd42abc54d2fc7b284a64b0b	2015-02-04T00:00:00.000+00:00	2025-08-01T00:00:00Z	released_before_prediction_creation	starting_model_annotation_missing	unresolved_release_and_creation_dates_are_not_training_or_template_cutoffs
4V1O	4V1O_6	AF-P20435-F1	b35ac6750b96213d2e2f4608750f185b2daf71c690e6c7ef0382f39de2ec7d1c	2015-02-04T00:00:00.000+00:00	2025-08-01T00:00:00Z	released_before_prediction_creation	starting_model_annotation_missing	unresolved_release_and_creation_dates_are_not_training_or_template_cutoffs
4V1O	4V1O_7	AF-P34087-F1	83d3a4bb2b77f2d447e2e34483b92f4a0abd024d20c78f29b9187d33c13f070a	2015-02-04T00:00:00.000+00:00	2025-08-01T00:00:00Z	released_before_prediction_creation	starting_model_annotation_missing	unresolved_release_and_creation_dates_are_not_training_or_template_cutoffs
4V1O	4V1O_8	AF-P20436-F1	ce7cd70250d0b569e39e2cf28c28578cac6ef076795fe9e170de624038c4019d	2015-02-04T00:00:00.000+00:00	2025-08-01T00:00:00Z	released_before_prediction_creation	starting_model_annotation_missing	unresolved_release_and_creation_dates_are_not_training_or_template_cutoffs
4V7F	4V7F_42	AF-Q12522-F1	a9c859214bc288900788ea22094f6779f5e80a857b1a76ad3d655a47854cced8	2014-07-09T00:00:00.000+00:00	2025-08-01T00:00:00Z	released_before_prediction_creation	only_experimental_starting_models_reported_not_independence_proof	unresolved_release_and_creation_dates_are_not_training_or_template_cutoffs
4V7F	4V7F_43	AF-P33201-F1	1339886dfb0473fd4dc59344281a8288b3ac1979e074403818c8117482fe794b	2014-07-09T00:00:00.000+00:00	2025-08-01T00:00:00Z	released_before_prediction_creation	only_experimental_starting_models_reported_not_independence_proof	unresolved_release_and_creation_dates_are_not_training_or_template_cutoffs
4V7F	4V7F_44	AF-Q02892-F1	9b034068144dc1c8f367dcc1d0940877c694565a6c15b2ee590634a8d512edac	2014-07-09T00:00:00.000+00:00	2025-08-01T00:00:00Z	released_before_prediction_creation	only_experimental_starting_models_reported_not_independence_proof	unresolved_release_and_creation_dates_are_not_training_or_template_cutoffs
4V7F	4V7F_45	AF-Q07915-F1	1d54d8fc6fd3850a44b980391ada8291d7463d18caf3143cb61d4a3be8997bc2	2014-07-09T00:00:00.000+00:00	2025-08-01T00:00:00Z	released_before_prediction_creation	only_experimental_starting_models_reported_not_independence_proof	unresolved_release_and_creation_dates_are_not_training_or_template_cutoffs
4X67	4X67_5	AF-P20435-F1	b35ac6750b96213d2e2f4608750f185b2daf71c690e6c7ef0382f39de2ec7d1c	2015-02-04T00:00:00.000+00:00	2025-08-01T00:00:00Z	released_before_prediction_creation	starting_model_annotation_missing	unresolved_release_and_creation_dates_are_not_training_or_template_cutoffs
4X67	4X67_6	AF-P20436-F1	ce7cd70250d0b569e39e2cf28c28578cac6ef076795fe9e170de624038c4019d	2015-02-04T00:00:00.000+00:00	2025-08-01T00:00:00Z	released_before_prediction_creation	starting_model_annotation_missing	unresolved_release_and_creation_dates_are_not_training_or_template_cutoffs
4X67	4X67_9	AF-P38902-F1	e5ca72de84371c102b60be5d242b8952d384447efd42abc54d2fc7b284a64b0b	2015-02-04T00:00:00.000+00:00	2025-08-01T00:00:00Z	released_before_prediction_creation	starting_model_annotation_missing	unresolved_release_and_creation_dates_are_not_training_or_template_cutoffs
4X6A	4X6A_5	AF-P20435-F1	b35ac6750b96213d2e2f4608750f185b2daf71c690e6c7ef0382f39de2ec7d1c	2015-02-04T00:00:00.000+00:00	2025-08-01T00:00:00Z	released_before_prediction_creation	starting_model_annotation_missing	unresolved_release_and_creation_dates_are_not_training_or_template_cutoffs
4X6A	4X6A_6	AF-P20436-F1	ce7cd70250d0b569e39e2cf28c28578cac6ef076795fe9e170de624038c4019d	2015-02-04T00:00:00.000+00:00	2025-08-01T00:00:00Z	released_before_prediction_creation	starting_model_annotation_missing	unresolved_release_and_creation_dates_are_not_training_or_template_cutoffs
4X6A	4X6A_9	AF-P38902-F1	e5ca72de84371c102b60be5d242b8952d384447efd42abc54d2fc7b284a64b0b	2015-02-04T00:00:00.000+00:00	2025-08-01T00:00:00Z	released_before_prediction_creation	starting_model_annotation_missing	unresolved_release_and_creation_dates_are_not_training_or_template_cutoffs
4X6Z	4X6Z_9	AF-P21242-F1	8283ba552d1a3cf6c49a4d151043a7ef16df99a3d9c30a2b73e7692d36d2c844	2015-12-23T00:00:00.000+00:00	2025-08-01T00:00:00Z	released_before_prediction_creation	only_experimental_starting_models_reported_not_independence_proof	unresolved_release_and_creation_dates_are_not_training_or_template_cutoffs
4Y52	4Y52_5	AF-P20435-F1	b35ac6750b96213d2e2f4608750f185b2daf71c690e6c7ef0382f39de2ec7d1c	2015-07-15T00:00:00.000+00:00	2025-08-01T00:00:00Z	released_before_prediction_creation	only_experimental_starting_models_reported_not_independence_proof	unresolved_release_and_creation_dates_are_not_training_or_template_cutoffs
4Y52	4Y52_6	AF-P20436-F1	ce7cd70250d0b569e39e2cf28c28578cac6ef076795fe9e170de624038c4019d	2015-07-15T00:00:00.000+00:00	2025-08-01T00:00:00Z	released_before_prediction_creation	only_experimental_starting_models_reported_not_independence_proof	unresolved_release_and_creation_dates_are_not_training_or_template_cutoffs
4Y52	4Y52_9	AF-P38902-F1	e5ca72de84371c102b60be5d242b8952d384447efd42abc54d2fc7b284a64b0b	2015-07-15T00:00:00.000+00:00	2025-08-01T00:00:00Z	released_before_prediction_creation	only_experimental_starting_models_reported_not_independence_proof	unresolved_release_and_creation_dates_are_not_training_or_template_cutoffs
4Y69	4Y69_6	AF-P21242-F1	8283ba552d1a3cf6c49a4d151043a7ef16df99a3d9c30a2b73e7692d36d2c844	2015-06-17T00:00:00.000+00:00	2025-08-01T00:00:00Z	released_before_prediction_creation	only_experimental_starting_models_reported_not_independence_proof	unresolved_release_and_creation_dates_are_not_training_or_template_cutoffs
4Y6A	4Y6A_6	AF-P21242-F1	8283ba552d1a3cf6c49a4d151043a7ef16df99a3d9c30a2b73e7692d36d2c844	2015-06-17T00:00:00.000+00:00	2025-08-01T00:00:00Z	released_before_prediction_creation	only_experimental_starting_models_reported_not_independence_proof	unresolved_release_and_creation_dates_are_not_training_or_template_cutoffs
4Y6V	4Y6V_6	AF-P21242-F1	8283ba552d1a3cf6c49a4d151043a7ef16df99a3d9c30a2b73e7692d36d2c844	2015-06-17T00:00:00.000+00:00	2025-08-01T00:00:00Z	released_before_prediction_creation	only_experimental_starting_models_reported_not_independence_proof	unresolved_release_and_creation_dates_are_not_training_or_template_cutoffs
4Y6Z	4Y6Z_6	AF-P21242-F1	8283ba552d1a3cf6c49a4d151043a7ef16df99a3d9c30a2b73e7692d36d2c844	2015-06-17T00:00:00.000+00:00	2025-08-01T00:00:00Z	released_before_prediction_creation	only_experimental_starting_models_reported_not_independence_proof	unresolved_release_and_creation_dates_are_not_training_or_template_cutoffs
4Y70	4Y70_6	AF-P21242-F1	8283ba552d1a3cf6c49a4d151043a7ef16df99a3d9c30a2b73e7692d36d2c844	2015-06-17T00:00:00.000+00:00	2025-08-01T00:00:00Z	released_before_prediction_creation	only_experimental_starting_models_reported_not_independence_proof	unresolved_release_and_creation_dates_are_not_training_or_template_cutoffs
4Y74	4Y74_6	AF-P21242-F1	8283ba552d1a3cf6c49a4d151043a7ef16df99a3d9c30a2b73e7692d36d2c844	2015-06-17T00:00:00.000+00:00	2025-08-01T00:00:00Z	released_before_prediction_creation	only_experimental_starting_models_reported_not_independence_proof	unresolved_release_and_creation_dates_are_not_training_or_template_cutoffs
4Y75	4Y75_6	AF-P21242-F1	8283ba552d1a3cf6c49a4d151043a7ef16df99a3d9c30a2b73e7692d36d2c844	2015-06-17T00:00:00.000+00:00	2025-08-01T00:00:00Z	released_before_prediction_creation	only_experimental_starting_models_reported_not_independence_proof	unresolved_release_and_creation_dates_are_not_training_or_template_cutoffs
4Y77	4Y77_6	AF-P21242-F1	8283ba552d1a3cf6c49a4d151043a7ef16df99a3d9c30a2b73e7692d36d2c844	2015-06-17T00:00:00.000+00:00	2025-08-01T00:00:00Z	released_before_prediction_creation	only_experimental_starting_models_reported_not_independence_proof	unresolved_release_and_creation_dates_are_not_training_or_template_cutoffs
4Y78	4Y78_6	AF-P21242-F1	8283ba552d1a3cf6c49a4d151043a7ef16df99a3d9c30a2b73e7692d36d2c844	2015-06-17T00:00:00.000+00:00	2025-08-01T00:00:00Z	released_before_prediction_creation	only_experimental_starting_models_reported_not_independence_proof	unresolved_release_and_creation_dates_are_not_training_or_template_cutoffs
4Y7N	4Y7N_5	AF-P20435-F1	b35ac6750b96213d2e2f4608750f185b2daf71c690e6c7ef0382f39de2ec7d1c	2015-07-15T00:00:00.000+00:00	2025-08-01T00:00:00Z	released_before_prediction_creation	only_experimental_starting_models_reported_not_independence_proof	unresolved_release_and_creation_dates_are_not_training_or_template_cutoffs
4Y7N	4Y7N_6	AF-P20436-F1	ce7cd70250d0b569e39e2cf28c28578cac6ef076795fe9e170de624038c4019d	2015-07-15T00:00:00.000+00:00	2025-08-01T00:00:00Z	released_before_prediction_creation	only_experimental_starting_models_reported_not_independence_proof	unresolved_release_and_creation_dates_are_not_training_or_template_cutoffs
4Y7N	4Y7N_9	AF-P38902-F1	e5ca72de84371c102b60be5d242b8952d384447efd42abc54d2fc7b284a64b0b	2015-07-15T00:00:00.000+00:00	2025-08-01T00:00:00Z	released_before_prediction_creation	only_experimental_starting_models_reported_not_independence_proof	unresolved_release_and_creation_dates_are_not_training_or_template_cutoffs
4Y7W	4Y7W_6	AF-P21242-F1	8283ba552d1a3cf6c49a4d151043a7ef16df99a3d9c30a2b73e7692d36d2c844	2015-06-17T00:00:00.000+00:00	2025-08-01T00:00:00Z	released_before_prediction_creation	only_experimental_starting_models_reported_not_independence_proof	unresolved_release_and_creation_dates_are_not_training_or_template_cutoffs
4Y7X	4Y7X_6	AF-P21242-F1	8283ba552d1a3cf6c49a4d151043a7ef16df99a3d9c30a2b73e7692d36d2c844	2015-06-17T00:00:00.000+00:00	2025-08-01T00:00:00Z	released_before_prediction_creation	only_experimental_starting_models_reported_not_independence_proof	unresolved_release_and_creation_dates_are_not_training_or_template_cutoffs
4Y7Y	4Y7Y_6	AF-P21242-F1	8283ba552d1a3cf6c49a4d151043a7ef16df99a3d9c30a2b73e7692d36d2c844	2015-06-17T00:00:00.000+00:00	2025-08-01T00:00:00Z	released_before_prediction_creation	only_experimental_starting_models_reported_not_independence_proof	unresolved_release_and_creation_dates_are_not_training_or_template_cutoffs
4Y80	4Y80_6	AF-P21242-F1	8283ba552d1a3cf6c49a4d151043a7ef16df99a3d9c30a2b73e7692d36d2c844	2015-06-17T00:00:00.000+00:00	2025-08-01T00:00:00Z	released_before_prediction_creation	only_experimental_starting_models_reported_not_independence_proof	unresolved_release_and_creation_dates_are_not_training_or_template_cutoffs
4Y81	4Y81_6	AF-P21242-F1	8283ba552d1a3cf6c49a4d151043a7ef16df99a3d9c30a2b73e7692d36d2c844	2015-06-17T00:00:00.000+00:00	2025-08-01T00:00:00Z	released_before_prediction_creation	only_experimental_starting_models_reported_not_independence_proof	unresolved_release_and_creation_dates_are_not_training_or_template_cutoffs
4Y82	4Y82_6	AF-P21242-F1	8283ba552d1a3cf6c49a4d151043a7ef16df99a3d9c30a2b73e7692d36d2c844	2015-06-17T00:00:00.000+00:00	2025-08-01T00:00:00Z	released_before_prediction_creation	only_experimental_starting_models_reported_not_independence_proof	unresolved_release_and_creation_dates_are_not_training_or_template_cutoffs
4Y84	4Y84_6	AF-P21242-F1	8283ba552d1a3cf6c49a4d151043a7ef16df99a3d9c30a2b73e7692d36d2c844	2015-06-17T00:00:00.000+00:00	2025-08-01T00:00:00Z	released_before_prediction_creation	only_experimental_starting_models_reported_not_independence_proof	unresolved_release_and_creation_dates_are_not_training_or_template_cutoffs
4Y8G	4Y8G_6	AF-P21242-F1	8283ba552d1a3cf6c49a4d151043a7ef16df99a3d9c30a2b73e7692d36d2c844	2015-06-17T00:00:00.000+00:00	2025-08-01T00:00:00Z	released_before_prediction_creation	only_experimental_starting_models_reported_not_independence_proof	unresolved_release_and_creation_dates_are_not_training_or_template_cutoffs
4Y8H	4Y8H_6	AF-P21242-F1	8283ba552d1a3cf6c49a4d151043a7ef16df99a3d9c30a2b73e7692d36d2c844	2015-06-17T00:00:00.000+00:00	2025-08-01T00:00:00Z	released_before_prediction_creation	only_experimental_starting_models_reported_not_independence_proof	unresolved_release_and_creation_dates_are_not_training_or_template_cutoffs
4Y8I	4Y8I_6	AF-P21242-F1	8283ba552d1a3cf6c49a4d151043a7ef16df99a3d9c30a2b73e7692d36d2c844	2015-06-17T00:00:00.000+00:00	2025-08-01T00:00:00Z	released_before_prediction_creation	only_experimental_starting_models_reported_not_independence_proof	unresolved_release_and_creation_dates_are_not_training_or_template_cutoffs
4Y8J	4Y8J_6	AF-P21242-F1	8283ba552d1a3cf6c49a4d151043a7ef16df99a3d9c30a2b73e7692d36d2c844	2015-06-17T00:00:00.000+00:00	2025-08-01T00:00:00Z	released_before_prediction_creation	only_experimental_starting_models_reported_not_independence_proof	unresolved_release_and_creation_dates_are_not_training_or_template_cutoffs
4Y8K	4Y8K_6	AF-P21242-F1	8283ba552d1a3cf6c49a4d151043a7ef16df99a3d9c30a2b73e7692d36d2c844	2015-06-17T00:00:00.000+00:00	2025-08-01T00:00:00Z	released_before_prediction_creation	only_experimental_starting_models_reported_not_independence_proof	unresolved_release_and_creation_dates_are_not_training_or_template_cutoffs
4Y8L	4Y8L_6	AF-P21242-F1	8283ba552d1a3cf6c49a4d151043a7ef16df99a3d9c30a2b73e7692d36d2c844	2015-06-17T00:00:00.000+00:00	2025-08-01T00:00:00Z	released_before_prediction_creation	only_experimental_starting_models_reported_not_independence_proof	unresolved_release_and_creation_dates_are_not_training_or_template_cutoffs
4Y8M	4Y8M_6	AF-P21242-F1	8283ba552d1a3cf6c49a4d151043a7ef16df99a3d9c30a2b73e7692d36d2c844	2015-06-17T00:00:00.000+00:00	2025-08-01T00:00:00Z	released_before_prediction_creation	only_experimental_starting_models_reported_not_independence_proof	unresolved_release_and_creation_dates_are_not_training_or_template_cutoffs
4Y8N	4Y8N_6	AF-P21242-F1	8283ba552d1a3cf6c49a4d151043a7ef16df99a3d9c30a2b73e7692d36d2c844	2015-06-17T00:00:00.000+00:00	2025-08-01T00:00:00Z	released_before_prediction_creation	only_experimental_starting_models_reported_not_independence_proof	unresolved_release_and_creation_dates_are_not_training_or_template_cutoffs
4Y8O	4Y8O_6	AF-P21242-F1	8283ba552d1a3cf6c49a4d151043a7ef16df99a3d9c30a2b73e7692d36d2c844	2015-06-17T00:00:00.000+00:00	2025-08-01T00:00:00Z	released_before_prediction_creation	only_experimental_starting_models_reported_not_independence_proof	unresolved_release_and_creation_dates_are_not_training_or_template_cutoffs
4Y8P	4Y8P_6	AF-P21242-F1	8283ba552d1a3cf6c49a4d151043a7ef16df99a3d9c30a2b73e7692d36d2c844	2015-06-17T00:00:00.000+00:00	2025-08-01T00:00:00Z	released_before_prediction_creation	only_experimental_starting_models_reported_not_independence_proof	unresolved_release_and_creation_dates_are_not_training_or_template_cutoffs
4Y8Q	4Y8Q_6	AF-P21242-F1	8283ba552d1a3cf6c49a4d151043a7ef16df99a3d9c30a2b73e7692d36d2c844	2015-06-17T00:00:00.000+00:00	2025-08-01T00:00:00Z	released_before_prediction_creation	only_experimental_starting_models_reported_not_independence_proof	unresolved_release_and_creation_dates_are_not_training_or_template_cutoffs
4Y8R	4Y8R_6	AF-P21242-F1	8283ba552d1a3cf6c49a4d151043a7ef16df99a3d9c30a2b73e7692d36d2c844	2015-06-17T00:00:00.000+00:00	2025-08-01T00:00:00Z	released_before_prediction_creation	only_experimental_starting_models_reported_not_independence_proof	unresolved_release_and_creation_dates_are_not_training_or_template_cutoffs
4Y8S	4Y8S_6	AF-P21242-F1	8283ba552d1a3cf6c49a4d151043a7ef16df99a3d9c30a2b73e7692d36d2c844	2015-06-17T00:00:00.000+00:00	2025-08-01T00:00:00Z	released_before_prediction_creation	only_experimental_starting_models_reported_not_independence_proof	unresolved_release_and_creation_dates_are_not_training_or_template_cutoffs
4Y8T	4Y8T_6	AF-P21242-F1	8283ba552d1a3cf6c49a4d151043a7ef16df99a3d9c30a2b73e7692d36d2c844	2015-06-17T00:00:00.000+00:00	2025-08-01T00:00:00Z	released_before_prediction_creation	only_experimental_starting_models_reported_not_independence_proof	unresolved_release_and_creation_dates_are_not_training_or_template_cutoffs
4Y8U	4Y8U_6	AF-P21242-F1	8283ba552d1a3cf6c49a4d151043a7ef16df99a3d9c30a2b73e7692d36d2c844	2015-06-17T00:00:00.000+00:00	2025-08-01T00:00:00Z	released_before_prediction_creation	only_experimental_starting_models_reported_not_independence_proof	unresolved_release_and_creation_dates_are_not_training_or_template_cutoffs
4Y9Y	4Y9Y_6	AF-P21242-F1	8283ba552d1a3cf6c49a4d151043a7ef16df99a3d9c30a2b73e7692d36d2c844	2015-06-17T00:00:00.000+00:00	2025-08-01T00:00:00Z	released_before_prediction_creation	only_experimental_starting_models_reported_not_independence_proof	unresolved_release_and_creation_dates_are_not_training_or_template_cutoffs
4Y9Z	4Y9Z_6	AF-P21242-F1	8283ba552d1a3cf6c49a4d151043a7ef16df99a3d9c30a2b73e7692d36d2c844	2015-06-17T00:00:00.000+00:00	2025-08-01T00:00:00Z	released_before_prediction_creation	only_experimental_starting_models_reported_not_independence_proof	unresolved_release_and_creation_dates_are_not_training_or_template_cutoffs
4YA0	4YA0_6	AF-P21242-F1	8283ba552d1a3cf6c49a4d151043a7ef16df99a3d9c30a2b73e7692d36d2c844	2015-06-17T00:00:00.000+00:00	2025-08-01T00:00:00Z	released_before_prediction_creation	only_experimental_starting_models_reported_not_independence_proof	unresolved_release_and_creation_dates_are_not_training_or_template_cutoffs
4YA1	4YA1_6	AF-P21242-F1	8283ba552d1a3cf6c49a4d151043a7ef16df99a3d9c30a2b73e7692d36d2c844	2015-06-17T00:00:00.000+00:00	2025-08-01T00:00:00Z	released_before_prediction_creation	only_experimental_starting_models_reported_not_independence_proof	unresolved_release_and_creation_dates_are_not_training_or_template_cutoffs
4YA2	4YA2_6	AF-P21242-F1	8283ba552d1a3cf6c49a4d151043a7ef16df99a3d9c30a2b73e7692d36d2c844	2015-06-17T00:00:00.000+00:00	2025-08-01T00:00:00Z	released_before_prediction_creation	only_experimental_starting_models_reported_not_independence_proof	unresolved_release_and_creation_dates_are_not_training_or_template_cutoffs
4YA3	4YA3_6	AF-P21242-F1	8283ba552d1a3cf6c49a4d151043a7ef16df99a3d9c30a2b73e7692d36d2c844	2015-06-17T00:00:00.000+00:00	2025-08-01T00:00:00Z	released_before_prediction_creation	only_experimental_starting_models_reported_not_independence_proof	unresolved_release_and_creation_dates_are_not_training_or_template_cutoffs
4YA4	4YA4_6	AF-P21242-F1	8283ba552d1a3cf6c49a4d151043a7ef16df99a3d9c30a2b73e7692d36d2c844	2015-06-17T00:00:00.000+00:00	2025-08-01T00:00:00Z	released_before_prediction_creation	only_experimental_starting_models_reported_not_independence_proof	unresolved_release_and_creation_dates_are_not_training_or_template_cutoffs
4YA5	4YA5_6	AF-P21242-F1	8283ba552d1a3cf6c49a4d151043a7ef16df99a3d9c30a2b73e7692d36d2c844	2015-06-17T00:00:00.000+00:00	2025-08-01T00:00:00Z	released_before_prediction_creation	only_experimental_starting_models_reported_not_independence_proof	unresolved_release_and_creation_dates_are_not_training_or_template_cutoffs
4YA7	4YA7_6	AF-P21242-F1	8283ba552d1a3cf6c49a4d151043a7ef16df99a3d9c30a2b73e7692d36d2c844	2015-06-17T00:00:00.000+00:00	2025-08-01T00:00:00Z	released_before_prediction_creation	only_experimental_starting_models_reported_not_independence_proof	unresolved_release_and_creation_dates_are_not_training_or_template_cutoffs
4YA9	4YA9_6	AF-P21242-F1	8283ba552d1a3cf6c49a4d151043a7ef16df99a3d9c30a2b73e7692d36d2c844	2015-06-17T00:00:00.000+00:00	2025-08-01T00:00:00Z	released_before_prediction_creation	only_experimental_starting_models_reported_not_independence_proof	unresolved_release_and_creation_dates_are_not_training_or_template_cutoffs
4YM7	4YM7_6	AF-P20435-F1	b35ac6750b96213d2e2f4608750f185b2daf71c690e6c7ef0382f39de2ec7d1c	2015-09-09T00:00:00.000+00:00	2025-08-01T00:00:00Z	released_before_prediction_creation	only_experimental_starting_models_reported_not_independence_proof	unresolved_release_and_creation_dates_are_not_training_or_template_cutoffs
4YM7	4YM7_8	AF-P20436-F1	ce7cd70250d0b569e39e2cf28c28578cac6ef076795fe9e170de624038c4019d	2015-09-09T00:00:00.000+00:00	2025-08-01T00:00:00Z	released_before_prediction_creation	only_experimental_starting_models_reported_not_independence_proof	unresolved_release_and_creation_dates_are_not_training_or_template_cutoffs
4Z1L	4Z1L_6	AF-P21242-F1	8283ba552d1a3cf6c49a4d151043a7ef16df99a3d9c30a2b73e7692d36d2c844	2015-05-27T00:00:00.000+00:00	2025-08-01T00:00:00Z	released_before_prediction_creation	only_experimental_starting_models_reported_not_independence_proof	unresolved_release_and_creation_dates_are_not_training_or_template_cutoffs
5A5B	5A5B_16	AF-P21242-F1	8283ba552d1a3cf6c49a4d151043a7ef16df99a3d9c30a2b73e7692d36d2c844	2015-07-22T00:00:00.000+00:00	2025-08-01T00:00:00Z	released_before_prediction_creation	only_experimental_starting_models_reported_not_independence_proof	unresolved_release_and_creation_dates_are_not_training_or_template_cutoffs
5A5B	5A5B_23	AF-P32565-F1	fe2ef41c38ef7266951644e6481f0310899fda58b257a0a6b0c7c8e3c3cabea4	2015-07-22T00:00:00.000+00:00	2025-08-01T00:00:00Z	released_before_prediction_creation	only_experimental_starting_models_reported_not_independence_proof	unresolved_release_and_creation_dates_are_not_training_or_template_cutoffs
5A5B	5A5B_25	AF-Q12250-F1	f9d25f45a2a3eee589a6c556661ee99fe05c787d87bf2ba89aea44dae9063aac	2015-07-22T00:00:00.000+00:00	2025-08-01T00:00:00Z	released_before_prediction_creation	only_experimental_starting_models_reported_not_independence_proof	unresolved_release_and_creation_dates_are_not_training_or_template_cutoffs
5A5B	5A5B_27	AF-Q06103-F1	668cafe2b2304fbacb9ab68ea3c37c7805a16334996147ff72c4ca5be69b64eb	2015-07-22T00:00:00.000+00:00	2025-08-01T00:00:00Z	released_before_prediction_creation	only_experimental_starting_models_reported_not_independence_proof	unresolved_release_and_creation_dates_are_not_training_or_template_cutoffs
5A5B	5A5B_28	AF-P40016-F1	4a79a9ca6b6fcb3175539bdae202a7cc5e2df058476852f87bf482b5d1127fd2	2015-07-22T00:00:00.000+00:00	2025-08-01T00:00:00Z	released_before_prediction_creation	only_experimental_starting_models_reported_not_independence_proof	unresolved_release_and_creation_dates_are_not_training_or_template_cutoffs
5A5B	5A5B_35	AF-P38764-F1	8bf7784ea7d1c049bdb205d07f75d93f35ee4acec9266bab391a7d2fd35e30ca	2015-07-22T00:00:00.000+00:00	2025-08-01T00:00:00Z	released_before_prediction_creation	only_experimental_starting_models_reported_not_independence_proof	unresolved_release_and_creation_dates_are_not_training_or_template_cutoffs
5A5U	5A5U_3	AF-P40217-F1	db0c848d26f2719aa11d159afc8f0b1133f6037749ff3b62a403b4993a55b53d	2015-09-09T00:00:00.000+00:00	2025-08-01T00:00:00Z	released_before_prediction_creation	starting_model_annotation_missing	unresolved_release_and_creation_dates_are_not_training_or_template_cutoffs
5AHJ	5AHJ_6	AF-P21242-F1	8283ba552d1a3cf6c49a4d151043a7ef16df99a3d9c30a2b73e7692d36d2c844	2015-02-18T00:00:00.000+00:00	2025-08-01T00:00:00Z	released_before_prediction_creation	only_experimental_starting_models_reported_not_independence_proof	unresolved_release_and_creation_dates_are_not_training_or_template_cutoffs
5BK4	5BK4_3	AF-P30665-F1	0b38fefaef2eca7f23bb979bc9da1dec4e9a6ffe79ea3e53edd734b02e70527b	2017-10-25T00:00:00.000+00:00	2025-08-01T00:00:00Z	released_before_prediction_creation	starting_model_annotation_missing	unresolved_release_and_creation_dates_are_not_training_or_template_cutoffs
5BK4	5BK4_5	AF-P53091-F1	03b7797a0460645fc3278608ce831cc02c9437647883cfcf335a74b1b3aeb9c3	2017-10-25T00:00:00.000+00:00	2025-08-01T00:00:00Z	released_before_prediction_creation	starting_model_annotation_missing	unresolved_release_and_creation_dates_are_not_training_or_template_cutoffs
5BK4	5BK4_6	AF-P38132-F1	dbff9e0a6531af71d18bb3f0b0febfb568f2e863b6861e6daa67f914c7942edf	2017-10-25T00:00:00.000+00:00	2025-08-01T00:00:00Z	released_before_prediction_creation	starting_model_annotation_missing	unresolved_release_and_creation_dates_are_not_training_or_template_cutoffs
5BOU	5BOU_6	AF-P21242-F1	8283ba552d1a3cf6c49a4d151043a7ef16df99a3d9c30a2b73e7692d36d2c844	2015-08-19T00:00:00.000+00:00	2025-08-01T00:00:00Z	released_before_prediction_creation	only_experimental_starting_models_reported_not_independence_proof	unresolved_release_and_creation_dates_are_not_training_or_template_cutoffs
5BXL	5BXL_6	AF-P21242-F1	8283ba552d1a3cf6c49a4d151043a7ef16df99a3d9c30a2b73e7692d36d2c844	2016-06-15T00:00:00.000+00:00	2025-08-01T00:00:00Z	released_before_prediction_creation	only_experimental_starting_models_reported_not_independence_proof	unresolved_release_and_creation_dates_are_not_training_or_template_cutoffs
5BXN	5BXN_6	AF-P21242-F1	8283ba552d1a3cf6c49a4d151043a7ef16df99a3d9c30a2b73e7692d36d2c844	2016-06-15T00:00:00.000+00:00	2025-08-01T00:00:00Z	released_before_prediction_creation	only_experimental_starting_models_reported_not_independence_proof	unresolved_release_and_creation_dates_are_not_training_or_template_cutoffs
5C3E	5C3E_11	AF-P38902-F1	e5ca72de84371c102b60be5d242b8952d384447efd42abc54d2fc7b284a64b0b	2015-08-26T00:00:00.000+00:00	2025-08-01T00:00:00Z	released_before_prediction_creation	only_experimental_starting_models_reported_not_independence_proof	unresolved_release_and_creation_dates_are_not_training_or_template_cutoffs
5C3E	5C3E_6	AF-P20435-F1	b35ac6750b96213d2e2f4608750f185b2daf71c690e6c7ef0382f39de2ec7d1c	2015-08-26T00:00:00.000+00:00	2025-08-01T00:00:00Z	released_before_prediction_creation	only_experimental_starting_models_reported_not_independence_proof	unresolved_release_and_creation_dates_are_not_training_or_template_cutoffs
5C3E	5C3E_8	AF-P20436-F1	ce7cd70250d0b569e39e2cf28c28578cac6ef076795fe9e170de624038c4019d	2015-08-26T00:00:00.000+00:00	2025-08-01T00:00:00Z	released_before_prediction_creation	only_experimental_starting_models_reported_not_independence_proof	unresolved_release_and_creation_dates_are_not_training_or_template_cutoffs
5C44	5C44_11	AF-P38902-F1	e5ca72de84371c102b60be5d242b8952d384447efd42abc54d2fc7b284a64b0b	2015-08-26T00:00:00.000+00:00	2025-08-01T00:00:00Z	released_before_prediction_creation	starting_model_annotation_missing	unresolved_release_and_creation_dates_are_not_training_or_template_cutoffs
5C44	5C44_6	AF-P20435-F1	b35ac6750b96213d2e2f4608750f185b2daf71c690e6c7ef0382f39de2ec7d1c	2015-08-26T00:00:00.000+00:00	2025-08-01T00:00:00Z	released_before_prediction_creation	starting_model_annotation_missing	unresolved_release_and_creation_dates_are_not_training_or_template_cutoffs
5C44	5C44_8	AF-P20436-F1	ce7cd70250d0b569e39e2cf28c28578cac6ef076795fe9e170de624038c4019d	2015-08-26T00:00:00.000+00:00	2025-08-01T00:00:00Z	released_before_prediction_creation	starting_model_annotation_missing	unresolved_release_and_creation_dates_are_not_training_or_template_cutoffs
5C4A	5C4A_11	AF-P38902-F1	e5ca72de84371c102b60be5d242b8952d384447efd42abc54d2fc7b284a64b0b	2015-08-26T00:00:00.000+00:00	2025-08-01T00:00:00Z	released_before_prediction_creation	only_experimental_starting_models_reported_not_independence_proof	unresolved_release_and_creation_dates_are_not_training_or_template_cutoffs
5C4A	5C4A_6	AF-P20435-F1	b35ac6750b96213d2e2f4608750f185b2daf71c690e6c7ef0382f39de2ec7d1c	2015-08-26T00:00:00.000+00:00	2025-08-01T00:00:00Z	released_before_prediction_creation	only_experimental_starting_models_reported_not_independence_proof	unresolved_release_and_creation_dates_are_not_training_or_template_cutoffs
5C4A	5C4A_8	AF-P20436-F1	ce7cd70250d0b569e39e2cf28c28578cac6ef076795fe9e170de624038c4019d	2015-08-26T00:00:00.000+00:00	2025-08-01T00:00:00Z	released_before_prediction_creation	only_experimental_starting_models_reported_not_independence_proof	unresolved_release_and_creation_dates_are_not_training_or_template_cutoffs
5C4J	5C4J_5	AF-P20435-F1	b35ac6750b96213d2e2f4608750f185b2daf71c690e6c7ef0382f39de2ec7d1c	2015-08-26T00:00:00.000+00:00	2025-08-01T00:00:00Z	released_before_prediction_creation	starting_model_annotation_missing	unresolved_release_and_creation_dates_are_not_training_or_template_cutoffs
5C4J	5C4J_6	AF-P20436-F1	ce7cd70250d0b569e39e2cf28c28578cac6ef076795fe9e170de624038c4019d	2015-08-26T00:00:00.000+00:00	2025-08-01T00:00:00Z	released_before_prediction_creation	starting_model_annotation_missing	unresolved_release_and_creation_dates_are_not_training_or_template_cutoffs
5C4J	5C4J_9	AF-P38902-F1	e5ca72de84371c102b60be5d242b8952d384447efd42abc54d2fc7b284a64b0b	2015-08-26T00:00:00.000+00:00	2025-08-01T00:00:00Z	released_before_prediction_creation	starting_model_annotation_missing	unresolved_release_and_creation_dates_are_not_training_or_template_cutoffs
5C4X	5C4X_11	AF-P38902-F1	e5ca72de84371c102b60be5d242b8952d384447efd42abc54d2fc7b284a64b0b	2015-08-26T00:00:00.000+00:00	2025-08-01T00:00:00Z	released_before_prediction_creation	only_experimental_starting_models_reported_not_independence_proof	unresolved_release_and_creation_dates_are_not_training_or_template_cutoffs
5C4X	5C4X_6	AF-P20435-F1	b35ac6750b96213d2e2f4608750f185b2daf71c690e6c7ef0382f39de2ec7d1c	2015-08-26T00:00:00.000+00:00	2025-08-01T00:00:00Z	released_before_prediction_creation	only_experimental_starting_models_reported_not_independence_proof	unresolved_release_and_creation_dates_are_not_training_or_template_cutoffs
5C4X	5C4X_8	AF-P20436-F1	ce7cd70250d0b569e39e2cf28c28578cac6ef076795fe9e170de624038c4019d	2015-08-26T00:00:00.000+00:00	2025-08-01T00:00:00Z	released_before_prediction_creation	only_experimental_starting_models_reported_not_independence_proof	unresolved_release_and_creation_dates_are_not_training_or_template_cutoffs
5CGF	5CGF_6	AF-P21242-F1	8283ba552d1a3cf6c49a4d151043a7ef16df99a3d9c30a2b73e7692d36d2c844	2015-11-25T00:00:00.000+00:00	2025-08-01T00:00:00Z	released_before_prediction_creation	only_experimental_starting_models_reported_not_independence_proof	unresolved_release_and_creation_dates_are_not_training_or_template_cutoffs
5CGG	5CGG_6	AF-P21242-F1	8283ba552d1a3cf6c49a4d151043a7ef16df99a3d9c30a2b73e7692d36d2c844	2015-11-25T00:00:00.000+00:00	2025-08-01T00:00:00Z	released_before_prediction_creation	only_experimental_starting_models_reported_not_independence_proof	unresolved_release_and_creation_dates_are_not_training_or_template_cutoffs
5CGH	5CGH_6	AF-P21242-F1	8283ba552d1a3cf6c49a4d151043a7ef16df99a3d9c30a2b73e7692d36d2c844	2015-12-02T00:00:00.000+00:00	2025-08-01T00:00:00Z	released_before_prediction_creation	only_experimental_starting_models_reported_not_independence_proof	unresolved_release_and_creation_dates_are_not_training_or_template_cutoffs
5CGI	5CGI_6	AF-P21242-F1	8283ba552d1a3cf6c49a4d151043a7ef16df99a3d9c30a2b73e7692d36d2c844	2015-11-25T00:00:00.000+00:00	2025-08-01T00:00:00Z	released_before_prediction_creation	only_experimental_starting_models_reported_not_independence_proof	unresolved_release_and_creation_dates_are_not_training_or_template_cutoffs
5CZ4	5CZ4_6	AF-P21242-F1	8283ba552d1a3cf6c49a4d151043a7ef16df99a3d9c30a2b73e7692d36d2c844	2016-03-23T00:00:00.000+00:00	2025-08-01T00:00:00Z	released_before_prediction_creation	only_experimental_starting_models_reported_not_independence_proof	unresolved_release_and_creation_dates_are_not_training_or_template_cutoffs
5CZ5	5CZ5_6	AF-P21242-F1	8283ba552d1a3cf6c49a4d151043a7ef16df99a3d9c30a2b73e7692d36d2c844	2016-03-23T00:00:00.000+00:00	2025-08-01T00:00:00Z	released_before_prediction_creation	only_experimental_starting_models_reported_not_independence_proof	unresolved_release_and_creation_dates_are_not_training_or_template_cutoffs
5CZ6	5CZ6_6	AF-P21242-F1	8283ba552d1a3cf6c49a4d151043a7ef16df99a3d9c30a2b73e7692d36d2c844	2016-03-23T00:00:00.000+00:00	2025-08-01T00:00:00Z	released_before_prediction_creation	only_experimental_starting_models_reported_not_independence_proof	unresolved_release_and_creation_dates_are_not_training_or_template_cutoffs
5CZ7	5CZ7_6	AF-P21242-F1	8283ba552d1a3cf6c49a4d151043a7ef16df99a3d9c30a2b73e7692d36d2c844	2016-03-23T00:00:00.000+00:00	2025-08-01T00:00:00Z	released_before_prediction_creation	only_experimental_starting_models_reported_not_independence_proof	unresolved_release_and_creation_dates_are_not_training_or_template_cutoffs
5CZ8	5CZ8_6	AF-P21242-F1	8283ba552d1a3cf6c49a4d151043a7ef16df99a3d9c30a2b73e7692d36d2c844	2016-03-23T00:00:00.000+00:00	2025-08-01T00:00:00Z	released_before_prediction_creation	only_experimental_starting_models_reported_not_independence_proof	unresolved_release_and_creation_dates_are_not_training_or_template_cutoffs
5CZ9	5CZ9_6	AF-P21242-F1	8283ba552d1a3cf6c49a4d151043a7ef16df99a3d9c30a2b73e7692d36d2c844	2016-03-23T00:00:00.000+00:00	2025-08-01T00:00:00Z	released_before_prediction_creation	only_experimental_starting_models_reported_not_independence_proof	unresolved_release_and_creation_dates_are_not_training_or_template_cutoffs
5CZA	5CZA_6	AF-P21242-F1	8283ba552d1a3cf6c49a4d151043a7ef16df99a3d9c30a2b73e7692d36d2c844	2016-03-23T00:00:00.000+00:00	2025-08-01T00:00:00Z	released_before_prediction_creation	only_experimental_starting_models_reported_not_independence_proof	unresolved_release_and_creation_dates_are_not_training_or_template_cutoffs
5D0S	5D0S_6	AF-P21242-F1	8283ba552d1a3cf6c49a4d151043a7ef16df99a3d9c30a2b73e7692d36d2c844	2016-03-23T00:00:00.000+00:00	2025-08-01T00:00:00Z	released_before_prediction_creation	only_experimental_starting_models_reported_not_independence_proof	unresolved_release_and_creation_dates_are_not_training_or_template_cutoffs
5D0T	5D0T_6	AF-P21242-F1	8283ba552d1a3cf6c49a4d151043a7ef16df99a3d9c30a2b73e7692d36d2c844	2016-03-23T00:00:00.000+00:00	2025-08-01T00:00:00Z	released_before_prediction_creation	only_experimental_starting_models_reported_not_independence_proof	unresolved_release_and_creation_dates_are_not_training_or_template_cutoffs
5D0V	5D0V_6	AF-P21242-F1	8283ba552d1a3cf6c49a4d151043a7ef16df99a3d9c30a2b73e7692d36d2c844	2016-03-23T00:00:00.000+00:00	2025-08-01T00:00:00Z	released_before_prediction_creation	only_experimental_starting_models_reported_not_independence_proof	unresolved_release_and_creation_dates_are_not_training_or_template_cutoffs
5D0W	5D0W_6	AF-P21242-F1	8283ba552d1a3cf6c49a4d151043a7ef16df99a3d9c30a2b73e7692d36d2c844	2016-03-23T00:00:00.000+00:00	2025-08-01T00:00:00Z	released_before_prediction_creation	only_experimental_starting_models_reported_not_independence_proof	unresolved_release_and_creation_dates_are_not_training_or_template_cutoffs
5D0X	5D0X_6	AF-P21242-F1	8283ba552d1a3cf6c49a4d151043a7ef16df99a3d9c30a2b73e7692d36d2c844	2016-03-23T00:00:00.000+00:00	2025-08-01T00:00:00Z	released_before_prediction_creation	only_experimental_starting_models_reported_not_independence_proof	unresolved_release_and_creation_dates_are_not_training_or_template_cutoffs
5D0Z	5D0Z_6	AF-P21242-F1	8283ba552d1a3cf6c49a4d151043a7ef16df99a3d9c30a2b73e7692d36d2c844	2016-03-23T00:00:00.000+00:00	2025-08-01T00:00:00Z	released_before_prediction_creation	only_experimental_starting_models_reported_not_independence_proof	unresolved_release_and_creation_dates_are_not_training_or_template_cutoffs
5DKI	5DKI_6	AF-P21242-F1	8283ba552d1a3cf6c49a4d151043a7ef16df99a3d9c30a2b73e7692d36d2c844	2015-10-28T00:00:00.000+00:00	2025-08-01T00:00:00Z	released_before_prediction_creation	only_experimental_starting_models_reported_not_independence_proof	unresolved_release_and_creation_dates_are_not_training_or_template_cutoffs
5DKJ	5DKJ_6	AF-P21242-F1	8283ba552d1a3cf6c49a4d151043a7ef16df99a3d9c30a2b73e7692d36d2c844	2015-10-28T00:00:00.000+00:00	2025-08-01T00:00:00Z	released_before_prediction_creation	only_experimental_starting_models_reported_not_independence_proof	unresolved_release_and_creation_dates_are_not_training_or_template_cutoffs
5EQJ	5EQJ_2	AF-P46959-F1	e3bbd87e97b3dc0432d0814633b368f3604cb00d07d43c01354e6d8a64f9ea67	2016-09-14T00:00:00.000+00:00	2025-08-01T00:00:00Z	released_before_prediction_creation	starting_model_annotation_missing	unresolved_release_and_creation_dates_are_not_training_or_template_cutoffs
5ERG	5ERG_2	AF-P46959-F1	e3bbd87e97b3dc0432d0814633b368f3604cb00d07d43c01354e6d8a64f9ea67	2016-09-14T00:00:00.000+00:00	2025-08-01T00:00:00Z	released_before_prediction_creation	starting_model_annotation_missing	unresolved_release_and_creation_dates_are_not_training_or_template_cutoffs
5FG7	5FG7_6	AF-P21242-F1	8283ba552d1a3cf6c49a4d151043a7ef16df99a3d9c30a2b73e7692d36d2c844	2016-03-23T00:00:00.000+00:00	2025-08-01T00:00:00Z	released_before_prediction_creation	only_experimental_starting_models_reported_not_independence_proof	unresolved_release_and_creation_dates_are_not_training_or_template_cutoffs
5FG9	5FG9_6	AF-P21242-F1	8283ba552d1a3cf6c49a4d151043a7ef16df99a3d9c30a2b73e7692d36d2c844	2016-03-23T00:00:00.000+00:00	2025-08-01T00:00:00Z	released_before_prediction_creation	only_experimental_starting_models_reported_not_independence_proof	unresolved_release_and_creation_dates_are_not_training_or_template_cutoffs
5FGA	5FGA_6	AF-P21242-F1	8283ba552d1a3cf6c49a4d151043a7ef16df99a3d9c30a2b73e7692d36d2c844	2016-03-23T00:00:00.000+00:00	2025-08-01T00:00:00Z	released_before_prediction_creation	only_experimental_starting_models_reported_not_independence_proof	unresolved_release_and_creation_dates_are_not_training_or_template_cutoffs
5FGD	5FGD_6	AF-P21242-F1	8283ba552d1a3cf6c49a4d151043a7ef16df99a3d9c30a2b73e7692d36d2c844	2016-03-23T00:00:00.000+00:00	2025-08-01T00:00:00Z	released_before_prediction_creation	only_experimental_starting_models_reported_not_independence_proof	unresolved_release_and_creation_dates_are_not_training_or_template_cutoffs
5FGE	5FGE_6	AF-P21242-F1	8283ba552d1a3cf6c49a4d151043a7ef16df99a3d9c30a2b73e7692d36d2c844	2016-03-23T00:00:00.000+00:00	2025-08-01T00:00:00Z	released_before_prediction_creation	only_experimental_starting_models_reported_not_independence_proof	unresolved_release_and_creation_dates_are_not_training_or_template_cutoffs
5FGF	5FGF_6	AF-P21242-F1	8283ba552d1a3cf6c49a4d151043a7ef16df99a3d9c30a2b73e7692d36d2c844	2016-03-23T00:00:00.000+00:00	2025-08-01T00:00:00Z	released_before_prediction_creation	only_experimental_starting_models_reported_not_independence_proof	unresolved_release_and_creation_dates_are_not_training_or_template_cutoffs
5FGG	5FGG_6	AF-P21242-F1	8283ba552d1a3cf6c49a4d151043a7ef16df99a3d9c30a2b73e7692d36d2c844	2016-03-23T00:00:00.000+00:00	2025-08-01T00:00:00Z	released_before_prediction_creation	only_experimental_starting_models_reported_not_independence_proof	unresolved_release_and_creation_dates_are_not_training_or_template_cutoffs
5FGH	5FGH_6	AF-P21242-F1	8283ba552d1a3cf6c49a4d151043a7ef16df99a3d9c30a2b73e7692d36d2c844	2016-03-23T00:00:00.000+00:00	2025-08-01T00:00:00Z	released_before_prediction_creation	only_experimental_starting_models_reported_not_independence_proof	unresolved_release_and_creation_dates_are_not_training_or_template_cutoffs
5FGI	5FGI_6	AF-P21242-F1	8283ba552d1a3cf6c49a4d151043a7ef16df99a3d9c30a2b73e7692d36d2c844	2016-03-23T00:00:00.000+00:00	2025-08-01T00:00:00Z	released_before_prediction_creation	only_experimental_starting_models_reported_not_independence_proof	unresolved_release_and_creation_dates_are_not_training_or_template_cutoffs
5FHS	5FHS_6	AF-P21242-F1	8283ba552d1a3cf6c49a4d151043a7ef16df99a3d9c30a2b73e7692d36d2c844	2016-03-23T00:00:00.000+00:00	2025-08-01T00:00:00Z	released_before_prediction_creation	only_experimental_starting_models_reported_not_independence_proof	unresolved_release_and_creation_dates_are_not_training_or_template_cutoffs
5FJ8	5FJ8_6	AF-P20435-F1	b35ac6750b96213d2e2f4608750f185b2daf71c690e6c7ef0382f39de2ec7d1c	2015-11-25T00:00:00.000+00:00	2025-08-01T00:00:00Z	released_before_prediction_creation	starting_model_annotation_missing	unresolved_release_and_creation_dates_are_not_training_or_template_cutoffs
5FJ8	5FJ8_7	AF-P35718-F1	c6aefbc99f7f43afb83ce630b7d6a0e3a45e1678cbca2b0dab88f0c807f377be	2015-11-25T00:00:00.000+00:00	2025-08-01T00:00:00Z	released_before_prediction_creation	starting_model_annotation_missing	unresolved_release_and_creation_dates_are_not_training_or_template_cutoffs
5FJ8	5FJ8_8	AF-P20436-F1	ce7cd70250d0b569e39e2cf28c28578cac6ef076795fe9e170de624038c4019d	2015-11-25T00:00:00.000+00:00	2025-08-01T00:00:00Z	released_before_prediction_creation	starting_model_annotation_missing	unresolved_release_and_creation_dates_are_not_training_or_template_cutoffs
5FJ9	5FJ9_6	AF-P20435-F1	b35ac6750b96213d2e2f4608750f185b2daf71c690e6c7ef0382f39de2ec7d1c	2015-11-25T00:00:00.000+00:00	2025-08-01T00:00:00Z	released_before_prediction_creation	starting_model_annotation_missing	unresolved_release_and_creation_dates_are_not_training_or_template_cutoffs
5FJ9	5FJ9_7	AF-P35718-F1	c6aefbc99f7f43afb83ce630b7d6a0e3a45e1678cbca2b0dab88f0c807f377be	2015-11-25T00:00:00.000+00:00	2025-08-01T00:00:00Z	released_before_prediction_creation	starting_model_annotation_missing	unresolved_release_and_creation_dates_are_not_training_or_template_cutoffs
5FJ9	5FJ9_8	AF-P20436-F1	ce7cd70250d0b569e39e2cf28c28578cac6ef076795fe9e170de624038c4019d	2015-11-25T00:00:00.000+00:00	2025-08-01T00:00:00Z	released_before_prediction_creation	starting_model_annotation_missing	unresolved_release_and_creation_dates_are_not_training_or_template_cutoffs
5FJA	5FJA_6	AF-P20435-F1	b35ac6750b96213d2e2f4608750f185b2daf71c690e6c7ef0382f39de2ec7d1c	2015-11-25T00:00:00.000+00:00	2025-08-01T00:00:00Z	released_before_prediction_creation	starting_model_annotation_missing	unresolved_release_and_creation_dates_are_not_training_or_template_cutoffs
5FJA	5FJA_7	AF-P35718-F1	c6aefbc99f7f43afb83ce630b7d6a0e3a45e1678cbca2b0dab88f0c807f377be	2015-11-25T00:00:00.000+00:00	2025-08-01T00:00:00Z	released_before_prediction_creation	starting_model_annotation_missing	unresolved_release_and_creation_dates_are_not_training_or_template_cutoffs
5FJA	5FJA_8	AF-P20436-F1	ce7cd70250d0b569e39e2cf28c28578cac6ef076795fe9e170de624038c4019d	2015-11-25T00:00:00.000+00:00	2025-08-01T00:00:00Z	released_before_prediction_creation	starting_model_annotation_missing	unresolved_release_and_creation_dates_are_not_training_or_template_cutoffs
5FLZ	5FLZ_1	AF-P38863-F1	1c163f85ae86dcca2b942339fb9b5aae7f2fdbc3682ba022ba3571dcc1166dd5	2016-01-13T00:00:00.000+00:00	2025-08-01T00:00:00Z	released_before_prediction_creation	starting_model_annotation_missing	unresolved_release_and_creation_dates_are_not_training_or_template_cutoffs
5FLZ	5FLZ_2	AF-P53540-F1	018d9a0f9f044eb2e31ac355004ba9c03445119103a939258066dab1584e6f63	2016-01-13T00:00:00.000+00:00	2025-08-01T00:00:00Z	released_before_prediction_creation	starting_model_annotation_missing	unresolved_release_and_creation_dates_are_not_training_or_template_cutoffs
5FM1	5FM1_1	AF-P38863-F1	1c163f85ae86dcca2b942339fb9b5aae7f2fdbc3682ba022ba3571dcc1166dd5	2016-02-03T00:00:00.000+00:00	2025-08-01T00:00:00Z	released_before_prediction_creation	starting_model_annotation_missing	unresolved_release_and_creation_dates_are_not_training_or_template_cutoffs
5FM1	5FM1_2	AF-P53540-F1	018d9a0f9f044eb2e31ac355004ba9c03445119103a939258066dab1584e6f63	2016-02-03T00:00:00.000+00:00	2025-08-01T00:00:00Z	released_before_prediction_creation	starting_model_annotation_missing	unresolved_release_and_creation_dates_are_not_training_or_template_cutoffs
5FMF	5FMF_10	AF-P20436-F1	ce7cd70250d0b569e39e2cf28c28578cac6ef076795fe9e170de624038c4019d	2015-11-25T00:00:00.000+00:00	2025-08-01T00:00:00Z	released_before_prediction_creation	starting_model_annotation_missing	unresolved_release_and_creation_dates_are_not_training_or_template_cutoffs
5FMF	5FMF_9	AF-P34087-F1	83d3a4bb2b77f2d447e2e34483b92f4a0abd024d20c78f29b9187d33c13f070a	2015-11-25T00:00:00.000+00:00	2025-08-01T00:00:00Z	released_before_prediction_creation	starting_model_annotation_missing	unresolved_release_and_creation_dates_are_not_training_or_template_cutoffs
5FYW	5FYW_11	AF-P38902-F1	e5ca72de84371c102b60be5d242b8952d384447efd42abc54d2fc7b284a64b0b	2016-05-18T00:00:00.000+00:00	2025-08-01T00:00:00Z	released_before_prediction_creation	starting_model_annotation_missing	unresolved_release_and_creation_dates_are_not_training_or_template_cutoffs
5FYW	5FYW_6	AF-P20435-F1	b35ac6750b96213d2e2f4608750f185b2daf71c690e6c7ef0382f39de2ec7d1c	2016-05-18T00:00:00.000+00:00	2025-08-01T00:00:00Z	released_before_prediction_creation	starting_model_annotation_missing	unresolved_release_and_creation_dates_are_not_training_or_template_cutoffs
5FYW	5FYW_7	AF-P34087-F1	83d3a4bb2b77f2d447e2e34483b92f4a0abd024d20c78f29b9187d33c13f070a	2016-05-18T00:00:00.000+00:00	2025-08-01T00:00:00Z	released_before_prediction_creation	starting_model_annotation_missing	unresolved_release_and_creation_dates_are_not_training_or_template_cutoffs
5FYW	5FYW_8	AF-P20436-F1	ce7cd70250d0b569e39e2cf28c28578cac6ef076795fe9e170de624038c4019d	2016-05-18T00:00:00.000+00:00	2025-08-01T00:00:00Z	released_before_prediction_creation	starting_model_annotation_missing	unresolved_release_and_creation_dates_are_not_training_or_template_cutoffs
5FZ5	5FZ5_11	AF-P38902-F1	e5ca72de84371c102b60be5d242b8952d384447efd42abc54d2fc7b284a64b0b	2016-05-18T00:00:00.000+00:00	2025-08-01T00:00:00Z	released_before_prediction_creation	starting_model_annotation_missing	unresolved_release_and_creation_dates_are_not_training_or_template_cutoffs
5FZ5	5FZ5_6	AF-P20435-F1	b35ac6750b96213d2e2f4608750f185b2daf71c690e6c7ef0382f39de2ec7d1c	2016-05-18T00:00:00.000+00:00	2025-08-01T00:00:00Z	released_before_prediction_creation	starting_model_annotation_missing	unresolved_release_and_creation_dates_are_not_training_or_template_cutoffs
5FZ5	5FZ5_7	AF-P34087-F1	83d3a4bb2b77f2d447e2e34483b92f4a0abd024d20c78f29b9187d33c13f070a	2016-05-18T00:00:00.000+00:00	2025-08-01T00:00:00Z	released_before_prediction_creation	starting_model_annotation_missing	unresolved_release_and_creation_dates_are_not_training_or_template_cutoffs
5FZ5	5FZ5_8	AF-P20436-F1	ce7cd70250d0b569e39e2cf28c28578cac6ef076795fe9e170de624038c4019d	2016-05-18T00:00:00.000+00:00	2025-08-01T00:00:00Z	released_before_prediction_creation	starting_model_annotation_missing	unresolved_release_and_creation_dates_are_not_training_or_template_cutoffs
5G06	5G06_8	AF-P38792-F1	ccce9788f3915b66b10c95984805423f74edfc35c20dbe56dbd8840477ad22bc	2016-06-15T00:00:00.000+00:00	2025-08-01T00:00:00Z	released_before_prediction_creation	starting_model_annotation_missing	unresolved_release_and_creation_dates_are_not_training_or_template_cutoffs
5G5L	5G5L_6	AF-P20435-F1	b35ac6750b96213d2e2f4608750f185b2daf71c690e6c7ef0382f39de2ec7d1c	2016-07-27T00:00:00.000+00:00	2025-08-01T00:00:00Z	released_before_prediction_creation	only_experimental_starting_models_reported_not_independence_proof	unresolved_release_and_creation_dates_are_not_training_or_template_cutoffs
5G5L	5G5L_8	AF-P20436-F1	ce7cd70250d0b569e39e2cf28c28578cac6ef076795fe9e170de624038c4019d	2016-07-27T00:00:00.000+00:00	2025-08-01T00:00:00Z	released_before_prediction_creation	only_experimental_starting_models_reported_not_independence_proof	unresolved_release_and_creation_dates_are_not_training_or_template_cutoffs
5GAN	5GAN_3	AF-P33334-F1	afce8faeb9f9a4ada2c845c4e3d79c90ad537b4a8e3a59aafc384343f8167a29	2016-01-27T00:00:00.000+00:00	2025-08-01T00:00:00Z	released_before_prediction_creation	starting_model_annotation_missing	unresolved_release_and_creation_dates_are_not_training_or_template_cutoffs
5GAN	5GAN_4	AF-P20053-F1	cf91b4c59edaf90cca66b436e170d980254b8459f21b45789691b88e2ac340a6	2016-01-27T00:00:00.000+00:00	2025-08-01T00:00:00Z	released_before_prediction_creation	starting_model_annotation_missing	unresolved_release_and_creation_dates_are_not_training_or_template_cutoffs
5GAN	5GAN_5	AF-P19735-F1	bd8cb57c30a1cbcff373e7e2b8d9c5d1cfee5d5e28aa0b131ce53392844f35a9	2016-01-27T00:00:00.000+00:00	2025-08-01T00:00:00Z	released_before_prediction_creation	starting_model_annotation_missing	unresolved_release_and_creation_dates_are_not_training_or_template_cutoffs
5GAP	5GAP_5	AF-P33334-F1	afce8faeb9f9a4ada2c845c4e3d79c90ad537b4a8e3a59aafc384343f8167a29	2016-01-27T00:00:00.000+00:00	2025-08-01T00:00:00Z	released_before_prediction_creation	starting_model_annotation_missing	unresolved_release_and_creation_dates_are_not_training_or_template_cutoffs
5GAP	5GAP_6	AF-P20053-F1	cf91b4c59edaf90cca66b436e170d980254b8459f21b45789691b88e2ac340a6	2016-01-27T00:00:00.000+00:00	2025-08-01T00:00:00Z	released_before_prediction_creation	starting_model_annotation_missing	unresolved_release_and_creation_dates_are_not_training_or_template_cutoffs
5GAP	5GAP_7	AF-P19735-F1	bd8cb57c30a1cbcff373e7e2b8d9c5d1cfee5d5e28aa0b131ce53392844f35a9	2016-01-27T00:00:00.000+00:00	2025-08-01T00:00:00Z	released_before_prediction_creation	starting_model_annotation_missing	unresolved_release_and_creation_dates_are_not_training_or_template_cutoffs
5GM6	5GM6_19	AF-P25337-F1	85dcd5871dfdeb57dcae53d0446978c992ec78de47a5bc1c3e5476b17ce02de9	2016-09-21T00:00:00.000+00:00	2025-08-01T00:00:00Z	released_before_prediction_creation	starting_model_annotation_missing	unresolved_release_and_creation_dates_are_not_training_or_template_cutoffs
5GM6	5GM6_25	AF-P53769-F1	42c3cc58d342d47777b255d2541e64d720a5f198cecfe020e709d5ff214e0c02	2016-09-21T00:00:00.000+00:00	2025-08-01T00:00:00Z	released_before_prediction_creation	starting_model_annotation_missing	unresolved_release_and_creation_dates_are_not_training_or_template_cutoffs
5GM6	5GM6_6	AF-Q04693-F1	1dc42923dbe67f5546e169f9ae859e3ae36837b2a80a83e3d20d416e2b26955d	2016-09-21T00:00:00.000+00:00	2025-08-01T00:00:00Z	released_before_prediction_creation	starting_model_annotation_missing	unresolved_release_and_creation_dates_are_not_training_or_template_cutoffs
5GM6	5GM6_7	AF-Q02554-F1	2ea25057732aa1f9986fae8911bbe8b83192454d0e37e6ef698ab312e4d4a6e2	2016-09-21T00:00:00.000+00:00	2025-08-01T00:00:00Z	released_before_prediction_creation	starting_model_annotation_missing	unresolved_release_and_creation_dates_are_not_training_or_template_cutoffs
5GMK	5GMK_1	AF-P33334-F1	afce8faeb9f9a4ada2c845c4e3d79c90ad537b4a8e3a59aafc384343f8167a29	2016-08-17T00:00:00.000+00:00	2025-08-01T00:00:00Z	released_before_prediction_creation	starting_model_annotation_missing	unresolved_release_and_creation_dates_are_not_training_or_template_cutoffs
5GMK	5GMK_15	AF-P25337-F1	85dcd5871dfdeb57dcae53d0446978c992ec78de47a5bc1c3e5476b17ce02de9	2016-08-17T00:00:00.000+00:00	2025-08-01T00:00:00Z	released_before_prediction_creation	starting_model_annotation_missing	unresolved_release_and_creation_dates_are_not_training_or_template_cutoffs
5GMK	5GMK_21	AF-P21374-F1	79e70f93481438ecc0fe7221fe714ee55f7860bd2a27b6e4cba51e50ab0d7be8	2016-08-17T00:00:00.000+00:00	2025-08-01T00:00:00Z	released_before_prediction_creation	starting_model_annotation_missing	unresolved_release_and_creation_dates_are_not_training_or_template_cutoffs
5IP7	5IP7_7	AF-P34087-F1	83d3a4bb2b77f2d447e2e34483b92f4a0abd024d20c78f29b9187d33c13f070a	2016-05-11T00:00:00.000+00:00	2025-08-01T00:00:00Z	released_before_prediction_creation	only_experimental_starting_models_reported_not_independence_proof	unresolved_release_and_creation_dates_are_not_training_or_template_cutoffs
5IP9	5IP9_7	AF-P34087-F1	83d3a4bb2b77f2d447e2e34483b92f4a0abd024d20c78f29b9187d33c13f070a	2016-05-11T00:00:00.000+00:00	2025-08-01T00:00:00Z	released_before_prediction_creation	only_experimental_starting_models_reported_not_independence_proof	unresolved_release_and_creation_dates_are_not_training_or_template_cutoffs
5JCS	5JCS_22	AF-Q12522-F1	a9c859214bc288900788ea22094f6779f5e80a857b1a76ad3d655a47854cced8	2016-11-16T00:00:00.000+00:00	2025-08-01T00:00:00Z	released_before_prediction_creation	starting_model_annotation_missing	unresolved_release_and_creation_dates_are_not_training_or_template_cutoffs
5JCS	5JCS_24	AF-P33201-F1	1339886dfb0473fd4dc59344281a8288b3ac1979e074403818c8117482fe794b	2016-11-16T00:00:00.000+00:00	2025-08-01T00:00:00Z	released_before_prediction_creation	starting_model_annotation_missing	unresolved_release_and_creation_dates_are_not_training_or_template_cutoffs
5JCS	5JCS_26	AF-Q02892-F1	9b034068144dc1c8f367dcc1d0940877c694565a6c15b2ee590634a8d512edac	2016-11-16T00:00:00.000+00:00	2025-08-01T00:00:00Z	released_before_prediction_creation	starting_model_annotation_missing	unresolved_release_and_creation_dates_are_not_training_or_template_cutoffs
5JCS	5JCS_36	AF-Q07915-F1	1d54d8fc6fd3850a44b980391ada8291d7463d18caf3143cb61d4a3be8997bc2	2016-11-16T00:00:00.000+00:00	2025-08-01T00:00:00Z	released_before_prediction_creation	starting_model_annotation_missing	unresolved_release_and_creation_dates_are_not_training_or_template_cutoffs
5JHR	5JHR_6	AF-P21242-F1	8283ba552d1a3cf6c49a4d151043a7ef16df99a3d9c30a2b73e7692d36d2c844	2016-08-03T00:00:00.000+00:00	2025-08-01T00:00:00Z	released_before_prediction_creation	only_experimental_starting_models_reported_not_independence_proof	unresolved_release_and_creation_dates_are_not_training_or_template_cutoffs
5JHS	5JHS_6	AF-P21242-F1	8283ba552d1a3cf6c49a4d151043a7ef16df99a3d9c30a2b73e7692d36d2c844	2016-08-03T00:00:00.000+00:00	2025-08-01T00:00:00Z	released_before_prediction_creation	only_experimental_starting_models_reported_not_independence_proof	unresolved_release_and_creation_dates_are_not_training_or_template_cutoffs
5JPQ	5JPQ_12	AF-Q08096-F1	9e04036772422792dba04f1ee5510efa70bab5493b0a62a87dd0300b26fc7f86	2016-07-27T00:00:00.000+00:00	2025-08-01T00:00:00Z	released_before_prediction_creation	starting_model_annotation_missing	unresolved_release_and_creation_dates_are_not_training_or_template_cutoffs
5L52	5L52_6	AF-P21242-F1	8283ba552d1a3cf6c49a4d151043a7ef16df99a3d9c30a2b73e7692d36d2c844	2016-11-09T00:00:00.000+00:00	2025-08-01T00:00:00Z	released_before_prediction_creation	only_experimental_starting_models_reported_not_independence_proof	unresolved_release_and_creation_dates_are_not_training_or_template_cutoffs
5L54	5L54_6	AF-P21242-F1	8283ba552d1a3cf6c49a4d151043a7ef16df99a3d9c30a2b73e7692d36d2c844	2016-11-09T00:00:00.000+00:00	2025-08-01T00:00:00Z	released_before_prediction_creation	only_experimental_starting_models_reported_not_independence_proof	unresolved_release_and_creation_dates_are_not_training_or_template_cutoffs
5L55	5L55_6	AF-P21242-F1	8283ba552d1a3cf6c49a4d151043a7ef16df99a3d9c30a2b73e7692d36d2c844	2016-11-09T00:00:00.000+00:00	2025-08-01T00:00:00Z	released_before_prediction_creation	only_experimental_starting_models_reported_not_independence_proof	unresolved_release_and_creation_dates_are_not_training_or_template_cutoffs
5L5A	5L5A_6	AF-P21242-F1	8283ba552d1a3cf6c49a4d151043a7ef16df99a3d9c30a2b73e7692d36d2c844	2016-11-09T00:00:00.000+00:00	2025-08-01T00:00:00Z	released_before_prediction_creation	only_experimental_starting_models_reported_not_independence_proof	unresolved_release_and_creation_dates_are_not_training_or_template_cutoffs
5L5B	5L5B_6	AF-P21242-F1	8283ba552d1a3cf6c49a4d151043a7ef16df99a3d9c30a2b73e7692d36d2c844	2016-11-09T00:00:00.000+00:00	2025-08-01T00:00:00Z	released_before_prediction_creation	only_experimental_starting_models_reported_not_independence_proof	unresolved_release_and_creation_dates_are_not_training_or_template_cutoffs
5L5D	5L5D_6	AF-P21242-F1	8283ba552d1a3cf6c49a4d151043a7ef16df99a3d9c30a2b73e7692d36d2c844	2016-11-09T00:00:00.000+00:00	2025-08-01T00:00:00Z	released_before_prediction_creation	only_experimental_starting_models_reported_not_independence_proof	unresolved_release_and_creation_dates_are_not_training_or_template_cutoffs
5L5E	5L5E_6	AF-P21242-F1	8283ba552d1a3cf6c49a4d151043a7ef16df99a3d9c30a2b73e7692d36d2c844	2016-11-09T00:00:00.000+00:00	2025-08-01T00:00:00Z	released_before_prediction_creation	only_experimental_starting_models_reported_not_independence_proof	unresolved_release_and_creation_dates_are_not_training_or_template_cutoffs
5L5F	5L5F_6	AF-P21242-F1	8283ba552d1a3cf6c49a4d151043a7ef16df99a3d9c30a2b73e7692d36d2c844	2016-11-09T00:00:00.000+00:00	2025-08-01T00:00:00Z	released_before_prediction_creation	only_experimental_starting_models_reported_not_independence_proof	unresolved_release_and_creation_dates_are_not_training_or_template_cutoffs
5L5H	5L5H_6	AF-P21242-F1	8283ba552d1a3cf6c49a4d151043a7ef16df99a3d9c30a2b73e7692d36d2c844	2016-11-09T00:00:00.000+00:00	2025-08-01T00:00:00Z	released_before_prediction_creation	only_experimental_starting_models_reported_not_independence_proof	unresolved_release_and_creation_dates_are_not_training_or_template_cutoffs
5L5I	5L5I_6	AF-P21242-F1	8283ba552d1a3cf6c49a4d151043a7ef16df99a3d9c30a2b73e7692d36d2c844	2016-11-09T00:00:00.000+00:00	2025-08-01T00:00:00Z	released_before_prediction_creation	only_experimental_starting_models_reported_not_independence_proof	unresolved_release_and_creation_dates_are_not_training_or_template_cutoffs
5L5J	5L5J_6	AF-P21242-F1	8283ba552d1a3cf6c49a4d151043a7ef16df99a3d9c30a2b73e7692d36d2c844	2016-11-09T00:00:00.000+00:00	2025-08-01T00:00:00Z	released_before_prediction_creation	only_experimental_starting_models_reported_not_independence_proof	unresolved_release_and_creation_dates_are_not_training_or_template_cutoffs
5L5O	5L5O_6	AF-P21242-F1	8283ba552d1a3cf6c49a4d151043a7ef16df99a3d9c30a2b73e7692d36d2c844	2016-11-09T00:00:00.000+00:00	2025-08-01T00:00:00Z	released_before_prediction_creation	only_experimental_starting_models_reported_not_independence_proof	unresolved_release_and_creation_dates_are_not_training_or_template_cutoffs
5L5P	5L5P_6	AF-P21242-F1	8283ba552d1a3cf6c49a4d151043a7ef16df99a3d9c30a2b73e7692d36d2c844	2016-11-09T00:00:00.000+00:00	2025-08-01T00:00:00Z	released_before_prediction_creation	only_experimental_starting_models_reported_not_independence_proof	unresolved_release_and_creation_dates_are_not_training_or_template_cutoffs
5L5Q	5L5Q_6	AF-P21242-F1	8283ba552d1a3cf6c49a4d151043a7ef16df99a3d9c30a2b73e7692d36d2c844	2016-11-09T00:00:00.000+00:00	2025-08-01T00:00:00Z	released_before_prediction_creation	only_experimental_starting_models_reported_not_independence_proof	unresolved_release_and_creation_dates_are_not_training_or_template_cutoffs
5L5R	5L5R_6	AF-P21242-F1	8283ba552d1a3cf6c49a4d151043a7ef16df99a3d9c30a2b73e7692d36d2c844	2016-11-09T00:00:00.000+00:00	2025-08-01T00:00:00Z	released_before_prediction_creation	only_experimental_starting_models_reported_not_independence_proof	unresolved_release_and_creation_dates_are_not_training_or_template_cutoffs
5L5S	5L5S_6	AF-P21242-F1	8283ba552d1a3cf6c49a4d151043a7ef16df99a3d9c30a2b73e7692d36d2c844	2016-11-09T00:00:00.000+00:00	2025-08-01T00:00:00Z	released_before_prediction_creation	only_experimental_starting_models_reported_not_independence_proof	unresolved_release_and_creation_dates_are_not_training_or_template_cutoffs
5L5T	5L5T_6	AF-P21242-F1	8283ba552d1a3cf6c49a4d151043a7ef16df99a3d9c30a2b73e7692d36d2c844	2016-11-09T00:00:00.000+00:00	2025-08-01T00:00:00Z	released_before_prediction_creation	only_experimental_starting_models_reported_not_independence_proof	unresolved_release_and_creation_dates_are_not_training_or_template_cutoffs
5L5U	5L5U_6	AF-P21242-F1	8283ba552d1a3cf6c49a4d151043a7ef16df99a3d9c30a2b73e7692d36d2c844	2016-11-09T00:00:00.000+00:00	2025-08-01T00:00:00Z	released_before_prediction_creation	only_experimental_starting_models_reported_not_independence_proof	unresolved_release_and_creation_dates_are_not_training_or_template_cutoffs
5L5V	5L5V_6	AF-P21242-F1	8283ba552d1a3cf6c49a4d151043a7ef16df99a3d9c30a2b73e7692d36d2c844	2016-11-09T00:00:00.000+00:00	2025-08-01T00:00:00Z	released_before_prediction_creation	only_experimental_starting_models_reported_not_independence_proof	unresolved_release_and_creation_dates_are_not_training_or_template_cutoffs
5L5W	5L5W_6	AF-P21242-F1	8283ba552d1a3cf6c49a4d151043a7ef16df99a3d9c30a2b73e7692d36d2c844	2016-11-09T00:00:00.000+00:00	2025-08-01T00:00:00Z	released_before_prediction_creation	only_experimental_starting_models_reported_not_independence_proof	unresolved_release_and_creation_dates_are_not_training_or_template_cutoffs
5L5X	5L5X_6	AF-P21242-F1	8283ba552d1a3cf6c49a4d151043a7ef16df99a3d9c30a2b73e7692d36d2c844	2016-11-09T00:00:00.000+00:00	2025-08-01T00:00:00Z	released_before_prediction_creation	only_experimental_starting_models_reported_not_independence_proof	unresolved_release_and_creation_dates_are_not_training_or_template_cutoffs
5L5Y	5L5Y_6	AF-P21242-F1	8283ba552d1a3cf6c49a4d151043a7ef16df99a3d9c30a2b73e7692d36d2c844	2016-11-09T00:00:00.000+00:00	2025-08-01T00:00:00Z	released_before_prediction_creation	only_experimental_starting_models_reported_not_independence_proof	unresolved_release_and_creation_dates_are_not_training_or_template_cutoffs
5L5Z	5L5Z_6	AF-P21242-F1	8283ba552d1a3cf6c49a4d151043a7ef16df99a3d9c30a2b73e7692d36d2c844	2016-11-09T00:00:00.000+00:00	2025-08-01T00:00:00Z	released_before_prediction_creation	only_experimental_starting_models_reported_not_independence_proof	unresolved_release_and_creation_dates_are_not_training_or_template_cutoffs
5L60	5L60_6	AF-P21242-F1	8283ba552d1a3cf6c49a4d151043a7ef16df99a3d9c30a2b73e7692d36d2c844	2016-11-09T00:00:00.000+00:00	2025-08-01T00:00:00Z	released_before_prediction_creation	only_experimental_starting_models_reported_not_independence_proof	unresolved_release_and_creation_dates_are_not_training_or_template_cutoffs
5L61	5L61_6	AF-P21242-F1	8283ba552d1a3cf6c49a4d151043a7ef16df99a3d9c30a2b73e7692d36d2c844	2016-11-09T00:00:00.000+00:00	2025-08-01T00:00:00Z	released_before_prediction_creation	only_experimental_starting_models_reported_not_independence_proof	unresolved_release_and_creation_dates_are_not_training_or_template_cutoffs
5L62	5L62_6	AF-P21242-F1	8283ba552d1a3cf6c49a4d151043a7ef16df99a3d9c30a2b73e7692d36d2c844	2016-11-09T00:00:00.000+00:00	2025-08-01T00:00:00Z	released_before_prediction_creation	only_experimental_starting_models_reported_not_independence_proof	unresolved_release_and_creation_dates_are_not_training_or_template_cutoffs
5L63	5L63_6	AF-P21242-F1	8283ba552d1a3cf6c49a4d151043a7ef16df99a3d9c30a2b73e7692d36d2c844	2016-11-09T00:00:00.000+00:00	2025-08-01T00:00:00Z	released_before_prediction_creation	only_experimental_starting_models_reported_not_independence_proof	unresolved_release_and_creation_dates_are_not_training_or_template_cutoffs
5L64	5L64_6	AF-P21242-F1	8283ba552d1a3cf6c49a4d151043a7ef16df99a3d9c30a2b73e7692d36d2c844	2016-11-09T00:00:00.000+00:00	2025-08-01T00:00:00Z	released_before_prediction_creation	only_experimental_starting_models_reported_not_independence_proof	unresolved_release_and_creation_dates_are_not_training_or_template_cutoffs
5L65	5L65_6	AF-P21242-F1	8283ba552d1a3cf6c49a4d151043a7ef16df99a3d9c30a2b73e7692d36d2c844	2016-11-09T00:00:00.000+00:00	2025-08-01T00:00:00Z	released_before_prediction_creation	only_experimental_starting_models_reported_not_independence_proof	unresolved_release_and_creation_dates_are_not_training_or_template_cutoffs
5L66	5L66_6	AF-P21242-F1	8283ba552d1a3cf6c49a4d151043a7ef16df99a3d9c30a2b73e7692d36d2c844	2016-11-09T00:00:00.000+00:00	2025-08-01T00:00:00Z	released_before_prediction_creation	only_experimental_starting_models_reported_not_independence_proof	unresolved_release_and_creation_dates_are_not_training_or_template_cutoffs
5L67	5L67_6	AF-P21242-F1	8283ba552d1a3cf6c49a4d151043a7ef16df99a3d9c30a2b73e7692d36d2c844	2016-11-09T00:00:00.000+00:00	2025-08-01T00:00:00Z	released_before_prediction_creation	only_experimental_starting_models_reported_not_independence_proof	unresolved_release_and_creation_dates_are_not_training_or_template_cutoffs
5L68	5L68_6	AF-P21242-F1	8283ba552d1a3cf6c49a4d151043a7ef16df99a3d9c30a2b73e7692d36d2c844	2016-11-09T00:00:00.000+00:00	2025-08-01T00:00:00Z	released_before_prediction_creation	only_experimental_starting_models_reported_not_independence_proof	unresolved_release_and_creation_dates_are_not_training_or_template_cutoffs
5L69	5L69_6	AF-P21242-F1	8283ba552d1a3cf6c49a4d151043a7ef16df99a3d9c30a2b73e7692d36d2c844	2016-11-09T00:00:00.000+00:00	2025-08-01T00:00:00Z	released_before_prediction_creation	only_experimental_starting_models_reported_not_independence_proof	unresolved_release_and_creation_dates_are_not_training_or_template_cutoffs
5L6A	5L6A_6	AF-P21242-F1	8283ba552d1a3cf6c49a4d151043a7ef16df99a3d9c30a2b73e7692d36d2c844	2016-11-09T00:00:00.000+00:00	2025-08-01T00:00:00Z	released_before_prediction_creation	only_experimental_starting_models_reported_not_independence_proof	unresolved_release_and_creation_dates_are_not_training_or_template_cutoffs
5L6B	5L6B_6	AF-P21242-F1	8283ba552d1a3cf6c49a4d151043a7ef16df99a3d9c30a2b73e7692d36d2c844	2016-11-09T00:00:00.000+00:00	2025-08-01T00:00:00Z	released_before_prediction_creation	only_experimental_starting_models_reported_not_independence_proof	unresolved_release_and_creation_dates_are_not_training_or_template_cutoffs
5L6C	5L6C_6	AF-P21242-F1	8283ba552d1a3cf6c49a4d151043a7ef16df99a3d9c30a2b73e7692d36d2c844	2016-11-09T00:00:00.000+00:00	2025-08-01T00:00:00Z	released_before_prediction_creation	only_experimental_starting_models_reported_not_independence_proof	unresolved_release_and_creation_dates_are_not_training_or_template_cutoffs
5LAI	5LAI_6	AF-P21242-F1	8283ba552d1a3cf6c49a4d151043a7ef16df99a3d9c30a2b73e7692d36d2c844	2017-04-26T00:00:00.000+00:00	2025-08-01T00:00:00Z	released_before_prediction_creation	only_experimental_starting_models_reported_not_independence_proof	unresolved_release_and_creation_dates_are_not_training_or_template_cutoffs
5LAJ	5LAJ_6	AF-P21242-F1	8283ba552d1a3cf6c49a4d151043a7ef16df99a3d9c30a2b73e7692d36d2c844	2017-04-26T00:00:00.000+00:00	2025-08-01T00:00:00Z	released_before_prediction_creation	only_experimental_starting_models_reported_not_independence_proof	unresolved_release_and_creation_dates_are_not_training_or_template_cutoffs
5LJ3	5LJ3_14	AF-P25337-F1	85dcd5871dfdeb57dcae53d0446978c992ec78de47a5bc1c3e5476b17ce02de9	2016-08-03T00:00:00.000+00:00	2025-08-01T00:00:00Z	released_before_prediction_creation	starting_model_annotation_missing	unresolved_release_and_creation_dates_are_not_training_or_template_cutoffs
5LJ3	5LJ3_6	AF-P33334-F1	afce8faeb9f9a4ada2c845c4e3d79c90ad537b4a8e3a59aafc384343f8167a29	2016-08-03T00:00:00.000+00:00	2025-08-01T00:00:00Z	released_before_prediction_creation	starting_model_annotation_missing	unresolved_release_and_creation_dates_are_not_training_or_template_cutoffs
5LJ5	5LJ5_11	AF-P21374-F1	79e70f93481438ecc0fe7221fe714ee55f7860bd2a27b6e4cba51e50ab0d7be8	2016-08-31T00:00:00.000+00:00	2025-08-01T00:00:00Z	released_before_prediction_creation	starting_model_annotation_missing	unresolved_release_and_creation_dates_are_not_training_or_template_cutoffs
5LJ5	5LJ5_15	AF-P25337-F1	85dcd5871dfdeb57dcae53d0446978c992ec78de47a5bc1c3e5476b17ce02de9	2016-08-31T00:00:00.000+00:00	2025-08-01T00:00:00Z	released_before_prediction_creation	starting_model_annotation_missing	unresolved_release_and_creation_dates_are_not_training_or_template_cutoffs
5LJ5	5LJ5_22	AF-Q04048-F1	87e11eed16e5eef1a5be3c5be754e77a0f2e76ff41d41913f2e98a6b111b0f5d	2016-08-31T00:00:00.000+00:00	2025-08-01T00:00:00Z	released_before_prediction_creation	starting_model_annotation_missing	unresolved_release_and_creation_dates_are_not_training_or_template_cutoffs
5LJ5	5LJ5_6	AF-P33334-F1	afce8faeb9f9a4ada2c845c4e3d79c90ad537b4a8e3a59aafc384343f8167a29	2016-08-31T00:00:00.000+00:00	2025-08-01T00:00:00Z	released_before_prediction_creation	starting_model_annotation_missing	unresolved_release_and_creation_dates_are_not_training_or_template_cutoffs
5LMX	5LMX_6	AF-P20435-F1	b35ac6750b96213d2e2f4608750f185b2daf71c690e6c7ef0382f39de2ec7d1c	2017-03-22T00:00:00.000+00:00	2025-08-01T00:00:00Z	released_before_prediction_creation	starting_model_annotation_missing	unresolved_release_and_creation_dates_are_not_training_or_template_cutoffs
5LMX	5LMX_8	AF-P20436-F1	ce7cd70250d0b569e39e2cf28c28578cac6ef076795fe9e170de624038c4019d	2017-03-22T00:00:00.000+00:00	2025-08-01T00:00:00Z	released_before_prediction_creation	starting_model_annotation_missing	unresolved_release_and_creation_dates_are_not_training_or_template_cutoffs
5LQW	5LQW_14	AF-Q04048-F1	87e11eed16e5eef1a5be3c5be754e77a0f2e76ff41d41913f2e98a6b111b0f5d	2016-10-05T00:00:00.000+00:00	2025-08-01T00:00:00Z	released_before_prediction_creation	starting_model_annotation_missing	unresolved_release_and_creation_dates_are_not_training_or_template_cutoffs
5LQW	5LQW_18	AF-Q04693-F1	1dc42923dbe67f5546e169f9ae859e3ae36837b2a80a83e3d20d416e2b26955d	2016-10-05T00:00:00.000+00:00	2025-08-01T00:00:00Z	released_before_prediction_creation	starting_model_annotation_missing	unresolved_release_and_creation_dates_are_not_training_or_template_cutoffs
5LQW	5LQW_5	AF-P25337-F1	85dcd5871dfdeb57dcae53d0446978c992ec78de47a5bc1c3e5476b17ce02de9	2016-10-05T00:00:00.000+00:00	2025-08-01T00:00:00Z	released_before_prediction_creation	starting_model_annotation_missing	unresolved_release_and_creation_dates_are_not_training_or_template_cutoffs
5LTT	5LTT_6	AF-P21242-F1	8283ba552d1a3cf6c49a4d151043a7ef16df99a3d9c30a2b73e7692d36d2c844	2016-11-09T00:00:00.000+00:00	2025-08-01T00:00:00Z	released_before_prediction_creation	only_experimental_starting_models_reported_not_independence_proof	unresolved_release_and_creation_dates_are_not_training_or_template_cutoffs
5M2B	5M2B_6	AF-P21242-F1	8283ba552d1a3cf6c49a4d151043a7ef16df99a3d9c30a2b73e7692d36d2c844	2017-01-25T00:00:00.000+00:00	2025-08-01T00:00:00Z	released_before_prediction_creation	only_experimental_starting_models_reported_not_independence_proof	unresolved_release_and_creation_dates_are_not_training_or_template_cutoffs
5M3F	5M3F_5	AF-P20435-F1	b35ac6750b96213d2e2f4608750f185b2daf71c690e6c7ef0382f39de2ec7d1c	2016-11-23T00:00:00.000+00:00	2025-08-01T00:00:00Z	released_before_prediction_creation	starting_model_annotation_missing	unresolved_release_and_creation_dates_are_not_training_or_template_cutoffs
5M3F	5M3F_6	AF-P20436-F1	ce7cd70250d0b569e39e2cf28c28578cac6ef076795fe9e170de624038c4019d	2016-11-23T00:00:00.000+00:00	2025-08-01T00:00:00Z	released_before_prediction_creation	starting_model_annotation_missing	unresolved_release_and_creation_dates_are_not_training_or_template_cutoffs
5M3M	5M3M_5	AF-P20435-F1	b35ac6750b96213d2e2f4608750f185b2daf71c690e6c7ef0382f39de2ec7d1c	2016-11-23T00:00:00.000+00:00	2025-08-01T00:00:00Z	released_before_prediction_creation	starting_model_annotation_missing	unresolved_release_and_creation_dates_are_not_training_or_template_cutoffs
5M3M	5M3M_6	AF-P20436-F1	ce7cd70250d0b569e39e2cf28c28578cac6ef076795fe9e170de624038c4019d	2016-11-23T00:00:00.000+00:00	2025-08-01T00:00:00Z	released_before_prediction_creation	starting_model_annotation_missing	unresolved_release_and_creation_dates_are_not_training_or_template_cutoffs
5M5W	5M5W_6	AF-P20435-F1	b35ac6750b96213d2e2f4608750f185b2daf71c690e6c7ef0382f39de2ec7d1c	2016-12-07T00:00:00.000+00:00	2025-08-01T00:00:00Z	released_before_prediction_creation	starting_model_annotation_missing	unresolved_release_and_creation_dates_are_not_training_or_template_cutoffs
5M5W	5M5W_8	AF-P20436-F1	ce7cd70250d0b569e39e2cf28c28578cac6ef076795fe9e170de624038c4019d	2016-12-07T00:00:00.000+00:00	2025-08-01T00:00:00Z	released_before_prediction_creation	starting_model_annotation_missing	unresolved_release_and_creation_dates_are_not_training_or_template_cutoffs
5M5X	5M5X_6	AF-P20435-F1	b35ac6750b96213d2e2f4608750f185b2daf71c690e6c7ef0382f39de2ec7d1c	2016-12-21T00:00:00.000+00:00	2025-08-01T00:00:00Z	released_before_prediction_creation	starting_model_annotation_missing	unresolved_release_and_creation_dates_are_not_training_or_template_cutoffs
5M5X	5M5X_8	AF-P20436-F1	ce7cd70250d0b569e39e2cf28c28578cac6ef076795fe9e170de624038c4019d	2016-12-21T00:00:00.000+00:00	2025-08-01T00:00:00Z	released_before_prediction_creation	starting_model_annotation_missing	unresolved_release_and_creation_dates_are_not_training_or_template_cutoffs
5M5Y	5M5Y_6	AF-P20435-F1	b35ac6750b96213d2e2f4608750f185b2daf71c690e6c7ef0382f39de2ec7d1c	2016-12-21T00:00:00.000+00:00	2025-08-01T00:00:00Z	released_before_prediction_creation	starting_model_annotation_missing	unresolved_release_and_creation_dates_are_not_training_or_template_cutoffs
5M5Y	5M5Y_8	AF-P20436-F1	ce7cd70250d0b569e39e2cf28c28578cac6ef076795fe9e170de624038c4019d	2016-12-21T00:00:00.000+00:00	2025-08-01T00:00:00Z	released_before_prediction_creation	starting_model_annotation_missing	unresolved_release_and_creation_dates_are_not_training_or_template_cutoffs
5M64	5M64_6	AF-P20435-F1	b35ac6750b96213d2e2f4608750f185b2daf71c690e6c7ef0382f39de2ec7d1c	2016-12-21T00:00:00.000+00:00	2025-08-01T00:00:00Z	released_before_prediction_creation	starting_model_annotation_missing	unresolved_release_and_creation_dates_are_not_training_or_template_cutoffs
5M64	5M64_8	AF-P20436-F1	ce7cd70250d0b569e39e2cf28c28578cac6ef076795fe9e170de624038c4019d	2016-12-21T00:00:00.000+00:00	2025-08-01T00:00:00Z	released_before_prediction_creation	starting_model_annotation_missing	unresolved_release_and_creation_dates_are_not_training_or_template_cutoffs
5MP9	5MP9_7	AF-P21242-F1	8283ba552d1a3cf6c49a4d151043a7ef16df99a3d9c30a2b73e7692d36d2c844	2017-03-08T00:00:00.000+00:00	2025-08-01T00:00:00Z	released_before_prediction_creation	starting_model_annotation_missing	unresolved_release_and_creation_dates_are_not_training_or_template_cutoffs
5MPA	5MPA_7	AF-P21242-F1	8283ba552d1a3cf6c49a4d151043a7ef16df99a3d9c30a2b73e7692d36d2c844	2017-03-08T00:00:00.000+00:00	2025-08-01T00:00:00Z	released_before_prediction_creation	starting_model_annotation_missing	unresolved_release_and_creation_dates_are_not_training_or_template_cutoffs
5MPB	5MPB_26	AF-P38764-F1	8bf7784ea7d1c049bdb205d07f75d93f35ee4acec9266bab391a7d2fd35e30ca	2017-03-08T00:00:00.000+00:00	2025-08-01T00:00:00Z	released_before_prediction_creation	starting_model_annotation_missing	unresolved_release_and_creation_dates_are_not_training_or_template_cutoffs
5MPB	5MPB_27	AF-P32565-F1	fe2ef41c38ef7266951644e6481f0310899fda58b257a0a6b0c7c8e3c3cabea4	2017-03-08T00:00:00.000+00:00	2025-08-01T00:00:00Z	released_before_prediction_creation	starting_model_annotation_missing	unresolved_release_and_creation_dates_are_not_training_or_template_cutoffs
5MPB	5MPB_28	AF-P40016-F1	4a79a9ca6b6fcb3175539bdae202a7cc5e2df058476852f87bf482b5d1127fd2	2017-03-08T00:00:00.000+00:00	2025-08-01T00:00:00Z	released_before_prediction_creation	starting_model_annotation_missing	unresolved_release_and_creation_dates_are_not_training_or_template_cutoffs
5MPB	5MPB_29	AF-Q12250-F1	f9d25f45a2a3eee589a6c556661ee99fe05c787d87bf2ba89aea44dae9063aac	2017-03-08T00:00:00.000+00:00	2025-08-01T00:00:00Z	released_before_prediction_creation	starting_model_annotation_missing	unresolved_release_and_creation_dates_are_not_training_or_template_cutoffs
5MPB	5MPB_31	AF-Q06103-F1	668cafe2b2304fbacb9ab68ea3c37c7805a16334996147ff72c4ca5be69b64eb	2017-03-08T00:00:00.000+00:00	2025-08-01T00:00:00Z	released_before_prediction_creation	starting_model_annotation_missing	unresolved_release_and_creation_dates_are_not_training_or_template_cutoffs
5MPB	5MPB_7	AF-P21242-F1	8283ba552d1a3cf6c49a4d151043a7ef16df99a3d9c30a2b73e7692d36d2c844	2017-03-08T00:00:00.000+00:00	2025-08-01T00:00:00Z	released_before_prediction_creation	starting_model_annotation_missing	unresolved_release_and_creation_dates_are_not_training_or_template_cutoffs
5MPC	5MPC_26	AF-P38764-F1	8bf7784ea7d1c049bdb205d07f75d93f35ee4acec9266bab391a7d2fd35e30ca	2017-03-08T00:00:00.000+00:00	2025-08-01T00:00:00Z	released_before_prediction_creation	starting_model_annotation_missing	unresolved_release_and_creation_dates_are_not_training_or_template_cutoffs
5MPC	5MPC_27	AF-P32565-F1	fe2ef41c38ef7266951644e6481f0310899fda58b257a0a6b0c7c8e3c3cabea4	2017-03-08T00:00:00.000+00:00	2025-08-01T00:00:00Z	released_before_prediction_creation	starting_model_annotation_missing	unresolved_release_and_creation_dates_are_not_training_or_template_cutoffs
5MPC	5MPC_28	AF-P40016-F1	4a79a9ca6b6fcb3175539bdae202a7cc5e2df058476852f87bf482b5d1127fd2	2017-03-08T00:00:00.000+00:00	2025-08-01T00:00:00Z	released_before_prediction_creation	starting_model_annotation_missing	unresolved_release_and_creation_dates_are_not_training_or_template_cutoffs
5MPC	5MPC_29	AF-Q12250-F1	f9d25f45a2a3eee589a6c556661ee99fe05c787d87bf2ba89aea44dae9063aac	2017-03-08T00:00:00.000+00:00	2025-08-01T00:00:00Z	released_before_prediction_creation	starting_model_annotation_missing	unresolved_release_and_creation_dates_are_not_training_or_template_cutoffs
5MPC	5MPC_31	AF-Q06103-F1	668cafe2b2304fbacb9ab68ea3c37c7805a16334996147ff72c4ca5be69b64eb	2017-03-08T00:00:00.000+00:00	2025-08-01T00:00:00Z	released_before_prediction_creation	starting_model_annotation_missing	unresolved_release_and_creation_dates_are_not_training_or_template_cutoffs
5MPC	5MPC_34	AF-P43593-F1	7a62d9f4588a540c2ee4fce89a48807730170c6d41ccf518d5920959a781660b	2017-03-08T00:00:00.000+00:00	2025-08-01T00:00:00Z	released_before_prediction_creation	starting_model_annotation_missing	unresolved_release_and_creation_dates_are_not_training_or_template_cutoffs
5MPC	5MPC_7	AF-P21242-F1	8283ba552d1a3cf6c49a4d151043a7ef16df99a3d9c30a2b73e7692d36d2c844	2017-03-08T00:00:00.000+00:00	2025-08-01T00:00:00Z	released_before_prediction_creation	starting_model_annotation_missing	unresolved_release_and_creation_dates_are_not_training_or_template_cutoffs
5MPD	5MPD_11	AF-Q06103-F1	668cafe2b2304fbacb9ab68ea3c37c7805a16334996147ff72c4ca5be69b64eb	2017-03-08T00:00:00.000+00:00	2025-08-01T00:00:00Z	released_before_prediction_creation	starting_model_annotation_missing	unresolved_release_and_creation_dates_are_not_training_or_template_cutoffs
5MPD	5MPD_6	AF-P38764-F1	8bf7784ea7d1c049bdb205d07f75d93f35ee4acec9266bab391a7d2fd35e30ca	2017-03-08T00:00:00.000+00:00	2025-08-01T00:00:00Z	released_before_prediction_creation	starting_model_annotation_missing	unresolved_release_and_creation_dates_are_not_training_or_template_cutoffs
5MPD	5MPD_7	AF-P32565-F1	fe2ef41c38ef7266951644e6481f0310899fda58b257a0a6b0c7c8e3c3cabea4	2017-03-08T00:00:00.000+00:00	2025-08-01T00:00:00Z	released_before_prediction_creation	starting_model_annotation_missing	unresolved_release_and_creation_dates_are_not_training_or_template_cutoffs
5MPD	5MPD_8	AF-P40016-F1	4a79a9ca6b6fcb3175539bdae202a7cc5e2df058476852f87bf482b5d1127fd2	2017-03-08T00:00:00.000+00:00	2025-08-01T00:00:00Z	released_before_prediction_creation	starting_model_annotation_missing	unresolved_release_and_creation_dates_are_not_training_or_template_cutoffs
5MPD	5MPD_9	AF-Q12250-F1	f9d25f45a2a3eee589a6c556661ee99fe05c787d87bf2ba89aea44dae9063aac	2017-03-08T00:00:00.000+00:00	2025-08-01T00:00:00Z	released_before_prediction_creation	starting_model_annotation_missing	unresolved_release_and_creation_dates_are_not_training_or_template_cutoffs
5MPE	5MPE_11	AF-Q06103-F1	668cafe2b2304fbacb9ab68ea3c37c7805a16334996147ff72c4ca5be69b64eb	2017-03-08T00:00:00.000+00:00	2025-08-01T00:00:00Z	released_before_prediction_creation	starting_model_annotation_missing	unresolved_release_and_creation_dates_are_not_training_or_template_cutoffs
5MPE	5MPE_6	AF-P38764-F1	8bf7784ea7d1c049bdb205d07f75d93f35ee4acec9266bab391a7d2fd35e30ca	2017-03-08T00:00:00.000+00:00	2025-08-01T00:00:00Z	released_before_prediction_creation	starting_model_annotation_missing	unresolved_release_and_creation_dates_are_not_training_or_template_cutoffs
5MPE	5MPE_7	AF-P32565-F1	fe2ef41c38ef7266951644e6481f0310899fda58b257a0a6b0c7c8e3c3cabea4	2017-03-08T00:00:00.000+00:00	2025-08-01T00:00:00Z	released_before_prediction_creation	starting_model_annotation_missing	unresolved_release_and_creation_dates_are_not_training_or_template_cutoffs
5MPE	5MPE_8	AF-P40016-F1	4a79a9ca6b6fcb3175539bdae202a7cc5e2df058476852f87bf482b5d1127fd2	2017-03-08T00:00:00.000+00:00	2025-08-01T00:00:00Z	released_before_prediction_creation	starting_model_annotation_missing	unresolved_release_and_creation_dates_are_not_training_or_template_cutoffs
5MPE	5MPE_9	AF-Q12250-F1	f9d25f45a2a3eee589a6c556661ee99fe05c787d87bf2ba89aea44dae9063aac	2017-03-08T00:00:00.000+00:00	2025-08-01T00:00:00Z	released_before_prediction_creation	starting_model_annotation_missing	unresolved_release_and_creation_dates_are_not_training_or_template_cutoffs
5MPS	5MPS_11	AF-P25337-F1	85dcd5871dfdeb57dcae53d0446978c992ec78de47a5bc1c3e5476b17ce02de9	2017-01-18T00:00:00.000+00:00	2025-08-01T00:00:00Z	released_before_prediction_creation	starting_model_annotation_missing	unresolved_release_and_creation_dates_are_not_training_or_template_cutoffs
5MPS	5MPS_6	AF-P33334-F1	afce8faeb9f9a4ada2c845c4e3d79c90ad537b4a8e3a59aafc384343f8167a29	2017-01-18T00:00:00.000+00:00	2025-08-01T00:00:00Z	released_before_prediction_creation	starting_model_annotation_missing	unresolved_release_and_creation_dates_are_not_training_or_template_cutoffs
5MQ0	5MQ0_11	AF-P25337-F1	85dcd5871dfdeb57dcae53d0446978c992ec78de47a5bc1c3e5476b17ce02de9	2017-01-18T00:00:00.000+00:00	2025-08-01T00:00:00Z	released_before_prediction_creation	starting_model_annotation_missing	unresolved_release_and_creation_dates_are_not_training_or_template_cutoffs
5MQ0	5MQ0_6	AF-P33334-F1	afce8faeb9f9a4ada2c845c4e3d79c90ad537b4a8e3a59aafc384343f8167a29	2017-01-18T00:00:00.000+00:00	2025-08-01T00:00:00Z	released_before_prediction_creation	starting_model_annotation_missing	unresolved_release_and_creation_dates_are_not_training_or_template_cutoffs
5N5Y	5N5Y_6	AF-P20435-F1	b35ac6750b96213d2e2f4608750f185b2daf71c690e6c7ef0382f39de2ec7d1c	2017-04-05T00:00:00.000+00:00	2025-08-01T00:00:00Z	released_before_prediction_creation	starting_model_annotation_missing	unresolved_release_and_creation_dates_are_not_training_or_template_cutoffs
5N5Y	5N5Y_8	AF-P20436-F1	ce7cd70250d0b569e39e2cf28c28578cac6ef076795fe9e170de624038c4019d	2017-04-05T00:00:00.000+00:00	2025-08-01T00:00:00Z	released_before_prediction_creation	starting_model_annotation_missing	unresolved_release_and_creation_dates_are_not_training_or_template_cutoffs
5N5Z	5N5Z_6	AF-P20435-F1	b35ac6750b96213d2e2f4608750f185b2daf71c690e6c7ef0382f39de2ec7d1c	2017-04-05T00:00:00.000+00:00	2025-08-01T00:00:00Z	released_before_prediction_creation	starting_model_annotation_missing	unresolved_release_and_creation_dates_are_not_training_or_template_cutoffs
5N5Z	5N5Z_8	AF-P20436-F1	ce7cd70250d0b569e39e2cf28c28578cac6ef076795fe9e170de624038c4019d	2017-04-05T00:00:00.000+00:00	2025-08-01T00:00:00Z	released_before_prediction_creation	starting_model_annotation_missing	unresolved_release_and_creation_dates_are_not_training_or_template_cutoffs
5N60	5N60_6	AF-P20435-F1	b35ac6750b96213d2e2f4608750f185b2daf71c690e6c7ef0382f39de2ec7d1c	2017-04-05T00:00:00.000+00:00	2025-08-01T00:00:00Z	released_before_prediction_creation	starting_model_annotation_missing	unresolved_release_and_creation_dates_are_not_training_or_template_cutoffs
5N60	5N60_8	AF-P20436-F1	ce7cd70250d0b569e39e2cf28c28578cac6ef076795fe9e170de624038c4019d	2017-04-05T00:00:00.000+00:00	2025-08-01T00:00:00Z	released_before_prediction_creation	starting_model_annotation_missing	unresolved_release_and_creation_dates_are_not_training_or_template_cutoffs
5N61	5N61_6	AF-P20435-F1	b35ac6750b96213d2e2f4608750f185b2daf71c690e6c7ef0382f39de2ec7d1c	2017-04-05T00:00:00.000+00:00	2025-08-01T00:00:00Z	released_before_prediction_creation	starting_model_annotation_missing	unresolved_release_and_creation_dates_are_not_training_or_template_cutoffs
5N61	5N61_8	AF-P20436-F1	ce7cd70250d0b569e39e2cf28c28578cac6ef076795fe9e170de624038c4019d	2017-04-05T00:00:00.000+00:00	2025-08-01T00:00:00Z	released_before_prediction_creation	starting_model_annotation_missing	unresolved_release_and_creation_dates_are_not_training_or_template_cutoffs
5NIF	5NIF_7	AF-P21242-F1	8283ba552d1a3cf6c49a4d151043a7ef16df99a3d9c30a2b73e7692d36d2c844	2017-08-02T00:00:00.000+00:00	2025-08-01T00:00:00Z	released_before_prediction_creation	only_experimental_starting_models_reported_not_independence_proof	unresolved_release_and_creation_dates_are_not_training_or_template_cutoffs
5NRL	5NRL_15	AF-P20053-F1	cf91b4c59edaf90cca66b436e170d980254b8459f21b45789691b88e2ac340a6	2017-05-31T00:00:00.000+00:00	2025-08-01T00:00:00Z	released_before_prediction_creation	starting_model_annotation_missing	unresolved_release_and_creation_dates_are_not_training_or_template_cutoffs
5NRL	5NRL_17	AF-P19735-F1	bd8cb57c30a1cbcff373e7e2b8d9c5d1cfee5d5e28aa0b131ce53392844f35a9	2017-05-31T00:00:00.000+00:00	2025-08-01T00:00:00Z	released_before_prediction_creation	starting_model_annotation_missing	unresolved_release_and_creation_dates_are_not_training_or_template_cutoffs
5NRL	5NRL_23	AF-Q04693-F1	1dc42923dbe67f5546e169f9ae859e3ae36837b2a80a83e3d20d416e2b26955d	2017-05-31T00:00:00.000+00:00	2025-08-01T00:00:00Z	released_before_prediction_creation	starting_model_annotation_missing	unresolved_release_and_creation_dates_are_not_training_or_template_cutoffs
5NRL	5NRL_27	AF-P19736-F1	8ffdab9ad3bb166a8856b225168506babb0f843c04a03ac7585f9214c3993f79	2017-05-31T00:00:00.000+00:00	2025-08-01T00:00:00Z	released_before_prediction_creation	starting_model_annotation_missing	unresolved_release_and_creation_dates_are_not_training_or_template_cutoffs
5NRL	5NRL_8	AF-P33334-F1	afce8faeb9f9a4ada2c845c4e3d79c90ad537b4a8e3a59aafc384343f8167a29	2017-05-31T00:00:00.000+00:00	2025-08-01T00:00:00Z	released_before_prediction_creation	starting_model_annotation_missing	unresolved_release_and_creation_dates_are_not_training_or_template_cutoffs
5OA1	5OA1_6	AF-P20435-F1	b35ac6750b96213d2e2f4608750f185b2daf71c690e6c7ef0382f39de2ec7d1c	2017-07-26T00:00:00.000+00:00	2025-08-01T00:00:00Z	released_before_prediction_creation	starting_model_annotation_missing	unresolved_release_and_creation_dates_are_not_training_or_template_cutoffs
5OA1	5OA1_8	AF-P20436-F1	ce7cd70250d0b569e39e2cf28c28578cac6ef076795fe9e170de624038c4019d	2017-07-26T00:00:00.000+00:00	2025-08-01T00:00:00Z	released_before_prediction_creation	starting_model_annotation_missing	unresolved_release_and_creation_dates_are_not_training_or_template_cutoffs
5OQJ	5OQJ_11	AF-P38902-F1	e5ca72de84371c102b60be5d242b8952d384447efd42abc54d2fc7b284a64b0b	2018-04-25T00:00:00.000+00:00	2025-08-01T00:00:00Z	released_before_prediction_creation	starting_model_annotation_missing	unresolved_release_and_creation_dates_are_not_training_or_template_cutoffs
5OQJ	5OQJ_6	AF-P20435-F1	b35ac6750b96213d2e2f4608750f185b2daf71c690e6c7ef0382f39de2ec7d1c	2018-04-25T00:00:00.000+00:00	2025-08-01T00:00:00Z	released_before_prediction_creation	starting_model_annotation_missing	unresolved_release_and_creation_dates_are_not_training_or_template_cutoffs
5OQJ	5OQJ_7	AF-P34087-F1	83d3a4bb2b77f2d447e2e34483b92f4a0abd024d20c78f29b9187d33c13f070a	2018-04-25T00:00:00.000+00:00	2025-08-01T00:00:00Z	released_before_prediction_creation	starting_model_annotation_missing	unresolved_release_and_creation_dates_are_not_training_or_template_cutoffs
5OQJ	5OQJ_8	AF-P20436-F1	ce7cd70250d0b569e39e2cf28c28578cac6ef076795fe9e170de624038c4019d	2018-04-25T00:00:00.000+00:00	2025-08-01T00:00:00Z	released_before_prediction_creation	starting_model_annotation_missing	unresolved_release_and_creation_dates_are_not_training_or_template_cutoffs
5OQM	5OQM_11	AF-P38902-F1	e5ca72de84371c102b60be5d242b8952d384447efd42abc54d2fc7b284a64b0b	2018-05-09T00:00:00.000+00:00	2025-08-01T00:00:00Z	released_before_prediction_creation	starting_model_annotation_missing	unresolved_release_and_creation_dates_are_not_training_or_template_cutoffs
5OQM	5OQM_6	AF-P20435-F1	b35ac6750b96213d2e2f4608750f185b2daf71c690e6c7ef0382f39de2ec7d1c	2018-05-09T00:00:00.000+00:00	2025-08-01T00:00:00Z	released_before_prediction_creation	starting_model_annotation_missing	unresolved_release_and_creation_dates_are_not_training_or_template_cutoffs
5OQM	5OQM_7	AF-P34087-F1	83d3a4bb2b77f2d447e2e34483b92f4a0abd024d20c78f29b9187d33c13f070a	2018-05-09T00:00:00.000+00:00	2025-08-01T00:00:00Z	released_before_prediction_creation	starting_model_annotation_missing	unresolved_release_and_creation_dates_are_not_training_or_template_cutoffs
5OQM	5OQM_8	AF-P20436-F1	ce7cd70250d0b569e39e2cf28c28578cac6ef076795fe9e170de624038c4019d	2018-05-09T00:00:00.000+00:00	2025-08-01T00:00:00Z	released_before_prediction_creation	starting_model_annotation_missing	unresolved_release_and_creation_dates_are_not_training_or_template_cutoffs
5OT2	5OT2_11	AF-P38902-F1	e5ca72de84371c102b60be5d242b8952d384447efd42abc54d2fc7b284a64b0b	2017-11-01T00:00:00.000+00:00	2025-08-01T00:00:00Z	released_before_prediction_creation	starting_model_annotation_missing	unresolved_release_and_creation_dates_are_not_training_or_template_cutoffs
5OT2	5OT2_6	AF-P20435-F1	b35ac6750b96213d2e2f4608750f185b2daf71c690e6c7ef0382f39de2ec7d1c	2017-11-01T00:00:00.000+00:00	2025-08-01T00:00:00Z	released_before_prediction_creation	starting_model_annotation_missing	unresolved_release_and_creation_dates_are_not_training_or_template_cutoffs
5OT2	5OT2_7	AF-P34087-F1	83d3a4bb2b77f2d447e2e34483b92f4a0abd024d20c78f29b9187d33c13f070a	2017-11-01T00:00:00.000+00:00	2025-08-01T00:00:00Z	released_before_prediction_creation	starting_model_annotation_missing	unresolved_release_and_creation_dates_are_not_training_or_template_cutoffs
5OT2	5OT2_8	AF-P20436-F1	ce7cd70250d0b569e39e2cf28c28578cac6ef076795fe9e170de624038c4019d	2017-11-01T00:00:00.000+00:00	2025-08-01T00:00:00Z	released_before_prediction_creation	starting_model_annotation_missing	unresolved_release_and_creation_dates_are_not_training_or_template_cutoffs
5SVA	5SVA_11	AF-P38902-F1	e5ca72de84371c102b60be5d242b8952d384447efd42abc54d2fc7b284a64b0b	2016-09-28T00:00:00.000+00:00	2025-08-01T00:00:00Z	released_before_prediction_creation	starting_model_annotation_missing	unresolved_release_and_creation_dates_are_not_training_or_template_cutoffs
5SVA	5SVA_6	AF-P20435-F1	b35ac6750b96213d2e2f4608750f185b2daf71c690e6c7ef0382f39de2ec7d1c	2016-09-28T00:00:00.000+00:00	2025-08-01T00:00:00Z	released_before_prediction_creation	starting_model_annotation_missing	unresolved_release_and_creation_dates_are_not_training_or_template_cutoffs
5SVA	5SVA_7	AF-P34087-F1	83d3a4bb2b77f2d447e2e34483b92f4a0abd024d20c78f29b9187d33c13f070a	2016-09-28T00:00:00.000+00:00	2025-08-01T00:00:00Z	released_before_prediction_creation	starting_model_annotation_missing	unresolved_release_and_creation_dates_are_not_training_or_template_cutoffs
5SVA	5SVA_8	AF-P20436-F1	ce7cd70250d0b569e39e2cf28c28578cac6ef076795fe9e170de624038c4019d	2016-09-28T00:00:00.000+00:00	2025-08-01T00:00:00Z	released_before_prediction_creation	starting_model_annotation_missing	unresolved_release_and_creation_dates_are_not_training_or_template_cutoffs
5TZS	5TZS_40	AF-Q08096-F1	9e04036772422792dba04f1ee5510efa70bab5493b0a62a87dd0300b26fc7f86	2016-12-21T00:00:00.000+00:00	2025-08-01T00:00:00Z	released_before_prediction_creation	starting_model_annotation_missing	unresolved_release_and_creation_dates_are_not_training_or_template_cutoffs
5U5Q	5U5Q_11	AF-P38902-F1	e5ca72de84371c102b60be5d242b8952d384447efd42abc54d2fc7b284a64b0b	2017-03-29T00:00:00.000+00:00	2025-08-01T00:00:00Z	released_before_prediction_creation	starting_model_annotation_missing	unresolved_release_and_creation_dates_are_not_training_or_template_cutoffs
5U5Q	5U5Q_6	AF-P20435-F1	b35ac6750b96213d2e2f4608750f185b2daf71c690e6c7ef0382f39de2ec7d1c	2017-03-29T00:00:00.000+00:00	2025-08-01T00:00:00Z	released_before_prediction_creation	starting_model_annotation_missing	unresolved_release_and_creation_dates_are_not_training_or_template_cutoffs
5U5Q	5U5Q_7	AF-P34087-F1	83d3a4bb2b77f2d447e2e34483b92f4a0abd024d20c78f29b9187d33c13f070a	2017-03-29T00:00:00.000+00:00	2025-08-01T00:00:00Z	released_before_prediction_creation	starting_model_annotation_missing	unresolved_release_and_creation_dates_are_not_training_or_template_cutoffs
5U5Q	5U5Q_8	AF-P20436-F1	ce7cd70250d0b569e39e2cf28c28578cac6ef076795fe9e170de624038c4019d	2017-03-29T00:00:00.000+00:00	2025-08-01T00:00:00Z	released_before_prediction_creation	starting_model_annotation_missing	unresolved_release_and_creation_dates_are_not_training_or_template_cutoffs
5U8S	5U8S_12	AF-P53091-F1	03b7797a0460645fc3278608ce831cc02c9437647883cfcf335a74b1b3aeb9c3	2017-01-25T00:00:00.000+00:00	2025-08-01T00:00:00Z	released_before_prediction_creation	starting_model_annotation_missing	unresolved_release_and_creation_dates_are_not_training_or_template_cutoffs
5U8S	5U8S_13	AF-P38132-F1	dbff9e0a6531af71d18bb3f0b0febfb568f2e863b6861e6daa67f914c7942edf	2017-01-25T00:00:00.000+00:00	2025-08-01T00:00:00Z	released_before_prediction_creation	starting_model_annotation_missing	unresolved_release_and_creation_dates_are_not_training_or_template_cutoffs
5U8S	5U8S_2	AF-P40359-F1	9fb69cb67e3079fd58481686b3e32f9badf14994da061a3c837e6c9b88b2ab82	2017-01-25T00:00:00.000+00:00	2025-08-01T00:00:00Z	released_before_prediction_creation	starting_model_annotation_missing	unresolved_release_and_creation_dates_are_not_training_or_template_cutoffs
5U8S	5U8S_4	AF-Q03406-F1	5cae9a720dba99e7f3e4f1de8b6a63064ee6691f0e076cf8012a08762d7a3c52	2017-01-25T00:00:00.000+00:00	2025-08-01T00:00:00Z	released_before_prediction_creation	starting_model_annotation_missing	unresolved_release_and_creation_dates_are_not_training_or_template_cutoffs
5U8T	5U8T_10	AF-Q03406-F1	5cae9a720dba99e7f3e4f1de8b6a63064ee6691f0e076cf8012a08762d7a3c52	2017-02-08T00:00:00.000+00:00	2025-08-01T00:00:00Z	released_before_prediction_creation	starting_model_annotation_missing	unresolved_release_and_creation_dates_are_not_training_or_template_cutoffs
5U8T	5U8T_3	AF-P30665-F1	0b38fefaef2eca7f23bb979bc9da1dec4e9a6ffe79ea3e53edd734b02e70527b	2017-02-08T00:00:00.000+00:00	2025-08-01T00:00:00Z	released_before_prediction_creation	starting_model_annotation_missing	unresolved_release_and_creation_dates_are_not_training_or_template_cutoffs
5U8T	5U8T_5	AF-P53091-F1	03b7797a0460645fc3278608ce831cc02c9437647883cfcf335a74b1b3aeb9c3	2017-02-08T00:00:00.000+00:00	2025-08-01T00:00:00Z	released_before_prediction_creation	starting_model_annotation_missing	unresolved_release_and_creation_dates_are_not_training_or_template_cutoffs
5U8T	5U8T_6	AF-P38132-F1	dbff9e0a6531af71d18bb3f0b0febfb568f2e863b6861e6daa67f914c7942edf	2017-02-08T00:00:00.000+00:00	2025-08-01T00:00:00Z	released_before_prediction_creation	starting_model_annotation_missing	unresolved_release_and_creation_dates_are_not_training_or_template_cutoffs
5U8T	5U8T_8	AF-P40359-F1	9fb69cb67e3079fd58481686b3e32f9badf14994da061a3c837e6c9b88b2ab82	2017-02-08T00:00:00.000+00:00	2025-08-01T00:00:00Z	released_before_prediction_creation	starting_model_annotation_missing	unresolved_release_and_creation_dates_are_not_training_or_template_cutoffs
5V8F	5V8F_3	AF-P30665-F1	0b38fefaef2eca7f23bb979bc9da1dec4e9a6ffe79ea3e53edd734b02e70527b	2017-05-10T00:00:00.000+00:00	2025-08-01T00:00:00Z	released_before_prediction_creation	starting_model_annotation_missing	unresolved_release_and_creation_dates_are_not_training_or_template_cutoffs
5V8F	5V8F_5	AF-P53091-F1	03b7797a0460645fc3278608ce831cc02c9437647883cfcf335a74b1b3aeb9c3	2017-05-10T00:00:00.000+00:00	2025-08-01T00:00:00Z	released_before_prediction_creation	starting_model_annotation_missing	unresolved_release_and_creation_dates_are_not_training_or_template_cutoffs
5VVR	5VVR_11	AF-P38902-F1	e5ca72de84371c102b60be5d242b8952d384447efd42abc54d2fc7b284a64b0b	2017-11-22T00:00:00.000+00:00	2025-08-01T00:00:00Z	released_before_prediction_creation	starting_model_annotation_missing	unresolved_release_and_creation_dates_are_not_training_or_template_cutoffs
5VVR	5VVR_6	AF-P20435-F1	b35ac6750b96213d2e2f4608750f185b2daf71c690e6c7ef0382f39de2ec7d1c	2017-11-22T00:00:00.000+00:00	2025-08-01T00:00:00Z	released_before_prediction_creation	starting_model_annotation_missing	unresolved_release_and_creation_dates_are_not_training_or_template_cutoffs
5VVR	5VVR_7	AF-P34087-F1	83d3a4bb2b77f2d447e2e34483b92f4a0abd024d20c78f29b9187d33c13f070a	2017-11-22T00:00:00.000+00:00	2025-08-01T00:00:00Z	released_before_prediction_creation	starting_model_annotation_missing	unresolved_release_and_creation_dates_are_not_training_or_template_cutoffs
5VVR	5VVR_8	AF-P20436-F1	ce7cd70250d0b569e39e2cf28c28578cac6ef076795fe9e170de624038c4019d	2017-11-22T00:00:00.000+00:00	2025-08-01T00:00:00Z	released_before_prediction_creation	starting_model_annotation_missing	unresolved_release_and_creation_dates_are_not_training_or_template_cutoffs
5VVS	5VVS_11	AF-P38902-F1	e5ca72de84371c102b60be5d242b8952d384447efd42abc54d2fc7b284a64b0b	2017-11-22T00:00:00.000+00:00	2025-08-01T00:00:00Z	released_before_prediction_creation	starting_model_annotation_missing	unresolved_release_and_creation_dates_are_not_training_or_template_cutoffs
5VVS	5VVS_6	AF-P20435-F1	b35ac6750b96213d2e2f4608750f185b2daf71c690e6c7ef0382f39de2ec7d1c	2017-11-22T00:00:00.000+00:00	2025-08-01T00:00:00Z	released_before_prediction_creation	starting_model_annotation_missing	unresolved_release_and_creation_dates_are_not_training_or_template_cutoffs
5VVS	5VVS_7	AF-P34087-F1	83d3a4bb2b77f2d447e2e34483b92f4a0abd024d20c78f29b9187d33c13f070a	2017-11-22T00:00:00.000+00:00	2025-08-01T00:00:00Z	released_before_prediction_creation	starting_model_annotation_missing	unresolved_release_and_creation_dates_are_not_training_or_template_cutoffs
5VVS	5VVS_8	AF-P20436-F1	ce7cd70250d0b569e39e2cf28c28578cac6ef076795fe9e170de624038c4019d	2017-11-22T00:00:00.000+00:00	2025-08-01T00:00:00Z	released_before_prediction_creation	starting_model_annotation_missing	unresolved_release_and_creation_dates_are_not_training_or_template_cutoffs
5W4U	5W4U_5	AF-P20435-F1	b35ac6750b96213d2e2f4608750f185b2daf71c690e6c7ef0382f39de2ec7d1c	2018-06-20T00:00:00.000+00:00	2025-08-01T00:00:00Z	released_before_prediction_creation	only_experimental_starting_models_reported_not_independence_proof	unresolved_release_and_creation_dates_are_not_training_or_template_cutoffs
5W4U	5W4U_6	AF-P20436-F1	ce7cd70250d0b569e39e2cf28c28578cac6ef076795fe9e170de624038c4019d	2018-06-20T00:00:00.000+00:00	2025-08-01T00:00:00Z	released_before_prediction_creation	only_experimental_starting_models_reported_not_independence_proof	unresolved_release_and_creation_dates_are_not_training_or_template_cutoffs
5W4U	5W4U_9	AF-P38902-F1	e5ca72de84371c102b60be5d242b8952d384447efd42abc54d2fc7b284a64b0b	2018-06-20T00:00:00.000+00:00	2025-08-01T00:00:00Z	released_before_prediction_creation	only_experimental_starting_models_reported_not_independence_proof	unresolved_release_and_creation_dates_are_not_training_or_template_cutoffs
5W51	5W51_5	AF-P20435-F1	b35ac6750b96213d2e2f4608750f185b2daf71c690e6c7ef0382f39de2ec7d1c	2018-06-20T00:00:00.000+00:00	2025-08-01T00:00:00Z	released_before_prediction_creation	only_experimental_starting_models_reported_not_independence_proof	unresolved_release_and_creation_dates_are_not_training_or_template_cutoffs
5W51	5W51_6	AF-P20436-F1	ce7cd70250d0b569e39e2cf28c28578cac6ef076795fe9e170de624038c4019d	2018-06-20T00:00:00.000+00:00	2025-08-01T00:00:00Z	released_before_prediction_creation	only_experimental_starting_models_reported_not_independence_proof	unresolved_release_and_creation_dates_are_not_training_or_template_cutoffs
5W51	5W51_9	AF-P38902-F1	e5ca72de84371c102b60be5d242b8952d384447efd42abc54d2fc7b284a64b0b	2018-06-20T00:00:00.000+00:00	2025-08-01T00:00:00Z	released_before_prediction_creation	only_experimental_starting_models_reported_not_independence_proof	unresolved_release_and_creation_dates_are_not_training_or_template_cutoffs
5W5Y	5W5Y_6	AF-P20435-F1	b35ac6750b96213d2e2f4608750f185b2daf71c690e6c7ef0382f39de2ec7d1c	2017-07-26T00:00:00.000+00:00	2025-08-01T00:00:00Z	released_before_prediction_creation	starting_model_annotation_missing	unresolved_release_and_creation_dates_are_not_training_or_template_cutoffs
5W5Y	5W5Y_8	AF-P20436-F1	ce7cd70250d0b569e39e2cf28c28578cac6ef076795fe9e170de624038c4019d	2017-07-26T00:00:00.000+00:00	2025-08-01T00:00:00Z	released_before_prediction_creation	starting_model_annotation_missing	unresolved_release_and_creation_dates_are_not_training_or_template_cutoffs
5W64	5W64_6	AF-P20435-F1	b35ac6750b96213d2e2f4608750f185b2daf71c690e6c7ef0382f39de2ec7d1c	2017-07-26T00:00:00.000+00:00	2025-08-01T00:00:00Z	released_before_prediction_creation	starting_model_annotation_missing	unresolved_release_and_creation_dates_are_not_training_or_template_cutoffs
5W64	5W64_8	AF-P20436-F1	ce7cd70250d0b569e39e2cf28c28578cac6ef076795fe9e170de624038c4019d	2017-07-26T00:00:00.000+00:00	2025-08-01T00:00:00Z	released_before_prediction_creation	starting_model_annotation_missing	unresolved_release_and_creation_dates_are_not_training_or_template_cutoffs
5W65	5W65_6	AF-P20435-F1	b35ac6750b96213d2e2f4608750f185b2daf71c690e6c7ef0382f39de2ec7d1c	2017-08-02T00:00:00.000+00:00	2025-08-01T00:00:00Z	released_before_prediction_creation	starting_model_annotation_missing	unresolved_release_and_creation_dates_are_not_training_or_template_cutoffs
5W65	5W65_8	AF-P20436-F1	ce7cd70250d0b569e39e2cf28c28578cac6ef076795fe9e170de624038c4019d	2017-08-02T00:00:00.000+00:00	2025-08-01T00:00:00Z	released_before_prediction_creation	starting_model_annotation_missing	unresolved_release_and_creation_dates_are_not_training_or_template_cutoffs
5W66	5W66_6	AF-P20435-F1	b35ac6750b96213d2e2f4608750f185b2daf71c690e6c7ef0382f39de2ec7d1c	2017-07-26T00:00:00.000+00:00	2025-08-01T00:00:00Z	released_before_prediction_creation	starting_model_annotation_missing	unresolved_release_and_creation_dates_are_not_training_or_template_cutoffs
5W66	5W66_8	AF-P20436-F1	ce7cd70250d0b569e39e2cf28c28578cac6ef076795fe9e170de624038c4019d	2017-07-26T00:00:00.000+00:00	2025-08-01T00:00:00Z	released_before_prediction_creation	starting_model_annotation_missing	unresolved_release_and_creation_dates_are_not_training_or_template_cutoffs
5WLC	5WLC_18	AF-Q04305-F1	c4214baeff24b16caa93f67de339df82dfa7e06f3ef726aae3a8eba8ef80e8c0	2017-09-27T00:00:00.000+00:00	2025-08-01T00:00:00Z	released_before_prediction_creation	starting_model_annotation_missing	unresolved_release_and_creation_dates_are_not_training_or_template_cutoffs
5WLC	5WLC_23	AF-P25635-F1	a483c6065162d6202fd56b069eaa00b4eb1f0edf65e3599160b9781ea59d6eb2	2017-09-27T00:00:00.000+00:00	2025-08-01T00:00:00Z	released_before_prediction_creation	starting_model_annotation_missing	unresolved_release_and_creation_dates_are_not_training_or_template_cutoffs
5WLC	5WLC_27	AF-P40362-F1	6c6238ce3df8a0730a750c002381624b18a9118d769139354008a70ca5ac7ee5	2017-09-27T00:00:00.000+00:00	2025-08-01T00:00:00Z	released_before_prediction_creation	starting_model_annotation_missing	unresolved_release_and_creation_dates_are_not_training_or_template_cutoffs
5WLC	5WLC_30	AF-P48234-F1	6e7fd9e10994e26e9895de924a49c0063dfda2ba87b7f91ecbfd6f3df4dfa650	2017-09-27T00:00:00.000+00:00	2025-08-01T00:00:00Z	released_before_prediction_creation	starting_model_annotation_missing	unresolved_release_and_creation_dates_are_not_training_or_template_cutoffs
5WLC	5WLC_31	AF-P40055-F1	0b8d4e8ec034bbe7e38401be0db088e127c66d44ef0872e7474c7aa39df06ce9	2017-09-27T00:00:00.000+00:00	2025-08-01T00:00:00Z	released_before_prediction_creation	starting_model_annotation_missing	unresolved_release_and_creation_dates_are_not_training_or_template_cutoffs
5WLC	5WLC_33	AF-P32899-F1	3944f7cc837195985c71597fc913f05d1fd8834da7306203566d3a13a6fd5082	2017-09-27T00:00:00.000+00:00	2025-08-01T00:00:00Z	released_before_prediction_creation	starting_model_annotation_missing	unresolved_release_and_creation_dates_are_not_training_or_template_cutoffs
5WLC	5WLC_34	AF-P47083-F1	5bf066d076b004974606b1090a7d63589eabd59b61cfb3b2e1bf0c2f6bc8f8fc	2017-09-27T00:00:00.000+00:00	2025-08-01T00:00:00Z	released_before_prediction_creation	starting_model_annotation_missing	unresolved_release_and_creation_dates_are_not_training_or_template_cutoffs
5WLC	5WLC_47	AF-P15646-F1	a1522f5f794bdfcd1daf2f6cc27f18008a39cec9d87ee10935e6e31b5feae501	2017-09-27T00:00:00.000+00:00	2025-08-01T00:00:00Z	released_before_prediction_creation	starting_model_annotation_missing	unresolved_release_and_creation_dates_are_not_training_or_template_cutoffs
5WLC	5WLC_50	AF-Q08096-F1	9e04036772422792dba04f1ee5510efa70bab5493b0a62a87dd0300b26fc7f86	2017-09-27T00:00:00.000+00:00	2025-08-01T00:00:00Z	released_before_prediction_creation	starting_model_annotation_missing	unresolved_release_and_creation_dates_are_not_training_or_template_cutoffs
5WLC	5WLC_56	AF-Q99216-F1	84d2c25c65d615286c613fa6cb43c3a6ded04bf3ea656def6fecf3a43dcb69c6	2017-09-27T00:00:00.000+00:00	2025-08-01T00:00:00Z	released_before_prediction_creation	starting_model_annotation_missing	unresolved_release_and_creation_dates_are_not_training_or_template_cutoffs
5WLC	5WLC_65	AF-P34247-F1	1245ee2f7cd83f9369a6d49b5bf35022d2741b637b7851a33541728b4662e659	2017-09-27T00:00:00.000+00:00	2025-08-01T00:00:00Z	released_before_prediction_creation	starting_model_annotation_missing	unresolved_release_and_creation_dates_are_not_training_or_template_cutoffs
5WLC	5WLC_66	AF-P38333-F1	7853bc1aad7c359d8c4309a1340c0742d4c26c3dbb95f6c3720b0c4dfee7cdaa	2017-09-27T00:00:00.000+00:00	2025-08-01T00:00:00Z	released_before_prediction_creation	starting_model_annotation_missing	unresolved_release_and_creation_dates_are_not_training_or_template_cutoffs
5WSG	5WSG_1	AF-P33334-F1	afce8faeb9f9a4ada2c845c4e3d79c90ad537b4a8e3a59aafc384343f8167a29	2017-01-25T00:00:00.000+00:00	2025-08-01T00:00:00Z	released_before_prediction_creation	starting_model_annotation_missing	unresolved_release_and_creation_dates_are_not_training_or_template_cutoffs
5WSG	5WSG_9	AF-P25337-F1	85dcd5871dfdeb57dcae53d0446978c992ec78de47a5bc1c3e5476b17ce02de9	2017-01-25T00:00:00.000+00:00	2025-08-01T00:00:00Z	released_before_prediction_creation	starting_model_annotation_missing	unresolved_release_and_creation_dates_are_not_training_or_template_cutoffs
5WVI	5WVI_11	AF-P32565-F1	fe2ef41c38ef7266951644e6481f0310899fda58b257a0a6b0c7c8e3c3cabea4	2017-03-22T00:00:00.000+00:00	2025-08-01T00:00:00Z	released_before_prediction_creation	starting_model_annotation_missing	unresolved_release_and_creation_dates_are_not_training_or_template_cutoffs
5WVI	5WVI_12	AF-P40016-F1	4a79a9ca6b6fcb3175539bdae202a7cc5e2df058476852f87bf482b5d1127fd2	2017-03-22T00:00:00.000+00:00	2025-08-01T00:00:00Z	released_before_prediction_creation	starting_model_annotation_missing	unresolved_release_and_creation_dates_are_not_training_or_template_cutoffs
5WVI	5WVI_14	AF-Q06103-F1	668cafe2b2304fbacb9ab68ea3c37c7805a16334996147ff72c4ca5be69b64eb	2017-03-22T00:00:00.000+00:00	2025-08-01T00:00:00Z	released_before_prediction_creation	starting_model_annotation_missing	unresolved_release_and_creation_dates_are_not_training_or_template_cutoffs
5WVI	5WVI_22	AF-Q12250-F1	f9d25f45a2a3eee589a6c556661ee99fe05c787d87bf2ba89aea44dae9063aac	2017-03-22T00:00:00.000+00:00	2025-08-01T00:00:00Z	released_before_prediction_creation	starting_model_annotation_missing	unresolved_release_and_creation_dates_are_not_training_or_template_cutoffs
5WVI	5WVI_32	AF-P38764-F1	8bf7784ea7d1c049bdb205d07f75d93f35ee4acec9266bab391a7d2fd35e30ca	2017-03-22T00:00:00.000+00:00	2025-08-01T00:00:00Z	released_before_prediction_creation	starting_model_annotation_missing	unresolved_release_and_creation_dates_are_not_training_or_template_cutoffs
5WVI	5WVI_6	AF-P21242-F1	8283ba552d1a3cf6c49a4d151043a7ef16df99a3d9c30a2b73e7692d36d2c844	2017-03-22T00:00:00.000+00:00	2025-08-01T00:00:00Z	released_before_prediction_creation	starting_model_annotation_missing	unresolved_release_and_creation_dates_are_not_training_or_template_cutoffs
5WVK	5WVK_14	AF-P21242-F1	8283ba552d1a3cf6c49a4d151043a7ef16df99a3d9c30a2b73e7692d36d2c844	2017-03-22T00:00:00.000+00:00	2025-08-01T00:00:00Z	released_before_prediction_creation	starting_model_annotation_missing	unresolved_release_and_creation_dates_are_not_training_or_template_cutoffs
5WVK	5WVK_21	AF-P32565-F1	fe2ef41c38ef7266951644e6481f0310899fda58b257a0a6b0c7c8e3c3cabea4	2017-03-22T00:00:00.000+00:00	2025-08-01T00:00:00Z	released_before_prediction_creation	starting_model_annotation_missing	unresolved_release_and_creation_dates_are_not_training_or_template_cutoffs
5WVK	5WVK_23	AF-Q12250-F1	f9d25f45a2a3eee589a6c556661ee99fe05c787d87bf2ba89aea44dae9063aac	2017-03-22T00:00:00.000+00:00	2025-08-01T00:00:00Z	released_before_prediction_creation	starting_model_annotation_missing	unresolved_release_and_creation_dates_are_not_training_or_template_cutoffs
5WVK	5WVK_25	AF-Q06103-F1	668cafe2b2304fbacb9ab68ea3c37c7805a16334996147ff72c4ca5be69b64eb	2017-03-22T00:00:00.000+00:00	2025-08-01T00:00:00Z	released_before_prediction_creation	starting_model_annotation_missing	unresolved_release_and_creation_dates_are_not_training_or_template_cutoffs
5WVK	5WVK_26	AF-P40016-F1	4a79a9ca6b6fcb3175539bdae202a7cc5e2df058476852f87bf482b5d1127fd2	2017-03-22T00:00:00.000+00:00	2025-08-01T00:00:00Z	released_before_prediction_creation	starting_model_annotation_missing	unresolved_release_and_creation_dates_are_not_training_or_template_cutoffs
5WVK	5WVK_33	AF-P38764-F1	8bf7784ea7d1c049bdb205d07f75d93f35ee4acec9266bab391a7d2fd35e30ca	2017-03-22T00:00:00.000+00:00	2025-08-01T00:00:00Z	released_before_prediction_creation	starting_model_annotation_missing	unresolved_release_and_creation_dates_are_not_training_or_template_cutoffs
5WYJ	5WYJ_16	AF-P25635-F1	a483c6065162d6202fd56b069eaa00b4eb1f0edf65e3599160b9781ea59d6eb2	2017-03-29T00:00:00.000+00:00	2025-08-01T00:00:00Z	released_before_prediction_creation	starting_model_annotation_missing	unresolved_release_and_creation_dates_are_not_training_or_template_cutoffs
5WYJ	5WYJ_18	AF-Q05946-F1	2204d94499d8f398bca51469cb01266388ac536be512a882629aae7bd265fe1c	2017-03-29T00:00:00.000+00:00	2025-08-01T00:00:00Z	released_before_prediction_creation	starting_model_annotation_missing	unresolved_release_and_creation_dates_are_not_training_or_template_cutoffs
5WYJ	5WYJ_19	AF-P40362-F1	6c6238ce3df8a0730a750c002381624b18a9118d769139354008a70ca5ac7ee5	2017-03-29T00:00:00.000+00:00	2025-08-01T00:00:00Z	released_before_prediction_creation	starting_model_annotation_missing	unresolved_release_and_creation_dates_are_not_training_or_template_cutoffs
5WYJ	5WYJ_2	AF-P15646-F1	a1522f5f794bdfcd1daf2f6cc27f18008a39cec9d87ee10935e6e31b5feae501	2017-03-29T00:00:00.000+00:00	2025-08-01T00:00:00Z	released_before_prediction_creation	starting_model_annotation_missing	unresolved_release_and_creation_dates_are_not_training_or_template_cutoffs
5WYJ	5WYJ_24	AF-P38333-F1	7853bc1aad7c359d8c4309a1340c0742d4c26c3dbb95f6c3720b0c4dfee7cdaa	2017-03-29T00:00:00.000+00:00	2025-08-01T00:00:00Z	released_before_prediction_creation	starting_model_annotation_missing	unresolved_release_and_creation_dates_are_not_training_or_template_cutoffs
5WYJ	5WYJ_27	AF-P32899-F1	3944f7cc837195985c71597fc913f05d1fd8834da7306203566d3a13a6fd5082	2017-03-29T00:00:00.000+00:00	2025-08-01T00:00:00Z	released_before_prediction_creation	starting_model_annotation_missing	unresolved_release_and_creation_dates_are_not_training_or_template_cutoffs
5WYJ	5WYJ_30	AF-Q99216-F1	84d2c25c65d615286c613fa6cb43c3a6ded04bf3ea656def6fecf3a43dcb69c6	2017-03-29T00:00:00.000+00:00	2025-08-01T00:00:00Z	released_before_prediction_creation	starting_model_annotation_missing	unresolved_release_and_creation_dates_are_not_training_or_template_cutoffs
5WYJ	5WYJ_31	AF-Q08096-F1	9e04036772422792dba04f1ee5510efa70bab5493b0a62a87dd0300b26fc7f86	2017-03-29T00:00:00.000+00:00	2025-08-01T00:00:00Z	released_before_prediction_creation	starting_model_annotation_missing	unresolved_release_and_creation_dates_are_not_training_or_template_cutoffs
5WYK	5WYK_16	AF-P25635-F1	a483c6065162d6202fd56b069eaa00b4eb1f0edf65e3599160b9781ea59d6eb2	2017-03-29T00:00:00.000+00:00	2025-08-01T00:00:00Z	released_before_prediction_creation	starting_model_annotation_missing	unresolved_release_and_creation_dates_are_not_training_or_template_cutoffs
5WYK	5WYK_18	AF-Q05946-F1	2204d94499d8f398bca51469cb01266388ac536be512a882629aae7bd265fe1c	2017-03-29T00:00:00.000+00:00	2025-08-01T00:00:00Z	released_before_prediction_creation	starting_model_annotation_missing	unresolved_release_and_creation_dates_are_not_training_or_template_cutoffs
5WYK	5WYK_19	AF-P40362-F1	6c6238ce3df8a0730a750c002381624b18a9118d769139354008a70ca5ac7ee5	2017-03-29T00:00:00.000+00:00	2025-08-01T00:00:00Z	released_before_prediction_creation	starting_model_annotation_missing	unresolved_release_and_creation_dates_are_not_training_or_template_cutoffs
5WYK	5WYK_2	AF-P15646-F1	a1522f5f794bdfcd1daf2f6cc27f18008a39cec9d87ee10935e6e31b5feae501	2017-03-29T00:00:00.000+00:00	2025-08-01T00:00:00Z	released_before_prediction_creation	starting_model_annotation_missing	unresolved_release_and_creation_dates_are_not_training_or_template_cutoffs
5WYK	5WYK_26	AF-P32899-F1	3944f7cc837195985c71597fc913f05d1fd8834da7306203566d3a13a6fd5082	2017-03-29T00:00:00.000+00:00	2025-08-01T00:00:00Z	released_before_prediction_creation	starting_model_annotation_missing	unresolved_release_and_creation_dates_are_not_training_or_template_cutoffs
5WYK	5WYK_29	AF-Q99216-F1	84d2c25c65d615286c613fa6cb43c3a6ded04bf3ea656def6fecf3a43dcb69c6	2017-03-29T00:00:00.000+00:00	2025-08-01T00:00:00Z	released_before_prediction_creation	starting_model_annotation_missing	unresolved_release_and_creation_dates_are_not_training_or_template_cutoffs
5WYK	5WYK_30	AF-Q08096-F1	9e04036772422792dba04f1ee5510efa70bab5493b0a62a87dd0300b26fc7f86	2017-03-29T00:00:00.000+00:00	2025-08-01T00:00:00Z	released_before_prediction_creation	starting_model_annotation_missing	unresolved_release_and_creation_dates_are_not_training_or_template_cutoffs
5XF8	5XF8_3	AF-P30665-F1	0b38fefaef2eca7f23bb979bc9da1dec4e9a6ffe79ea3e53edd734b02e70527b	2017-05-03T00:00:00.000+00:00	2025-08-01T00:00:00Z	released_before_prediction_creation	starting_model_annotation_missing	unresolved_release_and_creation_dates_are_not_training_or_template_cutoffs
5XF8	5XF8_5	AF-P53091-F1	03b7797a0460645fc3278608ce831cc02c9437647883cfcf335a74b1b3aeb9c3	2017-05-03T00:00:00.000+00:00	2025-08-01T00:00:00Z	released_before_prediction_creation	starting_model_annotation_missing	unresolved_release_and_creation_dates_are_not_training_or_template_cutoffs
5XF8	5XF8_6	AF-P38132-F1	dbff9e0a6531af71d18bb3f0b0febfb568f2e863b6861e6daa67f914c7942edf	2017-05-03T00:00:00.000+00:00	2025-08-01T00:00:00Z	released_before_prediction_creation	starting_model_annotation_missing	unresolved_release_and_creation_dates_are_not_training_or_template_cutoffs
5Y88	5Y88_1	AF-P33334-F1	afce8faeb9f9a4ada2c845c4e3d79c90ad537b4a8e3a59aafc384343f8167a29	2018-08-01T00:00:00.000+00:00	2025-08-01T00:00:00Z	released_before_prediction_creation	starting_model_annotation_missing	unresolved_release_and_creation_dates_are_not_training_or_template_cutoffs
5Y88	5Y88_12	AF-P25337-F1	85dcd5871dfdeb57dcae53d0446978c992ec78de47a5bc1c3e5476b17ce02de9	2018-08-01T00:00:00.000+00:00	2025-08-01T00:00:00Z	released_before_prediction_creation	starting_model_annotation_missing	unresolved_release_and_creation_dates_are_not_training_or_template_cutoffs
5Y88	5Y88_8	AF-Q04048-F1	87e11eed16e5eef1a5be3c5be754e77a0f2e76ff41d41913f2e98a6b111b0f5d	2018-08-01T00:00:00.000+00:00	2025-08-01T00:00:00Z	released_before_prediction_creation	starting_model_annotation_missing	unresolved_release_and_creation_dates_are_not_training_or_template_cutoffs
5YLZ	5YLZ_1	AF-P33334-F1	afce8faeb9f9a4ada2c845c4e3d79c90ad537b4a8e3a59aafc384343f8167a29	2018-07-18T00:00:00.000+00:00	2025-08-01T00:00:00Z	released_before_prediction_creation	starting_model_annotation_missing	unresolved_release_and_creation_dates_are_not_training_or_template_cutoffs
5YLZ	5YLZ_12	AF-P25337-F1	85dcd5871dfdeb57dcae53d0446978c992ec78de47a5bc1c3e5476b17ce02de9	2018-07-18T00:00:00.000+00:00	2025-08-01T00:00:00Z	released_before_prediction_creation	starting_model_annotation_missing	unresolved_release_and_creation_dates_are_not_training_or_template_cutoffs
5YLZ	5YLZ_8	AF-Q04048-F1	87e11eed16e5eef1a5be3c5be754e77a0f2e76ff41d41913f2e98a6b111b0f5d	2018-07-18T00:00:00.000+00:00	2025-08-01T00:00:00Z	released_before_prediction_creation	starting_model_annotation_missing	unresolved_release_and_creation_dates_are_not_training_or_template_cutoffs
5Z3G	5Z3G_14	AF-Q12522-F1	a9c859214bc288900788ea22094f6779f5e80a857b1a76ad3d655a47854cced8	2018-04-11T00:00:00.000+00:00	2025-08-01T00:00:00Z	released_before_prediction_creation	starting_model_annotation_missing	unresolved_release_and_creation_dates_are_not_training_or_template_cutoffs
5Z3G	5Z3G_26	AF-P10962-F1	c23ebf76afa06aa1be095f20e72e07bc9da9e0a2d92d4a1370bc697d290b748b	2018-04-11T00:00:00.000+00:00	2025-08-01T00:00:00Z	released_before_prediction_creation	starting_model_annotation_missing	unresolved_release_and_creation_dates_are_not_training_or_template_cutoffs
5Z3G	5Z3G_27	AF-Q08235-F1	9c6a83a9da179422c01547e108ce6567394cb22d09cd08dfff98fa7fd2cf807e	2018-04-11T00:00:00.000+00:00	2025-08-01T00:00:00Z	released_before_prediction_creation	starting_model_annotation_missing	unresolved_release_and_creation_dates_are_not_training_or_template_cutoffs
5Z3G	5Z3G_28	AF-P36049-F1	69b75365f8a13f44361dc06155facde5c7b69920d4b15224becbad9da053cc21	2018-04-11T00:00:00.000+00:00	2025-08-01T00:00:00Z	released_before_prediction_creation	starting_model_annotation_missing	unresolved_release_and_creation_dates_are_not_training_or_template_cutoffs
5ZWM	5ZWM_1	AF-P33334-F1	afce8faeb9f9a4ada2c845c4e3d79c90ad537b4a8e3a59aafc384343f8167a29	2018-08-29T00:00:00.000+00:00	2025-08-01T00:00:00Z	released_before_prediction_creation	starting_model_annotation_missing	unresolved_release_and_creation_dates_are_not_training_or_template_cutoffs
5ZWM	5ZWM_2	AF-P20053-F1	cf91b4c59edaf90cca66b436e170d980254b8459f21b45789691b88e2ac340a6	2018-08-29T00:00:00.000+00:00	2025-08-01T00:00:00Z	released_before_prediction_creation	starting_model_annotation_missing	unresolved_release_and_creation_dates_are_not_training_or_template_cutoffs
5ZWM	5ZWM_33	AF-Q02554-F1	2ea25057732aa1f9986fae8911bbe8b83192454d0e37e6ef698ab312e4d4a6e2	2018-08-29T00:00:00.000+00:00	2025-08-01T00:00:00Z	released_before_prediction_creation	starting_model_annotation_missing	unresolved_release_and_creation_dates_are_not_training_or_template_cutoffs
5ZWM	5ZWM_34	AF-Q04693-F1	1dc42923dbe67f5546e169f9ae859e3ae36837b2a80a83e3d20d416e2b26955d	2018-08-29T00:00:00.000+00:00	2025-08-01T00:00:00Z	released_before_prediction_creation	starting_model_annotation_missing	unresolved_release_and_creation_dates_are_not_training_or_template_cutoffs
5ZWM	5ZWM_4	AF-P19735-F1	bd8cb57c30a1cbcff373e7e2b8d9c5d1cfee5d5e28aa0b131ce53392844f35a9	2018-08-29T00:00:00.000+00:00	2025-08-01T00:00:00Z	released_before_prediction_creation	starting_model_annotation_missing	unresolved_release_and_creation_dates_are_not_training_or_template_cutoffs
5ZWM	5ZWM_41	AF-P19736-F1	8ffdab9ad3bb166a8856b225168506babb0f843c04a03ac7585f9214c3993f79	2018-08-29T00:00:00.000+00:00	2025-08-01T00:00:00Z	released_before_prediction_creation	starting_model_annotation_missing	unresolved_release_and_creation_dates_are_not_training_or_template_cutoffs
5ZWO	5ZWO_1	AF-P33334-F1	afce8faeb9f9a4ada2c845c4e3d79c90ad537b4a8e3a59aafc384343f8167a29	2018-08-29T00:00:00.000+00:00	2025-08-01T00:00:00Z	released_before_prediction_creation	starting_model_annotation_missing	unresolved_release_and_creation_dates_are_not_training_or_template_cutoffs
5ZWO	5ZWO_2	AF-P20053-F1	cf91b4c59edaf90cca66b436e170d980254b8459f21b45789691b88e2ac340a6	2018-08-29T00:00:00.000+00:00	2025-08-01T00:00:00Z	released_before_prediction_creation	starting_model_annotation_missing	unresolved_release_and_creation_dates_are_not_training_or_template_cutoffs
5ZWO	5ZWO_30	AF-Q02554-F1	2ea25057732aa1f9986fae8911bbe8b83192454d0e37e6ef698ab312e4d4a6e2	2018-08-29T00:00:00.000+00:00	2025-08-01T00:00:00Z	released_before_prediction_creation	starting_model_annotation_missing	unresolved_release_and_creation_dates_are_not_training_or_template_cutoffs
5ZWO	5ZWO_31	AF-Q04693-F1	1dc42923dbe67f5546e169f9ae859e3ae36837b2a80a83e3d20d416e2b26955d	2018-08-29T00:00:00.000+00:00	2025-08-01T00:00:00Z	released_before_prediction_creation	starting_model_annotation_missing	unresolved_release_and_creation_dates_are_not_training_or_template_cutoffs
5ZWO	5ZWO_4	AF-P19735-F1	bd8cb57c30a1cbcff373e7e2b8d9c5d1cfee5d5e28aa0b131ce53392844f35a9	2018-08-29T00:00:00.000+00:00	2025-08-01T00:00:00Z	released_before_prediction_creation	starting_model_annotation_missing	unresolved_release_and_creation_dates_are_not_training_or_template_cutoffs
5ZWO	5ZWO_41	AF-P19736-F1	8ffdab9ad3bb166a8856b225168506babb0f843c04a03ac7585f9214c3993f79	2018-08-29T00:00:00.000+00:00	2025-08-01T00:00:00Z	released_before_prediction_creation	starting_model_annotation_missing	unresolved_release_and_creation_dates_are_not_training_or_template_cutoffs
6BK8	6BK8_13	AF-P25337-F1	85dcd5871dfdeb57dcae53d0446978c992ec78de47a5bc1c3e5476b17ce02de9	2018-02-21T00:00:00.000+00:00	2025-08-01T00:00:00Z	released_before_prediction_creation	starting_model_annotation_missing	unresolved_release_and_creation_dates_are_not_training_or_template_cutoffs
6BK8	6BK8_23	AF-Q04048-F1	87e11eed16e5eef1a5be3c5be754e77a0f2e76ff41d41913f2e98a6b111b0f5d	2018-02-21T00:00:00.000+00:00	2025-08-01T00:00:00Z	released_before_prediction_creation	starting_model_annotation_missing	unresolved_release_and_creation_dates_are_not_training_or_template_cutoffs
6BK8	6BK8_6	AF-P33334-F1	afce8faeb9f9a4ada2c845c4e3d79c90ad537b4a8e3a59aafc384343f8167a29	2018-02-21T00:00:00.000+00:00	2025-08-01T00:00:00Z	released_before_prediction_creation	starting_model_annotation_missing	unresolved_release_and_creation_dates_are_not_training_or_template_cutoffs
6BLO	6BLO_5	AF-P20435-F1	b35ac6750b96213d2e2f4608750f185b2daf71c690e6c7ef0382f39de2ec7d1c	2018-02-28T00:00:00.000+00:00	2025-08-01T00:00:00Z	released_before_prediction_creation	starting_model_annotation_missing	unresolved_release_and_creation_dates_are_not_training_or_template_cutoffs
6BLO	6BLO_6	AF-P20436-F1	ce7cd70250d0b569e39e2cf28c28578cac6ef076795fe9e170de624038c4019d	2018-02-28T00:00:00.000+00:00	2025-08-01T00:00:00Z	released_before_prediction_creation	starting_model_annotation_missing	unresolved_release_and_creation_dates_are_not_training_or_template_cutoffs
6BLO	6BLO_9	AF-P38902-F1	e5ca72de84371c102b60be5d242b8952d384447efd42abc54d2fc7b284a64b0b	2018-02-28T00:00:00.000+00:00	2025-08-01T00:00:00Z	released_before_prediction_creation	starting_model_annotation_missing	unresolved_release_and_creation_dates_are_not_training_or_template_cutoffs
6BLP	6BLP_5	AF-P20435-F1	b35ac6750b96213d2e2f4608750f185b2daf71c690e6c7ef0382f39de2ec7d1c	2018-02-28T00:00:00.000+00:00	2025-08-01T00:00:00Z	released_before_prediction_creation	starting_model_annotation_missing	unresolved_release_and_creation_dates_are_not_training_or_template_cutoffs
6BLP	6BLP_6	AF-P20436-F1	ce7cd70250d0b569e39e2cf28c28578cac6ef076795fe9e170de624038c4019d	2018-02-28T00:00:00.000+00:00	2025-08-01T00:00:00Z	released_before_prediction_creation	starting_model_annotation_missing	unresolved_release_and_creation_dates_are_not_training_or_template_cutoffs
6BLP	6BLP_9	AF-P38902-F1	e5ca72de84371c102b60be5d242b8952d384447efd42abc54d2fc7b284a64b0b	2018-02-28T00:00:00.000+00:00	2025-08-01T00:00:00Z	released_before_prediction_creation	starting_model_annotation_missing	unresolved_release_and_creation_dates_are_not_training_or_template_cutoffs
6BM2	6BM2_5	AF-P20435-F1	b35ac6750b96213d2e2f4608750f185b2daf71c690e6c7ef0382f39de2ec7d1c	2018-02-28T00:00:00.000+00:00	2025-08-01T00:00:00Z	released_before_prediction_creation	starting_model_annotation_missing	unresolved_release_and_creation_dates_are_not_training_or_template_cutoffs
6BM2	6BM2_6	AF-P20436-F1	ce7cd70250d0b569e39e2cf28c28578cac6ef076795fe9e170de624038c4019d	2018-02-28T00:00:00.000+00:00	2025-08-01T00:00:00Z	released_before_prediction_creation	starting_model_annotation_missing	unresolved_release_and_creation_dates_are_not_training_or_template_cutoffs
6BM2	6BM2_9	AF-P38902-F1	e5ca72de84371c102b60be5d242b8952d384447efd42abc54d2fc7b284a64b0b	2018-02-28T00:00:00.000+00:00	2025-08-01T00:00:00Z	released_before_prediction_creation	starting_model_annotation_missing	unresolved_release_and_creation_dates_are_not_training_or_template_cutoffs
6BM4	6BM4_5	AF-P20435-F1	b35ac6750b96213d2e2f4608750f185b2daf71c690e6c7ef0382f39de2ec7d1c	2018-02-28T00:00:00.000+00:00	2025-08-01T00:00:00Z	released_before_prediction_creation	starting_model_annotation_missing	unresolved_release_and_creation_dates_are_not_training_or_template_cutoffs
6BM4	6BM4_6	AF-P20436-F1	ce7cd70250d0b569e39e2cf28c28578cac6ef076795fe9e170de624038c4019d	2018-02-28T00:00:00.000+00:00	2025-08-01T00:00:00Z	released_before_prediction_creation	starting_model_annotation_missing	unresolved_release_and_creation_dates_are_not_training_or_template_cutoffs
6BM4	6BM4_9	AF-P38902-F1	e5ca72de84371c102b60be5d242b8952d384447efd42abc54d2fc7b284a64b0b	2018-02-28T00:00:00.000+00:00	2025-08-01T00:00:00Z	released_before_prediction_creation	starting_model_annotation_missing	unresolved_release_and_creation_dates_are_not_training_or_template_cutoffs
6BQF	6BQF_5	AF-P20435-F1	b35ac6750b96213d2e2f4608750f185b2daf71c690e6c7ef0382f39de2ec7d1c	2018-02-28T00:00:00.000+00:00	2025-08-01T00:00:00Z	released_before_prediction_creation	starting_model_annotation_missing	unresolved_release_and_creation_dates_are_not_training_or_template_cutoffs
6BQF	6BQF_6	AF-P20436-F1	ce7cd70250d0b569e39e2cf28c28578cac6ef076795fe9e170de624038c4019d	2018-02-28T00:00:00.000+00:00	2025-08-01T00:00:00Z	released_before_prediction_creation	starting_model_annotation_missing	unresolved_release_and_creation_dates_are_not_training_or_template_cutoffs
6BQF	6BQF_9	AF-P38902-F1	e5ca72de84371c102b60be5d242b8952d384447efd42abc54d2fc7b284a64b0b	2018-02-28T00:00:00.000+00:00	2025-08-01T00:00:00Z	released_before_prediction_creation	starting_model_annotation_missing	unresolved_release_and_creation_dates_are_not_training_or_template_cutoffs
6C0F	6C0F_21	AF-Q02892-F1	9b034068144dc1c8f367dcc1d0940877c694565a6c15b2ee590634a8d512edac	2018-03-14T00:00:00.000+00:00	2025-08-01T00:00:00Z	released_before_prediction_creation	starting_model_annotation_missing	unresolved_release_and_creation_dates_are_not_training_or_template_cutoffs
6C0F	6C0F_39	AF-Q07915-F1	1d54d8fc6fd3850a44b980391ada8291d7463d18caf3143cb61d4a3be8997bc2	2018-03-14T00:00:00.000+00:00	2025-08-01T00:00:00Z	released_before_prediction_creation	starting_model_annotation_missing	unresolved_release_and_creation_dates_are_not_training_or_template_cutoffs
6C0F	6C0F_42	AF-Q12522-F1	a9c859214bc288900788ea22094f6779f5e80a857b1a76ad3d655a47854cced8	2018-03-14T00:00:00.000+00:00	2025-08-01T00:00:00Z	released_before_prediction_creation	starting_model_annotation_missing	unresolved_release_and_creation_dates_are_not_training_or_template_cutoffs
6C0F	6C0F_7	AF-P10962-F1	c23ebf76afa06aa1be095f20e72e07bc9da9e0a2d92d4a1370bc697d290b748b	2018-03-14T00:00:00.000+00:00	2025-08-01T00:00:00Z	released_before_prediction_creation	starting_model_annotation_missing	unresolved_release_and_creation_dates_are_not_training_or_template_cutoffs
6CB1	6CB1_6	AF-P10962-F1	c23ebf76afa06aa1be095f20e72e07bc9da9e0a2d92d4a1370bc697d290b748b	2018-03-14T00:00:00.000+00:00	2025-08-01T00:00:00Z	released_before_prediction_creation	starting_model_annotation_missing	unresolved_release_and_creation_dates_are_not_training_or_template_cutoffs
6CNB	6CNB_6	AF-P20435-F1	b35ac6750b96213d2e2f4608750f185b2daf71c690e6c7ef0382f39de2ec7d1c	2018-08-22T00:00:00.000+00:00	2025-08-01T00:00:00Z	released_before_prediction_creation	starting_model_annotation_missing	unresolved_release_and_creation_dates_are_not_training_or_template_cutoffs
6CNB	6CNB_7	AF-P35718-F1	c6aefbc99f7f43afb83ce630b7d6a0e3a45e1678cbca2b0dab88f0c807f377be	2018-08-22T00:00:00.000+00:00	2025-08-01T00:00:00Z	released_before_prediction_creation	starting_model_annotation_missing	unresolved_release_and_creation_dates_are_not_training_or_template_cutoffs
6CNB	6CNB_8	AF-P20436-F1	ce7cd70250d0b569e39e2cf28c28578cac6ef076795fe9e170de624038c4019d	2018-08-22T00:00:00.000+00:00	2025-08-01T00:00:00Z	released_before_prediction_creation	starting_model_annotation_missing	unresolved_release_and_creation_dates_are_not_training_or_template_cutoffs
6CNC	6CNC_6	AF-P20435-F1	b35ac6750b96213d2e2f4608750f185b2daf71c690e6c7ef0382f39de2ec7d1c	2018-08-22T00:00:00.000+00:00	2025-08-01T00:00:00Z	released_before_prediction_creation	starting_model_annotation_missing	unresolved_release_and_creation_dates_are_not_training_or_template_cutoffs
6CNC	6CNC_7	AF-P35718-F1	c6aefbc99f7f43afb83ce630b7d6a0e3a45e1678cbca2b0dab88f0c807f377be	2018-08-22T00:00:00.000+00:00	2025-08-01T00:00:00Z	released_before_prediction_creation	starting_model_annotation_missing	unresolved_release_and_creation_dates_are_not_training_or_template_cutoffs
6CNC	6CNC_8	AF-P20436-F1	ce7cd70250d0b569e39e2cf28c28578cac6ef076795fe9e170de624038c4019d	2018-08-22T00:00:00.000+00:00	2025-08-01T00:00:00Z	released_before_prediction_creation	starting_model_annotation_missing	unresolved_release_and_creation_dates_are_not_training_or_template_cutoffs
6CND	6CND_6	AF-P20435-F1	b35ac6750b96213d2e2f4608750f185b2daf71c690e6c7ef0382f39de2ec7d1c	2018-08-22T00:00:00.000+00:00	2025-08-01T00:00:00Z	released_before_prediction_creation	starting_model_annotation_missing	unresolved_release_and_creation_dates_are_not_training_or_template_cutoffs
6CND	6CND_7	AF-P35718-F1	c6aefbc99f7f43afb83ce630b7d6a0e3a45e1678cbca2b0dab88f0c807f377be	2018-08-22T00:00:00.000+00:00	2025-08-01T00:00:00Z	released_before_prediction_creation	starting_model_annotation_missing	unresolved_release_and_creation_dates_are_not_training_or_template_cutoffs
6CND	6CND_8	AF-P20436-F1	ce7cd70250d0b569e39e2cf28c28578cac6ef076795fe9e170de624038c4019d	2018-08-22T00:00:00.000+00:00	2025-08-01T00:00:00Z	released_before_prediction_creation	starting_model_annotation_missing	unresolved_release_and_creation_dates_are_not_training_or_template_cutoffs
6CNF	6CNF_6	AF-P20435-F1	b35ac6750b96213d2e2f4608750f185b2daf71c690e6c7ef0382f39de2ec7d1c	2018-08-22T00:00:00.000+00:00	2025-08-01T00:00:00Z	released_before_prediction_creation	starting_model_annotation_missing	unresolved_release_and_creation_dates_are_not_training_or_template_cutoffs
6CNF	6CNF_7	AF-P35718-F1	c6aefbc99f7f43afb83ce630b7d6a0e3a45e1678cbca2b0dab88f0c807f377be	2018-08-22T00:00:00.000+00:00	2025-08-01T00:00:00Z	released_before_prediction_creation	starting_model_annotation_missing	unresolved_release_and_creation_dates_are_not_training_or_template_cutoffs
6CNF	6CNF_8	AF-P20436-F1	ce7cd70250d0b569e39e2cf28c28578cac6ef076795fe9e170de624038c4019d	2018-08-22T00:00:00.000+00:00	2025-08-01T00:00:00Z	released_before_prediction_creation	starting_model_annotation_missing	unresolved_release_and_creation_dates_are_not_training_or_template_cutoffs
6EF3	6EF3_14	AF-P21242-F1	8283ba552d1a3cf6c49a4d151043a7ef16df99a3d9c30a2b73e7692d36d2c844	2018-10-17T00:00:00.000+00:00	2025-08-01T00:00:00Z	released_before_prediction_creation	only_experimental_starting_models_reported_not_independence_proof	unresolved_release_and_creation_dates_are_not_training_or_template_cutoffs
6ELZ	6ELZ_31	AF-Q08235-F1	9c6a83a9da179422c01547e108ce6567394cb22d09cd08dfff98fa7fd2cf807e	2017-12-27T00:00:00.000+00:00	2025-08-01T00:00:00Z	released_before_prediction_creation	starting_model_annotation_missing	unresolved_release_and_creation_dates_are_not_training_or_template_cutoffs
6ELZ	6ELZ_35	AF-P33201-F1	1339886dfb0473fd4dc59344281a8288b3ac1979e074403818c8117482fe794b	2017-12-27T00:00:00.000+00:00	2025-08-01T00:00:00Z	released_before_prediction_creation	starting_model_annotation_missing	unresolved_release_and_creation_dates_are_not_training_or_template_cutoffs
6ELZ	6ELZ_36	AF-Q08962-F1	cd4149ad98b80658ca48d1b1c160820504480c2e79c00295f239251b3c5dee20	2017-12-27T00:00:00.000+00:00	2025-08-01T00:00:00Z	released_before_prediction_creation	starting_model_annotation_missing	unresolved_release_and_creation_dates_are_not_training_or_template_cutoffs
6ELZ	6ELZ_37	AF-Q02892-F1	9b034068144dc1c8f367dcc1d0940877c694565a6c15b2ee590634a8d512edac	2017-12-27T00:00:00.000+00:00	2025-08-01T00:00:00Z	released_before_prediction_creation	starting_model_annotation_missing	unresolved_release_and_creation_dates_are_not_training_or_template_cutoffs
6ELZ	6ELZ_43	AF-Q12522-F1	a9c859214bc288900788ea22094f6779f5e80a857b1a76ad3d655a47854cced8	2017-12-27T00:00:00.000+00:00	2025-08-01T00:00:00Z	released_before_prediction_creation	starting_model_annotation_missing	unresolved_release_and_creation_dates_are_not_training_or_template_cutoffs
6ELZ	6ELZ_47	AF-Q07915-F1	1d54d8fc6fd3850a44b980391ada8291d7463d18caf3143cb61d4a3be8997bc2	2017-12-27T00:00:00.000+00:00	2025-08-01T00:00:00Z	released_before_prediction_creation	starting_model_annotation_missing	unresolved_release_and_creation_dates_are_not_training_or_template_cutoffs
6ELZ	6ELZ_51	AF-P36049-F1	69b75365f8a13f44361dc06155facde5c7b69920d4b15224becbad9da053cc21	2017-12-27T00:00:00.000+00:00	2025-08-01T00:00:00Z	released_before_prediction_creation	starting_model_annotation_missing	unresolved_release_and_creation_dates_are_not_training_or_template_cutoffs
6EM1	6EM1_11	AF-Q07915-F1	1d54d8fc6fd3850a44b980391ada8291d7463d18caf3143cb61d4a3be8997bc2	2017-12-27T00:00:00.000+00:00	2025-08-01T00:00:00Z	released_before_prediction_creation	starting_model_annotation_missing	unresolved_release_and_creation_dates_are_not_training_or_template_cutoffs
6EM1	6EM1_13	AF-P33201-F1	1339886dfb0473fd4dc59344281a8288b3ac1979e074403818c8117482fe794b	2017-12-27T00:00:00.000+00:00	2025-08-01T00:00:00Z	released_before_prediction_creation	starting_model_annotation_missing	unresolved_release_and_creation_dates_are_not_training_or_template_cutoffs
6EM1	6EM1_14	AF-Q12522-F1	a9c859214bc288900788ea22094f6779f5e80a857b1a76ad3d655a47854cced8	2017-12-27T00:00:00.000+00:00	2025-08-01T00:00:00Z	released_before_prediction_creation	starting_model_annotation_missing	unresolved_release_and_creation_dates_are_not_training_or_template_cutoffs
6EM1	6EM1_3	AF-P10962-F1	c23ebf76afa06aa1be095f20e72e07bc9da9e0a2d92d4a1370bc697d290b748b	2017-12-27T00:00:00.000+00:00	2025-08-01T00:00:00Z	released_before_prediction_creation	starting_model_annotation_missing	unresolved_release_and_creation_dates_are_not_training_or_template_cutoffs
6EM1	6EM1_6	AF-Q08235-F1	9c6a83a9da179422c01547e108ce6567394cb22d09cd08dfff98fa7fd2cf807e	2017-12-27T00:00:00.000+00:00	2025-08-01T00:00:00Z	released_before_prediction_creation	starting_model_annotation_missing	unresolved_release_and_creation_dates_are_not_training_or_template_cutoffs
6EM1	6EM1_7	AF-Q02892-F1	9b034068144dc1c8f367dcc1d0940877c694565a6c15b2ee590634a8d512edac	2017-12-27T00:00:00.000+00:00	2025-08-01T00:00:00Z	released_before_prediction_creation	starting_model_annotation_missing	unresolved_release_and_creation_dates_are_not_training_or_template_cutoffs
6EM1	6EM1_8	AF-P36049-F1	69b75365f8a13f44361dc06155facde5c7b69920d4b15224becbad9da053cc21	2017-12-27T00:00:00.000+00:00	2025-08-01T00:00:00Z	released_before_prediction_creation	starting_model_annotation_missing	unresolved_release_and_creation_dates_are_not_training_or_template_cutoffs
6EM3	6EM3_3	AF-P10962-F1	c23ebf76afa06aa1be095f20e72e07bc9da9e0a2d92d4a1370bc697d290b748b	2017-12-27T00:00:00.000+00:00	2025-08-01T00:00:00Z	released_before_prediction_creation	starting_model_annotation_missing	unresolved_release_and_creation_dates_are_not_training_or_template_cutoffs
6EM3	6EM3_6	AF-Q08235-F1	9c6a83a9da179422c01547e108ce6567394cb22d09cd08dfff98fa7fd2cf807e	2017-12-27T00:00:00.000+00:00	2025-08-01T00:00:00Z	released_before_prediction_creation	starting_model_annotation_missing	unresolved_release_and_creation_dates_are_not_training_or_template_cutoffs
6EM3	6EM3_7	AF-P36049-F1	69b75365f8a13f44361dc06155facde5c7b69920d4b15224becbad9da053cc21	2017-12-27T00:00:00.000+00:00	2025-08-01T00:00:00Z	released_before_prediction_creation	starting_model_annotation_missing	unresolved_release_and_creation_dates_are_not_training_or_template_cutoffs
6EM4	6EM4_10	AF-Q12522-F1	a9c859214bc288900788ea22094f6779f5e80a857b1a76ad3d655a47854cced8	2017-12-27T00:00:00.000+00:00	2025-08-01T00:00:00Z	released_before_prediction_creation	starting_model_annotation_missing	unresolved_release_and_creation_dates_are_not_training_or_template_cutoffs
6EM4	6EM4_3	AF-P10962-F1	c23ebf76afa06aa1be095f20e72e07bc9da9e0a2d92d4a1370bc697d290b748b	2017-12-27T00:00:00.000+00:00	2025-08-01T00:00:00Z	released_before_prediction_creation	starting_model_annotation_missing	unresolved_release_and_creation_dates_are_not_training_or_template_cutoffs
6EM4	6EM4_6	AF-Q08235-F1	9c6a83a9da179422c01547e108ce6567394cb22d09cd08dfff98fa7fd2cf807e	2017-12-27T00:00:00.000+00:00	2025-08-01T00:00:00Z	released_before_prediction_creation	starting_model_annotation_missing	unresolved_release_and_creation_dates_are_not_training_or_template_cutoffs
6EM4	6EM4_7	AF-P36049-F1	69b75365f8a13f44361dc06155facde5c7b69920d4b15224becbad9da053cc21	2017-12-27T00:00:00.000+00:00	2025-08-01T00:00:00Z	released_before_prediction_creation	starting_model_annotation_missing	unresolved_release_and_creation_dates_are_not_training_or_template_cutoffs
6EM4	6EM4_8	AF-Q07915-F1	1d54d8fc6fd3850a44b980391ada8291d7463d18caf3143cb61d4a3be8997bc2	2017-12-27T00:00:00.000+00:00	2025-08-01T00:00:00Z	released_before_prediction_creation	starting_model_annotation_missing	unresolved_release_and_creation_dates_are_not_training_or_template_cutoffs
6EM5	6EM5_30	AF-Q08235-F1	9c6a83a9da179422c01547e108ce6567394cb22d09cd08dfff98fa7fd2cf807e	2017-12-27T00:00:00.000+00:00	2025-08-01T00:00:00Z	released_before_prediction_creation	starting_model_annotation_missing	unresolved_release_and_creation_dates_are_not_training_or_template_cutoffs
6EM5	6EM5_34	AF-P33201-F1	1339886dfb0473fd4dc59344281a8288b3ac1979e074403818c8117482fe794b	2017-12-27T00:00:00.000+00:00	2025-08-01T00:00:00Z	released_before_prediction_creation	starting_model_annotation_missing	unresolved_release_and_creation_dates_are_not_training_or_template_cutoffs
6EM5	6EM5_35	AF-Q08962-F1	cd4149ad98b80658ca48d1b1c160820504480c2e79c00295f239251b3c5dee20	2017-12-27T00:00:00.000+00:00	2025-08-01T00:00:00Z	released_before_prediction_creation	starting_model_annotation_missing	unresolved_release_and_creation_dates_are_not_training_or_template_cutoffs
6EM5	6EM5_36	AF-Q02892-F1	9b034068144dc1c8f367dcc1d0940877c694565a6c15b2ee590634a8d512edac	2017-12-27T00:00:00.000+00:00	2025-08-01T00:00:00Z	released_before_prediction_creation	starting_model_annotation_missing	unresolved_release_and_creation_dates_are_not_training_or_template_cutoffs
6EM5	6EM5_42	AF-Q12522-F1	a9c859214bc288900788ea22094f6779f5e80a857b1a76ad3d655a47854cced8	2017-12-27T00:00:00.000+00:00	2025-08-01T00:00:00Z	released_before_prediction_creation	starting_model_annotation_missing	unresolved_release_and_creation_dates_are_not_training_or_template_cutoffs
6EM5	6EM5_46	AF-Q07915-F1	1d54d8fc6fd3850a44b980391ada8291d7463d18caf3143cb61d4a3be8997bc2	2017-12-27T00:00:00.000+00:00	2025-08-01T00:00:00Z	released_before_prediction_creation	starting_model_annotation_missing	unresolved_release_and_creation_dates_are_not_training_or_template_cutoffs
6EM5	6EM5_50	AF-P36049-F1	69b75365f8a13f44361dc06155facde5c7b69920d4b15224becbad9da053cc21	2017-12-27T00:00:00.000+00:00	2025-08-01T00:00:00Z	released_before_prediction_creation	starting_model_annotation_missing	unresolved_release_and_creation_dates_are_not_training_or_template_cutoffs
6EM5	6EM5_52	AF-P10962-F1	c23ebf76afa06aa1be095f20e72e07bc9da9e0a2d92d4a1370bc697d290b748b	2017-12-27T00:00:00.000+00:00	2025-08-01T00:00:00Z	released_before_prediction_creation	starting_model_annotation_missing	unresolved_release_and_creation_dates_are_not_training_or_template_cutoffs
6EML	6EML_28	AF-Q07381-F1	b6d1f09ad6d4e53fefcb5686e389010be7f9153d60e48a315d684f3f09b21fec	2017-11-29T00:00:00.000+00:00	2025-08-01T00:00:00Z	released_before_prediction_creation	starting_model_annotation_missing	unresolved_release_and_creation_dates_are_not_training_or_template_cutoffs
6EML	6EML_30	AF-Q99216-F1	84d2c25c65d615286c613fa6cb43c3a6ded04bf3ea656def6fecf3a43dcb69c6	2017-11-29T00:00:00.000+00:00	2025-08-01T00:00:00Z	released_before_prediction_creation	starting_model_annotation_missing	unresolved_release_and_creation_dates_are_not_training_or_template_cutoffs
6EML	6EML_31	AF-P40160-F1	96d19daa18e83769d4a23f65b801e1dec1a3c4176e1b4edb640a3ceeb7ed20f1	2017-11-29T00:00:00.000+00:00	2025-08-01T00:00:00Z	released_before_prediction_creation	starting_model_annotation_missing	unresolved_release_and_creation_dates_are_not_training_or_template_cutoffs
6EML	6EML_32	AF-P38333-F1	7853bc1aad7c359d8c4309a1340c0742d4c26c3dbb95f6c3720b0c4dfee7cdaa	2017-11-29T00:00:00.000+00:00	2025-08-01T00:00:00Z	released_before_prediction_creation	starting_model_annotation_missing	unresolved_release_and_creation_dates_are_not_training_or_template_cutoffs
6EU0	6EU0_22	AF-P29056-F1	bf05158060be9cb3c113f731b4fb731d0cd45873415da4d31b30f3e292b21589	2018-01-17T00:00:00.000+00:00	2025-08-01T00:00:00Z	released_before_prediction_creation	starting_model_annotation_missing	unresolved_release_and_creation_dates_are_not_training_or_template_cutoffs
6EU0	6EU0_6	AF-P20435-F1	b35ac6750b96213d2e2f4608750f185b2daf71c690e6c7ef0382f39de2ec7d1c	2018-01-17T00:00:00.000+00:00	2025-08-01T00:00:00Z	released_before_prediction_creation	starting_model_annotation_missing	unresolved_release_and_creation_dates_are_not_training_or_template_cutoffs
6EU0	6EU0_7	AF-P35718-F1	c6aefbc99f7f43afb83ce630b7d6a0e3a45e1678cbca2b0dab88f0c807f377be	2018-01-17T00:00:00.000+00:00	2025-08-01T00:00:00Z	released_before_prediction_creation	starting_model_annotation_missing	unresolved_release_and_creation_dates_are_not_training_or_template_cutoffs
6EU0	6EU0_8	AF-P20436-F1	ce7cd70250d0b569e39e2cf28c28578cac6ef076795fe9e170de624038c4019d	2018-01-17T00:00:00.000+00:00	2025-08-01T00:00:00Z	released_before_prediction_creation	starting_model_annotation_missing	unresolved_release_and_creation_dates_are_not_training_or_template_cutoffs
6EU1	6EU1_6	AF-P20435-F1	b35ac6750b96213d2e2f4608750f185b2daf71c690e6c7ef0382f39de2ec7d1c	2018-01-17T00:00:00.000+00:00	2025-08-01T00:00:00Z	released_before_prediction_creation	starting_model_annotation_missing	unresolved_release_and_creation_dates_are_not_training_or_template_cutoffs
6EU1	6EU1_7	AF-P35718-F1	c6aefbc99f7f43afb83ce630b7d6a0e3a45e1678cbca2b0dab88f0c807f377be	2018-01-17T00:00:00.000+00:00	2025-08-01T00:00:00Z	released_before_prediction_creation	starting_model_annotation_missing	unresolved_release_and_creation_dates_are_not_training_or_template_cutoffs
6EU1	6EU1_8	AF-P20436-F1	ce7cd70250d0b569e39e2cf28c28578cac6ef076795fe9e170de624038c4019d	2018-01-17T00:00:00.000+00:00	2025-08-01T00:00:00Z	released_before_prediction_creation	starting_model_annotation_missing	unresolved_release_and_creation_dates_are_not_training_or_template_cutoffs
6EU2	6EU2_6	AF-P20435-F1	b35ac6750b96213d2e2f4608750f185b2daf71c690e6c7ef0382f39de2ec7d1c	2018-01-17T00:00:00.000+00:00	2025-08-01T00:00:00Z	released_before_prediction_creation	starting_model_annotation_missing	unresolved_release_and_creation_dates_are_not_training_or_template_cutoffs
6EU2	6EU2_7	AF-P35718-F1	c6aefbc99f7f43afb83ce630b7d6a0e3a45e1678cbca2b0dab88f0c807f377be	2018-01-17T00:00:00.000+00:00	2025-08-01T00:00:00Z	released_before_prediction_creation	starting_model_annotation_missing	unresolved_release_and_creation_dates_are_not_training_or_template_cutoffs
6EU2	6EU2_8	AF-P20436-F1	ce7cd70250d0b569e39e2cf28c28578cac6ef076795fe9e170de624038c4019d	2018-01-17T00:00:00.000+00:00	2025-08-01T00:00:00Z	released_before_prediction_creation	starting_model_annotation_missing	unresolved_release_and_creation_dates_are_not_training_or_template_cutoffs
6EU3	6EU3_6	AF-P20435-F1	b35ac6750b96213d2e2f4608750f185b2daf71c690e6c7ef0382f39de2ec7d1c	2018-01-17T00:00:00.000+00:00	2025-08-01T00:00:00Z	released_before_prediction_creation	starting_model_annotation_missing	unresolved_release_and_creation_dates_are_not_training_or_template_cutoffs
6EU3	6EU3_7	AF-P35718-F1	c6aefbc99f7f43afb83ce630b7d6a0e3a45e1678cbca2b0dab88f0c807f377be	2018-01-17T00:00:00.000+00:00	2025-08-01T00:00:00Z	released_before_prediction_creation	starting_model_annotation_missing	unresolved_release_and_creation_dates_are_not_training_or_template_cutoffs
6EU3	6EU3_8	AF-P20436-F1	ce7cd70250d0b569e39e2cf28c28578cac6ef076795fe9e170de624038c4019d	2018-01-17T00:00:00.000+00:00	2025-08-01T00:00:00Z	released_before_prediction_creation	starting_model_annotation_missing	unresolved_release_and_creation_dates_are_not_training_or_template_cutoffs
6EXN	6EXN_12	AF-P25337-F1	85dcd5871dfdeb57dcae53d0446978c992ec78de47a5bc1c3e5476b17ce02de9	2018-01-17T00:00:00.000+00:00	2025-08-01T00:00:00Z	released_before_prediction_creation	starting_model_annotation_missing	unresolved_release_and_creation_dates_are_not_training_or_template_cutoffs
6EXN	6EXN_4	AF-P33334-F1	afce8faeb9f9a4ada2c845c4e3d79c90ad537b4a8e3a59aafc384343f8167a29	2018-01-17T00:00:00.000+00:00	2025-08-01T00:00:00Z	released_before_prediction_creation	starting_model_annotation_missing	unresolved_release_and_creation_dates_are_not_training_or_template_cutoffs
6EYC	6EYC_3	AF-P30665-F1	0b38fefaef2eca7f23bb979bc9da1dec4e9a6ffe79ea3e53edd734b02e70527b	2018-06-20T00:00:00.000+00:00	2025-08-01T00:00:00Z	released_before_prediction_creation	starting_model_annotation_missing	unresolved_release_and_creation_dates_are_not_training_or_template_cutoffs
6EYC	6EYC_5	AF-P53091-F1	03b7797a0460645fc3278608ce831cc02c9437647883cfcf335a74b1b3aeb9c3	2018-06-20T00:00:00.000+00:00	2025-08-01T00:00:00Z	released_before_prediction_creation	starting_model_annotation_missing	unresolved_release_and_creation_dates_are_not_training_or_template_cutoffs
6EYC	6EYC_6	AF-P38132-F1	dbff9e0a6531af71d18bb3f0b0febfb568f2e863b6861e6daa67f914c7942edf	2018-06-20T00:00:00.000+00:00	2025-08-01T00:00:00Z	released_before_prediction_creation	starting_model_annotation_missing	unresolved_release_and_creation_dates_are_not_training_or_template_cutoffs
6F0L	6F0L_3	AF-P30665-F1	0b38fefaef2eca7f23bb979bc9da1dec4e9a6ffe79ea3e53edd734b02e70527b	2017-12-06T00:00:00.000+00:00	2025-08-01T00:00:00Z	released_before_prediction_creation	starting_model_annotation_missing	unresolved_release_and_creation_dates_are_not_training_or_template_cutoffs
6F0L	6F0L_5	AF-P53091-F1	03b7797a0460645fc3278608ce831cc02c9437647883cfcf335a74b1b3aeb9c3	2017-12-06T00:00:00.000+00:00	2025-08-01T00:00:00Z	released_before_prediction_creation	starting_model_annotation_missing	unresolved_release_and_creation_dates_are_not_training_or_template_cutoffs
6F0L	6F0L_6	AF-P38132-F1	dbff9e0a6531af71d18bb3f0b0febfb568f2e863b6861e6daa67f914c7942edf	2017-12-06T00:00:00.000+00:00	2025-08-01T00:00:00Z	released_before_prediction_creation	starting_model_annotation_missing	unresolved_release_and_creation_dates_are_not_training_or_template_cutoffs
6F40	6F40_19	AF-P29056-F1	bf05158060be9cb3c113f731b4fb731d0cd45873415da4d31b30f3e292b21589	2018-01-17T00:00:00.000+00:00	2025-08-01T00:00:00Z	released_before_prediction_creation	starting_model_annotation_missing	unresolved_release_and_creation_dates_are_not_training_or_template_cutoffs
6F40	6F40_6	AF-P20435-F1	b35ac6750b96213d2e2f4608750f185b2daf71c690e6c7ef0382f39de2ec7d1c	2018-01-17T00:00:00.000+00:00	2025-08-01T00:00:00Z	released_before_prediction_creation	starting_model_annotation_missing	unresolved_release_and_creation_dates_are_not_training_or_template_cutoffs
6F40	6F40_7	AF-P35718-F1	c6aefbc99f7f43afb83ce630b7d6a0e3a45e1678cbca2b0dab88f0c807f377be	2018-01-17T00:00:00.000+00:00	2025-08-01T00:00:00Z	released_before_prediction_creation	starting_model_annotation_missing	unresolved_release_and_creation_dates_are_not_training_or_template_cutoffs
6F40	6F40_8	AF-P20436-F1	ce7cd70250d0b569e39e2cf28c28578cac6ef076795fe9e170de624038c4019d	2018-01-17T00:00:00.000+00:00	2025-08-01T00:00:00Z	released_before_prediction_creation	starting_model_annotation_missing	unresolved_release_and_creation_dates_are_not_training_or_template_cutoffs
6F41	6F41_19	AF-P29056-F1	bf05158060be9cb3c113f731b4fb731d0cd45873415da4d31b30f3e292b21589	2018-01-17T00:00:00.000+00:00	2025-08-01T00:00:00Z	released_before_prediction_creation	starting_model_annotation_missing	unresolved_release_and_creation_dates_are_not_training_or_template_cutoffs
6F41	6F41_6	AF-P20435-F1	b35ac6750b96213d2e2f4608750f185b2daf71c690e6c7ef0382f39de2ec7d1c	2018-01-17T00:00:00.000+00:00	2025-08-01T00:00:00Z	released_before_prediction_creation	starting_model_annotation_missing	unresolved_release_and_creation_dates_are_not_training_or_template_cutoffs
6F41	6F41_7	AF-P35718-F1	c6aefbc99f7f43afb83ce630b7d6a0e3a45e1678cbca2b0dab88f0c807f377be	2018-01-17T00:00:00.000+00:00	2025-08-01T00:00:00Z	released_before_prediction_creation	starting_model_annotation_missing	unresolved_release_and_creation_dates_are_not_training_or_template_cutoffs
6F41	6F41_8	AF-P20436-F1	ce7cd70250d0b569e39e2cf28c28578cac6ef076795fe9e170de624038c4019d	2018-01-17T00:00:00.000+00:00	2025-08-01T00:00:00Z	released_before_prediction_creation	starting_model_annotation_missing	unresolved_release_and_creation_dates_are_not_training_or_template_cutoffs
6F42	6F42_19	AF-P29056-F1	bf05158060be9cb3c113f731b4fb731d0cd45873415da4d31b30f3e292b21589	2018-01-17T00:00:00.000+00:00	2025-08-01T00:00:00Z	released_before_prediction_creation	starting_model_annotation_missing	unresolved_release_and_creation_dates_are_not_training_or_template_cutoffs
6F42	6F42_6	AF-P20435-F1	b35ac6750b96213d2e2f4608750f185b2daf71c690e6c7ef0382f39de2ec7d1c	2018-01-17T00:00:00.000+00:00	2025-08-01T00:00:00Z	released_before_prediction_creation	starting_model_annotation_missing	unresolved_release_and_creation_dates_are_not_training_or_template_cutoffs
6F42	6F42_7	AF-P35718-F1	c6aefbc99f7f43afb83ce630b7d6a0e3a45e1678cbca2b0dab88f0c807f377be	2018-01-17T00:00:00.000+00:00	2025-08-01T00:00:00Z	released_before_prediction_creation	starting_model_annotation_missing	unresolved_release_and_creation_dates_are_not_training_or_template_cutoffs
6F42	6F42_8	AF-P20436-F1	ce7cd70250d0b569e39e2cf28c28578cac6ef076795fe9e170de624038c4019d	2018-01-17T00:00:00.000+00:00	2025-08-01T00:00:00Z	released_before_prediction_creation	starting_model_annotation_missing	unresolved_release_and_creation_dates_are_not_training_or_template_cutoffs
6F44	6F44_19	AF-P29056-F1	bf05158060be9cb3c113f731b4fb731d0cd45873415da4d31b30f3e292b21589	2018-01-17T00:00:00.000+00:00	2025-08-01T00:00:00Z	released_before_prediction_creation	starting_model_annotation_missing	unresolved_release_and_creation_dates_are_not_training_or_template_cutoffs
6F44	6F44_6	AF-P20435-F1	b35ac6750b96213d2e2f4608750f185b2daf71c690e6c7ef0382f39de2ec7d1c	2018-01-17T00:00:00.000+00:00	2025-08-01T00:00:00Z	released_before_prediction_creation	starting_model_annotation_missing	unresolved_release_and_creation_dates_are_not_training_or_template_cutoffs
6F44	6F44_7	AF-P35718-F1	c6aefbc99f7f43afb83ce630b7d6a0e3a45e1678cbca2b0dab88f0c807f377be	2018-01-17T00:00:00.000+00:00	2025-08-01T00:00:00Z	released_before_prediction_creation	starting_model_annotation_missing	unresolved_release_and_creation_dates_are_not_training_or_template_cutoffs
6F44	6F44_8	AF-P20436-F1	ce7cd70250d0b569e39e2cf28c28578cac6ef076795fe9e170de624038c4019d	2018-01-17T00:00:00.000+00:00	2025-08-01T00:00:00Z	released_before_prediction_creation	starting_model_annotation_missing	unresolved_release_and_creation_dates_are_not_training_or_template_cutoffs
6FAI	6FAI_10	AF-P40160-F1	96d19daa18e83769d4a23f65b801e1dec1a3c4176e1b4edb640a3ceeb7ed20f1	2018-02-28T00:00:00.000+00:00	2025-08-01T00:00:00Z	released_before_prediction_creation	starting_model_annotation_missing	unresolved_release_and_creation_dates_are_not_training_or_template_cutoffs
6FAI	6FAI_6	AF-Q99216-F1	84d2c25c65d615286c613fa6cb43c3a6ded04bf3ea656def6fecf3a43dcb69c6	2018-02-28T00:00:00.000+00:00	2025-08-01T00:00:00Z	released_before_prediction_creation	starting_model_annotation_missing	unresolved_release_and_creation_dates_are_not_training_or_template_cutoffs
6FAI	6FAI_7	AF-P38333-F1	7853bc1aad7c359d8c4309a1340c0742d4c26c3dbb95f6c3720b0c4dfee7cdaa	2018-02-28T00:00:00.000+00:00	2025-08-01T00:00:00Z	released_before_prediction_creation	starting_model_annotation_missing	unresolved_release_and_creation_dates_are_not_training_or_template_cutoffs
6FAI	6FAI_9	AF-Q07381-F1	b6d1f09ad6d4e53fefcb5686e389010be7f9153d60e48a315d684f3f09b21fec	2018-02-28T00:00:00.000+00:00	2025-08-01T00:00:00Z	released_before_prediction_creation	starting_model_annotation_missing	unresolved_release_and_creation_dates_are_not_training_or_template_cutoffs
6FT6	6FT6_23	AF-P33201-F1	1339886dfb0473fd4dc59344281a8288b3ac1979e074403818c8117482fe794b	2018-03-28T00:00:00.000+00:00	2025-08-01T00:00:00Z	released_before_prediction_creation	starting_model_annotation_missing	unresolved_release_and_creation_dates_are_not_training_or_template_cutoffs
6FT6	6FT6_28	AF-Q02892-F1	9b034068144dc1c8f367dcc1d0940877c694565a6c15b2ee590634a8d512edac	2018-03-28T00:00:00.000+00:00	2025-08-01T00:00:00Z	released_before_prediction_creation	starting_model_annotation_missing	unresolved_release_and_creation_dates_are_not_training_or_template_cutoffs
6FT6	6FT6_44	AF-Q07915-F1	1d54d8fc6fd3850a44b980391ada8291d7463d18caf3143cb61d4a3be8997bc2	2018-03-28T00:00:00.000+00:00	2025-08-01T00:00:00Z	released_before_prediction_creation	starting_model_annotation_missing	unresolved_release_and_creation_dates_are_not_training_or_template_cutoffs
6FT6	6FT6_46	AF-Q08746-F1	4f84b0e10a5b3c764e93baed539d90856f0578cc8d539e760befd2779bbdbae3	2018-03-28T00:00:00.000+00:00	2025-08-01T00:00:00Z	released_before_prediction_creation	starting_model_annotation_missing	unresolved_release_and_creation_dates_are_not_training_or_template_cutoffs
6FT6	6FT6_48	AF-Q12522-F1	a9c859214bc288900788ea22094f6779f5e80a857b1a76ad3d655a47854cced8	2018-03-28T00:00:00.000+00:00	2025-08-01T00:00:00Z	released_before_prediction_creation	starting_model_annotation_missing	unresolved_release_and_creation_dates_are_not_training_or_template_cutoffs
6FYX	6FYX_39	AF-P20459-F1	103b52af36a2c9b9a84c89fd243732557e3cf5b88438528be6a1f8c2023e782e	2018-12-05T00:00:00.000+00:00	2025-08-01T00:00:00Z	released_before_prediction_creation	starting_model_annotation_missing	unresolved_release_and_creation_dates_are_not_training_or_template_cutoffs
6FYX	6FYX_43	AF-P38249-F1	0645362bbfe056a56877c97cff3efb50b0c4a962d7c8500b0d40b60493489a68	2018-12-05T00:00:00.000+00:00	2025-08-01T00:00:00Z	released_before_prediction_creation	starting_model_annotation_missing	unresolved_release_and_creation_dates_are_not_training_or_template_cutoffs
6FYX	6FYX_47	AF-P40217-F1	db0c848d26f2719aa11d159afc8f0b1133f6037749ff3b62a403b4993a55b53d	2018-12-05T00:00:00.000+00:00	2025-08-01T00:00:00Z	released_before_prediction_creation	starting_model_annotation_missing	unresolved_release_and_creation_dates_are_not_training_or_template_cutoffs
6FYY	6FYY_39	AF-P20459-F1	103b52af36a2c9b9a84c89fd243732557e3cf5b88438528be6a1f8c2023e782e	2018-12-05T00:00:00.000+00:00	2025-08-01T00:00:00Z	released_before_prediction_creation	starting_model_annotation_missing	unresolved_release_and_creation_dates_are_not_training_or_template_cutoffs
6FYY	6FYY_43	AF-P38249-F1	0645362bbfe056a56877c97cff3efb50b0c4a962d7c8500b0d40b60493489a68	2018-12-05T00:00:00.000+00:00	2025-08-01T00:00:00Z	released_before_prediction_creation	starting_model_annotation_missing	unresolved_release_and_creation_dates_are_not_training_or_template_cutoffs
6G7F	6G7F_6	AF-P21242-F1	8283ba552d1a3cf6c49a4d151043a7ef16df99a3d9c30a2b73e7692d36d2c844	2018-09-12T00:00:00.000+00:00	2025-08-01T00:00:00Z	released_before_prediction_creation	only_experimental_starting_models_reported_not_independence_proof	unresolved_release_and_creation_dates_are_not_training_or_template_cutoffs
6G8M	6G8M_6	AF-P21242-F1	8283ba552d1a3cf6c49a4d151043a7ef16df99a3d9c30a2b73e7692d36d2c844	2018-09-12T00:00:00.000+00:00	2025-08-01T00:00:00Z	released_before_prediction_creation	only_experimental_starting_models_reported_not_independence_proof	unresolved_release_and_creation_dates_are_not_training_or_template_cutoffs
6G8N	6G8N_6	AF-P21242-F1	8283ba552d1a3cf6c49a4d151043a7ef16df99a3d9c30a2b73e7692d36d2c844	2018-09-12T00:00:00.000+00:00	2025-08-01T00:00:00Z	released_before_prediction_creation	only_experimental_starting_models_reported_not_independence_proof	unresolved_release_and_creation_dates_are_not_training_or_template_cutoffs
6G90	6G90_14	AF-Q04693-F1	1dc42923dbe67f5546e169f9ae859e3ae36837b2a80a83e3d20d416e2b26955d	2018-08-22T00:00:00.000+00:00	2025-08-01T00:00:00Z	released_before_prediction_creation	starting_model_annotation_missing	unresolved_release_and_creation_dates_are_not_training_or_template_cutoffs
6G90	6G90_18	AF-P19736-F1	8ffdab9ad3bb166a8856b225168506babb0f843c04a03ac7585f9214c3993f79	2018-08-22T00:00:00.000+00:00	2025-08-01T00:00:00Z	released_before_prediction_creation	starting_model_annotation_missing	unresolved_release_and_creation_dates_are_not_training_or_template_cutoffs
6GOP	6GOP_6	AF-P21242-F1	8283ba552d1a3cf6c49a4d151043a7ef16df99a3d9c30a2b73e7692d36d2c844	2018-08-01T00:00:00.000+00:00	2025-08-01T00:00:00Z	released_before_prediction_creation	only_experimental_starting_models_reported_not_independence_proof	unresolved_release_and_creation_dates_are_not_training_or_template_cutoffs
6GYK	6GYK_11	AF-P38902-F1	e5ca72de84371c102b60be5d242b8952d384447efd42abc54d2fc7b284a64b0b	2018-12-05T00:00:00.000+00:00	2025-08-01T00:00:00Z	released_before_prediction_creation	starting_model_annotation_missing	unresolved_release_and_creation_dates_are_not_training_or_template_cutoffs
6GYK	6GYK_7	AF-P34087-F1	83d3a4bb2b77f2d447e2e34483b92f4a0abd024d20c78f29b9187d33c13f070a	2018-12-05T00:00:00.000+00:00	2025-08-01T00:00:00Z	released_before_prediction_creation	starting_model_annotation_missing	unresolved_release_and_creation_dates_are_not_training_or_template_cutoffs
6GYK	6GYK_8	AF-P20436-F1	ce7cd70250d0b569e39e2cf28c28578cac6ef076795fe9e170de624038c4019d	2018-12-05T00:00:00.000+00:00	2025-08-01T00:00:00Z	released_before_prediction_creation	starting_model_annotation_missing	unresolved_release_and_creation_dates_are_not_training_or_template_cutoffs
6GYL	6GYL_11	AF-P38902-F1	e5ca72de84371c102b60be5d242b8952d384447efd42abc54d2fc7b284a64b0b	2018-12-05T00:00:00.000+00:00	2025-08-01T00:00:00Z	released_before_prediction_creation	starting_model_annotation_missing	unresolved_release_and_creation_dates_are_not_training_or_template_cutoffs
6GYL	6GYL_6	AF-P20435-F1	b35ac6750b96213d2e2f4608750f185b2daf71c690e6c7ef0382f39de2ec7d1c	2018-12-05T00:00:00.000+00:00	2025-08-01T00:00:00Z	released_before_prediction_creation	starting_model_annotation_missing	unresolved_release_and_creation_dates_are_not_training_or_template_cutoffs
6GYL	6GYL_7	AF-P34087-F1	83d3a4bb2b77f2d447e2e34483b92f4a0abd024d20c78f29b9187d33c13f070a	2018-12-05T00:00:00.000+00:00	2025-08-01T00:00:00Z	released_before_prediction_creation	starting_model_annotation_missing	unresolved_release_and_creation_dates_are_not_training_or_template_cutoffs
6GYL	6GYL_8	AF-P20436-F1	ce7cd70250d0b569e39e2cf28c28578cac6ef076795fe9e170de624038c4019d	2018-12-05T00:00:00.000+00:00	2025-08-01T00:00:00Z	released_before_prediction_creation	starting_model_annotation_missing	unresolved_release_and_creation_dates_are_not_training_or_template_cutoffs
6GYM	6GYM_14	AF-P20435-F1	b35ac6750b96213d2e2f4608750f185b2daf71c690e6c7ef0382f39de2ec7d1c	2018-12-05T00:00:00.000+00:00	2025-08-01T00:00:00Z	released_before_prediction_creation	starting_model_annotation_missing	unresolved_release_and_creation_dates_are_not_training_or_template_cutoffs
6GYM	6GYM_15	AF-P34087-F1	83d3a4bb2b77f2d447e2e34483b92f4a0abd024d20c78f29b9187d33c13f070a	2018-12-05T00:00:00.000+00:00	2025-08-01T00:00:00Z	released_before_prediction_creation	starting_model_annotation_missing	unresolved_release_and_creation_dates_are_not_training_or_template_cutoffs
6GYM	6GYM_16	AF-P20436-F1	ce7cd70250d0b569e39e2cf28c28578cac6ef076795fe9e170de624038c4019d	2018-12-05T00:00:00.000+00:00	2025-08-01T00:00:00Z	released_before_prediction_creation	starting_model_annotation_missing	unresolved_release_and_creation_dates_are_not_training_or_template_cutoffs
6GYM	6GYM_19	AF-P38902-F1	e5ca72de84371c102b60be5d242b8952d384447efd42abc54d2fc7b284a64b0b	2018-12-05T00:00:00.000+00:00	2025-08-01T00:00:00Z	released_before_prediction_creation	starting_model_annotation_missing	unresolved_release_and_creation_dates_are_not_training_or_template_cutoffs
6H39	6H39_6	AF-P21242-F1	8283ba552d1a3cf6c49a4d151043a7ef16df99a3d9c30a2b73e7692d36d2c844	2018-11-07T00:00:00.000+00:00	2025-08-01T00:00:00Z	released_before_prediction_creation	only_experimental_starting_models_reported_not_independence_proof	unresolved_release_and_creation_dates_are_not_training_or_template_cutoffs
6H67	6H67_6	AF-P20435-F1	b35ac6750b96213d2e2f4608750f185b2daf71c690e6c7ef0382f39de2ec7d1c	2018-08-29T00:00:00.000+00:00	2025-08-01T00:00:00Z	released_before_prediction_creation	only_experimental_starting_models_reported_not_independence_proof	unresolved_release_and_creation_dates_are_not_training_or_template_cutoffs
6H67	6H67_8	AF-P20436-F1	ce7cd70250d0b569e39e2cf28c28578cac6ef076795fe9e170de624038c4019d	2018-08-29T00:00:00.000+00:00	2025-08-01T00:00:00Z	released_before_prediction_creation	only_experimental_starting_models_reported_not_independence_proof	unresolved_release_and_creation_dates_are_not_training_or_template_cutoffs
6H68	6H68_6	AF-P20435-F1	b35ac6750b96213d2e2f4608750f185b2daf71c690e6c7ef0382f39de2ec7d1c	2018-08-29T00:00:00.000+00:00	2025-08-01T00:00:00Z	released_before_prediction_creation	only_experimental_starting_models_reported_not_independence_proof	unresolved_release_and_creation_dates_are_not_training_or_template_cutoffs
6H68	6H68_8	AF-P20436-F1	ce7cd70250d0b569e39e2cf28c28578cac6ef076795fe9e170de624038c4019d	2018-08-29T00:00:00.000+00:00	2025-08-01T00:00:00Z	released_before_prediction_creation	only_experimental_starting_models_reported_not_independence_proof	unresolved_release_and_creation_dates_are_not_training_or_template_cutoffs
6HKO	6HKO_6	AF-P20435-F1	b35ac6750b96213d2e2f4608750f185b2daf71c690e6c7ef0382f39de2ec7d1c	2019-04-03T00:00:00.000+00:00	2025-08-01T00:00:00Z	released_before_prediction_creation	only_experimental_starting_models_reported_not_independence_proof	unresolved_release_and_creation_dates_are_not_training_or_template_cutoffs
6HKO	6HKO_8	AF-P20436-F1	ce7cd70250d0b569e39e2cf28c28578cac6ef076795fe9e170de624038c4019d	2019-04-03T00:00:00.000+00:00	2025-08-01T00:00:00Z	released_before_prediction_creation	only_experimental_starting_models_reported_not_independence_proof	unresolved_release_and_creation_dates_are_not_training_or_template_cutoffs
6HLQ	6HLQ_6	AF-P20435-F1	b35ac6750b96213d2e2f4608750f185b2daf71c690e6c7ef0382f39de2ec7d1c	2019-04-03T00:00:00.000+00:00	2025-08-01T00:00:00Z	released_before_prediction_creation	only_experimental_starting_models_reported_not_independence_proof	unresolved_release_and_creation_dates_are_not_training_or_template_cutoffs
6HLQ	6HLQ_8	AF-P20436-F1	ce7cd70250d0b569e39e2cf28c28578cac6ef076795fe9e170de624038c4019d	2019-04-03T00:00:00.000+00:00	2025-08-01T00:00:00Z	released_before_prediction_creation	only_experimental_starting_models_reported_not_independence_proof	unresolved_release_and_creation_dates_are_not_training_or_template_cutoffs
6HLR	6HLR_6	AF-P20435-F1	b35ac6750b96213d2e2f4608750f185b2daf71c690e6c7ef0382f39de2ec7d1c	2019-04-03T00:00:00.000+00:00	2025-08-01T00:00:00Z	released_before_prediction_creation	only_experimental_starting_models_reported_not_independence_proof	unresolved_release_and_creation_dates_are_not_training_or_template_cutoffs
6HLR	6HLR_8	AF-P20436-F1	ce7cd70250d0b569e39e2cf28c28578cac6ef076795fe9e170de624038c4019d	2019-04-03T00:00:00.000+00:00	2025-08-01T00:00:00Z	released_before_prediction_creation	only_experimental_starting_models_reported_not_independence_proof	unresolved_release_and_creation_dates_are_not_training_or_template_cutoffs
6HLS	6HLS_6	AF-P20435-F1	b35ac6750b96213d2e2f4608750f185b2daf71c690e6c7ef0382f39de2ec7d1c	2019-04-03T00:00:00.000+00:00	2025-08-01T00:00:00Z	released_before_prediction_creation	only_experimental_starting_models_reported_not_independence_proof	unresolved_release_and_creation_dates_are_not_training_or_template_cutoffs
6HLS	6HLS_8	AF-P20436-F1	ce7cd70250d0b569e39e2cf28c28578cac6ef076795fe9e170de624038c4019d	2019-04-03T00:00:00.000+00:00	2025-08-01T00:00:00Z	released_before_prediction_creation	only_experimental_starting_models_reported_not_independence_proof	unresolved_release_and_creation_dates_are_not_training_or_template_cutoffs
6HTB	6HTB_6	AF-P21242-F1	8283ba552d1a3cf6c49a4d151043a7ef16df99a3d9c30a2b73e7692d36d2c844	2019-01-30T00:00:00.000+00:00	2025-08-01T00:00:00Z	released_before_prediction_creation	only_experimental_starting_models_reported_not_independence_proof	unresolved_release_and_creation_dates_are_not_training_or_template_cutoffs
6HTC	6HTC_6	AF-P21242-F1	8283ba552d1a3cf6c49a4d151043a7ef16df99a3d9c30a2b73e7692d36d2c844	2019-01-30T00:00:00.000+00:00	2025-08-01T00:00:00Z	released_before_prediction_creation	only_experimental_starting_models_reported_not_independence_proof	unresolved_release_and_creation_dates_are_not_training_or_template_cutoffs
6HTD	6HTD_6	AF-P21242-F1	8283ba552d1a3cf6c49a4d151043a7ef16df99a3d9c30a2b73e7692d36d2c844	2019-01-30T00:00:00.000+00:00	2025-08-01T00:00:00Z	released_before_prediction_creation	only_experimental_starting_models_reported_not_independence_proof	unresolved_release_and_creation_dates_are_not_training_or_template_cutoffs
6HTP	6HTP_6	AF-P21242-F1	8283ba552d1a3cf6c49a4d151043a7ef16df99a3d9c30a2b73e7692d36d2c844	2019-01-30T00:00:00.000+00:00	2025-08-01T00:00:00Z	released_before_prediction_creation	only_experimental_starting_models_reported_not_independence_proof	unresolved_release_and_creation_dates_are_not_training_or_template_cutoffs
6HTR	6HTR_6	AF-P21242-F1	8283ba552d1a3cf6c49a4d151043a7ef16df99a3d9c30a2b73e7692d36d2c844	2019-01-30T00:00:00.000+00:00	2025-08-01T00:00:00Z	released_before_prediction_creation	only_experimental_starting_models_reported_not_independence_proof	unresolved_release_and_creation_dates_are_not_training_or_template_cutoffs
6HUB	6HUB_6	AF-P21242-F1	8283ba552d1a3cf6c49a4d151043a7ef16df99a3d9c30a2b73e7692d36d2c844	2019-01-30T00:00:00.000+00:00	2025-08-01T00:00:00Z	released_before_prediction_creation	only_experimental_starting_models_reported_not_independence_proof	unresolved_release_and_creation_dates_are_not_training_or_template_cutoffs
6HUC	6HUC_6	AF-P21242-F1	8283ba552d1a3cf6c49a4d151043a7ef16df99a3d9c30a2b73e7692d36d2c844	2019-01-30T00:00:00.000+00:00	2025-08-01T00:00:00Z	released_before_prediction_creation	only_experimental_starting_models_reported_not_independence_proof	unresolved_release_and_creation_dates_are_not_training_or_template_cutoffs
6HUQ	6HUQ_6	AF-P21242-F1	8283ba552d1a3cf6c49a4d151043a7ef16df99a3d9c30a2b73e7692d36d2c844	2019-01-30T00:00:00.000+00:00	2025-08-01T00:00:00Z	released_before_prediction_creation	only_experimental_starting_models_reported_not_independence_proof	unresolved_release_and_creation_dates_are_not_training_or_template_cutoffs
6HUU	6HUU_6	AF-P21242-F1	8283ba552d1a3cf6c49a4d151043a7ef16df99a3d9c30a2b73e7692d36d2c844	2019-01-30T00:00:00.000+00:00	2025-08-01T00:00:00Z	released_before_prediction_creation	only_experimental_starting_models_reported_not_independence_proof	unresolved_release_and_creation_dates_are_not_training_or_template_cutoffs
6HUV	6HUV_6	AF-P21242-F1	8283ba552d1a3cf6c49a4d151043a7ef16df99a3d9c30a2b73e7692d36d2c844	2019-01-30T00:00:00.000+00:00	2025-08-01T00:00:00Z	released_before_prediction_creation	only_experimental_starting_models_reported_not_independence_proof	unresolved_release_and_creation_dates_are_not_training_or_template_cutoffs
6HV3	6HV3_6	AF-P21242-F1	8283ba552d1a3cf6c49a4d151043a7ef16df99a3d9c30a2b73e7692d36d2c844	2019-01-30T00:00:00.000+00:00	2025-08-01T00:00:00Z	released_before_prediction_creation	only_experimental_starting_models_reported_not_independence_proof	unresolved_release_and_creation_dates_are_not_training_or_template_cutoffs
6HV4	6HV4_6	AF-P21242-F1	8283ba552d1a3cf6c49a4d151043a7ef16df99a3d9c30a2b73e7692d36d2c844	2019-01-30T00:00:00.000+00:00	2025-08-01T00:00:00Z	released_before_prediction_creation	only_experimental_starting_models_reported_not_independence_proof	unresolved_release_and_creation_dates_are_not_training_or_template_cutoffs
6HV5	6HV5_6	AF-P21242-F1	8283ba552d1a3cf6c49a4d151043a7ef16df99a3d9c30a2b73e7692d36d2c844	2019-01-30T00:00:00.000+00:00	2025-08-01T00:00:00Z	released_before_prediction_creation	only_experimental_starting_models_reported_not_independence_proof	unresolved_release_and_creation_dates_are_not_training_or_template_cutoffs
6HV7	6HV7_6	AF-P21242-F1	8283ba552d1a3cf6c49a4d151043a7ef16df99a3d9c30a2b73e7692d36d2c844	2019-01-30T00:00:00.000+00:00	2025-08-01T00:00:00Z	released_before_prediction_creation	only_experimental_starting_models_reported_not_independence_proof	unresolved_release_and_creation_dates_are_not_training_or_template_cutoffs
6HV9	6HV9_10	AF-Q03406-F1	5cae9a720dba99e7f3e4f1de8b6a63064ee6691f0e076cf8012a08762d7a3c52	2018-12-12T00:00:00.000+00:00	2025-08-01T00:00:00Z	released_before_prediction_creation	starting_model_annotation_missing	unresolved_release_and_creation_dates_are_not_training_or_template_cutoffs
6HV9	6HV9_2	AF-P30665-F1	0b38fefaef2eca7f23bb979bc9da1dec4e9a6ffe79ea3e53edd734b02e70527b	2018-12-12T00:00:00.000+00:00	2025-08-01T00:00:00Z	released_before_prediction_creation	starting_model_annotation_missing	unresolved_release_and_creation_dates_are_not_training_or_template_cutoffs
6HV9	6HV9_4	AF-P53091-F1	03b7797a0460645fc3278608ce831cc02c9437647883cfcf335a74b1b3aeb9c3	2018-12-12T00:00:00.000+00:00	2025-08-01T00:00:00Z	released_before_prediction_creation	starting_model_annotation_missing	unresolved_release_and_creation_dates_are_not_training_or_template_cutoffs
6HV9	6HV9_6	AF-P38132-F1	dbff9e0a6531af71d18bb3f0b0febfb568f2e863b6861e6daa67f914c7942edf	2018-12-12T00:00:00.000+00:00	2025-08-01T00:00:00Z	released_before_prediction_creation	starting_model_annotation_missing	unresolved_release_and_creation_dates_are_not_training_or_template_cutoffs
6HV9	6HV9_8	AF-P40359-F1	9fb69cb67e3079fd58481686b3e32f9badf14994da061a3c837e6c9b88b2ab82	2018-12-12T00:00:00.000+00:00	2025-08-01T00:00:00Z	released_before_prediction_creation	starting_model_annotation_missing	unresolved_release_and_creation_dates_are_not_training_or_template_cutoffs
6HVA	6HVA_6	AF-P21242-F1	8283ba552d1a3cf6c49a4d151043a7ef16df99a3d9c30a2b73e7692d36d2c844	2019-01-30T00:00:00.000+00:00	2025-08-01T00:00:00Z	released_before_prediction_creation	only_experimental_starting_models_reported_not_independence_proof	unresolved_release_and_creation_dates_are_not_training_or_template_cutoffs
6HVR	6HVR_6	AF-P21242-F1	8283ba552d1a3cf6c49a4d151043a7ef16df99a3d9c30a2b73e7692d36d2c844	2019-01-30T00:00:00.000+00:00	2025-08-01T00:00:00Z	released_before_prediction_creation	only_experimental_starting_models_reported_not_independence_proof	unresolved_release_and_creation_dates_are_not_training_or_template_cutoffs
6HVS	6HVS_6	AF-P21242-F1	8283ba552d1a3cf6c49a4d151043a7ef16df99a3d9c30a2b73e7692d36d2c844	2019-01-30T00:00:00.000+00:00	2025-08-01T00:00:00Z	released_before_prediction_creation	only_experimental_starting_models_reported_not_independence_proof	unresolved_release_and_creation_dates_are_not_training_or_template_cutoffs
6HVT	6HVT_6	AF-P21242-F1	8283ba552d1a3cf6c49a4d151043a7ef16df99a3d9c30a2b73e7692d36d2c844	2019-01-30T00:00:00.000+00:00	2025-08-01T00:00:00Z	released_before_prediction_creation	only_experimental_starting_models_reported_not_independence_proof	unresolved_release_and_creation_dates_are_not_training_or_template_cutoffs
6HVU	6HVU_6	AF-P21242-F1	8283ba552d1a3cf6c49a4d151043a7ef16df99a3d9c30a2b73e7692d36d2c844	2019-01-30T00:00:00.000+00:00	2025-08-01T00:00:00Z	released_before_prediction_creation	only_experimental_starting_models_reported_not_independence_proof	unresolved_release_and_creation_dates_are_not_training_or_template_cutoffs
6HVV	6HVV_6	AF-P21242-F1	8283ba552d1a3cf6c49a4d151043a7ef16df99a3d9c30a2b73e7692d36d2c844	2019-01-30T00:00:00.000+00:00	2025-08-01T00:00:00Z	released_before_prediction_creation	only_experimental_starting_models_reported_not_independence_proof	unresolved_release_and_creation_dates_are_not_training_or_template_cutoffs
6HVW	6HVW_6	AF-P21242-F1	8283ba552d1a3cf6c49a4d151043a7ef16df99a3d9c30a2b73e7692d36d2c844	2019-01-30T00:00:00.000+00:00	2025-08-01T00:00:00Z	released_before_prediction_creation	only_experimental_starting_models_reported_not_independence_proof	unresolved_release_and_creation_dates_are_not_training_or_template_cutoffs
6HVX	6HVX_6	AF-P21242-F1	8283ba552d1a3cf6c49a4d151043a7ef16df99a3d9c30a2b73e7692d36d2c844	2019-01-30T00:00:00.000+00:00	2025-08-01T00:00:00Z	released_before_prediction_creation	only_experimental_starting_models_reported_not_independence_proof	unresolved_release_and_creation_dates_are_not_training_or_template_cutoffs
6HVY	6HVY_6	AF-P21242-F1	8283ba552d1a3cf6c49a4d151043a7ef16df99a3d9c30a2b73e7692d36d2c844	2019-01-30T00:00:00.000+00:00	2025-08-01T00:00:00Z	released_before_prediction_creation	only_experimental_starting_models_reported_not_independence_proof	unresolved_release_and_creation_dates_are_not_training_or_template_cutoffs
6HW0	6HW0_6	AF-P21242-F1	8283ba552d1a3cf6c49a4d151043a7ef16df99a3d9c30a2b73e7692d36d2c844	2019-01-30T00:00:00.000+00:00	2025-08-01T00:00:00Z	released_before_prediction_creation	only_experimental_starting_models_reported_not_independence_proof	unresolved_release_and_creation_dates_are_not_training_or_template_cutoffs
6HW3	6HW3_6	AF-P21242-F1	8283ba552d1a3cf6c49a4d151043a7ef16df99a3d9c30a2b73e7692d36d2c844	2019-01-30T00:00:00.000+00:00	2025-08-01T00:00:00Z	released_before_prediction_creation	only_experimental_starting_models_reported_not_independence_proof	unresolved_release_and_creation_dates_are_not_training_or_template_cutoffs
6HW4	6HW4_6	AF-P21242-F1	8283ba552d1a3cf6c49a4d151043a7ef16df99a3d9c30a2b73e7692d36d2c844	2019-01-30T00:00:00.000+00:00	2025-08-01T00:00:00Z	released_before_prediction_creation	only_experimental_starting_models_reported_not_independence_proof	unresolved_release_and_creation_dates_are_not_training_or_template_cutoffs
6HW5	6HW5_6	AF-P21242-F1	8283ba552d1a3cf6c49a4d151043a7ef16df99a3d9c30a2b73e7692d36d2c844	2019-01-30T00:00:00.000+00:00	2025-08-01T00:00:00Z	released_before_prediction_creation	only_experimental_starting_models_reported_not_independence_proof	unresolved_release_and_creation_dates_are_not_training_or_template_cutoffs
6HW6	6HW6_6	AF-P21242-F1	8283ba552d1a3cf6c49a4d151043a7ef16df99a3d9c30a2b73e7692d36d2c844	2019-01-30T00:00:00.000+00:00	2025-08-01T00:00:00Z	released_before_prediction_creation	only_experimental_starting_models_reported_not_independence_proof	unresolved_release_and_creation_dates_are_not_training_or_template_cutoffs
6HW7	6HW7_6	AF-P21242-F1	8283ba552d1a3cf6c49a4d151043a7ef16df99a3d9c30a2b73e7692d36d2c844	2019-01-30T00:00:00.000+00:00	2025-08-01T00:00:00Z	released_before_prediction_creation	only_experimental_starting_models_reported_not_independence_proof	unresolved_release_and_creation_dates_are_not_training_or_template_cutoffs
6HW8	6HW8_6	AF-P21242-F1	8283ba552d1a3cf6c49a4d151043a7ef16df99a3d9c30a2b73e7692d36d2c844	2019-01-30T00:00:00.000+00:00	2025-08-01T00:00:00Z	released_before_prediction_creation	only_experimental_starting_models_reported_not_independence_proof	unresolved_release_and_creation_dates_are_not_training_or_template_cutoffs
6HW9	6HW9_6	AF-P21242-F1	8283ba552d1a3cf6c49a4d151043a7ef16df99a3d9c30a2b73e7692d36d2c844	2019-01-30T00:00:00.000+00:00	2025-08-01T00:00:00Z	released_before_prediction_creation	only_experimental_starting_models_reported_not_independence_proof	unresolved_release_and_creation_dates_are_not_training_or_template_cutoffs
6HWA	6HWA_6	AF-P21242-F1	8283ba552d1a3cf6c49a4d151043a7ef16df99a3d9c30a2b73e7692d36d2c844	2019-01-30T00:00:00.000+00:00	2025-08-01T00:00:00Z	released_before_prediction_creation	only_experimental_starting_models_reported_not_independence_proof	unresolved_release_and_creation_dates_are_not_training_or_template_cutoffs
6HWB	6HWB_6	AF-P21242-F1	8283ba552d1a3cf6c49a4d151043a7ef16df99a3d9c30a2b73e7692d36d2c844	2019-01-30T00:00:00.000+00:00	2025-08-01T00:00:00Z	released_before_prediction_creation	only_experimental_starting_models_reported_not_independence_proof	unresolved_release_and_creation_dates_are_not_training_or_template_cutoffs
6HWC	6HWC_6	AF-P21242-F1	8283ba552d1a3cf6c49a4d151043a7ef16df99a3d9c30a2b73e7692d36d2c844	2019-01-30T00:00:00.000+00:00	2025-08-01T00:00:00Z	released_before_prediction_creation	only_experimental_starting_models_reported_not_independence_proof	unresolved_release_and_creation_dates_are_not_training_or_template_cutoffs
6HWD	6HWD_6	AF-P21242-F1	8283ba552d1a3cf6c49a4d151043a7ef16df99a3d9c30a2b73e7692d36d2c844	2019-01-30T00:00:00.000+00:00	2025-08-01T00:00:00Z	released_before_prediction_creation	only_experimental_starting_models_reported_not_independence_proof	unresolved_release_and_creation_dates_are_not_training_or_template_cutoffs
6HWE	6HWE_6	AF-P21242-F1	8283ba552d1a3cf6c49a4d151043a7ef16df99a3d9c30a2b73e7692d36d2c844	2019-01-30T00:00:00.000+00:00	2025-08-01T00:00:00Z	released_before_prediction_creation	only_experimental_starting_models_reported_not_independence_proof	unresolved_release_and_creation_dates_are_not_training_or_template_cutoffs
6HWF	6HWF_6	AF-P21242-F1	8283ba552d1a3cf6c49a4d151043a7ef16df99a3d9c30a2b73e7692d36d2c844	2019-01-30T00:00:00.000+00:00	2025-08-01T00:00:00Z	released_before_prediction_creation	only_experimental_starting_models_reported_not_independence_proof	unresolved_release_and_creation_dates_are_not_training_or_template_cutoffs
6I3M	6I3M_6	AF-P20459-F1	103b52af36a2c9b9a84c89fd243732557e3cf5b88438528be6a1f8c2023e782e	2019-05-22T00:00:00.000+00:00	2025-08-01T00:00:00Z	released_before_prediction_creation	only_experimental_starting_models_reported_not_independence_proof	unresolved_release_and_creation_dates_are_not_training_or_template_cutoffs
6I7T	6I7T_6	AF-P20459-F1	103b52af36a2c9b9a84c89fd243732557e3cf5b88438528be6a1f8c2023e782e	2019-05-22T00:00:00.000+00:00	2025-08-01T00:00:00Z	released_before_prediction_creation	only_experimental_starting_models_reported_not_independence_proof	unresolved_release_and_creation_dates_are_not_training_or_template_cutoffs
6I84	6I84_12	AF-P20435-F1	b35ac6750b96213d2e2f4608750f185b2daf71c690e6c7ef0382f39de2ec7d1c	2019-01-02T00:00:00.000+00:00	2025-08-01T00:00:00Z	released_before_prediction_creation	starting_model_annotation_missing	unresolved_release_and_creation_dates_are_not_training_or_template_cutoffs
6I84	6I84_13	AF-P34087-F1	83d3a4bb2b77f2d447e2e34483b92f4a0abd024d20c78f29b9187d33c13f070a	2019-01-02T00:00:00.000+00:00	2025-08-01T00:00:00Z	released_before_prediction_creation	starting_model_annotation_missing	unresolved_release_and_creation_dates_are_not_training_or_template_cutoffs
6I84	6I84_14	AF-P20436-F1	ce7cd70250d0b569e39e2cf28c28578cac6ef076795fe9e170de624038c4019d	2019-01-02T00:00:00.000+00:00	2025-08-01T00:00:00Z	released_before_prediction_creation	starting_model_annotation_missing	unresolved_release_and_creation_dates_are_not_training_or_template_cutoffs
6I84	6I84_17	AF-P38902-F1	e5ca72de84371c102b60be5d242b8952d384447efd42abc54d2fc7b284a64b0b	2019-01-02T00:00:00.000+00:00	2025-08-01T00:00:00Z	released_before_prediction_creation	starting_model_annotation_missing	unresolved_release_and_creation_dates_are_not_training_or_template_cutoffs
6J2C	6J2C_14	AF-P21242-F1	8283ba552d1a3cf6c49a4d151043a7ef16df99a3d9c30a2b73e7692d36d2c844	2019-03-13T00:00:00.000+00:00	2025-08-01T00:00:00Z	released_before_prediction_creation	starting_model_annotation_missing	unresolved_release_and_creation_dates_are_not_training_or_template_cutoffs
6J2C	6J2C_21	AF-P32565-F1	fe2ef41c38ef7266951644e6481f0310899fda58b257a0a6b0c7c8e3c3cabea4	2019-03-13T00:00:00.000+00:00	2025-08-01T00:00:00Z	released_before_prediction_creation	starting_model_annotation_missing	unresolved_release_and_creation_dates_are_not_training_or_template_cutoffs
6J2C	6J2C_23	AF-Q12250-F1	f9d25f45a2a3eee589a6c556661ee99fe05c787d87bf2ba89aea44dae9063aac	2019-03-13T00:00:00.000+00:00	2025-08-01T00:00:00Z	released_before_prediction_creation	starting_model_annotation_missing	unresolved_release_and_creation_dates_are_not_training_or_template_cutoffs
6J2C	6J2C_25	AF-Q06103-F1	668cafe2b2304fbacb9ab68ea3c37c7805a16334996147ff72c4ca5be69b64eb	2019-03-13T00:00:00.000+00:00	2025-08-01T00:00:00Z	released_before_prediction_creation	starting_model_annotation_missing	unresolved_release_and_creation_dates_are_not_training_or_template_cutoffs
6J2C	6J2C_26	AF-P40016-F1	4a79a9ca6b6fcb3175539bdae202a7cc5e2df058476852f87bf482b5d1127fd2	2019-03-13T00:00:00.000+00:00	2025-08-01T00:00:00Z	released_before_prediction_creation	starting_model_annotation_missing	unresolved_release_and_creation_dates_are_not_training_or_template_cutoffs
6J2C	6J2C_33	AF-P38764-F1	8bf7784ea7d1c049bdb205d07f75d93f35ee4acec9266bab391a7d2fd35e30ca	2019-03-13T00:00:00.000+00:00	2025-08-01T00:00:00Z	released_before_prediction_creation	starting_model_annotation_missing	unresolved_release_and_creation_dates_are_not_training_or_template_cutoffs
6J2N	6J2N_14	AF-P21242-F1	8283ba552d1a3cf6c49a4d151043a7ef16df99a3d9c30a2b73e7692d36d2c844	2019-03-20T00:00:00.000+00:00	2025-08-01T00:00:00Z	released_before_prediction_creation	starting_model_annotation_missing	unresolved_release_and_creation_dates_are_not_training_or_template_cutoffs
6J2N	6J2N_21	AF-P32565-F1	fe2ef41c38ef7266951644e6481f0310899fda58b257a0a6b0c7c8e3c3cabea4	2019-03-20T00:00:00.000+00:00	2025-08-01T00:00:00Z	released_before_prediction_creation	starting_model_annotation_missing	unresolved_release_and_creation_dates_are_not_training_or_template_cutoffs
6J2N	6J2N_23	AF-Q12250-F1	f9d25f45a2a3eee589a6c556661ee99fe05c787d87bf2ba89aea44dae9063aac	2019-03-20T00:00:00.000+00:00	2025-08-01T00:00:00Z	released_before_prediction_creation	starting_model_annotation_missing	unresolved_release_and_creation_dates_are_not_training_or_template_cutoffs
6J2N	6J2N_25	AF-Q06103-F1	668cafe2b2304fbacb9ab68ea3c37c7805a16334996147ff72c4ca5be69b64eb	2019-03-20T00:00:00.000+00:00	2025-08-01T00:00:00Z	released_before_prediction_creation	starting_model_annotation_missing	unresolved_release_and_creation_dates_are_not_training_or_template_cutoffs
6J2N	6J2N_26	AF-P40016-F1	4a79a9ca6b6fcb3175539bdae202a7cc5e2df058476852f87bf482b5d1127fd2	2019-03-20T00:00:00.000+00:00	2025-08-01T00:00:00Z	released_before_prediction_creation	starting_model_annotation_missing	unresolved_release_and_creation_dates_are_not_training_or_template_cutoffs
6J2N	6J2N_33	AF-P38764-F1	8bf7784ea7d1c049bdb205d07f75d93f35ee4acec9266bab391a7d2fd35e30ca	2019-03-20T00:00:00.000+00:00	2025-08-01T00:00:00Z	released_before_prediction_creation	starting_model_annotation_missing	unresolved_release_and_creation_dates_are_not_training_or_template_cutoffs
6J2Q	6J2Q_14	AF-P21242-F1	8283ba552d1a3cf6c49a4d151043a7ef16df99a3d9c30a2b73e7692d36d2c844	2019-03-13T00:00:00.000+00:00	2025-08-01T00:00:00Z	released_before_prediction_creation	starting_model_annotation_missing	unresolved_release_and_creation_dates_are_not_training_or_template_cutoffs
6J2Q	6J2Q_21	AF-P32565-F1	fe2ef41c38ef7266951644e6481f0310899fda58b257a0a6b0c7c8e3c3cabea4	2019-03-13T00:00:00.000+00:00	2025-08-01T00:00:00Z	released_before_prediction_creation	starting_model_annotation_missing	unresolved_release_and_creation_dates_are_not_training_or_template_cutoffs
6J2Q	6J2Q_23	AF-Q12250-F1	f9d25f45a2a3eee589a6c556661ee99fe05c787d87bf2ba89aea44dae9063aac	2019-03-13T00:00:00.000+00:00	2025-08-01T00:00:00Z	released_before_prediction_creation	starting_model_annotation_missing	unresolved_release_and_creation_dates_are_not_training_or_template_cutoffs
6J2Q	6J2Q_25	AF-Q06103-F1	668cafe2b2304fbacb9ab68ea3c37c7805a16334996147ff72c4ca5be69b64eb	2019-03-13T00:00:00.000+00:00	2025-08-01T00:00:00Z	released_before_prediction_creation	starting_model_annotation_missing	unresolved_release_and_creation_dates_are_not_training_or_template_cutoffs
6J2Q	6J2Q_26	AF-P40016-F1	4a79a9ca6b6fcb3175539bdae202a7cc5e2df058476852f87bf482b5d1127fd2	2019-03-13T00:00:00.000+00:00	2025-08-01T00:00:00Z	released_before_prediction_creation	starting_model_annotation_missing	unresolved_release_and_creation_dates_are_not_training_or_template_cutoffs
6J2Q	6J2Q_33	AF-P38764-F1	8bf7784ea7d1c049bdb205d07f75d93f35ee4acec9266bab391a7d2fd35e30ca	2019-03-13T00:00:00.000+00:00	2025-08-01T00:00:00Z	released_before_prediction_creation	starting_model_annotation_missing	unresolved_release_and_creation_dates_are_not_training_or_template_cutoffs
6J2X	6J2X_14	AF-P21242-F1	8283ba552d1a3cf6c49a4d151043a7ef16df99a3d9c30a2b73e7692d36d2c844	2019-03-13T00:00:00.000+00:00	2025-08-01T00:00:00Z	released_before_prediction_creation	starting_model_annotation_missing	unresolved_release_and_creation_dates_are_not_training_or_template_cutoffs
6J2X	6J2X_21	AF-P32565-F1	fe2ef41c38ef7266951644e6481f0310899fda58b257a0a6b0c7c8e3c3cabea4	2019-03-13T00:00:00.000+00:00	2025-08-01T00:00:00Z	released_before_prediction_creation	starting_model_annotation_missing	unresolved_release_and_creation_dates_are_not_training_or_template_cutoffs
6J2X	6J2X_23	AF-Q12250-F1	f9d25f45a2a3eee589a6c556661ee99fe05c787d87bf2ba89aea44dae9063aac	2019-03-13T00:00:00.000+00:00	2025-08-01T00:00:00Z	released_before_prediction_creation	starting_model_annotation_missing	unresolved_release_and_creation_dates_are_not_training_or_template_cutoffs
6J2X	6J2X_25	AF-Q06103-F1	668cafe2b2304fbacb9ab68ea3c37c7805a16334996147ff72c4ca5be69b64eb	2019-03-13T00:00:00.000+00:00	2025-08-01T00:00:00Z	released_before_prediction_creation	starting_model_annotation_missing	unresolved_release_and_creation_dates_are_not_training_or_template_cutoffs
6J2X	6J2X_26	AF-P40016-F1	4a79a9ca6b6fcb3175539bdae202a7cc5e2df058476852f87bf482b5d1127fd2	2019-03-13T00:00:00.000+00:00	2025-08-01T00:00:00Z	released_before_prediction_creation	starting_model_annotation_missing	unresolved_release_and_creation_dates_are_not_training_or_template_cutoffs
6J2X	6J2X_33	AF-P38764-F1	8bf7784ea7d1c049bdb205d07f75d93f35ee4acec9266bab391a7d2fd35e30ca	2019-03-13T00:00:00.000+00:00	2025-08-01T00:00:00Z	released_before_prediction_creation	starting_model_annotation_missing	unresolved_release_and_creation_dates_are_not_training_or_template_cutoffs
6J30	6J30_14	AF-P21242-F1	8283ba552d1a3cf6c49a4d151043a7ef16df99a3d9c30a2b73e7692d36d2c844	2019-03-20T00:00:00.000+00:00	2025-08-01T00:00:00Z	released_before_prediction_creation	starting_model_annotation_missing	unresolved_release_and_creation_dates_are_not_training_or_template_cutoffs
6J30	6J30_21	AF-P32565-F1	fe2ef41c38ef7266951644e6481f0310899fda58b257a0a6b0c7c8e3c3cabea4	2019-03-20T00:00:00.000+00:00	2025-08-01T00:00:00Z	released_before_prediction_creation	starting_model_annotation_missing	unresolved_release_and_creation_dates_are_not_training_or_template_cutoffs
6J30	6J30_23	AF-Q12250-F1	f9d25f45a2a3eee589a6c556661ee99fe05c787d87bf2ba89aea44dae9063aac	2019-03-20T00:00:00.000+00:00	2025-08-01T00:00:00Z	released_before_prediction_creation	starting_model_annotation_missing	unresolved_release_and_creation_dates_are_not_training_or_template_cutoffs
6J30	6J30_25	AF-Q06103-F1	668cafe2b2304fbacb9ab68ea3c37c7805a16334996147ff72c4ca5be69b64eb	2019-03-20T00:00:00.000+00:00	2025-08-01T00:00:00Z	released_before_prediction_creation	starting_model_annotation_missing	unresolved_release_and_creation_dates_are_not_training_or_template_cutoffs
6J30	6J30_26	AF-P40016-F1	4a79a9ca6b6fcb3175539bdae202a7cc5e2df058476852f87bf482b5d1127fd2	2019-03-20T00:00:00.000+00:00	2025-08-01T00:00:00Z	released_before_prediction_creation	starting_model_annotation_missing	unresolved_release_and_creation_dates_are_not_training_or_template_cutoffs
6J30	6J30_33	AF-P38764-F1	8bf7784ea7d1c049bdb205d07f75d93f35ee4acec9266bab391a7d2fd35e30ca	2019-03-20T00:00:00.000+00:00	2025-08-01T00:00:00Z	released_before_prediction_creation	starting_model_annotation_missing	unresolved_release_and_creation_dates_are_not_training_or_template_cutoffs
6J6G	6J6G_1	AF-P33334-F1	afce8faeb9f9a4ada2c845c4e3d79c90ad537b4a8e3a59aafc384343f8167a29	2019-04-24T00:00:00.000+00:00	2025-08-01T00:00:00Z	released_before_prediction_creation	starting_model_annotation_missing	unresolved_release_and_creation_dates_are_not_training_or_template_cutoffs
6J6G	6J6G_15	AF-P21374-F1	79e70f93481438ecc0fe7221fe714ee55f7860bd2a27b6e4cba51e50ab0d7be8	2019-04-24T00:00:00.000+00:00	2025-08-01T00:00:00Z	released_before_prediction_creation	starting_model_annotation_missing	unresolved_release_and_creation_dates_are_not_training_or_template_cutoffs
6J6G	6J6G_20	AF-Q04048-F1	87e11eed16e5eef1a5be3c5be754e77a0f2e76ff41d41913f2e98a6b111b0f5d	2019-04-24T00:00:00.000+00:00	2025-08-01T00:00:00Z	released_before_prediction_creation	starting_model_annotation_missing	unresolved_release_and_creation_dates_are_not_training_or_template_cutoffs
6J6G	6J6G_9	AF-P25337-F1	85dcd5871dfdeb57dcae53d0446978c992ec78de47a5bc1c3e5476b17ce02de9	2019-04-24T00:00:00.000+00:00	2025-08-01T00:00:00Z	released_before_prediction_creation	starting_model_annotation_missing	unresolved_release_and_creation_dates_are_not_training_or_template_cutoffs
6J6H	6J6H_1	AF-P33334-F1	afce8faeb9f9a4ada2c845c4e3d79c90ad537b4a8e3a59aafc384343f8167a29	2019-04-24T00:00:00.000+00:00	2025-08-01T00:00:00Z	released_before_prediction_creation	starting_model_annotation_missing	unresolved_release_and_creation_dates_are_not_training_or_template_cutoffs
6J6H	6J6H_15	AF-P21374-F1	79e70f93481438ecc0fe7221fe714ee55f7860bd2a27b6e4cba51e50ab0d7be8	2019-04-24T00:00:00.000+00:00	2025-08-01T00:00:00Z	released_before_prediction_creation	starting_model_annotation_missing	unresolved_release_and_creation_dates_are_not_training_or_template_cutoffs
6J6H	6J6H_20	AF-Q04048-F1	87e11eed16e5eef1a5be3c5be754e77a0f2e76ff41d41913f2e98a6b111b0f5d	2019-04-24T00:00:00.000+00:00	2025-08-01T00:00:00Z	released_before_prediction_creation	starting_model_annotation_missing	unresolved_release_and_creation_dates_are_not_training_or_template_cutoffs
6J6H	6J6H_9	AF-P25337-F1	85dcd5871dfdeb57dcae53d0446978c992ec78de47a5bc1c3e5476b17ce02de9	2019-04-24T00:00:00.000+00:00	2025-08-01T00:00:00Z	released_before_prediction_creation	starting_model_annotation_missing	unresolved_release_and_creation_dates_are_not_training_or_template_cutoffs
6J6N	6J6N_1	AF-P33334-F1	afce8faeb9f9a4ada2c845c4e3d79c90ad537b4a8e3a59aafc384343f8167a29	2019-04-24T00:00:00.000+00:00	2025-08-01T00:00:00Z	released_before_prediction_creation	starting_model_annotation_missing	unresolved_release_and_creation_dates_are_not_training_or_template_cutoffs
6J6N	6J6N_15	AF-P21374-F1	79e70f93481438ecc0fe7221fe714ee55f7860bd2a27b6e4cba51e50ab0d7be8	2019-04-24T00:00:00.000+00:00	2025-08-01T00:00:00Z	released_before_prediction_creation	starting_model_annotation_missing	unresolved_release_and_creation_dates_are_not_training_or_template_cutoffs
6J6N	6J6N_20	AF-Q04048-F1	87e11eed16e5eef1a5be3c5be754e77a0f2e76ff41d41913f2e98a6b111b0f5d	2019-04-24T00:00:00.000+00:00	2025-08-01T00:00:00Z	released_before_prediction_creation	starting_model_annotation_missing	unresolved_release_and_creation_dates_are_not_training_or_template_cutoffs
6J6N	6J6N_9	AF-P25337-F1	85dcd5871dfdeb57dcae53d0446978c992ec78de47a5bc1c3e5476b17ce02de9	2019-04-24T00:00:00.000+00:00	2025-08-01T00:00:00Z	released_before_prediction_creation	starting_model_annotation_missing	unresolved_release_and_creation_dates_are_not_training_or_template_cutoffs
6J6Q	6J6Q_1	AF-P33334-F1	afce8faeb9f9a4ada2c845c4e3d79c90ad537b4a8e3a59aafc384343f8167a29	2019-04-24T00:00:00.000+00:00	2025-08-01T00:00:00Z	released_before_prediction_creation	starting_model_annotation_missing	unresolved_release_and_creation_dates_are_not_training_or_template_cutoffs
6J6Q	6J6Q_15	AF-P21374-F1	79e70f93481438ecc0fe7221fe714ee55f7860bd2a27b6e4cba51e50ab0d7be8	2019-04-24T00:00:00.000+00:00	2025-08-01T00:00:00Z	released_before_prediction_creation	starting_model_annotation_missing	unresolved_release_and_creation_dates_are_not_training_or_template_cutoffs
6J6Q	6J6Q_20	AF-Q04048-F1	87e11eed16e5eef1a5be3c5be754e77a0f2e76ff41d41913f2e98a6b111b0f5d	2019-04-24T00:00:00.000+00:00	2025-08-01T00:00:00Z	released_before_prediction_creation	starting_model_annotation_missing	unresolved_release_and_creation_dates_are_not_training_or_template_cutoffs
6J6Q	6J6Q_9	AF-P25337-F1	85dcd5871dfdeb57dcae53d0446978c992ec78de47a5bc1c3e5476b17ce02de9	2019-04-24T00:00:00.000+00:00	2025-08-01T00:00:00Z	released_before_prediction_creation	starting_model_annotation_missing	unresolved_release_and_creation_dates_are_not_training_or_template_cutoffs
6JLY	6JLY_6	AF-P20459-F1	103b52af36a2c9b9a84c89fd243732557e3cf5b88438528be6a1f8c2023e782e	2019-05-01T00:00:00.000+00:00	2025-08-01T00:00:00Z	released_before_prediction_creation	starting_model_annotation_missing	unresolved_release_and_creation_dates_are_not_training_or_template_cutoffs
6JLZ	6JLZ_6	AF-P20459-F1	103b52af36a2c9b9a84c89fd243732557e3cf5b88438528be6a1f8c2023e782e	2019-05-01T00:00:00.000+00:00	2025-08-01T00:00:00Z	released_before_prediction_creation	starting_model_annotation_missing	unresolved_release_and_creation_dates_are_not_training_or_template_cutoffs
6KE6	6KE6_22	AF-P15646-F1	a1522f5f794bdfcd1daf2f6cc27f18008a39cec9d87ee10935e6e31b5feae501	2020-08-05T00:00:00.000+00:00	2025-08-01T00:00:00Z	released_before_prediction_creation	only_experimental_starting_models_reported_not_independence_proof	unresolved_release_and_creation_dates_are_not_training_or_template_cutoffs
6KE6	6KE6_32	AF-Q04305-F1	c4214baeff24b16caa93f67de339df82dfa7e06f3ef726aae3a8eba8ef80e8c0	2020-08-05T00:00:00.000+00:00	2025-08-01T00:00:00Z	released_before_prediction_creation	only_experimental_starting_models_reported_not_independence_proof	unresolved_release_and_creation_dates_are_not_training_or_template_cutoffs
6KE6	6KE6_34	AF-P25635-F1	a483c6065162d6202fd56b069eaa00b4eb1f0edf65e3599160b9781ea59d6eb2	2020-08-05T00:00:00.000+00:00	2025-08-01T00:00:00Z	released_before_prediction_creation	only_experimental_starting_models_reported_not_independence_proof	unresolved_release_and_creation_dates_are_not_training_or_template_cutoffs
6KE6	6KE6_36	AF-Q05946-F1	2204d94499d8f398bca51469cb01266388ac536be512a882629aae7bd265fe1c	2020-08-05T00:00:00.000+00:00	2025-08-01T00:00:00Z	released_before_prediction_creation	only_experimental_starting_models_reported_not_independence_proof	unresolved_release_and_creation_dates_are_not_training_or_template_cutoffs
6KE6	6KE6_37	AF-P40362-F1	6c6238ce3df8a0730a750c002381624b18a9118d769139354008a70ca5ac7ee5	2020-08-05T00:00:00.000+00:00	2025-08-01T00:00:00Z	released_before_prediction_creation	only_experimental_starting_models_reported_not_independence_proof	unresolved_release_and_creation_dates_are_not_training_or_template_cutoffs
6KE6	6KE6_41	AF-P40055-F1	0b8d4e8ec034bbe7e38401be0db088e127c66d44ef0872e7474c7aa39df06ce9	2020-08-05T00:00:00.000+00:00	2025-08-01T00:00:00Z	released_before_prediction_creation	only_experimental_starting_models_reported_not_independence_proof	unresolved_release_and_creation_dates_are_not_training_or_template_cutoffs
6KE6	6KE6_42	AF-P34247-F1	1245ee2f7cd83f9369a6d49b5bf35022d2741b637b7851a33541728b4662e659	2020-08-05T00:00:00.000+00:00	2025-08-01T00:00:00Z	released_before_prediction_creation	only_experimental_starting_models_reported_not_independence_proof	unresolved_release_and_creation_dates_are_not_training_or_template_cutoffs
6KE6	6KE6_43	AF-P47083-F1	5bf066d076b004974606b1090a7d63589eabd59b61cfb3b2e1bf0c2f6bc8f8fc	2020-08-05T00:00:00.000+00:00	2025-08-01T00:00:00Z	released_before_prediction_creation	only_experimental_starting_models_reported_not_independence_proof	unresolved_release_and_creation_dates_are_not_training_or_template_cutoffs
6KE6	6KE6_44	AF-P32899-F1	3944f7cc837195985c71597fc913f05d1fd8834da7306203566d3a13a6fd5082	2020-08-05T00:00:00.000+00:00	2025-08-01T00:00:00Z	released_before_prediction_creation	only_experimental_starting_models_reported_not_independence_proof	unresolved_release_and_creation_dates_are_not_training_or_template_cutoffs
6KE6	6KE6_50	AF-P48234-F1	6e7fd9e10994e26e9895de924a49c0063dfda2ba87b7f91ecbfd6f3df4dfa650	2020-08-05T00:00:00.000+00:00	2025-08-01T00:00:00Z	released_before_prediction_creation	only_experimental_starting_models_reported_not_independence_proof	unresolved_release_and_creation_dates_are_not_training_or_template_cutoffs
6KE6	6KE6_58	AF-Q08096-F1	9e04036772422792dba04f1ee5510efa70bab5493b0a62a87dd0300b26fc7f86	2020-08-05T00:00:00.000+00:00	2025-08-01T00:00:00Z	released_before_prediction_creation	only_experimental_starting_models_reported_not_independence_proof	unresolved_release_and_creation_dates_are_not_training_or_template_cutoffs
6KE6	6KE6_59	AF-P53914-F1	ee2df6f0ad1d4024a32a45cd63663e5131a0f5db5539d359a85c91fdea3cda18	2020-08-05T00:00:00.000+00:00	2025-08-01T00:00:00Z	released_before_prediction_creation	only_experimental_starting_models_reported_not_independence_proof	unresolved_release_and_creation_dates_are_not_training_or_template_cutoffs
6KE6	6KE6_64	AF-P38333-F1	7853bc1aad7c359d8c4309a1340c0742d4c26c3dbb95f6c3720b0c4dfee7cdaa	2020-08-05T00:00:00.000+00:00	2025-08-01T00:00:00Z	released_before_prediction_creation	only_experimental_starting_models_reported_not_independence_proof	unresolved_release_and_creation_dates_are_not_training_or_template_cutoffs
6LQP	6LQP_22	AF-P15646-F1	a1522f5f794bdfcd1daf2f6cc27f18008a39cec9d87ee10935e6e31b5feae501	2020-09-16T00:00:00.000+00:00	2025-08-01T00:00:00Z	released_before_prediction_creation	only_experimental_starting_models_reported_not_independence_proof	unresolved_release_and_creation_dates_are_not_training_or_template_cutoffs
6LQP	6LQP_32	AF-Q04305-F1	c4214baeff24b16caa93f67de339df82dfa7e06f3ef726aae3a8eba8ef80e8c0	2020-09-16T00:00:00.000+00:00	2025-08-01T00:00:00Z	released_before_prediction_creation	only_experimental_starting_models_reported_not_independence_proof	unresolved_release_and_creation_dates_are_not_training_or_template_cutoffs
6LQP	6LQP_34	AF-P25635-F1	a483c6065162d6202fd56b069eaa00b4eb1f0edf65e3599160b9781ea59d6eb2	2020-09-16T00:00:00.000+00:00	2025-08-01T00:00:00Z	released_before_prediction_creation	only_experimental_starting_models_reported_not_independence_proof	unresolved_release_and_creation_dates_are_not_training_or_template_cutoffs
6LQP	6LQP_36	AF-Q05946-F1	2204d94499d8f398bca51469cb01266388ac536be512a882629aae7bd265fe1c	2020-09-16T00:00:00.000+00:00	2025-08-01T00:00:00Z	released_before_prediction_creation	only_experimental_starting_models_reported_not_independence_proof	unresolved_release_and_creation_dates_are_not_training_or_template_cutoffs
6LQP	6LQP_37	AF-P40362-F1	6c6238ce3df8a0730a750c002381624b18a9118d769139354008a70ca5ac7ee5	2020-09-16T00:00:00.000+00:00	2025-08-01T00:00:00Z	released_before_prediction_creation	only_experimental_starting_models_reported_not_independence_proof	unresolved_release_and_creation_dates_are_not_training_or_template_cutoffs
6LQP	6LQP_41	AF-P40055-F1	0b8d4e8ec034bbe7e38401be0db088e127c66d44ef0872e7474c7aa39df06ce9	2020-09-16T00:00:00.000+00:00	2025-08-01T00:00:00Z	released_before_prediction_creation	only_experimental_starting_models_reported_not_independence_proof	unresolved_release_and_creation_dates_are_not_training_or_template_cutoffs
6LQP	6LQP_42	AF-P34247-F1	1245ee2f7cd83f9369a6d49b5bf35022d2741b637b7851a33541728b4662e659	2020-09-16T00:00:00.000+00:00	2025-08-01T00:00:00Z	released_before_prediction_creation	only_experimental_starting_models_reported_not_independence_proof	unresolved_release_and_creation_dates_are_not_training_or_template_cutoffs
6LQP	6LQP_43	AF-P47083-F1	5bf066d076b004974606b1090a7d63589eabd59b61cfb3b2e1bf0c2f6bc8f8fc	2020-09-16T00:00:00.000+00:00	2025-08-01T00:00:00Z	released_before_prediction_creation	only_experimental_starting_models_reported_not_independence_proof	unresolved_release_and_creation_dates_are_not_training_or_template_cutoffs
6LQP	6LQP_44	AF-P32899-F1	3944f7cc837195985c71597fc913f05d1fd8834da7306203566d3a13a6fd5082	2020-09-16T00:00:00.000+00:00	2025-08-01T00:00:00Z	released_before_prediction_creation	only_experimental_starting_models_reported_not_independence_proof	unresolved_release_and_creation_dates_are_not_training_or_template_cutoffs
6LQP	6LQP_50	AF-P48234-F1	6e7fd9e10994e26e9895de924a49c0063dfda2ba87b7f91ecbfd6f3df4dfa650	2020-09-16T00:00:00.000+00:00	2025-08-01T00:00:00Z	released_before_prediction_creation	only_experimental_starting_models_reported_not_independence_proof	unresolved_release_and_creation_dates_are_not_training_or_template_cutoffs
6LQP	6LQP_58	AF-Q08096-F1	9e04036772422792dba04f1ee5510efa70bab5493b0a62a87dd0300b26fc7f86	2020-09-16T00:00:00.000+00:00	2025-08-01T00:00:00Z	released_before_prediction_creation	only_experimental_starting_models_reported_not_independence_proof	unresolved_release_and_creation_dates_are_not_training_or_template_cutoffs
6LQP	6LQP_59	AF-P53914-F1	ee2df6f0ad1d4024a32a45cd63663e5131a0f5db5539d359a85c91fdea3cda18	2020-09-16T00:00:00.000+00:00	2025-08-01T00:00:00Z	released_before_prediction_creation	only_experimental_starting_models_reported_not_independence_proof	unresolved_release_and_creation_dates_are_not_training_or_template_cutoffs
6LQP	6LQP_64	AF-P38333-F1	7853bc1aad7c359d8c4309a1340c0742d4c26c3dbb95f6c3720b0c4dfee7cdaa	2020-09-16T00:00:00.000+00:00	2025-08-01T00:00:00Z	released_before_prediction_creation	only_experimental_starting_models_reported_not_independence_proof	unresolved_release_and_creation_dates_are_not_training_or_template_cutoffs
6LQQ	6LQQ_20	AF-P15646-F1	a1522f5f794bdfcd1daf2f6cc27f18008a39cec9d87ee10935e6e31b5feae501	2020-09-16T00:00:00.000+00:00	2025-08-01T00:00:00Z	released_before_prediction_creation	only_experimental_starting_models_reported_not_independence_proof	unresolved_release_and_creation_dates_are_not_training_or_template_cutoffs
6LQQ	6LQQ_30	AF-Q04305-F1	c4214baeff24b16caa93f67de339df82dfa7e06f3ef726aae3a8eba8ef80e8c0	2020-09-16T00:00:00.000+00:00	2025-08-01T00:00:00Z	released_before_prediction_creation	only_experimental_starting_models_reported_not_independence_proof	unresolved_release_and_creation_dates_are_not_training_or_template_cutoffs
6LQQ	6LQQ_32	AF-P25635-F1	a483c6065162d6202fd56b069eaa00b4eb1f0edf65e3599160b9781ea59d6eb2	2020-09-16T00:00:00.000+00:00	2025-08-01T00:00:00Z	released_before_prediction_creation	only_experimental_starting_models_reported_not_independence_proof	unresolved_release_and_creation_dates_are_not_training_or_template_cutoffs
6LQQ	6LQQ_34	AF-Q05946-F1	2204d94499d8f398bca51469cb01266388ac536be512a882629aae7bd265fe1c	2020-09-16T00:00:00.000+00:00	2025-08-01T00:00:00Z	released_before_prediction_creation	only_experimental_starting_models_reported_not_independence_proof	unresolved_release_and_creation_dates_are_not_training_or_template_cutoffs
6LQQ	6LQQ_35	AF-P40362-F1	6c6238ce3df8a0730a750c002381624b18a9118d769139354008a70ca5ac7ee5	2020-09-16T00:00:00.000+00:00	2025-08-01T00:00:00Z	released_before_prediction_creation	only_experimental_starting_models_reported_not_independence_proof	unresolved_release_and_creation_dates_are_not_training_or_template_cutoffs
6LQQ	6LQQ_39	AF-P40055-F1	0b8d4e8ec034bbe7e38401be0db088e127c66d44ef0872e7474c7aa39df06ce9	2020-09-16T00:00:00.000+00:00	2025-08-01T00:00:00Z	released_before_prediction_creation	only_experimental_starting_models_reported_not_independence_proof	unresolved_release_and_creation_dates_are_not_training_or_template_cutoffs
6LQQ	6LQQ_40	AF-P34247-F1	1245ee2f7cd83f9369a6d49b5bf35022d2741b637b7851a33541728b4662e659	2020-09-16T00:00:00.000+00:00	2025-08-01T00:00:00Z	released_before_prediction_creation	only_experimental_starting_models_reported_not_independence_proof	unresolved_release_and_creation_dates_are_not_training_or_template_cutoffs
6LQQ	6LQQ_41	AF-P47083-F1	5bf066d076b004974606b1090a7d63589eabd59b61cfb3b2e1bf0c2f6bc8f8fc	2020-09-16T00:00:00.000+00:00	2025-08-01T00:00:00Z	released_before_prediction_creation	only_experimental_starting_models_reported_not_independence_proof	unresolved_release_and_creation_dates_are_not_training_or_template_cutoffs
6LQQ	6LQQ_42	AF-P32899-F1	3944f7cc837195985c71597fc913f05d1fd8834da7306203566d3a13a6fd5082	2020-09-16T00:00:00.000+00:00	2025-08-01T00:00:00Z	released_before_prediction_creation	only_experimental_starting_models_reported_not_independence_proof	unresolved_release_and_creation_dates_are_not_training_or_template_cutoffs
6LQQ	6LQQ_48	AF-P48234-F1	6e7fd9e10994e26e9895de924a49c0063dfda2ba87b7f91ecbfd6f3df4dfa650	2020-09-16T00:00:00.000+00:00	2025-08-01T00:00:00Z	released_before_prediction_creation	only_experimental_starting_models_reported_not_independence_proof	unresolved_release_and_creation_dates_are_not_training_or_template_cutoffs
6LQQ	6LQQ_56	AF-Q08096-F1	9e04036772422792dba04f1ee5510efa70bab5493b0a62a87dd0300b26fc7f86	2020-09-16T00:00:00.000+00:00	2025-08-01T00:00:00Z	released_before_prediction_creation	only_experimental_starting_models_reported_not_independence_proof	unresolved_release_and_creation_dates_are_not_training_or_template_cutoffs
6LQQ	6LQQ_57	AF-P53914-F1	ee2df6f0ad1d4024a32a45cd63663e5131a0f5db5539d359a85c91fdea3cda18	2020-09-16T00:00:00.000+00:00	2025-08-01T00:00:00Z	released_before_prediction_creation	only_experimental_starting_models_reported_not_independence_proof	unresolved_release_and_creation_dates_are_not_training_or_template_cutoffs
6LQQ	6LQQ_62	AF-P38333-F1	7853bc1aad7c359d8c4309a1340c0742d4c26c3dbb95f6c3720b0c4dfee7cdaa	2020-09-16T00:00:00.000+00:00	2025-08-01T00:00:00Z	released_before_prediction_creation	only_experimental_starting_models_reported_not_independence_proof	unresolved_release_and_creation_dates_are_not_training_or_template_cutoffs
6LQR	6LQR_20	AF-P15646-F1	a1522f5f794bdfcd1daf2f6cc27f18008a39cec9d87ee10935e6e31b5feae501	2020-09-16T00:00:00.000+00:00	2025-08-01T00:00:00Z	released_before_prediction_creation	only_experimental_starting_models_reported_not_independence_proof	unresolved_release_and_creation_dates_are_not_training_or_template_cutoffs
6LQR	6LQR_30	AF-Q04305-F1	c4214baeff24b16caa93f67de339df82dfa7e06f3ef726aae3a8eba8ef80e8c0	2020-09-16T00:00:00.000+00:00	2025-08-01T00:00:00Z	released_before_prediction_creation	only_experimental_starting_models_reported_not_independence_proof	unresolved_release_and_creation_dates_are_not_training_or_template_cutoffs
6LQR	6LQR_32	AF-P25635-F1	a483c6065162d6202fd56b069eaa00b4eb1f0edf65e3599160b9781ea59d6eb2	2020-09-16T00:00:00.000+00:00	2025-08-01T00:00:00Z	released_before_prediction_creation	only_experimental_starting_models_reported_not_independence_proof	unresolved_release_and_creation_dates_are_not_training_or_template_cutoffs
6LQR	6LQR_34	AF-Q05946-F1	2204d94499d8f398bca51469cb01266388ac536be512a882629aae7bd265fe1c	2020-09-16T00:00:00.000+00:00	2025-08-01T00:00:00Z	released_before_prediction_creation	only_experimental_starting_models_reported_not_independence_proof	unresolved_release_and_creation_dates_are_not_training_or_template_cutoffs
6LQR	6LQR_35	AF-P40362-F1	6c6238ce3df8a0730a750c002381624b18a9118d769139354008a70ca5ac7ee5	2020-09-16T00:00:00.000+00:00	2025-08-01T00:00:00Z	released_before_prediction_creation	only_experimental_starting_models_reported_not_independence_proof	unresolved_release_and_creation_dates_are_not_training_or_template_cutoffs
6LQR	6LQR_39	AF-P40055-F1	0b8d4e8ec034bbe7e38401be0db088e127c66d44ef0872e7474c7aa39df06ce9	2020-09-16T00:00:00.000+00:00	2025-08-01T00:00:00Z	released_before_prediction_creation	only_experimental_starting_models_reported_not_independence_proof	unresolved_release_and_creation_dates_are_not_training_or_template_cutoffs
6LQR	6LQR_40	AF-P34247-F1	1245ee2f7cd83f9369a6d49b5bf35022d2741b637b7851a33541728b4662e659	2020-09-16T00:00:00.000+00:00	2025-08-01T00:00:00Z	released_before_prediction_creation	only_experimental_starting_models_reported_not_independence_proof	unresolved_release_and_creation_dates_are_not_training_or_template_cutoffs
6LQR	6LQR_41	AF-P47083-F1	5bf066d076b004974606b1090a7d63589eabd59b61cfb3b2e1bf0c2f6bc8f8fc	2020-09-16T00:00:00.000+00:00	2025-08-01T00:00:00Z	released_before_prediction_creation	only_experimental_starting_models_reported_not_independence_proof	unresolved_release_and_creation_dates_are_not_training_or_template_cutoffs
6LQR	6LQR_42	AF-P32899-F1	3944f7cc837195985c71597fc913f05d1fd8834da7306203566d3a13a6fd5082	2020-09-16T00:00:00.000+00:00	2025-08-01T00:00:00Z	released_before_prediction_creation	only_experimental_starting_models_reported_not_independence_proof	unresolved_release_and_creation_dates_are_not_training_or_template_cutoffs
6LQR	6LQR_48	AF-P48234-F1	6e7fd9e10994e26e9895de924a49c0063dfda2ba87b7f91ecbfd6f3df4dfa650	2020-09-16T00:00:00.000+00:00	2025-08-01T00:00:00Z	released_before_prediction_creation	only_experimental_starting_models_reported_not_independence_proof	unresolved_release_and_creation_dates_are_not_training_or_template_cutoffs
6LQR	6LQR_55	AF-Q08096-F1	9e04036772422792dba04f1ee5510efa70bab5493b0a62a87dd0300b26fc7f86	2020-09-16T00:00:00.000+00:00	2025-08-01T00:00:00Z	released_before_prediction_creation	only_experimental_starting_models_reported_not_independence_proof	unresolved_release_and_creation_dates_are_not_training_or_template_cutoffs
6LQR	6LQR_56	AF-P53914-F1	ee2df6f0ad1d4024a32a45cd63663e5131a0f5db5539d359a85c91fdea3cda18	2020-09-16T00:00:00.000+00:00	2025-08-01T00:00:00Z	released_before_prediction_creation	only_experimental_starting_models_reported_not_independence_proof	unresolved_release_and_creation_dates_are_not_training_or_template_cutoffs
6LQR	6LQR_61	AF-P38333-F1	7853bc1aad7c359d8c4309a1340c0742d4c26c3dbb95f6c3720b0c4dfee7cdaa	2020-09-16T00:00:00.000+00:00	2025-08-01T00:00:00Z	released_before_prediction_creation	only_experimental_starting_models_reported_not_independence_proof	unresolved_release_and_creation_dates_are_not_training_or_template_cutoffs
6LQS	6LQS_20	AF-P15646-F1	a1522f5f794bdfcd1daf2f6cc27f18008a39cec9d87ee10935e6e31b5feae501	2020-09-16T00:00:00.000+00:00	2025-08-01T00:00:00Z	released_before_prediction_creation	only_experimental_starting_models_reported_not_independence_proof	unresolved_release_and_creation_dates_are_not_training_or_template_cutoffs
6LQS	6LQS_30	AF-Q04305-F1	c4214baeff24b16caa93f67de339df82dfa7e06f3ef726aae3a8eba8ef80e8c0	2020-09-16T00:00:00.000+00:00	2025-08-01T00:00:00Z	released_before_prediction_creation	only_experimental_starting_models_reported_not_independence_proof	unresolved_release_and_creation_dates_are_not_training_or_template_cutoffs
6LQS	6LQS_34	AF-Q05946-F1	2204d94499d8f398bca51469cb01266388ac536be512a882629aae7bd265fe1c	2020-09-16T00:00:00.000+00:00	2025-08-01T00:00:00Z	released_before_prediction_creation	only_experimental_starting_models_reported_not_independence_proof	unresolved_release_and_creation_dates_are_not_training_or_template_cutoffs
6LQS	6LQS_35	AF-P40362-F1	6c6238ce3df8a0730a750c002381624b18a9118d769139354008a70ca5ac7ee5	2020-09-16T00:00:00.000+00:00	2025-08-01T00:00:00Z	released_before_prediction_creation	only_experimental_starting_models_reported_not_independence_proof	unresolved_release_and_creation_dates_are_not_training_or_template_cutoffs
6LQS	6LQS_39	AF-P40055-F1	0b8d4e8ec034bbe7e38401be0db088e127c66d44ef0872e7474c7aa39df06ce9	2020-09-16T00:00:00.000+00:00	2025-08-01T00:00:00Z	released_before_prediction_creation	only_experimental_starting_models_reported_not_independence_proof	unresolved_release_and_creation_dates_are_not_training_or_template_cutoffs
6LQS	6LQS_40	AF-P34247-F1	1245ee2f7cd83f9369a6d49b5bf35022d2741b637b7851a33541728b4662e659	2020-09-16T00:00:00.000+00:00	2025-08-01T00:00:00Z	released_before_prediction_creation	only_experimental_starting_models_reported_not_independence_proof	unresolved_release_and_creation_dates_are_not_training_or_template_cutoffs
6LQS	6LQS_41	AF-P47083-F1	5bf066d076b004974606b1090a7d63589eabd59b61cfb3b2e1bf0c2f6bc8f8fc	2020-09-16T00:00:00.000+00:00	2025-08-01T00:00:00Z	released_before_prediction_creation	only_experimental_starting_models_reported_not_independence_proof	unresolved_release_and_creation_dates_are_not_training_or_template_cutoffs
6LQS	6LQS_42	AF-P32899-F1	3944f7cc837195985c71597fc913f05d1fd8834da7306203566d3a13a6fd5082	2020-09-16T00:00:00.000+00:00	2025-08-01T00:00:00Z	released_before_prediction_creation	only_experimental_starting_models_reported_not_independence_proof	unresolved_release_and_creation_dates_are_not_training_or_template_cutoffs
6LQS	6LQS_53	AF-Q08096-F1	9e04036772422792dba04f1ee5510efa70bab5493b0a62a87dd0300b26fc7f86	2020-09-16T00:00:00.000+00:00	2025-08-01T00:00:00Z	released_before_prediction_creation	only_experimental_starting_models_reported_not_independence_proof	unresolved_release_and_creation_dates_are_not_training_or_template_cutoffs
6LQS	6LQS_70	AF-P38792-F1	ccce9788f3915b66b10c95984805423f74edfc35c20dbe56dbd8840477ad22bc	2020-09-16T00:00:00.000+00:00	2025-08-01T00:00:00Z	released_before_prediction_creation	only_experimental_starting_models_reported_not_independence_proof	unresolved_release_and_creation_dates_are_not_training_or_template_cutoffs
6LQT	6LQT_20	AF-P15646-F1	a1522f5f794bdfcd1daf2f6cc27f18008a39cec9d87ee10935e6e31b5feae501	2020-09-16T00:00:00.000+00:00	2025-08-01T00:00:00Z	released_before_prediction_creation	only_experimental_starting_models_reported_not_independence_proof	unresolved_release_and_creation_dates_are_not_training_or_template_cutoffs
6LQT	6LQT_29	AF-Q04305-F1	c4214baeff24b16caa93f67de339df82dfa7e06f3ef726aae3a8eba8ef80e8c0	2020-09-16T00:00:00.000+00:00	2025-08-01T00:00:00Z	released_before_prediction_creation	only_experimental_starting_models_reported_not_independence_proof	unresolved_release_and_creation_dates_are_not_training_or_template_cutoffs
6LQT	6LQT_31	AF-P25635-F1	a483c6065162d6202fd56b069eaa00b4eb1f0edf65e3599160b9781ea59d6eb2	2020-09-16T00:00:00.000+00:00	2025-08-01T00:00:00Z	released_before_prediction_creation	only_experimental_starting_models_reported_not_independence_proof	unresolved_release_and_creation_dates_are_not_training_or_template_cutoffs
6LQT	6LQT_33	AF-Q05946-F1	2204d94499d8f398bca51469cb01266388ac536be512a882629aae7bd265fe1c	2020-09-16T00:00:00.000+00:00	2025-08-01T00:00:00Z	released_before_prediction_creation	only_experimental_starting_models_reported_not_independence_proof	unresolved_release_and_creation_dates_are_not_training_or_template_cutoffs
6LQT	6LQT_34	AF-P40362-F1	6c6238ce3df8a0730a750c002381624b18a9118d769139354008a70ca5ac7ee5	2020-09-16T00:00:00.000+00:00	2025-08-01T00:00:00Z	released_before_prediction_creation	only_experimental_starting_models_reported_not_independence_proof	unresolved_release_and_creation_dates_are_not_training_or_template_cutoffs
6LQT	6LQT_37	AF-P40055-F1	0b8d4e8ec034bbe7e38401be0db088e127c66d44ef0872e7474c7aa39df06ce9	2020-09-16T00:00:00.000+00:00	2025-08-01T00:00:00Z	released_before_prediction_creation	only_experimental_starting_models_reported_not_independence_proof	unresolved_release_and_creation_dates_are_not_training_or_template_cutoffs
6LQT	6LQT_38	AF-P34247-F1	1245ee2f7cd83f9369a6d49b5bf35022d2741b637b7851a33541728b4662e659	2020-09-16T00:00:00.000+00:00	2025-08-01T00:00:00Z	released_before_prediction_creation	only_experimental_starting_models_reported_not_independence_proof	unresolved_release_and_creation_dates_are_not_training_or_template_cutoffs
6LQT	6LQT_39	AF-P47083-F1	5bf066d076b004974606b1090a7d63589eabd59b61cfb3b2e1bf0c2f6bc8f8fc	2020-09-16T00:00:00.000+00:00	2025-08-01T00:00:00Z	released_before_prediction_creation	only_experimental_starting_models_reported_not_independence_proof	unresolved_release_and_creation_dates_are_not_training_or_template_cutoffs
6LQT	6LQT_40	AF-P32899-F1	3944f7cc837195985c71597fc913f05d1fd8834da7306203566d3a13a6fd5082	2020-09-16T00:00:00.000+00:00	2025-08-01T00:00:00Z	released_before_prediction_creation	only_experimental_starting_models_reported_not_independence_proof	unresolved_release_and_creation_dates_are_not_training_or_template_cutoffs
6LQT	6LQT_51	AF-Q08096-F1	9e04036772422792dba04f1ee5510efa70bab5493b0a62a87dd0300b26fc7f86	2020-09-16T00:00:00.000+00:00	2025-08-01T00:00:00Z	released_before_prediction_creation	only_experimental_starting_models_reported_not_independence_proof	unresolved_release_and_creation_dates_are_not_training_or_template_cutoffs
6LQU	6LQU_20	AF-P15646-F1	a1522f5f794bdfcd1daf2f6cc27f18008a39cec9d87ee10935e6e31b5feae501	2020-09-16T00:00:00.000+00:00	2025-08-01T00:00:00Z	released_before_prediction_creation	only_experimental_starting_models_reported_not_independence_proof	unresolved_release_and_creation_dates_are_not_training_or_template_cutoffs
6LQU	6LQU_30	AF-Q04305-F1	c4214baeff24b16caa93f67de339df82dfa7e06f3ef726aae3a8eba8ef80e8c0	2020-09-16T00:00:00.000+00:00	2025-08-01T00:00:00Z	released_before_prediction_creation	only_experimental_starting_models_reported_not_independence_proof	unresolved_release_and_creation_dates_are_not_training_or_template_cutoffs
6LQU	6LQU_32	AF-P25635-F1	a483c6065162d6202fd56b069eaa00b4eb1f0edf65e3599160b9781ea59d6eb2	2020-09-16T00:00:00.000+00:00	2025-08-01T00:00:00Z	released_before_prediction_creation	only_experimental_starting_models_reported_not_independence_proof	unresolved_release_and_creation_dates_are_not_training_or_template_cutoffs
6LQU	6LQU_34	AF-Q05946-F1	2204d94499d8f398bca51469cb01266388ac536be512a882629aae7bd265fe1c	2020-09-16T00:00:00.000+00:00	2025-08-01T00:00:00Z	released_before_prediction_creation	only_experimental_starting_models_reported_not_independence_proof	unresolved_release_and_creation_dates_are_not_training_or_template_cutoffs
6LQU	6LQU_35	AF-P40362-F1	6c6238ce3df8a0730a750c002381624b18a9118d769139354008a70ca5ac7ee5	2020-09-16T00:00:00.000+00:00	2025-08-01T00:00:00Z	released_before_prediction_creation	only_experimental_starting_models_reported_not_independence_proof	unresolved_release_and_creation_dates_are_not_training_or_template_cutoffs
6LQU	6LQU_39	AF-P40055-F1	0b8d4e8ec034bbe7e38401be0db088e127c66d44ef0872e7474c7aa39df06ce9	2020-09-16T00:00:00.000+00:00	2025-08-01T00:00:00Z	released_before_prediction_creation	only_experimental_starting_models_reported_not_independence_proof	unresolved_release_and_creation_dates_are_not_training_or_template_cutoffs
6LQU	6LQU_40	AF-P34247-F1	1245ee2f7cd83f9369a6d49b5bf35022d2741b637b7851a33541728b4662e659	2020-09-16T00:00:00.000+00:00	2025-08-01T00:00:00Z	released_before_prediction_creation	only_experimental_starting_models_reported_not_independence_proof	unresolved_release_and_creation_dates_are_not_training_or_template_cutoffs
6LQU	6LQU_41	AF-P47083-F1	5bf066d076b004974606b1090a7d63589eabd59b61cfb3b2e1bf0c2f6bc8f8fc	2020-09-16T00:00:00.000+00:00	2025-08-01T00:00:00Z	released_before_prediction_creation	only_experimental_starting_models_reported_not_independence_proof	unresolved_release_and_creation_dates_are_not_training_or_template_cutoffs
6LQU	6LQU_42	AF-P32899-F1	3944f7cc837195985c71597fc913f05d1fd8834da7306203566d3a13a6fd5082	2020-09-16T00:00:00.000+00:00	2025-08-01T00:00:00Z	released_before_prediction_creation	only_experimental_starting_models_reported_not_independence_proof	unresolved_release_and_creation_dates_are_not_training_or_template_cutoffs
6LQU	6LQU_48	AF-P48234-F1	6e7fd9e10994e26e9895de924a49c0063dfda2ba87b7f91ecbfd6f3df4dfa650	2020-09-16T00:00:00.000+00:00	2025-08-01T00:00:00Z	released_before_prediction_creation	only_experimental_starting_models_reported_not_independence_proof	unresolved_release_and_creation_dates_are_not_training_or_template_cutoffs
6LQU	6LQU_57	AF-Q08096-F1	9e04036772422792dba04f1ee5510efa70bab5493b0a62a87dd0300b26fc7f86	2020-09-16T00:00:00.000+00:00	2025-08-01T00:00:00Z	released_before_prediction_creation	only_experimental_starting_models_reported_not_independence_proof	unresolved_release_and_creation_dates_are_not_training_or_template_cutoffs
6LQU	6LQU_58	AF-P53914-F1	ee2df6f0ad1d4024a32a45cd63663e5131a0f5db5539d359a85c91fdea3cda18	2020-09-16T00:00:00.000+00:00	2025-08-01T00:00:00Z	released_before_prediction_creation	only_experimental_starting_models_reported_not_independence_proof	unresolved_release_and_creation_dates_are_not_training_or_template_cutoffs
6LQU	6LQU_63	AF-P38333-F1	7853bc1aad7c359d8c4309a1340c0742d4c26c3dbb95f6c3720b0c4dfee7cdaa	2020-09-16T00:00:00.000+00:00	2025-08-01T00:00:00Z	released_before_prediction_creation	only_experimental_starting_models_reported_not_independence_proof	unresolved_release_and_creation_dates_are_not_training_or_template_cutoffs
6LQV	6LQV_14	AF-P15646-F1	a1522f5f794bdfcd1daf2f6cc27f18008a39cec9d87ee10935e6e31b5feae501	2020-09-16T00:00:00.000+00:00	2025-08-01T00:00:00Z	released_before_prediction_creation	only_experimental_starting_models_reported_not_independence_proof	unresolved_release_and_creation_dates_are_not_training_or_template_cutoffs
6LQV	6LQV_24	AF-Q04305-F1	c4214baeff24b16caa93f67de339df82dfa7e06f3ef726aae3a8eba8ef80e8c0	2020-09-16T00:00:00.000+00:00	2025-08-01T00:00:00Z	released_before_prediction_creation	only_experimental_starting_models_reported_not_independence_proof	unresolved_release_and_creation_dates_are_not_training_or_template_cutoffs
6LQV	6LQV_26	AF-P25635-F1	a483c6065162d6202fd56b069eaa00b4eb1f0edf65e3599160b9781ea59d6eb2	2020-09-16T00:00:00.000+00:00	2025-08-01T00:00:00Z	released_before_prediction_creation	only_experimental_starting_models_reported_not_independence_proof	unresolved_release_and_creation_dates_are_not_training_or_template_cutoffs
6LQV	6LQV_28	AF-Q05946-F1	2204d94499d8f398bca51469cb01266388ac536be512a882629aae7bd265fe1c	2020-09-16T00:00:00.000+00:00	2025-08-01T00:00:00Z	released_before_prediction_creation	only_experimental_starting_models_reported_not_independence_proof	unresolved_release_and_creation_dates_are_not_training_or_template_cutoffs
6LQV	6LQV_29	AF-P40362-F1	6c6238ce3df8a0730a750c002381624b18a9118d769139354008a70ca5ac7ee5	2020-09-16T00:00:00.000+00:00	2025-08-01T00:00:00Z	released_before_prediction_creation	only_experimental_starting_models_reported_not_independence_proof	unresolved_release_and_creation_dates_are_not_training_or_template_cutoffs
6LQV	6LQV_33	AF-P40055-F1	0b8d4e8ec034bbe7e38401be0db088e127c66d44ef0872e7474c7aa39df06ce9	2020-09-16T00:00:00.000+00:00	2025-08-01T00:00:00Z	released_before_prediction_creation	only_experimental_starting_models_reported_not_independence_proof	unresolved_release_and_creation_dates_are_not_training_or_template_cutoffs
6LQV	6LQV_34	AF-P34247-F1	1245ee2f7cd83f9369a6d49b5bf35022d2741b637b7851a33541728b4662e659	2020-09-16T00:00:00.000+00:00	2025-08-01T00:00:00Z	released_before_prediction_creation	only_experimental_starting_models_reported_not_independence_proof	unresolved_release_and_creation_dates_are_not_training_or_template_cutoffs
6LQV	6LQV_35	AF-P47083-F1	5bf066d076b004974606b1090a7d63589eabd59b61cfb3b2e1bf0c2f6bc8f8fc	2020-09-16T00:00:00.000+00:00	2025-08-01T00:00:00Z	released_before_prediction_creation	only_experimental_starting_models_reported_not_independence_proof	unresolved_release_and_creation_dates_are_not_training_or_template_cutoffs
6LQV	6LQV_36	AF-P32899-F1	3944f7cc837195985c71597fc913f05d1fd8834da7306203566d3a13a6fd5082	2020-09-16T00:00:00.000+00:00	2025-08-01T00:00:00Z	released_before_prediction_creation	only_experimental_starting_models_reported_not_independence_proof	unresolved_release_and_creation_dates_are_not_training_or_template_cutoffs
6LQV	6LQV_42	AF-P48234-F1	6e7fd9e10994e26e9895de924a49c0063dfda2ba87b7f91ecbfd6f3df4dfa650	2020-09-16T00:00:00.000+00:00	2025-08-01T00:00:00Z	released_before_prediction_creation	only_experimental_starting_models_reported_not_independence_proof	unresolved_release_and_creation_dates_are_not_training_or_template_cutoffs
6LQV	6LQV_46	AF-Q08096-F1	9e04036772422792dba04f1ee5510efa70bab5493b0a62a87dd0300b26fc7f86	2020-09-16T00:00:00.000+00:00	2025-08-01T00:00:00Z	released_before_prediction_creation	only_experimental_starting_models_reported_not_independence_proof	unresolved_release_and_creation_dates_are_not_training_or_template_cutoffs
6LQV	6LQV_47	AF-P53914-F1	ee2df6f0ad1d4024a32a45cd63663e5131a0f5db5539d359a85c91fdea3cda18	2020-09-16T00:00:00.000+00:00	2025-08-01T00:00:00Z	released_before_prediction_creation	only_experimental_starting_models_reported_not_independence_proof	unresolved_release_and_creation_dates_are_not_training_or_template_cutoffs
6LQV	6LQV_52	AF-P38333-F1	7853bc1aad7c359d8c4309a1340c0742d4c26c3dbb95f6c3720b0c4dfee7cdaa	2020-09-16T00:00:00.000+00:00	2025-08-01T00:00:00Z	released_before_prediction_creation	only_experimental_starting_models_reported_not_independence_proof	unresolved_release_and_creation_dates_are_not_training_or_template_cutoffs
6M62	6M62_29	AF-P33201-F1	1339886dfb0473fd4dc59344281a8288b3ac1979e074403818c8117482fe794b	2020-08-26T00:00:00.000+00:00	2025-08-01T00:00:00Z	released_before_prediction_creation	starting_model_annotation_missing	unresolved_release_and_creation_dates_are_not_training_or_template_cutoffs
6M62	6M62_34	AF-Q02892-F1	9b034068144dc1c8f367dcc1d0940877c694565a6c15b2ee590634a8d512edac	2020-08-26T00:00:00.000+00:00	2025-08-01T00:00:00Z	released_before_prediction_creation	starting_model_annotation_missing	unresolved_release_and_creation_dates_are_not_training_or_template_cutoffs
6M62	6M62_53	AF-Q07915-F1	1d54d8fc6fd3850a44b980391ada8291d7463d18caf3143cb61d4a3be8997bc2	2020-08-26T00:00:00.000+00:00	2025-08-01T00:00:00Z	released_before_prediction_creation	starting_model_annotation_missing	unresolved_release_and_creation_dates_are_not_training_or_template_cutoffs
6M62	6M62_55	AF-Q08746-F1	4f84b0e10a5b3c764e93baed539d90856f0578cc8d539e760befd2779bbdbae3	2020-08-26T00:00:00.000+00:00	2025-08-01T00:00:00Z	released_before_prediction_creation	starting_model_annotation_missing	unresolved_release_and_creation_dates_are_not_training_or_template_cutoffs
6M62	6M62_57	AF-Q12522-F1	a9c859214bc288900788ea22094f6779f5e80a857b1a76ad3d655a47854cced8	2020-08-26T00:00:00.000+00:00	2025-08-01T00:00:00Z	released_before_prediction_creation	starting_model_annotation_missing	unresolved_release_and_creation_dates_are_not_training_or_template_cutoffs
6N8J	6N8J_28	AF-Q07915-F1	1d54d8fc6fd3850a44b980391ada8291d7463d18caf3143cb61d4a3be8997bc2	2019-03-13T00:00:00.000+00:00	2025-08-01T00:00:00Z	released_before_prediction_creation	only_experimental_starting_models_reported_not_independence_proof	unresolved_release_and_creation_dates_are_not_training_or_template_cutoffs
6N8J	6N8J_38	AF-P33201-F1	1339886dfb0473fd4dc59344281a8288b3ac1979e074403818c8117482fe794b	2019-03-13T00:00:00.000+00:00	2025-08-01T00:00:00Z	released_before_prediction_creation	only_experimental_starting_models_reported_not_independence_proof	unresolved_release_and_creation_dates_are_not_training_or_template_cutoffs
6N8J	6N8J_41	AF-Q12522-F1	a9c859214bc288900788ea22094f6779f5e80a857b1a76ad3d655a47854cced8	2019-03-13T00:00:00.000+00:00	2025-08-01T00:00:00Z	released_before_prediction_creation	only_experimental_starting_models_reported_not_independence_proof	unresolved_release_and_creation_dates_are_not_training_or_template_cutoffs
6N8J	6N8J_6	AF-Q02892-F1	9b034068144dc1c8f367dcc1d0940877c694565a6c15b2ee590634a8d512edac	2019-03-13T00:00:00.000+00:00	2025-08-01T00:00:00Z	released_before_prediction_creation	only_experimental_starting_models_reported_not_independence_proof	unresolved_release_and_creation_dates_are_not_training_or_template_cutoffs
6N8K	6N8K_27	AF-Q07915-F1	1d54d8fc6fd3850a44b980391ada8291d7463d18caf3143cb61d4a3be8997bc2	2019-03-13T00:00:00.000+00:00	2025-08-01T00:00:00Z	released_before_prediction_creation	only_experimental_starting_models_reported_not_independence_proof	unresolved_release_and_creation_dates_are_not_training_or_template_cutoffs
6N8K	6N8K_36	AF-P33201-F1	1339886dfb0473fd4dc59344281a8288b3ac1979e074403818c8117482fe794b	2019-03-13T00:00:00.000+00:00	2025-08-01T00:00:00Z	released_before_prediction_creation	only_experimental_starting_models_reported_not_independence_proof	unresolved_release_and_creation_dates_are_not_training_or_template_cutoffs
6N8K	6N8K_39	AF-Q12522-F1	a9c859214bc288900788ea22094f6779f5e80a857b1a76ad3d655a47854cced8	2019-03-13T00:00:00.000+00:00	2025-08-01T00:00:00Z	released_before_prediction_creation	only_experimental_starting_models_reported_not_independence_proof	unresolved_release_and_creation_dates_are_not_training_or_template_cutoffs
6N8K	6N8K_6	AF-Q02892-F1	9b034068144dc1c8f367dcc1d0940877c694565a6c15b2ee590634a8d512edac	2019-03-13T00:00:00.000+00:00	2025-08-01T00:00:00Z	released_before_prediction_creation	only_experimental_starting_models_reported_not_independence_proof	unresolved_release_and_creation_dates_are_not_training_or_template_cutoffs
6N8L	6N8L_27	AF-Q07915-F1	1d54d8fc6fd3850a44b980391ada8291d7463d18caf3143cb61d4a3be8997bc2	2019-03-13T00:00:00.000+00:00	2025-08-01T00:00:00Z	released_before_prediction_creation	only_experimental_starting_models_reported_not_independence_proof	unresolved_release_and_creation_dates_are_not_training_or_template_cutoffs
6N8L	6N8L_36	AF-P33201-F1	1339886dfb0473fd4dc59344281a8288b3ac1979e074403818c8117482fe794b	2019-03-13T00:00:00.000+00:00	2025-08-01T00:00:00Z	released_before_prediction_creation	only_experimental_starting_models_reported_not_independence_proof	unresolved_release_and_creation_dates_are_not_training_or_template_cutoffs
6N8L	6N8L_39	AF-Q12522-F1	a9c859214bc288900788ea22094f6779f5e80a857b1a76ad3d655a47854cced8	2019-03-13T00:00:00.000+00:00	2025-08-01T00:00:00Z	released_before_prediction_creation	only_experimental_starting_models_reported_not_independence_proof	unresolved_release_and_creation_dates_are_not_training_or_template_cutoffs
6N8L	6N8L_6	AF-Q02892-F1	9b034068144dc1c8f367dcc1d0940877c694565a6c15b2ee590634a8d512edac	2019-03-13T00:00:00.000+00:00	2025-08-01T00:00:00Z	released_before_prediction_creation	only_experimental_starting_models_reported_not_independence_proof	unresolved_release_and_creation_dates_are_not_training_or_template_cutoffs
6N8M	6N8M_47	AF-Q12522-F1	a9c859214bc288900788ea22094f6779f5e80a857b1a76ad3d655a47854cced8	2019-03-13T00:00:00.000+00:00	2025-08-01T00:00:00Z	released_before_prediction_creation	only_experimental_starting_models_reported_not_independence_proof	unresolved_release_and_creation_dates_are_not_training_or_template_cutoffs
6N8N	6N8N_5	AF-Q12522-F1	a9c859214bc288900788ea22094f6779f5e80a857b1a76ad3d655a47854cced8	2019-03-13T00:00:00.000+00:00	2025-08-01T00:00:00Z	released_before_prediction_creation	only_experimental_starting_models_reported_not_independence_proof	unresolved_release_and_creation_dates_are_not_training_or_template_cutoffs
6N8O	6N8O_5	AF-Q12522-F1	a9c859214bc288900788ea22094f6779f5e80a857b1a76ad3d655a47854cced8	2019-03-13T00:00:00.000+00:00	2025-08-01T00:00:00Z	released_before_prediction_creation	only_experimental_starting_models_reported_not_independence_proof	unresolved_release_and_creation_dates_are_not_training_or_template_cutoffs
6ND4	6ND4_11	AF-P25635-F1	a483c6065162d6202fd56b069eaa00b4eb1f0edf65e3599160b9781ea59d6eb2	2019-06-19T00:00:00.000+00:00	2025-08-01T00:00:00Z	released_before_prediction_creation	only_experimental_starting_models_reported_not_independence_proof	unresolved_release_and_creation_dates_are_not_training_or_template_cutoffs
6ND4	6ND4_15	AF-P40362-F1	6c6238ce3df8a0730a750c002381624b18a9118d769139354008a70ca5ac7ee5	2019-06-19T00:00:00.000+00:00	2025-08-01T00:00:00Z	released_before_prediction_creation	only_experimental_starting_models_reported_not_independence_proof	unresolved_release_and_creation_dates_are_not_training_or_template_cutoffs
6ND4	6ND4_18	AF-P40055-F1	0b8d4e8ec034bbe7e38401be0db088e127c66d44ef0872e7474c7aa39df06ce9	2019-06-19T00:00:00.000+00:00	2025-08-01T00:00:00Z	released_before_prediction_creation	only_experimental_starting_models_reported_not_independence_proof	unresolved_release_and_creation_dates_are_not_training_or_template_cutoffs
6ND4	6ND4_19	AF-P32899-F1	3944f7cc837195985c71597fc913f05d1fd8834da7306203566d3a13a6fd5082	2019-06-19T00:00:00.000+00:00	2025-08-01T00:00:00Z	released_before_prediction_creation	only_experimental_starting_models_reported_not_independence_proof	unresolved_release_and_creation_dates_are_not_training_or_template_cutoffs
6ND4	6ND4_20	AF-P47083-F1	5bf066d076b004974606b1090a7d63589eabd59b61cfb3b2e1bf0c2f6bc8f8fc	2019-06-19T00:00:00.000+00:00	2025-08-01T00:00:00Z	released_before_prediction_creation	only_experimental_starting_models_reported_not_independence_proof	unresolved_release_and_creation_dates_are_not_training_or_template_cutoffs
6ND4	6ND4_24	AF-P15646-F1	a1522f5f794bdfcd1daf2f6cc27f18008a39cec9d87ee10935e6e31b5feae501	2019-06-19T00:00:00.000+00:00	2025-08-01T00:00:00Z	released_before_prediction_creation	only_experimental_starting_models_reported_not_independence_proof	unresolved_release_and_creation_dates_are_not_training_or_template_cutoffs
6ND4	6ND4_6	AF-Q04305-F1	c4214baeff24b16caa93f67de339df82dfa7e06f3ef726aae3a8eba8ef80e8c0	2019-06-19T00:00:00.000+00:00	2025-08-01T00:00:00Z	released_before_prediction_creation	only_experimental_starting_models_reported_not_independence_proof	unresolved_release_and_creation_dates_are_not_training_or_template_cutoffs
6O6C	6O6C_5	AF-P20435-F1	b35ac6750b96213d2e2f4608750f185b2daf71c690e6c7ef0382f39de2ec7d1c	2019-06-26T00:00:00.000+00:00	2025-08-01T00:00:00Z	released_before_prediction_creation	starting_model_annotation_missing	unresolved_release_and_creation_dates_are_not_training_or_template_cutoffs
6O6C	6O6C_6	AF-P20436-F1	ce7cd70250d0b569e39e2cf28c28578cac6ef076795fe9e170de624038c4019d	2019-06-26T00:00:00.000+00:00	2025-08-01T00:00:00Z	released_before_prediction_creation	starting_model_annotation_missing	unresolved_release_and_creation_dates_are_not_training_or_template_cutoffs
6O6C	6O6C_9	AF-P38902-F1	e5ca72de84371c102b60be5d242b8952d384447efd42abc54d2fc7b284a64b0b	2019-06-26T00:00:00.000+00:00	2025-08-01T00:00:00Z	released_before_prediction_creation	starting_model_annotation_missing	unresolved_release_and_creation_dates_are_not_training_or_template_cutoffs
6OA9	6OA9_3	AF-P33755-F1	89d2fdfca2ef088a14904ec0666b8ad3b69f7e91ab028ebe763777e0acf6c69c	2019-07-03T00:00:00.000+00:00	2025-08-01T00:00:00Z	released_before_prediction_creation	starting_model_annotation_missing	unresolved_release_and_creation_dates_are_not_training_or_template_cutoffs
6OAA	6OAA_2	AF-P33755-F1	89d2fdfca2ef088a14904ec0666b8ad3b69f7e91ab028ebe763777e0acf6c69c	2019-07-03T00:00:00.000+00:00	2025-08-01T00:00:00Z	released_before_prediction_creation	starting_model_annotation_missing	unresolved_release_and_creation_dates_are_not_training_or_template_cutoffs
6PTJ	6PTJ_10	AF-P53091-F1	03b7797a0460645fc3278608ce831cc02c9437647883cfcf335a74b1b3aeb9c3	2019-11-20T00:00:00.000+00:00	2025-08-01T00:00:00Z	released_before_prediction_creation	starting_model_annotation_missing	unresolved_release_and_creation_dates_are_not_training_or_template_cutoffs
6PTJ	6PTJ_11	AF-P38132-F1	dbff9e0a6531af71d18bb3f0b0febfb568f2e863b6861e6daa67f914c7942edf	2019-11-20T00:00:00.000+00:00	2025-08-01T00:00:00Z	released_before_prediction_creation	starting_model_annotation_missing	unresolved_release_and_creation_dates_are_not_training_or_template_cutoffs
6PTJ	6PTJ_2	AF-P40359-F1	9fb69cb67e3079fd58481686b3e32f9badf14994da061a3c837e6c9b88b2ab82	2019-11-20T00:00:00.000+00:00	2025-08-01T00:00:00Z	released_before_prediction_creation	starting_model_annotation_missing	unresolved_release_and_creation_dates_are_not_training_or_template_cutoffs
6PTJ	6PTJ_4	AF-Q03406-F1	5cae9a720dba99e7f3e4f1de8b6a63064ee6691f0e076cf8012a08762d7a3c52	2019-11-20T00:00:00.000+00:00	2025-08-01T00:00:00Z	released_before_prediction_creation	starting_model_annotation_missing	unresolved_release_and_creation_dates_are_not_training_or_template_cutoffs
6PTJ	6PTJ_8	AF-P30665-F1	0b38fefaef2eca7f23bb979bc9da1dec4e9a6ffe79ea3e53edd734b02e70527b	2019-11-20T00:00:00.000+00:00	2025-08-01T00:00:00Z	released_before_prediction_creation	starting_model_annotation_missing	unresolved_release_and_creation_dates_are_not_training_or_template_cutoffs
6PTN	6PTN_11	AF-P53091-F1	03b7797a0460645fc3278608ce831cc02c9437647883cfcf335a74b1b3aeb9c3	2019-11-20T00:00:00.000+00:00	2025-08-01T00:00:00Z	released_before_prediction_creation	starting_model_annotation_missing	unresolved_release_and_creation_dates_are_not_training_or_template_cutoffs
6PTN	6PTN_12	AF-P38132-F1	dbff9e0a6531af71d18bb3f0b0febfb568f2e863b6861e6daa67f914c7942edf	2019-11-20T00:00:00.000+00:00	2025-08-01T00:00:00Z	released_before_prediction_creation	starting_model_annotation_missing	unresolved_release_and_creation_dates_are_not_training_or_template_cutoffs
6PTN	6PTN_3	AF-P40359-F1	9fb69cb67e3079fd58481686b3e32f9badf14994da061a3c837e6c9b88b2ab82	2019-11-20T00:00:00.000+00:00	2025-08-01T00:00:00Z	released_before_prediction_creation	starting_model_annotation_missing	unresolved_release_and_creation_dates_are_not_training_or_template_cutoffs
6PTN	6PTN_5	AF-Q03406-F1	5cae9a720dba99e7f3e4f1de8b6a63064ee6691f0e076cf8012a08762d7a3c52	2019-11-20T00:00:00.000+00:00	2025-08-01T00:00:00Z	released_before_prediction_creation	starting_model_annotation_missing	unresolved_release_and_creation_dates_are_not_training_or_template_cutoffs
6PTN	6PTN_9	AF-P30665-F1	0b38fefaef2eca7f23bb979bc9da1dec4e9a6ffe79ea3e53edd734b02e70527b	2019-11-20T00:00:00.000+00:00	2025-08-01T00:00:00Z	released_before_prediction_creation	starting_model_annotation_missing	unresolved_release_and_creation_dates_are_not_training_or_template_cutoffs
6PTO	6PTO_11	AF-P53091-F1	03b7797a0460645fc3278608ce831cc02c9437647883cfcf335a74b1b3aeb9c3	2019-11-20T00:00:00.000+00:00	2025-08-01T00:00:00Z	released_before_prediction_creation	starting_model_annotation_missing	unresolved_release_and_creation_dates_are_not_training_or_template_cutoffs
6PTO	6PTO_12	AF-P38132-F1	dbff9e0a6531af71d18bb3f0b0febfb568f2e863b6861e6daa67f914c7942edf	2019-11-20T00:00:00.000+00:00	2025-08-01T00:00:00Z	released_before_prediction_creation	starting_model_annotation_missing	unresolved_release_and_creation_dates_are_not_training_or_template_cutoffs
6PTO	6PTO_3	AF-P40359-F1	9fb69cb67e3079fd58481686b3e32f9badf14994da061a3c837e6c9b88b2ab82	2019-11-20T00:00:00.000+00:00	2025-08-01T00:00:00Z	released_before_prediction_creation	starting_model_annotation_missing	unresolved_release_and_creation_dates_are_not_training_or_template_cutoffs
6PTO	6PTO_5	AF-Q03406-F1	5cae9a720dba99e7f3e4f1de8b6a63064ee6691f0e076cf8012a08762d7a3c52	2019-11-20T00:00:00.000+00:00	2025-08-01T00:00:00Z	released_before_prediction_creation	starting_model_annotation_missing	unresolved_release_and_creation_dates_are_not_training_or_template_cutoffs
6PTO	6PTO_9	AF-P30665-F1	0b38fefaef2eca7f23bb979bc9da1dec4e9a6ffe79ea3e53edd734b02e70527b	2019-11-20T00:00:00.000+00:00	2025-08-01T00:00:00Z	released_before_prediction_creation	starting_model_annotation_missing	unresolved_release_and_creation_dates_are_not_training_or_template_cutoffs
6QG0	6QG0_6	AF-P20459-F1	103b52af36a2c9b9a84c89fd243732557e3cf5b88438528be6a1f8c2023e782e	2019-06-26T00:00:00.000+00:00	2025-08-01T00:00:00Z	released_before_prediction_creation	starting_model_annotation_missing	unresolved_release_and_creation_dates_are_not_training_or_template_cutoffs
6QG1	6QG1_6	AF-P20459-F1	103b52af36a2c9b9a84c89fd243732557e3cf5b88438528be6a1f8c2023e782e	2019-06-26T00:00:00.000+00:00	2025-08-01T00:00:00Z	released_before_prediction_creation	only_experimental_starting_models_reported_not_independence_proof	unresolved_release_and_creation_dates_are_not_training_or_template_cutoffs
6QG2	6QG2_6	AF-P20459-F1	103b52af36a2c9b9a84c89fd243732557e3cf5b88438528be6a1f8c2023e782e	2019-06-26T00:00:00.000+00:00	2025-08-01T00:00:00Z	released_before_prediction_creation	only_experimental_starting_models_reported_not_independence_proof	unresolved_release_and_creation_dates_are_not_training_or_template_cutoffs
6QG3	6QG3_6	AF-P20459-F1	103b52af36a2c9b9a84c89fd243732557e3cf5b88438528be6a1f8c2023e782e	2019-06-26T00:00:00.000+00:00	2025-08-01T00:00:00Z	released_before_prediction_creation	only_experimental_starting_models_reported_not_independence_proof	unresolved_release_and_creation_dates_are_not_training_or_template_cutoffs
6QG5	6QG5_6	AF-P20459-F1	103b52af36a2c9b9a84c89fd243732557e3cf5b88438528be6a1f8c2023e782e	2019-06-26T00:00:00.000+00:00	2025-08-01T00:00:00Z	released_before_prediction_creation	only_experimental_starting_models_reported_not_independence_proof	unresolved_release_and_creation_dates_are_not_training_or_template_cutoffs
6QG6	6QG6_6	AF-P20459-F1	103b52af36a2c9b9a84c89fd243732557e3cf5b88438528be6a1f8c2023e782e	2019-06-26T00:00:00.000+00:00	2025-08-01T00:00:00Z	released_before_prediction_creation	only_experimental_starting_models_reported_not_independence_proof	unresolved_release_and_creation_dates_are_not_training_or_template_cutoffs
6QIK	6QIK_39	AF-Q12522-F1	a9c859214bc288900788ea22094f6779f5e80a857b1a76ad3d655a47854cced8	2019-06-26T00:00:00.000+00:00	2025-08-01T00:00:00Z	released_before_prediction_creation	only_experimental_starting_models_reported_not_independence_proof	unresolved_release_and_creation_dates_are_not_training_or_template_cutoffs
6QT0	6QT0_40	AF-Q12522-F1	a9c859214bc288900788ea22094f6779f5e80a857b1a76ad3d655a47854cced8	2019-06-26T00:00:00.000+00:00	2025-08-01T00:00:00Z	released_before_prediction_creation	only_experimental_starting_models_reported_not_independence_proof	unresolved_release_and_creation_dates_are_not_training_or_template_cutoffs
6QTZ	6QTZ_39	AF-Q12522-F1	a9c859214bc288900788ea22094f6779f5e80a857b1a76ad3d655a47854cced8	2019-06-26T00:00:00.000+00:00	2025-08-01T00:00:00Z	released_before_prediction_creation	only_experimental_starting_models_reported_not_independence_proof	unresolved_release_and_creation_dates_are_not_training_or_template_cutoffs
6RBD	6RBD_20	AF-Q99216-F1	84d2c25c65d615286c613fa6cb43c3a6ded04bf3ea656def6fecf3a43dcb69c6	2019-06-26T00:00:00.000+00:00	2025-08-01T00:00:00Z	released_before_prediction_creation	only_experimental_starting_models_reported_not_independence_proof	unresolved_release_and_creation_dates_are_not_training_or_template_cutoffs
6RBD	6RBD_21	AF-P38333-F1	7853bc1aad7c359d8c4309a1340c0742d4c26c3dbb95f6c3720b0c4dfee7cdaa	2019-06-26T00:00:00.000+00:00	2025-08-01T00:00:00Z	released_before_prediction_creation	only_experimental_starting_models_reported_not_independence_proof	unresolved_release_and_creation_dates_are_not_training_or_template_cutoffs
6RBD	6RBD_22	AF-Q07381-F1	b6d1f09ad6d4e53fefcb5686e389010be7f9153d60e48a315d684f3f09b21fec	2019-06-26T00:00:00.000+00:00	2025-08-01T00:00:00Z	released_before_prediction_creation	only_experimental_starting_models_reported_not_independence_proof	unresolved_release_and_creation_dates_are_not_training_or_template_cutoffs
6RBD	6RBD_23	AF-P40160-F1	96d19daa18e83769d4a23f65b801e1dec1a3c4176e1b4edb640a3ceeb7ed20f1	2019-06-26T00:00:00.000+00:00	2025-08-01T00:00:00Z	released_before_prediction_creation	only_experimental_starting_models_reported_not_independence_proof	unresolved_release_and_creation_dates_are_not_training_or_template_cutoffs
6RI5	6RI5_39	AF-Q12522-F1	a9c859214bc288900788ea22094f6779f5e80a857b1a76ad3d655a47854cced8	2019-06-26T00:00:00.000+00:00	2025-08-01T00:00:00Z	released_before_prediction_creation	only_experimental_starting_models_reported_not_independence_proof	unresolved_release_and_creation_dates_are_not_training_or_template_cutoffs
6RQC	6RQC_11	AF-P53091-F1	03b7797a0460645fc3278608ce831cc02c9437647883cfcf335a74b1b3aeb9c3	2019-11-20T00:00:00.000+00:00	2025-08-01T00:00:00Z	released_before_prediction_creation	only_experimental_starting_models_reported_not_independence_proof	unresolved_release_and_creation_dates_are_not_training_or_template_cutoffs
6RQC	6RQC_12	AF-P38132-F1	dbff9e0a6531af71d18bb3f0b0febfb568f2e863b6861e6daa67f914c7942edf	2019-11-20T00:00:00.000+00:00	2025-08-01T00:00:00Z	released_before_prediction_creation	only_experimental_starting_models_reported_not_independence_proof	unresolved_release_and_creation_dates_are_not_training_or_template_cutoffs
6RQC	6RQC_9	AF-P30665-F1	0b38fefaef2eca7f23bb979bc9da1dec4e9a6ffe79ea3e53edd734b02e70527b	2019-11-20T00:00:00.000+00:00	2025-08-01T00:00:00Z	released_before_prediction_creation	only_experimental_starting_models_reported_not_independence_proof	unresolved_release_and_creation_dates_are_not_training_or_template_cutoffs
6RQH	6RQH_12	AF-P20435-F1	b35ac6750b96213d2e2f4608750f185b2daf71c690e6c7ef0382f39de2ec7d1c	2019-12-11T00:00:00.000+00:00	2025-08-01T00:00:00Z	released_before_prediction_creation	starting_model_annotation_missing	unresolved_release_and_creation_dates_are_not_training_or_template_cutoffs
6RQH	6RQH_14	AF-P20436-F1	ce7cd70250d0b569e39e2cf28c28578cac6ef076795fe9e170de624038c4019d	2019-12-11T00:00:00.000+00:00	2025-08-01T00:00:00Z	released_before_prediction_creation	starting_model_annotation_missing	unresolved_release_and_creation_dates_are_not_training_or_template_cutoffs
6RQL	6RQL_12	AF-P20435-F1	b35ac6750b96213d2e2f4608750f185b2daf71c690e6c7ef0382f39de2ec7d1c	2019-12-11T00:00:00.000+00:00	2025-08-01T00:00:00Z	released_before_prediction_creation	starting_model_annotation_missing	unresolved_release_and_creation_dates_are_not_training_or_template_cutoffs
6RQL	6RQL_14	AF-P20436-F1	ce7cd70250d0b569e39e2cf28c28578cac6ef076795fe9e170de624038c4019d	2019-12-11T00:00:00.000+00:00	2025-08-01T00:00:00Z	released_before_prediction_creation	starting_model_annotation_missing	unresolved_release_and_creation_dates_are_not_training_or_template_cutoffs
6RQT	6RQT_10	AF-P20436-F1	ce7cd70250d0b569e39e2cf28c28578cac6ef076795fe9e170de624038c4019d	2019-12-11T00:00:00.000+00:00	2025-08-01T00:00:00Z	released_before_prediction_creation	starting_model_annotation_missing	unresolved_release_and_creation_dates_are_not_training_or_template_cutoffs
6RQT	6RQT_8	AF-P20435-F1	b35ac6750b96213d2e2f4608750f185b2daf71c690e6c7ef0382f39de2ec7d1c	2019-12-11T00:00:00.000+00:00	2025-08-01T00:00:00Z	released_before_prediction_creation	starting_model_annotation_missing	unresolved_release_and_creation_dates_are_not_training_or_template_cutoffs
6RRD	6RRD_14	AF-P20435-F1	b35ac6750b96213d2e2f4608750f185b2daf71c690e6c7ef0382f39de2ec7d1c	2019-12-11T00:00:00.000+00:00	2025-08-01T00:00:00Z	released_before_prediction_creation	starting_model_annotation_missing	unresolved_release_and_creation_dates_are_not_training_or_template_cutoffs
6RRD	6RRD_16	AF-P20436-F1	ce7cd70250d0b569e39e2cf28c28578cac6ef076795fe9e170de624038c4019d	2019-12-11T00:00:00.000+00:00	2025-08-01T00:00:00Z	released_before_prediction_creation	starting_model_annotation_missing	unresolved_release_and_creation_dates_are_not_training_or_template_cutoffs
6RUI	6RUI_11	AF-P20435-F1	b35ac6750b96213d2e2f4608750f185b2daf71c690e6c7ef0382f39de2ec7d1c	2019-12-11T00:00:00.000+00:00	2025-08-01T00:00:00Z	released_before_prediction_creation	starting_model_annotation_missing	unresolved_release_and_creation_dates_are_not_training_or_template_cutoffs
6RUI	6RUI_13	AF-P20436-F1	ce7cd70250d0b569e39e2cf28c28578cac6ef076795fe9e170de624038c4019d	2019-12-11T00:00:00.000+00:00	2025-08-01T00:00:00Z	released_before_prediction_creation	starting_model_annotation_missing	unresolved_release_and_creation_dates_are_not_training_or_template_cutoffs
6RUO	6RUO_10	AF-P20436-F1	ce7cd70250d0b569e39e2cf28c28578cac6ef076795fe9e170de624038c4019d	2019-12-11T00:00:00.000+00:00	2025-08-01T00:00:00Z	released_before_prediction_creation	starting_model_annotation_missing	unresolved_release_and_creation_dates_are_not_training_or_template_cutoffs
6RUO	6RUO_8	AF-P20435-F1	b35ac6750b96213d2e2f4608750f185b2daf71c690e6c7ef0382f39de2ec7d1c	2019-12-11T00:00:00.000+00:00	2025-08-01T00:00:00Z	released_before_prediction_creation	starting_model_annotation_missing	unresolved_release_and_creation_dates_are_not_training_or_template_cutoffs
6RWE	6RWE_11	AF-P20436-F1	ce7cd70250d0b569e39e2cf28c28578cac6ef076795fe9e170de624038c4019d	2019-12-11T00:00:00.000+00:00	2025-08-01T00:00:00Z	released_before_prediction_creation	starting_model_annotation_missing	unresolved_release_and_creation_dates_are_not_training_or_template_cutoffs
6RWE	6RWE_9	AF-P20435-F1	b35ac6750b96213d2e2f4608750f185b2daf71c690e6c7ef0382f39de2ec7d1c	2019-12-11T00:00:00.000+00:00	2025-08-01T00:00:00Z	released_before_prediction_creation	starting_model_annotation_missing	unresolved_release_and_creation_dates_are_not_training_or_template_cutoffs
6RZZ	6RZZ_39	AF-Q12522-F1	a9c859214bc288900788ea22094f6779f5e80a857b1a76ad3d655a47854cced8	2019-06-26T00:00:00.000+00:00	2025-08-01T00:00:00Z	released_before_prediction_creation	only_experimental_starting_models_reported_not_independence_proof	unresolved_release_and_creation_dates_are_not_training_or_template_cutoffs
6S05	6S05_39	AF-Q12522-F1	a9c859214bc288900788ea22094f6779f5e80a857b1a76ad3d655a47854cced8	2019-06-26T00:00:00.000+00:00	2025-08-01T00:00:00Z	released_before_prediction_creation	only_experimental_starting_models_reported_not_independence_proof	unresolved_release_and_creation_dates_are_not_training_or_template_cutoffs
6SKL	6SKL_10	AF-Q03406-F1	5cae9a720dba99e7f3e4f1de8b6a63064ee6691f0e076cf8012a08762d7a3c52	2020-05-06T00:00:00.000+00:00	2025-08-01T00:00:00Z	released_before_prediction_creation	only_experimental_starting_models_reported_not_independence_proof	unresolved_release_and_creation_dates_are_not_training_or_template_cutoffs
6SKL	6SKL_3	AF-P30665-F1	0b38fefaef2eca7f23bb979bc9da1dec4e9a6ffe79ea3e53edd734b02e70527b	2020-05-06T00:00:00.000+00:00	2025-08-01T00:00:00Z	released_before_prediction_creation	only_experimental_starting_models_reported_not_independence_proof	unresolved_release_and_creation_dates_are_not_training_or_template_cutoffs
6SKL	6SKL_5	AF-P53091-F1	03b7797a0460645fc3278608ce831cc02c9437647883cfcf335a74b1b3aeb9c3	2020-05-06T00:00:00.000+00:00	2025-08-01T00:00:00Z	released_before_prediction_creation	only_experimental_starting_models_reported_not_independence_proof	unresolved_release_and_creation_dates_are_not_training_or_template_cutoffs
6SKL	6SKL_6	AF-P38132-F1	dbff9e0a6531af71d18bb3f0b0febfb568f2e863b6861e6daa67f914c7942edf	2020-05-06T00:00:00.000+00:00	2025-08-01T00:00:00Z	released_before_prediction_creation	only_experimental_starting_models_reported_not_independence_proof	unresolved_release_and_creation_dates_are_not_training_or_template_cutoffs
6SKL	6SKL_8	AF-P40359-F1	9fb69cb67e3079fd58481686b3e32f9badf14994da061a3c837e6c9b88b2ab82	2020-05-06T00:00:00.000+00:00	2025-08-01T00:00:00Z	released_before_prediction_creation	only_experimental_starting_models_reported_not_independence_proof	unresolved_release_and_creation_dates_are_not_training_or_template_cutoffs
6SKO	6SKO_1	AF-P53091-F1	03b7797a0460645fc3278608ce831cc02c9437647883cfcf335a74b1b3aeb9c3	2020-05-06T00:00:00.000+00:00	2025-08-01T00:00:00Z	released_before_prediction_creation	only_experimental_starting_models_reported_not_independence_proof	unresolved_release_and_creation_dates_are_not_training_or_template_cutoffs
6SKO	6SKO_2	AF-P38132-F1	dbff9e0a6531af71d18bb3f0b0febfb568f2e863b6861e6daa67f914c7942edf	2020-05-06T00:00:00.000+00:00	2025-08-01T00:00:00Z	released_before_prediction_creation	only_experimental_starting_models_reported_not_independence_proof	unresolved_release_and_creation_dates_are_not_training_or_template_cutoffs
6SKO	6SKO_6	AF-P30665-F1	0b38fefaef2eca7f23bb979bc9da1dec4e9a6ffe79ea3e53edd734b02e70527b	2020-05-06T00:00:00.000+00:00	2025-08-01T00:00:00Z	released_before_prediction_creation	only_experimental_starting_models_reported_not_independence_proof	unresolved_release_and_creation_dates_are_not_training_or_template_cutoffs
6TPS	6TPS_6	AF-P20435-F1	b35ac6750b96213d2e2f4608750f185b2daf71c690e6c7ef0382f39de2ec7d1c	2020-03-18T00:00:00.000+00:00	2025-08-01T00:00:00Z	released_before_prediction_creation	starting_model_annotation_missing	unresolved_release_and_creation_dates_are_not_training_or_template_cutoffs
6TPS	6TPS_8	AF-P20436-F1	ce7cd70250d0b569e39e2cf28c28578cac6ef076795fe9e170de624038c4019d	2020-03-18T00:00:00.000+00:00	2025-08-01T00:00:00Z	released_before_prediction_creation	starting_model_annotation_missing	unresolved_release_and_creation_dates_are_not_training_or_template_cutoffs
6TUT	6TUT_6	AF-P20435-F1	b35ac6750b96213d2e2f4608750f185b2daf71c690e6c7ef0382f39de2ec7d1c	2020-02-19T00:00:00.000+00:00	2025-08-01T00:00:00Z	released_before_prediction_creation	starting_model_annotation_missing	unresolved_release_and_creation_dates_are_not_training_or_template_cutoffs
6TUT	6TUT_7	AF-P35718-F1	c6aefbc99f7f43afb83ce630b7d6a0e3a45e1678cbca2b0dab88f0c807f377be	2020-02-19T00:00:00.000+00:00	2025-08-01T00:00:00Z	released_before_prediction_creation	starting_model_annotation_missing	unresolved_release_and_creation_dates_are_not_training_or_template_cutoffs
6TUT	6TUT_8	AF-P20436-F1	ce7cd70250d0b569e39e2cf28c28578cac6ef076795fe9e170de624038c4019d	2020-02-19T00:00:00.000+00:00	2025-08-01T00:00:00Z	released_before_prediction_creation	starting_model_annotation_missing	unresolved_release_and_creation_dates_are_not_training_or_template_cutoffs
6UPX	6UPX_12	AF-P38902-F1	e5ca72de84371c102b60be5d242b8952d384447efd42abc54d2fc7b284a64b0b	2020-06-10T00:00:00.000+00:00	2025-08-01T00:00:00Z	released_before_prediction_creation	only_experimental_starting_models_reported_not_independence_proof	unresolved_release_and_creation_dates_are_not_training_or_template_cutoffs
6UPX	6UPX_8	AF-P20435-F1	b35ac6750b96213d2e2f4608750f185b2daf71c690e6c7ef0382f39de2ec7d1c	2020-06-10T00:00:00.000+00:00	2025-08-01T00:00:00Z	released_before_prediction_creation	only_experimental_starting_models_reported_not_independence_proof	unresolved_release_and_creation_dates_are_not_training_or_template_cutoffs
6UPX	6UPX_9	AF-P20436-F1	ce7cd70250d0b569e39e2cf28c28578cac6ef076795fe9e170de624038c4019d	2020-06-10T00:00:00.000+00:00	2025-08-01T00:00:00Z	released_before_prediction_creation	only_experimental_starting_models_reported_not_independence_proof	unresolved_release_and_creation_dates_are_not_training_or_template_cutoffs
6UPY	6UPY_12	AF-P38902-F1	e5ca72de84371c102b60be5d242b8952d384447efd42abc54d2fc7b284a64b0b	2020-06-10T00:00:00.000+00:00	2025-08-01T00:00:00Z	released_before_prediction_creation	only_experimental_starting_models_reported_not_independence_proof	unresolved_release_and_creation_dates_are_not_training_or_template_cutoffs
6UPY	6UPY_8	AF-P20435-F1	b35ac6750b96213d2e2f4608750f185b2daf71c690e6c7ef0382f39de2ec7d1c	2020-06-10T00:00:00.000+00:00	2025-08-01T00:00:00Z	released_before_prediction_creation	only_experimental_starting_models_reported_not_independence_proof	unresolved_release_and_creation_dates_are_not_training_or_template_cutoffs
6UPY	6UPY_9	AF-P20436-F1	ce7cd70250d0b569e39e2cf28c28578cac6ef076795fe9e170de624038c4019d	2020-06-10T00:00:00.000+00:00	2025-08-01T00:00:00Z	released_before_prediction_creation	only_experimental_starting_models_reported_not_independence_proof	unresolved_release_and_creation_dates_are_not_training_or_template_cutoffs
6UPZ	6UPZ_12	AF-P38902-F1	e5ca72de84371c102b60be5d242b8952d384447efd42abc54d2fc7b284a64b0b	2020-06-10T00:00:00.000+00:00	2025-08-01T00:00:00Z	released_before_prediction_creation	only_experimental_starting_models_reported_not_independence_proof	unresolved_release_and_creation_dates_are_not_training_or_template_cutoffs
6UPZ	6UPZ_8	AF-P20435-F1	b35ac6750b96213d2e2f4608750f185b2daf71c690e6c7ef0382f39de2ec7d1c	2020-06-10T00:00:00.000+00:00	2025-08-01T00:00:00Z	released_before_prediction_creation	only_experimental_starting_models_reported_not_independence_proof	unresolved_release_and_creation_dates_are_not_training_or_template_cutoffs
6UPZ	6UPZ_9	AF-P20436-F1	ce7cd70250d0b569e39e2cf28c28578cac6ef076795fe9e170de624038c4019d	2020-06-10T00:00:00.000+00:00	2025-08-01T00:00:00Z	released_before_prediction_creation	only_experimental_starting_models_reported_not_independence_proof	unresolved_release_and_creation_dates_are_not_training_or_template_cutoffs
6UQ0	6UQ0_12	AF-P38902-F1	e5ca72de84371c102b60be5d242b8952d384447efd42abc54d2fc7b284a64b0b	2020-06-10T00:00:00.000+00:00	2025-08-01T00:00:00Z	released_before_prediction_creation	only_experimental_starting_models_reported_not_independence_proof	unresolved_release_and_creation_dates_are_not_training_or_template_cutoffs
6UQ0	6UQ0_8	AF-P20435-F1	b35ac6750b96213d2e2f4608750f185b2daf71c690e6c7ef0382f39de2ec7d1c	2020-06-10T00:00:00.000+00:00	2025-08-01T00:00:00Z	released_before_prediction_creation	only_experimental_starting_models_reported_not_independence_proof	unresolved_release_and_creation_dates_are_not_training_or_template_cutoffs
6UQ0	6UQ0_9	AF-P20436-F1	ce7cd70250d0b569e39e2cf28c28578cac6ef076795fe9e170de624038c4019d	2020-06-10T00:00:00.000+00:00	2025-08-01T00:00:00Z	released_before_prediction_creation	only_experimental_starting_models_reported_not_independence_proof	unresolved_release_and_creation_dates_are_not_training_or_template_cutoffs
6UQ1	6UQ1_12	AF-P38902-F1	e5ca72de84371c102b60be5d242b8952d384447efd42abc54d2fc7b284a64b0b	2020-06-10T00:00:00.000+00:00	2025-08-01T00:00:00Z	released_before_prediction_creation	only_experimental_starting_models_reported_not_independence_proof	unresolved_release_and_creation_dates_are_not_training_or_template_cutoffs
6UQ1	6UQ1_8	AF-P20435-F1	b35ac6750b96213d2e2f4608750f185b2daf71c690e6c7ef0382f39de2ec7d1c	2020-06-10T00:00:00.000+00:00	2025-08-01T00:00:00Z	released_before_prediction_creation	only_experimental_starting_models_reported_not_independence_proof	unresolved_release_and_creation_dates_are_not_training_or_template_cutoffs
6UQ1	6UQ1_9	AF-P20436-F1	ce7cd70250d0b569e39e2cf28c28578cac6ef076795fe9e170de624038c4019d	2020-06-10T00:00:00.000+00:00	2025-08-01T00:00:00Z	released_before_prediction_creation	only_experimental_starting_models_reported_not_independence_proof	unresolved_release_and_creation_dates_are_not_training_or_template_cutoffs
6UQ2	6UQ2_12	AF-P38902-F1	e5ca72de84371c102b60be5d242b8952d384447efd42abc54d2fc7b284a64b0b	2020-06-10T00:00:00.000+00:00	2025-08-01T00:00:00Z	released_before_prediction_creation	only_experimental_starting_models_reported_not_independence_proof	unresolved_release_and_creation_dates_are_not_training_or_template_cutoffs
6UQ2	6UQ2_8	AF-P20435-F1	b35ac6750b96213d2e2f4608750f185b2daf71c690e6c7ef0382f39de2ec7d1c	2020-06-10T00:00:00.000+00:00	2025-08-01T00:00:00Z	released_before_prediction_creation	only_experimental_starting_models_reported_not_independence_proof	unresolved_release_and_creation_dates_are_not_training_or_template_cutoffs
6UQ2	6UQ2_9	AF-P20436-F1	ce7cd70250d0b569e39e2cf28c28578cac6ef076795fe9e170de624038c4019d	2020-06-10T00:00:00.000+00:00	2025-08-01T00:00:00Z	released_before_prediction_creation	only_experimental_starting_models_reported_not_independence_proof	unresolved_release_and_creation_dates_are_not_training_or_template_cutoffs
6UQ3	6UQ3_12	AF-P38902-F1	e5ca72de84371c102b60be5d242b8952d384447efd42abc54d2fc7b284a64b0b	2020-06-10T00:00:00.000+00:00	2025-08-01T00:00:00Z	released_before_prediction_creation	only_experimental_starting_models_reported_not_independence_proof	unresolved_release_and_creation_dates_are_not_training_or_template_cutoffs
6UQ3	6UQ3_8	AF-P20435-F1	b35ac6750b96213d2e2f4608750f185b2daf71c690e6c7ef0382f39de2ec7d1c	2020-06-10T00:00:00.000+00:00	2025-08-01T00:00:00Z	released_before_prediction_creation	only_experimental_starting_models_reported_not_independence_proof	unresolved_release_and_creation_dates_are_not_training_or_template_cutoffs
6UQ3	6UQ3_9	AF-P20436-F1	ce7cd70250d0b569e39e2cf28c28578cac6ef076795fe9e170de624038c4019d	2020-06-10T00:00:00.000+00:00	2025-08-01T00:00:00Z	released_before_prediction_creation	only_experimental_starting_models_reported_not_independence_proof	unresolved_release_and_creation_dates_are_not_training_or_template_cutoffs
6WDR	6WDR_31	AF-Q07381-F1	b6d1f09ad6d4e53fefcb5686e389010be7f9153d60e48a315d684f3f09b21fec	2020-09-30T00:00:00.000+00:00	2025-08-01T00:00:00Z	released_before_prediction_creation	starting_model_annotation_missing	unresolved_release_and_creation_dates_are_not_training_or_template_cutoffs
6WGC	6WGC_9	AF-P38132-F1	dbff9e0a6531af71d18bb3f0b0febfb568f2e863b6861e6daa67f914c7942edf	2020-07-15T00:00:00.000+00:00	2025-08-01T00:00:00Z	released_before_prediction_creation	starting_model_annotation_missing	unresolved_release_and_creation_dates_are_not_training_or_template_cutoffs
6WGF	6WGF_2	AF-P38132-F1	dbff9e0a6531af71d18bb3f0b0febfb568f2e863b6861e6daa67f914c7942edf	2020-07-15T00:00:00.000+00:00	2025-08-01T00:00:00Z	released_before_prediction_creation	starting_model_annotation_missing	unresolved_release_and_creation_dates_are_not_training_or_template_cutoffs
6WGF	6WGF_3	AF-P53091-F1	03b7797a0460645fc3278608ce831cc02c9437647883cfcf335a74b1b3aeb9c3	2020-07-15T00:00:00.000+00:00	2025-08-01T00:00:00Z	released_before_prediction_creation	starting_model_annotation_missing	unresolved_release_and_creation_dates_are_not_training_or_template_cutoffs
6WGF	6WGF_5	AF-P30665-F1	0b38fefaef2eca7f23bb979bc9da1dec4e9a6ffe79ea3e53edd734b02e70527b	2020-07-15T00:00:00.000+00:00	2025-08-01T00:00:00Z	released_before_prediction_creation	starting_model_annotation_missing	unresolved_release_and_creation_dates_are_not_training_or_template_cutoffs
6WGG	6WGG_13	AF-P30665-F1	0b38fefaef2eca7f23bb979bc9da1dec4e9a6ffe79ea3e53edd734b02e70527b	2020-07-15T00:00:00.000+00:00	2025-08-01T00:00:00Z	released_before_prediction_creation	starting_model_annotation_missing	unresolved_release_and_creation_dates_are_not_training_or_template_cutoffs
6WGG	6WGG_15	AF-P53091-F1	03b7797a0460645fc3278608ce831cc02c9437647883cfcf335a74b1b3aeb9c3	2020-07-15T00:00:00.000+00:00	2025-08-01T00:00:00Z	released_before_prediction_creation	starting_model_annotation_missing	unresolved_release_and_creation_dates_are_not_training_or_template_cutoffs
6WGG	6WGG_16	AF-P38132-F1	dbff9e0a6531af71d18bb3f0b0febfb568f2e863b6861e6daa67f914c7942edf	2020-07-15T00:00:00.000+00:00	2025-08-01T00:00:00Z	released_before_prediction_creation	starting_model_annotation_missing	unresolved_release_and_creation_dates_are_not_training_or_template_cutoffs
6WGI	6WGI_12	AF-P30665-F1	0b38fefaef2eca7f23bb979bc9da1dec4e9a6ffe79ea3e53edd734b02e70527b	2020-07-15T00:00:00.000+00:00	2025-08-01T00:00:00Z	released_before_prediction_creation	starting_model_annotation_missing	unresolved_release_and_creation_dates_are_not_training_or_template_cutoffs
6WGI	6WGI_15	AF-P53091-F1	03b7797a0460645fc3278608ce831cc02c9437647883cfcf335a74b1b3aeb9c3	2020-07-15T00:00:00.000+00:00	2025-08-01T00:00:00Z	released_before_prediction_creation	starting_model_annotation_missing	unresolved_release_and_creation_dates_are_not_training_or_template_cutoffs
6WGI	6WGI_16	AF-P38132-F1	dbff9e0a6531af71d18bb3f0b0febfb568f2e863b6861e6daa67f914c7942edf	2020-07-15T00:00:00.000+00:00	2025-08-01T00:00:00Z	released_before_prediction_creation	starting_model_annotation_missing	unresolved_release_and_creation_dates_are_not_training_or_template_cutoffs
6Y7C	6Y7C_30	AF-Q99216-F1	84d2c25c65d615286c613fa6cb43c3a6ded04bf3ea656def6fecf3a43dcb69c6	2020-03-18T00:00:00.000+00:00	2025-08-01T00:00:00Z	released_before_prediction_creation	only_experimental_starting_models_reported_not_independence_proof	unresolved_release_and_creation_dates_are_not_training_or_template_cutoffs
6Y7C	6Y7C_31	AF-P38333-F1	7853bc1aad7c359d8c4309a1340c0742d4c26c3dbb95f6c3720b0c4dfee7cdaa	2020-03-18T00:00:00.000+00:00	2025-08-01T00:00:00Z	released_before_prediction_creation	only_experimental_starting_models_reported_not_independence_proof	unresolved_release_and_creation_dates_are_not_training_or_template_cutoffs
6Y7C	6Y7C_33	AF-P40160-F1	96d19daa18e83769d4a23f65b801e1dec1a3c4176e1b4edb640a3ceeb7ed20f1	2020-03-18T00:00:00.000+00:00	2025-08-01T00:00:00Z	released_before_prediction_creation	only_experimental_starting_models_reported_not_independence_proof	unresolved_release_and_creation_dates_are_not_training_or_template_cutoffs
6Y7C	6Y7C_34	AF-Q07381-F1	b6d1f09ad6d4e53fefcb5686e389010be7f9153d60e48a315d684f3f09b21fec	2020-03-18T00:00:00.000+00:00	2025-08-01T00:00:00Z	released_before_prediction_creation	only_experimental_starting_models_reported_not_independence_proof	unresolved_release_and_creation_dates_are_not_training_or_template_cutoffs
6YLG	6YLG_28	AF-P33201-F1	1339886dfb0473fd4dc59344281a8288b3ac1979e074403818c8117482fe794b	2020-07-29T00:00:00.000+00:00	2025-08-01T00:00:00Z	released_before_prediction_creation	only_experimental_starting_models_reported_not_independence_proof	unresolved_release_and_creation_dates_are_not_training_or_template_cutoffs
6YLG	6YLG_33	AF-Q02892-F1	9b034068144dc1c8f367dcc1d0940877c694565a6c15b2ee590634a8d512edac	2020-07-29T00:00:00.000+00:00	2025-08-01T00:00:00Z	released_before_prediction_creation	only_experimental_starting_models_reported_not_independence_proof	unresolved_release_and_creation_dates_are_not_training_or_template_cutoffs
6YLG	6YLG_52	AF-Q07915-F1	1d54d8fc6fd3850a44b980391ada8291d7463d18caf3143cb61d4a3be8997bc2	2020-07-29T00:00:00.000+00:00	2025-08-01T00:00:00Z	released_before_prediction_creation	only_experimental_starting_models_reported_not_independence_proof	unresolved_release_and_creation_dates_are_not_training_or_template_cutoffs
6YLG	6YLG_54	AF-Q12522-F1	a9c859214bc288900788ea22094f6779f5e80a857b1a76ad3d655a47854cced8	2020-07-29T00:00:00.000+00:00	2025-08-01T00:00:00Z	released_before_prediction_creation	only_experimental_starting_models_reported_not_independence_proof	unresolved_release_and_creation_dates_are_not_training_or_template_cutoffs
6YLH	6YLH_28	AF-P33201-F1	1339886dfb0473fd4dc59344281a8288b3ac1979e074403818c8117482fe794b	2020-07-29T00:00:00.000+00:00	2025-08-01T00:00:00Z	released_before_prediction_creation	only_experimental_starting_models_reported_not_independence_proof	unresolved_release_and_creation_dates_are_not_training_or_template_cutoffs
6YLH	6YLH_33	AF-Q02892-F1	9b034068144dc1c8f367dcc1d0940877c694565a6c15b2ee590634a8d512edac	2020-07-29T00:00:00.000+00:00	2025-08-01T00:00:00Z	released_before_prediction_creation	only_experimental_starting_models_reported_not_independence_proof	unresolved_release_and_creation_dates_are_not_training_or_template_cutoffs
6YLH	6YLH_52	AF-Q07915-F1	1d54d8fc6fd3850a44b980391ada8291d7463d18caf3143cb61d4a3be8997bc2	2020-07-29T00:00:00.000+00:00	2025-08-01T00:00:00Z	released_before_prediction_creation	only_experimental_starting_models_reported_not_independence_proof	unresolved_release_and_creation_dates_are_not_training_or_template_cutoffs
6YLH	6YLH_54	AF-Q12522-F1	a9c859214bc288900788ea22094f6779f5e80a857b1a76ad3d655a47854cced8	2020-07-29T00:00:00.000+00:00	2025-08-01T00:00:00Z	released_before_prediction_creation	only_experimental_starting_models_reported_not_independence_proof	unresolved_release_and_creation_dates_are_not_training_or_template_cutoffs
6YLX	6YLX_19	AF-P33201-F1	1339886dfb0473fd4dc59344281a8288b3ac1979e074403818c8117482fe794b	2020-07-29T00:00:00.000+00:00	2025-08-01T00:00:00Z	released_before_prediction_creation	only_experimental_starting_models_reported_not_independence_proof	unresolved_release_and_creation_dates_are_not_training_or_template_cutoffs
6YLX	6YLX_24	AF-Q02892-F1	9b034068144dc1c8f367dcc1d0940877c694565a6c15b2ee590634a8d512edac	2020-07-29T00:00:00.000+00:00	2025-08-01T00:00:00Z	released_before_prediction_creation	only_experimental_starting_models_reported_not_independence_proof	unresolved_release_and_creation_dates_are_not_training_or_template_cutoffs
6YLX	6YLX_41	AF-Q07915-F1	1d54d8fc6fd3850a44b980391ada8291d7463d18caf3143cb61d4a3be8997bc2	2020-07-29T00:00:00.000+00:00	2025-08-01T00:00:00Z	released_before_prediction_creation	only_experimental_starting_models_reported_not_independence_proof	unresolved_release_and_creation_dates_are_not_training_or_template_cutoffs
6YLX	6YLX_42	AF-Q12522-F1	a9c859214bc288900788ea22094f6779f5e80a857b1a76ad3d655a47854cced8	2020-07-29T00:00:00.000+00:00	2025-08-01T00:00:00Z	released_before_prediction_creation	only_experimental_starting_models_reported_not_independence_proof	unresolved_release_and_creation_dates_are_not_training_or_template_cutoffs
6YLY	6YLY_25	AF-Q07915-F1	1d54d8fc6fd3850a44b980391ada8291d7463d18caf3143cb61d4a3be8997bc2	2020-07-29T00:00:00.000+00:00	2025-08-01T00:00:00Z	released_before_prediction_creation	only_experimental_starting_models_reported_not_independence_proof	unresolved_release_and_creation_dates_are_not_training_or_template_cutoffs
6YLY	6YLY_35	AF-P33201-F1	1339886dfb0473fd4dc59344281a8288b3ac1979e074403818c8117482fe794b	2020-07-29T00:00:00.000+00:00	2025-08-01T00:00:00Z	released_before_prediction_creation	only_experimental_starting_models_reported_not_independence_proof	unresolved_release_and_creation_dates_are_not_training_or_template_cutoffs
6YLY	6YLY_38	AF-Q12522-F1	a9c859214bc288900788ea22094f6779f5e80a857b1a76ad3d655a47854cced8	2020-07-29T00:00:00.000+00:00	2025-08-01T00:00:00Z	released_before_prediction_creation	only_experimental_starting_models_reported_not_independence_proof	unresolved_release_and_creation_dates_are_not_training_or_template_cutoffs
6YLY	6YLY_4	AF-Q02892-F1	9b034068144dc1c8f367dcc1d0940877c694565a6c15b2ee590634a8d512edac	2020-07-29T00:00:00.000+00:00	2025-08-01T00:00:00Z	released_before_prediction_creation	only_experimental_starting_models_reported_not_independence_proof	unresolved_release_and_creation_dates_are_not_training_or_template_cutoffs
6ZCE	6ZCE_1	AF-P40217-F1	db0c848d26f2719aa11d159afc8f0b1133f6037749ff3b62a403b4993a55b53d	2020-10-07T00:00:00.000+00:00	2025-08-01T00:00:00Z	released_before_prediction_creation	starting_model_annotation_missing	unresolved_release_and_creation_dates_are_not_training_or_template_cutoffs
6ZCE	6ZCE_37	AF-P38249-F1	0645362bbfe056a56877c97cff3efb50b0c4a962d7c8500b0d40b60493489a68	2020-10-07T00:00:00.000+00:00	2025-08-01T00:00:00Z	released_before_prediction_creation	starting_model_annotation_missing	unresolved_release_and_creation_dates_are_not_training_or_template_cutoffs
6ZOU	6ZOU_6	AF-P21242-F1	8283ba552d1a3cf6c49a4d151043a7ef16df99a3d9c30a2b73e7692d36d2c844	2021-05-19T00:00:00.000+00:00	2025-08-01T00:00:00Z	released_before_prediction_creation	only_experimental_starting_models_reported_not_independence_proof	unresolved_release_and_creation_dates_are_not_training_or_template_cutoffs
6ZP6	6ZP6_6	AF-P21242-F1	8283ba552d1a3cf6c49a4d151043a7ef16df99a3d9c30a2b73e7692d36d2c844	2021-05-19T00:00:00.000+00:00	2025-08-01T00:00:00Z	released_before_prediction_creation	only_experimental_starting_models_reported_not_independence_proof	unresolved_release_and_creation_dates_are_not_training_or_template_cutoffs
6ZP8	6ZP8_6	AF-P21242-F1	8283ba552d1a3cf6c49a4d151043a7ef16df99a3d9c30a2b73e7692d36d2c844	2021-05-19T00:00:00.000+00:00	2025-08-01T00:00:00Z	released_before_prediction_creation	only_experimental_starting_models_reported_not_independence_proof	unresolved_release_and_creation_dates_are_not_training_or_template_cutoffs
6ZQA	6ZQA_1	AF-P25635-F1	a483c6065162d6202fd56b069eaa00b4eb1f0edf65e3599160b9781ea59d6eb2	2020-09-23T00:00:00.000+00:00	2025-08-01T00:00:00Z	released_before_prediction_creation	starting_model_annotation_missing	unresolved_release_and_creation_dates_are_not_training_or_template_cutoffs
6ZQA	6ZQA_11	AF-P34247-F1	1245ee2f7cd83f9369a6d49b5bf35022d2741b637b7851a33541728b4662e659	2020-09-23T00:00:00.000+00:00	2025-08-01T00:00:00Z	released_before_prediction_creation	starting_model_annotation_missing	unresolved_release_and_creation_dates_are_not_training_or_template_cutoffs
6ZQA	6ZQA_13	AF-Q05946-F1	2204d94499d8f398bca51469cb01266388ac536be512a882629aae7bd265fe1c	2020-09-23T00:00:00.000+00:00	2025-08-01T00:00:00Z	released_before_prediction_creation	starting_model_annotation_missing	unresolved_release_and_creation_dates_are_not_training_or_template_cutoffs
6ZQA	6ZQA_15	AF-Q04305-F1	c4214baeff24b16caa93f67de339df82dfa7e06f3ef726aae3a8eba8ef80e8c0	2020-09-23T00:00:00.000+00:00	2025-08-01T00:00:00Z	released_before_prediction_creation	starting_model_annotation_missing	unresolved_release_and_creation_dates_are_not_training_or_template_cutoffs
6ZQA	6ZQA_18	AF-P40362-F1	6c6238ce3df8a0730a750c002381624b18a9118d769139354008a70ca5ac7ee5	2020-09-23T00:00:00.000+00:00	2025-08-01T00:00:00Z	released_before_prediction_creation	starting_model_annotation_missing	unresolved_release_and_creation_dates_are_not_training_or_template_cutoffs
6ZQA	6ZQA_24	AF-P15646-F1	a1522f5f794bdfcd1daf2f6cc27f18008a39cec9d87ee10935e6e31b5feae501	2020-09-23T00:00:00.000+00:00	2025-08-01T00:00:00Z	released_before_prediction_creation	starting_model_annotation_missing	unresolved_release_and_creation_dates_are_not_training_or_template_cutoffs
6ZQA	6ZQA_29	AF-P32899-F1	3944f7cc837195985c71597fc913f05d1fd8834da7306203566d3a13a6fd5082	2020-09-23T00:00:00.000+00:00	2025-08-01T00:00:00Z	released_before_prediction_creation	starting_model_annotation_missing	unresolved_release_and_creation_dates_are_not_training_or_template_cutoffs
6ZQA	6ZQA_31	AF-P47083-F1	5bf066d076b004974606b1090a7d63589eabd59b61cfb3b2e1bf0c2f6bc8f8fc	2020-09-23T00:00:00.000+00:00	2025-08-01T00:00:00Z	released_before_prediction_creation	starting_model_annotation_missing	unresolved_release_and_creation_dates_are_not_training_or_template_cutoffs
6ZQA	6ZQA_33	AF-Q08096-F1	9e04036772422792dba04f1ee5510efa70bab5493b0a62a87dd0300b26fc7f86	2020-09-23T00:00:00.000+00:00	2025-08-01T00:00:00Z	released_before_prediction_creation	starting_model_annotation_missing	unresolved_release_and_creation_dates_are_not_training_or_template_cutoffs
6ZQA	6ZQA_36	AF-P38333-F1	7853bc1aad7c359d8c4309a1340c0742d4c26c3dbb95f6c3720b0c4dfee7cdaa	2020-09-23T00:00:00.000+00:00	2025-08-01T00:00:00Z	released_before_prediction_creation	starting_model_annotation_missing	unresolved_release_and_creation_dates_are_not_training_or_template_cutoffs
6ZQA	6ZQA_37	AF-Q99216-F1	84d2c25c65d615286c613fa6cb43c3a6ded04bf3ea656def6fecf3a43dcb69c6	2020-09-23T00:00:00.000+00:00	2025-08-01T00:00:00Z	released_before_prediction_creation	starting_model_annotation_missing	unresolved_release_and_creation_dates_are_not_training_or_template_cutoffs
6ZQA	6ZQA_7	AF-P40055-F1	0b8d4e8ec034bbe7e38401be0db088e127c66d44ef0872e7474c7aa39df06ce9	2020-09-23T00:00:00.000+00:00	2025-08-01T00:00:00Z	released_before_prediction_creation	starting_model_annotation_missing	unresolved_release_and_creation_dates_are_not_training_or_template_cutoffs
6ZQB	6ZQB_1	AF-P25635-F1	a483c6065162d6202fd56b069eaa00b4eb1f0edf65e3599160b9781ea59d6eb2	2020-09-23T00:00:00.000+00:00	2025-08-01T00:00:00Z	released_before_prediction_creation	starting_model_annotation_missing	unresolved_release_and_creation_dates_are_not_training_or_template_cutoffs
6ZQB	6ZQB_11	AF-P34247-F1	1245ee2f7cd83f9369a6d49b5bf35022d2741b637b7851a33541728b4662e659	2020-09-23T00:00:00.000+00:00	2025-08-01T00:00:00Z	released_before_prediction_creation	starting_model_annotation_missing	unresolved_release_and_creation_dates_are_not_training_or_template_cutoffs
6ZQB	6ZQB_13	AF-Q05946-F1	2204d94499d8f398bca51469cb01266388ac536be512a882629aae7bd265fe1c	2020-09-23T00:00:00.000+00:00	2025-08-01T00:00:00Z	released_before_prediction_creation	starting_model_annotation_missing	unresolved_release_and_creation_dates_are_not_training_or_template_cutoffs
6ZQB	6ZQB_15	AF-Q04305-F1	c4214baeff24b16caa93f67de339df82dfa7e06f3ef726aae3a8eba8ef80e8c0	2020-09-23T00:00:00.000+00:00	2025-08-01T00:00:00Z	released_before_prediction_creation	starting_model_annotation_missing	unresolved_release_and_creation_dates_are_not_training_or_template_cutoffs
6ZQB	6ZQB_18	AF-P40362-F1	6c6238ce3df8a0730a750c002381624b18a9118d769139354008a70ca5ac7ee5	2020-09-23T00:00:00.000+00:00	2025-08-01T00:00:00Z	released_before_prediction_creation	starting_model_annotation_missing	unresolved_release_and_creation_dates_are_not_training_or_template_cutoffs
6ZQB	6ZQB_25	AF-P15646-F1	a1522f5f794bdfcd1daf2f6cc27f18008a39cec9d87ee10935e6e31b5feae501	2020-09-23T00:00:00.000+00:00	2025-08-01T00:00:00Z	released_before_prediction_creation	starting_model_annotation_missing	unresolved_release_and_creation_dates_are_not_training_or_template_cutoffs
6ZQB	6ZQB_30	AF-P32899-F1	3944f7cc837195985c71597fc913f05d1fd8834da7306203566d3a13a6fd5082	2020-09-23T00:00:00.000+00:00	2025-08-01T00:00:00Z	released_before_prediction_creation	starting_model_annotation_missing	unresolved_release_and_creation_dates_are_not_training_or_template_cutoffs
6ZQB	6ZQB_32	AF-P47083-F1	5bf066d076b004974606b1090a7d63589eabd59b61cfb3b2e1bf0c2f6bc8f8fc	2020-09-23T00:00:00.000+00:00	2025-08-01T00:00:00Z	released_before_prediction_creation	starting_model_annotation_missing	unresolved_release_and_creation_dates_are_not_training_or_template_cutoffs
6ZQB	6ZQB_34	AF-Q08096-F1	9e04036772422792dba04f1ee5510efa70bab5493b0a62a87dd0300b26fc7f86	2020-09-23T00:00:00.000+00:00	2025-08-01T00:00:00Z	released_before_prediction_creation	starting_model_annotation_missing	unresolved_release_and_creation_dates_are_not_training_or_template_cutoffs
6ZQB	6ZQB_36	AF-P53914-F1	ee2df6f0ad1d4024a32a45cd63663e5131a0f5db5539d359a85c91fdea3cda18	2020-09-23T00:00:00.000+00:00	2025-08-01T00:00:00Z	released_before_prediction_creation	starting_model_annotation_missing	unresolved_release_and_creation_dates_are_not_training_or_template_cutoffs
6ZQB	6ZQB_37	AF-P48234-F1	6e7fd9e10994e26e9895de924a49c0063dfda2ba87b7f91ecbfd6f3df4dfa650	2020-09-23T00:00:00.000+00:00	2025-08-01T00:00:00Z	released_before_prediction_creation	starting_model_annotation_missing	unresolved_release_and_creation_dates_are_not_training_or_template_cutoffs
6ZQB	6ZQB_40	AF-P38333-F1	7853bc1aad7c359d8c4309a1340c0742d4c26c3dbb95f6c3720b0c4dfee7cdaa	2020-09-23T00:00:00.000+00:00	2025-08-01T00:00:00Z	released_before_prediction_creation	starting_model_annotation_missing	unresolved_release_and_creation_dates_are_not_training_or_template_cutoffs
6ZQB	6ZQB_41	AF-Q99216-F1	84d2c25c65d615286c613fa6cb43c3a6ded04bf3ea656def6fecf3a43dcb69c6	2020-09-23T00:00:00.000+00:00	2025-08-01T00:00:00Z	released_before_prediction_creation	starting_model_annotation_missing	unresolved_release_and_creation_dates_are_not_training_or_template_cutoffs
6ZQB	6ZQB_7	AF-P40055-F1	0b8d4e8ec034bbe7e38401be0db088e127c66d44ef0872e7474c7aa39df06ce9	2020-09-23T00:00:00.000+00:00	2025-08-01T00:00:00Z	released_before_prediction_creation	starting_model_annotation_missing	unresolved_release_and_creation_dates_are_not_training_or_template_cutoffs
6ZQC	6ZQC_1	AF-P15646-F1	a1522f5f794bdfcd1daf2f6cc27f18008a39cec9d87ee10935e6e31b5feae501	2020-09-23T00:00:00.000+00:00	2025-08-01T00:00:00Z	released_before_prediction_creation	starting_model_annotation_missing	unresolved_release_and_creation_dates_are_not_training_or_template_cutoffs
6ZQC	6ZQC_10	AF-P40055-F1	0b8d4e8ec034bbe7e38401be0db088e127c66d44ef0872e7474c7aa39df06ce9	2020-09-23T00:00:00.000+00:00	2025-08-01T00:00:00Z	released_before_prediction_creation	starting_model_annotation_missing	unresolved_release_and_creation_dates_are_not_training_or_template_cutoffs
6ZQC	6ZQC_14	AF-P34247-F1	1245ee2f7cd83f9369a6d49b5bf35022d2741b637b7851a33541728b4662e659	2020-09-23T00:00:00.000+00:00	2025-08-01T00:00:00Z	released_before_prediction_creation	starting_model_annotation_missing	unresolved_release_and_creation_dates_are_not_training_or_template_cutoffs
6ZQC	6ZQC_16	AF-Q05946-F1	2204d94499d8f398bca51469cb01266388ac536be512a882629aae7bd265fe1c	2020-09-23T00:00:00.000+00:00	2025-08-01T00:00:00Z	released_before_prediction_creation	starting_model_annotation_missing	unresolved_release_and_creation_dates_are_not_training_or_template_cutoffs
6ZQC	6ZQC_18	AF-Q04305-F1	c4214baeff24b16caa93f67de339df82dfa7e06f3ef726aae3a8eba8ef80e8c0	2020-09-23T00:00:00.000+00:00	2025-08-01T00:00:00Z	released_before_prediction_creation	starting_model_annotation_missing	unresolved_release_and_creation_dates_are_not_training_or_template_cutoffs
6ZQC	6ZQC_21	AF-P40362-F1	6c6238ce3df8a0730a750c002381624b18a9118d769139354008a70ca5ac7ee5	2020-09-23T00:00:00.000+00:00	2025-08-01T00:00:00Z	released_before_prediction_creation	starting_model_annotation_missing	unresolved_release_and_creation_dates_are_not_training_or_template_cutoffs
6ZQC	6ZQC_3	AF-P53914-F1	ee2df6f0ad1d4024a32a45cd63663e5131a0f5db5539d359a85c91fdea3cda18	2020-09-23T00:00:00.000+00:00	2025-08-01T00:00:00Z	released_before_prediction_creation	starting_model_annotation_missing	unresolved_release_and_creation_dates_are_not_training_or_template_cutoffs
6ZQC	6ZQC_32	AF-P32899-F1	3944f7cc837195985c71597fc913f05d1fd8834da7306203566d3a13a6fd5082	2020-09-23T00:00:00.000+00:00	2025-08-01T00:00:00Z	released_before_prediction_creation	starting_model_annotation_missing	unresolved_release_and_creation_dates_are_not_training_or_template_cutoffs
6ZQC	6ZQC_34	AF-P47083-F1	5bf066d076b004974606b1090a7d63589eabd59b61cfb3b2e1bf0c2f6bc8f8fc	2020-09-23T00:00:00.000+00:00	2025-08-01T00:00:00Z	released_before_prediction_creation	starting_model_annotation_missing	unresolved_release_and_creation_dates_are_not_training_or_template_cutoffs
6ZQC	6ZQC_36	AF-Q08096-F1	9e04036772422792dba04f1ee5510efa70bab5493b0a62a87dd0300b26fc7f86	2020-09-23T00:00:00.000+00:00	2025-08-01T00:00:00Z	released_before_prediction_creation	starting_model_annotation_missing	unresolved_release_and_creation_dates_are_not_training_or_template_cutoffs
6ZQC	6ZQC_38	AF-P48234-F1	6e7fd9e10994e26e9895de924a49c0063dfda2ba87b7f91ecbfd6f3df4dfa650	2020-09-23T00:00:00.000+00:00	2025-08-01T00:00:00Z	released_before_prediction_creation	starting_model_annotation_missing	unresolved_release_and_creation_dates_are_not_training_or_template_cutoffs
6ZQC	6ZQC_4	AF-P25635-F1	a483c6065162d6202fd56b069eaa00b4eb1f0edf65e3599160b9781ea59d6eb2	2020-09-23T00:00:00.000+00:00	2025-08-01T00:00:00Z	released_before_prediction_creation	starting_model_annotation_missing	unresolved_release_and_creation_dates_are_not_training_or_template_cutoffs
6ZQC	6ZQC_40	AF-P38333-F1	7853bc1aad7c359d8c4309a1340c0742d4c26c3dbb95f6c3720b0c4dfee7cdaa	2020-09-23T00:00:00.000+00:00	2025-08-01T00:00:00Z	released_before_prediction_creation	starting_model_annotation_missing	unresolved_release_and_creation_dates_are_not_training_or_template_cutoffs
6ZQC	6ZQC_42	AF-Q99216-F1	84d2c25c65d615286c613fa6cb43c3a6ded04bf3ea656def6fecf3a43dcb69c6	2020-09-23T00:00:00.000+00:00	2025-08-01T00:00:00Z	released_before_prediction_creation	starting_model_annotation_missing	unresolved_release_and_creation_dates_are_not_training_or_template_cutoffs
6ZQD	6ZQD_1	AF-P25635-F1	a483c6065162d6202fd56b069eaa00b4eb1f0edf65e3599160b9781ea59d6eb2	2020-09-23T00:00:00.000+00:00	2025-08-01T00:00:00Z	released_before_prediction_creation	starting_model_annotation_missing	unresolved_release_and_creation_dates_are_not_training_or_template_cutoffs
6ZQD	6ZQD_11	AF-P34247-F1	1245ee2f7cd83f9369a6d49b5bf35022d2741b637b7851a33541728b4662e659	2020-09-23T00:00:00.000+00:00	2025-08-01T00:00:00Z	released_before_prediction_creation	starting_model_annotation_missing	unresolved_release_and_creation_dates_are_not_training_or_template_cutoffs
6ZQD	6ZQD_13	AF-Q05946-F1	2204d94499d8f398bca51469cb01266388ac536be512a882629aae7bd265fe1c	2020-09-23T00:00:00.000+00:00	2025-08-01T00:00:00Z	released_before_prediction_creation	starting_model_annotation_missing	unresolved_release_and_creation_dates_are_not_training_or_template_cutoffs
6ZQD	6ZQD_15	AF-Q04305-F1	c4214baeff24b16caa93f67de339df82dfa7e06f3ef726aae3a8eba8ef80e8c0	2020-09-23T00:00:00.000+00:00	2025-08-01T00:00:00Z	released_before_prediction_creation	starting_model_annotation_missing	unresolved_release_and_creation_dates_are_not_training_or_template_cutoffs
6ZQD	6ZQD_18	AF-P40362-F1	6c6238ce3df8a0730a750c002381624b18a9118d769139354008a70ca5ac7ee5	2020-09-23T00:00:00.000+00:00	2025-08-01T00:00:00Z	released_before_prediction_creation	starting_model_annotation_missing	unresolved_release_and_creation_dates_are_not_training_or_template_cutoffs
6ZQD	6ZQD_24	AF-P15646-F1	a1522f5f794bdfcd1daf2f6cc27f18008a39cec9d87ee10935e6e31b5feae501	2020-09-23T00:00:00.000+00:00	2025-08-01T00:00:00Z	released_before_prediction_creation	starting_model_annotation_missing	unresolved_release_and_creation_dates_are_not_training_or_template_cutoffs
6ZQD	6ZQD_29	AF-P32899-F1	3944f7cc837195985c71597fc913f05d1fd8834da7306203566d3a13a6fd5082	2020-09-23T00:00:00.000+00:00	2025-08-01T00:00:00Z	released_before_prediction_creation	starting_model_annotation_missing	unresolved_release_and_creation_dates_are_not_training_or_template_cutoffs
6ZQD	6ZQD_31	AF-P47083-F1	5bf066d076b004974606b1090a7d63589eabd59b61cfb3b2e1bf0c2f6bc8f8fc	2020-09-23T00:00:00.000+00:00	2025-08-01T00:00:00Z	released_before_prediction_creation	starting_model_annotation_missing	unresolved_release_and_creation_dates_are_not_training_or_template_cutoffs
6ZQD	6ZQD_33	AF-Q08096-F1	9e04036772422792dba04f1ee5510efa70bab5493b0a62a87dd0300b26fc7f86	2020-09-23T00:00:00.000+00:00	2025-08-01T00:00:00Z	released_before_prediction_creation	starting_model_annotation_missing	unresolved_release_and_creation_dates_are_not_training_or_template_cutoffs
6ZQD	6ZQD_37	AF-P38333-F1	7853bc1aad7c359d8c4309a1340c0742d4c26c3dbb95f6c3720b0c4dfee7cdaa	2020-09-23T00:00:00.000+00:00	2025-08-01T00:00:00Z	released_before_prediction_creation	starting_model_annotation_missing	unresolved_release_and_creation_dates_are_not_training_or_template_cutoffs
6ZQD	6ZQD_43	AF-Q99216-F1	84d2c25c65d615286c613fa6cb43c3a6ded04bf3ea656def6fecf3a43dcb69c6	2020-09-23T00:00:00.000+00:00	2025-08-01T00:00:00Z	released_before_prediction_creation	starting_model_annotation_missing	unresolved_release_and_creation_dates_are_not_training_or_template_cutoffs
6ZQD	6ZQD_7	AF-P40055-F1	0b8d4e8ec034bbe7e38401be0db088e127c66d44ef0872e7474c7aa39df06ce9	2020-09-23T00:00:00.000+00:00	2025-08-01T00:00:00Z	released_before_prediction_creation	starting_model_annotation_missing	unresolved_release_and_creation_dates_are_not_training_or_template_cutoffs
6ZQE	6ZQE_1	AF-P25635-F1	a483c6065162d6202fd56b069eaa00b4eb1f0edf65e3599160b9781ea59d6eb2	2020-09-23T00:00:00.000+00:00	2025-08-01T00:00:00Z	released_before_prediction_creation	starting_model_annotation_missing	unresolved_release_and_creation_dates_are_not_training_or_template_cutoffs
6ZQE	6ZQE_11	AF-Q05946-F1	2204d94499d8f398bca51469cb01266388ac536be512a882629aae7bd265fe1c	2020-09-23T00:00:00.000+00:00	2025-08-01T00:00:00Z	released_before_prediction_creation	starting_model_annotation_missing	unresolved_release_and_creation_dates_are_not_training_or_template_cutoffs
6ZQE	6ZQE_13	AF-Q04305-F1	c4214baeff24b16caa93f67de339df82dfa7e06f3ef726aae3a8eba8ef80e8c0	2020-09-23T00:00:00.000+00:00	2025-08-01T00:00:00Z	released_before_prediction_creation	starting_model_annotation_missing	unresolved_release_and_creation_dates_are_not_training_or_template_cutoffs
6ZQE	6ZQE_16	AF-P40362-F1	6c6238ce3df8a0730a750c002381624b18a9118d769139354008a70ca5ac7ee5	2020-09-23T00:00:00.000+00:00	2025-08-01T00:00:00Z	released_before_prediction_creation	starting_model_annotation_missing	unresolved_release_and_creation_dates_are_not_training_or_template_cutoffs
6ZQE	6ZQE_22	AF-P15646-F1	a1522f5f794bdfcd1daf2f6cc27f18008a39cec9d87ee10935e6e31b5feae501	2020-09-23T00:00:00.000+00:00	2025-08-01T00:00:00Z	released_before_prediction_creation	starting_model_annotation_missing	unresolved_release_and_creation_dates_are_not_training_or_template_cutoffs
6ZQE	6ZQE_27	AF-P32899-F1	3944f7cc837195985c71597fc913f05d1fd8834da7306203566d3a13a6fd5082	2020-09-23T00:00:00.000+00:00	2025-08-01T00:00:00Z	released_before_prediction_creation	starting_model_annotation_missing	unresolved_release_and_creation_dates_are_not_training_or_template_cutoffs
6ZQE	6ZQE_29	AF-P47083-F1	5bf066d076b004974606b1090a7d63589eabd59b61cfb3b2e1bf0c2f6bc8f8fc	2020-09-23T00:00:00.000+00:00	2025-08-01T00:00:00Z	released_before_prediction_creation	starting_model_annotation_missing	unresolved_release_and_creation_dates_are_not_training_or_template_cutoffs
6ZQE	6ZQE_31	AF-Q08096-F1	9e04036772422792dba04f1ee5510efa70bab5493b0a62a87dd0300b26fc7f86	2020-09-23T00:00:00.000+00:00	2025-08-01T00:00:00Z	released_before_prediction_creation	starting_model_annotation_missing	unresolved_release_and_creation_dates_are_not_training_or_template_cutoffs
6ZQE	6ZQE_35	AF-P38333-F1	7853bc1aad7c359d8c4309a1340c0742d4c26c3dbb95f6c3720b0c4dfee7cdaa	2020-09-23T00:00:00.000+00:00	2025-08-01T00:00:00Z	released_before_prediction_creation	starting_model_annotation_missing	unresolved_release_and_creation_dates_are_not_training_or_template_cutoffs
6ZQE	6ZQE_39	AF-Q99216-F1	84d2c25c65d615286c613fa6cb43c3a6ded04bf3ea656def6fecf3a43dcb69c6	2020-09-23T00:00:00.000+00:00	2025-08-01T00:00:00Z	released_before_prediction_creation	starting_model_annotation_missing	unresolved_release_and_creation_dates_are_not_training_or_template_cutoffs
6ZQE	6ZQE_9	AF-P34247-F1	1245ee2f7cd83f9369a6d49b5bf35022d2741b637b7851a33541728b4662e659	2020-09-23T00:00:00.000+00:00	2025-08-01T00:00:00Z	released_before_prediction_creation	starting_model_annotation_missing	unresolved_release_and_creation_dates_are_not_training_or_template_cutoffs
6ZQF	6ZQF_1	AF-P25635-F1	a483c6065162d6202fd56b069eaa00b4eb1f0edf65e3599160b9781ea59d6eb2	2020-09-23T00:00:00.000+00:00	2025-08-01T00:00:00Z	released_before_prediction_creation	starting_model_annotation_missing	unresolved_release_and_creation_dates_are_not_training_or_template_cutoffs
6ZQF	6ZQF_11	AF-P47083-F1	5bf066d076b004974606b1090a7d63589eabd59b61cfb3b2e1bf0c2f6bc8f8fc	2020-09-23T00:00:00.000+00:00	2025-08-01T00:00:00Z	released_before_prediction_creation	starting_model_annotation_missing	unresolved_release_and_creation_dates_are_not_training_or_template_cutoffs
6ZQF	6ZQF_13	AF-Q08096-F1	9e04036772422792dba04f1ee5510efa70bab5493b0a62a87dd0300b26fc7f86	2020-09-23T00:00:00.000+00:00	2025-08-01T00:00:00Z	released_before_prediction_creation	starting_model_annotation_missing	unresolved_release_and_creation_dates_are_not_training_or_template_cutoffs
6ZQF	6ZQF_17	AF-P38333-F1	7853bc1aad7c359d8c4309a1340c0742d4c26c3dbb95f6c3720b0c4dfee7cdaa	2020-09-23T00:00:00.000+00:00	2025-08-01T00:00:00Z	released_before_prediction_creation	starting_model_annotation_missing	unresolved_release_and_creation_dates_are_not_training_or_template_cutoffs
6ZQF	6ZQF_19	AF-Q99216-F1	84d2c25c65d615286c613fa6cb43c3a6ded04bf3ea656def6fecf3a43dcb69c6	2020-09-23T00:00:00.000+00:00	2025-08-01T00:00:00Z	released_before_prediction_creation	starting_model_annotation_missing	unresolved_release_and_creation_dates_are_not_training_or_template_cutoffs
6ZQF	6ZQF_5	AF-Q05946-F1	2204d94499d8f398bca51469cb01266388ac536be512a882629aae7bd265fe1c	2020-09-23T00:00:00.000+00:00	2025-08-01T00:00:00Z	released_before_prediction_creation	starting_model_annotation_missing	unresolved_release_and_creation_dates_are_not_training_or_template_cutoffs
6ZQF	6ZQF_9	AF-P32899-F1	3944f7cc837195985c71597fc913f05d1fd8834da7306203566d3a13a6fd5082	2020-09-23T00:00:00.000+00:00	2025-08-01T00:00:00Z	released_before_prediction_creation	starting_model_annotation_missing	unresolved_release_and_creation_dates_are_not_training_or_template_cutoffs
6ZQG	6ZQG_10	AF-P38333-F1	7853bc1aad7c359d8c4309a1340c0742d4c26c3dbb95f6c3720b0c4dfee7cdaa	2020-09-23T00:00:00.000+00:00	2025-08-01T00:00:00Z	released_before_prediction_creation	starting_model_annotation_missing	unresolved_release_and_creation_dates_are_not_training_or_template_cutoffs
6ZQG	6ZQG_12	AF-Q99216-F1	84d2c25c65d615286c613fa6cb43c3a6ded04bf3ea656def6fecf3a43dcb69c6	2020-09-23T00:00:00.000+00:00	2025-08-01T00:00:00Z	released_before_prediction_creation	starting_model_annotation_missing	unresolved_release_and_creation_dates_are_not_training_or_template_cutoffs
6ZQG	6ZQG_6	AF-P47083-F1	5bf066d076b004974606b1090a7d63589eabd59b61cfb3b2e1bf0c2f6bc8f8fc	2020-09-23T00:00:00.000+00:00	2025-08-01T00:00:00Z	released_before_prediction_creation	starting_model_annotation_missing	unresolved_release_and_creation_dates_are_not_training_or_template_cutoffs
6ZQG	6ZQG_8	AF-Q08096-F1	9e04036772422792dba04f1ee5510efa70bab5493b0a62a87dd0300b26fc7f86	2020-09-23T00:00:00.000+00:00	2025-08-01T00:00:00Z	released_before_prediction_creation	starting_model_annotation_missing	unresolved_release_and_creation_dates_are_not_training_or_template_cutoffs
6ZU9	6ZU9_35	AF-P40217-F1	db0c848d26f2719aa11d159afc8f0b1133f6037749ff3b62a403b4993a55b53d	2020-10-28T00:00:00.000+00:00	2025-08-01T00:00:00Z	released_before_prediction_creation	starting_model_annotation_missing	unresolved_release_and_creation_dates_are_not_training_or_template_cutoffs
6ZU9	6ZU9_39	AF-P38249-F1	0645362bbfe056a56877c97cff3efb50b0c4a962d7c8500b0d40b60493489a68	2020-10-28T00:00:00.000+00:00	2025-08-01T00:00:00Z	released_before_prediction_creation	starting_model_annotation_missing	unresolved_release_and_creation_dates_are_not_training_or_template_cutoffs
7AJT	7AJT_1	AF-P15646-F1	a1522f5f794bdfcd1daf2f6cc27f18008a39cec9d87ee10935e6e31b5feae501	2020-12-30T00:00:00.000+00:00	2025-08-01T00:00:00Z	released_before_prediction_creation	starting_model_annotation_missing	unresolved_release_and_creation_dates_are_not_training_or_template_cutoffs
7AJT	7AJT_10	AF-P40055-F1	0b8d4e8ec034bbe7e38401be0db088e127c66d44ef0872e7474c7aa39df06ce9	2020-12-30T00:00:00.000+00:00	2025-08-01T00:00:00Z	released_before_prediction_creation	starting_model_annotation_missing	unresolved_release_and_creation_dates_are_not_training_or_template_cutoffs
7AJT	7AJT_14	AF-P34247-F1	1245ee2f7cd83f9369a6d49b5bf35022d2741b637b7851a33541728b4662e659	2020-12-30T00:00:00.000+00:00	2025-08-01T00:00:00Z	released_before_prediction_creation	starting_model_annotation_missing	unresolved_release_and_creation_dates_are_not_training_or_template_cutoffs
7AJT	7AJT_16	AF-Q05946-F1	2204d94499d8f398bca51469cb01266388ac536be512a882629aae7bd265fe1c	2020-12-30T00:00:00.000+00:00	2025-08-01T00:00:00Z	released_before_prediction_creation	starting_model_annotation_missing	unresolved_release_and_creation_dates_are_not_training_or_template_cutoffs
7AJT	7AJT_18	AF-Q04305-F1	c4214baeff24b16caa93f67de339df82dfa7e06f3ef726aae3a8eba8ef80e8c0	2020-12-30T00:00:00.000+00:00	2025-08-01T00:00:00Z	released_before_prediction_creation	starting_model_annotation_missing	unresolved_release_and_creation_dates_are_not_training_or_template_cutoffs
7AJT	7AJT_21	AF-P40362-F1	6c6238ce3df8a0730a750c002381624b18a9118d769139354008a70ca5ac7ee5	2020-12-30T00:00:00.000+00:00	2025-08-01T00:00:00Z	released_before_prediction_creation	starting_model_annotation_missing	unresolved_release_and_creation_dates_are_not_training_or_template_cutoffs
7AJT	7AJT_3	AF-P53914-F1	ee2df6f0ad1d4024a32a45cd63663e5131a0f5db5539d359a85c91fdea3cda18	2020-12-30T00:00:00.000+00:00	2025-08-01T00:00:00Z	released_before_prediction_creation	starting_model_annotation_missing	unresolved_release_and_creation_dates_are_not_training_or_template_cutoffs
7AJT	7AJT_32	AF-P32899-F1	3944f7cc837195985c71597fc913f05d1fd8834da7306203566d3a13a6fd5082	2020-12-30T00:00:00.000+00:00	2025-08-01T00:00:00Z	released_before_prediction_creation	starting_model_annotation_missing	unresolved_release_and_creation_dates_are_not_training_or_template_cutoffs
7AJT	7AJT_34	AF-P47083-F1	5bf066d076b004974606b1090a7d63589eabd59b61cfb3b2e1bf0c2f6bc8f8fc	2020-12-30T00:00:00.000+00:00	2025-08-01T00:00:00Z	released_before_prediction_creation	starting_model_annotation_missing	unresolved_release_and_creation_dates_are_not_training_or_template_cutoffs
7AJT	7AJT_36	AF-Q08096-F1	9e04036772422792dba04f1ee5510efa70bab5493b0a62a87dd0300b26fc7f86	2020-12-30T00:00:00.000+00:00	2025-08-01T00:00:00Z	released_before_prediction_creation	starting_model_annotation_missing	unresolved_release_and_creation_dates_are_not_training_or_template_cutoffs
7AJT	7AJT_38	AF-P48234-F1	6e7fd9e10994e26e9895de924a49c0063dfda2ba87b7f91ecbfd6f3df4dfa650	2020-12-30T00:00:00.000+00:00	2025-08-01T00:00:00Z	released_before_prediction_creation	starting_model_annotation_missing	unresolved_release_and_creation_dates_are_not_training_or_template_cutoffs
7AJT	7AJT_4	AF-P25635-F1	a483c6065162d6202fd56b069eaa00b4eb1f0edf65e3599160b9781ea59d6eb2	2020-12-30T00:00:00.000+00:00	2025-08-01T00:00:00Z	released_before_prediction_creation	starting_model_annotation_missing	unresolved_release_and_creation_dates_are_not_training_or_template_cutoffs
7AJT	7AJT_40	AF-P38333-F1	7853bc1aad7c359d8c4309a1340c0742d4c26c3dbb95f6c3720b0c4dfee7cdaa	2020-12-30T00:00:00.000+00:00	2025-08-01T00:00:00Z	released_before_prediction_creation	starting_model_annotation_missing	unresolved_release_and_creation_dates_are_not_training_or_template_cutoffs
7AJT	7AJT_42	AF-Q99216-F1	84d2c25c65d615286c613fa6cb43c3a6ded04bf3ea656def6fecf3a43dcb69c6	2020-12-30T00:00:00.000+00:00	2025-08-01T00:00:00Z	released_before_prediction_creation	starting_model_annotation_missing	unresolved_release_and_creation_dates_are_not_training_or_template_cutoffs
7AJT	7AJT_76	AF-P38792-F1	ccce9788f3915b66b10c95984805423f74edfc35c20dbe56dbd8840477ad22bc	2020-12-30T00:00:00.000+00:00	2025-08-01T00:00:00Z	released_before_prediction_creation	starting_model_annotation_missing	unresolved_release_and_creation_dates_are_not_training_or_template_cutoffs
7AJU	7AJU_1	AF-P15646-F1	a1522f5f794bdfcd1daf2f6cc27f18008a39cec9d87ee10935e6e31b5feae501	2020-12-30T00:00:00.000+00:00	2025-08-01T00:00:00Z	released_before_prediction_creation	only_experimental_starting_models_reported_not_independence_proof	unresolved_release_and_creation_dates_are_not_training_or_template_cutoffs
7AJU	7AJU_13	AF-P34247-F1	1245ee2f7cd83f9369a6d49b5bf35022d2741b637b7851a33541728b4662e659	2020-12-30T00:00:00.000+00:00	2025-08-01T00:00:00Z	released_before_prediction_creation	only_experimental_starting_models_reported_not_independence_proof	unresolved_release_and_creation_dates_are_not_training_or_template_cutoffs
7AJU	7AJU_15	AF-Q05946-F1	2204d94499d8f398bca51469cb01266388ac536be512a882629aae7bd265fe1c	2020-12-30T00:00:00.000+00:00	2025-08-01T00:00:00Z	released_before_prediction_creation	only_experimental_starting_models_reported_not_independence_proof	unresolved_release_and_creation_dates_are_not_training_or_template_cutoffs
7AJU	7AJU_17	AF-Q04305-F1	c4214baeff24b16caa93f67de339df82dfa7e06f3ef726aae3a8eba8ef80e8c0	2020-12-30T00:00:00.000+00:00	2025-08-01T00:00:00Z	released_before_prediction_creation	only_experimental_starting_models_reported_not_independence_proof	unresolved_release_and_creation_dates_are_not_training_or_template_cutoffs
7AJU	7AJU_20	AF-P40362-F1	6c6238ce3df8a0730a750c002381624b18a9118d769139354008a70ca5ac7ee5	2020-12-30T00:00:00.000+00:00	2025-08-01T00:00:00Z	released_before_prediction_creation	only_experimental_starting_models_reported_not_independence_proof	unresolved_release_and_creation_dates_are_not_training_or_template_cutoffs
7AJU	7AJU_3	AF-P25635-F1	a483c6065162d6202fd56b069eaa00b4eb1f0edf65e3599160b9781ea59d6eb2	2020-12-30T00:00:00.000+00:00	2025-08-01T00:00:00Z	released_before_prediction_creation	only_experimental_starting_models_reported_not_independence_proof	unresolved_release_and_creation_dates_are_not_training_or_template_cutoffs
7AJU	7AJU_30	AF-P32899-F1	3944f7cc837195985c71597fc913f05d1fd8834da7306203566d3a13a6fd5082	2020-12-30T00:00:00.000+00:00	2025-08-01T00:00:00Z	released_before_prediction_creation	only_experimental_starting_models_reported_not_independence_proof	unresolved_release_and_creation_dates_are_not_training_or_template_cutoffs
7AJU	7AJU_32	AF-P47083-F1	5bf066d076b004974606b1090a7d63589eabd59b61cfb3b2e1bf0c2f6bc8f8fc	2020-12-30T00:00:00.000+00:00	2025-08-01T00:00:00Z	released_before_prediction_creation	only_experimental_starting_models_reported_not_independence_proof	unresolved_release_and_creation_dates_are_not_training_or_template_cutoffs
7AJU	7AJU_34	AF-Q08096-F1	9e04036772422792dba04f1ee5510efa70bab5493b0a62a87dd0300b26fc7f86	2020-12-30T00:00:00.000+00:00	2025-08-01T00:00:00Z	released_before_prediction_creation	only_experimental_starting_models_reported_not_independence_proof	unresolved_release_and_creation_dates_are_not_training_or_template_cutoffs
7AJU	7AJU_38	AF-P38333-F1	7853bc1aad7c359d8c4309a1340c0742d4c26c3dbb95f6c3720b0c4dfee7cdaa	2020-12-30T00:00:00.000+00:00	2025-08-01T00:00:00Z	released_before_prediction_creation	only_experimental_starting_models_reported_not_independence_proof	unresolved_release_and_creation_dates_are_not_training_or_template_cutoffs
7AJU	7AJU_44	AF-Q99216-F1	84d2c25c65d615286c613fa6cb43c3a6ded04bf3ea656def6fecf3a43dcb69c6	2020-12-30T00:00:00.000+00:00	2025-08-01T00:00:00Z	released_before_prediction_creation	only_experimental_starting_models_reported_not_independence_proof	unresolved_release_and_creation_dates_are_not_training_or_template_cutoffs
7AJU	7AJU_72	AF-P38792-F1	ccce9788f3915b66b10c95984805423f74edfc35c20dbe56dbd8840477ad22bc	2020-12-30T00:00:00.000+00:00	2025-08-01T00:00:00Z	released_before_prediction_creation	only_experimental_starting_models_reported_not_independence_proof	unresolved_release_and_creation_dates_are_not_training_or_template_cutoffs
7AJU	7AJU_9	AF-P40055-F1	0b8d4e8ec034bbe7e38401be0db088e127c66d44ef0872e7474c7aa39df06ce9	2020-12-30T00:00:00.000+00:00	2025-08-01T00:00:00Z	released_before_prediction_creation	only_experimental_starting_models_reported_not_independence_proof	unresolved_release_and_creation_dates_are_not_training_or_template_cutoffs
7B9V	7B9V_4	AF-P33334-F1	afce8faeb9f9a4ada2c845c4e3d79c90ad537b4a8e3a59aafc384343f8167a29	2021-03-10T00:00:00.000+00:00	2025-08-01T00:00:00Z	released_before_prediction_creation	starting_model_annotation_missing	unresolved_release_and_creation_dates_are_not_training_or_template_cutoffs
7BT6	7BT6_21	AF-P33201-F1	1339886dfb0473fd4dc59344281a8288b3ac1979e074403818c8117482fe794b	2020-10-28T00:00:00.000+00:00	2025-08-01T00:00:00Z	released_before_prediction_creation	starting_model_annotation_missing	unresolved_release_and_creation_dates_are_not_training_or_template_cutoffs
7BT6	7BT6_26	AF-Q02892-F1	9b034068144dc1c8f367dcc1d0940877c694565a6c15b2ee590634a8d512edac	2020-10-28T00:00:00.000+00:00	2025-08-01T00:00:00Z	released_before_prediction_creation	starting_model_annotation_missing	unresolved_release_and_creation_dates_are_not_training_or_template_cutoffs
7BT6	7BT6_39	AF-Q07915-F1	1d54d8fc6fd3850a44b980391ada8291d7463d18caf3143cb61d4a3be8997bc2	2020-10-28T00:00:00.000+00:00	2025-08-01T00:00:00Z	released_before_prediction_creation	starting_model_annotation_missing	unresolved_release_and_creation_dates_are_not_training_or_template_cutoffs
7BT6	7BT6_41	AF-Q08746-F1	4f84b0e10a5b3c764e93baed539d90856f0578cc8d539e760befd2779bbdbae3	2020-10-28T00:00:00.000+00:00	2025-08-01T00:00:00Z	released_before_prediction_creation	starting_model_annotation_missing	unresolved_release_and_creation_dates_are_not_training_or_template_cutoffs
7BT6	7BT6_43	AF-Q12522-F1	a9c859214bc288900788ea22094f6779f5e80a857b1a76ad3d655a47854cced8	2020-10-28T00:00:00.000+00:00	2025-08-01T00:00:00Z	released_before_prediction_creation	starting_model_annotation_missing	unresolved_release_and_creation_dates_are_not_training_or_template_cutoffs
7BTB	7BTB_23	AF-P33201-F1	1339886dfb0473fd4dc59344281a8288b3ac1979e074403818c8117482fe794b	2020-10-28T00:00:00.000+00:00	2025-08-01T00:00:00Z	released_before_prediction_creation	starting_model_annotation_missing	unresolved_release_and_creation_dates_are_not_training_or_template_cutoffs
7BTB	7BTB_27	AF-Q02892-F1	9b034068144dc1c8f367dcc1d0940877c694565a6c15b2ee590634a8d512edac	2020-10-28T00:00:00.000+00:00	2025-08-01T00:00:00Z	released_before_prediction_creation	starting_model_annotation_missing	unresolved_release_and_creation_dates_are_not_training_or_template_cutoffs
7BTB	7BTB_44	AF-Q07915-F1	1d54d8fc6fd3850a44b980391ada8291d7463d18caf3143cb61d4a3be8997bc2	2020-10-28T00:00:00.000+00:00	2025-08-01T00:00:00Z	released_before_prediction_creation	starting_model_annotation_missing	unresolved_release_and_creation_dates_are_not_training_or_template_cutoffs
7BTB	7BTB_46	AF-Q08746-F1	4f84b0e10a5b3c764e93baed539d90856f0578cc8d539e760befd2779bbdbae3	2020-10-28T00:00:00.000+00:00	2025-08-01T00:00:00Z	released_before_prediction_creation	starting_model_annotation_missing	unresolved_release_and_creation_dates_are_not_training_or_template_cutoffs
7BTB	7BTB_48	AF-Q12522-F1	a9c859214bc288900788ea22094f6779f5e80a857b1a76ad3d655a47854cced8	2020-10-28T00:00:00.000+00:00	2025-08-01T00:00:00Z	released_before_prediction_creation	starting_model_annotation_missing	unresolved_release_and_creation_dates_are_not_training_or_template_cutoffs
7D4I	7D4I_22	AF-P15646-F1	a1522f5f794bdfcd1daf2f6cc27f18008a39cec9d87ee10935e6e31b5feae501	2021-10-06T00:00:00.000+00:00	2025-08-01T00:00:00Z	released_before_prediction_creation	only_experimental_starting_models_reported_not_independence_proof	unresolved_release_and_creation_dates_are_not_training_or_template_cutoffs
7D4I	7D4I_32	AF-Q04305-F1	c4214baeff24b16caa93f67de339df82dfa7e06f3ef726aae3a8eba8ef80e8c0	2021-10-06T00:00:00.000+00:00	2025-08-01T00:00:00Z	released_before_prediction_creation	only_experimental_starting_models_reported_not_independence_proof	unresolved_release_and_creation_dates_are_not_training_or_template_cutoffs
7D4I	7D4I_36	AF-Q05946-F1	2204d94499d8f398bca51469cb01266388ac536be512a882629aae7bd265fe1c	2021-10-06T00:00:00.000+00:00	2025-08-01T00:00:00Z	released_before_prediction_creation	only_experimental_starting_models_reported_not_independence_proof	unresolved_release_and_creation_dates_are_not_training_or_template_cutoffs
7D4I	7D4I_37	AF-P40362-F1	6c6238ce3df8a0730a750c002381624b18a9118d769139354008a70ca5ac7ee5	2021-10-06T00:00:00.000+00:00	2025-08-01T00:00:00Z	released_before_prediction_creation	only_experimental_starting_models_reported_not_independence_proof	unresolved_release_and_creation_dates_are_not_training_or_template_cutoffs
7D4I	7D4I_41	AF-P40055-F1	0b8d4e8ec034bbe7e38401be0db088e127c66d44ef0872e7474c7aa39df06ce9	2021-10-06T00:00:00.000+00:00	2025-08-01T00:00:00Z	released_before_prediction_creation	only_experimental_starting_models_reported_not_independence_proof	unresolved_release_and_creation_dates_are_not_training_or_template_cutoffs
7D4I	7D4I_42	AF-P34247-F1	1245ee2f7cd83f9369a6d49b5bf35022d2741b637b7851a33541728b4662e659	2021-10-06T00:00:00.000+00:00	2025-08-01T00:00:00Z	released_before_prediction_creation	only_experimental_starting_models_reported_not_independence_proof	unresolved_release_and_creation_dates_are_not_training_or_template_cutoffs
7D4I	7D4I_43	AF-P47083-F1	5bf066d076b004974606b1090a7d63589eabd59b61cfb3b2e1bf0c2f6bc8f8fc	2021-10-06T00:00:00.000+00:00	2025-08-01T00:00:00Z	released_before_prediction_creation	only_experimental_starting_models_reported_not_independence_proof	unresolved_release_and_creation_dates_are_not_training_or_template_cutoffs
7D4I	7D4I_44	AF-P32899-F1	3944f7cc837195985c71597fc913f05d1fd8834da7306203566d3a13a6fd5082	2021-10-06T00:00:00.000+00:00	2025-08-01T00:00:00Z	released_before_prediction_creation	only_experimental_starting_models_reported_not_independence_proof	unresolved_release_and_creation_dates_are_not_training_or_template_cutoffs
7D4I	7D4I_55	AF-Q08096-F1	9e04036772422792dba04f1ee5510efa70bab5493b0a62a87dd0300b26fc7f86	2021-10-06T00:00:00.000+00:00	2025-08-01T00:00:00Z	released_before_prediction_creation	only_experimental_starting_models_reported_not_independence_proof	unresolved_release_and_creation_dates_are_not_training_or_template_cutoffs
7D4I	7D4I_73	AF-P38792-F1	ccce9788f3915b66b10c95984805423f74edfc35c20dbe56dbd8840477ad22bc	2021-10-06T00:00:00.000+00:00	2025-08-01T00:00:00Z	released_before_prediction_creation	only_experimental_starting_models_reported_not_independence_proof	unresolved_release_and_creation_dates_are_not_training_or_template_cutoffs
7D5S	7D5S_13	AF-P15646-F1	a1522f5f794bdfcd1daf2f6cc27f18008a39cec9d87ee10935e6e31b5feae501	2021-10-06T00:00:00.000+00:00	2025-08-01T00:00:00Z	released_before_prediction_creation	only_experimental_starting_models_reported_not_independence_proof	unresolved_release_and_creation_dates_are_not_training_or_template_cutoffs
7D5S	7D5S_23	AF-Q04305-F1	c4214baeff24b16caa93f67de339df82dfa7e06f3ef726aae3a8eba8ef80e8c0	2021-10-06T00:00:00.000+00:00	2025-08-01T00:00:00Z	released_before_prediction_creation	only_experimental_starting_models_reported_not_independence_proof	unresolved_release_and_creation_dates_are_not_training_or_template_cutoffs
7D5S	7D5S_25	AF-P25635-F1	a483c6065162d6202fd56b069eaa00b4eb1f0edf65e3599160b9781ea59d6eb2	2021-10-06T00:00:00.000+00:00	2025-08-01T00:00:00Z	released_before_prediction_creation	only_experimental_starting_models_reported_not_independence_proof	unresolved_release_and_creation_dates_are_not_training_or_template_cutoffs
7D5S	7D5S_27	AF-Q05946-F1	2204d94499d8f398bca51469cb01266388ac536be512a882629aae7bd265fe1c	2021-10-06T00:00:00.000+00:00	2025-08-01T00:00:00Z	released_before_prediction_creation	only_experimental_starting_models_reported_not_independence_proof	unresolved_release_and_creation_dates_are_not_training_or_template_cutoffs
7D5S	7D5S_28	AF-P40362-F1	6c6238ce3df8a0730a750c002381624b18a9118d769139354008a70ca5ac7ee5	2021-10-06T00:00:00.000+00:00	2025-08-01T00:00:00Z	released_before_prediction_creation	only_experimental_starting_models_reported_not_independence_proof	unresolved_release_and_creation_dates_are_not_training_or_template_cutoffs
7D5S	7D5S_32	AF-P40055-F1	0b8d4e8ec034bbe7e38401be0db088e127c66d44ef0872e7474c7aa39df06ce9	2021-10-06T00:00:00.000+00:00	2025-08-01T00:00:00Z	released_before_prediction_creation	only_experimental_starting_models_reported_not_independence_proof	unresolved_release_and_creation_dates_are_not_training_or_template_cutoffs
7D5S	7D5S_33	AF-P34247-F1	1245ee2f7cd83f9369a6d49b5bf35022d2741b637b7851a33541728b4662e659	2021-10-06T00:00:00.000+00:00	2025-08-01T00:00:00Z	released_before_prediction_creation	only_experimental_starting_models_reported_not_independence_proof	unresolved_release_and_creation_dates_are_not_training_or_template_cutoffs
7D5S	7D5S_34	AF-P47083-F1	5bf066d076b004974606b1090a7d63589eabd59b61cfb3b2e1bf0c2f6bc8f8fc	2021-10-06T00:00:00.000+00:00	2025-08-01T00:00:00Z	released_before_prediction_creation	only_experimental_starting_models_reported_not_independence_proof	unresolved_release_and_creation_dates_are_not_training_or_template_cutoffs
7D5S	7D5S_35	AF-P32899-F1	3944f7cc837195985c71597fc913f05d1fd8834da7306203566d3a13a6fd5082	2021-10-06T00:00:00.000+00:00	2025-08-01T00:00:00Z	released_before_prediction_creation	only_experimental_starting_models_reported_not_independence_proof	unresolved_release_and_creation_dates_are_not_training_or_template_cutoffs
7D5S	7D5S_48	AF-Q08096-F1	9e04036772422792dba04f1ee5510efa70bab5493b0a62a87dd0300b26fc7f86	2021-10-06T00:00:00.000+00:00	2025-08-01T00:00:00Z	released_before_prediction_creation	only_experimental_starting_models_reported_not_independence_proof	unresolved_release_and_creation_dates_are_not_training_or_template_cutoffs
7D5S	7D5S_52	AF-P38333-F1	7853bc1aad7c359d8c4309a1340c0742d4c26c3dbb95f6c3720b0c4dfee7cdaa	2021-10-06T00:00:00.000+00:00	2025-08-01T00:00:00Z	released_before_prediction_creation	only_experimental_starting_models_reported_not_independence_proof	unresolved_release_and_creation_dates_are_not_training_or_template_cutoffs
7D5T	7D5T_20	AF-P15646-F1	a1522f5f794bdfcd1daf2f6cc27f18008a39cec9d87ee10935e6e31b5feae501	2021-10-06T00:00:00.000+00:00	2025-08-01T00:00:00Z	released_before_prediction_creation	only_experimental_starting_models_reported_not_independence_proof	unresolved_release_and_creation_dates_are_not_training_or_template_cutoffs
7D5T	7D5T_30	AF-Q05946-F1	2204d94499d8f398bca51469cb01266388ac536be512a882629aae7bd265fe1c	2021-10-06T00:00:00.000+00:00	2025-08-01T00:00:00Z	released_before_prediction_creation	only_experimental_starting_models_reported_not_independence_proof	unresolved_release_and_creation_dates_are_not_training_or_template_cutoffs
7D5T	7D5T_31	AF-P40362-F1	6c6238ce3df8a0730a750c002381624b18a9118d769139354008a70ca5ac7ee5	2021-10-06T00:00:00.000+00:00	2025-08-01T00:00:00Z	released_before_prediction_creation	only_experimental_starting_models_reported_not_independence_proof	unresolved_release_and_creation_dates_are_not_training_or_template_cutoffs
7D5T	7D5T_34	AF-P40055-F1	0b8d4e8ec034bbe7e38401be0db088e127c66d44ef0872e7474c7aa39df06ce9	2021-10-06T00:00:00.000+00:00	2025-08-01T00:00:00Z	released_before_prediction_creation	only_experimental_starting_models_reported_not_independence_proof	unresolved_release_and_creation_dates_are_not_training_or_template_cutoffs
7D5T	7D5T_35	AF-P34247-F1	1245ee2f7cd83f9369a6d49b5bf35022d2741b637b7851a33541728b4662e659	2021-10-06T00:00:00.000+00:00	2025-08-01T00:00:00Z	released_before_prediction_creation	only_experimental_starting_models_reported_not_independence_proof	unresolved_release_and_creation_dates_are_not_training_or_template_cutoffs
7D5T	7D5T_36	AF-P47083-F1	5bf066d076b004974606b1090a7d63589eabd59b61cfb3b2e1bf0c2f6bc8f8fc	2021-10-06T00:00:00.000+00:00	2025-08-01T00:00:00Z	released_before_prediction_creation	only_experimental_starting_models_reported_not_independence_proof	unresolved_release_and_creation_dates_are_not_training_or_template_cutoffs
7D5T	7D5T_37	AF-P32899-F1	3944f7cc837195985c71597fc913f05d1fd8834da7306203566d3a13a6fd5082	2021-10-06T00:00:00.000+00:00	2025-08-01T00:00:00Z	released_before_prediction_creation	only_experimental_starting_models_reported_not_independence_proof	unresolved_release_and_creation_dates_are_not_training_or_template_cutoffs
7D5T	7D5T_47	AF-Q08096-F1	9e04036772422792dba04f1ee5510efa70bab5493b0a62a87dd0300b26fc7f86	2021-10-06T00:00:00.000+00:00	2025-08-01T00:00:00Z	released_before_prediction_creation	only_experimental_starting_models_reported_not_independence_proof	unresolved_release_and_creation_dates_are_not_training_or_template_cutoffs
7D63	7D63_20	AF-P15646-F1	a1522f5f794bdfcd1daf2f6cc27f18008a39cec9d87ee10935e6e31b5feae501	2021-10-06T00:00:00.000+00:00	2025-08-01T00:00:00Z	released_before_prediction_creation	only_experimental_starting_models_reported_not_independence_proof	unresolved_release_and_creation_dates_are_not_training_or_template_cutoffs
7D63	7D63_30	AF-Q04305-F1	c4214baeff24b16caa93f67de339df82dfa7e06f3ef726aae3a8eba8ef80e8c0	2021-10-06T00:00:00.000+00:00	2025-08-01T00:00:00Z	released_before_prediction_creation	only_experimental_starting_models_reported_not_independence_proof	unresolved_release_and_creation_dates_are_not_training_or_template_cutoffs
7D63	7D63_34	AF-Q05946-F1	2204d94499d8f398bca51469cb01266388ac536be512a882629aae7bd265fe1c	2021-10-06T00:00:00.000+00:00	2025-08-01T00:00:00Z	released_before_prediction_creation	only_experimental_starting_models_reported_not_independence_proof	unresolved_release_and_creation_dates_are_not_training_or_template_cutoffs
7D63	7D63_35	AF-P40362-F1	6c6238ce3df8a0730a750c002381624b18a9118d769139354008a70ca5ac7ee5	2021-10-06T00:00:00.000+00:00	2025-08-01T00:00:00Z	released_before_prediction_creation	only_experimental_starting_models_reported_not_independence_proof	unresolved_release_and_creation_dates_are_not_training_or_template_cutoffs
7D63	7D63_39	AF-P40055-F1	0b8d4e8ec034bbe7e38401be0db088e127c66d44ef0872e7474c7aa39df06ce9	2021-10-06T00:00:00.000+00:00	2025-08-01T00:00:00Z	released_before_prediction_creation	only_experimental_starting_models_reported_not_independence_proof	unresolved_release_and_creation_dates_are_not_training_or_template_cutoffs
7D63	7D63_40	AF-P34247-F1	1245ee2f7cd83f9369a6d49b5bf35022d2741b637b7851a33541728b4662e659	2021-10-06T00:00:00.000+00:00	2025-08-01T00:00:00Z	released_before_prediction_creation	only_experimental_starting_models_reported_not_independence_proof	unresolved_release_and_creation_dates_are_not_training_or_template_cutoffs
7D63	7D63_41	AF-P47083-F1	5bf066d076b004974606b1090a7d63589eabd59b61cfb3b2e1bf0c2f6bc8f8fc	2021-10-06T00:00:00.000+00:00	2025-08-01T00:00:00Z	released_before_prediction_creation	only_experimental_starting_models_reported_not_independence_proof	unresolved_release_and_creation_dates_are_not_training_or_template_cutoffs
7D63	7D63_42	AF-P32899-F1	3944f7cc837195985c71597fc913f05d1fd8834da7306203566d3a13a6fd5082	2021-10-06T00:00:00.000+00:00	2025-08-01T00:00:00Z	released_before_prediction_creation	only_experimental_starting_models_reported_not_independence_proof	unresolved_release_and_creation_dates_are_not_training_or_template_cutoffs
7D63	7D63_48	AF-P48234-F1	6e7fd9e10994e26e9895de924a49c0063dfda2ba87b7f91ecbfd6f3df4dfa650	2021-10-06T00:00:00.000+00:00	2025-08-01T00:00:00Z	released_before_prediction_creation	only_experimental_starting_models_reported_not_independence_proof	unresolved_release_and_creation_dates_are_not_training_or_template_cutoffs
7D63	7D63_54	AF-Q08096-F1	9e04036772422792dba04f1ee5510efa70bab5493b0a62a87dd0300b26fc7f86	2021-10-06T00:00:00.000+00:00	2025-08-01T00:00:00Z	released_before_prediction_creation	only_experimental_starting_models_reported_not_independence_proof	unresolved_release_and_creation_dates_are_not_training_or_template_cutoffs
7D63	7D63_55	AF-P53914-F1	ee2df6f0ad1d4024a32a45cd63663e5131a0f5db5539d359a85c91fdea3cda18	2021-10-06T00:00:00.000+00:00	2025-08-01T00:00:00Z	released_before_prediction_creation	only_experimental_starting_models_reported_not_independence_proof	unresolved_release_and_creation_dates_are_not_training_or_template_cutoffs
7E2C	7E2C_3	AF-P36149-F1	a6b32a264dc4356f9e3046c543340e02100714d88b1b4a3842cb39bcaf4bff97	2022-02-09T00:00:00.000+00:00	2025-08-01T00:00:00Z	released_before_prediction_creation	starting_model_annotation_missing	unresolved_release_and_creation_dates_are_not_training_or_template_cutoffs
7E8S	7E8S_3	AF-P36149-F1	a6b32a264dc4356f9e3046c543340e02100714d88b1b4a3842cb39bcaf4bff97	2022-02-09T00:00:00.000+00:00	2025-08-01T00:00:00Z	released_before_prediction_creation	starting_model_annotation_missing	unresolved_release_and_creation_dates_are_not_training_or_template_cutoffs
7E8T	7E8T_11	AF-P36149-F1	a6b32a264dc4356f9e3046c543340e02100714d88b1b4a3842cb39bcaf4bff97	2022-02-09T00:00:00.000+00:00	2025-08-01T00:00:00Z	released_before_prediction_creation	starting_model_annotation_missing	unresolved_release_and_creation_dates_are_not_training_or_template_cutoffs
7E93	7E93_3	AF-P36149-F1	a6b32a264dc4356f9e3046c543340e02100714d88b1b4a3842cb39bcaf4bff97	2022-02-09T00:00:00.000+00:00	2025-08-01T00:00:00Z	released_before_prediction_creation	starting_model_annotation_missing	unresolved_release_and_creation_dates_are_not_training_or_template_cutoffs
7E94	7E94_3	AF-P36149-F1	a6b32a264dc4356f9e3046c543340e02100714d88b1b4a3842cb39bcaf4bff97	2022-02-09T00:00:00.000+00:00	2025-08-01T00:00:00Z	released_before_prediction_creation	starting_model_annotation_missing	unresolved_release_and_creation_dates_are_not_training_or_template_cutoffs
7EA3	7EA3_3	AF-P36149-F1	a6b32a264dc4356f9e3046c543340e02100714d88b1b4a3842cb39bcaf4bff97	2022-02-09T00:00:00.000+00:00	2025-08-01T00:00:00Z	released_before_prediction_creation	starting_model_annotation_missing	unresolved_release_and_creation_dates_are_not_training_or_template_cutoffs
7KED	7KED_5	AF-P20435-F1	b35ac6750b96213d2e2f4608750f185b2daf71c690e6c7ef0382f39de2ec7d1c	2021-06-23T00:00:00.000+00:00	2025-08-01T00:00:00Z	released_before_prediction_creation	only_experimental_starting_models_reported_not_independence_proof	unresolved_release_and_creation_dates_are_not_training_or_template_cutoffs
7KED	7KED_6	AF-P20436-F1	ce7cd70250d0b569e39e2cf28c28578cac6ef076795fe9e170de624038c4019d	2021-06-23T00:00:00.000+00:00	2025-08-01T00:00:00Z	released_before_prediction_creation	only_experimental_starting_models_reported_not_independence_proof	unresolved_release_and_creation_dates_are_not_training_or_template_cutoffs
7KED	7KED_9	AF-P38902-F1	e5ca72de84371c102b60be5d242b8952d384447efd42abc54d2fc7b284a64b0b	2021-06-23T00:00:00.000+00:00	2025-08-01T00:00:00Z	released_before_prediction_creation	only_experimental_starting_models_reported_not_independence_proof	unresolved_release_and_creation_dates_are_not_training_or_template_cutoffs
7KEE	7KEE_5	AF-P20435-F1	b35ac6750b96213d2e2f4608750f185b2daf71c690e6c7ef0382f39de2ec7d1c	2021-06-23T00:00:00.000+00:00	2025-08-01T00:00:00Z	released_before_prediction_creation	only_experimental_starting_models_reported_not_independence_proof	unresolved_release_and_creation_dates_are_not_training_or_template_cutoffs
7KEE	7KEE_6	AF-P20436-F1	ce7cd70250d0b569e39e2cf28c28578cac6ef076795fe9e170de624038c4019d	2021-06-23T00:00:00.000+00:00	2025-08-01T00:00:00Z	released_before_prediction_creation	only_experimental_starting_models_reported_not_independence_proof	unresolved_release_and_creation_dates_are_not_training_or_template_cutoffs
7KEE	7KEE_9	AF-P38902-F1	e5ca72de84371c102b60be5d242b8952d384447efd42abc54d2fc7b284a64b0b	2021-06-23T00:00:00.000+00:00	2025-08-01T00:00:00Z	released_before_prediction_creation	only_experimental_starting_models_reported_not_independence_proof	unresolved_release_and_creation_dates_are_not_training_or_template_cutoffs
7KEF	7KEF_5	AF-P20435-F1	b35ac6750b96213d2e2f4608750f185b2daf71c690e6c7ef0382f39de2ec7d1c	2021-06-23T00:00:00.000+00:00	2025-08-01T00:00:00Z	released_before_prediction_creation	only_experimental_starting_models_reported_not_independence_proof	unresolved_release_and_creation_dates_are_not_training_or_template_cutoffs
7KEF	7KEF_6	AF-P20436-F1	ce7cd70250d0b569e39e2cf28c28578cac6ef076795fe9e170de624038c4019d	2021-06-23T00:00:00.000+00:00	2025-08-01T00:00:00Z	released_before_prediction_creation	only_experimental_starting_models_reported_not_independence_proof	unresolved_release_and_creation_dates_are_not_training_or_template_cutoffs
7KEF	7KEF_9	AF-P38902-F1	e5ca72de84371c102b60be5d242b8952d384447efd42abc54d2fc7b284a64b0b	2021-06-23T00:00:00.000+00:00	2025-08-01T00:00:00Z	released_before_prediction_creation	only_experimental_starting_models_reported_not_independence_proof	unresolved_release_and_creation_dates_are_not_training_or_template_cutoffs
7KMT	7KMT_4	AF-P36149-F1	a6b32a264dc4356f9e3046c543340e02100714d88b1b4a3842cb39bcaf4bff97	2021-06-02T00:00:00.000+00:00	2025-08-01T00:00:00Z	released_before_prediction_creation	only_experimental_starting_models_reported_not_independence_proof	unresolved_release_and_creation_dates_are_not_training_or_template_cutoffs
7LS5	7LS5_7	AF-P21242-F1	8283ba552d1a3cf6c49a4d151043a7ef16df99a3d9c30a2b73e7692d36d2c844	2021-04-14T00:00:00.000+00:00	2025-08-01T00:00:00Z	released_before_prediction_creation	only_experimental_starting_models_reported_not_independence_proof	unresolved_release_and_creation_dates_are_not_training_or_template_cutoffs
7LS6	7LS6_7	AF-P21242-F1	8283ba552d1a3cf6c49a4d151043a7ef16df99a3d9c30a2b73e7692d36d2c844	2021-04-14T00:00:00.000+00:00	2025-08-01T00:00:00Z	released_before_prediction_creation	only_experimental_starting_models_reported_not_independence_proof	unresolved_release_and_creation_dates_are_not_training_or_template_cutoffs
7LSX	7LSX_7	AF-P21242-F1	8283ba552d1a3cf6c49a4d151043a7ef16df99a3d9c30a2b73e7692d36d2c844	2021-04-14T00:00:00.000+00:00	2025-08-01T00:00:00Z	released_before_prediction_creation	only_experimental_starting_models_reported_not_independence_proof	unresolved_release_and_creation_dates_are_not_training_or_template_cutoffs
7M2W	7M2W_2	AF-P38863-F1	1c163f85ae86dcca2b942339fb9b5aae7f2fdbc3682ba022ba3571dcc1166dd5	2021-05-12T00:00:00.000+00:00	2025-08-01T00:00:00Z	released_before_prediction_creation	starting_model_annotation_missing	unresolved_release_and_creation_dates_are_not_training_or_template_cutoffs
7M2W	7M2W_3	AF-P53540-F1	018d9a0f9f044eb2e31ac355004ba9c03445119103a939258066dab1584e6f63	2021-05-12T00:00:00.000+00:00	2025-08-01T00:00:00Z	released_before_prediction_creation	starting_model_annotation_missing	unresolved_release_and_creation_dates_are_not_training_or_template_cutoffs
7M2X	7M2X_2	AF-P38863-F1	1c163f85ae86dcca2b942339fb9b5aae7f2fdbc3682ba022ba3571dcc1166dd5	2021-05-12T00:00:00.000+00:00	2025-08-01T00:00:00Z	released_before_prediction_creation	starting_model_annotation_missing	unresolved_release_and_creation_dates_are_not_training_or_template_cutoffs
7M2X	7M2X_3	AF-P53540-F1	018d9a0f9f044eb2e31ac355004ba9c03445119103a939258066dab1584e6f63	2021-05-12T00:00:00.000+00:00	2025-08-01T00:00:00Z	released_before_prediction_creation	starting_model_annotation_missing	unresolved_release_and_creation_dates_are_not_training_or_template_cutoffs
7M2Y	7M2Y_2	AF-P53540-F1	018d9a0f9f044eb2e31ac355004ba9c03445119103a939258066dab1584e6f63	2021-05-12T00:00:00.000+00:00	2025-08-01T00:00:00Z	released_before_prediction_creation	starting_model_annotation_missing	unresolved_release_and_creation_dates_are_not_training_or_template_cutoffs
7M2Y	7M2Y_3	AF-P38863-F1	1c163f85ae86dcca2b942339fb9b5aae7f2fdbc3682ba022ba3571dcc1166dd5	2021-05-12T00:00:00.000+00:00	2025-08-01T00:00:00Z	released_before_prediction_creation	starting_model_annotation_missing	unresolved_release_and_creation_dates_are_not_training_or_template_cutoffs
7M2Z	7M2Z_2	AF-P53540-F1	018d9a0f9f044eb2e31ac355004ba9c03445119103a939258066dab1584e6f63	2021-05-12T00:00:00.000+00:00	2025-08-01T00:00:00Z	released_before_prediction_creation	starting_model_annotation_missing	unresolved_release_and_creation_dates_are_not_training_or_template_cutoffs
7M2Z	7M2Z_3	AF-P38863-F1	1c163f85ae86dcca2b942339fb9b5aae7f2fdbc3682ba022ba3571dcc1166dd5	2021-05-12T00:00:00.000+00:00	2025-08-01T00:00:00Z	released_before_prediction_creation	starting_model_annotation_missing	unresolved_release_and_creation_dates_are_not_training_or_template_cutoffs
7MEI	7MEI_10	AF-P20436-F1	ce7cd70250d0b569e39e2cf28c28578cac6ef076795fe9e170de624038c4019d	2022-03-02T00:00:00.000+00:00	2025-08-01T00:00:00Z	released_before_prediction_creation	only_experimental_starting_models_reported_not_independence_proof	unresolved_release_and_creation_dates_are_not_training_or_template_cutoffs
7MEI	7MEI_13	AF-P38902-F1	e5ca72de84371c102b60be5d242b8952d384447efd42abc54d2fc7b284a64b0b	2022-03-02T00:00:00.000+00:00	2025-08-01T00:00:00Z	released_before_prediction_creation	only_experimental_starting_models_reported_not_independence_proof	unresolved_release_and_creation_dates_are_not_training_or_template_cutoffs
7MEI	7MEI_8	AF-P20435-F1	b35ac6750b96213d2e2f4608750f185b2daf71c690e6c7ef0382f39de2ec7d1c	2022-03-02T00:00:00.000+00:00	2025-08-01T00:00:00Z	released_before_prediction_creation	only_experimental_starting_models_reported_not_independence_proof	unresolved_release_and_creation_dates_are_not_training_or_template_cutoffs
7MEI	7MEI_9	AF-P34087-F1	83d3a4bb2b77f2d447e2e34483b92f4a0abd024d20c78f29b9187d33c13f070a	2022-03-02T00:00:00.000+00:00	2025-08-01T00:00:00Z	released_before_prediction_creation	only_experimental_starting_models_reported_not_independence_proof	unresolved_release_and_creation_dates_are_not_training_or_template_cutoffs
7MK9	7MK9_10	AF-P20436-F1	ce7cd70250d0b569e39e2cf28c28578cac6ef076795fe9e170de624038c4019d	2022-04-27T00:00:00.000+00:00	2025-08-01T00:00:00Z	released_before_prediction_creation	only_experimental_starting_models_reported_not_independence_proof	unresolved_release_and_creation_dates_are_not_training_or_template_cutoffs
7MK9	7MK9_13	AF-P38902-F1	e5ca72de84371c102b60be5d242b8952d384447efd42abc54d2fc7b284a64b0b	2022-04-27T00:00:00.000+00:00	2025-08-01T00:00:00Z	released_before_prediction_creation	only_experimental_starting_models_reported_not_independence_proof	unresolved_release_and_creation_dates_are_not_training_or_template_cutoffs
7MK9	7MK9_8	AF-P20435-F1	b35ac6750b96213d2e2f4608750f185b2daf71c690e6c7ef0382f39de2ec7d1c	2022-04-27T00:00:00.000+00:00	2025-08-01T00:00:00Z	released_before_prediction_creation	only_experimental_starting_models_reported_not_independence_proof	unresolved_release_and_creation_dates_are_not_training_or_template_cutoffs
7MK9	7MK9_9	AF-P34087-F1	83d3a4bb2b77f2d447e2e34483b92f4a0abd024d20c78f29b9187d33c13f070a	2022-04-27T00:00:00.000+00:00	2025-08-01T00:00:00Z	released_before_prediction_creation	only_experimental_starting_models_reported_not_independence_proof	unresolved_release_and_creation_dates_are_not_training_or_template_cutoffs
7MKA	7MKA_10	AF-P20436-F1	ce7cd70250d0b569e39e2cf28c28578cac6ef076795fe9e170de624038c4019d	2022-04-27T00:00:00.000+00:00	2025-08-01T00:00:00Z	released_before_prediction_creation	only_experimental_starting_models_reported_not_independence_proof	unresolved_release_and_creation_dates_are_not_training_or_template_cutoffs
7MKA	7MKA_13	AF-P38902-F1	e5ca72de84371c102b60be5d242b8952d384447efd42abc54d2fc7b284a64b0b	2022-04-27T00:00:00.000+00:00	2025-08-01T00:00:00Z	released_before_prediction_creation	only_experimental_starting_models_reported_not_independence_proof	unresolved_release_and_creation_dates_are_not_training_or_template_cutoffs
7MKA	7MKA_8	AF-P20435-F1	b35ac6750b96213d2e2f4608750f185b2daf71c690e6c7ef0382f39de2ec7d1c	2022-04-27T00:00:00.000+00:00	2025-08-01T00:00:00Z	released_before_prediction_creation	only_experimental_starting_models_reported_not_independence_proof	unresolved_release_and_creation_dates_are_not_training_or_template_cutoffs
7MKA	7MKA_9	AF-P34087-F1	83d3a4bb2b77f2d447e2e34483b92f4a0abd024d20c78f29b9187d33c13f070a	2022-04-27T00:00:00.000+00:00	2025-08-01T00:00:00Z	released_before_prediction_creation	only_experimental_starting_models_reported_not_independence_proof	unresolved_release_and_creation_dates_are_not_training_or_template_cutoffs
7ML0	7ML0_11	AF-P38902-F1	e5ca72de84371c102b60be5d242b8952d384447efd42abc54d2fc7b284a64b0b	2022-02-02T00:00:00.000+00:00	2025-08-01T00:00:00Z	released_before_prediction_creation	only_experimental_starting_models_reported_not_independence_proof	unresolved_release_and_creation_dates_are_not_training_or_template_cutoffs
7ML0	7ML0_6	AF-P20435-F1	b35ac6750b96213d2e2f4608750f185b2daf71c690e6c7ef0382f39de2ec7d1c	2022-02-02T00:00:00.000+00:00	2025-08-01T00:00:00Z	released_before_prediction_creation	only_experimental_starting_models_reported_not_independence_proof	unresolved_release_and_creation_dates_are_not_training_or_template_cutoffs
7ML0	7ML0_7	AF-P34087-F1	83d3a4bb2b77f2d447e2e34483b92f4a0abd024d20c78f29b9187d33c13f070a	2022-02-02T00:00:00.000+00:00	2025-08-01T00:00:00Z	released_before_prediction_creation	only_experimental_starting_models_reported_not_independence_proof	unresolved_release_and_creation_dates_are_not_training_or_template_cutoffs
7ML0	7ML0_8	AF-P20436-F1	ce7cd70250d0b569e39e2cf28c28578cac6ef076795fe9e170de624038c4019d	2022-02-02T00:00:00.000+00:00	2025-08-01T00:00:00Z	released_before_prediction_creation	only_experimental_starting_models_reported_not_independence_proof	unresolved_release_and_creation_dates_are_not_training_or_template_cutoffs
7ML1	7ML1_17	AF-P20435-F1	b35ac6750b96213d2e2f4608750f185b2daf71c690e6c7ef0382f39de2ec7d1c	2022-02-02T00:00:00.000+00:00	2025-08-01T00:00:00Z	released_before_prediction_creation	only_experimental_starting_models_reported_not_independence_proof	unresolved_release_and_creation_dates_are_not_training_or_template_cutoffs
7ML1	7ML1_18	AF-P34087-F1	83d3a4bb2b77f2d447e2e34483b92f4a0abd024d20c78f29b9187d33c13f070a	2022-02-02T00:00:00.000+00:00	2025-08-01T00:00:00Z	released_before_prediction_creation	only_experimental_starting_models_reported_not_independence_proof	unresolved_release_and_creation_dates_are_not_training_or_template_cutoffs
7ML1	7ML1_19	AF-P20436-F1	ce7cd70250d0b569e39e2cf28c28578cac6ef076795fe9e170de624038c4019d	2022-02-02T00:00:00.000+00:00	2025-08-01T00:00:00Z	released_before_prediction_creation	only_experimental_starting_models_reported_not_independence_proof	unresolved_release_and_creation_dates_are_not_training_or_template_cutoffs
7ML1	7ML1_22	AF-P38902-F1	e5ca72de84371c102b60be5d242b8952d384447efd42abc54d2fc7b284a64b0b	2022-02-02T00:00:00.000+00:00	2025-08-01T00:00:00Z	released_before_prediction_creation	only_experimental_starting_models_reported_not_independence_proof	unresolved_release_and_creation_dates_are_not_training_or_template_cutoffs
7ML2	7ML2_11	AF-P38902-F1	e5ca72de84371c102b60be5d242b8952d384447efd42abc54d2fc7b284a64b0b	2022-02-02T00:00:00.000+00:00	2025-08-01T00:00:00Z	released_before_prediction_creation	only_experimental_starting_models_reported_not_independence_proof	unresolved_release_and_creation_dates_are_not_training_or_template_cutoffs
7ML2	7ML2_6	AF-P20435-F1	b35ac6750b96213d2e2f4608750f185b2daf71c690e6c7ef0382f39de2ec7d1c	2022-02-02T00:00:00.000+00:00	2025-08-01T00:00:00Z	released_before_prediction_creation	only_experimental_starting_models_reported_not_independence_proof	unresolved_release_and_creation_dates_are_not_training_or_template_cutoffs
7ML2	7ML2_7	AF-P34087-F1	83d3a4bb2b77f2d447e2e34483b92f4a0abd024d20c78f29b9187d33c13f070a	2022-02-02T00:00:00.000+00:00	2025-08-01T00:00:00Z	released_before_prediction_creation	only_experimental_starting_models_reported_not_independence_proof	unresolved_release_and_creation_dates_are_not_training_or_template_cutoffs
7ML2	7ML2_8	AF-P20436-F1	ce7cd70250d0b569e39e2cf28c28578cac6ef076795fe9e170de624038c4019d	2022-02-02T00:00:00.000+00:00	2025-08-01T00:00:00Z	released_before_prediction_creation	only_experimental_starting_models_reported_not_independence_proof	unresolved_release_and_creation_dates_are_not_training_or_template_cutoffs
7ML4	7ML4_10	AF-P20435-F1	b35ac6750b96213d2e2f4608750f185b2daf71c690e6c7ef0382f39de2ec7d1c	2022-02-02T00:00:00.000+00:00	2025-08-01T00:00:00Z	released_before_prediction_creation	only_experimental_starting_models_reported_not_independence_proof	unresolved_release_and_creation_dates_are_not_training_or_template_cutoffs
7ML4	7ML4_11	AF-P20436-F1	ce7cd70250d0b569e39e2cf28c28578cac6ef076795fe9e170de624038c4019d	2022-02-02T00:00:00.000+00:00	2025-08-01T00:00:00Z	released_before_prediction_creation	only_experimental_starting_models_reported_not_independence_proof	unresolved_release_and_creation_dates_are_not_training_or_template_cutoffs
7ML4	7ML4_14	AF-P38902-F1	e5ca72de84371c102b60be5d242b8952d384447efd42abc54d2fc7b284a64b0b	2022-02-02T00:00:00.000+00:00	2025-08-01T00:00:00Z	released_before_prediction_creation	only_experimental_starting_models_reported_not_independence_proof	unresolved_release_and_creation_dates_are_not_training_or_template_cutoffs
7ML4	7ML4_4	AF-P34087-F1	83d3a4bb2b77f2d447e2e34483b92f4a0abd024d20c78f29b9187d33c13f070a	2022-02-02T00:00:00.000+00:00	2025-08-01T00:00:00Z	released_before_prediction_creation	only_experimental_starting_models_reported_not_independence_proof	unresolved_release_and_creation_dates_are_not_training_or_template_cutoffs
7NAC	7NAC_10	AF-P36049-F1	69b75365f8a13f44361dc06155facde5c7b69920d4b15224becbad9da053cc21	2022-11-09T00:00:00.000+00:00	2025-08-01T00:00:00Z	released_before_prediction_creation	starting_model_annotation_missing	unresolved_release_and_creation_dates_are_not_training_or_template_cutoffs
7NAC	7NAC_19	AF-P33201-F1	1339886dfb0473fd4dc59344281a8288b3ac1979e074403818c8117482fe794b	2022-11-09T00:00:00.000+00:00	2025-08-01T00:00:00Z	released_before_prediction_creation	starting_model_annotation_missing	unresolved_release_and_creation_dates_are_not_training_or_template_cutoffs
7NAC	7NAC_22	AF-Q02892-F1	9b034068144dc1c8f367dcc1d0940877c694565a6c15b2ee590634a8d512edac	2022-11-09T00:00:00.000+00:00	2025-08-01T00:00:00Z	released_before_prediction_creation	starting_model_annotation_missing	unresolved_release_and_creation_dates_are_not_training_or_template_cutoffs
7NAC	7NAC_29	AF-Q08962-F1	cd4149ad98b80658ca48d1b1c160820504480c2e79c00295f239251b3c5dee20	2022-11-09T00:00:00.000+00:00	2025-08-01T00:00:00Z	released_before_prediction_creation	starting_model_annotation_missing	unresolved_release_and_creation_dates_are_not_training_or_template_cutoffs
7NAC	7NAC_34	AF-Q07915-F1	1d54d8fc6fd3850a44b980391ada8291d7463d18caf3143cb61d4a3be8997bc2	2022-11-09T00:00:00.000+00:00	2025-08-01T00:00:00Z	released_before_prediction_creation	starting_model_annotation_missing	unresolved_release_and_creation_dates_are_not_training_or_template_cutoffs
7NAC	7NAC_36	AF-Q12522-F1	a9c859214bc288900788ea22094f6779f5e80a857b1a76ad3d655a47854cced8	2022-11-09T00:00:00.000+00:00	2025-08-01T00:00:00Z	released_before_prediction_creation	starting_model_annotation_missing	unresolved_release_and_creation_dates_are_not_training_or_template_cutoffs
7NAC	7NAC_4	AF-Q08235-F1	9c6a83a9da179422c01547e108ce6567394cb22d09cd08dfff98fa7fd2cf807e	2022-11-09T00:00:00.000+00:00	2025-08-01T00:00:00Z	released_before_prediction_creation	starting_model_annotation_missing	unresolved_release_and_creation_dates_are_not_training_or_template_cutoffs
7NAD	7NAD_14	AF-Q02892-F1	9b034068144dc1c8f367dcc1d0940877c694565a6c15b2ee590634a8d512edac	2022-11-09T00:00:00.000+00:00	2025-08-01T00:00:00Z	released_before_prediction_creation	starting_model_annotation_missing	unresolved_release_and_creation_dates_are_not_training_or_template_cutoffs
7NAD	7NAD_23	AF-Q07915-F1	1d54d8fc6fd3850a44b980391ada8291d7463d18caf3143cb61d4a3be8997bc2	2022-11-09T00:00:00.000+00:00	2025-08-01T00:00:00Z	released_before_prediction_creation	starting_model_annotation_missing	unresolved_release_and_creation_dates_are_not_training_or_template_cutoffs
7NAF	7NAF_15	AF-Q12522-F1	a9c859214bc288900788ea22094f6779f5e80a857b1a76ad3d655a47854cced8	2022-11-09T00:00:00.000+00:00	2025-08-01T00:00:00Z	released_before_prediction_creation	starting_model_annotation_missing	unresolved_release_and_creation_dates_are_not_training_or_template_cutoffs
7NKX	7NKX_22	AF-P34087-F1	83d3a4bb2b77f2d447e2e34483b92f4a0abd024d20c78f29b9187d33c13f070a	2021-08-25T00:00:00.000+00:00	2025-08-01T00:00:00Z	released_before_prediction_creation	starting_model_annotation_missing	unresolved_release_and_creation_dates_are_not_training_or_template_cutoffs
7NKX	7NKX_5	AF-P20435-F1	b35ac6750b96213d2e2f4608750f185b2daf71c690e6c7ef0382f39de2ec7d1c	2021-08-25T00:00:00.000+00:00	2025-08-01T00:00:00Z	released_before_prediction_creation	starting_model_annotation_missing	unresolved_release_and_creation_dates_are_not_training_or_template_cutoffs
7NKX	7NKX_6	AF-P20436-F1	ce7cd70250d0b569e39e2cf28c28578cac6ef076795fe9e170de624038c4019d	2021-08-25T00:00:00.000+00:00	2025-08-01T00:00:00Z	released_before_prediction_creation	starting_model_annotation_missing	unresolved_release_and_creation_dates_are_not_training_or_template_cutoffs
7NKX	7NKX_9	AF-P38902-F1	e5ca72de84371c102b60be5d242b8952d384447efd42abc54d2fc7b284a64b0b	2021-08-25T00:00:00.000+00:00	2025-08-01T00:00:00Z	released_before_prediction_creation	starting_model_annotation_missing	unresolved_release_and_creation_dates_are_not_training_or_template_cutoffs
7NKY	7NKY_12	AF-P38902-F1	e5ca72de84371c102b60be5d242b8952d384447efd42abc54d2fc7b284a64b0b	2021-07-07T00:00:00.000+00:00	2025-08-01T00:00:00Z	released_before_prediction_creation	starting_model_annotation_missing	unresolved_release_and_creation_dates_are_not_training_or_template_cutoffs
7NKY	7NKY_17	AF-P34087-F1	83d3a4bb2b77f2d447e2e34483b92f4a0abd024d20c78f29b9187d33c13f070a	2021-07-07T00:00:00.000+00:00	2025-08-01T00:00:00Z	released_before_prediction_creation	starting_model_annotation_missing	unresolved_release_and_creation_dates_are_not_training_or_template_cutoffs
7NKY	7NKY_19	AF-P32558-F1	69e276995e1a4533cc3887bc5581aaef26520c25c4281f816a742c03163e46a0	2021-07-07T00:00:00.000+00:00	2025-08-01T00:00:00Z	released_before_prediction_creation	starting_model_annotation_missing	unresolved_release_and_creation_dates_are_not_training_or_template_cutoffs
7NKY	7NKY_8	AF-P20435-F1	b35ac6750b96213d2e2f4608750f185b2daf71c690e6c7ef0382f39de2ec7d1c	2021-07-07T00:00:00.000+00:00	2025-08-01T00:00:00Z	released_before_prediction_creation	starting_model_annotation_missing	unresolved_release_and_creation_dates_are_not_training_or_template_cutoffs
7NKY	7NKY_9	AF-P20436-F1	ce7cd70250d0b569e39e2cf28c28578cac6ef076795fe9e170de624038c4019d	2021-07-07T00:00:00.000+00:00	2025-08-01T00:00:00Z	released_before_prediction_creation	starting_model_annotation_missing	unresolved_release_and_creation_dates_are_not_training_or_template_cutoffs
7O2L	7O2L_6	AF-P21242-F1	8283ba552d1a3cf6c49a4d151043a7ef16df99a3d9c30a2b73e7692d36d2c844	2022-04-13T00:00:00.000+00:00	2025-08-01T00:00:00Z	released_before_prediction_creation	only_experimental_starting_models_reported_not_independence_proof	unresolved_release_and_creation_dates_are_not_training_or_template_cutoffs
7O4I	7O4I_14	AF-P20435-F1	b35ac6750b96213d2e2f4608750f185b2daf71c690e6c7ef0382f39de2ec7d1c	2021-06-16T00:00:00.000+00:00	2025-08-01T00:00:00Z	released_before_prediction_creation	only_experimental_starting_models_reported_not_independence_proof	unresolved_release_and_creation_dates_are_not_training_or_template_cutoffs
7O4I	7O4I_16	AF-P20436-F1	ce7cd70250d0b569e39e2cf28c28578cac6ef076795fe9e170de624038c4019d	2021-06-16T00:00:00.000+00:00	2025-08-01T00:00:00Z	released_before_prediction_creation	only_experimental_starting_models_reported_not_independence_proof	unresolved_release_and_creation_dates_are_not_training_or_template_cutoffs
7O4I	7O4I_19	AF-P38902-F1	e5ca72de84371c102b60be5d242b8952d384447efd42abc54d2fc7b284a64b0b	2021-06-16T00:00:00.000+00:00	2025-08-01T00:00:00Z	released_before_prediction_creation	only_experimental_starting_models_reported_not_independence_proof	unresolved_release_and_creation_dates_are_not_training_or_template_cutoffs
7O4J	7O4J_14	AF-P20435-F1	b35ac6750b96213d2e2f4608750f185b2daf71c690e6c7ef0382f39de2ec7d1c	2021-06-16T00:00:00.000+00:00	2025-08-01T00:00:00Z	released_before_prediction_creation	only_experimental_starting_models_reported_not_independence_proof	unresolved_release_and_creation_dates_are_not_training_or_template_cutoffs
7O4J	7O4J_16	AF-P20436-F1	ce7cd70250d0b569e39e2cf28c28578cac6ef076795fe9e170de624038c4019d	2021-06-16T00:00:00.000+00:00	2025-08-01T00:00:00Z	released_before_prediction_creation	only_experimental_starting_models_reported_not_independence_proof	unresolved_release_and_creation_dates_are_not_training_or_template_cutoffs
7O4J	7O4J_19	AF-P38902-F1	e5ca72de84371c102b60be5d242b8952d384447efd42abc54d2fc7b284a64b0b	2021-06-16T00:00:00.000+00:00	2025-08-01T00:00:00Z	released_before_prediction_creation	only_experimental_starting_models_reported_not_independence_proof	unresolved_release_and_creation_dates_are_not_training_or_template_cutoffs
7O4K	7O4K_12	AF-P20435-F1	b35ac6750b96213d2e2f4608750f185b2daf71c690e6c7ef0382f39de2ec7d1c	2021-06-16T00:00:00.000+00:00	2025-08-01T00:00:00Z	released_before_prediction_creation	only_experimental_starting_models_reported_not_independence_proof	unresolved_release_and_creation_dates_are_not_training_or_template_cutoffs
7O4L	7O4L_12	AF-P20435-F1	b35ac6750b96213d2e2f4608750f185b2daf71c690e6c7ef0382f39de2ec7d1c	2021-06-16T00:00:00.000+00:00	2025-08-01T00:00:00Z	released_before_prediction_creation	only_experimental_starting_models_reported_not_independence_proof	unresolved_release_and_creation_dates_are_not_training_or_template_cutoffs
7O72	7O72_14	AF-P20435-F1	b35ac6750b96213d2e2f4608750f185b2daf71c690e6c7ef0382f39de2ec7d1c	2021-06-16T00:00:00.000+00:00	2025-08-01T00:00:00Z	released_before_prediction_creation	only_experimental_starting_models_reported_not_independence_proof	unresolved_release_and_creation_dates_are_not_training_or_template_cutoffs
7O72	7O72_16	AF-P20436-F1	ce7cd70250d0b569e39e2cf28c28578cac6ef076795fe9e170de624038c4019d	2021-06-16T00:00:00.000+00:00	2025-08-01T00:00:00Z	released_before_prediction_creation	only_experimental_starting_models_reported_not_independence_proof	unresolved_release_and_creation_dates_are_not_training_or_template_cutoffs
7O72	7O72_19	AF-P38902-F1	e5ca72de84371c102b60be5d242b8952d384447efd42abc54d2fc7b284a64b0b	2021-06-16T00:00:00.000+00:00	2025-08-01T00:00:00Z	released_before_prediction_creation	only_experimental_starting_models_reported_not_independence_proof	unresolved_release_and_creation_dates_are_not_training_or_template_cutoffs
7O73	7O73_14	AF-P20435-F1	b35ac6750b96213d2e2f4608750f185b2daf71c690e6c7ef0382f39de2ec7d1c	2021-06-16T00:00:00.000+00:00	2025-08-01T00:00:00Z	released_before_prediction_creation	only_experimental_starting_models_reported_not_independence_proof	unresolved_release_and_creation_dates_are_not_training_or_template_cutoffs
7O73	7O73_16	AF-P20436-F1	ce7cd70250d0b569e39e2cf28c28578cac6ef076795fe9e170de624038c4019d	2021-06-16T00:00:00.000+00:00	2025-08-01T00:00:00Z	released_before_prediction_creation	only_experimental_starting_models_reported_not_independence_proof	unresolved_release_and_creation_dates_are_not_training_or_template_cutoffs
7O73	7O73_19	AF-P38902-F1	e5ca72de84371c102b60be5d242b8952d384447efd42abc54d2fc7b284a64b0b	2021-06-16T00:00:00.000+00:00	2025-08-01T00:00:00Z	released_before_prediction_creation	only_experimental_starting_models_reported_not_independence_proof	unresolved_release_and_creation_dates_are_not_training_or_template_cutoffs
7O75	7O75_14	AF-P20435-F1	b35ac6750b96213d2e2f4608750f185b2daf71c690e6c7ef0382f39de2ec7d1c	2021-06-16T00:00:00.000+00:00	2025-08-01T00:00:00Z	released_before_prediction_creation	only_experimental_starting_models_reported_not_independence_proof	unresolved_release_and_creation_dates_are_not_training_or_template_cutoffs
7O75	7O75_16	AF-P20436-F1	ce7cd70250d0b569e39e2cf28c28578cac6ef076795fe9e170de624038c4019d	2021-06-16T00:00:00.000+00:00	2025-08-01T00:00:00Z	released_before_prediction_creation	only_experimental_starting_models_reported_not_independence_proof	unresolved_release_and_creation_dates_are_not_training_or_template_cutoffs
7O75	7O75_19	AF-P38902-F1	e5ca72de84371c102b60be5d242b8952d384447efd42abc54d2fc7b284a64b0b	2021-06-16T00:00:00.000+00:00	2025-08-01T00:00:00Z	released_before_prediction_creation	only_experimental_starting_models_reported_not_independence_proof	unresolved_release_and_creation_dates_are_not_training_or_template_cutoffs
7OF1	7OF1_22	AF-P33201-F1	1339886dfb0473fd4dc59344281a8288b3ac1979e074403818c8117482fe794b	2021-11-03T00:00:00.000+00:00	2025-08-01T00:00:00Z	released_before_prediction_creation	starting_model_annotation_missing	unresolved_release_and_creation_dates_are_not_training_or_template_cutoffs
7OF1	7OF1_27	AF-Q02892-F1	9b034068144dc1c8f367dcc1d0940877c694565a6c15b2ee590634a8d512edac	2021-11-03T00:00:00.000+00:00	2025-08-01T00:00:00Z	released_before_prediction_creation	starting_model_annotation_missing	unresolved_release_and_creation_dates_are_not_training_or_template_cutoffs
7OF1	7OF1_41	AF-Q07915-F1	1d54d8fc6fd3850a44b980391ada8291d7463d18caf3143cb61d4a3be8997bc2	2021-11-03T00:00:00.000+00:00	2025-08-01T00:00:00Z	released_before_prediction_creation	starting_model_annotation_missing	unresolved_release_and_creation_dates_are_not_training_or_template_cutoffs
7OF1	7OF1_42	AF-Q12522-F1	a9c859214bc288900788ea22094f6779f5e80a857b1a76ad3d655a47854cced8	2021-11-03T00:00:00.000+00:00	2025-08-01T00:00:00Z	released_before_prediction_creation	starting_model_annotation_missing	unresolved_release_and_creation_dates_are_not_training_or_template_cutoffs
7OH3	7OH3_25	AF-P33201-F1	1339886dfb0473fd4dc59344281a8288b3ac1979e074403818c8117482fe794b	2021-11-03T00:00:00.000+00:00	2025-08-01T00:00:00Z	released_before_prediction_creation	only_experimental_starting_models_reported_not_independence_proof	unresolved_release_and_creation_dates_are_not_training_or_template_cutoffs
7OH3	7OH3_30	AF-Q02892-F1	9b034068144dc1c8f367dcc1d0940877c694565a6c15b2ee590634a8d512edac	2021-11-03T00:00:00.000+00:00	2025-08-01T00:00:00Z	released_before_prediction_creation	only_experimental_starting_models_reported_not_independence_proof	unresolved_release_and_creation_dates_are_not_training_or_template_cutoffs
7OH3	7OH3_45	AF-Q07915-F1	1d54d8fc6fd3850a44b980391ada8291d7463d18caf3143cb61d4a3be8997bc2	2021-11-03T00:00:00.000+00:00	2025-08-01T00:00:00Z	released_before_prediction_creation	only_experimental_starting_models_reported_not_independence_proof	unresolved_release_and_creation_dates_are_not_training_or_template_cutoffs
7OH3	7OH3_47	AF-Q08746-F1	4f84b0e10a5b3c764e93baed539d90856f0578cc8d539e760befd2779bbdbae3	2021-11-03T00:00:00.000+00:00	2025-08-01T00:00:00Z	released_before_prediction_creation	only_experimental_starting_models_reported_not_independence_proof	unresolved_release_and_creation_dates_are_not_training_or_template_cutoffs
7OH3	7OH3_49	AF-Q12522-F1	a9c859214bc288900788ea22094f6779f5e80a857b1a76ad3d655a47854cced8	2021-11-03T00:00:00.000+00:00	2025-08-01T00:00:00Z	released_before_prediction_creation	only_experimental_starting_models_reported_not_independence_proof	unresolved_release_and_creation_dates_are_not_training_or_template_cutoffs
7OHP	7OHP_20	AF-P33201-F1	1339886dfb0473fd4dc59344281a8288b3ac1979e074403818c8117482fe794b	2021-11-03T00:00:00.000+00:00	2025-08-01T00:00:00Z	released_before_prediction_creation	only_experimental_starting_models_reported_not_independence_proof	unresolved_release_and_creation_dates_are_not_training_or_template_cutoffs
7OHP	7OHP_22	AF-Q02892-F1	9b034068144dc1c8f367dcc1d0940877c694565a6c15b2ee590634a8d512edac	2021-11-03T00:00:00.000+00:00	2025-08-01T00:00:00Z	released_before_prediction_creation	only_experimental_starting_models_reported_not_independence_proof	unresolved_release_and_creation_dates_are_not_training_or_template_cutoffs
7OHP	7OHP_34	AF-Q12522-F1	a9c859214bc288900788ea22094f6779f5e80a857b1a76ad3d655a47854cced8	2021-11-03T00:00:00.000+00:00	2025-08-01T00:00:00Z	released_before_prediction_creation	only_experimental_starting_models_reported_not_independence_proof	unresolved_release_and_creation_dates_are_not_training_or_template_cutoffs
7OHQ	7OHQ_27	AF-P33201-F1	1339886dfb0473fd4dc59344281a8288b3ac1979e074403818c8117482fe794b	2021-11-03T00:00:00.000+00:00	2025-08-01T00:00:00Z	released_before_prediction_creation	only_experimental_starting_models_reported_not_independence_proof	unresolved_release_and_creation_dates_are_not_training_or_template_cutoffs
7OHQ	7OHQ_32	AF-Q02892-F1	9b034068144dc1c8f367dcc1d0940877c694565a6c15b2ee590634a8d512edac	2021-11-03T00:00:00.000+00:00	2025-08-01T00:00:00Z	released_before_prediction_creation	only_experimental_starting_models_reported_not_independence_proof	unresolved_release_and_creation_dates_are_not_training_or_template_cutoffs
7OHQ	7OHQ_51	AF-Q07915-F1	1d54d8fc6fd3850a44b980391ada8291d7463d18caf3143cb61d4a3be8997bc2	2021-11-03T00:00:00.000+00:00	2025-08-01T00:00:00Z	released_before_prediction_creation	only_experimental_starting_models_reported_not_independence_proof	unresolved_release_and_creation_dates_are_not_training_or_template_cutoffs
7OHQ	7OHQ_53	AF-Q08746-F1	4f84b0e10a5b3c764e93baed539d90856f0578cc8d539e760befd2779bbdbae3	2021-11-03T00:00:00.000+00:00	2025-08-01T00:00:00Z	released_before_prediction_creation	only_experimental_starting_models_reported_not_independence_proof	unresolved_release_and_creation_dates_are_not_training_or_template_cutoffs
7OHQ	7OHQ_55	AF-Q12522-F1	a9c859214bc288900788ea22094f6779f5e80a857b1a76ad3d655a47854cced8	2021-11-03T00:00:00.000+00:00	2025-08-01T00:00:00Z	released_before_prediction_creation	only_experimental_starting_models_reported_not_independence_proof	unresolved_release_and_creation_dates_are_not_training_or_template_cutoffs
7OHR	7OHR_13	AF-P36049-F1	69b75365f8a13f44361dc06155facde5c7b69920d4b15224becbad9da053cc21	2021-11-10T00:00:00.000+00:00	2025-08-01T00:00:00Z	released_before_prediction_creation	only_experimental_starting_models_reported_not_independence_proof	unresolved_release_and_creation_dates_are_not_training_or_template_cutoffs
7OHR	7OHR_25	AF-P33201-F1	1339886dfb0473fd4dc59344281a8288b3ac1979e074403818c8117482fe794b	2021-11-10T00:00:00.000+00:00	2025-08-01T00:00:00Z	released_before_prediction_creation	only_experimental_starting_models_reported_not_independence_proof	unresolved_release_and_creation_dates_are_not_training_or_template_cutoffs
7OHR	7OHR_29	AF-Q02892-F1	9b034068144dc1c8f367dcc1d0940877c694565a6c15b2ee590634a8d512edac	2021-11-10T00:00:00.000+00:00	2025-08-01T00:00:00Z	released_before_prediction_creation	only_experimental_starting_models_reported_not_independence_proof	unresolved_release_and_creation_dates_are_not_training_or_template_cutoffs
7OHR	7OHR_39	AF-Q08962-F1	cd4149ad98b80658ca48d1b1c160820504480c2e79c00295f239251b3c5dee20	2021-11-10T00:00:00.000+00:00	2025-08-01T00:00:00Z	released_before_prediction_creation	only_experimental_starting_models_reported_not_independence_proof	unresolved_release_and_creation_dates_are_not_training_or_template_cutoffs
7OHR	7OHR_4	AF-Q08235-F1	9c6a83a9da179422c01547e108ce6567394cb22d09cd08dfff98fa7fd2cf807e	2021-11-10T00:00:00.000+00:00	2025-08-01T00:00:00Z	released_before_prediction_creation	only_experimental_starting_models_reported_not_independence_proof	unresolved_release_and_creation_dates_are_not_training_or_template_cutoffs
7OHR	7OHR_48	AF-Q07915-F1	1d54d8fc6fd3850a44b980391ada8291d7463d18caf3143cb61d4a3be8997bc2	2021-11-10T00:00:00.000+00:00	2025-08-01T00:00:00Z	released_before_prediction_creation	only_experimental_starting_models_reported_not_independence_proof	unresolved_release_and_creation_dates_are_not_training_or_template_cutoffs
7OHR	7OHR_51	AF-Q12522-F1	a9c859214bc288900788ea22094f6779f5e80a857b1a76ad3d655a47854cced8	2021-11-10T00:00:00.000+00:00	2025-08-01T00:00:00Z	released_before_prediction_creation	only_experimental_starting_models_reported_not_independence_proof	unresolved_release_and_creation_dates_are_not_training_or_template_cutoffs
7OHS	7OHS_24	AF-P33201-F1	1339886dfb0473fd4dc59344281a8288b3ac1979e074403818c8117482fe794b	2021-11-03T00:00:00.000+00:00	2025-08-01T00:00:00Z	released_before_prediction_creation	only_experimental_starting_models_reported_not_independence_proof	unresolved_release_and_creation_dates_are_not_training_or_template_cutoffs
7OHS	7OHS_26	AF-Q02892-F1	9b034068144dc1c8f367dcc1d0940877c694565a6c15b2ee590634a8d512edac	2021-11-03T00:00:00.000+00:00	2025-08-01T00:00:00Z	released_before_prediction_creation	only_experimental_starting_models_reported_not_independence_proof	unresolved_release_and_creation_dates_are_not_training_or_template_cutoffs
7OHS	7OHS_3	AF-P10962-F1	c23ebf76afa06aa1be095f20e72e07bc9da9e0a2d92d4a1370bc697d290b748b	2021-11-03T00:00:00.000+00:00	2025-08-01T00:00:00Z	released_before_prediction_creation	only_experimental_starting_models_reported_not_independence_proof	unresolved_release_and_creation_dates_are_not_training_or_template_cutoffs
7OHS	7OHS_37	AF-Q07915-F1	1d54d8fc6fd3850a44b980391ada8291d7463d18caf3143cb61d4a3be8997bc2	2021-11-03T00:00:00.000+00:00	2025-08-01T00:00:00Z	released_before_prediction_creation	only_experimental_starting_models_reported_not_independence_proof	unresolved_release_and_creation_dates_are_not_training_or_template_cutoffs
7OHS	7OHS_40	AF-Q12522-F1	a9c859214bc288900788ea22094f6779f5e80a857b1a76ad3d655a47854cced8	2021-11-03T00:00:00.000+00:00	2025-08-01T00:00:00Z	released_before_prediction_creation	only_experimental_starting_models_reported_not_independence_proof	unresolved_release_and_creation_dates_are_not_training_or_template_cutoffs
7OHS	7OHS_7	AF-Q08235-F1	9c6a83a9da179422c01547e108ce6567394cb22d09cd08dfff98fa7fd2cf807e	2021-11-03T00:00:00.000+00:00	2025-08-01T00:00:00Z	released_before_prediction_creation	only_experimental_starting_models_reported_not_independence_proof	unresolved_release_and_creation_dates_are_not_training_or_template_cutoffs
7OHT	7OHT_17	AF-P33201-F1	1339886dfb0473fd4dc59344281a8288b3ac1979e074403818c8117482fe794b	2021-11-03T00:00:00.000+00:00	2025-08-01T00:00:00Z	released_before_prediction_creation	only_experimental_starting_models_reported_not_independence_proof	unresolved_release_and_creation_dates_are_not_training_or_template_cutoffs
7OHT	7OHT_18	AF-Q02892-F1	9b034068144dc1c8f367dcc1d0940877c694565a6c15b2ee590634a8d512edac	2021-11-03T00:00:00.000+00:00	2025-08-01T00:00:00Z	released_before_prediction_creation	only_experimental_starting_models_reported_not_independence_proof	unresolved_release_and_creation_dates_are_not_training_or_template_cutoffs
7OHT	7OHT_23	AF-Q07915-F1	1d54d8fc6fd3850a44b980391ada8291d7463d18caf3143cb61d4a3be8997bc2	2021-11-03T00:00:00.000+00:00	2025-08-01T00:00:00Z	released_before_prediction_creation	only_experimental_starting_models_reported_not_independence_proof	unresolved_release_and_creation_dates_are_not_training_or_template_cutoffs
7OHT	7OHT_25	AF-Q08746-F1	4f84b0e10a5b3c764e93baed539d90856f0578cc8d539e760befd2779bbdbae3	2021-11-03T00:00:00.000+00:00	2025-08-01T00:00:00Z	released_before_prediction_creation	only_experimental_starting_models_reported_not_independence_proof	unresolved_release_and_creation_dates_are_not_training_or_template_cutoffs
7OHT	7OHT_27	AF-Q12522-F1	a9c859214bc288900788ea22094f6779f5e80a857b1a76ad3d655a47854cced8	2021-11-03T00:00:00.000+00:00	2025-08-01T00:00:00Z	released_before_prediction_creation	only_experimental_starting_models_reported_not_independence_proof	unresolved_release_and_creation_dates_are_not_training_or_template_cutoffs
7OHU	7OHU_17	AF-P33201-F1	1339886dfb0473fd4dc59344281a8288b3ac1979e074403818c8117482fe794b	2021-11-03T00:00:00.000+00:00	2025-08-01T00:00:00Z	released_before_prediction_creation	only_experimental_starting_models_reported_not_independence_proof	unresolved_release_and_creation_dates_are_not_training_or_template_cutoffs
7OHU	7OHU_19	AF-Q02892-F1	9b034068144dc1c8f367dcc1d0940877c694565a6c15b2ee590634a8d512edac	2021-11-03T00:00:00.000+00:00	2025-08-01T00:00:00Z	released_before_prediction_creation	only_experimental_starting_models_reported_not_independence_proof	unresolved_release_and_creation_dates_are_not_training_or_template_cutoffs
7OHU	7OHU_26	AF-Q07915-F1	1d54d8fc6fd3850a44b980391ada8291d7463d18caf3143cb61d4a3be8997bc2	2021-11-03T00:00:00.000+00:00	2025-08-01T00:00:00Z	released_before_prediction_creation	only_experimental_starting_models_reported_not_independence_proof	unresolved_release_and_creation_dates_are_not_training_or_template_cutoffs
7OHU	7OHU_27	AF-Q12522-F1	a9c859214bc288900788ea22094f6779f5e80a857b1a76ad3d655a47854cced8	2021-11-03T00:00:00.000+00:00	2025-08-01T00:00:00Z	released_before_prediction_creation	only_experimental_starting_models_reported_not_independence_proof	unresolved_release_and_creation_dates_are_not_training_or_template_cutoffs
7OHV	7OHV_12	AF-P36049-F1	69b75365f8a13f44361dc06155facde5c7b69920d4b15224becbad9da053cc21	2021-11-03T00:00:00.000+00:00	2025-08-01T00:00:00Z	released_before_prediction_creation	only_experimental_starting_models_reported_not_independence_proof	unresolved_release_and_creation_dates_are_not_training_or_template_cutoffs
7OHV	7OHV_24	AF-P33201-F1	1339886dfb0473fd4dc59344281a8288b3ac1979e074403818c8117482fe794b	2021-11-03T00:00:00.000+00:00	2025-08-01T00:00:00Z	released_before_prediction_creation	only_experimental_starting_models_reported_not_independence_proof	unresolved_release_and_creation_dates_are_not_training_or_template_cutoffs
7OHV	7OHV_29	AF-Q02892-F1	9b034068144dc1c8f367dcc1d0940877c694565a6c15b2ee590634a8d512edac	2021-11-03T00:00:00.000+00:00	2025-08-01T00:00:00Z	released_before_prediction_creation	only_experimental_starting_models_reported_not_independence_proof	unresolved_release_and_creation_dates_are_not_training_or_template_cutoffs
7OHV	7OHV_4	AF-Q08235-F1	9c6a83a9da179422c01547e108ce6567394cb22d09cd08dfff98fa7fd2cf807e	2021-11-03T00:00:00.000+00:00	2025-08-01T00:00:00Z	released_before_prediction_creation	only_experimental_starting_models_reported_not_independence_proof	unresolved_release_and_creation_dates_are_not_training_or_template_cutoffs
7OHV	7OHV_43	AF-Q07915-F1	1d54d8fc6fd3850a44b980391ada8291d7463d18caf3143cb61d4a3be8997bc2	2021-11-03T00:00:00.000+00:00	2025-08-01T00:00:00Z	released_before_prediction_creation	only_experimental_starting_models_reported_not_independence_proof	unresolved_release_and_creation_dates_are_not_training_or_template_cutoffs
7OHV	7OHV_46	AF-Q12522-F1	a9c859214bc288900788ea22094f6779f5e80a857b1a76ad3d655a47854cced8	2021-11-03T00:00:00.000+00:00	2025-08-01T00:00:00Z	released_before_prediction_creation	only_experimental_starting_models_reported_not_independence_proof	unresolved_release_and_creation_dates_are_not_training_or_template_cutoffs
7OHW	7OHW_15	AF-P36049-F1	69b75365f8a13f44361dc06155facde5c7b69920d4b15224becbad9da053cc21	2021-11-03T00:00:00.000+00:00	2025-08-01T00:00:00Z	released_before_prediction_creation	only_experimental_starting_models_reported_not_independence_proof	unresolved_release_and_creation_dates_are_not_training_or_template_cutoffs
7OHW	7OHW_25	AF-P33201-F1	1339886dfb0473fd4dc59344281a8288b3ac1979e074403818c8117482fe794b	2021-11-03T00:00:00.000+00:00	2025-08-01T00:00:00Z	released_before_prediction_creation	only_experimental_starting_models_reported_not_independence_proof	unresolved_release_and_creation_dates_are_not_training_or_template_cutoffs
7OHW	7OHW_27	AF-Q02892-F1	9b034068144dc1c8f367dcc1d0940877c694565a6c15b2ee590634a8d512edac	2021-11-03T00:00:00.000+00:00	2025-08-01T00:00:00Z	released_before_prediction_creation	only_experimental_starting_models_reported_not_independence_proof	unresolved_release_and_creation_dates_are_not_training_or_template_cutoffs
7OHW	7OHW_3	AF-P10962-F1	c23ebf76afa06aa1be095f20e72e07bc9da9e0a2d92d4a1370bc697d290b748b	2021-11-03T00:00:00.000+00:00	2025-08-01T00:00:00Z	released_before_prediction_creation	only_experimental_starting_models_reported_not_independence_proof	unresolved_release_and_creation_dates_are_not_training_or_template_cutoffs
7OHW	7OHW_40	AF-Q12522-F1	a9c859214bc288900788ea22094f6779f5e80a857b1a76ad3d655a47854cced8	2021-11-03T00:00:00.000+00:00	2025-08-01T00:00:00Z	released_before_prediction_creation	only_experimental_starting_models_reported_not_independence_proof	unresolved_release_and_creation_dates_are_not_training_or_template_cutoffs
7OHW	7OHW_7	AF-Q08235-F1	9c6a83a9da179422c01547e108ce6567394cb22d09cd08dfff98fa7fd2cf807e	2021-11-03T00:00:00.000+00:00	2025-08-01T00:00:00Z	released_before_prediction_creation	only_experimental_starting_models_reported_not_independence_proof	unresolved_release_and_creation_dates_are_not_training_or_template_cutoffs
7OHX	7OHX_22	AF-P33201-F1	1339886dfb0473fd4dc59344281a8288b3ac1979e074403818c8117482fe794b	2021-11-03T00:00:00.000+00:00	2025-08-01T00:00:00Z	released_before_prediction_creation	only_experimental_starting_models_reported_not_independence_proof	unresolved_release_and_creation_dates_are_not_training_or_template_cutoffs
7OHX	7OHX_24	AF-Q02892-F1	9b034068144dc1c8f367dcc1d0940877c694565a6c15b2ee590634a8d512edac	2021-11-03T00:00:00.000+00:00	2025-08-01T00:00:00Z	released_before_prediction_creation	only_experimental_starting_models_reported_not_independence_proof	unresolved_release_and_creation_dates_are_not_training_or_template_cutoffs
7OHX	7OHX_3	AF-P10962-F1	c23ebf76afa06aa1be095f20e72e07bc9da9e0a2d92d4a1370bc697d290b748b	2021-11-03T00:00:00.000+00:00	2025-08-01T00:00:00Z	released_before_prediction_creation	only_experimental_starting_models_reported_not_independence_proof	unresolved_release_and_creation_dates_are_not_training_or_template_cutoffs
7OHX	7OHX_34	AF-Q07915-F1	1d54d8fc6fd3850a44b980391ada8291d7463d18caf3143cb61d4a3be8997bc2	2021-11-03T00:00:00.000+00:00	2025-08-01T00:00:00Z	released_before_prediction_creation	only_experimental_starting_models_reported_not_independence_proof	unresolved_release_and_creation_dates_are_not_training_or_template_cutoffs
7OHX	7OHX_37	AF-Q12522-F1	a9c859214bc288900788ea22094f6779f5e80a857b1a76ad3d655a47854cced8	2021-11-03T00:00:00.000+00:00	2025-08-01T00:00:00Z	released_before_prediction_creation	only_experimental_starting_models_reported_not_independence_proof	unresolved_release_and_creation_dates_are_not_training_or_template_cutoffs
7OHY	7OHY_17	AF-P33201-F1	1339886dfb0473fd4dc59344281a8288b3ac1979e074403818c8117482fe794b	2021-11-03T00:00:00.000+00:00	2025-08-01T00:00:00Z	released_before_prediction_creation	only_experimental_starting_models_reported_not_independence_proof	unresolved_release_and_creation_dates_are_not_training_or_template_cutoffs
7OHY	7OHY_19	AF-Q02892-F1	9b034068144dc1c8f367dcc1d0940877c694565a6c15b2ee590634a8d512edac	2021-11-03T00:00:00.000+00:00	2025-08-01T00:00:00Z	released_before_prediction_creation	only_experimental_starting_models_reported_not_independence_proof	unresolved_release_and_creation_dates_are_not_training_or_template_cutoffs
7OHY	7OHY_25	AF-Q07915-F1	1d54d8fc6fd3850a44b980391ada8291d7463d18caf3143cb61d4a3be8997bc2	2021-11-03T00:00:00.000+00:00	2025-08-01T00:00:00Z	released_before_prediction_creation	only_experimental_starting_models_reported_not_independence_proof	unresolved_release_and_creation_dates_are_not_training_or_template_cutoffs
7OHY	7OHY_26	AF-Q12522-F1	a9c859214bc288900788ea22094f6779f5e80a857b1a76ad3d655a47854cced8	2021-11-03T00:00:00.000+00:00	2025-08-01T00:00:00Z	released_before_prediction_creation	only_experimental_starting_models_reported_not_independence_proof	unresolved_release_and_creation_dates_are_not_training_or_template_cutoffs
7OQB	7OQB_5	AF-P19736-F1	8ffdab9ad3bb166a8856b225168506babb0f843c04a03ac7585f9214c3993f79	2021-08-11T00:00:00.000+00:00	2025-08-01T00:00:00Z	released_before_prediction_creation	starting_model_annotation_missing	unresolved_release_and_creation_dates_are_not_training_or_template_cutoffs
7OQB	7OQB_7	AF-Q02554-F1	2ea25057732aa1f9986fae8911bbe8b83192454d0e37e6ef698ab312e4d4a6e2	2021-08-11T00:00:00.000+00:00	2025-08-01T00:00:00Z	released_before_prediction_creation	starting_model_annotation_missing	unresolved_release_and_creation_dates_are_not_training_or_template_cutoffs
7OQB	7OQB_8	AF-Q04693-F1	1dc42923dbe67f5546e169f9ae859e3ae36837b2a80a83e3d20d416e2b26955d	2021-08-11T00:00:00.000+00:00	2025-08-01T00:00:00Z	released_before_prediction_creation	starting_model_annotation_missing	unresolved_release_and_creation_dates_are_not_training_or_template_cutoffs
7OQE	7OQE_23	AF-P19736-F1	8ffdab9ad3bb166a8856b225168506babb0f843c04a03ac7585f9214c3993f79	2021-08-11T00:00:00.000+00:00	2025-08-01T00:00:00Z	released_before_prediction_creation	starting_model_annotation_missing	unresolved_release_and_creation_dates_are_not_training_or_template_cutoffs
7OQE	7OQE_25	AF-Q02554-F1	2ea25057732aa1f9986fae8911bbe8b83192454d0e37e6ef698ab312e4d4a6e2	2021-08-11T00:00:00.000+00:00	2025-08-01T00:00:00Z	released_before_prediction_creation	starting_model_annotation_missing	unresolved_release_and_creation_dates_are_not_training_or_template_cutoffs
7OQE	7OQE_26	AF-Q04693-F1	1dc42923dbe67f5546e169f9ae859e3ae36837b2a80a83e3d20d416e2b26955d	2021-08-11T00:00:00.000+00:00	2025-08-01T00:00:00Z	released_before_prediction_creation	starting_model_annotation_missing	unresolved_release_and_creation_dates_are_not_training_or_template_cutoffs
7P30	7P30_3	AF-P30665-F1	0b38fefaef2eca7f23bb979bc9da1dec4e9a6ffe79ea3e53edd734b02e70527b	2022-02-02T00:00:00.000+00:00	2025-08-01T00:00:00Z	released_before_prediction_creation	only_experimental_starting_models_reported_not_independence_proof	unresolved_release_and_creation_dates_are_not_training_or_template_cutoffs
7P30	7P30_5	AF-P53091-F1	03b7797a0460645fc3278608ce831cc02c9437647883cfcf335a74b1b3aeb9c3	2022-02-02T00:00:00.000+00:00	2025-08-01T00:00:00Z	released_before_prediction_creation	only_experimental_starting_models_reported_not_independence_proof	unresolved_release_and_creation_dates_are_not_training_or_template_cutoffs
7P30	7P30_6	AF-P38132-F1	dbff9e0a6531af71d18bb3f0b0febfb568f2e863b6861e6daa67f914c7942edf	2022-02-02T00:00:00.000+00:00	2025-08-01T00:00:00Z	released_before_prediction_creation	only_experimental_starting_models_reported_not_independence_proof	unresolved_release_and_creation_dates_are_not_training_or_template_cutoffs
7P5Z	7P5Z_3	AF-P30665-F1	0b38fefaef2eca7f23bb979bc9da1dec4e9a6ffe79ea3e53edd734b02e70527b	2022-02-02T00:00:00.000+00:00	2025-08-01T00:00:00Z	released_before_prediction_creation	only_experimental_starting_models_reported_not_independence_proof	unresolved_release_and_creation_dates_are_not_training_or_template_cutoffs
7P5Z	7P5Z_5	AF-P53091-F1	03b7797a0460645fc3278608ce831cc02c9437647883cfcf335a74b1b3aeb9c3	2022-02-02T00:00:00.000+00:00	2025-08-01T00:00:00Z	released_before_prediction_creation	only_experimental_starting_models_reported_not_independence_proof	unresolved_release_and_creation_dates_are_not_training_or_template_cutoffs
7P5Z	7P5Z_6	AF-P38132-F1	dbff9e0a6531af71d18bb3f0b0febfb568f2e863b6861e6daa67f914c7942edf	2022-02-02T00:00:00.000+00:00	2025-08-01T00:00:00Z	released_before_prediction_creation	only_experimental_starting_models_reported_not_independence_proof	unresolved_release_and_creation_dates_are_not_training_or_template_cutoffs
7PMK	7PMK_10	AF-Q03406-F1	5cae9a720dba99e7f3e4f1de8b6a63064ee6691f0e076cf8012a08762d7a3c52	2021-11-10T00:00:00.000+00:00	2025-08-01T00:00:00Z	released_before_prediction_creation	starting_model_annotation_missing	unresolved_release_and_creation_dates_are_not_training_or_template_cutoffs
7PMK	7PMK_3	AF-P30665-F1	0b38fefaef2eca7f23bb979bc9da1dec4e9a6ffe79ea3e53edd734b02e70527b	2021-11-10T00:00:00.000+00:00	2025-08-01T00:00:00Z	released_before_prediction_creation	starting_model_annotation_missing	unresolved_release_and_creation_dates_are_not_training_or_template_cutoffs
7PMK	7PMK_5	AF-P53091-F1	03b7797a0460645fc3278608ce831cc02c9437647883cfcf335a74b1b3aeb9c3	2021-11-10T00:00:00.000+00:00	2025-08-01T00:00:00Z	released_before_prediction_creation	starting_model_annotation_missing	unresolved_release_and_creation_dates_are_not_training_or_template_cutoffs
7PMK	7PMK_6	AF-P38132-F1	dbff9e0a6531af71d18bb3f0b0febfb568f2e863b6861e6daa67f914c7942edf	2021-11-10T00:00:00.000+00:00	2025-08-01T00:00:00Z	released_before_prediction_creation	starting_model_annotation_missing	unresolved_release_and_creation_dates_are_not_training_or_template_cutoffs
7PMK	7PMK_8	AF-P40359-F1	9fb69cb67e3079fd58481686b3e32f9badf14994da061a3c837e6c9b88b2ab82	2021-11-10T00:00:00.000+00:00	2025-08-01T00:00:00Z	released_before_prediction_creation	starting_model_annotation_missing	unresolved_release_and_creation_dates_are_not_training_or_template_cutoffs
7PMN	7PMN_10	AF-Q03406-F1	5cae9a720dba99e7f3e4f1de8b6a63064ee6691f0e076cf8012a08762d7a3c52	2021-11-10T00:00:00.000+00:00	2025-08-01T00:00:00Z	released_before_prediction_creation	starting_model_annotation_missing	unresolved_release_and_creation_dates_are_not_training_or_template_cutoffs
7PMN	7PMN_3	AF-P30665-F1	0b38fefaef2eca7f23bb979bc9da1dec4e9a6ffe79ea3e53edd734b02e70527b	2021-11-10T00:00:00.000+00:00	2025-08-01T00:00:00Z	released_before_prediction_creation	starting_model_annotation_missing	unresolved_release_and_creation_dates_are_not_training_or_template_cutoffs
7PMN	7PMN_5	AF-P53091-F1	03b7797a0460645fc3278608ce831cc02c9437647883cfcf335a74b1b3aeb9c3	2021-11-10T00:00:00.000+00:00	2025-08-01T00:00:00Z	released_before_prediction_creation	starting_model_annotation_missing	unresolved_release_and_creation_dates_are_not_training_or_template_cutoffs
7PMN	7PMN_6	AF-P38132-F1	dbff9e0a6531af71d18bb3f0b0febfb568f2e863b6861e6daa67f914c7942edf	2021-11-10T00:00:00.000+00:00	2025-08-01T00:00:00Z	released_before_prediction_creation	starting_model_annotation_missing	unresolved_release_and_creation_dates_are_not_training_or_template_cutoffs
7PMN	7PMN_8	AF-P40359-F1	9fb69cb67e3079fd58481686b3e32f9badf14994da061a3c837e6c9b88b2ab82	2021-11-10T00:00:00.000+00:00	2025-08-01T00:00:00Z	released_before_prediction_creation	starting_model_annotation_missing	unresolved_release_and_creation_dates_are_not_training_or_template_cutoffs
7PT6	7PT6_4	AF-P30665-F1	0b38fefaef2eca7f23bb979bc9da1dec4e9a6ffe79ea3e53edd734b02e70527b	2022-06-08T00:00:00.000+00:00	2025-08-01T00:00:00Z	released_before_prediction_creation	starting_model_annotation_missing	unresolved_release_and_creation_dates_are_not_training_or_template_cutoffs
7PT6	7PT6_6	AF-P53091-F1	03b7797a0460645fc3278608ce831cc02c9437647883cfcf335a74b1b3aeb9c3	2022-06-08T00:00:00.000+00:00	2025-08-01T00:00:00Z	released_before_prediction_creation	starting_model_annotation_missing	unresolved_release_and_creation_dates_are_not_training_or_template_cutoffs
7PT6	7PT6_7	AF-P38132-F1	dbff9e0a6531af71d18bb3f0b0febfb568f2e863b6861e6daa67f914c7942edf	2022-06-08T00:00:00.000+00:00	2025-08-01T00:00:00Z	released_before_prediction_creation	starting_model_annotation_missing	unresolved_release_and_creation_dates_are_not_training_or_template_cutoffs
7PT7	7PT7_4	AF-P30665-F1	0b38fefaef2eca7f23bb979bc9da1dec4e9a6ffe79ea3e53edd734b02e70527b	2022-06-08T00:00:00.000+00:00	2025-08-01T00:00:00Z	released_before_prediction_creation	starting_model_annotation_missing	unresolved_release_and_creation_dates_are_not_training_or_template_cutoffs
7PT7	7PT7_6	AF-P53091-F1	03b7797a0460645fc3278608ce831cc02c9437647883cfcf335a74b1b3aeb9c3	2022-06-08T00:00:00.000+00:00	2025-08-01T00:00:00Z	released_before_prediction_creation	starting_model_annotation_missing	unresolved_release_and_creation_dates_are_not_training_or_template_cutoffs
7PT7	7PT7_7	AF-P38132-F1	dbff9e0a6531af71d18bb3f0b0febfb568f2e863b6861e6daa67f914c7942edf	2022-06-08T00:00:00.000+00:00	2025-08-01T00:00:00Z	released_before_prediction_creation	starting_model_annotation_missing	unresolved_release_and_creation_dates_are_not_training_or_template_cutoffs
7Q5B	7Q5B_8	AF-P29056-F1	bf05158060be9cb3c113f731b4fb731d0cd45873415da4d31b30f3e292b21589	2022-01-26T00:00:00.000+00:00	2025-08-01T00:00:00Z	released_before_prediction_creation	starting_model_annotation_missing	unresolved_release_and_creation_dates_are_not_training_or_template_cutoffs
7QHS	7QHS_3	AF-P30665-F1	0b38fefaef2eca7f23bb979bc9da1dec4e9a6ffe79ea3e53edd734b02e70527b	2022-06-15T00:00:00.000+00:00	2025-08-01T00:00:00Z	released_before_prediction_creation	only_experimental_starting_models_reported_not_independence_proof	unresolved_release_and_creation_dates_are_not_training_or_template_cutoffs
7QHS	7QHS_4	AF-P53091-F1	03b7797a0460645fc3278608ce831cc02c9437647883cfcf335a74b1b3aeb9c3	2022-06-15T00:00:00.000+00:00	2025-08-01T00:00:00Z	released_before_prediction_creation	only_experimental_starting_models_reported_not_independence_proof	unresolved_release_and_creation_dates_are_not_training_or_template_cutoffs
7QHS	7QHS_5	AF-P38132-F1	dbff9e0a6531af71d18bb3f0b0febfb568f2e863b6861e6daa67f914c7942edf	2022-06-15T00:00:00.000+00:00	2025-08-01T00:00:00Z	released_before_prediction_creation	only_experimental_starting_models_reported_not_independence_proof	unresolved_release_and_creation_dates_are_not_training_or_template_cutoffs
7QHS	7QHS_9	AF-Q03406-F1	5cae9a720dba99e7f3e4f1de8b6a63064ee6691f0e076cf8012a08762d7a3c52	2022-06-15T00:00:00.000+00:00	2025-08-01T00:00:00Z	released_before_prediction_creation	only_experimental_starting_models_reported_not_independence_proof	unresolved_release_and_creation_dates_are_not_training_or_template_cutoffs
7QO3	7QO3_20	AF-P38764-F1	8bf7784ea7d1c049bdb205d07f75d93f35ee4acec9266bab391a7d2fd35e30ca	2022-04-13T00:00:00.000+00:00	2025-08-01T00:00:00Z	released_before_prediction_creation	starting_model_annotation_missing	unresolved_release_and_creation_dates_are_not_training_or_template_cutoffs
7QO3	7QO3_21	AF-P32565-F1	fe2ef41c38ef7266951644e6481f0310899fda58b257a0a6b0c7c8e3c3cabea4	2022-04-13T00:00:00.000+00:00	2025-08-01T00:00:00Z	released_before_prediction_creation	starting_model_annotation_missing	unresolved_release_and_creation_dates_are_not_training_or_template_cutoffs
7QO3	7QO3_22	AF-P40016-F1	4a79a9ca6b6fcb3175539bdae202a7cc5e2df058476852f87bf482b5d1127fd2	2022-04-13T00:00:00.000+00:00	2025-08-01T00:00:00Z	released_before_prediction_creation	starting_model_annotation_missing	unresolved_release_and_creation_dates_are_not_training_or_template_cutoffs
7QO3	7QO3_23	AF-Q12250-F1	f9d25f45a2a3eee589a6c556661ee99fe05c787d87bf2ba89aea44dae9063aac	2022-04-13T00:00:00.000+00:00	2025-08-01T00:00:00Z	released_before_prediction_creation	starting_model_annotation_missing	unresolved_release_and_creation_dates_are_not_training_or_template_cutoffs
7QO3	7QO3_25	AF-Q06103-F1	668cafe2b2304fbacb9ab68ea3c37c7805a16334996147ff72c4ca5be69b64eb	2022-04-13T00:00:00.000+00:00	2025-08-01T00:00:00Z	released_before_prediction_creation	starting_model_annotation_missing	unresolved_release_and_creation_dates_are_not_training_or_template_cutoffs
7QO3	7QO3_7	AF-P21242-F1	8283ba552d1a3cf6c49a4d151043a7ef16df99a3d9c30a2b73e7692d36d2c844	2022-04-13T00:00:00.000+00:00	2025-08-01T00:00:00Z	released_before_prediction_creation	starting_model_annotation_missing	unresolved_release_and_creation_dates_are_not_training_or_template_cutoffs
7QO4	7QO4_1	AF-P38764-F1	8bf7784ea7d1c049bdb205d07f75d93f35ee4acec9266bab391a7d2fd35e30ca	2022-06-01T00:00:00.000+00:00	2025-08-01T00:00:00Z	released_before_prediction_creation	starting_model_annotation_missing	unresolved_release_and_creation_dates_are_not_training_or_template_cutoffs
7QO4	7QO4_8	AF-P43593-F1	7a62d9f4588a540c2ee4fce89a48807730170c6d41ccf518d5920959a781660b	2022-06-01T00:00:00.000+00:00	2025-08-01T00:00:00Z	released_before_prediction_creation	starting_model_annotation_missing	unresolved_release_and_creation_dates_are_not_training_or_template_cutoffs
7QO5	7QO5_20	AF-P38764-F1	8bf7784ea7d1c049bdb205d07f75d93f35ee4acec9266bab391a7d2fd35e30ca	2022-03-16T00:00:00.000+00:00	2025-08-01T00:00:00Z	released_before_prediction_creation	starting_model_annotation_missing	unresolved_release_and_creation_dates_are_not_training_or_template_cutoffs
7QO5	7QO5_21	AF-P32565-F1	fe2ef41c38ef7266951644e6481f0310899fda58b257a0a6b0c7c8e3c3cabea4	2022-03-16T00:00:00.000+00:00	2025-08-01T00:00:00Z	released_before_prediction_creation	starting_model_annotation_missing	unresolved_release_and_creation_dates_are_not_training_or_template_cutoffs
7QO5	7QO5_22	AF-P40016-F1	4a79a9ca6b6fcb3175539bdae202a7cc5e2df058476852f87bf482b5d1127fd2	2022-03-16T00:00:00.000+00:00	2025-08-01T00:00:00Z	released_before_prediction_creation	starting_model_annotation_missing	unresolved_release_and_creation_dates_are_not_training_or_template_cutoffs
7QO5	7QO5_23	AF-Q12250-F1	f9d25f45a2a3eee589a6c556661ee99fe05c787d87bf2ba89aea44dae9063aac	2022-03-16T00:00:00.000+00:00	2025-08-01T00:00:00Z	released_before_prediction_creation	starting_model_annotation_missing	unresolved_release_and_creation_dates_are_not_training_or_template_cutoffs
7QO5	7QO5_25	AF-Q06103-F1	668cafe2b2304fbacb9ab68ea3c37c7805a16334996147ff72c4ca5be69b64eb	2022-03-16T00:00:00.000+00:00	2025-08-01T00:00:00Z	released_before_prediction_creation	starting_model_annotation_missing	unresolved_release_and_creation_dates_are_not_training_or_template_cutoffs
7QO5	7QO5_34	AF-P43593-F1	7a62d9f4588a540c2ee4fce89a48807730170c6d41ccf518d5920959a781660b	2022-03-16T00:00:00.000+00:00	2025-08-01T00:00:00Z	released_before_prediction_creation	starting_model_annotation_missing	unresolved_release_and_creation_dates_are_not_training_or_template_cutoffs
7QO5	7QO5_7	AF-P21242-F1	8283ba552d1a3cf6c49a4d151043a7ef16df99a3d9c30a2b73e7692d36d2c844	2022-03-16T00:00:00.000+00:00	2025-08-01T00:00:00Z	released_before_prediction_creation	starting_model_annotation_missing	unresolved_release_and_creation_dates_are_not_training_or_template_cutoffs
7QO6	7QO6_20	AF-P38764-F1	8bf7784ea7d1c049bdb205d07f75d93f35ee4acec9266bab391a7d2fd35e30ca	2022-03-16T00:00:00.000+00:00	2025-08-01T00:00:00Z	released_before_prediction_creation	starting_model_annotation_missing	unresolved_release_and_creation_dates_are_not_training_or_template_cutoffs
7QO6	7QO6_21	AF-P32565-F1	fe2ef41c38ef7266951644e6481f0310899fda58b257a0a6b0c7c8e3c3cabea4	2022-03-16T00:00:00.000+00:00	2025-08-01T00:00:00Z	released_before_prediction_creation	starting_model_annotation_missing	unresolved_release_and_creation_dates_are_not_training_or_template_cutoffs
7R6K	7R6K_11	AF-Q08962-F1	cd4149ad98b80658ca48d1b1c160820504480c2e79c00295f239251b3c5dee20	2022-11-09T00:00:00.000+00:00	2025-08-01T00:00:00Z	released_before_prediction_creation	only_experimental_starting_models_reported_not_independence_proof	unresolved_release_and_creation_dates_are_not_training_or_template_cutoffs
7R6K	7R6K_4	AF-Q08235-F1	9c6a83a9da179422c01547e108ce6567394cb22d09cd08dfff98fa7fd2cf807e	2022-11-09T00:00:00.000+00:00	2025-08-01T00:00:00Z	released_before_prediction_creation	only_experimental_starting_models_reported_not_independence_proof	unresolved_release_and_creation_dates_are_not_training_or_template_cutoffs
7R6K	7R6K_7	AF-P36049-F1	69b75365f8a13f44361dc06155facde5c7b69920d4b15224becbad9da053cc21	2022-11-09T00:00:00.000+00:00	2025-08-01T00:00:00Z	released_before_prediction_creation	only_experimental_starting_models_reported_not_independence_proof	unresolved_release_and_creation_dates_are_not_training_or_template_cutoffs
7R72	7R72_12	AF-Q02892-F1	9b034068144dc1c8f367dcc1d0940877c694565a6c15b2ee590634a8d512edac	2022-11-09T00:00:00.000+00:00	2025-08-01T00:00:00Z	released_before_prediction_creation	starting_model_annotation_missing	unresolved_release_and_creation_dates_are_not_training_or_template_cutoffs
7R72	7R72_22	AF-Q07915-F1	1d54d8fc6fd3850a44b980391ada8291d7463d18caf3143cb61d4a3be8997bc2	2022-11-09T00:00:00.000+00:00	2025-08-01T00:00:00Z	released_before_prediction_creation	starting_model_annotation_missing	unresolved_release_and_creation_dates_are_not_training_or_template_cutoffs
7R7A	7R7A_10	AF-P36049-F1	69b75365f8a13f44361dc06155facde5c7b69920d4b15224becbad9da053cc21	2022-11-09T00:00:00.000+00:00	2025-08-01T00:00:00Z	released_before_prediction_creation	starting_model_annotation_missing	unresolved_release_and_creation_dates_are_not_training_or_template_cutoffs
7R7A	7R7A_19	AF-P33201-F1	1339886dfb0473fd4dc59344281a8288b3ac1979e074403818c8117482fe794b	2022-11-09T00:00:00.000+00:00	2025-08-01T00:00:00Z	released_before_prediction_creation	starting_model_annotation_missing	unresolved_release_and_creation_dates_are_not_training_or_template_cutoffs
7R7A	7R7A_22	AF-Q02892-F1	9b034068144dc1c8f367dcc1d0940877c694565a6c15b2ee590634a8d512edac	2022-11-09T00:00:00.000+00:00	2025-08-01T00:00:00Z	released_before_prediction_creation	starting_model_annotation_missing	unresolved_release_and_creation_dates_are_not_training_or_template_cutoffs
7R7A	7R7A_29	AF-Q08962-F1	cd4149ad98b80658ca48d1b1c160820504480c2e79c00295f239251b3c5dee20	2022-11-09T00:00:00.000+00:00	2025-08-01T00:00:00Z	released_before_prediction_creation	starting_model_annotation_missing	unresolved_release_and_creation_dates_are_not_training_or_template_cutoffs
7R7A	7R7A_34	AF-Q07915-F1	1d54d8fc6fd3850a44b980391ada8291d7463d18caf3143cb61d4a3be8997bc2	2022-11-09T00:00:00.000+00:00	2025-08-01T00:00:00Z	released_before_prediction_creation	starting_model_annotation_missing	unresolved_release_and_creation_dates_are_not_training_or_template_cutoffs
7R7A	7R7A_36	AF-Q12522-F1	a9c859214bc288900788ea22094f6779f5e80a857b1a76ad3d655a47854cced8	2022-11-09T00:00:00.000+00:00	2025-08-01T00:00:00Z	released_before_prediction_creation	starting_model_annotation_missing	unresolved_release_and_creation_dates_are_not_training_or_template_cutoffs
7R7A	7R7A_4	AF-Q08235-F1	9c6a83a9da179422c01547e108ce6567394cb22d09cd08dfff98fa7fd2cf807e	2022-11-09T00:00:00.000+00:00	2025-08-01T00:00:00Z	released_before_prediction_creation	starting_model_annotation_missing	unresolved_release_and_creation_dates_are_not_training_or_template_cutoffs
7R7C	7R7C_2	AF-Q08962-F1	cd4149ad98b80658ca48d1b1c160820504480c2e79c00295f239251b3c5dee20	2022-11-09T00:00:00.000+00:00	2025-08-01T00:00:00Z	released_before_prediction_creation	starting_model_annotation_missing	unresolved_release_and_creation_dates_are_not_training_or_template_cutoffs
7R7C	7R7C_8	AF-Q08235-F1	9c6a83a9da179422c01547e108ce6567394cb22d09cd08dfff98fa7fd2cf807e	2022-11-09T00:00:00.000+00:00	2025-08-01T00:00:00Z	released_before_prediction_creation	starting_model_annotation_missing	unresolved_release_and_creation_dates_are_not_training_or_template_cutoffs
7RIM	7RIM_12	AF-P38902-F1	e5ca72de84371c102b60be5d242b8952d384447efd42abc54d2fc7b284a64b0b	2022-01-12T00:00:00.000+00:00	2025-08-01T00:00:00Z	released_before_prediction_creation	only_experimental_starting_models_reported_not_independence_proof	unresolved_release_and_creation_dates_are_not_training_or_template_cutoffs
7RIM	7RIM_8	AF-P20435-F1	b35ac6750b96213d2e2f4608750f185b2daf71c690e6c7ef0382f39de2ec7d1c	2022-01-12T00:00:00.000+00:00	2025-08-01T00:00:00Z	released_before_prediction_creation	only_experimental_starting_models_reported_not_independence_proof	unresolved_release_and_creation_dates_are_not_training_or_template_cutoffs
7RIM	7RIM_9	AF-P20436-F1	ce7cd70250d0b569e39e2cf28c28578cac6ef076795fe9e170de624038c4019d	2022-01-12T00:00:00.000+00:00	2025-08-01T00:00:00Z	released_before_prediction_creation	only_experimental_starting_models_reported_not_independence_proof	unresolved_release_and_creation_dates_are_not_training_or_template_cutoffs
7RIP	7RIP_12	AF-P38902-F1	e5ca72de84371c102b60be5d242b8952d384447efd42abc54d2fc7b284a64b0b	2022-01-12T00:00:00.000+00:00	2025-08-01T00:00:00Z	released_before_prediction_creation	only_experimental_starting_models_reported_not_independence_proof	unresolved_release_and_creation_dates_are_not_training_or_template_cutoffs
7RIP	7RIP_8	AF-P20435-F1	b35ac6750b96213d2e2f4608750f185b2daf71c690e6c7ef0382f39de2ec7d1c	2022-01-12T00:00:00.000+00:00	2025-08-01T00:00:00Z	released_before_prediction_creation	only_experimental_starting_models_reported_not_independence_proof	unresolved_release_and_creation_dates_are_not_training_or_template_cutoffs
7RIP	7RIP_9	AF-P20436-F1	ce7cd70250d0b569e39e2cf28c28578cac6ef076795fe9e170de624038c4019d	2022-01-12T00:00:00.000+00:00	2025-08-01T00:00:00Z	released_before_prediction_creation	only_experimental_starting_models_reported_not_independence_proof	unresolved_release_and_creation_dates_are_not_training_or_template_cutoffs
7RIQ	7RIQ_11	AF-P38902-F1	e5ca72de84371c102b60be5d242b8952d384447efd42abc54d2fc7b284a64b0b	2022-01-12T00:00:00.000+00:00	2025-08-01T00:00:00Z	released_before_prediction_creation	only_experimental_starting_models_reported_not_independence_proof	unresolved_release_and_creation_dates_are_not_training_or_template_cutoffs
7RIQ	7RIQ_7	AF-P20435-F1	b35ac6750b96213d2e2f4608750f185b2daf71c690e6c7ef0382f39de2ec7d1c	2022-01-12T00:00:00.000+00:00	2025-08-01T00:00:00Z	released_before_prediction_creation	only_experimental_starting_models_reported_not_independence_proof	unresolved_release_and_creation_dates_are_not_training_or_template_cutoffs
7RIQ	7RIQ_8	AF-P20436-F1	ce7cd70250d0b569e39e2cf28c28578cac6ef076795fe9e170de624038c4019d	2022-01-12T00:00:00.000+00:00	2025-08-01T00:00:00Z	released_before_prediction_creation	only_experimental_starting_models_reported_not_independence_proof	unresolved_release_and_creation_dates_are_not_training_or_template_cutoffs
7RIW	7RIW_11	AF-P38902-F1	e5ca72de84371c102b60be5d242b8952d384447efd42abc54d2fc7b284a64b0b	2022-01-12T00:00:00.000+00:00	2025-08-01T00:00:00Z	released_before_prediction_creation	only_experimental_starting_models_reported_not_independence_proof	unresolved_release_and_creation_dates_are_not_training_or_template_cutoffs
7RIW	7RIW_7	AF-P20435-F1	b35ac6750b96213d2e2f4608750f185b2daf71c690e6c7ef0382f39de2ec7d1c	2022-01-12T00:00:00.000+00:00	2025-08-01T00:00:00Z	released_before_prediction_creation	only_experimental_starting_models_reported_not_independence_proof	unresolved_release_and_creation_dates_are_not_training_or_template_cutoffs
7RIW	7RIW_8	AF-P20436-F1	ce7cd70250d0b569e39e2cf28c28578cac6ef076795fe9e170de624038c4019d	2022-01-12T00:00:00.000+00:00	2025-08-01T00:00:00Z	released_before_prediction_creation	only_experimental_starting_models_reported_not_independence_proof	unresolved_release_and_creation_dates_are_not_training_or_template_cutoffs
7RIX	7RIX_12	AF-P38902-F1	e5ca72de84371c102b60be5d242b8952d384447efd42abc54d2fc7b284a64b0b	2022-01-12T00:00:00.000+00:00	2025-08-01T00:00:00Z	released_before_prediction_creation	only_experimental_starting_models_reported_not_independence_proof	unresolved_release_and_creation_dates_are_not_training_or_template_cutoffs
7RIX	7RIX_8	AF-P20435-F1	b35ac6750b96213d2e2f4608750f185b2daf71c690e6c7ef0382f39de2ec7d1c	2022-01-12T00:00:00.000+00:00	2025-08-01T00:00:00Z	released_before_prediction_creation	only_experimental_starting_models_reported_not_independence_proof	unresolved_release_and_creation_dates_are_not_training_or_template_cutoffs
7RIX	7RIX_9	AF-P20436-F1	ce7cd70250d0b569e39e2cf28c28578cac6ef076795fe9e170de624038c4019d	2022-01-12T00:00:00.000+00:00	2025-08-01T00:00:00Z	released_before_prediction_creation	only_experimental_starting_models_reported_not_independence_proof	unresolved_release_and_creation_dates_are_not_training_or_template_cutoffs
7RIY	7RIY_12	AF-P38902-F1	e5ca72de84371c102b60be5d242b8952d384447efd42abc54d2fc7b284a64b0b	2022-01-12T00:00:00.000+00:00	2025-08-01T00:00:00Z	released_before_prediction_creation	only_experimental_starting_models_reported_not_independence_proof	unresolved_release_and_creation_dates_are_not_training_or_template_cutoffs
7RIY	7RIY_8	AF-P20435-F1	b35ac6750b96213d2e2f4608750f185b2daf71c690e6c7ef0382f39de2ec7d1c	2022-01-12T00:00:00.000+00:00	2025-08-01T00:00:00Z	released_before_prediction_creation	only_experimental_starting_models_reported_not_independence_proof	unresolved_release_and_creation_dates_are_not_training_or_template_cutoffs
7RIY	7RIY_9	AF-P20436-F1	ce7cd70250d0b569e39e2cf28c28578cac6ef076795fe9e170de624038c4019d	2022-01-12T00:00:00.000+00:00	2025-08-01T00:00:00Z	released_before_prediction_creation	only_experimental_starting_models_reported_not_independence_proof	unresolved_release_and_creation_dates_are_not_training_or_template_cutoffs
7SGZ	7SGZ_5	AF-P38251-F1	85fc271b1d6b5812d61cfbb942b4fdd1dd7974c91c1550dcda620f88377454a0	2022-03-23T00:00:00.000+00:00	2025-08-01T00:00:00Z	released_before_prediction_creation	starting_model_annotation_missing	unresolved_release_and_creation_dates_are_not_training_or_template_cutoffs
7SH2	7SH2_5	AF-P38251-F1	85fc271b1d6b5812d61cfbb942b4fdd1dd7974c91c1550dcda620f88377454a0	2022-03-23T00:00:00.000+00:00	2025-08-01T00:00:00Z	released_before_prediction_creation	starting_model_annotation_missing	unresolved_release_and_creation_dates_are_not_training_or_template_cutoffs
7ST9	7ST9_5	AF-P38251-F1	85fc271b1d6b5812d61cfbb942b4fdd1dd7974c91c1550dcda620f88377454a0	2022-03-23T00:00:00.000+00:00	2025-08-01T00:00:00Z	released_before_prediction_creation	only_experimental_starting_models_reported_not_independence_proof	unresolved_release_and_creation_dates_are_not_training_or_template_cutoffs
7STB	7STB_5	AF-P38251-F1	85fc271b1d6b5812d61cfbb942b4fdd1dd7974c91c1550dcda620f88377454a0	2022-03-23T00:00:00.000+00:00	2025-08-01T00:00:00Z	released_before_prediction_creation	only_experimental_starting_models_reported_not_independence_proof	unresolved_release_and_creation_dates_are_not_training_or_template_cutoffs
7STE	7STE_4	AF-P38251-F1	85fc271b1d6b5812d61cfbb942b4fdd1dd7974c91c1550dcda620f88377454a0	2022-04-06T00:00:00.000+00:00	2025-08-01T00:00:00Z	released_before_prediction_creation	only_experimental_starting_models_reported_not_independence_proof	unresolved_release_and_creation_dates_are_not_training_or_template_cutoffs
7SUK	7SUK_18	AF-Q04305-F1	c4214baeff24b16caa93f67de339df82dfa7e06f3ef726aae3a8eba8ef80e8c0	2022-07-06T00:00:00.000+00:00	2025-08-01T00:00:00Z	released_before_prediction_creation	starting_model_annotation_missing	unresolved_release_and_creation_dates_are_not_training_or_template_cutoffs
7SUK	7SUK_26	AF-P40362-F1	6c6238ce3df8a0730a750c002381624b18a9118d769139354008a70ca5ac7ee5	2022-07-06T00:00:00.000+00:00	2025-08-01T00:00:00Z	released_before_prediction_creation	starting_model_annotation_missing	unresolved_release_and_creation_dates_are_not_training_or_template_cutoffs
7TEJ	7TEJ_8	AF-P21242-F1	8283ba552d1a3cf6c49a4d151043a7ef16df99a3d9c30a2b73e7692d36d2c844	2022-08-10T00:00:00.000+00:00	2025-08-01T00:00:00Z	released_before_prediction_creation	starting_model_annotation_missing	unresolved_release_and_creation_dates_are_not_training_or_template_cutoffs
7TEO	7TEO_8	AF-P21242-F1	8283ba552d1a3cf6c49a4d151043a7ef16df99a3d9c30a2b73e7692d36d2c844	2022-08-10T00:00:00.000+00:00	2025-08-01T00:00:00Z	released_before_prediction_creation	starting_model_annotation_missing	unresolved_release_and_creation_dates_are_not_training_or_template_cutoffs
7TFH	7TFH_5	AF-P38251-F1	85fc271b1d6b5812d61cfbb942b4fdd1dd7974c91c1550dcda620f88377454a0	2022-11-16T00:00:00.000+00:00	2025-08-01T00:00:00Z	released_before_prediction_creation	starting_model_annotation_missing	unresolved_release_and_creation_dates_are_not_training_or_template_cutoffs
7TFI	7TFI_5	AF-P38251-F1	85fc271b1d6b5812d61cfbb942b4fdd1dd7974c91c1550dcda620f88377454a0	2022-11-16T00:00:00.000+00:00	2025-08-01T00:00:00Z	released_before_prediction_creation	starting_model_annotation_missing	unresolved_release_and_creation_dates_are_not_training_or_template_cutoffs
7TFJ	7TFJ_5	AF-P38251-F1	85fc271b1d6b5812d61cfbb942b4fdd1dd7974c91c1550dcda620f88377454a0	2022-11-16T00:00:00.000+00:00	2025-08-01T00:00:00Z	released_before_prediction_creation	starting_model_annotation_missing	unresolved_release_and_creation_dates_are_not_training_or_template_cutoffs
7TFK	7TFK_5	AF-P38251-F1	85fc271b1d6b5812d61cfbb942b4fdd1dd7974c91c1550dcda620f88377454a0	2022-11-16T00:00:00.000+00:00	2025-08-01T00:00:00Z	released_before_prediction_creation	starting_model_annotation_missing	unresolved_release_and_creation_dates_are_not_training_or_template_cutoffs
7TFL	7TFL_5	AF-P38251-F1	85fc271b1d6b5812d61cfbb942b4fdd1dd7974c91c1550dcda620f88377454a0	2022-11-16T00:00:00.000+00:00	2025-08-01T00:00:00Z	released_before_prediction_creation	starting_model_annotation_missing	unresolved_release_and_creation_dates_are_not_training_or_template_cutoffs
7THJ	7THJ_5	AF-P38251-F1	85fc271b1d6b5812d61cfbb942b4fdd1dd7974c91c1550dcda620f88377454a0	2022-02-16T00:00:00.000+00:00	2025-08-01T00:00:00Z	released_before_prediction_creation	only_experimental_starting_models_reported_not_independence_proof	unresolved_release_and_creation_dates_are_not_training_or_template_cutoffs
7THV	7THV_5	AF-P38251-F1	85fc271b1d6b5812d61cfbb942b4fdd1dd7974c91c1550dcda620f88377454a0	2022-02-16T00:00:00.000+00:00	2025-08-01T00:00:00Z	released_before_prediction_creation	only_experimental_starting_models_reported_not_independence_proof	unresolved_release_and_creation_dates_are_not_training_or_template_cutoffs
7TI8	7TI8_5	AF-P38251-F1	85fc271b1d6b5812d61cfbb942b4fdd1dd7974c91c1550dcda620f88377454a0	2022-02-16T00:00:00.000+00:00	2025-08-01T00:00:00Z	released_before_prediction_creation	only_experimental_starting_models_reported_not_independence_proof	unresolved_release_and_creation_dates_are_not_training_or_template_cutoffs
7TIB	7TIB_5	AF-P38251-F1	85fc271b1d6b5812d61cfbb942b4fdd1dd7974c91c1550dcda620f88377454a0	2022-02-16T00:00:00.000+00:00	2025-08-01T00:00:00Z	released_before_prediction_creation	only_experimental_starting_models_reported_not_independence_proof	unresolved_release_and_creation_dates_are_not_training_or_template_cutoffs
7TIC	7TIC_5	AF-P38251-F1	85fc271b1d6b5812d61cfbb942b4fdd1dd7974c91c1550dcda620f88377454a0	2022-02-16T00:00:00.000+00:00	2025-08-01T00:00:00Z	released_before_prediction_creation	only_experimental_starting_models_reported_not_independence_proof	unresolved_release_and_creation_dates_are_not_training_or_template_cutoffs
7TID	7TID_5	AF-P38251-F1	85fc271b1d6b5812d61cfbb942b4fdd1dd7974c91c1550dcda620f88377454a0	2022-02-16T00:00:00.000+00:00	2025-08-01T00:00:00Z	released_before_prediction_creation	only_experimental_starting_models_reported_not_independence_proof	unresolved_release_and_creation_dates_are_not_training_or_template_cutoffs
7TKU	7TKU_5	AF-P38251-F1	85fc271b1d6b5812d61cfbb942b4fdd1dd7974c91c1550dcda620f88377454a0	2022-02-16T00:00:00.000+00:00	2025-08-01T00:00:00Z	released_before_prediction_creation	only_experimental_starting_models_reported_not_independence_proof	unresolved_release_and_creation_dates_are_not_training_or_template_cutoffs
7U05	7U05_5	AF-P36149-F1	a6b32a264dc4356f9e3046c543340e02100714d88b1b4a3842cb39bcaf4bff97	2022-04-27T00:00:00.000+00:00	2025-08-01T00:00:00Z	released_before_prediction_creation	only_experimental_starting_models_reported_not_independence_proof	unresolved_release_and_creation_dates_are_not_training_or_template_cutoffs
7U06	7U06_4	AF-P36149-F1	a6b32a264dc4356f9e3046c543340e02100714d88b1b4a3842cb39bcaf4bff97	2022-04-27T00:00:00.000+00:00	2025-08-01T00:00:00Z	released_before_prediction_creation	only_experimental_starting_models_reported_not_independence_proof	unresolved_release_and_creation_dates_are_not_training_or_template_cutoffs
7U0H	7U0H_23	AF-P33201-F1	1339886dfb0473fd4dc59344281a8288b3ac1979e074403818c8117482fe794b	2022-12-14T00:00:00.000+00:00	2025-08-01T00:00:00Z	released_before_prediction_creation	starting_model_annotation_missing	unresolved_release_and_creation_dates_are_not_training_or_template_cutoffs
7U0H	7U0H_28	AF-Q02892-F1	9b034068144dc1c8f367dcc1d0940877c694565a6c15b2ee590634a8d512edac	2022-12-14T00:00:00.000+00:00	2025-08-01T00:00:00Z	released_before_prediction_creation	starting_model_annotation_missing	unresolved_release_and_creation_dates_are_not_training_or_template_cutoffs
7U0H	7U0H_46	AF-Q07915-F1	1d54d8fc6fd3850a44b980391ada8291d7463d18caf3143cb61d4a3be8997bc2	2022-12-14T00:00:00.000+00:00	2025-08-01T00:00:00Z	released_before_prediction_creation	starting_model_annotation_missing	unresolved_release_and_creation_dates_are_not_training_or_template_cutoffs
7U0H	7U0H_48	AF-Q12522-F1	a9c859214bc288900788ea22094f6779f5e80a857b1a76ad3d655a47854cced8	2022-12-14T00:00:00.000+00:00	2025-08-01T00:00:00Z	released_before_prediction_creation	starting_model_annotation_missing	unresolved_release_and_creation_dates_are_not_training_or_template_cutoffs
7U19	7U19_5	AF-P38251-F1	85fc271b1d6b5812d61cfbb942b4fdd1dd7974c91c1550dcda620f88377454a0	2022-07-06T00:00:00.000+00:00	2025-08-01T00:00:00Z	released_before_prediction_creation	starting_model_annotation_missing	unresolved_release_and_creation_dates_are_not_training_or_template_cutoffs
7U1A	7U1A_5	AF-P38251-F1	85fc271b1d6b5812d61cfbb942b4fdd1dd7974c91c1550dcda620f88377454a0	2022-07-06T00:00:00.000+00:00	2025-08-01T00:00:00Z	released_before_prediction_creation	only_experimental_starting_models_reported_not_independence_proof	unresolved_release_and_creation_dates_are_not_training_or_template_cutoffs
7U1P	7U1P_5	AF-P38251-F1	85fc271b1d6b5812d61cfbb942b4fdd1dd7974c91c1550dcda620f88377454a0	2022-07-06T00:00:00.000+00:00	2025-08-01T00:00:00Z	released_before_prediction_creation	starting_model_annotation_missing	unresolved_release_and_creation_dates_are_not_training_or_template_cutoffs
7UG6	7UG6_26	AF-P33201-F1	1339886dfb0473fd4dc59344281a8288b3ac1979e074403818c8117482fe794b	2022-12-21T00:00:00.000+00:00	2025-08-01T00:00:00Z	released_before_prediction_creation	starting_model_annotation_missing	unresolved_release_and_creation_dates_are_not_training_or_template_cutoffs
7UG6	7UG6_31	AF-Q02892-F1	9b034068144dc1c8f367dcc1d0940877c694565a6c15b2ee590634a8d512edac	2022-12-21T00:00:00.000+00:00	2025-08-01T00:00:00Z	released_before_prediction_creation	starting_model_annotation_missing	unresolved_release_and_creation_dates_are_not_training_or_template_cutoffs
7UG6	7UG6_47	AF-Q07915-F1	1d54d8fc6fd3850a44b980391ada8291d7463d18caf3143cb61d4a3be8997bc2	2022-12-21T00:00:00.000+00:00	2025-08-01T00:00:00Z	released_before_prediction_creation	starting_model_annotation_missing	unresolved_release_and_creation_dates_are_not_training_or_template_cutoffs
7UG6	7UG6_49	AF-Q08746-F1	4f84b0e10a5b3c764e93baed539d90856f0578cc8d539e760befd2779bbdbae3	2022-12-21T00:00:00.000+00:00	2025-08-01T00:00:00Z	released_before_prediction_creation	starting_model_annotation_missing	unresolved_release_and_creation_dates_are_not_training_or_template_cutoffs
7UG6	7UG6_51	AF-Q12522-F1	a9c859214bc288900788ea22094f6779f5e80a857b1a76ad3d655a47854cced8	2022-12-21T00:00:00.000+00:00	2025-08-01T00:00:00Z	released_before_prediction_creation	starting_model_annotation_missing	unresolved_release_and_creation_dates_are_not_training_or_template_cutoffs
7UI9	7UI9_27	AF-P20435-F1	b35ac6750b96213d2e2f4608750f185b2daf71c690e6c7ef0382f39de2ec7d1c	2023-02-15T00:00:00.000+00:00	2025-08-01T00:00:00Z	released_before_prediction_creation	starting_model_annotation_missing	unresolved_release_and_creation_dates_are_not_training_or_template_cutoffs
7UI9	7UI9_28	AF-P34087-F1	83d3a4bb2b77f2d447e2e34483b92f4a0abd024d20c78f29b9187d33c13f070a	2023-02-15T00:00:00.000+00:00	2025-08-01T00:00:00Z	released_before_prediction_creation	starting_model_annotation_missing	unresolved_release_and_creation_dates_are_not_training_or_template_cutoffs
7UI9	7UI9_29	AF-P20436-F1	ce7cd70250d0b569e39e2cf28c28578cac6ef076795fe9e170de624038c4019d	2023-02-15T00:00:00.000+00:00	2025-08-01T00:00:00Z	released_before_prediction_creation	starting_model_annotation_missing	unresolved_release_and_creation_dates_are_not_training_or_template_cutoffs
7UI9	7UI9_32	AF-P38902-F1	e5ca72de84371c102b60be5d242b8952d384447efd42abc54d2fc7b284a64b0b	2023-02-15T00:00:00.000+00:00	2025-08-01T00:00:00Z	released_before_prediction_creation	starting_model_annotation_missing	unresolved_release_and_creation_dates_are_not_training_or_template_cutoffs
7UIF	7UIF_11	AF-P38902-F1	e5ca72de84371c102b60be5d242b8952d384447efd42abc54d2fc7b284a64b0b	2023-02-15T00:00:00.000+00:00	2025-08-01T00:00:00Z	released_before_prediction_creation	starting_model_annotation_missing	unresolved_release_and_creation_dates_are_not_training_or_template_cutoffs
7UIF	7UIF_6	AF-P20435-F1	b35ac6750b96213d2e2f4608750f185b2daf71c690e6c7ef0382f39de2ec7d1c	2023-02-15T00:00:00.000+00:00	2025-08-01T00:00:00Z	released_before_prediction_creation	starting_model_annotation_missing	unresolved_release_and_creation_dates_are_not_training_or_template_cutoffs
7UIF	7UIF_7	AF-P34087-F1	83d3a4bb2b77f2d447e2e34483b92f4a0abd024d20c78f29b9187d33c13f070a	2023-02-15T00:00:00.000+00:00	2025-08-01T00:00:00Z	released_before_prediction_creation	starting_model_annotation_missing	unresolved_release_and_creation_dates_are_not_training_or_template_cutoffs
7UIF	7UIF_8	AF-P20436-F1	ce7cd70250d0b569e39e2cf28c28578cac6ef076795fe9e170de624038c4019d	2023-02-15T00:00:00.000+00:00	2025-08-01T00:00:00Z	released_before_prediction_creation	starting_model_annotation_missing	unresolved_release_and_creation_dates_are_not_training_or_template_cutoffs
7UIO	7UIO_28	AF-P20435-F1	b35ac6750b96213d2e2f4608750f185b2daf71c690e6c7ef0382f39de2ec7d1c	2023-03-01T00:00:00.000+00:00	2025-08-01T00:00:00Z	released_before_prediction_creation	only_experimental_starting_models_reported_not_independence_proof	unresolved_release_and_creation_dates_are_not_training_or_template_cutoffs
7UIO	7UIO_29	AF-P34087-F1	83d3a4bb2b77f2d447e2e34483b92f4a0abd024d20c78f29b9187d33c13f070a	2023-03-01T00:00:00.000+00:00	2025-08-01T00:00:00Z	released_before_prediction_creation	only_experimental_starting_models_reported_not_independence_proof	unresolved_release_and_creation_dates_are_not_training_or_template_cutoffs
7UIO	7UIO_30	AF-P20436-F1	ce7cd70250d0b569e39e2cf28c28578cac6ef076795fe9e170de624038c4019d	2023-03-01T00:00:00.000+00:00	2025-08-01T00:00:00Z	released_before_prediction_creation	only_experimental_starting_models_reported_not_independence_proof	unresolved_release_and_creation_dates_are_not_training_or_template_cutoffs
7UIO	7UIO_33	AF-P38902-F1	e5ca72de84371c102b60be5d242b8952d384447efd42abc54d2fc7b284a64b0b	2023-03-01T00:00:00.000+00:00	2025-08-01T00:00:00Z	released_before_prediction_creation	only_experimental_starting_models_reported_not_independence_proof	unresolved_release_and_creation_dates_are_not_training_or_template_cutoffs
7UOO	7UOO_35	AF-Q02892-F1	9b034068144dc1c8f367dcc1d0940877c694565a6c15b2ee590634a8d512edac	2023-03-15T00:00:00.000+00:00	2025-08-01T00:00:00Z	released_before_prediction_creation	only_experimental_starting_models_reported_not_independence_proof	unresolved_release_and_creation_dates_are_not_training_or_template_cutoffs
7UOO	7UOO_54	AF-Q07915-F1	1d54d8fc6fd3850a44b980391ada8291d7463d18caf3143cb61d4a3be8997bc2	2023-03-15T00:00:00.000+00:00	2025-08-01T00:00:00Z	released_before_prediction_creation	only_experimental_starting_models_reported_not_independence_proof	unresolved_release_and_creation_dates_are_not_training_or_template_cutoffs
7UOO	7UOO_56	AF-Q08746-F1	4f84b0e10a5b3c764e93baed539d90856f0578cc8d539e760befd2779bbdbae3	2023-03-15T00:00:00.000+00:00	2025-08-01T00:00:00Z	released_before_prediction_creation	only_experimental_starting_models_reported_not_independence_proof	unresolved_release_and_creation_dates_are_not_training_or_template_cutoffs
7UOO	7UOO_58	AF-Q12522-F1	a9c859214bc288900788ea22094f6779f5e80a857b1a76ad3d655a47854cced8	2023-03-15T00:00:00.000+00:00	2025-08-01T00:00:00Z	released_before_prediction_creation	only_experimental_starting_models_reported_not_independence_proof	unresolved_release_and_creation_dates_are_not_training_or_template_cutoffs
7UQB	7UQB_30	AF-P33201-F1	1339886dfb0473fd4dc59344281a8288b3ac1979e074403818c8117482fe794b	2023-03-15T00:00:00.000+00:00	2025-08-01T00:00:00Z	released_before_prediction_creation	only_experimental_starting_models_reported_not_independence_proof	unresolved_release_and_creation_dates_are_not_training_or_template_cutoffs
7UQB	7UQB_35	AF-Q02892-F1	9b034068144dc1c8f367dcc1d0940877c694565a6c15b2ee590634a8d512edac	2023-03-15T00:00:00.000+00:00	2025-08-01T00:00:00Z	released_before_prediction_creation	only_experimental_starting_models_reported_not_independence_proof	unresolved_release_and_creation_dates_are_not_training_or_template_cutoffs
7UQB	7UQB_54	AF-Q07915-F1	1d54d8fc6fd3850a44b980391ada8291d7463d18caf3143cb61d4a3be8997bc2	2023-03-15T00:00:00.000+00:00	2025-08-01T00:00:00Z	released_before_prediction_creation	only_experimental_starting_models_reported_not_independence_proof	unresolved_release_and_creation_dates_are_not_training_or_template_cutoffs
7UQB	7UQB_58	AF-Q12522-F1	a9c859214bc288900788ea22094f6779f5e80a857b1a76ad3d655a47854cced8	2023-03-15T00:00:00.000+00:00	2025-08-01T00:00:00Z	released_before_prediction_creation	only_experimental_starting_models_reported_not_independence_proof	unresolved_release_and_creation_dates_are_not_training_or_template_cutoffs
7UQZ	7UQZ_30	AF-P33201-F1	1339886dfb0473fd4dc59344281a8288b3ac1979e074403818c8117482fe794b	2023-03-15T00:00:00.000+00:00	2025-08-01T00:00:00Z	released_before_prediction_creation	only_experimental_starting_models_reported_not_independence_proof	unresolved_release_and_creation_dates_are_not_training_or_template_cutoffs
7UQZ	7UQZ_35	AF-Q02892-F1	9b034068144dc1c8f367dcc1d0940877c694565a6c15b2ee590634a8d512edac	2023-03-15T00:00:00.000+00:00	2025-08-01T00:00:00Z	released_before_prediction_creation	only_experimental_starting_models_reported_not_independence_proof	unresolved_release_and_creation_dates_are_not_training_or_template_cutoffs
7UQZ	7UQZ_54	AF-Q07915-F1	1d54d8fc6fd3850a44b980391ada8291d7463d18caf3143cb61d4a3be8997bc2	2023-03-15T00:00:00.000+00:00	2025-08-01T00:00:00Z	released_before_prediction_creation	only_experimental_starting_models_reported_not_independence_proof	unresolved_release_and_creation_dates_are_not_training_or_template_cutoffs
7V08	7V08_30	AF-P33201-F1	1339886dfb0473fd4dc59344281a8288b3ac1979e074403818c8117482fe794b	2023-03-15T00:00:00.000+00:00	2025-08-01T00:00:00Z	released_before_prediction_creation	only_experimental_starting_models_reported_not_independence_proof	unresolved_release_and_creation_dates_are_not_training_or_template_cutoffs
7V08	7V08_35	AF-Q02892-F1	9b034068144dc1c8f367dcc1d0940877c694565a6c15b2ee590634a8d512edac	2023-03-15T00:00:00.000+00:00	2025-08-01T00:00:00Z	released_before_prediction_creation	only_experimental_starting_models_reported_not_independence_proof	unresolved_release_and_creation_dates_are_not_training_or_template_cutoffs
7V08	7V08_54	AF-Q07915-F1	1d54d8fc6fd3850a44b980391ada8291d7463d18caf3143cb61d4a3be8997bc2	2023-03-15T00:00:00.000+00:00	2025-08-01T00:00:00Z	released_before_prediction_creation	only_experimental_starting_models_reported_not_independence_proof	unresolved_release_and_creation_dates_are_not_training_or_template_cutoffs
7V08	7V08_56	AF-Q08746-F1	4f84b0e10a5b3c764e93baed539d90856f0578cc8d539e760befd2779bbdbae3	2023-03-15T00:00:00.000+00:00	2025-08-01T00:00:00Z	released_before_prediction_creation	only_experimental_starting_models_reported_not_independence_proof	unresolved_release_and_creation_dates_are_not_training_or_template_cutoffs
7V08	7V08_58	AF-Q12522-F1	a9c859214bc288900788ea22094f6779f5e80a857b1a76ad3d655a47854cced8	2023-03-15T00:00:00.000+00:00	2025-08-01T00:00:00Z	released_before_prediction_creation	only_experimental_starting_models_reported_not_independence_proof	unresolved_release_and_creation_dates_are_not_training_or_template_cutoffs
7V3U	7V3U_3	AF-P30665-F1	0b38fefaef2eca7f23bb979bc9da1dec4e9a6ffe79ea3e53edd734b02e70527b	2022-04-13T00:00:00.000+00:00	2025-08-01T00:00:00Z	released_before_prediction_creation	starting_model_annotation_missing	unresolved_release_and_creation_dates_are_not_training_or_template_cutoffs
7V3U	7V3U_5	AF-P53091-F1	03b7797a0460645fc3278608ce831cc02c9437647883cfcf335a74b1b3aeb9c3	2022-04-13T00:00:00.000+00:00	2025-08-01T00:00:00Z	released_before_prediction_creation	starting_model_annotation_missing	unresolved_release_and_creation_dates_are_not_training_or_template_cutoffs
7V3U	7V3U_6	AF-P38132-F1	dbff9e0a6531af71d18bb3f0b0febfb568f2e863b6861e6daa67f914c7942edf	2022-04-13T00:00:00.000+00:00	2025-08-01T00:00:00Z	released_before_prediction_creation	starting_model_annotation_missing	unresolved_release_and_creation_dates_are_not_training_or_template_cutoffs
7V3V	7V3V_3	AF-P30665-F1	0b38fefaef2eca7f23bb979bc9da1dec4e9a6ffe79ea3e53edd734b02e70527b	2022-04-13T00:00:00.000+00:00	2025-08-01T00:00:00Z	released_before_prediction_creation	starting_model_annotation_missing	unresolved_release_and_creation_dates_are_not_training_or_template_cutoffs
7V3V	7V3V_5	AF-P53091-F1	03b7797a0460645fc3278608ce831cc02c9437647883cfcf335a74b1b3aeb9c3	2022-04-13T00:00:00.000+00:00	2025-08-01T00:00:00Z	released_before_prediction_creation	starting_model_annotation_missing	unresolved_release_and_creation_dates_are_not_training_or_template_cutoffs
7V3V	7V3V_6	AF-P38132-F1	dbff9e0a6531af71d18bb3f0b0febfb568f2e863b6861e6daa67f914c7942edf	2022-04-13T00:00:00.000+00:00	2025-08-01T00:00:00Z	released_before_prediction_creation	starting_model_annotation_missing	unresolved_release_and_creation_dates_are_not_training_or_template_cutoffs
7W8G	7W8G_3	AF-P30665-F1	0b38fefaef2eca7f23bb979bc9da1dec4e9a6ffe79ea3e53edd734b02e70527b	2022-04-13T00:00:00.000+00:00	2025-08-01T00:00:00Z	released_before_prediction_creation	starting_model_annotation_missing	unresolved_release_and_creation_dates_are_not_training_or_template_cutoffs
7W8G	7W8G_5	AF-P53091-F1	03b7797a0460645fc3278608ce831cc02c9437647883cfcf335a74b1b3aeb9c3	2022-04-13T00:00:00.000+00:00	2025-08-01T00:00:00Z	released_before_prediction_creation	starting_model_annotation_missing	unresolved_release_and_creation_dates_are_not_training_or_template_cutoffs
7W8G	7W8G_6	AF-P38132-F1	dbff9e0a6531af71d18bb3f0b0febfb568f2e863b6861e6daa67f914c7942edf	2022-04-13T00:00:00.000+00:00	2025-08-01T00:00:00Z	released_before_prediction_creation	starting_model_annotation_missing	unresolved_release_and_creation_dates_are_not_training_or_template_cutoffs
7WTL	7WTL_15	AF-Q99216-F1	84d2c25c65d615286c613fa6cb43c3a6ded04bf3ea656def6fecf3a43dcb69c6	2022-10-19T00:00:00.000+00:00	2025-08-01T00:00:00Z	released_before_prediction_creation	starting_model_annotation_missing	unresolved_release_and_creation_dates_are_not_training_or_template_cutoffs
7WTL	7WTL_16	AF-P47083-F1	5bf066d076b004974606b1090a7d63589eabd59b61cfb3b2e1bf0c2f6bc8f8fc	2022-10-19T00:00:00.000+00:00	2025-08-01T00:00:00Z	released_before_prediction_creation	starting_model_annotation_missing	unresolved_release_and_creation_dates_are_not_training_or_template_cutoffs
7WTM	7WTM_16	AF-Q99216-F1	84d2c25c65d615286c613fa6cb43c3a6ded04bf3ea656def6fecf3a43dcb69c6	2022-10-19T00:00:00.000+00:00	2025-08-01T00:00:00Z	released_before_prediction_creation	starting_model_annotation_missing	unresolved_release_and_creation_dates_are_not_training_or_template_cutoffs
7WTN	7WTN_17	AF-Q99216-F1	84d2c25c65d615286c613fa6cb43c3a6ded04bf3ea656def6fecf3a43dcb69c6	2022-10-19T00:00:00.000+00:00	2025-08-01T00:00:00Z	released_before_prediction_creation	starting_model_annotation_missing	unresolved_release_and_creation_dates_are_not_training_or_template_cutoffs
7WTN	7WTN_18	AF-P25627-F1	16ef0308fcca0ae723cec16bc05336351aa7a2e3c38a787e303e8a71c1993864	2022-10-19T00:00:00.000+00:00	2025-08-01T00:00:00Z	released_before_prediction_creation	starting_model_annotation_missing	unresolved_release_and_creation_dates_are_not_training_or_template_cutoffs
7WTO	7WTO_16	AF-Q99216-F1	84d2c25c65d615286c613fa6cb43c3a6ded04bf3ea656def6fecf3a43dcb69c6	2022-10-19T00:00:00.000+00:00	2025-08-01T00:00:00Z	released_before_prediction_creation	starting_model_annotation_missing	unresolved_release_and_creation_dates_are_not_training_or_template_cutoffs
7WTP	7WTP_17	AF-Q99216-F1	84d2c25c65d615286c613fa6cb43c3a6ded04bf3ea656def6fecf3a43dcb69c6	2022-10-19T00:00:00.000+00:00	2025-08-01T00:00:00Z	released_before_prediction_creation	starting_model_annotation_missing	unresolved_release_and_creation_dates_are_not_training_or_template_cutoffs
7WTP	7WTP_18	AF-P25627-F1	16ef0308fcca0ae723cec16bc05336351aa7a2e3c38a787e303e8a71c1993864	2022-10-19T00:00:00.000+00:00	2025-08-01T00:00:00Z	released_before_prediction_creation	starting_model_annotation_missing	unresolved_release_and_creation_dates_are_not_training_or_template_cutoffs
7WTP	7WTP_19	AF-Q07381-F1	b6d1f09ad6d4e53fefcb5686e389010be7f9153d60e48a315d684f3f09b21fec	2022-10-19T00:00:00.000+00:00	2025-08-01T00:00:00Z	released_before_prediction_creation	starting_model_annotation_missing	unresolved_release_and_creation_dates_are_not_training_or_template_cutoffs
7WTQ	7WTQ_16	AF-Q99216-F1	84d2c25c65d615286c613fa6cb43c3a6ded04bf3ea656def6fecf3a43dcb69c6	2022-10-19T00:00:00.000+00:00	2025-08-01T00:00:00Z	released_before_prediction_creation	starting_model_annotation_missing	unresolved_release_and_creation_dates_are_not_training_or_template_cutoffs
7WTQ	7WTQ_17	AF-P25627-F1	16ef0308fcca0ae723cec16bc05336351aa7a2e3c38a787e303e8a71c1993864	2022-10-19T00:00:00.000+00:00	2025-08-01T00:00:00Z	released_before_prediction_creation	starting_model_annotation_missing	unresolved_release_and_creation_dates_are_not_training_or_template_cutoffs
7WTQ	7WTQ_18	AF-Q07381-F1	b6d1f09ad6d4e53fefcb5686e389010be7f9153d60e48a315d684f3f09b21fec	2022-10-19T00:00:00.000+00:00	2025-08-01T00:00:00Z	released_before_prediction_creation	starting_model_annotation_missing	unresolved_release_and_creation_dates_are_not_training_or_template_cutoffs
7WTR	7WTR_17	AF-Q99216-F1	84d2c25c65d615286c613fa6cb43c3a6ded04bf3ea656def6fecf3a43dcb69c6	2022-10-19T00:00:00.000+00:00	2025-08-01T00:00:00Z	released_before_prediction_creation	starting_model_annotation_missing	unresolved_release_and_creation_dates_are_not_training_or_template_cutoffs
7WTR	7WTR_18	AF-P25627-F1	16ef0308fcca0ae723cec16bc05336351aa7a2e3c38a787e303e8a71c1993864	2022-10-19T00:00:00.000+00:00	2025-08-01T00:00:00Z	released_before_prediction_creation	starting_model_annotation_missing	unresolved_release_and_creation_dates_are_not_training_or_template_cutoffs
7WTR	7WTR_19	AF-Q07381-F1	b6d1f09ad6d4e53fefcb5686e389010be7f9153d60e48a315d684f3f09b21fec	2022-10-19T00:00:00.000+00:00	2025-08-01T00:00:00Z	released_before_prediction_creation	starting_model_annotation_missing	unresolved_release_and_creation_dates_are_not_training_or_template_cutoffs
7Z0H	7Z0H_6	AF-P20435-F1	b35ac6750b96213d2e2f4608750f185b2daf71c690e6c7ef0382f39de2ec7d1c	2023-04-05T00:00:00.000+00:00	2025-08-01T00:00:00Z	released_before_prediction_creation	starting_model_annotation_missing	unresolved_release_and_creation_dates_are_not_training_or_template_cutoffs
7Z0H	7Z0H_7	AF-P35718-F1	c6aefbc99f7f43afb83ce630b7d6a0e3a45e1678cbca2b0dab88f0c807f377be	2023-04-05T00:00:00.000+00:00	2025-08-01T00:00:00Z	released_before_prediction_creation	starting_model_annotation_missing	unresolved_release_and_creation_dates_are_not_training_or_template_cutoffs
7Z0H	7Z0H_8	AF-P20436-F1	ce7cd70250d0b569e39e2cf28c28578cac6ef076795fe9e170de624038c4019d	2023-04-05T00:00:00.000+00:00	2025-08-01T00:00:00Z	released_before_prediction_creation	starting_model_annotation_missing	unresolved_release_and_creation_dates_are_not_training_or_template_cutoffs
7Z13	7Z13_10	AF-Q03406-F1	5cae9a720dba99e7f3e4f1de8b6a63064ee6691f0e076cf8012a08762d7a3c52	2022-06-15T00:00:00.000+00:00	2025-08-01T00:00:00Z	released_before_prediction_creation	only_experimental_starting_models_reported_not_independence_proof	unresolved_release_and_creation_dates_are_not_training_or_template_cutoffs
7Z13	7Z13_3	AF-P30665-F1	0b38fefaef2eca7f23bb979bc9da1dec4e9a6ffe79ea3e53edd734b02e70527b	2022-06-15T00:00:00.000+00:00	2025-08-01T00:00:00Z	released_before_prediction_creation	only_experimental_starting_models_reported_not_independence_proof	unresolved_release_and_creation_dates_are_not_training_or_template_cutoffs
7Z13	7Z13_5	AF-P53091-F1	03b7797a0460645fc3278608ce831cc02c9437647883cfcf335a74b1b3aeb9c3	2022-06-15T00:00:00.000+00:00	2025-08-01T00:00:00Z	released_before_prediction_creation	only_experimental_starting_models_reported_not_independence_proof	unresolved_release_and_creation_dates_are_not_training_or_template_cutoffs
7Z1L	7Z1L_6	AF-P20435-F1	b35ac6750b96213d2e2f4608750f185b2daf71c690e6c7ef0382f39de2ec7d1c	2022-08-31T00:00:00.000+00:00	2025-08-01T00:00:00Z	released_before_prediction_creation	only_experimental_starting_models_reported_not_independence_proof	unresolved_release_and_creation_dates_are_not_training_or_template_cutoffs
7Z1L	7Z1L_7	AF-P35718-F1	c6aefbc99f7f43afb83ce630b7d6a0e3a45e1678cbca2b0dab88f0c807f377be	2022-08-31T00:00:00.000+00:00	2025-08-01T00:00:00Z	released_before_prediction_creation	only_experimental_starting_models_reported_not_independence_proof	unresolved_release_and_creation_dates_are_not_training_or_template_cutoffs
7Z1L	7Z1L_8	AF-P20436-F1	ce7cd70250d0b569e39e2cf28c28578cac6ef076795fe9e170de624038c4019d	2022-08-31T00:00:00.000+00:00	2025-08-01T00:00:00Z	released_before_prediction_creation	only_experimental_starting_models_reported_not_independence_proof	unresolved_release_and_creation_dates_are_not_training_or_template_cutoffs
7Z1M	7Z1M_6	AF-P20435-F1	b35ac6750b96213d2e2f4608750f185b2daf71c690e6c7ef0382f39de2ec7d1c	2022-08-31T00:00:00.000+00:00	2025-08-01T00:00:00Z	released_before_prediction_creation	only_experimental_starting_models_reported_not_independence_proof	unresolved_release_and_creation_dates_are_not_training_or_template_cutoffs
7Z1M	7Z1M_7	AF-P35718-F1	c6aefbc99f7f43afb83ce630b7d6a0e3a45e1678cbca2b0dab88f0c807f377be	2022-08-31T00:00:00.000+00:00	2025-08-01T00:00:00Z	released_before_prediction_creation	only_experimental_starting_models_reported_not_independence_proof	unresolved_release_and_creation_dates_are_not_training_or_template_cutoffs
7Z1M	7Z1M_8	AF-P20436-F1	ce7cd70250d0b569e39e2cf28c28578cac6ef076795fe9e170de624038c4019d	2022-08-31T00:00:00.000+00:00	2025-08-01T00:00:00Z	released_before_prediction_creation	only_experimental_starting_models_reported_not_independence_proof	unresolved_release_and_creation_dates_are_not_training_or_template_cutoffs
7Z1N	7Z1N_6	AF-P20435-F1	b35ac6750b96213d2e2f4608750f185b2daf71c690e6c7ef0382f39de2ec7d1c	2022-08-31T00:00:00.000+00:00	2025-08-01T00:00:00Z	released_before_prediction_creation	starting_model_annotation_missing	unresolved_release_and_creation_dates_are_not_training_or_template_cutoffs
7Z1N	7Z1N_7	AF-P35718-F1	c6aefbc99f7f43afb83ce630b7d6a0e3a45e1678cbca2b0dab88f0c807f377be	2022-08-31T00:00:00.000+00:00	2025-08-01T00:00:00Z	released_before_prediction_creation	starting_model_annotation_missing	unresolved_release_and_creation_dates_are_not_training_or_template_cutoffs
7Z1N	7Z1N_8	AF-P20436-F1	ce7cd70250d0b569e39e2cf28c28578cac6ef076795fe9e170de624038c4019d	2022-08-31T00:00:00.000+00:00	2025-08-01T00:00:00Z	released_before_prediction_creation	starting_model_annotation_missing	unresolved_release_and_creation_dates_are_not_training_or_template_cutoffs
7Z1O	7Z1O_6	AF-P20435-F1	b35ac6750b96213d2e2f4608750f185b2daf71c690e6c7ef0382f39de2ec7d1c	2022-08-31T00:00:00.000+00:00	2025-08-01T00:00:00Z	released_before_prediction_creation	only_experimental_starting_models_reported_not_independence_proof	unresolved_release_and_creation_dates_are_not_training_or_template_cutoffs
7Z1O	7Z1O_7	AF-P35718-F1	c6aefbc99f7f43afb83ce630b7d6a0e3a45e1678cbca2b0dab88f0c807f377be	2022-08-31T00:00:00.000+00:00	2025-08-01T00:00:00Z	released_before_prediction_creation	only_experimental_starting_models_reported_not_independence_proof	unresolved_release_and_creation_dates_are_not_training_or_template_cutoffs
7Z1O	7Z1O_8	AF-P20436-F1	ce7cd70250d0b569e39e2cf28c28578cac6ef076795fe9e170de624038c4019d	2022-08-31T00:00:00.000+00:00	2025-08-01T00:00:00Z	released_before_prediction_creation	only_experimental_starting_models_reported_not_independence_proof	unresolved_release_and_creation_dates_are_not_training_or_template_cutoffs
7Z2Z	7Z2Z_6	AF-P20435-F1	b35ac6750b96213d2e2f4608750f185b2daf71c690e6c7ef0382f39de2ec7d1c	2023-04-05T00:00:00.000+00:00	2025-08-01T00:00:00Z	released_before_prediction_creation	starting_model_annotation_missing	unresolved_release_and_creation_dates_are_not_training_or_template_cutoffs
7Z2Z	7Z2Z_7	AF-P35718-F1	c6aefbc99f7f43afb83ce630b7d6a0e3a45e1678cbca2b0dab88f0c807f377be	2023-04-05T00:00:00.000+00:00	2025-08-01T00:00:00Z	released_before_prediction_creation	starting_model_annotation_missing	unresolved_release_and_creation_dates_are_not_training_or_template_cutoffs
7Z2Z	7Z2Z_8	AF-P20436-F1	ce7cd70250d0b569e39e2cf28c28578cac6ef076795fe9e170de624038c4019d	2023-04-05T00:00:00.000+00:00	2025-08-01T00:00:00Z	released_before_prediction_creation	starting_model_annotation_missing	unresolved_release_and_creation_dates_are_not_training_or_template_cutoffs
7Z30	7Z30_6	AF-P20435-F1	b35ac6750b96213d2e2f4608750f185b2daf71c690e6c7ef0382f39de2ec7d1c	2023-04-05T00:00:00.000+00:00	2025-08-01T00:00:00Z	released_before_prediction_creation	starting_model_annotation_missing	unresolved_release_and_creation_dates_are_not_training_or_template_cutoffs
7Z30	7Z30_7	AF-P35718-F1	c6aefbc99f7f43afb83ce630b7d6a0e3a45e1678cbca2b0dab88f0c807f377be	2023-04-05T00:00:00.000+00:00	2025-08-01T00:00:00Z	released_before_prediction_creation	starting_model_annotation_missing	unresolved_release_and_creation_dates_are_not_training_or_template_cutoffs
7Z30	7Z30_8	AF-P20436-F1	ce7cd70250d0b569e39e2cf28c28578cac6ef076795fe9e170de624038c4019d	2023-04-05T00:00:00.000+00:00	2025-08-01T00:00:00Z	released_before_prediction_creation	starting_model_annotation_missing	unresolved_release_and_creation_dates_are_not_training_or_template_cutoffs
7Z31	7Z31_6	AF-P20435-F1	b35ac6750b96213d2e2f4608750f185b2daf71c690e6c7ef0382f39de2ec7d1c	2023-04-05T00:00:00.000+00:00	2025-08-01T00:00:00Z	released_before_prediction_creation	starting_model_annotation_missing	unresolved_release_and_creation_dates_are_not_training_or_template_cutoffs
7Z31	7Z31_7	AF-P35718-F1	c6aefbc99f7f43afb83ce630b7d6a0e3a45e1678cbca2b0dab88f0c807f377be	2023-04-05T00:00:00.000+00:00	2025-08-01T00:00:00Z	released_before_prediction_creation	starting_model_annotation_missing	unresolved_release_and_creation_dates_are_not_training_or_template_cutoffs
7Z31	7Z31_8	AF-P20436-F1	ce7cd70250d0b569e39e2cf28c28578cac6ef076795fe9e170de624038c4019d	2023-04-05T00:00:00.000+00:00	2025-08-01T00:00:00Z	released_before_prediction_creation	starting_model_annotation_missing	unresolved_release_and_creation_dates_are_not_training_or_template_cutoffs
7Z34	7Z34_28	AF-P33201-F1	1339886dfb0473fd4dc59344281a8288b3ac1979e074403818c8117482fe794b	2022-09-21T00:00:00.000+00:00	2025-08-01T00:00:00Z	released_before_prediction_creation	only_experimental_starting_models_reported_not_independence_proof	unresolved_release_and_creation_dates_are_not_training_or_template_cutoffs
7Z34	7Z34_33	AF-Q02892-F1	9b034068144dc1c8f367dcc1d0940877c694565a6c15b2ee590634a8d512edac	2022-09-21T00:00:00.000+00:00	2025-08-01T00:00:00Z	released_before_prediction_creation	only_experimental_starting_models_reported_not_independence_proof	unresolved_release_and_creation_dates_are_not_training_or_template_cutoffs
7Z34	7Z34_48	AF-Q07915-F1	1d54d8fc6fd3850a44b980391ada8291d7463d18caf3143cb61d4a3be8997bc2	2022-09-21T00:00:00.000+00:00	2025-08-01T00:00:00Z	released_before_prediction_creation	only_experimental_starting_models_reported_not_independence_proof	unresolved_release_and_creation_dates_are_not_training_or_template_cutoffs
7Z34	7Z34_50	AF-Q12522-F1	a9c859214bc288900788ea22094f6779f5e80a857b1a76ad3d655a47854cced8	2022-09-21T00:00:00.000+00:00	2025-08-01T00:00:00Z	released_before_prediction_creation	only_experimental_starting_models_reported_not_independence_proof	unresolved_release_and_creation_dates_are_not_training_or_template_cutoffs
7ZS9	7ZS9_11	AF-P38902-F1	e5ca72de84371c102b60be5d242b8952d384447efd42abc54d2fc7b284a64b0b	2022-11-16T00:00:00.000+00:00	2025-08-01T00:00:00Z	released_before_prediction_creation	starting_model_annotation_missing	unresolved_release_and_creation_dates_are_not_training_or_template_cutoffs
7ZS9	7ZS9_6	AF-P20435-F1	b35ac6750b96213d2e2f4608750f185b2daf71c690e6c7ef0382f39de2ec7d1c	2022-11-16T00:00:00.000+00:00	2025-08-01T00:00:00Z	released_before_prediction_creation	starting_model_annotation_missing	unresolved_release_and_creation_dates_are_not_training_or_template_cutoffs
7ZS9	7ZS9_8	AF-P20436-F1	ce7cd70250d0b569e39e2cf28c28578cac6ef076795fe9e170de624038c4019d	2022-11-16T00:00:00.000+00:00	2025-08-01T00:00:00Z	released_before_prediction_creation	starting_model_annotation_missing	unresolved_release_and_creation_dates_are_not_training_or_template_cutoffs
7ZSA	7ZSA_11	AF-P38902-F1	e5ca72de84371c102b60be5d242b8952d384447efd42abc54d2fc7b284a64b0b	2022-11-16T00:00:00.000+00:00	2025-08-01T00:00:00Z	released_before_prediction_creation	starting_model_annotation_missing	unresolved_release_and_creation_dates_are_not_training_or_template_cutoffs
7ZSA	7ZSA_6	AF-P20435-F1	b35ac6750b96213d2e2f4608750f185b2daf71c690e6c7ef0382f39de2ec7d1c	2022-11-16T00:00:00.000+00:00	2025-08-01T00:00:00Z	released_before_prediction_creation	starting_model_annotation_missing	unresolved_release_and_creation_dates_are_not_training_or_template_cutoffs
7ZSA	7ZSA_8	AF-P20436-F1	ce7cd70250d0b569e39e2cf28c28578cac6ef076795fe9e170de624038c4019d	2022-11-16T00:00:00.000+00:00	2025-08-01T00:00:00Z	released_before_prediction_creation	starting_model_annotation_missing	unresolved_release_and_creation_dates_are_not_training_or_template_cutoffs
7ZSB	7ZSB_11	AF-P38902-F1	e5ca72de84371c102b60be5d242b8952d384447efd42abc54d2fc7b284a64b0b	2022-11-16T00:00:00.000+00:00	2025-08-01T00:00:00Z	released_before_prediction_creation	starting_model_annotation_missing	unresolved_release_and_creation_dates_are_not_training_or_template_cutoffs
7ZSB	7ZSB_6	AF-P20435-F1	b35ac6750b96213d2e2f4608750f185b2daf71c690e6c7ef0382f39de2ec7d1c	2022-11-16T00:00:00.000+00:00	2025-08-01T00:00:00Z	released_before_prediction_creation	starting_model_annotation_missing	unresolved_release_and_creation_dates_are_not_training_or_template_cutoffs
7ZSB	7ZSB_8	AF-P20436-F1	ce7cd70250d0b569e39e2cf28c28578cac6ef076795fe9e170de624038c4019d	2022-11-16T00:00:00.000+00:00	2025-08-01T00:00:00Z	released_before_prediction_creation	starting_model_annotation_missing	unresolved_release_and_creation_dates_are_not_training_or_template_cutoffs
7ZU0	7ZU0_1	AF-P12868-F1	a2a73e470c73305e1f6d4f4e9a9608684ce06e3dc24a05e8ab1a1b9cfc46a1b5	2022-09-28T00:00:00.000+00:00	2025-08-01T00:00:00Z	released_before_prediction_creation	starting_model_annotation_missing	unresolved_release_and_creation_dates_are_not_training_or_template_cutoffs
8A3T	8A3T_14	AF-Q12440-F1	d2e83bb04e0ae1d30287d074f8ae72b2d8a9d773a5c61e7fb8ec6027a8cc807a	2022-08-31T00:00:00.000+00:00	2025-08-01T00:00:00Z	released_before_prediction_creation	starting_model_annotation_missing	unresolved_release_and_creation_dates_are_not_training_or_template_cutoffs
8A5Y	8A5Y_5	AF-Q12440-F1	d2e83bb04e0ae1d30287d074f8ae72b2d8a9d773a5c61e7fb8ec6027a8cc807a	2022-08-31T00:00:00.000+00:00	2025-08-01T00:00:00Z	released_before_prediction_creation	starting_model_annotation_missing	unresolved_release_and_creation_dates_are_not_training_or_template_cutoffs
8A61	8A61_5	AF-Q12440-F1	d2e83bb04e0ae1d30287d074f8ae72b2d8a9d773a5c61e7fb8ec6027a8cc807a	2022-08-31T00:00:00.000+00:00	2025-08-01T00:00:00Z	released_before_prediction_creation	starting_model_annotation_missing	unresolved_release_and_creation_dates_are_not_training_or_template_cutoffs
8AAF	8AAF_47	AF-Q12522-F1	a9c859214bc288900788ea22094f6779f5e80a857b1a76ad3d655a47854cced8	2023-03-08T00:00:00.000+00:00	2025-08-01T00:00:00Z	released_before_prediction_creation	starting_model_annotation_missing	unresolved_release_and_creation_dates_are_not_training_or_template_cutoffs
8AGT	8AGT_47	AF-Q12522-F1	a9c859214bc288900788ea22094f6779f5e80a857b1a76ad3d655a47854cced8	2023-03-08T00:00:00.000+00:00	2025-08-01T00:00:00Z	released_before_prediction_creation	starting_model_annotation_missing	unresolved_release_and_creation_dates_are_not_training_or_template_cutoffs
8AGU	8AGU_47	AF-Q12522-F1	a9c859214bc288900788ea22094f6779f5e80a857b1a76ad3d655a47854cced8	2023-03-08T00:00:00.000+00:00	2025-08-01T00:00:00Z	released_before_prediction_creation	starting_model_annotation_missing	unresolved_release_and_creation_dates_are_not_training_or_template_cutoffs
8AGV	8AGV_47	AF-Q12522-F1	a9c859214bc288900788ea22094f6779f5e80a857b1a76ad3d655a47854cced8	2023-03-08T00:00:00.000+00:00	2025-08-01T00:00:00Z	released_before_prediction_creation	starting_model_annotation_missing	unresolved_release_and_creation_dates_are_not_training_or_template_cutoffs
8AGW	8AGW_47	AF-Q12522-F1	a9c859214bc288900788ea22094f6779f5e80a857b1a76ad3d655a47854cced8	2023-03-08T00:00:00.000+00:00	2025-08-01T00:00:00Z	released_before_prediction_creation	starting_model_annotation_missing	unresolved_release_and_creation_dates_are_not_training_or_template_cutoffs
8AGZ	8AGZ_47	AF-Q12522-F1	a9c859214bc288900788ea22094f6779f5e80a857b1a76ad3d655a47854cced8	2023-03-08T00:00:00.000+00:00	2025-08-01T00:00:00Z	released_before_prediction_creation	starting_model_annotation_missing	unresolved_release_and_creation_dates_are_not_training_or_template_cutoffs
8B9A	8B9A_10	AF-P40359-F1	9fb69cb67e3079fd58481686b3e32f9badf14994da061a3c837e6c9b88b2ab82	2023-08-09T00:00:00.000+00:00	2025-08-01T00:00:00Z	released_before_prediction_creation	starting_model_annotation_missing	unresolved_release_and_creation_dates_are_not_training_or_template_cutoffs
8B9A	8B9A_12	AF-Q03406-F1	5cae9a720dba99e7f3e4f1de8b6a63064ee6691f0e076cf8012a08762d7a3c52	2023-08-09T00:00:00.000+00:00	2025-08-01T00:00:00Z	released_before_prediction_creation	starting_model_annotation_missing	unresolved_release_and_creation_dates_are_not_training_or_template_cutoffs
8B9A	8B9A_14	AF-P13382-F1	de337cd8afd0120b5cf00627f819c9c316606171f44248079b9d68cf807e4a32	2023-08-09T00:00:00.000+00:00	2025-08-01T00:00:00Z	released_before_prediction_creation	starting_model_annotation_missing	unresolved_release_and_creation_dates_are_not_training_or_template_cutoffs
8B9A	8B9A_3	AF-P30665-F1	0b38fefaef2eca7f23bb979bc9da1dec4e9a6ffe79ea3e53edd734b02e70527b	2023-08-09T00:00:00.000+00:00	2025-08-01T00:00:00Z	released_before_prediction_creation	starting_model_annotation_missing	unresolved_release_and_creation_dates_are_not_training_or_template_cutoffs
8B9A	8B9A_5	AF-P53091-F1	03b7797a0460645fc3278608ce831cc02c9437647883cfcf335a74b1b3aeb9c3	2023-08-09T00:00:00.000+00:00	2025-08-01T00:00:00Z	released_before_prediction_creation	starting_model_annotation_missing	unresolved_release_and_creation_dates_are_not_training_or_template_cutoffs
8B9A	8B9A_6	AF-P38132-F1	dbff9e0a6531af71d18bb3f0b0febfb568f2e863b6861e6daa67f914c7942edf	2023-08-09T00:00:00.000+00:00	2025-08-01T00:00:00Z	released_before_prediction_creation	starting_model_annotation_missing	unresolved_release_and_creation_dates_are_not_training_or_template_cutoffs
8B9B	8B9B_10	AF-P40359-F1	9fb69cb67e3079fd58481686b3e32f9badf14994da061a3c837e6c9b88b2ab82	2023-08-09T00:00:00.000+00:00	2025-08-01T00:00:00Z	released_before_prediction_creation	starting_model_annotation_missing	unresolved_release_and_creation_dates_are_not_training_or_template_cutoffs
8B9B	8B9B_12	AF-Q03406-F1	5cae9a720dba99e7f3e4f1de8b6a63064ee6691f0e076cf8012a08762d7a3c52	2023-08-09T00:00:00.000+00:00	2025-08-01T00:00:00Z	released_before_prediction_creation	starting_model_annotation_missing	unresolved_release_and_creation_dates_are_not_training_or_template_cutoffs
8B9B	8B9B_14	AF-P13382-F1	de337cd8afd0120b5cf00627f819c9c316606171f44248079b9d68cf807e4a32	2023-08-09T00:00:00.000+00:00	2025-08-01T00:00:00Z	released_before_prediction_creation	starting_model_annotation_missing	unresolved_release_and_creation_dates_are_not_training_or_template_cutoffs
8B9B	8B9B_3	AF-P30665-F1	0b38fefaef2eca7f23bb979bc9da1dec4e9a6ffe79ea3e53edd734b02e70527b	2023-08-09T00:00:00.000+00:00	2025-08-01T00:00:00Z	released_before_prediction_creation	starting_model_annotation_missing	unresolved_release_and_creation_dates_are_not_training_or_template_cutoffs
8B9B	8B9B_5	AF-P53091-F1	03b7797a0460645fc3278608ce831cc02c9437647883cfcf335a74b1b3aeb9c3	2023-08-09T00:00:00.000+00:00	2025-08-01T00:00:00Z	released_before_prediction_creation	starting_model_annotation_missing	unresolved_release_and_creation_dates_are_not_training_or_template_cutoffs
8B9B	8B9B_6	AF-P38132-F1	dbff9e0a6531af71d18bb3f0b0febfb568f2e863b6861e6daa67f914c7942edf	2023-08-09T00:00:00.000+00:00	2025-08-01T00:00:00Z	released_before_prediction_creation	starting_model_annotation_missing	unresolved_release_and_creation_dates_are_not_training_or_template_cutoffs
8B9C	8B9C_10	AF-P40359-F1	9fb69cb67e3079fd58481686b3e32f9badf14994da061a3c837e6c9b88b2ab82	2023-08-09T00:00:00.000+00:00	2025-08-01T00:00:00Z	released_before_prediction_creation	starting_model_annotation_missing	unresolved_release_and_creation_dates_are_not_training_or_template_cutoffs
8B9C	8B9C_12	AF-Q03406-F1	5cae9a720dba99e7f3e4f1de8b6a63064ee6691f0e076cf8012a08762d7a3c52	2023-08-09T00:00:00.000+00:00	2025-08-01T00:00:00Z	released_before_prediction_creation	starting_model_annotation_missing	unresolved_release_and_creation_dates_are_not_training_or_template_cutoffs
8B9C	8B9C_20	AF-P13382-F1	de337cd8afd0120b5cf00627f819c9c316606171f44248079b9d68cf807e4a32	2023-08-09T00:00:00.000+00:00	2025-08-01T00:00:00Z	released_before_prediction_creation	starting_model_annotation_missing	unresolved_release_and_creation_dates_are_not_training_or_template_cutoffs
8B9C	8B9C_3	AF-P30665-F1	0b38fefaef2eca7f23bb979bc9da1dec4e9a6ffe79ea3e53edd734b02e70527b	2023-08-09T00:00:00.000+00:00	2025-08-01T00:00:00Z	released_before_prediction_creation	starting_model_annotation_missing	unresolved_release_and_creation_dates_are_not_training_or_template_cutoffs
8B9C	8B9C_5	AF-P53091-F1	03b7797a0460645fc3278608ce831cc02c9437647883cfcf335a74b1b3aeb9c3	2023-08-09T00:00:00.000+00:00	2025-08-01T00:00:00Z	released_before_prediction_creation	starting_model_annotation_missing	unresolved_release_and_creation_dates_are_not_training_or_template_cutoffs
8B9C	8B9C_6	AF-P38132-F1	dbff9e0a6531af71d18bb3f0b0febfb568f2e863b6861e6daa67f914c7942edf	2023-08-09T00:00:00.000+00:00	2025-08-01T00:00:00Z	released_before_prediction_creation	starting_model_annotation_missing	unresolved_release_and_creation_dates_are_not_training_or_template_cutoffs
8BW1	8BW1_6	AF-P21242-F1	8283ba552d1a3cf6c49a4d151043a7ef16df99a3d9c30a2b73e7692d36d2c844	2023-12-20T00:00:00.000+00:00	2025-08-01T00:00:00Z	released_before_prediction_creation	only_experimental_starting_models_reported_not_independence_proof	unresolved_release_and_creation_dates_are_not_training_or_template_cutoffs
8BWS	8BWS_6	AF-P20435-F1	b35ac6750b96213d2e2f4608750f185b2daf71c690e6c7ef0382f39de2ec7d1c	2023-04-05T00:00:00.000+00:00	2025-08-01T00:00:00Z	released_before_prediction_creation	starting_model_annotation_missing	unresolved_release_and_creation_dates_are_not_training_or_template_cutoffs
8BWS	8BWS_7	AF-P35718-F1	c6aefbc99f7f43afb83ce630b7d6a0e3a45e1678cbca2b0dab88f0c807f377be	2023-04-05T00:00:00.000+00:00	2025-08-01T00:00:00Z	released_before_prediction_creation	starting_model_annotation_missing	unresolved_release_and_creation_dates_are_not_training_or_template_cutoffs
8BWS	8BWS_8	AF-P20436-F1	ce7cd70250d0b569e39e2cf28c28578cac6ef076795fe9e170de624038c4019d	2023-04-05T00:00:00.000+00:00	2025-08-01T00:00:00Z	released_before_prediction_creation	starting_model_annotation_missing	unresolved_release_and_creation_dates_are_not_training_or_template_cutoffs
8C00	8C00_21	AF-P38333-F1	7853bc1aad7c359d8c4309a1340c0742d4c26c3dbb95f6c3720b0c4dfee7cdaa	2022-12-28T00:00:00.000+00:00	2025-08-01T00:00:00Z	released_before_prediction_creation	starting_model_annotation_missing	unresolved_release_and_creation_dates_are_not_training_or_template_cutoffs
8C00	8C00_24	AF-Q99216-F1	84d2c25c65d615286c613fa6cb43c3a6ded04bf3ea656def6fecf3a43dcb69c6	2022-12-28T00:00:00.000+00:00	2025-08-01T00:00:00Z	released_before_prediction_creation	starting_model_annotation_missing	unresolved_release_and_creation_dates_are_not_training_or_template_cutoffs
8C00	8C00_25	AF-P40160-F1	96d19daa18e83769d4a23f65b801e1dec1a3c4176e1b4edb640a3ceeb7ed20f1	2022-12-28T00:00:00.000+00:00	2025-08-01T00:00:00Z	released_before_prediction_creation	starting_model_annotation_missing	unresolved_release_and_creation_dates_are_not_training_or_template_cutoffs
8C00	8C00_26	AF-Q07381-F1	b6d1f09ad6d4e53fefcb5686e389010be7f9153d60e48a315d684f3f09b21fec	2022-12-28T00:00:00.000+00:00	2025-08-01T00:00:00Z	released_before_prediction_creation	starting_model_annotation_missing	unresolved_release_and_creation_dates_are_not_training_or_template_cutoffs
8C01	8C01_25	AF-P38333-F1	7853bc1aad7c359d8c4309a1340c0742d4c26c3dbb95f6c3720b0c4dfee7cdaa	2022-12-28T00:00:00.000+00:00	2025-08-01T00:00:00Z	released_before_prediction_creation	starting_model_annotation_missing	unresolved_release_and_creation_dates_are_not_training_or_template_cutoffs
8C01	8C01_29	AF-Q99216-F1	84d2c25c65d615286c613fa6cb43c3a6ded04bf3ea656def6fecf3a43dcb69c6	2022-12-28T00:00:00.000+00:00	2025-08-01T00:00:00Z	released_before_prediction_creation	starting_model_annotation_missing	unresolved_release_and_creation_dates_are_not_training_or_template_cutoffs
8C01	8C01_30	AF-P40160-F1	96d19daa18e83769d4a23f65b801e1dec1a3c4176e1b4edb640a3ceeb7ed20f1	2022-12-28T00:00:00.000+00:00	2025-08-01T00:00:00Z	released_before_prediction_creation	starting_model_annotation_missing	unresolved_release_and_creation_dates_are_not_training_or_template_cutoffs
8C01	8C01_31	AF-Q07381-F1	b6d1f09ad6d4e53fefcb5686e389010be7f9153d60e48a315d684f3f09b21fec	2022-12-28T00:00:00.000+00:00	2025-08-01T00:00:00Z	released_before_prediction_creation	starting_model_annotation_missing	unresolved_release_and_creation_dates_are_not_training_or_template_cutoffs
8CAH	8CAH_1	AF-P40217-F1	db0c848d26f2719aa11d159afc8f0b1133f6037749ff3b62a403b4993a55b53d	2023-05-24T00:00:00.000+00:00	2025-08-01T00:00:00Z	released_before_prediction_creation	starting_model_annotation_missing	unresolved_release_and_creation_dates_are_not_training_or_template_cutoffs
8CAH	8CAH_3	AF-P38249-F1	0645362bbfe056a56877c97cff3efb50b0c4a962d7c8500b0d40b60493489a68	2023-05-24T00:00:00.000+00:00	2025-08-01T00:00:00Z	released_before_prediction_creation	starting_model_annotation_missing	unresolved_release_and_creation_dates_are_not_training_or_template_cutoffs
8CAS	8CAS_32	AF-P40217-F1	db0c848d26f2719aa11d159afc8f0b1133f6037749ff3b62a403b4993a55b53d	2023-05-24T00:00:00.000+00:00	2025-08-01T00:00:00Z	released_before_prediction_creation	starting_model_annotation_missing	unresolved_release_and_creation_dates_are_not_training_or_template_cutoffs
8CAS	8CAS_36	AF-P38249-F1	0645362bbfe056a56877c97cff3efb50b0c4a962d7c8500b0d40b60493489a68	2023-05-24T00:00:00.000+00:00	2025-08-01T00:00:00Z	released_before_prediction_creation	starting_model_annotation_missing	unresolved_release_and_creation_dates_are_not_training_or_template_cutoffs
8CAS	8CAS_46	AF-P20459-F1	103b52af36a2c9b9a84c89fd243732557e3cf5b88438528be6a1f8c2023e782e	2023-05-24T00:00:00.000+00:00	2025-08-01T00:00:00Z	released_before_prediction_creation	starting_model_annotation_missing	unresolved_release_and_creation_dates_are_not_training_or_template_cutoffs
8CBJ	8CBJ_10	AF-P40160-F1	96d19daa18e83769d4a23f65b801e1dec1a3c4176e1b4edb640a3ceeb7ed20f1	2023-05-24T00:00:00.000+00:00	2025-08-01T00:00:00Z	released_before_prediction_creation	starting_model_annotation_missing	unresolved_release_and_creation_dates_are_not_training_or_template_cutoffs
8CBJ	8CBJ_6	AF-Q99216-F1	84d2c25c65d615286c613fa6cb43c3a6ded04bf3ea656def6fecf3a43dcb69c6	2023-05-24T00:00:00.000+00:00	2025-08-01T00:00:00Z	released_before_prediction_creation	starting_model_annotation_missing	unresolved_release_and_creation_dates_are_not_training_or_template_cutoffs
8CBJ	8CBJ_7	AF-P38333-F1	7853bc1aad7c359d8c4309a1340c0742d4c26c3dbb95f6c3720b0c4dfee7cdaa	2023-05-24T00:00:00.000+00:00	2025-08-01T00:00:00Z	released_before_prediction_creation	starting_model_annotation_missing	unresolved_release_and_creation_dates_are_not_training_or_template_cutoffs
8CBJ	8CBJ_9	AF-Q07381-F1	b6d1f09ad6d4e53fefcb5686e389010be7f9153d60e48a315d684f3f09b21fec	2023-05-24T00:00:00.000+00:00	2025-08-01T00:00:00Z	released_before_prediction_creation	starting_model_annotation_missing	unresolved_release_and_creation_dates_are_not_training_or_template_cutoffs
8CEN	8CEN_14	AF-P20435-F1	b35ac6750b96213d2e2f4608750f185b2daf71c690e6c7ef0382f39de2ec7d1c	2023-03-22T00:00:00.000+00:00	2025-08-01T00:00:00Z	released_before_prediction_creation	starting_model_annotation_missing	unresolved_release_and_creation_dates_are_not_training_or_template_cutoffs
8CEN	8CEN_16	AF-P20436-F1	ce7cd70250d0b569e39e2cf28c28578cac6ef076795fe9e170de624038c4019d	2023-03-22T00:00:00.000+00:00	2025-08-01T00:00:00Z	released_before_prediction_creation	starting_model_annotation_missing	unresolved_release_and_creation_dates_are_not_training_or_template_cutoffs
8CEN	8CEN_19	AF-P38902-F1	e5ca72de84371c102b60be5d242b8952d384447efd42abc54d2fc7b284a64b0b	2023-03-22T00:00:00.000+00:00	2025-08-01T00:00:00Z	released_before_prediction_creation	starting_model_annotation_missing	unresolved_release_and_creation_dates_are_not_training_or_template_cutoffs
8CEO	8CEO_14	AF-P20435-F1	b35ac6750b96213d2e2f4608750f185b2daf71c690e6c7ef0382f39de2ec7d1c	2023-03-08T00:00:00.000+00:00	2025-08-01T00:00:00Z	released_before_prediction_creation	starting_model_annotation_missing	unresolved_release_and_creation_dates_are_not_training_or_template_cutoffs
8CEO	8CEO_16	AF-P20436-F1	ce7cd70250d0b569e39e2cf28c28578cac6ef076795fe9e170de624038c4019d	2023-03-08T00:00:00.000+00:00	2025-08-01T00:00:00Z	released_before_prediction_creation	starting_model_annotation_missing	unresolved_release_and_creation_dates_are_not_training_or_template_cutoffs
8CEO	8CEO_19	AF-P38902-F1	e5ca72de84371c102b60be5d242b8952d384447efd42abc54d2fc7b284a64b0b	2023-03-08T00:00:00.000+00:00	2025-08-01T00:00:00Z	released_before_prediction_creation	starting_model_annotation_missing	unresolved_release_and_creation_dates_are_not_training_or_template_cutoffs
8DQW	8DQW_4	AF-P38251-F1	85fc271b1d6b5812d61cfbb942b4fdd1dd7974c91c1550dcda620f88377454a0	2022-08-17T00:00:00.000+00:00	2025-08-01T00:00:00Z	released_before_prediction_creation	only_experimental_starting_models_reported_not_independence_proof	unresolved_release_and_creation_dates_are_not_training_or_template_cutoffs
8DQX	8DQX_5	AF-P38251-F1	85fc271b1d6b5812d61cfbb942b4fdd1dd7974c91c1550dcda620f88377454a0	2022-08-24T00:00:00.000+00:00	2025-08-01T00:00:00Z	released_before_prediction_creation	only_experimental_starting_models_reported_not_independence_proof	unresolved_release_and_creation_dates_are_not_training_or_template_cutoffs
8DQZ	8DQZ_5	AF-P38251-F1	85fc271b1d6b5812d61cfbb942b4fdd1dd7974c91c1550dcda620f88377454a0	2022-08-24T00:00:00.000+00:00	2025-08-01T00:00:00Z	released_before_prediction_creation	starting_model_annotation_missing	unresolved_release_and_creation_dates_are_not_training_or_template_cutoffs
8DR0	8DR0_5	AF-P38251-F1	85fc271b1d6b5812d61cfbb942b4fdd1dd7974c91c1550dcda620f88377454a0	2022-08-24T00:00:00.000+00:00	2025-08-01T00:00:00Z	released_before_prediction_creation	starting_model_annotation_missing	unresolved_release_and_creation_dates_are_not_training_or_template_cutoffs
8DR1	8DR1_5	AF-P38251-F1	85fc271b1d6b5812d61cfbb942b4fdd1dd7974c91c1550dcda620f88377454a0	2022-08-17T00:00:00.000+00:00	2025-08-01T00:00:00Z	released_before_prediction_creation	starting_model_annotation_missing	unresolved_release_and_creation_dates_are_not_training_or_template_cutoffs
8DR3	8DR3_5	AF-P38251-F1	85fc271b1d6b5812d61cfbb942b4fdd1dd7974c91c1550dcda620f88377454a0	2022-08-17T00:00:00.000+00:00	2025-08-01T00:00:00Z	released_before_prediction_creation	starting_model_annotation_missing	unresolved_release_and_creation_dates_are_not_training_or_template_cutoffs
8DR4	8DR4_5	AF-P38251-F1	85fc271b1d6b5812d61cfbb942b4fdd1dd7974c91c1550dcda620f88377454a0	2022-08-17T00:00:00.000+00:00	2025-08-01T00:00:00Z	released_before_prediction_creation	starting_model_annotation_missing	unresolved_release_and_creation_dates_are_not_training_or_template_cutoffs
8DR5	8DR5_5	AF-P38251-F1	85fc271b1d6b5812d61cfbb942b4fdd1dd7974c91c1550dcda620f88377454a0	2022-08-17T00:00:00.000+00:00	2025-08-01T00:00:00Z	released_before_prediction_creation	starting_model_annotation_missing	unresolved_release_and_creation_dates_are_not_training_or_template_cutoffs
8DR6	8DR6_5	AF-P38251-F1	85fc271b1d6b5812d61cfbb942b4fdd1dd7974c91c1550dcda620f88377454a0	2022-08-24T00:00:00.000+00:00	2025-08-01T00:00:00Z	released_before_prediction_creation	starting_model_annotation_missing	unresolved_release_and_creation_dates_are_not_training_or_template_cutoffs
8DR7	8DR7_5	AF-P38251-F1	85fc271b1d6b5812d61cfbb942b4fdd1dd7974c91c1550dcda620f88377454a0	2022-08-17T00:00:00.000+00:00	2025-08-01T00:00:00Z	released_before_prediction_creation	starting_model_annotation_missing	unresolved_release_and_creation_dates_are_not_training_or_template_cutoffs
8E5T	8E5T_1	AF-Q12176-F1	bd89b29f1dee0ca7f16d34684bef2a87af5a28c4281a644e26bb32d75698b6bd	2023-04-12T00:00:00.000+00:00	2025-08-01T00:00:00Z	released_before_prediction_creation	only_experimental_starting_models_reported_not_independence_proof	unresolved_release_and_creation_dates_are_not_training_or_template_cutoffs
8E5T	8E5T_14	AF-Q08235-F1	9c6a83a9da179422c01547e108ce6567394cb22d09cd08dfff98fa7fd2cf807e	2023-04-12T00:00:00.000+00:00	2025-08-01T00:00:00Z	released_before_prediction_creation	only_experimental_starting_models_reported_not_independence_proof	unresolved_release_and_creation_dates_are_not_training_or_template_cutoffs
8E5T	8E5T_18	AF-P36049-F1	69b75365f8a13f44361dc06155facde5c7b69920d4b15224becbad9da053cc21	2023-04-12T00:00:00.000+00:00	2025-08-01T00:00:00Z	released_before_prediction_creation	only_experimental_starting_models_reported_not_independence_proof	unresolved_release_and_creation_dates_are_not_training_or_template_cutoffs
8E5T	8E5T_4	AF-P10962-F1	c23ebf76afa06aa1be095f20e72e07bc9da9e0a2d92d4a1370bc697d290b748b	2023-04-12T00:00:00.000+00:00	2025-08-01T00:00:00Z	released_before_prediction_creation	only_experimental_starting_models_reported_not_independence_proof	unresolved_release_and_creation_dates_are_not_training_or_template_cutoffs
8ESQ	8ESQ_16	AF-O13802-F1	56dda84f4e439fc103ca8ad379ae95081c1247f16a2b4185a751ed938a40c3f1	2022-11-30T00:00:00.000+00:00	2025-08-01T00:00:00Z	released_before_prediction_creation	starting_model_annotation_missing	unresolved_release_and_creation_dates_are_not_training_or_template_cutoffs
8ESR	8ESR_15	AF-O13802-F1	56dda84f4e439fc103ca8ad379ae95081c1247f16a2b4185a751ed938a40c3f1	2022-11-30T00:00:00.000+00:00	2025-08-01T00:00:00Z	released_before_prediction_creation	starting_model_annotation_missing	unresolved_release_and_creation_dates_are_not_training_or_template_cutoffs
8ETH	8ETH_15	AF-O13802-F1	56dda84f4e439fc103ca8ad379ae95081c1247f16a2b4185a751ed938a40c3f1	2022-11-30T00:00:00.000+00:00	2025-08-01T00:00:00Z	released_before_prediction_creation	starting_model_annotation_missing	unresolved_release_and_creation_dates_are_not_training_or_template_cutoffs
8ETI	8ETI_15	AF-O13802-F1	56dda84f4e439fc103ca8ad379ae95081c1247f16a2b4185a751ed938a40c3f1	2022-11-30T00:00:00.000+00:00	2025-08-01T00:00:00Z	released_before_prediction_creation	starting_model_annotation_missing	unresolved_release_and_creation_dates_are_not_training_or_template_cutoffs
8EUP	8EUP_15	AF-O13802-F1	56dda84f4e439fc103ca8ad379ae95081c1247f16a2b4185a751ed938a40c3f1	2022-11-30T00:00:00.000+00:00	2025-08-01T00:00:00Z	released_before_prediction_creation	starting_model_annotation_missing	unresolved_release_and_creation_dates_are_not_training_or_template_cutoffs
8EUY	8EUY_15	AF-O13802-F1	56dda84f4e439fc103ca8ad379ae95081c1247f16a2b4185a751ed938a40c3f1	2022-11-30T00:00:00.000+00:00	2025-08-01T00:00:00Z	released_before_prediction_creation	starting_model_annotation_missing	unresolved_release_and_creation_dates_are_not_training_or_template_cutoffs
8EV3	8EV3_15	AF-O13802-F1	56dda84f4e439fc103ca8ad379ae95081c1247f16a2b4185a751ed938a40c3f1	2022-11-30T00:00:00.000+00:00	2025-08-01T00:00:00Z	released_before_prediction_creation	starting_model_annotation_missing	unresolved_release_and_creation_dates_are_not_training_or_template_cutoffs
8FOC	8FOC_2	AF-P10363-F1	d93f7257bb249fb169016330c2e75b78069fe0b18d330a7b0aa84aac019fa3e3	2023-05-31T00:00:00.000+00:00	2025-08-01T00:00:00Z	released_before_prediction_creation	starting_model_annotation_missing	unresolved_release_and_creation_dates_are_not_training_or_template_cutoffs
8FOC	8FOC_4	AF-P13382-F1	de337cd8afd0120b5cf00627f819c9c316606171f44248079b9d68cf807e4a32	2023-05-31T00:00:00.000+00:00	2025-08-01T00:00:00Z	released_before_prediction_creation	starting_model_annotation_missing	unresolved_release_and_creation_dates_are_not_training_or_template_cutoffs
8FOD	8FOD_1	AF-P13382-F1	de337cd8afd0120b5cf00627f819c9c316606171f44248079b9d68cf807e4a32	2023-05-31T00:00:00.000+00:00	2025-08-01T00:00:00Z	released_before_prediction_creation	starting_model_annotation_missing	unresolved_release_and_creation_dates_are_not_training_or_template_cutoffs
8FOD	8FOD_2	AF-P10363-F1	d93f7257bb249fb169016330c2e75b78069fe0b18d330a7b0aa84aac019fa3e3	2023-05-31T00:00:00.000+00:00	2025-08-01T00:00:00Z	released_before_prediction_creation	starting_model_annotation_missing	unresolved_release_and_creation_dates_are_not_training_or_template_cutoffs
8FOE	8FOE_1	AF-P13382-F1	de337cd8afd0120b5cf00627f819c9c316606171f44248079b9d68cf807e4a32	2023-05-31T00:00:00.000+00:00	2025-08-01T00:00:00Z	released_before_prediction_creation	starting_model_annotation_missing	unresolved_release_and_creation_dates_are_not_training_or_template_cutoffs
8FOE	8FOE_2	AF-P10363-F1	d93f7257bb249fb169016330c2e75b78069fe0b18d330a7b0aa84aac019fa3e3	2023-05-31T00:00:00.000+00:00	2025-08-01T00:00:00Z	released_before_prediction_creation	starting_model_annotation_missing	unresolved_release_and_creation_dates_are_not_training_or_template_cutoffs
8FOH	8FOH_1	AF-P13382-F1	de337cd8afd0120b5cf00627f819c9c316606171f44248079b9d68cf807e4a32	2023-05-31T00:00:00.000+00:00	2025-08-01T00:00:00Z	released_before_prediction_creation	starting_model_annotation_missing	unresolved_release_and_creation_dates_are_not_training_or_template_cutoffs
8FOH	8FOH_2	AF-P10363-F1	d93f7257bb249fb169016330c2e75b78069fe0b18d330a7b0aa84aac019fa3e3	2023-05-31T00:00:00.000+00:00	2025-08-01T00:00:00Z	released_before_prediction_creation	starting_model_annotation_missing	unresolved_release_and_creation_dates_are_not_training_or_template_cutoffs
8FOJ	8FOJ_1	AF-P13382-F1	de337cd8afd0120b5cf00627f819c9c316606171f44248079b9d68cf807e4a32	2023-05-31T00:00:00.000+00:00	2025-08-01T00:00:00Z	released_before_prediction_creation	starting_model_annotation_missing	unresolved_release_and_creation_dates_are_not_training_or_template_cutoffs
8FOJ	8FOJ_2	AF-P10363-F1	d93f7257bb249fb169016330c2e75b78069fe0b18d330a7b0aa84aac019fa3e3	2023-05-31T00:00:00.000+00:00	2025-08-01T00:00:00Z	released_before_prediction_creation	starting_model_annotation_missing	unresolved_release_and_creation_dates_are_not_training_or_template_cutoffs
8FOK	8FOK_1	AF-P13382-F1	de337cd8afd0120b5cf00627f819c9c316606171f44248079b9d68cf807e4a32	2023-05-31T00:00:00.000+00:00	2025-08-01T00:00:00Z	released_before_prediction_creation	starting_model_annotation_missing	unresolved_release_and_creation_dates_are_not_training_or_template_cutoffs
8FOK	8FOK_2	AF-P10363-F1	d93f7257bb249fb169016330c2e75b78069fe0b18d330a7b0aa84aac019fa3e3	2023-05-31T00:00:00.000+00:00	2025-08-01T00:00:00Z	released_before_prediction_creation	starting_model_annotation_missing	unresolved_release_and_creation_dates_are_not_training_or_template_cutoffs
8FS3	8FS3_5	AF-P38251-F1	85fc271b1d6b5812d61cfbb942b4fdd1dd7974c91c1550dcda620f88377454a0	2023-06-14T00:00:00.000+00:00	2025-08-01T00:00:00Z	released_before_prediction_creation	starting_model_annotation_missing	unresolved_release_and_creation_dates_are_not_training_or_template_cutoffs
8FS4	8FS4_5	AF-P38251-F1	85fc271b1d6b5812d61cfbb942b4fdd1dd7974c91c1550dcda620f88377454a0	2023-06-14T00:00:00.000+00:00	2025-08-01T00:00:00Z	released_before_prediction_creation	starting_model_annotation_missing	unresolved_release_and_creation_dates_are_not_training_or_template_cutoffs
8FS5	8FS5_5	AF-P38251-F1	85fc271b1d6b5812d61cfbb942b4fdd1dd7974c91c1550dcda620f88377454a0	2023-06-14T00:00:00.000+00:00	2025-08-01T00:00:00Z	released_before_prediction_creation	starting_model_annotation_missing	unresolved_release_and_creation_dates_are_not_training_or_template_cutoffs
8FS6	8FS6_5	AF-P38251-F1	85fc271b1d6b5812d61cfbb942b4fdd1dd7974c91c1550dcda620f88377454a0	2023-06-14T00:00:00.000+00:00	2025-08-01T00:00:00Z	released_before_prediction_creation	starting_model_annotation_missing	unresolved_release_and_creation_dates_are_not_training_or_template_cutoffs
8FS7	8FS7_5	AF-P38251-F1	85fc271b1d6b5812d61cfbb942b4fdd1dd7974c91c1550dcda620f88377454a0	2023-06-14T00:00:00.000+00:00	2025-08-01T00:00:00Z	released_before_prediction_creation	starting_model_annotation_missing	unresolved_release_and_creation_dates_are_not_training_or_template_cutoffs
8FS8	8FS8_5	AF-P38251-F1	85fc271b1d6b5812d61cfbb942b4fdd1dd7974c91c1550dcda620f88377454a0	2023-06-14T00:00:00.000+00:00	2025-08-01T00:00:00Z	released_before_prediction_creation	starting_model_annotation_missing	unresolved_release_and_creation_dates_are_not_training_or_template_cutoffs
8HFR	8HFR_10	AF-Q02892-F1	9b034068144dc1c8f367dcc1d0940877c694565a6c15b2ee590634a8d512edac	2023-04-12T00:00:00.000+00:00	2025-08-01T00:00:00Z	released_before_prediction_creation	starting_model_annotation_missing	unresolved_release_and_creation_dates_are_not_training_or_template_cutoffs
8HFR	8HFR_11	AF-Q07915-F1	1d54d8fc6fd3850a44b980391ada8291d7463d18caf3143cb61d4a3be8997bc2	2023-04-12T00:00:00.000+00:00	2025-08-01T00:00:00Z	released_before_prediction_creation	starting_model_annotation_missing	unresolved_release_and_creation_dates_are_not_training_or_template_cutoffs
8HFR	8HFR_14	AF-Q12522-F1	a9c859214bc288900788ea22094f6779f5e80a857b1a76ad3d655a47854cced8	2023-04-12T00:00:00.000+00:00	2025-08-01T00:00:00Z	released_before_prediction_creation	starting_model_annotation_missing	unresolved_release_and_creation_dates_are_not_training_or_template_cutoffs
8HFR	8HFR_39	AF-P33201-F1	1339886dfb0473fd4dc59344281a8288b3ac1979e074403818c8117482fe794b	2023-04-12T00:00:00.000+00:00	2025-08-01T00:00:00Z	released_before_prediction_creation	starting_model_annotation_missing	unresolved_release_and_creation_dates_are_not_training_or_template_cutoffs
8JCH	8JCH_11	AF-P38902-F1	e5ca72de84371c102b60be5d242b8952d384447efd42abc54d2fc7b284a64b0b	2024-01-31T00:00:00.000+00:00	2025-08-01T00:00:00Z	released_before_prediction_creation	starting_model_annotation_missing	unresolved_release_and_creation_dates_are_not_training_or_template_cutoffs
8JCH	8JCH_18	AF-P27692-F1	d51b4d7b8b361e2fb293c700e23b05e4083bc09e2964443d627e9cd6fd021ad8	2024-01-31T00:00:00.000+00:00	2025-08-01T00:00:00Z	released_before_prediction_creation	starting_model_annotation_missing	unresolved_release_and_creation_dates_are_not_training_or_template_cutoffs
8JCH	8JCH_6	AF-P20435-F1	b35ac6750b96213d2e2f4608750f185b2daf71c690e6c7ef0382f39de2ec7d1c	2024-01-31T00:00:00.000+00:00	2025-08-01T00:00:00Z	released_before_prediction_creation	starting_model_annotation_missing	unresolved_release_and_creation_dates_are_not_training_or_template_cutoffs
8JCH	8JCH_7	AF-P34087-F1	83d3a4bb2b77f2d447e2e34483b92f4a0abd024d20c78f29b9187d33c13f070a	2024-01-31T00:00:00.000+00:00	2025-08-01T00:00:00Z	released_before_prediction_creation	starting_model_annotation_missing	unresolved_release_and_creation_dates_are_not_training_or_template_cutoffs
8JCH	8JCH_8	AF-P20436-F1	ce7cd70250d0b569e39e2cf28c28578cac6ef076795fe9e170de624038c4019d	2024-01-31T00:00:00.000+00:00	2025-08-01T00:00:00Z	released_before_prediction_creation	starting_model_annotation_missing	unresolved_release_and_creation_dates_are_not_training_or_template_cutoffs
8K5P	8K5P_16	AF-P34087-F1	83d3a4bb2b77f2d447e2e34483b92f4a0abd024d20c78f29b9187d33c13f070a	2024-01-31T00:00:00.000+00:00	2025-08-01T00:00:00Z	released_before_prediction_creation	starting_model_annotation_missing	unresolved_release_and_creation_dates_are_not_training_or_template_cutoffs
8K5P	8K5P_5	AF-P20435-F1	b35ac6750b96213d2e2f4608750f185b2daf71c690e6c7ef0382f39de2ec7d1c	2024-01-31T00:00:00.000+00:00	2025-08-01T00:00:00Z	released_before_prediction_creation	starting_model_annotation_missing	unresolved_release_and_creation_dates_are_not_training_or_template_cutoffs
8K5P	8K5P_6	AF-P20436-F1	ce7cd70250d0b569e39e2cf28c28578cac6ef076795fe9e170de624038c4019d	2024-01-31T00:00:00.000+00:00	2025-08-01T00:00:00Z	released_before_prediction_creation	starting_model_annotation_missing	unresolved_release_and_creation_dates_are_not_training_or_template_cutoffs
8K5P	8K5P_9	AF-P38902-F1	e5ca72de84371c102b60be5d242b8952d384447efd42abc54d2fc7b284a64b0b	2024-01-31T00:00:00.000+00:00	2025-08-01T00:00:00Z	released_before_prediction_creation	starting_model_annotation_missing	unresolved_release_and_creation_dates_are_not_training_or_template_cutoffs
8KG6	8KG6_10	AF-Q03406-F1	5cae9a720dba99e7f3e4f1de8b6a63064ee6691f0e076cf8012a08762d7a3c52	2023-12-06T00:00:00.000+00:00	2025-08-01T00:00:00Z	released_before_prediction_creation	only_experimental_starting_models_reported_not_independence_proof	unresolved_release_and_creation_dates_are_not_training_or_template_cutoffs
8KG6	8KG6_3	AF-P30665-F1	0b38fefaef2eca7f23bb979bc9da1dec4e9a6ffe79ea3e53edd734b02e70527b	2023-12-06T00:00:00.000+00:00	2025-08-01T00:00:00Z	released_before_prediction_creation	only_experimental_starting_models_reported_not_independence_proof	unresolved_release_and_creation_dates_are_not_training_or_template_cutoffs
8KG6	8KG6_5	AF-P53091-F1	03b7797a0460645fc3278608ce831cc02c9437647883cfcf335a74b1b3aeb9c3	2023-12-06T00:00:00.000+00:00	2025-08-01T00:00:00Z	released_before_prediction_creation	only_experimental_starting_models_reported_not_independence_proof	unresolved_release_and_creation_dates_are_not_training_or_template_cutoffs
8KG6	8KG6_6	AF-P38132-F1	dbff9e0a6531af71d18bb3f0b0febfb568f2e863b6861e6daa67f914c7942edf	2023-12-06T00:00:00.000+00:00	2025-08-01T00:00:00Z	released_before_prediction_creation	only_experimental_starting_models_reported_not_independence_proof	unresolved_release_and_creation_dates_are_not_training_or_template_cutoffs
8KG6	8KG6_8	AF-P40359-F1	9fb69cb67e3079fd58481686b3e32f9badf14994da061a3c837e6c9b88b2ab82	2023-12-06T00:00:00.000+00:00	2025-08-01T00:00:00Z	released_before_prediction_creation	only_experimental_starting_models_reported_not_independence_proof	unresolved_release_and_creation_dates_are_not_training_or_template_cutoffs
8KG8	8KG8_10	AF-Q03406-F1	5cae9a720dba99e7f3e4f1de8b6a63064ee6691f0e076cf8012a08762d7a3c52	2023-12-06T00:00:00.000+00:00	2025-08-01T00:00:00Z	released_before_prediction_creation	only_experimental_starting_models_reported_not_independence_proof	unresolved_release_and_creation_dates_are_not_training_or_template_cutoffs
8KG8	8KG8_3	AF-P30665-F1	0b38fefaef2eca7f23bb979bc9da1dec4e9a6ffe79ea3e53edd734b02e70527b	2023-12-06T00:00:00.000+00:00	2025-08-01T00:00:00Z	released_before_prediction_creation	only_experimental_starting_models_reported_not_independence_proof	unresolved_release_and_creation_dates_are_not_training_or_template_cutoffs
8KG8	8KG8_5	AF-P53091-F1	03b7797a0460645fc3278608ce831cc02c9437647883cfcf335a74b1b3aeb9c3	2023-12-06T00:00:00.000+00:00	2025-08-01T00:00:00Z	released_before_prediction_creation	only_experimental_starting_models_reported_not_independence_proof	unresolved_release_and_creation_dates_are_not_training_or_template_cutoffs
8KG8	8KG8_6	AF-P38132-F1	dbff9e0a6531af71d18bb3f0b0febfb568f2e863b6861e6daa67f914c7942edf	2023-12-06T00:00:00.000+00:00	2025-08-01T00:00:00Z	released_before_prediction_creation	only_experimental_starting_models_reported_not_independence_proof	unresolved_release_and_creation_dates_are_not_training_or_template_cutoffs
8KG8	8KG8_8	AF-P40359-F1	9fb69cb67e3079fd58481686b3e32f9badf14994da061a3c837e6c9b88b2ab82	2023-12-06T00:00:00.000+00:00	2025-08-01T00:00:00Z	released_before_prediction_creation	only_experimental_starting_models_reported_not_independence_proof	unresolved_release_and_creation_dates_are_not_training_or_template_cutoffs
8KG9	8KG9_10	AF-Q03406-F1	5cae9a720dba99e7f3e4f1de8b6a63064ee6691f0e076cf8012a08762d7a3c52	2023-12-06T00:00:00.000+00:00	2025-08-01T00:00:00Z	released_before_prediction_creation	only_experimental_starting_models_reported_not_independence_proof	unresolved_release_and_creation_dates_are_not_training_or_template_cutoffs
8KG9	8KG9_3	AF-P30665-F1	0b38fefaef2eca7f23bb979bc9da1dec4e9a6ffe79ea3e53edd734b02e70527b	2023-12-06T00:00:00.000+00:00	2025-08-01T00:00:00Z	released_before_prediction_creation	only_experimental_starting_models_reported_not_independence_proof	unresolved_release_and_creation_dates_are_not_training_or_template_cutoffs
8KG9	8KG9_5	AF-P53091-F1	03b7797a0460645fc3278608ce831cc02c9437647883cfcf335a74b1b3aeb9c3	2023-12-06T00:00:00.000+00:00	2025-08-01T00:00:00Z	released_before_prediction_creation	only_experimental_starting_models_reported_not_independence_proof	unresolved_release_and_creation_dates_are_not_training_or_template_cutoffs
8KG9	8KG9_6	AF-P38132-F1	dbff9e0a6531af71d18bb3f0b0febfb568f2e863b6861e6daa67f914c7942edf	2023-12-06T00:00:00.000+00:00	2025-08-01T00:00:00Z	released_before_prediction_creation	only_experimental_starting_models_reported_not_independence_proof	unresolved_release_and_creation_dates_are_not_training_or_template_cutoffs
8KG9	8KG9_8	AF-P40359-F1	9fb69cb67e3079fd58481686b3e32f9badf14994da061a3c837e6c9b88b2ab82	2023-12-06T00:00:00.000+00:00	2025-08-01T00:00:00Z	released_before_prediction_creation	only_experimental_starting_models_reported_not_independence_proof	unresolved_release_and_creation_dates_are_not_training_or_template_cutoffs
8OHZ	8OHZ_6	AF-P21242-F1	8283ba552d1a3cf6c49a4d151043a7ef16df99a3d9c30a2b73e7692d36d2c844	2023-12-27T00:00:00.000+00:00	2025-08-01T00:00:00Z	released_before_prediction_creation	only_experimental_starting_models_reported_not_independence_proof	unresolved_release_and_creation_dates_are_not_training_or_template_cutoffs
8OI1	8OI1_6	AF-P21242-F1	8283ba552d1a3cf6c49a4d151043a7ef16df99a3d9c30a2b73e7692d36d2c844	2023-12-27T00:00:00.000+00:00	2025-08-01T00:00:00Z	released_before_prediction_creation	only_experimental_starting_models_reported_not_independence_proof	unresolved_release_and_creation_dates_are_not_training_or_template_cutoffs
8OLR	8OLR_6	AF-P21242-F1	8283ba552d1a3cf6c49a4d151043a7ef16df99a3d9c30a2b73e7692d36d2c844	2023-12-06T00:00:00.000+00:00	2025-08-01T00:00:00Z	released_before_prediction_creation	only_experimental_starting_models_reported_not_independence_proof	unresolved_release_and_creation_dates_are_not_training_or_template_cutoffs
8P5E	8P5E_10	AF-Q03406-F1	5cae9a720dba99e7f3e4f1de8b6a63064ee6691f0e076cf8012a08762d7a3c52	2024-05-29T00:00:00.000+00:00	2025-08-01T00:00:00Z	released_before_prediction_creation	starting_model_annotation_missing	unresolved_release_and_creation_dates_are_not_training_or_template_cutoffs
8P5E	8P5E_15	AF-P40359-F1	9fb69cb67e3079fd58481686b3e32f9badf14994da061a3c837e6c9b88b2ab82	2024-05-29T00:00:00.000+00:00	2025-08-01T00:00:00Z	released_before_prediction_creation	starting_model_annotation_missing	unresolved_release_and_creation_dates_are_not_training_or_template_cutoffs
8P5E	8P5E_3	AF-P30665-F1	0b38fefaef2eca7f23bb979bc9da1dec4e9a6ffe79ea3e53edd734b02e70527b	2024-05-29T00:00:00.000+00:00	2025-08-01T00:00:00Z	released_before_prediction_creation	starting_model_annotation_missing	unresolved_release_and_creation_dates_are_not_training_or_template_cutoffs
8P5E	8P5E_5	AF-P53091-F1	03b7797a0460645fc3278608ce831cc02c9437647883cfcf335a74b1b3aeb9c3	2024-05-29T00:00:00.000+00:00	2025-08-01T00:00:00Z	released_before_prediction_creation	starting_model_annotation_missing	unresolved_release_and_creation_dates_are_not_training_or_template_cutoffs
8P5E	8P5E_6	AF-P38132-F1	dbff9e0a6531af71d18bb3f0b0febfb568f2e863b6861e6daa67f914c7942edf	2024-05-29T00:00:00.000+00:00	2025-08-01T00:00:00Z	released_before_prediction_creation	starting_model_annotation_missing	unresolved_release_and_creation_dates_are_not_training_or_template_cutoffs
8P62	8P62_14	AF-P40359-F1	9fb69cb67e3079fd58481686b3e32f9badf14994da061a3c837e6c9b88b2ab82	2024-05-29T00:00:00.000+00:00	2025-08-01T00:00:00Z	released_before_prediction_creation	starting_model_annotation_missing	unresolved_release_and_creation_dates_are_not_training_or_template_cutoffs
8P62	8P62_3	AF-P30665-F1	0b38fefaef2eca7f23bb979bc9da1dec4e9a6ffe79ea3e53edd734b02e70527b	2024-05-29T00:00:00.000+00:00	2025-08-01T00:00:00Z	released_before_prediction_creation	starting_model_annotation_missing	unresolved_release_and_creation_dates_are_not_training_or_template_cutoffs
8P62	8P62_5	AF-P53091-F1	03b7797a0460645fc3278608ce831cc02c9437647883cfcf335a74b1b3aeb9c3	2024-05-29T00:00:00.000+00:00	2025-08-01T00:00:00Z	released_before_prediction_creation	starting_model_annotation_missing	unresolved_release_and_creation_dates_are_not_training_or_template_cutoffs
8P62	8P62_6	AF-P38132-F1	dbff9e0a6531af71d18bb3f0b0febfb568f2e863b6861e6daa67f914c7942edf	2024-05-29T00:00:00.000+00:00	2025-08-01T00:00:00Z	released_before_prediction_creation	starting_model_annotation_missing	unresolved_release_and_creation_dates_are_not_training_or_template_cutoffs
8P62	8P62_9	AF-Q03406-F1	5cae9a720dba99e7f3e4f1de8b6a63064ee6691f0e076cf8012a08762d7a3c52	2024-05-29T00:00:00.000+00:00	2025-08-01T00:00:00Z	released_before_prediction_creation	starting_model_annotation_missing	unresolved_release_and_creation_dates_are_not_training_or_template_cutoffs
8P63	8P63_14	AF-P40359-F1	9fb69cb67e3079fd58481686b3e32f9badf14994da061a3c837e6c9b88b2ab82	2024-05-29T00:00:00.000+00:00	2025-08-01T00:00:00Z	released_before_prediction_creation	starting_model_annotation_missing	unresolved_release_and_creation_dates_are_not_training_or_template_cutoffs
8P63	8P63_3	AF-P30665-F1	0b38fefaef2eca7f23bb979bc9da1dec4e9a6ffe79ea3e53edd734b02e70527b	2024-05-29T00:00:00.000+00:00	2025-08-01T00:00:00Z	released_before_prediction_creation	starting_model_annotation_missing	unresolved_release_and_creation_dates_are_not_training_or_template_cutoffs
8P63	8P63_5	AF-P53091-F1	03b7797a0460645fc3278608ce831cc02c9437647883cfcf335a74b1b3aeb9c3	2024-05-29T00:00:00.000+00:00	2025-08-01T00:00:00Z	released_before_prediction_creation	starting_model_annotation_missing	unresolved_release_and_creation_dates_are_not_training_or_template_cutoffs
8P63	8P63_6	AF-P38132-F1	dbff9e0a6531af71d18bb3f0b0febfb568f2e863b6861e6daa67f914c7942edf	2024-05-29T00:00:00.000+00:00	2025-08-01T00:00:00Z	released_before_prediction_creation	starting_model_annotation_missing	unresolved_release_and_creation_dates_are_not_training_or_template_cutoffs
8P63	8P63_9	AF-Q03406-F1	5cae9a720dba99e7f3e4f1de8b6a63064ee6691f0e076cf8012a08762d7a3c52	2024-05-29T00:00:00.000+00:00	2025-08-01T00:00:00Z	released_before_prediction_creation	starting_model_annotation_missing	unresolved_release_and_creation_dates_are_not_training_or_template_cutoffs
8QV2	8QV2_2	AF-P38863-F1	1c163f85ae86dcca2b942339fb9b5aae7f2fdbc3682ba022ba3571dcc1166dd5	2024-04-24T00:00:00.000+00:00	2025-08-01T00:00:00Z	released_before_prediction_creation	starting_model_annotation_missing	unresolved_release_and_creation_dates_are_not_training_or_template_cutoffs
8QV2	8QV2_3	AF-P53540-F1	018d9a0f9f044eb2e31ac355004ba9c03445119103a939258066dab1584e6f63	2024-04-24T00:00:00.000+00:00	2025-08-01T00:00:00Z	released_before_prediction_creation	starting_model_annotation_missing	unresolved_release_and_creation_dates_are_not_training_or_template_cutoffs
8QV3	8QV3_2	AF-P38863-F1	1c163f85ae86dcca2b942339fb9b5aae7f2fdbc3682ba022ba3571dcc1166dd5	2024-04-24T00:00:00.000+00:00	2025-08-01T00:00:00Z	released_before_prediction_creation	starting_model_annotation_missing	unresolved_release_and_creation_dates_are_not_training_or_template_cutoffs
8QV3	8QV3_3	AF-P53540-F1	018d9a0f9f044eb2e31ac355004ba9c03445119103a939258066dab1584e6f63	2024-04-24T00:00:00.000+00:00	2025-08-01T00:00:00Z	released_before_prediction_creation	starting_model_annotation_missing	unresolved_release_and_creation_dates_are_not_training_or_template_cutoffs
8QX8	8QX8_4	AF-P12868-F1	a2a73e470c73305e1f6d4f4e9a9608684ce06e3dc24a05e8ab1a1b9cfc46a1b5	2024-07-03T00:00:00.000+00:00	2025-08-01T00:00:00Z	released_before_prediction_creation	starting_model_annotation_missing	unresolved_release_and_creation_dates_are_not_training_or_template_cutoffs
8RAM	8RAM_11	AF-P38902-F1	e5ca72de84371c102b60be5d242b8952d384447efd42abc54d2fc7b284a64b0b	2024-10-30T00:00:00.000+00:00	2025-08-01T00:00:00Z	released_before_prediction_creation	explicit_AlphaFold_starting_model_entry_level	unresolved_release_and_creation_dates_are_not_training_or_template_cutoffs
8RAM	8RAM_19	AF-P27692-F1	d51b4d7b8b361e2fb293c700e23b05e4083bc09e2964443d627e9cd6fd021ad8	2024-10-30T00:00:00.000+00:00	2025-08-01T00:00:00Z	released_before_prediction_creation	explicit_AlphaFold_starting_model_entry_level	unresolved_release_and_creation_dates_are_not_training_or_template_cutoffs
8RAM	8RAM_6	AF-P20435-F1	b35ac6750b96213d2e2f4608750f185b2daf71c690e6c7ef0382f39de2ec7d1c	2024-10-30T00:00:00.000+00:00	2025-08-01T00:00:00Z	released_before_prediction_creation	explicit_AlphaFold_starting_model_entry_level	unresolved_release_and_creation_dates_are_not_training_or_template_cutoffs
8RAM	8RAM_7	AF-P34087-F1	83d3a4bb2b77f2d447e2e34483b92f4a0abd024d20c78f29b9187d33c13f070a	2024-10-30T00:00:00.000+00:00	2025-08-01T00:00:00Z	released_before_prediction_creation	explicit_AlphaFold_starting_model_entry_level	unresolved_release_and_creation_dates_are_not_training_or_template_cutoffs
8RAM	8RAM_8	AF-P20436-F1	ce7cd70250d0b569e39e2cf28c28578cac6ef076795fe9e170de624038c4019d	2024-10-30T00:00:00.000+00:00	2025-08-01T00:00:00Z	released_before_prediction_creation	explicit_AlphaFold_starting_model_entry_level	unresolved_release_and_creation_dates_are_not_training_or_template_cutoffs
8RAP	8RAP_11	AF-P38902-F1	e5ca72de84371c102b60be5d242b8952d384447efd42abc54d2fc7b284a64b0b	2024-10-30T00:00:00.000+00:00	2025-08-01T00:00:00Z	released_before_prediction_creation	explicit_AlphaFold_starting_model_entry_level	unresolved_release_and_creation_dates_are_not_training_or_template_cutoffs
8RAP	8RAP_19	AF-P27692-F1	d51b4d7b8b361e2fb293c700e23b05e4083bc09e2964443d627e9cd6fd021ad8	2024-10-30T00:00:00.000+00:00	2025-08-01T00:00:00Z	released_before_prediction_creation	explicit_AlphaFold_starting_model_entry_level	unresolved_release_and_creation_dates_are_not_training_or_template_cutoffs
8RAP	8RAP_6	AF-P20435-F1	b35ac6750b96213d2e2f4608750f185b2daf71c690e6c7ef0382f39de2ec7d1c	2024-10-30T00:00:00.000+00:00	2025-08-01T00:00:00Z	released_before_prediction_creation	explicit_AlphaFold_starting_model_entry_level	unresolved_release_and_creation_dates_are_not_training_or_template_cutoffs
8RAP	8RAP_7	AF-P34087-F1	83d3a4bb2b77f2d447e2e34483b92f4a0abd024d20c78f29b9187d33c13f070a	2024-10-30T00:00:00.000+00:00	2025-08-01T00:00:00Z	released_before_prediction_creation	explicit_AlphaFold_starting_model_entry_level	unresolved_release_and_creation_dates_are_not_training_or_template_cutoffs
8RAP	8RAP_8	AF-P20436-F1	ce7cd70250d0b569e39e2cf28c28578cac6ef076795fe9e170de624038c4019d	2024-10-30T00:00:00.000+00:00	2025-08-01T00:00:00Z	released_before_prediction_creation	explicit_AlphaFold_starting_model_entry_level	unresolved_release_and_creation_dates_are_not_training_or_template_cutoffs
8RHJ	8RHJ_6	AF-P21242-F1	8283ba552d1a3cf6c49a4d151043a7ef16df99a3d9c30a2b73e7692d36d2c844	2024-05-01T00:00:00.000+00:00	2025-08-01T00:00:00Z	released_before_prediction_creation	only_experimental_starting_models_reported_not_independence_proof	unresolved_release_and_creation_dates_are_not_training_or_template_cutoffs
8RHK	8RHK_6	AF-P21242-F1	8283ba552d1a3cf6c49a4d151043a7ef16df99a3d9c30a2b73e7692d36d2c844	2024-05-01T00:00:00.000+00:00	2025-08-01T00:00:00Z	released_before_prediction_creation	only_experimental_starting_models_reported_not_independence_proof	unresolved_release_and_creation_dates_are_not_training_or_template_cutoffs
8RHL	8RHL_6	AF-P21242-F1	8283ba552d1a3cf6c49a4d151043a7ef16df99a3d9c30a2b73e7692d36d2c844	2024-05-01T00:00:00.000+00:00	2025-08-01T00:00:00Z	released_before_prediction_creation	only_experimental_starting_models_reported_not_independence_proof	unresolved_release_and_creation_dates_are_not_training_or_template_cutoffs
8RIF	8RIF_3	AF-P30665-F1	0b38fefaef2eca7f23bb979bc9da1dec4e9a6ffe79ea3e53edd734b02e70527b	2025-01-01T00:00:00.000+00:00	2025-08-01T00:00:00Z	released_before_prediction_creation	only_experimental_starting_models_reported_not_independence_proof	unresolved_release_and_creation_dates_are_not_training_or_template_cutoffs
8RIF	8RIF_5	AF-P53091-F1	03b7797a0460645fc3278608ce831cc02c9437647883cfcf335a74b1b3aeb9c3	2025-01-01T00:00:00.000+00:00	2025-08-01T00:00:00Z	released_before_prediction_creation	only_experimental_starting_models_reported_not_independence_proof	unresolved_release_and_creation_dates_are_not_training_or_template_cutoffs
8RIF	8RIF_6	AF-P38132-F1	dbff9e0a6531af71d18bb3f0b0febfb568f2e863b6861e6daa67f914c7942edf	2025-01-01T00:00:00.000+00:00	2025-08-01T00:00:00Z	released_before_prediction_creation	only_experimental_starting_models_reported_not_independence_proof	unresolved_release_and_creation_dates_are_not_training_or_template_cutoffs
8RIG	8RIG_3	AF-P30665-F1	0b38fefaef2eca7f23bb979bc9da1dec4e9a6ffe79ea3e53edd734b02e70527b	2025-01-01T00:00:00.000+00:00	2025-08-01T00:00:00Z	released_before_prediction_creation	only_experimental_starting_models_reported_not_independence_proof	unresolved_release_and_creation_dates_are_not_training_or_template_cutoffs
8RIG	8RIG_5	AF-P53091-F1	03b7797a0460645fc3278608ce831cc02c9437647883cfcf335a74b1b3aeb9c3	2025-01-01T00:00:00.000+00:00	2025-08-01T00:00:00Z	released_before_prediction_creation	only_experimental_starting_models_reported_not_independence_proof	unresolved_release_and_creation_dates_are_not_training_or_template_cutoffs
8RIG	8RIG_6	AF-P38132-F1	dbff9e0a6531af71d18bb3f0b0febfb568f2e863b6861e6daa67f914c7942edf	2025-01-01T00:00:00.000+00:00	2025-08-01T00:00:00Z	released_before_prediction_creation	only_experimental_starting_models_reported_not_independence_proof	unresolved_release_and_creation_dates_are_not_training_or_template_cutoffs
8RVL	8RVL_13	AF-P21242-F1	8283ba552d1a3cf6c49a4d151043a7ef16df99a3d9c30a2b73e7692d36d2c844	2024-09-11T00:00:00.000+00:00	2025-08-01T00:00:00Z	released_before_prediction_creation	starting_model_annotation_missing	unresolved_release_and_creation_dates_are_not_training_or_template_cutoffs
8RVQ	8RVQ_5	AF-P21242-F1	8283ba552d1a3cf6c49a4d151043a7ef16df99a3d9c30a2b73e7692d36d2c844	2024-09-11T00:00:00.000+00:00	2025-08-01T00:00:00Z	released_before_prediction_creation	starting_model_annotation_missing	unresolved_release_and_creation_dates_are_not_training_or_template_cutoffs
8RW1	8RW1_39	AF-P20459-F1	103b52af36a2c9b9a84c89fd243732557e3cf5b88438528be6a1f8c2023e782e	2024-09-11T00:00:00.000+00:00	2025-08-01T00:00:00Z	released_before_prediction_creation	only_experimental_starting_models_reported_not_independence_proof	unresolved_release_and_creation_dates_are_not_training_or_template_cutoffs
8S8D	8S8D_39	AF-P20459-F1	103b52af36a2c9b9a84c89fd243732557e3cf5b88438528be6a1f8c2023e782e	2024-09-11T00:00:00.000+00:00	2025-08-01T00:00:00Z	released_before_prediction_creation	starting_model_annotation_missing	unresolved_release_and_creation_dates_are_not_training_or_template_cutoffs
8S8E	8S8E_39	AF-P20459-F1	103b52af36a2c9b9a84c89fd243732557e3cf5b88438528be6a1f8c2023e782e	2024-09-11T00:00:00.000+00:00	2025-08-01T00:00:00Z	released_before_prediction_creation	starting_model_annotation_missing	unresolved_release_and_creation_dates_are_not_training_or_template_cutoffs
8S8E	8S8E_42	AF-P38249-F1	0645362bbfe056a56877c97cff3efb50b0c4a962d7c8500b0d40b60493489a68	2024-09-11T00:00:00.000+00:00	2025-08-01T00:00:00Z	released_before_prediction_creation	starting_model_annotation_missing	unresolved_release_and_creation_dates_are_not_training_or_template_cutoffs
8S8F	8S8F_39	AF-P20459-F1	103b52af36a2c9b9a84c89fd243732557e3cf5b88438528be6a1f8c2023e782e	2024-09-11T00:00:00.000+00:00	2025-08-01T00:00:00Z	released_before_prediction_creation	starting_model_annotation_missing	unresolved_release_and_creation_dates_are_not_training_or_template_cutoffs
8S8G	8S8G_39	AF-P20459-F1	103b52af36a2c9b9a84c89fd243732557e3cf5b88438528be6a1f8c2023e782e	2024-09-11T00:00:00.000+00:00	2025-08-01T00:00:00Z	released_before_prediction_creation	starting_model_annotation_missing	unresolved_release_and_creation_dates_are_not_training_or_template_cutoffs
8S8H	8S8H_39	AF-P20459-F1	103b52af36a2c9b9a84c89fd243732557e3cf5b88438528be6a1f8c2023e782e	2024-09-11T00:00:00.000+00:00	2025-08-01T00:00:00Z	released_before_prediction_creation	starting_model_annotation_missing	unresolved_release_and_creation_dates_are_not_training_or_template_cutoffs
8S8I	8S8I_39	AF-P20459-F1	103b52af36a2c9b9a84c89fd243732557e3cf5b88438528be6a1f8c2023e782e	2024-09-11T00:00:00.000+00:00	2025-08-01T00:00:00Z	released_before_prediction_creation	starting_model_annotation_missing	unresolved_release_and_creation_dates_are_not_training_or_template_cutoffs
8S8J	8S8J_39	AF-P20459-F1	103b52af36a2c9b9a84c89fd243732557e3cf5b88438528be6a1f8c2023e782e	2024-09-11T00:00:00.000+00:00	2025-08-01T00:00:00Z	released_before_prediction_creation	starting_model_annotation_missing	unresolved_release_and_creation_dates_are_not_training_or_template_cutoffs
8S8K	8S8K_39	AF-P20459-F1	103b52af36a2c9b9a84c89fd243732557e3cf5b88438528be6a1f8c2023e782e	2024-11-06T00:00:00.000+00:00	2025-08-01T00:00:00Z	released_before_prediction_creation	starting_model_annotation_missing	unresolved_release_and_creation_dates_are_not_training_or_template_cutoffs
8T08	8T08_7	AF-P21242-F1	8283ba552d1a3cf6c49a4d151043a7ef16df99a3d9c30a2b73e7692d36d2c844	2023-09-06T00:00:00.000+00:00	2025-08-01T00:00:00Z	released_before_prediction_creation	starting_model_annotation_missing	unresolved_release_and_creation_dates_are_not_training_or_template_cutoffs
8T0M	8T0M_7	AF-P21242-F1	8283ba552d1a3cf6c49a4d151043a7ef16df99a3d9c30a2b73e7692d36d2c844	2023-09-06T00:00:00.000+00:00	2025-08-01T00:00:00Z	released_before_prediction_creation	starting_model_annotation_missing	unresolved_release_and_creation_dates_are_not_training_or_template_cutoffs
8THB	8THB_5	AF-P38251-F1	85fc271b1d6b5812d61cfbb942b4fdd1dd7974c91c1550dcda620f88377454a0	2024-05-22T00:00:00.000+00:00	2025-08-01T00:00:00Z	released_before_prediction_creation	starting_model_annotation_missing	unresolved_release_and_creation_dates_are_not_training_or_template_cutoffs
8THC	8THC_5	AF-P38251-F1	85fc271b1d6b5812d61cfbb942b4fdd1dd7974c91c1550dcda620f88377454a0	2024-05-22T00:00:00.000+00:00	2025-08-01T00:00:00Z	released_before_prediction_creation	starting_model_annotation_missing	unresolved_release_and_creation_dates_are_not_training_or_template_cutoffs
8THD	8THD_5	AF-P38251-F1	85fc271b1d6b5812d61cfbb942b4fdd1dd7974c91c1550dcda620f88377454a0	2024-05-22T00:00:00.000+00:00	2025-08-01T00:00:00Z	released_before_prediction_creation	starting_model_annotation_missing	unresolved_release_and_creation_dates_are_not_training_or_template_cutoffs
8TUG	8TUG_11	AF-P38902-F1	e5ca72de84371c102b60be5d242b8952d384447efd42abc54d2fc7b284a64b0b	2024-01-24T00:00:00.000+00:00	2025-08-01T00:00:00Z	released_before_prediction_creation	starting_model_annotation_missing	unresolved_release_and_creation_dates_are_not_training_or_template_cutoffs
8TUG	8TUG_6	AF-P20435-F1	b35ac6750b96213d2e2f4608750f185b2daf71c690e6c7ef0382f39de2ec7d1c	2024-01-24T00:00:00.000+00:00	2025-08-01T00:00:00Z	released_before_prediction_creation	starting_model_annotation_missing	unresolved_release_and_creation_dates_are_not_training_or_template_cutoffs
8TUG	8TUG_7	AF-P34087-F1	83d3a4bb2b77f2d447e2e34483b92f4a0abd024d20c78f29b9187d33c13f070a	2024-01-24T00:00:00.000+00:00	2025-08-01T00:00:00Z	released_before_prediction_creation	starting_model_annotation_missing	unresolved_release_and_creation_dates_are_not_training_or_template_cutoffs
8TUG	8TUG_8	AF-P20436-F1	ce7cd70250d0b569e39e2cf28c28578cac6ef076795fe9e170de624038c4019d	2024-01-24T00:00:00.000+00:00	2025-08-01T00:00:00Z	released_before_prediction_creation	starting_model_annotation_missing	unresolved_release_and_creation_dates_are_not_training_or_template_cutoffs
8TVP	8TVP_11	AF-P38902-F1	e5ca72de84371c102b60be5d242b8952d384447efd42abc54d2fc7b284a64b0b	2024-01-24T00:00:00.000+00:00	2025-08-01T00:00:00Z	released_before_prediction_creation	starting_model_annotation_missing	unresolved_release_and_creation_dates_are_not_training_or_template_cutoffs
8TVP	8TVP_6	AF-P20435-F1	b35ac6750b96213d2e2f4608750f185b2daf71c690e6c7ef0382f39de2ec7d1c	2024-01-24T00:00:00.000+00:00	2025-08-01T00:00:00Z	released_before_prediction_creation	starting_model_annotation_missing	unresolved_release_and_creation_dates_are_not_training_or_template_cutoffs
8TVP	8TVP_7	AF-P34087-F1	83d3a4bb2b77f2d447e2e34483b92f4a0abd024d20c78f29b9187d33c13f070a	2024-01-24T00:00:00.000+00:00	2025-08-01T00:00:00Z	released_before_prediction_creation	starting_model_annotation_missing	unresolved_release_and_creation_dates_are_not_training_or_template_cutoffs
8TVP	8TVP_8	AF-P20436-F1	ce7cd70250d0b569e39e2cf28c28578cac6ef076795fe9e170de624038c4019d	2024-01-24T00:00:00.000+00:00	2025-08-01T00:00:00Z	released_before_prediction_creation	starting_model_annotation_missing	unresolved_release_and_creation_dates_are_not_training_or_template_cutoffs
8TVQ	8TVQ_5	AF-P20435-F1	b35ac6750b96213d2e2f4608750f185b2daf71c690e6c7ef0382f39de2ec7d1c	2024-01-24T00:00:00.000+00:00	2025-08-01T00:00:00Z	released_before_prediction_creation	starting_model_annotation_missing	unresolved_release_and_creation_dates_are_not_training_or_template_cutoffs
8TVQ	8TVQ_6	AF-P20436-F1	ce7cd70250d0b569e39e2cf28c28578cac6ef076795fe9e170de624038c4019d	2024-01-24T00:00:00.000+00:00	2025-08-01T00:00:00Z	released_before_prediction_creation	starting_model_annotation_missing	unresolved_release_and_creation_dates_are_not_training_or_template_cutoffs
8TVQ	8TVQ_9	AF-P38902-F1	e5ca72de84371c102b60be5d242b8952d384447efd42abc54d2fc7b284a64b0b	2024-01-24T00:00:00.000+00:00	2025-08-01T00:00:00Z	released_before_prediction_creation	starting_model_annotation_missing	unresolved_release_and_creation_dates_are_not_training_or_template_cutoffs
8TVS	8TVS_11	AF-P38902-F1	e5ca72de84371c102b60be5d242b8952d384447efd42abc54d2fc7b284a64b0b	2024-01-24T00:00:00.000+00:00	2025-08-01T00:00:00Z	released_before_prediction_creation	starting_model_annotation_missing	unresolved_release_and_creation_dates_are_not_training_or_template_cutoffs
8TVS	8TVS_6	AF-P20435-F1	b35ac6750b96213d2e2f4608750f185b2daf71c690e6c7ef0382f39de2ec7d1c	2024-01-24T00:00:00.000+00:00	2025-08-01T00:00:00Z	released_before_prediction_creation	starting_model_annotation_missing	unresolved_release_and_creation_dates_are_not_training_or_template_cutoffs
8TVS	8TVS_7	AF-P34087-F1	83d3a4bb2b77f2d447e2e34483b92f4a0abd024d20c78f29b9187d33c13f070a	2024-01-24T00:00:00.000+00:00	2025-08-01T00:00:00Z	released_before_prediction_creation	starting_model_annotation_missing	unresolved_release_and_creation_dates_are_not_training_or_template_cutoffs
8TVS	8TVS_8	AF-P20436-F1	ce7cd70250d0b569e39e2cf28c28578cac6ef076795fe9e170de624038c4019d	2024-01-24T00:00:00.000+00:00	2025-08-01T00:00:00Z	released_before_prediction_creation	starting_model_annotation_missing	unresolved_release_and_creation_dates_are_not_training_or_template_cutoffs
8TVV	8TVV_11	AF-P38902-F1	e5ca72de84371c102b60be5d242b8952d384447efd42abc54d2fc7b284a64b0b	2024-01-24T00:00:00.000+00:00	2025-08-01T00:00:00Z	released_before_prediction_creation	starting_model_annotation_missing	unresolved_release_and_creation_dates_are_not_training_or_template_cutoffs
8TVV	8TVV_6	AF-P20435-F1	b35ac6750b96213d2e2f4608750f185b2daf71c690e6c7ef0382f39de2ec7d1c	2024-01-24T00:00:00.000+00:00	2025-08-01T00:00:00Z	released_before_prediction_creation	starting_model_annotation_missing	unresolved_release_and_creation_dates_are_not_training_or_template_cutoffs
8TVV	8TVV_7	AF-P34087-F1	83d3a4bb2b77f2d447e2e34483b92f4a0abd024d20c78f29b9187d33c13f070a	2024-01-24T00:00:00.000+00:00	2025-08-01T00:00:00Z	released_before_prediction_creation	starting_model_annotation_missing	unresolved_release_and_creation_dates_are_not_training_or_template_cutoffs
8TVV	8TVV_8	AF-P20436-F1	ce7cd70250d0b569e39e2cf28c28578cac6ef076795fe9e170de624038c4019d	2024-01-24T00:00:00.000+00:00	2025-08-01T00:00:00Z	released_before_prediction_creation	starting_model_annotation_missing	unresolved_release_and_creation_dates_are_not_training_or_template_cutoffs
8TVW	8TVW_11	AF-P38902-F1	e5ca72de84371c102b60be5d242b8952d384447efd42abc54d2fc7b284a64b0b	2024-01-24T00:00:00.000+00:00	2025-08-01T00:00:00Z	released_before_prediction_creation	starting_model_annotation_missing	unresolved_release_and_creation_dates_are_not_training_or_template_cutoffs
8TVW	8TVW_6	AF-P20435-F1	b35ac6750b96213d2e2f4608750f185b2daf71c690e6c7ef0382f39de2ec7d1c	2024-01-24T00:00:00.000+00:00	2025-08-01T00:00:00Z	released_before_prediction_creation	starting_model_annotation_missing	unresolved_release_and_creation_dates_are_not_training_or_template_cutoffs
8TVW	8TVW_7	AF-P34087-F1	83d3a4bb2b77f2d447e2e34483b92f4a0abd024d20c78f29b9187d33c13f070a	2024-01-24T00:00:00.000+00:00	2025-08-01T00:00:00Z	released_before_prediction_creation	starting_model_annotation_missing	unresolved_release_and_creation_dates_are_not_training_or_template_cutoffs
8TVW	8TVW_8	AF-P20436-F1	ce7cd70250d0b569e39e2cf28c28578cac6ef076795fe9e170de624038c4019d	2024-01-24T00:00:00.000+00:00	2025-08-01T00:00:00Z	released_before_prediction_creation	starting_model_annotation_missing	unresolved_release_and_creation_dates_are_not_training_or_template_cutoffs
8TVX	8TVX_11	AF-P38902-F1	e5ca72de84371c102b60be5d242b8952d384447efd42abc54d2fc7b284a64b0b	2024-01-24T00:00:00.000+00:00	2025-08-01T00:00:00Z	released_before_prediction_creation	starting_model_annotation_missing	unresolved_release_and_creation_dates_are_not_training_or_template_cutoffs
8TVX	8TVX_6	AF-P20435-F1	b35ac6750b96213d2e2f4608750f185b2daf71c690e6c7ef0382f39de2ec7d1c	2024-01-24T00:00:00.000+00:00	2025-08-01T00:00:00Z	released_before_prediction_creation	starting_model_annotation_missing	unresolved_release_and_creation_dates_are_not_training_or_template_cutoffs
8TVX	8TVX_7	AF-P34087-F1	83d3a4bb2b77f2d447e2e34483b92f4a0abd024d20c78f29b9187d33c13f070a	2024-01-24T00:00:00.000+00:00	2025-08-01T00:00:00Z	released_before_prediction_creation	starting_model_annotation_missing	unresolved_release_and_creation_dates_are_not_training_or_template_cutoffs
8TVX	8TVX_8	AF-P20436-F1	ce7cd70250d0b569e39e2cf28c28578cac6ef076795fe9e170de624038c4019d	2024-01-24T00:00:00.000+00:00	2025-08-01T00:00:00Z	released_before_prediction_creation	starting_model_annotation_missing	unresolved_release_and_creation_dates_are_not_training_or_template_cutoffs
8TVY	8TVY_11	AF-P38902-F1	e5ca72de84371c102b60be5d242b8952d384447efd42abc54d2fc7b284a64b0b	2024-01-24T00:00:00.000+00:00	2025-08-01T00:00:00Z	released_before_prediction_creation	starting_model_annotation_missing	unresolved_release_and_creation_dates_are_not_training_or_template_cutoffs
8TVY	8TVY_6	AF-P20435-F1	b35ac6750b96213d2e2f4608750f185b2daf71c690e6c7ef0382f39de2ec7d1c	2024-01-24T00:00:00.000+00:00	2025-08-01T00:00:00Z	released_before_prediction_creation	starting_model_annotation_missing	unresolved_release_and_creation_dates_are_not_training_or_template_cutoffs
8TVY	8TVY_7	AF-P34087-F1	83d3a4bb2b77f2d447e2e34483b92f4a0abd024d20c78f29b9187d33c13f070a	2024-01-24T00:00:00.000+00:00	2025-08-01T00:00:00Z	released_before_prediction_creation	starting_model_annotation_missing	unresolved_release_and_creation_dates_are_not_training_or_template_cutoffs
8TVY	8TVY_8	AF-P20436-F1	ce7cd70250d0b569e39e2cf28c28578cac6ef076795fe9e170de624038c4019d	2024-01-24T00:00:00.000+00:00	2025-08-01T00:00:00Z	released_before_prediction_creation	starting_model_annotation_missing	unresolved_release_and_creation_dates_are_not_training_or_template_cutoffs
8TW7	8TW7_1	AF-P38251-F1	85fc271b1d6b5812d61cfbb942b4fdd1dd7974c91c1550dcda620f88377454a0	2024-09-04T00:00:00.000+00:00	2025-08-01T00:00:00Z	released_before_prediction_creation	starting_model_annotation_missing	unresolved_release_and_creation_dates_are_not_training_or_template_cutoffs
8TW8	8TW8_4	AF-P38251-F1	85fc271b1d6b5812d61cfbb942b4fdd1dd7974c91c1550dcda620f88377454a0	2024-09-04T00:00:00.000+00:00	2025-08-01T00:00:00Z	released_before_prediction_creation	starting_model_annotation_missing	unresolved_release_and_creation_dates_are_not_training_or_template_cutoffs
8TWA	8TWA_10	AF-P38251-F1	85fc271b1d6b5812d61cfbb942b4fdd1dd7974c91c1550dcda620f88377454a0	2024-09-04T00:00:00.000+00:00	2025-08-01T00:00:00Z	released_before_prediction_creation	starting_model_annotation_missing	unresolved_release_and_creation_dates_are_not_training_or_template_cutoffs
8TWA	8TWA_11	AF-P49956-F1	156cf677b796c2aaebdb1cd6921ef4a0fd409dce1c8b22e2d01eadc82b0b8d81	2024-09-04T00:00:00.000+00:00	2025-08-01T00:00:00Z	released_before_prediction_creation	starting_model_annotation_missing	unresolved_release_and_creation_dates_are_not_training_or_template_cutoffs
8TWB	8TWB_4	AF-P38251-F1	85fc271b1d6b5812d61cfbb942b4fdd1dd7974c91c1550dcda620f88377454a0	2024-09-04T00:00:00.000+00:00	2025-08-01T00:00:00Z	released_before_prediction_creation	starting_model_annotation_missing	unresolved_release_and_creation_dates_are_not_training_or_template_cutoffs
8U6Y	8U6Y_7	AF-P21242-F1	8283ba552d1a3cf6c49a4d151043a7ef16df99a3d9c30a2b73e7692d36d2c844	2024-04-17T00:00:00.000+00:00	2025-08-01T00:00:00Z	released_before_prediction_creation	only_experimental_starting_models_reported_not_independence_proof	unresolved_release_and_creation_dates_are_not_training_or_template_cutoffs
8U7U	8U7U_7	AF-P21242-F1	8283ba552d1a3cf6c49a4d151043a7ef16df99a3d9c30a2b73e7692d36d2c844	2024-04-17T00:00:00.000+00:00	2025-08-01T00:00:00Z	released_before_prediction_creation	only_experimental_starting_models_reported_not_independence_proof	unresolved_release_and_creation_dates_are_not_training_or_template_cutoffs
8U9R	8U9R_6	AF-P20435-F1	b35ac6750b96213d2e2f4608750f185b2daf71c690e6c7ef0382f39de2ec7d1c	2024-09-18T00:00:00.000+00:00	2025-08-01T00:00:00Z	released_before_prediction_creation	only_experimental_starting_models_reported_not_independence_proof	unresolved_release_and_creation_dates_are_not_training_or_template_cutoffs
8U9X	8U9X_6	AF-P20435-F1	b35ac6750b96213d2e2f4608750f185b2daf71c690e6c7ef0382f39de2ec7d1c	2024-09-18T00:00:00.000+00:00	2025-08-01T00:00:00Z	released_before_prediction_creation	starting_model_annotation_missing	unresolved_release_and_creation_dates_are_not_training_or_template_cutoffs
8UKQ	8UKQ_12	AF-P38902-F1	e5ca72de84371c102b60be5d242b8952d384447efd42abc54d2fc7b284a64b0b	2024-04-24T00:00:00.000+00:00	2025-08-01T00:00:00Z	released_before_prediction_creation	only_experimental_starting_models_reported_not_independence_proof	unresolved_release_and_creation_dates_are_not_training_or_template_cutoffs
8UKQ	8UKQ_8	AF-P20435-F1	b35ac6750b96213d2e2f4608750f185b2daf71c690e6c7ef0382f39de2ec7d1c	2024-04-24T00:00:00.000+00:00	2025-08-01T00:00:00Z	released_before_prediction_creation	only_experimental_starting_models_reported_not_independence_proof	unresolved_release_and_creation_dates_are_not_training_or_template_cutoffs
8UKQ	8UKQ_9	AF-P20436-F1	ce7cd70250d0b569e39e2cf28c28578cac6ef076795fe9e170de624038c4019d	2024-04-24T00:00:00.000+00:00	2025-08-01T00:00:00Z	released_before_prediction_creation	only_experimental_starting_models_reported_not_independence_proof	unresolved_release_and_creation_dates_are_not_training_or_template_cutoffs
8UKR	8UKR_12	AF-P38902-F1	e5ca72de84371c102b60be5d242b8952d384447efd42abc54d2fc7b284a64b0b	2024-04-24T00:00:00.000+00:00	2025-08-01T00:00:00Z	released_before_prediction_creation	only_experimental_starting_models_reported_not_independence_proof	unresolved_release_and_creation_dates_are_not_training_or_template_cutoffs
8UKR	8UKR_8	AF-P20435-F1	b35ac6750b96213d2e2f4608750f185b2daf71c690e6c7ef0382f39de2ec7d1c	2024-04-24T00:00:00.000+00:00	2025-08-01T00:00:00Z	released_before_prediction_creation	only_experimental_starting_models_reported_not_independence_proof	unresolved_release_and_creation_dates_are_not_training_or_template_cutoffs
8UKR	8UKR_9	AF-P20436-F1	ce7cd70250d0b569e39e2cf28c28578cac6ef076795fe9e170de624038c4019d	2024-04-24T00:00:00.000+00:00	2025-08-01T00:00:00Z	released_before_prediction_creation	only_experimental_starting_models_reported_not_independence_proof	unresolved_release_and_creation_dates_are_not_training_or_template_cutoffs
8UKS	8UKS_12	AF-P38902-F1	e5ca72de84371c102b60be5d242b8952d384447efd42abc54d2fc7b284a64b0b	2024-04-24T00:00:00.000+00:00	2025-08-01T00:00:00Z	released_before_prediction_creation	only_experimental_starting_models_reported_not_independence_proof	unresolved_release_and_creation_dates_are_not_training_or_template_cutoffs
8UKS	8UKS_8	AF-P20435-F1	b35ac6750b96213d2e2f4608750f185b2daf71c690e6c7ef0382f39de2ec7d1c	2024-04-24T00:00:00.000+00:00	2025-08-01T00:00:00Z	released_before_prediction_creation	only_experimental_starting_models_reported_not_independence_proof	unresolved_release_and_creation_dates_are_not_training_or_template_cutoffs
8UKS	8UKS_9	AF-P20436-F1	ce7cd70250d0b569e39e2cf28c28578cac6ef076795fe9e170de624038c4019d	2024-04-24T00:00:00.000+00:00	2025-08-01T00:00:00Z	released_before_prediction_creation	only_experimental_starting_models_reported_not_independence_proof	unresolved_release_and_creation_dates_are_not_training_or_template_cutoffs
8UKT	8UKT_12	AF-P38902-F1	e5ca72de84371c102b60be5d242b8952d384447efd42abc54d2fc7b284a64b0b	2024-04-24T00:00:00.000+00:00	2025-08-01T00:00:00Z	released_before_prediction_creation	only_experimental_starting_models_reported_not_independence_proof	unresolved_release_and_creation_dates_are_not_training_or_template_cutoffs
8UKT	8UKT_8	AF-P20435-F1	b35ac6750b96213d2e2f4608750f185b2daf71c690e6c7ef0382f39de2ec7d1c	2024-04-24T00:00:00.000+00:00	2025-08-01T00:00:00Z	released_before_prediction_creation	only_experimental_starting_models_reported_not_independence_proof	unresolved_release_and_creation_dates_are_not_training_or_template_cutoffs
8UKT	8UKT_9	AF-P20436-F1	ce7cd70250d0b569e39e2cf28c28578cac6ef076795fe9e170de624038c4019d	2024-04-24T00:00:00.000+00:00	2025-08-01T00:00:00Z	released_before_prediction_creation	only_experimental_starting_models_reported_not_independence_proof	unresolved_release_and_creation_dates_are_not_training_or_template_cutoffs
8UKU	8UKU_12	AF-P38902-F1	e5ca72de84371c102b60be5d242b8952d384447efd42abc54d2fc7b284a64b0b	2024-04-24T00:00:00.000+00:00	2025-08-01T00:00:00Z	released_before_prediction_creation	only_experimental_starting_models_reported_not_independence_proof	unresolved_release_and_creation_dates_are_not_training_or_template_cutoffs
8UKU	8UKU_8	AF-P20435-F1	b35ac6750b96213d2e2f4608750f185b2daf71c690e6c7ef0382f39de2ec7d1c	2024-04-24T00:00:00.000+00:00	2025-08-01T00:00:00Z	released_before_prediction_creation	only_experimental_starting_models_reported_not_independence_proof	unresolved_release_and_creation_dates_are_not_training_or_template_cutoffs
8UKU	8UKU_9	AF-P20436-F1	ce7cd70250d0b569e39e2cf28c28578cac6ef076795fe9e170de624038c4019d	2024-04-24T00:00:00.000+00:00	2025-08-01T00:00:00Z	released_before_prediction_creation	only_experimental_starting_models_reported_not_independence_proof	unresolved_release_and_creation_dates_are_not_training_or_template_cutoffs
8UMH	8UMH_10	AF-P38902-F1	e5ca72de84371c102b60be5d242b8952d384447efd42abc54d2fc7b284a64b0b	2024-10-30T00:00:00.000+00:00	2025-08-01T00:00:00Z	released_before_prediction_creation	starting_model_annotation_missing	unresolved_release_and_creation_dates_are_not_training_or_template_cutoffs
8UMH	8UMH_21	AF-P34087-F1	83d3a4bb2b77f2d447e2e34483b92f4a0abd024d20c78f29b9187d33c13f070a	2024-10-30T00:00:00.000+00:00	2025-08-01T00:00:00Z	released_before_prediction_creation	starting_model_annotation_missing	unresolved_release_and_creation_dates_are_not_training_or_template_cutoffs
8UMH	8UMH_6	AF-P20435-F1	b35ac6750b96213d2e2f4608750f185b2daf71c690e6c7ef0382f39de2ec7d1c	2024-10-30T00:00:00.000+00:00	2025-08-01T00:00:00Z	released_before_prediction_creation	starting_model_annotation_missing	unresolved_release_and_creation_dates_are_not_training_or_template_cutoffs
8UMH	8UMH_7	AF-P20436-F1	ce7cd70250d0b569e39e2cf28c28578cac6ef076795fe9e170de624038c4019d	2024-10-30T00:00:00.000+00:00	2025-08-01T00:00:00Z	released_before_prediction_creation	starting_model_annotation_missing	unresolved_release_and_creation_dates_are_not_training_or_template_cutoffs
8UMI	8UMI_13	AF-P20435-F1	b35ac6750b96213d2e2f4608750f185b2daf71c690e6c7ef0382f39de2ec7d1c	2024-10-30T00:00:00.000+00:00	2025-08-01T00:00:00Z	released_before_prediction_creation	starting_model_annotation_missing	unresolved_release_and_creation_dates_are_not_training_or_template_cutoffs
8UMI	8UMI_14	AF-P34087-F1	83d3a4bb2b77f2d447e2e34483b92f4a0abd024d20c78f29b9187d33c13f070a	2024-10-30T00:00:00.000+00:00	2025-08-01T00:00:00Z	released_before_prediction_creation	starting_model_annotation_missing	unresolved_release_and_creation_dates_are_not_training_or_template_cutoffs
8UMI	8UMI_15	AF-P20436-F1	ce7cd70250d0b569e39e2cf28c28578cac6ef076795fe9e170de624038c4019d	2024-10-30T00:00:00.000+00:00	2025-08-01T00:00:00Z	released_before_prediction_creation	starting_model_annotation_missing	unresolved_release_and_creation_dates_are_not_training_or_template_cutoffs
8UMI	8UMI_18	AF-P38902-F1	e5ca72de84371c102b60be5d242b8952d384447efd42abc54d2fc7b284a64b0b	2024-10-30T00:00:00.000+00:00	2025-08-01T00:00:00Z	released_before_prediction_creation	starting_model_annotation_missing	unresolved_release_and_creation_dates_are_not_training_or_template_cutoffs
8UOQ	8UOQ_10	AF-P38902-F1	e5ca72de84371c102b60be5d242b8952d384447efd42abc54d2fc7b284a64b0b	2024-10-23T00:00:00.000+00:00	2025-08-01T00:00:00Z	released_before_prediction_creation	starting_model_annotation_missing	unresolved_release_and_creation_dates_are_not_training_or_template_cutoffs
8UOQ	8UOQ_21	AF-P34087-F1	83d3a4bb2b77f2d447e2e34483b92f4a0abd024d20c78f29b9187d33c13f070a	2024-10-23T00:00:00.000+00:00	2025-08-01T00:00:00Z	released_before_prediction_creation	starting_model_annotation_missing	unresolved_release_and_creation_dates_are_not_training_or_template_cutoffs
8UOQ	8UOQ_6	AF-P20435-F1	b35ac6750b96213d2e2f4608750f185b2daf71c690e6c7ef0382f39de2ec7d1c	2024-10-23T00:00:00.000+00:00	2025-08-01T00:00:00Z	released_before_prediction_creation	starting_model_annotation_missing	unresolved_release_and_creation_dates_are_not_training_or_template_cutoffs
8UOQ	8UOQ_7	AF-P20436-F1	ce7cd70250d0b569e39e2cf28c28578cac6ef076795fe9e170de624038c4019d	2024-10-23T00:00:00.000+00:00	2025-08-01T00:00:00Z	released_before_prediction_creation	starting_model_annotation_missing	unresolved_release_and_creation_dates_are_not_training_or_template_cutoffs
8UOT	8UOT_13	AF-P20435-F1	b35ac6750b96213d2e2f4608750f185b2daf71c690e6c7ef0382f39de2ec7d1c	2024-10-23T00:00:00.000+00:00	2025-08-01T00:00:00Z	released_before_prediction_creation	starting_model_annotation_missing	unresolved_release_and_creation_dates_are_not_training_or_template_cutoffs
8UOT	8UOT_14	AF-P34087-F1	83d3a4bb2b77f2d447e2e34483b92f4a0abd024d20c78f29b9187d33c13f070a	2024-10-23T00:00:00.000+00:00	2025-08-01T00:00:00Z	released_before_prediction_creation	starting_model_annotation_missing	unresolved_release_and_creation_dates_are_not_training_or_template_cutoffs
8UOT	8UOT_15	AF-P20436-F1	ce7cd70250d0b569e39e2cf28c28578cac6ef076795fe9e170de624038c4019d	2024-10-23T00:00:00.000+00:00	2025-08-01T00:00:00Z	released_before_prediction_creation	starting_model_annotation_missing	unresolved_release_and_creation_dates_are_not_training_or_template_cutoffs
8UOT	8UOT_18	AF-P38902-F1	e5ca72de84371c102b60be5d242b8952d384447efd42abc54d2fc7b284a64b0b	2024-10-23T00:00:00.000+00:00	2025-08-01T00:00:00Z	released_before_prediction_creation	starting_model_annotation_missing	unresolved_release_and_creation_dates_are_not_training_or_template_cutoffs
8V83	8V83_15	AF-P36049-F1	69b75365f8a13f44361dc06155facde5c7b69920d4b15224becbad9da053cc21	2024-05-01T00:00:00.000+00:00	2025-08-01T00:00:00Z	released_before_prediction_creation	starting_model_annotation_missing	unresolved_release_and_creation_dates_are_not_training_or_template_cutoffs
8V83	8V83_23	AF-P10962-F1	c23ebf76afa06aa1be095f20e72e07bc9da9e0a2d92d4a1370bc697d290b748b	2024-05-01T00:00:00.000+00:00	2025-08-01T00:00:00Z	released_before_prediction_creation	starting_model_annotation_missing	unresolved_release_and_creation_dates_are_not_training_or_template_cutoffs
8V83	8V83_27	AF-P33201-F1	1339886dfb0473fd4dc59344281a8288b3ac1979e074403818c8117482fe794b	2024-05-01T00:00:00.000+00:00	2025-08-01T00:00:00Z	released_before_prediction_creation	starting_model_annotation_missing	unresolved_release_and_creation_dates_are_not_training_or_template_cutoffs
8V83	8V83_31	AF-Q02892-F1	9b034068144dc1c8f367dcc1d0940877c694565a6c15b2ee590634a8d512edac	2024-05-01T00:00:00.000+00:00	2025-08-01T00:00:00Z	released_before_prediction_creation	starting_model_annotation_missing	unresolved_release_and_creation_dates_are_not_training_or_template_cutoffs
8V83	8V83_37	AF-Q08962-F1	cd4149ad98b80658ca48d1b1c160820504480c2e79c00295f239251b3c5dee20	2024-05-01T00:00:00.000+00:00	2025-08-01T00:00:00Z	released_before_prediction_creation	starting_model_annotation_missing	unresolved_release_and_creation_dates_are_not_training_or_template_cutoffs
8V83	8V83_44	AF-Q07915-F1	1d54d8fc6fd3850a44b980391ada8291d7463d18caf3143cb61d4a3be8997bc2	2024-05-01T00:00:00.000+00:00	2025-08-01T00:00:00Z	released_before_prediction_creation	starting_model_annotation_missing	unresolved_release_and_creation_dates_are_not_training_or_template_cutoffs
8V83	8V83_48	AF-Q12522-F1	a9c859214bc288900788ea22094f6779f5e80a857b1a76ad3d655a47854cced8	2024-05-01T00:00:00.000+00:00	2025-08-01T00:00:00Z	released_before_prediction_creation	starting_model_annotation_missing	unresolved_release_and_creation_dates_are_not_training_or_template_cutoffs
8V83	8V83_6	AF-Q08235-F1	9c6a83a9da179422c01547e108ce6567394cb22d09cd08dfff98fa7fd2cf807e	2024-05-01T00:00:00.000+00:00	2025-08-01T00:00:00Z	released_before_prediction_creation	starting_model_annotation_missing	unresolved_release_and_creation_dates_are_not_training_or_template_cutoffs
8V84	8V84_16	AF-P36049-F1	69b75365f8a13f44361dc06155facde5c7b69920d4b15224becbad9da053cc21	2024-05-01T00:00:00.000+00:00	2025-08-01T00:00:00Z	released_before_prediction_creation	starting_model_annotation_missing	unresolved_release_and_creation_dates_are_not_training_or_template_cutoffs
8V84	8V84_24	AF-P10962-F1	c23ebf76afa06aa1be095f20e72e07bc9da9e0a2d92d4a1370bc697d290b748b	2024-05-01T00:00:00.000+00:00	2025-08-01T00:00:00Z	released_before_prediction_creation	starting_model_annotation_missing	unresolved_release_and_creation_dates_are_not_training_or_template_cutoffs
8V84	8V84_28	AF-P33201-F1	1339886dfb0473fd4dc59344281a8288b3ac1979e074403818c8117482fe794b	2024-05-01T00:00:00.000+00:00	2025-08-01T00:00:00Z	released_before_prediction_creation	starting_model_annotation_missing	unresolved_release_and_creation_dates_are_not_training_or_template_cutoffs
8V84	8V84_32	AF-Q02892-F1	9b034068144dc1c8f367dcc1d0940877c694565a6c15b2ee590634a8d512edac	2024-05-01T00:00:00.000+00:00	2025-08-01T00:00:00Z	released_before_prediction_creation	starting_model_annotation_missing	unresolved_release_and_creation_dates_are_not_training_or_template_cutoffs
8V84	8V84_38	AF-Q08962-F1	cd4149ad98b80658ca48d1b1c160820504480c2e79c00295f239251b3c5dee20	2024-05-01T00:00:00.000+00:00	2025-08-01T00:00:00Z	released_before_prediction_creation	starting_model_annotation_missing	unresolved_release_and_creation_dates_are_not_training_or_template_cutoffs
8V84	8V84_45	AF-Q07915-F1	1d54d8fc6fd3850a44b980391ada8291d7463d18caf3143cb61d4a3be8997bc2	2024-05-01T00:00:00.000+00:00	2025-08-01T00:00:00Z	released_before_prediction_creation	starting_model_annotation_missing	unresolved_release_and_creation_dates_are_not_training_or_template_cutoffs
8V84	8V84_49	AF-Q12522-F1	a9c859214bc288900788ea22094f6779f5e80a857b1a76ad3d655a47854cced8	2024-05-01T00:00:00.000+00:00	2025-08-01T00:00:00Z	released_before_prediction_creation	starting_model_annotation_missing	unresolved_release_and_creation_dates_are_not_training_or_template_cutoffs
8V84	8V84_7	AF-Q08235-F1	9c6a83a9da179422c01547e108ce6567394cb22d09cd08dfff98fa7fd2cf807e	2024-05-01T00:00:00.000+00:00	2025-08-01T00:00:00Z	released_before_prediction_creation	starting_model_annotation_missing	unresolved_release_and_creation_dates_are_not_training_or_template_cutoffs
8V87	8V87_16	AF-P36049-F1	69b75365f8a13f44361dc06155facde5c7b69920d4b15224becbad9da053cc21	2024-05-01T00:00:00.000+00:00	2025-08-01T00:00:00Z	released_before_prediction_creation	starting_model_annotation_missing	unresolved_release_and_creation_dates_are_not_training_or_template_cutoffs
8V87	8V87_28	AF-P33201-F1	1339886dfb0473fd4dc59344281a8288b3ac1979e074403818c8117482fe794b	2024-05-01T00:00:00.000+00:00	2025-08-01T00:00:00Z	released_before_prediction_creation	starting_model_annotation_missing	unresolved_release_and_creation_dates_are_not_training_or_template_cutoffs
8V87	8V87_33	AF-Q02892-F1	9b034068144dc1c8f367dcc1d0940877c694565a6c15b2ee590634a8d512edac	2024-05-01T00:00:00.000+00:00	2025-08-01T00:00:00Z	released_before_prediction_creation	starting_model_annotation_missing	unresolved_release_and_creation_dates_are_not_training_or_template_cutoffs
8V87	8V87_43	AF-Q08962-F1	cd4149ad98b80658ca48d1b1c160820504480c2e79c00295f239251b3c5dee20	2024-05-01T00:00:00.000+00:00	2025-08-01T00:00:00Z	released_before_prediction_creation	starting_model_annotation_missing	unresolved_release_and_creation_dates_are_not_training_or_template_cutoffs
8V87	8V87_52	AF-Q07915-F1	1d54d8fc6fd3850a44b980391ada8291d7463d18caf3143cb61d4a3be8997bc2	2024-05-01T00:00:00.000+00:00	2025-08-01T00:00:00Z	released_before_prediction_creation	starting_model_annotation_missing	unresolved_release_and_creation_dates_are_not_training_or_template_cutoffs
8V87	8V87_55	AF-Q12522-F1	a9c859214bc288900788ea22094f6779f5e80a857b1a76ad3d655a47854cced8	2024-05-01T00:00:00.000+00:00	2025-08-01T00:00:00Z	released_before_prediction_creation	starting_model_annotation_missing	unresolved_release_and_creation_dates_are_not_training_or_template_cutoffs
8V87	8V87_7	AF-Q08235-F1	9c6a83a9da179422c01547e108ce6567394cb22d09cd08dfff98fa7fd2cf807e	2024-05-01T00:00:00.000+00:00	2025-08-01T00:00:00Z	released_before_prediction_creation	starting_model_annotation_missing	unresolved_release_and_creation_dates_are_not_training_or_template_cutoffs
8W7M	8W7M_10	AF-Q03406-F1	5cae9a720dba99e7f3e4f1de8b6a63064ee6691f0e076cf8012a08762d7a3c52	2023-12-06T00:00:00.000+00:00	2025-08-01T00:00:00Z	released_before_prediction_creation	only_experimental_starting_models_reported_not_independence_proof	unresolved_release_and_creation_dates_are_not_training_or_template_cutoffs
8W7M	8W7M_3	AF-P30665-F1	0b38fefaef2eca7f23bb979bc9da1dec4e9a6ffe79ea3e53edd734b02e70527b	2023-12-06T00:00:00.000+00:00	2025-08-01T00:00:00Z	released_before_prediction_creation	only_experimental_starting_models_reported_not_independence_proof	unresolved_release_and_creation_dates_are_not_training_or_template_cutoffs
8W7M	8W7M_5	AF-P53091-F1	03b7797a0460645fc3278608ce831cc02c9437647883cfcf335a74b1b3aeb9c3	2023-12-06T00:00:00.000+00:00	2025-08-01T00:00:00Z	released_before_prediction_creation	only_experimental_starting_models_reported_not_independence_proof	unresolved_release_and_creation_dates_are_not_training_or_template_cutoffs
8W7M	8W7M_6	AF-P38132-F1	dbff9e0a6531af71d18bb3f0b0febfb568f2e863b6861e6daa67f914c7942edf	2023-12-06T00:00:00.000+00:00	2025-08-01T00:00:00Z	released_before_prediction_creation	only_experimental_starting_models_reported_not_independence_proof	unresolved_release_and_creation_dates_are_not_training_or_template_cutoffs
8W7M	8W7M_8	AF-P40359-F1	9fb69cb67e3079fd58481686b3e32f9badf14994da061a3c837e6c9b88b2ab82	2023-12-06T00:00:00.000+00:00	2025-08-01T00:00:00Z	released_before_prediction_creation	only_experimental_starting_models_reported_not_independence_proof	unresolved_release_and_creation_dates_are_not_training_or_template_cutoffs
8W7S	8W7S_10	AF-Q03406-F1	5cae9a720dba99e7f3e4f1de8b6a63064ee6691f0e076cf8012a08762d7a3c52	2023-12-20T00:00:00.000+00:00	2025-08-01T00:00:00Z	released_before_prediction_creation	only_experimental_starting_models_reported_not_independence_proof	unresolved_release_and_creation_dates_are_not_training_or_template_cutoffs
8W7S	8W7S_3	AF-P30665-F1	0b38fefaef2eca7f23bb979bc9da1dec4e9a6ffe79ea3e53edd734b02e70527b	2023-12-20T00:00:00.000+00:00	2025-08-01T00:00:00Z	released_before_prediction_creation	only_experimental_starting_models_reported_not_independence_proof	unresolved_release_and_creation_dates_are_not_training_or_template_cutoffs
8W7S	8W7S_5	AF-P53091-F1	03b7797a0460645fc3278608ce831cc02c9437647883cfcf335a74b1b3aeb9c3	2023-12-20T00:00:00.000+00:00	2025-08-01T00:00:00Z	released_before_prediction_creation	only_experimental_starting_models_reported_not_independence_proof	unresolved_release_and_creation_dates_are_not_training_or_template_cutoffs
8W7S	8W7S_6	AF-P38132-F1	dbff9e0a6531af71d18bb3f0b0febfb568f2e863b6861e6daa67f914c7942edf	2023-12-20T00:00:00.000+00:00	2025-08-01T00:00:00Z	released_before_prediction_creation	only_experimental_starting_models_reported_not_independence_proof	unresolved_release_and_creation_dates_are_not_training_or_template_cutoffs
8W7S	8W7S_8	AF-P40359-F1	9fb69cb67e3079fd58481686b3e32f9badf14994da061a3c837e6c9b88b2ab82	2023-12-20T00:00:00.000+00:00	2025-08-01T00:00:00Z	released_before_prediction_creation	only_experimental_starting_models_reported_not_independence_proof	unresolved_release_and_creation_dates_are_not_training_or_template_cutoffs
8XGC	8XGC_12	AF-Q03406-F1	5cae9a720dba99e7f3e4f1de8b6a63064ee6691f0e076cf8012a08762d7a3c52	2024-02-14T00:00:00.000+00:00	2025-08-01T00:00:00Z	released_before_prediction_creation	starting_model_annotation_missing	unresolved_release_and_creation_dates_are_not_training_or_template_cutoffs
8XGC	8XGC_18	AF-P32558-F1	69e276995e1a4533cc3887bc5581aaef26520c25c4281f816a742c03163e46a0	2024-02-14T00:00:00.000+00:00	2025-08-01T00:00:00Z	released_before_prediction_creation	starting_model_annotation_missing	unresolved_release_and_creation_dates_are_not_training_or_template_cutoffs
8XGC	8XGC_3	AF-P30665-F1	0b38fefaef2eca7f23bb979bc9da1dec4e9a6ffe79ea3e53edd734b02e70527b	2024-02-14T00:00:00.000+00:00	2025-08-01T00:00:00Z	released_before_prediction_creation	starting_model_annotation_missing	unresolved_release_and_creation_dates_are_not_training_or_template_cutoffs
8XGC	8XGC_5	AF-P53091-F1	03b7797a0460645fc3278608ce831cc02c9437647883cfcf335a74b1b3aeb9c3	2024-02-14T00:00:00.000+00:00	2025-08-01T00:00:00Z	released_before_prediction_creation	starting_model_annotation_missing	unresolved_release_and_creation_dates_are_not_training_or_template_cutoffs
8XGC	8XGC_6	AF-P38132-F1	dbff9e0a6531af71d18bb3f0b0febfb568f2e863b6861e6daa67f914c7942edf	2024-02-14T00:00:00.000+00:00	2025-08-01T00:00:00Z	released_before_prediction_creation	starting_model_annotation_missing	unresolved_release_and_creation_dates_are_not_training_or_template_cutoffs
9BCX	9BCX_4	AF-P30665-F1	0b38fefaef2eca7f23bb979bc9da1dec4e9a6ffe79ea3e53edd734b02e70527b	2025-01-01T00:00:00.000+00:00	2025-08-01T00:00:00Z	released_before_prediction_creation	starting_model_annotation_missing	unresolved_release_and_creation_dates_are_not_training_or_template_cutoffs
9BCX	9BCX_5	AF-P53091-F1	03b7797a0460645fc3278608ce831cc02c9437647883cfcf335a74b1b3aeb9c3	2025-01-01T00:00:00.000+00:00	2025-08-01T00:00:00Z	released_before_prediction_creation	starting_model_annotation_missing	unresolved_release_and_creation_dates_are_not_training_or_template_cutoffs
9BCX	9BCX_6	AF-P38132-F1	dbff9e0a6531af71d18bb3f0b0febfb568f2e863b6861e6daa67f914c7942edf	2025-01-01T00:00:00.000+00:00	2025-08-01T00:00:00Z	released_before_prediction_creation	starting_model_annotation_missing	unresolved_release_and_creation_dates_are_not_training_or_template_cutoffs
9BVT	9BVT_11	AF-P38902-F1	e5ca72de84371c102b60be5d242b8952d384447efd42abc54d2fc7b284a64b0b	2024-10-02T00:00:00.000+00:00	2025-08-01T00:00:00Z	released_before_prediction_creation	only_experimental_starting_models_reported_not_independence_proof	unresolved_release_and_creation_dates_are_not_training_or_template_cutoffs
9BVT	9BVT_6	AF-P20435-F1	b35ac6750b96213d2e2f4608750f185b2daf71c690e6c7ef0382f39de2ec7d1c	2024-10-02T00:00:00.000+00:00	2025-08-01T00:00:00Z	released_before_prediction_creation	only_experimental_starting_models_reported_not_independence_proof	unresolved_release_and_creation_dates_are_not_training_or_template_cutoffs
9BVT	9BVT_7	AF-P34087-F1	83d3a4bb2b77f2d447e2e34483b92f4a0abd024d20c78f29b9187d33c13f070a	2024-10-02T00:00:00.000+00:00	2025-08-01T00:00:00Z	released_before_prediction_creation	only_experimental_starting_models_reported_not_independence_proof	unresolved_release_and_creation_dates_are_not_training_or_template_cutoffs
9BVT	9BVT_8	AF-P20436-F1	ce7cd70250d0b569e39e2cf28c28578cac6ef076795fe9e170de624038c4019d	2024-10-02T00:00:00.000+00:00	2025-08-01T00:00:00Z	released_before_prediction_creation	only_experimental_starting_models_reported_not_independence_proof	unresolved_release_and_creation_dates_are_not_training_or_template_cutoffs
9BW0	9BW0_11	AF-P38902-F1	e5ca72de84371c102b60be5d242b8952d384447efd42abc54d2fc7b284a64b0b	2024-10-02T00:00:00.000+00:00	2025-08-01T00:00:00Z	released_before_prediction_creation	only_experimental_starting_models_reported_not_independence_proof	unresolved_release_and_creation_dates_are_not_training_or_template_cutoffs
9BW0	9BW0_6	AF-P20435-F1	b35ac6750b96213d2e2f4608750f185b2daf71c690e6c7ef0382f39de2ec7d1c	2024-10-02T00:00:00.000+00:00	2025-08-01T00:00:00Z	released_before_prediction_creation	only_experimental_starting_models_reported_not_independence_proof	unresolved_release_and_creation_dates_are_not_training_or_template_cutoffs
9BW0	9BW0_7	AF-P34087-F1	83d3a4bb2b77f2d447e2e34483b92f4a0abd024d20c78f29b9187d33c13f070a	2024-10-02T00:00:00.000+00:00	2025-08-01T00:00:00Z	released_before_prediction_creation	only_experimental_starting_models_reported_not_independence_proof	unresolved_release_and_creation_dates_are_not_training_or_template_cutoffs
9BW0	9BW0_8	AF-P20436-F1	ce7cd70250d0b569e39e2cf28c28578cac6ef076795fe9e170de624038c4019d	2024-10-02T00:00:00.000+00:00	2025-08-01T00:00:00Z	released_before_prediction_creation	only_experimental_starting_models_reported_not_independence_proof	unresolved_release_and_creation_dates_are_not_training_or_template_cutoffs
9CGC	9CGC_14	AF-P21242-F1	8283ba552d1a3cf6c49a4d151043a7ef16df99a3d9c30a2b73e7692d36d2c844	2025-07-09T00:00:00.000+00:00	2025-08-01T00:00:00Z	released_before_prediction_creation	only_experimental_starting_models_reported_not_independence_proof	unresolved_release_and_creation_dates_are_not_training_or_template_cutoffs
9CGC	9CGC_19	AF-Q12250-F1	f9d25f45a2a3eee589a6c556661ee99fe05c787d87bf2ba89aea44dae9063aac	2025-07-09T00:00:00.000+00:00	2025-08-01T00:00:00Z	released_before_prediction_creation	only_experimental_starting_models_reported_not_independence_proof	unresolved_release_and_creation_dates_are_not_training_or_template_cutoffs
9CGC	9CGC_20	AF-Q06103-F1	668cafe2b2304fbacb9ab68ea3c37c7805a16334996147ff72c4ca5be69b64eb	2025-07-09T00:00:00.000+00:00	2025-08-01T00:00:00Z	released_before_prediction_creation	only_experimental_starting_models_reported_not_independence_proof	unresolved_release_and_creation_dates_are_not_training_or_template_cutoffs
9CGC	9CGC_21	AF-P40016-F1	4a79a9ca6b6fcb3175539bdae202a7cc5e2df058476852f87bf482b5d1127fd2	2025-07-09T00:00:00.000+00:00	2025-08-01T00:00:00Z	released_before_prediction_creation	only_experimental_starting_models_reported_not_independence_proof	unresolved_release_and_creation_dates_are_not_training_or_template_cutoffs
9CGC	9CGC_30	AF-P32565-F1	fe2ef41c38ef7266951644e6481f0310899fda58b257a0a6b0c7c8e3c3cabea4	2025-07-09T00:00:00.000+00:00	2025-08-01T00:00:00Z	released_before_prediction_creation	only_experimental_starting_models_reported_not_independence_proof	unresolved_release_and_creation_dates_are_not_training_or_template_cutoffs
9CGC	9CGC_32	AF-P38764-F1	8bf7784ea7d1c049bdb205d07f75d93f35ee4acec9266bab391a7d2fd35e30ca	2025-07-09T00:00:00.000+00:00	2025-08-01T00:00:00Z	released_before_prediction_creation	only_experimental_starting_models_reported_not_independence_proof	unresolved_release_and_creation_dates_are_not_training_or_template_cutoffs
9D0T	9D0T_7	AF-P21242-F1	8283ba552d1a3cf6c49a4d151043a7ef16df99a3d9c30a2b73e7692d36d2c844	2024-12-04T00:00:00.000+00:00	2025-08-01T00:00:00Z	released_before_prediction_creation	only_experimental_starting_models_reported_not_independence_proof	unresolved_release_and_creation_dates_are_not_training_or_template_cutoffs
9D35	9D35_5	AF-P21242-F1	8283ba552d1a3cf6c49a4d151043a7ef16df99a3d9c30a2b73e7692d36d2c844	2025-08-20T00:00:00.000+00:00	2025-08-01T00:00:00Z	released_after_prediction_creation	only_experimental_starting_models_reported_not_independence_proof	unresolved_release_and_creation_dates_are_not_training_or_template_cutoffs
9D3I	9D3I_5	AF-P21242-F1	8283ba552d1a3cf6c49a4d151043a7ef16df99a3d9c30a2b73e7692d36d2c844	2025-08-20T00:00:00.000+00:00	2025-08-01T00:00:00Z	released_after_prediction_creation	only_experimental_starting_models_reported_not_independence_proof	unresolved_release_and_creation_dates_are_not_training_or_template_cutoffs
9D4C	9D4C_7	AF-P21242-F1	8283ba552d1a3cf6c49a4d151043a7ef16df99a3d9c30a2b73e7692d36d2c844	2025-08-20T00:00:00.000+00:00	2025-08-01T00:00:00Z	released_after_prediction_creation	only_experimental_starting_models_reported_not_independence_proof	unresolved_release_and_creation_dates_are_not_training_or_template_cutoffs
9D4U	9D4U_7	AF-P21242-F1	8283ba552d1a3cf6c49a4d151043a7ef16df99a3d9c30a2b73e7692d36d2c844	2025-08-20T00:00:00.000+00:00	2025-08-01T00:00:00Z	released_after_prediction_creation	only_experimental_starting_models_reported_not_independence_proof	unresolved_release_and_creation_dates_are_not_training_or_template_cutoffs
9DTR	9DTR_13	AF-P25337-F1	85dcd5871dfdeb57dcae53d0446978c992ec78de47a5bc1c3e5476b17ce02de9	2024-12-25T00:00:00.000+00:00	2025-08-01T00:00:00Z	released_before_prediction_creation	only_experimental_starting_models_reported_not_independence_proof	unresolved_release_and_creation_dates_are_not_training_or_template_cutoffs
9DTR	9DTR_20	AF-Q04048-F1	87e11eed16e5eef1a5be3c5be754e77a0f2e76ff41d41913f2e98a6b111b0f5d	2024-12-25T00:00:00.000+00:00	2025-08-01T00:00:00Z	released_before_prediction_creation	only_experimental_starting_models_reported_not_independence_proof	unresolved_release_and_creation_dates_are_not_training_or_template_cutoffs
9DTR	9DTR_4	AF-P33334-F1	afce8faeb9f9a4ada2c845c4e3d79c90ad537b4a8e3a59aafc384343f8167a29	2024-12-25T00:00:00.000+00:00	2025-08-01T00:00:00Z	released_before_prediction_creation	only_experimental_starting_models_reported_not_independence_proof	unresolved_release_and_creation_dates_are_not_training_or_template_cutoffs
9DTR	9DTR_8	AF-P21374-F1	79e70f93481438ecc0fe7221fe714ee55f7860bd2a27b6e4cba51e50ab0d7be8	2024-12-25T00:00:00.000+00:00	2025-08-01T00:00:00Z	released_before_prediction_creation	only_experimental_starting_models_reported_not_independence_proof	unresolved_release_and_creation_dates_are_not_training_or_template_cutoffs
9E2W	9E2W_10	AF-Q03406-F1	5cae9a720dba99e7f3e4f1de8b6a63064ee6691f0e076cf8012a08762d7a3c52	2025-03-26T00:00:00.000+00:00	2025-08-01T00:00:00Z	released_before_prediction_creation	other_computational_starting_model_entry_level	unresolved_release_and_creation_dates_are_not_training_or_template_cutoffs
9E2W	9E2W_3	AF-P30665-F1	0b38fefaef2eca7f23bb979bc9da1dec4e9a6ffe79ea3e53edd734b02e70527b	2025-03-26T00:00:00.000+00:00	2025-08-01T00:00:00Z	released_before_prediction_creation	other_computational_starting_model_entry_level	unresolved_release_and_creation_dates_are_not_training_or_template_cutoffs
9E2W	9E2W_5	AF-P53091-F1	03b7797a0460645fc3278608ce831cc02c9437647883cfcf335a74b1b3aeb9c3	2025-03-26T00:00:00.000+00:00	2025-08-01T00:00:00Z	released_before_prediction_creation	other_computational_starting_model_entry_level	unresolved_release_and_creation_dates_are_not_training_or_template_cutoffs
9E2W	9E2W_6	AF-P38132-F1	dbff9e0a6531af71d18bb3f0b0febfb568f2e863b6861e6daa67f914c7942edf	2025-03-26T00:00:00.000+00:00	2025-08-01T00:00:00Z	released_before_prediction_creation	other_computational_starting_model_entry_level	unresolved_release_and_creation_dates_are_not_training_or_template_cutoffs
9E2W	9E2W_8	AF-P40359-F1	9fb69cb67e3079fd58481686b3e32f9badf14994da061a3c837e6c9b88b2ab82	2025-03-26T00:00:00.000+00:00	2025-08-01T00:00:00Z	released_before_prediction_creation	other_computational_starting_model_entry_level	unresolved_release_and_creation_dates_are_not_training_or_template_cutoffs
9E2X	9E2X_10	AF-P30665-F1	0b38fefaef2eca7f23bb979bc9da1dec4e9a6ffe79ea3e53edd734b02e70527b	2025-03-19T00:00:00.000+00:00	2025-08-01T00:00:00Z	released_before_prediction_creation	other_computational_starting_model_entry_level	unresolved_release_and_creation_dates_are_not_training_or_template_cutoffs
9E2X	9E2X_12	AF-P53091-F1	03b7797a0460645fc3278608ce831cc02c9437647883cfcf335a74b1b3aeb9c3	2025-03-19T00:00:00.000+00:00	2025-08-01T00:00:00Z	released_before_prediction_creation	other_computational_starting_model_entry_level	unresolved_release_and_creation_dates_are_not_training_or_template_cutoffs
9E2X	9E2X_13	AF-P38132-F1	dbff9e0a6531af71d18bb3f0b0febfb568f2e863b6861e6daa67f914c7942edf	2025-03-19T00:00:00.000+00:00	2025-08-01T00:00:00Z	released_before_prediction_creation	other_computational_starting_model_entry_level	unresolved_release_and_creation_dates_are_not_training_or_template_cutoffs
9E2X	9E2X_2	AF-P40359-F1	9fb69cb67e3079fd58481686b3e32f9badf14994da061a3c837e6c9b88b2ab82	2025-03-19T00:00:00.000+00:00	2025-08-01T00:00:00Z	released_before_prediction_creation	other_computational_starting_model_entry_level	unresolved_release_and_creation_dates_are_not_training_or_template_cutoffs
9E2X	9E2X_4	AF-Q03406-F1	5cae9a720dba99e7f3e4f1de8b6a63064ee6691f0e076cf8012a08762d7a3c52	2025-03-19T00:00:00.000+00:00	2025-08-01T00:00:00Z	released_before_prediction_creation	other_computational_starting_model_entry_level	unresolved_release_and_creation_dates_are_not_training_or_template_cutoffs
9E2Y	9E2Y_10	AF-P30665-F1	0b38fefaef2eca7f23bb979bc9da1dec4e9a6ffe79ea3e53edd734b02e70527b	2025-03-26T00:00:00.000+00:00	2025-08-01T00:00:00Z	released_before_prediction_creation	other_computational_starting_model_entry_level	unresolved_release_and_creation_dates_are_not_training_or_template_cutoffs
9E2Y	9E2Y_12	AF-P53091-F1	03b7797a0460645fc3278608ce831cc02c9437647883cfcf335a74b1b3aeb9c3	2025-03-26T00:00:00.000+00:00	2025-08-01T00:00:00Z	released_before_prediction_creation	other_computational_starting_model_entry_level	unresolved_release_and_creation_dates_are_not_training_or_template_cutoffs
9E2Y	9E2Y_13	AF-P38132-F1	dbff9e0a6531af71d18bb3f0b0febfb568f2e863b6861e6daa67f914c7942edf	2025-03-26T00:00:00.000+00:00	2025-08-01T00:00:00Z	released_before_prediction_creation	other_computational_starting_model_entry_level	unresolved_release_and_creation_dates_are_not_training_or_template_cutoffs
9E2Y	9E2Y_2	AF-P40359-F1	9fb69cb67e3079fd58481686b3e32f9badf14994da061a3c837e6c9b88b2ab82	2025-03-26T00:00:00.000+00:00	2025-08-01T00:00:00Z	released_before_prediction_creation	other_computational_starting_model_entry_level	unresolved_release_and_creation_dates_are_not_training_or_template_cutoffs
9E2Y	9E2Y_4	AF-Q03406-F1	5cae9a720dba99e7f3e4f1de8b6a63064ee6691f0e076cf8012a08762d7a3c52	2025-03-26T00:00:00.000+00:00	2025-08-01T00:00:00Z	released_before_prediction_creation	other_computational_starting_model_entry_level	unresolved_release_and_creation_dates_are_not_training_or_template_cutoffs
9EY9	9EY9_6	AF-P21242-F1	8283ba552d1a3cf6c49a4d151043a7ef16df99a3d9c30a2b73e7692d36d2c844	2025-02-19T00:00:00.000+00:00	2025-08-01T00:00:00Z	released_before_prediction_creation	only_experimental_starting_models_reported_not_independence_proof	unresolved_release_and_creation_dates_are_not_training_or_template_cutoffs
9FRW	9FRW_6	AF-P21242-F1	8283ba552d1a3cf6c49a4d151043a7ef16df99a3d9c30a2b73e7692d36d2c844	2025-04-30T00:00:00.000+00:00	2025-08-01T00:00:00Z	released_before_prediction_creation	only_experimental_starting_models_reported_not_independence_proof	unresolved_release_and_creation_dates_are_not_training_or_template_cutoffs
9FST	9FST_6	AF-P21242-F1	8283ba552d1a3cf6c49a4d151043a7ef16df99a3d9c30a2b73e7692d36d2c844	2024-07-17T00:00:00.000+00:00	2025-08-01T00:00:00Z	released_before_prediction_creation	only_experimental_starting_models_reported_not_independence_proof	unresolved_release_and_creation_dates_are_not_training_or_template_cutoffs
9FSU	9FSU_6	AF-P21242-F1	8283ba552d1a3cf6c49a4d151043a7ef16df99a3d9c30a2b73e7692d36d2c844	2025-04-30T00:00:00.000+00:00	2025-08-01T00:00:00Z	released_before_prediction_creation	only_experimental_starting_models_reported_not_independence_proof	unresolved_release_and_creation_dates_are_not_training_or_template_cutoffs
9FSV	9FSV_6	AF-P21242-F1	8283ba552d1a3cf6c49a4d151043a7ef16df99a3d9c30a2b73e7692d36d2c844	2024-07-17T00:00:00.000+00:00	2025-08-01T00:00:00Z	released_before_prediction_creation	only_experimental_starting_models_reported_not_independence_proof	unresolved_release_and_creation_dates_are_not_training_or_template_cutoffs
9FT0	9FT0_6	AF-P21242-F1	8283ba552d1a3cf6c49a4d151043a7ef16df99a3d9c30a2b73e7692d36d2c844	2024-07-10T00:00:00.000+00:00	2025-08-01T00:00:00Z	released_before_prediction_creation	only_experimental_starting_models_reported_not_independence_proof	unresolved_release_and_creation_dates_are_not_training_or_template_cutoffs
9FT1	9FT1_6	AF-P21242-F1	8283ba552d1a3cf6c49a4d151043a7ef16df99a3d9c30a2b73e7692d36d2c844	2024-07-10T00:00:00.000+00:00	2025-08-01T00:00:00Z	released_before_prediction_creation	only_experimental_starting_models_reported_not_independence_proof	unresolved_release_and_creation_dates_are_not_training_or_template_cutoffs
9G1V	9G1V_6	AF-P20435-F1	b35ac6750b96213d2e2f4608750f185b2daf71c690e6c7ef0382f39de2ec7d1c	2025-06-18T00:00:00.000+00:00	2025-08-01T00:00:00Z	released_before_prediction_creation	starting_model_annotation_missing	unresolved_release_and_creation_dates_are_not_training_or_template_cutoffs
9G1V	9G1V_8	AF-P20436-F1	ce7cd70250d0b569e39e2cf28c28578cac6ef076795fe9e170de624038c4019d	2025-06-18T00:00:00.000+00:00	2025-08-01T00:00:00Z	released_before_prediction_creation	starting_model_annotation_missing	unresolved_release_and_creation_dates_are_not_training_or_template_cutoffs
9G1X	9G1X_6	AF-P20435-F1	b35ac6750b96213d2e2f4608750f185b2daf71c690e6c7ef0382f39de2ec7d1c	2025-06-18T00:00:00.000+00:00	2025-08-01T00:00:00Z	released_before_prediction_creation	only_experimental_starting_models_reported_not_independence_proof	unresolved_release_and_creation_dates_are_not_training_or_template_cutoffs
9G1X	9G1X_8	AF-P20436-F1	ce7cd70250d0b569e39e2cf28c28578cac6ef076795fe9e170de624038c4019d	2025-06-18T00:00:00.000+00:00	2025-08-01T00:00:00Z	released_before_prediction_creation	only_experimental_starting_models_reported_not_independence_proof	unresolved_release_and_creation_dates_are_not_training_or_template_cutoffs
9G23	9G23_6	AF-P20435-F1	b35ac6750b96213d2e2f4608750f185b2daf71c690e6c7ef0382f39de2ec7d1c	2025-06-18T00:00:00.000+00:00	2025-08-01T00:00:00Z	released_before_prediction_creation	only_experimental_starting_models_reported_not_independence_proof	unresolved_release_and_creation_dates_are_not_training_or_template_cutoffs
9G23	9G23_8	AF-P20436-F1	ce7cd70250d0b569e39e2cf28c28578cac6ef076795fe9e170de624038c4019d	2025-06-18T00:00:00.000+00:00	2025-08-01T00:00:00Z	released_before_prediction_creation	only_experimental_starting_models_reported_not_independence_proof	unresolved_release_and_creation_dates_are_not_training_or_template_cutoffs
9G24	9G24_6	AF-P20435-F1	b35ac6750b96213d2e2f4608750f185b2daf71c690e6c7ef0382f39de2ec7d1c	2025-06-18T00:00:00.000+00:00	2025-08-01T00:00:00Z	released_before_prediction_creation	only_experimental_starting_models_reported_not_independence_proof	unresolved_release_and_creation_dates_are_not_training_or_template_cutoffs
9G24	9G24_8	AF-P20436-F1	ce7cd70250d0b569e39e2cf28c28578cac6ef076795fe9e170de624038c4019d	2025-06-18T00:00:00.000+00:00	2025-08-01T00:00:00Z	released_before_prediction_creation	only_experimental_starting_models_reported_not_independence_proof	unresolved_release_and_creation_dates_are_not_training_or_template_cutoffs
9G25	9G25_3	AF-P33322-F1	2d7e7e33fba123987527cfc21632d56a468eaa85bbfa5764edf02cd0296d2e74	2025-06-18T00:00:00.000+00:00	2025-08-01T00:00:00Z	released_before_prediction_creation	starting_model_annotation_missing	unresolved_release_and_creation_dates_are_not_training_or_template_cutoffs
9G25	9G25_5	AF-P28007-F1	75c3910bd91171d404e09f1ebcc01cb8ff2946b4fc81a81949075938624b5f23	2025-06-18T00:00:00.000+00:00	2025-08-01T00:00:00Z	released_before_prediction_creation	starting_model_annotation_missing	unresolved_release_and_creation_dates_are_not_training_or_template_cutoffs
9G26	9G26_6	AF-P20435-F1	b35ac6750b96213d2e2f4608750f185b2daf71c690e6c7ef0382f39de2ec7d1c	2025-06-18T00:00:00.000+00:00	2025-08-01T00:00:00Z	released_before_prediction_creation	only_experimental_starting_models_reported_not_independence_proof	unresolved_release_and_creation_dates_are_not_training_or_template_cutoffs
9G26	9G26_8	AF-P20436-F1	ce7cd70250d0b569e39e2cf28c28578cac6ef076795fe9e170de624038c4019d	2025-06-18T00:00:00.000+00:00	2025-08-01T00:00:00Z	released_before_prediction_creation	only_experimental_starting_models_reported_not_independence_proof	unresolved_release_and_creation_dates_are_not_training_or_template_cutoffs
9G27	9G27_6	AF-P20435-F1	b35ac6750b96213d2e2f4608750f185b2daf71c690e6c7ef0382f39de2ec7d1c	2025-06-18T00:00:00.000+00:00	2025-08-01T00:00:00Z	released_before_prediction_creation	only_experimental_starting_models_reported_not_independence_proof	unresolved_release_and_creation_dates_are_not_training_or_template_cutoffs
9G27	9G27_8	AF-P20436-F1	ce7cd70250d0b569e39e2cf28c28578cac6ef076795fe9e170de624038c4019d	2025-06-18T00:00:00.000+00:00	2025-08-01T00:00:00Z	released_before_prediction_creation	only_experimental_starting_models_reported_not_independence_proof	unresolved_release_and_creation_dates_are_not_training_or_template_cutoffs
9G28	9G28_3	AF-P33322-F1	2d7e7e33fba123987527cfc21632d56a468eaa85bbfa5764edf02cd0296d2e74	2025-06-18T00:00:00.000+00:00	2025-08-01T00:00:00Z	released_before_prediction_creation	starting_model_annotation_missing	unresolved_release_and_creation_dates_are_not_training_or_template_cutoffs
9G28	9G28_5	AF-P28007-F1	75c3910bd91171d404e09f1ebcc01cb8ff2946b4fc81a81949075938624b5f23	2025-06-18T00:00:00.000+00:00	2025-08-01T00:00:00Z	released_before_prediction_creation	starting_model_annotation_missing	unresolved_release_and_creation_dates_are_not_training_or_template_cutoffs
9G29	9G29_6	AF-P20435-F1	b35ac6750b96213d2e2f4608750f185b2daf71c690e6c7ef0382f39de2ec7d1c	2025-06-18T00:00:00.000+00:00	2025-08-01T00:00:00Z	released_before_prediction_creation	only_experimental_starting_models_reported_not_independence_proof	unresolved_release_and_creation_dates_are_not_training_or_template_cutoffs
9G29	9G29_8	AF-P20436-F1	ce7cd70250d0b569e39e2cf28c28578cac6ef076795fe9e170de624038c4019d	2025-06-18T00:00:00.000+00:00	2025-08-01T00:00:00Z	released_before_prediction_creation	only_experimental_starting_models_reported_not_independence_proof	unresolved_release_and_creation_dates_are_not_training_or_template_cutoffs
9G2B	9G2B_6	AF-P20435-F1	b35ac6750b96213d2e2f4608750f185b2daf71c690e6c7ef0382f39de2ec7d1c	2025-06-18T00:00:00.000+00:00	2025-08-01T00:00:00Z	released_before_prediction_creation	only_experimental_starting_models_reported_not_independence_proof	unresolved_release_and_creation_dates_are_not_training_or_template_cutoffs
9G2B	9G2B_8	AF-P20436-F1	ce7cd70250d0b569e39e2cf28c28578cac6ef076795fe9e170de624038c4019d	2025-06-18T00:00:00.000+00:00	2025-08-01T00:00:00Z	released_before_prediction_creation	only_experimental_starting_models_reported_not_independence_proof	unresolved_release_and_creation_dates_are_not_training_or_template_cutoffs
9G2C	9G2C_5	AF-P20435-F1	b35ac6750b96213d2e2f4608750f185b2daf71c690e6c7ef0382f39de2ec7d1c	2025-06-18T00:00:00.000+00:00	2025-08-01T00:00:00Z	released_before_prediction_creation	only_experimental_starting_models_reported_not_independence_proof	unresolved_release_and_creation_dates_are_not_training_or_template_cutoffs
9G2C	9G2C_7	AF-P20436-F1	ce7cd70250d0b569e39e2cf28c28578cac6ef076795fe9e170de624038c4019d	2025-06-18T00:00:00.000+00:00	2025-08-01T00:00:00Z	released_before_prediction_creation	only_experimental_starting_models_reported_not_independence_proof	unresolved_release_and_creation_dates_are_not_training_or_template_cutoffs
9G33	9G33_10	AF-P15646-F1	a1522f5f794bdfcd1daf2f6cc27f18008a39cec9d87ee10935e6e31b5feae501	2025-06-18T00:00:00.000+00:00	2025-08-01T00:00:00Z	released_before_prediction_creation	starting_model_annotation_missing	unresolved_release_and_creation_dates_are_not_training_or_template_cutoffs
9G33	9G33_15	AF-P34247-F1	1245ee2f7cd83f9369a6d49b5bf35022d2741b637b7851a33541728b4662e659	2025-06-18T00:00:00.000+00:00	2025-08-01T00:00:00Z	released_before_prediction_creation	starting_model_annotation_missing	unresolved_release_and_creation_dates_are_not_training_or_template_cutoffs
9G33	9G33_17	AF-Q05946-F1	2204d94499d8f398bca51469cb01266388ac536be512a882629aae7bd265fe1c	2025-06-18T00:00:00.000+00:00	2025-08-01T00:00:00Z	released_before_prediction_creation	starting_model_annotation_missing	unresolved_release_and_creation_dates_are_not_training_or_template_cutoffs
9G33	9G33_18	AF-Q04305-F1	c4214baeff24b16caa93f67de339df82dfa7e06f3ef726aae3a8eba8ef80e8c0	2025-06-18T00:00:00.000+00:00	2025-08-01T00:00:00Z	released_before_prediction_creation	starting_model_annotation_missing	unresolved_release_and_creation_dates_are_not_training_or_template_cutoffs
9G33	9G33_22	AF-P32899-F1	3944f7cc837195985c71597fc913f05d1fd8834da7306203566d3a13a6fd5082	2025-06-18T00:00:00.000+00:00	2025-08-01T00:00:00Z	released_before_prediction_creation	starting_model_annotation_missing	unresolved_release_and_creation_dates_are_not_training_or_template_cutoffs
9G33	9G33_24	AF-P38333-F1	7853bc1aad7c359d8c4309a1340c0742d4c26c3dbb95f6c3720b0c4dfee7cdaa	2025-06-18T00:00:00.000+00:00	2025-08-01T00:00:00Z	released_before_prediction_creation	starting_model_annotation_missing	unresolved_release_and_creation_dates_are_not_training_or_template_cutoffs
9G33	9G33_25	AF-Q99216-F1	84d2c25c65d615286c613fa6cb43c3a6ded04bf3ea656def6fecf3a43dcb69c6	2025-06-18T00:00:00.000+00:00	2025-08-01T00:00:00Z	released_before_prediction_creation	starting_model_annotation_missing	unresolved_release_and_creation_dates_are_not_training_or_template_cutoffs
9G33	9G33_33	AF-P48234-F1	6e7fd9e10994e26e9895de924a49c0063dfda2ba87b7f91ecbfd6f3df4dfa650	2025-06-18T00:00:00.000+00:00	2025-08-01T00:00:00Z	released_before_prediction_creation	starting_model_annotation_missing	unresolved_release_and_creation_dates_are_not_training_or_template_cutoffs
9G33	9G33_46	AF-P40055-F1	0b8d4e8ec034bbe7e38401be0db088e127c66d44ef0872e7474c7aa39df06ce9	2025-06-18T00:00:00.000+00:00	2025-08-01T00:00:00Z	released_before_prediction_creation	starting_model_annotation_missing	unresolved_release_and_creation_dates_are_not_training_or_template_cutoffs
9G33	9G33_49	AF-Q08096-F1	9e04036772422792dba04f1ee5510efa70bab5493b0a62a87dd0300b26fc7f86	2025-06-18T00:00:00.000+00:00	2025-08-01T00:00:00Z	released_before_prediction_creation	starting_model_annotation_missing	unresolved_release_and_creation_dates_are_not_training_or_template_cutoffs
9G33	9G33_5	AF-P47083-F1	5bf066d076b004974606b1090a7d63589eabd59b61cfb3b2e1bf0c2f6bc8f8fc	2025-06-18T00:00:00.000+00:00	2025-08-01T00:00:00Z	released_before_prediction_creation	starting_model_annotation_missing	unresolved_release_and_creation_dates_are_not_training_or_template_cutoffs
9G33	9G33_52	AF-P40362-F1	6c6238ce3df8a0730a750c002381624b18a9118d769139354008a70ca5ac7ee5	2025-06-18T00:00:00.000+00:00	2025-08-01T00:00:00Z	released_before_prediction_creation	starting_model_annotation_missing	unresolved_release_and_creation_dates_are_not_training_or_template_cutoffs
9G33	9G33_56	AF-P25635-F1	a483c6065162d6202fd56b069eaa00b4eb1f0edf65e3599160b9781ea59d6eb2	2025-06-18T00:00:00.000+00:00	2025-08-01T00:00:00Z	released_before_prediction_creation	starting_model_annotation_missing	unresolved_release_and_creation_dates_are_not_training_or_template_cutoffs
9G33	9G33_61	AF-P53914-F1	ee2df6f0ad1d4024a32a45cd63663e5131a0f5db5539d359a85c91fdea3cda18	2025-06-18T00:00:00.000+00:00	2025-08-01T00:00:00Z	released_before_prediction_creation	starting_model_annotation_missing	unresolved_release_and_creation_dates_are_not_training_or_template_cutoffs
9GBK	9GBK_10	AF-P21242-F1	8283ba552d1a3cf6c49a4d151043a7ef16df99a3d9c30a2b73e7692d36d2c844	2024-09-11T00:00:00.000+00:00	2025-08-01T00:00:00Z	released_before_prediction_creation	starting_model_annotation_missing	unresolved_release_and_creation_dates_are_not_training_or_template_cutoffs
9GJP	9GJP_3	AF-P30665-F1	0b38fefaef2eca7f23bb979bc9da1dec4e9a6ffe79ea3e53edd734b02e70527b	2025-03-05T00:00:00.000+00:00	2025-08-01T00:00:00Z	released_before_prediction_creation	starting_model_annotation_missing	unresolved_release_and_creation_dates_are_not_training_or_template_cutoffs
9GJP	9GJP_5	AF-P53091-F1	03b7797a0460645fc3278608ce831cc02c9437647883cfcf335a74b1b3aeb9c3	2025-03-05T00:00:00.000+00:00	2025-08-01T00:00:00Z	released_before_prediction_creation	starting_model_annotation_missing	unresolved_release_and_creation_dates_are_not_training_or_template_cutoffs
9GJP	9GJP_6	AF-P38132-F1	dbff9e0a6531af71d18bb3f0b0febfb568f2e863b6861e6daa67f914c7942edf	2025-03-05T00:00:00.000+00:00	2025-08-01T00:00:00Z	released_before_prediction_creation	starting_model_annotation_missing	unresolved_release_and_creation_dates_are_not_training_or_template_cutoffs
9GJW	9GJW_3	AF-P30665-F1	0b38fefaef2eca7f23bb979bc9da1dec4e9a6ffe79ea3e53edd734b02e70527b	2025-03-05T00:00:00.000+00:00	2025-08-01T00:00:00Z	released_before_prediction_creation	starting_model_annotation_missing	unresolved_release_and_creation_dates_are_not_training_or_template_cutoffs
9GJW	9GJW_5	AF-P53091-F1	03b7797a0460645fc3278608ce831cc02c9437647883cfcf335a74b1b3aeb9c3	2025-03-05T00:00:00.000+00:00	2025-08-01T00:00:00Z	released_before_prediction_creation	starting_model_annotation_missing	unresolved_release_and_creation_dates_are_not_training_or_template_cutoffs
9GJW	9GJW_6	AF-P38132-F1	dbff9e0a6531af71d18bb3f0b0febfb568f2e863b6861e6daa67f914c7942edf	2025-03-05T00:00:00.000+00:00	2025-08-01T00:00:00Z	released_before_prediction_creation	starting_model_annotation_missing	unresolved_release_and_creation_dates_are_not_training_or_template_cutoffs
9GM5	9GM5_3	AF-P30665-F1	0b38fefaef2eca7f23bb979bc9da1dec4e9a6ffe79ea3e53edd734b02e70527b	2025-03-05T00:00:00.000+00:00	2025-08-01T00:00:00Z	released_before_prediction_creation	starting_model_annotation_missing	unresolved_release_and_creation_dates_are_not_training_or_template_cutoffs
9GM5	9GM5_5	AF-P53091-F1	03b7797a0460645fc3278608ce831cc02c9437647883cfcf335a74b1b3aeb9c3	2025-03-05T00:00:00.000+00:00	2025-08-01T00:00:00Z	released_before_prediction_creation	starting_model_annotation_missing	unresolved_release_and_creation_dates_are_not_training_or_template_cutoffs
9GM5	9GM5_6	AF-P38132-F1	dbff9e0a6531af71d18bb3f0b0febfb568f2e863b6861e6daa67f914c7942edf	2025-03-05T00:00:00.000+00:00	2025-08-01T00:00:00Z	released_before_prediction_creation	starting_model_annotation_missing	unresolved_release_and_creation_dates_are_not_training_or_template_cutoffs
9I3I	9I3I_11	AF-P53091-F1	03b7797a0460645fc3278608ce831cc02c9437647883cfcf335a74b1b3aeb9c3	2025-06-25T00:00:00.000+00:00	2025-08-01T00:00:00Z	released_before_prediction_creation	starting_model_annotation_missing	unresolved_release_and_creation_dates_are_not_training_or_template_cutoffs
9I3I	9I3I_12	AF-P38132-F1	dbff9e0a6531af71d18bb3f0b0febfb568f2e863b6861e6daa67f914c7942edf	2025-06-25T00:00:00.000+00:00	2025-08-01T00:00:00Z	released_before_prediction_creation	starting_model_annotation_missing	unresolved_release_and_creation_dates_are_not_training_or_template_cutoffs
9I3I	9I3I_9	AF-P30665-F1	0b38fefaef2eca7f23bb979bc9da1dec4e9a6ffe79ea3e53edd734b02e70527b	2025-06-25T00:00:00.000+00:00	2025-08-01T00:00:00Z	released_before_prediction_creation	starting_model_annotation_missing	unresolved_release_and_creation_dates_are_not_training_or_template_cutoffs
9IWR	9IWR_14	AF-P21242-F1	8283ba552d1a3cf6c49a4d151043a7ef16df99a3d9c30a2b73e7692d36d2c844	2026-01-28T00:00:00.000+00:00	2025-08-01T00:00:00Z	released_after_prediction_creation	starting_model_annotation_missing	unresolved_release_and_creation_dates_are_not_training_or_template_cutoffs
9IWR	9IWR_21	AF-P32565-F1	fe2ef41c38ef7266951644e6481f0310899fda58b257a0a6b0c7c8e3c3cabea4	2026-01-28T00:00:00.000+00:00	2025-08-01T00:00:00Z	released_after_prediction_creation	starting_model_annotation_missing	unresolved_release_and_creation_dates_are_not_training_or_template_cutoffs
9IWR	9IWR_23	AF-Q12250-F1	f9d25f45a2a3eee589a6c556661ee99fe05c787d87bf2ba89aea44dae9063aac	2026-01-28T00:00:00.000+00:00	2025-08-01T00:00:00Z	released_after_prediction_creation	starting_model_annotation_missing	unresolved_release_and_creation_dates_are_not_training_or_template_cutoffs
9IWR	9IWR_25	AF-Q06103-F1	668cafe2b2304fbacb9ab68ea3c37c7805a16334996147ff72c4ca5be69b64eb	2026-01-28T00:00:00.000+00:00	2025-08-01T00:00:00Z	released_after_prediction_creation	starting_model_annotation_missing	unresolved_release_and_creation_dates_are_not_training_or_template_cutoffs
9IWR	9IWR_26	AF-P40016-F1	4a79a9ca6b6fcb3175539bdae202a7cc5e2df058476852f87bf482b5d1127fd2	2026-01-28T00:00:00.000+00:00	2025-08-01T00:00:00Z	released_after_prediction_creation	starting_model_annotation_missing	unresolved_release_and_creation_dates_are_not_training_or_template_cutoffs
9IWR	9IWR_33	AF-P38764-F1	8bf7784ea7d1c049bdb205d07f75d93f35ee4acec9266bab391a7d2fd35e30ca	2026-01-28T00:00:00.000+00:00	2025-08-01T00:00:00Z	released_after_prediction_creation	starting_model_annotation_missing	unresolved_release_and_creation_dates_are_not_training_or_template_cutoffs
9JA1	9JA1_11	AF-P34087-F1	83d3a4bb2b77f2d447e2e34483b92f4a0abd024d20c78f29b9187d33c13f070a	2024-09-04T00:00:00.000+00:00	2025-08-01T00:00:00Z	released_before_prediction_creation	starting_model_annotation_missing	unresolved_release_and_creation_dates_are_not_training_or_template_cutoffs
9JA1	9JA1_5	AF-P20435-F1	b35ac6750b96213d2e2f4608750f185b2daf71c690e6c7ef0382f39de2ec7d1c	2024-09-04T00:00:00.000+00:00	2025-08-01T00:00:00Z	released_before_prediction_creation	starting_model_annotation_missing	unresolved_release_and_creation_dates_are_not_training_or_template_cutoffs
9JA1	9JA1_6	AF-P20436-F1	ce7cd70250d0b569e39e2cf28c28578cac6ef076795fe9e170de624038c4019d	2024-09-04T00:00:00.000+00:00	2025-08-01T00:00:00Z	released_before_prediction_creation	starting_model_annotation_missing	unresolved_release_and_creation_dates_are_not_training_or_template_cutoffs
9JA1	9JA1_8	AF-P38902-F1	e5ca72de84371c102b60be5d242b8952d384447efd42abc54d2fc7b284a64b0b	2024-09-04T00:00:00.000+00:00	2025-08-01T00:00:00Z	released_before_prediction_creation	starting_model_annotation_missing	unresolved_release_and_creation_dates_are_not_training_or_template_cutoffs
9K7F	9K7F_11	AF-P38902-F1	e5ca72de84371c102b60be5d242b8952d384447efd42abc54d2fc7b284a64b0b	2025-10-29T00:00:00.000+00:00	2025-08-01T00:00:00Z	released_after_prediction_creation	starting_model_annotation_missing	unresolved_release_and_creation_dates_are_not_training_or_template_cutoffs
9K7F	9K7F_6	AF-P20435-F1	b35ac6750b96213d2e2f4608750f185b2daf71c690e6c7ef0382f39de2ec7d1c	2025-10-29T00:00:00.000+00:00	2025-08-01T00:00:00Z	released_after_prediction_creation	starting_model_annotation_missing	unresolved_release_and_creation_dates_are_not_training_or_template_cutoffs
9K7F	9K7F_7	AF-P34087-F1	83d3a4bb2b77f2d447e2e34483b92f4a0abd024d20c78f29b9187d33c13f070a	2025-10-29T00:00:00.000+00:00	2025-08-01T00:00:00Z	released_after_prediction_creation	starting_model_annotation_missing	unresolved_release_and_creation_dates_are_not_training_or_template_cutoffs
9K7F	9K7F_8	AF-P20436-F1	ce7cd70250d0b569e39e2cf28c28578cac6ef076795fe9e170de624038c4019d	2025-10-29T00:00:00.000+00:00	2025-08-01T00:00:00Z	released_after_prediction_creation	starting_model_annotation_missing	unresolved_release_and_creation_dates_are_not_training_or_template_cutoffs
9KD7	9KD7_11	AF-P38902-F1	e5ca72de84371c102b60be5d242b8952d384447efd42abc54d2fc7b284a64b0b	2025-11-12T00:00:00.000+00:00	2025-08-01T00:00:00Z	released_after_prediction_creation	starting_model_annotation_missing	unresolved_release_and_creation_dates_are_not_training_or_template_cutoffs
9KD7	9KD7_6	AF-P20435-F1	b35ac6750b96213d2e2f4608750f185b2daf71c690e6c7ef0382f39de2ec7d1c	2025-11-12T00:00:00.000+00:00	2025-08-01T00:00:00Z	released_after_prediction_creation	starting_model_annotation_missing	unresolved_release_and_creation_dates_are_not_training_or_template_cutoffs
9KD7	9KD7_7	AF-P34087-F1	83d3a4bb2b77f2d447e2e34483b92f4a0abd024d20c78f29b9187d33c13f070a	2025-11-12T00:00:00.000+00:00	2025-08-01T00:00:00Z	released_after_prediction_creation	starting_model_annotation_missing	unresolved_release_and_creation_dates_are_not_training_or_template_cutoffs
9KD7	9KD7_8	AF-P20436-F1	ce7cd70250d0b569e39e2cf28c28578cac6ef076795fe9e170de624038c4019d	2025-11-12T00:00:00.000+00:00	2025-08-01T00:00:00Z	released_after_prediction_creation	starting_model_annotation_missing	unresolved_release_and_creation_dates_are_not_training_or_template_cutoffs
9KD8	9KD8_11	AF-P38902-F1	e5ca72de84371c102b60be5d242b8952d384447efd42abc54d2fc7b284a64b0b	2025-11-12T00:00:00.000+00:00	2025-08-01T00:00:00Z	released_after_prediction_creation	starting_model_annotation_missing	unresolved_release_and_creation_dates_are_not_training_or_template_cutoffs
9KD8	9KD8_6	AF-P20435-F1	b35ac6750b96213d2e2f4608750f185b2daf71c690e6c7ef0382f39de2ec7d1c	2025-11-12T00:00:00.000+00:00	2025-08-01T00:00:00Z	released_after_prediction_creation	starting_model_annotation_missing	unresolved_release_and_creation_dates_are_not_training_or_template_cutoffs
9KD8	9KD8_7	AF-P34087-F1	83d3a4bb2b77f2d447e2e34483b92f4a0abd024d20c78f29b9187d33c13f070a	2025-11-12T00:00:00.000+00:00	2025-08-01T00:00:00Z	released_after_prediction_creation	starting_model_annotation_missing	unresolved_release_and_creation_dates_are_not_training_or_template_cutoffs
9KD8	9KD8_8	AF-P20436-F1	ce7cd70250d0b569e39e2cf28c28578cac6ef076795fe9e170de624038c4019d	2025-11-12T00:00:00.000+00:00	2025-08-01T00:00:00Z	released_after_prediction_creation	starting_model_annotation_missing	unresolved_release_and_creation_dates_are_not_training_or_template_cutoffs
9KD9	9KD9_11	AF-P38902-F1	e5ca72de84371c102b60be5d242b8952d384447efd42abc54d2fc7b284a64b0b	2025-11-05T00:00:00.000+00:00	2025-08-01T00:00:00Z	released_after_prediction_creation	starting_model_annotation_missing	unresolved_release_and_creation_dates_are_not_training_or_template_cutoffs
9KD9	9KD9_6	AF-P20435-F1	b35ac6750b96213d2e2f4608750f185b2daf71c690e6c7ef0382f39de2ec7d1c	2025-11-05T00:00:00.000+00:00	2025-08-01T00:00:00Z	released_after_prediction_creation	starting_model_annotation_missing	unresolved_release_and_creation_dates_are_not_training_or_template_cutoffs
9KD9	9KD9_7	AF-P34087-F1	83d3a4bb2b77f2d447e2e34483b92f4a0abd024d20c78f29b9187d33c13f070a	2025-11-05T00:00:00.000+00:00	2025-08-01T00:00:00Z	released_after_prediction_creation	starting_model_annotation_missing	unresolved_release_and_creation_dates_are_not_training_or_template_cutoffs
9KD9	9KD9_8	AF-P20436-F1	ce7cd70250d0b569e39e2cf28c28578cac6ef076795fe9e170de624038c4019d	2025-11-05T00:00:00.000+00:00	2025-08-01T00:00:00Z	released_after_prediction_creation	starting_model_annotation_missing	unresolved_release_and_creation_dates_are_not_training_or_template_cutoffs
9KDN	9KDN_11	AF-P38902-F1	e5ca72de84371c102b60be5d242b8952d384447efd42abc54d2fc7b284a64b0b	2025-11-12T00:00:00.000+00:00	2025-08-01T00:00:00Z	released_after_prediction_creation	starting_model_annotation_missing	unresolved_release_and_creation_dates_are_not_training_or_template_cutoffs
9KDN	9KDN_6	AF-P20435-F1	b35ac6750b96213d2e2f4608750f185b2daf71c690e6c7ef0382f39de2ec7d1c	2025-11-12T00:00:00.000+00:00	2025-08-01T00:00:00Z	released_after_prediction_creation	starting_model_annotation_missing	unresolved_release_and_creation_dates_are_not_training_or_template_cutoffs
9KDN	9KDN_7	AF-P34087-F1	83d3a4bb2b77f2d447e2e34483b92f4a0abd024d20c78f29b9187d33c13f070a	2025-11-12T00:00:00.000+00:00	2025-08-01T00:00:00Z	released_after_prediction_creation	starting_model_annotation_missing	unresolved_release_and_creation_dates_are_not_training_or_template_cutoffs
9KDN	9KDN_8	AF-P20436-F1	ce7cd70250d0b569e39e2cf28c28578cac6ef076795fe9e170de624038c4019d	2025-11-12T00:00:00.000+00:00	2025-08-01T00:00:00Z	released_after_prediction_creation	starting_model_annotation_missing	unresolved_release_and_creation_dates_are_not_training_or_template_cutoffs
9KDO	9KDO_11	AF-P38902-F1	e5ca72de84371c102b60be5d242b8952d384447efd42abc54d2fc7b284a64b0b	2025-11-12T00:00:00.000+00:00	2025-08-01T00:00:00Z	released_after_prediction_creation	starting_model_annotation_missing	unresolved_release_and_creation_dates_are_not_training_or_template_cutoffs
9KDO	9KDO_6	AF-P20435-F1	b35ac6750b96213d2e2f4608750f185b2daf71c690e6c7ef0382f39de2ec7d1c	2025-11-12T00:00:00.000+00:00	2025-08-01T00:00:00Z	released_after_prediction_creation	starting_model_annotation_missing	unresolved_release_and_creation_dates_are_not_training_or_template_cutoffs
9KDO	9KDO_7	AF-P34087-F1	83d3a4bb2b77f2d447e2e34483b92f4a0abd024d20c78f29b9187d33c13f070a	2025-11-12T00:00:00.000+00:00	2025-08-01T00:00:00Z	released_after_prediction_creation	starting_model_annotation_missing	unresolved_release_and_creation_dates_are_not_training_or_template_cutoffs
9KDO	9KDO_8	AF-P20436-F1	ce7cd70250d0b569e39e2cf28c28578cac6ef076795fe9e170de624038c4019d	2025-11-12T00:00:00.000+00:00	2025-08-01T00:00:00Z	released_after_prediction_creation	starting_model_annotation_missing	unresolved_release_and_creation_dates_are_not_training_or_template_cutoffs
9KDQ	9KDQ_11	AF-P38902-F1	e5ca72de84371c102b60be5d242b8952d384447efd42abc54d2fc7b284a64b0b	2025-11-12T00:00:00.000+00:00	2025-08-01T00:00:00Z	released_after_prediction_creation	starting_model_annotation_missing	unresolved_release_and_creation_dates_are_not_training_or_template_cutoffs
9KDQ	9KDQ_6	AF-P20435-F1	b35ac6750b96213d2e2f4608750f185b2daf71c690e6c7ef0382f39de2ec7d1c	2025-11-12T00:00:00.000+00:00	2025-08-01T00:00:00Z	released_after_prediction_creation	starting_model_annotation_missing	unresolved_release_and_creation_dates_are_not_training_or_template_cutoffs
9KDQ	9KDQ_7	AF-P34087-F1	83d3a4bb2b77f2d447e2e34483b92f4a0abd024d20c78f29b9187d33c13f070a	2025-11-12T00:00:00.000+00:00	2025-08-01T00:00:00Z	released_after_prediction_creation	starting_model_annotation_missing	unresolved_release_and_creation_dates_are_not_training_or_template_cutoffs
9KDQ	9KDQ_8	AF-P20436-F1	ce7cd70250d0b569e39e2cf28c28578cac6ef076795fe9e170de624038c4019d	2025-11-12T00:00:00.000+00:00	2025-08-01T00:00:00Z	released_after_prediction_creation	starting_model_annotation_missing	unresolved_release_and_creation_dates_are_not_training_or_template_cutoffs
9N5B	9N5B_12	AF-P38902-F1	e5ca72de84371c102b60be5d242b8952d384447efd42abc54d2fc7b284a64b0b	2025-08-13T00:00:00.000+00:00	2025-08-01T00:00:00Z	released_after_prediction_creation	only_experimental_starting_models_reported_not_independence_proof	unresolved_release_and_creation_dates_are_not_training_or_template_cutoffs
9N5B	9N5B_8	AF-P20435-F1	b35ac6750b96213d2e2f4608750f185b2daf71c690e6c7ef0382f39de2ec7d1c	2025-08-13T00:00:00.000+00:00	2025-08-01T00:00:00Z	released_after_prediction_creation	only_experimental_starting_models_reported_not_independence_proof	unresolved_release_and_creation_dates_are_not_training_or_template_cutoffs
9N5B	9N5B_9	AF-P20436-F1	ce7cd70250d0b569e39e2cf28c28578cac6ef076795fe9e170de624038c4019d	2025-08-13T00:00:00.000+00:00	2025-08-01T00:00:00Z	released_after_prediction_creation	only_experimental_starting_models_reported_not_independence_proof	unresolved_release_and_creation_dates_are_not_training_or_template_cutoffs
9N5C	9N5C_12	AF-P38902-F1	e5ca72de84371c102b60be5d242b8952d384447efd42abc54d2fc7b284a64b0b	2025-08-13T00:00:00.000+00:00	2025-08-01T00:00:00Z	released_after_prediction_creation	only_experimental_starting_models_reported_not_independence_proof	unresolved_release_and_creation_dates_are_not_training_or_template_cutoffs
9N5C	9N5C_8	AF-P20435-F1	b35ac6750b96213d2e2f4608750f185b2daf71c690e6c7ef0382f39de2ec7d1c	2025-08-13T00:00:00.000+00:00	2025-08-01T00:00:00Z	released_after_prediction_creation	only_experimental_starting_models_reported_not_independence_proof	unresolved_release_and_creation_dates_are_not_training_or_template_cutoffs
9N5C	9N5C_9	AF-P20436-F1	ce7cd70250d0b569e39e2cf28c28578cac6ef076795fe9e170de624038c4019d	2025-08-13T00:00:00.000+00:00	2025-08-01T00:00:00Z	released_after_prediction_creation	only_experimental_starting_models_reported_not_independence_proof	unresolved_release_and_creation_dates_are_not_training_or_template_cutoffs
9N5D	9N5D_12	AF-P38902-F1	e5ca72de84371c102b60be5d242b8952d384447efd42abc54d2fc7b284a64b0b	2025-08-13T00:00:00.000+00:00	2025-08-01T00:00:00Z	released_after_prediction_creation	only_experimental_starting_models_reported_not_independence_proof	unresolved_release_and_creation_dates_are_not_training_or_template_cutoffs
9N5D	9N5D_8	AF-P20435-F1	b35ac6750b96213d2e2f4608750f185b2daf71c690e6c7ef0382f39de2ec7d1c	2025-08-13T00:00:00.000+00:00	2025-08-01T00:00:00Z	released_after_prediction_creation	only_experimental_starting_models_reported_not_independence_proof	unresolved_release_and_creation_dates_are_not_training_or_template_cutoffs
9N5D	9N5D_9	AF-P20436-F1	ce7cd70250d0b569e39e2cf28c28578cac6ef076795fe9e170de624038c4019d	2025-08-13T00:00:00.000+00:00	2025-08-01T00:00:00Z	released_after_prediction_creation	only_experimental_starting_models_reported_not_independence_proof	unresolved_release_and_creation_dates_are_not_training_or_template_cutoffs
9N5E	9N5E_12	AF-P38902-F1	e5ca72de84371c102b60be5d242b8952d384447efd42abc54d2fc7b284a64b0b	2025-08-13T00:00:00.000+00:00	2025-08-01T00:00:00Z	released_after_prediction_creation	only_experimental_starting_models_reported_not_independence_proof	unresolved_release_and_creation_dates_are_not_training_or_template_cutoffs
9N5E	9N5E_8	AF-P20435-F1	b35ac6750b96213d2e2f4608750f185b2daf71c690e6c7ef0382f39de2ec7d1c	2025-08-13T00:00:00.000+00:00	2025-08-01T00:00:00Z	released_after_prediction_creation	only_experimental_starting_models_reported_not_independence_proof	unresolved_release_and_creation_dates_are_not_training_or_template_cutoffs
9N5E	9N5E_9	AF-P20436-F1	ce7cd70250d0b569e39e2cf28c28578cac6ef076795fe9e170de624038c4019d	2025-08-13T00:00:00.000+00:00	2025-08-01T00:00:00Z	released_after_prediction_creation	only_experimental_starting_models_reported_not_independence_proof	unresolved_release_and_creation_dates_are_not_training_or_template_cutoffs
9N5F	9N5F_12	AF-P38902-F1	e5ca72de84371c102b60be5d242b8952d384447efd42abc54d2fc7b284a64b0b	2025-08-13T00:00:00.000+00:00	2025-08-01T00:00:00Z	released_after_prediction_creation	only_experimental_starting_models_reported_not_independence_proof	unresolved_release_and_creation_dates_are_not_training_or_template_cutoffs
9N5F	9N5F_8	AF-P20435-F1	b35ac6750b96213d2e2f4608750f185b2daf71c690e6c7ef0382f39de2ec7d1c	2025-08-13T00:00:00.000+00:00	2025-08-01T00:00:00Z	released_after_prediction_creation	only_experimental_starting_models_reported_not_independence_proof	unresolved_release_and_creation_dates_are_not_training_or_template_cutoffs
9N5F	9N5F_9	AF-P20436-F1	ce7cd70250d0b569e39e2cf28c28578cac6ef076795fe9e170de624038c4019d	2025-08-13T00:00:00.000+00:00	2025-08-01T00:00:00Z	released_after_prediction_creation	only_experimental_starting_models_reported_not_independence_proof	unresolved_release_and_creation_dates_are_not_training_or_template_cutoffs
9N5G	9N5G_12	AF-P38902-F1	e5ca72de84371c102b60be5d242b8952d384447efd42abc54d2fc7b284a64b0b	2025-08-13T00:00:00.000+00:00	2025-08-01T00:00:00Z	released_after_prediction_creation	only_experimental_starting_models_reported_not_independence_proof	unresolved_release_and_creation_dates_are_not_training_or_template_cutoffs
9N5G	9N5G_8	AF-P20435-F1	b35ac6750b96213d2e2f4608750f185b2daf71c690e6c7ef0382f39de2ec7d1c	2025-08-13T00:00:00.000+00:00	2025-08-01T00:00:00Z	released_after_prediction_creation	only_experimental_starting_models_reported_not_independence_proof	unresolved_release_and_creation_dates_are_not_training_or_template_cutoffs
9N5G	9N5G_9	AF-P20436-F1	ce7cd70250d0b569e39e2cf28c28578cac6ef076795fe9e170de624038c4019d	2025-08-13T00:00:00.000+00:00	2025-08-01T00:00:00Z	released_after_prediction_creation	only_experimental_starting_models_reported_not_independence_proof	unresolved_release_and_creation_dates_are_not_training_or_template_cutoffs
9N6V	9N6V_18	AF-Q04305-F1	c4214baeff24b16caa93f67de339df82dfa7e06f3ef726aae3a8eba8ef80e8c0	2025-11-05T00:00:00.000+00:00	2025-08-01T00:00:00Z	released_after_prediction_creation	starting_model_annotation_missing	unresolved_release_and_creation_dates_are_not_training_or_template_cutoffs
9N6V	9N6V_23	AF-P25635-F1	a483c6065162d6202fd56b069eaa00b4eb1f0edf65e3599160b9781ea59d6eb2	2025-11-05T00:00:00.000+00:00	2025-08-01T00:00:00Z	released_after_prediction_creation	starting_model_annotation_missing	unresolved_release_and_creation_dates_are_not_training_or_template_cutoffs
9N6V	9N6V_26	AF-Q05946-F1	2204d94499d8f398bca51469cb01266388ac536be512a882629aae7bd265fe1c	2025-11-05T00:00:00.000+00:00	2025-08-01T00:00:00Z	released_after_prediction_creation	starting_model_annotation_missing	unresolved_release_and_creation_dates_are_not_training_or_template_cutoffs
9N6V	9N6V_27	AF-P40362-F1	6c6238ce3df8a0730a750c002381624b18a9118d769139354008a70ca5ac7ee5	2025-11-05T00:00:00.000+00:00	2025-08-01T00:00:00Z	released_after_prediction_creation	starting_model_annotation_missing	unresolved_release_and_creation_dates_are_not_training_or_template_cutoffs
9N6V	9N6V_30	AF-P48234-F1	6e7fd9e10994e26e9895de924a49c0063dfda2ba87b7f91ecbfd6f3df4dfa650	2025-11-05T00:00:00.000+00:00	2025-08-01T00:00:00Z	released_after_prediction_creation	starting_model_annotation_missing	unresolved_release_and_creation_dates_are_not_training_or_template_cutoffs
9N6V	9N6V_31	AF-P40055-F1	0b8d4e8ec034bbe7e38401be0db088e127c66d44ef0872e7474c7aa39df06ce9	2025-11-05T00:00:00.000+00:00	2025-08-01T00:00:00Z	released_after_prediction_creation	starting_model_annotation_missing	unresolved_release_and_creation_dates_are_not_training_or_template_cutoffs
9N6V	9N6V_32	AF-P53914-F1	ee2df6f0ad1d4024a32a45cd63663e5131a0f5db5539d359a85c91fdea3cda18	2025-11-05T00:00:00.000+00:00	2025-08-01T00:00:00Z	released_after_prediction_creation	starting_model_annotation_missing	unresolved_release_and_creation_dates_are_not_training_or_template_cutoffs
9N6V	9N6V_33	AF-P32899-F1	3944f7cc837195985c71597fc913f05d1fd8834da7306203566d3a13a6fd5082	2025-11-05T00:00:00.000+00:00	2025-08-01T00:00:00Z	released_after_prediction_creation	starting_model_annotation_missing	unresolved_release_and_creation_dates_are_not_training_or_template_cutoffs
9N6V	9N6V_34	AF-P47083-F1	5bf066d076b004974606b1090a7d63589eabd59b61cfb3b2e1bf0c2f6bc8f8fc	2025-11-05T00:00:00.000+00:00	2025-08-01T00:00:00Z	released_after_prediction_creation	starting_model_annotation_missing	unresolved_release_and_creation_dates_are_not_training_or_template_cutoffs
9N6V	9N6V_50	AF-P15646-F1	a1522f5f794bdfcd1daf2f6cc27f18008a39cec9d87ee10935e6e31b5feae501	2025-11-05T00:00:00.000+00:00	2025-08-01T00:00:00Z	released_after_prediction_creation	starting_model_annotation_missing	unresolved_release_and_creation_dates_are_not_training_or_template_cutoffs
9N6V	9N6V_53	AF-Q08096-F1	9e04036772422792dba04f1ee5510efa70bab5493b0a62a87dd0300b26fc7f86	2025-11-05T00:00:00.000+00:00	2025-08-01T00:00:00Z	released_after_prediction_creation	starting_model_annotation_missing	unresolved_release_and_creation_dates_are_not_training_or_template_cutoffs
9N6V	9N6V_66	AF-Q99216-F1	84d2c25c65d615286c613fa6cb43c3a6ded04bf3ea656def6fecf3a43dcb69c6	2025-11-05T00:00:00.000+00:00	2025-08-01T00:00:00Z	released_after_prediction_creation	starting_model_annotation_missing	unresolved_release_and_creation_dates_are_not_training_or_template_cutoffs
9N6V	9N6V_67	AF-P34247-F1	1245ee2f7cd83f9369a6d49b5bf35022d2741b637b7851a33541728b4662e659	2025-11-05T00:00:00.000+00:00	2025-08-01T00:00:00Z	released_after_prediction_creation	starting_model_annotation_missing	unresolved_release_and_creation_dates_are_not_training_or_template_cutoffs
9N6V	9N6V_68	AF-P38333-F1	7853bc1aad7c359d8c4309a1340c0742d4c26c3dbb95f6c3720b0c4dfee7cdaa	2025-11-05T00:00:00.000+00:00	2025-08-01T00:00:00Z	released_after_prediction_creation	starting_model_annotation_missing	unresolved_release_and_creation_dates_are_not_training_or_template_cutoffs
9N6W	9N6W_18	AF-Q04305-F1	c4214baeff24b16caa93f67de339df82dfa7e06f3ef726aae3a8eba8ef80e8c0	2025-11-05T00:00:00.000+00:00	2025-08-01T00:00:00Z	released_after_prediction_creation	starting_model_annotation_missing	unresolved_release_and_creation_dates_are_not_training_or_template_cutoffs
9N6W	9N6W_23	AF-P25635-F1	a483c6065162d6202fd56b069eaa00b4eb1f0edf65e3599160b9781ea59d6eb2	2025-11-05T00:00:00.000+00:00	2025-08-01T00:00:00Z	released_after_prediction_creation	starting_model_annotation_missing	unresolved_release_and_creation_dates_are_not_training_or_template_cutoffs
9N6W	9N6W_26	AF-Q05946-F1	2204d94499d8f398bca51469cb01266388ac536be512a882629aae7bd265fe1c	2025-11-05T00:00:00.000+00:00	2025-08-01T00:00:00Z	released_after_prediction_creation	starting_model_annotation_missing	unresolved_release_and_creation_dates_are_not_training_or_template_cutoffs
9N6W	9N6W_27	AF-P40362-F1	6c6238ce3df8a0730a750c002381624b18a9118d769139354008a70ca5ac7ee5	2025-11-05T00:00:00.000+00:00	2025-08-01T00:00:00Z	released_after_prediction_creation	starting_model_annotation_missing	unresolved_release_and_creation_dates_are_not_training_or_template_cutoffs
9N6W	9N6W_30	AF-P48234-F1	6e7fd9e10994e26e9895de924a49c0063dfda2ba87b7f91ecbfd6f3df4dfa650	2025-11-05T00:00:00.000+00:00	2025-08-01T00:00:00Z	released_after_prediction_creation	starting_model_annotation_missing	unresolved_release_and_creation_dates_are_not_training_or_template_cutoffs
9N6W	9N6W_31	AF-P40055-F1	0b8d4e8ec034bbe7e38401be0db088e127c66d44ef0872e7474c7aa39df06ce9	2025-11-05T00:00:00.000+00:00	2025-08-01T00:00:00Z	released_after_prediction_creation	starting_model_annotation_missing	unresolved_release_and_creation_dates_are_not_training_or_template_cutoffs
9N6W	9N6W_32	AF-P53914-F1	ee2df6f0ad1d4024a32a45cd63663e5131a0f5db5539d359a85c91fdea3cda18	2025-11-05T00:00:00.000+00:00	2025-08-01T00:00:00Z	released_after_prediction_creation	starting_model_annotation_missing	unresolved_release_and_creation_dates_are_not_training_or_template_cutoffs
9N6W	9N6W_33	AF-P32899-F1	3944f7cc837195985c71597fc913f05d1fd8834da7306203566d3a13a6fd5082	2025-11-05T00:00:00.000+00:00	2025-08-01T00:00:00Z	released_after_prediction_creation	starting_model_annotation_missing	unresolved_release_and_creation_dates_are_not_training_or_template_cutoffs
9N6W	9N6W_34	AF-P47083-F1	5bf066d076b004974606b1090a7d63589eabd59b61cfb3b2e1bf0c2f6bc8f8fc	2025-11-05T00:00:00.000+00:00	2025-08-01T00:00:00Z	released_after_prediction_creation	starting_model_annotation_missing	unresolved_release_and_creation_dates_are_not_training_or_template_cutoffs
9N6W	9N6W_50	AF-P15646-F1	a1522f5f794bdfcd1daf2f6cc27f18008a39cec9d87ee10935e6e31b5feae501	2025-11-05T00:00:00.000+00:00	2025-08-01T00:00:00Z	released_after_prediction_creation	starting_model_annotation_missing	unresolved_release_and_creation_dates_are_not_training_or_template_cutoffs
9N6W	9N6W_53	AF-Q08096-F1	9e04036772422792dba04f1ee5510efa70bab5493b0a62a87dd0300b26fc7f86	2025-11-05T00:00:00.000+00:00	2025-08-01T00:00:00Z	released_after_prediction_creation	starting_model_annotation_missing	unresolved_release_and_creation_dates_are_not_training_or_template_cutoffs
9N6W	9N6W_66	AF-Q99216-F1	84d2c25c65d615286c613fa6cb43c3a6ded04bf3ea656def6fecf3a43dcb69c6	2025-11-05T00:00:00.000+00:00	2025-08-01T00:00:00Z	released_after_prediction_creation	starting_model_annotation_missing	unresolved_release_and_creation_dates_are_not_training_or_template_cutoffs
9N6W	9N6W_67	AF-P34247-F1	1245ee2f7cd83f9369a6d49b5bf35022d2741b637b7851a33541728b4662e659	2025-11-05T00:00:00.000+00:00	2025-08-01T00:00:00Z	released_after_prediction_creation	starting_model_annotation_missing	unresolved_release_and_creation_dates_are_not_training_or_template_cutoffs
9N6W	9N6W_68	AF-P38333-F1	7853bc1aad7c359d8c4309a1340c0742d4c26c3dbb95f6c3720b0c4dfee7cdaa	2025-11-05T00:00:00.000+00:00	2025-08-01T00:00:00Z	released_after_prediction_creation	starting_model_annotation_missing	unresolved_release_and_creation_dates_are_not_training_or_template_cutoffs
9N6X	9N6X_18	AF-Q04305-F1	c4214baeff24b16caa93f67de339df82dfa7e06f3ef726aae3a8eba8ef80e8c0	2025-11-05T00:00:00.000+00:00	2025-08-01T00:00:00Z	released_after_prediction_creation	starting_model_annotation_missing	unresolved_release_and_creation_dates_are_not_training_or_template_cutoffs
9N6X	9N6X_23	AF-P25635-F1	a483c6065162d6202fd56b069eaa00b4eb1f0edf65e3599160b9781ea59d6eb2	2025-11-05T00:00:00.000+00:00	2025-08-01T00:00:00Z	released_after_prediction_creation	starting_model_annotation_missing	unresolved_release_and_creation_dates_are_not_training_or_template_cutoffs
9N6X	9N6X_26	AF-Q05946-F1	2204d94499d8f398bca51469cb01266388ac536be512a882629aae7bd265fe1c	2025-11-05T00:00:00.000+00:00	2025-08-01T00:00:00Z	released_after_prediction_creation	starting_model_annotation_missing	unresolved_release_and_creation_dates_are_not_training_or_template_cutoffs
9N6X	9N6X_27	AF-P40362-F1	6c6238ce3df8a0730a750c002381624b18a9118d769139354008a70ca5ac7ee5	2025-11-05T00:00:00.000+00:00	2025-08-01T00:00:00Z	released_after_prediction_creation	starting_model_annotation_missing	unresolved_release_and_creation_dates_are_not_training_or_template_cutoffs
9N6X	9N6X_30	AF-P48234-F1	6e7fd9e10994e26e9895de924a49c0063dfda2ba87b7f91ecbfd6f3df4dfa650	2025-11-05T00:00:00.000+00:00	2025-08-01T00:00:00Z	released_after_prediction_creation	starting_model_annotation_missing	unresolved_release_and_creation_dates_are_not_training_or_template_cutoffs
9N6X	9N6X_31	AF-P40055-F1	0b8d4e8ec034bbe7e38401be0db088e127c66d44ef0872e7474c7aa39df06ce9	2025-11-05T00:00:00.000+00:00	2025-08-01T00:00:00Z	released_after_prediction_creation	starting_model_annotation_missing	unresolved_release_and_creation_dates_are_not_training_or_template_cutoffs
9N6X	9N6X_32	AF-P53914-F1	ee2df6f0ad1d4024a32a45cd63663e5131a0f5db5539d359a85c91fdea3cda18	2025-11-05T00:00:00.000+00:00	2025-08-01T00:00:00Z	released_after_prediction_creation	starting_model_annotation_missing	unresolved_release_and_creation_dates_are_not_training_or_template_cutoffs
9N6X	9N6X_33	AF-P32899-F1	3944f7cc837195985c71597fc913f05d1fd8834da7306203566d3a13a6fd5082	2025-11-05T00:00:00.000+00:00	2025-08-01T00:00:00Z	released_after_prediction_creation	starting_model_annotation_missing	unresolved_release_and_creation_dates_are_not_training_or_template_cutoffs
9N6X	9N6X_34	AF-P47083-F1	5bf066d076b004974606b1090a7d63589eabd59b61cfb3b2e1bf0c2f6bc8f8fc	2025-11-05T00:00:00.000+00:00	2025-08-01T00:00:00Z	released_after_prediction_creation	starting_model_annotation_missing	unresolved_release_and_creation_dates_are_not_training_or_template_cutoffs
9N6X	9N6X_50	AF-P15646-F1	a1522f5f794bdfcd1daf2f6cc27f18008a39cec9d87ee10935e6e31b5feae501	2025-11-05T00:00:00.000+00:00	2025-08-01T00:00:00Z	released_after_prediction_creation	starting_model_annotation_missing	unresolved_release_and_creation_dates_are_not_training_or_template_cutoffs
9N6X	9N6X_53	AF-Q08096-F1	9e04036772422792dba04f1ee5510efa70bab5493b0a62a87dd0300b26fc7f86	2025-11-05T00:00:00.000+00:00	2025-08-01T00:00:00Z	released_after_prediction_creation	starting_model_annotation_missing	unresolved_release_and_creation_dates_are_not_training_or_template_cutoffs
9N6X	9N6X_66	AF-Q99216-F1	84d2c25c65d615286c613fa6cb43c3a6ded04bf3ea656def6fecf3a43dcb69c6	2025-11-05T00:00:00.000+00:00	2025-08-01T00:00:00Z	released_after_prediction_creation	starting_model_annotation_missing	unresolved_release_and_creation_dates_are_not_training_or_template_cutoffs
9N6X	9N6X_67	AF-P34247-F1	1245ee2f7cd83f9369a6d49b5bf35022d2741b637b7851a33541728b4662e659	2025-11-05T00:00:00.000+00:00	2025-08-01T00:00:00Z	released_after_prediction_creation	starting_model_annotation_missing	unresolved_release_and_creation_dates_are_not_training_or_template_cutoffs
9N6X	9N6X_68	AF-P38333-F1	7853bc1aad7c359d8c4309a1340c0742d4c26c3dbb95f6c3720b0c4dfee7cdaa	2025-11-05T00:00:00.000+00:00	2025-08-01T00:00:00Z	released_after_prediction_creation	starting_model_annotation_missing	unresolved_release_and_creation_dates_are_not_training_or_template_cutoffs
9N6Y	9N6Y_18	AF-Q04305-F1	c4214baeff24b16caa93f67de339df82dfa7e06f3ef726aae3a8eba8ef80e8c0	2025-11-05T00:00:00.000+00:00	2025-08-01T00:00:00Z	released_after_prediction_creation	starting_model_annotation_missing	unresolved_release_and_creation_dates_are_not_training_or_template_cutoffs
9N6Y	9N6Y_23	AF-P25635-F1	a483c6065162d6202fd56b069eaa00b4eb1f0edf65e3599160b9781ea59d6eb2	2025-11-05T00:00:00.000+00:00	2025-08-01T00:00:00Z	released_after_prediction_creation	starting_model_annotation_missing	unresolved_release_and_creation_dates_are_not_training_or_template_cutoffs
9N6Y	9N6Y_26	AF-Q05946-F1	2204d94499d8f398bca51469cb01266388ac536be512a882629aae7bd265fe1c	2025-11-05T00:00:00.000+00:00	2025-08-01T00:00:00Z	released_after_prediction_creation	starting_model_annotation_missing	unresolved_release_and_creation_dates_are_not_training_or_template_cutoffs
9N6Y	9N6Y_27	AF-P40362-F1	6c6238ce3df8a0730a750c002381624b18a9118d769139354008a70ca5ac7ee5	2025-11-05T00:00:00.000+00:00	2025-08-01T00:00:00Z	released_after_prediction_creation	starting_model_annotation_missing	unresolved_release_and_creation_dates_are_not_training_or_template_cutoffs
9N6Y	9N6Y_30	AF-P48234-F1	6e7fd9e10994e26e9895de924a49c0063dfda2ba87b7f91ecbfd6f3df4dfa650	2025-11-05T00:00:00.000+00:00	2025-08-01T00:00:00Z	released_after_prediction_creation	starting_model_annotation_missing	unresolved_release_and_creation_dates_are_not_training_or_template_cutoffs
9N6Y	9N6Y_31	AF-P40055-F1	0b8d4e8ec034bbe7e38401be0db088e127c66d44ef0872e7474c7aa39df06ce9	2025-11-05T00:00:00.000+00:00	2025-08-01T00:00:00Z	released_after_prediction_creation	starting_model_annotation_missing	unresolved_release_and_creation_dates_are_not_training_or_template_cutoffs
9N6Y	9N6Y_32	AF-P53914-F1	ee2df6f0ad1d4024a32a45cd63663e5131a0f5db5539d359a85c91fdea3cda18	2025-11-05T00:00:00.000+00:00	2025-08-01T00:00:00Z	released_after_prediction_creation	starting_model_annotation_missing	unresolved_release_and_creation_dates_are_not_training_or_template_cutoffs
9N6Y	9N6Y_33	AF-P32899-F1	3944f7cc837195985c71597fc913f05d1fd8834da7306203566d3a13a6fd5082	2025-11-05T00:00:00.000+00:00	2025-08-01T00:00:00Z	released_after_prediction_creation	starting_model_annotation_missing	unresolved_release_and_creation_dates_are_not_training_or_template_cutoffs
9N6Y	9N6Y_34	AF-P47083-F1	5bf066d076b004974606b1090a7d63589eabd59b61cfb3b2e1bf0c2f6bc8f8fc	2025-11-05T00:00:00.000+00:00	2025-08-01T00:00:00Z	released_after_prediction_creation	starting_model_annotation_missing	unresolved_release_and_creation_dates_are_not_training_or_template_cutoffs
9N6Y	9N6Y_51	AF-P15646-F1	a1522f5f794bdfcd1daf2f6cc27f18008a39cec9d87ee10935e6e31b5feae501	2025-11-05T00:00:00.000+00:00	2025-08-01T00:00:00Z	released_after_prediction_creation	starting_model_annotation_missing	unresolved_release_and_creation_dates_are_not_training_or_template_cutoffs
9N6Y	9N6Y_54	AF-Q08096-F1	9e04036772422792dba04f1ee5510efa70bab5493b0a62a87dd0300b26fc7f86	2025-11-05T00:00:00.000+00:00	2025-08-01T00:00:00Z	released_after_prediction_creation	starting_model_annotation_missing	unresolved_release_and_creation_dates_are_not_training_or_template_cutoffs
9N6Y	9N6Y_67	AF-Q99216-F1	84d2c25c65d615286c613fa6cb43c3a6ded04bf3ea656def6fecf3a43dcb69c6	2025-11-05T00:00:00.000+00:00	2025-08-01T00:00:00Z	released_after_prediction_creation	starting_model_annotation_missing	unresolved_release_and_creation_dates_are_not_training_or_template_cutoffs
9N6Y	9N6Y_68	AF-P34247-F1	1245ee2f7cd83f9369a6d49b5bf35022d2741b637b7851a33541728b4662e659	2025-11-05T00:00:00.000+00:00	2025-08-01T00:00:00Z	released_after_prediction_creation	starting_model_annotation_missing	unresolved_release_and_creation_dates_are_not_training_or_template_cutoffs
9N6Y	9N6Y_69	AF-P38333-F1	7853bc1aad7c359d8c4309a1340c0742d4c26c3dbb95f6c3720b0c4dfee7cdaa	2025-11-05T00:00:00.000+00:00	2025-08-01T00:00:00Z	released_after_prediction_creation	starting_model_annotation_missing	unresolved_release_and_creation_dates_are_not_training_or_template_cutoffs
9N6Z	9N6Z_18	AF-Q04305-F1	c4214baeff24b16caa93f67de339df82dfa7e06f3ef726aae3a8eba8ef80e8c0	2025-11-05T00:00:00.000+00:00	2025-08-01T00:00:00Z	released_after_prediction_creation	starting_model_annotation_missing	unresolved_release_and_creation_dates_are_not_training_or_template_cutoffs
9N6Z	9N6Z_23	AF-P25635-F1	a483c6065162d6202fd56b069eaa00b4eb1f0edf65e3599160b9781ea59d6eb2	2025-11-05T00:00:00.000+00:00	2025-08-01T00:00:00Z	released_after_prediction_creation	starting_model_annotation_missing	unresolved_release_and_creation_dates_are_not_training_or_template_cutoffs
9N6Z	9N6Z_26	AF-Q05946-F1	2204d94499d8f398bca51469cb01266388ac536be512a882629aae7bd265fe1c	2025-11-05T00:00:00.000+00:00	2025-08-01T00:00:00Z	released_after_prediction_creation	starting_model_annotation_missing	unresolved_release_and_creation_dates_are_not_training_or_template_cutoffs
9N6Z	9N6Z_27	AF-P40362-F1	6c6238ce3df8a0730a750c002381624b18a9118d769139354008a70ca5ac7ee5	2025-11-05T00:00:00.000+00:00	2025-08-01T00:00:00Z	released_after_prediction_creation	starting_model_annotation_missing	unresolved_release_and_creation_dates_are_not_training_or_template_cutoffs
9N6Z	9N6Z_30	AF-P48234-F1	6e7fd9e10994e26e9895de924a49c0063dfda2ba87b7f91ecbfd6f3df4dfa650	2025-11-05T00:00:00.000+00:00	2025-08-01T00:00:00Z	released_after_prediction_creation	starting_model_annotation_missing	unresolved_release_and_creation_dates_are_not_training_or_template_cutoffs
9N6Z	9N6Z_31	AF-P40055-F1	0b8d4e8ec034bbe7e38401be0db088e127c66d44ef0872e7474c7aa39df06ce9	2025-11-05T00:00:00.000+00:00	2025-08-01T00:00:00Z	released_after_prediction_creation	starting_model_annotation_missing	unresolved_release_and_creation_dates_are_not_training_or_template_cutoffs
9N6Z	9N6Z_32	AF-P53914-F1	ee2df6f0ad1d4024a32a45cd63663e5131a0f5db5539d359a85c91fdea3cda18	2025-11-05T00:00:00.000+00:00	2025-08-01T00:00:00Z	released_after_prediction_creation	starting_model_annotation_missing	unresolved_release_and_creation_dates_are_not_training_or_template_cutoffs
9N6Z	9N6Z_33	AF-P32899-F1	3944f7cc837195985c71597fc913f05d1fd8834da7306203566d3a13a6fd5082	2025-11-05T00:00:00.000+00:00	2025-08-01T00:00:00Z	released_after_prediction_creation	starting_model_annotation_missing	unresolved_release_and_creation_dates_are_not_training_or_template_cutoffs
9N6Z	9N6Z_34	AF-P47083-F1	5bf066d076b004974606b1090a7d63589eabd59b61cfb3b2e1bf0c2f6bc8f8fc	2025-11-05T00:00:00.000+00:00	2025-08-01T00:00:00Z	released_after_prediction_creation	starting_model_annotation_missing	unresolved_release_and_creation_dates_are_not_training_or_template_cutoffs
9N6Z	9N6Z_52	AF-P15646-F1	a1522f5f794bdfcd1daf2f6cc27f18008a39cec9d87ee10935e6e31b5feae501	2025-11-05T00:00:00.000+00:00	2025-08-01T00:00:00Z	released_after_prediction_creation	starting_model_annotation_missing	unresolved_release_and_creation_dates_are_not_training_or_template_cutoffs
9N6Z	9N6Z_55	AF-Q08096-F1	9e04036772422792dba04f1ee5510efa70bab5493b0a62a87dd0300b26fc7f86	2025-11-05T00:00:00.000+00:00	2025-08-01T00:00:00Z	released_after_prediction_creation	starting_model_annotation_missing	unresolved_release_and_creation_dates_are_not_training_or_template_cutoffs
9N6Z	9N6Z_66	AF-Q99216-F1	84d2c25c65d615286c613fa6cb43c3a6ded04bf3ea656def6fecf3a43dcb69c6	2025-11-05T00:00:00.000+00:00	2025-08-01T00:00:00Z	released_after_prediction_creation	starting_model_annotation_missing	unresolved_release_and_creation_dates_are_not_training_or_template_cutoffs
9N6Z	9N6Z_67	AF-P34247-F1	1245ee2f7cd83f9369a6d49b5bf35022d2741b637b7851a33541728b4662e659	2025-11-05T00:00:00.000+00:00	2025-08-01T00:00:00Z	released_after_prediction_creation	starting_model_annotation_missing	unresolved_release_and_creation_dates_are_not_training_or_template_cutoffs
9N6Z	9N6Z_68	AF-P38333-F1	7853bc1aad7c359d8c4309a1340c0742d4c26c3dbb95f6c3720b0c4dfee7cdaa	2025-11-05T00:00:00.000+00:00	2025-08-01T00:00:00Z	released_after_prediction_creation	starting_model_annotation_missing	unresolved_release_and_creation_dates_are_not_training_or_template_cutoffs
9N70	9N70_18	AF-Q04305-F1	c4214baeff24b16caa93f67de339df82dfa7e06f3ef726aae3a8eba8ef80e8c0	2025-11-05T00:00:00.000+00:00	2025-08-01T00:00:00Z	released_after_prediction_creation	starting_model_annotation_missing	unresolved_release_and_creation_dates_are_not_training_or_template_cutoffs
9N70	9N70_23	AF-P25635-F1	a483c6065162d6202fd56b069eaa00b4eb1f0edf65e3599160b9781ea59d6eb2	2025-11-05T00:00:00.000+00:00	2025-08-01T00:00:00Z	released_after_prediction_creation	starting_model_annotation_missing	unresolved_release_and_creation_dates_are_not_training_or_template_cutoffs
9N70	9N70_26	AF-Q05946-F1	2204d94499d8f398bca51469cb01266388ac536be512a882629aae7bd265fe1c	2025-11-05T00:00:00.000+00:00	2025-08-01T00:00:00Z	released_after_prediction_creation	starting_model_annotation_missing	unresolved_release_and_creation_dates_are_not_training_or_template_cutoffs
9N70	9N70_27	AF-P40362-F1	6c6238ce3df8a0730a750c002381624b18a9118d769139354008a70ca5ac7ee5	2025-11-05T00:00:00.000+00:00	2025-08-01T00:00:00Z	released_after_prediction_creation	starting_model_annotation_missing	unresolved_release_and_creation_dates_are_not_training_or_template_cutoffs
9N70	9N70_30	AF-P48234-F1	6e7fd9e10994e26e9895de924a49c0063dfda2ba87b7f91ecbfd6f3df4dfa650	2025-11-05T00:00:00.000+00:00	2025-08-01T00:00:00Z	released_after_prediction_creation	starting_model_annotation_missing	unresolved_release_and_creation_dates_are_not_training_or_template_cutoffs
9N70	9N70_31	AF-P40055-F1	0b8d4e8ec034bbe7e38401be0db088e127c66d44ef0872e7474c7aa39df06ce9	2025-11-05T00:00:00.000+00:00	2025-08-01T00:00:00Z	released_after_prediction_creation	starting_model_annotation_missing	unresolved_release_and_creation_dates_are_not_training_or_template_cutoffs
9N70	9N70_32	AF-P53914-F1	ee2df6f0ad1d4024a32a45cd63663e5131a0f5db5539d359a85c91fdea3cda18	2025-11-05T00:00:00.000+00:00	2025-08-01T00:00:00Z	released_after_prediction_creation	starting_model_annotation_missing	unresolved_release_and_creation_dates_are_not_training_or_template_cutoffs
9N70	9N70_33	AF-P32899-F1	3944f7cc837195985c71597fc913f05d1fd8834da7306203566d3a13a6fd5082	2025-11-05T00:00:00.000+00:00	2025-08-01T00:00:00Z	released_after_prediction_creation	starting_model_annotation_missing	unresolved_release_and_creation_dates_are_not_training_or_template_cutoffs
9N70	9N70_34	AF-P47083-F1	5bf066d076b004974606b1090a7d63589eabd59b61cfb3b2e1bf0c2f6bc8f8fc	2025-11-05T00:00:00.000+00:00	2025-08-01T00:00:00Z	released_after_prediction_creation	starting_model_annotation_missing	unresolved_release_and_creation_dates_are_not_training_or_template_cutoffs
9N70	9N70_52	AF-P15646-F1	a1522f5f794bdfcd1daf2f6cc27f18008a39cec9d87ee10935e6e31b5feae501	2025-11-05T00:00:00.000+00:00	2025-08-01T00:00:00Z	released_after_prediction_creation	starting_model_annotation_missing	unresolved_release_and_creation_dates_are_not_training_or_template_cutoffs
9N70	9N70_55	AF-Q08096-F1	9e04036772422792dba04f1ee5510efa70bab5493b0a62a87dd0300b26fc7f86	2025-11-05T00:00:00.000+00:00	2025-08-01T00:00:00Z	released_after_prediction_creation	starting_model_annotation_missing	unresolved_release_and_creation_dates_are_not_training_or_template_cutoffs
9N70	9N70_66	AF-Q99216-F1	84d2c25c65d615286c613fa6cb43c3a6ded04bf3ea656def6fecf3a43dcb69c6	2025-11-05T00:00:00.000+00:00	2025-08-01T00:00:00Z	released_after_prediction_creation	starting_model_annotation_missing	unresolved_release_and_creation_dates_are_not_training_or_template_cutoffs
9N70	9N70_67	AF-P34247-F1	1245ee2f7cd83f9369a6d49b5bf35022d2741b637b7851a33541728b4662e659	2025-11-05T00:00:00.000+00:00	2025-08-01T00:00:00Z	released_after_prediction_creation	starting_model_annotation_missing	unresolved_release_and_creation_dates_are_not_training_or_template_cutoffs
9N70	9N70_68	AF-P38333-F1	7853bc1aad7c359d8c4309a1340c0742d4c26c3dbb95f6c3720b0c4dfee7cdaa	2025-11-05T00:00:00.000+00:00	2025-08-01T00:00:00Z	released_after_prediction_creation	starting_model_annotation_missing	unresolved_release_and_creation_dates_are_not_training_or_template_cutoffs
9N72	9N72_18	AF-Q04305-F1	c4214baeff24b16caa93f67de339df82dfa7e06f3ef726aae3a8eba8ef80e8c0	2025-11-05T00:00:00.000+00:00	2025-08-01T00:00:00Z	released_after_prediction_creation	starting_model_annotation_missing	unresolved_release_and_creation_dates_are_not_training_or_template_cutoffs
9N72	9N72_23	AF-P25635-F1	a483c6065162d6202fd56b069eaa00b4eb1f0edf65e3599160b9781ea59d6eb2	2025-11-05T00:00:00.000+00:00	2025-08-01T00:00:00Z	released_after_prediction_creation	starting_model_annotation_missing	unresolved_release_and_creation_dates_are_not_training_or_template_cutoffs
9N72	9N72_26	AF-Q05946-F1	2204d94499d8f398bca51469cb01266388ac536be512a882629aae7bd265fe1c	2025-11-05T00:00:00.000+00:00	2025-08-01T00:00:00Z	released_after_prediction_creation	starting_model_annotation_missing	unresolved_release_and_creation_dates_are_not_training_or_template_cutoffs
9N72	9N72_27	AF-P40362-F1	6c6238ce3df8a0730a750c002381624b18a9118d769139354008a70ca5ac7ee5	2025-11-05T00:00:00.000+00:00	2025-08-01T00:00:00Z	released_after_prediction_creation	starting_model_annotation_missing	unresolved_release_and_creation_dates_are_not_training_or_template_cutoffs
9N72	9N72_30	AF-P48234-F1	6e7fd9e10994e26e9895de924a49c0063dfda2ba87b7f91ecbfd6f3df4dfa650	2025-11-05T00:00:00.000+00:00	2025-08-01T00:00:00Z	released_after_prediction_creation	starting_model_annotation_missing	unresolved_release_and_creation_dates_are_not_training_or_template_cutoffs
9N72	9N72_31	AF-P40055-F1	0b8d4e8ec034bbe7e38401be0db088e127c66d44ef0872e7474c7aa39df06ce9	2025-11-05T00:00:00.000+00:00	2025-08-01T00:00:00Z	released_after_prediction_creation	starting_model_annotation_missing	unresolved_release_and_creation_dates_are_not_training_or_template_cutoffs
9N72	9N72_32	AF-P53914-F1	ee2df6f0ad1d4024a32a45cd63663e5131a0f5db5539d359a85c91fdea3cda18	2025-11-05T00:00:00.000+00:00	2025-08-01T00:00:00Z	released_after_prediction_creation	starting_model_annotation_missing	unresolved_release_and_creation_dates_are_not_training_or_template_cutoffs
9N72	9N72_33	AF-P32899-F1	3944f7cc837195985c71597fc913f05d1fd8834da7306203566d3a13a6fd5082	2025-11-05T00:00:00.000+00:00	2025-08-01T00:00:00Z	released_after_prediction_creation	starting_model_annotation_missing	unresolved_release_and_creation_dates_are_not_training_or_template_cutoffs
9N72	9N72_34	AF-P47083-F1	5bf066d076b004974606b1090a7d63589eabd59b61cfb3b2e1bf0c2f6bc8f8fc	2025-11-05T00:00:00.000+00:00	2025-08-01T00:00:00Z	released_after_prediction_creation	starting_model_annotation_missing	unresolved_release_and_creation_dates_are_not_training_or_template_cutoffs
9N72	9N72_53	AF-P15646-F1	a1522f5f794bdfcd1daf2f6cc27f18008a39cec9d87ee10935e6e31b5feae501	2025-11-05T00:00:00.000+00:00	2025-08-01T00:00:00Z	released_after_prediction_creation	starting_model_annotation_missing	unresolved_release_and_creation_dates_are_not_training_or_template_cutoffs
9N72	9N72_56	AF-Q08096-F1	9e04036772422792dba04f1ee5510efa70bab5493b0a62a87dd0300b26fc7f86	2025-11-05T00:00:00.000+00:00	2025-08-01T00:00:00Z	released_after_prediction_creation	starting_model_annotation_missing	unresolved_release_and_creation_dates_are_not_training_or_template_cutoffs
9N72	9N72_67	AF-Q99216-F1	84d2c25c65d615286c613fa6cb43c3a6ded04bf3ea656def6fecf3a43dcb69c6	2025-11-05T00:00:00.000+00:00	2025-08-01T00:00:00Z	released_after_prediction_creation	starting_model_annotation_missing	unresolved_release_and_creation_dates_are_not_training_or_template_cutoffs
9N72	9N72_68	AF-P34247-F1	1245ee2f7cd83f9369a6d49b5bf35022d2741b637b7851a33541728b4662e659	2025-11-05T00:00:00.000+00:00	2025-08-01T00:00:00Z	released_after_prediction_creation	starting_model_annotation_missing	unresolved_release_and_creation_dates_are_not_training_or_template_cutoffs
9N72	9N72_69	AF-P38333-F1	7853bc1aad7c359d8c4309a1340c0742d4c26c3dbb95f6c3720b0c4dfee7cdaa	2025-11-05T00:00:00.000+00:00	2025-08-01T00:00:00Z	released_after_prediction_creation	starting_model_annotation_missing	unresolved_release_and_creation_dates_are_not_training_or_template_cutoffs
9N73	9N73_18	AF-Q04305-F1	c4214baeff24b16caa93f67de339df82dfa7e06f3ef726aae3a8eba8ef80e8c0	2025-10-29T00:00:00.000+00:00	2025-08-01T00:00:00Z	released_after_prediction_creation	starting_model_annotation_missing	unresolved_release_and_creation_dates_are_not_training_or_template_cutoffs
9N73	9N73_23	AF-P25635-F1	a483c6065162d6202fd56b069eaa00b4eb1f0edf65e3599160b9781ea59d6eb2	2025-10-29T00:00:00.000+00:00	2025-08-01T00:00:00Z	released_after_prediction_creation	starting_model_annotation_missing	unresolved_release_and_creation_dates_are_not_training_or_template_cutoffs
9N73	9N73_26	AF-Q05946-F1	2204d94499d8f398bca51469cb01266388ac536be512a882629aae7bd265fe1c	2025-10-29T00:00:00.000+00:00	2025-08-01T00:00:00Z	released_after_prediction_creation	starting_model_annotation_missing	unresolved_release_and_creation_dates_are_not_training_or_template_cutoffs
9N73	9N73_27	AF-P40362-F1	6c6238ce3df8a0730a750c002381624b18a9118d769139354008a70ca5ac7ee5	2025-10-29T00:00:00.000+00:00	2025-08-01T00:00:00Z	released_after_prediction_creation	starting_model_annotation_missing	unresolved_release_and_creation_dates_are_not_training_or_template_cutoffs
9N73	9N73_30	AF-P48234-F1	6e7fd9e10994e26e9895de924a49c0063dfda2ba87b7f91ecbfd6f3df4dfa650	2025-10-29T00:00:00.000+00:00	2025-08-01T00:00:00Z	released_after_prediction_creation	starting_model_annotation_missing	unresolved_release_and_creation_dates_are_not_training_or_template_cutoffs
9N73	9N73_31	AF-P40055-F1	0b8d4e8ec034bbe7e38401be0db088e127c66d44ef0872e7474c7aa39df06ce9	2025-10-29T00:00:00.000+00:00	2025-08-01T00:00:00Z	released_after_prediction_creation	starting_model_annotation_missing	unresolved_release_and_creation_dates_are_not_training_or_template_cutoffs
9N73	9N73_32	AF-P53914-F1	ee2df6f0ad1d4024a32a45cd63663e5131a0f5db5539d359a85c91fdea3cda18	2025-10-29T00:00:00.000+00:00	2025-08-01T00:00:00Z	released_after_prediction_creation	starting_model_annotation_missing	unresolved_release_and_creation_dates_are_not_training_or_template_cutoffs
9N73	9N73_33	AF-P32899-F1	3944f7cc837195985c71597fc913f05d1fd8834da7306203566d3a13a6fd5082	2025-10-29T00:00:00.000+00:00	2025-08-01T00:00:00Z	released_after_prediction_creation	starting_model_annotation_missing	unresolved_release_and_creation_dates_are_not_training_or_template_cutoffs
9N73	9N73_34	AF-P47083-F1	5bf066d076b004974606b1090a7d63589eabd59b61cfb3b2e1bf0c2f6bc8f8fc	2025-10-29T00:00:00.000+00:00	2025-08-01T00:00:00Z	released_after_prediction_creation	starting_model_annotation_missing	unresolved_release_and_creation_dates_are_not_training_or_template_cutoffs
9N73	9N73_54	AF-P15646-F1	a1522f5f794bdfcd1daf2f6cc27f18008a39cec9d87ee10935e6e31b5feae501	2025-10-29T00:00:00.000+00:00	2025-08-01T00:00:00Z	released_after_prediction_creation	starting_model_annotation_missing	unresolved_release_and_creation_dates_are_not_training_or_template_cutoffs
9N73	9N73_57	AF-Q08096-F1	9e04036772422792dba04f1ee5510efa70bab5493b0a62a87dd0300b26fc7f86	2025-10-29T00:00:00.000+00:00	2025-08-01T00:00:00Z	released_after_prediction_creation	starting_model_annotation_missing	unresolved_release_and_creation_dates_are_not_training_or_template_cutoffs
9N73	9N73_68	AF-Q99216-F1	84d2c25c65d615286c613fa6cb43c3a6ded04bf3ea656def6fecf3a43dcb69c6	2025-10-29T00:00:00.000+00:00	2025-08-01T00:00:00Z	released_after_prediction_creation	starting_model_annotation_missing	unresolved_release_and_creation_dates_are_not_training_or_template_cutoffs
9N73	9N73_69	AF-P34247-F1	1245ee2f7cd83f9369a6d49b5bf35022d2741b637b7851a33541728b4662e659	2025-10-29T00:00:00.000+00:00	2025-08-01T00:00:00Z	released_after_prediction_creation	starting_model_annotation_missing	unresolved_release_and_creation_dates_are_not_training_or_template_cutoffs
9N73	9N73_70	AF-P38333-F1	7853bc1aad7c359d8c4309a1340c0742d4c26c3dbb95f6c3720b0c4dfee7cdaa	2025-10-29T00:00:00.000+00:00	2025-08-01T00:00:00Z	released_after_prediction_creation	starting_model_annotation_missing	unresolved_release_and_creation_dates_are_not_training_or_template_cutoffs
9N74	9N74_18	AF-Q04305-F1	c4214baeff24b16caa93f67de339df82dfa7e06f3ef726aae3a8eba8ef80e8c0	2025-10-29T00:00:00.000+00:00	2025-08-01T00:00:00Z	released_after_prediction_creation	starting_model_annotation_missing	unresolved_release_and_creation_dates_are_not_training_or_template_cutoffs
9N74	9N74_23	AF-P25635-F1	a483c6065162d6202fd56b069eaa00b4eb1f0edf65e3599160b9781ea59d6eb2	2025-10-29T00:00:00.000+00:00	2025-08-01T00:00:00Z	released_after_prediction_creation	starting_model_annotation_missing	unresolved_release_and_creation_dates_are_not_training_or_template_cutoffs
9N74	9N74_26	AF-Q05946-F1	2204d94499d8f398bca51469cb01266388ac536be512a882629aae7bd265fe1c	2025-10-29T00:00:00.000+00:00	2025-08-01T00:00:00Z	released_after_prediction_creation	starting_model_annotation_missing	unresolved_release_and_creation_dates_are_not_training_or_template_cutoffs
9N74	9N74_27	AF-P40362-F1	6c6238ce3df8a0730a750c002381624b18a9118d769139354008a70ca5ac7ee5	2025-10-29T00:00:00.000+00:00	2025-08-01T00:00:00Z	released_after_prediction_creation	starting_model_annotation_missing	unresolved_release_and_creation_dates_are_not_training_or_template_cutoffs
9N74	9N74_30	AF-P40055-F1	0b8d4e8ec034bbe7e38401be0db088e127c66d44ef0872e7474c7aa39df06ce9	2025-10-29T00:00:00.000+00:00	2025-08-01T00:00:00Z	released_after_prediction_creation	starting_model_annotation_missing	unresolved_release_and_creation_dates_are_not_training_or_template_cutoffs
9N74	9N74_31	AF-P32899-F1	3944f7cc837195985c71597fc913f05d1fd8834da7306203566d3a13a6fd5082	2025-10-29T00:00:00.000+00:00	2025-08-01T00:00:00Z	released_after_prediction_creation	starting_model_annotation_missing	unresolved_release_and_creation_dates_are_not_training_or_template_cutoffs
9N74	9N74_32	AF-P47083-F1	5bf066d076b004974606b1090a7d63589eabd59b61cfb3b2e1bf0c2f6bc8f8fc	2025-10-29T00:00:00.000+00:00	2025-08-01T00:00:00Z	released_after_prediction_creation	starting_model_annotation_missing	unresolved_release_and_creation_dates_are_not_training_or_template_cutoffs
9N74	9N74_50	AF-P15646-F1	a1522f5f794bdfcd1daf2f6cc27f18008a39cec9d87ee10935e6e31b5feae501	2025-10-29T00:00:00.000+00:00	2025-08-01T00:00:00Z	released_after_prediction_creation	starting_model_annotation_missing	unresolved_release_and_creation_dates_are_not_training_or_template_cutoffs
9N74	9N74_53	AF-Q08096-F1	9e04036772422792dba04f1ee5510efa70bab5493b0a62a87dd0300b26fc7f86	2025-10-29T00:00:00.000+00:00	2025-08-01T00:00:00Z	released_after_prediction_creation	starting_model_annotation_missing	unresolved_release_and_creation_dates_are_not_training_or_template_cutoffs
9N74	9N74_65	AF-Q99216-F1	84d2c25c65d615286c613fa6cb43c3a6ded04bf3ea656def6fecf3a43dcb69c6	2025-10-29T00:00:00.000+00:00	2025-08-01T00:00:00Z	released_after_prediction_creation	starting_model_annotation_missing	unresolved_release_and_creation_dates_are_not_training_or_template_cutoffs
9N74	9N74_67	AF-P34247-F1	1245ee2f7cd83f9369a6d49b5bf35022d2741b637b7851a33541728b4662e659	2025-10-29T00:00:00.000+00:00	2025-08-01T00:00:00Z	released_after_prediction_creation	starting_model_annotation_missing	unresolved_release_and_creation_dates_are_not_training_or_template_cutoffs
9N74	9N74_68	AF-P38333-F1	7853bc1aad7c359d8c4309a1340c0742d4c26c3dbb95f6c3720b0c4dfee7cdaa	2025-10-29T00:00:00.000+00:00	2025-08-01T00:00:00Z	released_after_prediction_creation	starting_model_annotation_missing	unresolved_release_and_creation_dates_are_not_training_or_template_cutoffs
9N75	9N75_18	AF-Q04305-F1	c4214baeff24b16caa93f67de339df82dfa7e06f3ef726aae3a8eba8ef80e8c0	2025-11-05T00:00:00.000+00:00	2025-08-01T00:00:00Z	released_after_prediction_creation	starting_model_annotation_missing	unresolved_release_and_creation_dates_are_not_training_or_template_cutoffs
9N75	9N75_23	AF-P25635-F1	a483c6065162d6202fd56b069eaa00b4eb1f0edf65e3599160b9781ea59d6eb2	2025-11-05T00:00:00.000+00:00	2025-08-01T00:00:00Z	released_after_prediction_creation	starting_model_annotation_missing	unresolved_release_and_creation_dates_are_not_training_or_template_cutoffs
9N75	9N75_26	AF-Q05946-F1	2204d94499d8f398bca51469cb01266388ac536be512a882629aae7bd265fe1c	2025-11-05T00:00:00.000+00:00	2025-08-01T00:00:00Z	released_after_prediction_creation	starting_model_annotation_missing	unresolved_release_and_creation_dates_are_not_training_or_template_cutoffs
9N75	9N75_27	AF-P40362-F1	6c6238ce3df8a0730a750c002381624b18a9118d769139354008a70ca5ac7ee5	2025-11-05T00:00:00.000+00:00	2025-08-01T00:00:00Z	released_after_prediction_creation	starting_model_annotation_missing	unresolved_release_and_creation_dates_are_not_training_or_template_cutoffs
9N75	9N75_29	AF-P40055-F1	0b8d4e8ec034bbe7e38401be0db088e127c66d44ef0872e7474c7aa39df06ce9	2025-11-05T00:00:00.000+00:00	2025-08-01T00:00:00Z	released_after_prediction_creation	starting_model_annotation_missing	unresolved_release_and_creation_dates_are_not_training_or_template_cutoffs
9N75	9N75_30	AF-P32899-F1	3944f7cc837195985c71597fc913f05d1fd8834da7306203566d3a13a6fd5082	2025-11-05T00:00:00.000+00:00	2025-08-01T00:00:00Z	released_after_prediction_creation	starting_model_annotation_missing	unresolved_release_and_creation_dates_are_not_training_or_template_cutoffs
9N75	9N75_31	AF-P47083-F1	5bf066d076b004974606b1090a7d63589eabd59b61cfb3b2e1bf0c2f6bc8f8fc	2025-11-05T00:00:00.000+00:00	2025-08-01T00:00:00Z	released_after_prediction_creation	starting_model_annotation_missing	unresolved_release_and_creation_dates_are_not_training_or_template_cutoffs
9N75	9N75_48	AF-P15646-F1	a1522f5f794bdfcd1daf2f6cc27f18008a39cec9d87ee10935e6e31b5feae501	2025-11-05T00:00:00.000+00:00	2025-08-01T00:00:00Z	released_after_prediction_creation	starting_model_annotation_missing	unresolved_release_and_creation_dates_are_not_training_or_template_cutoffs
9N75	9N75_51	AF-Q08096-F1	9e04036772422792dba04f1ee5510efa70bab5493b0a62a87dd0300b26fc7f86	2025-11-05T00:00:00.000+00:00	2025-08-01T00:00:00Z	released_after_prediction_creation	starting_model_annotation_missing	unresolved_release_and_creation_dates_are_not_training_or_template_cutoffs
9N75	9N75_63	AF-Q99216-F1	84d2c25c65d615286c613fa6cb43c3a6ded04bf3ea656def6fecf3a43dcb69c6	2025-11-05T00:00:00.000+00:00	2025-08-01T00:00:00Z	released_after_prediction_creation	starting_model_annotation_missing	unresolved_release_and_creation_dates_are_not_training_or_template_cutoffs
9N75	9N75_64	AF-P34247-F1	1245ee2f7cd83f9369a6d49b5bf35022d2741b637b7851a33541728b4662e659	2025-11-05T00:00:00.000+00:00	2025-08-01T00:00:00Z	released_after_prediction_creation	starting_model_annotation_missing	unresolved_release_and_creation_dates_are_not_training_or_template_cutoffs
9N75	9N75_65	AF-P38333-F1	7853bc1aad7c359d8c4309a1340c0742d4c26c3dbb95f6c3720b0c4dfee7cdaa	2025-11-05T00:00:00.000+00:00	2025-08-01T00:00:00Z	released_after_prediction_creation	starting_model_annotation_missing	unresolved_release_and_creation_dates_are_not_training_or_template_cutoffs
9N76	9N76_18	AF-Q04305-F1	c4214baeff24b16caa93f67de339df82dfa7e06f3ef726aae3a8eba8ef80e8c0	2025-11-05T00:00:00.000+00:00	2025-08-01T00:00:00Z	released_after_prediction_creation	starting_model_annotation_missing	unresolved_release_and_creation_dates_are_not_training_or_template_cutoffs
9N76	9N76_23	AF-P25635-F1	a483c6065162d6202fd56b069eaa00b4eb1f0edf65e3599160b9781ea59d6eb2	2025-11-05T00:00:00.000+00:00	2025-08-01T00:00:00Z	released_after_prediction_creation	starting_model_annotation_missing	unresolved_release_and_creation_dates_are_not_training_or_template_cutoffs
9N76	9N76_26	AF-Q05946-F1	2204d94499d8f398bca51469cb01266388ac536be512a882629aae7bd265fe1c	2025-11-05T00:00:00.000+00:00	2025-08-01T00:00:00Z	released_after_prediction_creation	starting_model_annotation_missing	unresolved_release_and_creation_dates_are_not_training_or_template_cutoffs
9N76	9N76_27	AF-P40362-F1	6c6238ce3df8a0730a750c002381624b18a9118d769139354008a70ca5ac7ee5	2025-11-05T00:00:00.000+00:00	2025-08-01T00:00:00Z	released_after_prediction_creation	starting_model_annotation_missing	unresolved_release_and_creation_dates_are_not_training_or_template_cutoffs
9N76	9N76_29	AF-P32899-F1	3944f7cc837195985c71597fc913f05d1fd8834da7306203566d3a13a6fd5082	2025-11-05T00:00:00.000+00:00	2025-08-01T00:00:00Z	released_after_prediction_creation	starting_model_annotation_missing	unresolved_release_and_creation_dates_are_not_training_or_template_cutoffs
9N76	9N76_30	AF-P47083-F1	5bf066d076b004974606b1090a7d63589eabd59b61cfb3b2e1bf0c2f6bc8f8fc	2025-11-05T00:00:00.000+00:00	2025-08-01T00:00:00Z	released_after_prediction_creation	starting_model_annotation_missing	unresolved_release_and_creation_dates_are_not_training_or_template_cutoffs
9N76	9N76_47	AF-P15646-F1	a1522f5f794bdfcd1daf2f6cc27f18008a39cec9d87ee10935e6e31b5feae501	2025-11-05T00:00:00.000+00:00	2025-08-01T00:00:00Z	released_after_prediction_creation	starting_model_annotation_missing	unresolved_release_and_creation_dates_are_not_training_or_template_cutoffs
9N76	9N76_50	AF-Q08096-F1	9e04036772422792dba04f1ee5510efa70bab5493b0a62a87dd0300b26fc7f86	2025-11-05T00:00:00.000+00:00	2025-08-01T00:00:00Z	released_after_prediction_creation	starting_model_annotation_missing	unresolved_release_and_creation_dates_are_not_training_or_template_cutoffs
9N76	9N76_62	AF-Q99216-F1	84d2c25c65d615286c613fa6cb43c3a6ded04bf3ea656def6fecf3a43dcb69c6	2025-11-05T00:00:00.000+00:00	2025-08-01T00:00:00Z	released_after_prediction_creation	starting_model_annotation_missing	unresolved_release_and_creation_dates_are_not_training_or_template_cutoffs
9N76	9N76_63	AF-P34247-F1	1245ee2f7cd83f9369a6d49b5bf35022d2741b637b7851a33541728b4662e659	2025-11-05T00:00:00.000+00:00	2025-08-01T00:00:00Z	released_after_prediction_creation	starting_model_annotation_missing	unresolved_release_and_creation_dates_are_not_training_or_template_cutoffs
9N76	9N76_64	AF-P38333-F1	7853bc1aad7c359d8c4309a1340c0742d4c26c3dbb95f6c3720b0c4dfee7cdaa	2025-11-05T00:00:00.000+00:00	2025-08-01T00:00:00Z	released_after_prediction_creation	starting_model_annotation_missing	unresolved_release_and_creation_dates_are_not_training_or_template_cutoffs
9N77	9N77_18	AF-Q04305-F1	c4214baeff24b16caa93f67de339df82dfa7e06f3ef726aae3a8eba8ef80e8c0	2025-11-05T00:00:00.000+00:00	2025-08-01T00:00:00Z	released_after_prediction_creation	starting_model_annotation_missing	unresolved_release_and_creation_dates_are_not_training_or_template_cutoffs
9N77	9N77_23	AF-P25635-F1	a483c6065162d6202fd56b069eaa00b4eb1f0edf65e3599160b9781ea59d6eb2	2025-11-05T00:00:00.000+00:00	2025-08-01T00:00:00Z	released_after_prediction_creation	starting_model_annotation_missing	unresolved_release_and_creation_dates_are_not_training_or_template_cutoffs
9N77	9N77_25	AF-Q05946-F1	2204d94499d8f398bca51469cb01266388ac536be512a882629aae7bd265fe1c	2025-11-05T00:00:00.000+00:00	2025-08-01T00:00:00Z	released_after_prediction_creation	starting_model_annotation_missing	unresolved_release_and_creation_dates_are_not_training_or_template_cutoffs
9N77	9N77_26	AF-P40362-F1	6c6238ce3df8a0730a750c002381624b18a9118d769139354008a70ca5ac7ee5	2025-11-05T00:00:00.000+00:00	2025-08-01T00:00:00Z	released_after_prediction_creation	starting_model_annotation_missing	unresolved_release_and_creation_dates_are_not_training_or_template_cutoffs
9N77	9N77_28	AF-P32899-F1	3944f7cc837195985c71597fc913f05d1fd8834da7306203566d3a13a6fd5082	2025-11-05T00:00:00.000+00:00	2025-08-01T00:00:00Z	released_after_prediction_creation	starting_model_annotation_missing	unresolved_release_and_creation_dates_are_not_training_or_template_cutoffs
9N77	9N77_29	AF-P47083-F1	5bf066d076b004974606b1090a7d63589eabd59b61cfb3b2e1bf0c2f6bc8f8fc	2025-11-05T00:00:00.000+00:00	2025-08-01T00:00:00Z	released_after_prediction_creation	starting_model_annotation_missing	unresolved_release_and_creation_dates_are_not_training_or_template_cutoffs
9N77	9N77_44	AF-P15646-F1	a1522f5f794bdfcd1daf2f6cc27f18008a39cec9d87ee10935e6e31b5feae501	2025-11-05T00:00:00.000+00:00	2025-08-01T00:00:00Z	released_after_prediction_creation	starting_model_annotation_missing	unresolved_release_and_creation_dates_are_not_training_or_template_cutoffs
9N77	9N77_47	AF-Q08096-F1	9e04036772422792dba04f1ee5510efa70bab5493b0a62a87dd0300b26fc7f86	2025-11-05T00:00:00.000+00:00	2025-08-01T00:00:00Z	released_after_prediction_creation	starting_model_annotation_missing	unresolved_release_and_creation_dates_are_not_training_or_template_cutoffs
9N77	9N77_59	AF-Q99216-F1	84d2c25c65d615286c613fa6cb43c3a6ded04bf3ea656def6fecf3a43dcb69c6	2025-11-05T00:00:00.000+00:00	2025-08-01T00:00:00Z	released_after_prediction_creation	starting_model_annotation_missing	unresolved_release_and_creation_dates_are_not_training_or_template_cutoffs
9N77	9N77_60	AF-P34247-F1	1245ee2f7cd83f9369a6d49b5bf35022d2741b637b7851a33541728b4662e659	2025-11-05T00:00:00.000+00:00	2025-08-01T00:00:00Z	released_after_prediction_creation	starting_model_annotation_missing	unresolved_release_and_creation_dates_are_not_training_or_template_cutoffs
9N77	9N77_61	AF-P38333-F1	7853bc1aad7c359d8c4309a1340c0742d4c26c3dbb95f6c3720b0c4dfee7cdaa	2025-11-05T00:00:00.000+00:00	2025-08-01T00:00:00Z	released_after_prediction_creation	starting_model_annotation_missing	unresolved_release_and_creation_dates_are_not_training_or_template_cutoffs
9N78	9N78_18	AF-Q04305-F1	c4214baeff24b16caa93f67de339df82dfa7e06f3ef726aae3a8eba8ef80e8c0	2025-11-05T00:00:00.000+00:00	2025-08-01T00:00:00Z	released_after_prediction_creation	starting_model_annotation_missing	unresolved_release_and_creation_dates_are_not_training_or_template_cutoffs
9N78	9N78_23	AF-P40362-F1	6c6238ce3df8a0730a750c002381624b18a9118d769139354008a70ca5ac7ee5	2025-11-05T00:00:00.000+00:00	2025-08-01T00:00:00Z	released_after_prediction_creation	starting_model_annotation_missing	unresolved_release_and_creation_dates_are_not_training_or_template_cutoffs
9N78	9N78_24	AF-P47083-F1	5bf066d076b004974606b1090a7d63589eabd59b61cfb3b2e1bf0c2f6bc8f8fc	2025-11-05T00:00:00.000+00:00	2025-08-01T00:00:00Z	released_after_prediction_creation	starting_model_annotation_missing	unresolved_release_and_creation_dates_are_not_training_or_template_cutoffs
9N78	9N78_39	AF-P15646-F1	a1522f5f794bdfcd1daf2f6cc27f18008a39cec9d87ee10935e6e31b5feae501	2025-11-05T00:00:00.000+00:00	2025-08-01T00:00:00Z	released_after_prediction_creation	starting_model_annotation_missing	unresolved_release_and_creation_dates_are_not_training_or_template_cutoffs
9N78	9N78_42	AF-Q08096-F1	9e04036772422792dba04f1ee5510efa70bab5493b0a62a87dd0300b26fc7f86	2025-11-05T00:00:00.000+00:00	2025-08-01T00:00:00Z	released_after_prediction_creation	starting_model_annotation_missing	unresolved_release_and_creation_dates_are_not_training_or_template_cutoffs
9N78	9N78_54	AF-Q99216-F1	84d2c25c65d615286c613fa6cb43c3a6ded04bf3ea656def6fecf3a43dcb69c6	2025-11-05T00:00:00.000+00:00	2025-08-01T00:00:00Z	released_after_prediction_creation	starting_model_annotation_missing	unresolved_release_and_creation_dates_are_not_training_or_template_cutoffs
9N78	9N78_55	AF-P34247-F1	1245ee2f7cd83f9369a6d49b5bf35022d2741b637b7851a33541728b4662e659	2025-11-05T00:00:00.000+00:00	2025-08-01T00:00:00Z	released_after_prediction_creation	starting_model_annotation_missing	unresolved_release_and_creation_dates_are_not_training_or_template_cutoffs
9N78	9N78_56	AF-P38333-F1	7853bc1aad7c359d8c4309a1340c0742d4c26c3dbb95f6c3720b0c4dfee7cdaa	2025-11-05T00:00:00.000+00:00	2025-08-01T00:00:00Z	released_after_prediction_creation	starting_model_annotation_missing	unresolved_release_and_creation_dates_are_not_training_or_template_cutoffs
9N79	9N79_16	AF-P47083-F1	5bf066d076b004974606b1090a7d63589eabd59b61cfb3b2e1bf0c2f6bc8f8fc	2025-11-05T00:00:00.000+00:00	2025-08-01T00:00:00Z	released_after_prediction_creation	starting_model_annotation_missing	unresolved_release_and_creation_dates_are_not_training_or_template_cutoffs
9N79	9N79_28	AF-P15646-F1	a1522f5f794bdfcd1daf2f6cc27f18008a39cec9d87ee10935e6e31b5feae501	2025-11-05T00:00:00.000+00:00	2025-08-01T00:00:00Z	released_after_prediction_creation	starting_model_annotation_missing	unresolved_release_and_creation_dates_are_not_training_or_template_cutoffs
9N79	9N79_31	AF-Q08096-F1	9e04036772422792dba04f1ee5510efa70bab5493b0a62a87dd0300b26fc7f86	2025-11-05T00:00:00.000+00:00	2025-08-01T00:00:00Z	released_after_prediction_creation	starting_model_annotation_missing	unresolved_release_and_creation_dates_are_not_training_or_template_cutoffs
9N79	9N79_41	AF-Q99216-F1	84d2c25c65d615286c613fa6cb43c3a6ded04bf3ea656def6fecf3a43dcb69c6	2025-11-05T00:00:00.000+00:00	2025-08-01T00:00:00Z	released_after_prediction_creation	starting_model_annotation_missing	unresolved_release_and_creation_dates_are_not_training_or_template_cutoffs
9N79	9N79_42	AF-P38333-F1	7853bc1aad7c359d8c4309a1340c0742d4c26c3dbb95f6c3720b0c4dfee7cdaa	2025-11-05T00:00:00.000+00:00	2025-08-01T00:00:00Z	released_after_prediction_creation	starting_model_annotation_missing	unresolved_release_and_creation_dates_are_not_training_or_template_cutoffs
9N7A	9N7A_16	AF-P47083-F1	5bf066d076b004974606b1090a7d63589eabd59b61cfb3b2e1bf0c2f6bc8f8fc	2025-11-05T00:00:00.000+00:00	2025-08-01T00:00:00Z	released_after_prediction_creation	starting_model_annotation_missing	unresolved_release_and_creation_dates_are_not_training_or_template_cutoffs
9N7A	9N7A_27	AF-Q08096-F1	9e04036772422792dba04f1ee5510efa70bab5493b0a62a87dd0300b26fc7f86	2025-11-05T00:00:00.000+00:00	2025-08-01T00:00:00Z	released_after_prediction_creation	starting_model_annotation_missing	unresolved_release_and_creation_dates_are_not_training_or_template_cutoffs
9N7A	9N7A_37	AF-Q99216-F1	84d2c25c65d615286c613fa6cb43c3a6ded04bf3ea656def6fecf3a43dcb69c6	2025-11-05T00:00:00.000+00:00	2025-08-01T00:00:00Z	released_after_prediction_creation	starting_model_annotation_missing	unresolved_release_and_creation_dates_are_not_training_or_template_cutoffs
9N7A	9N7A_38	AF-P38333-F1	7853bc1aad7c359d8c4309a1340c0742d4c26c3dbb95f6c3720b0c4dfee7cdaa	2025-11-05T00:00:00.000+00:00	2025-08-01T00:00:00Z	released_after_prediction_creation	starting_model_annotation_missing	unresolved_release_and_creation_dates_are_not_training_or_template_cutoffs
9N7B	9N7B_16	AF-P47083-F1	5bf066d076b004974606b1090a7d63589eabd59b61cfb3b2e1bf0c2f6bc8f8fc	2025-10-29T00:00:00.000+00:00	2025-08-01T00:00:00Z	released_after_prediction_creation	starting_model_annotation_missing	unresolved_release_and_creation_dates_are_not_training_or_template_cutoffs
9N7B	9N7B_26	AF-Q08096-F1	9e04036772422792dba04f1ee5510efa70bab5493b0a62a87dd0300b26fc7f86	2025-10-29T00:00:00.000+00:00	2025-08-01T00:00:00Z	released_after_prediction_creation	starting_model_annotation_missing	unresolved_release_and_creation_dates_are_not_training_or_template_cutoffs
9N7B	9N7B_35	AF-Q99216-F1	84d2c25c65d615286c613fa6cb43c3a6ded04bf3ea656def6fecf3a43dcb69c6	2025-10-29T00:00:00.000+00:00	2025-08-01T00:00:00Z	released_after_prediction_creation	starting_model_annotation_missing	unresolved_release_and_creation_dates_are_not_training_or_template_cutoffs
9N7B	9N7B_36	AF-P38333-F1	7853bc1aad7c359d8c4309a1340c0742d4c26c3dbb95f6c3720b0c4dfee7cdaa	2025-10-29T00:00:00.000+00:00	2025-08-01T00:00:00Z	released_after_prediction_creation	starting_model_annotation_missing	unresolved_release_and_creation_dates_are_not_training_or_template_cutoffs
9OFV	9OFV_3	AF-P33755-F1	89d2fdfca2ef088a14904ec0666b8ad3b69f7e91ab028ebe763777e0acf6c69c	2025-06-11T00:00:00.000+00:00	2025-08-01T00:00:00Z	released_before_prediction_creation	starting_model_annotation_missing	unresolved_release_and_creation_dates_are_not_training_or_template_cutoffs
9OFV	9OFV_46	AF-Q12522-F1	a9c859214bc288900788ea22094f6779f5e80a857b1a76ad3d655a47854cced8	2025-06-11T00:00:00.000+00:00	2025-08-01T00:00:00Z	released_before_prediction_creation	starting_model_annotation_missing	unresolved_release_and_creation_dates_are_not_training_or_template_cutoffs
9PEO	9PEO_5	AF-P38251-F1	85fc271b1d6b5812d61cfbb942b4fdd1dd7974c91c1550dcda620f88377454a0	2025-11-12T00:00:00.000+00:00	2025-08-01T00:00:00Z	released_after_prediction_creation	starting_model_annotation_missing	unresolved_release_and_creation_dates_are_not_training_or_template_cutoffs
9PER	9PER_5	AF-P38251-F1	85fc271b1d6b5812d61cfbb942b4fdd1dd7974c91c1550dcda620f88377454a0	2025-11-12T00:00:00.000+00:00	2025-08-01T00:00:00Z	released_after_prediction_creation	starting_model_annotation_missing	unresolved_release_and_creation_dates_are_not_training_or_template_cutoffs
9PES	9PES_5	AF-P38251-F1	85fc271b1d6b5812d61cfbb942b4fdd1dd7974c91c1550dcda620f88377454a0	2025-11-12T00:00:00.000+00:00	2025-08-01T00:00:00Z	released_after_prediction_creation	starting_model_annotation_missing	unresolved_release_and_creation_dates_are_not_training_or_template_cutoffs
9PET	9PET_5	AF-P38251-F1	85fc271b1d6b5812d61cfbb942b4fdd1dd7974c91c1550dcda620f88377454a0	2025-11-12T00:00:00.000+00:00	2025-08-01T00:00:00Z	released_after_prediction_creation	starting_model_annotation_missing	unresolved_release_and_creation_dates_are_not_training_or_template_cutoffs
9PEU	9PEU_5	AF-P38251-F1	85fc271b1d6b5812d61cfbb942b4fdd1dd7974c91c1550dcda620f88377454a0	2025-11-12T00:00:00.000+00:00	2025-08-01T00:00:00Z	released_after_prediction_creation	starting_model_annotation_missing	unresolved_release_and_creation_dates_are_not_training_or_template_cutoffs
9PEV	9PEV_5	AF-P38251-F1	85fc271b1d6b5812d61cfbb942b4fdd1dd7974c91c1550dcda620f88377454a0	2025-11-12T00:00:00.000+00:00	2025-08-01T00:00:00Z	released_after_prediction_creation	starting_model_annotation_missing	unresolved_release_and_creation_dates_are_not_training_or_template_cutoffs
9PVU	9PVU_12	AF-P38902-F1	e5ca72de84371c102b60be5d242b8952d384447efd42abc54d2fc7b284a64b0b	2026-08-05T00:00:00.000+00:00	2025-08-01T00:00:00Z	released_after_prediction_creation	only_experimental_starting_models_reported_not_independence_proof	unresolved_release_and_creation_dates_are_not_training_or_template_cutoffs
9PVU	9PVU_8	AF-P20435-F1	b35ac6750b96213d2e2f4608750f185b2daf71c690e6c7ef0382f39de2ec7d1c	2026-08-05T00:00:00.000+00:00	2025-08-01T00:00:00Z	released_after_prediction_creation	only_experimental_starting_models_reported_not_independence_proof	unresolved_release_and_creation_dates_are_not_training_or_template_cutoffs
9PVU	9PVU_9	AF-P20436-F1	ce7cd70250d0b569e39e2cf28c28578cac6ef076795fe9e170de624038c4019d	2026-08-05T00:00:00.000+00:00	2025-08-01T00:00:00Z	released_after_prediction_creation	only_experimental_starting_models_reported_not_independence_proof	unresolved_release_and_creation_dates_are_not_training_or_template_cutoffs
9PVV	9PVV_12	AF-P38902-F1	e5ca72de84371c102b60be5d242b8952d384447efd42abc54d2fc7b284a64b0b	2026-06-10T00:00:00.000+00:00	2025-08-01T00:00:00Z	released_after_prediction_creation	only_experimental_starting_models_reported_not_independence_proof	unresolved_release_and_creation_dates_are_not_training_or_template_cutoffs
9PVV	9PVV_8	AF-P20435-F1	b35ac6750b96213d2e2f4608750f185b2daf71c690e6c7ef0382f39de2ec7d1c	2026-06-10T00:00:00.000+00:00	2025-08-01T00:00:00Z	released_after_prediction_creation	only_experimental_starting_models_reported_not_independence_proof	unresolved_release_and_creation_dates_are_not_training_or_template_cutoffs
9PVV	9PVV_9	AF-P20436-F1	ce7cd70250d0b569e39e2cf28c28578cac6ef076795fe9e170de624038c4019d	2026-06-10T00:00:00.000+00:00	2025-08-01T00:00:00Z	released_after_prediction_creation	only_experimental_starting_models_reported_not_independence_proof	unresolved_release_and_creation_dates_are_not_training_or_template_cutoffs
9PVW	9PVW_12	AF-P38902-F1	e5ca72de84371c102b60be5d242b8952d384447efd42abc54d2fc7b284a64b0b	2026-06-10T00:00:00.000+00:00	2025-08-01T00:00:00Z	released_after_prediction_creation	only_experimental_starting_models_reported_not_independence_proof	unresolved_release_and_creation_dates_are_not_training_or_template_cutoffs
9PVW	9PVW_8	AF-P20435-F1	b35ac6750b96213d2e2f4608750f185b2daf71c690e6c7ef0382f39de2ec7d1c	2026-06-10T00:00:00.000+00:00	2025-08-01T00:00:00Z	released_after_prediction_creation	only_experimental_starting_models_reported_not_independence_proof	unresolved_release_and_creation_dates_are_not_training_or_template_cutoffs
9PVW	9PVW_9	AF-P20436-F1	ce7cd70250d0b569e39e2cf28c28578cac6ef076795fe9e170de624038c4019d	2026-06-10T00:00:00.000+00:00	2025-08-01T00:00:00Z	released_after_prediction_creation	only_experimental_starting_models_reported_not_independence_proof	unresolved_release_and_creation_dates_are_not_training_or_template_cutoffs
9PVX	9PVX_12	AF-P38902-F1	e5ca72de84371c102b60be5d242b8952d384447efd42abc54d2fc7b284a64b0b	2026-06-10T00:00:00.000+00:00	2025-08-01T00:00:00Z	released_after_prediction_creation	only_experimental_starting_models_reported_not_independence_proof	unresolved_release_and_creation_dates_are_not_training_or_template_cutoffs
9PVX	9PVX_8	AF-P20435-F1	b35ac6750b96213d2e2f4608750f185b2daf71c690e6c7ef0382f39de2ec7d1c	2026-06-10T00:00:00.000+00:00	2025-08-01T00:00:00Z	released_after_prediction_creation	only_experimental_starting_models_reported_not_independence_proof	unresolved_release_and_creation_dates_are_not_training_or_template_cutoffs
9PVX	9PVX_9	AF-P20436-F1	ce7cd70250d0b569e39e2cf28c28578cac6ef076795fe9e170de624038c4019d	2026-06-10T00:00:00.000+00:00	2025-08-01T00:00:00Z	released_after_prediction_creation	only_experimental_starting_models_reported_not_independence_proof	unresolved_release_and_creation_dates_are_not_training_or_template_cutoffs
9QAF	9QAF_6	AF-P21242-F1	8283ba552d1a3cf6c49a4d151043a7ef16df99a3d9c30a2b73e7692d36d2c844	2025-10-08T00:00:00.000+00:00	2025-08-01T00:00:00Z	released_after_prediction_creation	only_experimental_starting_models_reported_not_independence_proof	unresolved_release_and_creation_dates_are_not_training_or_template_cutoffs
9QAI	9QAI_6	AF-P21242-F1	8283ba552d1a3cf6c49a4d151043a7ef16df99a3d9c30a2b73e7692d36d2c844	2025-10-08T00:00:00.000+00:00	2025-08-01T00:00:00Z	released_after_prediction_creation	only_experimental_starting_models_reported_not_independence_proof	unresolved_release_and_creation_dates_are_not_training_or_template_cutoffs
9QB1	9QB1_6	AF-P21242-F1	8283ba552d1a3cf6c49a4d151043a7ef16df99a3d9c30a2b73e7692d36d2c844	2025-10-08T00:00:00.000+00:00	2025-08-01T00:00:00Z	released_after_prediction_creation	only_experimental_starting_models_reported_not_independence_proof	unresolved_release_and_creation_dates_are_not_training_or_template_cutoffs
9QB4	9QB4_6	AF-P21242-F1	8283ba552d1a3cf6c49a4d151043a7ef16df99a3d9c30a2b73e7692d36d2c844	2025-04-02T00:00:00.000+00:00	2025-08-01T00:00:00Z	released_before_prediction_creation	only_experimental_starting_models_reported_not_independence_proof	unresolved_release_and_creation_dates_are_not_training_or_template_cutoffs
9QBE	9QBE_6	AF-P21242-F1	8283ba552d1a3cf6c49a4d151043a7ef16df99a3d9c30a2b73e7692d36d2c844	2025-10-08T00:00:00.000+00:00	2025-08-01T00:00:00Z	released_after_prediction_creation	only_experimental_starting_models_reported_not_independence_proof	unresolved_release_and_creation_dates_are_not_training_or_template_cutoffs
9QBI	9QBI_6	AF-P21242-F1	8283ba552d1a3cf6c49a4d151043a7ef16df99a3d9c30a2b73e7692d36d2c844	2025-10-08T00:00:00.000+00:00	2025-08-01T00:00:00Z	released_after_prediction_creation	only_experimental_starting_models_reported_not_independence_proof	unresolved_release_and_creation_dates_are_not_training_or_template_cutoffs
9QBO	9QBO_6	AF-P21242-F1	8283ba552d1a3cf6c49a4d151043a7ef16df99a3d9c30a2b73e7692d36d2c844	2025-10-08T00:00:00.000+00:00	2025-08-01T00:00:00Z	released_after_prediction_creation	only_experimental_starting_models_reported_not_independence_proof	unresolved_release_and_creation_dates_are_not_training_or_template_cutoffs
9QBW	9QBW_6	AF-P21242-F1	8283ba552d1a3cf6c49a4d151043a7ef16df99a3d9c30a2b73e7692d36d2c844	2025-10-08T00:00:00.000+00:00	2025-08-01T00:00:00Z	released_after_prediction_creation	only_experimental_starting_models_reported_not_independence_proof	unresolved_release_and_creation_dates_are_not_training_or_template_cutoffs
9QBY	9QBY_6	AF-P21242-F1	8283ba552d1a3cf6c49a4d151043a7ef16df99a3d9c30a2b73e7692d36d2c844	2025-10-08T00:00:00.000+00:00	2025-08-01T00:00:00Z	released_after_prediction_creation	only_experimental_starting_models_reported_not_independence_proof	unresolved_release_and_creation_dates_are_not_training_or_template_cutoffs
9QC9	9QC9_6	AF-P21242-F1	8283ba552d1a3cf6c49a4d151043a7ef16df99a3d9c30a2b73e7692d36d2c844	2025-10-08T00:00:00.000+00:00	2025-08-01T00:00:00Z	released_after_prediction_creation	only_experimental_starting_models_reported_not_independence_proof	unresolved_release_and_creation_dates_are_not_training_or_template_cutoffs
9QCF	9QCF_6	AF-P21242-F1	8283ba552d1a3cf6c49a4d151043a7ef16df99a3d9c30a2b73e7692d36d2c844	2025-10-08T00:00:00.000+00:00	2025-08-01T00:00:00Z	released_after_prediction_creation	only_experimental_starting_models_reported_not_independence_proof	unresolved_release_and_creation_dates_are_not_training_or_template_cutoffs
9QCK	9QCK_6	AF-P21242-F1	8283ba552d1a3cf6c49a4d151043a7ef16df99a3d9c30a2b73e7692d36d2c844	2025-10-08T00:00:00.000+00:00	2025-08-01T00:00:00Z	released_after_prediction_creation	only_experimental_starting_models_reported_not_independence_proof	unresolved_release_and_creation_dates_are_not_training_or_template_cutoffs
9QD2	9QD2_6	AF-P21242-F1	8283ba552d1a3cf6c49a4d151043a7ef16df99a3d9c30a2b73e7692d36d2c844	2025-10-08T00:00:00.000+00:00	2025-08-01T00:00:00Z	released_after_prediction_creation	only_experimental_starting_models_reported_not_independence_proof	unresolved_release_and_creation_dates_are_not_training_or_template_cutoffs
9QDF	9QDF_6	AF-P21242-F1	8283ba552d1a3cf6c49a4d151043a7ef16df99a3d9c30a2b73e7692d36d2c844	2025-10-08T00:00:00.000+00:00	2025-08-01T00:00:00Z	released_after_prediction_creation	only_experimental_starting_models_reported_not_independence_proof	unresolved_release_and_creation_dates_are_not_training_or_template_cutoffs
9QDS	9QDS_6	AF-P21242-F1	8283ba552d1a3cf6c49a4d151043a7ef16df99a3d9c30a2b73e7692d36d2c844	2025-10-08T00:00:00.000+00:00	2025-08-01T00:00:00Z	released_after_prediction_creation	only_experimental_starting_models_reported_not_independence_proof	unresolved_release_and_creation_dates_are_not_training_or_template_cutoffs
9QEB	9QEB_11	AF-P38902-F1	e5ca72de84371c102b60be5d242b8952d384447efd42abc54d2fc7b284a64b0b	2026-05-27T00:00:00.000+00:00	2025-08-01T00:00:00Z	released_after_prediction_creation	starting_model_annotation_missing	unresolved_release_and_creation_dates_are_not_training_or_template_cutoffs
9QEB	9QEB_6	AF-P20435-F1	b35ac6750b96213d2e2f4608750f185b2daf71c690e6c7ef0382f39de2ec7d1c	2026-05-27T00:00:00.000+00:00	2025-08-01T00:00:00Z	released_after_prediction_creation	starting_model_annotation_missing	unresolved_release_and_creation_dates_are_not_training_or_template_cutoffs
9QEB	9QEB_7	AF-P34087-F1	83d3a4bb2b77f2d447e2e34483b92f4a0abd024d20c78f29b9187d33c13f070a	2026-05-27T00:00:00.000+00:00	2025-08-01T00:00:00Z	released_after_prediction_creation	starting_model_annotation_missing	unresolved_release_and_creation_dates_are_not_training_or_template_cutoffs
9QEB	9QEB_8	AF-P20436-F1	ce7cd70250d0b569e39e2cf28c28578cac6ef076795fe9e170de624038c4019d	2026-05-27T00:00:00.000+00:00	2025-08-01T00:00:00Z	released_after_prediction_creation	starting_model_annotation_missing	unresolved_release_and_creation_dates_are_not_training_or_template_cutoffs
9QJC	9QJC_1	AF-Q12176-F1	bd89b29f1dee0ca7f16d34684bef2a87af5a28c4281a644e26bb32d75698b6bd	2026-01-28T00:00:00.000+00:00	2025-08-01T00:00:00Z	released_after_prediction_creation	starting_model_annotation_missing	unresolved_release_and_creation_dates_are_not_training_or_template_cutoffs
9QJC	9QJC_4	AF-P10962-F1	c23ebf76afa06aa1be095f20e72e07bc9da9e0a2d92d4a1370bc697d290b748b	2026-01-28T00:00:00.000+00:00	2025-08-01T00:00:00Z	released_after_prediction_creation	starting_model_annotation_missing	unresolved_release_and_creation_dates_are_not_training_or_template_cutoffs
9RHI	9RHI_10	AF-Q03406-F1	5cae9a720dba99e7f3e4f1de8b6a63064ee6691f0e076cf8012a08762d7a3c52	2026-05-13T00:00:00.000+00:00	2025-08-01T00:00:00Z	released_after_prediction_creation	starting_model_annotation_missing	unresolved_release_and_creation_dates_are_not_training_or_template_cutoffs
9RHI	9RHI_14	AF-P40359-F1	9fb69cb67e3079fd58481686b3e32f9badf14994da061a3c837e6c9b88b2ab82	2026-05-13T00:00:00.000+00:00	2025-08-01T00:00:00Z	released_after_prediction_creation	starting_model_annotation_missing	unresolved_release_and_creation_dates_are_not_training_or_template_cutoffs
9RHI	9RHI_3	AF-P30665-F1	0b38fefaef2eca7f23bb979bc9da1dec4e9a6ffe79ea3e53edd734b02e70527b	2026-05-13T00:00:00.000+00:00	2025-08-01T00:00:00Z	released_after_prediction_creation	starting_model_annotation_missing	unresolved_release_and_creation_dates_are_not_training_or_template_cutoffs
9RHI	9RHI_5	AF-P53091-F1	03b7797a0460645fc3278608ce831cc02c9437647883cfcf335a74b1b3aeb9c3	2026-05-13T00:00:00.000+00:00	2025-08-01T00:00:00Z	released_after_prediction_creation	starting_model_annotation_missing	unresolved_release_and_creation_dates_are_not_training_or_template_cutoffs
9RHI	9RHI_6	AF-P38132-F1	dbff9e0a6531af71d18bb3f0b0febfb568f2e863b6861e6daa67f914c7942edf	2026-05-13T00:00:00.000+00:00	2025-08-01T00:00:00Z	released_after_prediction_creation	starting_model_annotation_missing	unresolved_release_and_creation_dates_are_not_training_or_template_cutoffs
9RHJ	9RHJ_10	AF-Q03406-F1	5cae9a720dba99e7f3e4f1de8b6a63064ee6691f0e076cf8012a08762d7a3c52	2026-05-13T00:00:00.000+00:00	2025-08-01T00:00:00Z	released_after_prediction_creation	starting_model_annotation_missing	unresolved_release_and_creation_dates_are_not_training_or_template_cutoffs
9RHJ	9RHJ_14	AF-P40359-F1	9fb69cb67e3079fd58481686b3e32f9badf14994da061a3c837e6c9b88b2ab82	2026-05-13T00:00:00.000+00:00	2025-08-01T00:00:00Z	released_after_prediction_creation	starting_model_annotation_missing	unresolved_release_and_creation_dates_are_not_training_or_template_cutoffs
9RHJ	9RHJ_3	AF-P30665-F1	0b38fefaef2eca7f23bb979bc9da1dec4e9a6ffe79ea3e53edd734b02e70527b	2026-05-13T00:00:00.000+00:00	2025-08-01T00:00:00Z	released_after_prediction_creation	starting_model_annotation_missing	unresolved_release_and_creation_dates_are_not_training_or_template_cutoffs
9RHJ	9RHJ_5	AF-P53091-F1	03b7797a0460645fc3278608ce831cc02c9437647883cfcf335a74b1b3aeb9c3	2026-05-13T00:00:00.000+00:00	2025-08-01T00:00:00Z	released_after_prediction_creation	starting_model_annotation_missing	unresolved_release_and_creation_dates_are_not_training_or_template_cutoffs
9RHJ	9RHJ_6	AF-P38132-F1	dbff9e0a6531af71d18bb3f0b0febfb568f2e863b6861e6daa67f914c7942edf	2026-05-13T00:00:00.000+00:00	2025-08-01T00:00:00Z	released_after_prediction_creation	starting_model_annotation_missing	unresolved_release_and_creation_dates_are_not_training_or_template_cutoffs
9RHL	9RHL_3	AF-P30665-F1	0b38fefaef2eca7f23bb979bc9da1dec4e9a6ffe79ea3e53edd734b02e70527b	2026-05-13T00:00:00.000+00:00	2025-08-01T00:00:00Z	released_after_prediction_creation	starting_model_annotation_missing	unresolved_release_and_creation_dates_are_not_training_or_template_cutoffs
9RHL	9RHL_5	AF-P53091-F1	03b7797a0460645fc3278608ce831cc02c9437647883cfcf335a74b1b3aeb9c3	2026-05-13T00:00:00.000+00:00	2025-08-01T00:00:00Z	released_after_prediction_creation	starting_model_annotation_missing	unresolved_release_and_creation_dates_are_not_training_or_template_cutoffs
9RHL	9RHL_6	AF-P38132-F1	dbff9e0a6531af71d18bb3f0b0febfb568f2e863b6861e6daa67f914c7942edf	2026-05-13T00:00:00.000+00:00	2025-08-01T00:00:00Z	released_after_prediction_creation	starting_model_annotation_missing	unresolved_release_and_creation_dates_are_not_training_or_template_cutoffs
9RHM	9RHM_10	AF-P53091-F1	03b7797a0460645fc3278608ce831cc02c9437647883cfcf335a74b1b3aeb9c3	2026-05-13T00:00:00.000+00:00	2025-08-01T00:00:00Z	released_after_prediction_creation	starting_model_annotation_missing	unresolved_release_and_creation_dates_are_not_training_or_template_cutoffs
9RHM	9RHM_11	AF-P38132-F1	dbff9e0a6531af71d18bb3f0b0febfb568f2e863b6861e6daa67f914c7942edf	2026-05-13T00:00:00.000+00:00	2025-08-01T00:00:00Z	released_after_prediction_creation	starting_model_annotation_missing	unresolved_release_and_creation_dates_are_not_training_or_template_cutoffs
9RHM	9RHM_8	AF-P30665-F1	0b38fefaef2eca7f23bb979bc9da1dec4e9a6ffe79ea3e53edd734b02e70527b	2026-05-13T00:00:00.000+00:00	2025-08-01T00:00:00Z	released_after_prediction_creation	starting_model_annotation_missing	unresolved_release_and_creation_dates_are_not_training_or_template_cutoffs
9RL3	9RL3_10	AF-P21242-F1	8283ba552d1a3cf6c49a4d151043a7ef16df99a3d9c30a2b73e7692d36d2c844	2026-03-18T00:00:00.000+00:00	2025-08-01T00:00:00Z	released_after_prediction_creation	only_experimental_starting_models_reported_not_independence_proof	unresolved_release_and_creation_dates_are_not_training_or_template_cutoffs
9RLA	9RLA_11	AF-P21242-F1	8283ba552d1a3cf6c49a4d151043a7ef16df99a3d9c30a2b73e7692d36d2c844	2026-03-18T00:00:00.000+00:00	2025-08-01T00:00:00Z	released_after_prediction_creation	only_experimental_starting_models_reported_not_independence_proof	unresolved_release_and_creation_dates_are_not_training_or_template_cutoffs
9RLT	9RLT_8	AF-P21242-F1	8283ba552d1a3cf6c49a4d151043a7ef16df99a3d9c30a2b73e7692d36d2c844	2026-03-18T00:00:00.000+00:00	2025-08-01T00:00:00Z	released_after_prediction_creation	only_experimental_starting_models_reported_not_independence_proof	unresolved_release_and_creation_dates_are_not_training_or_template_cutoffs
9RLZ	9RLZ_12	AF-P21242-F1	8283ba552d1a3cf6c49a4d151043a7ef16df99a3d9c30a2b73e7692d36d2c844	2026-03-18T00:00:00.000+00:00	2025-08-01T00:00:00Z	released_after_prediction_creation	only_experimental_starting_models_reported_not_independence_proof	unresolved_release_and_creation_dates_are_not_training_or_template_cutoffs
9RM0	9RM0_11	AF-P21242-F1	8283ba552d1a3cf6c49a4d151043a7ef16df99a3d9c30a2b73e7692d36d2c844	2026-03-18T00:00:00.000+00:00	2025-08-01T00:00:00Z	released_after_prediction_creation	only_experimental_starting_models_reported_not_independence_proof	unresolved_release_and_creation_dates_are_not_training_or_template_cutoffs
9RM1	9RM1_11	AF-P21242-F1	8283ba552d1a3cf6c49a4d151043a7ef16df99a3d9c30a2b73e7692d36d2c844	2026-03-18T00:00:00.000+00:00	2025-08-01T00:00:00Z	released_after_prediction_creation	only_experimental_starting_models_reported_not_independence_proof	unresolved_release_and_creation_dates_are_not_training_or_template_cutoffs
9RYB	9RYB_11	AF-P38902-F1	e5ca72de84371c102b60be5d242b8952d384447efd42abc54d2fc7b284a64b0b	2026-05-27T00:00:00.000+00:00	2025-08-01T00:00:00Z	released_after_prediction_creation	starting_model_annotation_missing	unresolved_release_and_creation_dates_are_not_training_or_template_cutoffs
9RYB	9RYB_6	AF-P20435-F1	b35ac6750b96213d2e2f4608750f185b2daf71c690e6c7ef0382f39de2ec7d1c	2026-05-27T00:00:00.000+00:00	2025-08-01T00:00:00Z	released_after_prediction_creation	starting_model_annotation_missing	unresolved_release_and_creation_dates_are_not_training_or_template_cutoffs
9RYB	9RYB_7	AF-P34087-F1	83d3a4bb2b77f2d447e2e34483b92f4a0abd024d20c78f29b9187d33c13f070a	2026-05-27T00:00:00.000+00:00	2025-08-01T00:00:00Z	released_after_prediction_creation	starting_model_annotation_missing	unresolved_release_and_creation_dates_are_not_training_or_template_cutoffs
9RYB	9RYB_8	AF-P20436-F1	ce7cd70250d0b569e39e2cf28c28578cac6ef076795fe9e170de624038c4019d	2026-05-27T00:00:00.000+00:00	2025-08-01T00:00:00Z	released_after_prediction_creation	starting_model_annotation_missing	unresolved_release_and_creation_dates_are_not_training_or_template_cutoffs
9S78	9S78_6	AF-P21242-F1	8283ba552d1a3cf6c49a4d151043a7ef16df99a3d9c30a2b73e7692d36d2c844	2025-12-24T00:00:00.000+00:00	2025-08-01T00:00:00Z	released_after_prediction_creation	only_experimental_starting_models_reported_not_independence_proof	unresolved_release_and_creation_dates_are_not_training_or_template_cutoffs
9SAY	9SAY_5	AF-P20435-F1	b35ac6750b96213d2e2f4608750f185b2daf71c690e6c7ef0382f39de2ec7d1c	2026-07-08T00:00:00.000+00:00	2025-08-01T00:00:00Z	released_after_prediction_creation	starting_model_annotation_missing	unresolved_release_and_creation_dates_are_not_training_or_template_cutoffs
9SAY	9SAY_6	AF-P20436-F1	ce7cd70250d0b569e39e2cf28c28578cac6ef076795fe9e170de624038c4019d	2026-07-08T00:00:00.000+00:00	2025-08-01T00:00:00Z	released_after_prediction_creation	starting_model_annotation_missing	unresolved_release_and_creation_dates_are_not_training_or_template_cutoffs
9SAY	9SAY_9	AF-P38902-F1	e5ca72de84371c102b60be5d242b8952d384447efd42abc54d2fc7b284a64b0b	2026-07-08T00:00:00.000+00:00	2025-08-01T00:00:00Z	released_after_prediction_creation	starting_model_annotation_missing	unresolved_release_and_creation_dates_are_not_training_or_template_cutoffs
9SAZ	9SAZ_11	AF-P38902-F1	e5ca72de84371c102b60be5d242b8952d384447efd42abc54d2fc7b284a64b0b	2026-08-19T00:00:00.000+00:00	2025-08-01T00:00:00Z	released_after_prediction_creation	starting_model_annotation_missing	unresolved_release_and_creation_dates_are_not_training_or_template_cutoffs
9SAZ	9SAZ_6	AF-P20435-F1	b35ac6750b96213d2e2f4608750f185b2daf71c690e6c7ef0382f39de2ec7d1c	2026-08-19T00:00:00.000+00:00	2025-08-01T00:00:00Z	released_after_prediction_creation	starting_model_annotation_missing	unresolved_release_and_creation_dates_are_not_training_or_template_cutoffs
9SAZ	9SAZ_7	AF-P34087-F1	83d3a4bb2b77f2d447e2e34483b92f4a0abd024d20c78f29b9187d33c13f070a	2026-08-19T00:00:00.000+00:00	2025-08-01T00:00:00Z	released_after_prediction_creation	starting_model_annotation_missing	unresolved_release_and_creation_dates_are_not_training_or_template_cutoffs
9SAZ	9SAZ_8	AF-P20436-F1	ce7cd70250d0b569e39e2cf28c28578cac6ef076795fe9e170de624038c4019d	2026-08-19T00:00:00.000+00:00	2025-08-01T00:00:00Z	released_after_prediction_creation	starting_model_annotation_missing	unresolved_release_and_creation_dates_are_not_training_or_template_cutoffs
9SB0	9SB0_11	AF-P38902-F1	e5ca72de84371c102b60be5d242b8952d384447efd42abc54d2fc7b284a64b0b	2026-07-01T00:00:00.000+00:00	2025-08-01T00:00:00Z	released_after_prediction_creation	starting_model_annotation_missing	unresolved_release_and_creation_dates_are_not_training_or_template_cutoffs
9SB0	9SB0_6	AF-P20435-F1	b35ac6750b96213d2e2f4608750f185b2daf71c690e6c7ef0382f39de2ec7d1c	2026-07-01T00:00:00.000+00:00	2025-08-01T00:00:00Z	released_after_prediction_creation	starting_model_annotation_missing	unresolved_release_and_creation_dates_are_not_training_or_template_cutoffs
9SB0	9SB0_7	AF-P34087-F1	83d3a4bb2b77f2d447e2e34483b92f4a0abd024d20c78f29b9187d33c13f070a	2026-07-01T00:00:00.000+00:00	2025-08-01T00:00:00Z	released_after_prediction_creation	starting_model_annotation_missing	unresolved_release_and_creation_dates_are_not_training_or_template_cutoffs
9SB0	9SB0_8	AF-P20436-F1	ce7cd70250d0b569e39e2cf28c28578cac6ef076795fe9e170de624038c4019d	2026-07-01T00:00:00.000+00:00	2025-08-01T00:00:00Z	released_after_prediction_creation	starting_model_annotation_missing	unresolved_release_and_creation_dates_are_not_training_or_template_cutoffs
9SB1	9SB1_10	AF-P38902-F1	e5ca72de84371c102b60be5d242b8952d384447efd42abc54d2fc7b284a64b0b	2026-07-08T00:00:00.000+00:00	2025-08-01T00:00:00Z	released_after_prediction_creation	starting_model_annotation_missing	unresolved_release_and_creation_dates_are_not_training_or_template_cutoffs
9SB1	9SB1_6	AF-P20435-F1	b35ac6750b96213d2e2f4608750f185b2daf71c690e6c7ef0382f39de2ec7d1c	2026-07-08T00:00:00.000+00:00	2025-08-01T00:00:00Z	released_after_prediction_creation	starting_model_annotation_missing	unresolved_release_and_creation_dates_are_not_training_or_template_cutoffs
9SB1	9SB1_7	AF-P34087-F1	83d3a4bb2b77f2d447e2e34483b92f4a0abd024d20c78f29b9187d33c13f070a	2026-07-08T00:00:00.000+00:00	2025-08-01T00:00:00Z	released_after_prediction_creation	starting_model_annotation_missing	unresolved_release_and_creation_dates_are_not_training_or_template_cutoffs
9SB1	9SB1_8	AF-P20436-F1	ce7cd70250d0b569e39e2cf28c28578cac6ef076795fe9e170de624038c4019d	2026-07-08T00:00:00.000+00:00	2025-08-01T00:00:00Z	released_after_prediction_creation	starting_model_annotation_missing	unresolved_release_and_creation_dates_are_not_training_or_template_cutoffs
9SB2	9SB2_11	AF-P38902-F1	e5ca72de84371c102b60be5d242b8952d384447efd42abc54d2fc7b284a64b0b	2026-07-01T00:00:00.000+00:00	2025-08-01T00:00:00Z	released_after_prediction_creation	starting_model_annotation_missing	unresolved_release_and_creation_dates_are_not_training_or_template_cutoffs
9SB2	9SB2_6	AF-P20435-F1	b35ac6750b96213d2e2f4608750f185b2daf71c690e6c7ef0382f39de2ec7d1c	2026-07-01T00:00:00.000+00:00	2025-08-01T00:00:00Z	released_after_prediction_creation	starting_model_annotation_missing	unresolved_release_and_creation_dates_are_not_training_or_template_cutoffs
9SB2	9SB2_7	AF-P34087-F1	83d3a4bb2b77f2d447e2e34483b92f4a0abd024d20c78f29b9187d33c13f070a	2026-07-01T00:00:00.000+00:00	2025-08-01T00:00:00Z	released_after_prediction_creation	starting_model_annotation_missing	unresolved_release_and_creation_dates_are_not_training_or_template_cutoffs
9SB2	9SB2_8	AF-P20436-F1	ce7cd70250d0b569e39e2cf28c28578cac6ef076795fe9e170de624038c4019d	2026-07-01T00:00:00.000+00:00	2025-08-01T00:00:00Z	released_after_prediction_creation	starting_model_annotation_missing	unresolved_release_and_creation_dates_are_not_training_or_template_cutoffs
9SB3	9SB3_5	AF-P20435-F1	b35ac6750b96213d2e2f4608750f185b2daf71c690e6c7ef0382f39de2ec7d1c	2026-07-08T00:00:00.000+00:00	2025-08-01T00:00:00Z	released_after_prediction_creation	starting_model_annotation_missing	unresolved_release_and_creation_dates_are_not_training_or_template_cutoffs
9SB3	9SB3_6	AF-P20436-F1	ce7cd70250d0b569e39e2cf28c28578cac6ef076795fe9e170de624038c4019d	2026-07-08T00:00:00.000+00:00	2025-08-01T00:00:00Z	released_after_prediction_creation	starting_model_annotation_missing	unresolved_release_and_creation_dates_are_not_training_or_template_cutoffs
9SB3	9SB3_9	AF-P38902-F1	e5ca72de84371c102b60be5d242b8952d384447efd42abc54d2fc7b284a64b0b	2026-07-08T00:00:00.000+00:00	2025-08-01T00:00:00Z	released_after_prediction_creation	starting_model_annotation_missing	unresolved_release_and_creation_dates_are_not_training_or_template_cutoffs
9SB4	9SB4_11	AF-P38902-F1	e5ca72de84371c102b60be5d242b8952d384447efd42abc54d2fc7b284a64b0b	2026-07-01T00:00:00.000+00:00	2025-08-01T00:00:00Z	released_after_prediction_creation	starting_model_annotation_missing	unresolved_release_and_creation_dates_are_not_training_or_template_cutoffs
9SB4	9SB4_6	AF-P20435-F1	b35ac6750b96213d2e2f4608750f185b2daf71c690e6c7ef0382f39de2ec7d1c	2026-07-01T00:00:00.000+00:00	2025-08-01T00:00:00Z	released_after_prediction_creation	starting_model_annotation_missing	unresolved_release_and_creation_dates_are_not_training_or_template_cutoffs
9SB4	9SB4_7	AF-P34087-F1	83d3a4bb2b77f2d447e2e34483b92f4a0abd024d20c78f29b9187d33c13f070a	2026-07-01T00:00:00.000+00:00	2025-08-01T00:00:00Z	released_after_prediction_creation	starting_model_annotation_missing	unresolved_release_and_creation_dates_are_not_training_or_template_cutoffs
9SB4	9SB4_8	AF-P20436-F1	ce7cd70250d0b569e39e2cf28c28578cac6ef076795fe9e170de624038c4019d	2026-07-01T00:00:00.000+00:00	2025-08-01T00:00:00Z	released_after_prediction_creation	starting_model_annotation_missing	unresolved_release_and_creation_dates_are_not_training_or_template_cutoffs
9SB5	9SB5_11	AF-P38902-F1	e5ca72de84371c102b60be5d242b8952d384447efd42abc54d2fc7b284a64b0b	2026-07-01T00:00:00.000+00:00	2025-08-01T00:00:00Z	released_after_prediction_creation	starting_model_annotation_missing	unresolved_release_and_creation_dates_are_not_training_or_template_cutoffs
9SB5	9SB5_6	AF-P20435-F1	b35ac6750b96213d2e2f4608750f185b2daf71c690e6c7ef0382f39de2ec7d1c	2026-07-01T00:00:00.000+00:00	2025-08-01T00:00:00Z	released_after_prediction_creation	starting_model_annotation_missing	unresolved_release_and_creation_dates_are_not_training_or_template_cutoffs
9SB5	9SB5_7	AF-P34087-F1	83d3a4bb2b77f2d447e2e34483b92f4a0abd024d20c78f29b9187d33c13f070a	2026-07-01T00:00:00.000+00:00	2025-08-01T00:00:00Z	released_after_prediction_creation	starting_model_annotation_missing	unresolved_release_and_creation_dates_are_not_training_or_template_cutoffs
9SB5	9SB5_8	AF-P20436-F1	ce7cd70250d0b569e39e2cf28c28578cac6ef076795fe9e170de624038c4019d	2026-07-01T00:00:00.000+00:00	2025-08-01T00:00:00Z	released_after_prediction_creation	starting_model_annotation_missing	unresolved_release_and_creation_dates_are_not_training_or_template_cutoffs
9SBL	9SBL_11	AF-P38902-F1	e5ca72de84371c102b60be5d242b8952d384447efd42abc54d2fc7b284a64b0b	2026-07-01T00:00:00.000+00:00	2025-08-01T00:00:00Z	released_after_prediction_creation	starting_model_annotation_missing	unresolved_release_and_creation_dates_are_not_training_or_template_cutoffs
9SBL	9SBL_6	AF-P20435-F1	b35ac6750b96213d2e2f4608750f185b2daf71c690e6c7ef0382f39de2ec7d1c	2026-07-01T00:00:00.000+00:00	2025-08-01T00:00:00Z	released_after_prediction_creation	starting_model_annotation_missing	unresolved_release_and_creation_dates_are_not_training_or_template_cutoffs
9SBL	9SBL_7	AF-P34087-F1	83d3a4bb2b77f2d447e2e34483b92f4a0abd024d20c78f29b9187d33c13f070a	2026-07-01T00:00:00.000+00:00	2025-08-01T00:00:00Z	released_after_prediction_creation	starting_model_annotation_missing	unresolved_release_and_creation_dates_are_not_training_or_template_cutoffs
9SBL	9SBL_8	AF-P20436-F1	ce7cd70250d0b569e39e2cf28c28578cac6ef076795fe9e170de624038c4019d	2026-07-01T00:00:00.000+00:00	2025-08-01T00:00:00Z	released_after_prediction_creation	starting_model_annotation_missing	unresolved_release_and_creation_dates_are_not_training_or_template_cutoffs
9SBM	9SBM_11	AF-P38902-F1	e5ca72de84371c102b60be5d242b8952d384447efd42abc54d2fc7b284a64b0b	2026-07-01T00:00:00.000+00:00	2025-08-01T00:00:00Z	released_after_prediction_creation	starting_model_annotation_missing	unresolved_release_and_creation_dates_are_not_training_or_template_cutoffs
9SBM	9SBM_6	AF-P20435-F1	b35ac6750b96213d2e2f4608750f185b2daf71c690e6c7ef0382f39de2ec7d1c	2026-07-01T00:00:00.000+00:00	2025-08-01T00:00:00Z	released_after_prediction_creation	starting_model_annotation_missing	unresolved_release_and_creation_dates_are_not_training_or_template_cutoffs
9SBM	9SBM_7	AF-P34087-F1	83d3a4bb2b77f2d447e2e34483b92f4a0abd024d20c78f29b9187d33c13f070a	2026-07-01T00:00:00.000+00:00	2025-08-01T00:00:00Z	released_after_prediction_creation	starting_model_annotation_missing	unresolved_release_and_creation_dates_are_not_training_or_template_cutoffs
9SBM	9SBM_8	AF-P20436-F1	ce7cd70250d0b569e39e2cf28c28578cac6ef076795fe9e170de624038c4019d	2026-07-01T00:00:00.000+00:00	2025-08-01T00:00:00Z	released_after_prediction_creation	starting_model_annotation_missing	unresolved_release_and_creation_dates_are_not_training_or_template_cutoffs
9SBN	9SBN_11	AF-P38902-F1	e5ca72de84371c102b60be5d242b8952d384447efd42abc54d2fc7b284a64b0b	2026-07-01T00:00:00.000+00:00	2025-08-01T00:00:00Z	released_after_prediction_creation	starting_model_annotation_missing	unresolved_release_and_creation_dates_are_not_training_or_template_cutoffs
9SBN	9SBN_6	AF-P20435-F1	b35ac6750b96213d2e2f4608750f185b2daf71c690e6c7ef0382f39de2ec7d1c	2026-07-01T00:00:00.000+00:00	2025-08-01T00:00:00Z	released_after_prediction_creation	starting_model_annotation_missing	unresolved_release_and_creation_dates_are_not_training_or_template_cutoffs
9SBN	9SBN_7	AF-P34087-F1	83d3a4bb2b77f2d447e2e34483b92f4a0abd024d20c78f29b9187d33c13f070a	2026-07-01T00:00:00.000+00:00	2025-08-01T00:00:00Z	released_after_prediction_creation	starting_model_annotation_missing	unresolved_release_and_creation_dates_are_not_training_or_template_cutoffs
9SBN	9SBN_8	AF-P20436-F1	ce7cd70250d0b569e39e2cf28c28578cac6ef076795fe9e170de624038c4019d	2026-07-01T00:00:00.000+00:00	2025-08-01T00:00:00Z	released_after_prediction_creation	starting_model_annotation_missing	unresolved_release_and_creation_dates_are_not_training_or_template_cutoffs
9SBO	9SBO_11	AF-P38902-F1	e5ca72de84371c102b60be5d242b8952d384447efd42abc54d2fc7b284a64b0b	2026-07-01T00:00:00.000+00:00	2025-08-01T00:00:00Z	released_after_prediction_creation	starting_model_annotation_missing	unresolved_release_and_creation_dates_are_not_training_or_template_cutoffs
9SBO	9SBO_6	AF-P20435-F1	b35ac6750b96213d2e2f4608750f185b2daf71c690e6c7ef0382f39de2ec7d1c	2026-07-01T00:00:00.000+00:00	2025-08-01T00:00:00Z	released_after_prediction_creation	starting_model_annotation_missing	unresolved_release_and_creation_dates_are_not_training_or_template_cutoffs
9SBO	9SBO_7	AF-P34087-F1	83d3a4bb2b77f2d447e2e34483b92f4a0abd024d20c78f29b9187d33c13f070a	2026-07-01T00:00:00.000+00:00	2025-08-01T00:00:00Z	released_after_prediction_creation	starting_model_annotation_missing	unresolved_release_and_creation_dates_are_not_training_or_template_cutoffs
9SBO	9SBO_8	AF-P20436-F1	ce7cd70250d0b569e39e2cf28c28578cac6ef076795fe9e170de624038c4019d	2026-07-01T00:00:00.000+00:00	2025-08-01T00:00:00Z	released_after_prediction_creation	starting_model_annotation_missing	unresolved_release_and_creation_dates_are_not_training_or_template_cutoffs
9SBP	9SBP_11	AF-P38902-F1	e5ca72de84371c102b60be5d242b8952d384447efd42abc54d2fc7b284a64b0b	2026-07-01T00:00:00.000+00:00	2025-08-01T00:00:00Z	released_after_prediction_creation	starting_model_annotation_missing	unresolved_release_and_creation_dates_are_not_training_or_template_cutoffs
9SBP	9SBP_6	AF-P20435-F1	b35ac6750b96213d2e2f4608750f185b2daf71c690e6c7ef0382f39de2ec7d1c	2026-07-01T00:00:00.000+00:00	2025-08-01T00:00:00Z	released_after_prediction_creation	starting_model_annotation_missing	unresolved_release_and_creation_dates_are_not_training_or_template_cutoffs
9SBP	9SBP_7	AF-P34087-F1	83d3a4bb2b77f2d447e2e34483b92f4a0abd024d20c78f29b9187d33c13f070a	2026-07-01T00:00:00.000+00:00	2025-08-01T00:00:00Z	released_after_prediction_creation	starting_model_annotation_missing	unresolved_release_and_creation_dates_are_not_training_or_template_cutoffs
9SBP	9SBP_8	AF-P20436-F1	ce7cd70250d0b569e39e2cf28c28578cac6ef076795fe9e170de624038c4019d	2026-07-01T00:00:00.000+00:00	2025-08-01T00:00:00Z	released_after_prediction_creation	starting_model_annotation_missing	unresolved_release_and_creation_dates_are_not_training_or_template_cutoffs
9SBQ	9SBQ_11	AF-P38902-F1	e5ca72de84371c102b60be5d242b8952d384447efd42abc54d2fc7b284a64b0b	2026-07-01T00:00:00.000+00:00	2025-08-01T00:00:00Z	released_after_prediction_creation	starting_model_annotation_missing	unresolved_release_and_creation_dates_are_not_training_or_template_cutoffs
9SBQ	9SBQ_6	AF-P20435-F1	b35ac6750b96213d2e2f4608750f185b2daf71c690e6c7ef0382f39de2ec7d1c	2026-07-01T00:00:00.000+00:00	2025-08-01T00:00:00Z	released_after_prediction_creation	starting_model_annotation_missing	unresolved_release_and_creation_dates_are_not_training_or_template_cutoffs
9SBQ	9SBQ_7	AF-P34087-F1	83d3a4bb2b77f2d447e2e34483b92f4a0abd024d20c78f29b9187d33c13f070a	2026-07-01T00:00:00.000+00:00	2025-08-01T00:00:00Z	released_after_prediction_creation	starting_model_annotation_missing	unresolved_release_and_creation_dates_are_not_training_or_template_cutoffs
9SBQ	9SBQ_8	AF-P20436-F1	ce7cd70250d0b569e39e2cf28c28578cac6ef076795fe9e170de624038c4019d	2026-07-01T00:00:00.000+00:00	2025-08-01T00:00:00Z	released_after_prediction_creation	starting_model_annotation_missing	unresolved_release_and_creation_dates_are_not_training_or_template_cutoffs
9SBR	9SBR_11	AF-P38902-F1	e5ca72de84371c102b60be5d242b8952d384447efd42abc54d2fc7b284a64b0b	2026-07-01T00:00:00.000+00:00	2025-08-01T00:00:00Z	released_after_prediction_creation	starting_model_annotation_missing	unresolved_release_and_creation_dates_are_not_training_or_template_cutoffs
9SBR	9SBR_6	AF-P20435-F1	b35ac6750b96213d2e2f4608750f185b2daf71c690e6c7ef0382f39de2ec7d1c	2026-07-01T00:00:00.000+00:00	2025-08-01T00:00:00Z	released_after_prediction_creation	starting_model_annotation_missing	unresolved_release_and_creation_dates_are_not_training_or_template_cutoffs
9SBR	9SBR_7	AF-P34087-F1	83d3a4bb2b77f2d447e2e34483b92f4a0abd024d20c78f29b9187d33c13f070a	2026-07-01T00:00:00.000+00:00	2025-08-01T00:00:00Z	released_after_prediction_creation	starting_model_annotation_missing	unresolved_release_and_creation_dates_are_not_training_or_template_cutoffs
9SBR	9SBR_8	AF-P20436-F1	ce7cd70250d0b569e39e2cf28c28578cac6ef076795fe9e170de624038c4019d	2026-07-01T00:00:00.000+00:00	2025-08-01T00:00:00Z	released_after_prediction_creation	starting_model_annotation_missing	unresolved_release_and_creation_dates_are_not_training_or_template_cutoffs
9SBS	9SBS_11	AF-P38902-F1	e5ca72de84371c102b60be5d242b8952d384447efd42abc54d2fc7b284a64b0b	2026-07-01T00:00:00.000+00:00	2025-08-01T00:00:00Z	released_after_prediction_creation	starting_model_annotation_missing	unresolved_release_and_creation_dates_are_not_training_or_template_cutoffs
9SBS	9SBS_6	AF-P20435-F1	b35ac6750b96213d2e2f4608750f185b2daf71c690e6c7ef0382f39de2ec7d1c	2026-07-01T00:00:00.000+00:00	2025-08-01T00:00:00Z	released_after_prediction_creation	starting_model_annotation_missing	unresolved_release_and_creation_dates_are_not_training_or_template_cutoffs
9SBS	9SBS_7	AF-P34087-F1	83d3a4bb2b77f2d447e2e34483b92f4a0abd024d20c78f29b9187d33c13f070a	2026-07-01T00:00:00.000+00:00	2025-08-01T00:00:00Z	released_after_prediction_creation	starting_model_annotation_missing	unresolved_release_and_creation_dates_are_not_training_or_template_cutoffs
9SBS	9SBS_8	AF-P20436-F1	ce7cd70250d0b569e39e2cf28c28578cac6ef076795fe9e170de624038c4019d	2026-07-01T00:00:00.000+00:00	2025-08-01T00:00:00Z	released_after_prediction_creation	starting_model_annotation_missing	unresolved_release_and_creation_dates_are_not_training_or_template_cutoffs
9SBT	9SBT_11	AF-P38902-F1	e5ca72de84371c102b60be5d242b8952d384447efd42abc54d2fc7b284a64b0b	2026-07-01T00:00:00.000+00:00	2025-08-01T00:00:00Z	released_after_prediction_creation	starting_model_annotation_missing	unresolved_release_and_creation_dates_are_not_training_or_template_cutoffs
9SBT	9SBT_6	AF-P20435-F1	b35ac6750b96213d2e2f4608750f185b2daf71c690e6c7ef0382f39de2ec7d1c	2026-07-01T00:00:00.000+00:00	2025-08-01T00:00:00Z	released_after_prediction_creation	starting_model_annotation_missing	unresolved_release_and_creation_dates_are_not_training_or_template_cutoffs
9SBT	9SBT_7	AF-P34087-F1	83d3a4bb2b77f2d447e2e34483b92f4a0abd024d20c78f29b9187d33c13f070a	2026-07-01T00:00:00.000+00:00	2025-08-01T00:00:00Z	released_after_prediction_creation	starting_model_annotation_missing	unresolved_release_and_creation_dates_are_not_training_or_template_cutoffs
9SBT	9SBT_8	AF-P20436-F1	ce7cd70250d0b569e39e2cf28c28578cac6ef076795fe9e170de624038c4019d	2026-07-01T00:00:00.000+00:00	2025-08-01T00:00:00Z	released_after_prediction_creation	starting_model_annotation_missing	unresolved_release_and_creation_dates_are_not_training_or_template_cutoffs
9SBU	9SBU_11	AF-P38902-F1	e5ca72de84371c102b60be5d242b8952d384447efd42abc54d2fc7b284a64b0b	2026-07-01T00:00:00.000+00:00	2025-08-01T00:00:00Z	released_after_prediction_creation	starting_model_annotation_missing	unresolved_release_and_creation_dates_are_not_training_or_template_cutoffs
9SBU	9SBU_6	AF-P20435-F1	b35ac6750b96213d2e2f4608750f185b2daf71c690e6c7ef0382f39de2ec7d1c	2026-07-01T00:00:00.000+00:00	2025-08-01T00:00:00Z	released_after_prediction_creation	starting_model_annotation_missing	unresolved_release_and_creation_dates_are_not_training_or_template_cutoffs
9SBU	9SBU_7	AF-P34087-F1	83d3a4bb2b77f2d447e2e34483b92f4a0abd024d20c78f29b9187d33c13f070a	2026-07-01T00:00:00.000+00:00	2025-08-01T00:00:00Z	released_after_prediction_creation	starting_model_annotation_missing	unresolved_release_and_creation_dates_are_not_training_or_template_cutoffs
9SBU	9SBU_8	AF-P20436-F1	ce7cd70250d0b569e39e2cf28c28578cac6ef076795fe9e170de624038c4019d	2026-07-01T00:00:00.000+00:00	2025-08-01T00:00:00Z	released_after_prediction_creation	starting_model_annotation_missing	unresolved_release_and_creation_dates_are_not_training_or_template_cutoffs
9SBV	9SBV_11	AF-P38902-F1	e5ca72de84371c102b60be5d242b8952d384447efd42abc54d2fc7b284a64b0b	2026-07-01T00:00:00.000+00:00	2025-08-01T00:00:00Z	released_after_prediction_creation	starting_model_annotation_missing	unresolved_release_and_creation_dates_are_not_training_or_template_cutoffs
9SBV	9SBV_6	AF-P20435-F1	b35ac6750b96213d2e2f4608750f185b2daf71c690e6c7ef0382f39de2ec7d1c	2026-07-01T00:00:00.000+00:00	2025-08-01T00:00:00Z	released_after_prediction_creation	starting_model_annotation_missing	unresolved_release_and_creation_dates_are_not_training_or_template_cutoffs
9SBV	9SBV_7	AF-P34087-F1	83d3a4bb2b77f2d447e2e34483b92f4a0abd024d20c78f29b9187d33c13f070a	2026-07-01T00:00:00.000+00:00	2025-08-01T00:00:00Z	released_after_prediction_creation	starting_model_annotation_missing	unresolved_release_and_creation_dates_are_not_training_or_template_cutoffs
9SBV	9SBV_8	AF-P20436-F1	ce7cd70250d0b569e39e2cf28c28578cac6ef076795fe9e170de624038c4019d	2026-07-01T00:00:00.000+00:00	2025-08-01T00:00:00Z	released_after_prediction_creation	starting_model_annotation_missing	unresolved_release_and_creation_dates_are_not_training_or_template_cutoffs
9SBW	9SBW_11	AF-P38902-F1	e5ca72de84371c102b60be5d242b8952d384447efd42abc54d2fc7b284a64b0b	2026-07-01T00:00:00.000+00:00	2025-08-01T00:00:00Z	released_after_prediction_creation	starting_model_annotation_missing	unresolved_release_and_creation_dates_are_not_training_or_template_cutoffs
9SBW	9SBW_6	AF-P20435-F1	b35ac6750b96213d2e2f4608750f185b2daf71c690e6c7ef0382f39de2ec7d1c	2026-07-01T00:00:00.000+00:00	2025-08-01T00:00:00Z	released_after_prediction_creation	starting_model_annotation_missing	unresolved_release_and_creation_dates_are_not_training_or_template_cutoffs
9SBW	9SBW_7	AF-P34087-F1	83d3a4bb2b77f2d447e2e34483b92f4a0abd024d20c78f29b9187d33c13f070a	2026-07-01T00:00:00.000+00:00	2025-08-01T00:00:00Z	released_after_prediction_creation	starting_model_annotation_missing	unresolved_release_and_creation_dates_are_not_training_or_template_cutoffs
9SBW	9SBW_8	AF-P20436-F1	ce7cd70250d0b569e39e2cf28c28578cac6ef076795fe9e170de624038c4019d	2026-07-01T00:00:00.000+00:00	2025-08-01T00:00:00Z	released_after_prediction_creation	starting_model_annotation_missing	unresolved_release_and_creation_dates_are_not_training_or_template_cutoffs
9SBX	9SBX_11	AF-P38902-F1	e5ca72de84371c102b60be5d242b8952d384447efd42abc54d2fc7b284a64b0b	2026-07-01T00:00:00.000+00:00	2025-08-01T00:00:00Z	released_after_prediction_creation	starting_model_annotation_missing	unresolved_release_and_creation_dates_are_not_training_or_template_cutoffs
9SBX	9SBX_6	AF-P20435-F1	b35ac6750b96213d2e2f4608750f185b2daf71c690e6c7ef0382f39de2ec7d1c	2026-07-01T00:00:00.000+00:00	2025-08-01T00:00:00Z	released_after_prediction_creation	starting_model_annotation_missing	unresolved_release_and_creation_dates_are_not_training_or_template_cutoffs
9SBX	9SBX_7	AF-P34087-F1	83d3a4bb2b77f2d447e2e34483b92f4a0abd024d20c78f29b9187d33c13f070a	2026-07-01T00:00:00.000+00:00	2025-08-01T00:00:00Z	released_after_prediction_creation	starting_model_annotation_missing	unresolved_release_and_creation_dates_are_not_training_or_template_cutoffs
9SBX	9SBX_8	AF-P20436-F1	ce7cd70250d0b569e39e2cf28c28578cac6ef076795fe9e170de624038c4019d	2026-07-01T00:00:00.000+00:00	2025-08-01T00:00:00Z	released_after_prediction_creation	starting_model_annotation_missing	unresolved_release_and_creation_dates_are_not_training_or_template_cutoffs
9SBY	9SBY_11	AF-P38902-F1	e5ca72de84371c102b60be5d242b8952d384447efd42abc54d2fc7b284a64b0b	2026-07-01T00:00:00.000+00:00	2025-08-01T00:00:00Z	released_after_prediction_creation	starting_model_annotation_missing	unresolved_release_and_creation_dates_are_not_training_or_template_cutoffs
9SBY	9SBY_6	AF-P20435-F1	b35ac6750b96213d2e2f4608750f185b2daf71c690e6c7ef0382f39de2ec7d1c	2026-07-01T00:00:00.000+00:00	2025-08-01T00:00:00Z	released_after_prediction_creation	starting_model_annotation_missing	unresolved_release_and_creation_dates_are_not_training_or_template_cutoffs
9SBY	9SBY_7	AF-P34087-F1	83d3a4bb2b77f2d447e2e34483b92f4a0abd024d20c78f29b9187d33c13f070a	2026-07-01T00:00:00.000+00:00	2025-08-01T00:00:00Z	released_after_prediction_creation	starting_model_annotation_missing	unresolved_release_and_creation_dates_are_not_training_or_template_cutoffs
9SBY	9SBY_8	AF-P20436-F1	ce7cd70250d0b569e39e2cf28c28578cac6ef076795fe9e170de624038c4019d	2026-07-01T00:00:00.000+00:00	2025-08-01T00:00:00Z	released_after_prediction_creation	starting_model_annotation_missing	unresolved_release_and_creation_dates_are_not_training_or_template_cutoffs
9SBZ	9SBZ_11	AF-P38902-F1	e5ca72de84371c102b60be5d242b8952d384447efd42abc54d2fc7b284a64b0b	2026-07-01T00:00:00.000+00:00	2025-08-01T00:00:00Z	released_after_prediction_creation	starting_model_annotation_missing	unresolved_release_and_creation_dates_are_not_training_or_template_cutoffs
9SBZ	9SBZ_6	AF-P20435-F1	b35ac6750b96213d2e2f4608750f185b2daf71c690e6c7ef0382f39de2ec7d1c	2026-07-01T00:00:00.000+00:00	2025-08-01T00:00:00Z	released_after_prediction_creation	starting_model_annotation_missing	unresolved_release_and_creation_dates_are_not_training_or_template_cutoffs
9SBZ	9SBZ_7	AF-P34087-F1	83d3a4bb2b77f2d447e2e34483b92f4a0abd024d20c78f29b9187d33c13f070a	2026-07-01T00:00:00.000+00:00	2025-08-01T00:00:00Z	released_after_prediction_creation	starting_model_annotation_missing	unresolved_release_and_creation_dates_are_not_training_or_template_cutoffs
9SBZ	9SBZ_8	AF-P20436-F1	ce7cd70250d0b569e39e2cf28c28578cac6ef076795fe9e170de624038c4019d	2026-07-01T00:00:00.000+00:00	2025-08-01T00:00:00Z	released_after_prediction_creation	starting_model_annotation_missing	unresolved_release_and_creation_dates_are_not_training_or_template_cutoffs
9SC0	9SC0_11	AF-P38902-F1	e5ca72de84371c102b60be5d242b8952d384447efd42abc54d2fc7b284a64b0b	2026-07-01T00:00:00.000+00:00	2025-08-01T00:00:00Z	released_after_prediction_creation	starting_model_annotation_missing	unresolved_release_and_creation_dates_are_not_training_or_template_cutoffs
9SC0	9SC0_6	AF-P20435-F1	b35ac6750b96213d2e2f4608750f185b2daf71c690e6c7ef0382f39de2ec7d1c	2026-07-01T00:00:00.000+00:00	2025-08-01T00:00:00Z	released_after_prediction_creation	starting_model_annotation_missing	unresolved_release_and_creation_dates_are_not_training_or_template_cutoffs
9SC0	9SC0_7	AF-P34087-F1	83d3a4bb2b77f2d447e2e34483b92f4a0abd024d20c78f29b9187d33c13f070a	2026-07-01T00:00:00.000+00:00	2025-08-01T00:00:00Z	released_after_prediction_creation	starting_model_annotation_missing	unresolved_release_and_creation_dates_are_not_training_or_template_cutoffs
9SC0	9SC0_8	AF-P20436-F1	ce7cd70250d0b569e39e2cf28c28578cac6ef076795fe9e170de624038c4019d	2026-07-01T00:00:00.000+00:00	2025-08-01T00:00:00Z	released_after_prediction_creation	starting_model_annotation_missing	unresolved_release_and_creation_dates_are_not_training_or_template_cutoffs
9SC1	9SC1_11	AF-P38902-F1	e5ca72de84371c102b60be5d242b8952d384447efd42abc54d2fc7b284a64b0b	2026-07-01T00:00:00.000+00:00	2025-08-01T00:00:00Z	released_after_prediction_creation	starting_model_annotation_missing	unresolved_release_and_creation_dates_are_not_training_or_template_cutoffs
9SC1	9SC1_6	AF-P20435-F1	b35ac6750b96213d2e2f4608750f185b2daf71c690e6c7ef0382f39de2ec7d1c	2026-07-01T00:00:00.000+00:00	2025-08-01T00:00:00Z	released_after_prediction_creation	starting_model_annotation_missing	unresolved_release_and_creation_dates_are_not_training_or_template_cutoffs
9SC1	9SC1_7	AF-P34087-F1	83d3a4bb2b77f2d447e2e34483b92f4a0abd024d20c78f29b9187d33c13f070a	2026-07-01T00:00:00.000+00:00	2025-08-01T00:00:00Z	released_after_prediction_creation	starting_model_annotation_missing	unresolved_release_and_creation_dates_are_not_training_or_template_cutoffs
9SC1	9SC1_8	AF-P20436-F1	ce7cd70250d0b569e39e2cf28c28578cac6ef076795fe9e170de624038c4019d	2026-07-01T00:00:00.000+00:00	2025-08-01T00:00:00Z	released_after_prediction_creation	starting_model_annotation_missing	unresolved_release_and_creation_dates_are_not_training_or_template_cutoffs
9SC2	9SC2_11	AF-P38902-F1	e5ca72de84371c102b60be5d242b8952d384447efd42abc54d2fc7b284a64b0b	2026-07-01T00:00:00.000+00:00	2025-08-01T00:00:00Z	released_after_prediction_creation	starting_model_annotation_missing	unresolved_release_and_creation_dates_are_not_training_or_template_cutoffs
9SC2	9SC2_6	AF-P20435-F1	b35ac6750b96213d2e2f4608750f185b2daf71c690e6c7ef0382f39de2ec7d1c	2026-07-01T00:00:00.000+00:00	2025-08-01T00:00:00Z	released_after_prediction_creation	starting_model_annotation_missing	unresolved_release_and_creation_dates_are_not_training_or_template_cutoffs
9SC2	9SC2_7	AF-P34087-F1	83d3a4bb2b77f2d447e2e34483b92f4a0abd024d20c78f29b9187d33c13f070a	2026-07-01T00:00:00.000+00:00	2025-08-01T00:00:00Z	released_after_prediction_creation	starting_model_annotation_missing	unresolved_release_and_creation_dates_are_not_training_or_template_cutoffs
9SC2	9SC2_8	AF-P20436-F1	ce7cd70250d0b569e39e2cf28c28578cac6ef076795fe9e170de624038c4019d	2026-07-01T00:00:00.000+00:00	2025-08-01T00:00:00Z	released_after_prediction_creation	starting_model_annotation_missing	unresolved_release_and_creation_dates_are_not_training_or_template_cutoffs
9SC3	9SC3_11	AF-P38902-F1	e5ca72de84371c102b60be5d242b8952d384447efd42abc54d2fc7b284a64b0b	2026-07-01T00:00:00.000+00:00	2025-08-01T00:00:00Z	released_after_prediction_creation	starting_model_annotation_missing	unresolved_release_and_creation_dates_are_not_training_or_template_cutoffs
9SC3	9SC3_6	AF-P20435-F1	b35ac6750b96213d2e2f4608750f185b2daf71c690e6c7ef0382f39de2ec7d1c	2026-07-01T00:00:00.000+00:00	2025-08-01T00:00:00Z	released_after_prediction_creation	starting_model_annotation_missing	unresolved_release_and_creation_dates_are_not_training_or_template_cutoffs
9SC3	9SC3_7	AF-P34087-F1	83d3a4bb2b77f2d447e2e34483b92f4a0abd024d20c78f29b9187d33c13f070a	2026-07-01T00:00:00.000+00:00	2025-08-01T00:00:00Z	released_after_prediction_creation	starting_model_annotation_missing	unresolved_release_and_creation_dates_are_not_training_or_template_cutoffs
9SC3	9SC3_8	AF-P20436-F1	ce7cd70250d0b569e39e2cf28c28578cac6ef076795fe9e170de624038c4019d	2026-07-01T00:00:00.000+00:00	2025-08-01T00:00:00Z	released_after_prediction_creation	starting_model_annotation_missing	unresolved_release_and_creation_dates_are_not_training_or_template_cutoffs
9SC4	9SC4_11	AF-P38902-F1	e5ca72de84371c102b60be5d242b8952d384447efd42abc54d2fc7b284a64b0b	2026-07-01T00:00:00.000+00:00	2025-08-01T00:00:00Z	released_after_prediction_creation	starting_model_annotation_missing	unresolved_release_and_creation_dates_are_not_training_or_template_cutoffs
9SC4	9SC4_6	AF-P20435-F1	b35ac6750b96213d2e2f4608750f185b2daf71c690e6c7ef0382f39de2ec7d1c	2026-07-01T00:00:00.000+00:00	2025-08-01T00:00:00Z	released_after_prediction_creation	starting_model_annotation_missing	unresolved_release_and_creation_dates_are_not_training_or_template_cutoffs
9SC4	9SC4_7	AF-P34087-F1	83d3a4bb2b77f2d447e2e34483b92f4a0abd024d20c78f29b9187d33c13f070a	2026-07-01T00:00:00.000+00:00	2025-08-01T00:00:00Z	released_after_prediction_creation	starting_model_annotation_missing	unresolved_release_and_creation_dates_are_not_training_or_template_cutoffs
9SC4	9SC4_8	AF-P20436-F1	ce7cd70250d0b569e39e2cf28c28578cac6ef076795fe9e170de624038c4019d	2026-07-01T00:00:00.000+00:00	2025-08-01T00:00:00Z	released_after_prediction_creation	starting_model_annotation_missing	unresolved_release_and_creation_dates_are_not_training_or_template_cutoffs
9SV6	9SV6_11	AF-P38902-F1	e5ca72de84371c102b60be5d242b8952d384447efd42abc54d2fc7b284a64b0b	2026-06-17T00:00:00.000+00:00	2025-08-01T00:00:00Z	released_after_prediction_creation	starting_model_annotation_missing	unresolved_release_and_creation_dates_are_not_training_or_template_cutoffs
9SV6	9SV6_6	AF-P20435-F1	b35ac6750b96213d2e2f4608750f185b2daf71c690e6c7ef0382f39de2ec7d1c	2026-06-17T00:00:00.000+00:00	2025-08-01T00:00:00Z	released_after_prediction_creation	starting_model_annotation_missing	unresolved_release_and_creation_dates_are_not_training_or_template_cutoffs
9SV6	9SV6_7	AF-P34087-F1	83d3a4bb2b77f2d447e2e34483b92f4a0abd024d20c78f29b9187d33c13f070a	2026-06-17T00:00:00.000+00:00	2025-08-01T00:00:00Z	released_after_prediction_creation	starting_model_annotation_missing	unresolved_release_and_creation_dates_are_not_training_or_template_cutoffs
9SV6	9SV6_8	AF-P20436-F1	ce7cd70250d0b569e39e2cf28c28578cac6ef076795fe9e170de624038c4019d	2026-06-17T00:00:00.000+00:00	2025-08-01T00:00:00Z	released_after_prediction_creation	starting_model_annotation_missing	unresolved_release_and_creation_dates_are_not_training_or_template_cutoffs
9TGD	9TGD_3	AF-P30665-F1	0b38fefaef2eca7f23bb979bc9da1dec4e9a6ffe79ea3e53edd734b02e70527b	2026-08-26T00:00:00.000+00:00	2025-08-01T00:00:00Z	released_after_prediction_creation	only_experimental_starting_models_reported_not_independence_proof	unresolved_release_and_creation_dates_are_not_training_or_template_cutoffs
9TGD	9TGD_5	AF-P53091-F1	03b7797a0460645fc3278608ce831cc02c9437647883cfcf335a74b1b3aeb9c3	2026-08-26T00:00:00.000+00:00	2025-08-01T00:00:00Z	released_after_prediction_creation	only_experimental_starting_models_reported_not_independence_proof	unresolved_release_and_creation_dates_are_not_training_or_template_cutoffs
9TGD	9TGD_6	AF-P38132-F1	dbff9e0a6531af71d18bb3f0b0febfb568f2e863b6861e6daa67f914c7942edf	2026-08-26T00:00:00.000+00:00	2025-08-01T00:00:00Z	released_after_prediction_creation	only_experimental_starting_models_reported_not_independence_proof	unresolved_release_and_creation_dates_are_not_training_or_template_cutoffs
9TGM	9TGM_3	AF-P30665-F1	0b38fefaef2eca7f23bb979bc9da1dec4e9a6ffe79ea3e53edd734b02e70527b	2026-08-26T00:00:00.000+00:00	2025-08-01T00:00:00Z	released_after_prediction_creation	only_experimental_starting_models_reported_not_independence_proof	unresolved_release_and_creation_dates_are_not_training_or_template_cutoffs
9TGM	9TGM_5	AF-P53091-F1	03b7797a0460645fc3278608ce831cc02c9437647883cfcf335a74b1b3aeb9c3	2026-08-26T00:00:00.000+00:00	2025-08-01T00:00:00Z	released_after_prediction_creation	only_experimental_starting_models_reported_not_independence_proof	unresolved_release_and_creation_dates_are_not_training_or_template_cutoffs
9TGM	9TGM_6	AF-P38132-F1	dbff9e0a6531af71d18bb3f0b0febfb568f2e863b6861e6daa67f914c7942edf	2026-08-26T00:00:00.000+00:00	2025-08-01T00:00:00Z	released_after_prediction_creation	only_experimental_starting_models_reported_not_independence_proof	unresolved_release_and_creation_dates_are_not_training_or_template_cutoffs
9TH8	9TH8_5	AF-P30665-F1	0b38fefaef2eca7f23bb979bc9da1dec4e9a6ffe79ea3e53edd734b02e70527b	2026-08-26T00:00:00.000+00:00	2025-08-01T00:00:00Z	released_after_prediction_creation	only_experimental_starting_models_reported_not_independence_proof	unresolved_release_and_creation_dates_are_not_training_or_template_cutoffs
9TH8	9TH8_7	AF-P53091-F1	03b7797a0460645fc3278608ce831cc02c9437647883cfcf335a74b1b3aeb9c3	2026-08-26T00:00:00.000+00:00	2025-08-01T00:00:00Z	released_after_prediction_creation	only_experimental_starting_models_reported_not_independence_proof	unresolved_release_and_creation_dates_are_not_training_or_template_cutoffs
9TH8	9TH8_8	AF-P38132-F1	dbff9e0a6531af71d18bb3f0b0febfb568f2e863b6861e6daa67f914c7942edf	2026-08-26T00:00:00.000+00:00	2025-08-01T00:00:00Z	released_after_prediction_creation	only_experimental_starting_models_reported_not_independence_proof	unresolved_release_and_creation_dates_are_not_training_or_template_cutoffs
9W8R	9W8R_15	AF-P20436-F1	ce7cd70250d0b569e39e2cf28c28578cac6ef076795fe9e170de624038c4019d	2026-06-24T00:00:00.000+00:00	2025-08-01T00:00:00Z	released_after_prediction_creation	starting_model_annotation_missing	unresolved_release_and_creation_dates_are_not_training_or_template_cutoffs
9W8R	9W8R_3	AF-P20435-F1	b35ac6750b96213d2e2f4608750f185b2daf71c690e6c7ef0382f39de2ec7d1c	2026-06-24T00:00:00.000+00:00	2025-08-01T00:00:00Z	released_after_prediction_creation	starting_model_annotation_missing	unresolved_release_and_creation_dates_are_not_training_or_template_cutoffs
9W8R	9W8R_4	AF-P34087-F1	83d3a4bb2b77f2d447e2e34483b92f4a0abd024d20c78f29b9187d33c13f070a	2026-06-24T00:00:00.000+00:00	2025-08-01T00:00:00Z	released_after_prediction_creation	starting_model_annotation_missing	unresolved_release_and_creation_dates_are_not_training_or_template_cutoffs
9W8R	9W8R_7	AF-P38902-F1	e5ca72de84371c102b60be5d242b8952d384447efd42abc54d2fc7b284a64b0b	2026-06-24T00:00:00.000+00:00	2025-08-01T00:00:00Z	released_after_prediction_creation	starting_model_annotation_missing	unresolved_release_and_creation_dates_are_not_training_or_template_cutoffs
9W8T	9W8T_11	AF-P38902-F1	e5ca72de84371c102b60be5d242b8952d384447efd42abc54d2fc7b284a64b0b	2026-06-24T00:00:00.000+00:00	2025-08-01T00:00:00Z	released_after_prediction_creation	starting_model_annotation_missing	unresolved_release_and_creation_dates_are_not_training_or_template_cutoffs
9W8T	9W8T_6	AF-P20435-F1	b35ac6750b96213d2e2f4608750f185b2daf71c690e6c7ef0382f39de2ec7d1c	2026-06-24T00:00:00.000+00:00	2025-08-01T00:00:00Z	released_after_prediction_creation	starting_model_annotation_missing	unresolved_release_and_creation_dates_are_not_training_or_template_cutoffs
9W8T	9W8T_7	AF-P34087-F1	83d3a4bb2b77f2d447e2e34483b92f4a0abd024d20c78f29b9187d33c13f070a	2026-06-24T00:00:00.000+00:00	2025-08-01T00:00:00Z	released_after_prediction_creation	starting_model_annotation_missing	unresolved_release_and_creation_dates_are_not_training_or_template_cutoffs
9W8T	9W8T_8	AF-P20436-F1	ce7cd70250d0b569e39e2cf28c28578cac6ef076795fe9e170de624038c4019d	2026-06-24T00:00:00.000+00:00	2025-08-01T00:00:00Z	released_after_prediction_creation	starting_model_annotation_missing	unresolved_release_and_creation_dates_are_not_training_or_template_cutoffs
9W8U	9W8U_11	AF-P38902-F1	e5ca72de84371c102b60be5d242b8952d384447efd42abc54d2fc7b284a64b0b	2026-06-24T00:00:00.000+00:00	2025-08-01T00:00:00Z	released_after_prediction_creation	starting_model_annotation_missing	unresolved_release_and_creation_dates_are_not_training_or_template_cutoffs
9W8U	9W8U_6	AF-P20435-F1	b35ac6750b96213d2e2f4608750f185b2daf71c690e6c7ef0382f39de2ec7d1c	2026-06-24T00:00:00.000+00:00	2025-08-01T00:00:00Z	released_after_prediction_creation	starting_model_annotation_missing	unresolved_release_and_creation_dates_are_not_training_or_template_cutoffs
9W8U	9W8U_7	AF-P34087-F1	83d3a4bb2b77f2d447e2e34483b92f4a0abd024d20c78f29b9187d33c13f070a	2026-06-24T00:00:00.000+00:00	2025-08-01T00:00:00Z	released_after_prediction_creation	starting_model_annotation_missing	unresolved_release_and_creation_dates_are_not_training_or_template_cutoffs
9W8U	9W8U_8	AF-P20436-F1	ce7cd70250d0b569e39e2cf28c28578cac6ef076795fe9e170de624038c4019d	2026-06-24T00:00:00.000+00:00	2025-08-01T00:00:00Z	released_after_prediction_creation	starting_model_annotation_missing	unresolved_release_and_creation_dates_are_not_training_or_template_cutoffs
9W8V	9W8V_11	AF-P38902-F1	e5ca72de84371c102b60be5d242b8952d384447efd42abc54d2fc7b284a64b0b	2026-06-24T00:00:00.000+00:00	2025-08-01T00:00:00Z	released_after_prediction_creation	starting_model_annotation_missing	unresolved_release_and_creation_dates_are_not_training_or_template_cutoffs
9W8V	9W8V_6	AF-P20435-F1	b35ac6750b96213d2e2f4608750f185b2daf71c690e6c7ef0382f39de2ec7d1c	2026-06-24T00:00:00.000+00:00	2025-08-01T00:00:00Z	released_after_prediction_creation	starting_model_annotation_missing	unresolved_release_and_creation_dates_are_not_training_or_template_cutoffs
9W8V	9W8V_7	AF-P34087-F1	83d3a4bb2b77f2d447e2e34483b92f4a0abd024d20c78f29b9187d33c13f070a	2026-06-24T00:00:00.000+00:00	2025-08-01T00:00:00Z	released_after_prediction_creation	starting_model_annotation_missing	unresolved_release_and_creation_dates_are_not_training_or_template_cutoffs
9W8V	9W8V_8	AF-P20436-F1	ce7cd70250d0b569e39e2cf28c28578cac6ef076795fe9e170de624038c4019d	2026-06-24T00:00:00.000+00:00	2025-08-01T00:00:00Z	released_after_prediction_creation	starting_model_annotation_missing	unresolved_release_and_creation_dates_are_not_training_or_template_cutoffs
9W8W	9W8W_10	AF-P38902-F1	e5ca72de84371c102b60be5d242b8952d384447efd42abc54d2fc7b284a64b0b	2026-06-24T00:00:00.000+00:00	2025-08-01T00:00:00Z	released_after_prediction_creation	starting_model_annotation_missing	unresolved_release_and_creation_dates_are_not_training_or_template_cutoffs
9W8W	9W8W_15	AF-P20436-F1	ce7cd70250d0b569e39e2cf28c28578cac6ef076795fe9e170de624038c4019d	2026-06-24T00:00:00.000+00:00	2025-08-01T00:00:00Z	released_after_prediction_creation	starting_model_annotation_missing	unresolved_release_and_creation_dates_are_not_training_or_template_cutoffs
9W8W	9W8W_6	AF-P20435-F1	b35ac6750b96213d2e2f4608750f185b2daf71c690e6c7ef0382f39de2ec7d1c	2026-06-24T00:00:00.000+00:00	2025-08-01T00:00:00Z	released_after_prediction_creation	starting_model_annotation_missing	unresolved_release_and_creation_dates_are_not_training_or_template_cutoffs
9W8W	9W8W_7	AF-P34087-F1	83d3a4bb2b77f2d447e2e34483b92f4a0abd024d20c78f29b9187d33c13f070a	2026-06-24T00:00:00.000+00:00	2025-08-01T00:00:00Z	released_after_prediction_creation	starting_model_annotation_missing	unresolved_release_and_creation_dates_are_not_training_or_template_cutoffs
9W8X	9W8X_11	AF-P38902-F1	e5ca72de84371c102b60be5d242b8952d384447efd42abc54d2fc7b284a64b0b	2026-06-24T00:00:00.000+00:00	2025-08-01T00:00:00Z	released_after_prediction_creation	starting_model_annotation_missing	unresolved_release_and_creation_dates_are_not_training_or_template_cutoffs
9W8X	9W8X_6	AF-P20435-F1	b35ac6750b96213d2e2f4608750f185b2daf71c690e6c7ef0382f39de2ec7d1c	2026-06-24T00:00:00.000+00:00	2025-08-01T00:00:00Z	released_after_prediction_creation	starting_model_annotation_missing	unresolved_release_and_creation_dates_are_not_training_or_template_cutoffs
9W8X	9W8X_7	AF-P34087-F1	83d3a4bb2b77f2d447e2e34483b92f4a0abd024d20c78f29b9187d33c13f070a	2026-06-24T00:00:00.000+00:00	2025-08-01T00:00:00Z	released_after_prediction_creation	starting_model_annotation_missing	unresolved_release_and_creation_dates_are_not_training_or_template_cutoffs
9W8X	9W8X_8	AF-P20436-F1	ce7cd70250d0b569e39e2cf28c28578cac6ef076795fe9e170de624038c4019d	2026-06-24T00:00:00.000+00:00	2025-08-01T00:00:00Z	released_after_prediction_creation	starting_model_annotation_missing	unresolved_release_and_creation_dates_are_not_training_or_template_cutoffs
9W8Y	9W8Y_11	AF-P38902-F1	e5ca72de84371c102b60be5d242b8952d384447efd42abc54d2fc7b284a64b0b	2026-06-24T00:00:00.000+00:00	2025-08-01T00:00:00Z	released_after_prediction_creation	starting_model_annotation_missing	unresolved_release_and_creation_dates_are_not_training_or_template_cutoffs
9W8Y	9W8Y_6	AF-P20435-F1	b35ac6750b96213d2e2f4608750f185b2daf71c690e6c7ef0382f39de2ec7d1c	2026-06-24T00:00:00.000+00:00	2025-08-01T00:00:00Z	released_after_prediction_creation	starting_model_annotation_missing	unresolved_release_and_creation_dates_are_not_training_or_template_cutoffs
9W8Y	9W8Y_7	AF-P34087-F1	83d3a4bb2b77f2d447e2e34483b92f4a0abd024d20c78f29b9187d33c13f070a	2026-06-24T00:00:00.000+00:00	2025-08-01T00:00:00Z	released_after_prediction_creation	starting_model_annotation_missing	unresolved_release_and_creation_dates_are_not_training_or_template_cutoffs
9W8Y	9W8Y_8	AF-P20436-F1	ce7cd70250d0b569e39e2cf28c28578cac6ef076795fe9e170de624038c4019d	2026-06-24T00:00:00.000+00:00	2025-08-01T00:00:00Z	released_after_prediction_creation	starting_model_annotation_missing	unresolved_release_and_creation_dates_are_not_training_or_template_cutoffs
9W8Z	9W8Z_11	AF-P38902-F1	e5ca72de84371c102b60be5d242b8952d384447efd42abc54d2fc7b284a64b0b	2026-06-24T00:00:00.000+00:00	2025-08-01T00:00:00Z	released_after_prediction_creation	starting_model_annotation_missing	unresolved_release_and_creation_dates_are_not_training_or_template_cutoffs
9W8Z	9W8Z_6	AF-P20435-F1	b35ac6750b96213d2e2f4608750f185b2daf71c690e6c7ef0382f39de2ec7d1c	2026-06-24T00:00:00.000+00:00	2025-08-01T00:00:00Z	released_after_prediction_creation	starting_model_annotation_missing	unresolved_release_and_creation_dates_are_not_training_or_template_cutoffs
9W8Z	9W8Z_7	AF-P34087-F1	83d3a4bb2b77f2d447e2e34483b92f4a0abd024d20c78f29b9187d33c13f070a	2026-06-24T00:00:00.000+00:00	2025-08-01T00:00:00Z	released_after_prediction_creation	starting_model_annotation_missing	unresolved_release_and_creation_dates_are_not_training_or_template_cutoffs
9W8Z	9W8Z_8	AF-P20436-F1	ce7cd70250d0b569e39e2cf28c28578cac6ef076795fe9e170de624038c4019d	2026-06-24T00:00:00.000+00:00	2025-08-01T00:00:00Z	released_after_prediction_creation	starting_model_annotation_missing	unresolved_release_and_creation_dates_are_not_training_or_template_cutoffs
9WQ7	9WQ7_11	AF-P38902-F1	e5ca72de84371c102b60be5d242b8952d384447efd42abc54d2fc7b284a64b0b	2026-06-24T00:00:00.000+00:00	2025-08-01T00:00:00Z	released_after_prediction_creation	starting_model_annotation_missing	unresolved_release_and_creation_dates_are_not_training_or_template_cutoffs
9WQ7	9WQ7_6	AF-P20435-F1	b35ac6750b96213d2e2f4608750f185b2daf71c690e6c7ef0382f39de2ec7d1c	2026-06-24T00:00:00.000+00:00	2025-08-01T00:00:00Z	released_after_prediction_creation	starting_model_annotation_missing	unresolved_release_and_creation_dates_are_not_training_or_template_cutoffs
9WQ7	9WQ7_7	AF-P34087-F1	83d3a4bb2b77f2d447e2e34483b92f4a0abd024d20c78f29b9187d33c13f070a	2026-06-24T00:00:00.000+00:00	2025-08-01T00:00:00Z	released_after_prediction_creation	starting_model_annotation_missing	unresolved_release_and_creation_dates_are_not_training_or_template_cutoffs
9WQ7	9WQ7_8	AF-P20436-F1	ce7cd70250d0b569e39e2cf28c28578cac6ef076795fe9e170de624038c4019d	2026-06-24T00:00:00.000+00:00	2025-08-01T00:00:00Z	released_after_prediction_creation	starting_model_annotation_missing	unresolved_release_and_creation_dates_are_not_training_or_template_cutoffs
9WQ8	9WQ8_11	AF-P38902-F1	e5ca72de84371c102b60be5d242b8952d384447efd42abc54d2fc7b284a64b0b	2026-06-24T00:00:00.000+00:00	2025-08-01T00:00:00Z	released_after_prediction_creation	starting_model_annotation_missing	unresolved_release_and_creation_dates_are_not_training_or_template_cutoffs
9WQ8	9WQ8_6	AF-P20435-F1	b35ac6750b96213d2e2f4608750f185b2daf71c690e6c7ef0382f39de2ec7d1c	2026-06-24T00:00:00.000+00:00	2025-08-01T00:00:00Z	released_after_prediction_creation	starting_model_annotation_missing	unresolved_release_and_creation_dates_are_not_training_or_template_cutoffs
9WQ8	9WQ8_7	AF-P34087-F1	83d3a4bb2b77f2d447e2e34483b92f4a0abd024d20c78f29b9187d33c13f070a	2026-06-24T00:00:00.000+00:00	2025-08-01T00:00:00Z	released_after_prediction_creation	starting_model_annotation_missing	unresolved_release_and_creation_dates_are_not_training_or_template_cutoffs
9WQ8	9WQ8_8	AF-P20436-F1	ce7cd70250d0b569e39e2cf28c28578cac6ef076795fe9e170de624038c4019d	2026-06-24T00:00:00.000+00:00	2025-08-01T00:00:00Z	released_after_prediction_creation	starting_model_annotation_missing	unresolved_release_and_creation_dates_are_not_training_or_template_cutoffs
9WQ9	9WQ9_11	AF-P38902-F1	e5ca72de84371c102b60be5d242b8952d384447efd42abc54d2fc7b284a64b0b	2026-06-24T00:00:00.000+00:00	2025-08-01T00:00:00Z	released_after_prediction_creation	starting_model_annotation_missing	unresolved_release_and_creation_dates_are_not_training_or_template_cutoffs
9WQ9	9WQ9_6	AF-P20435-F1	b35ac6750b96213d2e2f4608750f185b2daf71c690e6c7ef0382f39de2ec7d1c	2026-06-24T00:00:00.000+00:00	2025-08-01T00:00:00Z	released_after_prediction_creation	starting_model_annotation_missing	unresolved_release_and_creation_dates_are_not_training_or_template_cutoffs
9WQ9	9WQ9_7	AF-P34087-F1	83d3a4bb2b77f2d447e2e34483b92f4a0abd024d20c78f29b9187d33c13f070a	2026-06-24T00:00:00.000+00:00	2025-08-01T00:00:00Z	released_after_prediction_creation	starting_model_annotation_missing	unresolved_release_and_creation_dates_are_not_training_or_template_cutoffs
9WQ9	9WQ9_8	AF-P20436-F1	ce7cd70250d0b569e39e2cf28c28578cac6ef076795fe9e170de624038c4019d	2026-06-24T00:00:00.000+00:00	2025-08-01T00:00:00Z	released_after_prediction_creation	starting_model_annotation_missing	unresolved_release_and_creation_dates_are_not_training_or_template_cutoffs
9ZPK	9ZPK_11	AF-P38902-F1	e5ca72de84371c102b60be5d242b8952d384447efd42abc54d2fc7b284a64b0b	2026-08-05T00:00:00.000+00:00	2025-08-01T00:00:00Z	released_after_prediction_creation	starting_model_annotation_missing	unresolved_release_and_creation_dates_are_not_training_or_template_cutoffs
9ZPK	9ZPK_6	AF-P20435-F1	b35ac6750b96213d2e2f4608750f185b2daf71c690e6c7ef0382f39de2ec7d1c	2026-08-05T00:00:00.000+00:00	2025-08-01T00:00:00Z	released_after_prediction_creation	starting_model_annotation_missing	unresolved_release_and_creation_dates_are_not_training_or_template_cutoffs
9ZPK	9ZPK_7	AF-P34087-F1	83d3a4bb2b77f2d447e2e34483b92f4a0abd024d20c78f29b9187d33c13f070a	2026-08-05T00:00:00.000+00:00	2025-08-01T00:00:00Z	released_after_prediction_creation	starting_model_annotation_missing	unresolved_release_and_creation_dates_are_not_training_or_template_cutoffs
9ZPK	9ZPK_8	AF-P20436-F1	ce7cd70250d0b569e39e2cf28c28578cac6ef076795fe9e170de624038c4019d	2026-08-05T00:00:00.000+00:00	2025-08-01T00:00:00Z	released_after_prediction_creation	starting_model_annotation_missing	unresolved_release_and_creation_dates_are_not_training_or_template_cutoffs
9ZPL	9ZPL_11	AF-P20436-F1	ce7cd70250d0b569e39e2cf28c28578cac6ef076795fe9e170de624038c4019d	2026-08-05T00:00:00.000+00:00	2025-08-01T00:00:00Z	released_after_prediction_creation	starting_model_annotation_missing	unresolved_release_and_creation_dates_are_not_training_or_template_cutoffs
9ZPL	9ZPL_3	AF-P20435-F1	b35ac6750b96213d2e2f4608750f185b2daf71c690e6c7ef0382f39de2ec7d1c	2026-08-05T00:00:00.000+00:00	2025-08-01T00:00:00Z	released_after_prediction_creation	starting_model_annotation_missing	unresolved_release_and_creation_dates_are_not_training_or_template_cutoffs
9ZPL	9ZPL_4	AF-P34087-F1	83d3a4bb2b77f2d447e2e34483b92f4a0abd024d20c78f29b9187d33c13f070a	2026-08-05T00:00:00.000+00:00	2025-08-01T00:00:00Z	released_after_prediction_creation	starting_model_annotation_missing	unresolved_release_and_creation_dates_are_not_training_or_template_cutoffs
9ZPL	9ZPL_7	AF-P38902-F1	e5ca72de84371c102b60be5d242b8952d384447efd42abc54d2fc7b284a64b0b	2026-08-05T00:00:00.000+00:00	2025-08-01T00:00:00Z	released_after_prediction_creation	starting_model_annotation_missing	unresolved_release_and_creation_dates_are_not_training_or_template_cutoffs
