case_id	original_taxa	omitted_taxa	remaining_taxa	remaining_taxon_ids	status
Amanita__115730at2759__code1	5		5	F235537;F41956;F67723;F71933;F933333	unchanged_by_declared_fcs_omission
Amanita__129234at2759__code1	7		7	F1004511;F235537;F41956;F67723;F71933;F87326;F933333	unchanged_by_declared_fcs_omission
Amanita__160487at2759__code1	6		6	F235537;F41956;F67723;F71933;F87326;F933333	unchanged_by_declared_fcs_omission
Amanita__201273at2759__code1	6		6	F1004511;F41956;F67723;F71933;F87326;F933333	unchanged_by_declared_fcs_omission
Amanita__207567at2759__code1	7		7	F1004511;F235537;F41956;F67723;F71933;F87326;F933333	unchanged_by_declared_fcs_omission
Amanita__260326at2759__code1	6		6	F1004511;F235537;F41956;F67723;F87326;F933333	unchanged_by_declared_fcs_omission
Amanita__2852757at2759__code1	5		5	F1004511;F235537;F41956;F67723;F933333	unchanged_by_declared_fcs_omission
Amanita__288615at2759__code1	7		7	F1004511;F235537;F41956;F67723;F71933;F87326;F933333	unchanged_by_declared_fcs_omission
Amanita__319730at2759__code1	7		7	F1004511;F235537;F41956;F67723;F71933;F87326;F933333	unchanged_by_declared_fcs_omission
Amanita__340246at2759__code1	4		4	F41956;F67723;F71933;F933333	unchanged_by_declared_fcs_omission
Amanita__345792at2759__code1	6		6	F1004511;F235537;F41956;F67723;F71933;F933333	unchanged_by_declared_fcs_omission
Amanita__352891at2759__code1	7		7	F1004511;F235537;F41956;F67723;F71933;F87326;F933333	unchanged_by_declared_fcs_omission
Amanita__3643464at2759__code1	7		7	F1004511;F235537;F41956;F67723;F71933;F87326;F933333	unchanged_by_declared_fcs_omission
Amanita__4613677at2759__code1	7		7	F1004511;F235537;F41956;F67723;F71933;F87326;F933333	unchanged_by_declared_fcs_omission
Amanita__4695236at2759__code1	7		7	F1004511;F235537;F41956;F67723;F71933;F87326;F933333	unchanged_by_declared_fcs_omission
Amanita__4747214at2759__code1	7		7	F1004511;F235537;F41956;F67723;F71933;F87326;F933333	unchanged_by_declared_fcs_omission
Amanita__4764044at2759__code1	7		7	F1004511;F235537;F41956;F67723;F71933;F87326;F933333	unchanged_by_declared_fcs_omission
Amanita__4803900at2759__code1	7		7	F1004511;F235537;F41956;F67723;F71933;F87326;F933333	unchanged_by_declared_fcs_omission
Amanita__4810093at2759__code1	7		7	F1004511;F235537;F41956;F67723;F71933;F87326;F933333	unchanged_by_declared_fcs_omission
Amanita__4813267at2759__code1	6		6	F1004511;F235537;F41956;F67723;F71933;F933333	unchanged_by_declared_fcs_omission
Amanita__4823929at2759__code1	7		7	F1004511;F235537;F41956;F67723;F71933;F87326;F933333	unchanged_by_declared_fcs_omission
Amanita__4837017at2759__code1	7		7	F1004511;F235537;F41956;F67723;F71933;F87326;F933333	unchanged_by_declared_fcs_omission
Amanita__4838864at2759__code1	6		6	F1004511;F235537;F41956;F67723;F71933;F933333	unchanged_by_declared_fcs_omission
Amanita__4843240at2759__code1	4		4	F235537;F67723;F71933;F933333	unchanged_by_declared_fcs_omission
Amanita__4843824at2759__code1	6		6	F1004511;F235537;F41956;F67723;F87326;F933333	unchanged_by_declared_fcs_omission
Amanita__4867008at2759__code1	5		5	F235537;F67723;F71933;F87326;F933333	unchanged_by_declared_fcs_omission
Amanita__4888252at2759__code1	5		5	F1004511;F235537;F41956;F67723;F87326	unchanged_by_declared_fcs_omission
Amanita__4896098at2759__code1	7		7	F1004511;F235537;F41956;F67723;F71933;F87326;F933333	unchanged_by_declared_fcs_omission
Amanita__4900375at2759__code1	7		7	F1004511;F235537;F41956;F67723;F71933;F87326;F933333	unchanged_by_declared_fcs_omission
Amanita__4908955at2759__code1	5		5	F1004511;F235537;F41956;F67723;F71933	unchanged_by_declared_fcs_omission
Amanita__4911644at2759__code1	5		5	F235537;F41956;F67723;F71933;F933333	unchanged_by_declared_fcs_omission
Amanita__4940884at2759__code1	6		6	F1004511;F235537;F41956;F67723;F71933;F933333	unchanged_by_declared_fcs_omission
Amanita__4969018at2759__code1	7		7	F1004511;F235537;F41956;F67723;F71933;F87326;F933333	unchanged_by_declared_fcs_omission
Amanita__4969636at2759__code1	6		6	F1004511;F235537;F41956;F67723;F87326;F933333	unchanged_by_declared_fcs_omission
Amanita__4969990at2759__code1	6		6	F1004511;F235537;F41956;F67723;F71933;F933333	unchanged_by_declared_fcs_omission
Amanita__4970387at2759__code1	7		7	F1004511;F235537;F41956;F67723;F71933;F87326;F933333	unchanged_by_declared_fcs_omission
Amanita__4970538at2759__code1	6		6	F1004511;F235537;F41956;F67723;F71933;F933333	unchanged_by_declared_fcs_omission
Amanita__4971272at2759__code1	7		7	F1004511;F235537;F41956;F67723;F71933;F87326;F933333	unchanged_by_declared_fcs_omission
Amanita__4974767at2759__code1	7		7	F1004511;F235537;F41956;F67723;F71933;F87326;F933333	unchanged_by_declared_fcs_omission
Amanita__4975094at2759__code1	6		6	F235537;F41956;F67723;F71933;F87326;F933333	unchanged_by_declared_fcs_omission
Amanita__4976279at2759__code1	7		7	F1004511;F235537;F41956;F67723;F71933;F87326;F933333	unchanged_by_declared_fcs_omission
Amanita__4977163at2759__code1	6		6	F1004511;F235537;F41956;F67723;F71933;F87326	unchanged_by_declared_fcs_omission
Amanita__4977863at2759__code1	6		6	F1004511;F235537;F67723;F71933;F87326;F933333	unchanged_by_declared_fcs_omission
Amanita__4983000at2759__code1	7		7	F1004511;F235537;F41956;F67723;F71933;F87326;F933333	unchanged_by_declared_fcs_omission
Amanita__4985971at2759__code1	6		6	F1004511;F235537;F67723;F71933;F87326;F933333	unchanged_by_declared_fcs_omission
Amanita__4986044at2759__code1	6		6	F235537;F41956;F67723;F71933;F87326;F933333	unchanged_by_declared_fcs_omission
Amanita__4987397at2759__code1	5		5	F235537;F41956;F67723;F71933;F933333	unchanged_by_declared_fcs_omission
Amanita__4988239at2759__code1	5		5	F235537;F41956;F67723;F71933;F933333	unchanged_by_declared_fcs_omission
Amanita__4999134at2759__code1	6		6	F1004511;F235537;F41956;F67723;F71933;F933333	unchanged_by_declared_fcs_omission
Amanita__5000045at2759__code1	6		6	F1004511;F235537;F41956;F67723;F87326;F933333	unchanged_by_declared_fcs_omission
Amanita__5000152at2759__code1	7		7	F1004511;F235537;F41956;F67723;F71933;F87326;F933333	unchanged_by_declared_fcs_omission
Amanita__5000362at2759__code1	5		5	F1004511;F235537;F41956;F67723;F933333	unchanged_by_declared_fcs_omission
Amanita__5000371at2759__code1	6		6	F235537;F41956;F67723;F71933;F87326;F933333	unchanged_by_declared_fcs_omission
Amanita__5000452at2759__code1	7		7	F1004511;F235537;F41956;F67723;F71933;F87326;F933333	unchanged_by_declared_fcs_omission
Amanita__5000476at2759__code1	7		7	F1004511;F235537;F41956;F67723;F71933;F87326;F933333	unchanged_by_declared_fcs_omission
Amanita__5000743at2759__code1	7		7	F1004511;F235537;F41956;F67723;F71933;F87326;F933333	unchanged_by_declared_fcs_omission
Amanita__5000823at2759__code1	7		7	F1004511;F235537;F41956;F67723;F71933;F87326;F933333	unchanged_by_declared_fcs_omission
Amanita__5000870at2759__code1	7		7	F1004511;F235537;F41956;F67723;F71933;F87326;F933333	unchanged_by_declared_fcs_omission
Amanita__5000986at2759__code1	7		7	F1004511;F235537;F41956;F67723;F71933;F87326;F933333	unchanged_by_declared_fcs_omission
Amanita__5001156at2759__code1	7		7	F1004511;F235537;F41956;F67723;F71933;F87326;F933333	unchanged_by_declared_fcs_omission
Amanita__5001273at2759__code1	7		7	F1004511;F235537;F41956;F67723;F71933;F87326;F933333	unchanged_by_declared_fcs_omission
Amanita__5001280at2759__code1	7		7	F1004511;F235537;F41956;F67723;F71933;F87326;F933333	unchanged_by_declared_fcs_omission
Amanita__5001318at2759__code1	6		6	F1004511;F235537;F41956;F67723;F71933;F87326	unchanged_by_declared_fcs_omission
Amanita__5001413at2759__code1	6		6	F1004511;F235537;F41956;F67723;F87326;F933333	unchanged_by_declared_fcs_omission
Amanita__5001473at2759__code1	7		7	F1004511;F235537;F41956;F67723;F71933;F87326;F933333	unchanged_by_declared_fcs_omission
Amanita__5001660at2759__code1	6		6	F1004511;F235537;F41956;F67723;F71933;F933333	unchanged_by_declared_fcs_omission
Amanita__5001734at2759__code1	5		5	F235537;F67723;F71933;F87326;F933333	unchanged_by_declared_fcs_omission
Amanita__5001941at2759__code1	5		5	F235537;F41956;F67723;F71933;F933333	unchanged_by_declared_fcs_omission
Amanita__5002334at2759__code1	6		6	F1004511;F235537;F41956;F67723;F87326;F933333	unchanged_by_declared_fcs_omission
Amanita__5002573at2759__code1	7		7	F1004511;F235537;F41956;F67723;F71933;F87326;F933333	unchanged_by_declared_fcs_omission
Amanita__5003022at2759__code1	7		7	F1004511;F235537;F41956;F67723;F71933;F87326;F933333	unchanged_by_declared_fcs_omission
Amanita__5003192at2759__code1	6		6	F1004511;F235537;F41956;F67723;F87326;F933333	unchanged_by_declared_fcs_omission
Amanita__5003205at2759__code1	6		6	F235537;F41956;F67723;F71933;F87326;F933333	unchanged_by_declared_fcs_omission
Amanita__5003856at2759__code1	6		6	F1004511;F235537;F41956;F67723;F71933;F933333	unchanged_by_declared_fcs_omission
Amanita__5003972at2759__code1	7		7	F1004511;F235537;F41956;F67723;F71933;F87326;F933333	unchanged_by_declared_fcs_omission
Amanita__5004118at2759__code1	7		7	F1004511;F235537;F41956;F67723;F71933;F87326;F933333	unchanged_by_declared_fcs_omission
Amanita__5004265at2759__code1	6		6	F1004511;F235537;F41956;F67723;F87326;F933333	unchanged_by_declared_fcs_omission
Amanita__5004327at2759__code1	7		7	F1004511;F235537;F41956;F67723;F71933;F87326;F933333	unchanged_by_declared_fcs_omission
Amanita__5004391at2759__code1	6		6	F1004511;F235537;F67723;F71933;F87326;F933333	unchanged_by_declared_fcs_omission
Amanita__5004478at2759__code1	7		7	F1004511;F235537;F41956;F67723;F71933;F87326;F933333	unchanged_by_declared_fcs_omission
Amanita__5004599at2759__code1	7		7	F1004511;F235537;F41956;F67723;F71933;F87326;F933333	unchanged_by_declared_fcs_omission
Amanita__5005010at2759__code1	6		6	F1004511;F235537;F41956;F67723;F71933;F933333	unchanged_by_declared_fcs_omission
Amanita__5005174at2759__code1	6		6	F1004511;F235537;F41956;F67723;F87326;F933333	unchanged_by_declared_fcs_omission
Amanita__5005196at2759__code1	6		6	F1004511;F235537;F41956;F67723;F71933;F933333	unchanged_by_declared_fcs_omission
Amanita__5005215at2759__code1	7		7	F1004511;F235537;F41956;F67723;F71933;F87326;F933333	unchanged_by_declared_fcs_omission
Amanita__5005217at2759__code1	7		7	F1004511;F235537;F41956;F67723;F71933;F87326;F933333	unchanged_by_declared_fcs_omission
Amanita__5005274at2759__code1	7		7	F1004511;F235537;F41956;F67723;F71933;F87326;F933333	unchanged_by_declared_fcs_omission
Amanita__5005697at2759__code1	7		7	F1004511;F235537;F41956;F67723;F71933;F87326;F933333	unchanged_by_declared_fcs_omission
Amanita__5005750at2759__code1	4		4	F1004511;F67723;F87326;F933333	unchanged_by_declared_fcs_omission
Amanita__5005892at2759__code1	7		7	F1004511;F235537;F41956;F67723;F71933;F87326;F933333	unchanged_by_declared_fcs_omission
Amanita__5006326at2759__code1	7		7	F1004511;F235537;F41956;F67723;F71933;F87326;F933333	unchanged_by_declared_fcs_omission
Amanita__5006412at2759__code1	6		6	F1004511;F235537;F41956;F67723;F71933;F933333	unchanged_by_declared_fcs_omission
Amanita__5011777at2759__code1	7		7	F1004511;F235537;F41956;F67723;F71933;F87326;F933333	unchanged_by_declared_fcs_omission
Amanita__5013042at2759__code1	7		7	F1004511;F235537;F41956;F67723;F71933;F87326;F933333	unchanged_by_declared_fcs_omission
Amanita__5013067at2759__code1	7		7	F1004511;F235537;F41956;F67723;F71933;F87326;F933333	unchanged_by_declared_fcs_omission
Amanita__5013259at2759__code1	6		6	F1004511;F235537;F41956;F67723;F71933;F87326	unchanged_by_declared_fcs_omission
Amanita__5013539at2759__code1	7		7	F1004511;F235537;F41956;F67723;F71933;F87326;F933333	unchanged_by_declared_fcs_omission
Amanita__5013726at2759__code1	7		7	F1004511;F235537;F41956;F67723;F71933;F87326;F933333	unchanged_by_declared_fcs_omission
Amanita__5013738at2759__code1	6		6	F235537;F41956;F67723;F71933;F87326;F933333	unchanged_by_declared_fcs_omission
Amanita__5013992at2759__code1	6		6	F1004511;F235537;F41956;F67723;F71933;F933333	unchanged_by_declared_fcs_omission
Amanita__5014007at2759__code1	7		7	F1004511;F235537;F41956;F67723;F71933;F87326;F933333	unchanged_by_declared_fcs_omission
Amanita__5015403at2759__code1	7		7	F1004511;F235537;F41956;F67723;F71933;F87326;F933333	unchanged_by_declared_fcs_omission
Amanita__5015647at2759__code1	7		7	F1004511;F235537;F41956;F67723;F71933;F87326;F933333	unchanged_by_declared_fcs_omission
Amanita__5015712at2759__code1	6		6	F1004511;F235537;F41956;F67723;F71933;F87326	unchanged_by_declared_fcs_omission
Amanita__5015742at2759__code1	7		7	F1004511;F235537;F41956;F67723;F71933;F87326;F933333	unchanged_by_declared_fcs_omission
Amanita__5015876at2759__code1	7		7	F1004511;F235537;F41956;F67723;F71933;F87326;F933333	unchanged_by_declared_fcs_omission
Amanita__5017019at2759__code1	7		7	F1004511;F235537;F41956;F67723;F71933;F87326;F933333	unchanged_by_declared_fcs_omission
Amanita__5018803at2759__code1	6		6	F235537;F41956;F67723;F71933;F87326;F933333	unchanged_by_declared_fcs_omission
Amanita__529759at2759__code1	7		7	F1004511;F235537;F41956;F67723;F71933;F87326;F933333	unchanged_by_declared_fcs_omission
Amanita__530014at2759__code1	6		6	F235537;F41956;F67723;F71933;F87326;F933333	unchanged_by_declared_fcs_omission
Amanita__530740at2759__code1	7		7	F1004511;F235537;F41956;F67723;F71933;F87326;F933333	unchanged_by_declared_fcs_omission
Amanita__538728at2759__code1	5		5	F1004511;F235537;F41956;F67723;F933333	unchanged_by_declared_fcs_omission
Amanita__538952at2759__code1	7		7	F1004511;F235537;F41956;F67723;F71933;F87326;F933333	unchanged_by_declared_fcs_omission
Amanita__539632at2759__code1	6		6	F1004511;F235537;F41956;F67723;F87326;F933333	unchanged_by_declared_fcs_omission
Amanita__540946at2759__code1	6		6	F1004511;F235537;F41956;F67723;F71933;F933333	unchanged_by_declared_fcs_omission
Amanita__541070at2759__code1	6		6	F1004511;F235537;F41956;F67723;F87326;F933333	unchanged_by_declared_fcs_omission
Amanita__554735at2759__code1	7		7	F1004511;F235537;F41956;F67723;F71933;F87326;F933333	unchanged_by_declared_fcs_omission
Amanita__649304at2759__code1	7		7	F1004511;F235537;F41956;F67723;F71933;F87326;F933333	unchanged_by_declared_fcs_omission
Amanita__707076at2759__code1	7		7	F1004511;F235537;F41956;F67723;F71933;F87326;F933333	unchanged_by_declared_fcs_omission
Amanita__707202at2759__code1	7		7	F1004511;F235537;F41956;F67723;F71933;F87326;F933333	unchanged_by_declared_fcs_omission
Amanita__727964at2759__code1	6		6	F235537;F41956;F67723;F71933;F87326;F933333	unchanged_by_declared_fcs_omission
Amanita__730114at2759__code1	7		7	F1004511;F235537;F41956;F67723;F71933;F87326;F933333	unchanged_by_declared_fcs_omission
Amanita__760428at2759__code1	6		6	F1004511;F235537;F41956;F67723;F87326;F933333	unchanged_by_declared_fcs_omission
Amanita__776280at2759__code1	7		7	F1004511;F235537;F41956;F67723;F71933;F87326;F933333	unchanged_by_declared_fcs_omission
Amanita__801816at2759__code1	7		7	F1004511;F235537;F41956;F67723;F71933;F87326;F933333	unchanged_by_declared_fcs_omission
Aspergillus__115730at2759__code1	10		10	F1069201;F1220207;F162425;F1810926;F1810928;F182096;F41759;F5059;F5062;F746128	unchanged_by_declared_fcs_omission
Aspergillus__129234at2759__code1	10		10	F1069201;F1220207;F162425;F1810926;F1810928;F182096;F41759;F5059;F5062;F746128	unchanged_by_declared_fcs_omission
Aspergillus__160487at2759__code1	10		10	F1069201;F1220207;F162425;F1810926;F1810928;F182096;F41759;F5059;F5062;F746128	unchanged_by_declared_fcs_omission
Aspergillus__201273at2759__code1	10		10	F1069201;F1220207;F162425;F1810926;F1810928;F182096;F41759;F5059;F5062;F746128	unchanged_by_declared_fcs_omission
Aspergillus__207567at2759__code1	9		9	F1220207;F162425;F1810926;F1810928;F182096;F41759;F5059;F5062;F746128	unchanged_by_declared_fcs_omission
Aspergillus__260326at2759__code1	10		10	F1069201;F1220207;F162425;F1810926;F1810928;F182096;F41759;F5059;F5062;F746128	unchanged_by_declared_fcs_omission
Aspergillus__2852757at2759__code1	10		10	F1069201;F1220207;F162425;F1810926;F1810928;F182096;F41759;F5059;F5062;F746128	unchanged_by_declared_fcs_omission
Aspergillus__288615at2759__code1	10		10	F1069201;F1220207;F162425;F1810926;F1810928;F182096;F41759;F5059;F5062;F746128	unchanged_by_declared_fcs_omission
Aspergillus__319730at2759__code1	10		10	F1069201;F1220207;F162425;F1810926;F1810928;F182096;F41759;F5059;F5062;F746128	unchanged_by_declared_fcs_omission
Aspergillus__340246at2759__code1	10		10	F1069201;F1220207;F162425;F1810926;F1810928;F182096;F41759;F5059;F5062;F746128	unchanged_by_declared_fcs_omission
Aspergillus__345792at2759__code1	10		10	F1069201;F1220207;F162425;F1810926;F1810928;F182096;F41759;F5059;F5062;F746128	unchanged_by_declared_fcs_omission
Aspergillus__352891at2759__code1	10		10	F1069201;F1220207;F162425;F1810926;F1810928;F182096;F41759;F5059;F5062;F746128	unchanged_by_declared_fcs_omission
Aspergillus__3643464at2759__code1	10		10	F1069201;F1220207;F162425;F1810926;F1810928;F182096;F41759;F5059;F5062;F746128	unchanged_by_declared_fcs_omission
Aspergillus__4613677at2759__code1	9		9	F1069201;F1220207;F162425;F1810926;F1810928;F182096;F41759;F5059;F746128	unchanged_by_declared_fcs_omission
Aspergillus__4695236at2759__code1	9		9	F1069201;F1220207;F162425;F1810928;F182096;F41759;F5059;F5062;F746128	unchanged_by_declared_fcs_omission
Aspergillus__4747214at2759__code1	9		9	F1069201;F1220207;F162425;F1810926;F1810928;F182096;F41759;F5059;F746128	unchanged_by_declared_fcs_omission
Aspergillus__4764044at2759__code1	10		10	F1069201;F1220207;F162425;F1810926;F1810928;F182096;F41759;F5059;F5062;F746128	unchanged_by_declared_fcs_omission
Aspergillus__4803900at2759__code1	10		10	F1069201;F1220207;F162425;F1810926;F1810928;F182096;F41759;F5059;F5062;F746128	unchanged_by_declared_fcs_omission
Aspergillus__4810093at2759__code1	8		8	F1069201;F1220207;F162425;F1810928;F41759;F5059;F5062;F746128	unchanged_by_declared_fcs_omission
Aspergillus__4813267at2759__code1	10		10	F1069201;F1220207;F162425;F1810926;F1810928;F182096;F41759;F5059;F5062;F746128	unchanged_by_declared_fcs_omission
Aspergillus__4823929at2759__code1	10		10	F1069201;F1220207;F162425;F1810926;F1810928;F182096;F41759;F5059;F5062;F746128	unchanged_by_declared_fcs_omission
Aspergillus__4837017at2759__code1	10		10	F1069201;F1220207;F162425;F1810926;F1810928;F182096;F41759;F5059;F5062;F746128	unchanged_by_declared_fcs_omission
Aspergillus__4838864at2759__code1	10		10	F1069201;F1220207;F162425;F1810926;F1810928;F182096;F41759;F5059;F5062;F746128	unchanged_by_declared_fcs_omission
Aspergillus__4843240at2759__code1	10		10	F1069201;F1220207;F162425;F1810926;F1810928;F182096;F41759;F5059;F5062;F746128	unchanged_by_declared_fcs_omission
Aspergillus__4843824at2759__code1	10		10	F1069201;F1220207;F162425;F1810926;F1810928;F182096;F41759;F5059;F5062;F746128	unchanged_by_declared_fcs_omission
Aspergillus__4867008at2759__code1	10		10	F1069201;F1220207;F162425;F1810926;F1810928;F182096;F41759;F5059;F5062;F746128	unchanged_by_declared_fcs_omission
Aspergillus__4888252at2759__code1	10		10	F1069201;F1220207;F162425;F1810926;F1810928;F182096;F41759;F5059;F5062;F746128	unchanged_by_declared_fcs_omission
Aspergillus__4896098at2759__code1	10		10	F1069201;F1220207;F162425;F1810926;F1810928;F182096;F41759;F5059;F5062;F746128	unchanged_by_declared_fcs_omission
Aspergillus__4900375at2759__code1	10		10	F1069201;F1220207;F162425;F1810926;F1810928;F182096;F41759;F5059;F5062;F746128	unchanged_by_declared_fcs_omission
Aspergillus__4908955at2759__code1	10		10	F1069201;F1220207;F162425;F1810926;F1810928;F182096;F41759;F5059;F5062;F746128	unchanged_by_declared_fcs_omission
Aspergillus__4911644at2759__code1	10		10	F1069201;F1220207;F162425;F1810926;F1810928;F182096;F41759;F5059;F5062;F746128	unchanged_by_declared_fcs_omission
Aspergillus__4940884at2759__code1	10		10	F1069201;F1220207;F162425;F1810926;F1810928;F182096;F41759;F5059;F5062;F746128	unchanged_by_declared_fcs_omission
Aspergillus__4969018at2759__code1	10		10	F1069201;F1220207;F162425;F1810926;F1810928;F182096;F41759;F5059;F5062;F746128	unchanged_by_declared_fcs_omission
Aspergillus__4969636at2759__code1	9		9	F1069201;F1220207;F1810926;F1810928;F182096;F41759;F5059;F5062;F746128	unchanged_by_declared_fcs_omission
Aspergillus__4969990at2759__code1	10		10	F1069201;F1220207;F162425;F1810926;F1810928;F182096;F41759;F5059;F5062;F746128	unchanged_by_declared_fcs_omission
Aspergillus__4970387at2759__code1	9		9	F1069201;F1220207;F162425;F1810926;F1810928;F182096;F41759;F5059;F746128	unchanged_by_declared_fcs_omission
Aspergillus__4970538at2759__code1	10		10	F1069201;F1220207;F162425;F1810926;F1810928;F182096;F41759;F5059;F5062;F746128	unchanged_by_declared_fcs_omission
Aspergillus__4971272at2759__code1	10		10	F1069201;F1220207;F162425;F1810926;F1810928;F182096;F41759;F5059;F5062;F746128	unchanged_by_declared_fcs_omission
Aspergillus__4974767at2759__code1	10		10	F1069201;F1220207;F162425;F1810926;F1810928;F182096;F41759;F5059;F5062;F746128	unchanged_by_declared_fcs_omission
Aspergillus__4975094at2759__code1	10		10	F1069201;F1220207;F162425;F1810926;F1810928;F182096;F41759;F5059;F5062;F746128	unchanged_by_declared_fcs_omission
Aspergillus__4976279at2759__code1	10		10	F1069201;F1220207;F162425;F1810926;F1810928;F182096;F41759;F5059;F5062;F746128	unchanged_by_declared_fcs_omission
Aspergillus__4977163at2759__code1	10		10	F1069201;F1220207;F162425;F1810926;F1810928;F182096;F41759;F5059;F5062;F746128	unchanged_by_declared_fcs_omission
Aspergillus__4977863at2759__code1	9		9	F1069201;F1220207;F162425;F1810926;F1810928;F41759;F5059;F5062;F746128	unchanged_by_declared_fcs_omission
Aspergillus__4983000at2759__code1	9		9	F1069201;F1220207;F162425;F1810926;F1810928;F182096;F41759;F5059;F746128	unchanged_by_declared_fcs_omission
Aspergillus__4985971at2759__code1	10		10	F1069201;F1220207;F162425;F1810926;F1810928;F182096;F41759;F5059;F5062;F746128	unchanged_by_declared_fcs_omission
Aspergillus__4986044at2759__code1	10		10	F1069201;F1220207;F162425;F1810926;F1810928;F182096;F41759;F5059;F5062;F746128	unchanged_by_declared_fcs_omission
Aspergillus__4987397at2759__code1	9		9	F1069201;F1220207;F1810926;F1810928;F182096;F41759;F5059;F5062;F746128	unchanged_by_declared_fcs_omission
Aspergillus__4988239at2759__code1	10		10	F1069201;F1220207;F162425;F1810926;F1810928;F182096;F41759;F5059;F5062;F746128	unchanged_by_declared_fcs_omission
Aspergillus__4999134at2759__code1	10		10	F1069201;F1220207;F162425;F1810926;F1810928;F182096;F41759;F5059;F5062;F746128	unchanged_by_declared_fcs_omission
Aspergillus__5000045at2759__code1	10		10	F1069201;F1220207;F162425;F1810926;F1810928;F182096;F41759;F5059;F5062;F746128	unchanged_by_declared_fcs_omission
Aspergillus__5000152at2759__code1	10		10	F1069201;F1220207;F162425;F1810926;F1810928;F182096;F41759;F5059;F5062;F746128	unchanged_by_declared_fcs_omission
Aspergillus__5000362at2759__code1	10		10	F1069201;F1220207;F162425;F1810926;F1810928;F182096;F41759;F5059;F5062;F746128	unchanged_by_declared_fcs_omission
Aspergillus__5000371at2759__code1	10		10	F1069201;F1220207;F162425;F1810926;F1810928;F182096;F41759;F5059;F5062;F746128	unchanged_by_declared_fcs_omission
Aspergillus__5000452at2759__code1	9		9	F1069201;F1220207;F162425;F1810926;F1810928;F182096;F41759;F5059;F746128	unchanged_by_declared_fcs_omission
Aspergillus__5000476at2759__code1	10		10	F1069201;F1220207;F162425;F1810926;F1810928;F182096;F41759;F5059;F5062;F746128	unchanged_by_declared_fcs_omission
Aspergillus__5000743at2759__code1	10		10	F1069201;F1220207;F162425;F1810926;F1810928;F182096;F41759;F5059;F5062;F746128	unchanged_by_declared_fcs_omission
Aspergillus__5000823at2759__code1	10		10	F1069201;F1220207;F162425;F1810926;F1810928;F182096;F41759;F5059;F5062;F746128	unchanged_by_declared_fcs_omission
Aspergillus__5000870at2759__code1	10		10	F1069201;F1220207;F162425;F1810926;F1810928;F182096;F41759;F5059;F5062;F746128	unchanged_by_declared_fcs_omission
Aspergillus__5000986at2759__code1	10		10	F1069201;F1220207;F162425;F1810926;F1810928;F182096;F41759;F5059;F5062;F746128	unchanged_by_declared_fcs_omission
Aspergillus__5001156at2759__code1	10		10	F1069201;F1220207;F162425;F1810926;F1810928;F182096;F41759;F5059;F5062;F746128	unchanged_by_declared_fcs_omission
Aspergillus__5001273at2759__code1	10		10	F1069201;F1220207;F162425;F1810926;F1810928;F182096;F41759;F5059;F5062;F746128	unchanged_by_declared_fcs_omission
Aspergillus__5001280at2759__code1	10		10	F1069201;F1220207;F162425;F1810926;F1810928;F182096;F41759;F5059;F5062;F746128	unchanged_by_declared_fcs_omission
Aspergillus__5001318at2759__code1	10		10	F1069201;F1220207;F162425;F1810926;F1810928;F182096;F41759;F5059;F5062;F746128	unchanged_by_declared_fcs_omission
Aspergillus__5001413at2759__code1	10		10	F1069201;F1220207;F162425;F1810926;F1810928;F182096;F41759;F5059;F5062;F746128	unchanged_by_declared_fcs_omission
Aspergillus__5001473at2759__code1	9		9	F1069201;F1220207;F162425;F1810926;F1810928;F182096;F41759;F5059;F746128	unchanged_by_declared_fcs_omission
Aspergillus__5001660at2759__code1	10		10	F1069201;F1220207;F162425;F1810926;F1810928;F182096;F41759;F5059;F5062;F746128	unchanged_by_declared_fcs_omission
Aspergillus__5001734at2759__code1	10		10	F1069201;F1220207;F162425;F1810926;F1810928;F182096;F41759;F5059;F5062;F746128	unchanged_by_declared_fcs_omission
Aspergillus__5001941at2759__code1	10		10	F1069201;F1220207;F162425;F1810926;F1810928;F182096;F41759;F5059;F5062;F746128	unchanged_by_declared_fcs_omission
Aspergillus__5002334at2759__code1	10		10	F1069201;F1220207;F162425;F1810926;F1810928;F182096;F41759;F5059;F5062;F746128	unchanged_by_declared_fcs_omission
Aspergillus__5002573at2759__code1	10		10	F1069201;F1220207;F162425;F1810926;F1810928;F182096;F41759;F5059;F5062;F746128	unchanged_by_declared_fcs_omission
Aspergillus__5003022at2759__code1	10		10	F1069201;F1220207;F162425;F1810926;F1810928;F182096;F41759;F5059;F5062;F746128	unchanged_by_declared_fcs_omission
Aspergillus__5003192at2759__code1	10		10	F1069201;F1220207;F162425;F1810926;F1810928;F182096;F41759;F5059;F5062;F746128	unchanged_by_declared_fcs_omission
Aspergillus__5003205at2759__code1	10		10	F1069201;F1220207;F162425;F1810926;F1810928;F182096;F41759;F5059;F5062;F746128	unchanged_by_declared_fcs_omission
Aspergillus__5003856at2759__code1	10		10	F1069201;F1220207;F162425;F1810926;F1810928;F182096;F41759;F5059;F5062;F746128	unchanged_by_declared_fcs_omission
Aspergillus__5003972at2759__code1	10		10	F1069201;F1220207;F162425;F1810926;F1810928;F182096;F41759;F5059;F5062;F746128	unchanged_by_declared_fcs_omission
Aspergillus__5004118at2759__code1	10		10	F1069201;F1220207;F162425;F1810926;F1810928;F182096;F41759;F5059;F5062;F746128	unchanged_by_declared_fcs_omission
Aspergillus__5004265at2759__code1	10		10	F1069201;F1220207;F162425;F1810926;F1810928;F182096;F41759;F5059;F5062;F746128	unchanged_by_declared_fcs_omission
Aspergillus__5004327at2759__code1	10		10	F1069201;F1220207;F162425;F1810926;F1810928;F182096;F41759;F5059;F5062;F746128	unchanged_by_declared_fcs_omission
Aspergillus__5004391at2759__code1	10		10	F1069201;F1220207;F162425;F1810926;F1810928;F182096;F41759;F5059;F5062;F746128	unchanged_by_declared_fcs_omission
Aspergillus__5004478at2759__code1	10		10	F1069201;F1220207;F162425;F1810926;F1810928;F182096;F41759;F5059;F5062;F746128	unchanged_by_declared_fcs_omission
Aspergillus__5004599at2759__code1	10		10	F1069201;F1220207;F162425;F1810926;F1810928;F182096;F41759;F5059;F5062;F746128	unchanged_by_declared_fcs_omission
Aspergillus__5005010at2759__code1	10		10	F1069201;F1220207;F162425;F1810926;F1810928;F182096;F41759;F5059;F5062;F746128	unchanged_by_declared_fcs_omission
Aspergillus__5005174at2759__code1	10		10	F1069201;F1220207;F162425;F1810926;F1810928;F182096;F41759;F5059;F5062;F746128	unchanged_by_declared_fcs_omission
Aspergillus__5005196at2759__code1	10		10	F1069201;F1220207;F162425;F1810926;F1810928;F182096;F41759;F5059;F5062;F746128	unchanged_by_declared_fcs_omission
Aspergillus__5005215at2759__code1	10		10	F1069201;F1220207;F162425;F1810926;F1810928;F182096;F41759;F5059;F5062;F746128	unchanged_by_declared_fcs_omission
Aspergillus__5005217at2759__code1	10		10	F1069201;F1220207;F162425;F1810926;F1810928;F182096;F41759;F5059;F5062;F746128	unchanged_by_declared_fcs_omission
Aspergillus__5005274at2759__code1	10		10	F1069201;F1220207;F162425;F1810926;F1810928;F182096;F41759;F5059;F5062;F746128	unchanged_by_declared_fcs_omission
Aspergillus__5005697at2759__code1	10		10	F1069201;F1220207;F162425;F1810926;F1810928;F182096;F41759;F5059;F5062;F746128	unchanged_by_declared_fcs_omission
Aspergillus__5005750at2759__code1	10		10	F1069201;F1220207;F162425;F1810926;F1810928;F182096;F41759;F5059;F5062;F746128	unchanged_by_declared_fcs_omission
Aspergillus__5005892at2759__code1	10		10	F1069201;F1220207;F162425;F1810926;F1810928;F182096;F41759;F5059;F5062;F746128	unchanged_by_declared_fcs_omission
Aspergillus__5006326at2759__code1	10		10	F1069201;F1220207;F162425;F1810926;F1810928;F182096;F41759;F5059;F5062;F746128	unchanged_by_declared_fcs_omission
Aspergillus__5006412at2759__code1	10		10	F1069201;F1220207;F162425;F1810926;F1810928;F182096;F41759;F5059;F5062;F746128	unchanged_by_declared_fcs_omission
Aspergillus__5011777at2759__code1	10		10	F1069201;F1220207;F162425;F1810926;F1810928;F182096;F41759;F5059;F5062;F746128	unchanged_by_declared_fcs_omission
Aspergillus__5013042at2759__code1	10		10	F1069201;F1220207;F162425;F1810926;F1810928;F182096;F41759;F5059;F5062;F746128	unchanged_by_declared_fcs_omission
Aspergillus__5013067at2759__code1	10		10	F1069201;F1220207;F162425;F1810926;F1810928;F182096;F41759;F5059;F5062;F746128	unchanged_by_declared_fcs_omission
Aspergillus__5013259at2759__code1	9		9	F1069201;F1220207;F162425;F1810926;F1810928;F182096;F41759;F5062;F746128	unchanged_by_declared_fcs_omission
Aspergillus__5013539at2759__code1	10		10	F1069201;F1220207;F162425;F1810926;F1810928;F182096;F41759;F5059;F5062;F746128	unchanged_by_declared_fcs_omission
Aspergillus__5013726at2759__code1	10		10	F1069201;F1220207;F162425;F1810926;F1810928;F182096;F41759;F5059;F5062;F746128	unchanged_by_declared_fcs_omission
Aspergillus__5013738at2759__code1	10		10	F1069201;F1220207;F162425;F1810926;F1810928;F182096;F41759;F5059;F5062;F746128	unchanged_by_declared_fcs_omission
Aspergillus__5013992at2759__code1	10		10	F1069201;F1220207;F162425;F1810926;F1810928;F182096;F41759;F5059;F5062;F746128	unchanged_by_declared_fcs_omission
Aspergillus__5014007at2759__code1	10		10	F1069201;F1220207;F162425;F1810926;F1810928;F182096;F41759;F5059;F5062;F746128	unchanged_by_declared_fcs_omission
Aspergillus__5015403at2759__code1	10		10	F1069201;F1220207;F162425;F1810926;F1810928;F182096;F41759;F5059;F5062;F746128	unchanged_by_declared_fcs_omission
Aspergillus__5015647at2759__code1	10		10	F1069201;F1220207;F162425;F1810926;F1810928;F182096;F41759;F5059;F5062;F746128	unchanged_by_declared_fcs_omission
Aspergillus__5015712at2759__code1	10		10	F1069201;F1220207;F162425;F1810926;F1810928;F182096;F41759;F5059;F5062;F746128	unchanged_by_declared_fcs_omission
Aspergillus__5015742at2759__code1	10		10	F1069201;F1220207;F162425;F1810926;F1810928;F182096;F41759;F5059;F5062;F746128	unchanged_by_declared_fcs_omission
Aspergillus__5015876at2759__code1	10		10	F1069201;F1220207;F162425;F1810926;F1810928;F182096;F41759;F5059;F5062;F746128	unchanged_by_declared_fcs_omission
Aspergillus__5017019at2759__code1	10		10	F1069201;F1220207;F162425;F1810926;F1810928;F182096;F41759;F5059;F5062;F746128	unchanged_by_declared_fcs_omission
Aspergillus__5018803at2759__code1	10		10	F1069201;F1220207;F162425;F1810926;F1810928;F182096;F41759;F5059;F5062;F746128	unchanged_by_declared_fcs_omission
Aspergillus__529759at2759__code1	10		10	F1069201;F1220207;F162425;F1810926;F1810928;F182096;F41759;F5059;F5062;F746128	unchanged_by_declared_fcs_omission
Aspergillus__530014at2759__code1	10		10	F1069201;F1220207;F162425;F1810926;F1810928;F182096;F41759;F5059;F5062;F746128	unchanged_by_declared_fcs_omission
Aspergillus__530740at2759__code1	10		10	F1069201;F1220207;F162425;F1810926;F1810928;F182096;F41759;F5059;F5062;F746128	unchanged_by_declared_fcs_omission
Aspergillus__538728at2759__code1	10		10	F1069201;F1220207;F162425;F1810926;F1810928;F182096;F41759;F5059;F5062;F746128	unchanged_by_declared_fcs_omission
Aspergillus__538952at2759__code1	10		10	F1069201;F1220207;F162425;F1810926;F1810928;F182096;F41759;F5059;F5062;F746128	unchanged_by_declared_fcs_omission
Aspergillus__539632at2759__code1	10		10	F1069201;F1220207;F162425;F1810926;F1810928;F182096;F41759;F5059;F5062;F746128	unchanged_by_declared_fcs_omission
Aspergillus__540946at2759__code1	10		10	F1069201;F1220207;F162425;F1810926;F1810928;F182096;F41759;F5059;F5062;F746128	unchanged_by_declared_fcs_omission
Aspergillus__541070at2759__code1	9		9	F1069201;F1220207;F162425;F1810926;F1810928;F182096;F41759;F5059;F746128	unchanged_by_declared_fcs_omission
Aspergillus__554735at2759__code1	10		10	F1069201;F1220207;F162425;F1810926;F1810928;F182096;F41759;F5059;F5062;F746128	unchanged_by_declared_fcs_omission
Aspergillus__649304at2759__code1	10		10	F1069201;F1220207;F162425;F1810926;F1810928;F182096;F41759;F5059;F5062;F746128	unchanged_by_declared_fcs_omission
Aspergillus__707076at2759__code1	10		10	F1069201;F1220207;F162425;F1810926;F1810928;F182096;F41759;F5059;F5062;F746128	unchanged_by_declared_fcs_omission
Aspergillus__707202at2759__code1	10		10	F1069201;F1220207;F162425;F1810926;F1810928;F182096;F41759;F5059;F5062;F746128	unchanged_by_declared_fcs_omission
Aspergillus__727964at2759__code1	10		10	F1069201;F1220207;F162425;F1810926;F1810928;F182096;F41759;F5059;F5062;F746128	unchanged_by_declared_fcs_omission
Aspergillus__730114at2759__code1	10		10	F1069201;F1220207;F162425;F1810926;F1810928;F182096;F41759;F5059;F5062;F746128	unchanged_by_declared_fcs_omission
Aspergillus__760428at2759__code1	10		10	F1069201;F1220207;F162425;F1810926;F1810928;F182096;F41759;F5059;F5062;F746128	unchanged_by_declared_fcs_omission
Aspergillus__776280at2759__code1	10		10	F1069201;F1220207;F162425;F1810926;F1810928;F182096;F41759;F5059;F5062;F746128	unchanged_by_declared_fcs_omission
Aspergillus__801816at2759__code1	10		10	F1069201;F1220207;F162425;F1810926;F1810928;F182096;F41759;F5059;F5062;F746128	unchanged_by_declared_fcs_omission
Candida__115730at2759__code12	4		4	F42374;F5476;F5479;F5482	unchanged_by_declared_fcs_omission
Candida__160487at2759__code12	4		4	F42374;F5476;F5479;F5482	unchanged_by_declared_fcs_omission
Candida__207567at2759__code12	4		4	F42374;F5476;F5479;F5482	unchanged_by_declared_fcs_omission
Candida__260326at2759__code12	4		4	F42374;F5476;F5479;F5482	unchanged_by_declared_fcs_omission
Candida__2852757at2759__code12	4		4	F42374;F5476;F5479;F5482	unchanged_by_declared_fcs_omission
Candida__288615at2759__code12	4		4	F42374;F5476;F5479;F5482	unchanged_by_declared_fcs_omission
Candida__319730at2759__code12	4		4	F42374;F5476;F5479;F5482	unchanged_by_declared_fcs_omission
Candida__345792at2759__code12	4		4	F42374;F5476;F5479;F5482	unchanged_by_declared_fcs_omission
Candida__4613677at2759__code12	4		4	F42374;F5476;F5479;F5482	unchanged_by_declared_fcs_omission
Candida__4695236at2759__code12	4		4	F42374;F5476;F5479;F5482	unchanged_by_declared_fcs_omission
Candida__4747214at2759__code12	4		4	F42374;F5476;F5479;F5482	unchanged_by_declared_fcs_omission
Candida__4764044at2759__code12	4		4	F42374;F5476;F5479;F5482	unchanged_by_declared_fcs_omission
Candida__4810093at2759__code12	4		4	F42374;F5476;F5479;F5482	unchanged_by_declared_fcs_omission
Candida__4823929at2759__code12	4		4	F42374;F5476;F5479;F5482	unchanged_by_declared_fcs_omission
Candida__4837017at2759__code12	4		4	F42374;F5476;F5479;F5482	unchanged_by_declared_fcs_omission
Candida__4838864at2759__code12	4		4	F42374;F5476;F5479;F5482	unchanged_by_declared_fcs_omission
Candida__4843240at2759__code12	4		4	F42374;F5476;F5479;F5482	unchanged_by_declared_fcs_omission
Candida__4843824at2759__code12	4		4	F42374;F5476;F5479;F5482	unchanged_by_declared_fcs_omission
Candida__4867008at2759__code12	4		4	F42374;F5476;F5479;F5482	unchanged_by_declared_fcs_omission
Candida__4888252at2759__code12	4		4	F42374;F5476;F5479;F5482	unchanged_by_declared_fcs_omission
Candida__4896098at2759__code12	4		4	F42374;F5476;F5479;F5482	unchanged_by_declared_fcs_omission
Candida__4900375at2759__code12	4		4	F42374;F5476;F5479;F5482	unchanged_by_declared_fcs_omission
Candida__4908955at2759__code12	4		4	F42374;F5476;F5479;F5482	unchanged_by_declared_fcs_omission
Candida__4911644at2759__code12	4		4	F42374;F5476;F5479;F5482	unchanged_by_declared_fcs_omission
Candida__4969018at2759__code12	4		4	F42374;F5476;F5479;F5482	unchanged_by_declared_fcs_omission
Candida__4969990at2759__code12	4		4	F42374;F5476;F5479;F5482	unchanged_by_declared_fcs_omission
Candida__4970387at2759__code12	4		4	F42374;F5476;F5479;F5482	unchanged_by_declared_fcs_omission
Candida__4970538at2759__code12	4		4	F42374;F5476;F5479;F5482	unchanged_by_declared_fcs_omission
Candida__4971272at2759__code12	4		4	F42374;F5476;F5479;F5482	unchanged_by_declared_fcs_omission
Candida__4974767at2759__code12	4		4	F42374;F5476;F5479;F5482	unchanged_by_declared_fcs_omission
Candida__4975094at2759__code12	4		4	F42374;F5476;F5479;F5482	unchanged_by_declared_fcs_omission
Candida__4976279at2759__code12	4		4	F42374;F5476;F5479;F5482	unchanged_by_declared_fcs_omission
Candida__4977163at2759__code12	4		4	F42374;F5476;F5479;F5482	unchanged_by_declared_fcs_omission
Candida__4977863at2759__code12	4		4	F42374;F5476;F5479;F5482	unchanged_by_declared_fcs_omission
Candida__4983000at2759__code12	4		4	F42374;F5476;F5479;F5482	unchanged_by_declared_fcs_omission
Candida__4985971at2759__code12	4		4	F42374;F5476;F5479;F5482	unchanged_by_declared_fcs_omission
Candida__4986044at2759__code12	4		4	F42374;F5476;F5479;F5482	unchanged_by_declared_fcs_omission
Candida__4987397at2759__code12	4		4	F42374;F5476;F5479;F5482	unchanged_by_declared_fcs_omission
Candida__4988239at2759__code12	4		4	F42374;F5476;F5479;F5482	unchanged_by_declared_fcs_omission
Candida__4999134at2759__code12	4		4	F42374;F5476;F5479;F5482	unchanged_by_declared_fcs_omission
Candida__5000045at2759__code12	4		4	F42374;F5476;F5479;F5482	unchanged_by_declared_fcs_omission
Candida__5000152at2759__code12	4		4	F42374;F5476;F5479;F5482	unchanged_by_declared_fcs_omission
Candida__5000362at2759__code12	4		4	F42374;F5476;F5479;F5482	unchanged_by_declared_fcs_omission
Candida__5000371at2759__code12	4		4	F42374;F5476;F5479;F5482	unchanged_by_declared_fcs_omission
Candida__5000476at2759__code12	4		4	F42374;F5476;F5479;F5482	unchanged_by_declared_fcs_omission
Candida__5000743at2759__code12	4		4	F42374;F5476;F5479;F5482	unchanged_by_declared_fcs_omission
Candida__5000823at2759__code12	4		4	F42374;F5476;F5479;F5482	unchanged_by_declared_fcs_omission
Candida__5000986at2759__code12	4		4	F42374;F5476;F5479;F5482	unchanged_by_declared_fcs_omission
Candida__5001156at2759__code12	4		4	F42374;F5476;F5479;F5482	unchanged_by_declared_fcs_omission
Candida__5001273at2759__code12	4		4	F42374;F5476;F5479;F5482	unchanged_by_declared_fcs_omission
Candida__5001280at2759__code12	4		4	F42374;F5476;F5479;F5482	unchanged_by_declared_fcs_omission
Candida__5001473at2759__code12	4		4	F42374;F5476;F5479;F5482	unchanged_by_declared_fcs_omission
Candida__5001660at2759__code12	4		4	F42374;F5476;F5479;F5482	unchanged_by_declared_fcs_omission
Candida__5002334at2759__code12	4		4	F42374;F5476;F5479;F5482	unchanged_by_declared_fcs_omission
Candida__5002573at2759__code12	4		4	F42374;F5476;F5479;F5482	unchanged_by_declared_fcs_omission
Candida__5003205at2759__code12	4		4	F42374;F5476;F5479;F5482	unchanged_by_declared_fcs_omission
Candida__5003856at2759__code12	4		4	F42374;F5476;F5479;F5482	unchanged_by_declared_fcs_omission
Candida__5003972at2759__code12	4		4	F42374;F5476;F5479;F5482	unchanged_by_declared_fcs_omission
Candida__5004118at2759__code12	4		4	F42374;F5476;F5479;F5482	unchanged_by_declared_fcs_omission
Candida__5004265at2759__code12	4		4	F42374;F5476;F5479;F5482	unchanged_by_declared_fcs_omission
Candida__5004327at2759__code12	4		4	F42374;F5476;F5479;F5482	unchanged_by_declared_fcs_omission
Candida__5004391at2759__code12	4		4	F42374;F5476;F5479;F5482	unchanged_by_declared_fcs_omission
Candida__5004599at2759__code12	4		4	F42374;F5476;F5479;F5482	unchanged_by_declared_fcs_omission
Candida__5005010at2759__code12	4		4	F42374;F5476;F5479;F5482	unchanged_by_declared_fcs_omission
Candida__5005174at2759__code12	4		4	F42374;F5476;F5479;F5482	unchanged_by_declared_fcs_omission
Candida__5005215at2759__code12	4		4	F42374;F5476;F5479;F5482	unchanged_by_declared_fcs_omission
Candida__5005274at2759__code12	4		4	F42374;F5476;F5479;F5482	unchanged_by_declared_fcs_omission
Candida__5005697at2759__code12	4		4	F42374;F5476;F5479;F5482	unchanged_by_declared_fcs_omission
Candida__5005750at2759__code12	4		4	F42374;F5476;F5479;F5482	unchanged_by_declared_fcs_omission
Candida__5005892at2759__code12	4		4	F42374;F5476;F5479;F5482	unchanged_by_declared_fcs_omission
Candida__5006326at2759__code12	4		4	F42374;F5476;F5479;F5482	unchanged_by_declared_fcs_omission
Candida__5011777at2759__code12	4		4	F42374;F5476;F5479;F5482	unchanged_by_declared_fcs_omission
Candida__5013067at2759__code12	4		4	F42374;F5476;F5479;F5482	unchanged_by_declared_fcs_omission
Candida__5013259at2759__code12	4		4	F42374;F5476;F5479;F5482	unchanged_by_declared_fcs_omission
Candida__5013539at2759__code12	4		4	F42374;F5476;F5479;F5482	unchanged_by_declared_fcs_omission
Candida__5013726at2759__code12	4		4	F42374;F5476;F5479;F5482	unchanged_by_declared_fcs_omission
Candida__5014007at2759__code12	4		4	F42374;F5476;F5479;F5482	unchanged_by_declared_fcs_omission
Candida__5015403at2759__code12	4		4	F42374;F5476;F5479;F5482	unchanged_by_declared_fcs_omission
Candida__5015647at2759__code12	4		4	F42374;F5476;F5479;F5482	unchanged_by_declared_fcs_omission
Candida__5015712at2759__code12	4		4	F42374;F5476;F5479;F5482	unchanged_by_declared_fcs_omission
Candida__5015742at2759__code12	4		4	F42374;F5476;F5479;F5482	unchanged_by_declared_fcs_omission
Candida__5015876at2759__code12	4		4	F42374;F5476;F5479;F5482	unchanged_by_declared_fcs_omission
Candida__5017019at2759__code12	4		4	F42374;F5476;F5479;F5482	unchanged_by_declared_fcs_omission
Candida__5018803at2759__code12	4		4	F42374;F5476;F5479;F5482	unchanged_by_declared_fcs_omission
Candida__529759at2759__code12	4		4	F42374;F5476;F5479;F5482	unchanged_by_declared_fcs_omission
Candida__530014at2759__code12	4		4	F42374;F5476;F5479;F5482	unchanged_by_declared_fcs_omission
Candida__538728at2759__code12	4		4	F42374;F5476;F5479;F5482	unchanged_by_declared_fcs_omission
Candida__538952at2759__code12	4		4	F42374;F5476;F5479;F5482	unchanged_by_declared_fcs_omission
Candida__539632at2759__code12	4		4	F42374;F5476;F5479;F5482	unchanged_by_declared_fcs_omission
Candida__540946at2759__code12	4		4	F42374;F5476;F5479;F5482	unchanged_by_declared_fcs_omission
Candida__541070at2759__code12	4		4	F42374;F5476;F5479;F5482	unchanged_by_declared_fcs_omission
Candida__554735at2759__code12	4		4	F42374;F5476;F5479;F5482	unchanged_by_declared_fcs_omission
Candida__649304at2759__code12	4		4	F42374;F5476;F5479;F5482	unchanged_by_declared_fcs_omission
Candida__707076at2759__code12	4		4	F42374;F5476;F5479;F5482	unchanged_by_declared_fcs_omission
Candida__707202at2759__code12	4		4	F42374;F5476;F5479;F5482	unchanged_by_declared_fcs_omission
Candida__727964at2759__code12	4		4	F42374;F5476;F5479;F5482	unchanged_by_declared_fcs_omission
Candida__730114at2759__code12	4		4	F42374;F5476;F5479;F5482	unchanged_by_declared_fcs_omission
Candida__776280at2759__code12	4		4	F42374;F5476;F5479;F5482	unchanged_by_declared_fcs_omission
Candida__801816at2759__code12	4		4	F42374;F5476;F5479;F5482	unchanged_by_declared_fcs_omission
Colletotrichum__115730at2759__code1	10		10	F1095194;F1209916;F1209934;F145971;F1671311;F2283408;F34406;F474922;F710243;F80884	unchanged_by_declared_fcs_omission
Colletotrichum__129234at2759__code1	10		10	F1095194;F1209916;F1209934;F145971;F1671311;F2283408;F34406;F474922;F710243;F80884	unchanged_by_declared_fcs_omission
Colletotrichum__160487at2759__code1	10		10	F1095194;F1209916;F1209934;F145971;F1671311;F2283408;F34406;F474922;F710243;F80884	unchanged_by_declared_fcs_omission
Colletotrichum__201273at2759__code1	8		8	F1209916;F1209934;F145971;F1671311;F2283408;F34406;F710243;F80884	unchanged_by_declared_fcs_omission
Colletotrichum__207567at2759__code1	10		10	F1095194;F1209916;F1209934;F145971;F1671311;F2283408;F34406;F474922;F710243;F80884	unchanged_by_declared_fcs_omission
Colletotrichum__260326at2759__code1	10		10	F1095194;F1209916;F1209934;F145971;F1671311;F2283408;F34406;F474922;F710243;F80884	unchanged_by_declared_fcs_omission
Colletotrichum__2852757at2759__code1	9		9	F1095194;F1209916;F1209934;F145971;F1671311;F2283408;F34406;F710243;F80884	unchanged_by_declared_fcs_omission
Colletotrichum__288615at2759__code1	9		9	F1095194;F1209916;F1209934;F145971;F1671311;F2283408;F34406;F710243;F80884	unchanged_by_declared_fcs_omission
Colletotrichum__319730at2759__code1	9		9	F1095194;F1209916;F1209934;F145971;F1671311;F2283408;F34406;F710243;F80884	unchanged_by_declared_fcs_omission
Colletotrichum__340246at2759__code1	10		10	F1095194;F1209916;F1209934;F145971;F1671311;F2283408;F34406;F474922;F710243;F80884	unchanged_by_declared_fcs_omission
Colletotrichum__345792at2759__code1	10		10	F1095194;F1209916;F1209934;F145971;F1671311;F2283408;F34406;F474922;F710243;F80884	unchanged_by_declared_fcs_omission
Colletotrichum__352891at2759__code1	8		8	F1209916;F1209934;F1671311;F2283408;F34406;F474922;F710243;F80884	unchanged_by_declared_fcs_omission
Colletotrichum__3643464at2759__code1	10		10	F1095194;F1209916;F1209934;F145971;F1671311;F2283408;F34406;F474922;F710243;F80884	unchanged_by_declared_fcs_omission
Colletotrichum__4613677at2759__code1	10		10	F1095194;F1209916;F1209934;F145971;F1671311;F2283408;F34406;F474922;F710243;F80884	unchanged_by_declared_fcs_omission
Colletotrichum__4695236at2759__code1	10		10	F1095194;F1209916;F1209934;F145971;F1671311;F2283408;F34406;F474922;F710243;F80884	unchanged_by_declared_fcs_omission
Colletotrichum__4747214at2759__code1	9		9	F1209916;F1209934;F145971;F1671311;F2283408;F34406;F474922;F710243;F80884	unchanged_by_declared_fcs_omission
Colletotrichum__4764044at2759__code1	9		9	F1209916;F1209934;F145971;F1671311;F2283408;F34406;F474922;F710243;F80884	unchanged_by_declared_fcs_omission
Colletotrichum__4810093at2759__code1	8		8	F1095194;F1209916;F1209934;F145971;F1671311;F474922;F710243;F80884	unchanged_by_declared_fcs_omission
Colletotrichum__4813267at2759__code1	10		10	F1095194;F1209916;F1209934;F145971;F1671311;F2283408;F34406;F474922;F710243;F80884	unchanged_by_declared_fcs_omission
Colletotrichum__4823929at2759__code1	10		10	F1095194;F1209916;F1209934;F145971;F1671311;F2283408;F34406;F474922;F710243;F80884	unchanged_by_declared_fcs_omission
Colletotrichum__4837017at2759__code1	10		10	F1095194;F1209916;F1209934;F145971;F1671311;F2283408;F34406;F474922;F710243;F80884	unchanged_by_declared_fcs_omission
Colletotrichum__4838864at2759__code1	9		9	F1095194;F1209916;F1209934;F145971;F1671311;F2283408;F34406;F710243;F80884	unchanged_by_declared_fcs_omission
Colletotrichum__4843240at2759__code1	10		10	F1095194;F1209916;F1209934;F145971;F1671311;F2283408;F34406;F474922;F710243;F80884	unchanged_by_declared_fcs_omission
Colletotrichum__4843824at2759__code1	9		9	F1209916;F1209934;F145971;F1671311;F2283408;F34406;F474922;F710243;F80884	unchanged_by_declared_fcs_omission
Colletotrichum__4867008at2759__code1	10		10	F1095194;F1209916;F1209934;F145971;F1671311;F2283408;F34406;F474922;F710243;F80884	unchanged_by_declared_fcs_omission
Colletotrichum__4888252at2759__code1	10		10	F1095194;F1209916;F1209934;F145971;F1671311;F2283408;F34406;F474922;F710243;F80884	unchanged_by_declared_fcs_omission
Colletotrichum__4896098at2759__code1	9		9	F1095194;F1209916;F1209934;F145971;F1671311;F2283408;F34406;F474922;F80884	unchanged_by_declared_fcs_omission
Colletotrichum__4900375at2759__code1	10		10	F1095194;F1209916;F1209934;F145971;F1671311;F2283408;F34406;F474922;F710243;F80884	unchanged_by_declared_fcs_omission
Colletotrichum__4908955at2759__code1	10		10	F1095194;F1209916;F1209934;F145971;F1671311;F2283408;F34406;F474922;F710243;F80884	unchanged_by_declared_fcs_omission
Colletotrichum__4911644at2759__code1	10		10	F1095194;F1209916;F1209934;F145971;F1671311;F2283408;F34406;F474922;F710243;F80884	unchanged_by_declared_fcs_omission
Colletotrichum__4940884at2759__code1	10		10	F1095194;F1209916;F1209934;F145971;F1671311;F2283408;F34406;F474922;F710243;F80884	unchanged_by_declared_fcs_omission
Colletotrichum__4969018at2759__code1	10		10	F1095194;F1209916;F1209934;F145971;F1671311;F2283408;F34406;F474922;F710243;F80884	unchanged_by_declared_fcs_omission
Colletotrichum__4969636at2759__code1	10		10	F1095194;F1209916;F1209934;F145971;F1671311;F2283408;F34406;F474922;F710243;F80884	unchanged_by_declared_fcs_omission
Colletotrichum__4969990at2759__code1	10		10	F1095194;F1209916;F1209934;F145971;F1671311;F2283408;F34406;F474922;F710243;F80884	unchanged_by_declared_fcs_omission
Colletotrichum__4970387at2759__code1	9		9	F1095194;F1209916;F1209934;F145971;F1671311;F2283408;F34406;F474922;F80884	unchanged_by_declared_fcs_omission
Colletotrichum__4970538at2759__code1	10		10	F1095194;F1209916;F1209934;F145971;F1671311;F2283408;F34406;F474922;F710243;F80884	unchanged_by_declared_fcs_omission
Colletotrichum__4971272at2759__code1	10		10	F1095194;F1209916;F1209934;F145971;F1671311;F2283408;F34406;F474922;F710243;F80884	unchanged_by_declared_fcs_omission
Colletotrichum__4974767at2759__code1	9		9	F1095194;F1209916;F1209934;F145971;F1671311;F2283408;F34406;F710243;F80884	unchanged_by_declared_fcs_omission
Colletotrichum__4975094at2759__code1	8		8	F1095194;F1209934;F145971;F2283408;F34406;F474922;F710243;F80884	unchanged_by_declared_fcs_omission
Colletotrichum__4976279at2759__code1	10		10	F1095194;F1209916;F1209934;F145971;F1671311;F2283408;F34406;F474922;F710243;F80884	unchanged_by_declared_fcs_omission
Colletotrichum__4977163at2759__code1	10		10	F1095194;F1209916;F1209934;F145971;F1671311;F2283408;F34406;F474922;F710243;F80884	unchanged_by_declared_fcs_omission
Colletotrichum__4977863at2759__code1	10		10	F1095194;F1209916;F1209934;F145971;F1671311;F2283408;F34406;F474922;F710243;F80884	unchanged_by_declared_fcs_omission
Colletotrichum__4983000at2759__code1	10		10	F1095194;F1209916;F1209934;F145971;F1671311;F2283408;F34406;F474922;F710243;F80884	unchanged_by_declared_fcs_omission
Colletotrichum__4985971at2759__code1	10		10	F1095194;F1209916;F1209934;F145971;F1671311;F2283408;F34406;F474922;F710243;F80884	unchanged_by_declared_fcs_omission
Colletotrichum__4986044at2759__code1	10		10	F1095194;F1209916;F1209934;F145971;F1671311;F2283408;F34406;F474922;F710243;F80884	unchanged_by_declared_fcs_omission
Colletotrichum__4987397at2759__code1	9		9	F1095194;F1209916;F1209934;F145971;F1671311;F2283408;F34406;F710243;F80884	unchanged_by_declared_fcs_omission
Colletotrichum__4988239at2759__code1	9		9	F1209916;F1209934;F145971;F1671311;F2283408;F34406;F474922;F710243;F80884	unchanged_by_declared_fcs_omission
Colletotrichum__4999134at2759__code1	10		10	F1095194;F1209916;F1209934;F145971;F1671311;F2283408;F34406;F474922;F710243;F80884	unchanged_by_declared_fcs_omission
Colletotrichum__5000045at2759__code1	10		10	F1095194;F1209916;F1209934;F145971;F1671311;F2283408;F34406;F474922;F710243;F80884	unchanged_by_declared_fcs_omission
Colletotrichum__5000152at2759__code1	10		10	F1095194;F1209916;F1209934;F145971;F1671311;F2283408;F34406;F474922;F710243;F80884	unchanged_by_declared_fcs_omission
Colletotrichum__5000362at2759__code1	10		10	F1095194;F1209916;F1209934;F145971;F1671311;F2283408;F34406;F474922;F710243;F80884	unchanged_by_declared_fcs_omission
Colletotrichum__5000371at2759__code1	9		9	F1095194;F1209916;F1209934;F145971;F1671311;F2283408;F34406;F474922;F80884	unchanged_by_declared_fcs_omission
Colletotrichum__5000452at2759__code1	8		8	F1095194;F145971;F1671311;F2283408;F34406;F474922;F710243;F80884	unchanged_by_declared_fcs_omission
Colletotrichum__5000476at2759__code1	10		10	F1095194;F1209916;F1209934;F145971;F1671311;F2283408;F34406;F474922;F710243;F80884	unchanged_by_declared_fcs_omission
Colletotrichum__5000743at2759__code1	10		10	F1095194;F1209916;F1209934;F145971;F1671311;F2283408;F34406;F474922;F710243;F80884	unchanged_by_declared_fcs_omission
Colletotrichum__5000823at2759__code1	9		9	F1095194;F1209916;F1209934;F145971;F1671311;F2283408;F34406;F710243;F80884	unchanged_by_declared_fcs_omission
Colletotrichum__5000870at2759__code1	10		10	F1095194;F1209916;F1209934;F145971;F1671311;F2283408;F34406;F474922;F710243;F80884	unchanged_by_declared_fcs_omission
Colletotrichum__5000986at2759__code1	10		10	F1095194;F1209916;F1209934;F145971;F1671311;F2283408;F34406;F474922;F710243;F80884	unchanged_by_declared_fcs_omission
Colletotrichum__5001156at2759__code1	10		10	F1095194;F1209916;F1209934;F145971;F1671311;F2283408;F34406;F474922;F710243;F80884	unchanged_by_declared_fcs_omission
Colletotrichum__5001273at2759__code1	10		10	F1095194;F1209916;F1209934;F145971;F1671311;F2283408;F34406;F474922;F710243;F80884	unchanged_by_declared_fcs_omission
Colletotrichum__5001280at2759__code1	10		10	F1095194;F1209916;F1209934;F145971;F1671311;F2283408;F34406;F474922;F710243;F80884	unchanged_by_declared_fcs_omission
Colletotrichum__5001318at2759__code1	9		9	F1095194;F1209916;F1209934;F145971;F2283408;F34406;F474922;F710243;F80884	unchanged_by_declared_fcs_omission
Colletotrichum__5001413at2759__code1	9		9	F1095194;F1209916;F1209934;F145971;F1671311;F2283408;F34406;F710243;F80884	unchanged_by_declared_fcs_omission
Colletotrichum__5001473at2759__code1	10		10	F1095194;F1209916;F1209934;F145971;F1671311;F2283408;F34406;F474922;F710243;F80884	unchanged_by_declared_fcs_omission
Colletotrichum__5001660at2759__code1	9		9	F1209916;F1209934;F145971;F1671311;F2283408;F34406;F474922;F710243;F80884	unchanged_by_declared_fcs_omission
Colletotrichum__5001734at2759__code1	9		9	F1209916;F1209934;F145971;F1671311;F2283408;F34406;F474922;F710243;F80884	unchanged_by_declared_fcs_omission
Colletotrichum__5001941at2759__code1	10		10	F1095194;F1209916;F1209934;F145971;F1671311;F2283408;F34406;F474922;F710243;F80884	unchanged_by_declared_fcs_omission
Colletotrichum__5002334at2759__code1	9		9	F1095194;F1209916;F1209934;F145971;F1671311;F2283408;F34406;F474922;F710243	unchanged_by_declared_fcs_omission
Colletotrichum__5002573at2759__code1	10		10	F1095194;F1209916;F1209934;F145971;F1671311;F2283408;F34406;F474922;F710243;F80884	unchanged_by_declared_fcs_omission
Colletotrichum__5003022at2759__code1	10		10	F1095194;F1209916;F1209934;F145971;F1671311;F2283408;F34406;F474922;F710243;F80884	unchanged_by_declared_fcs_omission
Colletotrichum__5003192at2759__code1	10		10	F1095194;F1209916;F1209934;F145971;F1671311;F2283408;F34406;F474922;F710243;F80884	unchanged_by_declared_fcs_omission
Colletotrichum__5003205at2759__code1	10		10	F1095194;F1209916;F1209934;F145971;F1671311;F2283408;F34406;F474922;F710243;F80884	unchanged_by_declared_fcs_omission
Colletotrichum__5003856at2759__code1	10		10	F1095194;F1209916;F1209934;F145971;F1671311;F2283408;F34406;F474922;F710243;F80884	unchanged_by_declared_fcs_omission
Colletotrichum__5003972at2759__code1	10		10	F1095194;F1209916;F1209934;F145971;F1671311;F2283408;F34406;F474922;F710243;F80884	unchanged_by_declared_fcs_omission
Colletotrichum__5004118at2759__code1	10		10	F1095194;F1209916;F1209934;F145971;F1671311;F2283408;F34406;F474922;F710243;F80884	unchanged_by_declared_fcs_omission
Colletotrichum__5004265at2759__code1	9		9	F1209916;F1209934;F145971;F1671311;F2283408;F34406;F474922;F710243;F80884	unchanged_by_declared_fcs_omission
Colletotrichum__5004327at2759__code1	9		9	F1095194;F1209916;F1209934;F145971;F1671311;F2283408;F34406;F474922;F710243	unchanged_by_declared_fcs_omission
Colletotrichum__5004391at2759__code1	10		10	F1095194;F1209916;F1209934;F145971;F1671311;F2283408;F34406;F474922;F710243;F80884	unchanged_by_declared_fcs_omission
Colletotrichum__5004478at2759__code1	10		10	F1095194;F1209916;F1209934;F145971;F1671311;F2283408;F34406;F474922;F710243;F80884	unchanged_by_declared_fcs_omission
Colletotrichum__5004599at2759__code1	10		10	F1095194;F1209916;F1209934;F145971;F1671311;F2283408;F34406;F474922;F710243;F80884	unchanged_by_declared_fcs_omission
Colletotrichum__5005010at2759__code1	10		10	F1095194;F1209916;F1209934;F145971;F1671311;F2283408;F34406;F474922;F710243;F80884	unchanged_by_declared_fcs_omission
Colletotrichum__5005174at2759__code1	10		10	F1095194;F1209916;F1209934;F145971;F1671311;F2283408;F34406;F474922;F710243;F80884	unchanged_by_declared_fcs_omission
Colletotrichum__5005196at2759__code1	10		10	F1095194;F1209916;F1209934;F145971;F1671311;F2283408;F34406;F474922;F710243;F80884	unchanged_by_declared_fcs_omission
Colletotrichum__5005215at2759__code1	10		10	F1095194;F1209916;F1209934;F145971;F1671311;F2283408;F34406;F474922;F710243;F80884	unchanged_by_declared_fcs_omission
Colletotrichum__5005217at2759__code1	10		10	F1095194;F1209916;F1209934;F145971;F1671311;F2283408;F34406;F474922;F710243;F80884	unchanged_by_declared_fcs_omission
Colletotrichum__5005274at2759__code1	10		10	F1095194;F1209916;F1209934;F145971;F1671311;F2283408;F34406;F474922;F710243;F80884	unchanged_by_declared_fcs_omission
Colletotrichum__5005697at2759__code1	8		8	F1095194;F145971;F1671311;F2283408;F34406;F474922;F710243;F80884	unchanged_by_declared_fcs_omission
Colletotrichum__5005750at2759__code1	9		9	F1095194;F1209916;F1209934;F145971;F1671311;F2283408;F34406;F474922;F80884	unchanged_by_declared_fcs_omission
Colletotrichum__5005892at2759__code1	10		10	F1095194;F1209916;F1209934;F145971;F1671311;F2283408;F34406;F474922;F710243;F80884	unchanged_by_declared_fcs_omission
Colletotrichum__5006326at2759__code1	10		10	F1095194;F1209916;F1209934;F145971;F1671311;F2283408;F34406;F474922;F710243;F80884	unchanged_by_declared_fcs_omission
Colletotrichum__5006412at2759__code1	10		10	F1095194;F1209916;F1209934;F145971;F1671311;F2283408;F34406;F474922;F710243;F80884	unchanged_by_declared_fcs_omission
Colletotrichum__5011777at2759__code1	10		10	F1095194;F1209916;F1209934;F145971;F1671311;F2283408;F34406;F474922;F710243;F80884	unchanged_by_declared_fcs_omission
Colletotrichum__5013042at2759__code1	10		10	F1095194;F1209916;F1209934;F145971;F1671311;F2283408;F34406;F474922;F710243;F80884	unchanged_by_declared_fcs_omission
Colletotrichum__5013067at2759__code1	10		10	F1095194;F1209916;F1209934;F145971;F1671311;F2283408;F34406;F474922;F710243;F80884	unchanged_by_declared_fcs_omission
Colletotrichum__5013259at2759__code1	10		10	F1095194;F1209916;F1209934;F145971;F1671311;F2283408;F34406;F474922;F710243;F80884	unchanged_by_declared_fcs_omission
Colletotrichum__5013539at2759__code1	10		10	F1095194;F1209916;F1209934;F145971;F1671311;F2283408;F34406;F474922;F710243;F80884	unchanged_by_declared_fcs_omission
Colletotrichum__5013726at2759__code1	10		10	F1095194;F1209916;F1209934;F145971;F1671311;F2283408;F34406;F474922;F710243;F80884	unchanged_by_declared_fcs_omission
Colletotrichum__5013738at2759__code1	8		8	F1095194;F1209916;F145971;F2283408;F34406;F474922;F710243;F80884	unchanged_by_declared_fcs_omission
Colletotrichum__5013992at2759__code1	10		10	F1095194;F1209916;F1209934;F145971;F1671311;F2283408;F34406;F474922;F710243;F80884	unchanged_by_declared_fcs_omission
Colletotrichum__5014007at2759__code1	10		10	F1095194;F1209916;F1209934;F145971;F1671311;F2283408;F34406;F474922;F710243;F80884	unchanged_by_declared_fcs_omission
Colletotrichum__5015403at2759__code1	10		10	F1095194;F1209916;F1209934;F145971;F1671311;F2283408;F34406;F474922;F710243;F80884	unchanged_by_declared_fcs_omission
Colletotrichum__5015647at2759__code1	10		10	F1095194;F1209916;F1209934;F145971;F1671311;F2283408;F34406;F474922;F710243;F80884	unchanged_by_declared_fcs_omission
Colletotrichum__5015712at2759__code1	10		10	F1095194;F1209916;F1209934;F145971;F1671311;F2283408;F34406;F474922;F710243;F80884	unchanged_by_declared_fcs_omission
Colletotrichum__5015742at2759__code1	10		10	F1095194;F1209916;F1209934;F145971;F1671311;F2283408;F34406;F474922;F710243;F80884	unchanged_by_declared_fcs_omission
Colletotrichum__5015876at2759__code1	9		9	F1209916;F1209934;F145971;F1671311;F2283408;F34406;F474922;F710243;F80884	unchanged_by_declared_fcs_omission
Colletotrichum__5017019at2759__code1	10		10	F1095194;F1209916;F1209934;F145971;F1671311;F2283408;F34406;F474922;F710243;F80884	unchanged_by_declared_fcs_omission
Colletotrichum__5018803at2759__code1	10		10	F1095194;F1209916;F1209934;F145971;F1671311;F2283408;F34406;F474922;F710243;F80884	unchanged_by_declared_fcs_omission
Colletotrichum__529759at2759__code1	10		10	F1095194;F1209916;F1209934;F145971;F1671311;F2283408;F34406;F474922;F710243;F80884	unchanged_by_declared_fcs_omission
Colletotrichum__530014at2759__code1	9		9	F1209916;F1209934;F145971;F1671311;F2283408;F34406;F474922;F710243;F80884	unchanged_by_declared_fcs_omission
Colletotrichum__530740at2759__code1	10		10	F1095194;F1209916;F1209934;F145971;F1671311;F2283408;F34406;F474922;F710243;F80884	unchanged_by_declared_fcs_omission
Colletotrichum__538728at2759__code1	10		10	F1095194;F1209916;F1209934;F145971;F1671311;F2283408;F34406;F474922;F710243;F80884	unchanged_by_declared_fcs_omission
Colletotrichum__538952at2759__code1	10		10	F1095194;F1209916;F1209934;F145971;F1671311;F2283408;F34406;F474922;F710243;F80884	unchanged_by_declared_fcs_omission
Colletotrichum__539632at2759__code1	10		10	F1095194;F1209916;F1209934;F145971;F1671311;F2283408;F34406;F474922;F710243;F80884	unchanged_by_declared_fcs_omission
Colletotrichum__540946at2759__code1	10		10	F1095194;F1209916;F1209934;F145971;F1671311;F2283408;F34406;F474922;F710243;F80884	unchanged_by_declared_fcs_omission
Colletotrichum__541070at2759__code1	10		10	F1095194;F1209916;F1209934;F145971;F1671311;F2283408;F34406;F474922;F710243;F80884	unchanged_by_declared_fcs_omission
Colletotrichum__554735at2759__code1	10		10	F1095194;F1209916;F1209934;F145971;F1671311;F2283408;F34406;F474922;F710243;F80884	unchanged_by_declared_fcs_omission
Colletotrichum__649304at2759__code1	9		9	F1095194;F1209916;F1209934;F145971;F1671311;F2283408;F474922;F710243;F80884	unchanged_by_declared_fcs_omission
Colletotrichum__707076at2759__code1	9		9	F1209916;F1209934;F145971;F1671311;F2283408;F34406;F474922;F710243;F80884	unchanged_by_declared_fcs_omission
Colletotrichum__707202at2759__code1	10		10	F1095194;F1209916;F1209934;F145971;F1671311;F2283408;F34406;F474922;F710243;F80884	unchanged_by_declared_fcs_omission
Colletotrichum__727964at2759__code1	10		10	F1095194;F1209916;F1209934;F145971;F1671311;F2283408;F34406;F474922;F710243;F80884	unchanged_by_declared_fcs_omission
Colletotrichum__730114at2759__code1	10		10	F1095194;F1209916;F1209934;F145971;F1671311;F2283408;F34406;F474922;F710243;F80884	unchanged_by_declared_fcs_omission
Colletotrichum__760428at2759__code1	10		10	F1095194;F1209916;F1209934;F145971;F1671311;F2283408;F34406;F474922;F710243;F80884	unchanged_by_declared_fcs_omission
Colletotrichum__776280at2759__code1	8		8	F1095194;F1209916;F1209934;F145971;F1671311;F2283408;F34406;F80884	unchanged_by_declared_fcs_omission
Colletotrichum__801816at2759__code1	10		10	F1095194;F1209916;F1209934;F145971;F1671311;F2283408;F34406;F474922;F710243;F80884	unchanged_by_declared_fcs_omission
Cryptococcus__115730at2759__code1	10		10	F104669;F1859096;F1859121;F1859122;F37769;F40410;F5207;F5208;F552467;F5619	unchanged_by_declared_fcs_omission
Cryptococcus__129234at2759__code1	8		8	F1859096;F1859121;F1859122;F37769;F40410;F5208;F552467;F5619	unchanged_by_declared_fcs_omission
Cryptococcus__160487at2759__code1	9		9	F1859096;F1859121;F1859122;F37769;F40410;F5207;F5208;F552467;F5619	unchanged_by_declared_fcs_omission
Cryptococcus__201273at2759__code1	10		10	F104669;F1859096;F1859121;F1859122;F37769;F40410;F5207;F5208;F552467;F5619	unchanged_by_declared_fcs_omission
Cryptococcus__207567at2759__code1	10		10	F104669;F1859096;F1859121;F1859122;F37769;F40410;F5207;F5208;F552467;F5619	unchanged_by_declared_fcs_omission
Cryptococcus__260326at2759__code1	10		10	F104669;F1859096;F1859121;F1859122;F37769;F40410;F5207;F5208;F552467;F5619	unchanged_by_declared_fcs_omission
Cryptococcus__2852757at2759__code1	10		10	F104669;F1859096;F1859121;F1859122;F37769;F40410;F5207;F5208;F552467;F5619	unchanged_by_declared_fcs_omission
Cryptococcus__288615at2759__code1	10		10	F104669;F1859096;F1859121;F1859122;F37769;F40410;F5207;F5208;F552467;F5619	unchanged_by_declared_fcs_omission
Cryptococcus__319730at2759__code1	10		10	F104669;F1859096;F1859121;F1859122;F37769;F40410;F5207;F5208;F552467;F5619	unchanged_by_declared_fcs_omission
Cryptococcus__340246at2759__code1	10		10	F104669;F1859096;F1859121;F1859122;F37769;F40410;F5207;F5208;F552467;F5619	unchanged_by_declared_fcs_omission
Cryptococcus__345792at2759__code1	10		10	F104669;F1859096;F1859121;F1859122;F37769;F40410;F5207;F5208;F552467;F5619	unchanged_by_declared_fcs_omission
Cryptococcus__352891at2759__code1	10		10	F104669;F1859096;F1859121;F1859122;F37769;F40410;F5207;F5208;F552467;F5619	unchanged_by_declared_fcs_omission
Cryptococcus__3643464at2759__code1	10		10	F104669;F1859096;F1859121;F1859122;F37769;F40410;F5207;F5208;F552467;F5619	unchanged_by_declared_fcs_omission
Cryptococcus__4613677at2759__code1	9		9	F1859096;F1859121;F1859122;F37769;F40410;F5207;F5208;F552467;F5619	unchanged_by_declared_fcs_omission
Cryptococcus__4695236at2759__code1	10		10	F104669;F1859096;F1859121;F1859122;F37769;F40410;F5207;F5208;F552467;F5619	unchanged_by_declared_fcs_omission
Cryptococcus__4747214at2759__code1	10		10	F104669;F1859096;F1859121;F1859122;F37769;F40410;F5207;F5208;F552467;F5619	unchanged_by_declared_fcs_omission
Cryptococcus__4764044at2759__code1	10		10	F104669;F1859096;F1859121;F1859122;F37769;F40410;F5207;F5208;F552467;F5619	unchanged_by_declared_fcs_omission
Cryptococcus__4803900at2759__code1	10		10	F104669;F1859096;F1859121;F1859122;F37769;F40410;F5207;F5208;F552467;F5619	unchanged_by_declared_fcs_omission
Cryptococcus__4810093at2759__code1	10		10	F104669;F1859096;F1859121;F1859122;F37769;F40410;F5207;F5208;F552467;F5619	unchanged_by_declared_fcs_omission
Cryptococcus__4813267at2759__code1	9		9	F104669;F1859096;F1859121;F1859122;F37769;F40410;F5207;F5208;F552467	unchanged_by_declared_fcs_omission
Cryptococcus__4823929at2759__code1	10		10	F104669;F1859096;F1859121;F1859122;F37769;F40410;F5207;F5208;F552467;F5619	unchanged_by_declared_fcs_omission
Cryptococcus__4837017at2759__code1	10		10	F104669;F1859096;F1859121;F1859122;F37769;F40410;F5207;F5208;F552467;F5619	unchanged_by_declared_fcs_omission
Cryptococcus__4838864at2759__code1	10		10	F104669;F1859096;F1859121;F1859122;F37769;F40410;F5207;F5208;F552467;F5619	unchanged_by_declared_fcs_omission
Cryptococcus__4843240at2759__code1	10		10	F104669;F1859096;F1859121;F1859122;F37769;F40410;F5207;F5208;F552467;F5619	unchanged_by_declared_fcs_omission
Cryptococcus__4843824at2759__code1	9		9	F104669;F1859121;F1859122;F37769;F40410;F5207;F5208;F552467;F5619	unchanged_by_declared_fcs_omission
Cryptococcus__4867008at2759__code1	10		10	F104669;F1859096;F1859121;F1859122;F37769;F40410;F5207;F5208;F552467;F5619	unchanged_by_declared_fcs_omission
Cryptococcus__4888252at2759__code1	9		9	F1859096;F1859121;F1859122;F37769;F40410;F5207;F5208;F552467;F5619	unchanged_by_declared_fcs_omission
Cryptococcus__4896098at2759__code1	10		10	F104669;F1859096;F1859121;F1859122;F37769;F40410;F5207;F5208;F552467;F5619	unchanged_by_declared_fcs_omission
Cryptococcus__4900375at2759__code1	10		10	F104669;F1859096;F1859121;F1859122;F37769;F40410;F5207;F5208;F552467;F5619	unchanged_by_declared_fcs_omission
Cryptococcus__4908955at2759__code1	9		9	F1859096;F1859121;F1859122;F37769;F40410;F5207;F5208;F552467;F5619	unchanged_by_declared_fcs_omission
Cryptococcus__4911644at2759__code1	10		10	F104669;F1859096;F1859121;F1859122;F37769;F40410;F5207;F5208;F552467;F5619	unchanged_by_declared_fcs_omission
Cryptococcus__4940884at2759__code1	10		10	F104669;F1859096;F1859121;F1859122;F37769;F40410;F5207;F5208;F552467;F5619	unchanged_by_declared_fcs_omission
Cryptococcus__4969018at2759__code1	10		10	F104669;F1859096;F1859121;F1859122;F37769;F40410;F5207;F5208;F552467;F5619	unchanged_by_declared_fcs_omission
Cryptococcus__4969636at2759__code1	10		10	F104669;F1859096;F1859121;F1859122;F37769;F40410;F5207;F5208;F552467;F5619	unchanged_by_declared_fcs_omission
Cryptococcus__4969990at2759__code1	9		9	F1859096;F1859121;F1859122;F37769;F40410;F5207;F5208;F552467;F5619	unchanged_by_declared_fcs_omission
Cryptococcus__4970387at2759__code1	10		10	F104669;F1859096;F1859121;F1859122;F37769;F40410;F5207;F5208;F552467;F5619	unchanged_by_declared_fcs_omission
Cryptococcus__4970538at2759__code1	10		10	F104669;F1859096;F1859121;F1859122;F37769;F40410;F5207;F5208;F552467;F5619	unchanged_by_declared_fcs_omission
Cryptococcus__4971272at2759__code1	10		10	F104669;F1859096;F1859121;F1859122;F37769;F40410;F5207;F5208;F552467;F5619	unchanged_by_declared_fcs_omission
Cryptococcus__4974767at2759__code1	10		10	F104669;F1859096;F1859121;F1859122;F37769;F40410;F5207;F5208;F552467;F5619	unchanged_by_declared_fcs_omission
Cryptococcus__4975094at2759__code1	10		10	F104669;F1859096;F1859121;F1859122;F37769;F40410;F5207;F5208;F552467;F5619	unchanged_by_declared_fcs_omission
Cryptococcus__4976279at2759__code1	10		10	F104669;F1859096;F1859121;F1859122;F37769;F40410;F5207;F5208;F552467;F5619	unchanged_by_declared_fcs_omission
Cryptococcus__4977163at2759__code1	10		10	F104669;F1859096;F1859121;F1859122;F37769;F40410;F5207;F5208;F552467;F5619	unchanged_by_declared_fcs_omission
Cryptococcus__4977863at2759__code1	10		10	F104669;F1859096;F1859121;F1859122;F37769;F40410;F5207;F5208;F552467;F5619	unchanged_by_declared_fcs_omission
Cryptococcus__4983000at2759__code1	10		10	F104669;F1859096;F1859121;F1859122;F37769;F40410;F5207;F5208;F552467;F5619	unchanged_by_declared_fcs_omission
Cryptococcus__4985971at2759__code1	10		10	F104669;F1859096;F1859121;F1859122;F37769;F40410;F5207;F5208;F552467;F5619	unchanged_by_declared_fcs_omission
Cryptococcus__4986044at2759__code1	9		9	F1859096;F1859121;F1859122;F37769;F40410;F5207;F5208;F552467;F5619	unchanged_by_declared_fcs_omission
Cryptococcus__4987397at2759__code1	10		10	F104669;F1859096;F1859121;F1859122;F37769;F40410;F5207;F5208;F552467;F5619	unchanged_by_declared_fcs_omission
Cryptococcus__4988239at2759__code1	10		10	F104669;F1859096;F1859121;F1859122;F37769;F40410;F5207;F5208;F552467;F5619	unchanged_by_declared_fcs_omission
Cryptococcus__4999134at2759__code1	10		10	F104669;F1859096;F1859121;F1859122;F37769;F40410;F5207;F5208;F552467;F5619	unchanged_by_declared_fcs_omission
Cryptococcus__5000045at2759__code1	10		10	F104669;F1859096;F1859121;F1859122;F37769;F40410;F5207;F5208;F552467;F5619	unchanged_by_declared_fcs_omission
Cryptococcus__5000152at2759__code1	10		10	F104669;F1859096;F1859121;F1859122;F37769;F40410;F5207;F5208;F552467;F5619	unchanged_by_declared_fcs_omission
Cryptococcus__5000362at2759__code1	10		10	F104669;F1859096;F1859121;F1859122;F37769;F40410;F5207;F5208;F552467;F5619	unchanged_by_declared_fcs_omission
Cryptococcus__5000371at2759__code1	10		10	F104669;F1859096;F1859121;F1859122;F37769;F40410;F5207;F5208;F552467;F5619	unchanged_by_declared_fcs_omission
Cryptococcus__5000452at2759__code1	10		10	F104669;F1859096;F1859121;F1859122;F37769;F40410;F5207;F5208;F552467;F5619	unchanged_by_declared_fcs_omission
Cryptococcus__5000476at2759__code1	10		10	F104669;F1859096;F1859121;F1859122;F37769;F40410;F5207;F5208;F552467;F5619	unchanged_by_declared_fcs_omission
Cryptococcus__5000743at2759__code1	8		8	F1859096;F1859121;F1859122;F40410;F5207;F5208;F552467;F5619	unchanged_by_declared_fcs_omission
Cryptococcus__5000823at2759__code1	10		10	F104669;F1859096;F1859121;F1859122;F37769;F40410;F5207;F5208;F552467;F5619	unchanged_by_declared_fcs_omission
Cryptococcus__5000870at2759__code1	10		10	F104669;F1859096;F1859121;F1859122;F37769;F40410;F5207;F5208;F552467;F5619	unchanged_by_declared_fcs_omission
Cryptococcus__5000986at2759__code1	9		9	F104669;F1859121;F1859122;F37769;F40410;F5207;F5208;F552467;F5619	unchanged_by_declared_fcs_omission
Cryptococcus__5001156at2759__code1	10		10	F104669;F1859096;F1859121;F1859122;F37769;F40410;F5207;F5208;F552467;F5619	unchanged_by_declared_fcs_omission
Cryptococcus__5001273at2759__code1	10		10	F104669;F1859096;F1859121;F1859122;F37769;F40410;F5207;F5208;F552467;F5619	unchanged_by_declared_fcs_omission
Cryptococcus__5001280at2759__code1	10		10	F104669;F1859096;F1859121;F1859122;F37769;F40410;F5207;F5208;F552467;F5619	unchanged_by_declared_fcs_omission
Cryptococcus__5001318at2759__code1	10		10	F104669;F1859096;F1859121;F1859122;F37769;F40410;F5207;F5208;F552467;F5619	unchanged_by_declared_fcs_omission
Cryptococcus__5001413at2759__code1	10		10	F104669;F1859096;F1859121;F1859122;F37769;F40410;F5207;F5208;F552467;F5619	unchanged_by_declared_fcs_omission
Cryptococcus__5001473at2759__code1	9		9	F1859096;F1859121;F1859122;F37769;F40410;F5207;F5208;F552467;F5619	unchanged_by_declared_fcs_omission
Cryptococcus__5001660at2759__code1	10		10	F104669;F1859096;F1859121;F1859122;F37769;F40410;F5207;F5208;F552467;F5619	unchanged_by_declared_fcs_omission
Cryptococcus__5001734at2759__code1	10		10	F104669;F1859096;F1859121;F1859122;F37769;F40410;F5207;F5208;F552467;F5619	unchanged_by_declared_fcs_omission
Cryptococcus__5001941at2759__code1	10		10	F104669;F1859096;F1859121;F1859122;F37769;F40410;F5207;F5208;F552467;F5619	unchanged_by_declared_fcs_omission
Cryptococcus__5002334at2759__code1	10		10	F104669;F1859096;F1859121;F1859122;F37769;F40410;F5207;F5208;F552467;F5619	unchanged_by_declared_fcs_omission
Cryptococcus__5002573at2759__code1	10		10	F104669;F1859096;F1859121;F1859122;F37769;F40410;F5207;F5208;F552467;F5619	unchanged_by_declared_fcs_omission
Cryptococcus__5003022at2759__code1	10		10	F104669;F1859096;F1859121;F1859122;F37769;F40410;F5207;F5208;F552467;F5619	unchanged_by_declared_fcs_omission
Cryptococcus__5003192at2759__code1	9		9	F1859096;F1859121;F1859122;F37769;F40410;F5207;F5208;F552467;F5619	unchanged_by_declared_fcs_omission
Cryptococcus__5003205at2759__code1	10		10	F104669;F1859096;F1859121;F1859122;F37769;F40410;F5207;F5208;F552467;F5619	unchanged_by_declared_fcs_omission
Cryptococcus__5003856at2759__code1	10		10	F104669;F1859096;F1859121;F1859122;F37769;F40410;F5207;F5208;F552467;F5619	unchanged_by_declared_fcs_omission
Cryptococcus__5003972at2759__code1	9		9	F1859096;F1859121;F1859122;F37769;F40410;F5207;F5208;F552467;F5619	unchanged_by_declared_fcs_omission
Cryptococcus__5004118at2759__code1	9		9	F1859096;F1859121;F1859122;F37769;F40410;F5207;F5208;F552467;F5619	unchanged_by_declared_fcs_omission
Cryptococcus__5004265at2759__code1	10		10	F104669;F1859096;F1859121;F1859122;F37769;F40410;F5207;F5208;F552467;F5619	unchanged_by_declared_fcs_omission
Cryptococcus__5004327at2759__code1	10		10	F104669;F1859096;F1859121;F1859122;F37769;F40410;F5207;F5208;F552467;F5619	unchanged_by_declared_fcs_omission
Cryptococcus__5004391at2759__code1	9		9	F1859096;F1859121;F1859122;F37769;F40410;F5207;F5208;F552467;F5619	unchanged_by_declared_fcs_omission
Cryptococcus__5004478at2759__code1	9		9	F1859096;F1859121;F1859122;F37769;F40410;F5207;F5208;F552467;F5619	unchanged_by_declared_fcs_omission
Cryptococcus__5004599at2759__code1	10		10	F104669;F1859096;F1859121;F1859122;F37769;F40410;F5207;F5208;F552467;F5619	unchanged_by_declared_fcs_omission
Cryptococcus__5005010at2759__code1	10		10	F104669;F1859096;F1859121;F1859122;F37769;F40410;F5207;F5208;F552467;F5619	unchanged_by_declared_fcs_omission
Cryptococcus__5005174at2759__code1	10		10	F104669;F1859096;F1859121;F1859122;F37769;F40410;F5207;F5208;F552467;F5619	unchanged_by_declared_fcs_omission
Cryptococcus__5005196at2759__code1	10		10	F104669;F1859096;F1859121;F1859122;F37769;F40410;F5207;F5208;F552467;F5619	unchanged_by_declared_fcs_omission
Cryptococcus__5005215at2759__code1	10		10	F104669;F1859096;F1859121;F1859122;F37769;F40410;F5207;F5208;F552467;F5619	unchanged_by_declared_fcs_omission
Cryptococcus__5005217at2759__code1	9		9	F1859096;F1859121;F1859122;F37769;F40410;F5207;F5208;F552467;F5619	unchanged_by_declared_fcs_omission
Cryptococcus__5005274at2759__code1	10		10	F104669;F1859096;F1859121;F1859122;F37769;F40410;F5207;F5208;F552467;F5619	unchanged_by_declared_fcs_omission
Cryptococcus__5005697at2759__code1	10		10	F104669;F1859096;F1859121;F1859122;F37769;F40410;F5207;F5208;F552467;F5619	unchanged_by_declared_fcs_omission
Cryptococcus__5005750at2759__code1	10		10	F104669;F1859096;F1859121;F1859122;F37769;F40410;F5207;F5208;F552467;F5619	unchanged_by_declared_fcs_omission
Cryptococcus__5005892at2759__code1	10		10	F104669;F1859096;F1859121;F1859122;F37769;F40410;F5207;F5208;F552467;F5619	unchanged_by_declared_fcs_omission
Cryptococcus__5006326at2759__code1	10		10	F104669;F1859096;F1859121;F1859122;F37769;F40410;F5207;F5208;F552467;F5619	unchanged_by_declared_fcs_omission
Cryptococcus__5006412at2759__code1	10		10	F104669;F1859096;F1859121;F1859122;F37769;F40410;F5207;F5208;F552467;F5619	unchanged_by_declared_fcs_omission
Cryptococcus__5011777at2759__code1	10		10	F104669;F1859096;F1859121;F1859122;F37769;F40410;F5207;F5208;F552467;F5619	unchanged_by_declared_fcs_omission
Cryptococcus__5013042at2759__code1	10		10	F104669;F1859096;F1859121;F1859122;F37769;F40410;F5207;F5208;F552467;F5619	unchanged_by_declared_fcs_omission
Cryptococcus__5013067at2759__code1	10		10	F104669;F1859096;F1859121;F1859122;F37769;F40410;F5207;F5208;F552467;F5619	unchanged_by_declared_fcs_omission
Cryptococcus__5013259at2759__code1	10		10	F104669;F1859096;F1859121;F1859122;F37769;F40410;F5207;F5208;F552467;F5619	unchanged_by_declared_fcs_omission
Cryptococcus__5013539at2759__code1	10		10	F104669;F1859096;F1859121;F1859122;F37769;F40410;F5207;F5208;F552467;F5619	unchanged_by_declared_fcs_omission
Cryptococcus__5013726at2759__code1	10		10	F104669;F1859096;F1859121;F1859122;F37769;F40410;F5207;F5208;F552467;F5619	unchanged_by_declared_fcs_omission
Cryptococcus__5013738at2759__code1	10		10	F104669;F1859096;F1859121;F1859122;F37769;F40410;F5207;F5208;F552467;F5619	unchanged_by_declared_fcs_omission
Cryptococcus__5013992at2759__code1	10		10	F104669;F1859096;F1859121;F1859122;F37769;F40410;F5207;F5208;F552467;F5619	unchanged_by_declared_fcs_omission
Cryptococcus__5014007at2759__code1	10		10	F104669;F1859096;F1859121;F1859122;F37769;F40410;F5207;F5208;F552467;F5619	unchanged_by_declared_fcs_omission
Cryptococcus__5015403at2759__code1	10		10	F104669;F1859096;F1859121;F1859122;F37769;F40410;F5207;F5208;F552467;F5619	unchanged_by_declared_fcs_omission
Cryptococcus__5015647at2759__code1	10		10	F104669;F1859096;F1859121;F1859122;F37769;F40410;F5207;F5208;F552467;F5619	unchanged_by_declared_fcs_omission
Cryptococcus__5015712at2759__code1	10		10	F104669;F1859096;F1859121;F1859122;F37769;F40410;F5207;F5208;F552467;F5619	unchanged_by_declared_fcs_omission
Cryptococcus__5015742at2759__code1	10		10	F104669;F1859096;F1859121;F1859122;F37769;F40410;F5207;F5208;F552467;F5619	unchanged_by_declared_fcs_omission
Cryptococcus__5015876at2759__code1	10		10	F104669;F1859096;F1859121;F1859122;F37769;F40410;F5207;F5208;F552467;F5619	unchanged_by_declared_fcs_omission
Cryptococcus__5017019at2759__code1	10		10	F104669;F1859096;F1859121;F1859122;F37769;F40410;F5207;F5208;F552467;F5619	unchanged_by_declared_fcs_omission
Cryptococcus__5018803at2759__code1	10		10	F104669;F1859096;F1859121;F1859122;F37769;F40410;F5207;F5208;F552467;F5619	unchanged_by_declared_fcs_omission
Cryptococcus__529759at2759__code1	10		10	F104669;F1859096;F1859121;F1859122;F37769;F40410;F5207;F5208;F552467;F5619	unchanged_by_declared_fcs_omission
Cryptococcus__530014at2759__code1	10		10	F104669;F1859096;F1859121;F1859122;F37769;F40410;F5207;F5208;F552467;F5619	unchanged_by_declared_fcs_omission
Cryptococcus__530740at2759__code1	10		10	F104669;F1859096;F1859121;F1859122;F37769;F40410;F5207;F5208;F552467;F5619	unchanged_by_declared_fcs_omission
Cryptococcus__538728at2759__code1	10		10	F104669;F1859096;F1859121;F1859122;F37769;F40410;F5207;F5208;F552467;F5619	unchanged_by_declared_fcs_omission
Cryptococcus__538952at2759__code1	10		10	F104669;F1859096;F1859121;F1859122;F37769;F40410;F5207;F5208;F552467;F5619	unchanged_by_declared_fcs_omission
Cryptococcus__539632at2759__code1	9		9	F1859096;F1859121;F1859122;F37769;F40410;F5207;F5208;F552467;F5619	unchanged_by_declared_fcs_omission
Cryptococcus__540946at2759__code1	10		10	F104669;F1859096;F1859121;F1859122;F37769;F40410;F5207;F5208;F552467;F5619	unchanged_by_declared_fcs_omission
Cryptococcus__541070at2759__code1	10		10	F104669;F1859096;F1859121;F1859122;F37769;F40410;F5207;F5208;F552467;F5619	unchanged_by_declared_fcs_omission
Cryptococcus__554735at2759__code1	10		10	F104669;F1859096;F1859121;F1859122;F37769;F40410;F5207;F5208;F552467;F5619	unchanged_by_declared_fcs_omission
Cryptococcus__649304at2759__code1	9		9	F1859096;F1859121;F1859122;F37769;F40410;F5207;F5208;F552467;F5619	unchanged_by_declared_fcs_omission
Cryptococcus__707076at2759__code1	10		10	F104669;F1859096;F1859121;F1859122;F37769;F40410;F5207;F5208;F552467;F5619	unchanged_by_declared_fcs_omission
Cryptococcus__707202at2759__code1	7		7	F104669;F1859096;F1859122;F37769;F40410;F5207;F5619	unchanged_by_declared_fcs_omission
Cryptococcus__727964at2759__code1	10		10	F104669;F1859096;F1859121;F1859122;F37769;F40410;F5207;F5208;F552467;F5619	unchanged_by_declared_fcs_omission
Cryptococcus__730114at2759__code1	9		9	F1859096;F1859121;F1859122;F37769;F40410;F5207;F5208;F552467;F5619	unchanged_by_declared_fcs_omission
Cryptococcus__760428at2759__code1	9		9	F104669;F1859096;F1859121;F1859122;F37769;F40410;F5208;F552467;F5619	unchanged_by_declared_fcs_omission
Cryptococcus__776280at2759__code1	10		10	F104669;F1859096;F1859121;F1859122;F37769;F40410;F5207;F5208;F552467;F5619	unchanged_by_declared_fcs_omission
Cryptococcus__801816at2759__code1	9		9	F1859096;F1859121;F1859122;F37769;F40410;F5207;F5208;F552467;F5619	unchanged_by_declared_fcs_omission
Fusarium__115730at2759__code1	10		10	F101028;F1042133;F117187;F1328300;F195108;F36050;F5127;F5128;F5507;F5518	unchanged_by_declared_fcs_omission
Fusarium__129234at2759__code1	10		10	F101028;F1042133;F117187;F1328300;F195108;F36050;F5127;F5128;F5507;F5518	unchanged_by_declared_fcs_omission
Fusarium__160487at2759__code1	10		10	F101028;F1042133;F117187;F1328300;F195108;F36050;F5127;F5128;F5507;F5518	unchanged_by_declared_fcs_omission
Fusarium__201273at2759__code1	10		10	F101028;F1042133;F117187;F1328300;F195108;F36050;F5127;F5128;F5507;F5518	unchanged_by_declared_fcs_omission
Fusarium__207567at2759__code1	10		10	F101028;F1042133;F117187;F1328300;F195108;F36050;F5127;F5128;F5507;F5518	unchanged_by_declared_fcs_omission
Fusarium__260326at2759__code1	10		10	F101028;F1042133;F117187;F1328300;F195108;F36050;F5127;F5128;F5507;F5518	unchanged_by_declared_fcs_omission
Fusarium__2852757at2759__code1	10		10	F101028;F1042133;F117187;F1328300;F195108;F36050;F5127;F5128;F5507;F5518	unchanged_by_declared_fcs_omission
Fusarium__288615at2759__code1	10		10	F101028;F1042133;F117187;F1328300;F195108;F36050;F5127;F5128;F5507;F5518	unchanged_by_declared_fcs_omission
Fusarium__319730at2759__code1	9		9	F101028;F1042133;F1328300;F195108;F36050;F5127;F5128;F5507;F5518	unchanged_by_declared_fcs_omission
Fusarium__340246at2759__code1	10		10	F101028;F1042133;F117187;F1328300;F195108;F36050;F5127;F5128;F5507;F5518	unchanged_by_declared_fcs_omission
Fusarium__345792at2759__code1	10		10	F101028;F1042133;F117187;F1328300;F195108;F36050;F5127;F5128;F5507;F5518	unchanged_by_declared_fcs_omission
Fusarium__352891at2759__code1	10		10	F101028;F1042133;F117187;F1328300;F195108;F36050;F5127;F5128;F5507;F5518	unchanged_by_declared_fcs_omission
Fusarium__3643464at2759__code1	10		10	F101028;F1042133;F117187;F1328300;F195108;F36050;F5127;F5128;F5507;F5518	unchanged_by_declared_fcs_omission
Fusarium__4613677at2759__code1	9		9	F101028;F1042133;F1328300;F195108;F36050;F5127;F5128;F5507;F5518	unchanged_by_declared_fcs_omission
Fusarium__4695236at2759__code1	10		10	F101028;F1042133;F117187;F1328300;F195108;F36050;F5127;F5128;F5507;F5518	unchanged_by_declared_fcs_omission
Fusarium__4747214at2759__code1	10		10	F101028;F1042133;F117187;F1328300;F195108;F36050;F5127;F5128;F5507;F5518	unchanged_by_declared_fcs_omission
Fusarium__4764044at2759__code1	10		10	F101028;F1042133;F117187;F1328300;F195108;F36050;F5127;F5128;F5507;F5518	unchanged_by_declared_fcs_omission
Fusarium__4810093at2759__code1	9		9	F101028;F1042133;F117187;F1328300;F36050;F5127;F5128;F5507;F5518	unchanged_by_declared_fcs_omission
Fusarium__4813267at2759__code1	10		10	F101028;F1042133;F117187;F1328300;F195108;F36050;F5127;F5128;F5507;F5518	unchanged_by_declared_fcs_omission
Fusarium__4823929at2759__code1	10		10	F101028;F1042133;F117187;F1328300;F195108;F36050;F5127;F5128;F5507;F5518	unchanged_by_declared_fcs_omission
Fusarium__4837017at2759__code1	10		10	F101028;F1042133;F117187;F1328300;F195108;F36050;F5127;F5128;F5507;F5518	unchanged_by_declared_fcs_omission
Fusarium__4838864at2759__code1	10		10	F101028;F1042133;F117187;F1328300;F195108;F36050;F5127;F5128;F5507;F5518	unchanged_by_declared_fcs_omission
Fusarium__4843240at2759__code1	9		9	F101028;F1042133;F1328300;F195108;F36050;F5127;F5128;F5507;F5518	unchanged_by_declared_fcs_omission
Fusarium__4843824at2759__code1	9		9	F101028;F117187;F1328300;F195108;F36050;F5127;F5128;F5507;F5518	unchanged_by_declared_fcs_omission
Fusarium__4867008at2759__code1	10		10	F101028;F1042133;F117187;F1328300;F195108;F36050;F5127;F5128;F5507;F5518	unchanged_by_declared_fcs_omission
Fusarium__4888252at2759__code1	9		9	F101028;F1042133;F1328300;F195108;F36050;F5127;F5128;F5507;F5518	unchanged_by_declared_fcs_omission
Fusarium__4896098at2759__code1	10		10	F101028;F1042133;F117187;F1328300;F195108;F36050;F5127;F5128;F5507;F5518	unchanged_by_declared_fcs_omission
Fusarium__4900375at2759__code1	10		10	F101028;F1042133;F117187;F1328300;F195108;F36050;F5127;F5128;F5507;F5518	unchanged_by_declared_fcs_omission
Fusarium__4908955at2759__code1	10		10	F101028;F1042133;F117187;F1328300;F195108;F36050;F5127;F5128;F5507;F5518	unchanged_by_declared_fcs_omission
Fusarium__4911644at2759__code1	10		10	F101028;F1042133;F117187;F1328300;F195108;F36050;F5127;F5128;F5507;F5518	unchanged_by_declared_fcs_omission
Fusarium__4940884at2759__code1	9		9	F101028;F1042133;F1328300;F195108;F36050;F5127;F5128;F5507;F5518	unchanged_by_declared_fcs_omission
Fusarium__4969018at2759__code1	10		10	F101028;F1042133;F117187;F1328300;F195108;F36050;F5127;F5128;F5507;F5518	unchanged_by_declared_fcs_omission
Fusarium__4969636at2759__code1	10		10	F101028;F1042133;F117187;F1328300;F195108;F36050;F5127;F5128;F5507;F5518	unchanged_by_declared_fcs_omission
Fusarium__4969990at2759__code1	10		10	F101028;F1042133;F117187;F1328300;F195108;F36050;F5127;F5128;F5507;F5518	unchanged_by_declared_fcs_omission
Fusarium__4970387at2759__code1	10		10	F101028;F1042133;F117187;F1328300;F195108;F36050;F5127;F5128;F5507;F5518	unchanged_by_declared_fcs_omission
Fusarium__4970538at2759__code1	9		9	F101028;F1042133;F1328300;F195108;F36050;F5127;F5128;F5507;F5518	unchanged_by_declared_fcs_omission
Fusarium__4971272at2759__code1	10		10	F101028;F1042133;F117187;F1328300;F195108;F36050;F5127;F5128;F5507;F5518	unchanged_by_declared_fcs_omission
Fusarium__4974767at2759__code1	9		9	F101028;F1042133;F1328300;F195108;F36050;F5127;F5128;F5507;F5518	unchanged_by_declared_fcs_omission
Fusarium__4975094at2759__code1	10		10	F101028;F1042133;F117187;F1328300;F195108;F36050;F5127;F5128;F5507;F5518	unchanged_by_declared_fcs_omission
Fusarium__4976279at2759__code1	8		8	F101028;F1042133;F117187;F36050;F5127;F5128;F5507;F5518	unchanged_by_declared_fcs_omission
Fusarium__4977163at2759__code1	9		9	F101028;F1042133;F1328300;F195108;F36050;F5127;F5128;F5507;F5518	unchanged_by_declared_fcs_omission
Fusarium__4977863at2759__code1	10		10	F101028;F1042133;F117187;F1328300;F195108;F36050;F5127;F5128;F5507;F5518	unchanged_by_declared_fcs_omission
Fusarium__4983000at2759__code1	10		10	F101028;F1042133;F117187;F1328300;F195108;F36050;F5127;F5128;F5507;F5518	unchanged_by_declared_fcs_omission
Fusarium__4985971at2759__code1	10		10	F101028;F1042133;F117187;F1328300;F195108;F36050;F5127;F5128;F5507;F5518	unchanged_by_declared_fcs_omission
Fusarium__4986044at2759__code1	10		10	F101028;F1042133;F117187;F1328300;F195108;F36050;F5127;F5128;F5507;F5518	unchanged_by_declared_fcs_omission
Fusarium__4987397at2759__code1	10		10	F101028;F1042133;F117187;F1328300;F195108;F36050;F5127;F5128;F5507;F5518	unchanged_by_declared_fcs_omission
Fusarium__4988239at2759__code1	10		10	F101028;F1042133;F117187;F1328300;F195108;F36050;F5127;F5128;F5507;F5518	unchanged_by_declared_fcs_omission
Fusarium__4999134at2759__code1	10		10	F101028;F1042133;F117187;F1328300;F195108;F36050;F5127;F5128;F5507;F5518	unchanged_by_declared_fcs_omission
Fusarium__5000045at2759__code1	9		9	F101028;F1042133;F1328300;F195108;F36050;F5127;F5128;F5507;F5518	unchanged_by_declared_fcs_omission
Fusarium__5000152at2759__code1	9		9	F101028;F1042133;F117187;F1328300;F195108;F36050;F5128;F5507;F5518	unchanged_by_declared_fcs_omission
Fusarium__5000362at2759__code1	10		10	F101028;F1042133;F117187;F1328300;F195108;F36050;F5127;F5128;F5507;F5518	unchanged_by_declared_fcs_omission
Fusarium__5000371at2759__code1	8		8	F101028;F1042133;F1328300;F36050;F5127;F5128;F5507;F5518	unchanged_by_declared_fcs_omission
Fusarium__5000452at2759__code1	10		10	F101028;F1042133;F117187;F1328300;F195108;F36050;F5127;F5128;F5507;F5518	unchanged_by_declared_fcs_omission
Fusarium__5000476at2759__code1	10		10	F101028;F1042133;F117187;F1328300;F195108;F36050;F5127;F5128;F5507;F5518	unchanged_by_declared_fcs_omission
Fusarium__5000743at2759__code1	9		9	F101028;F1042133;F1328300;F195108;F36050;F5127;F5128;F5507;F5518	unchanged_by_declared_fcs_omission
Fusarium__5000823at2759__code1	9		9	F101028;F1042133;F1328300;F195108;F36050;F5127;F5128;F5507;F5518	unchanged_by_declared_fcs_omission
Fusarium__5000870at2759__code1	10		10	F101028;F1042133;F117187;F1328300;F195108;F36050;F5127;F5128;F5507;F5518	unchanged_by_declared_fcs_omission
Fusarium__5000986at2759__code1	10		10	F101028;F1042133;F117187;F1328300;F195108;F36050;F5127;F5128;F5507;F5518	unchanged_by_declared_fcs_omission
Fusarium__5001156at2759__code1	10		10	F101028;F1042133;F117187;F1328300;F195108;F36050;F5127;F5128;F5507;F5518	unchanged_by_declared_fcs_omission
Fusarium__5001273at2759__code1	10		10	F101028;F1042133;F117187;F1328300;F195108;F36050;F5127;F5128;F5507;F5518	unchanged_by_declared_fcs_omission
Fusarium__5001280at2759__code1	10		10	F101028;F1042133;F117187;F1328300;F195108;F36050;F5127;F5128;F5507;F5518	unchanged_by_declared_fcs_omission
Fusarium__5001318at2759__code1	10		10	F101028;F1042133;F117187;F1328300;F195108;F36050;F5127;F5128;F5507;F5518	unchanged_by_declared_fcs_omission
Fusarium__5001413at2759__code1	10		10	F101028;F1042133;F117187;F1328300;F195108;F36050;F5127;F5128;F5507;F5518	unchanged_by_declared_fcs_omission
Fusarium__5001473at2759__code1	10		10	F101028;F1042133;F117187;F1328300;F195108;F36050;F5127;F5128;F5507;F5518	unchanged_by_declared_fcs_omission
Fusarium__5001660at2759__code1	10		10	F101028;F1042133;F117187;F1328300;F195108;F36050;F5127;F5128;F5507;F5518	unchanged_by_declared_fcs_omission
Fusarium__5001734at2759__code1	10		10	F101028;F1042133;F117187;F1328300;F195108;F36050;F5127;F5128;F5507;F5518	unchanged_by_declared_fcs_omission
Fusarium__5001941at2759__code1	9		9	F101028;F1042133;F1328300;F195108;F36050;F5127;F5128;F5507;F5518	unchanged_by_declared_fcs_omission
Fusarium__5002334at2759__code1	10		10	F101028;F1042133;F117187;F1328300;F195108;F36050;F5127;F5128;F5507;F5518	unchanged_by_declared_fcs_omission
Fusarium__5002573at2759__code1	9		9	F101028;F1042133;F1328300;F195108;F36050;F5127;F5128;F5507;F5518	unchanged_by_declared_fcs_omission
Fusarium__5003022at2759__code1	10		10	F101028;F1042133;F117187;F1328300;F195108;F36050;F5127;F5128;F5507;F5518	unchanged_by_declared_fcs_omission
Fusarium__5003192at2759__code1	10		10	F101028;F1042133;F117187;F1328300;F195108;F36050;F5127;F5128;F5507;F5518	unchanged_by_declared_fcs_omission
Fusarium__5003205at2759__code1	10		10	F101028;F1042133;F117187;F1328300;F195108;F36050;F5127;F5128;F5507;F5518	unchanged_by_declared_fcs_omission
Fusarium__5003856at2759__code1	10		10	F101028;F1042133;F117187;F1328300;F195108;F36050;F5127;F5128;F5507;F5518	unchanged_by_declared_fcs_omission
Fusarium__5003972at2759__code1	10		10	F101028;F1042133;F117187;F1328300;F195108;F36050;F5127;F5128;F5507;F5518	unchanged_by_declared_fcs_omission
Fusarium__5004118at2759__code1	10		10	F101028;F1042133;F117187;F1328300;F195108;F36050;F5127;F5128;F5507;F5518	unchanged_by_declared_fcs_omission
Fusarium__5004265at2759__code1	10		10	F101028;F1042133;F117187;F1328300;F195108;F36050;F5127;F5128;F5507;F5518	unchanged_by_declared_fcs_omission
Fusarium__5004327at2759__code1	9		9	F101028;F1042133;F1328300;F195108;F36050;F5127;F5128;F5507;F5518	unchanged_by_declared_fcs_omission
Fusarium__5004391at2759__code1	10		10	F101028;F1042133;F117187;F1328300;F195108;F36050;F5127;F5128;F5507;F5518	unchanged_by_declared_fcs_omission
Fusarium__5004478at2759__code1	10		10	F101028;F1042133;F117187;F1328300;F195108;F36050;F5127;F5128;F5507;F5518	unchanged_by_declared_fcs_omission
Fusarium__5004599at2759__code1	10		10	F101028;F1042133;F117187;F1328300;F195108;F36050;F5127;F5128;F5507;F5518	unchanged_by_declared_fcs_omission
Fusarium__5005010at2759__code1	10		10	F101028;F1042133;F117187;F1328300;F195108;F36050;F5127;F5128;F5507;F5518	unchanged_by_declared_fcs_omission
Fusarium__5005174at2759__code1	10		10	F101028;F1042133;F117187;F1328300;F195108;F36050;F5127;F5128;F5507;F5518	unchanged_by_declared_fcs_omission
Fusarium__5005196at2759__code1	10		10	F101028;F1042133;F117187;F1328300;F195108;F36050;F5127;F5128;F5507;F5518	unchanged_by_declared_fcs_omission
Fusarium__5005215at2759__code1	10		10	F101028;F1042133;F117187;F1328300;F195108;F36050;F5127;F5128;F5507;F5518	unchanged_by_declared_fcs_omission
Fusarium__5005217at2759__code1	10		10	F101028;F1042133;F117187;F1328300;F195108;F36050;F5127;F5128;F5507;F5518	unchanged_by_declared_fcs_omission
Fusarium__5005274at2759__code1	10		10	F101028;F1042133;F117187;F1328300;F195108;F36050;F5127;F5128;F5507;F5518	unchanged_by_declared_fcs_omission
Fusarium__5005697at2759__code1	10		10	F101028;F1042133;F117187;F1328300;F195108;F36050;F5127;F5128;F5507;F5518	unchanged_by_declared_fcs_omission
Fusarium__5005750at2759__code1	9		9	F1042133;F117187;F1328300;F195108;F36050;F5127;F5128;F5507;F5518	unchanged_by_declared_fcs_omission
Fusarium__5005892at2759__code1	10		10	F101028;F1042133;F117187;F1328300;F195108;F36050;F5127;F5128;F5507;F5518	unchanged_by_declared_fcs_omission
Fusarium__5006326at2759__code1	9		9	F101028;F1042133;F1328300;F195108;F36050;F5127;F5128;F5507;F5518	unchanged_by_declared_fcs_omission
Fusarium__5006412at2759__code1	10		10	F101028;F1042133;F117187;F1328300;F195108;F36050;F5127;F5128;F5507;F5518	unchanged_by_declared_fcs_omission
Fusarium__5011777at2759__code1	10		10	F101028;F1042133;F117187;F1328300;F195108;F36050;F5127;F5128;F5507;F5518	unchanged_by_declared_fcs_omission
Fusarium__5013042at2759__code1	10		10	F101028;F1042133;F117187;F1328300;F195108;F36050;F5127;F5128;F5507;F5518	unchanged_by_declared_fcs_omission
Fusarium__5013067at2759__code1	10		10	F101028;F1042133;F117187;F1328300;F195108;F36050;F5127;F5128;F5507;F5518	unchanged_by_declared_fcs_omission
Fusarium__5013259at2759__code1	10		10	F101028;F1042133;F117187;F1328300;F195108;F36050;F5127;F5128;F5507;F5518	unchanged_by_declared_fcs_omission
Fusarium__5013539at2759__code1	10		10	F101028;F1042133;F117187;F1328300;F195108;F36050;F5127;F5128;F5507;F5518	unchanged_by_declared_fcs_omission
Fusarium__5013726at2759__code1	10		10	F101028;F1042133;F117187;F1328300;F195108;F36050;F5127;F5128;F5507;F5518	unchanged_by_declared_fcs_omission
Fusarium__5013738at2759__code1	9		9	F101028;F1042133;F1328300;F195108;F36050;F5127;F5128;F5507;F5518	unchanged_by_declared_fcs_omission
Fusarium__5013992at2759__code1	9		9	F101028;F1042133;F1328300;F195108;F36050;F5127;F5128;F5507;F5518	unchanged_by_declared_fcs_omission
Fusarium__5014007at2759__code1	9		9	F101028;F1042133;F1328300;F195108;F36050;F5127;F5128;F5507;F5518	unchanged_by_declared_fcs_omission
Fusarium__5015403at2759__code1	10		10	F101028;F1042133;F117187;F1328300;F195108;F36050;F5127;F5128;F5507;F5518	unchanged_by_declared_fcs_omission
Fusarium__5015647at2759__code1	10		10	F101028;F1042133;F117187;F1328300;F195108;F36050;F5127;F5128;F5507;F5518	unchanged_by_declared_fcs_omission
Fusarium__5015712at2759__code1	10		10	F101028;F1042133;F117187;F1328300;F195108;F36050;F5127;F5128;F5507;F5518	unchanged_by_declared_fcs_omission
Fusarium__5015742at2759__code1	10		10	F101028;F1042133;F117187;F1328300;F195108;F36050;F5127;F5128;F5507;F5518	unchanged_by_declared_fcs_omission
Fusarium__5015876at2759__code1	10		10	F101028;F1042133;F117187;F1328300;F195108;F36050;F5127;F5128;F5507;F5518	unchanged_by_declared_fcs_omission
Fusarium__5017019at2759__code1	10		10	F101028;F1042133;F117187;F1328300;F195108;F36050;F5127;F5128;F5507;F5518	unchanged_by_declared_fcs_omission
Fusarium__5018803at2759__code1	10		10	F101028;F1042133;F117187;F1328300;F195108;F36050;F5127;F5128;F5507;F5518	unchanged_by_declared_fcs_omission
Fusarium__529759at2759__code1	10		10	F101028;F1042133;F117187;F1328300;F195108;F36050;F5127;F5128;F5507;F5518	unchanged_by_declared_fcs_omission
Fusarium__530014at2759__code1	9		9	F101028;F1042133;F1328300;F195108;F36050;F5127;F5128;F5507;F5518	unchanged_by_declared_fcs_omission
Fusarium__530740at2759__code1	8		8	F101028;F117187;F1328300;F195108;F36050;F5128;F5507;F5518	unchanged_by_declared_fcs_omission
Fusarium__538728at2759__code1	9		9	F101028;F1042133;F1328300;F195108;F36050;F5127;F5128;F5507;F5518	unchanged_by_declared_fcs_omission
Fusarium__538952at2759__code1	10		10	F101028;F1042133;F117187;F1328300;F195108;F36050;F5127;F5128;F5507;F5518	unchanged_by_declared_fcs_omission
Fusarium__539632at2759__code1	9		9	F101028;F1042133;F1328300;F195108;F36050;F5127;F5128;F5507;F5518	unchanged_by_declared_fcs_omission
Fusarium__540946at2759__code1	9		9	F1042133;F117187;F1328300;F195108;F36050;F5127;F5128;F5507;F5518	unchanged_by_declared_fcs_omission
Fusarium__541070at2759__code1	10		10	F101028;F1042133;F117187;F1328300;F195108;F36050;F5127;F5128;F5507;F5518	unchanged_by_declared_fcs_omission
Fusarium__554735at2759__code1	9		9	F101028;F1042133;F117187;F1328300;F195108;F36050;F5127;F5507;F5518	unchanged_by_declared_fcs_omission
Fusarium__649304at2759__code1	10		10	F101028;F1042133;F117187;F1328300;F195108;F36050;F5127;F5128;F5507;F5518	unchanged_by_declared_fcs_omission
Fusarium__707076at2759__code1	10		10	F101028;F1042133;F117187;F1328300;F195108;F36050;F5127;F5128;F5507;F5518	unchanged_by_declared_fcs_omission
Fusarium__707202at2759__code1	10		10	F101028;F1042133;F117187;F1328300;F195108;F36050;F5127;F5128;F5507;F5518	unchanged_by_declared_fcs_omission
Fusarium__727964at2759__code1	10		10	F101028;F1042133;F117187;F1328300;F195108;F36050;F5127;F5128;F5507;F5518	unchanged_by_declared_fcs_omission
Fusarium__730114at2759__code1	9		9	F101028;F1042133;F1328300;F195108;F36050;F5127;F5128;F5507;F5518	unchanged_by_declared_fcs_omission
Fusarium__760428at2759__code1	9		9	F101028;F1042133;F1328300;F195108;F36050;F5127;F5128;F5507;F5518	unchanged_by_declared_fcs_omission
Fusarium__776280at2759__code1	10		10	F101028;F1042133;F117187;F1328300;F195108;F36050;F5127;F5128;F5507;F5518	unchanged_by_declared_fcs_omission
Fusarium__801816at2759__code1	10		10	F101028;F1042133;F117187;F1328300;F195108;F36050;F5127;F5128;F5507;F5518	unchanged_by_declared_fcs_omission
Malassezia__115730at2759__code1	5		5	F2020962;F223818;F76775;F76777;F77020	unchanged_by_declared_fcs_omission
Malassezia__160487at2759__code1	5		5	F2020962;F223818;F76775;F76777;F77020	unchanged_by_declared_fcs_omission
Malassezia__201273at2759__code1	5		5	F2020962;F223818;F76775;F76777;F77020	unchanged_by_declared_fcs_omission
Malassezia__207567at2759__code1	5		5	F2020962;F223818;F76775;F76777;F77020	unchanged_by_declared_fcs_omission
Malassezia__2852757at2759__code1	5		5	F2020962;F223818;F76775;F76777;F77020	unchanged_by_declared_fcs_omission
Malassezia__288615at2759__code1	5		5	F2020962;F223818;F76775;F76777;F77020	unchanged_by_declared_fcs_omission
Malassezia__319730at2759__code1	5		5	F2020962;F223818;F76775;F76777;F77020	unchanged_by_declared_fcs_omission
Malassezia__340246at2759__code1	5		5	F2020962;F223818;F76775;F76777;F77020	unchanged_by_declared_fcs_omission
Malassezia__345792at2759__code1	5		5	F2020962;F223818;F76775;F76777;F77020	unchanged_by_declared_fcs_omission
Malassezia__352891at2759__code1	5		5	F2020962;F223818;F76775;F76777;F77020	unchanged_by_declared_fcs_omission
Malassezia__3643464at2759__code1	5		5	F2020962;F223818;F76775;F76777;F77020	unchanged_by_declared_fcs_omission
Malassezia__4613677at2759__code1	5		5	F2020962;F223818;F76775;F76777;F77020	unchanged_by_declared_fcs_omission
Malassezia__4695236at2759__code1	5		5	F2020962;F223818;F76775;F76777;F77020	unchanged_by_declared_fcs_omission
Malassezia__4747214at2759__code1	5		5	F2020962;F223818;F76775;F76777;F77020	unchanged_by_declared_fcs_omission
Malassezia__4764044at2759__code1	5		5	F2020962;F223818;F76775;F76777;F77020	unchanged_by_declared_fcs_omission
Malassezia__4803900at2759__code1	5		5	F2020962;F223818;F76775;F76777;F77020	unchanged_by_declared_fcs_omission
Malassezia__4810093at2759__code1	5		5	F2020962;F223818;F76775;F76777;F77020	unchanged_by_declared_fcs_omission
Malassezia__4813267at2759__code1	5		5	F2020962;F223818;F76775;F76777;F77020	unchanged_by_declared_fcs_omission
Malassezia__4823929at2759__code1	5		5	F2020962;F223818;F76775;F76777;F77020	unchanged_by_declared_fcs_omission
Malassezia__4837017at2759__code1	5		5	F2020962;F223818;F76775;F76777;F77020	unchanged_by_declared_fcs_omission
Malassezia__4838864at2759__code1	5		5	F2020962;F223818;F76775;F76777;F77020	unchanged_by_declared_fcs_omission
Malassezia__4843240at2759__code1	5		5	F2020962;F223818;F76775;F76777;F77020	unchanged_by_declared_fcs_omission
Malassezia__4843824at2759__code1	5		5	F2020962;F223818;F76775;F76777;F77020	unchanged_by_declared_fcs_omission
Malassezia__4867008at2759__code1	5		5	F2020962;F223818;F76775;F76777;F77020	unchanged_by_declared_fcs_omission
Malassezia__4888252at2759__code1	5		5	F2020962;F223818;F76775;F76777;F77020	unchanged_by_declared_fcs_omission
Malassezia__4896098at2759__code1	4		4	F223818;F76775;F76777;F77020	unchanged_by_declared_fcs_omission
Malassezia__4900375at2759__code1	4		4	F2020962;F223818;F76775;F77020	unchanged_by_declared_fcs_omission
Malassezia__4908955at2759__code1	5		5	F2020962;F223818;F76775;F76777;F77020	unchanged_by_declared_fcs_omission
Malassezia__4911644at2759__code1	5		5	F2020962;F223818;F76775;F76777;F77020	unchanged_by_declared_fcs_omission
Malassezia__4940884at2759__code1	5		5	F2020962;F223818;F76775;F76777;F77020	unchanged_by_declared_fcs_omission
Malassezia__4969018at2759__code1	5		5	F2020962;F223818;F76775;F76777;F77020	unchanged_by_declared_fcs_omission
Malassezia__4969636at2759__code1	5		5	F2020962;F223818;F76775;F76777;F77020	unchanged_by_declared_fcs_omission
Malassezia__4969990at2759__code1	4		4	F2020962;F223818;F76775;F77020	unchanged_by_declared_fcs_omission
Malassezia__4970387at2759__code1	4		4	F2020962;F223818;F76775;F77020	unchanged_by_declared_fcs_omission
Malassezia__4970538at2759__code1	5		5	F2020962;F223818;F76775;F76777;F77020	unchanged_by_declared_fcs_omission
Malassezia__4971272at2759__code1	5		5	F2020962;F223818;F76775;F76777;F77020	unchanged_by_declared_fcs_omission
Malassezia__4974767at2759__code1	4		4	F223818;F76775;F76777;F77020	unchanged_by_declared_fcs_omission
Malassezia__4976279at2759__code1	4		4	F2020962;F76775;F76777;F77020	unchanged_by_declared_fcs_omission
Malassezia__4977863at2759__code1	5		5	F2020962;F223818;F76775;F76777;F77020	unchanged_by_declared_fcs_omission
Malassezia__4983000at2759__code1	5		5	F2020962;F223818;F76775;F76777;F77020	unchanged_by_declared_fcs_omission
Malassezia__4985971at2759__code1	5		5	F2020962;F223818;F76775;F76777;F77020	unchanged_by_declared_fcs_omission
Malassezia__4986044at2759__code1	5		5	F2020962;F223818;F76775;F76777;F77020	unchanged_by_declared_fcs_omission
Malassezia__4987397at2759__code1	5		5	F2020962;F223818;F76775;F76777;F77020	unchanged_by_declared_fcs_omission
Malassezia__4988239at2759__code1	5		5	F2020962;F223818;F76775;F76777;F77020	unchanged_by_declared_fcs_omission
Malassezia__4999134at2759__code1	5		5	F2020962;F223818;F76775;F76777;F77020	unchanged_by_declared_fcs_omission
Malassezia__5000045at2759__code1	5		5	F2020962;F223818;F76775;F76777;F77020	unchanged_by_declared_fcs_omission
Malassezia__5000152at2759__code1	5		5	F2020962;F223818;F76775;F76777;F77020	unchanged_by_declared_fcs_omission
Malassezia__5000362at2759__code1	5		5	F2020962;F223818;F76775;F76777;F77020	unchanged_by_declared_fcs_omission
Malassezia__5000371at2759__code1	4		4	F2020962;F223818;F76775;F77020	unchanged_by_declared_fcs_omission
Malassezia__5000452at2759__code1	5		5	F2020962;F223818;F76775;F76777;F77020	unchanged_by_declared_fcs_omission
Malassezia__5000476at2759__code1	5		5	F2020962;F223818;F76775;F76777;F77020	unchanged_by_declared_fcs_omission
Malassezia__5000743at2759__code1	5		5	F2020962;F223818;F76775;F76777;F77020	unchanged_by_declared_fcs_omission
Malassezia__5000823at2759__code1	5		5	F2020962;F223818;F76775;F76777;F77020	unchanged_by_declared_fcs_omission
Malassezia__5000870at2759__code1	5		5	F2020962;F223818;F76775;F76777;F77020	unchanged_by_declared_fcs_omission
Malassezia__5000986at2759__code1	5		5	F2020962;F223818;F76775;F76777;F77020	unchanged_by_declared_fcs_omission
Malassezia__5001156at2759__code1	5		5	F2020962;F223818;F76775;F76777;F77020	unchanged_by_declared_fcs_omission
Malassezia__5001280at2759__code1	5		5	F2020962;F223818;F76775;F76777;F77020	unchanged_by_declared_fcs_omission
Malassezia__5001413at2759__code1	5		5	F2020962;F223818;F76775;F76777;F77020	unchanged_by_declared_fcs_omission
Malassezia__5001473at2759__code1	5		5	F2020962;F223818;F76775;F76777;F77020	unchanged_by_declared_fcs_omission
Malassezia__5001660at2759__code1	5		5	F2020962;F223818;F76775;F76777;F77020	unchanged_by_declared_fcs_omission
Malassezia__5001734at2759__code1	4		4	F2020962;F223818;F76775;F77020	unchanged_by_declared_fcs_omission
Malassezia__5001941at2759__code1	5		5	F2020962;F223818;F76775;F76777;F77020	unchanged_by_declared_fcs_omission
Malassezia__5002334at2759__code1	5		5	F2020962;F223818;F76775;F76777;F77020	unchanged_by_declared_fcs_omission
Malassezia__5002573at2759__code1	5		5	F2020962;F223818;F76775;F76777;F77020	unchanged_by_declared_fcs_omission
Malassezia__5003022at2759__code1	5		5	F2020962;F223818;F76775;F76777;F77020	unchanged_by_declared_fcs_omission
Malassezia__5003192at2759__code1	5		5	F2020962;F223818;F76775;F76777;F77020	unchanged_by_declared_fcs_omission
Malassezia__5003205at2759__code1	5		5	F2020962;F223818;F76775;F76777;F77020	unchanged_by_declared_fcs_omission
Malassezia__5003856at2759__code1	5		5	F2020962;F223818;F76775;F76777;F77020	unchanged_by_declared_fcs_omission
Malassezia__5003972at2759__code1	5		5	F2020962;F223818;F76775;F76777;F77020	unchanged_by_declared_fcs_omission
Malassezia__5004118at2759__code1	5		5	F2020962;F223818;F76775;F76777;F77020	unchanged_by_declared_fcs_omission
Malassezia__5004265at2759__code1	5		5	F2020962;F223818;F76775;F76777;F77020	unchanged_by_declared_fcs_omission
Malassezia__5004327at2759__code1	4		4	F2020962;F223818;F76775;F76777	unchanged_by_declared_fcs_omission
Malassezia__5004391at2759__code1	5		5	F2020962;F223818;F76775;F76777;F77020	unchanged_by_declared_fcs_omission
Malassezia__5004478at2759__code1	5		5	F2020962;F223818;F76775;F76777;F77020	unchanged_by_declared_fcs_omission
Malassezia__5004599at2759__code1	5		5	F2020962;F223818;F76775;F76777;F77020	unchanged_by_declared_fcs_omission
Malassezia__5005010at2759__code1	5		5	F2020962;F223818;F76775;F76777;F77020	unchanged_by_declared_fcs_omission
Malassezia__5005174at2759__code1	5		5	F2020962;F223818;F76775;F76777;F77020	unchanged_by_declared_fcs_omission
Malassezia__5005196at2759__code1	5		5	F2020962;F223818;F76775;F76777;F77020	unchanged_by_declared_fcs_omission
Malassezia__5005215at2759__code1	5		5	F2020962;F223818;F76775;F76777;F77020	unchanged_by_declared_fcs_omission
Malassezia__5005217at2759__code1	5		5	F2020962;F223818;F76775;F76777;F77020	unchanged_by_declared_fcs_omission
Malassezia__5005274at2759__code1	5		5	F2020962;F223818;F76775;F76777;F77020	unchanged_by_declared_fcs_omission
Malassezia__5005697at2759__code1	5		5	F2020962;F223818;F76775;F76777;F77020	unchanged_by_declared_fcs_omission
Malassezia__5005750at2759__code1	5		5	F2020962;F223818;F76775;F76777;F77020	unchanged_by_declared_fcs_omission
Malassezia__5005892at2759__code1	5		5	F2020962;F223818;F76775;F76777;F77020	unchanged_by_declared_fcs_omission
Malassezia__5006326at2759__code1	5		5	F2020962;F223818;F76775;F76777;F77020	unchanged_by_declared_fcs_omission
Malassezia__5006412at2759__code1	5		5	F2020962;F223818;F76775;F76777;F77020	unchanged_by_declared_fcs_omission
Malassezia__5011777at2759__code1	5		5	F2020962;F223818;F76775;F76777;F77020	unchanged_by_declared_fcs_omission
Malassezia__5013067at2759__code1	5		5	F2020962;F223818;F76775;F76777;F77020	unchanged_by_declared_fcs_omission
Malassezia__5013259at2759__code1	5		5	F2020962;F223818;F76775;F76777;F77020	unchanged_by_declared_fcs_omission
Malassezia__5013539at2759__code1	5		5	F2020962;F223818;F76775;F76777;F77020	unchanged_by_declared_fcs_omission
Malassezia__5013726at2759__code1	5		5	F2020962;F223818;F76775;F76777;F77020	unchanged_by_declared_fcs_omission
Malassezia__5013738at2759__code1	5		5	F2020962;F223818;F76775;F76777;F77020	unchanged_by_declared_fcs_omission
Malassezia__5013992at2759__code1	5		5	F2020962;F223818;F76775;F76777;F77020	unchanged_by_declared_fcs_omission
Malassezia__5014007at2759__code1	5		5	F2020962;F223818;F76775;F76777;F77020	unchanged_by_declared_fcs_omission
Malassezia__5015403at2759__code1	5		5	F2020962;F223818;F76775;F76777;F77020	unchanged_by_declared_fcs_omission
Malassezia__5015647at2759__code1	5		5	F2020962;F223818;F76775;F76777;F77020	unchanged_by_declared_fcs_omission
Malassezia__5015712at2759__code1	5		5	F2020962;F223818;F76775;F76777;F77020	unchanged_by_declared_fcs_omission
Malassezia__5015742at2759__code1	5		5	F2020962;F223818;F76775;F76777;F77020	unchanged_by_declared_fcs_omission
Malassezia__5015876at2759__code1	5		5	F2020962;F223818;F76775;F76777;F77020	unchanged_by_declared_fcs_omission
Malassezia__5017019at2759__code1	5		5	F2020962;F223818;F76775;F76777;F77020	unchanged_by_declared_fcs_omission
Malassezia__5018803at2759__code1	5		5	F2020962;F223818;F76775;F76777;F77020	unchanged_by_declared_fcs_omission
Malassezia__529759at2759__code1	5		5	F2020962;F223818;F76775;F76777;F77020	unchanged_by_declared_fcs_omission
Malassezia__530014at2759__code1	5		5	F2020962;F223818;F76775;F76777;F77020	unchanged_by_declared_fcs_omission
Malassezia__530740at2759__code1	5		5	F2020962;F223818;F76775;F76777;F77020	unchanged_by_declared_fcs_omission
Malassezia__538728at2759__code1	5		5	F2020962;F223818;F76775;F76777;F77020	unchanged_by_declared_fcs_omission
Malassezia__538952at2759__code1	4		4	F2020962;F223818;F76775;F77020	unchanged_by_declared_fcs_omission
Malassezia__539632at2759__code1	5		5	F2020962;F223818;F76775;F76777;F77020	unchanged_by_declared_fcs_omission
Malassezia__540946at2759__code1	5		5	F2020962;F223818;F76775;F76777;F77020	unchanged_by_declared_fcs_omission
Malassezia__541070at2759__code1	5		5	F2020962;F223818;F76775;F76777;F77020	unchanged_by_declared_fcs_omission
Malassezia__554735at2759__code1	5		5	F2020962;F223818;F76775;F76777;F77020	unchanged_by_declared_fcs_omission
Malassezia__649304at2759__code1	5		5	F2020962;F223818;F76775;F76777;F77020	unchanged_by_declared_fcs_omission
Malassezia__707076at2759__code1	5		5	F2020962;F223818;F76775;F76777;F77020	unchanged_by_declared_fcs_omission
Malassezia__707202at2759__code1	5		5	F2020962;F223818;F76775;F76777;F77020	unchanged_by_declared_fcs_omission
Malassezia__727964at2759__code1	4		4	F2020962;F223818;F76775;F77020	unchanged_by_declared_fcs_omission
Malassezia__730114at2759__code1	5		5	F2020962;F223818;F76775;F76777;F77020	unchanged_by_declared_fcs_omission
Malassezia__760428at2759__code1	5		5	F2020962;F223818;F76775;F76777;F77020	unchanged_by_declared_fcs_omission
Malassezia__776280at2759__code1	5		5	F2020962;F223818;F76775;F76777;F77020	unchanged_by_declared_fcs_omission
Malassezia__801816at2759__code1	4		4	F223818;F76775;F76777;F77020	unchanged_by_declared_fcs_omission
Microbotryum__115730at2759__code1	4		4	F269621;F288795;F289078;F796604	unchanged_by_declared_fcs_omission
Microbotryum__129234at2759__code1	4		4	F269621;F288795;F289078;F796604	unchanged_by_declared_fcs_omission
Microbotryum__160487at2759__code1	4		4	F269621;F288795;F289078;F796604	unchanged_by_declared_fcs_omission
Microbotryum__201273at2759__code1	4		4	F269621;F288795;F289078;F796604	unchanged_by_declared_fcs_omission
Microbotryum__260326at2759__code1	4		4	F269621;F288795;F289078;F796604	unchanged_by_declared_fcs_omission
Microbotryum__2852757at2759__code1	4		4	F269621;F288795;F289078;F796604	unchanged_by_declared_fcs_omission
Microbotryum__288615at2759__code1	4		4	F269621;F288795;F289078;F796604	unchanged_by_declared_fcs_omission
Microbotryum__319730at2759__code1	4		4	F269621;F288795;F289078;F796604	unchanged_by_declared_fcs_omission
Microbotryum__340246at2759__code1	4		4	F269621;F288795;F289078;F796604	unchanged_by_declared_fcs_omission
Microbotryum__345792at2759__code1	4		4	F269621;F288795;F289078;F796604	unchanged_by_declared_fcs_omission
Microbotryum__352891at2759__code1	4		4	F269621;F288795;F289078;F796604	unchanged_by_declared_fcs_omission
Microbotryum__3643464at2759__code1	4		4	F269621;F288795;F289078;F796604	unchanged_by_declared_fcs_omission
Microbotryum__4613677at2759__code1	4		4	F269621;F288795;F289078;F796604	unchanged_by_declared_fcs_omission
Microbotryum__4695236at2759__code1	4		4	F269621;F288795;F289078;F796604	unchanged_by_declared_fcs_omission
Microbotryum__4747214at2759__code1	4		4	F269621;F288795;F289078;F796604	unchanged_by_declared_fcs_omission
Microbotryum__4764044at2759__code1	4		4	F269621;F288795;F289078;F796604	unchanged_by_declared_fcs_omission
Microbotryum__4803900at2759__code1	4		4	F269621;F288795;F289078;F796604	unchanged_by_declared_fcs_omission
Microbotryum__4810093at2759__code1	4		4	F269621;F288795;F289078;F796604	unchanged_by_declared_fcs_omission
Microbotryum__4823929at2759__code1	4		4	F269621;F288795;F289078;F796604	unchanged_by_declared_fcs_omission
Microbotryum__4837017at2759__code1	4		4	F269621;F288795;F289078;F796604	unchanged_by_declared_fcs_omission
Microbotryum__4838864at2759__code1	4		4	F269621;F288795;F289078;F796604	unchanged_by_declared_fcs_omission
Microbotryum__4843240at2759__code1	4		4	F269621;F288795;F289078;F796604	unchanged_by_declared_fcs_omission
Microbotryum__4843824at2759__code1	4		4	F269621;F288795;F289078;F796604	unchanged_by_declared_fcs_omission
Microbotryum__4867008at2759__code1	4		4	F269621;F288795;F289078;F796604	unchanged_by_declared_fcs_omission
Microbotryum__4888252at2759__code1	4		4	F269621;F288795;F289078;F796604	unchanged_by_declared_fcs_omission
Microbotryum__4896098at2759__code1	4		4	F269621;F288795;F289078;F796604	unchanged_by_declared_fcs_omission
Microbotryum__4900375at2759__code1	4		4	F269621;F288795;F289078;F796604	unchanged_by_declared_fcs_omission
Microbotryum__4908955at2759__code1	4		4	F269621;F288795;F289078;F796604	unchanged_by_declared_fcs_omission
Microbotryum__4911644at2759__code1	4		4	F269621;F288795;F289078;F796604	unchanged_by_declared_fcs_omission
Microbotryum__4940884at2759__code1	4		4	F269621;F288795;F289078;F796604	unchanged_by_declared_fcs_omission
Microbotryum__4969018at2759__code1	4		4	F269621;F288795;F289078;F796604	unchanged_by_declared_fcs_omission
Microbotryum__4969636at2759__code1	4		4	F269621;F288795;F289078;F796604	unchanged_by_declared_fcs_omission
Microbotryum__4970387at2759__code1	4		4	F269621;F288795;F289078;F796604	unchanged_by_declared_fcs_omission
Microbotryum__4974767at2759__code1	4		4	F269621;F288795;F289078;F796604	unchanged_by_declared_fcs_omission
Microbotryum__4975094at2759__code1	4		4	F269621;F288795;F289078;F796604	unchanged_by_declared_fcs_omission
Microbotryum__4976279at2759__code1	4		4	F269621;F288795;F289078;F796604	unchanged_by_declared_fcs_omission
Microbotryum__4977163at2759__code1	4		4	F269621;F288795;F289078;F796604	unchanged_by_declared_fcs_omission
Microbotryum__4977863at2759__code1	4		4	F269621;F288795;F289078;F796604	unchanged_by_declared_fcs_omission
Microbotryum__4983000at2759__code1	4		4	F269621;F288795;F289078;F796604	unchanged_by_declared_fcs_omission
Microbotryum__4985971at2759__code1	4		4	F269621;F288795;F289078;F796604	unchanged_by_declared_fcs_omission
Microbotryum__4986044at2759__code1	4		4	F269621;F288795;F289078;F796604	unchanged_by_declared_fcs_omission
Microbotryum__4987397at2759__code1	4		4	F269621;F288795;F289078;F796604	unchanged_by_declared_fcs_omission
Microbotryum__4999134at2759__code1	4		4	F269621;F288795;F289078;F796604	unchanged_by_declared_fcs_omission
Microbotryum__5000045at2759__code1	4		4	F269621;F288795;F289078;F796604	unchanged_by_declared_fcs_omission
Microbotryum__5000152at2759__code1	4		4	F269621;F288795;F289078;F796604	unchanged_by_declared_fcs_omission
Microbotryum__5000362at2759__code1	4		4	F269621;F288795;F289078;F796604	unchanged_by_declared_fcs_omission
Microbotryum__5000371at2759__code1	4		4	F269621;F288795;F289078;F796604	unchanged_by_declared_fcs_omission
Microbotryum__5000452at2759__code1	4		4	F269621;F288795;F289078;F796604	unchanged_by_declared_fcs_omission
Microbotryum__5000476at2759__code1	4		4	F269621;F288795;F289078;F796604	unchanged_by_declared_fcs_omission
Microbotryum__5000743at2759__code1	4		4	F269621;F288795;F289078;F796604	unchanged_by_declared_fcs_omission
Microbotryum__5000823at2759__code1	4		4	F269621;F288795;F289078;F796604	unchanged_by_declared_fcs_omission
Microbotryum__5000870at2759__code1	4		4	F269621;F288795;F289078;F796604	unchanged_by_declared_fcs_omission
Microbotryum__5000986at2759__code1	4		4	F269621;F288795;F289078;F796604	unchanged_by_declared_fcs_omission
Microbotryum__5001156at2759__code1	4		4	F269621;F288795;F289078;F796604	unchanged_by_declared_fcs_omission
Microbotryum__5001273at2759__code1	4		4	F269621;F288795;F289078;F796604	unchanged_by_declared_fcs_omission
Microbotryum__5001280at2759__code1	4		4	F269621;F288795;F289078;F796604	unchanged_by_declared_fcs_omission
Microbotryum__5001318at2759__code1	4		4	F269621;F288795;F289078;F796604	unchanged_by_declared_fcs_omission
Microbotryum__5001413at2759__code1	4		4	F269621;F288795;F289078;F796604	unchanged_by_declared_fcs_omission
Microbotryum__5001473at2759__code1	4		4	F269621;F288795;F289078;F796604	unchanged_by_declared_fcs_omission
Microbotryum__5001941at2759__code1	4		4	F269621;F288795;F289078;F796604	unchanged_by_declared_fcs_omission
Microbotryum__5002334at2759__code1	4		4	F269621;F288795;F289078;F796604	unchanged_by_declared_fcs_omission
Microbotryum__5002573at2759__code1	4		4	F269621;F288795;F289078;F796604	unchanged_by_declared_fcs_omission
Microbotryum__5003022at2759__code1	4		4	F269621;F288795;F289078;F796604	unchanged_by_declared_fcs_omission
Microbotryum__5003192at2759__code1	4		4	F269621;F288795;F289078;F796604	unchanged_by_declared_fcs_omission
Microbotryum__5003205at2759__code1	4		4	F269621;F288795;F289078;F796604	unchanged_by_declared_fcs_omission
Microbotryum__5003856at2759__code1	4		4	F269621;F288795;F289078;F796604	unchanged_by_declared_fcs_omission
Microbotryum__5003972at2759__code1	4		4	F269621;F288795;F289078;F796604	unchanged_by_declared_fcs_omission
Microbotryum__5004118at2759__code1	4		4	F269621;F288795;F289078;F796604	unchanged_by_declared_fcs_omission
Microbotryum__5004265at2759__code1	4		4	F269621;F288795;F289078;F796604	unchanged_by_declared_fcs_omission
Microbotryum__5004327at2759__code1	4		4	F269621;F288795;F289078;F796604	unchanged_by_declared_fcs_omission
Microbotryum__5004391at2759__code1	4		4	F269621;F288795;F289078;F796604	unchanged_by_declared_fcs_omission
Microbotryum__5004478at2759__code1	4		4	F269621;F288795;F289078;F796604	unchanged_by_declared_fcs_omission
Microbotryum__5004599at2759__code1	4		4	F269621;F288795;F289078;F796604	unchanged_by_declared_fcs_omission
Microbotryum__5005174at2759__code1	4		4	F269621;F288795;F289078;F796604	unchanged_by_declared_fcs_omission
Microbotryum__5005196at2759__code1	4		4	F269621;F288795;F289078;F796604	unchanged_by_declared_fcs_omission
Microbotryum__5005215at2759__code1	4		4	F269621;F288795;F289078;F796604	unchanged_by_declared_fcs_omission
Microbotryum__5005217at2759__code1	4		4	F269621;F288795;F289078;F796604	unchanged_by_declared_fcs_omission
Microbotryum__5005274at2759__code1	4		4	F269621;F288795;F289078;F796604	unchanged_by_declared_fcs_omission
Microbotryum__5005697at2759__code1	4		4	F269621;F288795;F289078;F796604	unchanged_by_declared_fcs_omission
Microbotryum__5005750at2759__code1	4		4	F269621;F288795;F289078;F796604	unchanged_by_declared_fcs_omission
Microbotryum__5006326at2759__code1	4		4	F269621;F288795;F289078;F796604	unchanged_by_declared_fcs_omission
Microbotryum__5006412at2759__code1	4		4	F269621;F288795;F289078;F796604	unchanged_by_declared_fcs_omission
Microbotryum__5011777at2759__code1	4		4	F269621;F288795;F289078;F796604	unchanged_by_declared_fcs_omission
Microbotryum__5013042at2759__code1	4		4	F269621;F288795;F289078;F796604	unchanged_by_declared_fcs_omission
Microbotryum__5013067at2759__code1	4		4	F269621;F288795;F289078;F796604	unchanged_by_declared_fcs_omission
Microbotryum__5013259at2759__code1	4		4	F269621;F288795;F289078;F796604	unchanged_by_declared_fcs_omission
Microbotryum__5013539at2759__code1	4		4	F269621;F288795;F289078;F796604	unchanged_by_declared_fcs_omission
Microbotryum__5013726at2759__code1	4		4	F269621;F288795;F289078;F796604	unchanged_by_declared_fcs_omission
Microbotryum__5013992at2759__code1	4		4	F269621;F288795;F289078;F796604	unchanged_by_declared_fcs_omission
Microbotryum__5015403at2759__code1	4		4	F269621;F288795;F289078;F796604	unchanged_by_declared_fcs_omission
Microbotryum__5015647at2759__code1	4		4	F269621;F288795;F289078;F796604	unchanged_by_declared_fcs_omission
Microbotryum__5015712at2759__code1	4		4	F269621;F288795;F289078;F796604	unchanged_by_declared_fcs_omission
Microbotryum__5015742at2759__code1	4		4	F269621;F288795;F289078;F796604	unchanged_by_declared_fcs_omission
Microbotryum__5017019at2759__code1	4		4	F269621;F288795;F289078;F796604	unchanged_by_declared_fcs_omission
Microbotryum__5018803at2759__code1	4		4	F269621;F288795;F289078;F796604	unchanged_by_declared_fcs_omission
Microbotryum__529759at2759__code1	4		4	F269621;F288795;F289078;F796604	unchanged_by_declared_fcs_omission
Microbotryum__530014at2759__code1	4		4	F269621;F288795;F289078;F796604	unchanged_by_declared_fcs_omission
Microbotryum__530740at2759__code1	4		4	F269621;F288795;F289078;F796604	unchanged_by_declared_fcs_omission
Microbotryum__538728at2759__code1	4		4	F269621;F288795;F289078;F796604	unchanged_by_declared_fcs_omission
Microbotryum__540946at2759__code1	4		4	F269621;F288795;F289078;F796604	unchanged_by_declared_fcs_omission
Microbotryum__541070at2759__code1	4		4	F269621;F288795;F289078;F796604	unchanged_by_declared_fcs_omission
Microbotryum__554735at2759__code1	4		4	F269621;F288795;F289078;F796604	unchanged_by_declared_fcs_omission
Microbotryum__649304at2759__code1	4		4	F269621;F288795;F289078;F796604	unchanged_by_declared_fcs_omission
Microbotryum__707076at2759__code1	4		4	F269621;F288795;F289078;F796604	unchanged_by_declared_fcs_omission
Microbotryum__707202at2759__code1	4		4	F269621;F288795;F289078;F796604	unchanged_by_declared_fcs_omission
Microbotryum__727964at2759__code1	4		4	F269621;F288795;F289078;F796604	unchanged_by_declared_fcs_omission
Microbotryum__730114at2759__code1	4		4	F269621;F288795;F289078;F796604	unchanged_by_declared_fcs_omission
Microbotryum__776280at2759__code1	4		4	F269621;F288795;F289078;F796604	unchanged_by_declared_fcs_omission
Microbotryum__801816at2759__code1	4		4	F269621;F288795;F289078;F796604	unchanged_by_declared_fcs_omission
Naganishia__115730at2759__code1	4		4	F104408;F1424756;F610337;F89922	unchanged_by_declared_fcs_omission
Naganishia__129234at2759__code1	4	F610337	3	F104408;F1424756;F89922	below_existing_four_taxon_minimum
Naganishia__201273at2759__code1	4		4	F104408;F1424756;F610337;F89922	unchanged_by_declared_fcs_omission
Naganishia__207567at2759__code1	4		4	F104408;F1424756;F610337;F89922	unchanged_by_declared_fcs_omission
Naganishia__260326at2759__code1	4	F610337	3	F104408;F1424756;F89922	below_existing_four_taxon_minimum
Naganishia__288615at2759__code1	4		4	F104408;F1424756;F610337;F89922	unchanged_by_declared_fcs_omission
Naganishia__340246at2759__code1	4	F610337	3	F104408;F1424756;F89922	below_existing_four_taxon_minimum
Naganishia__345792at2759__code1	4	F610337	3	F104408;F1424756;F89922	below_existing_four_taxon_minimum
Naganishia__352891at2759__code1	4		4	F104408;F1424756;F610337;F89922	unchanged_by_declared_fcs_omission
Naganishia__4810093at2759__code1	4	F610337	3	F104408;F1424756;F89922	below_existing_four_taxon_minimum
Naganishia__4823929at2759__code1	4	F610337	3	F104408;F1424756;F89922	below_existing_four_taxon_minimum
Naganishia__4837017at2759__code1	4		4	F104408;F1424756;F610337;F89922	unchanged_by_declared_fcs_omission
Naganishia__4838864at2759__code1	4	F610337	3	F104408;F1424756;F89922	below_existing_four_taxon_minimum
Naganishia__4867008at2759__code1	4	F610337	3	F104408;F1424756;F89922	below_existing_four_taxon_minimum
Naganishia__4896098at2759__code1	4	F610337	3	F104408;F1424756;F89922	below_existing_four_taxon_minimum
Naganishia__4908955at2759__code1	4	F610337	3	F104408;F1424756;F89922	below_existing_four_taxon_minimum
Naganishia__4970538at2759__code1	4	F610337	3	F104408;F1424756;F89922	below_existing_four_taxon_minimum
Naganishia__4976279at2759__code1	4	F610337	3	F104408;F1424756;F89922	below_existing_four_taxon_minimum
Naganishia__4985971at2759__code1	4		4	F104408;F1424756;F610337;F89922	unchanged_by_declared_fcs_omission
Naganishia__4988239at2759__code1	4		4	F104408;F1424756;F610337;F89922	unchanged_by_declared_fcs_omission
Naganishia__4999134at2759__code1	4		4	F104408;F1424756;F610337;F89922	unchanged_by_declared_fcs_omission
Naganishia__5000045at2759__code1	4		4	F104408;F1424756;F610337;F89922	unchanged_by_declared_fcs_omission
Naganishia__5000152at2759__code1	4		4	F104408;F1424756;F610337;F89922	unchanged_by_declared_fcs_omission
Naganishia__5000362at2759__code1	4		4	F104408;F1424756;F610337;F89922	unchanged_by_declared_fcs_omission
Naganishia__5000371at2759__code1	4	F610337	3	F104408;F1424756;F89922	below_existing_four_taxon_minimum
Naganishia__5000452at2759__code1	4	F610337	3	F104408;F1424756;F89922	below_existing_four_taxon_minimum
Naganishia__5000870at2759__code1	4	F610337	3	F104408;F1424756;F89922	below_existing_four_taxon_minimum
Naganishia__5001273at2759__code1	4		4	F104408;F1424756;F610337;F89922	unchanged_by_declared_fcs_omission
Naganishia__5001413at2759__code1	4	F610337	3	F104408;F1424756;F89922	below_existing_four_taxon_minimum
Naganishia__5001473at2759__code1	4	F610337	3	F104408;F1424756;F89922	below_existing_four_taxon_minimum
Naganishia__5001734at2759__code1	4		4	F104408;F1424756;F610337;F89922	unchanged_by_declared_fcs_omission
Naganishia__5002334at2759__code1	4		4	F104408;F1424756;F610337;F89922	unchanged_by_declared_fcs_omission
Naganishia__5003022at2759__code1	4		4	F104408;F1424756;F610337;F89922	unchanged_by_declared_fcs_omission
Naganishia__5003192at2759__code1	4		4	F104408;F1424756;F610337;F89922	unchanged_by_declared_fcs_omission
Naganishia__5004265at2759__code1	4		4	F104408;F1424756;F610337;F89922	unchanged_by_declared_fcs_omission
Naganishia__5004327at2759__code1	4		4	F104408;F1424756;F610337;F89922	unchanged_by_declared_fcs_omission
Naganishia__5004478at2759__code1	4		4	F104408;F1424756;F610337;F89922	unchanged_by_declared_fcs_omission
Naganishia__5005010at2759__code1	4	F610337	3	F104408;F1424756;F89922	below_existing_four_taxon_minimum
Naganishia__5005174at2759__code1	4		4	F104408;F1424756;F610337;F89922	unchanged_by_declared_fcs_omission
Naganishia__5005217at2759__code1	4		4	F104408;F1424756;F610337;F89922	unchanged_by_declared_fcs_omission
Naganishia__5005274at2759__code1	4	F610337	3	F104408;F1424756;F89922	below_existing_four_taxon_minimum
Naganishia__5005697at2759__code1	4	F610337	3	F104408;F1424756;F89922	below_existing_four_taxon_minimum
Naganishia__5005892at2759__code1	4	F610337	3	F104408;F1424756;F89922	below_existing_four_taxon_minimum
Naganishia__5006326at2759__code1	4	F610337	3	F104408;F1424756;F89922	below_existing_four_taxon_minimum
Naganishia__5011777at2759__code1	4	F610337	3	F104408;F1424756;F89922	below_existing_four_taxon_minimum
Naganishia__5013067at2759__code1	4		4	F104408;F1424756;F610337;F89922	unchanged_by_declared_fcs_omission
Naganishia__5013259at2759__code1	4	F610337	3	F104408;F1424756;F89922	below_existing_four_taxon_minimum
Naganishia__5013992at2759__code1	4		4	F104408;F1424756;F610337;F89922	unchanged_by_declared_fcs_omission
Naganishia__5014007at2759__code1	4	F610337	3	F104408;F1424756;F89922	below_existing_four_taxon_minimum
Naganishia__5015403at2759__code1	4		4	F104408;F1424756;F610337;F89922	unchanged_by_declared_fcs_omission
Naganishia__5015712at2759__code1	4		4	F104408;F1424756;F610337;F89922	unchanged_by_declared_fcs_omission
Naganishia__5015742at2759__code1	4		4	F104408;F1424756;F610337;F89922	unchanged_by_declared_fcs_omission
Naganishia__5015876at2759__code1	4	F610337	3	F104408;F1424756;F89922	below_existing_four_taxon_minimum
Naganishia__5017019at2759__code1	4		4	F104408;F1424756;F610337;F89922	unchanged_by_declared_fcs_omission
Naganishia__530740at2759__code1	4		4	F104408;F1424756;F610337;F89922	unchanged_by_declared_fcs_omission
Naganishia__538728at2759__code1	4		4	F104408;F1424756;F610337;F89922	unchanged_by_declared_fcs_omission
Naganishia__539632at2759__code1	4		4	F104408;F1424756;F610337;F89922	unchanged_by_declared_fcs_omission
Naganishia__540946at2759__code1	4	F610337	3	F104408;F1424756;F89922	below_existing_four_taxon_minimum
Naganishia__541070at2759__code1	4		4	F104408;F1424756;F610337;F89922	unchanged_by_declared_fcs_omission
Naganishia__707076at2759__code1	4		4	F104408;F1424756;F610337;F89922	unchanged_by_declared_fcs_omission
Naganishia__707202at2759__code1	4		4	F104408;F1424756;F610337;F89922	unchanged_by_declared_fcs_omission
Naganishia__760428at2759__code1	4	F610337	3	F104408;F1424756;F89922	below_existing_four_taxon_minimum
Naganishia__776280at2759__code1	4	F610337	3	F104408;F1424756;F89922	below_existing_four_taxon_minimum
Saccharomyces__115730at2759__code1	7		7	F1080349;F114524;F114525;F230603;F27291;F4932;F706196	unchanged_by_declared_fcs_omission
Saccharomyces__129234at2759__code1	6		6	F1080349;F114524;F114525;F230603;F27291;F4932	unchanged_by_declared_fcs_omission
Saccharomyces__160487at2759__code1	7		7	F1080349;F114524;F114525;F230603;F27291;F4932;F706196	unchanged_by_declared_fcs_omission
Saccharomyces__201273at2759__code1	7		7	F1080349;F114524;F114525;F230603;F27291;F4932;F706196	unchanged_by_declared_fcs_omission
Saccharomyces__207567at2759__code1	7		7	F1080349;F114524;F114525;F230603;F27291;F4932;F706196	unchanged_by_declared_fcs_omission
Saccharomyces__260326at2759__code1	7		7	F1080349;F114524;F114525;F230603;F27291;F4932;F706196	unchanged_by_declared_fcs_omission
Saccharomyces__2852757at2759__code1	7		7	F1080349;F114524;F114525;F230603;F27291;F4932;F706196	unchanged_by_declared_fcs_omission
Saccharomyces__288615at2759__code1	7		7	F1080349;F114524;F114525;F230603;F27291;F4932;F706196	unchanged_by_declared_fcs_omission
Saccharomyces__319730at2759__code1	7		7	F1080349;F114524;F114525;F230603;F27291;F4932;F706196	unchanged_by_declared_fcs_omission
Saccharomyces__340246at2759__code1	7		7	F1080349;F114524;F114525;F230603;F27291;F4932;F706196	unchanged_by_declared_fcs_omission
Saccharomyces__345792at2759__code1	7		7	F1080349;F114524;F114525;F230603;F27291;F4932;F706196	unchanged_by_declared_fcs_omission
Saccharomyces__352891at2759__code1	7		7	F1080349;F114524;F114525;F230603;F27291;F4932;F706196	unchanged_by_declared_fcs_omission
Saccharomyces__3643464at2759__code1	7		7	F1080349;F114524;F114525;F230603;F27291;F4932;F706196	unchanged_by_declared_fcs_omission
Saccharomyces__4613677at2759__code1	7		7	F1080349;F114524;F114525;F230603;F27291;F4932;F706196	unchanged_by_declared_fcs_omission
Saccharomyces__4695236at2759__code1	7		7	F1080349;F114524;F114525;F230603;F27291;F4932;F706196	unchanged_by_declared_fcs_omission
Saccharomyces__4747214at2759__code1	7		7	F1080349;F114524;F114525;F230603;F27291;F4932;F706196	unchanged_by_declared_fcs_omission
Saccharomyces__4764044at2759__code1	7		7	F1080349;F114524;F114525;F230603;F27291;F4932;F706196	unchanged_by_declared_fcs_omission
Saccharomyces__4803900at2759__code1	6		6	F1080349;F114524;F114525;F230603;F27291;F4932	unchanged_by_declared_fcs_omission
Saccharomyces__4810093at2759__code1	7		7	F1080349;F114524;F114525;F230603;F27291;F4932;F706196	unchanged_by_declared_fcs_omission
Saccharomyces__4813267at2759__code1	7		7	F1080349;F114524;F114525;F230603;F27291;F4932;F706196	unchanged_by_declared_fcs_omission
Saccharomyces__4823929at2759__code1	7		7	F1080349;F114524;F114525;F230603;F27291;F4932;F706196	unchanged_by_declared_fcs_omission
Saccharomyces__4837017at2759__code1	7		7	F1080349;F114524;F114525;F230603;F27291;F4932;F706196	unchanged_by_declared_fcs_omission
Saccharomyces__4838864at2759__code1	7		7	F1080349;F114524;F114525;F230603;F27291;F4932;F706196	unchanged_by_declared_fcs_omission
Saccharomyces__4843240at2759__code1	6		6	F1080349;F114524;F114525;F230603;F27291;F4932	unchanged_by_declared_fcs_omission
Saccharomyces__4843824at2759__code1	7		7	F1080349;F114524;F114525;F230603;F27291;F4932;F706196	unchanged_by_declared_fcs_omission
Saccharomyces__4867008at2759__code1	5		5	F114524;F114525;F230603;F27291;F4932	unchanged_by_declared_fcs_omission
Saccharomyces__4888252at2759__code1	7		7	F1080349;F114524;F114525;F230603;F27291;F4932;F706196	unchanged_by_declared_fcs_omission
Saccharomyces__4896098at2759__code1	7		7	F1080349;F114524;F114525;F230603;F27291;F4932;F706196	unchanged_by_declared_fcs_omission
Saccharomyces__4900375at2759__code1	7		7	F1080349;F114524;F114525;F230603;F27291;F4932;F706196	unchanged_by_declared_fcs_omission
Saccharomyces__4908955at2759__code1	7		7	F1080349;F114524;F114525;F230603;F27291;F4932;F706196	unchanged_by_declared_fcs_omission
Saccharomyces__4911644at2759__code1	7		7	F1080349;F114524;F114525;F230603;F27291;F4932;F706196	unchanged_by_declared_fcs_omission
Saccharomyces__4969018at2759__code1	7		7	F1080349;F114524;F114525;F230603;F27291;F4932;F706196	unchanged_by_declared_fcs_omission
Saccharomyces__4969636at2759__code1	6		6	F1080349;F114524;F114525;F230603;F27291;F4932	unchanged_by_declared_fcs_omission
Saccharomyces__4969990at2759__code1	7		7	F1080349;F114524;F114525;F230603;F27291;F4932;F706196	unchanged_by_declared_fcs_omission
Saccharomyces__4970387at2759__code1	6		6	F1080349;F114524;F114525;F230603;F27291;F4932	unchanged_by_declared_fcs_omission
Saccharomyces__4970538at2759__code1	7		7	F1080349;F114524;F114525;F230603;F27291;F4932;F706196	unchanged_by_declared_fcs_omission
Saccharomyces__4971272at2759__code1	7		7	F1080349;F114524;F114525;F230603;F27291;F4932;F706196	unchanged_by_declared_fcs_omission
Saccharomyces__4974767at2759__code1	7		7	F1080349;F114524;F114525;F230603;F27291;F4932;F706196	unchanged_by_declared_fcs_omission
Saccharomyces__4975094at2759__code1	7		7	F1080349;F114524;F114525;F230603;F27291;F4932;F706196	unchanged_by_declared_fcs_omission
Saccharomyces__4976279at2759__code1	7		7	F1080349;F114524;F114525;F230603;F27291;F4932;F706196	unchanged_by_declared_fcs_omission
Saccharomyces__4977163at2759__code1	7		7	F1080349;F114524;F114525;F230603;F27291;F4932;F706196	unchanged_by_declared_fcs_omission
Saccharomyces__4977863at2759__code1	7		7	F1080349;F114524;F114525;F230603;F27291;F4932;F706196	unchanged_by_declared_fcs_omission
Saccharomyces__4983000at2759__code1	7		7	F1080349;F114524;F114525;F230603;F27291;F4932;F706196	unchanged_by_declared_fcs_omission
Saccharomyces__4985971at2759__code1	7		7	F1080349;F114524;F114525;F230603;F27291;F4932;F706196	unchanged_by_declared_fcs_omission
Saccharomyces__4986044at2759__code1	7		7	F1080349;F114524;F114525;F230603;F27291;F4932;F706196	unchanged_by_declared_fcs_omission
Saccharomyces__4987397at2759__code1	7		7	F1080349;F114524;F114525;F230603;F27291;F4932;F706196	unchanged_by_declared_fcs_omission
Saccharomyces__4988239at2759__code1	7		7	F1080349;F114524;F114525;F230603;F27291;F4932;F706196	unchanged_by_declared_fcs_omission
Saccharomyces__4999134at2759__code1	6		6	F1080349;F114524;F114525;F230603;F27291;F4932	unchanged_by_declared_fcs_omission
Saccharomyces__5000045at2759__code1	7		7	F1080349;F114524;F114525;F230603;F27291;F4932;F706196	unchanged_by_declared_fcs_omission
Saccharomyces__5000152at2759__code1	7		7	F1080349;F114524;F114525;F230603;F27291;F4932;F706196	unchanged_by_declared_fcs_omission
Saccharomyces__5000362at2759__code1	6		6	F1080349;F114524;F114525;F230603;F27291;F4932	unchanged_by_declared_fcs_omission
Saccharomyces__5000371at2759__code1	7		7	F1080349;F114524;F114525;F230603;F27291;F4932;F706196	unchanged_by_declared_fcs_omission
Saccharomyces__5000452at2759__code1	6		6	F1080349;F114524;F114525;F230603;F27291;F4932	unchanged_by_declared_fcs_omission
Saccharomyces__5000476at2759__code1	7		7	F1080349;F114524;F114525;F230603;F27291;F4932;F706196	unchanged_by_declared_fcs_omission
Saccharomyces__5000743at2759__code1	7		7	F1080349;F114524;F114525;F230603;F27291;F4932;F706196	unchanged_by_declared_fcs_omission
Saccharomyces__5000823at2759__code1	7		7	F1080349;F114524;F114525;F230603;F27291;F4932;F706196	unchanged_by_declared_fcs_omission
Saccharomyces__5000870at2759__code1	7		7	F1080349;F114524;F114525;F230603;F27291;F4932;F706196	unchanged_by_declared_fcs_omission
Saccharomyces__5000986at2759__code1	7		7	F1080349;F114524;F114525;F230603;F27291;F4932;F706196	unchanged_by_declared_fcs_omission
Saccharomyces__5001156at2759__code1	7		7	F1080349;F114524;F114525;F230603;F27291;F4932;F706196	unchanged_by_declared_fcs_omission
Saccharomyces__5001273at2759__code1	7		7	F1080349;F114524;F114525;F230603;F27291;F4932;F706196	unchanged_by_declared_fcs_omission
Saccharomyces__5001280at2759__code1	7		7	F1080349;F114524;F114525;F230603;F27291;F4932;F706196	unchanged_by_declared_fcs_omission
Saccharomyces__5001318at2759__code1	7		7	F1080349;F114524;F114525;F230603;F27291;F4932;F706196	unchanged_by_declared_fcs_omission
Saccharomyces__5001413at2759__code1	7		7	F1080349;F114524;F114525;F230603;F27291;F4932;F706196	unchanged_by_declared_fcs_omission
Saccharomyces__5001473at2759__code1	6		6	F1080349;F114524;F114525;F230603;F27291;F4932	unchanged_by_declared_fcs_omission
Saccharomyces__5001660at2759__code1	7		7	F1080349;F114524;F114525;F230603;F27291;F4932;F706196	unchanged_by_declared_fcs_omission
Saccharomyces__5001734at2759__code1	7		7	F1080349;F114524;F114525;F230603;F27291;F4932;F706196	unchanged_by_declared_fcs_omission
Saccharomyces__5002334at2759__code1	7		7	F1080349;F114524;F114525;F230603;F27291;F4932;F706196	unchanged_by_declared_fcs_omission
Saccharomyces__5002573at2759__code1	4		4	F114524;F114525;F4932;F706196	unchanged_by_declared_fcs_omission
Saccharomyces__5003022at2759__code1	7		7	F1080349;F114524;F114525;F230603;F27291;F4932;F706196	unchanged_by_declared_fcs_omission
Saccharomyces__5003192at2759__code1	7		7	F1080349;F114524;F114525;F230603;F27291;F4932;F706196	unchanged_by_declared_fcs_omission
Saccharomyces__5003205at2759__code1	7		7	F1080349;F114524;F114525;F230603;F27291;F4932;F706196	unchanged_by_declared_fcs_omission
Saccharomyces__5003856at2759__code1	6		6	F1080349;F114524;F114525;F230603;F27291;F4932	unchanged_by_declared_fcs_omission
Saccharomyces__5003972at2759__code1	7		7	F1080349;F114524;F114525;F230603;F27291;F4932;F706196	unchanged_by_declared_fcs_omission
Saccharomyces__5004118at2759__code1	6		6	F1080349;F114524;F114525;F230603;F27291;F4932	unchanged_by_declared_fcs_omission
Saccharomyces__5004265at2759__code1	7		7	F1080349;F114524;F114525;F230603;F27291;F4932;F706196	unchanged_by_declared_fcs_omission
Saccharomyces__5004327at2759__code1	7		7	F1080349;F114524;F114525;F230603;F27291;F4932;F706196	unchanged_by_declared_fcs_omission
Saccharomyces__5004391at2759__code1	7		7	F1080349;F114524;F114525;F230603;F27291;F4932;F706196	unchanged_by_declared_fcs_omission
Saccharomyces__5004478at2759__code1	7		7	F1080349;F114524;F114525;F230603;F27291;F4932;F706196	unchanged_by_declared_fcs_omission
Saccharomyces__5004599at2759__code1	7		7	F1080349;F114524;F114525;F230603;F27291;F4932;F706196	unchanged_by_declared_fcs_omission
Saccharomyces__5005010at2759__code1	6		6	F1080349;F114524;F114525;F230603;F27291;F4932	unchanged_by_declared_fcs_omission
Saccharomyces__5005174at2759__code1	7		7	F1080349;F114524;F114525;F230603;F27291;F4932;F706196	unchanged_by_declared_fcs_omission
Saccharomyces__5005196at2759__code1	6		6	F1080349;F114524;F114525;F230603;F27291;F4932	unchanged_by_declared_fcs_omission
Saccharomyces__5005215at2759__code1	7		7	F1080349;F114524;F114525;F230603;F27291;F4932;F706196	unchanged_by_declared_fcs_omission
Saccharomyces__5005217at2759__code1	7		7	F1080349;F114524;F114525;F230603;F27291;F4932;F706196	unchanged_by_declared_fcs_omission
Saccharomyces__5005274at2759__code1	7		7	F1080349;F114524;F114525;F230603;F27291;F4932;F706196	unchanged_by_declared_fcs_omission
Saccharomyces__5005697at2759__code1	7		7	F1080349;F114524;F114525;F230603;F27291;F4932;F706196	unchanged_by_declared_fcs_omission
Saccharomyces__5005750at2759__code1	7		7	F1080349;F114524;F114525;F230603;F27291;F4932;F706196	unchanged_by_declared_fcs_omission
Saccharomyces__5005892at2759__code1	7		7	F1080349;F114524;F114525;F230603;F27291;F4932;F706196	unchanged_by_declared_fcs_omission
Saccharomyces__5006326at2759__code1	7		7	F1080349;F114524;F114525;F230603;F27291;F4932;F706196	unchanged_by_declared_fcs_omission
Saccharomyces__5006412at2759__code1	7		7	F1080349;F114524;F114525;F230603;F27291;F4932;F706196	unchanged_by_declared_fcs_omission
Saccharomyces__5011777at2759__code1	7		7	F1080349;F114524;F114525;F230603;F27291;F4932;F706196	unchanged_by_declared_fcs_omission
Saccharomyces__5013067at2759__code1	7		7	F1080349;F114524;F114525;F230603;F27291;F4932;F706196	unchanged_by_declared_fcs_omission
Saccharomyces__5013259at2759__code1	7		7	F1080349;F114524;F114525;F230603;F27291;F4932;F706196	unchanged_by_declared_fcs_omission
Saccharomyces__5013539at2759__code1	7		7	F1080349;F114524;F114525;F230603;F27291;F4932;F706196	unchanged_by_declared_fcs_omission
Saccharomyces__5013726at2759__code1	7		7	F1080349;F114524;F114525;F230603;F27291;F4932;F706196	unchanged_by_declared_fcs_omission
Saccharomyces__5013738at2759__code1	7		7	F1080349;F114524;F114525;F230603;F27291;F4932;F706196	unchanged_by_declared_fcs_omission
Saccharomyces__5013992at2759__code1	6		6	F1080349;F114524;F114525;F230603;F27291;F4932	unchanged_by_declared_fcs_omission
Saccharomyces__5014007at2759__code1	7		7	F1080349;F114524;F114525;F230603;F27291;F4932;F706196	unchanged_by_declared_fcs_omission
Saccharomyces__5015403at2759__code1	7		7	F1080349;F114524;F114525;F230603;F27291;F4932;F706196	unchanged_by_declared_fcs_omission
Saccharomyces__5015647at2759__code1	7		7	F1080349;F114524;F114525;F230603;F27291;F4932;F706196	unchanged_by_declared_fcs_omission
Saccharomyces__5015712at2759__code1	7		7	F1080349;F114524;F114525;F230603;F27291;F4932;F706196	unchanged_by_declared_fcs_omission
Saccharomyces__5015742at2759__code1	7		7	F1080349;F114524;F114525;F230603;F27291;F4932;F706196	unchanged_by_declared_fcs_omission
Saccharomyces__5015876at2759__code1	7		7	F1080349;F114524;F114525;F230603;F27291;F4932;F706196	unchanged_by_declared_fcs_omission
Saccharomyces__5017019at2759__code1	7		7	F1080349;F114524;F114525;F230603;F27291;F4932;F706196	unchanged_by_declared_fcs_omission
Saccharomyces__5018803at2759__code1	7		7	F1080349;F114524;F114525;F230603;F27291;F4932;F706196	unchanged_by_declared_fcs_omission
Saccharomyces__529759at2759__code1	7		7	F1080349;F114524;F114525;F230603;F27291;F4932;F706196	unchanged_by_declared_fcs_omission
Saccharomyces__530014at2759__code1	7		7	F1080349;F114524;F114525;F230603;F27291;F4932;F706196	unchanged_by_declared_fcs_omission
Saccharomyces__530740at2759__code1	7		7	F1080349;F114524;F114525;F230603;F27291;F4932;F706196	unchanged_by_declared_fcs_omission
Saccharomyces__538728at2759__code1	7		7	F1080349;F114524;F114525;F230603;F27291;F4932;F706196	unchanged_by_declared_fcs_omission
Saccharomyces__538952at2759__code1	7		7	F1080349;F114524;F114525;F230603;F27291;F4932;F706196	unchanged_by_declared_fcs_omission
Saccharomyces__539632at2759__code1	7		7	F1080349;F114524;F114525;F230603;F27291;F4932;F706196	unchanged_by_declared_fcs_omission
Saccharomyces__540946at2759__code1	6		6	F1080349;F114524;F114525;F230603;F27291;F4932	unchanged_by_declared_fcs_omission
Saccharomyces__541070at2759__code1	7		7	F1080349;F114524;F114525;F230603;F27291;F4932;F706196	unchanged_by_declared_fcs_omission
Saccharomyces__554735at2759__code1	7		7	F1080349;F114524;F114525;F230603;F27291;F4932;F706196	unchanged_by_declared_fcs_omission
Saccharomyces__649304at2759__code1	6		6	F1080349;F114524;F114525;F230603;F27291;F4932	unchanged_by_declared_fcs_omission
Saccharomyces__707076at2759__code1	7		7	F1080349;F114524;F114525;F230603;F27291;F4932;F706196	unchanged_by_declared_fcs_omission
Saccharomyces__707202at2759__code1	7		7	F1080349;F114524;F114525;F230603;F27291;F4932;F706196	unchanged_by_declared_fcs_omission
Saccharomyces__727964at2759__code1	7		7	F1080349;F114524;F114525;F230603;F27291;F4932;F706196	unchanged_by_declared_fcs_omission
Saccharomyces__730114at2759__code1	7		7	F1080349;F114524;F114525;F230603;F27291;F4932;F706196	unchanged_by_declared_fcs_omission
Saccharomyces__760428at2759__code1	7		7	F1080349;F114524;F114525;F230603;F27291;F4932;F706196	unchanged_by_declared_fcs_omission
Saccharomyces__776280at2759__code1	6		6	F1080349;F114524;F114525;F230603;F27291;F4932	unchanged_by_declared_fcs_omission
Saccharomyces__801816at2759__code1	7		7	F1080349;F114524;F114525;F230603;F27291;F4932;F706196	unchanged_by_declared_fcs_omission
Suillus__115730at2759__code1	9		9	F116603;F1904413;F1912936;F1912939;F48563;F48565;F48578;F48586;F48593	unchanged_by_declared_fcs_omission
Suillus__129234at2759__code1	9		9	F116603;F1912936;F1912939;F48563;F48565;F48578;F48586;F48587;F48593	unchanged_by_declared_fcs_omission
Suillus__160487at2759__code1	8		8	F116603;F1904413;F1912936;F1912939;F48563;F48565;F48578;F48586	unchanged_by_declared_fcs_omission
Suillus__201273at2759__code1	7		7	F116603;F1912936;F1912939;F48563;F48565;F48578;F48586	unchanged_by_declared_fcs_omission
Suillus__207567at2759__code1	10		10	F116603;F1904413;F1912936;F1912939;F48563;F48565;F48578;F48586;F48587;F48593	unchanged_by_declared_fcs_omission
Suillus__260326at2759__code1	10		10	F116603;F1904413;F1912936;F1912939;F48563;F48565;F48578;F48586;F48587;F48593	unchanged_by_declared_fcs_omission
Suillus__2852757at2759__code1	10		10	F116603;F1904413;F1912936;F1912939;F48563;F48565;F48578;F48586;F48587;F48593	unchanged_by_declared_fcs_omission
Suillus__288615at2759__code1	10		10	F116603;F1904413;F1912936;F1912939;F48563;F48565;F48578;F48586;F48587;F48593	unchanged_by_declared_fcs_omission
Suillus__319730at2759__code1	10		10	F116603;F1904413;F1912936;F1912939;F48563;F48565;F48578;F48586;F48587;F48593	unchanged_by_declared_fcs_omission
Suillus__340246at2759__code1	9		9	F116603;F1904413;F1912936;F1912939;F48563;F48565;F48578;F48586;F48587	unchanged_by_declared_fcs_omission
Suillus__345792at2759__code1	8		8	F116603;F1912936;F1912939;F48565;F48578;F48586;F48587;F48593	unchanged_by_declared_fcs_omission
Suillus__352891at2759__code1	10		10	F116603;F1904413;F1912936;F1912939;F48563;F48565;F48578;F48586;F48587;F48593	unchanged_by_declared_fcs_omission
Suillus__3643464at2759__code1	10		10	F116603;F1904413;F1912936;F1912939;F48563;F48565;F48578;F48586;F48587;F48593	unchanged_by_declared_fcs_omission
Suillus__4613677at2759__code1	9		9	F116603;F1904413;F1912936;F1912939;F48563;F48578;F48586;F48587;F48593	unchanged_by_declared_fcs_omission
Suillus__4695236at2759__code1	9		9	F116603;F1904413;F1912936;F1912939;F48563;F48565;F48586;F48587;F48593	unchanged_by_declared_fcs_omission
Suillus__4747214at2759__code1	4		4	F1904413;F48586;F48587;F48593	unchanged_by_declared_fcs_omission
Suillus__4764044at2759__code1	10		10	F116603;F1904413;F1912936;F1912939;F48563;F48565;F48578;F48586;F48587;F48593	unchanged_by_declared_fcs_omission
Suillus__4803900at2759__code1	10		10	F116603;F1904413;F1912936;F1912939;F48563;F48565;F48578;F48586;F48587;F48593	unchanged_by_declared_fcs_omission
Suillus__4810093at2759__code1	10		10	F116603;F1904413;F1912936;F1912939;F48563;F48565;F48578;F48586;F48587;F48593	unchanged_by_declared_fcs_omission
Suillus__4813267at2759__code1	10		10	F116603;F1904413;F1912936;F1912939;F48563;F48565;F48578;F48586;F48587;F48593	unchanged_by_declared_fcs_omission
Suillus__4823929at2759__code1	9		9	F116603;F1904413;F1912936;F1912939;F48565;F48578;F48586;F48587;F48593	unchanged_by_declared_fcs_omission
Suillus__4837017at2759__code1	10		10	F116603;F1904413;F1912936;F1912939;F48563;F48565;F48578;F48586;F48587;F48593	unchanged_by_declared_fcs_omission
Suillus__4838864at2759__code1	10		10	F116603;F1904413;F1912936;F1912939;F48563;F48565;F48578;F48586;F48587;F48593	unchanged_by_declared_fcs_omission
Suillus__4843240at2759__code1	9		9	F116603;F1904413;F1912936;F1912939;F48563;F48578;F48586;F48587;F48593	unchanged_by_declared_fcs_omission
Suillus__4843824at2759__code1	10		10	F116603;F1904413;F1912936;F1912939;F48563;F48565;F48578;F48586;F48587;F48593	unchanged_by_declared_fcs_omission
Suillus__4867008at2759__code1	10		10	F116603;F1904413;F1912936;F1912939;F48563;F48565;F48578;F48586;F48587;F48593	unchanged_by_declared_fcs_omission
Suillus__4888252at2759__code1	9		9	F116603;F1904413;F1912936;F48563;F48565;F48578;F48586;F48587;F48593	unchanged_by_declared_fcs_omission
Suillus__4896098at2759__code1	9		9	F116603;F1904413;F1912936;F1912939;F48563;F48578;F48586;F48587;F48593	unchanged_by_declared_fcs_omission
Suillus__4900375at2759__code1	10		10	F116603;F1904413;F1912936;F1912939;F48563;F48565;F48578;F48586;F48587;F48593	unchanged_by_declared_fcs_omission
Suillus__4908955at2759__code1	10		10	F116603;F1904413;F1912936;F1912939;F48563;F48565;F48578;F48586;F48587;F48593	unchanged_by_declared_fcs_omission
Suillus__4911644at2759__code1	10		10	F116603;F1904413;F1912936;F1912939;F48563;F48565;F48578;F48586;F48587;F48593	unchanged_by_declared_fcs_omission
Suillus__4940884at2759__code1	10		10	F116603;F1904413;F1912936;F1912939;F48563;F48565;F48578;F48586;F48587;F48593	unchanged_by_declared_fcs_omission
Suillus__4969018at2759__code1	10		10	F116603;F1904413;F1912936;F1912939;F48563;F48565;F48578;F48586;F48587;F48593	unchanged_by_declared_fcs_omission
Suillus__4969636at2759__code1	10		10	F116603;F1904413;F1912936;F1912939;F48563;F48565;F48578;F48586;F48587;F48593	unchanged_by_declared_fcs_omission
Suillus__4969990at2759__code1	10		10	F116603;F1904413;F1912936;F1912939;F48563;F48565;F48578;F48586;F48587;F48593	unchanged_by_declared_fcs_omission
Suillus__4970387at2759__code1	8		8	F116603;F1904413;F1912936;F48563;F48565;F48578;F48586;F48593	unchanged_by_declared_fcs_omission
Suillus__4970538at2759__code1	10		10	F116603;F1904413;F1912936;F1912939;F48563;F48565;F48578;F48586;F48587;F48593	unchanged_by_declared_fcs_omission
Suillus__4971272at2759__code1	10		10	F116603;F1904413;F1912936;F1912939;F48563;F48565;F48578;F48586;F48587;F48593	unchanged_by_declared_fcs_omission
Suillus__4974767at2759__code1	10		10	F116603;F1904413;F1912936;F1912939;F48563;F48565;F48578;F48586;F48587;F48593	unchanged_by_declared_fcs_omission
Suillus__4975094at2759__code1	10		10	F116603;F1904413;F1912936;F1912939;F48563;F48565;F48578;F48586;F48587;F48593	unchanged_by_declared_fcs_omission
Suillus__4976279at2759__code1	9		9	F1904413;F1912936;F1912939;F48563;F48565;F48578;F48586;F48587;F48593	unchanged_by_declared_fcs_omission
Suillus__4977163at2759__code1	10		10	F116603;F1904413;F1912936;F1912939;F48563;F48565;F48578;F48586;F48587;F48593	unchanged_by_declared_fcs_omission
Suillus__4977863at2759__code1	10		10	F116603;F1904413;F1912936;F1912939;F48563;F48565;F48578;F48586;F48587;F48593	unchanged_by_declared_fcs_omission
Suillus__4983000at2759__code1	8		8	F116603;F1904413;F1912936;F1912939;F48563;F48578;F48586;F48593	unchanged_by_declared_fcs_omission
Suillus__4985971at2759__code1	7		7	F1904413;F1912936;F1912939;F48563;F48565;F48578;F48593	unchanged_by_declared_fcs_omission
Suillus__4986044at2759__code1	10		10	F116603;F1904413;F1912936;F1912939;F48563;F48565;F48578;F48586;F48587;F48593	unchanged_by_declared_fcs_omission
Suillus__4987397at2759__code1	9		9	F116603;F1904413;F1912936;F1912939;F48563;F48565;F48578;F48587;F48593	unchanged_by_declared_fcs_omission
Suillus__4988239at2759__code1	9		9	F116603;F1912936;F1912939;F48563;F48565;F48578;F48586;F48587;F48593	unchanged_by_declared_fcs_omission
Suillus__4999134at2759__code1	10		10	F116603;F1904413;F1912936;F1912939;F48563;F48565;F48578;F48586;F48587;F48593	unchanged_by_declared_fcs_omission
Suillus__5000045at2759__code1	9		9	F116603;F1904413;F1912936;F48563;F48565;F48578;F48586;F48587;F48593	unchanged_by_declared_fcs_omission
Suillus__5000152at2759__code1	10		10	F116603;F1904413;F1912936;F1912939;F48563;F48565;F48578;F48586;F48587;F48593	unchanged_by_declared_fcs_omission
Suillus__5000362at2759__code1	9		9	F116603;F1904413;F1912936;F1912939;F48563;F48565;F48586;F48587;F48593	unchanged_by_declared_fcs_omission
Suillus__5000371at2759__code1	10		10	F116603;F1904413;F1912936;F1912939;F48563;F48565;F48578;F48586;F48587;F48593	unchanged_by_declared_fcs_omission
Suillus__5000452at2759__code1	10		10	F116603;F1904413;F1912936;F1912939;F48563;F48565;F48578;F48586;F48587;F48593	unchanged_by_declared_fcs_omission
Suillus__5000476at2759__code1	10		10	F116603;F1904413;F1912936;F1912939;F48563;F48565;F48578;F48586;F48587;F48593	unchanged_by_declared_fcs_omission
Suillus__5000743at2759__code1	9		9	F116603;F1904413;F1912936;F1912939;F48563;F48565;F48578;F48587;F48593	unchanged_by_declared_fcs_omission
Suillus__5000823at2759__code1	9		9	F116603;F1904413;F1912939;F48563;F48565;F48578;F48586;F48587;F48593	unchanged_by_declared_fcs_omission
Suillus__5000870at2759__code1	10		10	F116603;F1904413;F1912936;F1912939;F48563;F48565;F48578;F48586;F48587;F48593	unchanged_by_declared_fcs_omission
Suillus__5000986at2759__code1	10		10	F116603;F1904413;F1912936;F1912939;F48563;F48565;F48578;F48586;F48587;F48593	unchanged_by_declared_fcs_omission
Suillus__5001156at2759__code1	9		9	F116603;F1904413;F1912939;F48563;F48565;F48578;F48586;F48587;F48593	unchanged_by_declared_fcs_omission
Suillus__5001273at2759__code1	7		7	F116603;F1904413;F1912939;F48563;F48565;F48578;F48593	unchanged_by_declared_fcs_omission
Suillus__5001280at2759__code1	10		10	F116603;F1904413;F1912936;F1912939;F48563;F48565;F48578;F48586;F48587;F48593	unchanged_by_declared_fcs_omission
Suillus__5001318at2759__code1	10		10	F116603;F1904413;F1912936;F1912939;F48563;F48565;F48578;F48586;F48587;F48593	unchanged_by_declared_fcs_omission
Suillus__5001413at2759__code1	10		10	F116603;F1904413;F1912936;F1912939;F48563;F48565;F48578;F48586;F48587;F48593	unchanged_by_declared_fcs_omission
Suillus__5001473at2759__code1	10		10	F116603;F1904413;F1912936;F1912939;F48563;F48565;F48578;F48586;F48587;F48593	unchanged_by_declared_fcs_omission
Suillus__5001660at2759__code1	10		10	F116603;F1904413;F1912936;F1912939;F48563;F48565;F48578;F48586;F48587;F48593	unchanged_by_declared_fcs_omission
Suillus__5001734at2759__code1	9		9	F1904413;F1912936;F1912939;F48563;F48565;F48578;F48586;F48587;F48593	unchanged_by_declared_fcs_omission
Suillus__5001941at2759__code1	10		10	F116603;F1904413;F1912936;F1912939;F48563;F48565;F48578;F48586;F48587;F48593	unchanged_by_declared_fcs_omission
Suillus__5002334at2759__code1	10		10	F116603;F1904413;F1912936;F1912939;F48563;F48565;F48578;F48586;F48587;F48593	unchanged_by_declared_fcs_omission
Suillus__5002573at2759__code1	10		10	F116603;F1904413;F1912936;F1912939;F48563;F48565;F48578;F48586;F48587;F48593	unchanged_by_declared_fcs_omission
Suillus__5003022at2759__code1	10		10	F116603;F1904413;F1912936;F1912939;F48563;F48565;F48578;F48586;F48587;F48593	unchanged_by_declared_fcs_omission
Suillus__5003192at2759__code1	10		10	F116603;F1904413;F1912936;F1912939;F48563;F48565;F48578;F48586;F48587;F48593	unchanged_by_declared_fcs_omission
Suillus__5003205at2759__code1	10		10	F116603;F1904413;F1912936;F1912939;F48563;F48565;F48578;F48586;F48587;F48593	unchanged_by_declared_fcs_omission
Suillus__5003856at2759__code1	10		10	F116603;F1904413;F1912936;F1912939;F48563;F48565;F48578;F48586;F48587;F48593	unchanged_by_declared_fcs_omission
Suillus__5003972at2759__code1	9		9	F116603;F1904413;F1912936;F1912939;F48563;F48565;F48578;F48586;F48587	unchanged_by_declared_fcs_omission
Suillus__5004118at2759__code1	9		9	F116603;F1904413;F1912936;F1912939;F48563;F48565;F48578;F48586;F48587	unchanged_by_declared_fcs_omission
Suillus__5004265at2759__code1	10		10	F116603;F1904413;F1912936;F1912939;F48563;F48565;F48578;F48586;F48587;F48593	unchanged_by_declared_fcs_omission
Suillus__5004327at2759__code1	9		9	F116603;F1904413;F1912936;F1912939;F48563;F48565;F48578;F48586;F48593	unchanged_by_declared_fcs_omission
Suillus__5004391at2759__code1	8		8	F1904413;F1912936;F48563;F48565;F48578;F48586;F48587;F48593	unchanged_by_declared_fcs_omission
Suillus__5004478at2759__code1	8		8	F116603;F1904413;F1912936;F1912939;F48565;F48578;F48586;F48593	unchanged_by_declared_fcs_omission
Suillus__5004599at2759__code1	8		8	F116603;F1904413;F1912936;F48563;F48565;F48578;F48587;F48593	unchanged_by_declared_fcs_omission
Suillus__5005010at2759__code1	10		10	F116603;F1904413;F1912936;F1912939;F48563;F48565;F48578;F48586;F48587;F48593	unchanged_by_declared_fcs_omission
Suillus__5005174at2759__code1	10		10	F116603;F1904413;F1912936;F1912939;F48563;F48565;F48578;F48586;F48587;F48593	unchanged_by_declared_fcs_omission
Suillus__5005196at2759__code1	10		10	F116603;F1904413;F1912936;F1912939;F48563;F48565;F48578;F48586;F48587;F48593	unchanged_by_declared_fcs_omission
Suillus__5005215at2759__code1	9		9	F116603;F1904413;F1912936;F1912939;F48563;F48578;F48586;F48587;F48593	unchanged_by_declared_fcs_omission
Suillus__5005217at2759__code1	10		10	F116603;F1904413;F1912936;F1912939;F48563;F48565;F48578;F48586;F48587;F48593	unchanged_by_declared_fcs_omission
Suillus__5005274at2759__code1	9		9	F116603;F1904413;F1912936;F1912939;F48563;F48565;F48578;F48587;F48593	unchanged_by_declared_fcs_omission
Suillus__5005697at2759__code1	10		10	F116603;F1904413;F1912936;F1912939;F48563;F48565;F48578;F48586;F48587;F48593	unchanged_by_declared_fcs_omission
Suillus__5005750at2759__code1	5		5	F116603;F48563;F48565;F48578;F48593	unchanged_by_declared_fcs_omission
Suillus__5005892at2759__code1	8		8	F116603;F1912936;F1912939;F48563;F48565;F48578;F48586;F48587	unchanged_by_declared_fcs_omission
Suillus__5006326at2759__code1	10		10	F116603;F1904413;F1912936;F1912939;F48563;F48565;F48578;F48586;F48587;F48593	unchanged_by_declared_fcs_omission
Suillus__5006412at2759__code1	10		10	F116603;F1904413;F1912936;F1912939;F48563;F48565;F48578;F48586;F48587;F48593	unchanged_by_declared_fcs_omission
Suillus__5011777at2759__code1	10		10	F116603;F1904413;F1912936;F1912939;F48563;F48565;F48578;F48586;F48587;F48593	unchanged_by_declared_fcs_omission
Suillus__5013042at2759__code1	10		10	F116603;F1904413;F1912936;F1912939;F48563;F48565;F48578;F48586;F48587;F48593	unchanged_by_declared_fcs_omission
Suillus__5013067at2759__code1	10		10	F116603;F1904413;F1912936;F1912939;F48563;F48565;F48578;F48586;F48587;F48593	unchanged_by_declared_fcs_omission
Suillus__5013259at2759__code1	10		10	F116603;F1904413;F1912936;F1912939;F48563;F48565;F48578;F48586;F48587;F48593	unchanged_by_declared_fcs_omission
Suillus__5013539at2759__code1	10		10	F116603;F1904413;F1912936;F1912939;F48563;F48565;F48578;F48586;F48587;F48593	unchanged_by_declared_fcs_omission
Suillus__5013726at2759__code1	10		10	F116603;F1904413;F1912936;F1912939;F48563;F48565;F48578;F48586;F48587;F48593	unchanged_by_declared_fcs_omission
Suillus__5013738at2759__code1	10		10	F116603;F1904413;F1912936;F1912939;F48563;F48565;F48578;F48586;F48587;F48593	unchanged_by_declared_fcs_omission
Suillus__5013992at2759__code1	10		10	F116603;F1904413;F1912936;F1912939;F48563;F48565;F48578;F48586;F48587;F48593	unchanged_by_declared_fcs_omission
Suillus__5014007at2759__code1	9		9	F116603;F1904413;F1912936;F48563;F48565;F48578;F48586;F48587;F48593	unchanged_by_declared_fcs_omission
Suillus__5015403at2759__code1	10		10	F116603;F1904413;F1912936;F1912939;F48563;F48565;F48578;F48586;F48587;F48593	unchanged_by_declared_fcs_omission
Suillus__5015647at2759__code1	9		9	F116603;F1904413;F1912936;F48563;F48565;F48578;F48586;F48587;F48593	unchanged_by_declared_fcs_omission
Suillus__5015712at2759__code1	10		10	F116603;F1904413;F1912936;F1912939;F48563;F48565;F48578;F48586;F48587;F48593	unchanged_by_declared_fcs_omission
Suillus__5015742at2759__code1	10		10	F116603;F1904413;F1912936;F1912939;F48563;F48565;F48578;F48586;F48587;F48593	unchanged_by_declared_fcs_omission
Suillus__5015876at2759__code1	8		8	F116603;F1904413;F1912936;F1912939;F48563;F48565;F48586;F48593	unchanged_by_declared_fcs_omission
Suillus__5017019at2759__code1	10		10	F116603;F1904413;F1912936;F1912939;F48563;F48565;F48578;F48586;F48587;F48593	unchanged_by_declared_fcs_omission
Suillus__5018803at2759__code1	10		10	F116603;F1904413;F1912936;F1912939;F48563;F48565;F48578;F48586;F48587;F48593	unchanged_by_declared_fcs_omission
Suillus__529759at2759__code1	10		10	F116603;F1904413;F1912936;F1912939;F48563;F48565;F48578;F48586;F48587;F48593	unchanged_by_declared_fcs_omission
Suillus__530014at2759__code1	10		10	F116603;F1904413;F1912936;F1912939;F48563;F48565;F48578;F48586;F48587;F48593	unchanged_by_declared_fcs_omission
Suillus__530740at2759__code1	8		8	F1904413;F1912936;F48563;F48565;F48578;F48586;F48587;F48593	unchanged_by_declared_fcs_omission
Suillus__538728at2759__code1	10		10	F116603;F1904413;F1912936;F1912939;F48563;F48565;F48578;F48586;F48587;F48593	unchanged_by_declared_fcs_omission
Suillus__538952at2759__code1	10		10	F116603;F1904413;F1912936;F1912939;F48563;F48565;F48578;F48586;F48587;F48593	unchanged_by_declared_fcs_omission
Suillus__539632at2759__code1	10		10	F116603;F1904413;F1912936;F1912939;F48563;F48565;F48578;F48586;F48587;F48593	unchanged_by_declared_fcs_omission
Suillus__540946at2759__code1	10		10	F116603;F1904413;F1912936;F1912939;F48563;F48565;F48578;F48586;F48587;F48593	unchanged_by_declared_fcs_omission
Suillus__541070at2759__code1	10		10	F116603;F1904413;F1912936;F1912939;F48563;F48565;F48578;F48586;F48587;F48593	unchanged_by_declared_fcs_omission
Suillus__554735at2759__code1	10		10	F116603;F1904413;F1912936;F1912939;F48563;F48565;F48578;F48586;F48587;F48593	unchanged_by_declared_fcs_omission
Suillus__649304at2759__code1	10		10	F116603;F1904413;F1912936;F1912939;F48563;F48565;F48578;F48586;F48587;F48593	unchanged_by_declared_fcs_omission
Suillus__707076at2759__code1	10		10	F116603;F1904413;F1912936;F1912939;F48563;F48565;F48578;F48586;F48587;F48593	unchanged_by_declared_fcs_omission
Suillus__707202at2759__code1	10		10	F116603;F1904413;F1912936;F1912939;F48563;F48565;F48578;F48586;F48587;F48593	unchanged_by_declared_fcs_omission
Suillus__727964at2759__code1	10		10	F116603;F1904413;F1912936;F1912939;F48563;F48565;F48578;F48586;F48587;F48593	unchanged_by_declared_fcs_omission
Suillus__730114at2759__code1	10		10	F116603;F1904413;F1912936;F1912939;F48563;F48565;F48578;F48586;F48587;F48593	unchanged_by_declared_fcs_omission
Suillus__760428at2759__code1	10		10	F116603;F1904413;F1912936;F1912939;F48563;F48565;F48578;F48586;F48587;F48593	unchanged_by_declared_fcs_omission
Suillus__776280at2759__code1	10		10	F116603;F1904413;F1912936;F1912939;F48563;F48565;F48578;F48586;F48587;F48593	unchanged_by_declared_fcs_omission
Suillus__801816at2759__code1	10		10	F116603;F1904413;F1912936;F1912939;F48563;F48565;F48578;F48586;F48587;F48593	unchanged_by_declared_fcs_omission
Tilletia__201273at2759__code1	5		5	F1031713;F117179;F13290;F13291;F157183	unchanged_by_declared_fcs_omission
Tilletia__207567at2759__code1	5		5	F1031713;F117179;F13290;F13291;F157183	unchanged_by_declared_fcs_omission
Tilletia__319730at2759__code1	5		5	F1031713;F117179;F13290;F13291;F157183	unchanged_by_declared_fcs_omission
Tilletia__340246at2759__code1	4		4	F1031713;F117179;F13290;F13291	unchanged_by_declared_fcs_omission
Tilletia__3643464at2759__code1	5		5	F1031713;F117179;F13290;F13291;F157183	unchanged_by_declared_fcs_omission
Tilletia__4613677at2759__code1	5		5	F1031713;F117179;F13290;F13291;F157183	unchanged_by_declared_fcs_omission
Tilletia__4803900at2759__code1	4		4	F1031713;F117179;F13290;F13291	unchanged_by_declared_fcs_omission
Tilletia__4823929at2759__code1	5		5	F1031713;F117179;F13290;F13291;F157183	unchanged_by_declared_fcs_omission
Tilletia__4838864at2759__code1	5		5	F1031713;F117179;F13290;F13291;F157183	unchanged_by_declared_fcs_omission
Tilletia__4843824at2759__code1	5		5	F1031713;F117179;F13290;F13291;F157183	unchanged_by_declared_fcs_omission
Tilletia__4900375at2759__code1	5		5	F1031713;F117179;F13290;F13291;F157183	unchanged_by_declared_fcs_omission
Tilletia__4969018at2759__code1	5		5	F1031713;F117179;F13290;F13291;F157183	unchanged_by_declared_fcs_omission
Tilletia__4969636at2759__code1	5		5	F1031713;F117179;F13290;F13291;F157183	unchanged_by_declared_fcs_omission
Tilletia__4969990at2759__code1	5		5	F1031713;F117179;F13290;F13291;F157183	unchanged_by_declared_fcs_omission
Tilletia__4970538at2759__code1	4		4	F1031713;F117179;F13290;F157183	unchanged_by_declared_fcs_omission
Tilletia__4975094at2759__code1	5		5	F1031713;F117179;F13290;F13291;F157183	unchanged_by_declared_fcs_omission
Tilletia__4977163at2759__code1	5		5	F1031713;F117179;F13290;F13291;F157183	unchanged_by_declared_fcs_omission
Tilletia__4985971at2759__code1	5		5	F1031713;F117179;F13290;F13291;F157183	unchanged_by_declared_fcs_omission
Tilletia__5000045at2759__code1	5		5	F1031713;F117179;F13290;F13291;F157183	unchanged_by_declared_fcs_omission
Tilletia__5000152at2759__code1	5		5	F1031713;F117179;F13290;F13291;F157183	unchanged_by_declared_fcs_omission
Tilletia__5000823at2759__code1	5		5	F1031713;F117179;F13290;F13291;F157183	unchanged_by_declared_fcs_omission
Tilletia__5000986at2759__code1	5		5	F1031713;F117179;F13290;F13291;F157183	unchanged_by_declared_fcs_omission
Tilletia__5001156at2759__code1	5		5	F1031713;F117179;F13290;F13291;F157183	unchanged_by_declared_fcs_omission
Tilletia__5001273at2759__code1	5		5	F1031713;F117179;F13290;F13291;F157183	unchanged_by_declared_fcs_omission
Tilletia__5001280at2759__code1	4		4	F1031713;F117179;F13290;F157183	unchanged_by_declared_fcs_omission
Tilletia__5001318at2759__code1	5		5	F1031713;F117179;F13290;F13291;F157183	unchanged_by_declared_fcs_omission
Tilletia__5001413at2759__code1	5		5	F1031713;F117179;F13290;F13291;F157183	unchanged_by_declared_fcs_omission
Tilletia__5001473at2759__code1	5		5	F1031713;F117179;F13290;F13291;F157183	unchanged_by_declared_fcs_omission
Tilletia__5001734at2759__code1	5		5	F1031713;F117179;F13290;F13291;F157183	unchanged_by_declared_fcs_omission
Tilletia__5002334at2759__code1	5		5	F1031713;F117179;F13290;F13291;F157183	unchanged_by_declared_fcs_omission
Tilletia__5003192at2759__code1	5		5	F1031713;F117179;F13290;F13291;F157183	unchanged_by_declared_fcs_omission
Tilletia__5003205at2759__code1	5		5	F1031713;F117179;F13290;F13291;F157183	unchanged_by_declared_fcs_omission
Tilletia__5003972at2759__code1	5		5	F1031713;F117179;F13290;F13291;F157183	unchanged_by_declared_fcs_omission
Tilletia__5004118at2759__code1	5		5	F1031713;F117179;F13290;F13291;F157183	unchanged_by_declared_fcs_omission
Tilletia__5004327at2759__code1	5		5	F1031713;F117179;F13290;F13291;F157183	unchanged_by_declared_fcs_omission
Tilletia__5004391at2759__code1	5		5	F1031713;F117179;F13290;F13291;F157183	unchanged_by_declared_fcs_omission
Tilletia__5004599at2759__code1	5		5	F1031713;F117179;F13290;F13291;F157183	unchanged_by_declared_fcs_omission
Tilletia__5005010at2759__code1	5		5	F1031713;F117179;F13290;F13291;F157183	unchanged_by_declared_fcs_omission
Tilletia__5005174at2759__code1	5		5	F1031713;F117179;F13290;F13291;F157183	unchanged_by_declared_fcs_omission
Tilletia__5005215at2759__code1	5		5	F1031713;F117179;F13290;F13291;F157183	unchanged_by_declared_fcs_omission
Tilletia__5005274at2759__code1	5		5	F1031713;F117179;F13290;F13291;F157183	unchanged_by_declared_fcs_omission
Tilletia__5005697at2759__code1	5		5	F1031713;F117179;F13290;F13291;F157183	unchanged_by_declared_fcs_omission
Tilletia__5005892at2759__code1	5		5	F1031713;F117179;F13290;F13291;F157183	unchanged_by_declared_fcs_omission
Tilletia__5006412at2759__code1	4		4	F1031713;F117179;F13290;F13291	unchanged_by_declared_fcs_omission
Tilletia__5011777at2759__code1	5		5	F1031713;F117179;F13290;F13291;F157183	unchanged_by_declared_fcs_omission
Tilletia__5013042at2759__code1	5		5	F1031713;F117179;F13290;F13291;F157183	unchanged_by_declared_fcs_omission
Tilletia__5013259at2759__code1	5		5	F1031713;F117179;F13290;F13291;F157183	unchanged_by_declared_fcs_omission
Tilletia__5013539at2759__code1	5		5	F1031713;F117179;F13290;F13291;F157183	unchanged_by_declared_fcs_omission
Tilletia__5014007at2759__code1	5		5	F1031713;F117179;F13290;F13291;F157183	unchanged_by_declared_fcs_omission
Tilletia__5015403at2759__code1	5		5	F1031713;F117179;F13290;F13291;F157183	unchanged_by_declared_fcs_omission
Tilletia__5015647at2759__code1	5		5	F1031713;F117179;F13290;F13291;F157183	unchanged_by_declared_fcs_omission
Tilletia__5015712at2759__code1	5		5	F1031713;F117179;F13290;F13291;F157183	unchanged_by_declared_fcs_omission
Tilletia__5015742at2759__code1	5		5	F1031713;F117179;F13290;F13291;F157183	unchanged_by_declared_fcs_omission
Tilletia__5015876at2759__code1	4		4	F1031713;F117179;F13291;F157183	unchanged_by_declared_fcs_omission
Tilletia__5018803at2759__code1	4		4	F1031713;F117179;F13291;F157183	unchanged_by_declared_fcs_omission
Tilletia__529759at2759__code1	5		5	F1031713;F117179;F13290;F13291;F157183	unchanged_by_declared_fcs_omission
Tilletia__530740at2759__code1	5		5	F1031713;F117179;F13290;F13291;F157183	unchanged_by_declared_fcs_omission
Tilletia__540946at2759__code1	5		5	F1031713;F117179;F13290;F13291;F157183	unchanged_by_declared_fcs_omission
Tilletia__554735at2759__code1	5		5	F1031713;F117179;F13290;F13291;F157183	unchanged_by_declared_fcs_omission
Tilletia__727964at2759__code1	5		5	F1031713;F117179;F13290;F13291;F157183	unchanged_by_declared_fcs_omission
Tilletia__730114at2759__code1	5		5	F1031713;F117179;F13290;F13291;F157183	unchanged_by_declared_fcs_omission
Tilletia__776280at2759__code1	4		4	F1031713;F117179;F13291;F157183	unchanged_by_declared_fcs_omission
Trichoderma__115730at2759__code1	10		10	F101201;F173216;F1738374;F2034170;F398673;F549676;F5544;F58853;F63577;F65468	unchanged_by_declared_fcs_omission
Trichoderma__129234at2759__code1	10		10	F101201;F173216;F1738374;F2034170;F398673;F549676;F5544;F58853;F63577;F65468	unchanged_by_declared_fcs_omission
Trichoderma__160487at2759__code1	10		10	F101201;F173216;F1738374;F2034170;F398673;F549676;F5544;F58853;F63577;F65468	unchanged_by_declared_fcs_omission
Trichoderma__201273at2759__code1	10		10	F101201;F173216;F1738374;F2034170;F398673;F549676;F5544;F58853;F63577;F65468	unchanged_by_declared_fcs_omission
Trichoderma__207567at2759__code1	10		10	F101201;F173216;F1738374;F2034170;F398673;F549676;F5544;F58853;F63577;F65468	unchanged_by_declared_fcs_omission
Trichoderma__260326at2759__code1	10		10	F101201;F173216;F1738374;F2034170;F398673;F549676;F5544;F58853;F63577;F65468	unchanged_by_declared_fcs_omission
Trichoderma__2852757at2759__code1	9		9	F101201;F173216;F1738374;F2034170;F398673;F549676;F5544;F58853;F65468	unchanged_by_declared_fcs_omission
Trichoderma__288615at2759__code1	9		9	F173216;F1738374;F2034170;F398673;F549676;F5544;F58853;F63577;F65468	unchanged_by_declared_fcs_omission
Trichoderma__319730at2759__code1	9		9	F173216;F1738374;F2034170;F398673;F549676;F5544;F58853;F63577;F65468	unchanged_by_declared_fcs_omission
Trichoderma__340246at2759__code1	9		9	F101201;F173216;F1738374;F2034170;F398673;F549676;F5544;F63577;F65468	unchanged_by_declared_fcs_omission
Trichoderma__345792at2759__code1	10		10	F101201;F173216;F1738374;F2034170;F398673;F549676;F5544;F58853;F63577;F65468	unchanged_by_declared_fcs_omission
Trichoderma__352891at2759__code1	10		10	F101201;F173216;F1738374;F2034170;F398673;F549676;F5544;F58853;F63577;F65468	unchanged_by_declared_fcs_omission
Trichoderma__3643464at2759__code1	10		10	F101201;F173216;F1738374;F2034170;F398673;F549676;F5544;F58853;F63577;F65468	unchanged_by_declared_fcs_omission
Trichoderma__4613677at2759__code1	9		9	F101201;F173216;F1738374;F2034170;F398673;F549676;F5544;F58853;F63577	unchanged_by_declared_fcs_omission
Trichoderma__4695236at2759__code1	10		10	F101201;F173216;F1738374;F2034170;F398673;F549676;F5544;F58853;F63577;F65468	unchanged_by_declared_fcs_omission
Trichoderma__4747214at2759__code1	10		10	F101201;F173216;F1738374;F2034170;F398673;F549676;F5544;F58853;F63577;F65468	unchanged_by_declared_fcs_omission
Trichoderma__4764044at2759__code1	10		10	F101201;F173216;F1738374;F2034170;F398673;F549676;F5544;F58853;F63577;F65468	unchanged_by_declared_fcs_omission
Trichoderma__4803900at2759__code1	6		6	F101201;F173216;F1738374;F2034170;F549676;F58853	unchanged_by_declared_fcs_omission
Trichoderma__4810093at2759__code1	6		6	F101201;F2034170;F5544;F58853;F63577;F65468	unchanged_by_declared_fcs_omission
Trichoderma__4813267at2759__code1	10		10	F101201;F173216;F1738374;F2034170;F398673;F549676;F5544;F58853;F63577;F65468	unchanged_by_declared_fcs_omission
Trichoderma__4823929at2759__code1	10		10	F101201;F173216;F1738374;F2034170;F398673;F549676;F5544;F58853;F63577;F65468	unchanged_by_declared_fcs_omission
Trichoderma__4837017at2759__code1	10		10	F101201;F173216;F1738374;F2034170;F398673;F549676;F5544;F58853;F63577;F65468	unchanged_by_declared_fcs_omission
Trichoderma__4838864at2759__code1	10		10	F101201;F173216;F1738374;F2034170;F398673;F549676;F5544;F58853;F63577;F65468	unchanged_by_declared_fcs_omission
Trichoderma__4843240at2759__code1	10		10	F101201;F173216;F1738374;F2034170;F398673;F549676;F5544;F58853;F63577;F65468	unchanged_by_declared_fcs_omission
Trichoderma__4843824at2759__code1	10		10	F101201;F173216;F1738374;F2034170;F398673;F549676;F5544;F58853;F63577;F65468	unchanged_by_declared_fcs_omission
Trichoderma__4867008at2759__code1	10		10	F101201;F173216;F1738374;F2034170;F398673;F549676;F5544;F58853;F63577;F65468	unchanged_by_declared_fcs_omission
Trichoderma__4888252at2759__code1	10		10	F101201;F173216;F1738374;F2034170;F398673;F549676;F5544;F58853;F63577;F65468	unchanged_by_declared_fcs_omission
Trichoderma__4896098at2759__code1	10		10	F101201;F173216;F1738374;F2034170;F398673;F549676;F5544;F58853;F63577;F65468	unchanged_by_declared_fcs_omission
Trichoderma__4900375at2759__code1	10		10	F101201;F173216;F1738374;F2034170;F398673;F549676;F5544;F58853;F63577;F65468	unchanged_by_declared_fcs_omission
Trichoderma__4908955at2759__code1	10		10	F101201;F173216;F1738374;F2034170;F398673;F549676;F5544;F58853;F63577;F65468	unchanged_by_declared_fcs_omission
Trichoderma__4911644at2759__code1	10		10	F101201;F173216;F1738374;F2034170;F398673;F549676;F5544;F58853;F63577;F65468	unchanged_by_declared_fcs_omission
Trichoderma__4940884at2759__code1	10		10	F101201;F173216;F1738374;F2034170;F398673;F549676;F5544;F58853;F63577;F65468	unchanged_by_declared_fcs_omission
Trichoderma__4969018at2759__code1	9		9	F101201;F173216;F1738374;F2034170;F549676;F5544;F58853;F63577;F65468	unchanged_by_declared_fcs_omission
Trichoderma__4969636at2759__code1	10		10	F101201;F173216;F1738374;F2034170;F398673;F549676;F5544;F58853;F63577;F65468	unchanged_by_declared_fcs_omission
Trichoderma__4969990at2759__code1	10		10	F101201;F173216;F1738374;F2034170;F398673;F549676;F5544;F58853;F63577;F65468	unchanged_by_declared_fcs_omission
Trichoderma__4970387at2759__code1	9		9	F101201;F173216;F1738374;F2034170;F398673;F549676;F5544;F58853;F63577	unchanged_by_declared_fcs_omission
Trichoderma__4970538at2759__code1	10		10	F101201;F173216;F1738374;F2034170;F398673;F549676;F5544;F58853;F63577;F65468	unchanged_by_declared_fcs_omission
Trichoderma__4971272at2759__code1	10		10	F101201;F173216;F1738374;F2034170;F398673;F549676;F5544;F58853;F63577;F65468	unchanged_by_declared_fcs_omission
Trichoderma__4974767at2759__code1	9		9	F101201;F1738374;F2034170;F398673;F549676;F5544;F58853;F63577;F65468	unchanged_by_declared_fcs_omission
Trichoderma__4975094at2759__code1	10		10	F101201;F173216;F1738374;F2034170;F398673;F549676;F5544;F58853;F63577;F65468	unchanged_by_declared_fcs_omission
Trichoderma__4976279at2759__code1	10		10	F101201;F173216;F1738374;F2034170;F398673;F549676;F5544;F58853;F63577;F65468	unchanged_by_declared_fcs_omission
Trichoderma__4977163at2759__code1	10		10	F101201;F173216;F1738374;F2034170;F398673;F549676;F5544;F58853;F63577;F65468	unchanged_by_declared_fcs_omission
Trichoderma__4977863at2759__code1	10		10	F101201;F173216;F1738374;F2034170;F398673;F549676;F5544;F58853;F63577;F65468	unchanged_by_declared_fcs_omission
Trichoderma__4983000at2759__code1	10		10	F101201;F173216;F1738374;F2034170;F398673;F549676;F5544;F58853;F63577;F65468	unchanged_by_declared_fcs_omission
Trichoderma__4985971at2759__code1	9		9	F101201;F173216;F1738374;F2034170;F398673;F549676;F5544;F63577;F65468	unchanged_by_declared_fcs_omission
Trichoderma__4986044at2759__code1	10		10	F101201;F173216;F1738374;F2034170;F398673;F549676;F5544;F58853;F63577;F65468	unchanged_by_declared_fcs_omission
Trichoderma__4987397at2759__code1	10		10	F101201;F173216;F1738374;F2034170;F398673;F549676;F5544;F58853;F63577;F65468	unchanged_by_declared_fcs_omission
Trichoderma__4988239at2759__code1	10		10	F101201;F173216;F1738374;F2034170;F398673;F549676;F5544;F58853;F63577;F65468	unchanged_by_declared_fcs_omission
Trichoderma__4999134at2759__code1	10		10	F101201;F173216;F1738374;F2034170;F398673;F549676;F5544;F58853;F63577;F65468	unchanged_by_declared_fcs_omission
Trichoderma__5000045at2759__code1	10		10	F101201;F173216;F1738374;F2034170;F398673;F549676;F5544;F58853;F63577;F65468	unchanged_by_declared_fcs_omission
Trichoderma__5000152at2759__code1	10		10	F101201;F173216;F1738374;F2034170;F398673;F549676;F5544;F58853;F63577;F65468	unchanged_by_declared_fcs_omission
Trichoderma__5000362at2759__code1	9		9	F101201;F173216;F1738374;F2034170;F398673;F549676;F5544;F58853;F65468	unchanged_by_declared_fcs_omission
Trichoderma__5000371at2759__code1	10		10	F101201;F173216;F1738374;F2034170;F398673;F549676;F5544;F58853;F63577;F65468	unchanged_by_declared_fcs_omission
Trichoderma__5000452at2759__code1	10		10	F101201;F173216;F1738374;F2034170;F398673;F549676;F5544;F58853;F63577;F65468	unchanged_by_declared_fcs_omission
Trichoderma__5000476at2759__code1	10		10	F101201;F173216;F1738374;F2034170;F398673;F549676;F5544;F58853;F63577;F65468	unchanged_by_declared_fcs_omission
Trichoderma__5000743at2759__code1	10		10	F101201;F173216;F1738374;F2034170;F398673;F549676;F5544;F58853;F63577;F65468	unchanged_by_declared_fcs_omission
Trichoderma__5000823at2759__code1	10		10	F101201;F173216;F1738374;F2034170;F398673;F549676;F5544;F58853;F63577;F65468	unchanged_by_declared_fcs_omission
Trichoderma__5000870at2759__code1	10		10	F101201;F173216;F1738374;F2034170;F398673;F549676;F5544;F58853;F63577;F65468	unchanged_by_declared_fcs_omission
Trichoderma__5000986at2759__code1	10		10	F101201;F173216;F1738374;F2034170;F398673;F549676;F5544;F58853;F63577;F65468	unchanged_by_declared_fcs_omission
Trichoderma__5001156at2759__code1	10		10	F101201;F173216;F1738374;F2034170;F398673;F549676;F5544;F58853;F63577;F65468	unchanged_by_declared_fcs_omission
Trichoderma__5001273at2759__code1	10		10	F101201;F173216;F1738374;F2034170;F398673;F549676;F5544;F58853;F63577;F65468	unchanged_by_declared_fcs_omission
Trichoderma__5001280at2759__code1	10		10	F101201;F173216;F1738374;F2034170;F398673;F549676;F5544;F58853;F63577;F65468	unchanged_by_declared_fcs_omission
Trichoderma__5001318at2759__code1	9		9	F101201;F173216;F1738374;F2034170;F398673;F549676;F5544;F63577;F65468	unchanged_by_declared_fcs_omission
Trichoderma__5001413at2759__code1	10		10	F101201;F173216;F1738374;F2034170;F398673;F549676;F5544;F58853;F63577;F65468	unchanged_by_declared_fcs_omission
Trichoderma__5001473at2759__code1	10		10	F101201;F173216;F1738374;F2034170;F398673;F549676;F5544;F58853;F63577;F65468	unchanged_by_declared_fcs_omission
Trichoderma__5001660at2759__code1	10		10	F101201;F173216;F1738374;F2034170;F398673;F549676;F5544;F58853;F63577;F65468	unchanged_by_declared_fcs_omission
Trichoderma__5001734at2759__code1	10		10	F101201;F173216;F1738374;F2034170;F398673;F549676;F5544;F58853;F63577;F65468	unchanged_by_declared_fcs_omission
Trichoderma__5001941at2759__code1	10		10	F101201;F173216;F1738374;F2034170;F398673;F549676;F5544;F58853;F63577;F65468	unchanged_by_declared_fcs_omission
Trichoderma__5002334at2759__code1	10		10	F101201;F173216;F1738374;F2034170;F398673;F549676;F5544;F58853;F63577;F65468	unchanged_by_declared_fcs_omission
Trichoderma__5002573at2759__code1	10		10	F101201;F173216;F1738374;F2034170;F398673;F549676;F5544;F58853;F63577;F65468	unchanged_by_declared_fcs_omission
Trichoderma__5003022at2759__code1	10		10	F101201;F173216;F1738374;F2034170;F398673;F549676;F5544;F58853;F63577;F65468	unchanged_by_declared_fcs_omission
Trichoderma__5003192at2759__code1	10		10	F101201;F173216;F1738374;F2034170;F398673;F549676;F5544;F58853;F63577;F65468	unchanged_by_declared_fcs_omission
Trichoderma__5003205at2759__code1	10		10	F101201;F173216;F1738374;F2034170;F398673;F549676;F5544;F58853;F63577;F65468	unchanged_by_declared_fcs_omission
Trichoderma__5003856at2759__code1	9		9	F101201;F173216;F1738374;F2034170;F398673;F549676;F5544;F58853;F65468	unchanged_by_declared_fcs_omission
Trichoderma__5003972at2759__code1	8		8	F101201;F1738374;F2034170;F549676;F5544;F58853;F63577;F65468	unchanged_by_declared_fcs_omission
Trichoderma__5004118at2759__code1	10		10	F101201;F173216;F1738374;F2034170;F398673;F549676;F5544;F58853;F63577;F65468	unchanged_by_declared_fcs_omission
Trichoderma__5004265at2759__code1	10		10	F101201;F173216;F1738374;F2034170;F398673;F549676;F5544;F58853;F63577;F65468	unchanged_by_declared_fcs_omission
Trichoderma__5004327at2759__code1	10		10	F101201;F173216;F1738374;F2034170;F398673;F549676;F5544;F58853;F63577;F65468	unchanged_by_declared_fcs_omission
Trichoderma__5004391at2759__code1	10		10	F101201;F173216;F1738374;F2034170;F398673;F549676;F5544;F58853;F63577;F65468	unchanged_by_declared_fcs_omission
Trichoderma__5004478at2759__code1	10		10	F101201;F173216;F1738374;F2034170;F398673;F549676;F5544;F58853;F63577;F65468	unchanged_by_declared_fcs_omission
Trichoderma__5004599at2759__code1	10		10	F101201;F173216;F1738374;F2034170;F398673;F549676;F5544;F58853;F63577;F65468	unchanged_by_declared_fcs_omission
Trichoderma__5005010at2759__code1	9		9	F101201;F173216;F1738374;F2034170;F549676;F5544;F58853;F63577;F65468	unchanged_by_declared_fcs_omission
Trichoderma__5005174at2759__code1	10		10	F101201;F173216;F1738374;F2034170;F398673;F549676;F5544;F58853;F63577;F65468	unchanged_by_declared_fcs_omission
Trichoderma__5005196at2759__code1	10		10	F101201;F173216;F1738374;F2034170;F398673;F549676;F5544;F58853;F63577;F65468	unchanged_by_declared_fcs_omission
Trichoderma__5005215at2759__code1	10		10	F101201;F173216;F1738374;F2034170;F398673;F549676;F5544;F58853;F63577;F65468	unchanged_by_declared_fcs_omission
Trichoderma__5005217at2759__code1	9		9	F101201;F173216;F1738374;F2034170;F398673;F549676;F5544;F58853;F63577	unchanged_by_declared_fcs_omission
Trichoderma__5005274at2759__code1	10		10	F101201;F173216;F1738374;F2034170;F398673;F549676;F5544;F58853;F63577;F65468	unchanged_by_declared_fcs_omission
Trichoderma__5005697at2759__code1	10		10	F101201;F173216;F1738374;F2034170;F398673;F549676;F5544;F58853;F63577;F65468	unchanged_by_declared_fcs_omission
Trichoderma__5005750at2759__code1	10		10	F101201;F173216;F1738374;F2034170;F398673;F549676;F5544;F58853;F63577;F65468	unchanged_by_declared_fcs_omission
Trichoderma__5005892at2759__code1	10		10	F101201;F173216;F1738374;F2034170;F398673;F549676;F5544;F58853;F63577;F65468	unchanged_by_declared_fcs_omission
Trichoderma__5006326at2759__code1	9		9	F173216;F1738374;F2034170;F398673;F549676;F5544;F58853;F63577;F65468	unchanged_by_declared_fcs_omission
Trichoderma__5006412at2759__code1	10		10	F101201;F173216;F1738374;F2034170;F398673;F549676;F5544;F58853;F63577;F65468	unchanged_by_declared_fcs_omission
Trichoderma__5011777at2759__code1	10		10	F101201;F173216;F1738374;F2034170;F398673;F549676;F5544;F58853;F63577;F65468	unchanged_by_declared_fcs_omission
Trichoderma__5013042at2759__code1	10		10	F101201;F173216;F1738374;F2034170;F398673;F549676;F5544;F58853;F63577;F65468	unchanged_by_declared_fcs_omission
Trichoderma__5013067at2759__code1	10		10	F101201;F173216;F1738374;F2034170;F398673;F549676;F5544;F58853;F63577;F65468	unchanged_by_declared_fcs_omission
Trichoderma__5013259at2759__code1	9		9	F101201;F173216;F1738374;F2034170;F398673;F549676;F5544;F58853;F65468	unchanged_by_declared_fcs_omission
Trichoderma__5013539at2759__code1	10		10	F101201;F173216;F1738374;F2034170;F398673;F549676;F5544;F58853;F63577;F65468	unchanged_by_declared_fcs_omission
Trichoderma__5013726at2759__code1	9		9	F101201;F173216;F1738374;F2034170;F549676;F5544;F58853;F63577;F65468	unchanged_by_declared_fcs_omission
Trichoderma__5013738at2759__code1	10		10	F101201;F173216;F1738374;F2034170;F398673;F549676;F5544;F58853;F63577;F65468	unchanged_by_declared_fcs_omission
Trichoderma__5013992at2759__code1	10		10	F101201;F173216;F1738374;F2034170;F398673;F549676;F5544;F58853;F63577;F65468	unchanged_by_declared_fcs_omission
Trichoderma__5014007at2759__code1	8		8	F173216;F1738374;F2034170;F398673;F549676;F5544;F58853;F65468	unchanged_by_declared_fcs_omission
Trichoderma__5015403at2759__code1	9		9	F101201;F173216;F1738374;F2034170;F398673;F549676;F5544;F63577;F65468	unchanged_by_declared_fcs_omission
Trichoderma__5015647at2759__code1	9		9	F101201;F173216;F1738374;F2034170;F398673;F549676;F5544;F58853;F63577	unchanged_by_declared_fcs_omission
Trichoderma__5015712at2759__code1	9		9	F101201;F173216;F1738374;F2034170;F398673;F549676;F5544;F63577;F65468	unchanged_by_declared_fcs_omission
Trichoderma__5015742at2759__code1	9		9	F101201;F173216;F1738374;F398673;F549676;F5544;F58853;F63577;F65468	unchanged_by_declared_fcs_omission
Trichoderma__5015876at2759__code1	9		9	F101201;F173216;F1738374;F2034170;F398673;F549676;F5544;F58853;F65468	unchanged_by_declared_fcs_omission
Trichoderma__5017019at2759__code1	10		10	F101201;F173216;F1738374;F2034170;F398673;F549676;F5544;F58853;F63577;F65468	unchanged_by_declared_fcs_omission
Trichoderma__5018803at2759__code1	10		10	F101201;F173216;F1738374;F2034170;F398673;F549676;F5544;F58853;F63577;F65468	unchanged_by_declared_fcs_omission
Trichoderma__529759at2759__code1	10		10	F101201;F173216;F1738374;F2034170;F398673;F549676;F5544;F58853;F63577;F65468	unchanged_by_declared_fcs_omission
Trichoderma__530014at2759__code1	9		9	F101201;F173216;F2034170;F398673;F549676;F5544;F58853;F63577;F65468	unchanged_by_declared_fcs_omission
Trichoderma__530740at2759__code1	9		9	F101201;F173216;F1738374;F2034170;F549676;F5544;F58853;F63577;F65468	unchanged_by_declared_fcs_omission
Trichoderma__538728at2759__code1	10		10	F101201;F173216;F1738374;F2034170;F398673;F549676;F5544;F58853;F63577;F65468	unchanged_by_declared_fcs_omission
Trichoderma__538952at2759__code1	10		10	F101201;F173216;F1738374;F2034170;F398673;F549676;F5544;F58853;F63577;F65468	unchanged_by_declared_fcs_omission
Trichoderma__539632at2759__code1	10		10	F101201;F173216;F1738374;F2034170;F398673;F549676;F5544;F58853;F63577;F65468	unchanged_by_declared_fcs_omission
Trichoderma__540946at2759__code1	10		10	F101201;F173216;F1738374;F2034170;F398673;F549676;F5544;F58853;F63577;F65468	unchanged_by_declared_fcs_omission
Trichoderma__541070at2759__code1	10		10	F101201;F173216;F1738374;F2034170;F398673;F549676;F5544;F58853;F63577;F65468	unchanged_by_declared_fcs_omission
Trichoderma__554735at2759__code1	8		8	F101201;F173216;F1738374;F2034170;F398673;F5544;F58853;F65468	unchanged_by_declared_fcs_omission
Trichoderma__649304at2759__code1	10		10	F101201;F173216;F1738374;F2034170;F398673;F549676;F5544;F58853;F63577;F65468	unchanged_by_declared_fcs_omission
Trichoderma__707076at2759__code1	10		10	F101201;F173216;F1738374;F2034170;F398673;F549676;F5544;F58853;F63577;F65468	unchanged_by_declared_fcs_omission
Trichoderma__707202at2759__code1	9		9	F101201;F173216;F1738374;F2034170;F549676;F5544;F58853;F63577;F65468	unchanged_by_declared_fcs_omission
Trichoderma__727964at2759__code1	10		10	F101201;F173216;F1738374;F2034170;F398673;F549676;F5544;F58853;F63577;F65468	unchanged_by_declared_fcs_omission
Trichoderma__730114at2759__code1	10		10	F101201;F173216;F1738374;F2034170;F398673;F549676;F5544;F58853;F63577;F65468	unchanged_by_declared_fcs_omission
Trichoderma__760428at2759__code1	10		10	F101201;F173216;F1738374;F2034170;F398673;F549676;F5544;F58853;F63577;F65468	unchanged_by_declared_fcs_omission
Trichoderma__776280at2759__code1	10		10	F101201;F173216;F1738374;F2034170;F398673;F549676;F5544;F58853;F63577;F65468	unchanged_by_declared_fcs_omission
Trichoderma__801816at2759__code1	9		9	F101201;F173216;F1738374;F2034170;F549676;F5544;F58853;F63577;F65468	unchanged_by_declared_fcs_omission
Umbelopsis__129234at2759__code1	4		4	F41833;F44442;F64526;F91625	unchanged_by_declared_fcs_omission
Umbelopsis__160487at2759__code1	4		4	F41833;F44442;F64526;F91625	unchanged_by_declared_fcs_omission
Umbelopsis__201273at2759__code1	4		4	F41833;F44442;F64526;F91625	unchanged_by_declared_fcs_omission
Umbelopsis__207567at2759__code1	4		4	F41833;F44442;F64526;F91625	unchanged_by_declared_fcs_omission
Umbelopsis__260326at2759__code1	4		4	F41833;F44442;F64526;F91625	unchanged_by_declared_fcs_omission
Umbelopsis__2852757at2759__code1	4		4	F41833;F44442;F64526;F91625	unchanged_by_declared_fcs_omission
Umbelopsis__288615at2759__code1	4		4	F41833;F44442;F64526;F91625	unchanged_by_declared_fcs_omission
Umbelopsis__319730at2759__code1	4		4	F41833;F44442;F64526;F91625	unchanged_by_declared_fcs_omission
Umbelopsis__340246at2759__code1	4		4	F41833;F44442;F64526;F91625	unchanged_by_declared_fcs_omission
Umbelopsis__352891at2759__code1	4		4	F41833;F44442;F64526;F91625	unchanged_by_declared_fcs_omission
Umbelopsis__3643464at2759__code1	4		4	F41833;F44442;F64526;F91625	unchanged_by_declared_fcs_omission
Umbelopsis__4613677at2759__code1	4		4	F41833;F44442;F64526;F91625	unchanged_by_declared_fcs_omission
Umbelopsis__4695236at2759__code1	4		4	F41833;F44442;F64526;F91625	unchanged_by_declared_fcs_omission
Umbelopsis__4747214at2759__code1	4		4	F41833;F44442;F64526;F91625	unchanged_by_declared_fcs_omission
Umbelopsis__4764044at2759__code1	4		4	F41833;F44442;F64526;F91625	unchanged_by_declared_fcs_omission
Umbelopsis__4823929at2759__code1	4		4	F41833;F44442;F64526;F91625	unchanged_by_declared_fcs_omission
Umbelopsis__4837017at2759__code1	4		4	F41833;F44442;F64526;F91625	unchanged_by_declared_fcs_omission
Umbelopsis__4838864at2759__code1	4		4	F41833;F44442;F64526;F91625	unchanged_by_declared_fcs_omission
Umbelopsis__4843240at2759__code1	4		4	F41833;F44442;F64526;F91625	unchanged_by_declared_fcs_omission
Umbelopsis__4843824at2759__code1	4		4	F41833;F44442;F64526;F91625	unchanged_by_declared_fcs_omission
Umbelopsis__4867008at2759__code1	4		4	F41833;F44442;F64526;F91625	unchanged_by_declared_fcs_omission
Umbelopsis__4888252at2759__code1	4		4	F41833;F44442;F64526;F91625	unchanged_by_declared_fcs_omission
Umbelopsis__4896098at2759__code1	4		4	F41833;F44442;F64526;F91625	unchanged_by_declared_fcs_omission
Umbelopsis__4911644at2759__code1	4		4	F41833;F44442;F64526;F91625	unchanged_by_declared_fcs_omission
Umbelopsis__4969990at2759__code1	4		4	F41833;F44442;F64526;F91625	unchanged_by_declared_fcs_omission
Umbelopsis__4970387at2759__code1	4		4	F41833;F44442;F64526;F91625	unchanged_by_declared_fcs_omission
Umbelopsis__4970538at2759__code1	4		4	F41833;F44442;F64526;F91625	unchanged_by_declared_fcs_omission
Umbelopsis__4971272at2759__code1	4		4	F41833;F44442;F64526;F91625	unchanged_by_declared_fcs_omission
Umbelopsis__4974767at2759__code1	4		4	F41833;F44442;F64526;F91625	unchanged_by_declared_fcs_omission
Umbelopsis__4976279at2759__code1	4		4	F41833;F44442;F64526;F91625	unchanged_by_declared_fcs_omission
Umbelopsis__4977163at2759__code1	4		4	F41833;F44442;F64526;F91625	unchanged_by_declared_fcs_omission
Umbelopsis__4983000at2759__code1	4		4	F41833;F44442;F64526;F91625	unchanged_by_declared_fcs_omission
Umbelopsis__4986044at2759__code1	4		4	F41833;F44442;F64526;F91625	unchanged_by_declared_fcs_omission
Umbelopsis__4987397at2759__code1	4		4	F41833;F44442;F64526;F91625	unchanged_by_declared_fcs_omission
Umbelopsis__4988239at2759__code1	4		4	F41833;F44442;F64526;F91625	unchanged_by_declared_fcs_omission
Umbelopsis__4999134at2759__code1	4		4	F41833;F44442;F64526;F91625	unchanged_by_declared_fcs_omission
Umbelopsis__5000045at2759__code1	4		4	F41833;F44442;F64526;F91625	unchanged_by_declared_fcs_omission
Umbelopsis__5000152at2759__code1	4		4	F41833;F44442;F64526;F91625	unchanged_by_declared_fcs_omission
Umbelopsis__5000362at2759__code1	4		4	F41833;F44442;F64526;F91625	unchanged_by_declared_fcs_omission
Umbelopsis__5000452at2759__code1	4		4	F41833;F44442;F64526;F91625	unchanged_by_declared_fcs_omission
Umbelopsis__5000476at2759__code1	4		4	F41833;F44442;F64526;F91625	unchanged_by_declared_fcs_omission
Umbelopsis__5000743at2759__code1	4		4	F41833;F44442;F64526;F91625	unchanged_by_declared_fcs_omission
Umbelopsis__5000870at2759__code1	4		4	F41833;F44442;F64526;F91625	unchanged_by_declared_fcs_omission
Umbelopsis__5000986at2759__code1	4		4	F41833;F44442;F64526;F91625	unchanged_by_declared_fcs_omission
Umbelopsis__5001156at2759__code1	4		4	F41833;F44442;F64526;F91625	unchanged_by_declared_fcs_omission
Umbelopsis__5001273at2759__code1	4		4	F41833;F44442;F64526;F91625	unchanged_by_declared_fcs_omission
Umbelopsis__5001280at2759__code1	4		4	F41833;F44442;F64526;F91625	unchanged_by_declared_fcs_omission
Umbelopsis__5001318at2759__code1	4		4	F41833;F44442;F64526;F91625	unchanged_by_declared_fcs_omission
Umbelopsis__5001413at2759__code1	4		4	F41833;F44442;F64526;F91625	unchanged_by_declared_fcs_omission
Umbelopsis__5001473at2759__code1	4		4	F41833;F44442;F64526;F91625	unchanged_by_declared_fcs_omission
Umbelopsis__5001660at2759__code1	4		4	F41833;F44442;F64526;F91625	unchanged_by_declared_fcs_omission
Umbelopsis__5001734at2759__code1	4		4	F41833;F44442;F64526;F91625	unchanged_by_declared_fcs_omission
Umbelopsis__5002334at2759__code1	4		4	F41833;F44442;F64526;F91625	unchanged_by_declared_fcs_omission
Umbelopsis__5002573at2759__code1	4		4	F41833;F44442;F64526;F91625	unchanged_by_declared_fcs_omission
Umbelopsis__5003022at2759__code1	4		4	F41833;F44442;F64526;F91625	unchanged_by_declared_fcs_omission
Umbelopsis__5003192at2759__code1	4		4	F41833;F44442;F64526;F91625	unchanged_by_declared_fcs_omission
Umbelopsis__5003205at2759__code1	4		4	F41833;F44442;F64526;F91625	unchanged_by_declared_fcs_omission
Umbelopsis__5003856at2759__code1	4		4	F41833;F44442;F64526;F91625	unchanged_by_declared_fcs_omission
Umbelopsis__5003972at2759__code1	4		4	F41833;F44442;F64526;F91625	unchanged_by_declared_fcs_omission
Umbelopsis__5004118at2759__code1	4		4	F41833;F44442;F64526;F91625	unchanged_by_declared_fcs_omission
Umbelopsis__5004265at2759__code1	4		4	F41833;F44442;F64526;F91625	unchanged_by_declared_fcs_omission
Umbelopsis__5004327at2759__code1	4		4	F41833;F44442;F64526;F91625	unchanged_by_declared_fcs_omission
Umbelopsis__5004391at2759__code1	4		4	F41833;F44442;F64526;F91625	unchanged_by_declared_fcs_omission
Umbelopsis__5004478at2759__code1	4		4	F41833;F44442;F64526;F91625	unchanged_by_declared_fcs_omission
Umbelopsis__5004599at2759__code1	4		4	F41833;F44442;F64526;F91625	unchanged_by_declared_fcs_omission
Umbelopsis__5005010at2759__code1	4		4	F41833;F44442;F64526;F91625	unchanged_by_declared_fcs_omission
Umbelopsis__5005174at2759__code1	4		4	F41833;F44442;F64526;F91625	unchanged_by_declared_fcs_omission
Umbelopsis__5005196at2759__code1	4		4	F41833;F44442;F64526;F91625	unchanged_by_declared_fcs_omission
Umbelopsis__5005215at2759__code1	4		4	F41833;F44442;F64526;F91625	unchanged_by_declared_fcs_omission
Umbelopsis__5005217at2759__code1	4		4	F41833;F44442;F64526;F91625	unchanged_by_declared_fcs_omission
Umbelopsis__5005274at2759__code1	4		4	F41833;F44442;F64526;F91625	unchanged_by_declared_fcs_omission
Umbelopsis__5005697at2759__code1	4		4	F41833;F44442;F64526;F91625	unchanged_by_declared_fcs_omission
Umbelopsis__5005750at2759__code1	4		4	F41833;F44442;F64526;F91625	unchanged_by_declared_fcs_omission
Umbelopsis__5005892at2759__code1	4		4	F41833;F44442;F64526;F91625	unchanged_by_declared_fcs_omission
Umbelopsis__5006326at2759__code1	4		4	F41833;F44442;F64526;F91625	unchanged_by_declared_fcs_omission
Umbelopsis__5011777at2759__code1	4		4	F41833;F44442;F64526;F91625	unchanged_by_declared_fcs_omission
Umbelopsis__5013042at2759__code1	4		4	F41833;F44442;F64526;F91625	unchanged_by_declared_fcs_omission
Umbelopsis__5013067at2759__code1	4		4	F41833;F44442;F64526;F91625	unchanged_by_declared_fcs_omission
Umbelopsis__5013259at2759__code1	4		4	F41833;F44442;F64526;F91625	unchanged_by_declared_fcs_omission
Umbelopsis__5013539at2759__code1	4		4	F41833;F44442;F64526;F91625	unchanged_by_declared_fcs_omission
Umbelopsis__5013726at2759__code1	4		4	F41833;F44442;F64526;F91625	unchanged_by_declared_fcs_omission
Umbelopsis__5013738at2759__code1	4		4	F41833;F44442;F64526;F91625	unchanged_by_declared_fcs_omission
Umbelopsis__5013992at2759__code1	4		4	F41833;F44442;F64526;F91625	unchanged_by_declared_fcs_omission
Umbelopsis__5014007at2759__code1	4		4	F41833;F44442;F64526;F91625	unchanged_by_declared_fcs_omission
Umbelopsis__5015403at2759__code1	4		4	F41833;F44442;F64526;F91625	unchanged_by_declared_fcs_omission
Umbelopsis__5015647at2759__code1	4		4	F41833;F44442;F64526;F91625	unchanged_by_declared_fcs_omission
Umbelopsis__5015712at2759__code1	4		4	F41833;F44442;F64526;F91625	unchanged_by_declared_fcs_omission
Umbelopsis__5015742at2759__code1	4		4	F41833;F44442;F64526;F91625	unchanged_by_declared_fcs_omission
Umbelopsis__5018803at2759__code1	4		4	F41833;F44442;F64526;F91625	unchanged_by_declared_fcs_omission
Umbelopsis__530014at2759__code1	4		4	F41833;F44442;F64526;F91625	unchanged_by_declared_fcs_omission
Umbelopsis__530740at2759__code1	4		4	F41833;F44442;F64526;F91625	unchanged_by_declared_fcs_omission
Umbelopsis__538952at2759__code1	4		4	F41833;F44442;F64526;F91625	unchanged_by_declared_fcs_omission
Umbelopsis__539632at2759__code1	4		4	F41833;F44442;F64526;F91625	unchanged_by_declared_fcs_omission
Umbelopsis__540946at2759__code1	4		4	F41833;F44442;F64526;F91625	unchanged_by_declared_fcs_omission
Umbelopsis__541070at2759__code1	4		4	F41833;F44442;F64526;F91625	unchanged_by_declared_fcs_omission
Umbelopsis__554735at2759__code1	4		4	F41833;F44442;F64526;F91625	unchanged_by_declared_fcs_omission
Umbelopsis__727964at2759__code1	4		4	F41833;F44442;F64526;F91625	unchanged_by_declared_fcs_omission
Umbelopsis__730114at2759__code1	4		4	F41833;F44442;F64526;F91625	unchanged_by_declared_fcs_omission
Umbelopsis__760428at2759__code1	4		4	F41833;F44442;F64526;F91625	unchanged_by_declared_fcs_omission
Umbelopsis__776280at2759__code1	4		4	F41833;F44442;F64526;F91625	unchanged_by_declared_fcs_omission
Umbelopsis__801816at2759__code1	4		4	F41833;F44442;F64526;F91625	unchanged_by_declared_fcs_omission
Wallemia__115730at2759__code1	4		4	F1540922;F1708541;F1708542;F245174	unchanged_by_declared_fcs_omission
Wallemia__129234at2759__code1	4		4	F1540922;F1708541;F1708542;F245174	unchanged_by_declared_fcs_omission
Wallemia__160487at2759__code1	4		4	F1540922;F1708541;F1708542;F245174	unchanged_by_declared_fcs_omission
Wallemia__201273at2759__code1	4		4	F1540922;F1708541;F1708542;F245174	unchanged_by_declared_fcs_omission
Wallemia__207567at2759__code1	4		4	F1540922;F1708541;F1708542;F245174	unchanged_by_declared_fcs_omission
Wallemia__260326at2759__code1	4		4	F1540922;F1708541;F1708542;F245174	unchanged_by_declared_fcs_omission
Wallemia__2852757at2759__code1	4		4	F1540922;F1708541;F1708542;F245174	unchanged_by_declared_fcs_omission
Wallemia__288615at2759__code1	4		4	F1540922;F1708541;F1708542;F245174	unchanged_by_declared_fcs_omission
Wallemia__319730at2759__code1	4		4	F1540922;F1708541;F1708542;F245174	unchanged_by_declared_fcs_omission
Wallemia__340246at2759__code1	4		4	F1540922;F1708541;F1708542;F245174	unchanged_by_declared_fcs_omission
Wallemia__345792at2759__code1	4		4	F1540922;F1708541;F1708542;F245174	unchanged_by_declared_fcs_omission
Wallemia__352891at2759__code1	4		4	F1540922;F1708541;F1708542;F245174	unchanged_by_declared_fcs_omission
Wallemia__3643464at2759__code1	4		4	F1540922;F1708541;F1708542;F245174	unchanged_by_declared_fcs_omission
Wallemia__4613677at2759__code1	4		4	F1540922;F1708541;F1708542;F245174	unchanged_by_declared_fcs_omission
Wallemia__4695236at2759__code1	4		4	F1540922;F1708541;F1708542;F245174	unchanged_by_declared_fcs_omission
Wallemia__4747214at2759__code1	4		4	F1540922;F1708541;F1708542;F245174	unchanged_by_declared_fcs_omission
Wallemia__4764044at2759__code1	4		4	F1540922;F1708541;F1708542;F245174	unchanged_by_declared_fcs_omission
Wallemia__4810093at2759__code1	4		4	F1540922;F1708541;F1708542;F245174	unchanged_by_declared_fcs_omission
Wallemia__4823929at2759__code1	4		4	F1540922;F1708541;F1708542;F245174	unchanged_by_declared_fcs_omission
Wallemia__4838864at2759__code1	4		4	F1540922;F1708541;F1708542;F245174	unchanged_by_declared_fcs_omission
Wallemia__4843240at2759__code1	4		4	F1540922;F1708541;F1708542;F245174	unchanged_by_declared_fcs_omission
Wallemia__4843824at2759__code1	4		4	F1540922;F1708541;F1708542;F245174	unchanged_by_declared_fcs_omission
Wallemia__4867008at2759__code1	4		4	F1540922;F1708541;F1708542;F245174	unchanged_by_declared_fcs_omission
Wallemia__4888252at2759__code1	4		4	F1540922;F1708541;F1708542;F245174	unchanged_by_declared_fcs_omission
Wallemia__4896098at2759__code1	4		4	F1540922;F1708541;F1708542;F245174	unchanged_by_declared_fcs_omission
Wallemia__4900375at2759__code1	4		4	F1540922;F1708541;F1708542;F245174	unchanged_by_declared_fcs_omission
Wallemia__4908955at2759__code1	4		4	F1540922;F1708541;F1708542;F245174	unchanged_by_declared_fcs_omission
Wallemia__4940884at2759__code1	4		4	F1540922;F1708541;F1708542;F245174	unchanged_by_declared_fcs_omission
Wallemia__4969018at2759__code1	4		4	F1540922;F1708541;F1708542;F245174	unchanged_by_declared_fcs_omission
Wallemia__4969636at2759__code1	4		4	F1540922;F1708541;F1708542;F245174	unchanged_by_declared_fcs_omission
Wallemia__4970538at2759__code1	4		4	F1540922;F1708541;F1708542;F245174	unchanged_by_declared_fcs_omission
Wallemia__4971272at2759__code1	4		4	F1540922;F1708541;F1708542;F245174	unchanged_by_declared_fcs_omission
Wallemia__4974767at2759__code1	4		4	F1540922;F1708541;F1708542;F245174	unchanged_by_declared_fcs_omission
Wallemia__4975094at2759__code1	4		4	F1540922;F1708541;F1708542;F245174	unchanged_by_declared_fcs_omission
Wallemia__4977163at2759__code1	4		4	F1540922;F1708541;F1708542;F245174	unchanged_by_declared_fcs_omission
Wallemia__4977863at2759__code1	4		4	F1540922;F1708541;F1708542;F245174	unchanged_by_declared_fcs_omission
Wallemia__4983000at2759__code1	4		4	F1540922;F1708541;F1708542;F245174	unchanged_by_declared_fcs_omission
Wallemia__4985971at2759__code1	4		4	F1540922;F1708541;F1708542;F245174	unchanged_by_declared_fcs_omission
Wallemia__4986044at2759__code1	4		4	F1540922;F1708541;F1708542;F245174	unchanged_by_declared_fcs_omission
Wallemia__4987397at2759__code1	4		4	F1540922;F1708541;F1708542;F245174	unchanged_by_declared_fcs_omission
Wallemia__4988239at2759__code1	4		4	F1540922;F1708541;F1708542;F245174	unchanged_by_declared_fcs_omission
Wallemia__4999134at2759__code1	4		4	F1540922;F1708541;F1708542;F245174	unchanged_by_declared_fcs_omission
Wallemia__5000045at2759__code1	4		4	F1540922;F1708541;F1708542;F245174	unchanged_by_declared_fcs_omission
Wallemia__5000152at2759__code1	4		4	F1540922;F1708541;F1708542;F245174	unchanged_by_declared_fcs_omission
Wallemia__5000362at2759__code1	4		4	F1540922;F1708541;F1708542;F245174	unchanged_by_declared_fcs_omission
Wallemia__5000371at2759__code1	4		4	F1540922;F1708541;F1708542;F245174	unchanged_by_declared_fcs_omission
Wallemia__5000452at2759__code1	4		4	F1540922;F1708541;F1708542;F245174	unchanged_by_declared_fcs_omission
Wallemia__5000476at2759__code1	4		4	F1540922;F1708541;F1708542;F245174	unchanged_by_declared_fcs_omission
Wallemia__5000743at2759__code1	4		4	F1540922;F1708541;F1708542;F245174	unchanged_by_declared_fcs_omission
Wallemia__5000823at2759__code1	4		4	F1540922;F1708541;F1708542;F245174	unchanged_by_declared_fcs_omission
Wallemia__5000870at2759__code1	4		4	F1540922;F1708541;F1708542;F245174	unchanged_by_declared_fcs_omission
Wallemia__5000986at2759__code1	4		4	F1540922;F1708541;F1708542;F245174	unchanged_by_declared_fcs_omission
Wallemia__5001156at2759__code1	4		4	F1540922;F1708541;F1708542;F245174	unchanged_by_declared_fcs_omission
Wallemia__5001273at2759__code1	4		4	F1540922;F1708541;F1708542;F245174	unchanged_by_declared_fcs_omission
Wallemia__5001280at2759__code1	4		4	F1540922;F1708541;F1708542;F245174	unchanged_by_declared_fcs_omission
Wallemia__5001318at2759__code1	4		4	F1540922;F1708541;F1708542;F245174	unchanged_by_declared_fcs_omission
Wallemia__5001413at2759__code1	4		4	F1540922;F1708541;F1708542;F245174	unchanged_by_declared_fcs_omission
Wallemia__5001660at2759__code1	4		4	F1540922;F1708541;F1708542;F245174	unchanged_by_declared_fcs_omission
Wallemia__5001734at2759__code1	4		4	F1540922;F1708541;F1708542;F245174	unchanged_by_declared_fcs_omission
Wallemia__5002334at2759__code1	4		4	F1540922;F1708541;F1708542;F245174	unchanged_by_declared_fcs_omission
Wallemia__5003022at2759__code1	4		4	F1540922;F1708541;F1708542;F245174	unchanged_by_declared_fcs_omission
Wallemia__5003192at2759__code1	4		4	F1540922;F1708541;F1708542;F245174	unchanged_by_declared_fcs_omission
Wallemia__5003205at2759__code1	4		4	F1540922;F1708541;F1708542;F245174	unchanged_by_declared_fcs_omission
Wallemia__5003856at2759__code1	4		4	F1540922;F1708541;F1708542;F245174	unchanged_by_declared_fcs_omission
Wallemia__5003972at2759__code1	4		4	F1540922;F1708541;F1708542;F245174	unchanged_by_declared_fcs_omission
Wallemia__5004118at2759__code1	4		4	F1540922;F1708541;F1708542;F245174	unchanged_by_declared_fcs_omission
Wallemia__5004327at2759__code1	4		4	F1540922;F1708541;F1708542;F245174	unchanged_by_declared_fcs_omission
Wallemia__5004391at2759__code1	4		4	F1540922;F1708541;F1708542;F245174	unchanged_by_declared_fcs_omission
Wallemia__5004478at2759__code1	4		4	F1540922;F1708541;F1708542;F245174	unchanged_by_declared_fcs_omission
Wallemia__5004599at2759__code1	4		4	F1540922;F1708541;F1708542;F245174	unchanged_by_declared_fcs_omission
Wallemia__5005174at2759__code1	4		4	F1540922;F1708541;F1708542;F245174	unchanged_by_declared_fcs_omission
Wallemia__5005215at2759__code1	4		4	F1540922;F1708541;F1708542;F245174	unchanged_by_declared_fcs_omission
Wallemia__5005217at2759__code1	4		4	F1540922;F1708541;F1708542;F245174	unchanged_by_declared_fcs_omission
Wallemia__5005274at2759__code1	4		4	F1540922;F1708541;F1708542;F245174	unchanged_by_declared_fcs_omission
Wallemia__5005750at2759__code1	4		4	F1540922;F1708541;F1708542;F245174	unchanged_by_declared_fcs_omission
Wallemia__5005892at2759__code1	4		4	F1540922;F1708541;F1708542;F245174	unchanged_by_declared_fcs_omission
Wallemia__5006326at2759__code1	4		4	F1540922;F1708541;F1708542;F245174	unchanged_by_declared_fcs_omission
Wallemia__5006412at2759__code1	4		4	F1540922;F1708541;F1708542;F245174	unchanged_by_declared_fcs_omission
Wallemia__5011777at2759__code1	4		4	F1540922;F1708541;F1708542;F245174	unchanged_by_declared_fcs_omission
Wallemia__5013067at2759__code1	4		4	F1540922;F1708541;F1708542;F245174	unchanged_by_declared_fcs_omission
Wallemia__5013539at2759__code1	4		4	F1540922;F1708541;F1708542;F245174	unchanged_by_declared_fcs_omission
Wallemia__5013726at2759__code1	4		4	F1540922;F1708541;F1708542;F245174	unchanged_by_declared_fcs_omission
Wallemia__5013738at2759__code1	4		4	F1540922;F1708541;F1708542;F245174	unchanged_by_declared_fcs_omission
Wallemia__5013992at2759__code1	4		4	F1540922;F1708541;F1708542;F245174	unchanged_by_declared_fcs_omission
Wallemia__5014007at2759__code1	4		4	F1540922;F1708541;F1708542;F245174	unchanged_by_declared_fcs_omission
Wallemia__5015403at2759__code1	4		4	F1540922;F1708541;F1708542;F245174	unchanged_by_declared_fcs_omission
Wallemia__5015647at2759__code1	4		4	F1540922;F1708541;F1708542;F245174	unchanged_by_declared_fcs_omission
Wallemia__5015712at2759__code1	4		4	F1540922;F1708541;F1708542;F245174	unchanged_by_declared_fcs_omission
Wallemia__5015742at2759__code1	4		4	F1540922;F1708541;F1708542;F245174	unchanged_by_declared_fcs_omission
Wallemia__5015876at2759__code1	4		4	F1540922;F1708541;F1708542;F245174	unchanged_by_declared_fcs_omission
Wallemia__5017019at2759__code1	4		4	F1540922;F1708541;F1708542;F245174	unchanged_by_declared_fcs_omission
Wallemia__5018803at2759__code1	4		4	F1540922;F1708541;F1708542;F245174	unchanged_by_declared_fcs_omission
Wallemia__529759at2759__code1	4		4	F1540922;F1708541;F1708542;F245174	unchanged_by_declared_fcs_omission
Wallemia__530014at2759__code1	4		4	F1540922;F1708541;F1708542;F245174	unchanged_by_declared_fcs_omission
Wallemia__530740at2759__code1	4		4	F1540922;F1708541;F1708542;F245174	unchanged_by_declared_fcs_omission
Wallemia__538728at2759__code1	4		4	F1540922;F1708541;F1708542;F245174	unchanged_by_declared_fcs_omission
Wallemia__538952at2759__code1	4		4	F1540922;F1708541;F1708542;F245174	unchanged_by_declared_fcs_omission
Wallemia__539632at2759__code1	4		4	F1540922;F1708541;F1708542;F245174	unchanged_by_declared_fcs_omission
Wallemia__540946at2759__code1	4		4	F1540922;F1708541;F1708542;F245174	unchanged_by_declared_fcs_omission
Wallemia__541070at2759__code1	4		4	F1540922;F1708541;F1708542;F245174	unchanged_by_declared_fcs_omission
Wallemia__554735at2759__code1	4		4	F1540922;F1708541;F1708542;F245174	unchanged_by_declared_fcs_omission
Wallemia__649304at2759__code1	4		4	F1540922;F1708541;F1708542;F245174	unchanged_by_declared_fcs_omission
Wallemia__707076at2759__code1	4		4	F1540922;F1708541;F1708542;F245174	unchanged_by_declared_fcs_omission
Wallemia__707202at2759__code1	4		4	F1540922;F1708541;F1708542;F245174	unchanged_by_declared_fcs_omission
Wallemia__727964at2759__code1	4		4	F1540922;F1708541;F1708542;F245174	unchanged_by_declared_fcs_omission
Wallemia__730114at2759__code1	4		4	F1540922;F1708541;F1708542;F245174	unchanged_by_declared_fcs_omission
Wallemia__776280at2759__code1	4		4	F1540922;F1708541;F1708542;F245174	unchanged_by_declared_fcs_omission
Wallemia__801816at2759__code1	4		4	F1540922;F1708541;F1708542;F245174	unchanged_by_declared_fcs_omission
