M000701	M000701
M000701	M001619
M000701	M001728
M000701	M002390
M000701	M007663
M000706	M000706
M000709	M000709
M000712	M000712
M000712	M003670
M000712	M000823
M000712	M011911
M000712	M001582
M000712	M002876
M000712	M004265
M000712	M012742
M000712	M004736
M000712	M006461
M000712	M006691
M000712	M000270
M000712	M002426
M000712	M003825
M000712	M005118
M000712	M008435
M000712	M008982
M000712	M010223
M000712	M011259
M000712	M011728
M000712	M012364
M000712	M012385
M000712	M013065
M000712	M013615
M000712	M014696
M000712	M015253
M000712	M015407
M000712	M017146
M000712	M017394
M000712	M017716
M000712	M017942
M000712	M007667
M000712	M017827
M000712	M012494
M000712	M015250
M000712	M015446
M000712	M016121
M000712	M016995
M000719	M000719
M000719	M004516
M000719	M004845
M000724	M000724
M000731	M000731
M000731	M015503
M000732	M000732
M000732	M004452
M000732	M016063
M000735	M000735
M000735	M003391
M000735	M018180
M000735	M002592
M000735	M004243
M000735	M015624
M000735	M018148
M000735	M011604
M000735	M008646
M000735	M012040
M000735	M013484
M000735	M013548
M000735	M013295
M000735	M014224
M000735	M008407
M000735	M015835
M000735	M016102
M000735	M017072
M000748	M000748
M000752	M000752
M000752	M000904
M000752	M011923
M000772	M000772
M000776	M000776
M000776	M000902
M000776	M000976
M000776	M001929
M000776	M003377
M000776	M004455
M000776	M011477
M000776	M011531
M000776	M000011
M000776	M000669
M000776	M002262
M000776	M005485
M000776	M006841
M000776	M006949
M000776	M004386
M000776	M007312
M000776	M001600
M000776	M012373
M000776	M007711
M000776	M006689
M000776	M008309
M000776	M009582
M000776	M009807
M000776	M003434
M000776	M015371
M000776	M016950
M001404	M001404
M001405	M001405
M001405	M006713
M001405	M009607
M001405	M011729
M001415	M001415
M001417	M001417
M001419	M001419
M001419	M011299
M001945	M001945
M001952	M001952
M001952	M002397
M001952	M005201
M001952	M006415
M001952	M011159
M001952	M008643
M001952	M011971
M001952	M012896
M001952	M014031
M001952	M015485
M001952	M014410
M001953	M001953
M001956	M001956
M001956	M000677
M001956	M001308
M001956	M001568
M001956	M002126
M001956	M006410
M001956	M008108
M001956	M008641
M001956	M009801
M001956	M002855
M001956	M005234
M001956	M004211
M001956	M010365
M001958	M001958
M001968	M001968
M001968	M001388
M001968	M002911
M001968	M006622
M001968	M009622
M001968	M010821
M001972	M001972
M001977	M001977
M001991	M001991
M002209	M002209
M002212	M002212
M002233	M002233
M002234	M002234
M002234	M004816
M002234	M001453
M002234	M005575
M002234	M000415
M002234	M001093
M002234	M001986
M002234	M003813
M002234	M004011
M002234	M011077
M002234	M011407
M002234	M014783
M002234	M006453
M002234	M000021
M002234	M001282
M002234	M001763
M002234	M002170
M002234	M004250
M002234	M004307
M002234	M004710
M002234	M004901
M002234	M005495
M002234	M006151
M002234	M007291
M002234	M007742
M002234	M007848
M002234	M008065
M002234	M008486
M002234	M009142
M002234	M009470
M002234	M009568
M002234	M009681
M002234	M009912
M002234	M010103
M002234	M010288
M002234	M011279
M002234	M012844
M002234	M013245
M002234	M006973
M002234	M002760
M002234	M007280
M002234	M007474
M002234	M002640
M002234	M009225
M002234	M010148
M002234	M007512
M002234	M008782
M002234	M009734
M002234	M003171
M002234	M003272
M002234	M004405
M002234	M005829
M002234	M005953
M002234	M008552
M002234	M008924
M002234	M009027
M002234	M011654
M002234	M012247
M002234	M012482
M002234	M012599
M002234	M010883
M002234	M001595
M002234	M001707
M002234	M006500
M002234	M006816
M002234	M009846
M002234	M010672
M002234	M011161
M002234	M011475
M002234	M011605
M002234	M011946
M002234	M012158
M002234	M009363
M002234	M018244
M002234	M000218
M002234	M000330
M002234	M000829
M002234	M002536
M002234	M002868
M002234	M003485
M002234	M003555
M002234	M003672
M002234	M004105
M002234	M005160
M002234	M005996
M002234	M011832
M002234	M012775
M002234	M012939
M002234	M013372
M002234	M013689
M002234	M015491
M002234	M016904
M002242	M002242
M002243	M002243
M002245	M002245
M002245	M001285
M002249	M002249
M002249	M008150
M002254	M002254
M002266	M002266
M002272	M002272
M002273	M002273
M002274	M002274
M002275	M002275
M002283	M002283
M002285	M002285
M002287	M002287
M002293	M002293
M003021	M003021
M003035	M003035
M003503	M003503
M003507	M003507
M003507	M001361
M003507	M003473
M003507	M003505
M003507	M007670
M003509	M003509
M003509	M003477
M003509	M004475
M003509	M004732
M003509	M002039
M003509	M005547
M003509	M009422
M003509	M014452
M003509	M000130
M003509	M016134
M003515	M003515
M003518	M003518
M003519	M003519
M003527	M003527
M003529	M003529
M003554	M003554
M003554	M009279
M003563	M003563
M003583	M003583
M003583	M003054
M003583	M001053
M003586	M003586
M003586	M000432
M003586	M000990
M003586	M001134
M003586	M001413
M003586	M001473
M003586	M003352
M003586	M003781
M003586	M003946
M003586	M008463
M003586	M008599
M003586	M009478
M003586	M009687
M003586	M011265
M003586	M011779
M003586	M012884
M003586	M013128
M003596	M003596
M003596	M006101
M003599	M003599
M004227	M004227
M004228	M004228
M004228	M005360
M004228	M005736
M004228	M005777
M004228	M012101
M004228	M005860
M004228	M010383
M004228	M010657
M004228	M012323
M004228	M011950
M004228	M012616
M004231	M004231
M004231	M001339
M004232	M004232
M004235	M004235
M004235	M000349
M004235	M000631
M004235	M000567
M004235	M002102
M004235	M004344
M004235	M001559
M004235	M004007
M004235	M001920
M004235	M002519
M004235	M005095
M004235	M002550
M004235	M000182
M004235	M000399
M004235	M000647
M004235	M000802
M004235	M000939
M004235	M001140
M004235	M001420
M004235	M002001
M004235	M002238
M004235	M002641
M004235	M002766
M004235	M002962
M004235	M003116
M004235	M003321
M004235	M003669
M004235	M003815
M004235	M004456
M004235	M004527
M004235	M004706
M004235	M004806
M004235	M004968
M004235	M005199
M004235	M005285
M004235	M005487
M004235	M005520
M004235	M005641
M004235	M005744
M004235	M005928
M004235	M005955
M004235	M006038
M004235	M006302
M004235	M006328
M004235	M006397
M004235	M006404
M004235	M006653
M004235	M006753
M004235	M006932
M004235	M007198
M004235	M007209
M004235	M007445
M004235	M007778
M004235	M008467
M004235	M008774
M004235	M008845
M004235	M008959
M004235	M009163
M004235	M009541
M004235	M009605
M004235	M009916
M004235	M010005
M004235	M010231
M004235	M010460
M004235	M010494
M004235	M010865
M004235	M011433
M004235	M011709
M004235	M011896
M004235	M012159
M004235	M012221
M004235	M012562
M004235	M013144
M004235	M013200
M004235	M013324
M004235	M013563
M004235	M013606
M004235	M014456
M004235	M014623
M004235	M015004
M004235	M015303
M004235	M016039
M004235	M017166
M004235	M017445
M004235	M017507
M004235	M018157
M004235	M012847
M004235	M005138
M004235	M007329
M004235	M007942
M004235	M008272
M004235	M010561
M004235	M011496
M004235	M011549
M004235	M011974
M004235	M012961
M004259	M004259
M004260	M004260
M004260	M009761
M004261	M004261
M004272	M004272
M004274	M004274
M004274	M005308
M004274	M012178
M004274	M012245
M004281	M004281
M004281	M016745
M004290	M004290
M004290	M006119
M004290	M010757
M004290	M008125
M004290	M001708
M004290	M001897
M004290	M010226
M004290	M000143
M004290	M002842
M004290	M005861
M004290	M006799
M004290	M006958
M004290	M010893
M004290	M012580
M004290	M013975
M004825	M004825
M004866	M004866
M004866	M005446
M004871	M004871
M004881	M004881
M004881	M004312
M004881	M005484
M004881	M006312
M004881	M007057
M004881	M007425
M004881	M005146
M004881	M009082
M004886	M004886
M005222	M005222
M005235	M005235
M005261	M005261
M005261	M002583
M005261	M016757
M005284	M005284
M005284	M000315
M005284	M000644
M005284	M001326
M005284	M001730
M005284	M002086
M005284	M002645
M005284	M003048
M005284	M003560
M005284	M003646
M005284	M003696
M005284	M004016
M005284	M004129
M005284	M004302
M005284	M004431
M005284	M004584
M005284	M004647
M005284	M004885
M005284	M004909
M005284	M005473
M005284	M005758
M005284	M006010
M005284	M006156
M005284	M006342
M005284	M006489
M005284	M006984
M005284	M007051
M005284	M007245
M005284	M008084
M005284	M008395
M005284	M009147
M005284	M009213
M005284	M009667
M005284	M009717
M005284	M009908
M005284	M010229
M005284	M010336
M005284	M010409
M005284	M010481
M005284	M010735
M005284	M011072
M005284	M011785
M005284	M012106
M005284	M014791
M005502	M005502
M005539	M005539
M005566	M005566
M005566	M012578
M005566	M003608
M005566	M002975
M005566	M005772
M005566	M004652
M005566	M005697
M005566	M006463
M005566	M004883
M005595	M005595
M005595	M011346
M005595	M012926
M005595	M001377
M005595	M008223
M005595	M010092
M005595	M003798
M005595	M004899
M005595	M005062
M005595	M006556
M005595	M006693
M005595	M008730
M005595	M009438
M005595	M007674
M005595	M008363
M005595	M012354
M005596	M005596
M006007	M006007
M006007	M008159
M006007	M001699
M006007	M001794
M006042	M006042
M006049	M006049
M006063	M006063
M006063	M003414
M006065	M006065
M006065	M001278
M006065	M012746
M006065	M001778
M006065	M001900
M006065	M008103
M006065	M002290
M006065	M002502
M006065	M005279
M006065	M007163
M006065	M003804
M006065	M003951
M006065	M004238
M006065	M005664
M006065	M000568
M006065	M001089
M006065	M005818
M006065	M010340
M006065	M010399
M006065	M011010
M006065	M012076
M006065	M012219
M006065	M012316
M006065	M012852
M006065	M006459
M006065	M007975
M006065	M008292
M006065	M008338
M006065	M009464
M006065	M008825
M006065	M009325
M006065	M000982
M006065	M003237
M006065	M003283
M006065	M013071
M006065	M009417
M006065	M000716
M006065	M009551
M006065	M002829
M006065	M003718
M006065	M009672
M006065	M009847
M006065	M001584
M006065	M002572
M006065	M010618
M006065	M011192
M006065	M006702
M006065	M007759
M006065	M010033
M006065	M011266
M006065	M011344
M006065	M011358
M006065	M000448
M006065	M002949
M006065	M003634
M006065	M005519
M006065	M006390
M006065	M008780
M006065	M011565
M006065	M005136
M006065	M008669
M006065	M011162
M006065	M012056
M006065	M012381
M006065	M007901
M006065	M012504
M006065	M013029
M006065	M004873
M006065	M004975
M006065	M006277
M006065	M006318
M006065	M011715
M006073	M006073
M006073	M000048
M006073	M000499
M006073	M003774
M006073	M000506
M006073	M000710
M006073	M000723
M006073	M000727
M006073	M000832
M006073	M011813
M006073	M000961
M006073	M001261
M006073	M001277
M006073	M001522
M006073	M001818
M006073	M001860
M006073	M002415
M006073	M002815
M006073	M004558
M006073	M003411
M006073	M003865
M006073	M004254
M006073	M004472
M006073	M005002
M006073	M005114
M006073	M005304
M006073	M010542
M006073	M005978
M006073	M005251
M006073	M005394
M006073	M005738
M006073	M006606
M006073	M007144
M006073	M007723
M006073	M010384
M006073	M010931
M006073	M012085
M006073	M006167
M006073	M006230
M006073	M010745
M006073	M006360
M006073	M000152
M006073	M000390
M006073	M011375
M006073	M007246
M006073	M007384
M006073	M004805
M006073	M007471
M006073	M010198
M006073	M008141
M006073	M001679
M006073	M008366
M006073	M000231
M006073	M000543
M006073	M001406
M006073	M002069
M006073	M002184
M006073	M002490
M006073	M002737
M006073	M002992
M006073	M003131
M006073	M003245
M006073	M003366
M006073	M003538
M006073	M003734
M006073	M003991
M006073	M004348
M006073	M005549
M006073	M005689
M006073	M005771
M006073	M006829
M006073	M006930
M006073	M007879
M006073	M007984
M006073	M008587
M006073	M008677
M006073	M008923
M006073	M009007
M006073	M009391
M006073	M009454
M006073	M009694
M006073	M010048
M006073	M010504
M006073	M010629
M006073	M010966
M006073	M011315
M006073	M011737
M006073	M012426
M006073	M012542
M006073	M012856
M006073	M013078
M006073	M008658
M006073	M011606
M006073	M012008
M006073	M009128
M006073	M009290
M006073	M009535
M006073	M007587
M006073	M009790
M006073	M009898
M006073	M002623
M006073	M004726
M006073	M011792
M006073	M012759
M006073	M013035
M006077	M006077
M006077	M003403
M006084	M006084
M006084	M008648
M006084	M008672
M006084	M011543
M006084	M011945
M006084	M010353
M006084	M000322
M006084	M001551
M006084	M008144
M006086	M006086
M006094	M006094
M006094	M002246
M007118	M007118
M007118	M005318
M007125	M007125
M007147	M007147
M007164	M007164
M007164	M004286
M007164	M007594
M007164	M010146
M007169	M007169
M007194	M007194
M007414	M007414
M007421	M007421
M007421	M000575
M007421	M002857
M007436	M007436
M007436	M006496
M007446	M007446
M007450	M007450
M007450	M000006
M007450	M000168
M007450	M000993
M007450	M001422
M007450	M001784
M007450	M002166
M007450	M002794
M007450	M003144
M007450	M003226
M007450	M003297
M007450	M003805
M007450	M004317
M007450	M004629
M007450	M004733
M007450	M004840
M007450	M004959
M007450	M005490
M007450	M006254
M007450	M006298
M007450	M006417
M007450	M006460
M007450	M006813
M007450	M006880
M007450	M007047
M007450	M007261
M007450	M007911
M007450	M008258
M007450	M008331
M007450	M008487
M007450	M008525
M007450	M009360
M007450	M009639
M007450	M010763
M007450	M010997
M007450	M012441
M007450	M013087
M007450	M000578
M007450	M005673
M007450	M008632
M007450	M010674
M007450	M011594
M007450	M012157
M007450	M012290
M007450	M002973
M007450	M005299
M007450	M006696
M007450	M008916
M007450	M011752
M007450	M009072
M007450	M003611
M007450	M003661
M007450	M011149
M007450	M000411
M007450	M002080
M007450	M005563
M007450	M007780
M007450	M008723
M007450	M008956
M007450	M011220
M007450	M012369
M007450	M011400
M007450	M012184
M007450	M001036
M007450	M005914
M007450	M012628
M007450	M012818
M007450	M010472
M007462	M007462
M007462	M000579
M007464	M007464
M007473	M007473
M007473	M000237
M007473	M003323
M007473	M009304
M007473	M009645
M007473	M004102
M007473	M004927
M007473	M004573
M007473	M006583
M007473	M005550
M007473	M006140
M007473	M006202
M007473	M010056
M007473	M012123
M007473	M007940
M007473	M002757
M007473	M007451
M007473	M008835
M007475	M007475
M007486	M007486
M007492	M007492
M008303	M008303
M008310	M008310
M008314	M008314
M008316	M008316
M008316	M006613
M008316	M009374
M008318	M008318
M008334	M008334
M008334	M007226
M008334	M007791
M008334	M010474
M008334	M011000
M008335	M008335
M008341	M008341
M008349	M008349
M008349	M017643
M008351	M008351
M008351	M000202
M008351	M000468
M008351	M000747
M008351	M000841
M008351	M001113
M008351	M001490
M008351	M001655
M008351	M001758
M008351	M002028
M008351	M002143
M008351	M002370
M008351	M002516
M008351	M002929
M008351	M003139
M008351	M003236
M008351	M003288
M008351	M004299
M008351	M004476
M008351	M004585
M008351	M004673
M008351	M004776
M008351	M004911
M008351	M005184
M008351	M005421
M008351	M005530
M008351	M006022
M008351	M006273
M008351	M006326
M008351	M006578
M008351	M006586
M008351	M006658
M008351	M006722
M008351	M007439
M008351	M007543
M008351	M007738
M008351	M007959
M008351	M008137
M008351	M008200
M008351	M008240
M008351	M008543
M008351	M008794
M008351	M008890
M008351	M009058
M008351	M009104
M008351	M009410
M008351	M009501
M008351	M009767
M008351	M010245
M008351	M010592
M008351	M010840
M008351	M011143
M008351	M011233
M008351	M011321
M008351	M011348
M008351	M011855
M008351	M012149
M008351	M012446
M008351	M012537
M008351	M012777
M008351	M012969
M008351	M013048
M008351	M013529
M008351	M013572
M008351	M014388
M008351	M014657
M008351	M015384
M008351	M016233
M008351	M016941
M008351	M017378
M008351	M000142
M008351	M000475
M008351	M000623
M008351	M001025
M008351	M001946
M008351	M002611
M008351	M005330
M008351	M009926
M008351	M010224
M008351	M015570
M008351	M002943
M008351	M003582
M008351	M002261
M008351	M003053
M008351	M014624
M008351	M004047
M008351	M004073
M008351	M004187
M008351	M005868
M008351	M010284
M008351	M010467
M008351	M007065
M008351	M012375
M008351	M007468
M008351	M008962
M008351	M009261
M008351	M012889
M008351	M009314
M008351	M010254
M008351	M010352
M008351	M000730
M008351	M014149
M008351	M010814
M008351	M010947
M008351	M011641
M008351	M011514
M008351	M010696
M008351	M011603
M008351	M012017
M008351	M015626
M008351	M015823
M008351	M003466
M008351	M017015
M008357	M008357
M008357	M007726
M008357	M010095
M008380	M008380
M008380	M007795
M008384	M008384
M008384	M000256
M008384	M000413
M008384	M000520
M008384	M002000
M008384	M002934
M008384	M002956
M008384	M003123
M008384	M003199
M008384	M003688
M008384	M003779
M008384	M005538
M008384	M005711
M008384	M005794
M008384	M005883
M008384	M006503
M008384	M006558
M008384	M006648
M008384	M006724
M008384	M007555
M008384	M007769
M008384	M007860
M008384	M007924
M008384	M008546
M008384	M008788
M008384	M008902
M008384	M009102
M008384	M009321
M008384	M009530
M008384	M009590
M008384	M010034
M008384	M010500
M008384	M010611
M008384	M010678
M008384	M010892
M008384	M011212
M008384	M011398
M008384	M011668
M008384	M012080
M008384	M012228
M008384	M012444
M008384	M012574
M008384	M012894
M008384	M012931
M008384	M013064
M008384	M002443
M008384	M003255
M008384	M004429
M008384	M010440
M008384	M006596
M008385	M008385
M008386	M008386
M008392	M008392
M008392	M002023
M009406	M009406
M009413	M009413
M009413	M011087
M009420	M009420
M009420	M002661
M009420	M004668
M009425	M009425
M009426	M009426
M009426	M000324
M009426	M000348
M009426	M001264
M009426	M004056
M009426	M008812
M009426	M013770
M009426	M016417
M009426	M000676
M009426	M001335
M009426	M001743
M009426	M012739
M009426	M002320
M009426	M016099
M009426	M002558
M009426	M006860
M009426	M008670
M009426	M010296
M009426	M011555
M009426	M014535
M009426	M016647
M009426	M009811
M009426	M003711
M009426	M017692
M009426	M017856
M009426	M011223
M009426	M014638
M009426	M014856
M009426	M013460
M009426	M015467
M009426	M016456
M009426	M016704
M009426	M017060
M009426	M017089
M009426	M018264
M009426	M018271
M009426	M015538
M009426	M017018
M009426	M013986
M009426	M014176
M009426	M014311
M009426	M014313
M009426	M014397
M009426	M015377
M009426	M016567
M009426	M016713
M009426	M016964
M009426	M017086
M009426	M017226
M009426	M017570
M009426	M017785
M009426	M017885
M009426	M017088
M009426	M014192
M009426	M017833
M009426	M018021
M009433	M009433
M009441	M009441
M009466	M009466
M009466	M000017
M009466	M000198
M009466	M002447
M009466	M002930
M009466	M003062
M009466	M003137
M009466	M003234
M009466	M003286
M009466	M003580
M009466	M005548
M009466	M006710
M009466	M007800
M009466	M008182
M009466	M008212
M009466	M008353
M009466	M008564
M009466	M008771
M009466	M009164
M009466	M009364
M009466	M010102
M009466	M010919
M009466	M011144
M009466	M011198
M009466	M012976
M009466	M000516
M009466	M002316
M009466	M005802
M009466	M009411
M009466	M000755
M009466	M011818
M009466	M000877
M009466	M001550
M009466	M002574
M009466	M004206
M009466	M004388
M009466	M004489
M009466	M004528
M009466	M004925
M009466	M006275
M009466	M007530
M009466	M004830
M009466	M001117
M009466	M005290
M009466	M006550
M009466	M007292
M009466	M009232
M009466	M009888
M009466	M010693
M009466	M006196
M009466	M006782
M009466	M007242
M009466	M000147
M009466	M000599
M009466	M002138
M009466	M004763
M009466	M005086
M009466	M005220
M009466	M005399
M009466	M010531
M009466	M007268
M009466	M002830
M009466	M006877
M009466	M007493
M009466	M010120
M009466	M008050
M009466	M000426
M009466	M001037
M009466	M003856
M009466	M005843
M009466	M009701
M009466	M010468
M009466	M012096
M009466	M012190
M009466	M012276
M009466	M012489
M009466	M012898
M009466	M008403
M009466	M008473
M009466	M003699
M009466	M007867
M009466	M011416
M009466	M011713
M009466	M012450
M009466	M013079
M009466	M013132
M009466	M009569
M009466	M008874
M009466	M009764
M009466	M011054
M009466	M012684
M009469	M009469
M009469	M006664
M009469	M007990
M009469	M011693
M009469	M013114
M009469	M003597
M009496	M009496
M010108	M010108
M010113	M010113
M010115	M010115
M010116	M010116
M010116	M012331
M010149	M010149
M010149	M007497
M010155	M010155
M010155	M001352
M010175	M010175
M010603	M010603
M010603	M000176
M010603	M001148
M010603	M002514
M010603	M004839
M010603	M006184
M010603	M009218
M010603	M009751
M010607	M010607
M010615	M010615
M010615	M003475
M010637	M010637
M010638	M010638
M010665	M010665
M010665	M002201
M010665	M004365
M010665	M007448
M010667	M010667
M010667	M010465
M010667	M000609
M010667	M012532
M010667	M001396
M010667	M002633
M010667	M001967
M010667	M002162
M010667	M003102
M010667	M003253
M010667	M007210
M010667	M009902
M010667	M011126
M010667	M003549
M010667	M004127
M010667	M018031
M010667	M004703
M010667	M001299
M010667	M002481
M010667	M004195
M010667	M009297
M010667	M013472
M010667	M014874
M010667	M015520
M010667	M016142
M010667	M005650
M010667	M006490
M010667	M000984
M010667	M007155
M010667	M011282
M010667	M011388
M010667	M011756
M010667	M013226
M010667	M015030
M010667	M006859
M010667	M001222
M010667	M003897
M010667	M006020
M010667	M008174
M010667	M010074
M010667	M012052
M010667	M007974
M010667	M003694
M010667	M003819
M010667	M005154
M010667	M012476
M010667	M008179
M010667	M009666
M010667	M001960
M010667	M012880
M010667	M010313
M010667	M001068
M010667	M005776
M010667	M010509
M010667	M012152
M010667	M013367
M010667	M011073
M010667	M000158
M010667	M000465
M010667	M001142
M010667	M002811
M010667	M002981
M010667	M004010
M010667	M004539
M010667	M004807
M010667	M004967
M010667	M005314
M010667	M005535
M010667	M006161
M010667	M006263
M010667	M006475
M010667	M006783
M010667	M007442
M010667	M007635
M010667	M009158
M010667	M009281
M010667	M010219
M010667	M012953
M010667	M013306
M010667	M013782
M010667	M014056
M010667	M014961
M010667	M015128
M010667	M016009
M010667	M016193
M010667	M016466
M010667	M016866
M010667	M016919
M010667	M017343
M010667	M018078
M010667	M013793
M010667	M014279
M010667	M014444
M011607	M011607
M011613	M011613
M011613	M012032
M011613	M000703
M011613	M000799
M011613	M011836
M011613	M000953
M011613	M001172
M011613	M004322
M011613	M004619
M011613	M004954
M011613	M005110
M011613	M005333
M011613	M005962
M011613	M006301
M011613	M009071
M011613	M012615
M011613	M001257
M011613	M001535
M011613	M001649
M011613	M001786
M011613	M001928
M011613	M001305
M011613	M002292
M011613	M002882
M011613	M002974
M011613	M001423
M011613	M003225
M011613	M003610
M011613	M003658
M011613	M008011
M011613	M012423
M011613	M013086
M011613	M003410
M011613	M003963
M011613	M010973
M011613	M004268
M011613	M004426
M011613	M007002
M011613	M011328
M011613	M007052
M011613	M005231
M011613	M012825
M011613	M008051
M011613	M008653
M011613	M005859
M011613	M008870
M011613	M009777
M011613	M009826
M011613	M012769
M011613	M007817
M011613	M013018
M011613	M002435
M011613	M008196
M011613	M013121
M011613	M007457
M011616	M011616
M011616	M011628
M011616	M011969
M011633	M011633
M011635	M011635
M011636	M011636
M011637	M011637
M011637	M001114
M011637	M004075
M011638	M011638
M011644	M011644
M011644	M001629
M011644	M001787
M011644	M001753
M011644	M008077
M011644	M002232
M011644	M008803
M011649	M011649
M011649	M000297
M011650	M011650
M011651	M011651
M011651	M001785
M011651	M002600
M011651	M004153
M011651	M005614
M011651	M007831
M011651	M009428
M011651	M012594
M011672	M011672
M012341	M012341
M012343	M012343
M012345	M012345
M012345	M000255
M012345	M000312
M012345	M000529
M012345	M001266
M012345	M001359
M012345	M004183
M012345	M001527
M012345	M001874
M012345	M002704
M012345	M002847
M012345	M003939
M012345	M000696
M012345	M000739
M012345	M001688
M012345	M001803
M012345	M002296
M012345	M007652
M012345	M008134
M012345	M010575
M012345	M011032
M012345	M004874
M012345	M005058
M012345	M006050
M012345	M006109
M012345	M006237
M012345	M006569
M012345	M007368
M012345	M007710
M012345	M000065
M012345	M000467
M012345	M001058
M012345	M001385
M012345	M001456
M012345	M001969
M012345	M002164
M012345	M002482
M012345	M002916
M012345	M002950
M012345	M003073
M012345	M003183
M012345	M003269
M012345	M003614
M012345	M003703
M012345	M003820
M012345	M004116
M012345	M004494
M012345	M004680
M012345	M005174
M012345	M005372
M012345	M005489
M012345	M005534
M012345	M005819
M012345	M005948
M012345	M006382
M012345	M006611
M012345	M006826
M012345	M007278
M012345	M007511
M012345	M007583
M012345	M007966
M012345	M008308
M012345	M008529
M012345	M008705
M012345	M008836
M012345	M009099
M012345	M009338
M012345	M009624
M012345	M009997
M012345	M010053
M012345	M010220
M012345	M010444
M012345	M010647
M012345	M011283
M012345	M011390
M012345	M011696
M012345	M012111
M012345	M012235
M012345	M012264
M012345	M012486
M012345	M012875
M012345	M012947
M012345	M013115
M012345	M008417
M012345	M008650
M012345	M011599
M012345	M012015
M012345	M009242
M012345	M009661
M012345	M005687
M012345	M007079
M012345	M009785
M012345	M010823
M012345	M011479
M012345	M011580
M012345	M012042
M012345	M011645
M012345	M011929
M012345	M011866
M012345	M000795
M012345	M012523
M012345	M004614
M012345	M004920
M012345	M006907
M012345	M012609
M012345	M004149
M012345	M013033
M012345	M011466
M012351	M012351
M012366	M012366
M012372	M012372
M012378	M012378
M012378	M016221
M012394	M012394
M012394	M007724
M013017	M013017
M013017	M002440
M013044	M013044
M013044	M012820
M013046	M013046
M013061	M013061
M013088	M013088
M013088	M002152
M013088	M004608
M013089	M013089
M013089	M015132
M013704	M013704
M013706	M013706
M013706	M002554
M013706	M016046
M013706	M016989
M013706	M012067
M013706	M013428
M013706	M014552
M013706	M014407
M013706	M001641
M013706	M014915
M013706	M015773
M013706	M015964
M013706	M017724
M013706	M015867
M013706	M016729
M013706	M017512
M013707	M013707
M013712	M013712
M013712	M014750
M013712	M016265
M013716	M013716
M013719	M013719
M013719	M017181
M013721	M013721
M013722	M013722
M013728	M013728
M013728	M016405
M013734	M013734
M013739	M013739
M013740	M013740
M013740	M014469
M013740	M017341
M013743	M013743
M013743	M001251
M013743	M001354
M013743	M003405
M013743	M009766
M013743	M011871
M013743	M012350
M013743	M012607
M013743	M014054
M013743	M000805
M013743	M014249
M013743	M015248
M013743	M016503
M013748	M013748
M013748	M013540
M013752	M013752
M013760	M013760
M013760	M015871
M013763	M013763
M013764	M013764
M013764	M013956
M013767	M013767
M013767	M018005
M013768	M013768
M013774	M013774
M013775	M013775
M013775	M013620
M013775	M014991
M013775	M017798
M013775	M018189
M013775	M017987
M013778	M013778
M013778	M013685
M013778	M014551
M013786	M013786
M013786	M010951
M013789	M013789
M013796	M013796
M013796	M015462
M013796	M016054
M013799	M013799
M013799	M014263
M013799	M014926
M013799	M015944
M014402	M014402
M014409	M014409
M014415	M014415
M014423	M014423
M014423	M018110
M014423	M013408
M014423	M014437
M014423	M015090
M014423	M016488
M014423	M016444
M014428	M014428
M014441	M014441
M014442	M014442
M014442	M010479
M014442	M015615
M014442	M014003
M014442	M015984
M014442	M014090
M014442	M004071
M014442	M008420
M014442	M016539
M014442	M018193
M014443	M014443
M014449	M014449
M014449	M015368
M014450	M014450
M014450	M006989
M014450	M009255
M014450	M011333
M014450	M012517
M014450	M013333
M014450	M013449
M014450	M013769
M014450	M013940
M014450	M014027
M014450	M014106
M014450	M014208
M014450	M014339
M014450	M014424
M014450	M014451
M014450	M014508
M014450	M014912
M014450	M014921
M014450	M014956
M014450	M015069
M014450	M015121
M014450	M015367
M014450	M015513
M014450	M015677
M014450	M015687
M014450	M015798
M014450	M015803
M014450	M015983
M014450	M015992
M014450	M016182
M014450	M016361
M014450	M016425
M014450	M016590
M014450	M016657
M014450	M016714
M014450	M016753
M014450	M016792
M014450	M016890
M014450	M016926
M014450	M017001
M014450	M017048
M014450	M017124
M014450	M017265
M014450	M017354
M014450	M017379
M014450	M017520
M014450	M017846
M014450	M011789
M014450	M013185
M014450	M014978
M014464	M014464
M014465	M014465
M014465	M007237
M014465	M014636
M014465	M015317
M014465	M017134
M014465	M017647
M014467	M014467
M014474	M014474
M014476	M014476
M014489	M014489
M014490	M014490
M014802	M014802
M014802	M018273
M014802	M013403
M014802	M015840
M014802	M014975
M014802	M015474
M014802	M017233
M014802	M016803
M014802	M001896
M014802	M014286
M014802	M014478
M014802	M014604
M014802	M014825
M014802	M014851
M014802	M015656
M014802	M015852
M014802	M015923
M014802	M016230
M014802	M016947
M014802	M017558
M014802	M018024
M014802	M018204
M014802	M017229
M014802	M017958
M014802	M009415
M014802	M013406
M014802	M014303
M014802	M015157
M014802	M016656
M014802	M017357
M014802	M017359
M014802	M017583
M014802	M018077
M014802	M018186
M014804	M014804
M014805	M014805
M014814	M014814
M014820	M014820
M014833	M014833
M014833	M013454
M014833	M014481
M014833	M014811
M014833	M014940
M014833	M015092
M014833	M015461
M014833	M016218
M014833	M016696
M014834	M014834
M014834	M000688
M014843	M014843
M014847	M014847
M014849	M014849
M014849	M015671
M014854	M014854
M014858	M014858
M014864	M014864
M014864	M014273
M014864	M014863
M014864	M016774
M014864	M017288
M014864	M004115
M014864	M010671
M014864	M013558
M014864	M013643
M014864	M015887
M014864	M016452
M014864	M011068
M014864	M014633
M014868	M014868
M014875	M014875
M014879	M014879
M014880	M014880
M014884	M014884
M014885	M014885
M014887	M014887
M014887	M016927
M014887	M015240
M014888	M014888
M014891	M014891
M014896	M014896
M015502	M015502
M015502	M013912
M015502	M014591
M015502	M014845
M015502	M015339
M015502	M017215
M015502	M018260
M015502	M011648
M015502	M013991
M015502	M017751
M015502	M017954
M015502	M015762
M015502	M000414
M015502	M011408
M015502	M013085
M015502	M013266
M015502	M013610
M015502	M014609
M015502	M017726
M015512	M015512
M015512	M014932
M015512	M015660
M015512	M015846
M015512	M016158
M015512	M007238
M015512	M013811
M015524	M015524
M015531	M015531
M015532	M015532
M015532	M015987
M015544	M015544
M015544	M003049
M015544	M003559
M015544	M005579
M015544	M003420
M015544	M000140
M015544	M000533
M015544	M000642
M015544	M000788
M015544	M000922
M015544	M001079
M015544	M001272
M015544	M001613
M015544	M001661
M015544	M001831
M015544	M001955
M015544	M001962
M015544	M002194
M015544	M002235
M015544	M002666
M015544	M003387
M015544	M004192
M015544	M004395
M015544	M005038
M015544	M005170
M015544	M005667
M015544	M005765
M015544	M006081
M015544	M006449
M015544	M006506
M015544	M006758
M015544	M007100
M015544	M007195
M015544	M008089
M015544	M008820
M015544	M009668
M015544	M009720
M015544	M009865
M015544	M009930
M015544	M010328
M015544	M010381
M015544	M010587
M015544	M010802
M015544	M011186
M015544	M011595
M015544	M011821
M015544	M011983
M015544	M012318
M015544	M012327
M015544	M012690
M015544	M012850
M015544	M013929
M015544	M014140
M015544	M014188
M015544	M014226
M015544	M014694
M015544	M014861
M015544	M015293
M015544	M015564
M015544	M015790
M015544	M016331
M015544	M016622
M015544	M016798
M015544	M016841
M015544	M016905
M015544	M018051
M015544	M003729
M015544	M003876
M015544	M000222
M015544	M001433
M015544	M001494
M015544	M001982
M015544	M002441
M015544	M002789
M015544	M002884
M015544	M003132
M015544	M003248
M015544	M003367
M015544	M005292
M015544	M006608
M015544	M007330
M015544	M007579
M015544	M007771
M015544	M007874
M015544	M008214
M015544	M008295
M015544	M008371
M015544	M008456
M015544	M008584
M015544	M008786
M015544	M008941
M015544	M008997
M015544	M009235
M015544	M009486
M015544	M009561
M015544	M010085
M015544	M010182
M015544	M010825
M015544	M011137
M015544	M011698
M015544	M012166
M015544	M012411
M015544	M012586
M015544	M012986
M015544	M013063
M015544	M013270
M015544	M015073
M015544	M015498
M015544	M015720
M015544	M016089
M015544	M016104
M015544	M016830
M015544	M016936
M015544	M017141
M015544	M017670
M015544	M017859
M015544	M004434
M015544	M007923
M015544	M014993
M015544	M015636
M015544	M011368
M015544	M018080
M015544	M011803
M015544	M013264
M015544	M013592
M015544	M013927
M015544	M014575
M015544	M014093
M015544	M013034
M015544	M014499
M015544	M015034
M015544	M015094
M015544	M015794
M015544	M016515
M015544	M016556
M015544	M014432
M015544	M017335
M015544	M017436
M015544	M017863
M015544	M014627
M015544	M015416
M015544	M016114
M015544	M018046
M015544	M016010
M015544	M015459
M015544	M016752
M015544	M016831
M015544	M016953
M015544	M017087
M015544	M017451
M015544	M013301
M015544	M017502
M015544	M017933
M015544	M018167
M015545	M015545
M015568	M015568
M015575	M015575
M015576	M015576
M015576	M013790
M015582	M015582
M015584	M015584
M015584	M017949
M015589	M015589
M015592	M015592
M015595	M015595
M015597	M015597
M016804	M016804
M016806	M016806
M016807	M016807
M016807	M014023
M016807	M016516
M016807	M017213
M016814	M016814
M016814	M014946
M016814	M009178
M016818	M016818
M016818	M014708
M016818	M016918
M016822	M016822
M016832	M016832
M016845	M016845
M016847	M016847
M016847	M000339
M016847	M000528
M016847	M000873
M016847	M011819
M016847	M001021
M016847	M001868
M016847	M012740
M016847	M004225
M016847	M003960
M016847	M011932
M016847	M005587
M016847	M007040
M016847	M001331
M016847	M001580
M016847	M007411
M016847	M002494
M016847	M002612
M016847	M006925
M016847	M007366
M016847	M008405
M016847	M008442
M016847	M008610
M016847	M000682
M016847	M001757
M016847	M006059
M016847	M008086
M016847	M010297
M016847	M011505
M016847	M015791
M016847	M009866
M016847	M010578
M016847	M010864
M016847	M014585
M016847	M014801
M016847	M000757
M016847	M010975
M016847	M014922
M016847	M014923
M016847	M016350
M016847	M004469
M016847	M016686
M016852	M016852
M016857	M016857
M016857	M013831
M016857	M013761
M016857	M017026
M016857	M018145
M016857	M014793
M016857	M015477
M016857	M016815
M016857	M018045
M016858	M016858
M016865	M016865
M016867	M016867
M016867	M018133
M016874	M016874
M016874	M001616
M016874	M002560
M016874	M016767
M016874	M004869
M016874	M005662
M016874	M006905
M016874	M000607
M016874	M010664
M016874	M003378
M016874	M013195
M016881	M016881
M016884	M016884
M016887	M016887
M017516	M017516
M017516	M014429
M017517	M017517
M017526	M017526
M017526	M015492
M017531	M017531
M017539	M017539
M017540	M017540
M017540	M001096
M017540	M016329
M017542	M017542
M017551	M017551
M017551	M007752
M017551	M007665
M017551	M016289
M017552	M017552
M017553	M017553
M017559	M017559
M017559	M013285
M017559	M013998
M017559	M014290
M017559	M015301
M017559	M016854
M017559	M017156
M017559	M017393
M017559	M017990
M017559	M018097
M017560	M017560
M017569	M017569
M017572	M017572
M017576	M017576
M017576	M015968
M017576	M002314
M017576	M008822
M017576	M013498
M017576	M013634
M017576	M015324
M017576	M015864
M017576	M016197
M017576	M016542
M017576	M016626
M017576	M017668
M017576	M017669
M017576	M017961
M017579	M017579
M017581	M017581
M017584	M017584
M017585	M017585
M017591	M017591
M017593	M017593
M017596	M017596
M017596	M014242
M018202	M018202
M018202	M016084
M018202	M001534
M018202	M014511
M018202	M003520
M018202	M015455
M018202	M015134
M018202	M015861
M018202	M016791
M018208	M018208
M018209	M018209
M018213	M018213
M018213	M015150
M018214	M018214
M018226	M018226
M018226	M004076
M018228	M018228
M018250	M018250
M018252	M018252
M018253	M018253
M018254	M018254
M018255	M018255
M018255	M015444
M018259	M018259
M018270	M018270
M018270	M016769
M018272	M018272
M018272	M015682
M018272	M016081
M018272	M016175
M018272	M016846
M018272	M016933
M018272	M017114
M018272	M018049
M001301	M001301
M001301	M000387
M001301	M004808
M001301	M010566
M001309	M001309
M001313	M001313
M001313	M001704
M001319	M001319
M001320	M001320
M001320	M004810
M001320	M005297
M001320	M000571
M001320	M000846
M001320	M011897
M001320	M013909
M001320	M000919
M001320	M001604
M001320	M001244
M001320	M001807
M001320	M001893
M001320	M005026
M001320	M012716
M001320	M007484
M001320	M007900
M001320	M009943
M001320	M012398
M001320	M010133
M001320	M013020
M001320	M013910
M001320	M014648
M001320	M013874
M001320	M017857
M001320	M006515
M001320	M018086
M001327	M001327
M001327	M000693
M001327	M011502
M001327	M011542
M001327	M012026
M001327	M016721
M001327	M012783
M001328	M001328
M001351	M001351
M001351	M004226
M001351	M004702
M001351	M005042
M001356	M001356
M001356	M003058
M001356	M008389
M001356	M008726
M001369	M001369
M001369	M017649
M001369	M000041
M001369	M001157
M001369	M000061
M001369	M000754
M001369	M000950
M001369	M001123
M001369	M002189
M001369	M003014
M001369	M004301
M001369	M004462
M001369	M005311
M001369	M005971
M001369	M006232
M001369	M009610
M001369	M010766
M001369	M011856
M001369	M012246
M001369	M003598
M001369	M009012
M001369	M003745
M001369	M009862
M001369	M012782
M001369	M003785
M001369	M005143
M001369	M012072
M001369	M004979
M001369	M005036
M001369	M002724
M001369	M009955
M001369	M010207
M001369	M006040
M001369	M006175
M001369	M007108
M001369	M007133
M001369	M007480
M001369	M008607
M001369	M001902
M001369	M008400
M001369	M011494
M001369	M011536
M001369	M012000
M001369	M016000
M001369	M016507
M001369	M016566
M001369	M016835
M001369	M017927
M001369	M009123
M001369	M009270
M001369	M010602
M001369	M004240
M001369	M014026
M001369	M014317
M001369	M014379
M001369	M014416
M001369	M016406
M001369	M014829
M001369	M014866
M001369	M016469
M001369	M017835
M001369	M014846
M001369	M014957
M001369	M015877
M001369	M002030
M001369	M015956
M001369	M016593
M001369	M013247
M001369	M015139
M001369	M017003
M001369	M017802
M001369	M015460
M001369	M016511
M001369	M017821
M001369	M018073
M001370	M001370
M001371	M001371
M001378	M001378
M001378	M007005
M001378	M007971
M001378	M009548
M001378	M010110
M001378	M008932
M001378	M000001
M001378	M000335
M001378	M000534
M001378	M000994
M001378	M001200
M001378	M001333
M001378	M001478
M001378	M001594
M001378	M001667
M001378	M001838
M001378	M002141
M001378	M002355
M001378	M002534
M001378	M002681
M001378	M002759
M001378	M003025
M001378	M003603
M001378	M003713
M001378	M003829
M001378	M003997
M001378	M004350
M001378	M004514
M001378	M004550
M001378	M004735
M001378	M004991
M001378	M005182
M001378	M005570
M001378	M006014
M001378	M006348
M001378	M006406
M001378	M006685
M001378	M006941
M001378	M007680
M001378	M007830
M001378	M007853
M001378	M008090
M001378	M008274
M001378	M008455
M001378	M008553
M001378	M008753
M001378	M009292
M001378	M009343
M001378	M009430
M001378	M009460
M001378	M009793
M001378	M009917
M001378	M010190
M001378	M010431
M001378	M011045
M001378	M011106
M001378	M011269
M001378	M011441
M001378	M011469
M001378	M011652
M001378	M011959
M001378	M012099
M001378	M012363
M001378	M012469
M001378	M012657
M001378	M012912
M001378	M012965
M001378	M013137
M001378	M013987
M001378	M014070
M001378	M014502
M001378	M014815
M001378	M015393
M001378	M017324
M001378	M017988
M001381	M001381
M001387	M001387
M002503	M002503
M002503	M007899
M002503	M012384
M002503	M004159
M002503	M007601
M002503	M012608
M002503	M013030
M002541	M002541
M002541	M015786
M002541	M017919
M002553	M002553
M002555	M002555
M002556	M002556
M002564	M002564
M002564	M012013
M002565	M002565
M002565	M010112
M002565	M016669
M002575	M002575
M002575	M000283
M002575	M000539
M002575	M000136
M002575	M000421
M002575	M001394
M002575	M001457
M002575	M001995
M002575	M002119
M002575	M002446
M002575	M002964
M002575	M003088
M002575	M003148
M002575	M003373
M002575	M003524
M002575	M003737
M002575	M004357
M002575	M004471
M002575	M004582
M002575	M004734
M002575	M004797
M002575	M004903
M002575	M005363
M002575	M005386
M002575	M005583
M002575	M005630
M002575	M005774
M002575	M005891
M002575	M006143
M002575	M006411
M002575	M006529
M002575	M006688
M002575	M006830
M002575	M007252
M002575	M007413
M002575	M007639
M002575	M007681
M002575	M007850
M002575	M008056
M002575	M008375
M002575	M008431
M002575	M008560
M002575	M008763
M002575	M008935
M002575	M008945
M002575	M009063
M002575	M009115
M002575	M009300
M002575	M009436
M002575	M009519
M002575	M010070
M002575	M010386
M002575	M010691
M002575	M011281
M002575	M011426
M002575	M011747
M002575	M012325
M002575	M012643
M002575	M012892
M002575	M012989
M002575	M001901
M002575	M002567
M002575	M006087
M002575	M006911
M002575	M002813
M002575	M007230
M002575	M008807
M002575	M000935
M002575	M009286
M002575	M000981
M002575	M003842
M002575	M005050
M002575	M005167
M002575	M005690
M002575	M006236
M002575	M007365
M002575	M009894
M002575	M010141
M002575	M010848
M002575	M012084
M002575	M012559
M002575	M009829
M002575	M010241
M002575	M004233
M002575	M010967
M002575	M003990
M002575	M010555
M002575	M011487
M002575	M011646
M002575	M011804
M002575	M012041
M002575	M011164
M002577	M002577
M002577	M000285
M002577	M000858
M002577	M002052
M002577	M000740
M002577	M001813
M002577	M003517
M002577	M004262
M002577	M004833
M002577	M005389
M002577	M007455
M002577	M011811
M002577	M012784
M002577	M006720
M002577	M009073
M002577	M016850
M002577	M001043
M002577	M002286
M002577	M005023
M002577	M005668
M002577	M005764
M002577	M006172
M002577	M006504
M002577	M007364
M002577	M007607
M002577	M009029
M002577	M010506
M002577	M010708
M002577	M011625
M002577	M012326
M002577	M012600
M002577	M013380
M002577	M013604
M002577	M013735
M002577	M014348
M002577	M014760
M002577	M015022
M002577	M015345
M002577	M015521
M002577	M015618
M002577	M015778
M002577	M015962
M002577	M016391
M002577	M016495
M002577	M016684
M002577	M017063
M002577	M017158
M002577	M018032
M002581	M002581
M002584	M002584
M002584	M006392
M002584	M008811
M002584	M013359
M002584	M018094
M002584	M013873
M002584	M017399
M002584	M001654
M002584	M014035
M002585	M002585
M002590	M002590
M003717	M003717
M003770	M003770
M003787	M003787
M003787	M010025
M003792	M003792
M004502	M004502
M004512	M004512
M004512	M006797
M004512	M010582
M004513	M004513
M004518	M004518
M004518	M000715
M004518	M002036
M004518	M002177
M004518	M002650
M004518	M000246
M004518	M000574
M004518	M002451
M004518	M003860
M004518	M007577
M004518	M007855
M004518	M008740
M004518	M008946
M004518	M013006
M004518	M013117
M004518	M013139
M004518	M003357
M004518	M000004
M004518	M001446
M004518	M002912
M004518	M003214
M004518	M003678
M004518	M006612
M004518	M007735
M004518	M008256
M004518	M008307
M004518	M008598
M004518	M008829
M004518	M009303
M004518	M009573
M004518	M009602
M004518	M010058
M004518	M011214
M004518	M011323
M004518	M011392
M004518	M011655
M004518	M012467
M004518	M003449
M004518	M003585
M004518	M003050
M004518	M006544
M004518	M004019
M004518	M004952
M004518	M004540
M004518	M005159
M004518	M005280
M004518	M005418
M004518	M005553
M004518	M005640
M004518	M005734
M004518	M005805
M004518	M006347
M004518	M001153
M004518	M006484
M004518	M006755
M004518	M006867
M004518	M002751
M004518	M007096
M004518	M007172
M004518	M000134
M004518	M004848
M004518	M011051
M004518	M007431
M004518	M007479
M004518	M008041
M004518	M008631
M004518	M011576
M004518	M012036
M004518	M009168
M004518	M009228
M004518	M006150
M004518	M009800
M004518	M009947
M004518	M010138
M004518	M010464
M004518	M010800
M004518	M010820
M004518	M011095
M004518	M012191
M004518	M005932
M004518	M012144
M004518	M012593
M004518	M012635
M004518	M012272
M004518	M012780
M004518	M012901
M004521	M004521
M004521	M000232
M004521	M005589
M004521	M011424
M004521	M000632
M004521	M004088
M004521	M008300
M004521	M001588
M004521	M006055
M004521	M001903
M004521	M008642
M004521	M002111
M004521	M003419
M004521	M004315
M004521	M006256
M004521	M002211
M004521	M002549
M004521	M002682
M004521	M000177
M004521	M001175
M004521	M002906
M004521	M002967
M004521	M003111
M004521	M003203
M004521	M003265
M004521	M003536
M004521	M003683
M004521	M004579
M004521	M004773
M004521	M004893
M004521	M005056
M004521	M005674
M004521	M008535
M004521	M009326
M004521	M009933
M004521	M010212
M004521	M011113
M004521	M012987
M004521	M017506
M004521	M003974
M004521	M001298
M004521	M002223
M004521	M010616
M004521	M010981
M004521	M004234
M004521	M005228
M004521	M005322
M004521	M003864
M004521	M004711
M004521	M005909
M004521	M007732
M004521	M008245
M004521	M009577
M004521	M010045
M004521	M011222
M004521	M012244
M004521	M005471
M004521	M006450
M004521	M002470
M004521	M006462
M004521	M006655
M004521	M006948
M004521	M000423
M004521	M001091
M004521	M007590
M004521	M001438
M004521	M011661
M004521	M007965
M004521	M006746
M004521	M008697
M004521	M008875
M004521	M007415
M004521	M007878
M004521	M009627
M004521	M010342
M004521	M011286
M004521	M012182
M004521	M012400
M004521	M013073
M004521	M013140
M004521	M009091
M004521	M009683
M004521	M002072
M004521	M009819
M004521	M001701
M004521	M010376
M004521	M007117
M004521	M010721
M004521	M012005
M004521	M000684
M004521	M008088
M004521	M009755
M004521	M011609
M004521	M012572
M004521	M010929
M004521	M012764
M004521	M012911
M004521	M008947
M004521	M016418
M004521	M014492
M004521	M017409
M004521	M018027
M004532	M004532
M004532	M002088
M004532	M003700
M004532	M003992
M004532	M004279
M004532	M004411
M004532	M004930
M004532	M005353
M004532	M005415
M004532	M006155
M004532	M006192
M004532	M000617
M004532	M012225
M004532	M001202
M004532	M001497
M004532	M005237
M004532	M010711
M004536	M004536
M004536	M004950
M004536	M004331
M004536	M006149
M004536	M006221
M004536	M007106
M004537	M004537
M004537	M006131
M004537	M004949
M004537	M009087
M004537	M007175
M004547	M004547
M004578	M004578
M004578	M004892
M004594	M004594
M004598	M004598
M004598	M015851
M004598	M016188
M005120	M005120
M005126	M005126
M005127	M005127
M005144	M005144
M005157	M005157
M005196	M005196
M005603	M005603
M005603	M006683
M005603	M007815
M005603	M008480
M005603	M008692
M005603	M000217
M005603	M003039
M005603	M003663
M005603	M004201
M005603	M011794
M005603	M015219
M005603	M010422
M005603	M010687
M005603	M015475
M005603	M017775
M005603	M010955
M005603	M013686
M005603	M015388
M005603	M016983
M005603	M017323
M005603	M018170
M005609	M005609
M005609	M000154
M005609	M000457
M005609	M011456
M005609	M000560
M005609	M001031
M005609	M012224
M005609	M001403
M005609	M010036
M005609	M001990
M005609	M002175
M005609	M002526
M005609	M002628
M005609	M002851
M005609	M002918
M005609	M007859
M005609	M008579
M005609	M009386
M005609	M012434
M005609	M013080
M005609	M013918
M005609	M003038
M005609	M003592
M005609	M003660
M005609	M003795
M005609	M004163
M005609	M004303
M005609	M004433
M005609	M004656
M005609	M004777
M005609	M005004
M005609	M004607
M005609	M005206
M005609	M005366
M005609	M005712
M005609	M005923
M005609	M005972
M005609	M012077
M005609	M006165
M005609	M006320
M005609	M006579
M005609	M006727
M005609	M006916
M005609	M007170
M005609	M007435
M005609	M007477
M005609	M007646
M005609	M007950
M005609	M008343
M005609	M007700
M005609	M008716
M005609	M008863
M005609	M008953
M005609	M009089
M005609	M003109
M005609	M003220
M005609	M003347
M005609	M009258
M005609	M009643
M005609	M009729
M005609	M009972
M005609	M010189
M005609	M010412
M005609	M010595
M005609	M010660
M005609	M010897
M005609	M010990
M005609	M011291
M005609	M006644
M005609	M011718
M005609	M012249
M005609	M012503
M005609	M012842
M005609	M012951
M005609	M014742
M005609	M014244
M005609	M014752
M005609	M008248
M005609	M009604
M005609	M014454
M005609	M016242
M005657	M005657
M005661	M005661
M005661	M000569
M005661	M006208
M005661	M001206
M005661	M012838
M005675	M005675
M006731	M006731
M006764	M006764
M006764	M007394
M006766	M006766
M006771	M006771
M006771	M003040
M006771	M003681
M006771	M005671
M006771	M005822
M006771	M005884
M006771	M008629
M006771	M009741
M006771	M010205
M006771	M012011
M006773	M006773
M006775	M006775
M006777	M006777
M006777	M000224
M006777	M008181
M006785	M006785
M006787	M006787
M007307	M007307
M007307	M010142
M007314	M007314
M007347	M007347
M007347	M001431
M007347	M002738
M007347	M002819
M007347	M002993
M007347	M003130
M007347	M003364
M007347	M004242
M007347	M006928
M007347	M007880
M007347	M008450
M007347	M009901
M007347	M010206
M007347	M011316
M007347	M011727
M007347	M013101
M007347	M013156
M007347	M017475
M007347	M017765
M007347	M000960
M007356	M007356
M007357	M007357
M007357	M000216
M007357	M000839
M007357	M000871
M007357	M001074
M007357	M001192
M007357	M001292
M007357	M001463
M007357	M011255
M007357	M011710
M007357	M001693
M007357	M001994
M007357	M002456
M007357	M002721
M007357	M002834
M007357	M006965
M007357	M002897
M007357	M003082
M007357	M008491
M007357	M011100
M007357	M003187
M007357	M003313
M007357	M003631
M007357	M003926
M007357	M004092
M007357	M004474
M007357	M004725
M007357	M004771
M007357	M004996
M007357	M005093
M007357	M005256
M007357	M005359
M007357	M002161
M007357	M005391
M007357	M005574
M007357	M005841
M007357	M000083
M007357	M005924
M007357	M006173
M007357	M006437
M007357	M006527
M007357	M006646
M007357	M007692
M007357	M009473
M007357	M010016
M007357	M011211
M007357	M006717
M007357	M007114
M007357	M007287
M007357	M007385
M007357	M007632
M007357	M007897
M007357	M012409
M007357	M013052
M007357	M009039
M007357	M009554
M007357	M009160
M007357	M009204
M007357	M004345
M007357	M009922
M007357	M010197
M007357	M006327
M007357	M010743
M007357	M011002
M007357	M011173
M007357	M011483
M007357	M012043
M007357	M011399
M007357	M011837
M007357	M012160
M007357	M012216
M007357	M010668
M007357	M012293
M007357	M012536
M007357	M012902
M007393	M007393
M007910	M007910
M007925	M007925
M007925	M002653
M007925	M013354
M007925	M017098
M007925	M017661
M007927	M007927
M007930	M007930
M007936	M007936
M007947	M007947
M007947	M000513
M007947	M001834
M007947	M004252
M007947	M007262
M007947	M007541
M007947	M008802
M007947	M013374
M007947	M016141
M007947	M013766
M007947	M014838
M007947	M015774
M007947	M014377
M007947	M016273
M007947	M016603
M007947	M017151
M007947	M017829
M007947	M017947
M007947	M016235
M007947	M017633
M007947	M000825
M007947	M000868
M007947	M002282
M007947	M011851
M007955	M007955
M007976	M007976
M007989	M007989
M007989	M002685
M007989	M011685
M008806	M008806
M008809	M008809
M008813	M008813
M008818	M008818
M008818	M003938
M008818	M006546
M008818	M000856
M008823	M008823
M008833	M008833
M008833	M000930
M008837	M008837
M008837	M003355
M008837	M003215
M008837	M011783
M008837	M006667
M008837	M007720
M008841	M008841
M008844	M008844
M008847	M008847
M008853	M008853
M008853	M000268
M008853	M003158
M008853	M008517
M008853	M008754
M008853	M007851
M008853	M013116
M008853	M008974
M008853	M012715
M008853	M011933
M008855	M008855
M008862	M008862
M008864	M008864
M008864	M003910
M008864	M010989
M008864	M011521
M008864	M011980
M008868	M008868
M008868	M006600
M008868	M009340
M008868	M010841
M008868	M012743
M008872	M008872
M008872	M000133
M008872	M000458
M008872	M000559
M008872	M002647
M008872	M005338
M008872	M005811
M008872	M007097
M008872	M007269
M008872	M011455
M008872	M001178
M008872	M002449
M008872	M006362
M008872	M009882
M008872	M010105
M008872	M001343
M008872	M001556
M008872	M001883
M008872	M002582
M008872	M001685
M008872	M003756
M008872	M003423
M008872	M003497
M008872	M003511
M008872	M004271
M008872	M004957
M008872	M006048
M008872	M007432
M008872	M005419
M008872	M006466
M008872	M012832
M008872	M007810
M008872	M008060
M008872	M010810
M008872	M009019
M008872	M009383
M008872	M009552
M008872	M000272
M008872	M001486
M008872	M002894
M008872	M003052
M008872	M003182
M008872	M003329
M008872	M003584
M008872	M004542
M008872	M005567
M008872	M006660
M008872	M007745
M008872	M008510
M008872	M008751
M008872	M009459
M008872	M010243
M008872	M011219
M008872	M012021
M008872	M012454
M008872	M009834
M008872	M001828
M008872	M010137
M008872	M002049
M008872	M002114
M008872	M002827
M008872	M003857
M008872	M004337
M008872	M004755
M008872	M005215
M008872	M006207
M008872	M006310
M008872	M006756
M008872	M006882
M008872	M008055
M008872	M009093
M008872	M012963
M008872	M010361
M008872	M001087
M008872	M007482
M008872	M010724
M008872	M012147
M008872	M012312
M008872	M010916
M008872	M011319
M008872	M008002
M008872	M008350
M008872	M011757
M008872	M013067
M008872	M011589
M008872	M011498
M008872	M012603
M008872	M012705
M008880	M008880
M008884	M008884
M008885	M008885
M008885	M000012
M008885	M000282
M008885	M001011
M008885	M003080
M008885	M003185
M008885	M003311
M008885	M005559
M008885	M005847
M008885	M007764
M008885	M008008
M008885	M008445
M008885	M008778
M008885	M009362
M008885	M010369
M008885	M010680
M008885	M011099
M008885	M011244
M008885	M011289
M008885	M013122
M008885	M000584
M008885	M002105
M008885	M004617
M008885	M004723
M008885	M005505
M008885	M005752
M008885	M005804
M008885	M006812
M008885	M007371
M008885	M007456
M008885	M007929
M008885	M009971
M008885	M010201
M008885	M012270
M008885	M014330
M008885	M002016
M008885	M003834
M008885	M002499
M008885	M009283
M008885	M002844
M008885	M003568
M008885	M005109
M008885	M005275
M008885	M006457
M008885	M006549
M008885	M007557
M008885	M008193
M008885	M013025
M008885	M009053
M008885	M009157
M008885	M009556
M008885	M009664
M008885	M010998
M008885	M012140
M008885	M006281
M008885	M018107
M009938	M009938
M009951	M009951
M009953	M009953
M009963	M009963
M009963	M000505
M009963	M002118
M009963	M004325
M009963	M004508
M009963	M004707
M009963	M004813
M009963	M005291
M009963	M005422
M009963	M007412
M009963	M000811
M009963	M011882
M009963	M000913
M009963	M016369
M009963	M001506
M009963	M008067
M009963	M001939
M009963	M002350
M009963	M001075
M009963	M006834
M009963	M010366
M009963	M010698
M009963	M013829
M009963	M014138
M009963	M014349
M009963	M014472
M009963	M016041
M009963	M016210
M009963	M016521
M009963	M017908
M009963	M002717
M009963	M000108
M009963	M007461
M009963	M009237
M009963	M010200
M009963	M016609
M009963	M002856
M009963	M006906
M009963	M003621
M009963	M013931
M009963	M013954
M009963	M017687
M009963	M004632
M009963	M004988
M009963	M005236
M009963	M006262
M009963	M005111
M009963	M005927
M009963	M010316
M009963	M006295
M009963	M006435
M009963	M006842
M009963	M010941
M009963	M016490
M009963	M007173
M009963	M008995
M009963	M002533
M009963	M006354
M009963	M008852
M009963	M014126
M009963	M014130
M009963	M015024
M009963	M015328
M009963	M015847
M009963	M016445
M009963	M017045
M009963	M017176
M009963	M017708
M009963	M018098
M009963	M009151
M009963	M009680
M009963	M010604
M009963	M012936
M009963	M000995
M009963	M001479
M009963	M002057
M009963	M002996
M009963	M003169
M009963	M003274
M009963	M003828
M009963	M005610
M009963	M006663
M009963	M007616
M009963	M007763
M009963	M007991
M009963	M008277
M009963	M008483
M009963	M008557
M009963	M008783
M009963	M009615
M009963	M010886
M009963	M011270
M009963	M011461
M009963	M012195
M009963	M012485
M009963	M012538
M009963	M012878
M009963	M014160
M009963	M015883
M009963	M013177
M009963	M014674
M009963	M017776
M009963	M013339
M009963	M014483
M009963	M015230
M009963	M016477
M009963	M017772
M009963	M013398
M009963	M014174
M009963	M015362
M009963	M017999
M009963	M013444
M009963	M013494
M009963	M013791
M009963	M013951
M009963	M014175
M009963	M013396
M009963	M013926
M009963	M014670
M009963	M016682
M009963	M014746
M009963	M015064
M009963	M013842
M009963	M014302
M009963	M014736
M009963	M016877
M009963	M018011
M009963	M015126
M009963	M015182
M009963	M015607
M009963	M017840
M009963	M015680
M009963	M016249
M009963	M016258
M009963	M016764
M009963	M017067
M009963	M017230
M009963	M016060
M009963	M017830
M009963	M017239
M009963	M017375
M009963	M004002
M009963	M011035
M009963	M018026
M009963	M017413
M009963	M013154
M009963	M014733
M009963	M017418
M009963	M017523
M009963	M017582
M009963	M017660
M009963	M017733
M009963	M007043
M009963	M013256
M009963	M013481
M009963	M014672
M009963	M017969
M009963	M017989
M009963	M013346
M009963	M013469
M009963	M018025
M009963	M018117
M009965	M009965
M009970	M009970
M009979	M009979
M009998	M009998
M009998	M002256
M009998	M004048
M009998	M004311
M009998	M004609
M009998	M012342
M010752	M010752
M010753	M010753
M011205	M011205
M011205	M003193
M011205	M000883
M011512	M011512
M011524	M011524
M011524	M001540
M011524	M011761
M011524	M011817
M011524	M000771
M011524	M012059
M011530	M011530
M011530	M011490
M011530	M012057
M011530	M006054
M011530	M012730
M011530	M002332
M011541	M011541
M011541	M005140
M011541	M008652
M011541	M011984
M011566	M011566
M011578	M011578
M011578	M005134
M011578	M008637
M011578	M011963
M011578	M012786
M011578	M015174
M011578	M017126
M012109	M012109
M012130	M012130
M012130	M012299
M012138	M012138
M012163	M012163
M012164	M012164
M012164	M012655
M012164	M002050
M012172	M012172
M012172	M003337
M012183	M012183
M012802	M012802
M012814	M012814
M012814	M009968
M012814	M011888
M012817	M012817
M012817	M000327
M012817	M000383
M012817	M000591
M012817	M000816
M012817	M011812
M012817	M000835
M012817	M001336
M012817	M001553
M012817	M002099
M012817	M002699
M012817	M010215
M012817	M002776
M012817	M003389
M012817	M003645
M012817	M003704
M012817	M003002
M012817	M003616
M012817	M003759
M012817	M003898
M012817	M017667
M012817	M004055
M012817	M004072
M012817	M004099
M012817	M004230
M012817	M001801
M012817	M004491
M012817	M004704
M012817	M004876
M012817	M000090
M012817	M004944
M012817	M005342
M012817	M007297
M012817	M005482
M012817	M005521
M012817	M005683
M012817	M012234
M012817	M006034
M012817	M006297
M012817	M006565
M012817	M003278
M012817	M005192
M012817	M006744
M012817	M009169
M012817	M012945
M012817	M006910
M012817	M007046
M012817	M007166
M012817	M007418
M012817	M008017
M012817	M002892
M012817	M008500
M012817	M008987
M012817	M011121
M012817	M011268
M012817	M011691
M012817	M012379
M012817	M013094
M012817	M014567
M012817	M014909
M012817	M008164
M012817	M001702
M012817	M016024
M012817	M008312
M012817	M000277
M012817	M002425
M012817	M003093
M012817	M003162
M012817	M003788
M012817	M006335
M012817	M006687
M012817	M007570
M012817	M007733
M012817	M008752
M012817	M009342
M012817	M009487
M012817	M009567
M012817	M010060
M012817	M011193
M012817	M013673
M012817	M016635
M012817	M017700
M012817	M008639
M012817	M011527
M012817	M011948
M012817	M008827
M012817	M009818
M012817	M010445
M012817	M005817
M012817	M010484
M012817	M010648
M012817	M001056
M012817	M010926
M012817	M011030
M012817	M003940
M012817	M012112
M012817	M005947
M012817	M012565
M012817	M011446
M012817	M012772
M012817	M014959
M012821	M012821
M012853	M012853
M012853	M005939
M012853	M005725
M012853	M012083
M012887	M012887
M012888	M012888
M012893	M012893
M013605	M013605
M013607	M013607
M013607	M017812
M013612	M013612
M013612	M014631
M013613	M013613
M013613	M017460
M013614	M013614
M013614	M014295
M013614	M014017
M013614	M015901
M013614	M016083
M013614	M017234
M013616	M013616
M013617	M013617
M013622	M013622
M013622	M014969
M013622	M016957
M013622	M015587
M013622	M015819
M013622	M017217
M013622	M017686
M013624	M013624
M013629	M013629
M013629	M014041
M013635	M013635
M013636	M013636
M013636	M015267
M013636	M016997
M013636	M018274
M013640	M013640
M013642	M013642
M013644	M013644
M013645	M013645
M013647	M013647
M013647	M014211
M013647	M014675
M013647	M016317
M013651	M013651
M013662	M013662
M013665	M013665
M013668	M013668
M013682	M013682
M013687	M013687
M013687	M007200
M013687	M001961
M013687	M005233
M013687	M012522
M013687	M013223
M013687	M013917
M013687	M014486
M013687	M014572
M013687	M015549
M013687	M016715
M013687	M001855
M013687	M006093
M013687	M012693
M013687	M017109
M013687	M015629
M013687	M016167
M013687	M016279
M013687	M016823
M013687	M017264
M013687	M018243
M013687	M006868
M013687	M013294
M013687	M013300
M013687	M013584
M013687	M013816
M013687	M017326
M013687	M017347
M013692	M013692
M013692	M014258
M013696	M013696
M013697	M013697
M013698	M013698
M013698	M014803
M013698	M015215
M013698	M017121
M013698	M017941
M013698	M015059
M013698	M013795
M013698	M016697
M014001	M014001
M014001	M014806
M014002	M014002
M014002	M013578
M014011	M014011
M014018	M014018
M014025	M014025
M014030	M014030
M014030	M000400
M014030	M001481
M014030	M003121
M014030	M003157
M014030	M003336
M014030	M003993
M014030	M004779
M014030	M005714
M014030	M006765
M014030	M007863
M014030	M008436
M014030	M008536
M014030	M009361
M014030	M011064
M014030	M011133
M014030	M011272
M014030	M011673
M014030	M012458
M014030	M013118
M014030	M014565
M014030	M015924
M014030	M017521
M014030	M017532
M014030	M010695
M014032	M014032
M014034	M014034
M014036	M014036
M014036	M015277
M014036	M017192
M014036	M017221
M014036	M013633
M014036	M013797
M014036	M014195
M014036	M014520
M014036	M014712
M014036	M014787
M014036	M014914
M014036	M015234
M014036	M015834
M014036	M016043
M014036	M016080
M014036	M016255
M014036	M016440
M014036	M017832
M014045	M014045
M014050	M014050
M014050	M013492
M014050	M015137
M014050	M015689
M014050	M003772
M014050	M007606
M014050	M009689
M014050	M013414
M014050	M017875
M014050	M009065
M014050	M001029
M014050	M002078
M014050	M003797
M014050	M004255
M014050	M005862
M014050	M005895
M014050	M012082
M014050	M012226
M014050	M012258
M014050	M013882
M014050	M014785
M014050	M016005
M014050	M016848
M014050	M016985
M014050	M009628
M014050	M008776
M014050	M012885
M014050	M010912
M014050	M014536
M014050	M009041
M014050	M014131
M014050	M016055
M014050	M016155
M014050	M016790
M014050	M016969
M014050	M017555
M014050	M015009
M014050	M017561
M014050	M015012
M014050	M015204
M014050	M012543
M014050	M013771
M014050	M015318
M014050	M015551
M014050	M010388
M014050	M010712
M014050	M017441
M014050	M016223
M014050	M014596
M014050	M014976
M014050	M015730
M014050	M016112
M014050	M016254
M014050	M016362
M014050	M017433
M014050	M016838
M014050	M014109
M014050	M016896
M014050	M013949
M014050	M017737
M014050	M001188
M014050	M002094
M014050	M002977
M014050	M003607
M014050	M004298
M014050	M004531
M014050	M006122
M014050	M010135
M014050	M010760
M014050	M014150
M014050	M014782
M014050	M014794
M014050	M015375
M014050	M016216
M014050	M017312
M014050	M017392
M014050	M017872
M014065	M014065
M014072	M014072
M014074	M014074
M014077	M014077
M014077	M001576
M014077	M000650
M014077	M008083
M014077	M010347
M014077	M012007
M014077	M015902
M014077	M013978
M014077	M000040
M014077	M015972
M014077	M013544
M014085	M014085
M014086	M014086
M014094	M014094
M014094	M013464
M014099	M014099
M014100	M014100
M014100	M005348
M014100	M006705
M014100	M010400
M014100	M013749
M014100	M016187
M014100	M002140
M014100	M015886
M014100	M005815
M014100	M001474
M014100	M005966
M014100	M007896
M014100	M011267
M014100	M011667
M014100	M015010
M014100	M017362
M014100	M006742
M014100	M001171
M014100	M001255
M014100	M003087
M014100	M003284
M014100	M003953
M014100	M004140
M014100	M004501
M014100	M005103
M014100	M005255
M014100	M005441
M014100	M006408
M014100	M008267
M014100	M009210
M014100	M009543
M014100	M010517
M014100	M010950
M014100	M011011
M014100	M011103
M014100	M012864
M014100	M013013
M014100	M013057
M014100	M013176
M014100	M013967
M014100	M015756
M014100	M015761
M014100	M015914
M014100	M016069
M014100	M016147
M014100	M016295
M014100	M016384
M014100	M016772
M014100	M016902
M014100	M017607
M014100	M007985
M014100	M008339
M014100	M009699
M014100	M009356
M014100	M012044
M014100	M000785
M014100	M001862
M014100	M002217
M014100	M008541
M014100	M011845
M014100	M017589
M014100	M012315
M014100	M013964
M014100	M011802
M014100	M015816
M014100	M017474
M014100	M014009
M014100	M014187
M014100	M017741
M014100	M018056
M014100	M018215
M014100	M014316
M014100	M014346
M014100	M016183
M015105	M015105
M015111	M015111
M015116	M015116
M015116	M015668
M015123	M015123
M015127	M015127
M015127	M018091
M015129	M015129
M015131	M015131
M015133	M015133
M015133	M001297
M015142	M015142
M015142	M013348
M015142	M013738
M015142	M014367
M015142	M014524
M015142	M014557
M015142	M015098
M015142	M015395
M015142	M016306
M015142	M017118
M015142	M017391
M015142	M017601
M015142	M017853
M015156	M015156
M015159	M015159
M015160	M015160
M015164	M015164
M015166	M015166
M015166	M013392
M015166	M013440
M015166	M013938
M015166	M014285
M015166	M014824
M015166	M014938
M015166	M015456
M015166	M016435
M015166	M016545
M015166	M016573
M015166	M016768
M015166	M017194
M015166	M017443
M015166	M018169
M015166	M015669
M015167	M015167
M015167	M017163
M015167	M017679
M015167	M013485
M015167	M014209
M015167	M002463
M015167	M005588
M015167	M006637
M015167	M007600
M015167	M008203
M015167	M009122
M015167	M010028
M015167	M010834
M015167	M011240
M015167	M011362
M015167	M014626
M015167	M015155
M015167	M015430
M015167	M016637
M015167	M017097
M015167	M017228
M015173	M015173
M015175	M015175
M015178	M015178
M015185	M015185
M015188	M015188
M015190	M015190
M015190	M013500
M015190	M014012
M015190	M015828
M015190	M017396
M015192	M015192
M015195	M015195
M015195	M015991
M015200	M015200
M015920	M015920
M015920	M013861
M015920	M013904
M015921	M015921
M015931	M015931
M015932	M015932
M015939	M015939
M015939	M013175
M015941	M015941
M015941	M001645
M015941	M005081
M015941	M013316
M015941	M013466
M015941	M013730
M015941	M013737
M015941	M014136
M015941	M015406
M015941	M015410
M015941	M016536
M015941	M016634
M015941	M016762
M015941	M017792
M015941	M018190
M015945	M015945
M015945	M002276
M015945	M000640
M015945	M000764
M015945	M000864
M015945	M001585
M015945	M001714
M015945	M001841
M015945	M002394
M015945	M004062
M015945	M004198
M015945	M008082
M015945	M009795
M015945	M010351
M015945	M011509
M015945	M011533
M015945	M011924
M015945	M011995
M015945	M013473
M015945	M013586
M015945	M013631
M015945	M013678
M015945	M013744
M015945	M014113
M015945	M014836
M015945	M015342
M015945	M015471
M015945	M015542
M015945	M015657
M015945	M015754
M015945	M015881
M015945	M015925
M015945	M016290
M015945	M017198
M015945	M017635
M015945	M017650
M015945	M018105
M015945	M018197
M015945	M004824
M015945	M002106
M015945	M004933
M015945	M005168
M015945	M005402
M015945	M006375
M015945	M014078
M015945	M002701
M015945	M013600
M015945	M015527
M015945	M016378
M015945	M016394
M015945	M017630
M015946	M015946
M015946	M014202
M015946	M014530
M015946	M016464
M015947	M015947
M015950	M015950
M015951	M015951
M015954	M015954
M015955	M015955
M015958	M015958
M015966	M015966
M015966	M015497
M015966	M018163
M015969	M015969
M015970	M015970
M015970	M007025
M015970	M012151
M015970	M014865
M015970	M014913
M015970	M016194
M015970	M016442
M015970	M016728
M015970	M011172
M015973	M015973
M015974	M015974
M015974	M015519
M015974	M016229
M015974	M017009
M015974	M013202
M015986	M015986
M015986	M017269
M015986	M018201
M015988	M015988
M015990	M015990
M015995	M015995
M015997	M015997
M015997	M015394
M015997	M015493
M015999	M015999
M016701	M016701
M016707	M016707
M016716	M016716
M016722	M016722
M016726	M016726
M016731	M016731
M016732	M016732
M016732	M014886
M016737	M016737
M016737	M015114
M016737	M017770
M016739	M016739
M016739	M015763
M016739	M000260
M016739	M006029
M016739	M014448
M016739	M014970
M016739	M015806
M016739	M015495
M016739	M017044
M016740	M016740
M016763	M016763
M016763	M018220
M016763	M000366
M016763	M001621
M016763	M001330
M016763	M011791
M016763	M013865
M016763	M002153
M016763	M015315
M016763	M002252
M016763	M000888
M016763	M003401
M016763	M002539
M016763	M003161
M016763	M010521
M016763	M003368
M016763	M003604
M016763	M003643
M016763	M004860
M016763	M005410
M016763	M005858
M016763	M006121
M016763	M006425
M016763	M002979
M016763	M009946
M016763	M014014
M016763	M007077
M016763	M015757
M016763	M007410
M016763	M007949
M016763	M016736
M016763	M008558
M016763	M003092
M016763	M005611
M016763	M009385
M016763	M014293
M016763	M014827
M016763	M017902
M016763	M008894
M016763	M009171
M016763	M009265
M016763	M010710
M016763	M011393
M016763	M011647
M016763	M012177
M016763	M001052
M016763	M005964
M016763	M016119
M016763	M013289
M016763	M013431
M016763	M006231
M016763	M008178
M016763	M013946
M016763	M001976
M016763	M005837
M016763	M006793
M016763	M007276
M016763	M010496
M016763	M013939
M016763	M013960
M016763	M014155
M016763	M014321
M016763	M014985
M016763	M015236
M016763	M015583
M016763	M015613
M016763	M016479
M016763	M016518
M016763	M017172
M016763	M017588
M016763	M017711
M016763	M018106
M016763	M013968
M016763	M002391
M016763	M014157
M016763	M014439
M016763	M014458
M016763	M009515
M016763	M014590
M016763	M014695
M016763	M014178
M016763	M014934
M016763	M013274
M016763	M014943
M016763	M015264
M016763	M015511
M016763	M015546
M016763	M015655
M016763	M015826
M016763	M015882
M016763	M015908
M016763	M016061
M016763	M018168
M016763	M016077
M016763	M016153
M016763	M016186
M016763	M016286
M016763	M016581
M016763	M016723
M016763	M018178
M016763	M016725
M016763	M016439
M016763	M016960
M016763	M014183
M016763	M016976
M016763	M014270
M016763	M015254
M016763	M017005
M016763	M012066
M016763	M017757
M016763	M017077
M016763	M017137
M016763	M017214
M016763	M013746
M016763	M017338
M016763	M005326
M016763	M016198
M016763	M017562
M016763	M017924
M016763	M017971
M016763	M017992
M016763	M018002
M016763	M018014
M016763	M013609
M016763	M014412
M016763	M014917
M016763	M015529
M016763	M018052
M016763	M018101
M016763	M014356
M016763	M016618
M016763	M018237
M016763	M018245
M016763	M000057
M016763	M013554
M016771	M016771
M016776	M016776
M016776	M014871
M016776	M014642
M016776	M014850
M016776	M014895
M016776	M015115
M016776	M016250
M016781	M016781
M016785	M016785
M016794	M016794
M017702	M017702
M017706	M017706
M017709	M017709
M017732	M017732
M017734	M017734
M017738	M017738
M017746	M017746
M017746	M014660
M017746	M014739
M017746	M016375
M017746	M016601
M017746	M016773
M017746	M017480
M017746	M017511
M017746	M018039
M017749	M017749
M017749	M016480
M017753	M017753
M017756	M017756
M017758	M017758
M017764	M017764
M017766	M017766
M017766	M015271
M017777	M017777
M017778	M017778
M017778	M006850
M017780	M017780
M017783	M017783
M017786	M017786
M017786	M018067
M017790	M017790
M017790	M013302
M017790	M013375
M017790	M013450
M017790	M013947
M017790	M014134
M017790	M014298
M017790	M015893
M017790	M016163
M017790	M016932
M017790	M017096
M017790	M017434
M017790	M018034
M017790	M013741
M017790	M000357
M017790	M015400
M017790	M015942
M017790	M017723
M017790	M015273
M017791	M017791
M000309	M000309
M000313	M000313
M000313	M013172
M000313	M015232
M000329	M000329
M000333	M000333
M000371	M000371
M000371	M008989
M000372	M000372
M000372	M003906
M000392	M000392
M000395	M000395
M000395	M007691
M000395	M010242
M000395	M016154
M000396	M000396
M000396	M000733
M000396	M002206
M000398	M000398
M000398	M011449
M000398	M015216
M000398	M004408
M000507	M000507
M000507	M007554
M000523	M000523
M000523	M000897
M000523	M000770
M000523	M011843
M000523	M003033
M000523	M011252
M000523	M004432
M000523	M010218
M000523	M004651
M000523	M004940
M000523	M000435
M000523	M004577
M000523	M006296
M000523	M005306
M000523	M001047
M000523	M002133
M000523	M005933
M000523	M012143
M000523	M005460
M000523	M006379
M000523	M006465
M000523	M001870
M000523	M006776
M000523	M006918
M000523	M008030
M000523	M007183
M000523	M008383
M000523	M009118
M000523	M009444
M000523	M010282
M000523	M013022
M000523	M009203
M000523	M000155
M000523	M009414
M000523	M003982
M000523	M009944
M000523	M010311
M000536	M000536
M000544	M000544
M000550	M000550
M000550	M002156
M000550	M002803
M000550	M003835
M000550	M004353
M000550	M005364
M000550	M005440
M000550	M005546
M000550	M005832
M000550	M005864
M000550	M006113
M000550	M008023
M000550	M008747
M000550	M009046
M000550	M009542
M000550	M009575
M000550	M009665
M000550	M010411
M000550	M010921
M000550	M012223
M000550	M012281
M000550	M012393
M000550	M012561
M000550	M013003
M000550	M001032
M000550	M012078
M000550	M001273
M000550	M000813
M000550	M002506
M000550	M004946
M000550	M008388
M000550	M011453
M000550	M004218
M000550	M007596
M000550	M008856
M000550	M012848
M000550	M011662
M000550	M001458
M000550	M011249
M000550	M013038
M000550	M011881
M000553	M000553
M000557	M000557
M000582	M000582
M000582	M006584
M000582	M007264
M000582	M010453
M000582	M010728
M000582	M012810
M000598	M000598
M000598	M002792
M000598	M006183
M000598	M007288
M000598	M007317
M000598	M009269
M001223	M001223
M001231	M001231
M001231	M000306
M001231	M000967
M001231	M000879
M001231	M011859
M001231	M001240
M001231	M001603
M001231	M001617
M001231	M010348
M001231	M001673
M001231	M001790
M001231	M002224
M001231	M004205
M001231	M006023
M001231	M008087
M001231	M009759
M001231	M001857
M001231	M012362
M001231	M017968
M001231	M004068
M001242	M001242
M001243	M001243
M001243	M000363
M001243	M000424
M001243	M005605
M001243	M008760
M001243	M000583
M001243	M001061
M001243	M004506
M001243	M005638
M001243	M012328
M001243	M001542
M001243	M002145
M001243	M002655
M001243	M006144
M001243	M009984
M001243	M002591
M001243	M002598
M001243	M002848
M001243	M000128
M001243	M002978
M001243	M007544
M001243	M003606
M001243	M003671
M001243	M002925
M001243	M003202
M001243	M016652
M001243	M003890
M001243	M003948
M001243	M011014
M001243	M006745
M001243	M006964
M001243	M010199
M001243	M007161
M001243	M007305
M001243	M007781
M001243	M011681
M001243	M012466
M001243	M014073
M001243	M008252
M001243	M001966
M001243	M008368
M001243	M009587
M001243	M009278
M001243	M009852
M001243	M010075
M001243	M001397
M001243	M009534
M001243	M010456
M001243	M005904
M001243	M005935
M001243	M011345
M001243	M012212
M001243	M012596
M001243	M010572
M001243	M010706
M001243	M004785
M001243	M010859
M001243	M013401
M001269	M001269
M001286	M001286
M001286	M001695
M001286	M001777
M001286	M008171
M001288	M001288
M001289	M001289
M001289	M003483
M001289	M006057
M001289	M012678
M001289	M008110
M001289	M003436
M001289	M010623
M001290	M001290
M001290	M000113
M001290	M010518
M001290	M000519
M001290	M008603
M001290	M000955
M001290	M001204
M001290	M001401
M001290	M010035
M001290	M001440
M001290	M011290
M001290	M011699
M001290	M012094
M001290	M001543
M001290	M001911
M001290	M002073
M001290	M007997
M001290	M002172
M001290	M002548
M001290	M002634
M001290	M006780
M001290	M002852
M001290	M006971
M001290	M002865
M001290	M002917
M001290	M012252
M001290	M003223
M001290	M003346
M001290	M005704
M001290	M009400
M001290	M003593
M001290	M003037
M001290	M003666
M001290	M004161
M001290	M004292
M001290	M010659
M001290	M004438
M001290	M004590
M001290	M004998
M001290	M005034
M001290	M005204
M001290	M005721
M001290	M005809
M001290	M006423
M001290	M017754
M001290	M005320
M001290	M003782
M001290	M007151
M001290	M012443
M001290	M012935
M001290	M005472
M001290	M006008
M001290	M006323
M001290	M006686
M001290	M007054
M001290	M007472
M001290	M007614
M001290	M008690
M001290	M007782
M001290	M007983
M001290	M006537
M001290	M008117
M001290	M008247
M001290	M000416
M001290	M008342
M001290	M009494
M001290	M011406
M001290	M008824
M001290	M008891
M001290	M009034
M001290	M009527
M001290	M013091
M001290	M009660
M001290	M002528
M001290	M007521
M001290	M008206
M001290	M009722
M001290	M009822
M001290	M009879
M001290	M010161
M001290	M004804
M001290	M010874
M001290	M010459
M001290	M011337
M001290	M012570
M001290	M012891
M001293	M001293
M001295	M001295
M002113	M002113
M002113	M000601
M002113	M004740
M002113	M007533
M002113	M009708
M002113	M012863
M002113	M001374
M002113	M002652
M002113	M003042
M002113	M003546
M002113	M010808
M002113	M014385
M002113	M005417
M002113	M005164
M002113	M006206
M002113	M004854
M002113	M007225
M002113	M017059
M002113	M008908
M002113	M002048
M002113	M005123
M002113	M007478
M002113	M007589
M002113	M008681
M002113	M009061
M002113	M013186
M002113	M014723
M002113	M017054
M002113	M013858
M002113	M013356
M002113	M014268
M002113	M014506
M002113	M015035
M002113	M015350
M002113	M015959
M002113	M016282
M002113	M016892
M002113	M017747
M002113	M014142
M002113	M013361
M002113	M017873
M002113	M014679
M002113	M007662
M002113	M009837
M002113	M016240
M002113	M017024
M002113	M018251
M002113	M015934
M002113	M014678
M002113	M017575
M002113	M018010
M002113	M016925
M002113	M017355
M002113	M005282
M002113	M014538
M002113	M014563
M002113	M014677
M002113	M015015
M002113	M017182
M002113	M017382
M002113	M015963
M002113	M017508
M002113	M018238
M002113	M017602
M002113	M016780
M002129	M002129
M002149	M002149
M002160	M002160
M002160	M001131
M002160	M001408
M002160	M002809
M002160	M006709
M002160	M010004
M002160	M018262
M002160	M000512
M002160	M001084
M002160	M001265
M002160	M000047
M002160	M000496
M002160	M010225
M002160	M010557
M002160	M001275
M002160	M002002
M002160	M003879
M002160	M002976
M002160	M005281
M002160	M005896
M002160	M005960
M002160	M006749
M002160	M007383
M002160	M012303
M002160	M003192
M002160	M000273
M002160	M000699
M002160	M001496
M002160	M005403
M002160	M005522
M002160	M008507
M002160	M011108
M002160	M004313
M002160	M004718
M002160	M005709
M002160	M006372
M002160	M007112
M002160	M007934
M002160	M012095
M002160	M004834
M002160	M005041
M002160	M012233
M002160	M005226
M002160	M005995
M002160	M006123
M002160	M007128
M002160	M000445
M002160	M005007
M002160	M006900
M002160	M008199
M002160	M008324
M002160	M009489
M002160	M009631
M002160	M010714
M002160	M008708
M002160	M008869
M002160	M009002
M002160	M009421
M002160	M011796
M002160	M013106
M002160	M015516
M002160	M009911
M002160	M000137
M002160	M000989
M002160	M003605
M002160	M006190
M002160	M007323
M002160	M009294
M002160	M012457
M002160	M010452
M002160	M011658
M002160	M012173
M002160	M003310
M002160	M006580
M002160	M012857
M002160	M003916
M002160	M008299
M002160	M009695
M002160	M010993
M002160	M012579
M002160	M014937
M002160	M012933
M002160	M002517
M002160	M013992
M002160	M000481
M002160	M014889
M002160	M015998
M002160	M000630
M002160	M001480
M002160	M002408
M002160	M002686
M002160	M004643
M002160	M009173
M002160	M010858
M002160	M011355
M002160	M011780
M002160	M011862
M002160	M014064
M002160	M014473
M002160	M015031
M002160	M015199
M002160	M016463
M002160	M017299
M002160	M004520
M002160	M007608
M002160	M013328
M002160	M017448
M002160	M017619
M002160	M018263
M002165	M002165
M002165	M000148
M002165	M000436
M002165	M000594
M002165	M001076
M002165	M001151
M002165	M001409
M002165	M002005
M002165	M002349
M002165	M002478
M002165	M002694
M002165	M002744
M002165	M002874
M002165	M002995
M002165	M003140
M002165	M003233
M002165	M003289
M002165	M003619
M002165	M003716
M002165	M003808
M002165	M004003
M002165	M004340
M002165	M004510
M002165	M004548
M002165	M004812
M002165	M004995
M002165	M005122
M002165	M005232
M002165	M005379
M002165	M005425
M002165	M005839
M002165	M005849
M002165	M005976
M002165	M006115
M002165	M006356
M002165	M006368
M002165	M006832
M002165	M006878
M002165	M007050
M002165	M007257
M002165	M007350
M002165	M007693
M002165	M007883
M002165	M007912
M002165	M008222
M002165	M008489
M002165	M008565
M002165	M008761
M002165	M008937
M002165	M008979
M002165	M009145
M002165	M009243
M002165	M009380
M002165	M009603
M002165	M009611
M002165	M009686
M002165	M009880
M002165	M010007
M002165	M010183
M002165	M010277
M002165	M010367
M002165	M010628
M002165	M010699
M002165	M010751
M002165	M010901
M002165	M011036
M002165	M011306
M002165	M011364
M002165	M011733
M002165	M012129
M002165	M012300
M002165	M012442
M002165	M012589
M002165	M012649
M002165	M012803
M002165	M001238
M002165	M002593
M002165	M009416
M002165	M004128
M002165	M000837
M002165	M000959
M002165	M001364
M002165	M001581
M002165	M002599
M002165	M011835
M002165	M004751
M002165	M005582
M002165	M007023
M002165	M007403
M002165	M008796
M002165	M009750
M002165	M011343
M002165	M011801
M002165	M012353
M002165	M013004
M002165	M000242
M002168	M002168
M002168	M001612
M003224	M003224
M003229	M003229
M003229	M000998
M003239	M003239
M003239	M000449
M003239	M005515
M003239	M007566
M003239	M007676
M003239	M009593
M003239	M011359
M003299	M003299
M003901	M003901
M003902	M003902
M003903	M003903
M003909	M003909
M003913	M003913
M003914	M003914
M003923	M003923
M003923	M002542
M003923	M005423
M003923	M011059
M003923	M013787
M003923	M014857
M003923	M015001
M003923	M016065
M003923	M003400
M003923	M015147
M003923	M015805
M003923	M017894
M003952	M003952
M003952	M000063
M003952	M000257
M003952	M000450
M003952	M000525
M003952	M001088
M003952	M001203
M003952	M001439
M003952	M002059
M003952	M002167
M003952	M002531
M003952	M002689
M003952	M002752
M003952	M002959
M003952	M003108
M003952	M003348
M003952	M003558
M003952	M003754
M003952	M003845
M003952	M004332
M003952	M004523
M003952	M004566
M003952	M004653
M003952	M004795
M003952	M004938
M003952	M005172
M003952	M005354
M003952	M005397
M003952	M005551
M003952	M005694
M003952	M005894
M003952	M006402
M003952	M006534
M003952	M006712
M003952	M006752
M003952	M006904
M003952	M007081
M003952	M007259
M003952	M007516
M003952	M007747
M003952	M007952
M003952	M008596
M003952	M008689
M003952	M008889
M003952	M009090
M003952	M009190
M003952	M009312
M003952	M009570
M003952	M009684
M003952	M009732
M003952	M009954
M003952	M010130
M003952	M010290
M003952	M010414
M003952	M010730
M003952	M010787
M003952	M010894
M003952	M011009
M003952	M011152
M003952	M011285
M003952	M011419
M003952	M012091
M003952	M012260
M003952	M012581
M003952	M012837
M003952	M012972
M003952	M002735
M003952	M003221
M003952	M005011
M003952	M006274
M003952	M006995
M003952	M000043
M003952	M000320
M003952	M000671
M003952	M000777
M003952	M001544
M003952	M001839
M003952	M004273
M003952	M007669
M003952	M007998
M003952	M008113
M003952	M008636
M003952	M009850
M003952	M010535
M003952	M011180
M003952	M011553
M003952	M011700
M003952	M011906
M003952	M012436
M003952	M013093
M003952	M007332
M003952	M008285
M003952	M008426
M003952	M002604
M003952	M008990
M003952	M012704
M003967	M003967
M003973	M003973
M003975	M003975
M003975	M000592
M003975	M010059
M003975	M002768
M003975	M008676
M003975	M009601
M003975	M012954
M003975	M014029
M003975	M014206
M003975	M014281
M003975	M017262
M003975	M010448
M003975	M012619
M003975	M010843
M003975	M012809
M003975	M014929
M003975	M013997
M003975	M015311
M003994	M003994
M004709	M004709
M004724	M004724
M004744	M004744
M004744	M000749
M004744	M000977
M004744	M011937
M004744	M001106
M004744	M001201
M004744	M005437
M004744	M001741
M004744	M003342
M004744	M004285
M004744	M004555
M004744	M004972
M004744	M005377
M004744	M006002
M004744	M006444
M004744	M007107
M004744	M007447
M004744	M007857
M004744	M008133
M004744	M008547
M004744	M008906
M004744	M010256
M004744	M012731
M004746	M004746
M004759	M004759
M004798	M004798
M004916	M004916
M004924	M004924
M004924	M004819
M004924	M012531
M004936	M004936
M005702	M005702
M005702	M000573
M005702	M003573
M005702	M003739
M005702	M003777
M005702	M005628
M005702	M005780
M005702	M012302
M005702	M010428
M005702	M010805
M005702	M012203
M005716	M005716
M005722	M005722
M005722	M000044
M005722	M000086
M005722	M000191
M005722	M000252
M005722	M000304
M005722	M000532
M005722	M000763
M005722	M000865
M005722	M001120
M005722	M001210
M005722	M001332
M005722	M001471
M005722	M001607
M005722	M001659
M005722	M001812
M005722	M001875
M005722	M002082
M005722	M002462
M005722	M002708
M005722	M002814
M005722	M003029
M005722	M003070
M005722	M003216
M005722	M003353
M005722	M003591
M005722	M003773
M005722	M003793
M005722	M003947
M005722	M004188
M005722	M004288
M005722	M004495
M005722	M004758
M005722	M004774
M005722	M004939
M005722	M005057
M005722	M005208
M005722	M005350
M005722	M005715
M005722	M005789
M005722	M005951
M005722	M006028
M005722	M006127
M005722	M006317
M005722	M006531
M005722	M006784
M005722	M006837
M005722	M007083
M005722	M007142
M005722	M007496
M005722	M007508
M005722	M007641
M005722	M007647
M005722	M007707
M005722	M007806
M005722	M008148
M005722	M008358
M005722	M008481
M005722	M008721
M005722	M008964
M005722	M009077
M005722	M009197
M005722	M009392
M005722	M009578
M005722	M009614
M005722	M009659
M005722	M009723
M005722	M009833
M005722	M009980
M005722	M010079
M005722	M010131
M005722	M010246
M005722	M010251
M005722	M010363
M005722	M010617
M005722	M011263
M005722	M011472
M005722	M011876
M005722	M012148
M005722	M012741
M005722	M012871
M005722	M013019
M005722	M013130
M005722	M000380
M005722	M005600
M005722	M011387
M005722	M002244
M005722	M004029
M005722	M006530
M005722	M010709
M005722	M011018
M005722	M011088
M005722	M012516
M005722	M007951
M005722	M012377
M005737	M005737
M005742	M005742
M005742	M014876
M006344	M006344
M006355	M006355
M006361	M006361
M006361	M004951
M006361	M006268
M006377	M006377
M006377	M000884
M006377	M000954
M006377	M011916
M006377	M005064
M006377	M006095
M006389	M006389
M006394	M006394
M006394	M001729
M006394	M001973
M006394	M003164
M006394	M003869
M006394	M007679
M006394	M011243
M006394	M002237
M006394	M005130
M006394	M014525
M006394	M013936
M006394	M015358
M007214	M007214
M007249	M007249
M007249	M004291
M007249	M014250
M007249	M010600
M007272	M007272
M007285	M007285
M007286	M007286
M007286	M015184
M007626	M007626
M007627	M007627
M007651	M007651
M007653	M007653
M007653	M002597
M007656	M007656
M007661	M007661
M007666	M007666
M007677	M007677
M007677	M000656
M007677	M000728
M007677	M000760
M007677	M000854
M007677	M001599
M007677	M001733
M007677	M001942
M007677	M002259
M007677	M004245
M007677	M008104
M007677	M008462
M007677	M009796
M007677	M011165
M007677	M012334
M007677	M013292
M007677	M014121
M007677	M015896
M007677	M016245
M007677	M013549
M007682	M007682
M007682	M010532
M007682	M001073
M007682	M001734
M007682	M002816
M007682	M003089
M007682	M003971
M007682	M004263
M007682	M004731
M007682	M005274
M007682	M005942
M007682	M006919
M007682	M007127
M007682	M007591
M007682	M008944
M007682	M013601
M007682	M013897
M007682	M014219
M007682	M015481
M007682	M015649
M007682	M016966
M007682	M017376
M007682	M017997
M007682	M011043
M007682	M004347
M007682	M006267
M007682	M006543
M007682	M014403
M007682	M017275
M007682	M017879
M007682	M014821
M007682	M014877
M007682	M017320
M007682	M016360
M007682	M016665
M007695	M007695
M007695	M009139
M007695	M002123
M007698	M007698
M008232	M008232
M008270	M008270
M008270	M000253
M008270	M000410
M008270	M003259
M008270	M003540
M008270	M003776
M008270	M004580
M008270	M007351
M008270	M008532
M008270	M009463
M008270	M009692
M008270	M010427
M008270	M010769
M008270	M011397
M008270	M011979
M008270	M013082
M008270	M013249
M008270	M013313
M008270	M013320
M008270	M014954
M008270	M015016
M008270	M015087
M008270	M015739
M008270	M015976
M008270	M016558
M008270	M016837
M008270	M016984
M008270	M017578
M008270	M017921
M008270	M017995
M008273	M008273
M008291	M008291
M008291	M013974
M008291	M014686
M008291	M016386
M008298	M008298
M008298	M001219
M008298	M000766
M008298	M000898
M008298	M001258
M008298	M005637
M008298	M011907
M008298	M002368
M008298	M004180
M008298	M004648
M008910	M008910
M008925	M008925
M008925	M017896
M008958	M008958
M008968	M008968
M008973	M008973
M008975	M008975
M008984	M008984
M008985	M008985
M008988	M008988
M008993	M008993
M008994	M008994
M008998	M008998
M009608	M009608
M009608	M000345
M009608	M000429
M009608	M001039
M009608	M001170
M009608	M002085
M009608	M002198
M009608	M002672
M009608	M002800
M009608	M003034
M009608	M003084
M009608	M003190
M009608	M003315
M009608	M008554
M009608	M009352
M009608	M003550
M009608	M003752
M009608	M003791
M009608	M004015
M009608	M004370
M009608	M004478
M009608	M004626
M009608	M004910
M009608	M005194
M009608	M005577
M009608	M005718
M009608	M005899
M009608	M006306
M009608	M006701
M009608	M007776
M009608	M008228
M009608	M008382
M009608	M009465
M009608	M007191
M009608	M007465
M009608	M008049
M009608	M008715
M009608	M008830
M009608	M009024
M009608	M010030
M009608	M011221
M009608	M010501
M009608	M010847
M009608	M010957
M009608	M011034
M009608	M011367
M009608	M012186
M009608	M012525
M009613	M009613
M009621	M009621
M009621	M002479
M009621	M003548
M009621	M003749
M009621	M008922
M009621	M011203
M009621	M012949
M009621	M002040
M009621	M003159
M009641	M009641
M009642	M009642
M009644	M009644
M009644	M000160
M009646	M009646
M009662	M009662
M009676	M009676
M009676	M000286
M009676	M001213
M009676	M006279
M009676	M001555
M009676	M001808
M009676	M001914
M009676	M002169
M009676	M000170
M009676	M002403
M009676	M001748
M009676	M010392
M009676	M015085
M009676	M002705
M009676	M017449
M009676	M002850
M009676	M003300
M009676	M008263
M009676	M008337
M009676	M009471
M009676	M003801
M009676	M001980
M009676	M004258
M009676	M004500
M009676	M004589
M009676	M004984
M009676	M004865
M009676	M005100
M009676	M005214
M009676	M005634
M009676	M005727
M009676	M005920
M009676	M005562
M009676	M006102
M009676	M006316
M009676	M006542
M009676	M006703
M009676	M007177
M009676	M007342
M009676	M007688
M009676	M007837
M009676	M008815
M009676	M007864
M009676	M012452
M009676	M008135
M009676	M008713
M009676	M009176
M009676	M009390
M009676	M009533
M009676	M008981
M009676	M009779
M009676	M009919
M009676	M010168
M009676	M010487
M009676	M010545
M009676	M010733
M009676	M010704
M009676	M010896
M009676	M011405
M009676	M011824
M009676	M000808
M009676	M007443
M009676	M012126
M009676	M012214
M009676	M012768
M009676	M002325
M009676	M011480
M009676	M011574
M009676	M012060
M009676	M015905
M009676	M015061
M009676	M015180
M009676	M015811
M009676	M016030
M009676	M016343
M009676	M016667
M009676	M017270
M009676	M001482
M009676	M002736
M009676	M003167
M009676	M008496
M009676	M010018
M009676	M011239
M009676	M011678
M009676	M014438
M009676	M014542
M009676	M017340
M009676	M017729
M009676	M018221
M010420	M010420
M010420	M007620
M010420	M005876
M010420	M004753
M010420	M005436
M010420	M005840
M010420	M006885
M010420	M012253
M010429	M010429
M010435	M010435
M010470	M010470
M010470	M000114
M010470	M000211
M010470	M000336
M010470	M002176
M010470	M006075
M010470	M012719
M010470	M000454
M010470	M000554
M010470	M001145
M010470	M001217
M010470	M001312
M010470	M001510
M010470	M001771
M010470	M003036
M010470	M003778
M010470	M003931
M010470	M006715
M010470	M008096
M010470	M008234
M010470	M008271
M010470	M008346
M010470	M008707
M010470	M009497
M010470	M009526
M010470	M010038
M010470	M010529
M010470	M010978
M010470	M011204
M010470	M011369
M010470	M001832
M010470	M001856
M010470	M002063
M010470	M005617
M010470	M009088
M010470	M010214
M010470	M011307
M010470	M011707
M010470	M002216
M010470	M002596
M010470	M007027
M010470	M003461
M010470	M004309
M010470	M004397
M010470	M004439
M010470	M000881
M010470	M002639
M010470	M007067
M010470	M007499
M010470	M004592
M010470	M006519
M010470	M004743
M010470	M005020
M010470	M005112
M010470	M005137
M010470	M002532
M010470	M003177
M010470	M008514
M010470	M009320
M010470	M009892
M010470	M011158
M010470	M011976
M010470	M012422
M010470	M012966
M010470	M005207
M010470	M004895
M010470	M005319
M010470	M006291
M010470	M005464
M010470	M005739
M010470	M005698
M010470	M005926
M010470	M006233
M010470	M012093
M010470	M006532
M010470	M006728
M010470	M006851
M010470	M001226
M010470	M007167
M010470	M006927
M010470	M007522
M010470	M007613
M010470	M007786
M010470	M008071
M010470	M008645
M010470	M008839
M010470	M009675
M010470	M009814
M010470	M004207
M010470	M010492
M010470	M010658
M010470	M011567
M010470	M012359
M010470	M012505
M010470	M002741
M010470	M003067
M010470	M003263
M010470	M003750
M010470	M012793
M010471	M010471
M010471	M001623
M010471	M002334
M010471	M004422
M010471	M006897
M010471	M007304
M010471	M009221
M010471	M010136
M010471	M000062
M010471	M004818
M010471	M002958
M010471	M003929
M010471	M009973
M010471	M010588
M010471	M012841
M010471	M011797
M010471	M005071
M010491	M010491
M010493	M010493
M011302	M011302
M011325	M011325
M011330	M011330
M011330	M000059
M011330	M000116
M011330	M000524
M011330	M001198
M011330	M001250
M011330	M001280
M011330	M001428
M011330	M002936
M011330	M003074
M011330	M008013
M011330	M011684
M011330	M012169
M011330	M012419
M011330	M013120
M011330	M001536
M011330	M001703
M011330	M001765
M011330	M001881
M011330	M002505
M011330	M002043
M011330	M003026
M011330	M004296
M011330	M003412
M011330	M003531
M011330	M003684
M011330	M008032
M011330	M004266
M011330	M005416
M011330	M005916
M011330	M002695
M011330	M002859
M011330	M004564
M011330	M004857
M011330	M005642
M011330	M006308
M011330	M006336
M011330	M006769
M011330	M006985
M011330	M007148
M011330	M007374
M011330	M009149
M011330	M010125
M011330	M012275
M011330	M006089
M011330	M007208
M011330	M012819
M011330	M007561
M011330	M008153
M011330	M008177
M011330	M008421
M011330	M008819
M011330	M009328
M011330	M003151
M011330	M008537
M011330	M009518
M011330	M009830
M011330	M009906
M011330	M004716
M011330	M005301
M011330	M006364
M011330	M010329
M011330	M001035
M011330	M010579
M011330	M010644
M011330	M010447
M011330	M010775
M011330	M010985
M011330	M003980
M011330	M011584
M011330	M011500
M011330	M011982
M011330	M012206
M011330	M003302
M011330	M012498
M011330	M012735
M011331	M011331
M011331	M006513
M011331	M006818
M011331	M007253
M011331	M009285
M011331	M012854
M011331	M000572
M011331	M003491
M011331	M004581
M011331	M004976
M011331	M007537
M011331	M000690
M011331	M004297
M011331	M012518
M011331	M001318
M011331	M001130
M011331	M001676
M011331	M001824
M011331	M006082
M011331	M008907
M011331	M009877
M011331	M011909
M011331	M001573
M011331	M001842
M011331	M002260
M011331	M002367
M011331	M012612
M011331	M003292
M011331	M000221
M011331	M000391
M011331	M001015
M011331	M001081
M011331	M002044
M011331	M002622
M011331	M002887
M011331	M002988
M011331	M003104
M011331	M003175
M011331	M003528
M011331	M003732
M011331	M005581
M011331	M007580
M011331	M007767
M011331	M007854
M011331	M009108
M011331	M009384
M011331	M009630
M011331	M010976
M011331	M011124
M011331	M011380
M011331	M011745
M011331	M012119
M011331	M012463
M011331	M013095
M011331	M003480
M011331	M002199
M011331	M009904
M011331	M010178
M011331	M003888
M011331	M000791
M011331	M000937
M011331	M012201
M011331	M012983
M011331	M003893
M011331	M004511
M011331	M004224
M011331	M004689
M011331	M004868
M011331	M005247
M011331	M005346
M011331	M005442
M011331	M006160
M011331	M007069
M011331	M007358
M011331	M008710
M011331	M008808
M011331	M010410
M011331	M010685
M011331	M012319
M011331	M005045
M011331	M006331
M011331	M000181
M011331	M002804
M011331	M006972
M011331	M008215
M011331	M006352
M011331	M003961
M011331	M007978
M011331	M012170
M011331	M006641
M011331	M008063
M011331	M003421
M011331	M008604
M011331	M011501
M011331	M011586
M011331	M011966
M011331	M008260
M011331	M001373
M011331	M002439
M011331	M005699
M011331	M008321
M011331	M009475
M011331	M010084
M011331	M008515
M011331	M010827
M011331	M005898
M011331	M012776
M011336	M011336
M011336	M000692
M011336	M008412
M011350	M011350
M011350	M011665
M011381	M011381
M012723	M012723
M012723	M002306
M012723	M002378
M012723	M011089
M012723	M011775
M012736	M012736
M012744	M012744
M012773	M012773
M012773	M001723
M012773	M008963
M012787	M012787
M012787	M002730
M012790	M012790
M012796	M012796
M012796	M003965
M012796	M010972
M012796	M006789
M012796	M004366
M012796	M004697
M012796	M005340
M012796	M005443
M012796	M006388
M012796	M007056
M012796	M006914
M012796	M008926
M012796	M009423
M012796	M012582
M012796	M007584
M012800	M012800
M012800	M002173
M012800	M004342
M012800	M004515
M012800	M004748
M012800	M004853
M012800	M005672
M012800	M005812
M012800	M005958
M012800	M006258
M012800	M006754
M012800	M007098
M012800	M007429
M012800	M010725
M012800	M012313
M012800	M015265
M012800	M014162
M012800	M015638
M012800	M017522
M013303	M013303
M013304	M013304
M013304	M013159
M013304	M010029
M013304	M004908
M013304	M009773
M013304	M012749
M013304	M015662
M013304	M015706
M013304	M016020
M013312	M013312
M013312	M014655
M013312	M016454
M013312	M017537
M013314	M013314
M013314	M017871
M013315	M013315
M013325	M013325
M013327	M013327
M013350	M013350
M013351	M013351
M013353	M013353
M013358	M013358
M013358	M011209
M013358	M011744
M013358	M012472
M013358	M012798
M013358	M013142
M013358	M015063
M013358	M003942
M013358	M011017
M013358	M017648
M013360	M013360
M013365	M013365
M013366	M013366
M013366	M016544
M013366	M016681
M013379	M013379
M013379	M014329
M013382	M013382
M013384	M013384
M013384	M016638
M013384	M003020
M013384	M004334
M013384	M011431
M013384	M010697
M013384	M014839
M013385	M013385
M013385	M017446
M013387	M013387
M013387	M015454
M013387	M015451
M013390	M013390
M013391	M013391
M013393	M013393
M013393	M016471
M013393	M016534
M013397	M013397
M013397	M017586
M014104	M014104
M014105	M014105
M014107	M014107
M014110	M014110
M014112	M014112
M014116	M014116
M014122	M014122
M014127	M014127
M014127	M000049
M014127	M000056
M014127	M001101
M014127	M000300
M014127	M000932
M014127	M000975
M014127	M004200
M014127	M011839
M014127	M013772
M014127	M015812
M014127	M001232
M014127	M011462
M014127	M002589
M014127	M004037
M014127	M011631
M014127	M015255
M014127	M015337
M014127	M015442
M014127	M016766
M014127	M017281
M014127	M017719
M014127	M004364
M014127	M000002
M014127	M000124
M014127	M000233
M014127	M000393
M014127	M000551
M014127	M000670
M014127	M001212
M014127	M001443
M014127	M001583
M014127	M001651
M014127	M001885
M014127	M002075
M014127	M002159
M014127	M002353
M014127	M002493
M014127	M002679
M014127	M002782
M014127	M002968
M014127	M003110
M014127	M003205
M014127	M003267
M014127	M003535
M014127	M003649
M014127	M003875
M014127	M004022
M014127	M004442
M014127	M004640
M014127	M004701
M014127	M004784
M014127	M005077
M014127	M005177
M014127	M005384
M014127	M005499
M014127	M005656
M014127	M005885
M014127	M005906
M014127	M005957
M014127	M006217
M014127	M006282
M014127	M006395
M014127	M006551
M014127	M006681
M014127	M006838
M014127	M006843
M014127	M006977
M014127	M007092
M014127	M007277
M014127	M007467
M014127	M007536
M014127	M007743
M014127	M008045
M014127	M008138
M014127	M008189
M014127	M008477
M014127	M008505
M014127	M008605
M014127	M008775
M014127	M008826
M014127	M008951
M014127	M009138
M014127	M009193
M014127	M009327
M014127	M009555
M014127	M009716
M014127	M009988
M014127	M010153
M014127	M010525
M014127	M010771
M014127	M010861
M014127	M011047
M014127	M011114
M014127	M011196
M014127	M011295
M014127	M011423
M014127	M011615
M014127	M011754
M014127	M011799
M014127	M011967
M014127	M012294
M014127	M012403
M014127	M012487
M014127	M012753
M014127	M012873
M014127	M012996
M014127	M013133
M014127	M013415
M014127	M014251
M014127	M014355
M014127	M014692
M014127	M015029
M014127	M015256
M014127	M017031
M014127	M018128
M014127	M018154
M014127	M006738
M014127	M007660
M014127	M009808
M014127	M010114
M014127	M012333
M014127	M010437
M014127	M010798
M014127	M011085
M014127	M013179
M014127	M016580
M014127	M012098
M014127	M012348
M014127	M013260
M014127	M013885
M014127	M014977
M014127	M015229
M014127	M014067
M014127	M015415
M014127	M015989
M014127	M017204
M014128	M014128
M014128	M015338
M014128	M017358
M014128	M017530
M014132	M014132
M014141	M014141
M014141	M015071
M014141	M015389
M014144	M014144
M014153	M014153
M014153	M004143
M014153	M016676
M014153	M010970
M014154	M014154
M014158	M014158
M014159	M014159
M014164	M014164
M014165	M014165
M014168	M014168
M014170	M014170
M014179	M014179
M014179	M016977
M014182	M014182
M014197	M014197
M014198	M014198
M014198	M004560
M014198	M008801
M014198	M013163
M014198	M001746
M014198	M001816
M014198	M006401
M014198	M008101
M014198	M013491
M014198	M013818
M014198	M013841
M014198	M014265
M014198	M015088
M014198	M015125
M014198	M015279
M014198	M015457
M014198	M017203
M014198	M017403
M014198	M017688
M014198	M017768
M014198	M017891
M014198	M017892
M014198	M018162
M014198	M013700
M014198	M018242
M015002	M015002
M015020	M015020
M015020	M009339
M015033	M015033
M015033	M000369
M015033	M006866
M015033	M009893
M015033	M000100
M015033	M001080
M015033	M001181
M015033	M001432
M015033	M002120
M015033	M002774
M015033	M004346
M015033	M004551
M015033	M004992
M015033	M005073
M015033	M005212
M015033	M005834
M015033	M006133
M015033	M006212
M015033	M006472
M015033	M006820
M015033	M007129
M015033	M007982
M015033	M008784
M015033	M009120
M015033	M009609
M015033	M009653
M015033	M010184
M015033	M010343
M015033	M010389
M015033	M010652
M015033	M010748
M015033	M011373
M015033	M011670
M015033	M012165
M015033	M012254
M015033	M012407
M015033	M012886
M015033	M013074
M015033	M013830
M015033	M014579
M015033	M015663
M015033	M015672
M015033	M017294
M015033	M017390
M015033	M010281
M015033	M011951
M015033	M013670
M015033	M007121
M015033	M017424
M015036	M015036
M015038	M015038
M015040	M015040
M015040	M013845
M015040	M014212
M015040	M015780
M015040	M016827
M015040	M017993
M015040	M016744
M015041	M015041
M015045	M015045
M015046	M015046
M015046	M004098
M015046	M004253
M015046	M004823
M015046	M005117
M015046	M013418
M015046	M015373
M015046	M015500
M015046	M015578
M015046	M015683
M015046	M016478
M015046	M016565
M015046	M017197
M015046	M017694
M015046	M017994
M015046	M018258
M015046	M007007
M015046	M015562
M015046	M011511
M015046	M011582
M015046	M012271
M015046	M012335
M015046	M013693
M015046	M013907
M015046	M014218
M015046	M015801
M015046	M013889
M015046	M013983
M015046	M014592
M015046	M015021
M015046	M015249
M015046	M015259
M015046	M015922
M015046	M016165
M015046	M016207
M015046	M016219
M015046	M016301
M015046	M016345
M015046	M016886
M015046	M016908
M015046	M017693
M015050	M015050
M015051	M015051
M015052	M015052
M015057	M015057
M015058	M015058
M015060	M015060
M015065	M015065
M015065	M001190
M015065	M014328
M015065	M014789
M015065	M002790
M015065	M006508
M015065	M003522
M015065	M007510
M015065	M010528
M015065	M014842
M015065	M016836
M015065	M001460
M015065	M008471
M015065	M011726
M015065	M013165
M015065	M013189
M015065	M013815
M015065	M015525
M015065	M016675
M015065	M017084
M015065	M017657
M015065	M018013
M015074	M015074
M015076	M015076
M015076	M013476
M015076	M014808
M015076	M015239
M015076	M015793
M015076	M016215
M015076	M016504
M015076	M016702
M015076	M017238
M015076	M017481
M015076	M017519
M015076	M017535
M015076	M017937
M015076	M018139
M015083	M015083
M015089	M015089
M015097	M015097
M015099	M015099
M015809	M015809
M015809	M016032
M015809	M017385
M015818	M015818
M015822	M015822
M015824	M015824
M015824	M013405
M015824	M013890
M015824	M014457
M015824	M015499
M015824	M016150
M015824	M013863
M015824	M013475
M015824	M013551
M015824	M017039
M015825	M015825
M015825	M014115
M015825	M015949
M015832	M015832
M015843	M015843
M015844	M015844
M015860	M015860
M015865	M015865
M015874	M015874
M015875	M015875
M015875	M014399
M015876	M015876
M015880	M015880
M015888	M015888
M015889	M015889
M015891	M015891
M015894	M015894
M015894	M015332
M015897	M015897
M016311	M016311
M016314	M016314
M016315	M016315
M016318	M016318
M016320	M016320
M016321	M016321
M016323	M016323
M016323	M014214
M016323	M013547
M016323	M013726
M016323	M014091
M016323	M014897
M016323	M016727
M016323	M016825
M016323	M016929
M016323	M017421
M016323	M017743
M016328	M016328
M016334	M016334
M016335	M016335
M016336	M016336
M016336	M013287
M016336	M014021
M016336	M014365
M016336	M014990
M016336	M015027
M016336	M017284
M016336	M017967
M016336	M018068
M016336	M015100
M016340	M016340
M016340	M014534
M016340	M017654
M016341	M016341
M016341	M013560
M016341	M013699
M016341	M014390
M016341	M017636
M016341	M017742
M016341	M017804
M016341	M017914
M016341	M018144
M016341	M014414
M016341	M004708
M016341	M006509
M016341	M006912
M016341	M008465
M016341	M010547
M016341	M012196
M016341	M012438
M016341	M014828
M016341	M015450
M016341	M017970
M016341	M014462
M016341	M018150
M016342	M016342
M016346	M016346
M016351	M016351
M016354	M016354
M016363	M016363
M016363	M016940
M016364	M016364
M016364	M002248
M016364	M014129
M016364	M017303
M016364	M004380
M016364	M017180
M016364	M005049
M016364	M005444
M016364	M012356
M016364	M012827
M016364	M013518
M016364	M014060
M016364	M017133
M016364	M017813
M016364	M013729
M016364	M013527
M016364	M013817
M016364	M013844
M016364	M014637
M016364	M014728
M016364	M015417
M016364	M015348
M016364	M015429
M016364	M015422
M016364	M015653
M016364	M012722
M016364	M017577
M016364	M015807
M016364	M016579
M016364	M016222
M016364	M016409
M016364	M017246
M016364	M017750
M016364	M017820
M016374	M016374
M016379	M016379
M016379	M015563
M016380	M016380
M016389	M016389
M016390	M016390
M016392	M016392
M016393	M016393
M016399	M016399
M017106	M017106
M017106	M017541
M017119	M017119
M017123	M017123
M017123	M018071
M017123	M017305
M017125	M017125
M017125	M015593
M017130	M017130
M017138	M017138
M017145	M017145
M017149	M017149
M017154	M017154
M017154	M013803
M017160	M017160
M017162	M017162
M017165	M017165
M017165	M015144
M017165	M017438
M017174	M017174
M017178	M017178
M017183	M017183
M017183	M010911
M017184	M017184
M017185	M017185
M017186	M017186
M017187	M017187
M017189	M017189
M017193	M017193
M017195	M017195
M017815	M017815
M017816	M017816
M017822	M017822
M017841	M017841
M017842	M017842
M017850	M017850
M017850	M013296
M017850	M015231
M017852	M017852
M017852	M016699
M017852	M017353
M017861	M017861
M017865	M017865
M017866	M017866
M017866	M013747
M017866	M015101
M017866	M016812
M017866	M017298
M017866	M017309
M017866	M014055
M017866	M013157
M017866	M015228
M017877	M017877
M017881	M017881
M017886	M017886
M017886	M013461
M017886	M014463
M017886	M014933
M017886	M015165
M017886	M015396
M017886	M015727
M017886	M016109
M017886	M016337
M017886	M016754
M017886	M016820
M017886	M016849
M017886	M017093
M017886	M017107
M017886	M017167
M017886	M018177
M017886	M017484
M017898	M017898
M017899	M017899
M017899	M014271
M017899	M017932
M017899	M017807
M017899	M014220
M017899	M018136
M017899	M013877
M017900	M017900
M001502	M001502
M001502	M011643
M001502	M009748
M001502	M014315
M001502	M018038
M001512	M001512
M001512	M001674
M001512	M015775
M001521	M001521
M001530	M001530
M001530	M000775
M001530	M000903
M001530	M011885
M001530	M001686
M001530	M000641
M001530	M012770
M001530	M001866
M001530	M003444
M001530	M006096
M001530	M008160
M001530	M008625
M001530	M011176
M001530	M011600
M001530	M012023
M001530	M012337
M001530	M002538
M001530	M017880
M001538	M001538
M001538	M002295
M001541	M001541
M001541	M009714
M001554	M001554
M001554	M000814
M001554	M011826
M001554	M000855
M001554	M001915
M001557	M001557
M001561	M001561
M001561	M000751
M001561	M000949
M001561	M011912
M001562	M001562
M001562	M006003
M001562	M012760
M001563	M001563
M001563	M006234
M001563	M007101
M001563	M009839
M001563	M013646
M001563	M001879
M001563	M014297
M001563	M014327
M001563	M016568
M001563	M016213
M001563	M016570
M001563	M018035
M001563	M008548
M001563	M009378
M001563	M014941
M001567	M001567
M001567	M000025
M001567	M001296
M001567	M003406
M001567	M006072
M001567	M008398
M001567	M001407
M001567	M004728
M001567	M005303
M001567	M006405
M001567	M007749
M001567	M008905
M001567	M009457
M001567	M010050
M001567	M012583
M001567	M012644
M001586	M001586
M001586	M001348
M001586	M002241
M001586	M000836
M001586	M010625
M001586	M002328
M001586	M001038
M001586	M007588
M001586	M007737
M001586	M012324
M001586	M012774
M001586	M015300
M001586	M002492
M001586	M002621
M001586	M004907
M001586	M003866
M001586	M004591
M001586	M005390
M001586	M002205
M001586	M004362
M001586	M005305
M001586	M005775
M001586	M005938
M001586	M006828
M001586	M007977
M001586	M009512
M001586	M010385
M001586	M012533
M001586	M006358
M001586	M007119
M001586	M004809
M001586	M005253
M001586	M006421
M001586	M007143
M001586	M009456
M001586	M012405
M001586	M015246
M001586	M008058
M001586	M001118
M001586	M001737
M001586	M001783
M001586	M001905
M001586	M008365
M001586	M008627
M001586	M009855
M001586	M011577
M001586	M008286
M001586	M000230
M001586	M008585
M001586	M009018
M001586	M009113
M001586	M010744
M001586	M001183
M001586	M003539
M001586	M003735
M001586	M003962
M001586	M005691
M001586	M006016
M001586	M006604
M001586	M007380
M001586	M008675
M001586	M008840
M001586	M009289
M001586	M010051
M001586	M010974
M001586	M011224
M001586	M011136
M001586	M009396
M001586	M011840
M001586	M012851
M001586	M014601
M001586	M013914
M001586	M012016
M001586	M014447
M001593	M001593
M001593	M009774
M001596	M001596
M001598	M001598
M002728	M002728
M002729	M002729
M002729	M003556
M002729	M004182
M002729	M004373
M002729	M005398
M002729	M009083
M002729	M010415
M002729	M012092
M002729	M012261
M002729	M000052
M002729	M007836
M002729	M000210
M002729	M000365
M002729	M000442
M002729	M011420
M002729	M000474
M002729	M000668
M002729	M000713
M002729	M000742
M002729	M011892
M002729	M000986
M002729	M001505
M002729	M001622
M002729	M001683
M002729	M002527
M002729	M001402
M002729	M003417
M002729	M002960
M002729	M003516
M002729	M001936
M002729	M003668
M002729	M003954
M002729	M004124
M002729	M011008
M002729	M004044
M002729	M004150
M002729	M004423
M002729	M004553
M002729	M005880
M002729	M000066
M002729	M004737
M002729	M004966
M002729	M006325
M002729	M006876
M002729	M010181
M002729	M005994
M002729	M006698
M002729	M000003
M002729	M001424
M002729	M003179
M002729	M003264
M002729	M005074
M002729	M005892
M002729	M007397
M002729	M007699
M002729	M007887
M002729	M008242
M002729	M008345
M002729	M008440
M002729	M010039
M002729	M011098
M002729	M011304
M002729	M011751
M002729	M012425
M002729	M012958
M002729	M013152
M002729	M007311
M002729	M005162
M002729	M008213
M002729	M010762
M002729	M007958
M002729	M008120
M002729	M000963
M002729	M008502
M002729	M008651
M002729	M011614
M002729	M011990
M002729	M008859
M002729	M003848
M002729	M005560
M002729	M006139
M002729	M008691
M002729	M008996
M002729	M009301
M002729	M009553
M002729	M001987
M002729	M007612
M002729	M009863
M002729	M010548
M002729	M010788
M002729	M010885
M002729	M012534
M002729	M011935
M002729	M009957
M002729	M012344
M002729	M012618
M002729	M002096
M002729	M002687
M002729	M002843
M002729	M004401
M002729	M004803
M002729	M005692
M002729	M006577
M002729	M007162
M002729	M007207
M002729	M009220
M002729	M012839
M002729	M012785
M002729	M000518
M002729	M005361
M002729	M006574
M002731	M002731
M002731	M006097
M002731	M008158
M002732	M002732
M002732	M000900
M002732	M000769
M002732	M008418
M002732	M008427
M002732	M006809
M002749	M002749
M002749	M002543
M002749	M006197
M002749	M010673
M002763	M002763
M002763	M005216
M002767	M002767
M002775	M002775
M002797	M002797
M002799	M002799
M004319	M004319
M004338	M004338
M004379	M004379
M004399	M004399
M004605	M004605
M004605	M000397
M004605	M002547
M004605	M004690
M004605	M005369
M004605	M005686
M004605	M005751
M004605	M005917
M004605	M005945
M004605	M010483
M004605	M010650
M004605	M017377
M004605	M003935
M004606	M004606
M004606	M004894
M004606	M006321
M004662	M004662
M004664	M004664
M004664	M014083
M004664	M015979
M004664	M015294
M004691	M004691
M004691	M004361
M004691	M007071
M005017	M005017
M005017	M000187
M005021	M005021
M005021	M004821
M005031	M005031
M005047	M005047
M005047	M000974
M005047	M002388
M005047	M002311
M005047	M011918
M005048	M005048
M005048	M001051
M005048	M001185
M005048	M001452
M005048	M002203
M005048	M002675
M005048	M002825
M005048	M003296
M005048	M003996
M005048	M004326
M005048	M004623
M005048	M004859
M005048	M004919
M005048	M005223
M005048	M005327
M005048	M005408
M005048	M005669
M005048	M005838
M005048	M006244
M005048	M006313
M005048	M006429
M005048	M006792
M005048	M006986
M005048	M007179
M005048	M007220
M005048	M007299
M005048	M007458
M005048	M007987
M005048	M008034
M005048	M008478
M005048	M009106
M005048	M009267
M005048	M009545
M005048	M009942
M005048	M010221
M005048	M010293
M005048	M010334
M005048	M010450
M005048	M010565
M005048	M010717
M005048	M011024
M005048	M011356
M005048	M012257
M005048	M012484
M005048	M012991
M005048	M013100
M005048	M013244
M005048	M015448
M005048	M015617
M005048	M015907
M005048	M015940
M005048	M016085
M005048	M016411
M005048	M017491
M005048	M017656
M005048	M018062
M005048	M018087
M005048	M018099
M005048	M000141
M005048	M002963
M005048	M002061
M005048	M002520
M005048	M007605
M005048	M009042
M005048	M010869
M005048	M003156
M005048	M000446
M005048	M005524
M005048	M008559
M005048	M009395
M005048	M011278
M005048	M011674
M005048	M015849
M005048	M017414
M005048	M003429
M005048	M000853
M005048	M003382
M005048	M012727
M005048	M003784
M005048	M004156
M005048	M004413
M005048	M001304
M005048	M004658
M005048	M012646
M005048	M008119
M005048	M006074
M005048	M011899
M005048	M016687
M005048	M008737
M005048	M008915
M005048	M000010
M005048	M000991
M005048	M001547
M005048	M001926
M005048	M002351
M005048	M003553
M005048	M003673
M005048	M006420
M005048	M006645
M005048	M007719
M005048	M008231
M005048	M009491
M005048	M010002
M005048	M012862
M005048	M013703
M005048	M014028
M005048	M015605
M005048	M016224
M005048	M016438
M005048	M016800
M005048	M016965
M005048	M017144
M005048	M018042
M005048	M018156
M005048	M009047
M005048	M009756
M005048	M009810
M005048	M011084
M005048	M011327
M005048	M012549
M005048	M000750
M005048	M009705
M005048	M013442
M005048	M013534
M005048	M013553
M005048	M000480
M005048	M012610
M005048	M013962
M005048	M014048
M005048	M015441
M005048	M015561
M005048	M016735
M005048	M017800
M005048	M013625
M005048	M013632
M005048	M013246
M005048	M014095
M005048	M014576
M005048	M014704
M005048	M014994
M005048	M016367
M005048	M016538
M005048	M016749
M005048	M017190
M005048	M017211
M005048	M017287
M005048	M017962
M005048	M013754
M005048	M013757
M005048	M014047
M005048	M014215
M005048	M015299
M005048	M015556
M005048	M015743
M005048	M016624
M005048	M017465
M005048	M014512
M005048	M014519
M005048	M014573
M005048	M014855
M005048	M017164
M005048	M015081
M005048	M015233
M005048	M016458
M005048	M015292
M005048	M015831
M005048	M016059
M005048	M014568
M005048	M016484
M005048	M016489
M005048	M016924
M005048	M017492
M005048	M013218
M005048	M013336
M005048	M013541
M005048	M013577
M005048	M013603
M005048	M014223
M005048	M014305
M005048	M014533
M005048	M014737
M005048	M015535
M005048	M015646
M005048	M015707
M005048	M015758
M005048	M015789
M005048	M015817
M005048	M016239
M005048	M016357
M005048	M016705
M005048	M017346
M005048	M018229
M005048	M018127
M005048	M002240
M005048	M012665
M005048	M015104
M005048	M015346
M005048	M016899
M005048	M017625
M005048	M018040
M005048	M018172
M005048	M013371
M005048	M014893
M005048	M018179
M005052	M005052
M005061	M005061
M005066	M005066
M005068	M005068
M005080	M005080
M005082	M005082
M005084	M005084
M005084	M000087
M005084	M005643
M005084	M000627
M005084	M001391
M005084	M001635
M005084	M001889
M005084	M002402
M005084	M004066
M005084	M002893
M005084	M003451
M005084	M001164
M005084	M004032
M005084	M006671
M005084	M007018
M005084	M000800
M005084	M007922
M005084	M010469
M005084	M010551
M005084	M011772
M005084	M013453
M005089	M005089
M006505	M006505
M006505	M006747
M006510	M006510
M006510	M006814
M006510	M000563
M006510	M001467
M006510	M011260
M006510	M011683
M006510	M001640
M006510	M001845
M006510	M002284
M006510	M002940
M006510	M005426
M006510	M005626
M006510	M012136
M006510	M009134
M006520	M006520
M006520	M002438
M006520	M005039
M006520	M009155
M006520	M013007
M006520	M000374
M006520	M000779
M006520	M000863
M006520	M011925
M006520	M001133
M006520	M001253
M006520	M001357
M006520	M007671
M006520	M016308
M006520	M001634
M006520	M001850
M006520	M002020
M006520	M002920
M006520	M003114
M006520	M003322
M006520	M003847
M006520	M008470
M006520	M009337
M006520	M011109
M006520	M012413
M006520	M013050
M006520	M002251
M006520	M003484
M006520	M004214
M006520	M004485
M006520	M005375
M006520	M005602
M006520	M001461
M006520	M008851
M006520	M011251
M006520	M011438
M006520	M011732
M006520	M006195
M006520	M006380
M006520	M007156
M006520	M002806
M006520	M006934
M006520	M008026
M006520	M009276
M006520	M000069
M006520	M002709
M006520	M003031
M006520	M004354
M006520	M004603
M006520	M004752
M006520	M004781
M006520	M004934
M006520	M005500
M006520	M007216
M006520	M007310
M006520	M007553
M006520	M007790
M006520	M009976
M006520	M010026
M006520	M010236
M006520	M010520
M006520	M010755
M006520	M011248
M006520	M012310
M006520	M009503
M006520	M009869
M006520	M010310
M006520	M010845
M006520	M011016
M006520	M003944
M006520	M012120
M006520	M012180
M006520	M001083
M006520	M002135
M006520	M003588
M006520	M003665
M006520	M005202
M006520	M005783
M006520	M005865
M006520	M005941
M006520	M006128
M006520	M006734
M006520	M007506
M006520	M008235
M006520	M008329
M006520	M010424
M006520	M010688
M006520	M012527
M006520	M012656
M006520	M012807
M006520	M000590
M006520	M003207
M006520	M009682
M006520	M015067
M006520	M017981
M006540	M006540
M006560	M006560
M006562	M006562
M006567	M006567
M006570	M006570
M006589	M006589
M006589	M000104
M006589	M000225
M006589	M000379
M006589	M001070
M006589	M001287
M006589	M002147
M006589	M002778
M006589	M003045
M006589	M003252
M006589	M003281
M006589	M003545
M006589	M003690
M006589	M003858
M006589	M004282
M006589	M004441
M006589	M004637
M006589	M004852
M006589	M005382
M006589	M005615
M006589	M005799
M006589	M006242
M006589	M006303
M006589	M006493
M006589	M006902
M006589	M007103
M006589	M007284
M006589	M007528
M006589	M007794
M006589	M007988
M006589	M008394
M006589	M008583
M006589	M008698
M006589	M008883
M006589	M008949
M006589	M009129
M006589	M009369
M006589	M009586
M006589	M009654
M006589	M010041
M006589	M010325
M006589	M010605
M006589	M010831
M006589	M011179
M006589	M011213
M006589	M011386
M006589	M011689
M006589	M012127
M006589	M012197
M006589	M012287
M006589	M012012
M006593	M006593
M006594	M006594
M006594	M002230
M006594	M002393
M006598	M006598
M007504	M007504
M007507	M007507
M007531	M007531
M007532	M007532
M007534	M007534
M007534	M001026
M007534	M010948
M007534	M011777
M007556	M007556
M007558	M007558
M007558	M002595
M007558	M011954
M007558	M002942
M007558	M004220
M007558	M006018
M007558	M002559
M007558	M011507
M007574	M007574
M007582	M007582
M007599	M007599
M008029	M008029
M008033	M008033
M008038	M008038
M008038	M000593
M008038	M000761
M008038	M001247
M008038	M002134
M008038	M004111
M008038	M004377
M008038	M004543
M008038	M004729
M008038	M004961
M008038	M005173
M008038	M005357
M008038	M005400
M008038	M005516
M008038	M005706
M008038	M005753
M008038	M005911
M008038	M005985
M008038	M006124
M008038	M006563
M008038	M006732
M008038	M007270
M008038	M007434
M008038	M009092
M008038	M010287
M008038	M010497
M008038	M003811
M008038	M008741
M008038	M008311
M008038	M000384
M008038	M003254
M008038	M006615
M008038	M007568
M008038	M007714
M008038	M008569
M008038	M009442
M008038	M010052
M008038	M011445
M008038	M012473
M008038	M008976
M008038	M012592
M008046	M008046
M008046	M009031
M008053	M008053
M008061	M008061
M008061	M000328
M008061	M001350
M008061	M008624
M008061	M011557
M008061	M012031
M008079	M008079
M008081	M008081
M008081	M001759
M008092	M008092
M009004	M009004
M009005	M009005
M009005	M008378
M009005	M000179
M009005	M003005
M009005	M006805
M009005	M009293
M009005	M002586
M009010	M009010
M009010	M005107
M009010	M007124
M009010	M007551
M009011	M009011
M009016	M009016
M009023	M009023
M009028	M009028
M009036	M009036
M009036	M002626
M009036	M012808
M009036	M017868
M009040	M009040
M009040	M006632
M009045	M009045
M009056	M009056
M009076	M009076
M009080	M009080
M009080	M002128
M009080	M003474
M009080	M005523
M009081	M009081
M009081	M000085
M009081	M000725
M009081	M003489
M009081	M002796
M009081	M002347
M009081	M002631
M009081	M005113
M009081	M006982
M009081	M007498
M009081	M009254
M009081	M003647
M009081	M003907
M009081	M010999
M009081	M007263
M009081	M009885
M009081	M010191
M009081	M008520
M009081	M003512
M009081	M015673
M009081	M016709
M009081	M009014
M009081	M010522
M009081	M014729
M009081	M017870
M009081	M011091
M009081	M016199
M009081	M012815
M009081	M016261
M009081	M014724
M009081	M011495
M009081	M011572
M009081	M011968
M009081	M015494
M009081	M016246
M009081	M016453
M009081	M013273
M009081	M014227
M009081	M015585
M009081	M015685
M009094	M009094
M009097	M009097
M009712	M009712
M009736	M009736
M009740	M009740
M009740	M008899
M009742	M009742
M009745	M009745
M009745	M011784
M009745	M016759
M009746	M009746
M009768	M009768
M009772	M009772
M009772	M001513
M009783	M009783
M009794	M009794
M009794	M000034
M009794	M001220
M009794	M001235
M009794	M004890
M009794	M005193
M009794	M007219
M009794	M010764
M009794	M001751
M009794	M004448
M009794	M009068
M009794	M010598
M009794	M011052
M009794	M001810
M009794	M000159
M009794	M000206
M009794	M001176
M009794	M002067
M009794	M002657
M009794	M002901
M009794	M003066
M009794	M003173
M009794	M003262
M009794	M003630
M009794	M003712
M009794	M004768
M009794	M005085
M009794	M006211
M009794	M006502
M009794	M006656
M009794	M006983
M009794	M007328
M009794	M007722
M009794	M008475
M009794	M008508
M009794	M009202
M009794	M009376
M009794	M009993
M009794	M010068
M009794	M010194
M009794	M010663
M009794	M011115
M009794	M011202
M009794	M013125
M009794	M006080
M009798	M009798
M009798	M001713
M009798	M001769
M009798	M002300
M009798	M005060
M009798	M002471
M009798	M005411
M009798	M006033
M009798	M007279
M009798	M011175
M009798	M008664
M009798	M011532
M009798	M012033
M010514	M010514
M010534	M010534
M010538	M010538
M010541	M010541
M010544	M010544
M010544	M003919
M010544	M005012
M010549	M010549
M010550	M010550
M010550	M000605
M010550	M001315
M010550	M002299
M010550	M002407
M010550	M003769
M010550	M003771
M010550	M017000
M010550	M007753
M010550	M010669
M010550	M016319
M010550	M013979
M010550	M014545
M010550	M017957
M010558	M010558
M010560	M010560
M010569	M010569
M010574	M010574
M010574	M000402
M010574	M003345
M010574	M008205
M010574	M009030
M010576	M010576
M010904	M010904
M010908	M010908
M010908	M001618
M010908	M001508
M010908	M001891
M010908	M004162
M010908	M008656
M010908	M010349
M010908	M012054
M010908	M004449
M010908	M012554
M010908	M002630
M010908	M007548
M010910	M010910
M010910	M008978
M010913	M010913
M010914	M010914
M010915	M010915
M010917	M010917
M010920	M010920
M010923	M010923
M010923	M001455
M010923	M002880
M010923	M009381
M010923	M003101
M010937	M010937
M010938	M010938
M010939	M010939
M010940	M010940
M010940	M011798
M010940	M002606
M010942	M010942
M010944	M010944
M010944	M005230
M010945	M010945
M010946	M010946
M010946	M002557
M010946	M005197
M010946	M009291
M010946	M015153
M010946	M018104
M010958	M010958
M010965	M010965
M010969	M010969
M010969	M008047
M010979	M010979
M010979	M002392
M010982	M010982
M010982	M001207
M010982	M001861
M010982	M006031
M010982	M004294
M010982	M011237
M010982	M005224
M010982	M007367
M010982	M006893
M010982	M009787
M010982	M011499
M010982	M008155
M010982	M011608
M010982	M012002
M010982	M014222
M010982	M017831
M010982	M017920
M010984	M010984
M010992	M010992
M010994	M010994
M012028	M012028
M012034	M012034
M012038	M012038
M012045	M012045
M012045	M000060
M012045	M002805
M012045	M000490
M012045	M000514
M012045	M000803
M012045	M000938
M012045	M011895
M012045	M000653
M012045	M001103
M012045	M001149
M012045	M001241
M012045	M010268
M012045	M001515
M012045	M001669
M012045	M001912
M012045	M002079
M012045	M002093
M012045	M002258
M012045	M002576
M012045	M002690
M012045	M003425
M012045	M003502
M012045	M003762
M012045	M003998
M012045	M004219
M012045	M004289
M012045	M004596
M012045	M004997
M012045	M004749
M012045	M004826
M012045	M010563
M012045	M005055
M012045	M005321
M012045	M005393
M012045	M005624
M012045	M009752
M012045	M011432
M012045	M005990
M012045	M006229
M012045	M002475
M012045	M003790
M012045	M009623
M012045	M006376
M012045	M006969
M012045	M007017
M012045	M007122
M012045	M007126
M012045	M007373
M012045	M007460
M012045	M007838
M012045	M008157
M012045	M008326
M012045	M006158
M012045	M008519
M012045	M008832
M012045	M009194
M012045	M009691
M012045	M009747
M012045	M009784
M012045	M009881
M012045	M010139
M012045	M010789
M012045	M010811
M012045	M010900
M012045	M001426
M012045	M002875
M012045	M002994
M012045	M003141
M012045	M003232
M012045	M003290
M012045	M003617
M012045	M003710
M012045	M004121
M012045	M006677
M012045	M007643
M012045	M007768
M012045	M008009
M012045	M008226
M012045	M008469
M012045	M008745
M012045	M009324
M012045	M009492
M012045	M010011
M012045	M011217
M012045	M011760
M012045	M013097
M012045	M013153
M012045	M010934
M012045	M012133
M012045	M000521
M012045	M001085
M012045	M004519
M012045	M005181
M012045	M005631
M012045	M005806
M012045	M005975
M012045	M006575
M012045	M006778
M012045	M007935
M012045	M009074
M012045	M010416
M012045	M012199
M012045	M012274
M012045	M012712
M012045	M012590
M012045	M012908
M012045	M013005
M012061	M012061
M012065	M012065
M012069	M012069
M012075	M012075
M012075	M012314
M012090	M012090
M012909	M012909
M012909	M009707
M012924	M012924
M012924	M013432
M012924	M000219
M012924	M002250
M012924	M008220
M012924	M009408
M012924	M012660
M012930	M012930
M012930	M002518
M012970	M012970
M012975	M012975
M012975	M016627
M012999	M012999
M013402	M013402
M013402	M013576
M013402	M016898
M013402	M017290
M013404	M013404
M013412	M013412
M013421	M013421
M013422	M013422
M013424	M013424
M013430	M013430
M013430	M003753
M013430	M008052
M013430	M013669
M013430	M014276
M013430	M006757
M013430	M014661
M013430	M013545
M013430	M015171
M013430	M016103
M013430	M016946
M013430	M014872
M013430	M014935
M013430	M015403
M013430	M013468
M013430	M013583
M013430	M013595
M013430	M013781
M013430	M013884
M013430	M014010
M013430	M014332
M013430	M014354
M013430	M014431
M013430	M015241
M013430	M015912
M013430	M016294
M013430	M016348
M013430	M017490
M013430	M017701
M013430	M015601
M013430	M015238
M013430	M016252
M013430	M017150
M013430	M018088
M013430	M017404
M013436	M013436
M013437	M013437
M013446	M013446
M013446	M014024
M013452	M013452
M013452	M017412
M013455	M013455
M013455	M014484
M013455	M015688
M013456	M013456
M013458	M013458
M013458	M002398
M013458	M007575
M013458	M008411
M013458	M014177
M013462	M013462
M013470	M013470
M013471	M013471
M013477	M013477
M013486	M013486
M013487	M013487
M013489	M013489
M013499	M013499
M013499	M017867
M013913	M013913
M013919	M013919
M013921	M013921
M013928	M013928
M013928	M015490
M013933	M013933
M013933	M015352
M013935	M013935
M013935	M014610
M013935	M013709
M013941	M013941
M013941	M001572
M013941	M008124
M013941	M001754
M013941	M001916
M013941	M009817
M013941	M002333
M013941	M013536
M013943	M013943
M013944	M013944
M013944	M017573
M013944	M008027
M013944	M011001
M013944	M015469
M013945	M013945
M013945	M007160
M013945	M007487
M013945	M015026
M013955	M013955
M013957	M013957
M013958	M013958
M013969	M013969
M013969	M016262
M013970	M013970
M013970	M015665
M013970	M016587
M013970	M014949
M013971	M013971
M013976	M013976
M013981	M013981
M013981	M014392
M013981	M016253
M013981	M013493
M013981	M000943
M013981	M015927
M013984	M013984
M013984	M003760
M013985	M013985
M013995	M013995
M014504	M014504
M014509	M014509
M014509	M016275
M014509	M001720
M014509	M008156
M014509	M008647
M014509	M009849
M014509	M012037
M014509	M006036
M014509	M000334
M014509	M001767
M014509	M007441
M014509	M010171
M014509	M010508
M014509	M014717
M014509	M016869
M014509	M015262
M014509	M016875
M014509	M017369
M014509	M016457
M014515	M014515
M014516	M014516
M014518	M014518
M014521	M014521
M014526	M014526
M014526	M013155
M014528	M014528
M014528	M017318
M014532	M014532
M014543	M014543
M014543	M013395
M014543	M014278
M014543	M015431
M014543	M016276
M014546	M014546
M014546	M004166
M014546	M014790
M014546	M015555
M014546	M016943
M014547	M014547
M014553	M014553
M014553	M017023
M014553	M017219
M014553	M014181
M014553	M017566
M014553	M014968
M014554	M014554
M014554	M010591
M014554	M016298
M014554	M013961
M014555	M014555
M014558	M014558
M014564	M014564
M014571	M014571
M014571	M017245
M014574	M014574
M014574	M016879
M014574	M017285
M014578	M014578
M014580	M014580
M014580	M015643
M014582	M014582
M014583	M014583
M014583	M014022
M014583	M014207
M014583	M015619
M014583	M017715
M014584	M014584
M014588	M014588
M014588	M013233
M014588	M013855
M014588	M014549
M014588	M014908
M014588	M015382
M014588	M015596
M014588	M015885
M014597	M014597
M014599	M014599
M014600	M014600
M015304	M015304
M015309	M015309
M015309	M000261
M015309	M003424
M015309	M011147
M015309	M013355
M015309	M013690
M015309	M017117
M015309	M004882
M015309	M000095
M015309	M002680
M015309	M002824
M015309	M003697
M015309	M003988
M015309	M004410
M015309	M004682
M015309	M005229
M015309	M005276
M015309	M006039
M015309	M006538
M015309	M006748
M015309	M006975
M015309	M007116
M015309	M007180
M015309	M007309
M015309	M008143
M015309	M009268
M015309	M009914
M015309	M010964
M015309	M013180
M015309	M013602
M015309	M013695
M015309	M013733
M015309	M013965
M015309	M014404
M015309	M015078
M015309	M015296
M015309	M015696
M015309	M015704
M015309	M015926
M015309	M016162
M015309	M016322
M015309	M016510
M015309	M016632
M015309	M016970
M015309	M017070
M015309	M017431
M015309	M017874
M015309	M018142
M015309	M013443
M015309	M013710
M015309	M013753
M015309	M014569
M015309	M015140
M015309	M016132
M015309	M018019
M015309	M018044
M015309	M018065
M015313	M015313
M015316	M015316
M015323	M015323
M015327	M015327
M015327	M013959
M015327	M014503
M015327	M017244
M015340	M015340
M015341	M015341
M015341	M001666
M015341	M014955
M015341	M000385
M015353	M015353
M015357	M015357
M015359	M015359
M015360	M015360
M015363	M015363
M015365	M015365
M015374	M015374
M015376	M015376
M015381	M015381
M015386	M015386
M015386	M013688
M015386	M014531
M015387	M015387
M015387	M013248
M015387	M014228
M015387	M014308
M015387	M014494
M015387	M015047
M015387	M015859
M015387	M017027
M015387	M017286
M015387	M017333
M015387	M018227
M015387	M013308
M015387	M013701
M015387	M013922
M015387	M015235
M015387	M016628
M015387	M016915
M015387	M013794
M015387	M013638
M015387	M013883
M015387	M014413
M015387	M016277
M015387	M016653
M015387	M017115
M015387	M017322
M015387	M017603
M015387	M015792
M015387	M016448
M015390	M015390
M015398	M015398
M015399	M015399
M016202	M016202
M016204	M016204
M016204	M013525
M016205	M016205
M016208	M016208
M016217	M016217
M016220	M016220
M016231	M016231
M016234	M016234
M016243	M016243
M016243	M012641
M016243	M005745
M016243	M005787
M016243	M008208
M016243	M013027
M016244	M016244
M016267	M016267
M016270	M016270
M016278	M016278
M016278	M013330
M016278	M015620
M016278	M016549
M016297	M016297
M016616	M016616
M016616	M016540
M016616	M013990
M016620	M016620
M016644	M016644
M016646	M016646
M016648	M016648
M016648	M014008
M016648	M013543
M016650	M016650
M016650	M013429
M016651	M016651
M016651	M014143
M016651	M016873
M016651	M016923
M016655	M016655
M016661	M016661
M016663	M016663
M016664	M016664
M016664	M013531
M016664	M016591
M016664	M016421
M016666	M016666
M016666	M018130
M016668	M016668
M016670	M016670
M016673	M016673
M016673	M014044
M016673	M017615
M016679	M016679
M016679	M017457
M017401	M017401
M017401	M014066
M017408	M017408
M017408	M008893
M017408	M011773
M017410	M017410
M017420	M017420
M017420	M013658
M017420	M016281
M017420	M015117
M017423	M017423
M017430	M017430
M017430	M013318
M017430	M017467
M017432	M017432
M017439	M017439
M017452	M017452
M017452	M014748
M017453	M017453
M017454	M017454
M017461	M017461
M017468	M017468
M017468	M012376
M017470	M017470
M017470	M000408
M017470	M001144
M017470	M003306
M017470	M003620
M017470	M003714
M017470	M005001
M017470	M005470
M017470	M005647
M017470	M005726
M017470	M005930
M017470	M006219
M017470	M007181
M017470	M007212
M017470	M008275
M017470	M008735
M017470	M009049
M017470	M009725
M017470	M010317
M017470	M010903
M017470	M010953
M017470	M013827
M017470	M013973
M017470	M014184
M017470	M014421
M017470	M014460
M017470	M014721
M017470	M014767
M017470	M015237
M017470	M016373
M017470	M016410
M017470	M016505
M017470	M016700
M017470	M016743
M017470	M016833
M017470	M017105
M017470	M009509
M017470	M006675
M017470	M015028
M017470	M014436
M017470	M016145
M017470	M018161
M017476	M017476
M017478	M017478
M017482	M017482
M017482	M018053
M017482	M018233
M017487	M017487
M017487	M013210
M017487	M014890
M017487	M017159
M017487	M015640
M017489	M017489
M017489	M013507
M017489	M014988
M017493	M017493
M017495	M017495
M017495	M018224
M017497	M017497
M017497	M013193
M017497	M015684
M017497	M016416
M017497	M014577
M017497	M015911
M000227	M000227
M000227	M009022
M000238	M000238
M000243	M000243
M000244	M000244
M000249	M000249
M000264	M000264
M000284	M000284
M000284	M002445
M000284	M009907
M000287	M000287
M000287	M001992
M000287	M009367
M000287	M009566
M000287	M014548
M000287	M014819
M000412	M000412
M000419	M000419
M000420	M000420
M000428	M000428
M000433	M000433
M000433	M002651
M000433	M005349
M000433	M005433
M000433	M005594
M000433	M006130
M000433	M006194
M000433	M006831
M000433	M006890
M000433	M007320
M000433	M008748
M000433	M010163
M000433	M011361
M000433	M013231
M000433	M015423
M000433	M017116
M000433	M018082
M000437	M000437
M000438	M000438
M000444	M000444
M000444	M000014
M000444	M000997
M000444	M002477
M000444	M003227
M000444	M003308
M000444	M005598
M000444	M007709
M000444	M008004
M000444	M008574
M000444	M011422
M000444	M012927
M000444	M013654
M000444	M013915
M000444	M014344
M000444	M015260
M000444	M016137
M000444	M017712
M000444	M018257
M000444	M000545
M000459	M000459
M000459	M010882
M000461	M000461
M000470	M000470
M000470	M000685
M000470	M001633
M000470	M003514
M000470	M003900
M000470	M004086
M000470	M007827
M000470	M008816
M000470	M007833
M000484	M000484
M000484	M000038
M000484	M007159
M000488	M000488
M000488	M000848
M000488	M002365
M000493	M000493
M000493	M001657
M000493	M014262
M000494	M000494
M000494	M000483
M000494	M000830
M000494	M003428
M000494	M004095
M000494	M004229
M000494	M005015
M000494	M010478
M000494	M012125
M000494	M014352
M000494	M015096
M000494	M015933
M000494	M014835
M000494	M017938
M000906	M000906
M000906	M000946
M000906	M011875
M000916	M000916
M000916	M000317
M000916	M000810
M000916	M002220
M000916	M002414
M000916	M006019
M000916	M011902
M000916	M015993
M000925	M000925
M000926	M000926
M000926	M011904
M000929	M000929
M000936	M000936
M000936	M000746
M000936	M011883
M000936	M007031
M000962	M000962
M000962	M003918
M000962	M010996
M000962	M008105
M000962	M001658
M000962	M001791
M000962	M012360
M000969	M000969
M000969	M000885
M000969	M011914
M000969	M003908
M000969	M005128
M000969	M007545
M000969	M007843
M000969	M011058
M000980	M000980
M000980	M001454
M000980	M003372
M000980	M003843
M000980	M008430
M000980	M008518
M000980	M008860
M000980	M011120
M000980	M011280
M000980	M013148
M000980	M014185
M000980	M014771
M000980	M016149
M000980	M000796
M000980	M000908
M000980	M011898
M000980	M002624
M000980	M005497
M000980	M009514
M000980	M010193
M000980	M015526
M000985	M000985
M001602	M001602
M001602	M006027
M001602	M008170
M001602	M009842
M001602	M012707
M001602	M001827
M001605	M001605
M001605	M006802
M001605	M009035
M001610	M001610
M001610	M000917
M001610	M007022
M001610	M007818
M001610	M008966
M001610	M011853
M001610	M001324
M001610	M001672
M001610	M001781
M001610	M002271
M001610	M002663
M001610	M012824
M001610	M003761
M001610	M004142
M001610	M004213
M001610	M000844
M001610	M004435
M001610	M001245
M001610	M007222
M001610	M004568
M001610	M001919
M001610	M004900
M001610	M005312
M001610	M000361
M001610	M003943
M001610	M005554
M001610	M005723
M001610	M000115
M001610	M000199
M001610	M000625
M001610	M001199
M001610	M001489
M001610	M002013
M001610	M002193
M001610	M002770
M001610	M002922
M001610	M003059
M001610	M003099
M001610	M003194
M001610	M003340
M001610	M003578
M001610	M003839
M001610	M004659
M001610	M004849
M001610	M005241
M001610	M005492
M001610	M005717
M001610	M005836
M001610	M005977
M001610	M006166
M001610	M006222
M001610	M006454
M001610	M006668
M001610	M006861
M001610	M006922
M001610	M007247
M001610	M007352
M001610	M007509
M001610	M007741
M001610	M007870
M001610	M007918
M001610	M008391
M001610	M008447
M001610	M009310
M001610	M009595
M001610	M009632
M001610	M010101
M001610	M010180
M001610	M010371
M001610	M010783
M001610	M011242
M001610	M011750
M001610	M012142
M001610	M012256
M001610	M012447
M001610	M012672
M001610	M013055
M001610	M013136
M001610	M006091
M001610	M006588
M001610	M007622
M001610	M002607
M001610	M006353
M001610	M011800
M001610	M009136
M001610	M002495
M001610	M011038
M001610	M009856
M001610	M008116
M001610	M010626
M001610	M010633
M001610	M008576
M001610	M010852
M001610	M011486
M001610	M011961
M001610	M011640
M001610	M011768
M001610	M011805
M001610	M003441
M001610	M012558
M001610	M004396
M001610	M005044
M001610	M006815
M001610	M008742
M001610	M008858
M001610	M009212
M001610	M009932
M001610	M012689
M001610	M012925
M001626	M001626
M001626	M000940
M001626	M001237
M001626	M004497
M001626	M004681
M001626	M005248
M001626	M006889
M001626	M006718
M001626	M001161
M001626	M009162
M001626	M008563
M001630	M001630
M001630	M001314
M001630	M001835
M001630	M002578
M001630	M003023
M001630	M003479
M001630	M004152
M001630	M004864
M001630	M005257
M001630	M007012
M001630	M009903
M001630	M011044
M001630	M003972
M001630	M011082
M001630	M013920
M001631	M001631
M001631	M001642
M001631	M000192
M001632	M001632
M001632	M000266
M001632	M001300
M001632	M002032
M001632	M002870
M001632	M004053
M001632	M004754
M001632	M008909
M001632	M005528
M001632	M006547
M001632	M007839
M001632	M008683
M001632	M007598
M001632	M009154
M001632	M002315
M001632	M003589
M001632	M003664
M001632	M003851
M001632	M003924
M001632	M006393
M001632	M007203
M001632	M007361
M001632	M009275
M001632	M011060
M001632	M010556
M001632	M000978
M001632	M002691
M001632	M005069
M001632	M010722
M001632	M004484
M001632	M005746
M001632	M005855
M001632	M005900
M001632	M005983
M001632	M010418
M001632	M012154
M001632	M012336
M001632	M010956
M001632	M012795
M001632	M009685
M001632	M009719
M001632	M013479
M001632	M016195
M001632	M014221
M001632	M001464
M001632	M011256
M001632	M011743
M001632	M012408
M001632	M013054
M001660	M001660
M001664	M001664
M001664	M001761
M001664	M008415
M001664	M012751
M001677	M001677
M001677	M004043
M001691	M001691
M001697	M001697
M002907	M002907
M002913	M002913
M002913	M008600
M002913	M009307
M002924	M002924
M002924	M000342
M002924	M017216
M002924	M000203
M002924	M000542
M002924	M001392
M002924	M001533
M002924	M002417
M002924	M002787
M002924	M005454
M002924	M005797
M002924	M006708
M002924	M007618
M002924	M007799
M002924	M007973
M002924	M008185
M002924	M008734
M002924	M008843
M002924	M009591
M002924	M009650
M002924	M010846
M002924	M012895
M002924	M012997
M002924	M013293
M002924	M013363
M002924	M013386
M002924	M013439
M002924	M013663
M002924	M013664
M002924	M013717
M002924	M013905
M002924	M013923
M002924	M014235
M002924	M014272
M002924	M014277
M002924	M014371
M002924	M014376
M002924	M014389
M002924	M014603
M002924	M015070
M002924	M015322
M002924	M015470
M002924	M015645
M002924	M015651
M002924	M015850
M002924	M015868
M002924	M016136
M002924	M016381
M002924	M016388
M002924	M016674
M002924	M016741
M002924	M016821
M002924	M016871
M002924	M016883
M002924	M016938
M002924	M016952
M002924	M017127
M002924	M017300
M002924	M017356
M002924	M017428
M002924	M017469
M002924	M017499
M002924	M017662
M002924	M017904
M002924	M017984
M002924	M018093
M002924	M018122
M002952	M002952
M002955	M002955
M002957	M002957
M002957	M000464
M002957	M003127
M002957	M003242
M002957	M003361
M002957	M005543
M002957	M008901
M002957	M009344
M002957	M011394
M002957	M000105
M002957	M003799
M002957	M002060
M002957	M004318
M002957	M007140
M002957	M002791
M002957	M009520
M002957	M009977
M002957	M002654
M002957	M010140
M002989	M002989
M002989	M001726
M002991	M002991
M003407	M003407
M003407	M001925
M003407	M001715
M003407	M004208
M003408	M003408
M003418	M003418
M003431	M003431
M003431	M001276
M003431	M006079
M003431	M009677
M003431	M009726
M003432	M003432
M003437	M003437
M003437	M012761
M003439	M003439
M003439	M006088
M003439	M012728
M003446	M003446
M003446	M000806
M003446	M005701
M003446	M005902
M003446	M010806
M003447	M003447
M003447	M006443
M003447	M000325
M003447	M000616
M003447	M007300
M003447	M012881
M003447	M000721
M003447	M000756
M003447	M000875
M003447	M011880
M003447	M001018
M003447	M001566
M003447	M001805
M003447	M002144
M003447	M002228
M003447	M002785
M003447	M003725
M003447	M003786
M003447	M012597
M003447	M003911
M003447	M010988
M003447	M004191
M003447	M004278
M003447	M004414
M003447	M004661
M003447	M005580
M003447	M006083
M003447	M006185
M003447	M006238
M003447	M009368
M003447	M006862
M003447	M007068
M003447	M007937
M003447	M004625
M003447	M008123
M003447	M010216
M003447	M008485
M003447	M008654
M003447	M011544
M003447	M009266
M003447	M007628
M003447	M008942
M003447	M009537
M003447	M003639
M003447	M009791
M003447	M009949
M003447	M000144
M003447	M001709
M003447	M001949
M003447	M002024
M003447	M002673
M003447	M004987
M003447	M006804
M003447	M008192
M003447	M009066
M003447	M010524
M003447	M013023
M003447	M010269
M003447	M001263
M003447	M001346
M003447	M004872
M003447	M005287
M003447	M006385
M003447	M010379
M003447	M000258
M003447	M001003
M003447	M002497
M003447	M003011
M003447	M003071
M003447	M005639
M003447	M005889
M003447	M005919
M003447	M005931
M003447	M006631
M003447	M007678
M003447	M008393
M003447	M008581
M003447	M008711
M003447	M008854
M003447	M009435
M003447	M010080
M003447	M010488
M003447	M010793
M003447	M011129
M003447	M011199
M003447	M012627
M003447	M011807
M003447	M005051
M003447	M005198
M003447	M007154
M003447	M011262
M003447	M011437
M003447	M013135
M003447	M012006
M003447	M012145
M003447	M005407
M003447	M012192
M003447	M000404
M003447	M001472
M003447	M007903
M003447	M010878
M003447	M011725
M003447	M012392
M003447	M012725
M003450	M003450
M003450	M000381
M003450	M005525
M003450	M011448
M003450	M000734
M003450	M000737
M003450	M000798
M003450	M002269
M003450	M011894
M003450	M001233
M003450	M004193
M003450	M001386
M003450	M004023
M003450	M006610
M003450	M007774
M003450	M008225
M003450	M010061
M003450	M010824
M003450	M011049
M003450	M001500
M003450	M007801
M003450	M001519
M003450	M001662
M003450	M001775
M003450	M001717
M003450	M001922
M003450	M006032
M003450	M002369
M003450	M014080
M003450	M003388
M003450	M003395
M003450	M004436
M003450	M004586
M003450	M004912
M003450	M005132
M003450	M008621
M003450	M011170
M003450	M005973
M003450	M002092
M003450	M002667
M003450	M004330
M003450	M004717
M003450	M005088
M003450	M005468
M003450	M007306
M003450	M008268
M003450	M012146
M003450	M012521
M003450	M006514
M003450	M006996
M003450	M007572
M003450	M008114
M003450	M012738
M003450	M009853
M003450	M010586
M003450	M000110
M003450	M000531
M003450	M001122
M003450	M001179
M003450	M002793
M003450	M004772
M003450	M005240
M003450	M005309
M003450	M005735
M003450	M005824
M003450	M005844
M003450	M006132
M003450	M006189
M003450	M006357
M003450	M006759
M003450	M006881
M003450	M007110
M003450	M007190
M003450	M007520
M003450	M007933
M003450	M008756
M003450	M008983
M003450	M009095
M003450	M009201
M003450	M009388
M003450	M009934
M003450	M010433
M003450	M010489
M003450	M010794
M003450	M012846
M003450	M015678
M003450	M012611
M003450	M004054
M003450	M012662
M003450	M013859
M003450	M000276
M003450	M000987
M003450	M001476
M003450	M002010
M003450	M002418
M003450	M003041
M003450	M003163
M003450	M003280
M003450	M003628
M003450	M003679
M003450	M003868
M003450	M007895
M003450	M008439
M003450	M008524
M003450	M008831
M003450	M009574
M003450	M011660
M003450	M012390
M003450	M012955
M003450	M013107
M003450	M013298
M003450	M013966
M003450	M016497
M003450	M014615
M003450	M015872
M003450	M016347
M003455	M003455
M003456	M003456
M003456	M005592
M003457	M003457
M003457	M000050
M003457	M000295
M003457	M000486
M003457	M013032
M003457	M000472
M003457	M004168
M003457	M008614
M003457	M005952
M003457	M000162
M003457	M000409
M003457	M000577
M003457	M001150
M003457	M001721
M003457	M002004
M003457	M002163
M003457	M002512
M003457	M002683
M003457	M002762
M003457	M002932
M003457	M003000
M003457	M003135
M003457	M003307
M003457	M003443
M003457	M003618
M003457	M003832
M003457	M003999
M003457	M004356
M003457	M004517
M003457	M004552
M003457	M004745
M003457	M004814
M003457	M004993
M003457	M005180
M003457	M005269
M003457	M005469
M003457	M005513
M003457	M005750
M003457	M005821
M003457	M005854
M003457	M006240
M003457	M006294
M003457	M006414
M003457	M006468
M003457	M006719
M003457	M006978
M003457	M007199
M003457	M007236
M003457	M007363
M003457	M007459
M003457	M007689
M003457	M007885
M003457	M007946
M003457	M008250
M003457	M008568
M003457	M008736
M003457	M009070
M003457	M009394
M003457	M009437
M003457	M009713
M003457	M009920
M003457	M010012
M003457	M010117
M003457	M010244
M003457	M010432
M003457	M010503
M003457	M010707
M003457	M010773
M003457	M011046
M003457	M011430
M003457	M011723
M003457	M012217
M003457	M012430
M003457	M012545
M003457	M012903
M003457	M012934
M003457	M013072
M003458	M003458
M003458	M000337
M003458	M000473
M003458	M000928
M003458	M000971
M003458	M011865
M003458	M001128
M003458	M004246
M003458	M012779
M003458	M001189
M003458	M004641
M003458	M005008
M003458	M006159
M003458	M010778
M003458	M001236
M003458	M001325
M003458	M006001
M003458	M001436
M003458	M002904
M003458	M002998
M003458	M003153
M003458	M003256
M003458	M003720
M003458	M004306
M003458	M004446
M003458	M004695
M003458	M005494
M003458	M005842
M003458	M005890
M003458	M006568
M003458	M006751
M003458	M007134
M003458	M007505
M003458	M007993
M003458	M009236
M003458	M009757
M003458	M010344
M003458	M010377
M003458	M010490
M003458	M010516
M003458	M010785
M003458	M011666
M003458	M012162
M003458	M012193
M003458	M012470
M003458	M012667
M003458	M012890
M003458	M001948
M003458	M009786
M003458	M002046
M003458	M009044
M003458	M002476
M003458	M000094
M003458	M004827
M003458	M002693
M003458	M000673
M003458	M002190
M003458	M005245
M003458	M007345
M003458	M009987
M003458	M010164
M003458	M003452
M003458	M003912
M003458	M010991
M003458	M005800
M003458	M008025
M003458	M008542
M003458	M006387
M003458	M000619
M003458	M002837
M003458	M005325
M003458	M006933
M003458	M007221
M003458	M008070
M003458	M008376
M003458	M000018
M003458	M000245
M003458	M003623
M003458	M006676
M003458	M007685
M003458	M008701
M003458	M009306
M003458	M009493
M003458	M010006
M003458	M011234
M003458	M008900
M003458	M011513
M003458	M011583
M003458	M011958
M003458	M012604
M003458	M000697
M003458	M007604
M003458	M009633
M003458	M012929
M003458	M003838
M003458	M006227
M003465	M003465
M003465	M001111
M003465	M001608
M003465	M002225
M003465	M000683
M003465	M000914
M003465	M012064
M003465	M002571
M003465	M004113
M003465	M005313
M003465	M004257
M003465	M000812
M003465	M001620
M003465	M005083
M003465	M005455
M003465	M004392
M003465	M004727
M003465	M004847
M003465	M005242
M003465	M017854
M003465	M006179
M003465	M008175
M003465	M001716
M003465	M012726
M003465	M009196
M003465	M002191
M003465	M002662
M003465	M002858
M003465	M004567
M003465	M004943
M003465	M006203
M003465	M006968
M003465	M007105
M003465	M007494
M003465	M007503
M003465	M009936
M003465	M009744
M003465	M009813
M003465	M010158
M003465	M000103
M003465	M010980
M003465	M001927
M003465	M003930
M003465	M006099
M003465	M007256
M003465	M011515
M003465	M011623
M003465	M012014
M003465	M011793
M003465	M015170
M003467	M003467
M003467	M000072
M003467	M001689
M003467	M007275
M003467	M010232
M003467	M000759
M003467	M000866
M003467	M011857
M003467	M001772
M003467	M001871
M003467	M002207
M003467	M004146
M003467	M000042
M003467	M006367
M003467	M014629
M003467	M006991
M003467	M015574
M003467	M007239
M003467	M007340
M003467	M008074
M003467	M002112
M003467	M006305
M003467	M009458
M003467	M000200
M003467	M001487
M003467	M002448
M003467	M002777
M003467	M002890
M003467	M003015
M003467	M003219
M003467	M003350
M003467	M003746
M003467	M003822
M003467	M004013
M003467	M004175
M003467	M004305
M003467	M004524
M003467	M004829
M003467	M005323
M003467	M005597
M003467	M005730
M003467	M005986
M003467	M006201
M003467	M006661
M003467	M006791
M003467	M006898
M003467	M007617
M003467	M007797
M003467	M008003
M003467	M008037
M003467	M008238
M003467	M008352
M003467	M008597
M003467	M008755
M003467	M008881
M003467	M009186
M003467	M009399
M003467	M009634
M003467	M010106
M003467	M010362
M003467	M010621
M003467	M010918
M003467	M010936
M003467	M011218
M003467	M011720
M003467	M012448
M003467	M012488
M003467	M012648
M003467	M012671
M003467	M012900
M003467	M012978
M003467	M013053
M003467	M013723
M003467	M013745
M003467	M014016
M003467	M014046
M003467	M014049
M003467	M014398
M003467	M014651
M003467	M014920
M003467	M015217
M003467	M017455
M003467	M017761
M003467	M018206
M003467	M010507
M003467	M001979
M003467	M004639
M003467	M004714
M003467	M005010
M003467	M005897
M003467	M016649
M003467	M016760
M003467	M010662
M003467	M012346
M003467	M000299
M003467	M017982
M003467	M014007
M003467	M009055
M003467	M013952
M003467	M014082
M003467	M016159
M003467	M016528
M003467	M014816
M003467	M007754
M003467	M016619
M003467	M015268
M003467	M013410
M003467	M015681
M003467	M015936
M003467	M016543
M003467	M017767
M003467	M017923
M003467	M015354
M003467	M015796
M003467	M018160
M003467	M009418
M003467	M011086
M003470	M003470
M003471	M003471
M003471	M000364
M003471	M000500
M003471	M000611
M003471	M001852
M003471	M002124
M003471	M002579
M003471	M002812
M003471	M004359
M003471	M004811
M003471	M005258
M003471	M006051
M003471	M007360
M003471	M007518
M003471	M007655
M003471	M008931
M003471	M009431
M003471	M009900
M003471	M007102
M003471	M010619
M003471	M011427
M003471	M012859
M003471	M014537
M003471	M016151
M003471	M017599
M003471	M003105
M003471	M003174
M003471	M003294
M003471	M003863
M003471	M008516
M003471	M009354
M003471	M011125
M003471	M011676
M003471	M013839
M003471	M014999
M003471	M017762
M003486	M003486
M003486	M000030
M003486	M000471
M003486	M000708
M003486	M001365
M003486	M006999
M003486	M002121
M003486	M003481
M003486	M004164
M003486	M004419
M003486	M008950
M003486	M009429
M003488	M003488
M003488	M004144
M003488	M001921
M003488	M003427
M003488	M006037
M003488	M012685
M003488	M011174
M003488	M008661
M003488	M011581
M003488	M011978
M003493	M003493
M003493	M000073
M003493	M000195
M003493	M000229
M003493	M000388
M003493	M000741
M003493	M001156
M003493	M001441
M003493	M001520
M003493	M001684
M003493	M001766
M003493	M001933
M003493	M002068
M003493	M002122
M003493	M002312
M003493	M002324
M003493	M002642
M003493	M002928
M003493	M003046
M003493	M003128
M003493	M003243
M003493	M003362
M003493	M003487
M003493	M003594
M003493	M004040
M003493	M004122
M003493	M004184
M003493	M004409
M003493	M004529
M003493	M004887
M003493	M004929
M003493	M005133
M003493	M005186
M003493	M005388
M003493	M005558
M003493	M005762
M003493	M006104
M003493	M006118
M003493	M006239
M003493	M006714
M003493	M006946
M003493	M007231
M003493	M007376
M003493	M007390
M003493	M007595
M003493	M007798
M003493	M007823
M003493	M008130
M003493	M008364
M003493	M008474
M003493	M008588
M003493	M008940
M003493	M009003
M003493	M009257
M003493	M009313
M003493	M009432
M003493	M009513
M003493	M009709
M003493	M010043
M003493	M010118
M003493	M010624
M003493	M010641
M003493	M011007
M003493	M011293
M003493	M011376
M003493	M011517
M003493	M011592
M003493	M011863
M003493	M012039
M003493	M012239
M003493	M012268
M003493	M012415
M003493	M012718
M003493	M013090
M003493	M003379
M003493	M005678
M003493	M000964
M003493	M001063
M003493	M001095
M003493	M002473
M003493	M002755
M003493	M003689
M003493	M003841
M003493	M003956
M003493	M004287
M003493	M004650
M003493	M005329
M003493	M005982
M003493	M006554
M003493	M006564
M003493	M006798
M003493	M006840
M003493	M007171
M003493	M008758
M003493	M009086
M003493	M009585
M003493	M010407
M003493	M012913
M003493	M012993
M003493	M007972
M003493	M009820
M003493	M012639
M003493	M010854
M003493	M012512
M003495	M003495
M003498	M003498
M003498	M008785
M003498	M017142
M003498	M007335
M003498	M015506
M003499	M003499
M003499	M000196
M003499	M002603
M006226	M006226
M006226	M004775
M006264	M006264
M006270	M006270
M007004	M007004
M007004	M001898
M007004	M003496
M007004	M004171
M007004	M006078
M007004	M015957
M007006	M007006
M007006	M000353
M007006	M004148
M007006	M009749
M007009	M007009
M007009	M004018
M007009	M006386
M007009	M002570
M007011	M007011
M007011	M002944
M007015	M007015
M007019	M007019
M007019	M000293
M007019	M001636
M007019	M003766
M007019	M003904
M007019	M007650
M007019	M014797
M007035	M007035
M007037	M007037
M007038	M007038
M007039	M007039
M007039	M003384
M007039	M010318
M007039	M011569
M007039	M015869
M007041	M007041
M007041	M007032
M007042	M007042
M007042	M004001
M007042	M004509
M007042	M007001
M007042	M007668
M007042	M008043
M007042	M009015
M007042	M011037
M007042	M000023
M007042	M002702
M007042	M002869
M007042	M011964
M007042	M014123
M007042	M014500
M007042	M014513
M007042	M014713
M007042	M014751
M007042	M015694
M007042	M015910
M007042	M016027
M007042	M016091
M007042	M016214
M007042	M016303
M007042	M016385
M007042	M016413
M007042	M016529
M007042	M016547
M007042	M016659
M007042	M016999
M007042	M017224
M007042	M017644
M007042	M018076
M007042	M013727
M007042	M013207
M007042	M014419
M007042	M016371
M007042	M016588
M007042	M015314
M007042	M006833
M007042	M009248
M007042	M012636
M007042	M013623
M007042	M014722
M007042	M015718
M007042	M016338
M007042	M016431
M007042	M016958
M007042	M017057
M007042	M017140
M007042	M017271
M007060	M007060
M007062	M007062
M007062	M000495
M007062	M001252
M007062	M002372
M007062	M011767
M007062	M000714
M007062	M001360
M007062	M001819
M007062	M011488
M007062	M011169
M007062	M011539
M007062	M012027
M007062	M013184
M007062	M013171
M008404	M008404
M008404	M000354
M008404	M000555
M008404	M010480
M008408	M008408
M008414	M008414
M008419	M008419
M008422	M008422
M008422	M017273
M008425	M008425
M008425	M002563
M008425	M012789
M008428	M008428
M008429	M008429
M008429	M007609
M008429	M011776
M008452	M008452
M008452	M015827
M008452	M010301
M008460	M008460
M009331	M009331
M009331	M016056
M009332	M009332
M009347	M009347
M009350	M009350
M009350	M006736
M009351	M009351
M009351	M001468
M009351	M004694
M009351	M004878
M009351	M005445
M009351	M007898
M009351	M007970
M009351	M009599
M009351	M010020
M009351	M010867
M009351	M011659
M009351	M001414
M009351	M003632
M009351	M000608
M009351	M001086
M009351	M002200
M009351	M005254
M009351	M005968
M009351	M006501
M009351	M013021
M009351	M005856
M009351	M007024
M009351	M007061
M009351	M002026
M009351	M004574
M009365	M009365
M009365	M008468
M009371	M009371
M009371	M000234
M009371	M000510
M009371	M000996
M009371	M001597
M009371	M002997
M009371	M003134
M009371	M003250
M009371	M003279
M009371	M003537
M009371	M003652
M009371	M006371
M009371	M007109
M009371	M007636
M009371	M007728
M009371	M007876
M009371	M008367
M009371	M008482
M009371	M008725
M009371	M009840
M009371	M010046
M009371	M011314
M009371	M012410
M009371	M013077
M009371	M013332
M009371	M013618
M009371	M014101
M009371	M014180
M009371	M014341
M009371	M014394
M009371	M014544
M009371	M014860
M009371	M015347
M009371	M015602
M009371	M016033
M009371	M016419
M009371	M016778
M009371	M017017
M009371	M017022
M009371	M017168
M009371	M017263
M009371	M017364
M009371	M017466
M009371	M017473
M009371	M017817
M009371	M017837
M009371	M017869
M009371	M018195
M009371	M000515
M009371	M000637
M009371	M002213
M009371	M013937
M009371	M014430
M009371	M016564
M009371	M001108
M009371	M000314
M009371	M000658
M009371	M001954
M009371	M005604
M009371	M012750
M009371	M001367
M009371	M013279
M009371	M014245
M009371	M014373
M009371	M015594
M009371	M015830
M009371	M016552
M009371	M017682
M009371	M001745
M009371	M006148
M009371	M002658
M009371	M006888
M009371	M009200
M009371	M015473
M009371	M003862
M009371	M004597
M009371	M005435
M009371	M004932
M009371	M005778
M009371	M014336
M009371	M006068
M009371	M007028
M009371	M015916
M009371	M007841
M009371	M003501
M009371	M015702
M009371	M018230
M009371	M008094
M009371	M008928
M009371	M000596
M009371	M002489
M009371	M003968
M009371	M011019
M009371	M011491
M009371	M015291
M009371	M016907
M009371	M017032
M009371	M009743
M009371	M004889
M009371	M008057
M009371	M017444
M009371	M010419
M009371	M009079
M009371	M010666
M009371	M015489
M009371	M010855
M009371	M011341
M009371	M000167
M009371	M002239
M009371	M002788
M009371	M004157
M009371	M005099
M009371	M007135
M009371	M009981
M009371	M010202
M009371	M010540
M009371	M011372
M009371	M002042
M009371	M005653
M009371	M012564
M009371	M014167
M009371	M012988
M009371	M013326
M009371	M013362
M009371	M013373
M009371	M011621
M009371	M012025
M009371	M013895
M009371	M017205
M009371	M013656
M009371	M013196
M009371	M014052
M009371	M015476
M009371	M017621
M009371	M017676
M009371	M013878
M009371	M017104
M009371	M017440
M009371	M014053
M009371	M015539
M009371	M016086
M009371	M014292
M009371	M004367
M009371	M013694
M009371	M014061
M009371	M014643
M009371	M014869
M009371	M015118
M009371	M015196
M009371	M015879
M009371	M017035
M009371	M018103
M009371	M014867
M009371	M014870
M009371	M015054
M009371	M001177
M009371	M009658
M009371	M009737
M009371	M012831
M009371	M013751
M009371	M015547
M009371	M016586
M009371	M016916
M009371	M015158
M009371	M017308
M009371	M016052
M009371	M004764
M009371	M006800
M009371	M008413
M009371	M010502
M009371	M014006
M009371	M015559
M009371	M015740
M009371	M017079
M009371	M017334
M009371	M017795
M009371	M016067
M009371	M016227
M009371	M001094
M009371	M010335
M009371	M011096
M009371	M012089
M009371	M012222
M009371	M013331
M009371	M013988
M009371	M014350
M009371	M014559
M009371	M014598
M009371	M016460
M009371	M016856
M009371	M017388
M009371	M017744
M009371	M016398
M009371	M016474
M009371	M015320
M009371	M016537
M009371	M016897
M009371	M016917
M009371	M016309
M009371	M017091
M009371	M017113
M009371	M017249
M009371	M002101
M009371	M004447
M009371	M017122
M009371	M017998
M009371	M017352
M009371	M017429
M009371	M013637
M009371	M017645
M009371	M017972
M009371	M006507
M009371	M017986
M009371	M018081
M009371	M005365
M009371	M006338
M009371	M007483
M009371	M014040
M009371	M016942
M009379	M009379
M009379	M003231
M009379	M003291
M009397	M009397
M009397	M000204
M009397	M000401
M009397	M013523
M009397	M016678
M009397	M016974
M009397	M017450
M009397	M017909
M009397	M017966
M009397	M018182
M009397	M006030
M009397	M013230
M009397	M013480
M009397	M013819
M009397	M015425
M009397	M015697
M009397	M016910
M009397	M016888
M009397	M017494
M011107	M011107
M011141	M011141
M011157	M011157
M011157	M008161
M011157	M011485
M011157	M011622
M011157	M012003
M011157	M006069
M011157	M012677
M011157	M006214
M011157	M009848
M011167	M011167
M011167	M001311
M011167	M011489
M011182	M011182
M011182	M000367
M011183	M011183
M011183	M008616
M011183	M011559
M011901	M011901
M011905	M011905
M011908	M011908
M011908	M000787
M011908	M000921
M011926	M011926
M011926	M002363
M011936	M011936
M011936	M001826
M011936	M001888
M011936	M002309
M011936	M005072
M011936	M010599
M011936	M011516
M011936	M011973
M011936	M011537
M011936	M014204
M011936	M015095
M011936	M017242
M011940	M011940
M011940	M012676
M011944	M011944
M011944	M004033
M011955	M011955
M011957	M011957
M011957	M006976
M011957	M010298
M011957	M010449
M011960	M011960
M011960	M006085
M011960	M008121
M011960	M010477
M011960	M013520
M011960	M014378
M011960	M014396
M011960	M014832
M011960	M014899
M011960	M014974
M011960	M015093
M011960	M015820
M011960	M016481
M011960	M017179
M011960	M017272
M011960	M017598
M011960	M015151
M011993	M011993
M011993	M010240
M011997	M011997
M011999	M011999
M013113	M013113
M013158	M013158
M013160	M013160
M013162	M013162
M013167	M013167
M013167	M002810
M013167	M004036
M013167	M004079
M013167	M010111
M013167	M015937
M013167	M017471
M013167	M017554
M013167	M018211
M013169	M013169
M013182	M013182
M013191	M013191
M013191	M003494
M013192	M013192
M013192	M005152
M013192	M016429
M013192	M016861
M013192	M000178
M013192	M000840
M013192	M004762
M013192	M006735
M013192	M007094
M013192	M012311
M013192	M017041
M013192	M017278
M013192	M001019
M013192	M012673
M013192	M013903
M013192	M003587
M013192	M004141
M013192	M004400
M013192	M007396
M013192	M015642
M013192	M016111
M013192	M005028
M013192	M005268
M013192	M001537
M013192	M001890
M013192	M005404
M013192	M006518
M013192	M014698
M013192	M007375
M013192	M007960
M013192	M009978
M013192	M010128
M013192	M011598
M013192	M012526
M013192	M013338
M013192	M013516
M013192	M001193
M013192	M010077
M013192	M010756
M013192	M016746
M013192	M013785
M013192	M014076
M013192	M014120
M013192	M014240
M013192	M014406
M013192	M013798
M013192	M015287
M013192	M017730
M013192	M014417
M013192	M009244
M013192	M017280
M013192	M014480
M013192	M009778
M013192	M014798
M013192	M002715
M013192	M014911
M013192	M002807
M013192	M007829
M013192	M007840
M013192	M008817
M013192	M017533
M013192	M017845
M013192	M017864
M013192	M014992
M013192	M015145
M013192	M008606
M013192	M008617
M013192	M011518
M013192	M011998
M013192	M017313
M013192	M015187
M013192	M008895
M013192	M015189
M013192	M015725
M013192	M015737
M013192	M013438
M013192	M017784
M013192	M015795
M013192	M015919
M013192	M013252
M013192	M016079
M013192	M000265
M013192	M006737
M013192	M009245
M013192	M014380
M013192	M014795
M013192	M017690
M013192	M017934
M013192	M016095
M013192	M016241
M013192	M016432
M013192	M014900
M013192	M015855
M013192	M017110
M013192	M016610
M013192	M016630
M013192	M014707
M013192	M016784
M013192	M016843
M013192	M013488
M013192	M013963
M013192	M014422
M013192	M015427
M013192	M015667
M013192	M016037
M013192	M016271
M013192	M016519
M013192	M016882
M013192	M017222
M013192	M014830
M013192	M015161
M013192	M016383
M013192	M017349
M013192	M008799
M013192	M014243
M013192	M014539
M013192	M016358
M013192	M016864
M013192	M017459
M013192	M014466
M013192	M015534
M013192	M017671
M013192	M018151
M013192	M017501
M013192	M017544
M013192	M017319
M013192	M017721
M013192	M017796
M013192	M017623
M013192	M018187
M014301	M014301
M014301	M009969
M014301	M017787
M014301	M000088
M014304	M014304
M014304	M014777
M014304	M013852
M014304	M016801
M014304	M016987
M014307	M014307
M014309	M014309
M014310	M014310
M014310	M016131
M014314	M014314
M014318	M014318
M014318	M008354
M014318	M005845
M014318	M016911
M014318	M017755
M014319	M014319
M014320	M014320
M014320	M018060
M014324	M014324
M014324	M015102
M014324	M014343
M014324	M013660
M014331	M014331
M014335	M014335
M014338	M014338
M014358	M014358
M014361	M014361
M014363	M014363
M014384	M014384
M014386	M014386
M014901	M014901
M014902	M014902
M014906	M014906
M014916	M014916
M014918	M014918
M014918	M015007
M014918	M016376
M014918	M016498
M014918	M017016
M014918	M014196
M014936	M014936
M014942	M014942
M014944	M014944
M014944	M016115
M014947	M014947
M014950	M014950
M014951	M014951
M014951	M016692
M014953	M014953
M014962	M014962
M014967	M014967
M014972	M014972
M014972	M013254
M014972	M013261
M014972	M014445
M014972	M016868
M014979	M014979
M014979	M014357
M014979	M013161
M014980	M014980
M014986	M014986
M014987	M014987
M014996	M014996
M015603	M015603
M015603	M015591
M015603	M018041
M015603	M018141
M015603	M002428
M015603	M010887
M015603	M003633
M015603	M002983
M015603	M003719
M015603	M004977
M015603	M006187
M015603	M006314
M015603	M007072
M015603	M007485
M015603	M007526
M015603	M009941
M015603	M015764
M015603	M004239
M015603	M013311
M015603	M016829
M015603	M013676
M015603	M015042
M015603	M014496
M015603	M004045
M015603	M009006
M015603	M013808
M015603	M014697
M015603	M015839
M015603	M009860
M015603	M015982
M015603	M004576
M015603	M014725
M015603	M015212
M015603	M017108
M015603	M017486
M015603	M018028
M015603	M016101
M015603	M017043
M015604	M015604
M015609	M015609
M015609	M008304
M015609	M000118
M015609	M001159
M015609	M001447
M015609	M001811
M015609	M002185
M015609	M002411
M015609	M002480
M015609	M002947
M015609	M003069
M015609	M003217
M015609	M003356
M015609	M003433
M015609	M003513
M015609	M003601
M015609	M003747
M015609	M003763
M015609	M003809
M015609	M004947
M015609	M005540
M015609	M006343
M015609	M007712
M015609	M007856
M015609	M008317
M015609	M008448
M015609	M008582
M015609	M009241
M015609	M009485
M015609	M009762
M015609	M009986
M015609	M010062
M015609	M010210
M015609	M011029
M015609	M011130
M015609	M011571
M015609	M011630
M015609	M011682
M015609	M012479
M015609	M012956
M015609	M013103
M015609	M013134
M015609	M013725
M015609	M014255
M015609	M014334
M015609	M014527
M015609	M014669
M015609	M015003
M015609	M015214
M015609	M015432
M015609	M015691
M015609	M016842
M015609	M016855
M015609	M017838
M015609	M017901
M015616	M015616
M015616	M000035
M015616	M013278
M015616	M013284
M015616	M014325
M015616	M014433
M015616	M014522
M015616	M015138
M015616	M015208
M015616	M015853
M015616	M015965
M015616	M016520
M015616	M016809
M015616	M017659
M015616	M018241
M015616	M000271
M015616	M000857
M015616	M002400
M015616	M003602
M015616	M006618
M015616	M000082
M015616	M000319
M015616	M000359
M015616	M000430
M015616	M000498
M015616	M000511
M015616	M000522
M015616	M000657
M015616	M000718
M015616	M000743
M015616	M001010
M015616	M001187
M015616	M001509
M015616	M001680
M015616	M001884
M015616	M001959
M015616	M002008
M015616	M002151
M015616	M002210
M015616	M002279
M015616	M002356
M015616	M002521
M015616	M002678
M015616	M002750
M015616	M003022
M015616	M003257
M015616	M003715
M015616	M003789
M015616	M004028
M015616	M004151
M015616	M004251
M015616	M004323
M015616	M004544
M015616	M004730
M015616	M004794
M015616	M004969
M015616	M005063
M015616	M005161
M015616	M005362
M015616	M005396
M015616	M005578
M015616	M005755
M015616	M005833
M015616	M005852
M015616	M005954
M015616	M006108
M015616	M006181
M015616	M006334
M015616	M006400
M015616	M006525
M015616	M006795
M015616	M006856
M015616	M006895
M015616	M007184
M015616	M007206
M015616	M007290
M015616	M007354
M015616	M007517
M015616	M007645
M015616	M007994
M015616	M008095
M015616	M008198
M015616	M008288
M015616	M008454
M015616	M008522
M015616	M008668
M015616	M008706
M015616	M008719
M015616	M008887
M015616	M009048
M015616	M009085
M015616	M009219
M015616	M009635
M015616	M009704
M015616	M009739
M015616	M009875
M015616	M009961
M015616	M010008
M015616	M010144
M015616	M010289
M015616	M010302
M015616	M010421
M015616	M010512
M015616	M010567
M015616	M010661
M015616	M010761
M015616	M011023
M015616	M011081
M015616	M011117
M015616	M011288
M015616	M011329
M015616	M011366
M015616	M011464
M015616	M011506
M015616	M011570
M015616	M011712
M015616	M011900
M015616	M012063
M015616	M012248
M015616	M012548
M015616	M012654
M015616	M012778
M015616	M012794
M015616	M012938
M015616	M013164
M015616	M013251
M015616	M013257
M015616	M013291
M015616	M013305
M015616	M013425
M015616	M013497
M015616	M013522
M015616	M013552
M015616	M013564
M015616	M013585
M015616	M013627
M015616	M013639
M015616	M013677
M015616	M013681
M015616	M013713
M015616	M013715
M015616	M013742
M015616	M013780
M015616	M013854
M015616	M013901
M015616	M013908
M015616	M014145
M015616	M014169
M015616	M014193
M015616	M014199
M015616	M014381
M015616	M014471
M015616	M014570
M015616	M014618
M015616	M014693
M015616	M014784
M015616	M014809
M015616	M014930
M015616	M014948
M015616	M014971
M015616	M015055
M015616	M015220
M015616	M015306
M015616	M015326
M015616	M015333
M015616	M015366
M015616	M015378
M015616	M015391
M015616	M015404
M015616	M015418
M015616	M015426
M015616	M015435
M015616	M015466
M015616	M015486
M015616	M015654
M015616	M015675
M015616	M015717
M015616	M015755
M015616	M015813
M015616	M015836
M015616	M015938
M015616	M015953
M015616	M015975
M015616	M015994
M015616	M016087
M015616	M016166
M015616	M016212
M015616	M016247
M015616	M016259
M015616	M016283
M015616	M016285
M015616	M016293
M015616	M016387
M015616	M016402
M015616	M016422
M015616	M016584
M015616	M016607
M015616	M016639
M015616	M016691
M015616	M016703
M015616	M016724
M015616	M016738
M015616	M016795
M015616	M016828
M015616	M016862
M015616	M017095
M015616	M017101
M015616	M017199
M015616	M017302
M015616	M017350
M015616	M017360
M015616	M017363
M015616	M017405
M015616	M017417
M015616	M017504
M015616	M017505
M015616	M017514
M015616	M017595
M015616	M017611
M015616	M017731
M015616	M017759
M015616	M017803
M015616	M017843
M015616	M017844
M015616	M017851
M015616	M017882
M015616	M017935
M015616	M017945
M015616	M018054
M015616	M018083
M015616	M018084
M015616	M018109
M015616	M018125
M015616	M018138
M015616	M018147
M015616	M018164
M015616	M018194
M015616	M018200
M015616	M018261
M015616	M018268
M015616	M014217
M015616	M016135
M015616	M017381
M015616	M017925
M015616	M015124
M015616	M017235
M015630	M015630
M015633	M015633
M015635	M015635
M015644	M015644
M015644	M003472
M015644	M006591
M015644	M013208
M015644	M013608
M015644	M016734
M015644	M013671
M015644	M016817
M015644	M013838
M015644	M014818
M015644	M016092
M015644	M017496
M015644	M017911
M015644	M016487
M015644	M016461
M015644	M016688
M015644	M016893
M015650	M015650
M015658	M015658
M015658	M016164
M015658	M016612
M015666	M015666
M015666	M014606
M015666	M017361
M015679	M015679
M015693	M015693
M017210	M017210
M017212	M017212
M017218	M017218
M017223	M017223
M017225	M017225
M017227	M017227
M017232	M017232
M017232	M007779
M017232	M014191
M017232	M017890
M017253	M017253
M017255	M017255
M017255	M018249
M017255	M016266
M017258	M017258
M017259	M017259
M017259	M013317
M017259	M014241
M017259	M014688
M017259	M015120
M017259	M015191
M017259	M015721
M017259	M016180
M017260	M017260
M017260	M014482
M017260	M014529
M017260	M015146
M017260	M007120
M017260	M016088
M017260	M016327
M017266	M017266
M017266	M015631
M017266	M005565
M017266	M000247
M017266	M005219
M017266	M011414
M017266	M008438
M017266	M003277
M017266	M006616
M017266	M010054
M017266	M011730
M017266	M012388
M017266	M013514
M017266	M014927
M017266	M015614
M017266	M015769
M017267	M017267
M017267	M003402
M017267	M008059
M017268	M017268
M017268	M016826
M017268	M017936
M017274	M017274
M017274	M003009
M017274	M009050
M017274	M009440
M017274	M015700
M017289	M017289
M017289	M013628
M017291	M017291
M017291	M013591
M017291	M014485
M017291	M018096
M017291	M014781
M017295	M017295
M017295	M013773
M018102	M018102
M018108	M018108
M018115	M018115
M018115	M016049
M018115	M016299
M018118	M018118
M018119	M018119
M018119	M004677
M018119	M004953
M018119	M014420
M018119	M014841
M018121	M018121
M018121	M008857
M018121	M009032
M018121	M010192
M018121	M013705
M018121	M013383
M018121	M018236
M018123	M018123
M018129	M018129
M018131	M018131
M018134	M018134
M018134	M006511
M018134	M018057
M018134	M010286
M018134	M010849
M018134	M012652
M018134	M011492
M018134	M000643
M018134	M011573
M018134	M011965
M018134	M012560
M018134	M013906
M018134	M015039
M018134	M014201
M018134	M014391
M018134	M013568
M018134	M014455
M018134	M014641
M018134	M015285
M018134	M015749
M018134	M016181
M018134	M016553
M018134	M017083
M018134	M014709
M018134	M014727
M018134	M008373
M018134	M008764
M018134	M009579
M018134	M016070
M018134	M016414
M018134	M016541
M018134	M014998
M018134	M012994
M018134	M013626
M018134	M015722
M018134	M016654
M018134	M017366
M018134	M015862
M018134	M015878
M018134	M016808
M018134	M017094
M018134	M017402
M018134	M017634
M018134	M009130
M018134	M014732
M018134	M016040
M018134	M018012
M018149	M018149
M018158	M018158
M018158	M014111
M018158	M018155
M018175	M018175
M018175	M016975
M018185	M018185
M018191	M018191
M001104	M001104
M001110	M001110
M001110	M013869
M001121	M001121
M001124	M001124
M001125	M001125
M001125	M007746
M001125	M013977
M001127	M001127
M001127	M002545
M001129	M001129
M001129	M003794
M001129	M008967
M001129	M004595
M001129	M004905
M001129	M004791
M001129	M006178
M001129	M006329
M001129	M015751
M001129	M007657
M001129	M013342
M001129	M015251
M001129	M018100
M001129	M004067
M001129	M014667
M001152	M001152
M001155	M001155
M001155	M004327
M001155	M004958
M001155	M006260
M001155	M010729
M001155	M000502
M001155	M001558
M001155	M004837
M001155	M003921
M001155	M011471
M001155	M001323
M001155	M001647
M001155	M011975
M001155	M017129
M001155	M017639
M001155	M017996
M001163	M001163
M001163	M010734
M001163	M000080
M001163	M006960
M001163	M000298
M001163	M003959
M001163	M008151
M001163	M009836
M001163	M010584
M001163	M010971
M001163	M011468
M001163	M012029
M001163	M014239
M001163	M014586
M001163	M015226
M001163	M015553
M001163	M016108
M001163	M000311
M001163	M001329
M001163	M001869
M001163	M012763
M001163	M000517
M001163	M000565
M001163	M009673
M001163	M001548
M001163	M003464
M001163	M003726
M001163	M000288
M001163	M001067
M001163	M001996
M001163	M003003
M001163	M005633
M001163	M005803
M001163	M006433
M001163	M009311
M001163	M011664
M001163	M012273
M001163	M012495
M001163	M013319
M001163	M018009
M001163	M003886
M001163	M002436
M001163	M007213
M001163	M014632
M001163	M004270
M001163	M000046
M001163	M000634
M001163	M002594
M001163	M004137
M001163	M006011
M001163	M011617
M001163	M012357
M001163	M004503
M001163	M004696
M001163	M004877
M001163	M000375
M001163	M001451
M001163	M002821
M001163	M003328
M001163	M003638
M001163	M005508
M001163	M006499
M001163	M006707
M001163	M006786
M001163	M007185
M001163	M007629
M001163	M007762
M001163	M007847
M001163	M008264
M001163	M008561
M001163	M008867
M001163	M009054
M001163	M009141
M001163	M009637
M001163	M010015
M001163	M010315
M001163	M011197
M001163	M011382
M001163	M012213
M001163	M012477
M001163	M012858
M001163	M013999
M001163	M005259
M001163	M005298
M001163	M005447
M001163	M006339
M001163	M006844
M001163	M007440
M001163	M002197
M001163	M004583
M001163	M004983
M001163	M006311
M001163	M008943
M001163	M009206
M001163	M007481
M001163	M007968
M001163	M008682
M001163	M013146
M001163	M009921
M001163	M002712
M001163	M010169
M001163	M010391
M001163	M010705
M001163	M011276
M001163	M012914
M001163	M018047
M001163	M014523
M001163	M003120
M001163	M015079
M001163	M015701
M001163	M001752
M001163	M001788
M001167	M001167
M001167	M004569
M001167	M004897
M001167	M006137
M001167	M006349
M001167	M010780
M001167	M004024
M001167	M011050
M001823	M001823
M001830	M001830
M001837	M001837
M001837	M000851
M001837	M011869
M001837	M000923
M001837	M005101
M001844	M001844
M001844	M006090
M001844	M016326
M001846	M001846
M001847	M001847
M001848	M001848
M001848	M015468
M001851	M001851
M001858	M001858
M001864	M001864
M001864	M009769
M001864	M001317
M001864	M006056
M001864	M008062
M001864	M000666
M001876	M001876
M001876	M000310
M001876	M012720
M001878	M001878
M001878	M010610
M001886	M001886
M001886	M001648
M001886	M001817
M001887	M001887
M001887	M001514
M001887	M001650
M001887	M001795
M001887	M007938
M001887	M008663
M001887	M009765
M001887	M010594
M001887	M011597
M001887	M011989
M001887	M012679
M001887	M017019
M001887	M017606
M001887	M018006
M001887	M010262
M001894	M001894
M001894	M003442
M002307	M002307
M002307	M011814
M002307	M001345
M002308	M002308
M002308	M005191
M002308	M007961
M002308	M016596
M002313	M002313
M002318	M002318
M002321	M002321
M002322	M002322
M002335	M002335
M002335	M002263
M002335	M010813
M002342	M002342
M002342	M018219
M002342	M007030
M002342	M011094
M002345	M002345
M002346	M002346
M002346	M000425
M002346	M011347
M002346	M000679
M002346	M011470
M002346	M011548
M002346	M017368
M002346	M002196
M002346	M002467
M002346	M002354
M002346	M004575
M002346	M013672
M002346	M002831
M002346	M003950
M002346	M010166
M002346	M011012
M002346	M004236
M002346	M010295
M002346	M013840
M002346	M015802
M002346	M004505
M002346	M004698
M002346	M005218
M002346	M005265
M002346	M005537
M002346	M005632
M002346	M005728
M002346	M006067
M002346	M006619
M002346	M006743
M002346	M007150
M002346	M007202
M002346	M007331
M002346	M007703
M002346	M007967
M002346	M009924
M002346	M010247
M002346	M008068
M002346	M001895
M002346	M004922
M002346	M006220
M002346	M006286
M002346	M009823
M002346	M008787
M002346	M008876
M002346	M009424
M002346	M009698
M002346	M009728
M002346	M010577
M002346	M010723
M002346	M010835
M002346	M012161
M002346	M012921
M002346	M013345
M002346	M014711
M002346	M013755
M002346	M015197
M002346	M015275
M002346	M015625
M002346	M016042
M002346	M016017
M002346	M016120
M002346	M007449
M002346	M016397
M002348	M002348
M002352	M002352
M002352	M001574
M002358	M002358
M002359	M002359
M002360	M002360
M002362	M002362
M002364	M002364
M002373	M002373
M002375	M002375
M002376	M002376
M002376	M000089
M002376	M000184
M002376	M000887
M002376	M000822
M002376	M011854
M002376	M001154
M002376	M002718
M002376	M007327
M002376	M001307
M002376	M001389
M002376	M001539
M002376	M001653
M002376	M008163
M002376	M001836
M002376	M002227
M002376	M002385
M002376	M002537
M002376	M002765
M002376	M006915
M002376	M003463
M002376	M011292
M002376	M011669
M002376	M003612
M002376	M000462
M002376	M002927
M002376	M002945
M002376	M003145
M002376	M003228
M002376	M003309
M002376	M005564
M002376	M008567
M002376	M009346
M002376	M011146
M002376	M011442
M002376	M012948
M002376	M003676
M002376	M001974
M002376	M003826
M002376	M012435
M002376	M003934
M002376	M009037
M002376	M011027
M002376	M004042
M002376	M004189
M002376	M004699
M002376	M004308
M002376	M004492
M002376	M004602
M002376	M005106
M002376	M010217
M002376	M004945
M002376	M007152
M002376	M005260
M002376	M005368
M002376	M006043
M002376	M001941
M002376	M002327
M002376	M006114
M002376	M006555
M002376	M006836
M002376	M000558
M002376	M005636
M002376	M005740
M002376	M005807
M002376	M006483
M002376	M009117
M002376	M010321
M002376	M010425
M002376	M010792
M002376	M012135
M002376	M012200
M002376	M012292
M002376	M007201
M002376	M007423
M002376	M007630
M002376	M008035
M002376	M008301
M002376	M008313
M002376	M000275
M002376	M002431
M002376	M006711
M002376	M007725
M002376	M008293
M002376	M009490
M002376	M010064
M002376	M013092
M002376	M009214
M002376	M009427
M002376	M009517
M002376	M008684
M002376	M010884
M002376	M009771
M002376	M009983
M002376	M010741
M002376	M002100
M002376	M005488
M002376	M006315
M002376	M011503
M002376	M011177
M002376	M011528
M002376	M011977
M002376	M012553
M002376	M012686
M002376	M012874
M002379	M002379
M002382	M002382
M002396	M002396
M003126	M003126
M003136	M003136
M003142	M003142
M003142	M011151
M003142	M013031
M003170	M003170
M003170	M003271
M003189	M003189
M003824	M003824
M003824	M002310
M003831	M003831
M003831	M001989
M003831	M004119
M003831	M006679
M003831	M008296
M003831	M008347
M003831	M008781
M003831	M009499
M003831	M010040
M003831	M011409
M003831	M011656
M003831	M000205
M003831	M002535
M003831	M008014
M003831	M002733
M003831	M011105
M003831	M008495
M003831	M008897
M003831	M012431
M003831	M012960
M003831	M013099
M003831	M009345
M003831	M003168
M003831	M003273
M003831	M010505
M003831	M011229
M003837	M003837
M003850	M003850
M003855	M003855
M003855	M008001
M003855	M011318
M003855	M012462
M003855	M008282
M003855	M009467
M003855	M010098
M003878	M003878
M003878	M001168
M003878	M001410
M003878	M002056
M003878	M002511
M003878	M002933
M003878	M002971
M003878	M003230
M003878	M003305
M003878	M003977
M003878	M005341
M003878	M005406
M003878	M005606
M003878	M006662
M003878	M007770
M003878	M007884
M003878	M008327
M003878	M008521
M003878	M008696
M003878	M009402
M003878	M009584
M003878	M010013
M003878	M011145
M003878	M011298
M003878	M011459
M003878	M011724
M003878	M012440
M003878	M012829
M003878	M012964
M003878	M000456
M003878	M000589
M003878	M001065
M003878	M003574
M003878	M006403
M003878	M007111
M003878	M007321
M003878	M007454
M003878	M007956
M003878	M009507
M003878	M010279
M003878	M010338
M003878	M010355
M003878	M010655
M003878	M011934
M003878	M012113
M003878	M000912
M003878	M000834
M003878	M001589
M003878	M002659
M003878	M004554
M003878	M004935
M003878	M006204
M003878	M006396
M003878	M004742
M003878	M004835
M003878	M005155
M003878	M005918
M003878	M009181
M003878	M007260
M003878	M009803
M003878	M009950
M003878	M013070
M003878	M001779
M003878	M007642
M003885	M003885
M003885	M008328
M003885	M010537
M003885	M015201
M003896	M003896
M003899	M003899
M003899	M000833
M003899	M000911
M003899	M011838
M003899	M008612
M003899	M011538
M003899	M012018
M003899	M016583
M003899	M016677
M003899	M017684
M003899	M014852
M003899	M014882
M003899	M017974
M003899	M014925
M003899	M014225
M003899	M015588
M003899	M016494
M003899	M016761
M003899	M017525
M003899	M015211
M004402	M004402
M004402	M000886
M004402	M000970
M004402	M001665
M004402	M001865
M004402	M002226
M004402	M002371
M004402	M004756
M004402	M005124
M004402	M010543
M004402	M011858
M004402	M017128
M004403	M004403
M004403	M012528
M004403	M002863
M004403	M010127
M004403	M003880
M004403	M004178
M004403	M004687
M004403	M001060
M004403	M002115
M004403	M002986
M004403	M003533
M004403	M005461
M004403	M007399
M004403	M009140
M004403	M010331
M004403	M010406
M004403	M010749
M004403	M005250
M004403	M006307
M004403	M013621
M004403	M007913
M004403	M003983
M004403	M004630
M004403	M004986
M004403	M005644
M004403	M010718
M004403	M010959
M004403	M012306
M004403	M008865
M004403	M006886
M004403	M007333
M004403	M010873
M004403	M004420
M004403	M011434
M004403	M002058
M004403	M002937
M004403	M003152
M004403	M003651
M004403	M007673
M004403	M007890
M004403	M012167
M004403	M012209
M004403	M012420
M004403	M013119
M004403	M013151
M004403	M012645
M004403	M000626
M004403	M002522
M004403	M003075
M004403	M004815
M004403	M005623
M004403	M005781
M004403	M006528
M004403	M006694
M004403	M008184
M004403	M008243
M004403	M008362
M004403	M009439
M004403	M010091
M004403	M010570
M004403	M011739
M004403	M012117
M004403	M012812
M004403	M012920
M004418	M004418
M004418	M002710
M004418	M005356
M004418	M006366
M004418	M006573
M004418	M006953
M004418	M007251
M004418	M007433
M004418	M009274
M004418	M009886
M004418	M010720
M004418	M000546
M004418	M001429
M004418	M001681
M004418	M001825
M004418	M008129
M004418	M003657
M004418	M002984
M004418	M005586
M004418	M007301
M004418	M004321
M004418	M001501
M004418	M005022
M004418	M005165
M004418	M006767
M004418	M009183
M004418	M009835
M004418	M010404
M004418	M004633
M004418	M005877
M004418	M007095
M004418	M010173
M004418	M012118
M004418	M012211
M004418	M010961
M004418	M003985
M004418	M012168
M004418	M012557
M004418	M000146
M004418	M000441
M004418	M001375
M004418	M001999
M004418	M002108
M004418	M002504
M004418	M002748
M004418	M002938
M004418	M003076
M004418	M003149
M004418	M003301
M004418	M003543
M004418	M004118
M004418	M004802
M004418	M005463
M004418	M005785
M004418	M006673
M004418	M007891
M004418	M008287
M004418	M008549
M004418	M008769
M004418	M008850
M004418	M009393
M004418	M009619
M004418	M010094
M004418	M010612
M004418	M010836
M004418	M011153
M004418	M011354
M004418	M011697
M004418	M012421
M004418	M012916
M004418	M013108
M004421	M004421
M004421	M000292
M004421	M000376
M004421	M008732
M004421	M009508
M004421	M001466
M004421	M001577
M004421	M001628
M004421	M001732
M004421	M009802
M004421	M001797
M004421	M001924
M004421	M008107
M004421	M010252
M004421	M011166
M004421	M011519
M004421	M011563
M004421	M002174
M004421	M000614
M004421	M001054
M004421	M001143
M004421	M004368
M004421	M004800
M004421	M005467
M004421	M005798
M004421	M005848
M004421	M007234
M004421	M007428
M004421	M009239
M004421	M009967
M004421	M010635
M004421	M010962
M004421	M012116
M004421	M012208
M004421	M012289
M004421	M012811
M004421	M012968
M004421	M002413
M004421	M008821
M004421	M002861
M004421	M010121
M004421	M010954
M004421	M003335
M004421	M003098
M004421	M003198
M004421	M007696
M004421	M010088
M004421	M011257
M004421	M003448
M004421	M004190
M004421	M004989
M004421	M005166
M004421	M005018
M004421	M005601
M004421	M001000
M004421	M002034
M004421	M003534
M004421	M007907
M004421	M009596
M004421	M011759
M004421	M012389
M004421	M013040
M004421	M005997
M004421	M000338
M004421	M006266
M004421	M005278
M004421	M006807
M004421	M006289
M004421	M007227
M004421	M006576
M004421	M003986
M004421	M004683
M004421	M009182
M004421	M006627
M004421	M006896
M004421	M002987
M004421	M007813
M004421	M007944
M004421	M010928
M004421	M000091
M004421	M012347
M004421	M001271
M004421	M012598
M004421	M001398
M004421	M002422
M004421	M008230
M004421	M008359
M004421	M010250
M004421	M010403
M004421	M012634
M004421	M004631
M004421	M007308
M004421	M008873
M004421	M011383
M004430	M004430
M004430	M000064
M004440	M004440
M004440	M000504
M004440	M000526
M004440	M001034
M004440	M001160
M004440	M006894
M004440	M001627
M004440	M001774
M004440	M001998
M004440	M002180
M004440	M002524
M004440	M002677
M004440	M002849
M004440	M002909
M004440	M003325
M004440	M003430
M004440	M003469
M004440	M003530
M004440	M003730
M004440	M003802
M004440	M003932
M004440	M004276
M004440	M009995
M004440	M004645
M004440	M004769
M004440	M005005
M004440	M005183
M004440	M005380
M004440	M005453
M004440	M005507
M004440	M005707
M004440	M006013
M004440	M006174
M004440	M006324
M004440	M000107
M004440	M006571
M004440	M006582
M004440	M006623
M004440	M006739
M004440	M007099
M004440	M007178
M004440	M007293
M004440	M007400
M004440	M007585
M004440	M007849
M004440	M003210
M004440	M008257
M004440	M012519
M004440	M008399
M004440	M009455
M004440	M008538
M004440	M008628
M004440	M011602
M004440	M012024
M004440	M008699
M004440	M008912
M004440	M008970
M004440	M009137
M004440	M009192
M004440	M009372
M004440	M009874
M004440	M010047
M004440	M010176
M004440	M010312
M004440	M012155
M004440	M010354
M004440	M010485
M004440	M005921
M004440	M010552
M004440	M010630
M004440	M010772
M004440	M011079
M004440	M011460
M004440	M011679
M004440	M012185
M004440	M012483
M004440	M007734
M004440	M012682
M004440	M012806
M004440	M012990
M004444	M004444
M004444	M001135
M004444	M003561
M004444	M002496
M004444	M010049
M004444	M002784
M004444	M004020
M004444	M004644
M004444	M002684
M004444	M002896
M004444	M004667
M004444	M005009
M004444	M006628
M004444	M006740
M004444	M011742
M004444	M005178
M004444	M005383
M004444	M012869
M004444	M005708
M004444	M005828
M004444	M005874
M004444	M005984
M004444	M011949
M004444	M012156
M004444	M006322
M004444	M006572
M004444	M009144
M004444	M007529
M004444	M002087
M004444	M004875
M004444	M006979
M004444	M008750
M004444	M009302
M004444	M009531
M004444	M008397
M004444	M000139
M004444	M003047
M004444	M003251
M004444	M003282
M004444	M003887
M004444	M006170
M004444	M006478
M004444	M007228
M004444	M007740
M004444	M007926
M004444	M008224
M004444	M009588
M004444	M010356
M004444	M011195
M004444	M012982
M004444	M013059
M004444	M008896
M004444	M008972
M004444	M009657
M004444	M010000
M004444	M010829
M004444	M011379
M004444	M005555
M004444	M012508
M004450	M004450
M004451	M004451
M004460	M004460
M004460	M000092
M004460	M000460
M004460	M005509
M004460	M002202
M004460	M004390
M004460	M006168
M004460	M006257
M004460	M007084
M004460	M007501
M004460	M009067
M004466	M004466
M004466	M000316
M004466	M001022
M004466	M006025
M004466	M012714
M004466	M000537
M004466	M001107
M004466	M001670
M004466	M001782
M004466	M004209
M004466	M008168
M004466	M001590
M004466	M000686
M004466	M002374
M004466	M003979
M004466	M009776
M004466	M010265
M004466	M010987
M004466	M001950
M004466	M000944
M004466	M003453
M004466	M003490
M004466	M005239
M004466	M005262
M004466	M012515
M004466	M005479
M004466	M005830
M004466	M006601
M004466	M000163
M004466	M001984
M004466	M002474
M004466	M002903
M004466	M003077
M004466	M003146
M004466	M003295
M004466	M003572
M004466	M005030
M004466	M006363
M004466	M006431
M004466	M006801
M004466	M007783
M004466	M008000
M004466	M008322
M004466	M008494
M004466	M009165
M004466	M009382
M004466	M009910
M004466	M010001
M004466	M010235
M004466	M010830
M004466	M011119
M004466	M011247
M004466	M011273
M004466	M011758
M004466	M012455
M004466	M012928
M004466	M013123
M004466	M013934
M004466	M014479
M004466	M015392
M004466	M015784
M004466	M017897
M004466	M006955
M004466	M002746
M004466	M004705
M004466	M005003
M004466	M007145
M004466	M007211
M004466	M004635
M004466	M004799
M004466	M005536
M004466	M006169
M004466	M007336
M004466	M002619
M004466	M003861
M004466	M006332
M004466	M007519
M004466	M012102
M004466	M007811
M004466	M008848
M004466	M010436
M004466	M009249
M004466	M002204
M004466	M003018
M004466	M003741
M004466	M004293
M004466	M007610
M004466	M007957
M004466	M008743
M004466	M011413
M004466	M010280
M004466	M012284
M004466	M010571
M004466	M010701
M004466	M010732
M004466	M005659
M004466	M005724
M004466	M009652
M004466	M010339
M004466	M011508
M004466	M012865
M004466	M013174
M004466	M014662
M004466	M015558
M004466	M016344
M004466	M002264
M004466	M011575
M004466	M011991
M004468	M004468
M004468	M001044
M004468	M012231
M004468	M001139
M004468	M003705
M004468	M005142
M004468	M006116
M004468	M006243
M004468	M007204
M004468	M003492
M004468	M004103
M004468	M005660
M004468	M004666
M004468	M010100
M004468	M010536
M004468	M005793
M004468	M000174
M004468	M008898
M004468	M008927
M004468	M008952
M004468	M001993
M004468	M003595
M004468	M003840
M004468	M004522
M004468	M004545
M004468	M004960
M004468	M008054
M004468	M008186
M004468	M008674
M004468	M009617
M004468	M012998
M004468	M010380
M004468	M010795
M004468	M002117
M004468	M003057
M004468	M004780
M004468	M009103
M004468	M009468
M004468	M010326
M004468	M012131
M004468	M010856
M004468	M011349
M004468	M004300
M004468	M005590
M004468	M007438
M004468	M012547
M004468	M000548
M004468	M012552
M004468	M012962
M004468	M000197
M004468	M003852
M004468	M005331
M004468	M007168
M004482	M004482
M004498	M004498
M005912	M005912
M005915	M005915
M005936	M005936
M005936	M003624
M005936	M003698
M005936	M006620
M005936	M007909
M005936	M008241
M005936	M008791
M005936	M009447
M005936	M010107
M005936	M011142
M005936	M011208
M005936	M012087
M005936	M006427
M005936	M010539
M005936	M003970
M005936	M012984
M005936	M001449
M005936	M002116
M005936	M002507
M005936	M005335
M005936	M011311
M005936	M011687
M005943	M005943
M005943	M012103
M005956	M005956
M005959	M005959
M005974	M005974
M005974	M002158
M005974	M002692
M005974	M004351
M005974	M004570
M005974	M004715
M005974	M004862
M005974	M004918
M005974	M005187
M005974	M005271
M005974	M005413
M005974	M005719
M005974	M005748
M005974	M005779
M005974	M006117
M005974	M006216
M005974	M006365
M005974	M006581
M005974	M006920
M005974	M007406
M005974	M009124
M005974	M010159
M005974	M010375
M005974	M012137
M005974	M012187
M005974	M012304
M005974	M001780
M005974	M004407
M005974	M006998
M005974	M008020
M005974	M008064
M005974	M009229
M005974	M009884
M005974	M010759
M005974	M000150
M005974	M002756
M005974	M012822
M005974	M013037
M005981	M005981
M005988	M005988
M005988	M003013
M005989	M005989
M006409	M006409
M006432	M006432
M006448	M006448
M006448	M001892
M006448	M002627
M006448	M007315
M006448	M009804
M006448	M015112
M006455	M006455
M006455	M005814
M006455	M008961
M006455	M009179
M006455	M010167
M006455	M010703
M006455	M004378
M006455	M008939
M006455	M002341
M006455	M002772
M006455	M008330
M006455	M010737
M006455	M011440
M006455	M000407
M006455	M002697
M006455	M007298
M006455	M009923
M006467	M006467
M006467	M001814
M006467	M004990
M006467	M004634
M006471	M006471
M006481	M006481
M006494	M006494
M006494	M005545
M006494	M005749
M006494	M005903
M006494	M009450
M006497	M006497
M006803	M006803
M006824	M006824
M006824	M002779
M006824	M000793
M006824	M006903
M006824	M009358
M006824	M002915
M006824	M003072
M006824	M003184
M006824	M008513
M006824	M012944
M006824	M010237
M006824	M000466
M006824	M005176
M006824	M012567
M006845	M006845
M006845	M001822
M006845	M003894
M006845	M000045
M006845	M015628
M006845	M003905
M006845	M004437
M006845	M007026
M006845	M011467
M006845	M007146
M006845	M001696
M006845	M009715
M006845	M008173
M006845	M009816
M006845	M012358
M006845	M012745
M006845	M001291
M006845	M008402
M006845	M016450
M006845	M017131
M006845	M017297
M006846	M006846
M006847	M006847
M006848	M006848
M006849	M006849
M006852	M006852
M006853	M006853
M006853	M000635
M006853	M014731
M006853	M009211
M006853	M010086
M006853	M000132
M006853	M004870
M006853	M011231
M006853	M012496
M006853	M014189
M006853	M014005
M006853	M016499
M006853	M017447
M006853	M002982
M006853	M015501
M006853	M016913
M006853	M017500
M006853	M004051
M006855	M006855
M006865	M006865
M006865	M000016
M006865	M006634
M006865	M007788
M006865	M008340
M006865	M010021
M006865	M011194
M006865	M000562
M006865	M002336
M006865	M002862
M006865	M004587
M006865	M006442
M006865	M007186
M006865	M007349
M006865	M009146
M006865	M009277
M006865	M010423
M006865	M016172
M006865	M001218
M006865	M000667
M006865	M000758
M006865	M000867
M006865	M001246
M006865	M001507
M006865	M001727
M006865	M008073
M006865	M011877
M006865	M002029
M006865	M002387
M006865	M002452
M006865	M003316
M006865	M003085
M006865	M003191
M006865	M003807
M006865	M008493
M006865	M008773
M006865	M009401
M006865	M011102
M006865	M012910
M006865	M003565
M006865	M003064
M006865	M007550
M006865	M008211
M006865	M014730
M006865	M003653
M006865	M004244
M006865	M004483
M006865	M004796
M006865	M000077
M006865	M001194
M006865	M002171
M006865	M002648
M006865	M004343
M006865	M004765
M006865	M005475
M006865	M005705
M006865	M005754
M006865	M006126
M006865	M006823
M006865	M006966
M006865	M008044
M006865	M009962
M006865	M010156
M006865	M010689
M006865	M010754
M006865	M012309
M006865	M004904
M006865	M005169
M006865	M005266
M006865	M005593
M006865	M011439
M006865	M005786
M006865	M007003
M006865	M007049
M006865	M006383
M006865	M007392
M006865	M007905
M006865	M008903
M006865	M000405
M006865	M009013
M006865	M008461
M006865	M013009
M006865	M013069
M006865	M013129
M006865	M009626
M006865	M009688
M006865	M001470
M006865	M011261
M006865	M010889
M006865	M011062
M006865	M003925
M006865	M012121
M006865	M012179
M006865	M012406
M006865	M012520
M006865	M012638
M006865	M014408
M006865	M001625
M006865	M002218
M006865	M006058
M006865	M009878
M006865	M011497
M006865	M011596
M006865	M012051
M006865	M016018
M006869	M006869
M006869	M002838
M006870	M006870
M006870	M000037
M006870	M000171
M006870	M000214
M006870	M000343
M006870	M000455
M006870	M000613
M006870	M000794
M006870	M001092
M006870	M001425
M006870	M001545
M006870	M001985
M006870	M002103
M006870	M002340
M006870	M002529
M006870	M002636
M006870	M002764
M006870	M003001
M006870	M003106
M006870	M003178
M006870	M003331
M006870	M003557
M006870	M003755
M006870	M003830
M006870	M004336
M006870	M004672
M006870	M004822
M006870	M004963
M006870	M005094
M006870	M005200
M006870	M005272
M006870	M005483
M006870	M005618
M006870	M005827
M006870	M005846
M006870	M006209
M006870	M006280
M006870	M006412
M006870	M006741
M006870	M007063
M006870	M007197
M006870	M007476
M006870	M007644
M006870	M007729
M006870	M007888
M006870	M007917
M006870	M008188
M006870	M008281
M006870	M008446
M006870	M008499
M006870	M008718
M006870	M008938
M006870	M009170
M006870	M009299
M006870	M009419
M006870	M009559
M006870	M009697
M006870	M009918
M006870	M010042
M006870	M010234
M006870	M010272
M006870	M010345
M006870	M010670
M006870	M010779
M006870	M010907
M006870	M011305
M006870	M011458
M006870	M011716
M006870	M011942
M006870	M011943
M006870	M012424
M006870	M012493
M006870	M012833
M006870	M012959
M006870	M013112
M006870	M013309
M006870	M015729
M006870	M016228
M006870	M016889
M006870	M001963
M006870	M004454
M006870	M006452
M006870	M008810
M006870	M000646
M006870	M000801
M006870	M001116
M006870	M001722
M006870	M001843
M006870	M002540
M006870	M002552
M006870	M002562
M006870	M002866
M006870	M003764
M006870	M004005
M006870	M004172
M006870	M005998
M006870	M008069
M006870	M008609
M006870	M008620
M006870	M008804
M006870	M009844
M006870	M010601
M006870	M011076
M006870	M011171
M006870	M011610
M006870	M011992
M006870	M012717
M006870	M015023
M006870	M017177
M006870	M009495
M006870	M004535
M006870	M014719
M006870	M011829
M006873	M006873
M006873	M013731
M006873	M014382
M006873	M007502
M007803	M007803
M007804	M007804
M007804	M004174
M007807	M007807
M007807	M009207
M007807	M015943
M007807	M016330
M007807	M013364
M007807	M016860
M007807	M018210
M007814	M007814
M007819	M007819
M007820	M007820
M007835	M007835
M007844	M007844
M007844	M000190
M007844	M002303
M007844	M002404
M007844	M011769
M007844	M011847
M007844	M002601
M007844	M014117
M007844	M015014
M007844	M014983
M007844	M018079
M007844	M018113
M007861	M007861
M007882	M007882
M007882	M012952
M007889	M007889
M008545	M008545
M008550	M008550
M008578	M008578
M008578	M001799
M008578	M010935
M008578	M011632
M008578	M012339
M008590	M008590
M008591	M008591
M008592	M008592
M008592	M007805
M008618	M008618
M008633	M008633
M008633	M001806
M008633	M008638
M008633	M011188
M008633	M011526
M008633	M012062
M008640	M008640
M008640	M011550
M008640	M012001
M008640	M000586
M008640	M000071
M008640	M001048
M008640	M002343
M008640	M002625
M008640	M002795
M008640	M004132
M008640	M004722
M008640	M004783
M008640	M005688
M008640	M005767
M008640	M006247
M008640	M006456
M008640	M006810
M008640	M006963
M008640	M007273
M008640	M007491
M008640	M009251
M008640	M009974
M008640	M010188
M008640	M010454
M008640	M010675
M008640	M012071
M008640	M012266
M008640	M000947
M008640	M000905
M008640	M011874
M008640	M001221
M008640	M001412
M008640	M006639
M008640	M002109
M008640	M002305
M008640	M002381
M008640	M002878
M008640	M003143
M008640	M003298
M008640	M008531
M008640	M009341
M008640	M011150
M008640	M004039
M008640	M005571
M008640	M000281
M008640	M005991
M008640	M006424
M008640	M005504
M008640	M007751
M008640	M008488
M008640	M010515
M008640	M010909
M008640	M002018
M008640	M003803
M008640	M007549
M008640	M008685
M008640	M009038
M008640	M009547
M008640	M011401
M008640	M012368
M008640	M012492
M008640	M011303
M008640	M011717
M008640	M012330
M008640	M012701
M008649	M008649
M008662	M008662
M008671	M008671
M008671	M011624
M008671	M011962
M008671	M001646
M009109	M009109
M009121	M009121
M009125	M009125
M009125	M006806
M009143	M009143
M009153	M009153
M009166	M009166
M009167	M009167
M009174	M009174
M009174	M001570
M009174	M005532
M009174	M000418
M009174	M011404
M009177	M009177
M009177	M000570
M009177	M001366
M009177	M002031
M009177	M003884
M009177	M005823
M009177	M006909
M009177	M010401
M009177	M010486
M009177	M012215
M009177	M013843
M009184	M009184
M009184	M007886
M009184	M012729
M009189	M009189
M009189	M002045
M009189	M003648
M009189	M003895
M009189	M005087
M009189	M006000
M009189	M010585
M009195	M009195
M009195	M010187
M009198	M009198
M009198	M006788
M009198	M007165
M009198	M009674
M009198	M012799
M009805	M009805
M009815	M009815
M009845	M009845
M009857	M009857
M009870	M009870
M009870	M000145
M009870	M000278
M009870	M008526
M009870	M000508
M009870	M000576
M009870	M008688
M009870	M012365
M009870	M000849
M009870	M011922
M009870	M001228
M009870	M001270
M009870	M001477
M009870	M007444
M009870	M007892
M009870	M011694
M009870	M012395
M009870	M001523
M009870	M001738
M009870	M001918
M009870	M002055
M009870	M002195
M009870	M002319
M009870	M002618
M009870	M005252
M009870	M009191
M009870	M009669
M009870	M002902
M009870	M003096
M009870	M003276
M009870	M007565
M009870	M011122
M009870	M003024
M009870	M003166
M009870	M003569
M009870	M002424
M009870	M003827
M009870	M004685
M009870	M008180
M009870	M008217
M009870	M009895
M009870	M012866
M009870	M003742
M009870	M003767
M009870	M004070
M009870	M004269
M009870	M004382
M009870	M004499
M009870	M002754
M009870	M005075
M009870	M006939
M009870	M005347
M009870	M004572
M009870	M004981
M009870	M006341
M009870	M007130
M009870	M007466
M009870	M010208
M009870	M005940
M009870	M005747
M009870	M012122
M009870	M006045
M009870	M006498
M009870	M009112
M009870	M006817
M009870	M007070
M009870	M006146
M009870	M008122
M009870	M008302
M009870	M008623
M009870	M011564
M009870	M011956
M009870	M009033
M009870	M009329
M009870	M010065
M009870	M009600
M009870	M010564
M009870	M011410
M009870	M012957
M009870	M012202
M009870	M012706
M009871	M009871
M009871	M000818
M009871	M001793
M009871	M012713
M009872	M009872
M009873	M009873
M009891	M009891
M009891	M002941
M009891	M010559
M010303	M010303
M010303	M008409
M010309	M010309
M010324	M010324
M010346	M010346
M010359	M010359
M010373	M010373
M010374	M010374
M010374	M003032
M010374	M003692
M010374	M003978
M010374	M000434
M010374	M003806
M010374	M004665
M010374	M005171
M010374	M005456
M010374	M008720
M010374	M009445
M010374	M009788
M010374	M010986
M010374	M012556
M010374	M013205
M010374	M013213
M010374	M013447
M010374	M013759
M010374	M013801
M010374	M014764
M010374	M015119
M010374	M015581
M010374	M015930
M010374	M016097
M010374	M016300
M010374	M016527
M010374	M017713
M010374	M017739
M010374	M005801
M010374	M006959
M010374	M010726
M010374	M012826
M010374	M013420
M010374	M013467
M010374	M013659
M010374	M014607
M010374	M014393
M010374	M015223
M010374	M004394
M010374	M013711
M010374	M013837
M010374	M015011
M010374	M015361
M010374	M017398
M010374	M017748
M010374	M017913
M010374	M017944
M010374	M015540
M010374	M002084
M010374	M002609
M010374	M003115
M010374	M009540
M010374	M011110
M010374	M013555
M010374	M014714
M010374	M015213
M010374	M016312
M010374	M012288
M010374	M015325
M010374	M017710
M010374	M016501
M010374	M002288
M010374	M016937
M010374	M015244
M010374	M016956
M010374	M017632
M010387	M010387
M010387	M011938
M010394	M010394
M010803	M010803
M010803	M001045
M010803	M005851
M010803	M012097
M010803	M010458
M010803	M005791
M010803	M012232
M010804	M010804
M010809	M010809
M010812	M010812
M010812	M000705
M010812	M001234
M010812	M000968
M010812	M011915
M010816	M010816
M010826	M010826
M010832	M010832
M010833	M010833
M010837	M010837
M010839	M010839
M010853	M010853
M010860	M010860
M010863	M010863
M010863	M002453
M010863	M005552
M010863	M008356
M010868	M010868
M010871	M010871
M010871	M008443
M010871	M003213
M010871	M003326
M010871	M009355
M010871	M010017
M010871	M007761
M010871	M008290
M010871	M008332
M010871	M009472
M010871	M011230
M010871	M011275
M010871	M012478
M010871	M013109
M010871	M012606
M010879	M010879
M010879	M000054
M010879	M000294
M010879	M000358
M010879	M007842
M010879	M000753
M010879	M000874
M010879	M011810
M010879	M001017
M010879	M001186
M010879	M000076
M010879	M002097
M010879	M002676
M010879	M007296
M010879	M002432
M010879	M002047
M010879	M002614
M010879	M002745
M010879	M005213
M010879	M004025
M010879	M004256
M010879	M004264
M010879	M004660
M010879	M005131
M010879	M011168
M010879	M012010
M010879	M006725
M010879	M007066
M010879	M007463
M010879	M006962
M010879	M009966
M010879	M007540
M010879	M007586
M010879	M007727
M010879	M003044
M010879	M003244
M010879	M003695
M010879	M005343
M010879	M005561
M010879	M008589
M010879	M009377
M010879	M008283
M010879	M000228
M010879	M000992
M010879	M001444
M010879	M003129
M010879	M003363
M010879	M006330
M010879	M006680
M010879	M006761
M010879	M007881
M010879	M008396
M010879	M009451
M010879	M010044
M010879	M011216
M010879	M011753
M010879	M012401
M010879	M008814
M010879	M009135
M010879	M004372
M010879	M005760
M010879	M006278
M010879	M006407
M010879	M007427
M010879	M012107
M010879	M012240
M010879	M012905
M010879	M009215
M010879	M010204
M010879	M010408
M010879	M005682
M010879	M005887
M010879	M010337
M010879	M010482
M010879	M011020
M010879	M011003
M010879	M006440
M010879	M011377
M010879	M006486
M010879	M010639
M010879	M011931
M010879	M013036
M010895	M010895
M011722	M011722
M011722	M012298
M011763	M011763
M011763	M000362
M011765	M011765
M011765	M016711
M011765	M017727
M011770	M011770
M011771	M011771
M011786	M011786
M011787	M011787
M011788	M011788
M011788	M000487
M011788	M001342
M011788	M002222
M012207	M012207
M012207	M005654
M012207	M012114
M012207	M010461
M012220	M012220
M012267	M012267
M012278	M012278
M012278	M006477
M012278	M007919
M012278	M003575
M012278	M011778
M012278	M008355
M012278	M002931
M012278	M006670
M012278	M007796
M012278	M011206
M012280	M012280
M012295	M012295
M012602	M012602
M012602	M000122
M012602	M000226
M012602	M002487
M012602	M002895
M012602	M004428
M012602	M004669
M012602	M005680
M012602	M006954
M012602	M007250
M012602	M010124
M012602	M011138
M012602	M000368
M012602	M000377
M012602	M005283
M012602	M008986
M012602	M000491
M012602	M000648
M012602	M001614
M012602	M001668
M012602	M011568
M012602	M011627
M012602	M011947
M012602	M001833
M012602	M002131
M012602	M002867
M012602	M003043
M012602	M003133
M012602	M005759
M012602	M017965
M012602	M003249
M012602	M001434
M012602	M001910
M012602	M006654
M012602	M007391
M012602	M007683
M012602	M007877
M012602	M008319
M012602	M008457
M012602	M008602
M012602	M008766
M012602	M009296
M012602	M010072
M012602	M011215
M012602	M011384
M012602	M011701
M012602	M012412
M012602	M012670
M012602	M013058
M012602	M003369
M012602	M002646
M012602	M008913
M012602	M012980
M012602	M015772
M012602	M003440
M012602	M003544
M012602	M003751
M012602	M003871
M012602	M004006
M012602	M000824
M012602	M010609
M012602	M011078
M012602	M004210
M012602	M004320
M012602	M005129
M012602	M000889
M012602	M006053
M012602	M006762
M012602	M007073
M012602	M007343
M012602	M002860
M012602	M007593
M012602	M008039
M012602	M001064
M012602	M001214
M012602	M004530
M012602	M004884
M012602	M004926
M012602	M005387
M012602	M005944
M012602	M006157
M012602	M006261
M012602	M006458
M012602	M008166
M012602	M010398
M012602	M010642
M012602	M010731
M012602	M012105
M012602	M012241
M012602	M013448
M012602	M008805
M012602	M009479
M012602	M009663
M012602	M012907
M012602	M009780
M012602	M009909
M012602	M010850
M012602	M011825
M012602	M012710
M012602	M013924
M012602	M014616
M012602	M006474
M012602	M009132
M012602	M017515
M012602	M017720
M012602	M001997
M012602	M005572
M012602	M009557
M012602	M017916
M012614	M012614
M012621	M012621
M012621	M011930
M012621	M013211
M012621	M007705
M012621	M001380
M012621	M002466
M012621	M007633
M012621	M009446
M012621	M016064
M012621	M016272
M012621	M017794
M012621	M014501
M012621	M015413
M012621	M016473
M012621	M016608
M012621	M017021
M012621	M015541
M012621	M017510
M012621	M013496
M012621	M016787
M012621	M017047
M012621	M017646
M012623	M012623
M012623	M003460
M012624	M012624
M012624	M000489
M012624	M000942
M012624	M001302
M012624	M001639
M012624	M001705
M012624	M001930
M012624	M001587
M012624	M002330
M012624	M006006
M012624	M008657
M012624	M011593
M012624	M002544
M012624	M004017
M012624	M011070
M012624	M004199
M012624	M000782
M012624	M011844
M012624	M006857
M012624	M007090
M012624	M007139
M012624	M007500
M012624	M009711
M012624	M009876
M012624	M010589
M012624	M010715
M012624	M000530
M012624	M012030
M012624	M012791
M012625	M012625
M012625	M001518
M012625	M001863
M012625	M004249
M012625	M006046
M012661	M012661
M012674	M012674
M012675	M012675
M012683	M012683
M012683	M008167
M012697	M012697
M012698	M012698
M012698	M001742
M012698	M001815
M012698	M008118
M013501	M013501
M013503	M013503
M013503	M014768
M013508	M013508
M013509	M013509
M013509	M013812
M013509	M001267
M013509	M016920
M013509	M017960
M013509	M018075
M013509	M014665
M013509	M014743
M013509	M014894
M013509	M001147
M013509	M004541
M013509	M006153
M013509	M006374
M013509	M007981
M013509	M009096
M013509	M009731
M013509	M013538
M013509	M013657
M013509	M013736
M013509	M013823
M013509	M013902
M013509	M014166
M013509	M014765
M013509	M014928
M013509	M015032
M013509	M015075
M013509	M015356
M013509	M015560
M013509	M015623
M013509	M015641
M013509	M015712
M013509	M015898
M013509	M016012
M013509	M016284
M013509	M016292
M013509	M016434
M013509	M016614
M013509	M016680
M013509	M016706
M013509	M016788
M013509	M017033
M013509	M017051
M013509	M017143
M013509	M017384
M013509	M017389
M013509	M017426
M013509	M017618
M013509	M017637
M013509	M018174
M013509	M018232
M013509	M015257
M013509	M005336
M013509	M015005
M013509	M015496
M013509	M007659
M013509	M013867
M013509	M014878
M013509	M014989
M013509	M015048
M013509	M015330
M013509	M016179
M013509	M016472
M013509	M015621
M013509	M013413
M013509	M014435
M013509	M015084
M013509	M016305
M013509	M016660
M013509	M017293
M013509	M017296
M013509	M017328
M013509	M017337
M013509	M017926
M013509	M015713
M013509	M016066
M013509	M016799
M013509	M016051
M013509	M017818
M013509	M017826
M013510	M013510
M013510	M000098
M013510	M000476
M013510	M001066
M013510	M001611
M013510	M004074
M013510	M005681
M013510	M006760
M013510	M007389
M013510	M008918
M013510	M009770
M013510	M010278
M013510	M010581
M013510	M012752
M013510	M016093
M013510	M016177
M013510	M016796
M013510	M002386
M013510	M000378
M013510	M000736
M013510	M000797
M013510	M001442
M013510	M001944
M013510	M002062
M013510	M002214
M013510	M002472
M013510	M002725
M013510	M002885
M013510	M002939
M013510	M003125
M013510	M003358
M013510	M003872
M013510	M005125
M013510	M005139
M013510	M005221
M013510	M005616
M013510	M006491
M013510	M006599
M013510	M006716
M013510	M007664
M013510	M007736
M013510	M007824
M013510	M008006
M013510	M008221
M013510	M008593
M013510	M008762
M013510	M008977
M013510	M009335
M013510	M009452
M013510	M009536
M013510	M010511
M013510	M010640
M013510	M011139
M013510	M011207
M013510	M011294
M013510	M011385
M013510	M011476
M013510	M011620
M013510	M011719
M013510	M011893
M013510	M012417
M013510	M012651
M013510	M012992
M013510	M013150
M013510	M016022
M013510	M012861
M013510	M015176
M013510	M002773
M013510	M007377
M013510	M007637
M013510	M010851
M013510	M012601
M013510	M014037
M013510	M015107
M013510	M015298
M013510	M017132
M013510	M017153
M013513	M013513
M013519	M013519
M013521	M013521
M013524	M013524
M013526	M013526
M013532	M013532
M013532	M005135
M013532	M012576
M013532	M000241
M013532	M005514
M013532	M006839
M013532	M008846
M013532	M012804
M013532	M014079
M013535	M013535
M013537	M013537
M013539	M013539
M013539	M000112
M013539	M002090
M013539	M000431
M013539	M001007
M013539	M003270
M013539	M005529
M013539	M008498
M013539	M002361
M013539	M004035
M013539	M004077
M013539	M009025
M013539	M012329
M013539	M002444
M013539	M002826
M013539	M000013
M013539	M000240
M013539	M001421
M013539	M002083
M013539	M002656
M013539	M002972
M013539	M003590
M013539	M003877
M013539	M004443
M013539	M004888
M013539	M005703
M013539	M006418
M013539	M006692
M013539	M006872
M013539	M007131
M013539	M007218
M013539	M007398
M013539	M007694
M013539	M008466
M013539	M008936
M013539	M009217
M013539	M009647
M013539	M009982
M013539	M010123
M013539	M010451
M013539	M010866
M013539	M011226
M013539	M012499
M013539	M012668
M013539	M012836
M013539	M012932
M013539	M013149
M013539	M014446
M013539	M014517
M013539	M015310
M013539	M015612
M013539	M016756
M013539	M017069
M013539	M017231
M013539	M017256
M013539	M017314
M013539	M017828
M013539	M003693
M013539	M004913
M013539	M005825
M013539	M011360
M013539	M004599
M013539	M004352
M013539	M013297
M013539	M016719
M013539	M005092
M013539	M000819
M013539	M007603
M013539	M012250
M013539	M015567
M013539	M008717
M013539	M016324
M013539	M009563
M013539	M010765
M013539	M011704
M013539	M012658
M013539	M001166
M013539	M014514
M013539	M017053
M013539	M013235
M013539	M013243
M013539	M006259
M013539	M013341
M013539	M007326
M013539	M016613
M013539	M018166
M013539	M013459
M013539	M000681
M013539	M000700
M013539	M000861
M013539	M001262
M013539	M001294
M013539	M001601
M013539	M001637
M013539	M001663
M013539	M001913
M013539	M003976
M013539	M004217
M013539	M006021
M013539	M008076
M013539	M008667
M013539	M009831
M013539	M010274
M013539	M010523
M013539	M010983
M013539	M011504
M013539	M011579
M013539	M012055
M013539	M012737
M013539	M013197
M013539	M013280
M013539	M013352
M013539	M013377
M013539	M013505
M013539	M014013
M013539	M014058
M013539	M014248
M013539	M014333
M013539	M014411
M013539	M014658
M013539	M014700
M013539	M014706
M013539	M014840
M013539	M014859
M013539	M014945
M013539	M014963
M013539	M015110
M013539	M015554
M013539	M015842
M013539	M015884
M013539	M016058
M013539	M016133
M013539	M016237
M013539	M016525
M013539	M016597
M013539	M016903
M013539	M016912
M013539	M017135
M013539	M017148
M013539	M017161
M013539	M017202
M013539	M017415
M013539	M017437
M013539	M017528
M013539	M017681
M013539	M017771
M013539	M017782
M013539	M017788
M013539	M017847
M013539	M017860
M013539	M017889
M013539	M018085
M013539	M018176
M013539	M014190
M013539	M014366
M013539	M016013
M013539	M016203
M013539	M017254
M013539	M017292
M013539	M017483
M013539	M014323
M013539	M006162
M013539	M008219
M013539	M013474
M013539	M014766
M013539	M015334
M013539	M016531
M013539	M016571
M013539	M016793
M013539	M017049
M013539	M017277
M013539	M017419
M013539	M017948
M013539	M014400
M013539	M015355
M013539	M014796
M013539	M015464
M013539	M014823
M013539	M015019
M013539	M015149
M013539	M005961
M013539	M015162
M013539	M013433
M013539	M014810
M013539	M016998
M013539	M017344
M013539	M017458
M013539	M017876
M013539	M018116
M013539	M015572
M013539	M015674
M013539	M016053
M013539	M016602
M013539	M016605
M013539	M000503
M013539	M004750
M013539	M005277
M013539	M005434
M013539	M006552
M013539	M006763
M013539	M009180
M013539	M010713
M013539	M011878
M013539	M013220
M013539	M013899
M013539	M013911
M013539	M014200
M013539	M014468
M013539	M014844
M013539	M014848
M013539	M016287
M013539	M016694
M013539	M017464
M013539	M017825
M013539	M018140
M013539	M017626
M013557	M013557
M013559	M013559
M013559	M013579
M013559	M015421
M013559	M017878
M013559	M017819
M013561	M013561
M013565	M013565
M013567	M013567
M013574	M013574
M013580	M013580
M013581	M013581
M013581	M014418
M013587	M013587
M013588	M013588
M013588	M014171
M013588	M014812
M013588	M015082
M013588	M013776
M013588	M013898
M013588	M016025
M013588	M015135
M013588	M015383
M013588	M017310
M013588	M016260
M013588	M014663
M013588	M015808
M013588	M016211
M013588	M016248
M013588	M016782
M013588	M017236
M013588	M018265
M013588	M016623
M013588	M016994
M013588	M017092
M013588	M017120
M013588	M017371
M013588	M013465
M013588	M017814
M013588	M018267
M013588	M013550
M013588	M015579
M013588	M016004
M013588	M018114
M013590	M013590
M013593	M013593
M013594	M013594
M013596	M013596
M013596	M003004
M013596	M003500
M013596	M000638
M013596	M013222
M013596	M014102
M013596	M015179
M013596	M016508
M013596	M016546
M013596	M016748
M013596	M017038
M013596	M003723
M013596	M004038
M013596	M000702
M013596	M001906
M013596	M002301
M013596	M002389
M013596	M008416
M013596	M010263
M013596	M012694
M013596	M014043
M013596	M005054
M013596	M005448
M013596	M018059
M013596	M005568
M013596	M006526
M013596	M008195
M013596	M013008
M013596	M016396
M013596	M008871
M013596	M008954
M013596	M010899
M013596	M012585
M013596	M011277
M013596	M011746
M013596	M014735
M013596	M015517
M013596	M017008
M013596	M011411
M013596	M012647
M013596	M013942
M013596	M005217
M013596	M017683
M013596	M014062
M013596	M014205
M013596	M013370
M013596	M013381
M013596	M013828
M013596	M013836
M013596	M013872
M013596	M014910
M013596	M015072
M013596	M015518
M013596	M016672
M013596	M017425
M013596	M017614
M013596	M017810
M013596	M017811
M013596	M017903
M013596	M018143
M013596	M014488
M013596	M015108
M013596	M015414
M013596	M016094
M013596	M016160
M013596	M016190
M013596	M016476
M013596	M017698
M013596	M003966
M013596	M010530
M013596	M013321
M013596	M013495
M013596	M014213
M013596	M015261
M013596	M015690
M013596	M015904
M013596	M016118
M013596	M016148
M013596	M018240
M013596	M018184
M013596	M013679
M013596	M014566
M013597	M013597
M013599	M013599
M014702	M014702
M014702	M000259
M014702	M000307
M014702	M000443
M014702	M000585
M014702	M000639
M014702	M001191
M014702	M001475
M014702	M001706
M014702	M001899
M014702	M001981
M014702	M002183
M014702	M002294
M014702	M002498
M014702	M002629
M014702	M002798
M014702	M003086
M014702	M003238
M014702	M003285
M014702	M003551
M014702	M003650
M014702	M003849
M014702	M004008
M014702	M004329
M014702	M004616
M014702	M005295
M014702	M005518
M014702	M005888
M014702	M006015
M014702	M006171
M014702	M006333
M014702	M006770
M014702	M006961
M014702	M007196
M014702	M007372
M014702	M007631
M014702	M007894
M014702	M008128
M014702	M008458
M014702	M008980
M014702	M009064
M014702	M009253
M014702	M009316
M014702	M009703
M014702	M009735
M014702	M010157
M014702	M010255
M014702	M010370
M014702	M010679
M014702	M011075
M014702	M011104
M014702	M012139
M014702	M012174
M014702	M012402
M014702	M012767
M014702	M013127
M014702	M013168
M014702	M013212
M014702	M013357
M014702	M013376
M014702	M013441
M014702	M013562
M014702	M013718
M014702	M013750
M014702	M013765
M014702	M013784
M014702	M013800
M014702	M014019
M014702	M014063
M014702	M014118
M014702	M014133
M014702	M014137
M014702	M014161
M014702	M014172
M014702	M014427
M014702	M014505
M014702	M014612
M014702	M014664
M014702	M014741
M014702	M014761
M014702	M014773
M014702	M014813
M014702	M014837
M014702	M014873
M014702	M014907
M014702	M014958
M014702	M014965
M014702	M014973
M014702	M015013
M014702	M015351
M014702	M015505
M014702	M015552
M014702	M015692
M014702	M015750
M014702	M015759
M014702	M015838
M014702	M015873
M014702	M015903
M014702	M015977
M014702	M016170
M014702	M016307
M014702	M016437
M014702	M016493
M014702	M016506
M014702	M016582
M014702	M016631
M014702	M016689
M014702	M016710
M014702	M016751
M014702	M016851
M014702	M016870
M014702	M016872
M014702	M016906
M014702	M016949
M014702	M016967
M014702	M017006
M014702	M017207
M014702	M017243
M014702	M017325
M014702	M017556
M014702	M017571
M014702	M017653
M014702	M017893
M014702	M017895
M014702	M017929
M014702	M017983
M014702	M018120
M014702	M018192
M014702	M018199
M014702	M018212
M014702	M018239
M014702	M008693
M014702	M010898
M014702	M013187
M014702	M000027
M014702	M005658
M014702	M009854
M014702	M013862
M014702	M004057
M014702	M014461
M014702	M017725
M014705	M014705
M014710	M014710
M014715	M014715
M014716	M014716
M014716	M017200
M014720	M014720
M014720	M016264
M014734	M014734
M014740	M014740
M014744	M014744
M014769	M014769
M014769	M016633
M014770	M014770
M014772	M014772
M014772	M017372
M014775	M014775
M014775	M013805
M014775	M017760
M014775	M005190
M014776	M014776
M014778	M014778
M014778	M014246
M014778	M014639
M014778	M014763
M014778	M018225
M014778	M005288
M014778	M004374
M014778	M010676
M014778	M013847
M014778	M011534
M014778	M000370
M014778	M001749
M014778	M004526
M014778	M006488
M014778	M006794
M014778	M007254
M014778	M007980
M014778	M008162
M014778	M008434
M014778	M011741
M014778	M012046
M014778	M013147
M014778	M013655
M014778	M013225
M014778	M013337
M014778	M015661
M014778	M017752
M014778	M018203
M014778	M013683
M014778	M014152
M014778	M013853
M014778	M016971
M014778	M014342
M014778	M013573
M014778	M014541
M014778	M014621
M014778	M015186
M014778	M016407
M014778	M017915
M014778	M014683
M014778	M015627
M014778	M000302
M014778	M005078
M014778	M013183
M014778	M013188
M014778	M013569
M014778	M013820
M014778	M014487
M014778	M015274
M014778	M015428
M014778	M015606
M014778	M015814
M014778	M015866
M014778	M016577
M014778	M016600
M014778	M016775
M014778	M018008
M014778	M018016
M014778	M016302
M014778	M016885
M014778	M011941
M014778	M016968
M014778	M016353
M014778	M017078
M014778	M017407
M014778	M012904
M014778	M017689
M014778	M018234
M014780	M014780
M014786	M014786
M014786	M013426
M014786	M014593
M014786	M014753
M014786	M015044
M014786	M015760
M014786	M017411
M014792	M014792
M014792	M015218
M014792	M016863
M014799	M014799
M014799	M002832
M014799	M006076
M014799	M008622
M014799	M008727
M014799	M013269
M014799	M013322
M014799	M013389
M014799	M013876
M014799	M014057
M014799	M014081
M014799	M014135
M014799	M014230
M014799	M014288
M014799	M014594
M014799	M014892
M014799	M015206
M014799	M015440
M014799	M015857
M014799	M015915
M014799	M016129
M014799	M016403
M014799	M016777
M014799	M017201
M014799	M017209
M014799	M017374
M014799	M017380
M014799	M017678
M014799	M017834
M014799	M012734
M014799	M014306
M014799	M017594
M014799	M018000
M016002	M016002
M016007	M016007
M016014	M016014
M016016	M016016
M016019	M016019
M016029	M016029
M016029	M014068
M016029	M014652
M016029	M015329
M016029	M015438
M016029	M016698
M016029	M017276
M016029	M014238
M016029	M014560
M016035	M016035
M016035	M014614
M016047	M016047
M016047	M016604
M016057	M016057
M016062	M016062
M016068	M016068
M016068	M013271
M016072	M016072
M016075	M016075
M016075	M013566
M016075	M017279
M016075	M013589
M016076	M016076
M016078	M016078
M016082	M016082
M016082	M017028
M016090	M016090
M016096	M016096
M016098	M016098
M016098	M000321
M016098	M014671
M016098	M003504
M016098	M013916
M016098	M004486
M016098	M008016
M016098	M010844
M016098	M016512
M016098	M010690
M016098	M013482
M016098	M015695
M016098	M013598
M016098	M003765
M016098	M013340
M016098	M014595
M016098	M016786
M016098	M014685
M016098	M014726
M016098	M000075
M016098	M003028
M016098	M004612
M016098	M005378
M016098	M005666
M016098	M005743
M016098	M005784
M016098	M005949
M016098	M006940
M016098	M007274
M016098	M007488
M016098	M008209
M016098	M009989
M016098	M010122
M016098	M012308
M016098	M013369
M016098	M014038
M016098	M014194
M016098	M014294
M016098	M014434
M016098	M014498
M016098	M014659
M016098	M014747
M016098	M014756
M016098	M015106
M016098	M015205
M016098	M015445
M016098	M015703
M016098	M015748
M016098	M015753
M016098	M015767
M016098	M015799
M016098	M016008
M016098	M016257
M016098	M016333
M016098	M016532
M016098	M017351
M016098	M017488
M016098	M017538
M016098	M017763
M016098	M017887
M016098	M018223
M016098	M015136
M016098	M017250
M016098	M016310
M016098	M017477
M016098	M017580
M016098	M014234
M016098	M015599
M016098	M017975
M016098	M018030
M016100	M016100
M016502	M016502
M016514	M016514
M016517	M016517
M016517	M017171
M016517	M014960
M016522	M016522
M016523	M016523
M016524	M016524
M016548	M016548
M016559	M016559
M016560	M016560
M016561	M016561
M016569	M016569
M016572	M016572
M016572	M013868
M016572	M016325
M016574	M016574
M016589	M016589
M016592	M016592
M016592	M006026
M016592	M007563
M016592	M012708
M016592	M013661
M016592	M014581
M016592	M015122
M016592	M017858
M016592	M000036
M016592	M007524
M016592	M000347
M016592	M012352
M016592	M012371
M016592	M004389
M016592	M005040
M016592	M006337
M016592	M015297
M016592	M003482
M016592	M013286
M016592	M014613
M016592	M014853
M016592	M016146
M016592	M017745
M016592	M015726
M016592	M002338
M016592	M002429
M016592	M003748
M016592	M004747
M016592	M005533
M016592	M006441
M016592	M008749
M016592	M008866
M016592	M009625
M016592	M013010
M016592	M013478
M016592	M013758
M016592	M013762
M016592	M014589
M016592	M014952
M016592	M017799
M016595	M016595
M017304	M017304
M017306	M017306
M017306	M001341
M017307	M017307
M017315	M017315
M017317	M017317
M017317	M016839
M017317	M017950
M017321	M017321
M017327	M017327
M017329	M017329
M017331	M017331
M017331	M016185
M017332	M017332
M017339	M017339
M017345	M017345
M017348	M017348
M017348	M014755
M017348	M015080
M017348	M016366
M017348	M016645
M017348	M016853
M017373	M017373
M017383	M017383
M017387	M017387
M017387	M014383
M017387	M016169
M017395	M017395
M017395	M002221
M017395	M009366
M017395	M014186
M017395	M018017
M017397	M017397
M017400	M017400
M018001	M018001
M018001	M017169
M018004	M018004
M018018	M018018
M018018	M001643
M018018	M000151
M018018	M000918
M018018	M001205
M018018	M001488
M018018	M002380
M018018	M003339
M018018	M003579
M018018	M003642
M018018	M003708
M018018	M004041
M018018	M004083
M018018	M005307
M018018	M007868
M018018	M010597
M018018	M011320
M018018	M011939
M018018	M012551
M018018	M013993
M018018	M017888
M018018	M002104
M018018	M004538
M018018	M000564
M018018	M002664
M018018	M002771
M018018	M004393
M018018	M004654
M018018	M004850
M018018	M004962
M018018	M005116
M018018	M005243
M018018	M005462
M018018	M006300
M018018	M006345
M018018	M007281
M018018	M007339
M018018	M007417
M018018	M009234
M018018	M010462
M018018	M010782
M018018	M012877
M018018	M014440
M018018	M016015
M018018	M016683
M018018	M016840
M018018	M017568
M018018	M018124
M018018	M006666
M018018	M007091
M018018	M009939
M018018	M014510
M018018	M010949
M018018	M005863
M018018	M005922
M018018	M005963
M018018	M006924
M018018	M010283
M018018	M010716
M018018	M012265
M018018	M013181
M018018	M013263
M018018	M013277
M018018	M013419
M018018	M004248
M018018	M015573
M018018	M016895
M018018	M018159
M018018	M013502
M018018	M000308
M018018	M000452
M018018	M000659
M018018	M000845
M018018	M001517
M018018	M001694
M018018	M001873
M018018	M002054
M018018	M002513
M018018	M003100
M018018	M003195
M018018	M003854
M018018	M003941
M018018	M005510
M018018	M005999
M018018	M007542
M018018	M008136
M018018	M008479
M018018	M008577
M018018	M008965
M018018	M009059
M018018	M009116
M018018	M009812
M018018	M011039
M018018	M011155
M018018	M011371
M018018	M011473
M018018	M011540
M018018	M011852
M018018	M011987
M018018	M012695
M018018	M012971
M018018	M013650
M018018	M013652
M018018	M013783
M018018	M013792
M018018	M013948
M018018	M014020
M018018	M014163
M018018	M014628
M018018	M014703
M018018	M014817
M018018	M014904
M018018	M015008
M018018	M015037
M018018	M015086
M018018	M015247
M018018	M015397
M018018	M015488
M018018	M015768
M018018	M015870
M018018	M016113
M018018	M016117
M018018	M016128
M018018	M016184
M018018	M016191
M018018	M016274
M018018	M016401
M018018	M016526
M018018	M016550
M018018	M017155
M018018	M017175
M018018	M017196
M018018	M017336
M018018	M017463
M018018	M017604
M018018	M017665
M018018	M017718
M018018	M017956
M018018	M018029
M018018	M018165
M018018	M018216
M018018	M014114
M018018	M014375
M018018	M013953
M018018	M016961
M018018	M014680
M018018	M017208
M018018	M015143
M018018	M015343
M018018	M013515
M018018	M014831
M018018	M017112
M018018	M017283
M018018	M017663
M018018	M015479
M018018	M015194
M018018	M015632
M018018	M016404
M018018	M015307
M018018	M015522
M018018	M015586
M018018	M016332
M018018	M016945
M018018	M017076
M018018	M017722
M018018	M016617
M018018	M016811
M018018	M017111
M018018	M017220
M018018	M017479
M018018	M010172
M018018	M014587
M018018	M016232
M018018	M017773
M018018	M017536
M018020	M018020
M018023	M018023
M018023	M013619
M018023	M018181
M018033	M018033
M018036	M018036
M018048	M018048
M018050	M018050
M018055	M018055
M018061	M018061
M018063	M018063
M018070	M018070
M018074	M018074
M018089	M018089
M018089	M016036
M018090	M018090
M018092	M018092
M000024	M000024
M000024	M002395
M000029	M000029
M000031	M000031
M000055	M000055
M000055	M000289
M000055	M000451
M000055	M009523
M000055	M000581
M000055	M001005
M000055	M008259
M000055	M001724
M000055	M001773
M000055	M001908
M000055	M002041
M000055	M002236
M000055	M002671
M000055	M003211
M000055	M008539
M000055	M009373
M000055	M003324
M000055	M003416
M000055	M003635
M000055	M001411
M000055	M010014
M000055	M003721
M000055	M003874
M000055	M003987
M000055	M010963
M000055	M004215
M000055	M004358
M000055	M004412
M000055	M004620
M000055	M004649
M000055	M005195
M000055	M004858
M000055	M004978
M000055	M005046
M000055	M005409
M000055	M005621
M000055	M005792
M000055	M005850
M000055	M005879
M000055	M012277
M000055	M006100
M000055	M006111
M000055	M006541
M000055	M010319
M000055	M006553
M000055	M006590
M000055	M011418
M000055	M006650
M000055	M006908
M000055	M007064
M000055	M007153
M000055	M007370
M000055	M007581
M000055	M007686
M000055	M008048
M000055	M008147
M000055	M008611
M000055	M008660
M000055	M011561
M000055	M011996
M000055	M008703
M000055	M008861
M000055	M002459
M000055	M005286
M000055	M009075
M000055	M012132
M000055	M009825
M000055	M001503
M000055	M009937
M000055	M006248
M000055	M010203
M000055	M010378
M000055	M010519
M000055	M010774
M000055	M001215
M000055	M007402
M000055	M010791
M000055	M002142
M000055	M002769
M000055	M010870
M000055	M011274
M000055	M011686
M000055	M012230
M000055	M012367
M000055	M012573
M000055	M007866
M000055	M008432
M000055	M012465
M000055	M012724
M000055	M012882
M000055	M013016
M000055	M013104
M000074	M000074
M000074	M009883
M000074	M004846
M000074	M010152
M000079	M000079
M000079	M002019
M000079	M003552
M000079	M003654
M000079	M006524
M000079	M007948
M000079	M013570
M000081	M000081
M000081	M004457
M000081	M004624
M000081	M004980
M000081	M007576
M000081	M015443
M000081	M000664
M000096	M000096
M000096	M005439
M000612	M000612
M000612	M005121
M000612	M003246
M000612	M010692
M000612	M011374
M000612	M000389
M000612	M006228
M000612	M006284
M000612	M013242
M000612	M014146
M000615	M000615
M000620	M000620
M000620	M002257
M000621	M000621
M000624	M000624
M000633	M000633
M000636	M000636
M000636	M000356
M000636	M001256
M000636	M015439
M000636	M001268
M000636	M002546
M000636	M006597
M000636	M010526
M000636	M013323
M000636	M015909
M000652	M000652
M000663	M000663
M000665	M000665
M000665	M008626
M000665	M011545
M000675	M000675
M000675	M001340
M000678	M000678
M000691	M000691
M000698	M000698
M000698	M000084
M000698	M000651
M000698	M003462
M000698	M004369
M000698	M004688
M000698	M007158
M000698	M008100
M000698	M010186
M000698	M010736
M000698	M011766
M000698	M012391
M000698	M013445
M000698	M013994
M000698	M013996
M000698	M014236
M000698	M014477
M000698	M014822
M000698	M015258
M000698	M015369
M000698	M015647
M000698	M015719
M000698	M015948
M000698	M016339
M000698	M016368
M000698	M016370
M000698	M016455
M000698	M016621
M000698	M017040
M000698	M017547
M000698	M018064
M000698	M002707
M001013	M001013
M001013	M006595
M001014	M001014
M001014	M016447
M001016	M001016
M001016	M004138
M001016	M006419
M001016	M010147
M001016	M001932
M001016	M000649
M001016	M001592
M001016	M001700
M001016	M005992
M001016	M009797
M001016	M012711
M001016	M004021
M001016	M000931
M001016	M000973
M001016	M004692
M001016	M005651
M001016	M008142
M001016	M011048
M001016	M011493
M001016	M011552
M001016	M011861
M001016	M012979
M001016	M013081
M001016	M005006
M001016	M003380
M001016	M005451
M001016	M005179
M001016	M009187
M001016	M002486
M001016	M002688
M001016	M002905
M001016	M005059
M001016	M007362
M001016	M009996
M001016	M010649
M001016	M012801
M001016	M010360
M001016	M000340
M001016	M008451
M001016	M012474
M001016	M011090
M001023	M001023
M001023	M000352
M001023	M000662
M001023	M000689
M001023	M000738
M001023	M001138
M001023	M005684
M001023	M001355
M001023	M001384
M001023	M010057
M001023	M001578
M001023	M001756
M001023	M001909
M001023	M002297
M001023	M003937
M001023	M011033
M001023	M002483
M001023	M002573
M001023	M002696
M001023	M010646
M001023	M003615
M001023	M003702
M001023	M004155
M001023	M004496
M001023	M004686
M001023	M004863
M001023	M005367
M001023	M002127
M001023	M004324
M001023	M006241
M001023	M005486
M001023	M005816
M001023	M000606
M001023	M012263
M001023	M006105
M001023	M006482
M001023	M006561
M001023	M006609
M001023	M007174
M001023	M001498
M001023	M002033
M001023	M003821
M001023	M005090
M001023	M005527
M001023	M007348
M001023	M007578
M001023	M007943
M001023	M009209
M001023	M009620
M001023	M010822
M001023	M011389
M001023	M012236
M001023	M007852
M001023	M007787
M001023	M008202
M001023	M012480
M001023	M013102
M001023	M008091
M001023	M003415
M001023	M008253
M001023	M009481
M001023	M008700
M001023	M008834
M001023	M002951
M001023	M009098
M001023	M001353
M001023	M007224
M001023	M007386
M001023	M010606
M001023	M009696
M001023	M001057
M001023	M011864
M001023	M009758
M001023	M009990
M001023	M000123
M001023	M010307
M001023	M010443
M001023	M010739
M001023	M004604
M001023	M004917
M001023	M011118
M001023	M003268
M001023	M005946
M001023	M008315
M001023	M011663
M001023	M012666
M001023	M011160
M001023	M012049
M001023	M011522
M001023	M011546
M001023	M012696
M001023	M012879
M001027	M001027
M001027	M013409
M001028	M001028
M001028	M012073
M001042	M001042
M001042	M005663
M001042	M012218
M001042	M000097
M001042	M007271
M001042	M000595
M001042	M000847
M001042	M000952
M001042	M011872
M001042	M002186
M001042	M002255
M001042	M002323
M001042	M002433
M001042	M002923
M001042	M003196
M001042	M008544
M001042	M003641
M001042	M003680
M001042	M003817
M001042	M001964
M001042	M004371
M001042	M004459
M001042	M007223
M001042	M007419
M001042	M008021
M001042	M004778
M001042	M004557
M001042	M004948
M001042	M005175
M001042	M006253
M001042	M005013
M001042	M005449
M001042	M005761
M001042	M012317
M001042	M006288
M001042	M009230
M001042	M006445
M001042	M006422
M001042	M010554
M001042	M010767
M001042	M006879
M001042	M007302
M001042	M007697
M001042	M006603
M001042	M007871
M001042	M011749
M001042	M008204
M001042	M005573
M001042	M007562
M001042	M008233
M001042	M008360
M001042	M008744
M001042	M008992
M001042	M009597
M001042	M012416
M001042	M012974
M001042	M013126
M001042	M008613
M001042	M000680
M001042	M008930
M001042	M009159
M001042	M009317
M001042	M009629
M001042	M009655
M001042	M009721
M001042	M001322
M001042	M012860
M001042	M009958
M001042	M010089
M001042	M011246
M001042	M010327
M001042	M010227
M001042	M010430
M001042	M010801
M001042	M011065
M001042	M002786
M001042	M003995
M001042	M011156
M001042	M011284
M001042	M001435
M001042	M011417
M001042	M003341
M001042	M012571
M001042	M010927
M001042	M012629
M001042	M012664
M001042	M009859
M001042	M012709
M001042	M001671
M001042	M008132
M001099	M001099
M001100	M001100
M001100	M012338
M001100	M000722
M001100	M002270
M001100	M004216
M001100	M007044
M001100	M011928
M001100	M009809
M001100	M011820
M001100	M000872
M001100	M010306
M002003	M002003
M002012	M002012
M002021	M002021
M002053	M002053
M002071	M002071
M002071	M001259
M002077	M002077
M002401	M002401
M002409	M002409
M002412	M002412
M002412	M003881
M002412	M006864
M002457	M002457
M002500	M002500
M002823	M002823
M002823	M001310
M002845	M002845
M002845	M000687
M002853	M002853
M002853	M000007
M002853	M000156
M002853	M000274
M002853	M000469
M002853	M000820
M002853	M000860
M002853	M001041
M002853	M001224
M002853	M001430
M002853	M001970
M002853	M002182
M002853	M002215
M002853	M002637
M002853	M004360
M002853	M004622
M002853	M004670
M002853	M004832
M002853	M004982
M002853	M005145
M002853	M005332
M002853	M005428
M002853	M005645
M002853	M005820
M002853	M006180
M002853	M006252
M002853	M006438
M002853	M006566
M002853	M006730
M002853	M006947
M002853	M007034
M002853	M007082
M002853	M007282
M002853	M007355
M002853	M007765
M002853	M007862
M002853	M007945
M002853	M008251
M002853	M009172
M002853	M009250
M002853	M009521
M002853	M009975
M002853	M010078
M002853	M010174
M002853	M010320
M002853	M010426
M002853	M010573
M002853	M010768
M002853	M010790
M002853	M011241
M002853	M011309
M002853	M011396
M002853	M011738
M002853	M011927
M002853	M012291
M002853	M012340
M002853	M012439
M002853	M013141
M002853	M013708
M002853	M015154
M002853	M015344
M002853	M016894
M002853	M000355
M002853	M000478
M002853	M000051
M002853	M000726
M002853	M001008
M002853	M002366
M002853	M008540
M002853	M008917
M002853	M012906
M002853	M000566
M002853	M001230
M002853	M005091
M002853	M012497
M002853	M001526
M002853	M001744
M002853	M000645
M002853	M008075
M002853	M001917
M002853	M010294
M002853	M011482
M002853	M011585
M002853	M002458
M002853	M003526
M002853	M003155
M002853	M003261
M002853	M009309
M002853	M003454
M002853	M003459
M002853	M017951
M002853	M003667
M002853	M004165
M002853	M005608
M002853	M006064
M002853	M000323
M002853	M003917
M002853	M009060
M002853	M010995
M002853	M018205
M002853	M007010
M002853	M009828
M002853	M007409
M002853	M002948
M002853	M004477
M002853	M013000
M002853	M007559
M002853	M008266
M002853	M008679
M002853	M003823
M002853	M011326
M002853	M010906
M002853	M013702
M002853	M017442
M002853	M012134
M002853	M012781
M002853	M014562
M002853	M014738
M002853	M016563
M002853	M004117
M002853	M014800
M002853	M016500
M002853	M017836
M002853	M006690
M002853	M017980
M002853	M001239
M002853	M018256
M002872	M002872
M002872	M011339
M002877	M002877
M002877	M007382
M002879	M002879
M002879	M002015
M002891	M002891
M002898	M002898
M002898	M000068
M002898	M002808
M002898	M003030
M002898	M003314
M002898	M004275
M002898	M004398
M002898	M006899
M002898	M007036
M002898	M010132
M002898	M014561
M002898	M012569
M002898	M009511
M002898	M012630
M002898	M000447
M002898	M009020
M002898	M010019
M002898	M011236
M002898	M011357
M002899	M002899
M002899	M000131
M002899	M002501
M002899	M003800
M002899	M006218
M002899	M008492
M002899	M009539
M002899	M001109
M002899	M005344
M002899	M006276
M002899	M007453
M002899	M008704
M002899	M011013
M002899	M003949
M002900	M002900
M003627	M003627
M003627	M000212
M003627	M000332
M003627	M000654
M003627	M001504
M003627	M003107
M003627	M003333
M003627	M006052
M003627	M007611
M003627	M008497
M003627	M008729
M003627	M009334
M003627	M010037
M003627	M012748
M003636	M003636
M003637	M003637
M003637	M002465
M003637	M003006
M003637	M003728
M003637	M013014
M003637	M001349
M003637	M009753
M003675	M003675
M003677	M003677
M003677	M003051
M003677	M002801
M004012	M004012
M004012	M011074
M004012	M000067
M004012	M000280
M004012	M001050
M004012	M001209
M004012	M002089
M004012	M002007
M004012	M007772
M004012	M002419
M004012	M002761
M004012	M002980
M004012	M003095
M004012	M003165
M004012	M008555
M004012	M003275
M004012	M011123
M004012	M013096
M004012	M003547
M004012	M003662
M004012	M003796
M004012	M012942
M004012	M004237
M004012	M004341
M004012	M004453
M004012	M004534
M004012	M004965
M004012	M004674
M004012	M002635
M004012	M004817
M004012	M005185
M004012	M005315
M004012	M005478
M004012	M005627
M004012	M012124
M004012	M005810
M004012	M005866
M004012	M006182
M004012	M006265
M004012	M006476
M004012	M006516
M004012	M006649
M004012	M006733
M004012	M008019
M004012	M006875
M004012	M007058
M004012	M007193
M004012	M007322
M004012	M007437
M004012	M007569
M004012	M008218
M004012	M008229
M004012	M010067
M004012	M011225
M004012	M008441
M004012	M008767
M004012	M009488
M004012	M009017
M004012	M009084
M004012	M009271
M004012	M009398
M004012	M009562
M004012	M009670
M004012	M009861
M004012	M009913
M004012	M001001
M004012	M010228
M004012	M010473
M004012	M010819
M004012	M011324
M004012	M011703
M004012	M011457
M004012	M012181
M004012	M012251
M004012	M012380
M004012	M012876
M004014	M004014
M004014	M011069
M004014	M002268
M004014	M004222
M004014	M000781
M004014	M000941
M004014	M001097
M004014	M001564
M004014	M001656
M004014	M001877
M004014	M006070
M004014	M008152
M004014	M009781
M004014	M010613
M004014	M011790
M004014	M011886
M004014	M015482
M004014	M008635
M004014	M001762
M004014	M002331
M004014	M011587
M004014	M012048
M004014	M012680
M004014	M010264
M004014	M000183
M004014	M000360
M004014	M000717
M004014	M001229
M004014	M001363
M004014	M004096
M004014	M007013
M004014	M007845
M004014	M010299
M004014	M013411
M004014	M010952
M004014	M014151
M004014	M016973
M004014	M014556
M004014	M000492
M004014	M001216
M004014	M011332
M004014	M014997
M004026	M004026
M004030	M004030
M004031	M004031
M004031	M004082
M004031	M012332
M004034	M004034
M004034	M002357
M004046	M004046
M004046	M000694
M004046	M007634
M004049	M004049
M004050	M004050
M004050	M004974
M004050	M012692
M004052	M004052
M004060	M004060
M004061	M004061
M004061	M017062
M004064	M004064
M004065	M004065
M004069	M004069
M004078	M004078
M004080	M004080
M004080	M013329
M004080	M014039
M004081	M004081
M004090	M004090
M004090	M000341
M004090	M012699
M004090	M002280
M004090	M011913
M004090	M000744
M004091	M004091
M004091	M008111
M004091	M008424
M004093	M004093
M004093	M007369
M004093	M011334
M004097	M004097
M004097	M011338
M004097	M000767
M004097	M011848
M004097	M001358
M004097	M001690
M004097	M000305
M004097	M001872
M004097	M003758
M004097	M004173
M004097	M008072
M004097	M012762
M004097	M006024
M004097	M008655
M004097	M010546
M004097	M011619
M004097	M009858
M004097	M011985
M004100	M004100
M004100	M001546
M004100	M003438
M004100	M003521
M004100	M004179
M004100	M004384
M004100	M011363
M004100	M004855
M004100	M005043
M004100	M005246
M004100	M005870
M004100	M002669
M004100	M005993
M004100	M012771
M004100	M006186
M004100	M007233
M004100	M007597
M004100	M001416
M004100	M002025
M004100	M003780
M004100	M008261
M004100	M008687
M004100	M009538
M004100	M010024
M004100	M007658
M004100	M007713
M004100	M008506
M004100	M008472
M004100	M009333
M004100	M011736
M004100	M013051
M004100	M009838
M004100	M001098
M004100	M011026
M004100	M010372
M004100	M010634
M004100	M003691
M004100	M005835
M004100	M010877
M004100	M011523
M004100	M008608
M004100	M011618
M004100	M012019
M004100	M012255
M004100	M012397
M004100	M008018
M004100	M012535
M004100	M012620
M004100	M012828
M005401	M005401
M005405	M005405
M005405	M000556
M005405	M001112
M005405	M001165
M005405	M002716
M005405	M003079
M005405	M009224
M005405	M010770
M005405	M011071
M005405	M015025
M005405	M001525
M005405	M002561
M005405	M005665
M005405	M005227
M005405	M006517
M005405	M008659
M005405	M012022
M005405	M015272
M005405	M015610
M005405	M012702
M005405	M015380
M005405	M016611
M005420	M005420
M005450	M005450
M005450	M002125
M005450	M004561
M005450	M004684
M005450	M004942
M005450	M006255
M005450	M007048
M005450	M012870
M005450	M012967
M005450	M002337
M005450	M004349
M005450	M005869
M005450	M009651
M005450	M010455
M005450	M009727
M005459	M005459
M005466	M005466
M005466	M015308
M005826	M005826
M005867	M005867
M005867	M005965
M005873	M005873
M005881	M005881
M005881	M000120
M005881	M001162
M005881	M002130
M005881	M009287
M005881	M002430
M005881	M011762
M005881	M002615
M005881	M002910
M005881	M002038
M005881	M011657
M005881	M003209
M005881	M004363
M005881	M004507
M005881	M004693
M005881	M005438
M005881	M006521
M005881	M006625
M005881	M006943
M005881	M007045
M005881	M005267
M005881	M007132
M005881	M007573
M005881	M007730
M005881	M007904
M005881	M006827
M005881	M008566
M005881	M008702
M005881	M009114
M005881	M009483
M005881	M008249
M005881	M008369
M005881	M010209
M005881	M010818
M005881	M012399
M005881	M012566
M005881	M013066
M006633	M006633
M006635	M006635
M006635	M000102
M006635	M000262
M006635	M001002
M006635	M001462
M006635	M002014
M006635	M002136
M006635	M002442
M006635	M002665
M006635	M002846
M006635	M003113
M006635	M003206
M006635	M003318
M006635	M003523
M006635	M003833
M006635	M004458
M006635	M004713
M006635	M004789
M006635	M005104
M006635	M005156
M006635	M005569
M006635	M005695
M006635	M005766
M006635	M006215
M006635	M006293
M006635	M006428
M006635	M006512
M006635	M006774
M006635	M006926
M006635	M007338
M006635	M007388
M006635	M007748
M006635	M007902
M006635	M008197
M006635	M008289
M006635	M008336
M006635	M008509
M006635	M008709
M006635	M008920
M006635	M008991
M006635	M009119
M006635	M009336
M006635	M009443
M006635	M009524
M006635	M009929
M006635	M010023
M006635	M010333
M006635	M010636
M006635	M011111
M006635	M011201
M006635	M011253
M006635	M011402
M006635	M011748
M006635	M012243
M006635	M012383
M006635	M012834
M006635	M013026
M006635	M013042
M006635	M001119
M006635	M000161
M006635	M001182
M006635	M002148
M006635	M002613
M006635	M003147
M006635	M003370
M006635	M004355
M006635	M004788
M006635	M005249
M006635	M005392
M006635	M006225
M006635	M006299
M006635	M006359
M006635	M006821
M006635	M007243
M006635	M007346
M006635	M007422
M006635	M007914
M006635	M009133
M006635	M009353
M006635	M010747
M006635	M012068
M006635	M012835
M006635	M001316
M006635	M001516
M006635	M001804
M006635	M001718
M006635	M001882
M006635	M001923
M006635	M002253
M006635	M002580
M006635	M002727
M006635	M002817
M006635	M002966
M006635	M003090
M006635	M003981
M006635	M011025
M006635	M011823
M006635	M004094
M006635	M004177
M006635	M007640
M006635	M008728
M006635	M004473
M006635	M004549
M006635	M004999
M006635	M004559
M006635	M005119
M006635	M005556
M006635	M000213
M006635	M005987
M006635	M010653
M006635	M011378
M006635	M011721
M006635	M012456
M006635	M012923
M006635	M013105
M006635	M005770
M006635	M006035
M006635	M003409
M006635	M008080
M006635	M012756
M006635	M006630
M006635	M011271
M006635	M006967
M006635	M000629
M006635	M001030
M006635	M002450
M006635	M003609
M006635	M003736
M006635	M009199
M006635	M009896
M006635	M010126
M006635	M010390
M006635	M007255
M006635	M007265
M006635	M007625
M006635	M007834
M006635	M007939
M006635	M008098
M006635	M008377
M006635	M000008
M006635	M007789
M006635	M008255
M006635	M009480
M006635	M010022
M006635	M008562
M006635	M009233
M006635	M001090
M006635	M003727
M006635	M004385
M006635	M004898
M006635	M005293
M006635	M005457
M006635	M007104
M006635	M008634
M006635	M010150
M006635	M010784
M006635	M011588
M006635	M012070
M006635	M009618
M006635	M002070
M006635	M003859
M006635	M009021
M006635	M011178
M006635	M011340
M006635	M009843
M006635	M011981
M006635	M000815
M006635	M004212
M006635	M012322
M006635	M012613
M006635	M012650
M006635	M012514
M006659	M006659
M006672	M006672
M006672	M000209
M006672	M001395
M006672	M002461
M006672	M007702
M006672	M008305
M006672	M009453
M006672	M010071
M006672	M001448
M006672	M003200
M006672	M007995
M006672	M008484
M006672	M008770
M006672	M009638
M006672	M011131
M006672	M011310
M006672	M011705
M006672	M012464
M006672	M012605
M006672	M002017
M006672	M000440
M006672	M008527
M006672	M009403
M006672	M011353
M006672	M003570
M006672	M002999
M006672	M003738
M006672	M003883
M006672	M002926
M006672	M003343
M006672	M008892
M006672	M007547
M006672	M008999
M006672	M012940
M006672	M005612
M006678	M006678
M006682	M006682
M006695	M006695
M006697	M006697
M007706	M007706
M007706	M016594
M007755	M007755
M007756	M007756
M007758	M007758
M007758	M011308
M007766	M007766
M007773	M007773
M007777	M007777
M007784	M007784
M008102	M008102
M008109	M008109
M008126	M008126
M008140	M008140
M008140	M001853
M008140	M011560
M008146	M008146
M008190	M008190
M008190	M005773
M008190	M010510
M008190	M013457
M008190	M003525
M008190	M014426
M008191	M008191
M008194	M008194
M008712	M008712
M008733	M008733
M008746	M008746
M008746	M011200
M008768	M008768
M008768	M001776
M008777	M008777
M008777	M010308
M008789	M008789
M008789	M000786
M008789	M000920
M008789	M011849
M008789	M001004
M008789	M003118
M008789	M003212
M008789	M003327
M008789	M013203
M008789	M001082
M008789	M001957
M008789	M002137
M008789	M006617
M008789	M002833
M008789	M000169
M008789	M006974
M008789	M007137
M008789	M016978
M008789	M003873
M008789	M004867
M008789	M004921
M008789	M005300
M008789	M007469
M008789	M006193
M008789	M009205
M008789	M017139
M008789	M008433
M008789	M012481
M008789	M013111
M008789	M015709
M008789	M009927
M008789	M010393
M008789	M012349
M008789	M016909
M008789	M014033
M008789	M014353
M008789	M014966
M008789	M015788
M008789	M016050
M008789	M017037
M008789	M003375
M008789	M017311
M008800	M008800
M009208	M009208
M009208	M003622
M009208	M006378
M009208	M006750
M009208	M012792
M009208	M000588
M009222	M009222
M009222	M000101
M009222	M010213
M009222	M000527
M009222	M000988
M009222	M002064
M009222	M002188
M009222	M003016
M009222	M004277
M009222	M005481
M009222	M007514
M009222	M002508
M009222	M000463
M009222	M002753
M009222	M002719
M009222	M003240
M009222	M003359
M009222	M011740
M009222	M003707
M009222	M007619
M009222	M009730
M009222	M003818
M009222	M012461
M009222	M013001
M009222	M003989
M009222	M010968
M009222	M004465
M009222	M008040
M009222	M004671
M009222	M004880
M009222	M006373
M009222	M005014
M009222	M005149
M009222	M004621
M009222	M004955
M009222	M005345
M009222	M005541
M009222	M005893
M009222	M006177
M009222	M006213
M009222	M003626
M009222	M006399
M009222	M006781
M009222	M006923
M009222	M007087
M009222	M007241
M009222	M007294
M009222	M007319
M009222	M007687
M009222	M001450
M009222	M006621
M009222	M007996
M009222	M013145
M009222	M008227
M009222	M009449
M009222	M010109
M009222	M011191
M009222	M008269
M009222	M008714
M009222	M008921
M009222	M009001
M009222	M000251
M009222	M009161
M009222	M009544
M009222	M009992
M009222	M010341
M009222	M005878
M009222	M010292
M009222	M010495
M009222	M012086
M009222	M010742
M009222	M005700
M009222	M010797
M009222	M010838
M009222	M011140
M009222	M009359
M009222	M011312
M009222	M011395
M009222	M012500
M009222	M012830
M009247	M009247
M009256	M009256
M009256	M000235
M009256	M001372
M009256	M005557
M009256	M008320
M009256	M010082
M009256	M016948
M009256	M017416
M009256	M000655
M009256	M000792
M009256	M001552
M009256	M001978
M009256	M002384
M009256	M002616
M009256	M002888
M009256	M002990
M009256	M007964
M009256	M003404
M009256	M004470
M009256	M004719
M009256	M006164
M009256	M004906
M009256	M004593
M009256	M005076
M009256	M010248
M009256	M006251
M009256	M006473
M009256	M006523
M009256	M001698
M009256	M006935
M009256	M001184
M009256	M010196
M009256	M007235
M009256	M007684
M009256	M007816
M009256	M007992
M009256	M016951
M009256	M008099
M009256	M008294
M009256	M009476
M009256	M012468
M009256	M013076
M009256	M008694
M009256	M008948
M009256	M006642
M009256	M009110
M009256	M009851
M009256	M010253
M009256	M010828
M009256	M011042
M009256	M011529
M009256	M011629
M009256	M012053
M009256	M012563
M009256	M012754
M009256	M012985
M009256	M013511
M009256	M002485
M009256	M014108
M009256	M014673
M009263	M009263
M009264	M009264
M009272	M009272
M009273	M009273
M009280	M009280
M009282	M009282
M009282	M000896
M009282	M001284
M009282	M004657
M009282	M004856
M009282	M009763
M009284	M009284
M009284	M000173
M009284	M004611
M009284	M005980
M009284	M009897
M009284	M010682
M009284	M016026
M009284	M016685
M009288	M009288
M009288	M013972
M009295	M009295
M009295	M000111
M009295	M002818
M009295	M005102
M009295	M006980
M009295	M007182
M009295	M008022
M009295	M009152
M009295	M009915
M009295	M010230
M009298	M009298
M010239	M010239
M010239	M004415
M010239	M005910
M010239	M007192
M010239	M002617
M010239	M007316
M010239	M009948
M010239	M007954
M010239	M003744
M010239	M005151
M010239	M010694
M010239	M011063
M010257	M010257
M010257	M006858
M010257	M007808
M010258	M010258
M010258	M015221
M010258	M015453
M010259	M010259
M010259	M000070
M010259	M001260
M010259	M002132
M010259	M002638
M010259	M002854
M010259	M003964
M010259	M004376
M010259	M004480
M010259	M005635
M010259	M005886
M010259	M005907
M010259	M006469
M010259	M007189
M010259	M008680
M010259	M009516
M010259	M009964
M010259	M010129
M010259	M010249
M010259	M010796
M010260	M010260
M010261	M010261
M010261	M000695
M010261	M001579
M010261	M003435
M010261	M001046
M010261	M001208
M010261	M001606
M010261	M002822
M010261	M003927
M010261	M005079
M010261	M005790
M010261	M006891
M010261	M007176
M010261	M009649
M010261	M010781
M010261	M011004
M010261	M012297
M010261	M013980
M010261	M011634
M010270	M010270
M010271	M010271
M010271	M003381
M010271	M010930
M010275	M010275
M010275	M000482
M010275	M000768
M010275	M000901
M010275	M004058
M010275	M010300
M010275	M010476
M010275	M011764
M010275	M011953
M010275	M012663
M010276	M010276
M011021	M011021
M011040	M011040
M011040	M000604
M011040	M001009
M011040	M001115
M011040	M001169
M011040	M001445
M011040	M001524
M011040	M001687
M011040	M002219
M011040	M002509
M011040	M003124
M011040	M004204
M011040	M004663
M011040	M005427
M011040	M005622
M011040	M006062
M011040	M006191
M011040	M006602
M011040	M007407
M011040	M008459
M011040	M008665
M011040	M008914
M011040	M009062
M011040	M010498
M011040	M010593
M011040	M011134
M011040	M011297
M011040	M011510
M011040	M011562
M011040	M013002
M011040	M016475
M011057	M011057
M011061	M011061
M011061	M000078
M011061	M003922
M011061	M005591
M011061	M006700
M011061	M007716
M011061	M008879
M011061	M009308
M011061	M009583
M011061	M013011
M011061	M001362
M011061	M001615
M011061	M001854
M011061	M006106
M011061	M008666
M011061	M011551
M011061	M011994
M011061	M002247
M011061	M002329
M011061	M002839
M011061	M007248
M011061	M003063
M011061	M003218
M011061	M003351
M011061	M005029
M011061	M005374
M011061	M004481
M011061	M006439
M011061	M006871
M011061	M006495
M011061	M007029
M011061	M007490
M011061	M007821
M011061	M000026
M011061	M008078
M011061	M008757
M011061	M008960
M011061	M009960
M011061	M009246
M011061	M010266
M011061	M011335
M011066	M011066
M011066	M005452
M011066	M007875
M011066	M011287
M011066	M008601
M011066	M010654
M011066	M012429
M011083	M011083
M011092	M011092
M011092	M000882
M011092	M011860
M011092	M001126
M011092	M001254
M011092	M006136
M011092	M002726
M011092	M004004
M011092	M010977
M011092	M004739
M011092	M008406
M011093	M011093
M011097	M011097
M011816	M011816
M011816	M002304
M011834	M011834
M011834	M000880
M011834	M000966
M011846	M011846
M011846	M000783
M011846	M004588
M011846	M002703
M011846	M009931
M011846	M010162
M011846	M005097
M011846	M007341
M011846	M008401
M011868	M011868
M011887	M011887
M011887	M000790
M011887	M000033
M011887	M001334
M011887	M008066
M012501	M012501
M012501	M012637
M012502	M012502
M012507	M012507
M012509	M012509
M012509	M006381
M012513	M012513
M012513	M008379
M012513	M000263
M012513	M000541
M012513	M001072
M012513	M004391
M012513	M005768
M012513	M005950
M012513	M006147
M012513	M007552
M012513	M010632
M012513	M011264
M012513	M012153
M012513	M012320
M012513	M012382
M012513	M012897
M012513	M003510
M012513	M002022
M012513	M002181
M012513	M002455
M012513	M002914
M012513	M008580
M012513	M004134
M012513	M000344
M012513	M003566
M012513	M005648
M012513	M007953
M012513	M009612
M012513	M011734
M012513	M012198
M012513	M004767
M012513	M002643
M012513	M004793
M012513	M005210
M012513	M005474
M012513	M007215
M012513	M007513
M012513	M010154
M012513	M010888
M012513	M006835
M012513	M009150
M012513	M007893
M012513	M010027
M012513	M011238
M012513	M010590
M012513	M000406
M012529	M012529
M012529	M004655
M012529	M007420
M012530	M012530
M012539	M012539
M012539	M010932
M012539	M000603
M012539	M004700
M012539	M006624
M012539	M007567
M012539	M008695
M012539	M012733
M012539	M000773
M012539	M001947
M012539	M000318
M012539	M001792
M012539	M009409
M012539	M011474
M012539	M012020
M012539	M014981
M012539	M015577
M012539	M002146
M012539	M002267
M012539	M002706
M012539	M000117
M012539	M000290
M012539	M001059
M012539	M001465
M012539	M002420
M012539	M002780
M012539	M002946
M012539	M003674
M012539	M004490
M012539	M006913
M012539	M008172
M012539	M008280
M012539	M008370
M012539	M008572
M012539	M009240
M012539	M009484
M012539	M009985
M012539	M010063
M012539	M011228
M012539	M011695
M012539	M012110
M012539	M012237
M012539	M012387
M012539	M012805
M012539	M013041
M012539	M013423
M012539	M013490
M012539	M015699
M012539	M004085
M012539	M004335
M012539	M004600
M012539	M004891
M012539	M004851
M012539	M005373
M012539	M004169
M012539	M005148
M012539	M005431
M012539	M005517
M012539	M006041
M012539	M007205
M012539	M009789
M012539	M010562
M012539	M011031
M012539	M006292
M012539	M007295
M012539	M007452
M012539	M007822
M012539	M001609
M012539	M006398
M012539	M006464
M012539	M007908
M012539	M008886
M012539	M011828
M012539	M012175
M012539	M012946
M012539	M008042
M012539	M001137
M012539	M017985
M012539	M010222
M012539	M003936
M012539	M010442
M012539	M000934
M012539	M003613
M012539	M005685
M012539	M006825
M012539	M009105
M012539	M011444
M012539	M001975
M012539	M003810
M012539	M009571
M012539	M011642
M012539	M010817
M012539	M011952
M012539	M011782
M012539	M005098
M012539	M010643
M012539	M012659
M012539	M006246
M012539	M013143
M012539	M007717
M012539	M017939
M012541	M012541
M012541	M000427
M012541	M000540
M012541	M001283
M012541	M001532
M012541	M005796
M012541	M010499
M012541	M002469
M012541	M011415
M012541	M002871
M012541	M002919
M012541	M000175
M012541	M000201
M012541	M001484
M012541	M001493
M012541	M002722
M012541	M003181
M012541	M003330
M012541	M003581
M012541	M003892
M012541	M006434
M012541	M007865
M012541	M008239
M012541	M008501
M012541	M009318
M012541	M009462
M012541	M011317
M012541	M011708
M012541	M012449
M012541	M014254
M012541	M017705
M012541	M003422
M012541	M012755
M012541	M003506
M012541	M004761
M012541	M003958
M012541	M007313
M012541	M009500
M012541	M010104
M012541	M010177
M012541	M011055
M012541	M011210
M012541	M005189
M012541	M005713
M012541	M005599
M012541	M005969
M012541	M001077
M012541	M012081
M012541	M012227
M012541	M006060
M012541	M001678
M012541	M001904
M012541	M006480
M012541	M001196
M012541	M010777
M012541	M006721
M012541	M006892
M012541	M007525
M012541	M004339
M012541	M004467
M012541	M004838
M012541	M004971
M012541	M005270
M012541	M005430
M012541	M006141
M012541	M006250
M012541	M007078
M012541	M012868
M012541	M013512
M012541	M007744
M012541	M009925
M012541	M008722
M012541	M008933
M012541	M002065
M012541	M002178
M012541	M009026
M012541	M009100
M012541	M009760
M012541	M010441
M012541	M010596
M012541	M010683
M012541	M013307
M012541	M014084
M012541	M014210
M012541	M014774
M012541	M016718
M012541	M016451
M012541	M016900
M012541	M001829
M012541	M008093
M012541	M008673
M012541	M012009
M012541	M017241
M012541	M000296
M012546	M012546
M012575	M012575
M012575	M001049
M012575	M002886
M012575	M003154
M012575	M003969
M012575	M004565
M012575	M004896
M012575	M005296
M012575	M005901
M012575	M007690
M012575	M007921
M012575	M008381
M012575	M008575
M012575	M009305
M012575	M009461
M012575	M009648
M012575	M010032
M012575	M010314
M012575	M010686
M012575	M010891
M012575	M012150
M012575	M012843
M012575	M012917
M012575	M001840
M012575	M002668
M012575	M000933
M012575	M011903
M012575	M003541
M012575	M000250
M012575	M000417
M012575	M000602
M012575	M001418
M012575	M001971
M012575	M002302
M012575	M002510
M012575	M002747
M012575	M003258
M012575	M003836
M012575	M004375
M012575	M004843
M012575	M005096
M012575	M005531
M012575	M006651
M012575	M006729
M012575	M006931
M012575	M007115
M012575	M007387
M012575	M008765
M012575	M009175
M012575	M009616
M012575	M009928
M012575	M010580
M012575	M011041
M012575	M011296
M012575	M011403
M012575	M012296
M012575	M012437
M012575	M013083
M012575	M013255
M012575	M014540
M012575	M015913
M012575	M003687
M012575	M001180
M012575	M002954
M012575	M005153
M012575	M005676
M012575	M010134
M012575	M006135
M012575	M000153
M012575	M000774
M012575	M007495
M012575	M006436
M012575	M006451
M012575	M007828
M012575	M008929
M012575	M009216
M012575	M010395
M012575	M015312
M012575	M004721
M012575	M005458
M012584	M012584
M012584	M000172
M012584	M000215
M012584	M000580
M012584	M000707
M012584	M000892
M012584	M011920
M012584	M000948
M012584	M001055
M012584	M001173
M012584	M001344
M012584	M001511
M012584	M001940
M012584	M002326
M012584	M002632
M012584	M002820
M012584	M003027
M012584	M003332
M012584	M003180
M012584	M003629
M012584	M004618
M012584	M004964
M012584	M003686
M012584	M003844
M012584	M003955
M012584	M011006
M012584	M004181
M012584	M004333
M012584	M002098
M012584	M004425
M012584	M004675
M012584	M004787
M012584	M004844
M012584	M008246
M012584	M009606
M012584	M005263
M012584	M005496
M012584	M005584
M012584	M005979
M012584	M005929
M012584	M012115
M012584	M012285
M012584	M006044
M012584	M006271
M012584	M002530
M012584	M006370
M012584	M006430
M012584	M008344
M012584	M006699
M012584	M007718
M012584	M006811
M012584	M006874
M012584	M007021
M012584	M007085
M012584	M007188
M012584	M007324
M012584	M007916
M012584	M001427
M012584	M003625
M012584	M008012
M012584	M008556
M012584	M008619
M012584	M011187
M012584	M011611
M012584	M012047
M012584	M008724
M012584	M001988
M012584	M013084
M012584	M008849
M012584	M009252
M012584	M009867
M012584	M009889
M012584	M010211
M012584	M010364
M012584	M010583
M012584	M010842
M012584	M010881
M012584	M011235
M012584	M011301
M012584	M012941
M012584	M011342
M012584	M011351
M012584	M011675
M012584	M008005
M012584	M012427
M012584	M011808
M012584	M011830
M012584	M000956
M012584	M012617
M012584	M012813
M012595	M012595
M012595	M005211
M012595	M005355
M012595	M006235
M012595	M006304
M012595	M007405
M012595	M000039
M012595	M000899
M012595	M001798
M012595	M001062
M012595	M010330
M012595	M001376
M012595	M002985
M012595	M007760
M012595	M008244
M012595	M009580
M012595	M010093
M012595	M001549
M012595	M002525
M012595	M002714
M012595	M003508
M012595	M003532
M012595	M003984
M012595	M010960
M012595	M004314
M012595	M004628
M012595	M004985
M012595	M006808
M012595	M006883
M012595	M004404
M012595	M004417
M012595	M002864
M012595	M004676
M012595	M005465
M012595	M006384
M012595	M007136
M012595	M004770
M012595	M010405
M012595	M005037
M012595	M006413
M012595	M006626
M012595	M007353
M012595	M007962
M012595	M008015
M012595	M008798
M012595	M008934
M012595	M002179
M012595	M007123
M012595	M010185
M012595	M009238
M012595	M009952
M012595	M009502
M012595	M003659
M012595	M007623
M012595	M008731
M012595	M008957
M012595	M010267
M012595	M010872
M012595	M010719
M012595	M011435
M012595	M000254
M012595	M000597
M012595	M012210
M012595	M012816
M012595	M011809
M012595	M012307
M012595	M000109
M012595	M005649
M012595	M005782
M012595	M009148
M012595	M012915
M012595	M001983
M012595	M002739
M012595	M003150
M012595	M003303
M012595	M003882
M012595	M005620
M012595	M008176
M012595	M008573
M012595	M009319
M012595	M011154
M012595	M011653
M012595	M012418
M012595	M013110
M013802	M013802
M013802	M013649
M013804	M013804
M013806	M013806
M013809	M013809
M013809	M000778
M013809	M011815
M013809	M000945
M013809	M002484
M013809	M002734
M013809	M003094
M013809	M016044
M013809	M017677
M013809	M008201
M013809	M012950
M013809	M010402
M013809	M016238
M013809	M010627
M013809	M010924
M013809	M012490
M013809	M012631
M013809	M013310
M013809	M013777
M013809	M014088
M013809	M015815
M013809	M017020
M013809	M017240
M013809	M017805
M013809	M014000
M013809	M015411
M013809	M015639
M013809	M016288
M013809	M017082
M013809	M017529
M013809	M017543
M013810	M013810
M013814	M013814
M013824	M013824
M013824	M016533
M013824	M006492
M013824	M009589
M013824	M014883
M013824	M015043
M013824	M015504
M013824	M016226
M013825	M013825
M013825	M015331
M013825	M016001
M013825	M016797
M013825	M016928
M013825	M007739
M013825	M007920
M013825	M009565
M013825	M009598
M013825	M010097
M013825	M010862
M013825	M010943
M013825	M013281
M013825	M013416
M013825	M013435
M013825	M013463
M013825	M013542
M013825	M013756
M013825	M013779
M013825	M013871
M013825	M014096
M013825	M014124
M013825	M014259
M013825	M014368
M013825	M014788
M013825	M014862
M013825	M014982
M013825	M015242
M013825	M015569
M013825	M015747
M013825	M016105
M013825	M016372
M013825	M016428
M013825	M016730
M013825	M016955
M013825	M016980
M013825	M017042
M013825	M017342
M013825	M017641
M013825	M017675
M013825	M017704
M013825	M018266
M013826	M013826
M013832	M013832
M013833	M013833
M013834	M013834
M013834	M017147
M013846	M013846
M013846	M006272
M013846	M018007
M013846	M017736
M013848	M013848
M013849	M013849
M013850	M013850
M013851	M013851
M013860	M013860
M013860	M000958
M013860	M014256
M013860	M014676
M013860	M014905
M013860	M015169
M013860	M015507
M013860	M015548
M013860	M015821
M013860	M016127
M013860	M016263
M013860	M016441
M013860	M017004
M013860	M017600
M013860	M017862
M013870	M013870
M013870	M017574
M013879	M013879
M013880	M013880
M013881	M013881
M013886	M013886
M013888	M013888
M013888	M013190
M013888	M014470
M013888	M015742
M013888	M016770
M013888	M016813
M013888	M016880
M013888	M017248
M013888	M017640
M013888	M001499
M013888	M000509
M013888	M001682
M013888	M001951
M013888	M002317
M013888	M004009
M013888	M007809
M013888	M008139
M013888	M010620
M013888	M011067
M013888	M012747
M013888	M015981
M013888	M017058
M013888	M018069
M013888	M013982
M013888	M015833
M013888	M014779
M013888	M016110
M013888	M017247
M013888	M000351
M013888	M000704
M013888	M002608
M013888	M013268
M013888	M013417
M013888	M014347
M013888	M014395
M013888	M014759
M013888	M015109
M013888	M015419
M013888	M015608
M013888	M015971
M013888	M016641
M013888	M016765
M013888	M017485
M013888	M017839
M013888	M018247
M013891	M013891
M013891	M018072
M013891	M015484
M014605	M014605
M014605	M005882
M014605	M005625
M014605	M005872
M014605	M012204
M014605	M013198
M014605	M000479
M014605	M000497
M014605	M013262
M014605	M016021
M014605	M016280
M014605	M016554
M014605	M016934
M014605	M017029
M014605	M017061
M014605	M014269
M014608	M014608
M014608	M001337
M014608	M001692
M014608	M001800
M014608	M000331
M014608	M000600
M014608	M010305
M014608	M001248
M014608	M000485
M014608	M005729
M014608	M007825
M014608	M008254
M014608	M008772
M014608	M009700
M014608	M009724
M014608	M010055
M014608	M011447
M014608	M011690
M014608	M012355
M014608	M012386
M014608	M012633
M014608	M013875
M014608	M015590
M014608	M017237
M014608	M001571
M014608	M002410
M014608	M002610
M014608	M002720
M014608	M000099
M014608	M000279
M014608	M000382
M014608	M000720
M014608	M000817
M014608	M000838
M014608	M001158
M014608	M001459
M014608	M002037
M014608	M002291
M014608	M002427
M014608	M002783
M014608	M003010
M014608	M003117
M014608	M003208
M014608	M003320
M014608	M003392
M014608	M003600
M014608	M003867
M014608	M003933
M014608	M004488
M014608	M004601
M014608	M004679
M014608	M004915
M014608	M005035
M014608	M005150
M014608	M005370
M014608	M005491
M014608	M005857
M014608	M005913
M014608	M006112
M014608	M006340
M014608	M006487
M014608	M006559
M014608	M006790
M014608	M006938
M014608	M007076
M014608	M007258
M014608	M007289
M014608	M007359
M014608	M007571
M014608	M007785
M014608	M009051
M014608	M009188
M014608	M009482
M014608	M009564
M014608	M009994
M014608	M010119
M014608	M010357
M014608	M010651
M014608	M010740
M014608	M010925
M014608	M011028
M014608	M011250
M014608	M011884
M014608	M012108
M014608	M012238
M014608	M012262
M014608	M012883
M014608	M003644
M014608	M004106
M014608	M006863
M014608	M009824
M014608	M004241
M014608	M008106
M014608	M004310
M014608	M008911
M014608	M013049
M014608	M004861
M014608	M003743
M014608	M006071
M014608	M001849
M014608	M007430
M014608	M010527
M014608	M008207
M014608	M012591
M014608	M012937
M014608	M013138
M014608	M008437
M014608	M008523
M014608	M011520
M014608	M011612
M014608	M012004
M014608	M012757
M014608	M013666
M014608	M015252
M014619	M014619
M014622	M014622
M014622	M000965
M014622	M000878
M014622	M005412
M014622	M011891
M014622	M014004
M014622	M005032
M014622	M006652
M014622	M008323
M014622	M010003
M014622	M011300
M014622	M012428
M014622	M015198
M014622	M008877
M014622	M013290
M014622	M013571
M014622	M013896
M014622	M016107
M014622	M016979
M014622	M017587
M014622	M017946
M014622	M013641
M014622	M013887
M014622	M014602
M014622	M014345
M014622	M015458
M014622	M017456
M014622	M014625
M014622	M007014
M014622	M016535
M014622	M014644
M014622	M013173
M014622	M013788
M014622	M014425
M014622	M014650
M014622	M015565
M014622	M016048
M014622	M016206
M014622	M016642
M014622	M017564
M014622	M017979
M014622	M015053
M014622	M015113
M014622	M015510
M014622	M015181
M014622	M016443
M014622	M018269
M014622	M015515
M014622	M015952
M014622	M016575
M014622	M016606
M014622	M015209
M014622	M015676
M014622	M016876
M014622	M017056
M014622	M017102
M014622	M017462
M014622	M017567
M014622	M014237
M014622	M017075
M014634	M014634
M014635	M014635
M014635	M016382
M014635	M018132
M014645	M014645
M014653	M014653
M014654	M014654
M014656	M014656
M014666	M014666
M014666	M014964
M014682	M014682
M014687	M014687
M014689	M014689
M014689	M013611
M014689	M016658
M014690	M014690
M014691	M014691
M014691	M017367
M014699	M014699
M014699	M001249
M014699	M013835
M014699	M015210
M015401	M015401
M015405	M015405
M015405	M017848
M015408	M015408
M015408	M014649
M015409	M015409
M015409	M015349
M015433	M015433
M015433	M014092
M015433	M016513
M015433	M009656
M015433	M012872
M015433	M013893
M015433	M013533
M015433	M013720
M015433	M015278
M015433	M016636
M015433	M016810
M015433	M017781
M015433	M018066
M015433	M015412
M015433	M013892
M015433	M016031
M015434	M015434
M015434	M016551
M015447	M015447
M015452	M015452
M015478	M015478
M015480	M015480
M016106	M016106
M016122	M016122
M016123	M016123
M016123	M014881
M016123	M016236
M016125	M016125
M016125	M014550
M016125	M015225
M016125	M016296
M016125	M016981
M016139	M016139
M016140	M016140
M016140	M007757
M016143	M016143
M016143	M013368
M016143	M014495
M016143	M014069
M016143	M014374
M016143	M015321
M016143	M015571
M016143	M016291
M016143	M016747
M016143	M017071
M016144	M016144
M016144	M008325
M016144	M013232
M016144	M013199
M016144	M016408
M016144	M016459
M016144	M016562
M016144	M016578
M016144	M016313
M016144	M014475
M016144	M015049
M016156	M016156
M016157	M016157
M016157	M014071
M016161	M016161
M016173	M016173
M016174	M016174
M016200	M016200
M016200	M001281
M016200	M007915
M016200	M015193
M016200	M015509
M016415	M016415
M016420	M016420
M016423	M016423
M016426	M016426
M016430	M016430
M016430	M013530
M016433	M016433
M016433	M013388
M016433	M015141
M016433	M015263
M016433	M015899
M016433	M017797
M016433	M014401
M016446	M016446
M016449	M016449
M016449	M016789
M016462	M016462
M016465	M016465
M016465	M001227
M016465	M002192
M016465	M007654
M016465	M013807
M016465	M014337
M016465	M014647
M016465	M014684
M016465	M015152
M016465	M015550
M016465	M016356
M016465	M016779
M016465	M016819
M016465	M017055
M016465	M017152
M016465	M017251
M016465	M017427
M016465	M002740
M016465	M003319
M016465	M008533
M016465	M012176
M016465	M013124
M016465	M004563
M016465	M004941
M016465	M006269
M016465	M006285
M016465	M007793
M016465	M015420
M016465	M015543
M016467	M016467
M016468	M016468
M016470	M016470
M016485	M016485
M016486	M016486
M016486	M014491
M016486	M018043
M016492	M016492
M016496	M016496
M017002	M017002
M017007	M017007
M017010	M017010
M017010	M014015
M017010	M017370
M017010	M017406
M017010	M018188
M017011	M017011
M017011	M015598
M017011	M000618
M017011	M014291
M017011	M016138
M017013	M017013
M017013	M017316
M017014	M017014
M017014	M014340
M017030	M017030
M017034	M017034
M017046	M017046
M017052	M017052
M017052	M014147
M017052	M014497
M017065	M017065
M017068	M017068
M017073	M017073
M017074	M017074
M017074	M010438
M017074	M013517
M017074	M014042
M017074	M013194
M017074	M013528
M017074	M013732
M017074	M015372
M017074	M016491
M017074	M017103
M017074	M017157
M017074	M017252
M017074	M017518
M017074	M014119
M017074	M013178
M017074	M015463
M017074	M016256
M017074	M017801
M017074	M014758
M017074	M017774
M017074	M018198
M017080	M017080
M017080	M006145
M017080	M007229
M017080	M010417
M017080	M010614
M017080	M013822
M017080	M014405
M017080	M014459
M017080	M015335
M017080	M015530
M017080	M016003
M017080	M016712
M017080	M017085
M017080	M018022
M017080	M018152
M017080	M015130
M017080	M015266
M017080	M015746
M017080	M016424
M017081	M017081
M017081	M016695
M017090	M017090
M017099	M017099
M017099	M014630
M017608	M017608
M017608	M017066
M017608	M017735
M017608	M016152
M017616	M017616
M017617	M017617
M017620	M017620
M017622	M017622
M017622	M013724
M017622	M015202
M017622	M016643
M017622	M017940
M017622	M009078
M017622	M014287
M017629	M017629
M017629	M015168
M017631	M017631
M017638	M017638
M017642	M017642
M017651	M017651
M017652	M017652
M017655	M017655
M017658	M017658
M017664	M017664
M017666	M017666
M017674	M017674
M017674	M016189
M017674	M017191
M017674	M015487
M017674	M015508
M017674	M016377
M017680	M017680
M017685	M017685
M017685	M017609
M017685	M015062
M017691	M017691
M017696	M017696
M017697	M017697
M017697	M016891
M017697	M014299
M017697	M015961
M017699	M017699
M000106	M000106
M000149	M000149
M000164	M000164
M000180	M000180
M000180	M001809
M000180	M010195
M000180	M010568
M000185	M000185
M000186	M000186
M000186	M001020
M000188	M000188
M000189	M000189
M000193	M000193
M000193	M000022
M000193	M000053
M000193	M000166
M000193	M000549
M000193	M002289
M000193	M000661
M000193	M000729
M000193	M000907
M000193	M000780
M000193	M001024
M000193	M001105
M000193	M001725
M000193	M002840
M000193	M000239
M000193	M001528
M000193	M002953
M000193	M003542
M000193	M006822
M000193	M006957
M000193	M009185
M000193	M009956
M000193	M012128
M000193	M003334
M000193	M003197
M000193	M009405
M000193	M003445
M000193	M003468
M000193	M003768
M000193	M003945
M000193	M011015
M000193	M004135
M000193	M004221
M000193	M004383
M000193	M007337
M000193	M007969
M000193	M004406
M000193	M004741
M000193	M004931
M000193	M005025
M000193	M005203
M000193	M005381
M000193	M006092
M000193	M006485
M000193	M001069
M000193	M001965
M000193	M003682
M000193	M005646
M000193	M010700
M000193	M007149
M000193	M000403
M000193	M002155
M000193	M002423
M000193	M004613
M000193	M005512
M000193	M006205
M000193	M006536
M000193	M007074
M000193	M010179
M000193	M011436
M000193	M012797
M000193	M008112
M000193	M008570
M000193	M009412
M000193	M009532
M000193	M009592
M000193	M000015
M000193	M001399
M000193	M001469
M000193	M002935
M000193	M003097
M000193	M003814
M000193	M004154
M000193	M005477
M000193	M006647
M000193	M007560
M000193	M007708
M000193	M007906
M000193	M008361
M000193	M008630
M000193	M008759
M000193	M009792
M000193	M010090
M000193	M010434
M000193	M011258
M000193	M011601
M000193	M011735
M000193	M012035
M000193	M012396
M000193	M013039
M000193	M010890
M000193	M011873
M000193	M007826
M000193	M012321
M000193	M001934
M000193	M002649
M000193	M004782
M000193	M005769
M000193	M006125
M000193	M007523
M000193	M008828
M000193	M012194
M000193	M012550
M000193	M012691
M000804	M000804
M000807	M000807
M000807	M000850
M000807	M011921
M000809	M000809
M000809	M000915
M000809	M011827
M000821	M000821
M000821	M011879
M000827	M000827
M000831	M000831
M000831	M000910
M000859	M000859
M000859	M011677
M000862	M000862
M000869	M000869
M000869	M000826
M000869	M001711
M000869	M001768
M000869	M007016
M000869	M011910
M000890	M000890
M000890	M000784
M000890	M011850
M000890	M004087
M000890	M006005
M000891	M000891
M000893	M000893
M000893	M011842
M000895	M000895
M000895	M011919
M001710	M001710
M001712	M001712
M001719	M001719
M001735	M001735
M001736	M001736
M001736	M008115
M001739	M001739
M001740	M001740
M001740	M001938
M001740	M011822
M001740	M000762
M001740	M000876
M001740	M002265
M001740	M005328
M001747	M001747
M001755	M001755
M001764	M001764
M001770	M001770
M001789	M001789
M002602	M002602
M002605	M002605
M002605	M002588
M002660	M002660
M002674	M002674
M002698	M002698
M002700	M002700
M002700	M000765
M002700	M011841
M002700	M000951
M002700	M012432
M002700	M007872
M002700	M008511
M002700	M013075
M002700	M015980
M002700	M016824
M003317	M003317
M003354	M003354
M003360	M003360
M003360	M003241
M003374	M003374
M003383	M003383
M003385	M003385
M003386	M003386
M003386	M001569
M003386	M007672
M003390	M003390
M003393	M003393
M003393	M003008
M003393	M002298
M003393	M006854
M003394	M003394
M003394	M002281
M003394	M003138
M003394	M003235
M003394	M003287
M003394	M008534
M003394	M009375
M003394	M004084
M003394	M011465
M003394	M004638
M003394	M004923
M003394	M005115
M003394	M006887
M003394	M008793
M003394	M007020
M003394	M007379
M003394	M007999
M003394	M001483
M003394	M011711
M003394	M012451
M003394	M013045
M003394	M008145
M003394	M009550
M003394	M009690
M003394	M000587
M003394	M010238
M003394	M012867
M003394	M009935
M003394	M005424
M003394	M011890
M003394	M000745
M003394	M000843
M003396	M003396
M003396	M012687
M003397	M003397
M004101	M004101
M004101	M006047
M004101	M001306
M004101	M001802
M004101	M001907
M004101	M008127
M004101	M009806
M004101	M011184
M004101	M011535
M004101	M011986
M004101	M012766
M004104	M004104
M004104	M000194
M004104	M004145
M004104	M000248
M004104	M000870
M004104	M011889
M004104	M001937
M004104	M002157
M004104	M002742
M004104	M002713
M004104	M006942
M004104	M002881
M004104	M003172
M004104	M008530
M004104	M009370
M004104	M003017
M004104	M002074
M004104	M002421
M004104	M005542
M004104	M006535
M004104	M007675
M004104	M007858
M004104	M009529
M004104	M009679
M004104	M010413
M004104	M010786
M004104	M012840
M004104	M003398
M004104	M003816
M004104	M003709
M004104	M005147
M004104	M011680
M004104	M012943
M004104	M004000
M004104	M011053
M004104	M004170
M004104	M004678
M004104	M004879
M004104	M005016
M004104	M005371
M004104	M004615
M004104	M004914
M004104	M005480
M004104	M006346
M004104	M006309
M004104	M006592
M004104	M006779
M004104	M000552
M004104	M004280
M004104	M005629
M004104	M005693
M004104	M006369
M004104	M007424
M004104	M007941
M004104	M007283
M004104	M007334
M004104	M009223
M004104	M009498
M004104	M000129
M004104	M001338
M004104	M004461
M004104	M006684
M004104	M008284
M004104	M008387
M004104	M009131
M004104	M009999
M004104	M010151
M004104	M010291
M004104	M005757
M004104	M010304
M004104	M010738
M004104	M001136
M004104	M011080
M004104	M011450
M004104	M005741
M004104	M008882
M004104	M011556
M004104	M011163
M004104	M011481
M004104	M011988
M004104	M012259
M004104	M012361
M004104	M012460
M004104	M003068
M004104	M008739
M004104	M011116
M004104	M013060
M004104	M012506
M004104	M001393
M004104	M003564
M004104	M007080
M004104	M007564
M004104	M010069
M004104	M010875
M004108	M004108
M004109	M004109
M004109	M005731
M004109	M014257
M004109	M015177
M004109	M018037
M004110	M004110
M004112	M004112
M004114	M004114
M004123	M004123
M004125	M004125
M004125	M006066
M004125	M016972
M004126	M004126
M004126	M000032
M004126	M001383
M004126	M009404
M004126	M001821
M004126	M002969
M004126	M001935
M004126	M002231
M004126	M009868
M004126	M012703
M004126	M016576
M004126	M004186
M004139	M004139
M004147	M004147
M004147	M016483
M004147	M002568
M004147	M006012
M004147	M015978
M004147	M016585
M004167	M004167
M004176	M004176
M004176	M001321
M004185	M004185
M004194	M004194
M004194	M001591
M004194	M001867
M004194	M003007
M004194	M003724
M004194	M003757
M004194	M008031
M004194	M008169
M004194	M009864
M004194	M010463
M004194	M011806
M004194	M012622
M004194	M012632
M004194	M013015
M004196	M004196
M004196	M001279
M004196	M009775
M004196	M001731
M004196	M001796
M004197	M004197
M004197	M011391
M005310	M005310
M005316	M005316
M005316	M002961
M005316	M004533
M005316	M006210
M005316	M007053
M005316	M007615
M005324	M005324
M005324	M000291
M005324	M000660
M005324	M001531
M005324	M000972
M005324	M005033
M005324	M005853
M005324	M008165
M005324	M009678
M005324	M002339
M005324	M000326
M005324	M001931
M005324	M002836
M005324	M004646
M005324	M004831
M005324	M005244
M005324	M006103
M005324	M007325
M005324	M008615
M005324	M010608
M005324	M011185
M005324	M011558
M005324	M011917
M005324	M012188
M005324	M012758
M005324	M002523
M005324	M002883
M005324	M004223
M005324	M004304
M005324	M004642
M005324	M006287
M005324	M004928
M005324	M000138
M005324	M005429
M005324	M005585
M005324	M001195
M005324	M002009
M005324	M002711
M005324	M003371
M005324	M003783
M005324	M004445
M005324	M006223
M005324	M006643
M005324	M007008
M005324	M007602
M005324	M008971
M005324	M009640
M005324	M009821
M005324	M010009
M005324	M010143
M005324	M011227
M005324	M011365
M005324	M011755
M005324	M012433
M005324	M012577
M005324	M013098
M005324	M005831
M005324	M012283
M005324	M006936
M005324	M007141
M005324	M007232
M005324	M007381
M005324	M008790
M005324	M003091
M005324	M003160
M005324	M010457
M005324	M010807
M005324	M009389
M005324	M008512
M005324	M009733
M005324	M009905
M005324	M010475
M005324	M010902
M005324	M012050
M005337	M005337
M005337	M002187
M005339	M005339
M005339	M009330
M005339	M018171
M005358	M005358
M005358	M004316
M005358	M001102
M005358	M001652
M005358	M001820
M005358	M003426
M005358	M006004
M005358	M008149
M005358	M011478
M005358	M011591
M005358	M011970
M005358	M012688
M005358	M003304
M005358	M009504
M005358	M009738
M005376	M005376
M005376	M007404
M005385	M005385
M005385	M011870
M005385	M000909
M006110	M006110
M006134	M006134
M006163	M006163
M006163	M003920
M006163	M004160
M006163	M005108
M006163	M005334
M006163	M005501
M006163	M007059
M006163	M010350
M006163	M012100
M006163	M012286
M006176	M006176
M006188	M006188
M006188	M007928
M006188	M009156
M006188	M011554
M006188	M012370
M006188	M014749
M006188	M017365
M006188	M018196
M006188	M000672
M006188	M004107
M006188	M006704
M006188	M002437
M006188	M008955
M006188	M011148
M006198	M006198
M006198	M006061
M006198	M012765
M006901	M006901
M006901	M005027
M006901	M005273
M006901	M006416
M006901	M007217
M006901	M007408
M006917	M006917
M006917	M013204
M006917	M014718
M006921	M006921
M006929	M006929
M006937	M006937
M006937	M005024
M006945	M006945
M006945	M007055
M006951	M006951
M006952	M006952
M006952	M002835
M006981	M006981
M006981	M005019
M006981	M002781
M006987	M006987
M006987	M009754
M006988	M006988
M006988	M000028
M006988	M000157
M006988	M000350
M006988	M000628
M006988	M000894
M006988	M000924
M006988	M011867
M006988	M001529
M006988	M002139
M006988	M017597
M006988	M002278
M006988	M009991
M006988	M003812
M006988	M002066
M006988	M002416
M006988	M004636
M006988	M005000
M006988	M006956
M006988	M004760
M006988	M001078
M006988	M001174
M006988	M002828
M006988	M005289
M006988	M005498
M006988	M005970
M006988	M007138
M006988	M010677
M006988	M012079
M006988	M012279
M006988	M005544
M006988	M005070
M006988	M012524
M006988	M005710
M006988	M005795
M006988	M007113
M006988	M000547
M006988	M004381
M006988	M004493
M006988	M005163
M006988	M006154
M006988	M006199
M006988	M006539
M006988	M006796
M006988	M007426
M006988	M009890
M006988	M010439
M006988	M010750
M006988	M012919
M006988	M007638
M006988	M007802
M006988	M008297
M006988	M008797
M006988	M010160
M006988	M006479
M006988	M010553
M006988	M000674
M006988	M001750
M006988	M003399
M006988	M004027
M006988	M004059
M006988	M004202
M006988	M007033
M006988	M008154
M006988	M009710
M006988	M011022
M006988	M011181
M006988	M001859
M006988	M011525
M006988	M011547
M006988	M012058
M006988	M011454
M006988	M000394
M006988	M011795
M006988	M006098
M006988	M015523
M006988	M012229
M006988	M012626
M006988	M012721
M006988	M009799
M006988	M014229
M006990	M006990
M006990	M000346
M006990	M016996
M006990	M000422
M006990	M002965
M006990	M003733
M006990	M005576
M006990	M011425
M006990	M016412
M006990	M001141
M006990	M006142
M006990	M001575
M006990	M002566
M006990	M001624
M006990	M002081
M006990	M014282
M006990	M018173
M006990	M004479
M006990	M004546
M006990	M004994
M006990	M004801
M006990	M005105
M006990	M005696
M006990	M006605
M006990	M010073
M006990	M007244
M006990	M017823
M006990	M007344
M006990	M007648
M006990	M002405
M006990	M010382
M006990	M010656
M006990	M016615
M006990	M007986
M006990	M002150
M006990	M006819
M006990	M007416
M006990	M009259
M006990	M017503
M006990	M012849
M006990	M009671
M006990	M016359
M006990	M013276
M006990	M015437
M006990	M018222
M006990	M013335
M006990	M010273
M006990	M013399
M006990	M013674
M006990	M013684
M006990	M014139
M006990	M013166
M006990	M014493
M006990	M015364
M006990	M017136
M006990	M017905
M006990	M017931
M006990	M014283
M006990	M014364
M006990	M015066
M006990	M017422
M006990	M015295
M006990	M016557
M006990	M015305
M006990	M018015
M006990	M015370
M006990	M013864
M006990	M015670
M006990	M016028
M006990	M013653
M006990	M016038
M006990	M000121
M006990	M016349
M006990	M016071
M006990	M016304
M006990	M016671
M006990	M008423
M006990	M013344
M006990	M013691
M006990	M014247
M006990	M016598
M006990	M017012
M006990	M018146
M006990	M016878
M006990	M014387
M006990	M016931
M006990	M013334
M006990	M016935
M006990	M016944
M006990	M016963
M006990	M017257
M006990	M017282
M006990	M017301
M006990	M017549
M006990	M010746
M006990	M017592
M006990	M017769
M006990	M017809
M006990	M018153
M006992	M006992
M006992	M000303
M006992	M000622
M006992	M001071
M006992	M004525
M006992	M005788
M006992	M009693
M006992	M001274
M006992	M001390
M006992	M008390
M006992	M011322
M006992	M001495
M006992	M006970
M006992	M008594
M006992	M001565
M006992	M001638
M006992	M001943
M006992	M006009
M006992	M008644
M006992	M011590
M006992	M002006
M006992	M002277
M006992	M002406
M006992	M002921
M006992	M003338
M006992	M003376
M006992	M003576
M006992	M011671
M006992	M003701
M006992	M000126
M006992	M002110
M006992	M009107
M006992	M009718
M006992	M012445
M006992	M003957
M006992	M011056
M006992	M004158
M006992	M004284
M006992	M002841
M006992	M006548
M006992	M004464
M006992	M005652
M006992	M005937
M006992	M012088
M006992	M004973
M006992	M005432
M006992	M006138
M006992	M006587
M006992	M007267
M006992	M007318
M006992	M007515
M006992	M004828
M006992	M006249
M006992	M006726
M006992	M009323
M006992	M009899
M006992	M008024
M006992	M008097
M006992	M008183
M006992	M008792
M006992	M009009
M006992	M000223
M006992	M000453
M006992	M002515
M006992	M003853
M006992	M005607
M006992	M006669
M006992	M007621
M006992	M007750
M006992	M011370
M006992	M012640
M006992	M012973
M006992	M009782
M006992	M010285
M006992	M010397
M006992	M002620
M006992	M004757
M006992	M005065
M006992	M005205
M006992	M005317
M006992	M007075
M006992	M010145
M006992	M010631
M006992	M010533
M006992	M010776
M006992	M001197
M006992	M010922
M006992	M001491
M006992	M003055
M006992	M006545
M006992	M007869
M006992	M008453
M006992	M009594
M006992	M010096
M006992	M012540
M006992	M013056
M006992	M011972
M006992	M012788
M006992	M012855
M006993	M006993
M006993	M003476
M006993	M004820
M006993	M000207
M006993	M002873
M006993	M002970
M006993	M003103
M006993	M003176
M006993	M003293
M006993	M003562
M006993	M003685
M006993	M004133
M006993	M006657
M006993	M007489
M006993	M007775
M006993	M007873
M006993	M007979
M006993	M008187
M006993	M008236
M006993	M008348
M006993	M008738
M006993	M009506
M006993	M010066
M006993	M010876
M006993	M011127
M006993	M011190
M006993	M011688
M006993	M008333
M006993	M000009
M006993	M000501
M006993	M001211
M006993	M002107
M006993	M002468
M006993	M003083
M006993	M003188
M006993	M004387
M006993	M004610
M006993	M004792
M006993	M004937
M006993	M005209
M006993	M005351
M006993	M005493
M006993	M006129
M006993	M006319
M006993	M006636
M006993	M007157
M006993	M007395
M006993	M007792
M006993	M007931
M006993	M008278
M006993	M008551
M006993	M009477
M006993	M010758
M006993	M011101
M006993	M013012
M006993	M014125
M006993	M014326
M006993	M009043
M006993	M009111
M006993	M009231
M006993	M002670
M006993	M012899
M006993	M013506
M006993	M017173
M006993	M009581
M006993	M011313
M006993	M012414
M006993	M015103
M006994	M006994
M006994	M000842
M006994	M001146
M006994	M002491
M006994	M002802
M006994	M004283
M006994	M012845
M006994	M001485
M006994	M003222
M006994	M008449
M006994	M008595
M006994	M012453
M006994	M013131
M006994	M002377
M006994	M002587
M006994	M002383
M006994	M004063
M006994	M004247
M006994	M003478
M006994	M003928
M006994	M011005
M006994	M004089
M006994	M004120
M006994	M004136
M006994	M007089
M006994	M004463
M006994	M004556
M006994	M000125
M006994	M004970
M006994	M005188
M006994	M005352
M006994	M004766
M006994	M005526
M006994	M005476
M006994	M010099
M006994	M006665
M006994	M006723
M006994	M001225
M006994	M003056
M006994	M003577
M006994	M003706
M006994	M004836
M006994	M005677
M006994	M005925
M006994	M006200
M006994	M006290
M006994	M006426
M006994	M006446
M006994	M008036
M006994	M009101
M006994	M010622
M006994	M011781
M006994	M012977
M006994	M006884
M006994	M003078
M006994	M007187
M006994	M000979
M006994	M003349
M006994	M009348
M006994	M010684
M006994	M011128
M006994	M011731
M006994	M007378
M006994	M007812
M006994	M008237
M006994	M011189
M006994	M008410
M006994	M008779
M006994	M008919
M006994	M009057
M006994	M007538
M006994	M009262
M006994	M005067
M006994	M009560
M006994	M002011
M006994	M002723
M006994	M007731
M006994	M009940
M006994	M007527
M006994	M010170
M006994	M010396
M006994	M010857
M006994	M012189
M006994	M000538
M006994	M001033
M006994	M002154
M006994	M008216
M006994	M010332
M006994	M012282
M006994	M013068
M006994	M012544
M006994	M011412
M006994	M012642
M006997	M006997
M007000	M007000
M007000	M003915
M007000	M013349
M007000	M014087
M007000	M015528
M007000	M015841
M007000	M015935
M007000	M016225
M007000	M016733
M009505	M009505
M009505	M002051
M009505	M007539
M009505	M013047
M009510	M009510
M009525	M009525
M009525	M012301
M009528	M009528
M009549	M009549
M009549	M002434
M009549	M008265
M009549	M003012
M009549	M002908
M009549	M008571
M009549	M003119
M009549	M003640
M009549	M003722
M009549	M007846
M009549	M011702
M009549	M006706
M009549	M008686
M009549	M012918
M009576	M009576
M009576	M008842
M010010	M010010
M010010	M009706
M010031	M010031
M010076	M010076
M010076	M000999
M010076	M002091
M010076	M003122
M010076	M003201
M010076	M003344
M010076	M003571
M010076	M003740
M010076	M004562
M010076	M004902
M010076	M005905
M010076	M006674
M010076	M006772
M010076	M007086
M010076	M007401
M010076	M007721
M010076	M008476
M010076	M008528
M010076	M008678
M010076	M009126
M010076	M009357
M010076	M009558
M010076	M011132
M010076	M011232
M010076	M012305
M010076	M015856
M010076	M000020
M010076	M012669
M010076	M000119
M010076	M005619
M010076	M002460
M010076	M008276
M010076	M012922
M010076	M002758
M010076	M006944
M010076	M007240
M010076	M003889
M010076	M007932
M010076	M008306
M010076	M004416
M010076	M000561
M010076	M004720
M010076	M005264
M010076	M006152
M010076	M006224
M010076	M007546
M010076	M012205
M010076	M004842
M010076	M005053
M010076	M010233
M010076	M005158
M010076	M005414
M010076	M006351
M010076	M007303
M010076	M008888
M010076	M003019
M010076	M013062
M010076	M009000
M010076	M009887
M010076	M010799
M010076	M000208
M010076	M000439
M010076	M001040
M010076	M005720
M010076	M006585
M010076	M010322
M010076	M010466
M010076	M011352
M010076	M010880
M010076	M012471
M010076	M011706
M010076	M012555
M010076	M002035
M010076	M012653
M010076	M009260
M010076	M012823
M010076	M004295
M010076	M015928
M010076	M014312
M010076	M015533
M010087	M010087
M010087	M001400
M011421	M011421
M011421	M000019
M011421	M000093
M011421	M000789
M011421	M004131
M011421	M005506
M011421	M005908
M011421	M005934
M011421	M006557
M011421	M006629
M011421	M007088
M011421	M007704
M011421	M008210
M011421	M009069
M011421	M009434
M011421	M009636
M011421	M010081
M011421	M010815
M011421	M013024
M011421	M015006
M011421	M001382
M011421	M006447
M011421	M001347
M011421	M002208
M011421	M003065
M011421	M005225
M011421	M007963
M011421	M008904
M011421	M010513
M011421	M010727
M011421	M012588
M011452	M011452
M011463	M011463
M011484	M011484
M011484	M006107
M012459	M012459
M012475	M012475
M012491	M012491
M012491	M009572
M012491	M003891
M012491	M005613
M012491	M009387
M013201	M013201
M013206	M013206
M013206	M015172
M013206	M013680
M013209	M013209
M013209	M014098
M013209	M018111
M013209	M013343
M013209	M015580
M013215	M013215
M013217	M013217
M013217	M014681
M013217	M015917
M013217	M016196
M013221	M013221
M013221	M017036
M013221	M017524
M013221	M017789
M013224	M013224
M013224	M001675
M013224	M000983
M013224	M003260
M013224	M008504
M013224	M009322
M013224	M013394
M013224	M016201
M013227	M013227
M013227	M016006
M013228	M013228
M013228	M014372
M013228	M015379
M013228	M015483
M013228	M015711
M013228	M015738
M013228	M015741
M013228	M016395
M013228	M017527
M013228	M014984
M013229	M013229
M013234	M013234
M013234	M015385
M013236	M013236
M013236	M014156
M013237	M013237
M013238	M013238
M013239	M013239
M013240	M013240
M013241	M013241
M013250	M013250
M013258	M013258
M013258	M015600
M013259	M013259
M013259	M013857
M013259	M015068
M013259	M016400
M013265	M013265
M013265	M016268
M013272	M013272
M013272	M000269
M013272	M014148
M013272	M015810
M013272	M015890
M013272	M016834
M013272	M017330
M013272	M017557
M013272	M017590
M013272	M000711
M013272	M001303
M013272	M003775
M013272	M004203
M013272	M011451
M013272	M004487
M013272	M002344
M013272	M010358
M013272	M013950
M013272	M015895
M013272	M012568
M013272	M015018
M013272	M017707
M013272	M015622
M013272	M012700
M013272	M015281
M013272	M015797
M013272	M016640
M013272	M016436
M013272	M013813
M013272	M014322
M013272	M014611
M013272	M016168
M013272	M017025
M013282	M013282
M013282	M014931
M013282	M017973
M013283	M013283
M013283	M001492
M013283	M014507
M014203	M014203
M014216	M014216
M014231	M014231
M014231	M016352
M014232	M014232
M014252	M014252
M014253	M014253
M014253	M000477
M014260	M014260
M014264	M014264
M014264	M017386
M014266	M014266
M014267	M014267
M014267	M011254
M014267	M011714
M014267	M013347
M014267	M013483
M014267	M016720
M014267	M017728
M014267	M003266
M014267	M001006
M014267	M002454
M014267	M003112
M014267	M003204
M014267	M008010
M014267	M008464
M014267	M009315
M014267	M011112
M014267	M013028
M014267	M013043
M014267	M016427
M014267	M004841
M014267	M003567
M014267	M006638
M014267	M007093
M014267	M010368
M014267	M010681
M014267	M015222
M014267	M008131
M014267	M000828
M014267	M000852
M014267	M001368
M014267	M001560
M014267	M001644
M014267	M001760
M014267	M001880
M014267	M003413
M014267	M004267
M014267	M006017
M014267	M009841
M014267	M011831
M014267	M012681
M014267	M013170
M014267	M013407
M014267	M013582
M014267	M013900
M014267	M013932
M014267	M014173
M014267	M014360
M014267	M014762
M014267	M014919
M014267	M015077
M014267	M015207
M014267	M015449
M014267	M015537
M014267	M015611
M014267	M015837
M014267	M015848
M014267	M016209
M014267	M016599
M014267	M016717
M014267	M016742
M014267	M016802
M014267	M016805
M014267	M017563
M014267	M017612
M014267	M017628
M014267	M017714
M014267	M018095
M014267	M013451
M014267	M014284
M014267	M016355
M014267	M018126
M014267	M000005
M014267	M000267
M014267	M000535
M014267	M001379
M014267	M002027
M014267	M003061
M014267	M003655
M014267	M004130
M014267	M004427
M014267	M004627
M014267	M004712
M014267	M004956
M014267	M005238
M014267	M005294
M014267	M005503
M014267	M005655
M014267	M005733
M014267	M005808
M014267	M006245
M014267	M006283
M014267	M006470
M014267	M006533
M014267	M006768
M014267	M007535
M014267	M007624
M014267	M007715
M014267	M008028
M014267	M008795
M014267	M008878
M014267	M009052
M014267	M009448
M014267	M009546
M014267	M010323
M014267	M010905
M014267	M011429
M014267	M012141
M014267	M012269
M014267	M012510
M014267	M013546
M014267	M013675
M014267	M014261
M014267	M014274
M014267	M015270
M014267	M015336
M014267	M015465
M014267	M015745
M014267	M016023
M014267	M016365
M014267	M016629
M014267	M016693
M014267	M017824
M014275	M014275
M014275	M015892
M014280	M014280
M014296	M014296
M014296	M016011
M014296	M016755
M014300	M014300
M014300	M017703
M014300	M016625
M015203	M015203
M015203	M013427
M015203	M013434
M015203	M013504
M015203	M013556
M015203	M014453
M015203	M015858
M015203	M016116
M015203	M017100
M015203	M017261
M015203	M017673
M015203	M017695
M015203	M018003
M015224	M015224
M015227	M015227
M015243	M015243
M015245	M015245
M015269	M015269
M015269	M017513
M015276	M015276
M015280	M015280
M015282	M015282
M015284	M015284
M015286	M015286
M015286	M015424
M015288	M015288
M015289	M015289
M015290	M015290
M015705	M015705
M015710	M015710
M015714	M015714
M015715	M015715
M015715	M014754
M015715	M015648
M015715	M002569
M015715	M016530
M015715	M005756
M015715	M006522
M015715	M013216
M015715	M013575
M015715	M013866
M015715	M013989
M015715	M014757
M015715	M015996
M015715	M016073
M015715	M016316
M015715	M016662
M015715	M017548
M015715	M017740
M015715	M018246
M015716	M015716
M015716	M008490
M015716	M000135
M015716	M000236
M015716	M000386
M015716	M001012
M015716	M001437
M015716	M002488
M015716	M003081
M015716	M003186
M015716	M003312
M015716	M003870
M015716	M004328
M015716	M005511
M015716	M006640
M015716	M008007
M015716	M008374
M015716	M008444
M015716	M009226
M015716	M009349
M015716	M009474
M015716	M009522
M015716	M009945
M015716	M010083
M015716	M010165
M015716	M011443
M015716	M011692
M015716	M012171
M015716	M012404
M015716	M012981
M015716	M014075
M015716	M014995
M015716	M009008
M015716	M006950
M015716	M010446
M015716	M005679
M015716	M010645
M015716	M012242
M015716	M013894
M015716	M017550
M015716	M012587
M015716	M013267
M015716	M013275
M015716	M015967
M015716	M002743
M015716	M017613
M015716	M005763
M015716	M005875
M015716	M012104
M015716	M015736
M015716	M017546
M015716	M017793
M015723	M015723
M015724	M015724
M015724	M007649
M015724	M014898
M015728	M015728
M015731	M015731
M015732	M015732
M015733	M015733
M015734	M015734
M015735	M015735
M015744	M015744
M015752	M015752
M015765	M015765
M015765	M015566
M015765	M016130
M015765	M016171
M015766	M015766
M015766	M013288
M015766	M015845
M015776	M015776
M015776	M015985
M015776	M016482
M015776	M016509
M015776	M017849
M015776	M014103
M015776	M016074
M015776	M018207
M015777	M015777
M015779	M015779
M015779	M003731
M015779	M004738
M015779	M006607
M015779	M000220
M015779	M002076
M015779	M002889
M015779	M003247
M015779	M003365
M015779	M003846
M015779	M005302
M015779	M005395
M015779	M007592
M015779	M007701
M015779	M008262
M015779	M008279
M015779	M008372
M015779	M008586
M015779	M008838
M015779	M008969
M015779	M009407
M015779	M011135
M015779	M011245
M015779	M012995
M015779	M014097
M015779	M015402
M015779	M015771
M015779	M015960
M015779	M012511
M015779	M004790
M015779	M005871
M015779	M006350
M015781	M015781
M015781	M002551
M015781	M002644
M015781	M007470
M015781	M009227
M015781	M017435
M015781	M015091
M015782	M015782
M015783	M015783
M015783	M015906
M015783	M001132
M015783	M004504
M015783	M006120
M015783	M014640
M015783	M017565
M015783	M000610
M015783	M005670
M015783	M005813
M015783	M005967
M015783	M006391
M015783	M009127
M015783	M009702
M015783	M010702
M015783	M012074
M015783	M013219
M015783	M014351
M015783	M014362
M015783	M014701
M015783	M015148
M015783	M015514
M015783	M015659
M015783	M015854
M015783	M015929
M015783	M016816
M015783	M016844
M015783	M017170
M015783	M017627
M015783	M017806
M015783	M017855
M015783	M017884
M015783	M017906
M015783	M017959
M015783	M018112
M015783	M018248
M015785	M015785
M015785	M016783
M015787	M015787
M016901	M016901
M016914	M016914
M016914	M002095
M016914	M015536
M016914	M016176
M016914	M015056
M016914	M002464
M016914	M015686
M016914	M017610
M016914	M016124
M016914	M017545
M016914	M017910
M016914	M018235
M016921	M016921
M016930	M016930
M016930	M014289
M016939	M016939
M016954	M016954
M016959	M016959
M016959	M004571
M016959	M017534
M016962	M016962
M016982	M016982
M016986	M016986
M016988	M016988
M016990	M016990
M016991	M016991
M016992	M016992
M016992	M018218
M016993	M016993
M017907	M017907
M017912	M017912
M017917	M017917
M017918	M017918
M017922	M017922
M017928	M017928
M017928	M013378
M017928	M013648
M017928	M013856
M017928	M014051
M017928	M014370
M017928	M014903
M017928	M014939
M017928	M015000
M017928	M015302
M017928	M015557
M017928	M015698
M017928	M015708
M017928	M016126
M017928	M016269
M017928	M016750
M017928	M016758
M017928	M016859
M017928	M017050
M017928	M017188
M017928	M017206
M017928	M017498
M017928	M017672
M017928	M017779
M017928	M017808
M017928	M018231
M017930	M017930
M017930	M015319
M017943	M017943
M017952	M017952
M017952	M018135
M017953	M017953
M017953	M004786
M017953	M015664
M017955	M017955
M017963	M017963
M017963	M000301
M017963	M000927
M017963	M008085
M017963	M014620
M017963	M014646
M017963	M014924
M017963	M015183
M017963	M015652
M017963	M015800
M017963	M015863
M017963	M015918
M017963	M016034
M017963	M016178
M017963	M016251
M017963	M017064
M017963	M000957
M017963	M002229
M017963	M008503
M017963	M010933
M017963	M011833
M017963	M012374
M017963	M011639
M017963	M000373
M017963	M002399
M017963	M009827
M017963	M017605
M017963	M011774
M017963	M013925
M017963	M011626
M017963	M015804
M017963	M017472
M017963	M000127
M017963	M003060
M017963	M003656
M017963	M004424
M017963	M006614
M017963	M011428
M017963	M013214
M017963	M013253
M017963	M013299
M017963	M013400
M017963	M013630
M017963	M013667
M017963	M013821
M017963	M013930
M017963	M014059
M017963	M014359
M017963	M014369
M017963	M014617
M017963	M014745
M017963	M014807
M017963	M014826
M017963	M015017
M017963	M015163
M017963	M015283
M017963	M015436
M017963	M015472
M017963	M015637
M017963	M015770
M017963	M015900
M017963	M016045
M017963	M016192
M017963	M016690
M017963	M016708
M017963	M016922
M017963	M017509
M017963	M017624
M017963	M017717
M017963	M017883
M017963	M018058
M017963	M018137
M017963	M018183
M017963	M018217
M017964	M017964
M017976	M017976
M017977	M017977
M017978	M017978
M017991	M017991
M017991	M015829
M017991	M000165
M017991	M005141
M017991	M005732
M017991	M014668
M017991	M007266
M017991	M009832
M017991	M012732
M017991	M014089
M017991	M014233
M017991	M009959
M017991	M015634
M017991	M016555
M017991	M000058
M017991	M007832
M017991	M013714
