representative_input_id	member_input_id	forward_alignment_returned	reverse_alignment_returned	forward_passes	reverse_passes	status
M000024	M002395	True	True	True	True	both_directions_pass
M000055	M000289	True	True	True	True	both_directions_pass
M000055	M000451	True	True	True	True	both_directions_pass
M000055	M000581	True	True	True	True	both_directions_pass
M000055	M001005	True	True	True	True	both_directions_pass
M000055	M001215	True	True	True	True	both_directions_pass
M000055	M001411	True	True	True	True	both_directions_pass
M000055	M001503	True	True	True	True	both_directions_pass
M000055	M001724	True	True	True	True	both_directions_pass
M000055	M001773	True	True	True	True	both_directions_pass
M000055	M001908	True	True	True	True	both_directions_pass
M000055	M002041	True	True	True	True	both_directions_pass
M000055	M002142	True	True	True	True	both_directions_pass
M000055	M002236	True	True	True	True	both_directions_pass
M000055	M002459	True	True	True	True	both_directions_pass
M000055	M002671	True	True	True	True	both_directions_pass
M000055	M002769	True	True	True	True	both_directions_pass
M000055	M003211	True	True	True	True	both_directions_pass
M000055	M003324	True	True	True	True	both_directions_pass
M000055	M003416	True	True	True	True	both_directions_pass
M000055	M003635	True	True	True	True	both_directions_pass
M000055	M003721	True	True	True	True	both_directions_pass
M000055	M003874	True	True	True	True	both_directions_pass
M000055	M003987	True	True	True	True	both_directions_pass
M000055	M004215	True	True	True	True	both_directions_pass
M000055	M004358	True	True	True	True	both_directions_pass
M000055	M004412	True	True	True	True	both_directions_pass
M000055	M004620	True	True	True	True	both_directions_pass
M000055	M004649	True	True	True	True	both_directions_pass
M000055	M004858	True	True	True	True	both_directions_pass
M000055	M004978	True	True	True	True	both_directions_pass
M000055	M005046	True	True	True	True	both_directions_pass
M000055	M005195	True	True	True	True	both_directions_pass
M000055	M005286	True	True	True	True	both_directions_pass
M000055	M005409	True	True	True	True	both_directions_pass
M000055	M005621	True	True	True	True	both_directions_pass
M000055	M005792	True	True	True	True	both_directions_pass
M000055	M005850	True	True	True	True	both_directions_pass
M000055	M005879	True	True	True	True	both_directions_pass
M000055	M006100	True	True	True	True	both_directions_pass
M000055	M006111	True	True	True	True	both_directions_pass
M000055	M006248	True	True	True	True	both_directions_pass
M000055	M006541	True	True	True	True	both_directions_pass
M000055	M006553	True	True	True	True	both_directions_pass
M000055	M006590	True	True	True	True	both_directions_pass
M000055	M006650	True	True	True	True	both_directions_pass
M000055	M006908	True	True	True	True	both_directions_pass
M000055	M007064	True	True	True	True	both_directions_pass
M000055	M007153	True	True	True	True	both_directions_pass
M000055	M007370	True	True	True	True	both_directions_pass
M000055	M007402	True	True	True	True	both_directions_pass
M000055	M007581	True	True	True	True	both_directions_pass
M000055	M007686	True	True	True	True	both_directions_pass
M000055	M007866	True	True	True	True	both_directions_pass
M000055	M008048	True	True	True	True	both_directions_pass
M000055	M008147	True	True	True	True	both_directions_pass
M000055	M008259	True	True	True	True	both_directions_pass
M000055	M008432	True	True	True	True	both_directions_pass
M000055	M008539	True	True	True	True	both_directions_pass
M000055	M008611	True	True	True	True	both_directions_pass
M000055	M008660	True	True	True	True	both_directions_pass
M000055	M008703	True	True	True	True	both_directions_pass
M000055	M008861	True	True	True	True	both_directions_pass
M000055	M009075	True	True	True	True	both_directions_pass
M000055	M009373	True	True	True	True	both_directions_pass
M000055	M009523	True	True	True	True	both_directions_pass
M000055	M009825	True	True	True	True	both_directions_pass
M000055	M009937	True	True	True	True	both_directions_pass
M000055	M010014	True	True	True	True	both_directions_pass
M000055	M010203	True	True	True	True	both_directions_pass
M000055	M010319	True	True	True	True	both_directions_pass
M000055	M010378	True	True	True	True	both_directions_pass
M000055	M010519	True	True	True	True	both_directions_pass
M000055	M010774	True	True	True	True	both_directions_pass
M000055	M010791	True	True	True	True	both_directions_pass
M000055	M010870	True	True	True	True	both_directions_pass
M000055	M010963	True	True	True	True	both_directions_pass
M000055	M011274	True	True	True	True	both_directions_pass
M000055	M011418	True	True	True	True	both_directions_pass
M000055	M011561	True	True	True	True	both_directions_pass
M000055	M011686	True	True	True	True	both_directions_pass
M000055	M011996	True	True	True	True	both_directions_pass
M000055	M012132	True	True	True	True	both_directions_pass
M000055	M012230	True	True	True	True	both_directions_pass
M000055	M012277	True	True	True	True	both_directions_pass
M000055	M012367	True	True	True	True	both_directions_pass
M000055	M012465	True	True	True	True	both_directions_pass
M000055	M012573	True	True	True	True	both_directions_pass
M000055	M012724	True	True	True	True	both_directions_pass
M000055	M012882	True	True	True	True	both_directions_pass
M000055	M013016	True	True	True	True	both_directions_pass
M000055	M013104	True	True	True	True	both_directions_pass
M000074	M004846	True	True	True	True	both_directions_pass
M000074	M009883	True	True	True	True	both_directions_pass
M000074	M010152	True	True	True	True	both_directions_pass
M000079	M002019	True	True	True	True	both_directions_pass
M000079	M003552	True	True	True	True	both_directions_pass
M000079	M003654	True	True	True	True	both_directions_pass
M000079	M006524	True	True	True	True	both_directions_pass
M000079	M007948	True	True	True	True	both_directions_pass
M000079	M013570	True	True	True	True	both_directions_pass
M000081	M000664	True	True	True	True	both_directions_pass
M000081	M004457	True	True	True	True	both_directions_pass
M000081	M004624	True	True	True	True	both_directions_pass
M000081	M004980	True	True	True	True	both_directions_pass
M000081	M007576	True	True	True	True	both_directions_pass
M000081	M015443	True	True	True	True	both_directions_pass
M000096	M005439	True	True	True	True	both_directions_pass
M000180	M001809	True	True	True	True	both_directions_pass
M000180	M010195	True	True	True	True	both_directions_pass
M000180	M010568	True	True	True	True	both_directions_pass
M000186	M001020	True	True	True	True	both_directions_pass
M000193	M000015	True	True	True	True	both_directions_pass
M000193	M000022	True	True	True	True	both_directions_pass
M000193	M000053	True	True	True	True	both_directions_pass
M000193	M000166	True	True	True	True	both_directions_pass
M000193	M000239	True	True	True	True	both_directions_pass
M000193	M000403	True	True	True	True	both_directions_pass
M000193	M000549	True	True	True	True	both_directions_pass
M000193	M000661	True	True	True	True	both_directions_pass
M000193	M000729	True	True	True	True	both_directions_pass
M000193	M000780	True	True	True	True	both_directions_pass
M000193	M000907	True	True	True	True	both_directions_pass
M000193	M001024	True	True	True	True	both_directions_pass
M000193	M001069	True	True	True	True	both_directions_pass
M000193	M001105	True	True	True	True	both_directions_pass
M000193	M001399	True	True	True	True	both_directions_pass
M000193	M001469	True	True	True	True	both_directions_pass
M000193	M001528	True	True	True	True	both_directions_pass
M000193	M001725	True	True	True	True	both_directions_pass
M000193	M001934	True	True	True	True	both_directions_pass
M000193	M001965	True	True	True	True	both_directions_pass
M000193	M002155	True	True	True	True	both_directions_pass
M000193	M002289	True	True	True	True	both_directions_pass
M000193	M002423	True	True	True	True	both_directions_pass
M000193	M002649	True	True	True	True	both_directions_pass
M000193	M002840	True	True	True	True	both_directions_pass
M000193	M002935	True	True	True	True	both_directions_pass
M000193	M002953	True	True	True	True	both_directions_pass
M000193	M003097	True	True	True	True	both_directions_pass
M000193	M003197	True	True	True	True	both_directions_pass
M000193	M003334	True	True	True	True	both_directions_pass
M000193	M003445	True	True	True	True	both_directions_pass
M000193	M003468	True	True	True	True	both_directions_pass
M000193	M003542	True	True	True	True	both_directions_pass
M000193	M003682	True	True	True	True	both_directions_pass
M000193	M003768	True	True	True	True	both_directions_pass
M000193	M003814	True	True	True	True	both_directions_pass
M000193	M003945	True	True	True	True	both_directions_pass
M000193	M004135	True	True	True	True	both_directions_pass
M000193	M004154	True	True	True	True	both_directions_pass
M000193	M004221	True	True	True	True	both_directions_pass
M000193	M004383	True	True	True	True	both_directions_pass
M000193	M004406	True	True	True	True	both_directions_pass
M000193	M004613	True	True	True	True	both_directions_pass
M000193	M004741	True	True	True	True	both_directions_pass
M000193	M004782	True	True	True	True	both_directions_pass
M000193	M004931	True	True	True	True	both_directions_pass
M000193	M005025	True	True	True	True	both_directions_pass
M000193	M005203	True	True	True	True	both_directions_pass
M000193	M005381	True	True	True	True	both_directions_pass
M000193	M005477	True	True	True	True	both_directions_pass
M000193	M005512	True	True	True	True	both_directions_pass
M000193	M005646	True	True	True	True	both_directions_pass
M000193	M005769	True	True	True	True	both_directions_pass
M000193	M006092	True	True	True	True	both_directions_pass
M000193	M006125	True	True	True	True	both_directions_pass
M000193	M006205	True	True	True	True	both_directions_pass
M000193	M006485	True	True	True	True	both_directions_pass
M000193	M006536	True	True	True	True	both_directions_pass
M000193	M006647	True	True	True	True	both_directions_pass
M000193	M006822	True	True	True	True	both_directions_pass
M000193	M006957	True	True	True	True	both_directions_pass
M000193	M007074	True	True	True	True	both_directions_pass
M000193	M007149	True	True	True	True	both_directions_pass
M000193	M007337	True	True	True	True	both_directions_pass
M000193	M007523	True	True	True	True	both_directions_pass
M000193	M007560	True	True	True	True	both_directions_pass
M000193	M007708	True	True	True	True	both_directions_pass
M000193	M007826	True	True	True	True	both_directions_pass
M000193	M007906	True	True	True	True	both_directions_pass
M000193	M007969	True	True	True	True	both_directions_pass
M000193	M008112	True	True	True	True	both_directions_pass
M000193	M008361	True	True	True	True	both_directions_pass
M000193	M008570	True	True	True	True	both_directions_pass
M000193	M008630	True	True	True	True	both_directions_pass
M000193	M008759	True	True	True	True	both_directions_pass
M000193	M008828	True	True	True	True	both_directions_pass
M000193	M009185	True	True	True	True	both_directions_pass
M000193	M009405	True	True	True	True	both_directions_pass
M000193	M009412	True	True	True	True	both_directions_pass
M000193	M009532	True	True	True	True	both_directions_pass
M000193	M009592	True	True	True	True	both_directions_pass
M000193	M009792	True	True	True	True	both_directions_pass
M000193	M009956	True	True	True	True	both_directions_pass
M000193	M010090	True	True	True	True	both_directions_pass
M000193	M010179	True	True	True	True	both_directions_pass
M000193	M010434	True	True	True	True	both_directions_pass
M000193	M010700	True	True	True	True	both_directions_pass
M000193	M010890	True	True	True	True	both_directions_pass
M000193	M011015	True	True	True	True	both_directions_pass
M000193	M011258	True	True	True	True	both_directions_pass
M000193	M011436	True	True	True	True	both_directions_pass
M000193	M011601	True	True	True	True	both_directions_pass
M000193	M011735	True	True	True	True	both_directions_pass
M000193	M011873	True	True	True	True	both_directions_pass
M000193	M012035	True	True	True	True	both_directions_pass
M000193	M012128	True	True	True	True	both_directions_pass
M000193	M012194	True	True	True	True	both_directions_pass
M000193	M012321	True	True	True	True	both_directions_pass
M000193	M012396	True	True	True	True	both_directions_pass
M000193	M012550	True	True	True	True	both_directions_pass
M000193	M012691	True	True	True	True	both_directions_pass
M000193	M012797	True	True	True	True	both_directions_pass
M000193	M013039	True	True	True	True	both_directions_pass
M000227	M009022	True	True	True	True	both_directions_pass
M000284	M002445	True	True	True	True	both_directions_pass
M000284	M009907	True	True	True	True	both_directions_pass
M000287	M001992	True	True	True	True	both_directions_pass
M000287	M009367	True	True	True	True	both_directions_pass
M000287	M009566	True	True	True	True	both_directions_pass
M000287	M014548	True	True	True	True	both_directions_pass
M000287	M014819	True	True	True	True	both_directions_pass
M000313	M013172	True	True	True	True	both_directions_pass
M000313	M015232	True	True	True	True	both_directions_pass
M000371	M008989	True	True	True	True	both_directions_pass
M000372	M003906	True	True	True	True	both_directions_pass
M000395	M007691	True	True	True	True	both_directions_pass
M000395	M010242	True	True	True	True	both_directions_pass
M000395	M016154	True	True	False	False	neither_direction_passes
M000396	M000733	True	True	False	False	neither_direction_passes
M000396	M002206	True	True	True	True	both_directions_pass
M000398	M004408	True	True	True	True	both_directions_pass
M000398	M011449	True	True	True	True	both_directions_pass
M000398	M015216	True	True	True	True	both_directions_pass
M000433	M002651	True	True	True	True	both_directions_pass
M000433	M005349	True	True	True	True	both_directions_pass
M000433	M005433	True	True	True	True	both_directions_pass
M000433	M005594	True	True	True	True	both_directions_pass
M000433	M006130	True	True	True	True	both_directions_pass
M000433	M006194	True	True	True	True	both_directions_pass
M000433	M006831	True	True	True	True	both_directions_pass
M000433	M006890	True	True	True	True	both_directions_pass
M000433	M007320	True	True	True	True	both_directions_pass
M000433	M008748	True	True	True	True	both_directions_pass
M000433	M010163	True	True	True	True	both_directions_pass
M000433	M011361	True	True	True	True	both_directions_pass
M000433	M013231	True	True	True	True	both_directions_pass
M000433	M015423	True	True	True	True	both_directions_pass
M000433	M017116	True	True	True	True	both_directions_pass
M000433	M018082	True	True	True	True	both_directions_pass
M000444	M000014	True	True	True	True	both_directions_pass
M000444	M000545	True	True	True	True	both_directions_pass
M000444	M000997	True	True	True	True	both_directions_pass
M000444	M002477	True	True	True	True	both_directions_pass
M000444	M003227	True	True	True	True	both_directions_pass
M000444	M003308	True	True	True	True	both_directions_pass
M000444	M005598	True	True	True	True	both_directions_pass
M000444	M007709	True	True	True	True	both_directions_pass
M000444	M008004	True	True	True	True	both_directions_pass
M000444	M008574	True	True	True	True	both_directions_pass
M000444	M011422	True	True	True	True	both_directions_pass
M000444	M012927	True	True	True	True	both_directions_pass
M000444	M013654	True	True	True	True	both_directions_pass
M000444	M013915	True	True	True	True	both_directions_pass
M000444	M014344	True	True	True	True	both_directions_pass
M000444	M015260	True	True	True	True	both_directions_pass
M000444	M016137	True	True	True	True	both_directions_pass
M000444	M017712	True	True	True	True	both_directions_pass
M000444	M018257	True	True	True	True	both_directions_pass
M000459	M010882	True	True	True	True	both_directions_pass
M000470	M000685	True	True	True	True	both_directions_pass
M000470	M001633	True	True	True	True	both_directions_pass
M000470	M003514	True	True	True	True	both_directions_pass
M000470	M003900	True	True	True	True	both_directions_pass
M000470	M004086	True	True	True	True	both_directions_pass
M000470	M007827	True	True	True	True	both_directions_pass
M000470	M007833	True	True	True	True	both_directions_pass
M000470	M008816	True	True	True	True	both_directions_pass
M000484	M000038	True	True	True	True	both_directions_pass
M000484	M007159	True	True	True	True	both_directions_pass
M000488	M000848	True	True	True	True	both_directions_pass
M000488	M002365	True	True	True	True	both_directions_pass
M000493	M001657	True	True	True	True	both_directions_pass
M000493	M014262	True	True	True	True	both_directions_pass
M000494	M000483	True	True	True	True	both_directions_pass
M000494	M000830	True	True	True	True	both_directions_pass
M000494	M003428	True	True	True	True	both_directions_pass
M000494	M004095	True	True	True	True	both_directions_pass
M000494	M004229	True	True	True	True	both_directions_pass
M000494	M005015	True	True	True	True	both_directions_pass
M000494	M010478	True	True	True	True	both_directions_pass
M000494	M012125	True	True	True	True	both_directions_pass
M000494	M014352	True	True	True	True	both_directions_pass
M000494	M014835	True	True	True	True	both_directions_pass
M000494	M015096	True	True	True	True	both_directions_pass
M000494	M015933	True	True	True	True	both_directions_pass
M000494	M017938	True	True	True	True	both_directions_pass
M000507	M007554	True	True	True	True	both_directions_pass
M000523	M000155	True	True	True	True	both_directions_pass
M000523	M000435	True	True	True	True	both_directions_pass
M000523	M000770	True	True	True	True	both_directions_pass
M000523	M000897	True	True	True	True	both_directions_pass
M000523	M001047	True	True	True	True	both_directions_pass
M000523	M001870	True	True	True	True	both_directions_pass
M000523	M002133	True	True	True	True	both_directions_pass
M000523	M003033	True	True	True	True	both_directions_pass
M000523	M003982	True	True	True	True	both_directions_pass
M000523	M004432	True	True	True	True	both_directions_pass
M000523	M004577	True	True	True	True	both_directions_pass
M000523	M004651	True	True	True	True	both_directions_pass
M000523	M004940	True	True	True	True	both_directions_pass
M000523	M005306	True	True	True	True	both_directions_pass
M000523	M005460	True	True	True	True	both_directions_pass
M000523	M005933	True	True	True	True	both_directions_pass
M000523	M006296	True	True	True	True	both_directions_pass
M000523	M006379	True	True	True	True	both_directions_pass
M000523	M006465	True	True	True	True	both_directions_pass
M000523	M006776	True	True	True	True	both_directions_pass
M000523	M006918	True	True	True	True	both_directions_pass
M000523	M007183	True	True	True	True	both_directions_pass
M000523	M008030	True	True	True	True	both_directions_pass
M000523	M008383	True	True	True	True	both_directions_pass
M000523	M009118	True	True	True	True	both_directions_pass
M000523	M009203	True	True	True	True	both_directions_pass
M000523	M009414	True	True	True	True	both_directions_pass
M000523	M009444	True	True	True	True	both_directions_pass
M000523	M009944	True	True	True	True	both_directions_pass
M000523	M010218	True	True	True	True	both_directions_pass
M000523	M010282	True	True	True	True	both_directions_pass
M000523	M010311	True	True	True	True	both_directions_pass
M000523	M011252	True	True	True	True	both_directions_pass
M000523	M011843	True	True	True	True	both_directions_pass
M000523	M012143	True	True	True	True	both_directions_pass
M000523	M013022	True	True	True	True	both_directions_pass
M000550	M000813	True	True	True	True	both_directions_pass
M000550	M001032	True	True	True	True	both_directions_pass
M000550	M001273	True	True	True	True	both_directions_pass
M000550	M001458	True	True	True	True	both_directions_pass
M000550	M002156	True	True	True	True	both_directions_pass
M000550	M002506	True	True	True	True	both_directions_pass
M000550	M002803	True	True	True	True	both_directions_pass
M000550	M003835	True	True	True	True	both_directions_pass
M000550	M004218	True	True	True	True	both_directions_pass
M000550	M004353	True	True	True	True	both_directions_pass
M000550	M004946	True	True	True	True	both_directions_pass
M000550	M005364	True	True	True	True	both_directions_pass
M000550	M005440	True	True	True	True	both_directions_pass
M000550	M005546	True	True	True	True	both_directions_pass
M000550	M005832	True	True	True	True	both_directions_pass
M000550	M005864	True	True	True	True	both_directions_pass
M000550	M006113	True	True	True	True	both_directions_pass
M000550	M007596	True	True	True	True	both_directions_pass
M000550	M008023	True	True	True	True	both_directions_pass
M000550	M008388	True	True	True	True	both_directions_pass
M000550	M008747	True	True	True	True	both_directions_pass
M000550	M008856	True	True	True	True	both_directions_pass
M000550	M009046	True	True	True	True	both_directions_pass
M000550	M009542	True	True	True	True	both_directions_pass
M000550	M009575	True	True	True	True	both_directions_pass
M000550	M009665	True	True	True	True	both_directions_pass
M000550	M010411	True	True	True	True	both_directions_pass
M000550	M010921	True	True	True	True	both_directions_pass
M000550	M011249	True	True	True	True	both_directions_pass
M000550	M011453	True	True	True	True	both_directions_pass
M000550	M011662	True	True	True	True	both_directions_pass
M000550	M011881	True	True	True	True	both_directions_pass
M000550	M012078	True	True	True	True	both_directions_pass
M000550	M012223	True	True	True	True	both_directions_pass
M000550	M012281	True	True	True	True	both_directions_pass
M000550	M012393	True	True	True	True	both_directions_pass
M000550	M012561	True	True	True	True	both_directions_pass
M000550	M012848	True	True	True	True	both_directions_pass
M000550	M013003	True	True	True	True	both_directions_pass
M000550	M013038	True	True	True	True	both_directions_pass
M000582	M006584	True	True	True	True	both_directions_pass
M000582	M007264	True	True	True	True	both_directions_pass
M000582	M010453	True	True	True	True	both_directions_pass
M000582	M010728	True	True	True	True	both_directions_pass
M000582	M012810	True	True	True	True	both_directions_pass
M000598	M002792	True	True	True	True	both_directions_pass
M000598	M006183	True	True	True	True	both_directions_pass
M000598	M007288	True	True	True	True	both_directions_pass
M000598	M007317	True	True	True	True	both_directions_pass
M000598	M009269	True	True	True	True	both_directions_pass
M000612	M000389	True	True	True	True	both_directions_pass
M000612	M003246	True	True	True	True	both_directions_pass
M000612	M005121	True	True	True	True	both_directions_pass
M000612	M006228	True	True	True	True	both_directions_pass
M000612	M006284	True	True	True	True	both_directions_pass
M000612	M010692	True	True	True	True	both_directions_pass
M000612	M011374	True	True	True	True	both_directions_pass
M000612	M013242	True	True	True	True	both_directions_pass
M000612	M014146	True	True	True	True	both_directions_pass
M000620	M002257	True	True	True	True	both_directions_pass
M000636	M000356	True	True	True	True	both_directions_pass
M000636	M001256	True	True	True	True	both_directions_pass
M000636	M001268	True	True	True	True	both_directions_pass
M000636	M002546	True	True	True	True	both_directions_pass
M000636	M006597	True	True	True	True	both_directions_pass
M000636	M010526	True	True	True	True	both_directions_pass
M000636	M013323	True	True	True	True	both_directions_pass
M000636	M015439	True	True	True	True	both_directions_pass
M000636	M015909	True	True	True	True	both_directions_pass
M000665	M008626	True	True	True	True	both_directions_pass
M000665	M011545	True	True	True	True	both_directions_pass
M000675	M001340	True	True	True	True	both_directions_pass
M000698	M000084	True	True	True	True	both_directions_pass
M000698	M000651	True	True	True	True	both_directions_pass
M000698	M002707	True	True	True	True	both_directions_pass
M000698	M003462	True	True	True	True	both_directions_pass
M000698	M004369	True	True	True	True	both_directions_pass
M000698	M004688	True	True	True	True	both_directions_pass
M000698	M007158	True	True	True	True	both_directions_pass
M000698	M008100	True	True	True	True	both_directions_pass
M000698	M010186	True	True	True	True	both_directions_pass
M000698	M010736	True	True	True	True	both_directions_pass
M000698	M011766	True	True	True	True	both_directions_pass
M000698	M012391	True	True	True	True	both_directions_pass
M000698	M013445	True	True	True	True	both_directions_pass
M000698	M013994	True	True	True	True	both_directions_pass
M000698	M013996	True	True	True	True	both_directions_pass
M000698	M014236	True	True	True	True	both_directions_pass
M000698	M014477	True	True	True	True	both_directions_pass
M000698	M014822	True	True	True	True	both_directions_pass
M000698	M015258	True	True	True	True	both_directions_pass
M000698	M015369	True	True	True	True	both_directions_pass
M000698	M015647	True	True	True	True	both_directions_pass
M000698	M015719	True	True	True	True	both_directions_pass
M000698	M015948	True	True	True	True	both_directions_pass
M000698	M016339	True	True	False	False	neither_direction_passes
M000698	M016368	True	True	True	True	both_directions_pass
M000698	M016370	True	True	True	True	both_directions_pass
M000698	M016455	True	True	True	True	both_directions_pass
M000698	M016621	True	True	True	True	both_directions_pass
M000698	M017040	True	True	True	True	both_directions_pass
M000698	M017547	True	True	True	True	both_directions_pass
M000698	M018064	True	True	True	True	both_directions_pass
M000701	M001619	True	True	True	True	both_directions_pass
M000701	M001728	True	True	True	True	both_directions_pass
M000701	M002390	True	True	True	True	both_directions_pass
M000701	M007663	True	True	True	True	both_directions_pass
M000712	M000270	True	True	True	True	both_directions_pass
M000712	M000823	True	True	True	True	both_directions_pass
M000712	M001582	True	True	True	True	both_directions_pass
M000712	M002426	True	True	True	True	both_directions_pass
M000712	M002876	True	True	True	True	both_directions_pass
M000712	M003670	True	True	True	True	both_directions_pass
M000712	M003825	True	True	True	True	both_directions_pass
M000712	M004265	True	True	True	True	both_directions_pass
M000712	M004736	True	True	True	True	both_directions_pass
M000712	M005118	True	True	True	True	both_directions_pass
M000712	M006461	True	True	True	True	both_directions_pass
M000712	M006691	True	True	True	True	both_directions_pass
M000712	M007667	True	True	True	True	both_directions_pass
M000712	M008435	True	True	True	True	both_directions_pass
M000712	M008982	True	True	True	True	both_directions_pass
M000712	M010223	True	True	True	True	both_directions_pass
M000712	M011259	True	True	True	True	both_directions_pass
M000712	M011728	True	True	True	True	both_directions_pass
M000712	M011911	True	True	True	True	both_directions_pass
M000712	M012364	True	True	True	True	both_directions_pass
M000712	M012385	True	True	True	True	both_directions_pass
M000712	M012494	True	True	True	True	both_directions_pass
M000712	M012742	True	True	True	True	both_directions_pass
M000712	M013065	True	True	True	True	both_directions_pass
M000712	M013615	True	True	True	True	both_directions_pass
M000712	M014696	True	True	True	True	both_directions_pass
M000712	M015250	True	True	True	True	both_directions_pass
M000712	M015253	True	True	True	True	both_directions_pass
M000712	M015407	True	True	True	True	both_directions_pass
M000712	M015446	True	True	True	True	both_directions_pass
M000712	M016121	True	True	True	True	both_directions_pass
M000712	M016995	True	True	True	True	both_directions_pass
M000712	M017146	True	True	True	True	both_directions_pass
M000712	M017394	True	True	True	True	both_directions_pass
M000712	M017716	True	True	True	True	both_directions_pass
M000712	M017827	True	True	True	True	both_directions_pass
M000712	M017942	True	True	True	True	both_directions_pass
M000719	M004516	True	True	True	True	both_directions_pass
M000719	M004845	True	True	True	True	both_directions_pass
M000731	M015503	True	True	True	True	both_directions_pass
M000732	M004452	True	True	True	True	both_directions_pass
M000732	M016063	True	True	True	True	both_directions_pass
M000735	M002592	True	True	True	True	both_directions_pass
M000735	M003391	True	True	True	True	both_directions_pass
M000735	M004243	True	True	True	True	both_directions_pass
M000735	M008407	True	True	False	False	neither_direction_passes
M000735	M008646	True	True	True	True	both_directions_pass
M000735	M011604	True	True	True	True	both_directions_pass
M000735	M012040	True	True	True	True	both_directions_pass
M000735	M013295	True	True	True	True	both_directions_pass
M000735	M013484	True	True	True	True	both_directions_pass
M000735	M013548	True	True	True	True	both_directions_pass
M000735	M014224	True	True	True	True	both_directions_pass
M000735	M015624	True	True	True	True	both_directions_pass
M000735	M015835	True	True	False	False	neither_direction_passes
M000735	M016102	True	True	True	True	both_directions_pass
M000735	M017072	True	True	True	True	both_directions_pass
M000735	M018148	True	True	False	False	neither_direction_passes
M000735	M018180	True	True	True	True	both_directions_pass
M000752	M000904	True	True	True	True	both_directions_pass
M000752	M011923	True	True	True	True	both_directions_pass
M000776	M000011	True	True	True	True	both_directions_pass
M000776	M000669	True	True	True	True	both_directions_pass
M000776	M000902	True	True	True	True	both_directions_pass
M000776	M000976	True	True	True	True	both_directions_pass
M000776	M001600	True	True	True	True	both_directions_pass
M000776	M001929	True	True	True	True	both_directions_pass
M000776	M002262	True	True	True	True	both_directions_pass
M000776	M003377	True	True	True	True	both_directions_pass
M000776	M003434	True	True	True	True	both_directions_pass
M000776	M004386	True	True	True	True	both_directions_pass
M000776	M004455	True	True	True	True	both_directions_pass
M000776	M005485	True	True	True	True	both_directions_pass
M000776	M006689	True	True	True	True	both_directions_pass
M000776	M006841	True	True	True	True	both_directions_pass
M000776	M006949	True	True	True	True	both_directions_pass
M000776	M007312	True	True	True	True	both_directions_pass
M000776	M007711	True	True	True	True	both_directions_pass
M000776	M008309	True	True	True	True	both_directions_pass
M000776	M009582	True	True	True	True	both_directions_pass
M000776	M009807	True	True	True	True	both_directions_pass
M000776	M011477	True	True	True	True	both_directions_pass
M000776	M011531	True	True	True	True	both_directions_pass
M000776	M012373	True	True	True	True	both_directions_pass
M000776	M015371	True	True	True	True	both_directions_pass
M000776	M016950	True	True	True	True	both_directions_pass
M000807	M000850	True	True	True	True	both_directions_pass
M000807	M011921	True	True	True	True	both_directions_pass
M000809	M000915	True	True	True	True	both_directions_pass
M000809	M011827	True	True	True	True	both_directions_pass
M000821	M011879	True	True	True	True	both_directions_pass
M000831	M000910	True	True	True	True	both_directions_pass
M000859	M011677	True	True	True	True	both_directions_pass
M000869	M000826	True	True	True	True	both_directions_pass
M000869	M001711	True	True	True	True	both_directions_pass
M000869	M001768	True	True	True	True	both_directions_pass
M000869	M007016	True	True	True	True	both_directions_pass
M000869	M011910	True	True	True	True	both_directions_pass
M000890	M000784	True	True	True	True	both_directions_pass
M000890	M004087	True	True	True	True	both_directions_pass
M000890	M006005	True	True	True	True	both_directions_pass
M000890	M011850	True	True	True	True	both_directions_pass
M000893	M011842	True	True	True	True	both_directions_pass
M000895	M011919	True	True	True	True	both_directions_pass
M000906	M000946	True	True	True	True	both_directions_pass
M000906	M011875	True	True	True	True	both_directions_pass
M000916	M000317	True	True	True	True	both_directions_pass
M000916	M000810	True	True	True	True	both_directions_pass
M000916	M002220	True	True	True	True	both_directions_pass
M000916	M002414	True	True	True	True	both_directions_pass
M000916	M006019	True	True	True	True	both_directions_pass
M000916	M011902	True	True	True	True	both_directions_pass
M000916	M015993	True	True	True	True	both_directions_pass
M000926	M011904	True	True	True	True	both_directions_pass
M000936	M000746	True	True	True	True	both_directions_pass
M000936	M007031	True	True	True	True	both_directions_pass
M000936	M011883	True	True	True	True	both_directions_pass
M000962	M001658	True	True	True	True	both_directions_pass
M000962	M001791	True	True	True	True	both_directions_pass
M000962	M003918	True	True	True	True	both_directions_pass
M000962	M008105	True	True	True	True	both_directions_pass
M000962	M010996	True	True	True	True	both_directions_pass
M000962	M012360	True	True	True	True	both_directions_pass
M000969	M000885	True	True	True	True	both_directions_pass
M000969	M003908	True	True	True	True	both_directions_pass
M000969	M005128	True	True	True	True	both_directions_pass
M000969	M007545	True	True	True	True	both_directions_pass
M000969	M007843	True	True	True	True	both_directions_pass
M000969	M011058	True	True	True	True	both_directions_pass
M000969	M011914	True	True	True	True	both_directions_pass
M000980	M000796	True	True	True	True	both_directions_pass
M000980	M000908	True	True	True	True	both_directions_pass
M000980	M001454	True	True	True	True	both_directions_pass
M000980	M002624	True	True	True	True	both_directions_pass
M000980	M003372	True	True	True	True	both_directions_pass
M000980	M003843	True	True	True	True	both_directions_pass
M000980	M005497	True	True	True	True	both_directions_pass
M000980	M008430	True	True	True	True	both_directions_pass
M000980	M008518	True	True	True	True	both_directions_pass
M000980	M008860	True	True	True	True	both_directions_pass
M000980	M009514	True	True	True	True	both_directions_pass
M000980	M010193	True	True	True	True	both_directions_pass
M000980	M011120	True	True	True	True	both_directions_pass
M000980	M011280	True	True	True	True	both_directions_pass
M000980	M011898	True	True	True	True	both_directions_pass
M000980	M013148	True	True	True	True	both_directions_pass
M000980	M014185	True	True	True	True	both_directions_pass
M000980	M014771	True	True	True	True	both_directions_pass
M000980	M015526	True	True	True	True	both_directions_pass
M000980	M016149	True	True	True	True	both_directions_pass
M001013	M006595	True	True	True	True	both_directions_pass
M001014	M016447	True	True	True	True	both_directions_pass
M001016	M000340	True	True	True	True	both_directions_pass
M001016	M000649	True	True	True	True	both_directions_pass
M001016	M000931	True	True	True	True	both_directions_pass
M001016	M000973	True	True	True	True	both_directions_pass
M001016	M001592	True	True	False	False	neither_direction_passes
M001016	M001700	True	True	True	True	both_directions_pass
M001016	M001932	True	True	True	True	both_directions_pass
M001016	M002486	True	True	True	True	both_directions_pass
M001016	M002688	True	True	True	True	both_directions_pass
M001016	M002905	True	True	True	True	both_directions_pass
M001016	M003380	True	True	True	True	both_directions_pass
M001016	M004021	True	True	True	True	both_directions_pass
M001016	M004138	True	True	True	True	both_directions_pass
M001016	M004692	True	True	True	True	both_directions_pass
M001016	M005006	True	True	True	True	both_directions_pass
M001016	M005059	True	True	True	True	both_directions_pass
M001016	M005179	True	True	True	True	both_directions_pass
M001016	M005451	True	True	True	True	both_directions_pass
M001016	M005651	True	True	True	True	both_directions_pass
M001016	M005992	True	True	True	True	both_directions_pass
M001016	M006419	True	True	True	True	both_directions_pass
M001016	M007362	True	True	True	True	both_directions_pass
M001016	M008142	True	True	True	True	both_directions_pass
M001016	M008451	True	True	True	True	both_directions_pass
M001016	M009187	True	True	True	True	both_directions_pass
M001016	M009797	True	True	False	False	neither_direction_passes
M001016	M009996	True	True	True	True	both_directions_pass
M001016	M010147	True	True	True	True	both_directions_pass
M001016	M010360	True	True	True	True	both_directions_pass
M001016	M010649	True	True	True	True	both_directions_pass
M001016	M011048	True	True	True	True	both_directions_pass
M001016	M011090	True	True	True	True	both_directions_pass
M001016	M011493	True	True	True	True	both_directions_pass
M001016	M011552	True	True	True	True	both_directions_pass
M001016	M011861	True	True	True	True	both_directions_pass
M001016	M012474	True	True	True	True	both_directions_pass
M001016	M012711	True	True	True	True	both_directions_pass
M001016	M012801	True	True	True	True	both_directions_pass
M001016	M012979	True	True	True	True	both_directions_pass
M001016	M013081	True	True	True	True	both_directions_pass
M001023	M000123	True	True	True	True	both_directions_pass
M001023	M000352	True	True	True	True	both_directions_pass
M001023	M000606	True	True	True	True	both_directions_pass
M001023	M000662	True	True	True	True	both_directions_pass
M001023	M000689	True	True	True	True	both_directions_pass
M001023	M000738	True	True	True	True	both_directions_pass
M001023	M001057	True	True	True	True	both_directions_pass
M001023	M001138	True	True	True	True	both_directions_pass
M001023	M001353	True	True	True	True	both_directions_pass
M001023	M001355	True	True	True	True	both_directions_pass
M001023	M001384	True	True	True	True	both_directions_pass
M001023	M001498	True	True	True	True	both_directions_pass
M001023	M001578	True	True	True	True	both_directions_pass
M001023	M001756	True	True	True	True	both_directions_pass
M001023	M001909	True	True	True	True	both_directions_pass
M001023	M002033	True	True	True	True	both_directions_pass
M001023	M002127	True	True	True	True	both_directions_pass
M001023	M002297	True	True	True	True	both_directions_pass
M001023	M002483	True	True	True	True	both_directions_pass
M001023	M002573	True	True	True	True	both_directions_pass
M001023	M002696	True	True	True	True	both_directions_pass
M001023	M002951	True	True	True	True	both_directions_pass
M001023	M003268	True	True	True	True	both_directions_pass
M001023	M003415	True	True	True	True	both_directions_pass
M001023	M003615	True	True	True	True	both_directions_pass
M001023	M003702	True	True	True	True	both_directions_pass
M001023	M003821	True	True	True	True	both_directions_pass
M001023	M003937	True	True	True	True	both_directions_pass
M001023	M004155	True	True	True	True	both_directions_pass
M001023	M004324	True	True	True	True	both_directions_pass
M001023	M004496	True	True	True	True	both_directions_pass
M001023	M004604	True	True	True	True	both_directions_pass
M001023	M004686	True	True	True	True	both_directions_pass
M001023	M004863	True	True	True	True	both_directions_pass
M001023	M004917	True	True	True	True	both_directions_pass
M001023	M005090	True	True	True	True	both_directions_pass
M001023	M005367	True	True	True	True	both_directions_pass
M001023	M005486	True	True	True	True	both_directions_pass
M001023	M005527	True	True	True	True	both_directions_pass
M001023	M005684	True	True	True	True	both_directions_pass
M001023	M005816	True	True	True	True	both_directions_pass
M001023	M005946	True	True	True	True	both_directions_pass
M001023	M006105	True	True	True	True	both_directions_pass
M001023	M006241	True	True	True	True	both_directions_pass
M001023	M006482	True	True	True	True	both_directions_pass
M001023	M006561	True	True	True	True	both_directions_pass
M001023	M006609	True	True	True	True	both_directions_pass
M001023	M007174	True	True	True	True	both_directions_pass
M001023	M007224	True	True	True	True	both_directions_pass
M001023	M007348	True	True	True	True	both_directions_pass
M001023	M007386	True	True	True	True	both_directions_pass
M001023	M007578	True	True	True	True	both_directions_pass
M001023	M007787	True	True	True	True	both_directions_pass
M001023	M007852	True	True	True	True	both_directions_pass
M001023	M007943	True	True	True	True	both_directions_pass
M001023	M008091	True	True	True	True	both_directions_pass
M001023	M008202	True	True	True	True	both_directions_pass
M001023	M008253	True	True	True	True	both_directions_pass
M001023	M008315	True	True	True	True	both_directions_pass
M001023	M008700	True	True	True	True	both_directions_pass
M001023	M008834	True	True	True	True	both_directions_pass
M001023	M009098	True	True	True	True	both_directions_pass
M001023	M009209	True	True	True	True	both_directions_pass
M001023	M009481	True	True	True	True	both_directions_pass
M001023	M009620	True	True	True	True	both_directions_pass
M001023	M009696	True	True	True	True	both_directions_pass
M001023	M009758	True	True	True	True	both_directions_pass
M001023	M009990	True	True	True	True	both_directions_pass
M001023	M010057	True	True	True	True	both_directions_pass
M001023	M010307	True	True	True	True	both_directions_pass
M001023	M010443	True	True	True	True	both_directions_pass
M001023	M010606	True	True	True	True	both_directions_pass
M001023	M010646	True	True	True	True	both_directions_pass
M001023	M010739	True	True	True	True	both_directions_pass
M001023	M010822	True	True	True	True	both_directions_pass
M001023	M011033	True	True	True	True	both_directions_pass
M001023	M011118	True	True	True	True	both_directions_pass
M001023	M011160	True	True	True	True	both_directions_pass
M001023	M011389	True	True	True	True	both_directions_pass
M001023	M011522	True	True	True	True	both_directions_pass
M001023	M011546	True	True	True	True	both_directions_pass
M001023	M011663	True	True	True	True	both_directions_pass
M001023	M011864	True	True	True	True	both_directions_pass
M001023	M012049	True	True	True	True	both_directions_pass
M001023	M012236	True	True	True	True	both_directions_pass
M001023	M012263	True	True	True	True	both_directions_pass
M001023	M012480	True	True	True	True	both_directions_pass
M001023	M012666	True	True	True	True	both_directions_pass
M001023	M012696	True	True	True	True	both_directions_pass
M001023	M012879	True	True	True	True	both_directions_pass
M001023	M013102	True	True	True	True	both_directions_pass
M001027	M013409	True	True	True	True	both_directions_pass
M001028	M012073	True	True	True	True	both_directions_pass
M001042	M000097	True	True	True	True	both_directions_pass
M001042	M000595	True	True	True	True	both_directions_pass
M001042	M000680	True	True	True	True	both_directions_pass
M001042	M000847	True	True	True	True	both_directions_pass
M001042	M000952	True	True	True	True	both_directions_pass
M001042	M001322	True	True	True	True	both_directions_pass
M001042	M001435	True	True	True	True	both_directions_pass
M001042	M001671	True	True	True	True	both_directions_pass
M001042	M001964	True	True	True	True	both_directions_pass
M001042	M002186	True	True	True	True	both_directions_pass
M001042	M002255	True	True	True	True	both_directions_pass
M001042	M002323	True	True	True	True	both_directions_pass
M001042	M002433	True	True	True	True	both_directions_pass
M001042	M002786	True	True	True	True	both_directions_pass
M001042	M002923	True	True	True	True	both_directions_pass
M001042	M003196	True	True	True	True	both_directions_pass
M001042	M003341	True	True	True	True	both_directions_pass
M001042	M003641	True	True	True	True	both_directions_pass
M001042	M003680	True	True	True	True	both_directions_pass
M001042	M003817	True	True	True	True	both_directions_pass
M001042	M003995	True	True	True	True	both_directions_pass
M001042	M004371	True	True	True	True	both_directions_pass
M001042	M004459	True	True	True	True	both_directions_pass
M001042	M004557	True	True	True	True	both_directions_pass
M001042	M004778	True	True	True	True	both_directions_pass
M001042	M004948	True	True	True	True	both_directions_pass
M001042	M005013	True	True	True	True	both_directions_pass
M001042	M005175	True	True	True	True	both_directions_pass
M001042	M005449	True	True	True	True	both_directions_pass
M001042	M005573	True	True	True	True	both_directions_pass
M001042	M005663	True	True	True	True	both_directions_pass
M001042	M005761	True	True	True	True	both_directions_pass
M001042	M006253	True	True	True	True	both_directions_pass
M001042	M006288	True	True	True	True	both_directions_pass
M001042	M006422	True	True	True	True	both_directions_pass
M001042	M006445	True	True	True	True	both_directions_pass
M001042	M006603	True	True	True	True	both_directions_pass
M001042	M006879	True	True	True	True	both_directions_pass
M001042	M007223	True	True	True	True	both_directions_pass
M001042	M007271	True	True	True	True	both_directions_pass
M001042	M007302	True	True	True	True	both_directions_pass
M001042	M007419	True	True	True	True	both_directions_pass
M001042	M007562	True	True	True	True	both_directions_pass
M001042	M007697	True	True	True	True	both_directions_pass
M001042	M007871	True	True	True	True	both_directions_pass
M001042	M008021	True	True	True	True	both_directions_pass
M001042	M008132	True	True	True	True	both_directions_pass
M001042	M008204	True	True	True	True	both_directions_pass
M001042	M008233	True	True	True	True	both_directions_pass
M001042	M008360	True	True	True	True	both_directions_pass
M001042	M008544	True	True	True	True	both_directions_pass
M001042	M008613	True	True	True	True	both_directions_pass
M001042	M008744	True	True	True	True	both_directions_pass
M001042	M008930	True	True	True	True	both_directions_pass
M001042	M008992	True	True	True	True	both_directions_pass
M001042	M009159	True	True	True	True	both_directions_pass
M001042	M009230	True	True	True	True	both_directions_pass
M001042	M009317	True	True	True	True	both_directions_pass
M001042	M009597	True	True	True	True	both_directions_pass
M001042	M009629	True	True	True	True	both_directions_pass
M001042	M009655	True	True	True	True	both_directions_pass
M001042	M009721	True	True	True	True	both_directions_pass
M001042	M009859	True	True	True	True	both_directions_pass
M001042	M009958	True	True	True	True	both_directions_pass
M001042	M010089	True	True	True	True	both_directions_pass
M001042	M010227	True	True	True	True	both_directions_pass
M001042	M010327	True	True	True	True	both_directions_pass
M001042	M010430	True	True	True	True	both_directions_pass
M001042	M010554	True	True	True	True	both_directions_pass
M001042	M010767	True	True	True	True	both_directions_pass
M001042	M010801	True	True	True	True	both_directions_pass
M001042	M010927	True	True	True	True	both_directions_pass
M001042	M011065	True	True	True	True	both_directions_pass
M001042	M011156	True	True	True	True	both_directions_pass
M001042	M011246	True	True	True	True	both_directions_pass
M001042	M011284	True	True	True	True	both_directions_pass
M001042	M011417	True	True	True	True	both_directions_pass
M001042	M011749	True	True	True	True	both_directions_pass
M001042	M011872	True	True	True	True	both_directions_pass
M001042	M012218	True	True	True	True	both_directions_pass
M001042	M012317	True	True	True	True	both_directions_pass
M001042	M012416	True	True	True	True	both_directions_pass
M001042	M012571	True	True	True	True	both_directions_pass
M001042	M012629	True	True	True	True	both_directions_pass
M001042	M012664	True	True	True	True	both_directions_pass
M001042	M012709	True	True	True	True	both_directions_pass
M001042	M012860	True	True	True	True	both_directions_pass
M001042	M012974	True	True	True	True	both_directions_pass
M001042	M013126	True	True	True	True	both_directions_pass
M001100	M000722	True	True	True	True	both_directions_pass
M001100	M000872	True	True	True	True	both_directions_pass
M001100	M002270	True	True	True	True	both_directions_pass
M001100	M004216	True	True	True	True	both_directions_pass
M001100	M007044	True	True	True	True	both_directions_pass
M001100	M009809	True	True	True	True	both_directions_pass
M001100	M010306	True	True	True	True	both_directions_pass
M001100	M011820	True	True	True	True	both_directions_pass
M001100	M011928	True	True	True	True	both_directions_pass
M001100	M012338	True	True	True	True	both_directions_pass
M001110	M013869	True	True	True	True	both_directions_pass
M001125	M007746	True	True	True	True	both_directions_pass
M001125	M013977	True	True	True	True	both_directions_pass
M001127	M002545	True	True	True	True	both_directions_pass
M001129	M003794	True	True	True	True	both_directions_pass
M001129	M004067	True	True	True	True	both_directions_pass
M001129	M004595	True	True	True	True	both_directions_pass
M001129	M004791	True	True	True	True	both_directions_pass
M001129	M004905	True	True	True	True	both_directions_pass
M001129	M006178	True	True	True	True	both_directions_pass
M001129	M006329	True	True	True	True	both_directions_pass
M001129	M007657	True	True	True	True	both_directions_pass
M001129	M008967	True	True	True	True	both_directions_pass
M001129	M013342	True	True	True	True	both_directions_pass
M001129	M014667	True	True	True	True	both_directions_pass
M001129	M015251	True	True	True	True	both_directions_pass
M001129	M015751	True	True	True	True	both_directions_pass
M001129	M018100	True	True	True	True	both_directions_pass
M001155	M000502	True	True	True	True	both_directions_pass
M001155	M001323	True	True	True	True	both_directions_pass
M001155	M001558	True	True	True	True	both_directions_pass
M001155	M001647	True	True	True	True	both_directions_pass
M001155	M003921	True	True	True	True	both_directions_pass
M001155	M004327	True	True	True	True	both_directions_pass
M001155	M004837	True	True	True	True	both_directions_pass
M001155	M004958	True	True	True	True	both_directions_pass
M001155	M006260	True	True	True	True	both_directions_pass
M001155	M010729	True	True	True	True	both_directions_pass
M001155	M011471	True	True	True	True	both_directions_pass
M001155	M011975	True	True	True	True	both_directions_pass
M001155	M017129	True	True	True	True	both_directions_pass
M001155	M017639	True	True	True	True	both_directions_pass
M001155	M017996	True	True	True	True	both_directions_pass
M001163	M000046	True	True	True	True	both_directions_pass
M001163	M000080	True	True	True	True	both_directions_pass
M001163	M000288	True	True	True	True	both_directions_pass
M001163	M000298	True	True	True	True	both_directions_pass
M001163	M000311	True	True	True	True	both_directions_pass
M001163	M000375	True	True	True	True	both_directions_pass
M001163	M000517	True	True	True	True	both_directions_pass
M001163	M000565	True	True	True	True	both_directions_pass
M001163	M000634	True	True	True	True	both_directions_pass
M001163	M001067	True	True	True	True	both_directions_pass
M001163	M001329	True	True	True	True	both_directions_pass
M001163	M001451	True	True	True	True	both_directions_pass
M001163	M001548	True	True	True	True	both_directions_pass
M001163	M001752	True	True	True	True	both_directions_pass
M001163	M001788	True	True	True	True	both_directions_pass
M001163	M001869	True	True	True	True	both_directions_pass
M001163	M001996	True	True	True	True	both_directions_pass
M001163	M002197	True	True	True	True	both_directions_pass
M001163	M002436	True	True	True	True	both_directions_pass
M001163	M002594	True	True	True	True	both_directions_pass
M001163	M002712	True	True	True	True	both_directions_pass
M001163	M002821	True	True	True	True	both_directions_pass
M001163	M003003	True	True	True	True	both_directions_pass
M001163	M003120	True	True	True	True	both_directions_pass
M001163	M003328	True	True	True	True	both_directions_pass
M001163	M003464	True	True	True	True	both_directions_pass
M001163	M003638	True	True	True	True	both_directions_pass
M001163	M003726	True	True	True	True	both_directions_pass
M001163	M003886	True	True	True	True	both_directions_pass
M001163	M003959	True	True	True	True	both_directions_pass
M001163	M004137	True	True	True	True	both_directions_pass
M001163	M004270	True	True	True	True	both_directions_pass
M001163	M004503	True	True	True	True	both_directions_pass
M001163	M004583	True	True	True	True	both_directions_pass
M001163	M004696	True	True	True	True	both_directions_pass
M001163	M004877	True	True	True	True	both_directions_pass
M001163	M004983	True	True	True	True	both_directions_pass
M001163	M005259	True	True	True	True	both_directions_pass
M001163	M005298	True	True	True	True	both_directions_pass
M001163	M005447	True	True	True	True	both_directions_pass
M001163	M005508	True	True	True	True	both_directions_pass
M001163	M005633	True	True	True	True	both_directions_pass
M001163	M005803	True	True	True	True	both_directions_pass
M001163	M006011	True	True	True	True	both_directions_pass
M001163	M006311	True	True	True	True	both_directions_pass
M001163	M006339	True	True	True	True	both_directions_pass
M001163	M006433	True	True	True	True	both_directions_pass
M001163	M006499	True	True	True	True	both_directions_pass
M001163	M006707	True	True	True	True	both_directions_pass
M001163	M006786	True	True	True	True	both_directions_pass
M001163	M006844	True	True	True	True	both_directions_pass
M001163	M006960	True	True	True	True	both_directions_pass
M001163	M007185	True	True	True	True	both_directions_pass
M001163	M007213	True	True	True	True	both_directions_pass
M001163	M007440	True	True	True	True	both_directions_pass
M001163	M007481	True	True	True	True	both_directions_pass
M001163	M007629	True	True	True	True	both_directions_pass
M001163	M007762	True	True	True	True	both_directions_pass
M001163	M007847	True	True	True	True	both_directions_pass
M001163	M007968	True	True	True	True	both_directions_pass
M001163	M008151	True	True	True	True	both_directions_pass
M001163	M008264	True	True	True	True	both_directions_pass
M001163	M008561	True	True	True	True	both_directions_pass
M001163	M008682	True	True	True	True	both_directions_pass
M001163	M008867	True	True	True	True	both_directions_pass
M001163	M008943	True	True	True	True	both_directions_pass
M001163	M009054	True	True	True	True	both_directions_pass
M001163	M009141	True	True	True	True	both_directions_pass
M001163	M009206	True	True	True	True	both_directions_pass
M001163	M009311	True	True	True	True	both_directions_pass
M001163	M009637	True	True	True	True	both_directions_pass
M001163	M009673	True	True	True	True	both_directions_pass
M001163	M009836	True	True	True	True	both_directions_pass
M001163	M009921	True	True	True	True	both_directions_pass
M001163	M010015	True	True	True	True	both_directions_pass
M001163	M010169	True	True	True	True	both_directions_pass
M001163	M010315	True	True	True	True	both_directions_pass
M001163	M010391	True	True	True	True	both_directions_pass
M001163	M010584	True	True	True	True	both_directions_pass
M001163	M010705	True	True	True	True	both_directions_pass
M001163	M010734	True	True	True	True	both_directions_pass
M001163	M010971	True	True	True	True	both_directions_pass
M001163	M011197	True	True	True	True	both_directions_pass
M001163	M011276	True	True	True	True	both_directions_pass
M001163	M011382	True	True	True	True	both_directions_pass
M001163	M011468	True	True	True	True	both_directions_pass
M001163	M011617	True	True	True	True	both_directions_pass
M001163	M011664	True	True	True	True	both_directions_pass
M001163	M012029	True	True	True	True	both_directions_pass
M001163	M012213	True	True	True	True	both_directions_pass
M001163	M012273	True	True	True	True	both_directions_pass
M001163	M012357	True	True	True	True	both_directions_pass
M001163	M012477	True	True	True	True	both_directions_pass
M001163	M012495	True	True	True	True	both_directions_pass
M001163	M012763	True	True	True	True	both_directions_pass
M001163	M012858	True	True	True	True	both_directions_pass
M001163	M012914	True	True	True	True	both_directions_pass
M001163	M013146	True	True	True	True	both_directions_pass
M001163	M013319	True	True	True	True	both_directions_pass
M001163	M013999	True	True	True	True	both_directions_pass
M001163	M014239	True	True	True	True	both_directions_pass
M001163	M014523	True	True	True	True	both_directions_pass
M001163	M014586	True	True	True	True	both_directions_pass
M001163	M014632	True	True	True	True	both_directions_pass
M001163	M015079	True	True	True	True	both_directions_pass
M001163	M015226	True	True	True	True	both_directions_pass
M001163	M015553	True	True	True	True	both_directions_pass
M001163	M015701	True	True	True	True	both_directions_pass
M001163	M016108	True	True	True	True	both_directions_pass
M001163	M018009	True	True	True	True	both_directions_pass
M001163	M018047	True	True	True	True	both_directions_pass
M001167	M004024	True	True	True	True	both_directions_pass
M001167	M004569	True	True	True	True	both_directions_pass
M001167	M004897	True	True	True	True	both_directions_pass
M001167	M006137	True	True	True	True	both_directions_pass
M001167	M006349	True	True	True	True	both_directions_pass
M001167	M010780	True	True	True	True	both_directions_pass
M001167	M011050	True	True	True	True	both_directions_pass
M001231	M000306	True	True	True	True	both_directions_pass
M001231	M000879	True	True	True	True	both_directions_pass
M001231	M000967	True	True	True	True	both_directions_pass
M001231	M001240	True	True	True	True	both_directions_pass
M001231	M001603	True	True	True	True	both_directions_pass
M001231	M001617	True	True	True	True	both_directions_pass
M001231	M001673	True	True	True	True	both_directions_pass
M001231	M001790	True	True	True	True	both_directions_pass
M001231	M001857	True	True	True	True	both_directions_pass
M001231	M002224	True	True	True	True	both_directions_pass
M001231	M004068	True	True	True	True	both_directions_pass
M001231	M004205	True	True	True	True	both_directions_pass
M001231	M006023	True	True	True	True	both_directions_pass
M001231	M008087	True	True	True	True	both_directions_pass
M001231	M009759	True	True	True	True	both_directions_pass
M001231	M010348	True	True	True	True	both_directions_pass
M001231	M011859	True	True	True	True	both_directions_pass
M001231	M012362	True	True	True	True	both_directions_pass
M001231	M017968	True	True	True	True	both_directions_pass
M001243	M000128	True	True	True	True	both_directions_pass
M001243	M000363	True	True	True	True	both_directions_pass
M001243	M000424	True	True	True	True	both_directions_pass
M001243	M000583	True	True	True	True	both_directions_pass
M001243	M001061	True	True	True	True	both_directions_pass
M001243	M001397	True	True	True	True	both_directions_pass
M001243	M001542	True	True	True	True	both_directions_pass
M001243	M001966	True	True	True	True	both_directions_pass
M001243	M002145	True	True	True	True	both_directions_pass
M001243	M002591	True	True	True	True	both_directions_pass
M001243	M002598	True	True	True	True	both_directions_pass
M001243	M002655	True	True	True	True	both_directions_pass
M001243	M002848	True	True	True	True	both_directions_pass
M001243	M002925	True	True	True	True	both_directions_pass
M001243	M002978	True	True	True	True	both_directions_pass
M001243	M003202	True	True	True	True	both_directions_pass
M001243	M003606	True	True	True	True	both_directions_pass
M001243	M003671	True	True	True	True	both_directions_pass
M001243	M003890	True	True	True	True	both_directions_pass
M001243	M003948	True	True	True	True	both_directions_pass
M001243	M004506	True	True	True	True	both_directions_pass
M001243	M004785	True	True	True	True	both_directions_pass
M001243	M005605	True	True	True	True	both_directions_pass
M001243	M005638	True	True	True	True	both_directions_pass
M001243	M005904	True	True	True	True	both_directions_pass
M001243	M005935	True	True	True	True	both_directions_pass
M001243	M006144	True	True	True	True	both_directions_pass
M001243	M006745	True	True	True	True	both_directions_pass
M001243	M006964	True	True	True	True	both_directions_pass
M001243	M007161	True	True	True	True	both_directions_pass
M001243	M007305	True	True	True	True	both_directions_pass
M001243	M007544	True	True	True	True	both_directions_pass
M001243	M007781	True	True	True	True	both_directions_pass
M001243	M008252	True	True	True	True	both_directions_pass
M001243	M008368	True	True	True	True	both_directions_pass
M001243	M008760	True	True	True	True	both_directions_pass
M001243	M009278	True	True	True	True	both_directions_pass
M001243	M009534	True	True	True	True	both_directions_pass
M001243	M009587	True	True	True	True	both_directions_pass
M001243	M009852	True	True	True	True	both_directions_pass
M001243	M009984	True	True	True	True	both_directions_pass
M001243	M010075	True	True	True	True	both_directions_pass
M001243	M010199	True	True	True	True	both_directions_pass
M001243	M010456	True	True	True	True	both_directions_pass
M001243	M010572	True	True	True	True	both_directions_pass
M001243	M010706	True	True	True	True	both_directions_pass
M001243	M010859	True	True	True	True	both_directions_pass
M001243	M011014	True	True	True	True	both_directions_pass
M001243	M011345	True	True	True	True	both_directions_pass
M001243	M011681	True	True	True	True	both_directions_pass
M001243	M012212	True	True	True	True	both_directions_pass
M001243	M012328	True	True	True	True	both_directions_pass
M001243	M012466	True	True	True	True	both_directions_pass
M001243	M012596	True	True	True	True	both_directions_pass
M001243	M013401	True	True	True	True	both_directions_pass
M001243	M014073	True	True	True	True	both_directions_pass
M001243	M016652	True	True	True	True	both_directions_pass
M001286	M001695	True	True	True	True	both_directions_pass
M001286	M001777	True	True	True	True	both_directions_pass
M001286	M008171	True	True	True	True	both_directions_pass
M001289	M003436	True	True	True	True	both_directions_pass
M001289	M003483	True	True	True	True	both_directions_pass
M001289	M006057	True	True	True	True	both_directions_pass
M001289	M008110	True	True	True	True	both_directions_pass
M001289	M010623	True	True	True	True	both_directions_pass
M001289	M012678	True	True	True	True	both_directions_pass
M001290	M000113	True	True	True	True	both_directions_pass
M001290	M000416	True	True	True	True	both_directions_pass
M001290	M000519	True	True	True	True	both_directions_pass
M001290	M000955	True	True	True	True	both_directions_pass
M001290	M001204	True	True	True	True	both_directions_pass
M001290	M001401	True	True	True	True	both_directions_pass
M001290	M001440	True	True	True	True	both_directions_pass
M001290	M001543	True	True	True	True	both_directions_pass
M001290	M001911	True	True	True	True	both_directions_pass
M001290	M002073	True	True	True	True	both_directions_pass
M001290	M002172	True	True	True	True	both_directions_pass
M001290	M002528	True	True	True	True	both_directions_pass
M001290	M002548	True	True	True	True	both_directions_pass
M001290	M002634	True	True	True	True	both_directions_pass
M001290	M002852	True	True	True	True	both_directions_pass
M001290	M002865	True	True	True	True	both_directions_pass
M001290	M002917	True	True	True	True	both_directions_pass
M001290	M003037	True	True	True	True	both_directions_pass
M001290	M003223	True	True	True	True	both_directions_pass
M001290	M003346	True	True	False	False	neither_direction_passes
M001290	M003593	True	True	True	True	both_directions_pass
M001290	M003666	True	True	True	True	both_directions_pass
M001290	M003782	True	True	True	True	both_directions_pass
M001290	M004161	True	True	True	True	both_directions_pass
M001290	M004292	True	True	True	True	both_directions_pass
M001290	M004438	True	True	True	True	both_directions_pass
M001290	M004590	True	True	True	True	both_directions_pass
M001290	M004804	True	True	True	True	both_directions_pass
M001290	M004998	True	True	True	True	both_directions_pass
M001290	M005034	True	True	True	True	both_directions_pass
M001290	M005204	True	True	True	True	both_directions_pass
M001290	M005320	True	True	True	True	both_directions_pass
M001290	M005472	True	True	True	True	both_directions_pass
M001290	M005704	True	True	True	True	both_directions_pass
M001290	M005721	True	True	True	True	both_directions_pass
M001290	M005809	True	True	True	True	both_directions_pass
M001290	M006008	True	True	True	True	both_directions_pass
M001290	M006323	True	True	True	True	both_directions_pass
M001290	M006423	True	True	True	True	both_directions_pass
M001290	M006537	True	True	True	True	both_directions_pass
M001290	M006686	True	True	True	True	both_directions_pass
M001290	M006780	True	True	True	True	both_directions_pass
M001290	M006971	True	True	True	True	both_directions_pass
M001290	M007054	True	True	True	True	both_directions_pass
M001290	M007151	True	True	True	True	both_directions_pass
M001290	M007472	True	True	True	True	both_directions_pass
M001290	M007521	True	True	True	True	both_directions_pass
M001290	M007614	True	True	True	True	both_directions_pass
M001290	M007782	True	True	True	True	both_directions_pass
M001290	M007983	True	True	True	True	both_directions_pass
M001290	M007997	True	True	True	True	both_directions_pass
M001290	M008117	True	True	True	True	both_directions_pass
M001290	M008206	True	True	True	True	both_directions_pass
M001290	M008247	True	True	True	True	both_directions_pass
M001290	M008342	True	True	True	True	both_directions_pass
M001290	M008603	True	True	True	True	both_directions_pass
M001290	M008690	True	True	True	True	both_directions_pass
M001290	M008824	True	True	True	True	both_directions_pass
M001290	M008891	True	True	True	True	both_directions_pass
M001290	M009034	True	True	True	True	both_directions_pass
M001290	M009400	True	True	True	True	both_directions_pass
M001290	M009494	True	True	True	True	both_directions_pass
M001290	M009527	True	True	True	True	both_directions_pass
M001290	M009660	True	True	True	True	both_directions_pass
M001290	M009722	True	True	True	True	both_directions_pass
M001290	M009822	True	True	True	True	both_directions_pass
M001290	M009879	True	True	True	True	both_directions_pass
M001290	M010035	True	True	True	True	both_directions_pass
M001290	M010161	True	True	True	True	both_directions_pass
M001290	M010459	True	True	True	True	both_directions_pass
M001290	M010518	True	True	True	True	both_directions_pass
M001290	M010659	True	True	True	True	both_directions_pass
M001290	M010874	True	True	True	True	both_directions_pass
M001290	M011290	True	True	True	True	both_directions_pass
M001290	M011337	True	True	True	True	both_directions_pass
M001290	M011406	True	True	True	True	both_directions_pass
M001290	M011699	True	True	True	True	both_directions_pass
M001290	M012094	True	True	True	True	both_directions_pass
M001290	M012252	True	True	True	True	both_directions_pass
M001290	M012443	True	True	True	True	both_directions_pass
M001290	M012570	True	True	True	True	both_directions_pass
M001290	M012891	True	True	True	True	both_directions_pass
M001290	M012935	True	True	True	True	both_directions_pass
M001290	M013091	True	True	True	True	both_directions_pass
M001290	M017754	True	True	True	True	both_directions_pass
M001301	M000387	True	True	True	True	both_directions_pass
M001301	M004808	True	True	True	True	both_directions_pass
M001301	M010566	True	True	True	True	both_directions_pass
M001313	M001704	True	True	True	True	both_directions_pass
M001320	M000571	True	True	True	True	both_directions_pass
M001320	M000846	True	True	True	True	both_directions_pass
M001320	M000919	True	True	True	True	both_directions_pass
M001320	M001244	True	True	True	True	both_directions_pass
M001320	M001604	True	True	True	True	both_directions_pass
M001320	M001807	True	True	True	True	both_directions_pass
M001320	M001893	True	True	True	True	both_directions_pass
M001320	M004810	True	True	True	True	both_directions_pass
M001320	M005026	True	True	True	True	both_directions_pass
M001320	M005297	True	True	True	True	both_directions_pass
M001320	M006515	True	True	True	True	both_directions_pass
M001320	M007484	True	True	True	True	both_directions_pass
M001320	M007900	True	True	True	True	both_directions_pass
M001320	M009943	True	True	True	True	both_directions_pass
M001320	M010133	True	True	True	True	both_directions_pass
M001320	M011897	True	True	True	True	both_directions_pass
M001320	M012398	True	True	True	True	both_directions_pass
M001320	M012716	True	True	True	True	both_directions_pass
M001320	M013020	True	True	True	True	both_directions_pass
M001320	M013874	True	True	True	True	both_directions_pass
M001320	M013909	True	True	True	True	both_directions_pass
M001320	M013910	True	True	True	True	both_directions_pass
M001320	M014648	True	True	True	True	both_directions_pass
M001320	M017857	True	True	True	True	both_directions_pass
M001320	M018086	True	True	True	True	both_directions_pass
M001327	M000693	True	True	True	True	both_directions_pass
M001327	M011502	True	True	True	True	both_directions_pass
M001327	M011542	True	True	True	True	both_directions_pass
M001327	M012026	True	True	True	True	both_directions_pass
M001327	M012783	True	True	True	True	both_directions_pass
M001327	M016721	True	True	True	True	both_directions_pass
M001351	M004226	True	True	True	True	both_directions_pass
M001351	M004702	True	True	True	True	both_directions_pass
M001351	M005042	True	True	True	True	both_directions_pass
M001356	M003058	True	True	True	True	both_directions_pass
M001356	M008389	True	True	True	True	both_directions_pass
M001356	M008726	True	True	True	True	both_directions_pass
M001369	M000041	True	True	True	True	both_directions_pass
M001369	M000061	True	True	True	True	both_directions_pass
M001369	M000754	True	True	True	True	both_directions_pass
M001369	M000950	True	True	True	True	both_directions_pass
M001369	M001123	True	True	True	True	both_directions_pass
M001369	M001157	True	True	True	True	both_directions_pass
M001369	M001902	True	True	True	True	both_directions_pass
M001369	M002030	True	True	True	True	both_directions_pass
M001369	M002189	True	True	True	True	both_directions_pass
M001369	M002724	True	True	True	True	both_directions_pass
M001369	M003014	True	True	True	True	both_directions_pass
M001369	M003598	True	True	True	True	both_directions_pass
M001369	M003745	True	True	True	True	both_directions_pass
M001369	M003785	True	True	True	True	both_directions_pass
M001369	M004240	True	True	True	True	both_directions_pass
M001369	M004301	True	True	True	True	both_directions_pass
M001369	M004462	True	True	True	True	both_directions_pass
M001369	M004979	True	True	True	True	both_directions_pass
M001369	M005036	True	True	True	True	both_directions_pass
M001369	M005143	True	True	True	True	both_directions_pass
M001369	M005311	True	True	True	True	both_directions_pass
M001369	M005971	True	True	True	True	both_directions_pass
M001369	M006040	True	True	True	True	both_directions_pass
M001369	M006175	True	True	True	True	both_directions_pass
M001369	M006232	True	True	True	True	both_directions_pass
M001369	M007108	True	True	True	True	both_directions_pass
M001369	M007133	True	True	True	True	both_directions_pass
M001369	M007480	True	True	True	True	both_directions_pass
M001369	M008400	True	True	True	True	both_directions_pass
M001369	M008607	True	True	True	True	both_directions_pass
M001369	M009012	True	True	True	True	both_directions_pass
M001369	M009123	True	True	True	True	both_directions_pass
M001369	M009270	True	True	True	True	both_directions_pass
M001369	M009610	True	True	True	True	both_directions_pass
M001369	M009862	True	True	True	True	both_directions_pass
M001369	M009955	True	True	True	True	both_directions_pass
M001369	M010207	True	True	True	True	both_directions_pass
M001369	M010602	True	True	True	True	both_directions_pass
M001369	M010766	True	True	True	True	both_directions_pass
M001369	M011494	True	True	True	True	both_directions_pass
M001369	M011536	True	True	True	True	both_directions_pass
M001369	M011856	True	True	True	True	both_directions_pass
M001369	M012000	True	True	True	True	both_directions_pass
M001369	M012072	True	True	True	True	both_directions_pass
M001369	M012246	True	True	True	True	both_directions_pass
M001369	M012782	True	True	True	True	both_directions_pass
M001369	M013247	True	True	True	True	both_directions_pass
M001369	M014026	True	True	True	True	both_directions_pass
M001369	M014317	True	True	True	True	both_directions_pass
M001369	M014379	True	True	True	True	both_directions_pass
M001369	M014416	True	True	True	True	both_directions_pass
M001369	M014829	True	True	True	True	both_directions_pass
M001369	M014846	True	True	True	True	both_directions_pass
M001369	M014866	True	True	True	True	both_directions_pass
M001369	M014957	True	True	True	True	both_directions_pass
M001369	M015139	True	True	True	True	both_directions_pass
M001369	M015460	True	True	True	True	both_directions_pass
M001369	M015877	True	True	True	True	both_directions_pass
M001369	M015956	True	True	True	True	both_directions_pass
M001369	M016000	True	True	True	True	both_directions_pass
M001369	M016406	True	True	True	True	both_directions_pass
M001369	M016469	True	True	True	True	both_directions_pass
M001369	M016507	True	True	True	True	both_directions_pass
M001369	M016511	True	True	True	True	both_directions_pass
M001369	M016566	True	True	True	True	both_directions_pass
M001369	M016593	True	True	True	True	both_directions_pass
M001369	M016835	True	True	True	True	both_directions_pass
M001369	M017003	True	True	True	True	both_directions_pass
M001369	M017649	True	True	True	True	both_directions_pass
M001369	M017802	True	True	True	True	both_directions_pass
M001369	M017821	True	True	True	True	both_directions_pass
M001369	M017835	True	True	True	True	both_directions_pass
M001369	M017927	True	True	True	True	both_directions_pass
M001369	M018073	True	True	True	True	both_directions_pass
M001378	M000001	True	True	True	True	both_directions_pass
M001378	M000335	True	True	True	True	both_directions_pass
M001378	M000534	True	True	True	True	both_directions_pass
M001378	M000994	True	True	False	False	neither_direction_passes
M001378	M001200	True	True	True	True	both_directions_pass
M001378	M001333	True	True	False	False	neither_direction_passes
M001378	M001478	True	True	True	True	both_directions_pass
M001378	M001594	True	True	False	False	neither_direction_passes
M001378	M001667	True	True	True	True	both_directions_pass
M001378	M001838	True	True	False	False	neither_direction_passes
M001378	M002141	True	True	True	True	both_directions_pass
M001378	M002355	True	True	True	True	both_directions_pass
M001378	M002534	True	True	False	False	neither_direction_passes
M001378	M002681	True	True	True	True	both_directions_pass
M001378	M002759	True	True	True	True	both_directions_pass
M001378	M003025	True	True	False	False	neither_direction_passes
M001378	M003603	True	True	True	True	both_directions_pass
M001378	M003713	True	True	False	False	neither_direction_passes
M001378	M003829	True	True	False	False	neither_direction_passes
M001378	M003997	True	True	True	True	both_directions_pass
M001378	M004350	True	True	True	True	both_directions_pass
M001378	M004514	True	True	True	True	both_directions_pass
M001378	M004550	True	True	True	True	both_directions_pass
M001378	M004735	True	True	False	False	neither_direction_passes
M001378	M004991	True	True	True	True	both_directions_pass
M001378	M005182	True	True	True	True	both_directions_pass
M001378	M005570	True	True	True	True	both_directions_pass
M001378	M006014	True	True	True	True	both_directions_pass
M001378	M006348	True	True	False	False	neither_direction_passes
M001378	M006406	True	True	True	True	both_directions_pass
M001378	M006685	True	True	True	True	both_directions_pass
M001378	M006941	True	True	True	True	both_directions_pass
M001378	M007005	True	True	True	True	both_directions_pass
M001378	M007680	True	True	True	True	both_directions_pass
M001378	M007830	True	True	True	True	both_directions_pass
M001378	M007853	True	True	True	True	both_directions_pass
M001378	M007971	True	True	True	True	both_directions_pass
M001378	M008090	True	True	False	False	neither_direction_passes
M001378	M008274	True	True	True	True	both_directions_pass
M001378	M008455	True	True	False	False	neither_direction_passes
M001378	M008553	True	True	True	True	both_directions_pass
M001378	M008753	True	True	True	True	both_directions_pass
M001378	M008932	True	True	True	True	both_directions_pass
M001378	M009292	True	True	True	True	both_directions_pass
M001378	M009343	True	True	True	True	both_directions_pass
M001378	M009430	True	True	False	False	neither_direction_passes
M001378	M009460	True	True	True	True	both_directions_pass
M001378	M009548	True	True	True	True	both_directions_pass
M001378	M009793	True	True	False	False	neither_direction_passes
M001378	M009917	True	True	True	True	both_directions_pass
M001378	M010110	True	True	True	True	both_directions_pass
M001378	M010190	True	True	True	True	both_directions_pass
M001378	M010431	True	True	False	False	neither_direction_passes
M001378	M011045	True	True	False	False	neither_direction_passes
M001378	M011106	True	True	False	False	neither_direction_passes
M001378	M011269	True	True	True	True	both_directions_pass
M001378	M011441	True	True	True	True	both_directions_pass
M001378	M011469	True	True	True	True	both_directions_pass
M001378	M011652	True	True	True	True	both_directions_pass
M001378	M011959	True	True	True	True	both_directions_pass
M001378	M012099	True	True	False	False	neither_direction_passes
M001378	M012363	True	True	False	False	neither_direction_passes
M001378	M012469	True	True	True	True	both_directions_pass
M001378	M012657	True	True	False	False	neither_direction_passes
M001378	M012912	True	True	False	False	neither_direction_passes
M001378	M012965	True	True	True	True	both_directions_pass
M001378	M013137	True	True	False	False	neither_direction_passes
M001378	M013987	True	True	False	False	neither_direction_passes
M001378	M014070	True	True	False	False	neither_direction_passes
M001378	M014502	True	True	True	True	both_directions_pass
M001378	M014815	True	True	True	True	both_directions_pass
M001378	M015393	True	True	True	True	both_directions_pass
M001378	M017324	True	True	False	False	neither_direction_passes
M001378	M017988	True	True	False	False	neither_direction_passes
M001405	M006713	True	True	True	True	both_directions_pass
M001405	M009607	True	True	True	True	both_directions_pass
M001405	M011729	True	True	True	True	both_directions_pass
M001419	M011299	True	True	True	True	both_directions_pass
M001502	M009748	True	True	True	True	both_directions_pass
M001502	M011643	True	True	True	True	both_directions_pass
M001502	M014315	True	True	True	True	both_directions_pass
M001502	M018038	True	True	True	True	both_directions_pass
M001512	M001674	True	True	True	True	both_directions_pass
M001512	M015775	True	True	True	True	both_directions_pass
M001530	M000641	True	True	True	True	both_directions_pass
M001530	M000775	True	True	True	True	both_directions_pass
M001530	M000903	True	True	True	True	both_directions_pass
M001530	M001686	True	True	True	True	both_directions_pass
M001530	M001866	True	True	True	True	both_directions_pass
M001530	M002538	True	True	True	True	both_directions_pass
M001530	M003444	True	True	True	True	both_directions_pass
M001530	M006096	True	True	True	True	both_directions_pass
M001530	M008160	True	True	True	True	both_directions_pass
M001530	M008625	True	True	True	True	both_directions_pass
M001530	M011176	True	True	True	True	both_directions_pass
M001530	M011600	True	True	True	True	both_directions_pass
M001530	M011885	True	True	True	True	both_directions_pass
M001530	M012023	True	True	True	True	both_directions_pass
M001530	M012337	True	True	True	True	both_directions_pass
M001530	M012770	True	True	True	True	both_directions_pass
M001530	M017880	True	True	True	True	both_directions_pass
M001538	M002295	True	True	True	True	both_directions_pass
M001541	M009714	True	True	True	True	both_directions_pass
M001554	M000814	True	True	True	True	both_directions_pass
M001554	M000855	True	True	True	True	both_directions_pass
M001554	M001915	True	True	True	True	both_directions_pass
M001554	M011826	True	True	True	True	both_directions_pass
M001561	M000751	True	True	True	True	both_directions_pass
M001561	M000949	True	True	True	True	both_directions_pass
M001561	M011912	True	True	True	True	both_directions_pass
M001562	M006003	True	True	True	True	both_directions_pass
M001562	M012760	True	True	False	False	neither_direction_passes
M001563	M001879	True	True	True	True	both_directions_pass
M001563	M006234	True	True	True	True	both_directions_pass
M001563	M007101	True	True	True	True	both_directions_pass
M001563	M008548	True	True	False	False	neither_direction_passes
M001563	M009378	True	True	False	False	neither_direction_passes
M001563	M009839	True	True	True	True	both_directions_pass
M001563	M013646	True	True	True	True	both_directions_pass
M001563	M014297	True	True	True	True	both_directions_pass
M001563	M014327	True	True	True	True	both_directions_pass
M001563	M014941	True	True	True	True	both_directions_pass
M001563	M016213	True	True	True	True	both_directions_pass
M001563	M016568	True	True	False	False	neither_direction_passes
M001563	M016570	True	True	True	True	both_directions_pass
M001563	M018035	True	True	True	True	both_directions_pass
M001567	M000025	True	True	True	True	both_directions_pass
M001567	M001296	True	True	True	True	both_directions_pass
M001567	M001407	True	True	False	False	neither_direction_passes
M001567	M003406	True	True	True	True	both_directions_pass
M001567	M004728	True	True	False	False	neither_direction_passes
M001567	M005303	True	True	False	False	neither_direction_passes
M001567	M006072	True	True	True	True	both_directions_pass
M001567	M006405	True	True	False	False	neither_direction_passes
M001567	M007749	True	True	False	False	neither_direction_passes
M001567	M008398	True	True	True	True	both_directions_pass
M001567	M008905	True	True	True	True	both_directions_pass
M001567	M009457	True	True	False	False	neither_direction_passes
M001567	M010050	True	True	False	False	neither_direction_passes
M001567	M012583	True	True	True	True	both_directions_pass
M001567	M012644	True	True	False	False	neither_direction_passes
M001586	M000230	True	True	True	True	both_directions_pass
M001586	M000836	True	True	True	True	both_directions_pass
M001586	M001038	True	True	True	True	both_directions_pass
M001586	M001118	True	True	True	True	both_directions_pass
M001586	M001183	True	True	True	True	both_directions_pass
M001586	M001348	True	True	True	True	both_directions_pass
M001586	M001737	True	True	True	True	both_directions_pass
M001586	M001783	True	True	True	True	both_directions_pass
M001586	M001905	True	True	True	True	both_directions_pass
M001586	M002205	True	True	True	True	both_directions_pass
M001586	M002241	True	True	True	True	both_directions_pass
M001586	M002328	True	True	True	True	both_directions_pass
M001586	M002492	True	True	True	True	both_directions_pass
M001586	M002621	True	True	True	True	both_directions_pass
M001586	M003539	True	True	True	True	both_directions_pass
M001586	M003735	True	True	True	True	both_directions_pass
M001586	M003866	True	True	True	True	both_directions_pass
M001586	M003962	True	True	True	True	both_directions_pass
M001586	M004362	True	True	True	True	both_directions_pass
M001586	M004591	True	True	True	True	both_directions_pass
M001586	M004809	True	True	True	True	both_directions_pass
M001586	M004907	True	True	True	True	both_directions_pass
M001586	M005253	True	True	True	True	both_directions_pass
M001586	M005305	True	True	True	True	both_directions_pass
M001586	M005390	True	True	True	True	both_directions_pass
M001586	M005691	True	True	True	True	both_directions_pass
M001586	M005775	True	True	True	True	both_directions_pass
M001586	M005938	True	True	True	True	both_directions_pass
M001586	M006016	True	True	True	True	both_directions_pass
M001586	M006358	True	True	True	True	both_directions_pass
M001586	M006421	True	True	True	True	both_directions_pass
M001586	M006604	True	True	True	True	both_directions_pass
M001586	M006828	True	True	True	True	both_directions_pass
M001586	M007119	True	True	True	True	both_directions_pass
M001586	M007143	True	True	True	True	both_directions_pass
M001586	M007380	True	True	True	True	both_directions_pass
M001586	M007588	True	True	True	True	both_directions_pass
M001586	M007737	True	True	True	True	both_directions_pass
M001586	M007977	True	True	True	True	both_directions_pass
M001586	M008058	True	True	True	True	both_directions_pass
M001586	M008286	True	True	True	True	both_directions_pass
M001586	M008365	True	True	True	True	both_directions_pass
M001586	M008585	True	True	True	True	both_directions_pass
M001586	M008627	True	True	True	True	both_directions_pass
M001586	M008675	True	True	True	True	both_directions_pass
M001586	M008840	True	True	True	True	both_directions_pass
M001586	M009018	True	True	True	True	both_directions_pass
M001586	M009113	True	True	True	True	both_directions_pass
M001586	M009289	True	True	True	True	both_directions_pass
M001586	M009396	True	True	True	True	both_directions_pass
M001586	M009456	True	True	True	True	both_directions_pass
M001586	M009512	True	True	True	True	both_directions_pass
M001586	M009855	True	True	True	True	both_directions_pass
M001586	M010051	True	True	True	True	both_directions_pass
M001586	M010385	True	True	True	True	both_directions_pass
M001586	M010625	True	True	True	True	both_directions_pass
M001586	M010744	True	True	True	True	both_directions_pass
M001586	M010974	True	True	True	True	both_directions_pass
M001586	M011136	True	True	True	True	both_directions_pass
M001586	M011224	True	True	True	True	both_directions_pass
M001586	M011577	True	True	True	True	both_directions_pass
M001586	M011840	True	True	True	True	both_directions_pass
M001586	M012016	True	True	True	True	both_directions_pass
M001586	M012324	True	True	True	True	both_directions_pass
M001586	M012405	True	True	True	True	both_directions_pass
M001586	M012533	True	True	True	True	both_directions_pass
M001586	M012774	True	True	True	True	both_directions_pass
M001586	M012851	True	True	True	True	both_directions_pass
M001586	M013914	True	True	True	True	both_directions_pass
M001586	M014447	True	True	True	True	both_directions_pass
M001586	M014601	True	True	True	True	both_directions_pass
M001586	M015246	True	True	True	True	both_directions_pass
M001586	M015300	True	True	True	True	both_directions_pass
M001593	M009774	True	True	True	True	both_directions_pass
M001602	M001827	True	True	False	False	neither_direction_passes
M001602	M006027	True	True	True	True	both_directions_pass
M001602	M008170	True	True	True	True	both_directions_pass
M001602	M009842	True	True	True	True	both_directions_pass
M001602	M012707	True	True	True	True	both_directions_pass
M001605	M006802	True	True	True	True	both_directions_pass
M001605	M009035	True	True	True	True	both_directions_pass
M001610	M000115	True	True	True	True	both_directions_pass
M001610	M000199	True	True	True	True	both_directions_pass
M001610	M000361	True	True	True	True	both_directions_pass
M001610	M000625	True	True	True	True	both_directions_pass
M001610	M000844	True	True	True	True	both_directions_pass
M001610	M000917	True	True	True	True	both_directions_pass
M001610	M001199	True	True	True	True	both_directions_pass
M001610	M001245	True	True	True	True	both_directions_pass
M001610	M001324	True	True	True	True	both_directions_pass
M001610	M001489	True	True	True	True	both_directions_pass
M001610	M001672	True	True	True	True	both_directions_pass
M001610	M001781	True	True	True	True	both_directions_pass
M001610	M001919	True	True	True	True	both_directions_pass
M001610	M002013	True	True	True	True	both_directions_pass
M001610	M002193	True	True	True	True	both_directions_pass
M001610	M002271	True	True	True	True	both_directions_pass
M001610	M002495	True	True	True	True	both_directions_pass
M001610	M002607	True	True	True	True	both_directions_pass
M001610	M002663	True	True	True	True	both_directions_pass
M001610	M002770	True	True	True	True	both_directions_pass
M001610	M002922	True	True	True	True	both_directions_pass
M001610	M003059	True	True	True	True	both_directions_pass
M001610	M003099	True	True	True	True	both_directions_pass
M001610	M003194	True	True	True	True	both_directions_pass
M001610	M003340	True	True	True	True	both_directions_pass
M001610	M003441	True	True	True	True	both_directions_pass
M001610	M003578	True	True	True	True	both_directions_pass
M001610	M003761	True	True	True	True	both_directions_pass
M001610	M003839	True	True	True	True	both_directions_pass
M001610	M003943	True	True	True	True	both_directions_pass
M001610	M004142	True	True	True	True	both_directions_pass
M001610	M004213	True	True	True	True	both_directions_pass
M001610	M004396	True	True	True	True	both_directions_pass
M001610	M004435	True	True	True	True	both_directions_pass
M001610	M004568	True	True	True	True	both_directions_pass
M001610	M004659	True	True	True	True	both_directions_pass
M001610	M004849	True	True	True	True	both_directions_pass
M001610	M004900	True	True	True	True	both_directions_pass
M001610	M005044	True	True	True	True	both_directions_pass
M001610	M005241	True	True	True	True	both_directions_pass
M001610	M005312	True	True	True	True	both_directions_pass
M001610	M005492	True	True	True	True	both_directions_pass
M001610	M005554	True	True	True	True	both_directions_pass
M001610	M005717	True	True	True	True	both_directions_pass
M001610	M005723	True	True	True	True	both_directions_pass
M001610	M005836	True	True	True	True	both_directions_pass
M001610	M005977	True	True	True	True	both_directions_pass
M001610	M006091	True	True	True	True	both_directions_pass
M001610	M006166	True	True	True	True	both_directions_pass
M001610	M006222	True	True	True	True	both_directions_pass
M001610	M006353	True	True	True	True	both_directions_pass
M001610	M006454	True	True	True	True	both_directions_pass
M001610	M006588	True	True	True	True	both_directions_pass
M001610	M006668	True	True	True	True	both_directions_pass
M001610	M006815	True	True	True	True	both_directions_pass
M001610	M006861	True	True	True	True	both_directions_pass
M001610	M006922	True	True	True	True	both_directions_pass
M001610	M007022	True	True	True	True	both_directions_pass
M001610	M007222	True	True	True	True	both_directions_pass
M001610	M007247	True	True	True	True	both_directions_pass
M001610	M007352	True	True	True	True	both_directions_pass
M001610	M007509	True	True	True	True	both_directions_pass
M001610	M007622	True	True	True	True	both_directions_pass
M001610	M007741	True	True	True	True	both_directions_pass
M001610	M007818	True	True	True	True	both_directions_pass
M001610	M007870	True	True	True	True	both_directions_pass
M001610	M007918	True	True	True	True	both_directions_pass
M001610	M008116	True	True	True	True	both_directions_pass
M001610	M008391	True	True	True	True	both_directions_pass
M001610	M008447	True	True	True	True	both_directions_pass
M001610	M008576	True	True	True	True	both_directions_pass
M001610	M008742	True	True	True	True	both_directions_pass
M001610	M008858	True	True	True	True	both_directions_pass
M001610	M008966	True	True	True	True	both_directions_pass
M001610	M009136	True	True	True	True	both_directions_pass
M001610	M009212	True	True	True	True	both_directions_pass
M001610	M009310	True	True	True	True	both_directions_pass
M001610	M009595	True	True	True	True	both_directions_pass
M001610	M009632	True	True	True	True	both_directions_pass
M001610	M009856	True	True	True	True	both_directions_pass
M001610	M009932	True	True	True	True	both_directions_pass
M001610	M010101	True	True	True	True	both_directions_pass
M001610	M010180	True	True	True	True	both_directions_pass
M001610	M010371	True	True	True	True	both_directions_pass
M001610	M010626	True	True	True	True	both_directions_pass
M001610	M010633	True	True	True	True	both_directions_pass
M001610	M010783	True	True	True	True	both_directions_pass
M001610	M010852	True	True	True	True	both_directions_pass
M001610	M011038	True	True	True	True	both_directions_pass
M001610	M011242	True	True	True	True	both_directions_pass
M001610	M011486	True	True	True	True	both_directions_pass
M001610	M011640	True	True	True	True	both_directions_pass
M001610	M011750	True	True	True	True	both_directions_pass
M001610	M011768	True	True	True	True	both_directions_pass
M001610	M011800	True	True	True	True	both_directions_pass
M001610	M011805	True	True	True	True	both_directions_pass
M001610	M011853	True	True	True	True	both_directions_pass
M001610	M011961	True	True	True	True	both_directions_pass
M001610	M012142	True	True	True	True	both_directions_pass
M001610	M012256	True	True	True	True	both_directions_pass
M001610	M012447	True	True	True	True	both_directions_pass
M001610	M012558	True	True	True	True	both_directions_pass
M001610	M012672	True	True	True	True	both_directions_pass
M001610	M012689	True	True	True	True	both_directions_pass
M001610	M012824	True	True	True	True	both_directions_pass
M001610	M012925	True	True	True	True	both_directions_pass
M001610	M013055	True	True	True	True	both_directions_pass
M001610	M013136	True	True	True	True	both_directions_pass
M001626	M000940	True	True	True	True	both_directions_pass
M001626	M001161	True	True	True	True	both_directions_pass
M001626	M001237	True	True	True	True	both_directions_pass
M001626	M004497	True	True	True	True	both_directions_pass
M001626	M004681	True	True	True	True	both_directions_pass
M001626	M005248	True	True	True	True	both_directions_pass
M001626	M006718	True	True	True	True	both_directions_pass
M001626	M006889	True	True	True	True	both_directions_pass
M001626	M008563	True	True	True	True	both_directions_pass
M001626	M009162	True	True	True	True	both_directions_pass
M001630	M001314	True	True	True	True	both_directions_pass
M001630	M001835	True	True	True	True	both_directions_pass
M001630	M002578	True	True	True	True	both_directions_pass
M001630	M003023	True	True	True	True	both_directions_pass
M001630	M003479	True	True	True	True	both_directions_pass
M001630	M003972	True	True	True	True	both_directions_pass
M001630	M004152	True	True	True	True	both_directions_pass
M001630	M004864	True	True	True	True	both_directions_pass
M001630	M005257	True	True	True	True	both_directions_pass
M001630	M007012	True	True	True	True	both_directions_pass
M001630	M009903	True	True	True	True	both_directions_pass
M001630	M011044	True	True	True	True	both_directions_pass
M001630	M011082	True	True	True	True	both_directions_pass
M001630	M013920	True	True	True	True	both_directions_pass
M001631	M000192	True	True	True	True	both_directions_pass
M001631	M001642	True	True	True	True	both_directions_pass
M001632	M000266	True	True	True	True	both_directions_pass
M001632	M000978	True	True	True	True	both_directions_pass
M001632	M001300	True	True	True	True	both_directions_pass
M001632	M001464	True	True	True	True	both_directions_pass
M001632	M002032	True	True	True	True	both_directions_pass
M001632	M002315	True	True	True	True	both_directions_pass
M001632	M002691	True	True	True	True	both_directions_pass
M001632	M002870	True	True	True	True	both_directions_pass
M001632	M003589	True	True	True	True	both_directions_pass
M001632	M003664	True	True	True	True	both_directions_pass
M001632	M003851	True	True	True	True	both_directions_pass
M001632	M003924	True	True	True	True	both_directions_pass
M001632	M004053	True	True	True	True	both_directions_pass
M001632	M004484	True	True	True	True	both_directions_pass
M001632	M004754	True	True	True	True	both_directions_pass
M001632	M005069	True	True	True	True	both_directions_pass
M001632	M005528	True	True	True	True	both_directions_pass
M001632	M005746	True	True	True	True	both_directions_pass
M001632	M005855	True	True	True	True	both_directions_pass
M001632	M005900	True	True	True	True	both_directions_pass
M001632	M005983	True	True	True	True	both_directions_pass
M001632	M006393	True	True	True	True	both_directions_pass
M001632	M006547	True	True	True	True	both_directions_pass
M001632	M007203	True	True	True	True	both_directions_pass
M001632	M007361	True	True	True	True	both_directions_pass
M001632	M007598	True	True	True	True	both_directions_pass
M001632	M007839	True	True	True	True	both_directions_pass
M001632	M008683	True	True	True	True	both_directions_pass
M001632	M008909	True	True	True	True	both_directions_pass
M001632	M009154	True	True	True	True	both_directions_pass
M001632	M009275	True	True	True	True	both_directions_pass
M001632	M009685	True	True	True	True	both_directions_pass
M001632	M009719	True	True	True	True	both_directions_pass
M001632	M010418	True	True	True	True	both_directions_pass
M001632	M010556	True	True	True	True	both_directions_pass
M001632	M010722	True	True	True	True	both_directions_pass
M001632	M010956	True	True	True	True	both_directions_pass
M001632	M011060	True	True	True	True	both_directions_pass
M001632	M011256	True	True	True	True	both_directions_pass
M001632	M011743	True	True	True	True	both_directions_pass
M001632	M012154	True	True	True	True	both_directions_pass
M001632	M012336	True	True	True	True	both_directions_pass
M001632	M012408	True	True	True	True	both_directions_pass
M001632	M012795	True	True	True	True	both_directions_pass
M001632	M013054	True	True	True	True	both_directions_pass
M001632	M013479	True	True	True	True	both_directions_pass
M001632	M014221	True	True	True	True	both_directions_pass
M001632	M016195	True	True	True	True	both_directions_pass
M001664	M001761	True	True	True	True	both_directions_pass
M001664	M008415	True	True	True	True	both_directions_pass
M001664	M012751	True	True	True	True	both_directions_pass
M001677	M004043	True	True	True	True	both_directions_pass
M001736	M008115	True	True	True	True	both_directions_pass
M001740	M000762	True	True	True	True	both_directions_pass
M001740	M000876	True	True	True	True	both_directions_pass
M001740	M001938	True	True	True	True	both_directions_pass
M001740	M002265	True	True	True	True	both_directions_pass
M001740	M005328	True	True	True	True	both_directions_pass
M001740	M011822	True	True	True	True	both_directions_pass
M001837	M000851	True	True	True	True	both_directions_pass
M001837	M000923	True	True	True	True	both_directions_pass
M001837	M005101	True	True	True	True	both_directions_pass
M001837	M011869	True	True	False	False	neither_direction_passes
M001844	M006090	True	True	True	True	both_directions_pass
M001844	M016326	True	True	True	True	both_directions_pass
M001848	M015468	True	True	True	True	both_directions_pass
M001864	M000666	True	True	True	True	both_directions_pass
M001864	M001317	True	True	True	True	both_directions_pass
M001864	M006056	True	True	True	True	both_directions_pass
M001864	M008062	True	True	True	True	both_directions_pass
M001864	M009769	True	True	True	True	both_directions_pass
M001876	M000310	True	True	True	True	both_directions_pass
M001876	M012720	True	True	True	True	both_directions_pass
M001878	M010610	True	True	True	True	both_directions_pass
M001886	M001648	True	True	True	True	both_directions_pass
M001886	M001817	True	True	True	True	both_directions_pass
M001887	M001514	True	True	True	True	both_directions_pass
M001887	M001650	True	True	True	True	both_directions_pass
M001887	M001795	True	True	True	True	both_directions_pass
M001887	M007938	True	True	True	True	both_directions_pass
M001887	M008663	True	True	True	True	both_directions_pass
M001887	M009765	True	True	True	True	both_directions_pass
M001887	M010262	True	True	True	True	both_directions_pass
M001887	M010594	True	True	True	True	both_directions_pass
M001887	M011597	True	True	True	True	both_directions_pass
M001887	M011989	True	True	True	True	both_directions_pass
M001887	M012679	True	True	True	True	both_directions_pass
M001887	M017019	True	True	True	True	both_directions_pass
M001887	M017606	True	True	True	True	both_directions_pass
M001887	M018006	True	True	True	True	both_directions_pass
M001894	M003442	True	True	False	False	neither_direction_passes
M001952	M002397	True	True	True	True	both_directions_pass
M001952	M005201	True	True	True	True	both_directions_pass
M001952	M006415	True	True	True	True	both_directions_pass
M001952	M008643	True	True	True	True	both_directions_pass
M001952	M011159	True	True	True	True	both_directions_pass
M001952	M011971	True	True	True	True	both_directions_pass
M001952	M012896	True	True	True	True	both_directions_pass
M001952	M014031	True	True	True	True	both_directions_pass
M001952	M014410	True	True	True	True	both_directions_pass
M001952	M015485	True	True	True	True	both_directions_pass
M001956	M000677	True	True	True	True	both_directions_pass
M001956	M001308	True	True	True	True	both_directions_pass
M001956	M001568	True	True	True	True	both_directions_pass
M001956	M002126	True	True	True	True	both_directions_pass
M001956	M002855	True	True	True	True	both_directions_pass
M001956	M004211	True	True	True	True	both_directions_pass
M001956	M005234	True	True	True	True	both_directions_pass
M001956	M006410	True	True	True	True	both_directions_pass
M001956	M008108	True	True	True	True	both_directions_pass
M001956	M008641	True	True	True	True	both_directions_pass
M001956	M009801	True	True	True	True	both_directions_pass
M001956	M010365	True	True	True	True	both_directions_pass
M001968	M001388	True	True	True	True	both_directions_pass
M001968	M002911	True	True	True	True	both_directions_pass
M001968	M006622	True	True	True	True	both_directions_pass
M001968	M009622	True	True	True	True	both_directions_pass
M001968	M010821	True	True	True	True	both_directions_pass
M002071	M001259	True	True	True	True	both_directions_pass
M002113	M000601	True	True	True	True	both_directions_pass
M002113	M001374	True	True	True	True	both_directions_pass
M002113	M002048	True	True	True	True	both_directions_pass
M002113	M002652	True	True	True	True	both_directions_pass
M002113	M003042	True	True	True	True	both_directions_pass
M002113	M003546	True	True	True	True	both_directions_pass
M002113	M004740	True	True	True	True	both_directions_pass
M002113	M004854	True	True	True	True	both_directions_pass
M002113	M005123	True	True	True	True	both_directions_pass
M002113	M005164	True	True	True	True	both_directions_pass
M002113	M005282	True	True	True	True	both_directions_pass
M002113	M005417	True	True	True	True	both_directions_pass
M002113	M006206	True	True	True	True	both_directions_pass
M002113	M007225	True	True	True	True	both_directions_pass
M002113	M007478	True	True	True	True	both_directions_pass
M002113	M007533	True	True	True	True	both_directions_pass
M002113	M007589	True	True	True	True	both_directions_pass
M002113	M007662	True	True	True	True	both_directions_pass
M002113	M008681	True	True	True	True	both_directions_pass
M002113	M008908	True	True	True	True	both_directions_pass
M002113	M009061	True	True	True	True	both_directions_pass
M002113	M009708	True	True	True	True	both_directions_pass
M002113	M009837	True	True	True	True	both_directions_pass
M002113	M010808	True	True	True	True	both_directions_pass
M002113	M012863	True	True	True	True	both_directions_pass
M002113	M013186	True	True	True	True	both_directions_pass
M002113	M013356	True	True	True	True	both_directions_pass
M002113	M013361	True	True	True	True	both_directions_pass
M002113	M013858	True	True	True	True	both_directions_pass
M002113	M014142	True	True	True	True	both_directions_pass
M002113	M014268	True	True	True	True	both_directions_pass
M002113	M014385	True	True	True	True	both_directions_pass
M002113	M014506	True	True	True	True	both_directions_pass
M002113	M014538	True	True	True	True	both_directions_pass
M002113	M014563	True	True	True	True	both_directions_pass
M002113	M014677	True	True	True	True	both_directions_pass
M002113	M014678	True	True	True	True	both_directions_pass
M002113	M014679	True	True	True	True	both_directions_pass
M002113	M014723	True	True	False	False	neither_direction_passes
M002113	M015015	True	True	True	True	both_directions_pass
M002113	M015035	True	True	True	True	both_directions_pass
M002113	M015350	True	True	True	True	both_directions_pass
M002113	M015934	True	True	True	True	both_directions_pass
M002113	M015959	True	True	True	True	both_directions_pass
M002113	M015963	True	True	True	True	both_directions_pass
M002113	M016240	True	True	True	True	both_directions_pass
M002113	M016282	True	True	True	True	both_directions_pass
M002113	M016780	True	True	True	True	both_directions_pass
M002113	M016892	True	True	True	True	both_directions_pass
M002113	M016925	True	True	True	True	both_directions_pass
M002113	M017024	True	True	True	True	both_directions_pass
M002113	M017054	True	True	True	True	both_directions_pass
M002113	M017059	True	True	True	True	both_directions_pass
M002113	M017182	True	True	True	True	both_directions_pass
M002113	M017355	True	True	True	True	both_directions_pass
M002113	M017382	True	True	True	True	both_directions_pass
M002113	M017508	True	True	True	True	both_directions_pass
M002113	M017575	True	True	True	True	both_directions_pass
M002113	M017602	True	True	True	True	both_directions_pass
M002113	M017747	True	True	True	True	both_directions_pass
M002113	M017873	True	True	True	True	both_directions_pass
M002113	M018010	True	True	True	True	both_directions_pass
M002113	M018238	True	True	True	True	both_directions_pass
M002113	M018251	True	True	True	True	both_directions_pass
M002160	M000047	True	True	True	True	both_directions_pass
M002160	M000137	True	True	True	True	both_directions_pass
M002160	M000273	True	True	True	True	both_directions_pass
M002160	M000445	True	True	True	True	both_directions_pass
M002160	M000481	True	True	True	True	both_directions_pass
M002160	M000496	True	True	True	True	both_directions_pass
M002160	M000512	True	True	True	True	both_directions_pass
M002160	M000630	True	True	True	True	both_directions_pass
M002160	M000699	True	True	True	True	both_directions_pass
M002160	M000989	True	True	True	True	both_directions_pass
M002160	M001084	True	True	True	True	both_directions_pass
M002160	M001131	True	True	True	True	both_directions_pass
M002160	M001265	True	True	True	True	both_directions_pass
M002160	M001275	True	True	True	True	both_directions_pass
M002160	M001408	True	True	True	True	both_directions_pass
M002160	M001480	True	True	True	True	both_directions_pass
M002160	M001496	True	True	True	True	both_directions_pass
M002160	M002002	True	True	True	True	both_directions_pass
M002160	M002408	True	True	True	True	both_directions_pass
M002160	M002517	True	True	True	True	both_directions_pass
M002160	M002686	True	True	True	True	both_directions_pass
M002160	M002809	True	True	True	True	both_directions_pass
M002160	M002976	True	True	True	True	both_directions_pass
M002160	M003192	True	True	True	True	both_directions_pass
M002160	M003310	True	True	True	True	both_directions_pass
M002160	M003605	True	True	True	True	both_directions_pass
M002160	M003879	True	True	True	True	both_directions_pass
M002160	M003916	True	True	True	True	both_directions_pass
M002160	M004313	True	True	True	True	both_directions_pass
M002160	M004520	True	True	True	True	both_directions_pass
M002160	M004643	True	True	True	True	both_directions_pass
M002160	M004718	True	True	True	True	both_directions_pass
M002160	M004834	True	True	True	True	both_directions_pass
M002160	M005007	True	True	True	True	both_directions_pass
M002160	M005041	True	True	True	True	both_directions_pass
M002160	M005226	True	True	True	True	both_directions_pass
M002160	M005281	True	True	True	True	both_directions_pass
M002160	M005403	True	True	True	True	both_directions_pass
M002160	M005522	True	True	True	True	both_directions_pass
M002160	M005709	True	True	True	True	both_directions_pass
M002160	M005896	True	True	True	True	both_directions_pass
M002160	M005960	True	True	True	True	both_directions_pass
M002160	M005995	True	True	True	True	both_directions_pass
M002160	M006123	True	True	True	True	both_directions_pass
M002160	M006190	True	True	True	True	both_directions_pass
M002160	M006372	True	True	True	True	both_directions_pass
M002160	M006580	True	True	True	True	both_directions_pass
M002160	M006709	True	True	True	True	both_directions_pass
M002160	M006749	True	True	True	True	both_directions_pass
M002160	M006900	True	True	True	True	both_directions_pass
M002160	M007112	True	True	True	True	both_directions_pass
M002160	M007128	True	True	True	True	both_directions_pass
M002160	M007323	True	True	True	True	both_directions_pass
M002160	M007383	True	True	True	True	both_directions_pass
M002160	M007608	True	True	True	True	both_directions_pass
M002160	M007934	True	True	True	True	both_directions_pass
M002160	M008199	True	True	True	True	both_directions_pass
M002160	M008299	True	True	True	True	both_directions_pass
M002160	M008324	True	True	True	True	both_directions_pass
M002160	M008507	True	True	True	True	both_directions_pass
M002160	M008708	True	True	True	True	both_directions_pass
M002160	M008869	True	True	True	True	both_directions_pass
M002160	M009002	True	True	True	True	both_directions_pass
M002160	M009173	True	True	True	True	both_directions_pass
M002160	M009294	True	True	True	True	both_directions_pass
M002160	M009421	True	True	True	True	both_directions_pass
M002160	M009489	True	True	True	True	both_directions_pass
M002160	M009631	True	True	True	True	both_directions_pass
M002160	M009695	True	True	True	True	both_directions_pass
M002160	M009911	True	True	True	True	both_directions_pass
M002160	M010004	True	True	True	True	both_directions_pass
M002160	M010225	True	True	True	True	both_directions_pass
M002160	M010452	True	True	True	True	both_directions_pass
M002160	M010557	True	True	True	True	both_directions_pass
M002160	M010714	True	True	True	True	both_directions_pass
M002160	M010858	True	True	True	True	both_directions_pass
M002160	M010993	True	True	True	True	both_directions_pass
M002160	M011108	True	True	True	True	both_directions_pass
M002160	M011355	True	True	True	True	both_directions_pass
M002160	M011658	True	True	True	True	both_directions_pass
M002160	M011780	True	True	True	True	both_directions_pass
M002160	M011796	True	True	True	True	both_directions_pass
M002160	M011862	True	True	True	True	both_directions_pass
M002160	M012095	True	True	True	True	both_directions_pass
M002160	M012173	True	True	True	True	both_directions_pass
M002160	M012233	True	True	True	True	both_directions_pass
M002160	M012303	True	True	True	True	both_directions_pass
M002160	M012457	True	True	True	True	both_directions_pass
M002160	M012579	True	True	True	True	both_directions_pass
M002160	M012857	True	True	True	True	both_directions_pass
M002160	M012933	True	True	True	True	both_directions_pass
M002160	M013106	True	True	True	True	both_directions_pass
M002160	M013328	True	True	True	True	both_directions_pass
M002160	M013992	True	True	True	True	both_directions_pass
M002160	M014064	True	True	True	True	both_directions_pass
M002160	M014473	True	True	True	True	both_directions_pass
M002160	M014889	True	True	True	True	both_directions_pass
M002160	M014937	True	True	True	True	both_directions_pass
M002160	M015031	True	True	True	True	both_directions_pass
M002160	M015199	True	True	True	True	both_directions_pass
M002160	M015516	True	True	True	True	both_directions_pass
M002160	M015998	True	True	True	True	both_directions_pass
M002160	M016463	True	True	True	True	both_directions_pass
M002160	M017299	True	True	True	True	both_directions_pass
M002160	M017448	True	True	True	True	both_directions_pass
M002160	M017619	True	True	True	True	both_directions_pass
M002160	M018262	True	True	True	True	both_directions_pass
M002160	M018263	True	True	True	True	both_directions_pass
M002165	M000148	True	True	True	True	both_directions_pass
M002165	M000242	True	True	True	True	both_directions_pass
M002165	M000436	True	True	True	True	both_directions_pass
M002165	M000594	True	True	True	True	both_directions_pass
M002165	M000837	True	True	True	True	both_directions_pass
M002165	M000959	True	True	True	True	both_directions_pass
M002165	M001076	True	True	True	True	both_directions_pass
M002165	M001151	True	True	True	True	both_directions_pass
M002165	M001238	True	True	True	True	both_directions_pass
M002165	M001364	True	True	True	True	both_directions_pass
M002165	M001409	True	True	True	True	both_directions_pass
M002165	M001581	True	True	True	True	both_directions_pass
M002165	M002005	True	True	True	True	both_directions_pass
M002165	M002349	True	True	True	True	both_directions_pass
M002165	M002478	True	True	True	True	both_directions_pass
M002165	M002593	True	True	True	True	both_directions_pass
M002165	M002599	True	True	True	True	both_directions_pass
M002165	M002694	True	True	True	True	both_directions_pass
M002165	M002744	True	True	True	True	both_directions_pass
M002165	M002874	True	True	True	True	both_directions_pass
M002165	M002995	True	True	True	True	both_directions_pass
M002165	M003140	True	True	True	True	both_directions_pass
M002165	M003233	True	True	True	True	both_directions_pass
M002165	M003289	True	True	True	True	both_directions_pass
M002165	M003619	True	True	True	True	both_directions_pass
M002165	M003716	True	True	True	True	both_directions_pass
M002165	M003808	True	True	True	True	both_directions_pass
M002165	M004003	True	True	True	True	both_directions_pass
M002165	M004128	True	True	True	True	both_directions_pass
M002165	M004340	True	True	True	True	both_directions_pass
M002165	M004510	True	True	True	True	both_directions_pass
M002165	M004548	True	True	True	True	both_directions_pass
M002165	M004751	True	True	True	True	both_directions_pass
M002165	M004812	True	True	True	True	both_directions_pass
M002165	M004995	True	True	True	True	both_directions_pass
M002165	M005122	True	True	True	True	both_directions_pass
M002165	M005232	True	True	True	True	both_directions_pass
M002165	M005379	True	True	True	True	both_directions_pass
M002165	M005425	True	True	True	True	both_directions_pass
M002165	M005582	True	True	True	True	both_directions_pass
M002165	M005839	True	True	True	True	both_directions_pass
M002165	M005849	True	True	True	True	both_directions_pass
M002165	M005976	True	True	True	True	both_directions_pass
M002165	M006115	True	True	True	True	both_directions_pass
M002165	M006356	True	True	True	True	both_directions_pass
M002165	M006368	True	True	True	True	both_directions_pass
M002165	M006832	True	True	True	True	both_directions_pass
M002165	M006878	True	True	True	True	both_directions_pass
M002165	M007023	True	True	True	True	both_directions_pass
M002165	M007050	True	True	True	True	both_directions_pass
M002165	M007257	True	True	True	True	both_directions_pass
M002165	M007350	True	True	True	True	both_directions_pass
M002165	M007403	True	True	True	True	both_directions_pass
M002165	M007693	True	True	True	True	both_directions_pass
M002165	M007883	True	True	True	True	both_directions_pass
M002165	M007912	True	True	True	True	both_directions_pass
M002165	M008222	True	True	True	True	both_directions_pass
M002165	M008489	True	True	True	True	both_directions_pass
M002165	M008565	True	True	True	True	both_directions_pass
M002165	M008761	True	True	True	True	both_directions_pass
M002165	M008796	True	True	True	True	both_directions_pass
M002165	M008937	True	True	True	True	both_directions_pass
M002165	M008979	True	True	True	True	both_directions_pass
M002165	M009145	True	True	True	True	both_directions_pass
M002165	M009243	True	True	True	True	both_directions_pass
M002165	M009380	True	True	True	True	both_directions_pass
M002165	M009416	True	True	True	True	both_directions_pass
M002165	M009603	True	True	True	True	both_directions_pass
M002165	M009611	True	True	True	True	both_directions_pass
M002165	M009686	True	True	True	True	both_directions_pass
M002165	M009750	True	True	True	True	both_directions_pass
M002165	M009880	True	True	True	True	both_directions_pass
M002165	M010007	True	True	True	True	both_directions_pass
M002165	M010183	True	True	True	True	both_directions_pass
M002165	M010277	True	True	True	True	both_directions_pass
M002165	M010367	True	True	True	True	both_directions_pass
M002165	M010628	True	True	True	True	both_directions_pass
M002165	M010699	True	True	True	True	both_directions_pass
M002165	M010751	True	True	True	True	both_directions_pass
M002165	M010901	True	True	True	True	both_directions_pass
M002165	M011036	True	True	True	True	both_directions_pass
M002165	M011306	True	True	True	True	both_directions_pass
M002165	M011343	True	True	True	True	both_directions_pass
M002165	M011364	True	True	True	True	both_directions_pass
M002165	M011733	True	True	True	True	both_directions_pass
M002165	M011801	True	True	True	True	both_directions_pass
M002165	M011835	True	True	True	True	both_directions_pass
M002165	M012129	True	True	True	True	both_directions_pass
M002165	M012300	True	True	True	True	both_directions_pass
M002165	M012353	True	True	True	True	both_directions_pass
M002165	M012442	True	True	True	True	both_directions_pass
M002165	M012589	True	True	True	True	both_directions_pass
M002165	M012649	True	True	True	True	both_directions_pass
M002165	M012803	True	True	True	True	both_directions_pass
M002165	M013004	True	True	True	True	both_directions_pass
M002168	M001612	True	True	True	True	both_directions_pass
M002234	M000021	True	True	False	False	neither_direction_passes
M002234	M000218	True	True	False	False	neither_direction_passes
M002234	M000330	True	True	False	False	neither_direction_passes
M002234	M000415	True	True	True	True	both_directions_pass
M002234	M000829	True	True	False	False	neither_direction_passes
M002234	M001093	True	True	True	True	both_directions_pass
M002234	M001282	True	True	False	False	neither_direction_passes
M002234	M001453	True	True	False	False	neither_direction_passes
M002234	M001595	True	True	False	False	neither_direction_passes
M002234	M001707	True	True	False	False	neither_direction_passes
M002234	M001763	True	True	False	False	neither_direction_passes
M002234	M001986	True	True	True	True	both_directions_pass
M002234	M002170	True	True	True	True	both_directions_pass
M002234	M002536	True	True	True	True	both_directions_pass
M002234	M002640	True	True	True	True	both_directions_pass
M002234	M002760	True	True	True	True	both_directions_pass
M002234	M002868	True	True	False	False	neither_direction_passes
M002234	M003171	True	True	False	False	neither_direction_passes
M002234	M003272	True	True	False	False	neither_direction_passes
M002234	M003485	True	True	False	False	neither_direction_passes
M002234	M003555	True	True	True	True	both_directions_pass
M002234	M003672	True	True	True	True	both_directions_pass
M002234	M003813	True	True	True	True	both_directions_pass
M002234	M004011	True	True	False	False	neither_direction_passes
M002234	M004105	True	True	False	False	neither_direction_passes
M002234	M004250	True	True	False	False	neither_direction_passes
M002234	M004307	True	True	True	True	both_directions_pass
M002234	M004405	True	True	True	True	both_directions_pass
M002234	M004710	True	True	True	True	both_directions_pass
M002234	M004816	True	True	True	True	both_directions_pass
M002234	M004901	True	True	False	False	neither_direction_passes
M002234	M005160	True	True	True	True	both_directions_pass
M002234	M005495	True	True	True	True	both_directions_pass
M002234	M005575	True	True	True	True	both_directions_pass
M002234	M005829	True	True	True	True	both_directions_pass
M002234	M005953	True	True	True	True	both_directions_pass
M002234	M005996	True	True	False	False	neither_direction_passes
M002234	M006151	True	True	False	False	neither_direction_passes
M002234	M006453	True	True	True	True	both_directions_pass
M002234	M006500	True	True	True	True	both_directions_pass
M002234	M006816	True	True	True	True	both_directions_pass
M002234	M006973	True	True	True	True	both_directions_pass
M002234	M007280	True	True	True	True	both_directions_pass
M002234	M007291	True	True	True	True	both_directions_pass
M002234	M007474	True	True	True	True	both_directions_pass
M002234	M007512	True	True	True	True	both_directions_pass
M002234	M007742	True	True	False	False	neither_direction_passes
M002234	M007848	True	True	True	True	both_directions_pass
M002234	M008065	True	True	False	False	neither_direction_passes
M002234	M008486	True	True	False	False	neither_direction_passes
M002234	M008552	True	True	False	False	neither_direction_passes
M002234	M008782	True	True	True	True	both_directions_pass
M002234	M008924	True	True	True	True	both_directions_pass
M002234	M009027	True	True	True	True	both_directions_pass
M002234	M009142	True	True	False	False	neither_direction_passes
M002234	M009225	True	True	True	True	both_directions_pass
M002234	M009363	True	True	False	False	neither_direction_passes
M002234	M009470	True	True	False	False	neither_direction_passes
M002234	M009568	True	True	True	True	both_directions_pass
M002234	M009681	True	True	True	True	both_directions_pass
M002234	M009734	True	True	True	True	both_directions_pass
M002234	M009846	True	True	False	False	neither_direction_passes
M002234	M009912	True	True	True	True	both_directions_pass
M002234	M010103	True	True	False	False	neither_direction_passes
M002234	M010148	True	True	True	True	both_directions_pass
M002234	M010288	True	True	True	True	both_directions_pass
M002234	M010672	True	True	True	True	both_directions_pass
M002234	M010883	True	True	True	True	both_directions_pass
M002234	M011077	True	True	False	False	neither_direction_passes
M002234	M011161	True	True	False	False	neither_direction_passes
M002234	M011279	True	True	True	True	both_directions_pass
M002234	M011407	True	True	True	True	both_directions_pass
M002234	M011475	True	True	False	False	neither_direction_passes
M002234	M011605	True	True	False	False	neither_direction_passes
M002234	M011654	True	True	True	True	both_directions_pass
M002234	M011832	True	True	False	False	neither_direction_passes
M002234	M011946	True	True	False	False	neither_direction_passes
M002234	M012158	True	True	True	True	both_directions_pass
M002234	M012247	True	True	True	True	both_directions_pass
M002234	M012482	True	True	False	False	neither_direction_passes
M002234	M012599	True	True	True	True	both_directions_pass
M002234	M012775	True	True	False	False	neither_direction_passes
M002234	M012844	True	True	True	True	both_directions_pass
M002234	M012939	True	True	True	True	both_directions_pass
M002234	M013245	True	True	False	False	neither_direction_passes
M002234	M013372	True	True	False	False	neither_direction_passes
M002234	M013689	True	True	True	True	both_directions_pass
M002234	M014783	True	True	True	True	both_directions_pass
M002234	M015491	True	True	False	False	neither_direction_passes
M002234	M016904	True	True	False	False	neither_direction_passes
M002234	M018244	True	True	True	True	both_directions_pass
M002245	M001285	True	True	True	True	both_directions_pass
M002249	M008150	True	True	True	True	both_directions_pass
M002307	M001345	True	True	False	False	neither_direction_passes
M002307	M011814	True	True	True	True	both_directions_pass
M002308	M005191	True	True	True	True	both_directions_pass
M002308	M007961	True	True	True	True	both_directions_pass
M002308	M016596	True	True	True	True	both_directions_pass
M002335	M002263	True	True	True	True	both_directions_pass
M002335	M010813	True	True	True	True	both_directions_pass
M002342	M007030	True	True	True	True	both_directions_pass
M002342	M011094	True	True	True	True	both_directions_pass
M002342	M018219	True	True	True	True	both_directions_pass
M002346	M000425	True	True	True	True	both_directions_pass
M002346	M000679	True	True	True	True	both_directions_pass
M002346	M001895	True	True	True	True	both_directions_pass
M002346	M002196	True	True	True	True	both_directions_pass
M002346	M002354	True	True	True	True	both_directions_pass
M002346	M002467	True	True	True	True	both_directions_pass
M002346	M002831	True	True	True	True	both_directions_pass
M002346	M003950	True	True	True	True	both_directions_pass
M002346	M004236	True	True	True	True	both_directions_pass
M002346	M004505	True	True	True	True	both_directions_pass
M002346	M004575	True	True	True	True	both_directions_pass
M002346	M004698	True	True	True	True	both_directions_pass
M002346	M004922	True	True	True	True	both_directions_pass
M002346	M005218	True	True	True	True	both_directions_pass
M002346	M005265	True	True	True	True	both_directions_pass
M002346	M005537	True	True	True	True	both_directions_pass
M002346	M005632	True	True	True	True	both_directions_pass
M002346	M005728	True	True	True	True	both_directions_pass
M002346	M006067	True	True	True	True	both_directions_pass
M002346	M006220	True	True	True	True	both_directions_pass
M002346	M006286	True	True	True	True	both_directions_pass
M002346	M006619	True	True	True	True	both_directions_pass
M002346	M006743	True	True	True	True	both_directions_pass
M002346	M007150	True	True	True	True	both_directions_pass
M002346	M007202	True	True	True	True	both_directions_pass
M002346	M007331	True	True	True	True	both_directions_pass
M002346	M007449	True	True	True	True	both_directions_pass
M002346	M007703	True	True	True	True	both_directions_pass
M002346	M007967	True	True	True	True	both_directions_pass
M002346	M008068	True	True	True	True	both_directions_pass
M002346	M008787	True	True	True	True	both_directions_pass
M002346	M008876	True	True	True	True	both_directions_pass
M002346	M009424	True	True	True	True	both_directions_pass
M002346	M009698	True	True	True	True	both_directions_pass
M002346	M009728	True	True	True	True	both_directions_pass
M002346	M009823	True	True	True	True	both_directions_pass
M002346	M009924	True	True	True	True	both_directions_pass
M002346	M010166	True	True	True	True	both_directions_pass
M002346	M010247	True	True	True	True	both_directions_pass
M002346	M010295	True	True	True	True	both_directions_pass
M002346	M010577	True	True	True	True	both_directions_pass
M002346	M010723	True	True	True	True	both_directions_pass
M002346	M010835	True	True	True	True	both_directions_pass
M002346	M011012	True	True	True	True	both_directions_pass
M002346	M011347	True	True	True	True	both_directions_pass
M002346	M011470	True	True	True	True	both_directions_pass
M002346	M011548	True	True	True	True	both_directions_pass
M002346	M012161	True	True	True	True	both_directions_pass
M002346	M012921	True	True	True	True	both_directions_pass
M002346	M013345	True	True	True	True	both_directions_pass
M002346	M013672	True	True	True	True	both_directions_pass
M002346	M013755	True	True	True	True	both_directions_pass
M002346	M013840	True	True	True	True	both_directions_pass
M002346	M014711	True	True	True	True	both_directions_pass
M002346	M015197	True	True	True	True	both_directions_pass
M002346	M015275	True	True	True	True	both_directions_pass
M002346	M015625	True	True	True	True	both_directions_pass
M002346	M015802	True	True	True	True	both_directions_pass
M002346	M016017	True	True	False	False	neither_direction_passes
M002346	M016042	True	True	True	True	both_directions_pass
M002346	M016120	True	True	True	True	both_directions_pass
M002346	M016397	True	True	True	True	both_directions_pass
M002346	M017368	True	True	True	True	both_directions_pass
M002352	M001574	True	True	True	True	both_directions_pass
M002376	M000089	True	True	True	True	both_directions_pass
M002376	M000184	True	True	True	True	both_directions_pass
M002376	M000275	True	True	True	True	both_directions_pass
M002376	M000462	True	True	True	True	both_directions_pass
M002376	M000558	True	True	True	True	both_directions_pass
M002376	M000822	True	True	True	True	both_directions_pass
M002376	M000887	True	True	True	True	both_directions_pass
M002376	M001154	True	True	True	True	both_directions_pass
M002376	M001307	True	True	True	True	both_directions_pass
M002376	M001389	True	True	True	True	both_directions_pass
M002376	M001539	True	True	True	True	both_directions_pass
M002376	M001653	True	True	True	True	both_directions_pass
M002376	M001836	True	True	True	True	both_directions_pass
M002376	M001941	True	True	False	False	neither_direction_passes
M002376	M001974	True	True	True	True	both_directions_pass
M002376	M002100	True	True	True	True	both_directions_pass
M002376	M002227	True	True	True	True	both_directions_pass
M002376	M002327	True	True	True	True	both_directions_pass
M002376	M002385	True	True	True	True	both_directions_pass
M002376	M002431	True	True	True	True	both_directions_pass
M002376	M002537	True	True	True	True	both_directions_pass
M002376	M002718	True	True	True	True	both_directions_pass
M002376	M002765	True	True	True	True	both_directions_pass
M002376	M002927	True	True	True	True	both_directions_pass
M002376	M002945	True	True	True	True	both_directions_pass
M002376	M003145	True	True	True	True	both_directions_pass
M002376	M003228	True	True	True	True	both_directions_pass
M002376	M003309	True	True	True	True	both_directions_pass
M002376	M003463	True	True	True	True	both_directions_pass
M002376	M003612	True	True	True	True	both_directions_pass
M002376	M003676	True	True	True	True	both_directions_pass
M002376	M003826	True	True	True	True	both_directions_pass
M002376	M003934	True	True	True	True	both_directions_pass
M002376	M004042	True	True	True	True	both_directions_pass
M002376	M004189	True	True	True	True	both_directions_pass
M002376	M004308	True	True	True	True	both_directions_pass
M002376	M004492	True	True	True	True	both_directions_pass
M002376	M004602	True	True	True	True	both_directions_pass
M002376	M004699	True	True	True	True	both_directions_pass
M002376	M004945	True	True	True	True	both_directions_pass
M002376	M005106	True	True	True	True	both_directions_pass
M002376	M005260	True	True	True	True	both_directions_pass
M002376	M005368	True	True	True	True	both_directions_pass
M002376	M005488	True	True	True	True	both_directions_pass
M002376	M005564	True	True	True	True	both_directions_pass
M002376	M005636	True	True	True	True	both_directions_pass
M002376	M005740	True	True	True	True	both_directions_pass
M002376	M005807	True	True	True	True	both_directions_pass
M002376	M006043	True	True	True	True	both_directions_pass
M002376	M006114	True	True	True	True	both_directions_pass
M002376	M006315	True	True	True	True	both_directions_pass
M002376	M006483	True	True	True	True	both_directions_pass
M002376	M006555	True	True	True	True	both_directions_pass
M002376	M006711	True	True	True	True	both_directions_pass
M002376	M006836	True	True	True	True	both_directions_pass
M002376	M006915	True	True	True	True	both_directions_pass
M002376	M007152	True	True	True	True	both_directions_pass
M002376	M007201	True	True	True	True	both_directions_pass
M002376	M007327	True	True	True	True	both_directions_pass
M002376	M007423	True	True	True	True	both_directions_pass
M002376	M007630	True	True	True	True	both_directions_pass
M002376	M007725	True	True	True	True	both_directions_pass
M002376	M008035	True	True	True	True	both_directions_pass
M002376	M008163	True	True	True	True	both_directions_pass
M002376	M008293	True	True	True	True	both_directions_pass
M002376	M008301	True	True	True	True	both_directions_pass
M002376	M008313	True	True	True	True	both_directions_pass
M002376	M008567	True	True	True	True	both_directions_pass
M002376	M008684	True	True	True	True	both_directions_pass
M002376	M009037	True	True	True	True	both_directions_pass
M002376	M009117	True	True	True	True	both_directions_pass
M002376	M009214	True	True	True	True	both_directions_pass
M002376	M009346	True	True	True	True	both_directions_pass
M002376	M009427	True	True	True	True	both_directions_pass
M002376	M009490	True	True	True	True	both_directions_pass
M002376	M009517	True	True	True	True	both_directions_pass
M002376	M009771	True	True	True	True	both_directions_pass
M002376	M009983	True	True	True	True	both_directions_pass
M002376	M010064	True	True	True	True	both_directions_pass
M002376	M010217	True	True	True	True	both_directions_pass
M002376	M010321	True	True	True	True	both_directions_pass
M002376	M010425	True	True	True	True	both_directions_pass
M002376	M010741	True	True	True	True	both_directions_pass
M002376	M010792	True	True	True	True	both_directions_pass
M002376	M010884	True	True	True	True	both_directions_pass
M002376	M011027	True	True	True	True	both_directions_pass
M002376	M011146	True	True	True	True	both_directions_pass
M002376	M011177	True	True	True	True	both_directions_pass
M002376	M011292	True	True	True	True	both_directions_pass
M002376	M011442	True	True	True	True	both_directions_pass
M002376	M011503	True	True	True	True	both_directions_pass
M002376	M011528	True	True	True	True	both_directions_pass
M002376	M011669	True	True	True	True	both_directions_pass
M002376	M011854	True	True	True	True	both_directions_pass
M002376	M011977	True	True	True	True	both_directions_pass
M002376	M012135	True	True	True	True	both_directions_pass
M002376	M012200	True	True	True	True	both_directions_pass
M002376	M012292	True	True	True	True	both_directions_pass
M002376	M012435	True	True	True	True	both_directions_pass
M002376	M012553	True	True	True	True	both_directions_pass
M002376	M012686	True	True	True	True	both_directions_pass
M002376	M012874	True	True	True	True	both_directions_pass
M002376	M012948	True	True	True	True	both_directions_pass
M002376	M013092	True	True	True	True	both_directions_pass
M002412	M003881	True	True	True	True	both_directions_pass
M002412	M006864	True	True	True	True	both_directions_pass
M002503	M004159	True	True	True	True	both_directions_pass
M002503	M007601	True	True	True	True	both_directions_pass
M002503	M007899	True	True	True	True	both_directions_pass
M002503	M012384	True	True	True	True	both_directions_pass
M002503	M012608	True	True	True	True	both_directions_pass
M002503	M013030	True	True	True	True	both_directions_pass
M002541	M015786	True	True	True	True	both_directions_pass
M002541	M017919	True	True	True	True	both_directions_pass
M002564	M012013	True	True	True	True	both_directions_pass
M002565	M010112	True	True	True	True	both_directions_pass
M002565	M016669	True	True	True	True	both_directions_pass
M002575	M000136	True	True	True	True	both_directions_pass
M002575	M000283	True	True	True	True	both_directions_pass
M002575	M000421	True	True	True	True	both_directions_pass
M002575	M000539	True	True	True	True	both_directions_pass
M002575	M000935	True	True	True	True	both_directions_pass
M002575	M000981	True	True	True	True	both_directions_pass
M002575	M001394	True	True	True	True	both_directions_pass
M002575	M001457	True	True	True	True	both_directions_pass
M002575	M001901	True	True	True	True	both_directions_pass
M002575	M001995	True	True	True	True	both_directions_pass
M002575	M002119	True	True	True	True	both_directions_pass
M002575	M002446	True	True	True	True	both_directions_pass
M002575	M002567	True	True	True	True	both_directions_pass
M002575	M002813	True	True	True	True	both_directions_pass
M002575	M002964	True	True	True	True	both_directions_pass
M002575	M003088	True	True	True	True	both_directions_pass
M002575	M003148	True	True	True	True	both_directions_pass
M002575	M003373	True	True	True	True	both_directions_pass
M002575	M003524	True	True	True	True	both_directions_pass
M002575	M003737	True	True	True	True	both_directions_pass
M002575	M003842	True	True	True	True	both_directions_pass
M002575	M003990	True	True	True	True	both_directions_pass
M002575	M004233	True	True	True	True	both_directions_pass
M002575	M004357	True	True	True	True	both_directions_pass
M002575	M004471	True	True	True	True	both_directions_pass
M002575	M004582	True	True	True	True	both_directions_pass
M002575	M004734	True	True	True	True	both_directions_pass
M002575	M004797	True	True	True	True	both_directions_pass
M002575	M004903	True	True	True	True	both_directions_pass
M002575	M005050	True	True	True	True	both_directions_pass
M002575	M005167	True	True	True	True	both_directions_pass
M002575	M005363	True	True	True	True	both_directions_pass
M002575	M005386	True	True	True	True	both_directions_pass
M002575	M005583	True	True	True	True	both_directions_pass
M002575	M005630	True	True	True	True	both_directions_pass
M002575	M005690	True	True	True	True	both_directions_pass
M002575	M005774	True	True	True	True	both_directions_pass
M002575	M005891	True	True	True	True	both_directions_pass
M002575	M006087	True	True	True	True	both_directions_pass
M002575	M006143	True	True	True	True	both_directions_pass
M002575	M006236	True	True	True	True	both_directions_pass
M002575	M006411	True	True	True	True	both_directions_pass
M002575	M006529	True	True	True	True	both_directions_pass
M002575	M006688	True	True	True	True	both_directions_pass
M002575	M006830	True	True	True	True	both_directions_pass
M002575	M006911	True	True	True	True	both_directions_pass
M002575	M007230	True	True	True	True	both_directions_pass
M002575	M007252	True	True	True	True	both_directions_pass
M002575	M007365	True	True	True	True	both_directions_pass
M002575	M007413	True	True	True	True	both_directions_pass
M002575	M007639	True	True	True	True	both_directions_pass
M002575	M007681	True	True	True	True	both_directions_pass
M002575	M007850	True	True	True	True	both_directions_pass
M002575	M008056	True	True	True	True	both_directions_pass
M002575	M008375	True	True	True	True	both_directions_pass
M002575	M008431	True	True	True	True	both_directions_pass
M002575	M008560	True	True	True	True	both_directions_pass
M002575	M008763	True	True	True	True	both_directions_pass
M002575	M008807	True	True	True	True	both_directions_pass
M002575	M008935	True	True	True	True	both_directions_pass
M002575	M008945	True	True	True	True	both_directions_pass
M002575	M009063	True	True	True	True	both_directions_pass
M002575	M009115	True	True	True	True	both_directions_pass
M002575	M009286	True	True	True	True	both_directions_pass
M002575	M009300	True	True	True	True	both_directions_pass
M002575	M009436	True	True	True	True	both_directions_pass
M002575	M009519	True	True	True	True	both_directions_pass
M002575	M009829	True	True	True	True	both_directions_pass
M002575	M009894	True	True	True	True	both_directions_pass
M002575	M010070	True	True	True	True	both_directions_pass
M002575	M010141	True	True	True	True	both_directions_pass
M002575	M010241	True	True	True	True	both_directions_pass
M002575	M010386	True	True	True	True	both_directions_pass
M002575	M010555	True	True	True	True	both_directions_pass
M002575	M010691	True	True	True	True	both_directions_pass
M002575	M010848	True	True	True	True	both_directions_pass
M002575	M010967	True	True	True	True	both_directions_pass
M002575	M011164	True	True	True	True	both_directions_pass
M002575	M011281	True	True	True	True	both_directions_pass
M002575	M011426	True	True	True	True	both_directions_pass
M002575	M011487	True	True	True	True	both_directions_pass
M002575	M011646	True	True	True	True	both_directions_pass
M002575	M011747	True	True	True	True	both_directions_pass
M002575	M011804	True	True	True	True	both_directions_pass
M002575	M012041	True	True	True	True	both_directions_pass
M002575	M012084	True	True	True	True	both_directions_pass
M002575	M012325	True	True	True	True	both_directions_pass
M002575	M012559	True	True	True	True	both_directions_pass
M002575	M012643	True	True	True	True	both_directions_pass
M002575	M012892	True	True	True	True	both_directions_pass
M002575	M012989	True	True	True	True	both_directions_pass
M002577	M000285	True	True	True	True	both_directions_pass
M002577	M000740	True	True	True	True	both_directions_pass
M002577	M000858	True	True	True	True	both_directions_pass
M002577	M001043	True	True	True	True	both_directions_pass
M002577	M001813	True	True	True	True	both_directions_pass
M002577	M002052	True	True	True	True	both_directions_pass
M002577	M002286	True	True	True	True	both_directions_pass
M002577	M003517	True	True	True	True	both_directions_pass
M002577	M004262	True	True	True	True	both_directions_pass
M002577	M004833	True	True	True	True	both_directions_pass
M002577	M005023	True	True	True	True	both_directions_pass
M002577	M005389	True	True	True	True	both_directions_pass
M002577	M005668	True	True	True	True	both_directions_pass
M002577	M005764	True	True	True	True	both_directions_pass
M002577	M006172	True	True	True	True	both_directions_pass
M002577	M006504	True	True	True	True	both_directions_pass
M002577	M006720	True	True	True	True	both_directions_pass
M002577	M007364	True	True	True	True	both_directions_pass
M002577	M007455	True	True	True	True	both_directions_pass
M002577	M007607	True	True	True	True	both_directions_pass
M002577	M009029	True	True	True	True	both_directions_pass
M002577	M009073	True	True	True	True	both_directions_pass
M002577	M010506	True	True	True	True	both_directions_pass
M002577	M010708	True	True	True	True	both_directions_pass
M002577	M011625	True	True	True	True	both_directions_pass
M002577	M011811	True	True	True	True	both_directions_pass
M002577	M012326	True	True	True	True	both_directions_pass
M002577	M012600	True	True	True	True	both_directions_pass
M002577	M012784	True	True	True	True	both_directions_pass
M002577	M013380	True	True	True	True	both_directions_pass
M002577	M013604	True	True	True	True	both_directions_pass
M002577	M013735	True	True	True	True	both_directions_pass
M002577	M014348	True	True	True	True	both_directions_pass
M002577	M014760	True	True	True	True	both_directions_pass
M002577	M015022	True	True	True	True	both_directions_pass
M002577	M015345	True	True	True	True	both_directions_pass
M002577	M015521	True	True	True	True	both_directions_pass
M002577	M015618	True	True	True	True	both_directions_pass
M002577	M015778	True	True	True	True	both_directions_pass
M002577	M015962	True	True	True	True	both_directions_pass
M002577	M016391	True	True	True	True	both_directions_pass
M002577	M016495	True	True	True	True	both_directions_pass
M002577	M016684	True	True	True	True	both_directions_pass
M002577	M016850	True	True	True	True	both_directions_pass
M002577	M017063	True	True	True	True	both_directions_pass
M002577	M017158	True	True	True	True	both_directions_pass
M002577	M018032	True	True	True	True	both_directions_pass
M002584	M001654	True	True	True	True	both_directions_pass
M002584	M006392	True	True	True	True	both_directions_pass
M002584	M008811	True	True	True	True	both_directions_pass
M002584	M013359	True	True	True	True	both_directions_pass
M002584	M013873	True	True	True	True	both_directions_pass
M002584	M014035	True	True	True	True	both_directions_pass
M002584	M017399	True	True	True	True	both_directions_pass
M002584	M018094	True	True	True	True	both_directions_pass
M002605	M002588	True	True	True	True	both_directions_pass
M002700	M000765	True	True	True	True	both_directions_pass
M002700	M000951	True	True	True	True	both_directions_pass
M002700	M007872	True	True	True	True	both_directions_pass
M002700	M008511	True	True	True	True	both_directions_pass
M002700	M011841	True	True	True	True	both_directions_pass
M002700	M012432	True	True	True	True	both_directions_pass
M002700	M013075	True	True	True	True	both_directions_pass
M002700	M015980	True	True	True	True	both_directions_pass
M002700	M016824	True	True	True	True	both_directions_pass
M002729	M000003	True	True	True	True	both_directions_pass
M002729	M000052	True	True	True	True	both_directions_pass
M002729	M000066	True	True	True	True	both_directions_pass
M002729	M000210	True	True	True	True	both_directions_pass
M002729	M000365	True	True	True	True	both_directions_pass
M002729	M000442	True	True	True	True	both_directions_pass
M002729	M000474	True	True	True	True	both_directions_pass
M002729	M000518	True	True	True	True	both_directions_pass
M002729	M000668	True	True	True	True	both_directions_pass
M002729	M000713	True	True	True	True	both_directions_pass
M002729	M000742	True	True	True	True	both_directions_pass
M002729	M000963	True	True	True	True	both_directions_pass
M002729	M000986	True	True	True	True	both_directions_pass
M002729	M001402	True	True	True	True	both_directions_pass
M002729	M001424	True	True	True	True	both_directions_pass
M002729	M001505	True	True	True	True	both_directions_pass
M002729	M001622	True	True	True	True	both_directions_pass
M002729	M001683	True	True	True	True	both_directions_pass
M002729	M001936	True	True	True	True	both_directions_pass
M002729	M001987	True	True	True	True	both_directions_pass
M002729	M002096	True	True	True	True	both_directions_pass
M002729	M002527	True	True	True	True	both_directions_pass
M002729	M002687	True	True	True	True	both_directions_pass
M002729	M002843	True	True	True	True	both_directions_pass
M002729	M002960	True	True	True	True	both_directions_pass
M002729	M003179	True	True	True	True	both_directions_pass
M002729	M003264	True	True	True	True	both_directions_pass
M002729	M003417	True	True	True	True	both_directions_pass
M002729	M003516	True	True	True	True	both_directions_pass
M002729	M003556	True	True	True	True	both_directions_pass
M002729	M003668	True	True	True	True	both_directions_pass
M002729	M003848	True	True	True	True	both_directions_pass
M002729	M003954	True	True	True	True	both_directions_pass
M002729	M004044	True	True	True	True	both_directions_pass
M002729	M004124	True	True	True	True	both_directions_pass
M002729	M004150	True	True	True	True	both_directions_pass
M002729	M004182	True	True	True	True	both_directions_pass
M002729	M004373	True	True	True	True	both_directions_pass
M002729	M004401	True	True	True	True	both_directions_pass
M002729	M004423	True	True	True	True	both_directions_pass
M002729	M004553	True	True	True	True	both_directions_pass
M002729	M004737	True	True	True	True	both_directions_pass
M002729	M004803	True	True	True	True	both_directions_pass
M002729	M004966	True	True	True	True	both_directions_pass
M002729	M005074	True	True	True	True	both_directions_pass
M002729	M005162	True	True	True	True	both_directions_pass
M002729	M005361	True	True	True	True	both_directions_pass
M002729	M005398	True	True	True	True	both_directions_pass
M002729	M005560	True	True	True	True	both_directions_pass
M002729	M005692	True	True	True	True	both_directions_pass
M002729	M005880	True	True	True	True	both_directions_pass
M002729	M005892	True	True	True	True	both_directions_pass
M002729	M005994	True	True	True	True	both_directions_pass
M002729	M006139	True	True	True	True	both_directions_pass
M002729	M006325	True	True	True	True	both_directions_pass
M002729	M006574	True	True	True	True	both_directions_pass
M002729	M006577	True	True	True	True	both_directions_pass
M002729	M006698	True	True	True	True	both_directions_pass
M002729	M006876	True	True	True	True	both_directions_pass
M002729	M007162	True	True	True	True	both_directions_pass
M002729	M007207	True	True	True	True	both_directions_pass
M002729	M007311	True	True	True	True	both_directions_pass
M002729	M007397	True	True	True	True	both_directions_pass
M002729	M007612	True	True	True	True	both_directions_pass
M002729	M007699	True	True	True	True	both_directions_pass
M002729	M007836	True	True	True	True	both_directions_pass
M002729	M007887	True	True	True	True	both_directions_pass
M002729	M007958	True	True	True	True	both_directions_pass
M002729	M008120	True	True	True	True	both_directions_pass
M002729	M008213	True	True	True	True	both_directions_pass
M002729	M008242	True	True	True	True	both_directions_pass
M002729	M008345	True	True	True	True	both_directions_pass
M002729	M008440	True	True	True	True	both_directions_pass
M002729	M008502	True	True	True	True	both_directions_pass
M002729	M008651	True	True	True	True	both_directions_pass
M002729	M008691	True	True	True	True	both_directions_pass
M002729	M008859	True	True	True	True	both_directions_pass
M002729	M008996	True	True	True	True	both_directions_pass
M002729	M009083	True	True	True	True	both_directions_pass
M002729	M009220	True	True	True	True	both_directions_pass
M002729	M009301	True	True	True	True	both_directions_pass
M002729	M009553	True	True	True	True	both_directions_pass
M002729	M009863	True	True	True	True	both_directions_pass
M002729	M009957	True	True	True	True	both_directions_pass
M002729	M010039	True	True	True	True	both_directions_pass
M002729	M010181	True	True	True	True	both_directions_pass
M002729	M010415	True	True	True	True	both_directions_pass
M002729	M010548	True	True	True	True	both_directions_pass
M002729	M010762	True	True	True	True	both_directions_pass
M002729	M010788	True	True	True	True	both_directions_pass
M002729	M010885	True	True	True	True	both_directions_pass
M002729	M011008	True	True	True	True	both_directions_pass
M002729	M011098	True	True	True	True	both_directions_pass
M002729	M011304	True	True	True	True	both_directions_pass
M002729	M011420	True	True	True	True	both_directions_pass
M002729	M011614	True	True	True	True	both_directions_pass
M002729	M011751	True	True	True	True	both_directions_pass
M002729	M011892	True	True	False	False	neither_direction_passes
M002729	M011935	True	True	True	True	both_directions_pass
M002729	M011990	True	True	True	True	both_directions_pass
M002729	M012092	True	True	True	True	both_directions_pass
M002729	M012261	True	True	True	True	both_directions_pass
M002729	M012344	True	True	True	True	both_directions_pass
M002729	M012425	True	True	True	True	both_directions_pass
M002729	M012534	True	True	True	True	both_directions_pass
M002729	M012618	True	True	True	True	both_directions_pass
M002729	M012785	True	True	True	True	both_directions_pass
M002729	M012839	True	True	True	True	both_directions_pass
M002729	M012958	True	True	True	True	both_directions_pass
M002729	M013152	True	True	True	True	both_directions_pass
M002731	M006097	True	True	True	True	both_directions_pass
M002731	M008158	True	True	True	True	both_directions_pass
M002732	M000769	True	True	True	True	both_directions_pass
M002732	M000900	True	True	True	True	both_directions_pass
M002732	M006809	True	True	True	True	both_directions_pass
M002732	M008418	True	True	False	False	neither_direction_passes
M002732	M008427	True	True	False	False	neither_direction_passes
M002749	M002543	True	True	False	False	neither_direction_passes
M002749	M006197	True	True	True	True	both_directions_pass
M002749	M010673	True	True	False	False	neither_direction_passes
M002763	M005216	True	True	True	True	both_directions_pass
M002823	M001310	True	True	True	True	both_directions_pass
M002845	M000687	True	True	True	True	both_directions_pass
M002853	M000007	True	True	True	True	both_directions_pass
M002853	M000051	True	True	True	True	both_directions_pass
M002853	M000156	True	True	True	True	both_directions_pass
M002853	M000274	True	True	True	True	both_directions_pass
M002853	M000323	True	True	True	True	both_directions_pass
M002853	M000355	True	True	True	True	both_directions_pass
M002853	M000469	True	True	True	True	both_directions_pass
M002853	M000478	True	True	True	True	both_directions_pass
M002853	M000566	True	True	True	True	both_directions_pass
M002853	M000645	True	True	True	True	both_directions_pass
M002853	M000726	True	True	True	True	both_directions_pass
M002853	M000820	True	True	True	True	both_directions_pass
M002853	M000860	True	True	True	True	both_directions_pass
M002853	M001008	True	True	True	True	both_directions_pass
M002853	M001041	True	True	True	True	both_directions_pass
M002853	M001224	True	True	True	True	both_directions_pass
M002853	M001230	True	True	True	True	both_directions_pass
M002853	M001239	True	True	True	True	both_directions_pass
M002853	M001430	True	True	True	True	both_directions_pass
M002853	M001526	True	True	True	True	both_directions_pass
M002853	M001744	True	True	True	True	both_directions_pass
M002853	M001917	True	True	True	True	both_directions_pass
M002853	M001970	True	True	True	True	both_directions_pass
M002853	M002182	True	True	True	True	both_directions_pass
M002853	M002215	True	True	True	True	both_directions_pass
M002853	M002366	True	True	True	True	both_directions_pass
M002853	M002458	True	True	True	True	both_directions_pass
M002853	M002637	True	True	True	True	both_directions_pass
M002853	M002948	True	True	True	True	both_directions_pass
M002853	M003155	True	True	True	True	both_directions_pass
M002853	M003261	True	True	True	True	both_directions_pass
M002853	M003454	True	True	True	True	both_directions_pass
M002853	M003459	True	True	True	True	both_directions_pass
M002853	M003526	True	True	True	True	both_directions_pass
M002853	M003667	True	True	True	True	both_directions_pass
M002853	M003823	True	True	True	True	both_directions_pass
M002853	M003917	True	True	True	True	both_directions_pass
M002853	M004117	True	True	True	True	both_directions_pass
M002853	M004165	True	True	True	True	both_directions_pass
M002853	M004360	True	True	True	True	both_directions_pass
M002853	M004477	True	True	True	True	both_directions_pass
M002853	M004622	True	True	True	True	both_directions_pass
M002853	M004670	True	True	True	True	both_directions_pass
M002853	M004832	True	True	True	True	both_directions_pass
M002853	M004982	True	True	True	True	both_directions_pass
M002853	M005091	True	True	True	True	both_directions_pass
M002853	M005145	True	True	True	True	both_directions_pass
M002853	M005332	True	True	True	True	both_directions_pass
M002853	M005428	True	True	True	True	both_directions_pass
M002853	M005608	True	True	True	True	both_directions_pass
M002853	M005645	True	True	True	True	both_directions_pass
M002853	M005820	True	True	True	True	both_directions_pass
M002853	M006064	True	True	True	True	both_directions_pass
M002853	M006180	True	True	True	True	both_directions_pass
M002853	M006252	True	True	True	True	both_directions_pass
M002853	M006438	True	True	True	True	both_directions_pass
M002853	M006566	True	True	True	True	both_directions_pass
M002853	M006690	True	True	True	True	both_directions_pass
M002853	M006730	True	True	True	True	both_directions_pass
M002853	M006947	True	True	True	True	both_directions_pass
M002853	M007010	True	True	True	True	both_directions_pass
M002853	M007034	True	True	True	True	both_directions_pass
M002853	M007082	True	True	True	True	both_directions_pass
M002853	M007282	True	True	True	True	both_directions_pass
M002853	M007355	True	True	True	True	both_directions_pass
M002853	M007409	True	True	True	True	both_directions_pass
M002853	M007559	True	True	True	True	both_directions_pass
M002853	M007765	True	True	True	True	both_directions_pass
M002853	M007862	True	True	True	True	both_directions_pass
M002853	M007945	True	True	True	True	both_directions_pass
M002853	M008075	True	True	True	True	both_directions_pass
M002853	M008251	True	True	True	True	both_directions_pass
M002853	M008266	True	True	True	True	both_directions_pass
M002853	M008540	True	True	True	True	both_directions_pass
M002853	M008679	True	True	True	True	both_directions_pass
M002853	M008917	True	True	True	True	both_directions_pass
M002853	M009060	True	True	True	True	both_directions_pass
M002853	M009172	True	True	True	True	both_directions_pass
M002853	M009250	True	True	True	True	both_directions_pass
M002853	M009309	True	True	True	True	both_directions_pass
M002853	M009521	True	True	True	True	both_directions_pass
M002853	M009828	True	True	True	True	both_directions_pass
M002853	M009975	True	True	True	True	both_directions_pass
M002853	M010078	True	True	True	True	both_directions_pass
M002853	M010174	True	True	True	True	both_directions_pass
M002853	M010294	True	True	True	True	both_directions_pass
M002853	M010320	True	True	True	True	both_directions_pass
M002853	M010426	True	True	True	True	both_directions_pass
M002853	M010573	True	True	True	True	both_directions_pass
M002853	M010768	True	True	True	True	both_directions_pass
M002853	M010790	True	True	True	True	both_directions_pass
M002853	M010906	True	True	True	True	both_directions_pass
M002853	M010995	True	True	True	True	both_directions_pass
M002853	M011241	True	True	True	True	both_directions_pass
M002853	M011309	True	True	True	True	both_directions_pass
M002853	M011326	True	True	True	True	both_directions_pass
M002853	M011396	True	True	True	True	both_directions_pass
M002853	M011482	True	True	True	True	both_directions_pass
M002853	M011585	True	True	True	True	both_directions_pass
M002853	M011738	True	True	True	True	both_directions_pass
M002853	M011927	True	True	True	True	both_directions_pass
M002853	M012134	True	True	True	True	both_directions_pass
M002853	M012291	True	True	True	True	both_directions_pass
M002853	M012340	True	True	True	True	both_directions_pass
M002853	M012439	True	True	True	True	both_directions_pass
M002853	M012497	True	True	True	True	both_directions_pass
M002853	M012781	True	True	True	True	both_directions_pass
M002853	M012906	True	True	True	True	both_directions_pass
M002853	M013000	True	True	True	True	both_directions_pass
M002853	M013141	True	True	True	True	both_directions_pass
M002853	M013702	True	True	True	True	both_directions_pass
M002853	M013708	True	True	True	True	both_directions_pass
M002853	M014562	True	True	True	True	both_directions_pass
M002853	M014738	True	True	True	True	both_directions_pass
M002853	M014800	True	True	True	True	both_directions_pass
M002853	M015154	True	True	True	True	both_directions_pass
M002853	M015344	True	True	True	True	both_directions_pass
M002853	M016500	True	True	True	True	both_directions_pass
M002853	M016563	True	True	True	True	both_directions_pass
M002853	M016894	True	True	True	True	both_directions_pass
M002853	M017442	True	True	True	True	both_directions_pass
M002853	M017836	True	True	True	True	both_directions_pass
M002853	M017951	True	True	True	True	both_directions_pass
M002853	M017980	True	True	True	True	both_directions_pass
M002853	M018205	True	True	True	True	both_directions_pass
M002853	M018256	True	True	True	True	both_directions_pass
M002872	M011339	True	True	True	True	both_directions_pass
M002877	M007382	True	True	True	True	both_directions_pass
M002879	M002015	True	True	True	True	both_directions_pass
M002898	M000068	True	True	True	True	both_directions_pass
M002898	M000447	True	True	True	True	both_directions_pass
M002898	M002808	True	True	True	True	both_directions_pass
M002898	M003030	True	True	True	True	both_directions_pass
M002898	M003314	True	True	True	True	both_directions_pass
M002898	M004275	True	True	True	True	both_directions_pass
M002898	M004398	True	True	True	True	both_directions_pass
M002898	M006899	True	True	True	True	both_directions_pass
M002898	M007036	True	True	True	True	both_directions_pass
M002898	M009020	True	True	True	True	both_directions_pass
M002898	M009511	True	True	True	True	both_directions_pass
M002898	M010019	True	True	True	True	both_directions_pass
M002898	M010132	True	True	True	True	both_directions_pass
M002898	M011236	True	True	True	True	both_directions_pass
M002898	M011357	True	True	True	True	both_directions_pass
M002898	M012569	True	True	True	True	both_directions_pass
M002898	M012630	True	True	True	True	both_directions_pass
M002898	M014561	True	True	True	True	both_directions_pass
M002899	M000131	True	True	True	True	both_directions_pass
M002899	M001109	True	True	True	True	both_directions_pass
M002899	M002501	True	True	True	True	both_directions_pass
M002899	M003800	True	True	True	True	both_directions_pass
M002899	M003949	True	True	True	True	both_directions_pass
M002899	M005344	True	True	True	True	both_directions_pass
M002899	M006218	True	True	True	True	both_directions_pass
M002899	M006276	True	True	True	True	both_directions_pass
M002899	M007453	True	True	True	True	both_directions_pass
M002899	M008492	True	True	True	True	both_directions_pass
M002899	M008704	True	True	True	True	both_directions_pass
M002899	M009539	True	True	True	True	both_directions_pass
M002899	M011013	True	True	True	True	both_directions_pass
M002913	M008600	True	True	True	True	both_directions_pass
M002913	M009307	True	True	False	False	neither_direction_passes
M002924	M000203	True	True	False	False	neither_direction_passes
M002924	M000342	True	True	True	True	both_directions_pass
M002924	M000542	True	True	False	False	neither_direction_passes
M002924	M001392	True	True	False	False	neither_direction_passes
M002924	M001533	True	True	False	False	neither_direction_passes
M002924	M002417	True	True	False	False	neither_direction_passes
M002924	M002787	True	True	False	False	neither_direction_passes
M002924	M005454	True	True	False	False	neither_direction_passes
M002924	M005797	True	True	False	False	neither_direction_passes
M002924	M006708	True	True	False	False	neither_direction_passes
M002924	M007618	True	True	False	False	neither_direction_passes
M002924	M007799	True	True	False	False	neither_direction_passes
M002924	M007973	True	True	False	False	neither_direction_passes
M002924	M008185	True	True	False	False	neither_direction_passes
M002924	M008734	True	True	False	False	neither_direction_passes
M002924	M008843	True	True	False	False	neither_direction_passes
M002924	M009591	True	True	False	False	neither_direction_passes
M002924	M009650	True	True	False	False	neither_direction_passes
M002924	M010846	True	True	False	False	neither_direction_passes
M002924	M012895	True	True	False	False	neither_direction_passes
M002924	M012997	True	True	False	False	neither_direction_passes
M002924	M013293	True	True	False	False	neither_direction_passes
M002924	M013363	True	True	False	False	neither_direction_passes
M002924	M013386	True	True	False	False	neither_direction_passes
M002924	M013439	True	True	False	False	neither_direction_passes
M002924	M013663	True	True	False	False	neither_direction_passes
M002924	M013664	True	True	False	False	neither_direction_passes
M002924	M013717	True	True	False	False	neither_direction_passes
M002924	M013905	True	True	False	False	neither_direction_passes
M002924	M013923	True	True	False	False	neither_direction_passes
M002924	M014235	True	True	False	False	neither_direction_passes
M002924	M014272	True	True	False	False	neither_direction_passes
M002924	M014277	True	True	False	False	neither_direction_passes
M002924	M014371	True	True	False	False	neither_direction_passes
M002924	M014376	True	True	False	False	neither_direction_passes
M002924	M014389	True	True	False	False	neither_direction_passes
M002924	M014603	True	True	False	False	neither_direction_passes
M002924	M015070	True	True	False	False	neither_direction_passes
M002924	M015322	True	True	False	False	neither_direction_passes
M002924	M015470	True	True	False	False	neither_direction_passes
M002924	M015645	True	True	False	False	neither_direction_passes
M002924	M015651	True	True	False	False	neither_direction_passes
M002924	M015850	True	True	False	False	neither_direction_passes
M002924	M015868	True	True	False	False	neither_direction_passes
M002924	M016136	True	True	False	False	neither_direction_passes
M002924	M016381	True	True	False	False	neither_direction_passes
M002924	M016388	True	True	False	False	neither_direction_passes
M002924	M016674	True	True	False	False	neither_direction_passes
M002924	M016741	True	True	False	False	neither_direction_passes
M002924	M016821	True	True	False	False	neither_direction_passes
M002924	M016871	True	True	False	False	neither_direction_passes
M002924	M016883	True	True	False	False	neither_direction_passes
M002924	M016938	True	True	False	False	neither_direction_passes
M002924	M016952	True	True	False	False	neither_direction_passes
M002924	M017127	True	True	False	False	neither_direction_passes
M002924	M017216	True	True	True	True	both_directions_pass
M002924	M017300	True	True	False	False	neither_direction_passes
M002924	M017356	True	True	False	False	neither_direction_passes
M002924	M017428	True	True	False	False	neither_direction_passes
M002924	M017469	True	True	False	False	neither_direction_passes
M002924	M017499	True	True	False	False	neither_direction_passes
M002924	M017662	True	True	False	False	neither_direction_passes
M002924	M017904	True	True	False	False	neither_direction_passes
M002924	M017984	True	True	False	False	neither_direction_passes
M002924	M018093	True	True	False	False	neither_direction_passes
M002924	M018122	True	True	False	False	neither_direction_passes
M002957	M000105	True	True	True	True	both_directions_pass
M002957	M000464	True	True	True	True	both_directions_pass
M002957	M002060	True	True	True	True	both_directions_pass
M002957	M002654	True	True	True	True	both_directions_pass
M002957	M002791	True	True	True	True	both_directions_pass
M002957	M003127	True	True	True	True	both_directions_pass
M002957	M003242	True	True	True	True	both_directions_pass
M002957	M003361	True	True	True	True	both_directions_pass
M002957	M003799	True	True	True	True	both_directions_pass
M002957	M004318	True	True	True	True	both_directions_pass
M002957	M005543	True	True	True	True	both_directions_pass
M002957	M007140	True	True	True	True	both_directions_pass
M002957	M008901	True	True	True	True	both_directions_pass
M002957	M009344	True	True	True	True	both_directions_pass
M002957	M009520	True	True	True	True	both_directions_pass
M002957	M009977	True	True	True	True	both_directions_pass
M002957	M010140	True	True	True	True	both_directions_pass
M002957	M011394	True	True	True	True	both_directions_pass
M002989	M001726	True	True	True	True	both_directions_pass
M003142	M011151	True	True	True	True	both_directions_pass
M003142	M013031	True	True	True	True	both_directions_pass
M003170	M003271	True	True	True	True	both_directions_pass
M003229	M000998	True	True	True	True	both_directions_pass
M003239	M000449	True	True	True	True	both_directions_pass
M003239	M005515	True	True	True	True	both_directions_pass
M003239	M007566	True	True	True	True	both_directions_pass
M003239	M007676	True	True	True	True	both_directions_pass
M003239	M009593	True	True	True	True	both_directions_pass
M003239	M011359	True	True	True	True	both_directions_pass
M003360	M003241	True	True	True	True	both_directions_pass
M003386	M001569	True	True	True	True	both_directions_pass
M003386	M007672	True	True	True	True	both_directions_pass
M003393	M002298	True	True	True	True	both_directions_pass
M003393	M003008	True	True	False	False	neither_direction_passes
M003393	M006854	True	True	True	True	both_directions_pass
M003394	M000587	True	True	True	True	both_directions_pass
M003394	M000745	True	True	True	True	both_directions_pass
M003394	M000843	True	True	True	True	both_directions_pass
M003394	M001483	True	True	True	True	both_directions_pass
M003394	M002281	True	True	True	True	both_directions_pass
M003394	M003138	True	True	True	True	both_directions_pass
M003394	M003235	True	True	True	True	both_directions_pass
M003394	M003287	True	True	True	True	both_directions_pass
M003394	M004084	True	True	True	True	both_directions_pass
M003394	M004638	True	True	True	True	both_directions_pass
M003394	M004923	True	True	True	True	both_directions_pass
M003394	M005115	True	True	True	True	both_directions_pass
M003394	M005424	True	True	True	True	both_directions_pass
M003394	M006887	True	True	True	True	both_directions_pass
M003394	M007020	True	True	True	True	both_directions_pass
M003394	M007379	True	True	True	True	both_directions_pass
M003394	M007999	True	True	True	True	both_directions_pass
M003394	M008145	True	True	True	True	both_directions_pass
M003394	M008534	True	True	True	True	both_directions_pass
M003394	M008793	True	True	True	True	both_directions_pass
M003394	M009375	True	True	True	True	both_directions_pass
M003394	M009550	True	True	True	True	both_directions_pass
M003394	M009690	True	True	True	True	both_directions_pass
M003394	M009935	True	True	True	True	both_directions_pass
M003394	M010238	True	True	True	True	both_directions_pass
M003394	M011465	True	True	True	True	both_directions_pass
M003394	M011711	True	True	True	True	both_directions_pass
M003394	M011890	True	True	True	True	both_directions_pass
M003394	M012451	True	True	True	True	both_directions_pass
M003394	M012867	True	True	True	True	both_directions_pass
M003394	M013045	True	True	True	True	both_directions_pass
M003396	M012687	True	True	True	True	both_directions_pass
M003407	M001715	True	True	True	True	both_directions_pass
M003407	M001925	True	True	True	True	both_directions_pass
M003407	M004208	True	True	True	True	both_directions_pass
M003431	M001276	True	True	True	True	both_directions_pass
M003431	M006079	True	True	True	True	both_directions_pass
M003431	M009677	True	True	True	True	both_directions_pass
M003431	M009726	True	True	True	True	both_directions_pass
M003437	M012761	True	True	True	True	both_directions_pass
M003439	M006088	True	True	True	True	both_directions_pass
M003439	M012728	True	True	True	True	both_directions_pass
M003446	M000806	True	True	True	True	both_directions_pass
M003446	M005701	True	True	True	True	both_directions_pass
M003446	M005902	True	True	False	False	neither_direction_passes
M003446	M010806	True	True	True	True	both_directions_pass
M003447	M000144	True	True	True	True	both_directions_pass
M003447	M000258	True	True	True	True	both_directions_pass
M003447	M000325	True	True	True	True	both_directions_pass
M003447	M000404	True	True	True	True	both_directions_pass
M003447	M000616	True	True	True	True	both_directions_pass
M003447	M000721	True	True	True	True	both_directions_pass
M003447	M000756	True	True	True	True	both_directions_pass
M003447	M000875	True	True	True	True	both_directions_pass
M003447	M001003	True	True	True	True	both_directions_pass
M003447	M001018	True	True	True	True	both_directions_pass
M003447	M001263	True	True	True	True	both_directions_pass
M003447	M001346	True	True	True	True	both_directions_pass
M003447	M001472	True	True	True	True	both_directions_pass
M003447	M001566	True	True	True	True	both_directions_pass
M003447	M001709	True	True	True	True	both_directions_pass
M003447	M001805	True	True	True	True	both_directions_pass
M003447	M001949	True	True	True	True	both_directions_pass
M003447	M002024	True	True	True	True	both_directions_pass
M003447	M002144	True	True	True	True	both_directions_pass
M003447	M002228	True	True	True	True	both_directions_pass
M003447	M002497	True	True	True	True	both_directions_pass
M003447	M002673	True	True	True	True	both_directions_pass
M003447	M002785	True	True	True	True	both_directions_pass
M003447	M003011	True	True	True	True	both_directions_pass
M003447	M003071	True	True	True	True	both_directions_pass
M003447	M003639	True	True	True	True	both_directions_pass
M003447	M003725	True	True	True	True	both_directions_pass
M003447	M003786	True	True	True	True	both_directions_pass
M003447	M003911	True	True	True	True	both_directions_pass
M003447	M004191	True	True	True	True	both_directions_pass
M003447	M004278	True	True	True	True	both_directions_pass
M003447	M004414	True	True	True	True	both_directions_pass
M003447	M004625	True	True	True	True	both_directions_pass
M003447	M004661	True	True	True	True	both_directions_pass
M003447	M004872	True	True	True	True	both_directions_pass
M003447	M004987	True	True	True	True	both_directions_pass
M003447	M005051	True	True	True	True	both_directions_pass
M003447	M005198	True	True	True	True	both_directions_pass
M003447	M005287	True	True	True	True	both_directions_pass
M003447	M005407	True	True	True	True	both_directions_pass
M003447	M005580	True	True	True	True	both_directions_pass
M003447	M005639	True	True	True	True	both_directions_pass
M003447	M005889	True	True	True	True	both_directions_pass
M003447	M005919	True	True	True	True	both_directions_pass
M003447	M005931	True	True	True	True	both_directions_pass
M003447	M006083	True	True	True	True	both_directions_pass
M003447	M006185	True	True	True	True	both_directions_pass
M003447	M006238	True	True	True	True	both_directions_pass
M003447	M006385	True	True	True	True	both_directions_pass
M003447	M006443	True	True	True	True	both_directions_pass
M003447	M006631	True	True	True	True	both_directions_pass
M003447	M006804	True	True	True	True	both_directions_pass
M003447	M006862	True	True	True	True	both_directions_pass
M003447	M007068	True	True	True	True	both_directions_pass
M003447	M007154	True	True	True	True	both_directions_pass
M003447	M007300	True	True	True	True	both_directions_pass
M003447	M007628	True	True	True	True	both_directions_pass
M003447	M007678	True	True	True	True	both_directions_pass
M003447	M007903	True	True	True	True	both_directions_pass
M003447	M007937	True	True	True	True	both_directions_pass
M003447	M008123	True	True	True	True	both_directions_pass
M003447	M008192	True	True	True	True	both_directions_pass
M003447	M008393	True	True	True	True	both_directions_pass
M003447	M008485	True	True	True	True	both_directions_pass
M003447	M008581	True	True	True	True	both_directions_pass
M003447	M008654	True	True	True	True	both_directions_pass
M003447	M008711	True	True	True	True	both_directions_pass
M003447	M008854	True	True	True	True	both_directions_pass
M003447	M008942	True	True	True	True	both_directions_pass
M003447	M009066	True	True	True	True	both_directions_pass
M003447	M009266	True	True	True	True	both_directions_pass
M003447	M009368	True	True	True	True	both_directions_pass
M003447	M009435	True	True	True	True	both_directions_pass
M003447	M009537	True	True	True	True	both_directions_pass
M003447	M009791	True	True	True	True	both_directions_pass
M003447	M009949	True	True	True	True	both_directions_pass
M003447	M010080	True	True	True	True	both_directions_pass
M003447	M010216	True	True	True	True	both_directions_pass
M003447	M010269	True	True	True	True	both_directions_pass
M003447	M010379	True	True	True	True	both_directions_pass
M003447	M010488	True	True	True	True	both_directions_pass
M003447	M010524	True	True	True	True	both_directions_pass
M003447	M010793	True	True	True	True	both_directions_pass
M003447	M010878	True	True	True	True	both_directions_pass
M003447	M010988	True	True	True	True	both_directions_pass
M003447	M011129	True	True	True	True	both_directions_pass
M003447	M011199	True	True	True	True	both_directions_pass
M003447	M011262	True	True	True	True	both_directions_pass
M003447	M011437	True	True	True	True	both_directions_pass
M003447	M011544	True	True	True	True	both_directions_pass
M003447	M011725	True	True	True	True	both_directions_pass
M003447	M011807	True	True	True	True	both_directions_pass
M003447	M011880	True	True	True	True	both_directions_pass
M003447	M012006	True	True	True	True	both_directions_pass
M003447	M012145	True	True	True	True	both_directions_pass
M003447	M012192	True	True	True	True	both_directions_pass
M003447	M012392	True	True	True	True	both_directions_pass
M003447	M012597	True	True	True	True	both_directions_pass
M003447	M012627	True	True	True	True	both_directions_pass
M003447	M012725	True	True	True	True	both_directions_pass
M003447	M012881	True	True	True	True	both_directions_pass
M003447	M013023	True	True	True	True	both_directions_pass
M003447	M013135	True	True	True	True	both_directions_pass
M003450	M000110	True	True	True	True	both_directions_pass
M003450	M000276	True	True	True	True	both_directions_pass
M003450	M000381	True	True	True	True	both_directions_pass
M003450	M000531	True	True	True	True	both_directions_pass
M003450	M000734	True	True	True	True	both_directions_pass
M003450	M000737	True	True	True	True	both_directions_pass
M003450	M000798	True	True	True	True	both_directions_pass
M003450	M000987	True	True	True	True	both_directions_pass
M003450	M001122	True	True	True	True	both_directions_pass
M003450	M001179	True	True	True	True	both_directions_pass
M003450	M001233	True	True	True	True	both_directions_pass
M003450	M001386	True	True	True	True	both_directions_pass
M003450	M001476	True	True	True	True	both_directions_pass
M003450	M001500	True	True	True	True	both_directions_pass
M003450	M001519	True	True	True	True	both_directions_pass
M003450	M001662	True	True	True	True	both_directions_pass
M003450	M001717	True	True	True	True	both_directions_pass
M003450	M001775	True	True	True	True	both_directions_pass
M003450	M001922	True	True	True	True	both_directions_pass
M003450	M002010	True	True	True	True	both_directions_pass
M003450	M002092	True	True	True	True	both_directions_pass
M003450	M002269	True	True	True	True	both_directions_pass
M003450	M002369	True	True	True	True	both_directions_pass
M003450	M002418	True	True	True	True	both_directions_pass
M003450	M002667	True	True	True	True	both_directions_pass
M003450	M002793	True	True	True	True	both_directions_pass
M003450	M003041	True	True	True	True	both_directions_pass
M003450	M003163	True	True	True	True	both_directions_pass
M003450	M003280	True	True	True	True	both_directions_pass
M003450	M003388	True	True	True	True	both_directions_pass
M003450	M003395	True	True	True	True	both_directions_pass
M003450	M003628	True	True	True	True	both_directions_pass
M003450	M003679	True	True	True	True	both_directions_pass
M003450	M003868	True	True	True	True	both_directions_pass
M003450	M004023	True	True	True	True	both_directions_pass
M003450	M004054	True	True	True	True	both_directions_pass
M003450	M004193	True	True	True	True	both_directions_pass
M003450	M004330	True	True	True	True	both_directions_pass
M003450	M004436	True	True	True	True	both_directions_pass
M003450	M004586	True	True	True	True	both_directions_pass
M003450	M004717	True	True	True	True	both_directions_pass
M003450	M004772	True	True	True	True	both_directions_pass
M003450	M004912	True	True	True	True	both_directions_pass
M003450	M005088	True	True	True	True	both_directions_pass
M003450	M005132	True	True	True	True	both_directions_pass
M003450	M005240	True	True	True	True	both_directions_pass
M003450	M005309	True	True	True	True	both_directions_pass
M003450	M005468	True	True	True	True	both_directions_pass
M003450	M005525	True	True	True	True	both_directions_pass
M003450	M005735	True	True	True	True	both_directions_pass
M003450	M005824	True	True	True	True	both_directions_pass
M003450	M005844	True	True	True	True	both_directions_pass
M003450	M005973	True	True	True	True	both_directions_pass
M003450	M006032	True	True	True	True	both_directions_pass
M003450	M006132	True	True	True	True	both_directions_pass
M003450	M006189	True	True	True	True	both_directions_pass
M003450	M006357	True	True	True	True	both_directions_pass
M003450	M006514	True	True	True	True	both_directions_pass
M003450	M006610	True	True	True	True	both_directions_pass
M003450	M006759	True	True	True	True	both_directions_pass
M003450	M006881	True	True	True	True	both_directions_pass
M003450	M006996	True	True	True	True	both_directions_pass
M003450	M007110	True	True	True	True	both_directions_pass
M003450	M007190	True	True	True	True	both_directions_pass
M003450	M007306	True	True	True	True	both_directions_pass
M003450	M007520	True	True	True	True	both_directions_pass
M003450	M007572	True	True	True	True	both_directions_pass
M003450	M007774	True	True	True	True	both_directions_pass
M003450	M007801	True	True	True	True	both_directions_pass
M003450	M007895	True	True	True	True	both_directions_pass
M003450	M007933	True	True	True	True	both_directions_pass
M003450	M008114	True	True	True	True	both_directions_pass
M003450	M008225	True	True	True	True	both_directions_pass
M003450	M008268	True	True	True	True	both_directions_pass
M003450	M008439	True	True	True	True	both_directions_pass
M003450	M008524	True	True	True	True	both_directions_pass
M003450	M008621	True	True	True	True	both_directions_pass
M003450	M008756	True	True	True	True	both_directions_pass
M003450	M008831	True	True	True	True	both_directions_pass
M003450	M008983	True	True	True	True	both_directions_pass
M003450	M009095	True	True	True	True	both_directions_pass
M003450	M009201	True	True	True	True	both_directions_pass
M003450	M009388	True	True	True	True	both_directions_pass
M003450	M009574	True	True	True	True	both_directions_pass
M003450	M009853	True	True	True	True	both_directions_pass
M003450	M009934	True	True	True	True	both_directions_pass
M003450	M010061	True	True	True	True	both_directions_pass
M003450	M010433	True	True	True	True	both_directions_pass
M003450	M010489	True	True	True	True	both_directions_pass
M003450	M010586	True	True	True	True	both_directions_pass
M003450	M010794	True	True	True	True	both_directions_pass
M003450	M010824	True	True	True	True	both_directions_pass
M003450	M011049	True	True	True	True	both_directions_pass
M003450	M011170	True	True	True	True	both_directions_pass
M003450	M011448	True	True	True	True	both_directions_pass
M003450	M011660	True	True	True	True	both_directions_pass
M003450	M011894	True	True	True	True	both_directions_pass
M003450	M012146	True	True	True	True	both_directions_pass
M003450	M012390	True	True	True	True	both_directions_pass
M003450	M012521	True	True	True	True	both_directions_pass
M003450	M012611	True	True	True	True	both_directions_pass
M003450	M012662	True	True	True	True	both_directions_pass
M003450	M012738	True	True	True	True	both_directions_pass
M003450	M012846	True	True	True	True	both_directions_pass
M003450	M012955	True	True	True	True	both_directions_pass
M003450	M013107	True	True	True	True	both_directions_pass
M003450	M013298	True	True	True	True	both_directions_pass
M003450	M013859	True	True	True	True	both_directions_pass
M003450	M013966	True	True	True	True	both_directions_pass
M003450	M014080	True	True	True	True	both_directions_pass
M003450	M014615	True	True	True	True	both_directions_pass
M003450	M015678	True	True	True	True	both_directions_pass
M003450	M015872	True	True	True	True	both_directions_pass
M003450	M016347	True	True	True	True	both_directions_pass
M003450	M016497	True	True	True	True	both_directions_pass
M003456	M005592	True	True	False	False	neither_direction_passes
M003457	M000050	True	True	True	True	both_directions_pass
M003457	M000162	True	True	True	True	both_directions_pass
M003457	M000295	True	True	True	True	both_directions_pass
M003457	M000409	True	True	True	True	both_directions_pass
M003457	M000472	True	True	True	True	both_directions_pass
M003457	M000486	True	True	False	False	neither_direction_passes
M003457	M000577	True	True	True	True	both_directions_pass
M003457	M001150	True	True	False	False	neither_direction_passes
M003457	M001721	True	True	False	False	neither_direction_passes
M003457	M002004	True	True	True	True	both_directions_pass
M003457	M002163	True	True	True	True	both_directions_pass
M003457	M002512	True	True	True	True	both_directions_pass
M003457	M002683	True	True	True	True	both_directions_pass
M003457	M002762	True	True	True	True	both_directions_pass
M003457	M002932	True	True	True	True	both_directions_pass
M003457	M003000	True	True	True	True	both_directions_pass
M003457	M003135	True	True	True	True	both_directions_pass
M003457	M003307	True	True	True	True	both_directions_pass
M003457	M003443	True	True	True	True	both_directions_pass
M003457	M003618	True	True	True	True	both_directions_pass
M003457	M003832	True	True	True	True	both_directions_pass
M003457	M003999	True	True	True	True	both_directions_pass
M003457	M004168	True	True	True	True	both_directions_pass
M003457	M004356	True	True	True	True	both_directions_pass
M003457	M004517	True	True	True	True	both_directions_pass
M003457	M004552	True	True	True	True	both_directions_pass
M003457	M004745	True	True	True	True	both_directions_pass
M003457	M004814	True	True	True	True	both_directions_pass
M003457	M004993	True	True	True	True	both_directions_pass
M003457	M005180	True	True	True	True	both_directions_pass
M003457	M005269	True	True	True	True	both_directions_pass
M003457	M005469	True	True	False	False	neither_direction_passes
M003457	M005513	True	True	True	True	both_directions_pass
M003457	M005750	True	True	True	True	both_directions_pass
M003457	M005821	True	True	True	True	both_directions_pass
M003457	M005854	True	True	True	True	both_directions_pass
M003457	M005952	True	True	True	True	both_directions_pass
M003457	M006240	True	True	True	True	both_directions_pass
M003457	M006294	True	True	True	True	both_directions_pass
M003457	M006414	True	True	False	False	neither_direction_passes
M003457	M006468	True	True	True	True	both_directions_pass
M003457	M006719	True	True	True	True	both_directions_pass
M003457	M006978	True	True	True	True	both_directions_pass
M003457	M007199	True	True	True	True	both_directions_pass
M003457	M007236	True	True	True	True	both_directions_pass
M003457	M007363	True	True	True	True	both_directions_pass
M003457	M007459	True	True	True	True	both_directions_pass
M003457	M007689	True	True	True	True	both_directions_pass
M003457	M007885	True	True	True	True	both_directions_pass
M003457	M007946	True	True	True	True	both_directions_pass
M003457	M008250	True	True	True	True	both_directions_pass
M003457	M008568	True	True	True	True	both_directions_pass
M003457	M008614	True	True	True	True	both_directions_pass
M003457	M008736	True	True	True	True	both_directions_pass
M003457	M009070	True	True	True	True	both_directions_pass
M003457	M009394	True	True	True	True	both_directions_pass
M003457	M009437	True	True	True	True	both_directions_pass
M003457	M009713	True	True	True	True	both_directions_pass
M003457	M009920	True	True	False	False	neither_direction_passes
M003457	M010012	True	True	True	True	both_directions_pass
M003457	M010117	True	True	True	True	both_directions_pass
M003457	M010244	True	True	True	True	both_directions_pass
M003457	M010432	True	True	True	True	both_directions_pass
M003457	M010503	True	True	True	True	both_directions_pass
M003457	M010707	True	True	True	True	both_directions_pass
M003457	M010773	True	True	True	True	both_directions_pass
M003457	M011046	True	True	True	True	both_directions_pass
M003457	M011430	True	True	True	True	both_directions_pass
M003457	M011723	True	True	True	True	both_directions_pass
M003457	M012217	True	True	True	True	both_directions_pass
M003457	M012430	True	True	True	True	both_directions_pass
M003457	M012545	True	True	True	True	both_directions_pass
M003457	M012903	True	True	True	True	both_directions_pass
M003457	M012934	True	True	True	True	both_directions_pass
M003457	M013032	True	True	True	True	both_directions_pass
M003457	M013072	True	True	True	True	both_directions_pass
M003458	M000018	True	True	True	True	both_directions_pass
M003458	M000094	True	True	True	True	both_directions_pass
M003458	M000245	True	True	True	True	both_directions_pass
M003458	M000337	True	True	True	True	both_directions_pass
M003458	M000473	True	True	True	True	both_directions_pass
M003458	M000619	True	True	True	True	both_directions_pass
M003458	M000673	True	True	True	True	both_directions_pass
M003458	M000697	True	True	True	True	both_directions_pass
M003458	M000928	True	True	True	True	both_directions_pass
M003458	M000971	True	True	True	True	both_directions_pass
M003458	M001128	True	True	True	True	both_directions_pass
M003458	M001189	True	True	True	True	both_directions_pass
M003458	M001236	True	True	True	True	both_directions_pass
M003458	M001325	True	True	True	True	both_directions_pass
M003458	M001436	True	True	True	True	both_directions_pass
M003458	M001948	True	True	True	True	both_directions_pass
M003458	M002046	True	True	True	True	both_directions_pass
M003458	M002190	True	True	True	True	both_directions_pass
M003458	M002476	True	True	True	True	both_directions_pass
M003458	M002693	True	True	True	True	both_directions_pass
M003458	M002837	True	True	True	True	both_directions_pass
M003458	M002904	True	True	True	True	both_directions_pass
M003458	M002998	True	True	True	True	both_directions_pass
M003458	M003153	True	True	True	True	both_directions_pass
M003458	M003256	True	True	True	True	both_directions_pass
M003458	M003452	True	True	True	True	both_directions_pass
M003458	M003623	True	True	True	True	both_directions_pass
M003458	M003720	True	True	True	True	both_directions_pass
M003458	M003838	True	True	True	True	both_directions_pass
M003458	M003912	True	True	True	True	both_directions_pass
M003458	M004246	True	True	True	True	both_directions_pass
M003458	M004306	True	True	True	True	both_directions_pass
M003458	M004446	True	True	True	True	both_directions_pass
M003458	M004641	True	True	True	True	both_directions_pass
M003458	M004695	True	True	True	True	both_directions_pass
M003458	M004827	True	True	True	True	both_directions_pass
M003458	M005008	True	True	True	True	both_directions_pass
M003458	M005245	True	True	True	True	both_directions_pass
M003458	M005325	True	True	True	True	both_directions_pass
M003458	M005494	True	True	True	True	both_directions_pass
M003458	M005800	True	True	True	True	both_directions_pass
M003458	M005842	True	True	True	True	both_directions_pass
M003458	M005890	True	True	True	True	both_directions_pass
M003458	M006001	True	True	True	True	both_directions_pass
M003458	M006159	True	True	True	True	both_directions_pass
M003458	M006227	True	True	True	True	both_directions_pass
M003458	M006387	True	True	True	True	both_directions_pass
M003458	M006568	True	True	True	True	both_directions_pass
M003458	M006676	True	True	True	True	both_directions_pass
M003458	M006751	True	True	True	True	both_directions_pass
M003458	M006933	True	True	True	True	both_directions_pass
M003458	M007134	True	True	True	True	both_directions_pass
M003458	M007221	True	True	True	True	both_directions_pass
M003458	M007345	True	True	True	True	both_directions_pass
M003458	M007505	True	True	True	True	both_directions_pass
M003458	M007604	True	True	True	True	both_directions_pass
M003458	M007685	True	True	True	True	both_directions_pass
M003458	M007993	True	True	True	True	both_directions_pass
M003458	M008025	True	True	True	True	both_directions_pass
M003458	M008070	True	True	True	True	both_directions_pass
M003458	M008376	True	True	True	True	both_directions_pass
M003458	M008542	True	True	True	True	both_directions_pass
M003458	M008701	True	True	True	True	both_directions_pass
M003458	M008900	True	True	True	True	both_directions_pass
M003458	M009044	True	True	True	True	both_directions_pass
M003458	M009236	True	True	True	True	both_directions_pass
M003458	M009306	True	True	True	True	both_directions_pass
M003458	M009493	True	True	True	True	both_directions_pass
M003458	M009633	True	True	True	True	both_directions_pass
M003458	M009757	True	True	True	True	both_directions_pass
M003458	M009786	True	True	True	True	both_directions_pass
M003458	M009987	True	True	True	True	both_directions_pass
M003458	M010006	True	True	True	True	both_directions_pass
M003458	M010164	True	True	True	True	both_directions_pass
M003458	M010344	True	True	True	True	both_directions_pass
M003458	M010377	True	True	True	True	both_directions_pass
M003458	M010490	True	True	True	True	both_directions_pass
M003458	M010516	True	True	True	True	both_directions_pass
M003458	M010778	True	True	True	True	both_directions_pass
M003458	M010785	True	True	True	True	both_directions_pass
M003458	M010991	True	True	True	True	both_directions_pass
M003458	M011234	True	True	True	True	both_directions_pass
M003458	M011513	True	True	True	True	both_directions_pass
M003458	M011583	True	True	True	True	both_directions_pass
M003458	M011666	True	True	True	True	both_directions_pass
M003458	M011865	True	True	True	True	both_directions_pass
M003458	M011958	True	True	True	True	both_directions_pass
M003458	M012162	True	True	True	True	both_directions_pass
M003458	M012193	True	True	True	True	both_directions_pass
M003458	M012470	True	True	True	True	both_directions_pass
M003458	M012604	True	True	True	True	both_directions_pass
M003458	M012667	True	True	True	True	both_directions_pass
M003458	M012779	True	True	True	True	both_directions_pass
M003458	M012890	True	True	True	True	both_directions_pass
M003458	M012929	True	True	True	True	both_directions_pass
M003465	M000103	True	True	True	True	both_directions_pass
M003465	M000683	True	True	True	True	both_directions_pass
M003465	M000812	True	True	True	True	both_directions_pass
M003465	M000914	True	True	True	True	both_directions_pass
M003465	M001111	True	True	True	True	both_directions_pass
M003465	M001608	True	True	True	True	both_directions_pass
M003465	M001620	True	True	True	True	both_directions_pass
M003465	M001716	True	True	True	True	both_directions_pass
M003465	M001927	True	True	True	True	both_directions_pass
M003465	M002191	True	True	True	True	both_directions_pass
M003465	M002225	True	True	True	True	both_directions_pass
M003465	M002571	True	True	True	True	both_directions_pass
M003465	M002662	True	True	True	True	both_directions_pass
M003465	M002858	True	True	True	True	both_directions_pass
M003465	M003930	True	True	True	True	both_directions_pass
M003465	M004113	True	True	True	True	both_directions_pass
M003465	M004257	True	True	True	True	both_directions_pass
M003465	M004392	True	True	True	True	both_directions_pass
M003465	M004567	True	True	True	True	both_directions_pass
M003465	M004727	True	True	True	True	both_directions_pass
M003465	M004847	True	True	True	True	both_directions_pass
M003465	M004943	True	True	True	True	both_directions_pass
M003465	M005083	True	True	True	True	both_directions_pass
M003465	M005242	True	True	True	True	both_directions_pass
M003465	M005313	True	True	True	True	both_directions_pass
M003465	M005455	True	True	True	True	both_directions_pass
M003465	M006099	True	True	True	True	both_directions_pass
M003465	M006179	True	True	True	True	both_directions_pass
M003465	M006203	True	True	True	True	both_directions_pass
M003465	M006968	True	True	True	True	both_directions_pass
M003465	M007105	True	True	True	True	both_directions_pass
M003465	M007256	True	True	True	True	both_directions_pass
M003465	M007494	True	True	True	True	both_directions_pass
M003465	M007503	True	True	True	True	both_directions_pass
M003465	M008175	True	True	True	True	both_directions_pass
M003465	M009196	True	True	True	True	both_directions_pass
M003465	M009744	True	True	True	True	both_directions_pass
M003465	M009813	True	True	True	True	both_directions_pass
M003465	M009936	True	True	True	True	both_directions_pass
M003465	M010158	True	True	True	True	both_directions_pass
M003465	M010980	True	True	True	True	both_directions_pass
M003465	M011515	True	True	True	True	both_directions_pass
M003465	M011623	True	True	True	True	both_directions_pass
M003465	M011793	True	True	True	True	both_directions_pass
M003465	M012014	True	True	True	True	both_directions_pass
M003465	M012064	True	True	True	True	both_directions_pass
M003465	M012726	True	True	True	True	both_directions_pass
M003465	M015170	True	True	True	True	both_directions_pass
M003465	M017854	True	True	True	True	both_directions_pass
M003467	M000042	True	True	True	True	both_directions_pass
M003467	M000072	True	True	True	True	both_directions_pass
M003467	M000200	True	True	True	True	both_directions_pass
M003467	M000299	True	True	True	True	both_directions_pass
M003467	M000759	True	True	True	True	both_directions_pass
M003467	M000866	True	True	True	True	both_directions_pass
M003467	M001487	True	True	True	True	both_directions_pass
M003467	M001689	True	True	True	True	both_directions_pass
M003467	M001772	True	True	True	True	both_directions_pass
M003467	M001871	True	True	True	True	both_directions_pass
M003467	M001979	True	True	True	True	both_directions_pass
M003467	M002112	True	True	True	True	both_directions_pass
M003467	M002207	True	True	True	True	both_directions_pass
M003467	M002448	True	True	True	True	both_directions_pass
M003467	M002777	True	True	True	True	both_directions_pass
M003467	M002890	True	True	True	True	both_directions_pass
M003467	M003015	True	True	True	True	both_directions_pass
M003467	M003219	True	True	True	True	both_directions_pass
M003467	M003350	True	True	True	True	both_directions_pass
M003467	M003746	True	True	True	True	both_directions_pass
M003467	M003822	True	True	True	True	both_directions_pass
M003467	M004013	True	True	True	True	both_directions_pass
M003467	M004146	True	True	True	True	both_directions_pass
M003467	M004175	True	True	True	True	both_directions_pass
M003467	M004305	True	True	True	True	both_directions_pass
M003467	M004524	True	True	True	True	both_directions_pass
M003467	M004639	True	True	True	True	both_directions_pass
M003467	M004714	True	True	True	True	both_directions_pass
M003467	M004829	True	True	True	True	both_directions_pass
M003467	M005010	True	True	True	True	both_directions_pass
M003467	M005323	True	True	True	True	both_directions_pass
M003467	M005597	True	True	True	True	both_directions_pass
M003467	M005730	True	True	True	True	both_directions_pass
M003467	M005897	True	True	True	True	both_directions_pass
M003467	M005986	True	True	True	True	both_directions_pass
M003467	M006201	True	True	True	True	both_directions_pass
M003467	M006305	True	True	True	True	both_directions_pass
M003467	M006367	True	True	True	True	both_directions_pass
M003467	M006661	True	True	True	True	both_directions_pass
M003467	M006791	True	True	True	True	both_directions_pass
M003467	M006898	True	True	True	True	both_directions_pass
M003467	M006991	True	True	True	True	both_directions_pass
M003467	M007239	True	True	True	True	both_directions_pass
M003467	M007275	True	True	True	True	both_directions_pass
M003467	M007340	True	True	True	True	both_directions_pass
M003467	M007617	True	True	True	True	both_directions_pass
M003467	M007754	True	True	True	True	both_directions_pass
M003467	M007797	True	True	True	True	both_directions_pass
M003467	M008003	True	True	True	True	both_directions_pass
M003467	M008037	True	True	True	True	both_directions_pass
M003467	M008074	True	True	True	True	both_directions_pass
M003467	M008238	True	True	True	True	both_directions_pass
M003467	M008352	True	True	True	True	both_directions_pass
M003467	M008597	True	True	True	True	both_directions_pass
M003467	M008755	True	True	True	True	both_directions_pass
M003467	M008881	True	True	True	True	both_directions_pass
M003467	M009055	True	True	True	True	both_directions_pass
M003467	M009186	True	True	True	True	both_directions_pass
M003467	M009399	True	True	True	True	both_directions_pass
M003467	M009418	True	True	True	True	both_directions_pass
M003467	M009458	True	True	True	True	both_directions_pass
M003467	M009634	True	True	True	True	both_directions_pass
M003467	M010106	True	True	True	True	both_directions_pass
M003467	M010232	True	True	True	True	both_directions_pass
M003467	M010362	True	True	True	True	both_directions_pass
M003467	M010507	True	True	True	True	both_directions_pass
M003467	M010621	True	True	True	True	both_directions_pass
M003467	M010662	True	True	True	True	both_directions_pass
M003467	M010918	True	True	True	True	both_directions_pass
M003467	M010936	True	True	True	True	both_directions_pass
M003467	M011086	True	True	True	True	both_directions_pass
M003467	M011218	True	True	True	True	both_directions_pass
M003467	M011720	True	True	True	True	both_directions_pass
M003467	M011857	True	True	True	True	both_directions_pass
M003467	M012346	True	True	True	True	both_directions_pass
M003467	M012448	True	True	True	True	both_directions_pass
M003467	M012488	True	True	True	True	both_directions_pass
M003467	M012648	True	True	True	True	both_directions_pass
M003467	M012671	True	True	True	True	both_directions_pass
M003467	M012900	True	True	True	True	both_directions_pass
M003467	M012978	True	True	True	True	both_directions_pass
M003467	M013053	True	True	True	True	both_directions_pass
M003467	M013410	True	True	True	True	both_directions_pass
M003467	M013723	True	True	True	True	both_directions_pass
M003467	M013745	True	True	True	True	both_directions_pass
M003467	M013952	True	True	True	True	both_directions_pass
M003467	M014007	True	True	True	True	both_directions_pass
M003467	M014016	True	True	True	True	both_directions_pass
M003467	M014046	True	True	True	True	both_directions_pass
M003467	M014049	True	True	True	True	both_directions_pass
M003467	M014082	True	True	True	True	both_directions_pass
M003467	M014398	True	True	True	True	both_directions_pass
M003467	M014629	True	True	False	False	neither_direction_passes
M003467	M014651	True	True	True	True	both_directions_pass
M003467	M014816	True	True	True	True	both_directions_pass
M003467	M014920	True	True	True	True	both_directions_pass
M003467	M015217	True	True	True	True	both_directions_pass
M003467	M015268	True	True	True	True	both_directions_pass
M003467	M015354	True	True	True	True	both_directions_pass
M003467	M015574	True	True	True	True	both_directions_pass
M003467	M015681	True	True	True	True	both_directions_pass
M003467	M015796	True	True	True	True	both_directions_pass
M003467	M015936	True	True	True	True	both_directions_pass
M003467	M016159	True	True	True	True	both_directions_pass
M003467	M016528	True	True	True	True	both_directions_pass
M003467	M016543	True	True	True	True	both_directions_pass
M003467	M016619	True	True	True	True	both_directions_pass
M003467	M016649	True	True	True	True	both_directions_pass
M003467	M016760	True	True	True	True	both_directions_pass
M003467	M017455	True	True	True	True	both_directions_pass
M003467	M017761	True	True	True	True	both_directions_pass
M003467	M017767	True	True	True	True	both_directions_pass
M003467	M017923	True	True	True	True	both_directions_pass
M003467	M017982	True	True	True	True	both_directions_pass
M003467	M018160	True	True	True	True	both_directions_pass
M003467	M018206	True	True	True	True	both_directions_pass
M003471	M000364	True	True	True	True	both_directions_pass
M003471	M000500	True	True	True	True	both_directions_pass
M003471	M000611	True	True	True	True	both_directions_pass
M003471	M001852	True	True	True	True	both_directions_pass
M003471	M002124	True	True	True	True	both_directions_pass
M003471	M002579	True	True	True	True	both_directions_pass
M003471	M002812	True	True	True	True	both_directions_pass
M003471	M003105	True	True	True	True	both_directions_pass
M003471	M003174	True	True	True	True	both_directions_pass
M003471	M003294	True	True	True	True	both_directions_pass
M003471	M003863	True	True	True	True	both_directions_pass
M003471	M004359	True	True	True	True	both_directions_pass
M003471	M004811	True	True	True	True	both_directions_pass
M003471	M005258	True	True	True	True	both_directions_pass
M003471	M006051	True	True	True	True	both_directions_pass
M003471	M007102	True	True	True	True	both_directions_pass
M003471	M007360	True	True	True	True	both_directions_pass
M003471	M007518	True	True	True	True	both_directions_pass
M003471	M007655	True	True	True	True	both_directions_pass
M003471	M008516	True	True	True	True	both_directions_pass
M003471	M008931	True	True	True	True	both_directions_pass
M003471	M009354	True	True	True	True	both_directions_pass
M003471	M009431	True	True	True	True	both_directions_pass
M003471	M009900	True	True	True	True	both_directions_pass
M003471	M010619	True	True	True	True	both_directions_pass
M003471	M011125	True	True	True	True	both_directions_pass
M003471	M011427	True	True	True	True	both_directions_pass
M003471	M011676	True	True	True	True	both_directions_pass
M003471	M012859	True	True	True	True	both_directions_pass
M003471	M013839	True	True	True	True	both_directions_pass
M003471	M014537	True	True	True	True	both_directions_pass
M003471	M014999	True	True	True	True	both_directions_pass
M003471	M016151	True	True	True	True	both_directions_pass
M003471	M017599	True	True	True	True	both_directions_pass
M003471	M017762	True	True	True	True	both_directions_pass
M003486	M000030	True	True	True	True	both_directions_pass
M003486	M000471	True	True	True	True	both_directions_pass
M003486	M000708	True	True	True	True	both_directions_pass
M003486	M001365	True	True	True	True	both_directions_pass
M003486	M002121	True	True	True	True	both_directions_pass
M003486	M003481	True	True	True	True	both_directions_pass
M003486	M004164	True	True	True	True	both_directions_pass
M003486	M004419	True	True	True	True	both_directions_pass
M003486	M006999	True	True	True	True	both_directions_pass
M003486	M008950	True	True	True	True	both_directions_pass
M003486	M009429	True	True	True	True	both_directions_pass
M003488	M001921	True	True	True	True	both_directions_pass
M003488	M003427	True	True	True	True	both_directions_pass
M003488	M004144	True	True	True	True	both_directions_pass
M003488	M006037	True	True	True	True	both_directions_pass
M003488	M008661	True	True	True	True	both_directions_pass
M003488	M011174	True	True	True	True	both_directions_pass
M003488	M011581	True	True	True	True	both_directions_pass
M003488	M011978	True	True	False	False	neither_direction_passes
M003488	M012685	True	True	True	True	both_directions_pass
M003493	M000073	True	True	True	True	both_directions_pass
M003493	M000195	True	True	True	True	both_directions_pass
M003493	M000229	True	True	True	True	both_directions_pass
M003493	M000388	True	True	True	True	both_directions_pass
M003493	M000741	True	True	True	True	both_directions_pass
M003493	M000964	True	True	True	True	both_directions_pass
M003493	M001063	True	True	True	True	both_directions_pass
M003493	M001095	True	True	True	True	both_directions_pass
M003493	M001156	True	True	True	True	both_directions_pass
M003493	M001441	True	True	True	True	both_directions_pass
M003493	M001520	True	True	True	True	both_directions_pass
M003493	M001684	True	True	True	True	both_directions_pass
M003493	M001766	True	True	True	True	both_directions_pass
M003493	M001933	True	True	True	True	both_directions_pass
M003493	M002068	True	True	True	True	both_directions_pass
M003493	M002122	True	True	True	True	both_directions_pass
M003493	M002312	True	True	True	True	both_directions_pass
M003493	M002324	True	True	True	True	both_directions_pass
M003493	M002473	True	True	True	True	both_directions_pass
M003493	M002642	True	True	True	True	both_directions_pass
M003493	M002755	True	True	True	True	both_directions_pass
M003493	M002928	True	True	True	True	both_directions_pass
M003493	M003046	True	True	True	True	both_directions_pass
M003493	M003128	True	True	True	True	both_directions_pass
M003493	M003243	True	True	True	True	both_directions_pass
M003493	M003362	True	True	True	True	both_directions_pass
M003493	M003379	True	True	True	True	both_directions_pass
M003493	M003487	True	True	True	True	both_directions_pass
M003493	M003594	True	True	True	True	both_directions_pass
M003493	M003689	True	True	True	True	both_directions_pass
M003493	M003841	True	True	True	True	both_directions_pass
M003493	M003956	True	True	True	True	both_directions_pass
M003493	M004040	True	True	True	True	both_directions_pass
M003493	M004122	True	True	True	True	both_directions_pass
M003493	M004184	True	True	True	True	both_directions_pass
M003493	M004287	True	True	True	True	both_directions_pass
M003493	M004409	True	True	True	True	both_directions_pass
M003493	M004529	True	True	True	True	both_directions_pass
M003493	M004650	True	True	True	True	both_directions_pass
M003493	M004887	True	True	True	True	both_directions_pass
M003493	M004929	True	True	True	True	both_directions_pass
M003493	M005133	True	True	True	True	both_directions_pass
M003493	M005186	True	True	True	True	both_directions_pass
M003493	M005329	True	True	True	True	both_directions_pass
M003493	M005388	True	True	True	True	both_directions_pass
M003493	M005558	True	True	True	True	both_directions_pass
M003493	M005678	True	True	True	True	both_directions_pass
M003493	M005762	True	True	True	True	both_directions_pass
M003493	M005982	True	True	True	True	both_directions_pass
M003493	M006104	True	True	True	True	both_directions_pass
M003493	M006118	True	True	True	True	both_directions_pass
M003493	M006239	True	True	True	True	both_directions_pass
M003493	M006554	True	True	True	True	both_directions_pass
M003493	M006564	True	True	True	True	both_directions_pass
M003493	M006714	True	True	True	True	both_directions_pass
M003493	M006798	True	True	True	True	both_directions_pass
M003493	M006840	True	True	True	True	both_directions_pass
M003493	M006946	True	True	True	True	both_directions_pass
M003493	M007171	True	True	True	True	both_directions_pass
M003493	M007231	True	True	True	True	both_directions_pass
M003493	M007376	True	True	True	True	both_directions_pass
M003493	M007390	True	True	True	True	both_directions_pass
M003493	M007595	True	True	True	True	both_directions_pass
M003493	M007798	True	True	True	True	both_directions_pass
M003493	M007823	True	True	True	True	both_directions_pass
M003493	M007972	True	True	True	True	both_directions_pass
M003493	M008130	True	True	True	True	both_directions_pass
M003493	M008364	True	True	True	True	both_directions_pass
M003493	M008474	True	True	True	True	both_directions_pass
M003493	M008588	True	True	True	True	both_directions_pass
M003493	M008758	True	True	True	True	both_directions_pass
M003493	M008940	True	True	True	True	both_directions_pass
M003493	M009003	True	True	True	True	both_directions_pass
M003493	M009086	True	True	True	True	both_directions_pass
M003493	M009257	True	True	True	True	both_directions_pass
M003493	M009313	True	True	True	True	both_directions_pass
M003493	M009432	True	True	True	True	both_directions_pass
M003493	M009513	True	True	True	True	both_directions_pass
M003493	M009585	True	True	True	True	both_directions_pass
M003493	M009709	True	True	True	True	both_directions_pass
M003493	M009820	True	True	True	True	both_directions_pass
M003493	M010043	True	True	True	True	both_directions_pass
M003493	M010118	True	True	True	True	both_directions_pass
M003493	M010407	True	True	True	True	both_directions_pass
M003493	M010624	True	True	True	True	both_directions_pass
M003493	M010641	True	True	True	True	both_directions_pass
M003493	M010854	True	True	True	True	both_directions_pass
M003493	M011007	True	True	True	True	both_directions_pass
M003493	M011293	True	True	True	True	both_directions_pass
M003493	M011376	True	True	True	True	both_directions_pass
M003493	M011517	True	True	True	True	both_directions_pass
M003493	M011592	True	True	True	True	both_directions_pass
M003493	M011863	True	True	True	True	both_directions_pass
M003493	M012039	True	True	True	True	both_directions_pass
M003493	M012239	True	True	True	True	both_directions_pass
M003493	M012268	True	True	True	True	both_directions_pass
M003493	M012415	True	True	True	True	both_directions_pass
M003493	M012512	True	True	True	True	both_directions_pass
M003493	M012639	True	True	True	True	both_directions_pass
M003493	M012718	True	True	True	True	both_directions_pass
M003493	M012913	True	True	True	True	both_directions_pass
M003493	M012993	True	True	True	True	both_directions_pass
M003493	M013090	True	True	True	True	both_directions_pass
M003498	M007335	True	True	True	True	both_directions_pass
M003498	M008785	True	True	True	True	both_directions_pass
M003498	M015506	True	True	True	True	both_directions_pass
M003498	M017142	True	True	True	True	both_directions_pass
M003499	M000196	True	True	True	True	both_directions_pass
M003499	M002603	True	True	True	True	both_directions_pass
M003507	M001361	True	True	True	True	both_directions_pass
M003507	M003473	True	True	True	True	both_directions_pass
M003507	M003505	True	True	True	True	both_directions_pass
M003507	M007670	True	True	True	True	both_directions_pass
M003509	M000130	True	True	True	True	both_directions_pass
M003509	M002039	True	True	True	True	both_directions_pass
M003509	M003477	True	True	True	True	both_directions_pass
M003509	M004475	True	True	True	True	both_directions_pass
M003509	M004732	True	True	True	True	both_directions_pass
M003509	M005547	True	True	True	True	both_directions_pass
M003509	M009422	True	True	True	True	both_directions_pass
M003509	M014452	True	True	True	True	both_directions_pass
M003509	M016134	True	True	True	True	both_directions_pass
M003554	M009279	True	True	True	True	both_directions_pass
M003583	M001053	True	True	True	True	both_directions_pass
M003583	M003054	True	True	True	True	both_directions_pass
M003586	M000432	True	True	True	True	both_directions_pass
M003586	M000990	True	True	True	True	both_directions_pass
M003586	M001134	True	True	True	True	both_directions_pass
M003586	M001413	True	True	True	True	both_directions_pass
M003586	M001473	True	True	True	True	both_directions_pass
M003586	M003352	True	True	True	True	both_directions_pass
M003586	M003781	True	True	True	True	both_directions_pass
M003586	M003946	True	True	True	True	both_directions_pass
M003586	M008463	True	True	True	True	both_directions_pass
M003586	M008599	True	True	True	True	both_directions_pass
M003586	M009478	True	True	True	True	both_directions_pass
M003586	M009687	True	True	True	True	both_directions_pass
M003586	M011265	True	True	True	True	both_directions_pass
M003586	M011779	True	True	True	True	both_directions_pass
M003586	M012884	True	True	True	True	both_directions_pass
M003586	M013128	True	True	True	True	both_directions_pass
M003596	M006101	True	True	True	True	both_directions_pass
M003627	M000212	True	True	True	True	both_directions_pass
M003627	M000332	True	True	True	True	both_directions_pass
M003627	M000654	True	True	True	True	both_directions_pass
M003627	M001504	True	True	True	True	both_directions_pass
M003627	M003107	True	True	True	True	both_directions_pass
M003627	M003333	True	True	True	True	both_directions_pass
M003627	M006052	True	True	True	True	both_directions_pass
M003627	M007611	True	True	True	True	both_directions_pass
M003627	M008497	True	True	True	True	both_directions_pass
M003627	M008729	True	True	True	True	both_directions_pass
M003627	M009334	True	True	True	True	both_directions_pass
M003627	M010037	True	True	True	True	both_directions_pass
M003627	M012748	True	True	True	True	both_directions_pass
M003637	M001349	True	True	True	True	both_directions_pass
M003637	M002465	True	True	True	True	both_directions_pass
M003637	M003006	True	True	True	True	both_directions_pass
M003637	M003728	True	True	True	True	both_directions_pass
M003637	M009753	True	True	True	True	both_directions_pass
M003637	M013014	True	True	True	True	both_directions_pass
M003677	M002801	True	True	True	True	both_directions_pass
M003677	M003051	True	True	True	True	both_directions_pass
M003787	M010025	True	True	True	True	both_directions_pass
M003824	M002310	True	True	True	True	both_directions_pass
M003831	M000205	True	True	True	True	both_directions_pass
M003831	M001989	True	True	False	False	neither_direction_passes
M003831	M002535	True	True	True	True	both_directions_pass
M003831	M002733	True	True	True	True	both_directions_pass
M003831	M003168	True	True	True	True	both_directions_pass
M003831	M003273	True	True	True	True	both_directions_pass
M003831	M004119	True	True	True	True	both_directions_pass
M003831	M006679	True	True	True	True	both_directions_pass
M003831	M008014	True	True	True	True	both_directions_pass
M003831	M008296	True	True	True	True	both_directions_pass
M003831	M008347	True	True	True	True	both_directions_pass
M003831	M008495	True	True	True	True	both_directions_pass
M003831	M008781	True	True	True	True	both_directions_pass
M003831	M008897	True	True	True	True	both_directions_pass
M003831	M009345	True	True	True	True	both_directions_pass
M003831	M009499	True	True	True	True	both_directions_pass
M003831	M010040	True	True	True	True	both_directions_pass
M003831	M010505	True	True	True	True	both_directions_pass
M003831	M011105	True	True	True	True	both_directions_pass
M003831	M011229	True	True	True	True	both_directions_pass
M003831	M011409	True	True	True	True	both_directions_pass
M003831	M011656	True	True	True	True	both_directions_pass
M003831	M012431	True	True	True	True	both_directions_pass
M003831	M012960	True	True	True	True	both_directions_pass
M003831	M013099	True	True	True	True	both_directions_pass
M003855	M008001	True	True	True	True	both_directions_pass
M003855	M008282	True	True	True	True	both_directions_pass
M003855	M009467	True	True	False	False	neither_direction_passes
M003855	M010098	True	True	False	False	neither_direction_passes
M003855	M011318	True	True	True	True	both_directions_pass
M003855	M012462	True	True	False	False	neither_direction_passes
M003878	M000456	True	True	True	True	both_directions_pass
M003878	M000589	True	True	True	True	both_directions_pass
M003878	M000834	True	True	True	True	both_directions_pass
M003878	M000912	True	True	True	True	both_directions_pass
M003878	M001065	True	True	True	True	both_directions_pass
M003878	M001168	True	True	True	True	both_directions_pass
M003878	M001410	True	True	True	True	both_directions_pass
M003878	M001589	True	True	True	True	both_directions_pass
M003878	M001779	True	True	True	True	both_directions_pass
M003878	M002056	True	True	True	True	both_directions_pass
M003878	M002511	True	True	True	True	both_directions_pass
M003878	M002659	True	True	True	True	both_directions_pass
M003878	M002933	True	True	True	True	both_directions_pass
M003878	M002971	True	True	True	True	both_directions_pass
M003878	M003230	True	True	True	True	both_directions_pass
M003878	M003305	True	True	True	True	both_directions_pass
M003878	M003574	True	True	True	True	both_directions_pass
M003878	M003977	True	True	True	True	both_directions_pass
M003878	M004554	True	True	True	True	both_directions_pass
M003878	M004742	True	True	True	True	both_directions_pass
M003878	M004835	True	True	True	True	both_directions_pass
M003878	M004935	True	True	True	True	both_directions_pass
M003878	M005155	True	True	True	True	both_directions_pass
M003878	M005341	True	True	True	True	both_directions_pass
M003878	M005406	True	True	True	True	both_directions_pass
M003878	M005606	True	True	True	True	both_directions_pass
M003878	M005918	True	True	True	True	both_directions_pass
M003878	M006204	True	True	True	True	both_directions_pass
M003878	M006396	True	True	True	True	both_directions_pass
M003878	M006403	True	True	True	True	both_directions_pass
M003878	M006662	True	True	True	True	both_directions_pass
M003878	M007111	True	True	True	True	both_directions_pass
M003878	M007260	True	True	True	True	both_directions_pass
M003878	M007321	True	True	True	True	both_directions_pass
M003878	M007454	True	True	True	True	both_directions_pass
M003878	M007642	True	True	True	True	both_directions_pass
M003878	M007770	True	True	True	True	both_directions_pass
M003878	M007884	True	True	True	True	both_directions_pass
M003878	M007956	True	True	True	True	both_directions_pass
M003878	M008327	True	True	True	True	both_directions_pass
M003878	M008521	True	True	True	True	both_directions_pass
M003878	M008696	True	True	True	True	both_directions_pass
M003878	M009181	True	True	True	True	both_directions_pass
M003878	M009402	True	True	True	True	both_directions_pass
M003878	M009507	True	True	True	True	both_directions_pass
M003878	M009584	True	True	True	True	both_directions_pass
M003878	M009803	True	True	True	True	both_directions_pass
M003878	M009950	True	True	True	True	both_directions_pass
M003878	M010013	True	True	True	True	both_directions_pass
M003878	M010279	True	True	True	True	both_directions_pass
M003878	M010338	True	True	True	True	both_directions_pass
M003878	M010355	True	True	True	True	both_directions_pass
M003878	M010655	True	True	True	True	both_directions_pass
M003878	M011145	True	True	True	True	both_directions_pass
M003878	M011298	True	True	True	True	both_directions_pass
M003878	M011459	True	True	True	True	both_directions_pass
M003878	M011724	True	True	True	True	both_directions_pass
M003878	M011934	True	True	True	True	both_directions_pass
M003878	M012113	True	True	True	True	both_directions_pass
M003878	M012440	True	True	True	True	both_directions_pass
M003878	M012829	True	True	True	True	both_directions_pass
M003878	M012964	True	True	True	True	both_directions_pass
M003878	M013070	True	True	True	True	both_directions_pass
M003885	M008328	True	True	True	True	both_directions_pass
M003885	M010537	True	True	True	True	both_directions_pass
M003885	M015201	True	True	True	True	both_directions_pass
M003899	M000833	True	True	True	True	both_directions_pass
M003899	M000911	True	True	True	True	both_directions_pass
M003899	M008612	True	True	True	True	both_directions_pass
M003899	M011538	True	True	True	True	both_directions_pass
M003899	M011838	True	True	True	True	both_directions_pass
M003899	M012018	True	True	True	True	both_directions_pass
M003899	M014225	True	True	True	True	both_directions_pass
M003899	M014852	True	True	True	True	both_directions_pass
M003899	M014882	True	True	True	True	both_directions_pass
M003899	M014925	True	True	True	True	both_directions_pass
M003899	M015211	True	True	True	True	both_directions_pass
M003899	M015588	True	True	True	True	both_directions_pass
M003899	M016494	True	True	True	True	both_directions_pass
M003899	M016583	True	True	True	True	both_directions_pass
M003899	M016677	True	True	True	True	both_directions_pass
M003899	M016761	True	True	True	True	both_directions_pass
M003899	M017525	True	True	True	True	both_directions_pass
M003899	M017684	True	True	True	True	both_directions_pass
M003899	M017974	True	True	True	True	both_directions_pass
M003923	M002542	True	True	True	True	both_directions_pass
M003923	M003400	True	True	True	True	both_directions_pass
M003923	M005423	True	True	True	True	both_directions_pass
M003923	M011059	True	True	True	True	both_directions_pass
M003923	M013787	True	True	True	True	both_directions_pass
M003923	M014857	True	True	True	True	both_directions_pass
M003923	M015001	True	True	True	True	both_directions_pass
M003923	M015147	True	True	True	True	both_directions_pass
M003923	M015805	True	True	True	True	both_directions_pass
M003923	M016065	True	True	True	True	both_directions_pass
M003923	M017894	True	True	True	True	both_directions_pass
M003952	M000043	True	True	True	True	both_directions_pass
M003952	M000063	True	True	True	True	both_directions_pass
M003952	M000257	True	True	True	True	both_directions_pass
M003952	M000320	True	True	True	True	both_directions_pass
M003952	M000450	True	True	True	True	both_directions_pass
M003952	M000525	True	True	True	True	both_directions_pass
M003952	M000671	True	True	True	True	both_directions_pass
M003952	M000777	True	True	False	False	neither_direction_passes
M003952	M001088	True	True	True	True	both_directions_pass
M003952	M001203	True	True	True	True	both_directions_pass
M003952	M001439	True	True	True	True	both_directions_pass
M003952	M001544	True	True	True	True	both_directions_pass
M003952	M001839	True	True	True	True	both_directions_pass
M003952	M002059	True	True	True	True	both_directions_pass
M003952	M002167	True	True	True	True	both_directions_pass
M003952	M002531	True	True	True	True	both_directions_pass
M003952	M002604	True	True	True	True	both_directions_pass
M003952	M002689	True	True	True	True	both_directions_pass
M003952	M002735	True	True	True	True	both_directions_pass
M003952	M002752	True	True	True	True	both_directions_pass
M003952	M002959	True	True	True	True	both_directions_pass
M003952	M003108	True	True	True	True	both_directions_pass
M003952	M003221	True	True	True	True	both_directions_pass
M003952	M003348	True	True	True	True	both_directions_pass
M003952	M003558	True	True	True	True	both_directions_pass
M003952	M003754	True	True	True	True	both_directions_pass
M003952	M003845	True	True	True	True	both_directions_pass
M003952	M004273	True	True	False	False	neither_direction_passes
M003952	M004332	True	True	True	True	both_directions_pass
M003952	M004523	True	True	True	True	both_directions_pass
M003952	M004566	True	True	True	True	both_directions_pass
M003952	M004653	True	True	True	True	both_directions_pass
M003952	M004795	True	True	True	True	both_directions_pass
M003952	M004938	True	True	True	True	both_directions_pass
M003952	M005011	True	True	True	True	both_directions_pass
M003952	M005172	True	True	True	True	both_directions_pass
M003952	M005354	True	True	True	True	both_directions_pass
M003952	M005397	True	True	True	True	both_directions_pass
M003952	M005551	True	True	True	True	both_directions_pass
M003952	M005694	True	True	True	True	both_directions_pass
M003952	M005894	True	True	True	True	both_directions_pass
M003952	M006274	True	True	False	False	neither_direction_passes
M003952	M006402	True	True	True	True	both_directions_pass
M003952	M006534	True	True	True	True	both_directions_pass
M003952	M006712	True	True	True	True	both_directions_pass
M003952	M006752	True	True	True	True	both_directions_pass
M003952	M006904	True	True	True	True	both_directions_pass
M003952	M006995	True	True	True	True	both_directions_pass
M003952	M007081	True	True	True	True	both_directions_pass
M003952	M007259	True	True	True	True	both_directions_pass
M003952	M007332	True	True	True	True	both_directions_pass
M003952	M007516	True	True	True	True	both_directions_pass
M003952	M007669	True	True	True	True	both_directions_pass
M003952	M007747	True	True	True	True	both_directions_pass
M003952	M007952	True	True	True	True	both_directions_pass
M003952	M007998	True	True	True	True	both_directions_pass
M003952	M008113	True	True	True	True	both_directions_pass
M003952	M008285	True	True	True	True	both_directions_pass
M003952	M008426	True	True	True	True	both_directions_pass
M003952	M008596	True	True	True	True	both_directions_pass
M003952	M008636	True	True	True	True	both_directions_pass
M003952	M008689	True	True	True	True	both_directions_pass
M003952	M008889	True	True	True	True	both_directions_pass
M003952	M008990	True	True	True	True	both_directions_pass
M003952	M009090	True	True	True	True	both_directions_pass
M003952	M009190	True	True	True	True	both_directions_pass
M003952	M009312	True	True	True	True	both_directions_pass
M003952	M009570	True	True	True	True	both_directions_pass
M003952	M009684	True	True	True	True	both_directions_pass
M003952	M009732	True	True	True	True	both_directions_pass
M003952	M009850	True	True	True	True	both_directions_pass
M003952	M009954	True	True	True	True	both_directions_pass
M003952	M010130	True	True	True	True	both_directions_pass
M003952	M010290	True	True	True	True	both_directions_pass
M003952	M010414	True	True	True	True	both_directions_pass
M003952	M010535	True	True	True	True	both_directions_pass
M003952	M010730	True	True	True	True	both_directions_pass
M003952	M010787	True	True	True	True	both_directions_pass
M003952	M010894	True	True	True	True	both_directions_pass
M003952	M011009	True	True	True	True	both_directions_pass
M003952	M011152	True	True	True	True	both_directions_pass
M003952	M011180	True	True	True	True	both_directions_pass
M003952	M011285	True	True	True	True	both_directions_pass
M003952	M011419	True	True	True	True	both_directions_pass
M003952	M011553	True	True	True	True	both_directions_pass
M003952	M011700	True	True	True	True	both_directions_pass
M003952	M011906	True	True	False	False	neither_direction_passes
M003952	M012091	True	True	True	True	both_directions_pass
M003952	M012260	True	True	True	True	both_directions_pass
M003952	M012436	True	True	True	True	both_directions_pass
M003952	M012581	True	True	True	True	both_directions_pass
M003952	M012704	True	True	True	True	both_directions_pass
M003952	M012837	True	True	True	True	both_directions_pass
M003952	M012972	True	True	True	True	both_directions_pass
M003952	M013093	True	True	True	True	both_directions_pass
M003975	M000592	True	True	True	True	both_directions_pass
M003975	M002768	True	True	False	False	neither_direction_passes
M003975	M008676	True	True	False	False	neither_direction_passes
M003975	M009601	True	True	True	True	both_directions_pass
M003975	M010059	True	True	True	True	both_directions_pass
M003975	M010448	True	True	True	True	both_directions_pass
M003975	M010843	True	True	False	False	neither_direction_passes
M003975	M012619	True	True	True	True	both_directions_pass
M003975	M012809	True	True	True	True	both_directions_pass
M003975	M012954	True	True	False	False	neither_direction_passes
M003975	M013997	True	True	True	True	both_directions_pass
M003975	M014029	True	True	False	False	neither_direction_passes
M003975	M014206	True	True	False	False	neither_direction_passes
M003975	M014281	True	True	False	False	neither_direction_passes
M003975	M014929	True	True	True	True	both_directions_pass
M003975	M015311	True	True	True	True	both_directions_pass
M003975	M017262	True	True	False	False	neither_direction_passes
M004012	M000067	True	True	True	True	both_directions_pass
M004012	M000280	True	True	True	True	both_directions_pass
M004012	M001001	True	True	True	True	both_directions_pass
M004012	M001050	True	True	True	True	both_directions_pass
M004012	M001209	True	True	True	True	both_directions_pass
M004012	M002007	True	True	True	True	both_directions_pass
M004012	M002089	True	True	True	True	both_directions_pass
M004012	M002419	True	True	True	True	both_directions_pass
M004012	M002635	True	True	True	True	both_directions_pass
M004012	M002761	True	True	True	True	both_directions_pass
M004012	M002980	True	True	True	True	both_directions_pass
M004012	M003095	True	True	True	True	both_directions_pass
M004012	M003165	True	True	True	True	both_directions_pass
M004012	M003275	True	True	True	True	both_directions_pass
M004012	M003547	True	True	True	True	both_directions_pass
M004012	M003662	True	True	True	True	both_directions_pass
M004012	M003796	True	True	True	True	both_directions_pass
M004012	M004237	True	True	True	True	both_directions_pass
M004012	M004341	True	True	True	True	both_directions_pass
M004012	M004453	True	True	True	True	both_directions_pass
M004012	M004534	True	True	True	True	both_directions_pass
M004012	M004674	True	True	True	True	both_directions_pass
M004012	M004817	True	True	True	True	both_directions_pass
M004012	M004965	True	True	True	True	both_directions_pass
M004012	M005185	True	True	True	True	both_directions_pass
M004012	M005315	True	True	True	True	both_directions_pass
M004012	M005478	True	True	True	True	both_directions_pass
M004012	M005627	True	True	True	True	both_directions_pass
M004012	M005810	True	True	True	True	both_directions_pass
M004012	M005866	True	True	True	True	both_directions_pass
M004012	M006182	True	True	True	True	both_directions_pass
M004012	M006265	True	True	True	True	both_directions_pass
M004012	M006476	True	True	True	True	both_directions_pass
M004012	M006516	True	True	True	True	both_directions_pass
M004012	M006649	True	True	True	True	both_directions_pass
M004012	M006733	True	True	True	True	both_directions_pass
M004012	M006875	True	True	True	True	both_directions_pass
M004012	M007058	True	True	True	True	both_directions_pass
M004012	M007193	True	True	True	True	both_directions_pass
M004012	M007322	True	True	True	True	both_directions_pass
M004012	M007437	True	True	True	True	both_directions_pass
M004012	M007569	True	True	True	True	both_directions_pass
M004012	M007772	True	True	True	True	both_directions_pass
M004012	M008019	True	True	True	True	both_directions_pass
M004012	M008218	True	True	True	True	both_directions_pass
M004012	M008229	True	True	True	True	both_directions_pass
M004012	M008441	True	True	True	True	both_directions_pass
M004012	M008555	True	True	True	True	both_directions_pass
M004012	M008767	True	True	True	True	both_directions_pass
M004012	M009017	True	True	True	True	both_directions_pass
M004012	M009084	True	True	True	True	both_directions_pass
M004012	M009271	True	True	True	True	both_directions_pass
M004012	M009398	True	True	True	True	both_directions_pass
M004012	M009488	True	True	True	True	both_directions_pass
M004012	M009562	True	True	True	True	both_directions_pass
M004012	M009670	True	True	True	True	both_directions_pass
M004012	M009861	True	True	True	True	both_directions_pass
M004012	M009913	True	True	True	True	both_directions_pass
M004012	M010067	True	True	True	True	both_directions_pass
M004012	M010228	True	True	True	True	both_directions_pass
M004012	M010473	True	True	True	True	both_directions_pass
M004012	M010819	True	True	True	True	both_directions_pass
M004012	M011074	True	True	True	True	both_directions_pass
M004012	M011123	True	True	True	True	both_directions_pass
M004012	M011225	True	True	True	True	both_directions_pass
M004012	M011324	True	True	True	True	both_directions_pass
M004012	M011457	True	True	True	True	both_directions_pass
M004012	M011703	True	True	True	True	both_directions_pass
M004012	M012124	True	True	True	True	both_directions_pass
M004012	M012181	True	True	True	True	both_directions_pass
M004012	M012251	True	True	True	True	both_directions_pass
M004012	M012380	True	True	True	True	both_directions_pass
M004012	M012876	True	True	True	True	both_directions_pass
M004012	M012942	True	True	True	True	both_directions_pass
M004012	M013096	True	True	True	True	both_directions_pass
M004014	M000183	True	True	True	True	both_directions_pass
M004014	M000360	True	True	True	True	both_directions_pass
M004014	M000492	True	True	True	True	both_directions_pass
M004014	M000717	True	True	True	True	both_directions_pass
M004014	M000781	True	True	True	True	both_directions_pass
M004014	M000941	True	True	True	True	both_directions_pass
M004014	M001097	True	True	True	True	both_directions_pass
M004014	M001216	True	True	True	True	both_directions_pass
M004014	M001229	True	True	True	True	both_directions_pass
M004014	M001363	True	True	True	True	both_directions_pass
M004014	M001564	True	True	True	True	both_directions_pass
M004014	M001656	True	True	True	True	both_directions_pass
M004014	M001762	True	True	True	True	both_directions_pass
M004014	M001877	True	True	True	True	both_directions_pass
M004014	M002268	True	True	True	True	both_directions_pass
M004014	M002331	True	True	True	True	both_directions_pass
M004014	M004096	True	True	True	True	both_directions_pass
M004014	M004222	True	True	True	True	both_directions_pass
M004014	M006070	True	True	True	True	both_directions_pass
M004014	M007013	True	True	True	True	both_directions_pass
M004014	M007845	True	True	True	True	both_directions_pass
M004014	M008152	True	True	True	True	both_directions_pass
M004014	M008635	True	True	True	True	both_directions_pass
M004014	M009781	True	True	True	True	both_directions_pass
M004014	M010264	True	True	True	True	both_directions_pass
M004014	M010299	True	True	True	True	both_directions_pass
M004014	M010613	True	True	True	True	both_directions_pass
M004014	M010952	True	True	True	True	both_directions_pass
M004014	M011069	True	True	True	True	both_directions_pass
M004014	M011332	True	True	True	True	both_directions_pass
M004014	M011587	True	True	True	True	both_directions_pass
M004014	M011790	True	True	True	True	both_directions_pass
M004014	M011886	True	True	True	True	both_directions_pass
M004014	M012048	True	True	True	True	both_directions_pass
M004014	M012680	True	True	True	True	both_directions_pass
M004014	M013411	True	True	True	True	both_directions_pass
M004014	M014151	True	True	True	True	both_directions_pass
M004014	M014556	True	True	True	True	both_directions_pass
M004014	M014997	True	True	True	True	both_directions_pass
M004014	M015482	True	True	True	True	both_directions_pass
M004014	M016973	True	True	True	True	both_directions_pass
M004031	M004082	True	True	True	True	both_directions_pass
M004031	M012332	True	True	True	True	both_directions_pass
M004034	M002357	True	True	True	True	both_directions_pass
M004046	M000694	True	True	True	True	both_directions_pass
M004046	M007634	True	True	True	True	both_directions_pass
M004050	M004974	True	True	True	True	both_directions_pass
M004050	M012692	True	True	True	True	both_directions_pass
M004061	M017062	True	True	True	True	both_directions_pass
M004080	M013329	True	True	True	True	both_directions_pass
M004080	M014039	True	True	False	False	neither_direction_passes
M004090	M000341	True	True	True	True	both_directions_pass
M004090	M000744	True	True	True	True	both_directions_pass
M004090	M002280	True	True	True	True	both_directions_pass
M004090	M011913	True	True	True	True	both_directions_pass
M004090	M012699	True	True	True	True	both_directions_pass
M004091	M008111	True	True	True	True	both_directions_pass
M004091	M008424	True	True	True	True	both_directions_pass
M004093	M007369	True	True	True	True	both_directions_pass
M004093	M011334	True	True	True	True	both_directions_pass
M004097	M000305	True	True	True	True	both_directions_pass
M004097	M000767	True	True	True	True	both_directions_pass
M004097	M001358	True	True	True	True	both_directions_pass
M004097	M001690	True	True	True	True	both_directions_pass
M004097	M001872	True	True	True	True	both_directions_pass
M004097	M003758	True	True	True	True	both_directions_pass
M004097	M004173	True	True	True	True	both_directions_pass
M004097	M006024	True	True	True	True	both_directions_pass
M004097	M008072	True	True	True	True	both_directions_pass
M004097	M008655	True	True	True	True	both_directions_pass
M004097	M009858	True	True	True	True	both_directions_pass
M004097	M010546	True	True	True	True	both_directions_pass
M004097	M011338	True	True	True	True	both_directions_pass
M004097	M011619	True	True	True	True	both_directions_pass
M004097	M011848	True	True	True	True	both_directions_pass
M004097	M011985	True	True	True	True	both_directions_pass
M004097	M012762	True	True	True	True	both_directions_pass
M004100	M001098	True	True	True	True	both_directions_pass
M004100	M001416	True	True	True	True	both_directions_pass
M004100	M001546	True	True	True	True	both_directions_pass
M004100	M002025	True	True	True	True	both_directions_pass
M004100	M002669	True	True	True	True	both_directions_pass
M004100	M003438	True	True	True	True	both_directions_pass
M004100	M003521	True	True	True	True	both_directions_pass
M004100	M003691	True	True	True	True	both_directions_pass
M004100	M003780	True	True	True	True	both_directions_pass
M004100	M004179	True	True	True	True	both_directions_pass
M004100	M004384	True	True	True	True	both_directions_pass
M004100	M004855	True	True	True	True	both_directions_pass
M004100	M005043	True	True	True	True	both_directions_pass
M004100	M005246	True	True	True	True	both_directions_pass
M004100	M005835	True	True	True	True	both_directions_pass
M004100	M005870	True	True	True	True	both_directions_pass
M004100	M005993	True	True	True	True	both_directions_pass
M004100	M006186	True	True	True	True	both_directions_pass
M004100	M007233	True	True	True	True	both_directions_pass
M004100	M007597	True	True	True	True	both_directions_pass
M004100	M007658	True	True	True	True	both_directions_pass
M004100	M007713	True	True	True	True	both_directions_pass
M004100	M008018	True	True	True	True	both_directions_pass
M004100	M008261	True	True	True	True	both_directions_pass
M004100	M008472	True	True	True	True	both_directions_pass
M004100	M008506	True	True	True	True	both_directions_pass
M004100	M008608	True	True	True	True	both_directions_pass
M004100	M008687	True	True	True	True	both_directions_pass
M004100	M009333	True	True	True	True	both_directions_pass
M004100	M009538	True	True	True	True	both_directions_pass
M004100	M009838	True	True	True	True	both_directions_pass
M004100	M010024	True	True	True	True	both_directions_pass
M004100	M010372	True	True	True	True	both_directions_pass
M004100	M010634	True	True	True	True	both_directions_pass
M004100	M010877	True	True	True	True	both_directions_pass
M004100	M011026	True	True	True	True	both_directions_pass
M004100	M011363	True	True	True	True	both_directions_pass
M004100	M011523	True	True	True	True	both_directions_pass
M004100	M011618	True	True	True	True	both_directions_pass
M004100	M011736	True	True	True	True	both_directions_pass
M004100	M012019	True	True	True	True	both_directions_pass
M004100	M012255	True	True	True	True	both_directions_pass
M004100	M012397	True	True	True	True	both_directions_pass
M004100	M012535	True	True	True	True	both_directions_pass
M004100	M012620	True	True	True	True	both_directions_pass
M004100	M012771	True	True	True	True	both_directions_pass
M004100	M012828	True	True	True	True	both_directions_pass
M004100	M013051	True	True	True	True	both_directions_pass
M004101	M001306	True	True	True	True	both_directions_pass
M004101	M001802	True	True	True	True	both_directions_pass
M004101	M001907	True	True	True	True	both_directions_pass
M004101	M006047	True	True	True	True	both_directions_pass
M004101	M008127	True	True	True	True	both_directions_pass
M004101	M009806	True	True	True	True	both_directions_pass
M004101	M011184	True	True	True	True	both_directions_pass
M004101	M011535	True	True	True	True	both_directions_pass
M004101	M011986	True	True	True	True	both_directions_pass
M004101	M012766	True	True	True	True	both_directions_pass
M004104	M000129	True	True	True	True	both_directions_pass
M004104	M000194	True	True	True	True	both_directions_pass
M004104	M000248	True	True	True	True	both_directions_pass
M004104	M000552	True	True	True	True	both_directions_pass
M004104	M000870	True	True	True	True	both_directions_pass
M004104	M001136	True	True	True	True	both_directions_pass
M004104	M001338	True	True	True	True	both_directions_pass
M004104	M001393	True	True	True	True	both_directions_pass
M004104	M001937	True	True	True	True	both_directions_pass
M004104	M002074	True	True	True	True	both_directions_pass
M004104	M002157	True	True	True	True	both_directions_pass
M004104	M002421	True	True	True	True	both_directions_pass
M004104	M002713	True	True	True	True	both_directions_pass
M004104	M002742	True	True	True	True	both_directions_pass
M004104	M002881	True	True	True	True	both_directions_pass
M004104	M003017	True	True	True	True	both_directions_pass
M004104	M003068	True	True	True	True	both_directions_pass
M004104	M003172	True	True	True	True	both_directions_pass
M004104	M003398	True	True	True	True	both_directions_pass
M004104	M003564	True	True	True	True	both_directions_pass
M004104	M003709	True	True	True	True	both_directions_pass
M004104	M003816	True	True	True	True	both_directions_pass
M004104	M004000	True	True	True	True	both_directions_pass
M004104	M004145	True	True	True	True	both_directions_pass
M004104	M004170	True	True	True	True	both_directions_pass
M004104	M004280	True	True	True	True	both_directions_pass
M004104	M004461	True	True	True	True	both_directions_pass
M004104	M004615	True	True	True	True	both_directions_pass
M004104	M004678	True	True	True	True	both_directions_pass
M004104	M004879	True	True	True	True	both_directions_pass
M004104	M004914	True	True	True	True	both_directions_pass
M004104	M005016	True	True	True	True	both_directions_pass
M004104	M005147	True	True	True	True	both_directions_pass
M004104	M005371	True	True	True	True	both_directions_pass
M004104	M005480	True	True	True	True	both_directions_pass
M004104	M005542	True	True	True	True	both_directions_pass
M004104	M005629	True	True	True	True	both_directions_pass
M004104	M005693	True	True	True	True	both_directions_pass
M004104	M005741	True	True	True	True	both_directions_pass
M004104	M005757	True	True	True	True	both_directions_pass
M004104	M006309	True	True	True	True	both_directions_pass
M004104	M006346	True	True	True	True	both_directions_pass
M004104	M006369	True	True	True	True	both_directions_pass
M004104	M006535	True	True	True	True	both_directions_pass
M004104	M006592	True	True	True	True	both_directions_pass
M004104	M006684	True	True	True	True	both_directions_pass
M004104	M006779	True	True	True	True	both_directions_pass
M004104	M006942	True	True	True	True	both_directions_pass
M004104	M007080	True	True	True	True	both_directions_pass
M004104	M007283	True	True	True	True	both_directions_pass
M004104	M007334	True	True	True	True	both_directions_pass
M004104	M007424	True	True	True	True	both_directions_pass
M004104	M007564	True	True	True	True	both_directions_pass
M004104	M007675	True	True	True	True	both_directions_pass
M004104	M007858	True	True	True	True	both_directions_pass
M004104	M007941	True	True	True	True	both_directions_pass
M004104	M008284	True	True	True	True	both_directions_pass
M004104	M008387	True	True	True	True	both_directions_pass
M004104	M008530	True	True	True	True	both_directions_pass
M004104	M008739	True	True	True	True	both_directions_pass
M004104	M008882	True	True	True	True	both_directions_pass
M004104	M009131	True	True	True	True	both_directions_pass
M004104	M009223	True	True	True	True	both_directions_pass
M004104	M009370	True	True	True	True	both_directions_pass
M004104	M009498	True	True	True	True	both_directions_pass
M004104	M009529	True	True	True	True	both_directions_pass
M004104	M009679	True	True	True	True	both_directions_pass
M004104	M009999	True	True	True	True	both_directions_pass
M004104	M010069	True	True	True	True	both_directions_pass
M004104	M010151	True	True	True	True	both_directions_pass
M004104	M010291	True	True	True	True	both_directions_pass
M004104	M010304	True	True	True	True	both_directions_pass
M004104	M010413	True	True	True	True	both_directions_pass
M004104	M010738	True	True	True	True	both_directions_pass
M004104	M010786	True	True	True	True	both_directions_pass
M004104	M010875	True	True	True	True	both_directions_pass
M004104	M011053	True	True	True	True	both_directions_pass
M004104	M011080	True	True	True	True	both_directions_pass
M004104	M011116	True	True	True	True	both_directions_pass
M004104	M011163	True	True	True	True	both_directions_pass
M004104	M011450	True	True	True	True	both_directions_pass
M004104	M011481	True	True	True	True	both_directions_pass
M004104	M011556	True	True	True	True	both_directions_pass
M004104	M011680	True	True	True	True	both_directions_pass
M004104	M011889	True	True	True	True	both_directions_pass
M004104	M011988	True	True	True	True	both_directions_pass
M004104	M012259	True	True	True	True	both_directions_pass
M004104	M012361	True	True	True	True	both_directions_pass
M004104	M012460	True	True	True	True	both_directions_pass
M004104	M012506	True	True	True	True	both_directions_pass
M004104	M012840	True	True	True	True	both_directions_pass
M004104	M012943	True	True	True	True	both_directions_pass
M004104	M013060	True	True	True	True	both_directions_pass
M004109	M005731	True	True	True	True	both_directions_pass
M004109	M014257	True	True	False	False	neither_direction_passes
M004109	M015177	True	True	False	False	neither_direction_passes
M004109	M018037	True	True	False	False	neither_direction_passes
M004125	M006066	True	True	True	True	both_directions_pass
M004125	M016972	True	True	True	True	both_directions_pass
M004126	M000032	True	True	True	True	both_directions_pass
M004126	M001383	True	True	True	True	both_directions_pass
M004126	M001821	True	True	True	True	both_directions_pass
M004126	M001935	True	True	True	True	both_directions_pass
M004126	M002231	True	True	True	True	both_directions_pass
M004126	M002969	True	True	True	True	both_directions_pass
M004126	M004186	True	True	True	True	both_directions_pass
M004126	M009404	True	True	True	True	both_directions_pass
M004126	M009868	True	True	True	True	both_directions_pass
M004126	M012703	True	True	True	True	both_directions_pass
M004126	M016576	True	True	True	True	both_directions_pass
M004147	M002568	True	True	True	True	both_directions_pass
M004147	M006012	True	True	False	False	neither_direction_passes
M004147	M015978	True	True	False	False	neither_direction_passes
M004147	M016483	True	True	True	True	both_directions_pass
M004147	M016585	True	True	False	False	neither_direction_passes
M004176	M001321	True	True	True	True	both_directions_pass
M004194	M001591	True	True	True	True	both_directions_pass
M004194	M001867	True	True	True	True	both_directions_pass
M004194	M003007	True	True	True	True	both_directions_pass
M004194	M003724	True	True	True	True	both_directions_pass
M004194	M003757	True	True	True	True	both_directions_pass
M004194	M008031	True	True	True	True	both_directions_pass
M004194	M008169	True	True	True	True	both_directions_pass
M004194	M009864	True	True	True	True	both_directions_pass
M004194	M010463	True	True	True	True	both_directions_pass
M004194	M011806	True	True	True	True	both_directions_pass
M004194	M012622	True	True	True	True	both_directions_pass
M004194	M012632	True	True	True	True	both_directions_pass
M004194	M013015	True	True	True	True	both_directions_pass
M004196	M001279	True	True	True	True	both_directions_pass
M004196	M001731	True	True	True	True	both_directions_pass
M004196	M001796	True	True	False	False	neither_direction_passes
M004196	M009775	True	True	False	False	neither_direction_passes
M004197	M011391	True	True	True	True	both_directions_pass
M004228	M005360	True	True	True	True	both_directions_pass
M004228	M005736	True	True	True	True	both_directions_pass
M004228	M005777	True	True	True	True	both_directions_pass
M004228	M005860	True	True	True	True	both_directions_pass
M004228	M010383	True	True	True	True	both_directions_pass
M004228	M010657	True	True	True	True	both_directions_pass
M004228	M011950	True	True	True	True	both_directions_pass
M004228	M012101	True	True	True	True	both_directions_pass
M004228	M012323	True	True	True	True	both_directions_pass
M004228	M012616	True	True	True	True	both_directions_pass
M004231	M001339	True	True	True	True	both_directions_pass
M004235	M000182	True	True	True	True	both_directions_pass
M004235	M000349	True	True	True	True	both_directions_pass
M004235	M000399	True	True	True	True	both_directions_pass
M004235	M000567	True	True	True	True	both_directions_pass
M004235	M000631	True	True	True	True	both_directions_pass
M004235	M000647	True	True	True	True	both_directions_pass
M004235	M000802	True	True	True	True	both_directions_pass
M004235	M000939	True	True	True	True	both_directions_pass
M004235	M001140	True	True	True	True	both_directions_pass
M004235	M001420	True	True	True	True	both_directions_pass
M004235	M001559	True	True	True	True	both_directions_pass
M004235	M001920	True	True	True	True	both_directions_pass
M004235	M002001	True	True	True	True	both_directions_pass
M004235	M002102	True	True	True	True	both_directions_pass
M004235	M002238	True	True	True	True	both_directions_pass
M004235	M002519	True	True	True	True	both_directions_pass
M004235	M002550	True	True	True	True	both_directions_pass
M004235	M002641	True	True	True	True	both_directions_pass
M004235	M002766	True	True	True	True	both_directions_pass
M004235	M002962	True	True	True	True	both_directions_pass
M004235	M003116	True	True	True	True	both_directions_pass
M004235	M003321	True	True	True	True	both_directions_pass
M004235	M003669	True	True	True	True	both_directions_pass
M004235	M003815	True	True	True	True	both_directions_pass
M004235	M004007	True	True	True	True	both_directions_pass
M004235	M004344	True	True	True	True	both_directions_pass
M004235	M004456	True	True	True	True	both_directions_pass
M004235	M004527	True	True	True	True	both_directions_pass
M004235	M004706	True	True	True	True	both_directions_pass
M004235	M004806	True	True	True	True	both_directions_pass
M004235	M004968	True	True	True	True	both_directions_pass
M004235	M005095	True	True	True	True	both_directions_pass
M004235	M005138	True	True	True	True	both_directions_pass
M004235	M005199	True	True	True	True	both_directions_pass
M004235	M005285	True	True	True	True	both_directions_pass
M004235	M005487	True	True	True	True	both_directions_pass
M004235	M005520	True	True	True	True	both_directions_pass
M004235	M005641	True	True	True	True	both_directions_pass
M004235	M005744	True	True	True	True	both_directions_pass
M004235	M005928	True	True	True	True	both_directions_pass
M004235	M005955	True	True	True	True	both_directions_pass
M004235	M006038	True	True	True	True	both_directions_pass
M004235	M006302	True	True	True	True	both_directions_pass
M004235	M006328	True	True	True	True	both_directions_pass
M004235	M006397	True	True	True	True	both_directions_pass
M004235	M006404	True	True	True	True	both_directions_pass
M004235	M006653	True	True	True	True	both_directions_pass
M004235	M006753	True	True	True	True	both_directions_pass
M004235	M006932	True	True	True	True	both_directions_pass
M004235	M007198	True	True	True	True	both_directions_pass
M004235	M007209	True	True	True	True	both_directions_pass
M004235	M007329	True	True	True	True	both_directions_pass
M004235	M007445	True	True	True	True	both_directions_pass
M004235	M007778	True	True	True	True	both_directions_pass
M004235	M007942	True	True	False	False	neither_direction_passes
M004235	M008272	True	True	True	True	both_directions_pass
M004235	M008467	True	True	True	True	both_directions_pass
M004235	M008774	True	True	True	True	both_directions_pass
M004235	M008845	True	True	True	True	both_directions_pass
M004235	M008959	True	True	True	True	both_directions_pass
M004235	M009163	True	True	True	True	both_directions_pass
M004235	M009541	True	True	True	True	both_directions_pass
M004235	M009605	True	True	True	True	both_directions_pass
M004235	M009916	True	True	True	True	both_directions_pass
M004235	M010005	True	True	True	True	both_directions_pass
M004235	M010231	True	True	True	True	both_directions_pass
M004235	M010460	True	True	True	True	both_directions_pass
M004235	M010494	True	True	True	True	both_directions_pass
M004235	M010561	True	True	True	True	both_directions_pass
M004235	M010865	True	True	True	True	both_directions_pass
M004235	M011433	True	True	True	True	both_directions_pass
M004235	M011496	True	True	True	True	both_directions_pass
M004235	M011549	True	True	True	True	both_directions_pass
M004235	M011709	True	True	True	True	both_directions_pass
M004235	M011896	True	True	True	True	both_directions_pass
M004235	M011974	True	True	True	True	both_directions_pass
M004235	M012159	True	True	True	True	both_directions_pass
M004235	M012221	True	True	True	True	both_directions_pass
M004235	M012562	True	True	True	True	both_directions_pass
M004235	M012847	True	True	True	True	both_directions_pass
M004235	M012961	True	True	True	True	both_directions_pass
M004235	M013144	True	True	True	True	both_directions_pass
M004235	M013200	True	True	True	True	both_directions_pass
M004235	M013324	True	True	True	True	both_directions_pass
M004235	M013563	True	True	True	True	both_directions_pass
M004235	M013606	True	True	True	True	both_directions_pass
M004235	M014456	True	True	True	True	both_directions_pass
M004235	M014623	True	True	True	True	both_directions_pass
M004235	M015004	True	True	True	True	both_directions_pass
M004235	M015303	True	True	True	True	both_directions_pass
M004235	M016039	True	True	True	True	both_directions_pass
M004235	M017166	True	True	True	True	both_directions_pass
M004235	M017445	True	True	True	True	both_directions_pass
M004235	M017507	True	True	True	True	both_directions_pass
M004235	M018157	True	True	True	True	both_directions_pass
M004260	M009761	True	True	True	True	both_directions_pass
M004274	M005308	True	True	True	True	both_directions_pass
M004274	M012178	True	True	False	False	neither_direction_passes
M004274	M012245	True	True	True	True	both_directions_pass
M004281	M016745	True	True	True	True	both_directions_pass
M004290	M000143	True	True	True	True	both_directions_pass
M004290	M001708	True	True	True	True	both_directions_pass
M004290	M001897	True	True	True	True	both_directions_pass
M004290	M002842	True	True	True	True	both_directions_pass
M004290	M005861	True	True	True	True	both_directions_pass
M004290	M006119	True	True	True	True	both_directions_pass
M004290	M006799	True	True	True	True	both_directions_pass
M004290	M006958	True	True	True	True	both_directions_pass
M004290	M008125	True	True	True	True	both_directions_pass
M004290	M010226	True	True	True	True	both_directions_pass
M004290	M010757	True	True	True	True	both_directions_pass
M004290	M010893	True	True	True	True	both_directions_pass
M004290	M012580	True	True	True	True	both_directions_pass
M004290	M013975	True	True	True	True	both_directions_pass
M004402	M000886	True	True	True	True	both_directions_pass
M004402	M000970	True	True	True	True	both_directions_pass
M004402	M001665	True	True	True	True	both_directions_pass
M004402	M001865	True	True	True	True	both_directions_pass
M004402	M002226	True	True	True	True	both_directions_pass
M004402	M002371	True	True	True	True	both_directions_pass
M004402	M004756	True	True	True	True	both_directions_pass
M004402	M005124	True	True	True	True	both_directions_pass
M004402	M010543	True	True	True	True	both_directions_pass
M004402	M011858	True	True	True	True	both_directions_pass
M004402	M017128	True	True	True	True	both_directions_pass
M004403	M000626	True	True	True	True	both_directions_pass
M004403	M001060	True	True	True	True	both_directions_pass
M004403	M002058	True	True	False	False	neither_direction_passes
M004403	M002115	True	True	True	True	both_directions_pass
M004403	M002522	True	True	True	True	both_directions_pass
M004403	M002863	True	True	True	True	both_directions_pass
M004403	M002937	True	True	True	True	both_directions_pass
M004403	M002986	True	True	True	True	both_directions_pass
M004403	M003075	True	True	True	True	both_directions_pass
M004403	M003152	True	True	True	True	both_directions_pass
M004403	M003533	True	True	False	False	neither_direction_passes
M004403	M003651	True	True	True	True	both_directions_pass
M004403	M003880	True	True	True	True	both_directions_pass
M004403	M003983	True	True	True	True	both_directions_pass
M004403	M004178	True	True	True	True	both_directions_pass
M004403	M004420	True	True	True	True	both_directions_pass
M004403	M004630	True	True	True	True	both_directions_pass
M004403	M004687	True	True	True	True	both_directions_pass
M004403	M004815	True	True	True	True	both_directions_pass
M004403	M004986	True	True	True	True	both_directions_pass
M004403	M005250	True	True	True	True	both_directions_pass
M004403	M005461	True	True	True	True	both_directions_pass
M004403	M005623	True	True	True	True	both_directions_pass
M004403	M005644	True	True	True	True	both_directions_pass
M004403	M005781	True	True	True	True	both_directions_pass
M004403	M006307	True	True	True	True	both_directions_pass
M004403	M006528	True	True	True	True	both_directions_pass
M004403	M006694	True	True	True	True	both_directions_pass
M004403	M006886	True	True	False	False	neither_direction_passes
M004403	M007333	True	True	True	True	both_directions_pass
M004403	M007399	True	True	True	True	both_directions_pass
M004403	M007673	True	True	True	True	both_directions_pass
M004403	M007890	True	True	True	True	both_directions_pass
M004403	M007913	True	True	True	True	both_directions_pass
M004403	M008184	True	True	True	True	both_directions_pass
M004403	M008243	True	True	True	True	both_directions_pass
M004403	M008362	True	True	True	True	both_directions_pass
M004403	M008865	True	True	True	True	both_directions_pass
M004403	M009140	True	True	True	True	both_directions_pass
M004403	M009439	True	True	True	True	both_directions_pass
M004403	M010091	True	True	True	True	both_directions_pass
M004403	M010127	True	True	True	True	both_directions_pass
M004403	M010331	True	True	True	True	both_directions_pass
M004403	M010406	True	True	True	True	both_directions_pass
M004403	M010570	True	True	True	True	both_directions_pass
M004403	M010718	True	True	True	True	both_directions_pass
M004403	M010749	True	True	True	True	both_directions_pass
M004403	M010873	True	True	True	True	both_directions_pass
M004403	M010959	True	True	True	True	both_directions_pass
M004403	M011434	True	True	True	True	both_directions_pass
M004403	M011739	True	True	True	True	both_directions_pass
M004403	M012117	True	True	True	True	both_directions_pass
M004403	M012167	True	True	True	True	both_directions_pass
M004403	M012209	True	True	True	True	both_directions_pass
M004403	M012306	True	True	True	True	both_directions_pass
M004403	M012420	True	True	True	True	both_directions_pass
M004403	M012528	True	True	True	True	both_directions_pass
M004403	M012645	True	True	True	True	both_directions_pass
M004403	M012812	True	True	True	True	both_directions_pass
M004403	M012920	True	True	True	True	both_directions_pass
M004403	M013119	True	True	True	True	both_directions_pass
M004403	M013151	True	True	True	True	both_directions_pass
M004403	M013621	True	True	True	True	both_directions_pass
M004418	M000146	True	True	True	True	both_directions_pass
M004418	M000441	True	True	True	True	both_directions_pass
M004418	M000546	True	True	True	True	both_directions_pass
M004418	M001375	True	True	True	True	both_directions_pass
M004418	M001429	True	True	True	True	both_directions_pass
M004418	M001501	True	True	True	True	both_directions_pass
M004418	M001681	True	True	True	True	both_directions_pass
M004418	M001825	True	True	True	True	both_directions_pass
M004418	M001999	True	True	True	True	both_directions_pass
M004418	M002108	True	True	True	True	both_directions_pass
M004418	M002504	True	True	True	True	both_directions_pass
M004418	M002710	True	True	True	True	both_directions_pass
M004418	M002748	True	True	True	True	both_directions_pass
M004418	M002938	True	True	True	True	both_directions_pass
M004418	M002984	True	True	True	True	both_directions_pass
M004418	M003076	True	True	True	True	both_directions_pass
M004418	M003149	True	True	True	True	both_directions_pass
M004418	M003301	True	True	True	True	both_directions_pass
M004418	M003543	True	True	True	True	both_directions_pass
M004418	M003657	True	True	True	True	both_directions_pass
M004418	M003985	True	True	True	True	both_directions_pass
M004418	M004118	True	True	True	True	both_directions_pass
M004418	M004321	True	True	True	True	both_directions_pass
M004418	M004633	True	True	True	True	both_directions_pass
M004418	M004802	True	True	True	True	both_directions_pass
M004418	M005022	True	True	True	True	both_directions_pass
M004418	M005165	True	True	True	True	both_directions_pass
M004418	M005356	True	True	True	True	both_directions_pass
M004418	M005463	True	True	True	True	both_directions_pass
M004418	M005586	True	True	True	True	both_directions_pass
M004418	M005785	True	True	True	True	both_directions_pass
M004418	M005877	True	True	True	True	both_directions_pass
M004418	M006366	True	True	True	True	both_directions_pass
M004418	M006573	True	True	True	True	both_directions_pass
M004418	M006673	True	True	True	True	both_directions_pass
M004418	M006767	True	True	True	True	both_directions_pass
M004418	M006953	True	True	True	True	both_directions_pass
M004418	M007095	True	True	True	True	both_directions_pass
M004418	M007251	True	True	True	True	both_directions_pass
M004418	M007301	True	True	True	True	both_directions_pass
M004418	M007433	True	True	True	True	both_directions_pass
M004418	M007891	True	True	True	True	both_directions_pass
M004418	M008129	True	True	True	True	both_directions_pass
M004418	M008287	True	True	True	True	both_directions_pass
M004418	M008549	True	True	True	True	both_directions_pass
M004418	M008769	True	True	True	True	both_directions_pass
M004418	M008850	True	True	True	True	both_directions_pass
M004418	M009183	True	True	True	True	both_directions_pass
M004418	M009274	True	True	True	True	both_directions_pass
M004418	M009393	True	True	True	True	both_directions_pass
M004418	M009619	True	True	True	True	both_directions_pass
M004418	M009835	True	True	True	True	both_directions_pass
M004418	M009886	True	True	True	True	both_directions_pass
M004418	M010094	True	True	True	True	both_directions_pass
M004418	M010173	True	True	True	True	both_directions_pass
M004418	M010404	True	True	True	True	both_directions_pass
M004418	M010612	True	True	True	True	both_directions_pass
M004418	M010720	True	True	True	True	both_directions_pass
M004418	M010836	True	True	True	True	both_directions_pass
M004418	M010961	True	True	True	True	both_directions_pass
M004418	M011153	True	True	True	True	both_directions_pass
M004418	M011354	True	True	True	True	both_directions_pass
M004418	M011697	True	True	True	True	both_directions_pass
M004418	M012118	True	True	True	True	both_directions_pass
M004418	M012168	True	True	True	True	both_directions_pass
M004418	M012211	True	True	True	True	both_directions_pass
M004418	M012421	True	True	True	True	both_directions_pass
M004418	M012557	True	True	True	True	both_directions_pass
M004418	M012916	True	True	True	True	both_directions_pass
M004418	M013108	True	True	True	True	both_directions_pass
M004421	M000091	True	True	True	True	both_directions_pass
M004421	M000292	True	True	True	True	both_directions_pass
M004421	M000338	True	True	True	True	both_directions_pass
M004421	M000376	True	True	True	True	both_directions_pass
M004421	M000614	True	True	True	True	both_directions_pass
M004421	M001000	True	True	True	True	both_directions_pass
M004421	M001054	True	True	True	True	both_directions_pass
M004421	M001143	True	True	True	True	both_directions_pass
M004421	M001271	True	True	True	True	both_directions_pass
M004421	M001398	True	True	True	True	both_directions_pass
M004421	M001466	True	True	True	True	both_directions_pass
M004421	M001577	True	True	True	True	both_directions_pass
M004421	M001628	True	True	True	True	both_directions_pass
M004421	M001732	True	True	True	True	both_directions_pass
M004421	M001797	True	True	True	True	both_directions_pass
M004421	M001924	True	True	True	True	both_directions_pass
M004421	M002034	True	True	True	True	both_directions_pass
M004421	M002174	True	True	True	True	both_directions_pass
M004421	M002413	True	True	True	True	both_directions_pass
M004421	M002422	True	True	True	True	both_directions_pass
M004421	M002861	True	True	True	True	both_directions_pass
M004421	M002987	True	True	True	True	both_directions_pass
M004421	M003098	True	True	True	True	both_directions_pass
M004421	M003198	True	True	True	True	both_directions_pass
M004421	M003335	True	True	True	True	both_directions_pass
M004421	M003448	True	True	True	True	both_directions_pass
M004421	M003534	True	True	True	True	both_directions_pass
M004421	M003986	True	True	True	True	both_directions_pass
M004421	M004190	True	True	True	True	both_directions_pass
M004421	M004368	True	True	True	True	both_directions_pass
M004421	M004631	True	True	True	True	both_directions_pass
M004421	M004683	True	True	True	True	both_directions_pass
M004421	M004800	True	True	True	True	both_directions_pass
M004421	M004989	True	True	True	True	both_directions_pass
M004421	M005018	True	True	True	True	both_directions_pass
M004421	M005166	True	True	True	True	both_directions_pass
M004421	M005278	True	True	True	True	both_directions_pass
M004421	M005467	True	True	True	True	both_directions_pass
M004421	M005601	True	True	True	True	both_directions_pass
M004421	M005798	True	True	True	True	both_directions_pass
M004421	M005848	True	True	True	True	both_directions_pass
M004421	M005997	True	True	True	True	both_directions_pass
M004421	M006266	True	True	True	True	both_directions_pass
M004421	M006289	True	True	True	True	both_directions_pass
M004421	M006576	True	True	True	True	both_directions_pass
M004421	M006627	True	True	True	True	both_directions_pass
M004421	M006807	True	True	True	True	both_directions_pass
M004421	M006896	True	True	True	True	both_directions_pass
M004421	M007227	True	True	True	True	both_directions_pass
M004421	M007234	True	True	True	True	both_directions_pass
M004421	M007308	True	True	True	True	both_directions_pass
M004421	M007428	True	True	True	True	both_directions_pass
M004421	M007696	True	True	True	True	both_directions_pass
M004421	M007813	True	True	True	True	both_directions_pass
M004421	M007907	True	True	True	True	both_directions_pass
M004421	M007944	True	True	True	True	both_directions_pass
M004421	M008107	True	True	True	True	both_directions_pass
M004421	M008230	True	True	True	True	both_directions_pass
M004421	M008359	True	True	True	True	both_directions_pass
M004421	M008732	True	True	True	True	both_directions_pass
M004421	M008821	True	True	True	True	both_directions_pass
M004421	M008873	True	True	True	True	both_directions_pass
M004421	M009182	True	True	True	True	both_directions_pass
M004421	M009239	True	True	True	True	both_directions_pass
M004421	M009508	True	True	True	True	both_directions_pass
M004421	M009596	True	True	True	True	both_directions_pass
M004421	M009802	True	True	True	True	both_directions_pass
M004421	M009967	True	True	True	True	both_directions_pass
M004421	M010088	True	True	True	True	both_directions_pass
M004421	M010121	True	True	True	True	both_directions_pass
M004421	M010250	True	True	True	True	both_directions_pass
M004421	M010252	True	True	True	True	both_directions_pass
M004421	M010403	True	True	True	True	both_directions_pass
M004421	M010635	True	True	True	True	both_directions_pass
M004421	M010928	True	True	True	True	both_directions_pass
M004421	M010954	True	True	True	True	both_directions_pass
M004421	M010962	True	True	True	True	both_directions_pass
M004421	M011166	True	True	True	True	both_directions_pass
M004421	M011257	True	True	True	True	both_directions_pass
M004421	M011383	True	True	True	True	both_directions_pass
M004421	M011519	True	True	True	True	both_directions_pass
M004421	M011563	True	True	True	True	both_directions_pass
M004421	M011759	True	True	True	True	both_directions_pass
M004421	M012116	True	True	True	True	both_directions_pass
M004421	M012208	True	True	True	True	both_directions_pass
M004421	M012289	True	True	True	True	both_directions_pass
M004421	M012347	True	True	True	True	both_directions_pass
M004421	M012389	True	True	True	True	both_directions_pass
M004421	M012598	True	True	True	True	both_directions_pass
M004421	M012634	True	True	True	True	both_directions_pass
M004421	M012811	True	True	True	True	both_directions_pass
M004421	M012968	True	True	True	True	both_directions_pass
M004421	M013040	True	True	True	True	both_directions_pass
M004430	M000064	True	True	True	True	both_directions_pass
M004440	M000107	True	True	True	True	both_directions_pass
M004440	M000504	True	True	True	True	both_directions_pass
M004440	M000526	True	True	True	True	both_directions_pass
M004440	M001034	True	True	True	True	both_directions_pass
M004440	M001160	True	True	True	True	both_directions_pass
M004440	M001627	True	True	True	True	both_directions_pass
M004440	M001774	True	True	True	True	both_directions_pass
M004440	M001998	True	True	True	True	both_directions_pass
M004440	M002180	True	True	True	True	both_directions_pass
M004440	M002524	True	True	True	True	both_directions_pass
M004440	M002677	True	True	True	True	both_directions_pass
M004440	M002849	True	True	True	True	both_directions_pass
M004440	M002909	True	True	True	True	both_directions_pass
M004440	M003210	True	True	True	True	both_directions_pass
M004440	M003325	True	True	True	True	both_directions_pass
M004440	M003430	True	True	True	True	both_directions_pass
M004440	M003469	True	True	True	True	both_directions_pass
M004440	M003530	True	True	True	True	both_directions_pass
M004440	M003730	True	True	True	True	both_directions_pass
M004440	M003802	True	True	True	True	both_directions_pass
M004440	M003932	True	True	True	True	both_directions_pass
M004440	M004276	True	True	True	True	both_directions_pass
M004440	M004645	True	True	True	True	both_directions_pass
M004440	M004769	True	True	True	True	both_directions_pass
M004440	M005005	True	True	True	True	both_directions_pass
M004440	M005183	True	True	True	True	both_directions_pass
M004440	M005380	True	True	True	True	both_directions_pass
M004440	M005453	True	True	True	True	both_directions_pass
M004440	M005507	True	True	True	True	both_directions_pass
M004440	M005707	True	True	True	True	both_directions_pass
M004440	M005921	True	True	True	True	both_directions_pass
M004440	M006013	True	True	True	True	both_directions_pass
M004440	M006174	True	True	True	True	both_directions_pass
M004440	M006324	True	True	True	True	both_directions_pass
M004440	M006571	True	True	True	True	both_directions_pass
M004440	M006582	True	True	True	True	both_directions_pass
M004440	M006623	True	True	True	True	both_directions_pass
M004440	M006739	True	True	True	True	both_directions_pass
M004440	M006894	True	True	True	True	both_directions_pass
M004440	M007099	True	True	True	True	both_directions_pass
M004440	M007178	True	True	True	True	both_directions_pass
M004440	M007293	True	True	True	True	both_directions_pass
M004440	M007400	True	True	True	True	both_directions_pass
M004440	M007585	True	True	True	True	both_directions_pass
M004440	M007734	True	True	True	True	both_directions_pass
M004440	M007849	True	True	True	True	both_directions_pass
M004440	M008257	True	True	True	True	both_directions_pass
M004440	M008399	True	True	True	True	both_directions_pass
M004440	M008538	True	True	True	True	both_directions_pass
M004440	M008628	True	True	True	True	both_directions_pass
M004440	M008699	True	True	True	True	both_directions_pass
M004440	M008912	True	True	True	True	both_directions_pass
M004440	M008970	True	True	True	True	both_directions_pass
M004440	M009137	True	True	True	True	both_directions_pass
M004440	M009192	True	True	True	True	both_directions_pass
M004440	M009372	True	True	True	True	both_directions_pass
M004440	M009455	True	True	True	True	both_directions_pass
M004440	M009874	True	True	True	True	both_directions_pass
M004440	M009995	True	True	True	True	both_directions_pass
M004440	M010047	True	True	True	True	both_directions_pass
M004440	M010176	True	True	True	True	both_directions_pass
M004440	M010312	True	True	True	True	both_directions_pass
M004440	M010354	True	True	True	True	both_directions_pass
M004440	M010485	True	True	True	True	both_directions_pass
M004440	M010552	True	True	True	True	both_directions_pass
M004440	M010630	True	True	True	True	both_directions_pass
M004440	M010772	True	True	True	True	both_directions_pass
M004440	M011079	True	True	True	True	both_directions_pass
M004440	M011460	True	True	True	True	both_directions_pass
M004440	M011602	True	True	True	True	both_directions_pass
M004440	M011679	True	True	True	True	both_directions_pass
M004440	M012024	True	True	True	True	both_directions_pass
M004440	M012155	True	True	True	True	both_directions_pass
M004440	M012185	True	True	True	True	both_directions_pass
M004440	M012483	True	True	True	True	both_directions_pass
M004440	M012519	True	True	True	True	both_directions_pass
M004440	M012682	True	True	True	True	both_directions_pass
M004440	M012806	True	True	True	True	both_directions_pass
M004440	M012990	True	True	True	True	both_directions_pass
M004444	M000139	True	True	True	True	both_directions_pass
M004444	M001135	True	True	True	True	both_directions_pass
M004444	M002087	True	True	True	True	both_directions_pass
M004444	M002496	True	True	True	True	both_directions_pass
M004444	M002684	True	True	True	True	both_directions_pass
M004444	M002784	True	True	True	True	both_directions_pass
M004444	M002896	True	True	True	True	both_directions_pass
M004444	M003047	True	True	True	True	both_directions_pass
M004444	M003251	True	True	True	True	both_directions_pass
M004444	M003282	True	True	True	True	both_directions_pass
M004444	M003561	True	True	True	True	both_directions_pass
M004444	M003887	True	True	True	True	both_directions_pass
M004444	M004020	True	True	True	True	both_directions_pass
M004444	M004644	True	True	True	True	both_directions_pass
M004444	M004667	True	True	True	True	both_directions_pass
M004444	M004875	True	True	True	True	both_directions_pass
M004444	M005009	True	True	True	True	both_directions_pass
M004444	M005178	True	True	True	True	both_directions_pass
M004444	M005383	True	True	True	True	both_directions_pass
M004444	M005555	True	True	True	True	both_directions_pass
M004444	M005708	True	True	True	True	both_directions_pass
M004444	M005828	True	True	True	True	both_directions_pass
M004444	M005874	True	True	True	True	both_directions_pass
M004444	M005984	True	True	True	True	both_directions_pass
M004444	M006170	True	True	True	True	both_directions_pass
M004444	M006322	True	True	True	True	both_directions_pass
M004444	M006478	True	True	True	True	both_directions_pass
M004444	M006572	True	True	True	True	both_directions_pass
M004444	M006628	True	True	True	True	both_directions_pass
M004444	M006740	True	True	True	True	both_directions_pass
M004444	M006979	True	True	True	True	both_directions_pass
M004444	M007228	True	True	True	True	both_directions_pass
M004444	M007529	True	True	True	True	both_directions_pass
M004444	M007740	True	True	True	True	both_directions_pass
M004444	M007926	True	True	True	True	both_directions_pass
M004444	M008224	True	True	True	True	both_directions_pass
M004444	M008397	True	True	True	True	both_directions_pass
M004444	M008750	True	True	True	True	both_directions_pass
M004444	M008896	True	True	True	True	both_directions_pass
M004444	M008972	True	True	True	True	both_directions_pass
M004444	M009144	True	True	True	True	both_directions_pass
M004444	M009302	True	True	True	True	both_directions_pass
M004444	M009531	True	True	True	True	both_directions_pass
M004444	M009588	True	True	True	True	both_directions_pass
M004444	M009657	True	True	True	True	both_directions_pass
M004444	M010000	True	True	True	True	both_directions_pass
M004444	M010049	True	True	True	True	both_directions_pass
M004444	M010356	True	True	True	True	both_directions_pass
M004444	M010829	True	True	True	True	both_directions_pass
M004444	M011195	True	True	True	True	both_directions_pass
M004444	M011379	True	True	True	True	both_directions_pass
M004444	M011742	True	True	True	True	both_directions_pass
M004444	M011949	True	True	True	True	both_directions_pass
M004444	M012156	True	True	True	True	both_directions_pass
M004444	M012508	True	True	True	True	both_directions_pass
M004444	M012869	True	True	True	True	both_directions_pass
M004444	M012982	True	True	True	True	both_directions_pass
M004444	M013059	True	True	True	True	both_directions_pass
M004460	M000092	True	True	True	True	both_directions_pass
M004460	M000460	True	True	True	True	both_directions_pass
M004460	M002202	True	True	True	True	both_directions_pass
M004460	M004390	True	True	True	True	both_directions_pass
M004460	M005509	True	True	False	False	neither_direction_passes
M004460	M006168	True	True	True	True	both_directions_pass
M004460	M006257	True	True	True	True	both_directions_pass
M004460	M007084	True	True	True	True	both_directions_pass
M004460	M007501	True	True	True	True	both_directions_pass
M004460	M009067	True	True	True	True	both_directions_pass
M004466	M000163	True	True	True	True	both_directions_pass
M004466	M000316	True	True	True	True	both_directions_pass
M004466	M000537	True	True	True	True	both_directions_pass
M004466	M000686	True	True	True	True	both_directions_pass
M004466	M000944	True	True	True	True	both_directions_pass
M004466	M001022	True	True	True	True	both_directions_pass
M004466	M001107	True	True	True	True	both_directions_pass
M004466	M001590	True	True	True	True	both_directions_pass
M004466	M001670	True	True	True	True	both_directions_pass
M004466	M001782	True	True	True	True	both_directions_pass
M004466	M001950	True	True	True	True	both_directions_pass
M004466	M001984	True	True	True	True	both_directions_pass
M004466	M002204	True	True	True	True	both_directions_pass
M004466	M002264	True	True	True	True	both_directions_pass
M004466	M002374	True	True	True	True	both_directions_pass
M004466	M002474	True	True	True	True	both_directions_pass
M004466	M002619	True	True	True	True	both_directions_pass
M004466	M002746	True	True	True	True	both_directions_pass
M004466	M002903	True	True	True	True	both_directions_pass
M004466	M003018	True	True	True	True	both_directions_pass
M004466	M003077	True	True	True	True	both_directions_pass
M004466	M003146	True	True	True	True	both_directions_pass
M004466	M003295	True	True	True	True	both_directions_pass
M004466	M003453	True	True	True	True	both_directions_pass
M004466	M003490	True	True	True	True	both_directions_pass
M004466	M003572	True	True	True	True	both_directions_pass
M004466	M003741	True	True	True	True	both_directions_pass
M004466	M003861	True	True	True	True	both_directions_pass
M004466	M003979	True	True	True	True	both_directions_pass
M004466	M004209	True	True	True	True	both_directions_pass
M004466	M004293	True	True	True	True	both_directions_pass
M004466	M004635	True	True	True	True	both_directions_pass
M004466	M004705	True	True	True	True	both_directions_pass
M004466	M004799	True	True	True	True	both_directions_pass
M004466	M005003	True	True	True	True	both_directions_pass
M004466	M005030	True	True	True	True	both_directions_pass
M004466	M005239	True	True	True	True	both_directions_pass
M004466	M005262	True	True	True	True	both_directions_pass
M004466	M005479	True	True	True	True	both_directions_pass
M004466	M005536	True	True	True	True	both_directions_pass
M004466	M005659	True	True	True	True	both_directions_pass
M004466	M005724	True	True	True	True	both_directions_pass
M004466	M005830	True	True	True	True	both_directions_pass
M004466	M006025	True	True	True	True	both_directions_pass
M004466	M006169	True	True	True	True	both_directions_pass
M004466	M006332	True	True	True	True	both_directions_pass
M004466	M006363	True	True	True	True	both_directions_pass
M004466	M006431	True	True	True	True	both_directions_pass
M004466	M006601	True	True	True	True	both_directions_pass
M004466	M006801	True	True	True	True	both_directions_pass
M004466	M006955	True	True	True	True	both_directions_pass
M004466	M007145	True	True	True	True	both_directions_pass
M004466	M007211	True	True	True	True	both_directions_pass
M004466	M007336	True	True	True	True	both_directions_pass
M004466	M007519	True	True	True	True	both_directions_pass
M004466	M007610	True	True	True	True	both_directions_pass
M004466	M007783	True	True	True	True	both_directions_pass
M004466	M007811	True	True	True	True	both_directions_pass
M004466	M007957	True	True	True	True	both_directions_pass
M004466	M008000	True	True	True	True	both_directions_pass
M004466	M008168	True	True	True	True	both_directions_pass
M004466	M008322	True	True	True	True	both_directions_pass
M004466	M008494	True	True	True	True	both_directions_pass
M004466	M008743	True	True	True	True	both_directions_pass
M004466	M008848	True	True	True	True	both_directions_pass
M004466	M009165	True	True	True	True	both_directions_pass
M004466	M009249	True	True	True	True	both_directions_pass
M004466	M009382	True	True	True	True	both_directions_pass
M004466	M009652	True	True	True	True	both_directions_pass
M004466	M009776	True	True	True	True	both_directions_pass
M004466	M009910	True	True	True	True	both_directions_pass
M004466	M010001	True	True	True	True	both_directions_pass
M004466	M010235	True	True	True	True	both_directions_pass
M004466	M010265	True	True	True	True	both_directions_pass
M004466	M010280	True	True	True	True	both_directions_pass
M004466	M010339	True	True	True	True	both_directions_pass
M004466	M010436	True	True	True	True	both_directions_pass
M004466	M010571	True	True	True	True	both_directions_pass
M004466	M010701	True	True	True	True	both_directions_pass
M004466	M010732	True	True	True	True	both_directions_pass
M004466	M010830	True	True	True	True	both_directions_pass
M004466	M010987	True	True	True	True	both_directions_pass
M004466	M011119	True	True	True	True	both_directions_pass
M004466	M011247	True	True	True	True	both_directions_pass
M004466	M011273	True	True	True	True	both_directions_pass
M004466	M011413	True	True	True	True	both_directions_pass
M004466	M011508	True	True	True	True	both_directions_pass
M004466	M011575	True	True	True	True	both_directions_pass
M004466	M011758	True	True	True	True	both_directions_pass
M004466	M011991	True	True	True	True	both_directions_pass
M004466	M012102	True	True	True	True	both_directions_pass
M004466	M012284	True	True	True	True	both_directions_pass
M004466	M012455	True	True	True	True	both_directions_pass
M004466	M012515	True	True	True	True	both_directions_pass
M004466	M012714	True	True	True	True	both_directions_pass
M004466	M012865	True	True	True	True	both_directions_pass
M004466	M012928	True	True	True	True	both_directions_pass
M004466	M013123	True	True	True	True	both_directions_pass
M004466	M013174	True	True	True	True	both_directions_pass
M004466	M013934	True	True	True	True	both_directions_pass
M004466	M014479	True	True	True	True	both_directions_pass
M004466	M014662	True	True	True	True	both_directions_pass
M004466	M015392	True	True	True	True	both_directions_pass
M004466	M015558	True	True	True	True	both_directions_pass
M004466	M015784	True	True	True	True	both_directions_pass
M004466	M016344	True	True	True	True	both_directions_pass
M004466	M017897	True	True	True	True	both_directions_pass
M004468	M000174	True	True	True	True	both_directions_pass
M004468	M000197	True	True	True	True	both_directions_pass
M004468	M000548	True	True	False	False	neither_direction_passes
M004468	M001044	True	True	True	True	both_directions_pass
M004468	M001139	True	True	True	True	both_directions_pass
M004468	M001993	True	True	False	False	neither_direction_passes
M004468	M002117	True	True	True	True	both_directions_pass
M004468	M003057	True	True	True	True	both_directions_pass
M004468	M003492	True	True	True	True	both_directions_pass
M004468	M003595	True	True	False	False	neither_direction_passes
M004468	M003705	True	True	True	True	both_directions_pass
M004468	M003840	True	True	False	False	neither_direction_passes
M004468	M003852	True	True	True	True	both_directions_pass
M004468	M004103	True	True	True	True	both_directions_pass
M004468	M004300	True	True	True	True	both_directions_pass
M004468	M004522	True	True	False	False	neither_direction_passes
M004468	M004545	True	True	False	False	neither_direction_passes
M004468	M004666	True	True	True	True	both_directions_pass
M004468	M004780	True	True	True	True	both_directions_pass
M004468	M004960	True	True	False	False	neither_direction_passes
M004468	M005142	True	True	True	True	both_directions_pass
M004468	M005331	True	True	True	True	both_directions_pass
M004468	M005590	True	True	True	True	both_directions_pass
M004468	M005660	True	True	True	True	both_directions_pass
M004468	M005793	True	True	True	True	both_directions_pass
M004468	M006116	True	True	True	True	both_directions_pass
M004468	M006243	True	True	True	True	both_directions_pass
M004468	M007168	True	True	True	True	both_directions_pass
M004468	M007204	True	True	True	True	both_directions_pass
M004468	M007438	True	True	True	True	both_directions_pass
M004468	M008054	True	True	False	False	neither_direction_passes
M004468	M008186	True	True	False	False	neither_direction_passes
M004468	M008674	True	True	False	False	neither_direction_passes
M004468	M008898	True	True	True	True	both_directions_pass
M004468	M008927	True	True	True	True	both_directions_pass
M004468	M008952	True	True	True	True	both_directions_pass
M004468	M009103	True	True	True	True	both_directions_pass
M004468	M009468	True	True	True	True	both_directions_pass
M004468	M009617	True	True	False	False	neither_direction_passes
M004468	M010100	True	True	True	True	both_directions_pass
M004468	M010326	True	True	True	True	both_directions_pass
M004468	M010380	True	True	True	True	both_directions_pass
M004468	M010536	True	True	True	True	both_directions_pass
M004468	M010795	True	True	True	True	both_directions_pass
M004468	M010856	True	True	True	True	both_directions_pass
M004468	M011349	True	True	True	True	both_directions_pass
M004468	M012131	True	True	True	True	both_directions_pass
M004468	M012231	True	True	True	True	both_directions_pass
M004468	M012547	True	True	True	True	both_directions_pass
M004468	M012552	True	True	True	True	both_directions_pass
M004468	M012962	True	True	True	True	both_directions_pass
M004468	M012998	True	True	True	True	both_directions_pass
M004512	M006797	True	True	True	True	both_directions_pass
M004512	M010582	True	True	True	True	both_directions_pass
M004518	M000004	True	True	True	True	both_directions_pass
M004518	M000134	True	True	True	True	both_directions_pass
M004518	M000246	True	True	True	True	both_directions_pass
M004518	M000574	True	True	True	True	both_directions_pass
M004518	M000715	True	True	True	True	both_directions_pass
M004518	M001153	True	True	True	True	both_directions_pass
M004518	M001446	True	True	True	True	both_directions_pass
M004518	M002036	True	True	True	True	both_directions_pass
M004518	M002177	True	True	True	True	both_directions_pass
M004518	M002451	True	True	True	True	both_directions_pass
M004518	M002650	True	True	True	True	both_directions_pass
M004518	M002751	True	True	True	True	both_directions_pass
M004518	M002912	True	True	True	True	both_directions_pass
M004518	M003050	True	True	True	True	both_directions_pass
M004518	M003214	True	True	True	True	both_directions_pass
M004518	M003357	True	True	True	True	both_directions_pass
M004518	M003449	True	True	True	True	both_directions_pass
M004518	M003585	True	True	True	True	both_directions_pass
M004518	M003678	True	True	True	True	both_directions_pass
M004518	M003860	True	True	True	True	both_directions_pass
M004518	M004019	True	True	True	True	both_directions_pass
M004518	M004540	True	True	True	True	both_directions_pass
M004518	M004848	True	True	True	True	both_directions_pass
M004518	M004952	True	True	True	True	both_directions_pass
M004518	M005159	True	True	True	True	both_directions_pass
M004518	M005280	True	True	True	True	both_directions_pass
M004518	M005418	True	True	True	True	both_directions_pass
M004518	M005553	True	True	True	True	both_directions_pass
M004518	M005640	True	True	True	True	both_directions_pass
M004518	M005734	True	True	True	True	both_directions_pass
M004518	M005805	True	True	True	True	both_directions_pass
M004518	M005932	True	True	True	True	both_directions_pass
M004518	M006150	True	True	True	True	both_directions_pass
M004518	M006347	True	True	True	True	both_directions_pass
M004518	M006484	True	True	True	True	both_directions_pass
M004518	M006544	True	True	True	True	both_directions_pass
M004518	M006612	True	True	True	True	both_directions_pass
M004518	M006755	True	True	True	True	both_directions_pass
M004518	M006867	True	True	True	True	both_directions_pass
M004518	M007096	True	True	True	True	both_directions_pass
M004518	M007172	True	True	True	True	both_directions_pass
M004518	M007431	True	True	True	True	both_directions_pass
M004518	M007479	True	True	True	True	both_directions_pass
M004518	M007577	True	True	True	True	both_directions_pass
M004518	M007735	True	True	True	True	both_directions_pass
M004518	M007855	True	True	True	True	both_directions_pass
M004518	M008041	True	True	True	True	both_directions_pass
M004518	M008256	True	True	True	True	both_directions_pass
M004518	M008307	True	True	True	True	both_directions_pass
M004518	M008598	True	True	True	True	both_directions_pass
M004518	M008631	True	True	True	True	both_directions_pass
M004518	M008740	True	True	True	True	both_directions_pass
M004518	M008829	True	True	True	True	both_directions_pass
M004518	M008946	True	True	True	True	both_directions_pass
M004518	M009168	True	True	True	True	both_directions_pass
M004518	M009228	True	True	True	True	both_directions_pass
M004518	M009303	True	True	True	True	both_directions_pass
M004518	M009573	True	True	True	True	both_directions_pass
M004518	M009602	True	True	True	True	both_directions_pass
M004518	M009800	True	True	True	True	both_directions_pass
M004518	M009947	True	True	True	True	both_directions_pass
M004518	M010058	True	True	True	True	both_directions_pass
M004518	M010138	True	True	True	True	both_directions_pass
M004518	M010464	True	True	True	True	both_directions_pass
M004518	M010800	True	True	True	True	both_directions_pass
M004518	M010820	True	True	True	True	both_directions_pass
M004518	M011051	True	True	True	True	both_directions_pass
M004518	M011095	True	True	True	True	both_directions_pass
M004518	M011214	True	True	True	True	both_directions_pass
M004518	M011323	True	True	True	True	both_directions_pass
M004518	M011392	True	True	True	True	both_directions_pass
M004518	M011576	True	True	True	True	both_directions_pass
M004518	M011655	True	True	True	True	both_directions_pass
M004518	M012036	True	True	True	True	both_directions_pass
M004518	M012144	True	True	True	True	both_directions_pass
M004518	M012191	True	True	True	True	both_directions_pass
M004518	M012272	True	True	True	True	both_directions_pass
M004518	M012467	True	True	True	True	both_directions_pass
M004518	M012593	True	True	True	True	both_directions_pass
M004518	M012635	True	True	True	True	both_directions_pass
M004518	M012780	True	True	True	True	both_directions_pass
M004518	M012901	True	True	True	True	both_directions_pass
M004518	M013006	True	True	True	True	both_directions_pass
M004518	M013117	True	True	True	True	both_directions_pass
M004518	M013139	True	True	True	True	both_directions_pass
M004521	M000177	True	True	True	True	both_directions_pass
M004521	M000232	True	True	True	True	both_directions_pass
M004521	M000423	True	True	True	True	both_directions_pass
M004521	M000632	True	True	True	True	both_directions_pass
M004521	M000684	True	True	True	True	both_directions_pass
M004521	M001091	True	True	True	True	both_directions_pass
M004521	M001175	True	True	True	True	both_directions_pass
M004521	M001298	True	True	True	True	both_directions_pass
M004521	M001438	True	True	True	True	both_directions_pass
M004521	M001588	True	True	True	True	both_directions_pass
M004521	M001701	True	True	True	True	both_directions_pass
M004521	M001903	True	True	True	True	both_directions_pass
M004521	M002072	True	True	True	True	both_directions_pass
M004521	M002111	True	True	True	True	both_directions_pass
M004521	M002211	True	True	True	True	both_directions_pass
M004521	M002223	True	True	True	True	both_directions_pass
M004521	M002470	True	True	True	True	both_directions_pass
M004521	M002549	True	True	True	True	both_directions_pass
M004521	M002682	True	True	True	True	both_directions_pass
M004521	M002906	True	True	True	True	both_directions_pass
M004521	M002967	True	True	True	True	both_directions_pass
M004521	M003111	True	True	True	True	both_directions_pass
M004521	M003203	True	True	True	True	both_directions_pass
M004521	M003265	True	True	True	True	both_directions_pass
M004521	M003419	True	True	True	True	both_directions_pass
M004521	M003536	True	True	True	True	both_directions_pass
M004521	M003683	True	True	True	True	both_directions_pass
M004521	M003864	True	True	True	True	both_directions_pass
M004521	M003974	True	True	True	True	both_directions_pass
M004521	M004088	True	True	True	True	both_directions_pass
M004521	M004234	True	True	True	True	both_directions_pass
M004521	M004315	True	True	True	True	both_directions_pass
M004521	M004579	True	True	True	True	both_directions_pass
M004521	M004711	True	True	True	True	both_directions_pass
M004521	M004773	True	True	True	True	both_directions_pass
M004521	M004893	True	True	True	True	both_directions_pass
M004521	M005056	True	True	True	True	both_directions_pass
M004521	M005228	True	True	True	True	both_directions_pass
M004521	M005322	True	True	True	True	both_directions_pass
M004521	M005471	True	True	True	True	both_directions_pass
M004521	M005589	True	True	True	True	both_directions_pass
M004521	M005674	True	True	True	True	both_directions_pass
M004521	M005909	True	True	True	True	both_directions_pass
M004521	M006055	True	True	True	True	both_directions_pass
M004521	M006256	True	True	True	True	both_directions_pass
M004521	M006450	True	True	True	True	both_directions_pass
M004521	M006462	True	True	True	True	both_directions_pass
M004521	M006655	True	True	True	True	both_directions_pass
M004521	M006746	True	True	True	True	both_directions_pass
M004521	M006948	True	True	True	True	both_directions_pass
M004521	M007117	True	True	True	True	both_directions_pass
M004521	M007415	True	True	True	True	both_directions_pass
M004521	M007590	True	True	True	True	both_directions_pass
M004521	M007732	True	True	True	True	both_directions_pass
M004521	M007878	True	True	True	True	both_directions_pass
M004521	M007965	True	True	True	True	both_directions_pass
M004521	M008088	True	True	True	True	both_directions_pass
M004521	M008245	True	True	True	True	both_directions_pass
M004521	M008300	True	True	True	True	both_directions_pass
M004521	M008535	True	True	True	True	both_directions_pass
M004521	M008642	True	True	True	True	both_directions_pass
M004521	M008697	True	True	True	True	both_directions_pass
M004521	M008875	True	True	True	True	both_directions_pass
M004521	M008947	True	True	True	True	both_directions_pass
M004521	M009091	True	True	True	True	both_directions_pass
M004521	M009326	True	True	True	True	both_directions_pass
M004521	M009577	True	True	True	True	both_directions_pass
M004521	M009627	True	True	True	True	both_directions_pass
M004521	M009683	True	True	True	True	both_directions_pass
M004521	M009755	True	True	True	True	both_directions_pass
M004521	M009819	True	True	True	True	both_directions_pass
M004521	M009933	True	True	True	True	both_directions_pass
M004521	M010045	True	True	True	True	both_directions_pass
M004521	M010212	True	True	True	True	both_directions_pass
M004521	M010342	True	True	True	True	both_directions_pass
M004521	M010376	True	True	True	True	both_directions_pass
M004521	M010616	True	True	True	True	both_directions_pass
M004521	M010721	True	True	True	True	both_directions_pass
M004521	M010929	True	True	True	True	both_directions_pass
M004521	M010981	True	True	True	True	both_directions_pass
M004521	M011113	True	True	True	True	both_directions_pass
M004521	M011222	True	True	True	True	both_directions_pass
M004521	M011286	True	True	True	True	both_directions_pass
M004521	M011424	True	True	True	True	both_directions_pass
M004521	M011609	True	True	True	True	both_directions_pass
M004521	M011661	True	True	True	True	both_directions_pass
M004521	M012005	True	True	True	True	both_directions_pass
M004521	M012182	True	True	True	True	both_directions_pass
M004521	M012244	True	True	True	True	both_directions_pass
M004521	M012400	True	True	True	True	both_directions_pass
M004521	M012572	True	True	True	True	both_directions_pass
M004521	M012764	True	True	True	True	both_directions_pass
M004521	M012911	True	True	True	True	both_directions_pass
M004521	M012987	True	True	True	True	both_directions_pass
M004521	M013073	True	True	True	True	both_directions_pass
M004521	M013140	True	True	True	True	both_directions_pass
M004521	M014492	True	True	True	True	both_directions_pass
M004521	M016418	True	True	True	True	both_directions_pass
M004521	M017409	True	True	True	True	both_directions_pass
M004521	M017506	True	True	True	True	both_directions_pass
M004521	M018027	True	True	True	True	both_directions_pass
M004532	M000617	True	True	True	True	both_directions_pass
M004532	M001202	True	True	True	True	both_directions_pass
M004532	M001497	True	True	True	True	both_directions_pass
M004532	M002088	True	True	True	True	both_directions_pass
M004532	M003700	True	True	True	True	both_directions_pass
M004532	M003992	True	True	True	True	both_directions_pass
M004532	M004279	True	True	False	False	neither_direction_passes
M004532	M004411	True	True	True	True	both_directions_pass
M004532	M004930	True	True	True	True	both_directions_pass
M004532	M005237	True	True	True	True	both_directions_pass
M004532	M005353	True	True	True	True	both_directions_pass
M004532	M005415	True	True	True	True	both_directions_pass
M004532	M006155	True	True	True	True	both_directions_pass
M004532	M006192	True	True	True	True	both_directions_pass
M004532	M010711	True	True	False	False	neither_direction_passes
M004532	M012225	True	True	False	False	neither_direction_passes
M004536	M004331	True	True	True	True	both_directions_pass
M004536	M004950	True	True	True	True	both_directions_pass
M004536	M006149	True	True	True	True	both_directions_pass
M004536	M006221	True	True	True	True	both_directions_pass
M004536	M007106	True	True	True	True	both_directions_pass
M004537	M004949	True	True	True	True	both_directions_pass
M004537	M006131	True	True	True	True	both_directions_pass
M004537	M007175	True	True	True	True	both_directions_pass
M004537	M009087	True	True	True	True	both_directions_pass
M004578	M004892	True	True	True	True	both_directions_pass
M004598	M015851	True	True	True	True	both_directions_pass
M004598	M016188	True	True	True	True	both_directions_pass
M004605	M000397	True	True	True	True	both_directions_pass
M004605	M002547	True	True	True	True	both_directions_pass
M004605	M003935	True	True	True	True	both_directions_pass
M004605	M004690	True	True	True	True	both_directions_pass
M004605	M005369	True	True	True	True	both_directions_pass
M004605	M005686	True	True	True	True	both_directions_pass
M004605	M005751	True	True	True	True	both_directions_pass
M004605	M005917	True	True	True	True	both_directions_pass
M004605	M005945	True	True	True	True	both_directions_pass
M004605	M010483	True	True	True	True	both_directions_pass
M004605	M010650	True	True	True	True	both_directions_pass
M004605	M017377	True	True	True	True	both_directions_pass
M004606	M004894	True	True	True	True	both_directions_pass
M004606	M006321	True	True	True	True	both_directions_pass
M004664	M014083	True	True	True	True	both_directions_pass
M004664	M015294	True	True	False	False	neither_direction_passes
M004664	M015979	True	True	True	True	both_directions_pass
M004691	M004361	True	True	True	True	both_directions_pass
M004691	M007071	True	True	True	True	both_directions_pass
M004744	M000749	True	True	True	True	both_directions_pass
M004744	M000977	True	True	True	True	both_directions_pass
M004744	M001106	True	True	True	True	both_directions_pass
M004744	M001201	True	True	True	True	both_directions_pass
M004744	M001741	True	True	True	True	both_directions_pass
M004744	M003342	True	True	True	True	both_directions_pass
M004744	M004285	True	True	True	True	both_directions_pass
M004744	M004555	True	True	True	True	both_directions_pass
M004744	M004972	True	True	True	True	both_directions_pass
M004744	M005377	True	True	True	True	both_directions_pass
M004744	M005437	True	True	True	True	both_directions_pass
M004744	M006002	True	True	True	True	both_directions_pass
M004744	M006444	True	True	True	True	both_directions_pass
M004744	M007107	True	True	True	True	both_directions_pass
M004744	M007447	True	True	True	True	both_directions_pass
M004744	M007857	True	True	True	True	both_directions_pass
M004744	M008133	True	True	True	True	both_directions_pass
M004744	M008547	True	True	True	True	both_directions_pass
M004744	M008906	True	True	True	True	both_directions_pass
M004744	M010256	True	True	True	True	both_directions_pass
M004744	M011937	True	True	True	True	both_directions_pass
M004744	M012731	True	True	True	True	both_directions_pass
M004866	M005446	True	True	True	True	both_directions_pass
M004881	M004312	True	True	True	True	both_directions_pass
M004881	M005146	True	True	True	True	both_directions_pass
M004881	M005484	True	True	True	True	both_directions_pass
M004881	M006312	True	True	True	True	both_directions_pass
M004881	M007057	True	True	True	True	both_directions_pass
M004881	M007425	True	True	True	True	both_directions_pass
M004881	M009082	True	True	True	True	both_directions_pass
M004924	M004819	True	True	True	True	both_directions_pass
M004924	M012531	True	True	True	True	both_directions_pass
M005017	M000187	True	True	True	True	both_directions_pass
M005021	M004821	True	True	True	True	both_directions_pass
M005047	M000974	True	True	True	True	both_directions_pass
M005047	M002311	True	True	True	True	both_directions_pass
M005047	M002388	True	True	True	True	both_directions_pass
M005047	M011918	True	True	False	False	neither_direction_passes
M005048	M000010	True	True	True	True	both_directions_pass
M005048	M000141	True	True	True	True	both_directions_pass
M005048	M000446	True	True	True	True	both_directions_pass
M005048	M000480	True	True	True	True	both_directions_pass
M005048	M000750	True	True	True	True	both_directions_pass
M005048	M000853	True	True	True	True	both_directions_pass
M005048	M000991	True	True	True	True	both_directions_pass
M005048	M001051	True	True	True	True	both_directions_pass
M005048	M001185	True	True	True	True	both_directions_pass
M005048	M001304	True	True	True	True	both_directions_pass
M005048	M001452	True	True	True	True	both_directions_pass
M005048	M001547	True	True	True	True	both_directions_pass
M005048	M001926	True	True	True	True	both_directions_pass
M005048	M002061	True	True	True	True	both_directions_pass
M005048	M002203	True	True	True	True	both_directions_pass
M005048	M002240	True	True	True	True	both_directions_pass
M005048	M002351	True	True	True	True	both_directions_pass
M005048	M002520	True	True	True	True	both_directions_pass
M005048	M002675	True	True	True	True	both_directions_pass
M005048	M002825	True	True	True	True	both_directions_pass
M005048	M002963	True	True	True	True	both_directions_pass
M005048	M003156	True	True	True	True	both_directions_pass
M005048	M003296	True	True	True	True	both_directions_pass
M005048	M003382	True	True	True	True	both_directions_pass
M005048	M003429	True	True	True	True	both_directions_pass
M005048	M003553	True	True	True	True	both_directions_pass
M005048	M003673	True	True	True	True	both_directions_pass
M005048	M003784	True	True	True	True	both_directions_pass
M005048	M003996	True	True	True	True	both_directions_pass
M005048	M004156	True	True	True	True	both_directions_pass
M005048	M004326	True	True	True	True	both_directions_pass
M005048	M004413	True	True	True	True	both_directions_pass
M005048	M004623	True	True	True	True	both_directions_pass
M005048	M004658	True	True	True	True	both_directions_pass
M005048	M004859	True	True	True	True	both_directions_pass
M005048	M004919	True	True	True	True	both_directions_pass
M005048	M005223	True	True	True	True	both_directions_pass
M005048	M005327	True	True	True	True	both_directions_pass
M005048	M005408	True	True	True	True	both_directions_pass
M005048	M005524	True	True	True	True	both_directions_pass
M005048	M005669	True	True	True	True	both_directions_pass
M005048	M005838	True	True	True	True	both_directions_pass
M005048	M006074	True	True	True	True	both_directions_pass
M005048	M006244	True	True	True	True	both_directions_pass
M005048	M006313	True	True	True	True	both_directions_pass
M005048	M006420	True	True	True	True	both_directions_pass
M005048	M006429	True	True	True	True	both_directions_pass
M005048	M006645	True	True	True	True	both_directions_pass
M005048	M006792	True	True	True	True	both_directions_pass
M005048	M006986	True	True	True	True	both_directions_pass
M005048	M007179	True	True	True	True	both_directions_pass
M005048	M007220	True	True	True	True	both_directions_pass
M005048	M007299	True	True	True	True	both_directions_pass
M005048	M007458	True	True	True	True	both_directions_pass
M005048	M007605	True	True	True	True	both_directions_pass
M005048	M007719	True	True	True	True	both_directions_pass
M005048	M007987	True	True	True	True	both_directions_pass
M005048	M008034	True	True	True	True	both_directions_pass
M005048	M008119	True	True	True	True	both_directions_pass
M005048	M008231	True	True	True	True	both_directions_pass
M005048	M008478	True	True	True	True	both_directions_pass
M005048	M008559	True	True	True	True	both_directions_pass
M005048	M008737	True	True	True	True	both_directions_pass
M005048	M008915	True	True	True	True	both_directions_pass
M005048	M009042	True	True	True	True	both_directions_pass
M005048	M009047	True	True	True	True	both_directions_pass
M005048	M009106	True	True	True	True	both_directions_pass
M005048	M009267	True	True	True	True	both_directions_pass
M005048	M009395	True	True	True	True	both_directions_pass
M005048	M009491	True	True	True	True	both_directions_pass
M005048	M009545	True	True	True	True	both_directions_pass
M005048	M009705	True	True	True	True	both_directions_pass
M005048	M009756	True	True	True	True	both_directions_pass
M005048	M009810	True	True	True	True	both_directions_pass
M005048	M009942	True	True	True	True	both_directions_pass
M005048	M010002	True	True	True	True	both_directions_pass
M005048	M010221	True	True	True	True	both_directions_pass
M005048	M010293	True	True	True	True	both_directions_pass
M005048	M010334	True	True	True	True	both_directions_pass
M005048	M010450	True	True	True	True	both_directions_pass
M005048	M010565	True	True	True	True	both_directions_pass
M005048	M010717	True	True	True	True	both_directions_pass
M005048	M010869	True	True	True	True	both_directions_pass
M005048	M011024	True	True	True	True	both_directions_pass
M005048	M011084	True	True	True	True	both_directions_pass
M005048	M011278	True	True	True	True	both_directions_pass
M005048	M011327	True	True	True	True	both_directions_pass
M005048	M011356	True	True	True	True	both_directions_pass
M005048	M011674	True	True	True	True	both_directions_pass
M005048	M011899	True	True	True	True	both_directions_pass
M005048	M012257	True	True	True	True	both_directions_pass
M005048	M012484	True	True	True	True	both_directions_pass
M005048	M012549	True	True	True	True	both_directions_pass
M005048	M012610	True	True	True	True	both_directions_pass
M005048	M012646	True	True	True	True	both_directions_pass
M005048	M012665	True	True	True	True	both_directions_pass
M005048	M012727	True	True	True	True	both_directions_pass
M005048	M012862	True	True	True	True	both_directions_pass
M005048	M012991	True	True	True	True	both_directions_pass
M005048	M013100	True	True	True	True	both_directions_pass
M005048	M013218	True	True	True	True	both_directions_pass
M005048	M013244	True	True	True	True	both_directions_pass
M005048	M013246	True	True	True	True	both_directions_pass
M005048	M013336	True	True	True	True	both_directions_pass
M005048	M013371	True	True	True	True	both_directions_pass
M005048	M013442	True	True	True	True	both_directions_pass
M005048	M013534	True	True	True	True	both_directions_pass
M005048	M013541	True	True	True	True	both_directions_pass
M005048	M013553	True	True	True	True	both_directions_pass
M005048	M013577	True	True	True	True	both_directions_pass
M005048	M013603	True	True	True	True	both_directions_pass
M005048	M013625	True	True	True	True	both_directions_pass
M005048	M013632	True	True	True	True	both_directions_pass
M005048	M013703	True	True	True	True	both_directions_pass
M005048	M013754	True	True	True	True	both_directions_pass
M005048	M013757	True	True	True	True	both_directions_pass
M005048	M013962	True	True	True	True	both_directions_pass
M005048	M014028	True	True	True	True	both_directions_pass
M005048	M014047	True	True	True	True	both_directions_pass
M005048	M014048	True	True	True	True	both_directions_pass
M005048	M014095	True	True	True	True	both_directions_pass
M005048	M014215	True	True	True	True	both_directions_pass
M005048	M014223	True	True	True	True	both_directions_pass
M005048	M014305	True	True	True	True	both_directions_pass
M005048	M014512	True	True	True	True	both_directions_pass
M005048	M014519	True	True	True	True	both_directions_pass
M005048	M014533	True	True	True	True	both_directions_pass
M005048	M014568	True	True	True	True	both_directions_pass
M005048	M014573	True	True	True	True	both_directions_pass
M005048	M014576	True	True	True	True	both_directions_pass
M005048	M014704	True	True	True	True	both_directions_pass
M005048	M014737	True	True	True	True	both_directions_pass
M005048	M014855	True	True	True	True	both_directions_pass
M005048	M014893	True	True	True	True	both_directions_pass
M005048	M014994	True	True	True	True	both_directions_pass
M005048	M015081	True	True	True	True	both_directions_pass
M005048	M015104	True	True	True	True	both_directions_pass
M005048	M015233	True	True	True	True	both_directions_pass
M005048	M015292	True	True	True	True	both_directions_pass
M005048	M015299	True	True	False	False	neither_direction_passes
M005048	M015346	True	True	True	True	both_directions_pass
M005048	M015441	True	True	True	True	both_directions_pass
M005048	M015448	True	True	True	True	both_directions_pass
M005048	M015535	True	True	True	True	both_directions_pass
M005048	M015556	True	True	True	True	both_directions_pass
M005048	M015561	True	True	True	True	both_directions_pass
M005048	M015605	True	True	True	True	both_directions_pass
M005048	M015617	True	True	True	True	both_directions_pass
M005048	M015646	True	True	True	True	both_directions_pass
M005048	M015707	True	True	False	False	neither_direction_passes
M005048	M015743	True	True	False	False	neither_direction_passes
M005048	M015758	True	True	True	True	both_directions_pass
M005048	M015789	True	True	True	True	both_directions_pass
M005048	M015817	True	True	True	True	both_directions_pass
M005048	M015831	True	True	True	True	both_directions_pass
M005048	M015849	True	True	True	True	both_directions_pass
M005048	M015907	True	True	True	True	both_directions_pass
M005048	M015940	True	True	True	True	both_directions_pass
M005048	M016059	True	True	True	True	both_directions_pass
M005048	M016085	True	True	True	True	both_directions_pass
M005048	M016224	True	True	True	True	both_directions_pass
M005048	M016239	True	True	True	True	both_directions_pass
M005048	M016357	True	True	True	True	both_directions_pass
M005048	M016367	True	True	True	True	both_directions_pass
M005048	M016411	True	True	True	True	both_directions_pass
M005048	M016438	True	True	True	True	both_directions_pass
M005048	M016458	True	True	True	True	both_directions_pass
M005048	M016484	True	True	True	True	both_directions_pass
M005048	M016489	True	True	True	True	both_directions_pass
M005048	M016538	True	True	True	True	both_directions_pass
M005048	M016624	True	True	True	True	both_directions_pass
M005048	M016687	True	True	True	True	both_directions_pass
M005048	M016705	True	True	True	True	both_directions_pass
M005048	M016735	True	True	True	True	both_directions_pass
M005048	M016749	True	True	True	True	both_directions_pass
M005048	M016800	True	True	True	True	both_directions_pass
M005048	M016899	True	True	False	False	neither_direction_passes
M005048	M016924	True	True	True	True	both_directions_pass
M005048	M016965	True	True	True	True	both_directions_pass
M005048	M017144	True	True	True	True	both_directions_pass
M005048	M017164	True	True	True	True	both_directions_pass
M005048	M017190	True	True	True	True	both_directions_pass
M005048	M017211	True	True	True	True	both_directions_pass
M005048	M017287	True	True	True	True	both_directions_pass
M005048	M017346	True	True	True	True	both_directions_pass
M005048	M017414	True	True	True	True	both_directions_pass
M005048	M017465	True	True	False	False	neither_direction_passes
M005048	M017491	True	True	True	True	both_directions_pass
M005048	M017492	True	True	True	True	both_directions_pass
M005048	M017625	True	True	True	True	both_directions_pass
M005048	M017656	True	True	True	True	both_directions_pass
M005048	M017800	True	True	True	True	both_directions_pass
M005048	M017962	True	True	True	True	both_directions_pass
M005048	M018040	True	True	True	True	both_directions_pass
M005048	M018042	True	True	True	True	both_directions_pass
M005048	M018062	True	True	True	True	both_directions_pass
M005048	M018087	True	True	True	True	both_directions_pass
M005048	M018099	True	True	True	True	both_directions_pass
M005048	M018127	True	True	True	True	both_directions_pass
M005048	M018156	True	True	True	True	both_directions_pass
M005048	M018172	True	True	True	True	both_directions_pass
M005048	M018179	True	True	True	True	both_directions_pass
M005048	M018229	True	True	True	True	both_directions_pass
M005084	M000087	True	True	True	True	both_directions_pass
M005084	M000627	True	True	True	True	both_directions_pass
M005084	M000800	True	True	True	True	both_directions_pass
M005084	M001164	True	True	True	True	both_directions_pass
M005084	M001391	True	True	True	True	both_directions_pass
M005084	M001635	True	True	True	True	both_directions_pass
M005084	M001889	True	True	True	True	both_directions_pass
M005084	M002402	True	True	True	True	both_directions_pass
M005084	M002893	True	True	True	True	both_directions_pass
M005084	M003451	True	True	True	True	both_directions_pass
M005084	M004032	True	True	True	True	both_directions_pass
M005084	M004066	True	True	True	True	both_directions_pass
M005084	M005643	True	True	True	True	both_directions_pass
M005084	M006671	True	True	True	True	both_directions_pass
M005084	M007018	True	True	True	True	both_directions_pass
M005084	M007922	True	True	True	True	both_directions_pass
M005084	M010469	True	True	True	True	both_directions_pass
M005084	M010551	True	True	True	True	both_directions_pass
M005084	M011772	True	True	True	True	both_directions_pass
M005084	M013453	True	True	True	True	both_directions_pass
M005261	M002583	True	True	True	True	both_directions_pass
M005261	M016757	True	True	False	False	neither_direction_passes
M005284	M000315	True	True	True	True	both_directions_pass
M005284	M000644	True	True	True	True	both_directions_pass
M005284	M001326	True	True	True	True	both_directions_pass
M005284	M001730	True	True	True	True	both_directions_pass
M005284	M002086	True	True	True	True	both_directions_pass
M005284	M002645	True	True	True	True	both_directions_pass
M005284	M003048	True	True	True	True	both_directions_pass
M005284	M003560	True	True	True	True	both_directions_pass
M005284	M003646	True	True	True	True	both_directions_pass
M005284	M003696	True	True	True	True	both_directions_pass
M005284	M004016	True	True	True	True	both_directions_pass
M005284	M004129	True	True	True	True	both_directions_pass
M005284	M004302	True	True	True	True	both_directions_pass
M005284	M004431	True	True	True	True	both_directions_pass
M005284	M004584	True	True	True	True	both_directions_pass
M005284	M004647	True	True	True	True	both_directions_pass
M005284	M004885	True	True	True	True	both_directions_pass
M005284	M004909	True	True	True	True	both_directions_pass
M005284	M005473	True	True	True	True	both_directions_pass
M005284	M005758	True	True	True	True	both_directions_pass
M005284	M006010	True	True	True	True	both_directions_pass
M005284	M006156	True	True	True	True	both_directions_pass
M005284	M006342	True	True	True	True	both_directions_pass
M005284	M006489	True	True	True	True	both_directions_pass
M005284	M006984	True	True	True	True	both_directions_pass
M005284	M007051	True	True	True	True	both_directions_pass
M005284	M007245	True	True	True	True	both_directions_pass
M005284	M008084	True	True	True	True	both_directions_pass
M005284	M008395	True	True	True	True	both_directions_pass
M005284	M009147	True	True	True	True	both_directions_pass
M005284	M009213	True	True	True	True	both_directions_pass
M005284	M009667	True	True	True	True	both_directions_pass
M005284	M009717	True	True	True	True	both_directions_pass
M005284	M009908	True	True	True	True	both_directions_pass
M005284	M010229	True	True	True	True	both_directions_pass
M005284	M010336	True	True	True	True	both_directions_pass
M005284	M010409	True	True	True	True	both_directions_pass
M005284	M010481	True	True	True	True	both_directions_pass
M005284	M010735	True	True	True	True	both_directions_pass
M005284	M011072	True	True	True	True	both_directions_pass
M005284	M011785	True	True	True	True	both_directions_pass
M005284	M012106	True	True	True	True	both_directions_pass
M005284	M014791	True	True	True	True	both_directions_pass
M005316	M002961	True	True	True	True	both_directions_pass
M005316	M004533	True	True	True	True	both_directions_pass
M005316	M006210	True	True	True	True	both_directions_pass
M005316	M007053	True	True	True	True	both_directions_pass
M005316	M007615	True	True	True	True	both_directions_pass
M005324	M000138	True	True	True	True	both_directions_pass
M005324	M000291	True	True	True	True	both_directions_pass
M005324	M000326	True	True	True	True	both_directions_pass
M005324	M000660	True	True	True	True	both_directions_pass
M005324	M000972	True	True	False	False	neither_direction_passes
M005324	M001195	True	True	True	True	both_directions_pass
M005324	M001531	True	True	True	True	both_directions_pass
M005324	M001931	True	True	True	True	both_directions_pass
M005324	M002009	True	True	True	True	both_directions_pass
M005324	M002339	True	True	True	True	both_directions_pass
M005324	M002523	True	True	True	True	both_directions_pass
M005324	M002711	True	True	True	True	both_directions_pass
M005324	M002836	True	True	True	True	both_directions_pass
M005324	M002883	True	True	True	True	both_directions_pass
M005324	M003091	True	True	True	True	both_directions_pass
M005324	M003160	True	True	True	True	both_directions_pass
M005324	M003371	True	True	True	True	both_directions_pass
M005324	M003783	True	True	True	True	both_directions_pass
M005324	M004223	True	True	True	True	both_directions_pass
M005324	M004304	True	True	True	True	both_directions_pass
M005324	M004445	True	True	True	True	both_directions_pass
M005324	M004642	True	True	True	True	both_directions_pass
M005324	M004646	True	True	True	True	both_directions_pass
M005324	M004831	True	True	True	True	both_directions_pass
M005324	M004928	True	True	True	True	both_directions_pass
M005324	M005033	True	True	True	True	both_directions_pass
M005324	M005244	True	True	True	True	both_directions_pass
M005324	M005429	True	True	True	True	both_directions_pass
M005324	M005585	True	True	True	True	both_directions_pass
M005324	M005831	True	True	True	True	both_directions_pass
M005324	M005853	True	True	True	True	both_directions_pass
M005324	M006103	True	True	True	True	both_directions_pass
M005324	M006223	True	True	True	True	both_directions_pass
M005324	M006287	True	True	True	True	both_directions_pass
M005324	M006643	True	True	True	True	both_directions_pass
M005324	M006936	True	True	True	True	both_directions_pass
M005324	M007008	True	True	True	True	both_directions_pass
M005324	M007141	True	True	True	True	both_directions_pass
M005324	M007232	True	True	True	True	both_directions_pass
M005324	M007325	True	True	True	True	both_directions_pass
M005324	M007381	True	True	True	True	both_directions_pass
M005324	M007602	True	True	False	False	neither_direction_passes
M005324	M008165	True	True	True	True	both_directions_pass
M005324	M008512	True	True	True	True	both_directions_pass
M005324	M008615	True	True	True	True	both_directions_pass
M005324	M008790	True	True	True	True	both_directions_pass
M005324	M008971	True	True	True	True	both_directions_pass
M005324	M009389	True	True	True	True	both_directions_pass
M005324	M009640	True	True	True	True	both_directions_pass
M005324	M009678	True	True	True	True	both_directions_pass
M005324	M009733	True	True	True	True	both_directions_pass
M005324	M009821	True	True	True	True	both_directions_pass
M005324	M009905	True	True	True	True	both_directions_pass
M005324	M010009	True	True	True	True	both_directions_pass
M005324	M010143	True	True	True	True	both_directions_pass
M005324	M010457	True	True	True	True	both_directions_pass
M005324	M010475	True	True	True	True	both_directions_pass
M005324	M010608	True	True	True	True	both_directions_pass
M005324	M010807	True	True	False	False	neither_direction_passes
M005324	M010902	True	True	True	True	both_directions_pass
M005324	M011185	True	True	True	True	both_directions_pass
M005324	M011227	True	True	True	True	both_directions_pass
M005324	M011365	True	True	True	True	both_directions_pass
M005324	M011558	True	True	True	True	both_directions_pass
M005324	M011755	True	True	True	True	both_directions_pass
M005324	M011917	True	True	True	True	both_directions_pass
M005324	M012050	True	True	True	True	both_directions_pass
M005324	M012188	True	True	False	False	neither_direction_passes
M005324	M012283	True	True	False	False	neither_direction_passes
M005324	M012433	True	True	True	True	both_directions_pass
M005324	M012577	True	True	False	False	neither_direction_passes
M005324	M012758	True	True	True	True	both_directions_pass
M005324	M013098	True	True	True	True	both_directions_pass
M005337	M002187	True	True	True	True	both_directions_pass
M005339	M009330	True	True	True	True	both_directions_pass
M005339	M018171	True	True	True	True	both_directions_pass
M005358	M001102	True	True	True	True	both_directions_pass
M005358	M001652	True	True	True	True	both_directions_pass
M005358	M001820	True	True	True	True	both_directions_pass
M005358	M003304	True	True	True	True	both_directions_pass
M005358	M003426	True	True	True	True	both_directions_pass
M005358	M004316	True	True	True	True	both_directions_pass
M005358	M006004	True	True	True	True	both_directions_pass
M005358	M008149	True	True	True	True	both_directions_pass
M005358	M009504	True	True	True	True	both_directions_pass
M005358	M009738	True	True	True	True	both_directions_pass
M005358	M011478	True	True	True	True	both_directions_pass
M005358	M011591	True	True	True	True	both_directions_pass
M005358	M011970	True	True	True	True	both_directions_pass
M005358	M012688	True	True	True	True	both_directions_pass
M005376	M007404	True	True	True	True	both_directions_pass
M005385	M000909	True	True	True	True	both_directions_pass
M005385	M011870	True	True	True	True	both_directions_pass
M005405	M000556	True	True	True	True	both_directions_pass
M005405	M001112	True	True	True	True	both_directions_pass
M005405	M001165	True	True	True	True	both_directions_pass
M005405	M001525	True	True	True	True	both_directions_pass
M005405	M002561	True	True	True	True	both_directions_pass
M005405	M002716	True	True	True	True	both_directions_pass
M005405	M003079	True	True	True	True	both_directions_pass
M005405	M005227	True	True	True	True	both_directions_pass
M005405	M005665	True	True	True	True	both_directions_pass
M005405	M006517	True	True	True	True	both_directions_pass
M005405	M008659	True	True	True	True	both_directions_pass
M005405	M009224	True	True	True	True	both_directions_pass
M005405	M010770	True	True	True	True	both_directions_pass
M005405	M011071	True	True	True	True	both_directions_pass
M005405	M012022	True	True	True	True	both_directions_pass
M005405	M012702	True	True	True	True	both_directions_pass
M005405	M015025	True	True	True	True	both_directions_pass
M005405	M015272	True	True	True	True	both_directions_pass
M005405	M015380	True	True	True	True	both_directions_pass
M005405	M015610	True	True	True	True	both_directions_pass
M005405	M016611	True	True	True	True	both_directions_pass
M005450	M002125	True	True	True	True	both_directions_pass
M005450	M002337	True	True	True	True	both_directions_pass
M005450	M004349	True	True	True	True	both_directions_pass
M005450	M004561	True	True	True	True	both_directions_pass
M005450	M004684	True	True	True	True	both_directions_pass
M005450	M004942	True	True	True	True	both_directions_pass
M005450	M005869	True	True	True	True	both_directions_pass
M005450	M006255	True	True	True	True	both_directions_pass
M005450	M007048	True	True	True	True	both_directions_pass
M005450	M009651	True	True	True	True	both_directions_pass
M005450	M009727	True	True	True	True	both_directions_pass
M005450	M010455	True	True	True	True	both_directions_pass
M005450	M012870	True	True	True	True	both_directions_pass
M005450	M012967	True	True	True	True	both_directions_pass
M005466	M015308	True	True	True	True	both_directions_pass
M005566	M002975	True	True	False	False	neither_direction_passes
M005566	M003608	True	True	True	True	both_directions_pass
M005566	M004652	True	True	True	True	both_directions_pass
M005566	M004883	True	True	False	False	neither_direction_passes
M005566	M005697	True	True	True	True	both_directions_pass
M005566	M005772	True	True	False	False	neither_direction_passes
M005566	M006463	True	True	True	True	both_directions_pass
M005566	M012578	True	True	True	True	both_directions_pass
M005595	M001377	True	True	True	True	both_directions_pass
M005595	M003798	True	True	True	True	both_directions_pass
M005595	M004899	True	True	True	True	both_directions_pass
M005595	M005062	True	True	True	True	both_directions_pass
M005595	M006556	True	True	True	True	both_directions_pass
M005595	M006693	True	True	True	True	both_directions_pass
M005595	M007674	True	True	True	True	both_directions_pass
M005595	M008223	True	True	True	True	both_directions_pass
M005595	M008363	True	True	True	True	both_directions_pass
M005595	M008730	True	True	True	True	both_directions_pass
M005595	M009438	True	True	True	True	both_directions_pass
M005595	M010092	True	True	True	True	both_directions_pass
M005595	M011346	True	True	True	True	both_directions_pass
M005595	M012354	True	True	True	True	both_directions_pass
M005595	M012926	True	True	True	True	both_directions_pass
M005603	M000217	True	True	True	True	both_directions_pass
M005603	M003039	True	True	True	True	both_directions_pass
M005603	M003663	True	True	True	True	both_directions_pass
M005603	M004201	True	True	True	True	both_directions_pass
M005603	M006683	True	True	True	True	both_directions_pass
M005603	M007815	True	True	True	True	both_directions_pass
M005603	M008480	True	True	True	True	both_directions_pass
M005603	M008692	True	True	True	True	both_directions_pass
M005603	M010422	True	True	True	True	both_directions_pass
M005603	M010687	True	True	True	True	both_directions_pass
M005603	M010955	True	True	True	True	both_directions_pass
M005603	M011794	True	True	True	True	both_directions_pass
M005603	M013686	True	True	True	True	both_directions_pass
M005603	M015219	True	True	True	True	both_directions_pass
M005603	M015388	True	True	True	True	both_directions_pass
M005603	M015475	True	True	True	True	both_directions_pass
M005603	M016983	True	True	True	True	both_directions_pass
M005603	M017323	True	True	True	True	both_directions_pass
M005603	M017775	True	True	True	True	both_directions_pass
M005603	M018170	True	True	True	True	both_directions_pass
M005609	M000154	True	True	True	True	both_directions_pass
M005609	M000457	True	True	True	True	both_directions_pass
M005609	M000560	True	True	True	True	both_directions_pass
M005609	M001031	True	True	True	True	both_directions_pass
M005609	M001403	True	True	True	True	both_directions_pass
M005609	M001990	True	True	True	True	both_directions_pass
M005609	M002175	True	True	True	True	both_directions_pass
M005609	M002526	True	True	True	True	both_directions_pass
M005609	M002628	True	True	True	True	both_directions_pass
M005609	M002851	True	True	True	True	both_directions_pass
M005609	M002918	True	True	True	True	both_directions_pass
M005609	M003038	True	True	True	True	both_directions_pass
M005609	M003109	True	True	True	True	both_directions_pass
M005609	M003220	True	True	True	True	both_directions_pass
M005609	M003347	True	True	True	True	both_directions_pass
M005609	M003592	True	True	True	True	both_directions_pass
M005609	M003660	True	True	True	True	both_directions_pass
M005609	M003795	True	True	True	True	both_directions_pass
M005609	M004163	True	True	True	True	both_directions_pass
M005609	M004303	True	True	True	True	both_directions_pass
M005609	M004433	True	True	True	True	both_directions_pass
M005609	M004607	True	True	True	True	both_directions_pass
M005609	M004656	True	True	True	True	both_directions_pass
M005609	M004777	True	True	True	True	both_directions_pass
M005609	M005004	True	True	True	True	both_directions_pass
M005609	M005206	True	True	True	True	both_directions_pass
M005609	M005366	True	True	True	True	both_directions_pass
M005609	M005712	True	True	True	True	both_directions_pass
M005609	M005923	True	True	True	True	both_directions_pass
M005609	M005972	True	True	True	True	both_directions_pass
M005609	M006165	True	True	True	True	both_directions_pass
M005609	M006320	True	True	True	True	both_directions_pass
M005609	M006579	True	True	True	True	both_directions_pass
M005609	M006644	True	True	True	True	both_directions_pass
M005609	M006727	True	True	True	True	both_directions_pass
M005609	M006916	True	True	True	True	both_directions_pass
M005609	M007170	True	True	True	True	both_directions_pass
M005609	M007435	True	True	True	True	both_directions_pass
M005609	M007477	True	True	True	True	both_directions_pass
M005609	M007646	True	True	True	True	both_directions_pass
M005609	M007700	True	True	True	True	both_directions_pass
M005609	M007859	True	True	True	True	both_directions_pass
M005609	M007950	True	True	True	True	both_directions_pass
M005609	M008248	True	True	True	True	both_directions_pass
M005609	M008343	True	True	True	True	both_directions_pass
M005609	M008579	True	True	True	True	both_directions_pass
M005609	M008716	True	True	True	True	both_directions_pass
M005609	M008863	True	True	True	True	both_directions_pass
M005609	M008953	True	True	True	True	both_directions_pass
M005609	M009089	True	True	True	True	both_directions_pass
M005609	M009258	True	True	True	True	both_directions_pass
M005609	M009386	True	True	True	True	both_directions_pass
M005609	M009604	True	True	True	True	both_directions_pass
M005609	M009643	True	True	True	True	both_directions_pass
M005609	M009729	True	True	True	True	both_directions_pass
M005609	M009972	True	True	True	True	both_directions_pass
M005609	M010036	True	True	True	True	both_directions_pass
M005609	M010189	True	True	True	True	both_directions_pass
M005609	M010412	True	True	True	True	both_directions_pass
M005609	M010595	True	True	True	True	both_directions_pass
M005609	M010660	True	True	True	True	both_directions_pass
M005609	M010897	True	True	True	True	both_directions_pass
M005609	M010990	True	True	True	True	both_directions_pass
M005609	M011291	True	True	True	True	both_directions_pass
M005609	M011456	True	True	True	True	both_directions_pass
M005609	M011718	True	True	True	True	both_directions_pass
M005609	M012077	True	True	True	True	both_directions_pass
M005609	M012224	True	True	True	True	both_directions_pass
M005609	M012249	True	True	True	True	both_directions_pass
M005609	M012434	True	True	True	True	both_directions_pass
M005609	M012503	True	True	True	True	both_directions_pass
M005609	M012842	True	True	True	True	both_directions_pass
M005609	M012951	True	True	True	True	both_directions_pass
M005609	M013080	True	True	True	True	both_directions_pass
M005609	M013918	True	True	True	True	both_directions_pass
M005609	M014244	True	True	True	True	both_directions_pass
M005609	M014454	True	True	True	True	both_directions_pass
M005609	M014742	True	True	True	True	both_directions_pass
M005609	M014752	True	True	True	True	both_directions_pass
M005609	M016242	True	True	True	True	both_directions_pass
M005661	M000569	True	True	True	True	both_directions_pass
M005661	M001206	True	True	False	False	neither_direction_passes
M005661	M006208	True	True	True	True	both_directions_pass
M005661	M012838	True	True	True	True	both_directions_pass
M005702	M000573	True	True	True	True	both_directions_pass
M005702	M003573	True	True	True	True	both_directions_pass
M005702	M003739	True	True	True	True	both_directions_pass
M005702	M003777	True	True	True	True	both_directions_pass
M005702	M005628	True	True	True	True	both_directions_pass
M005702	M005780	True	True	True	True	both_directions_pass
M005702	M010428	True	True	True	True	both_directions_pass
M005702	M010805	True	True	True	True	both_directions_pass
M005702	M012203	True	True	True	True	both_directions_pass
M005702	M012302	True	True	True	True	both_directions_pass
M005722	M000044	True	True	True	True	both_directions_pass
M005722	M000086	True	True	True	True	both_directions_pass
M005722	M000191	True	True	True	True	both_directions_pass
M005722	M000252	True	True	True	True	both_directions_pass
M005722	M000304	True	True	True	True	both_directions_pass
M005722	M000380	True	True	True	True	both_directions_pass
M005722	M000532	True	True	True	True	both_directions_pass
M005722	M000763	True	True	True	True	both_directions_pass
M005722	M000865	True	True	True	True	both_directions_pass
M005722	M001120	True	True	True	True	both_directions_pass
M005722	M001210	True	True	True	True	both_directions_pass
M005722	M001332	True	True	True	True	both_directions_pass
M005722	M001471	True	True	True	True	both_directions_pass
M005722	M001607	True	True	True	True	both_directions_pass
M005722	M001659	True	True	True	True	both_directions_pass
M005722	M001812	True	True	True	True	both_directions_pass
M005722	M001875	True	True	True	True	both_directions_pass
M005722	M002082	True	True	True	True	both_directions_pass
M005722	M002244	True	True	True	True	both_directions_pass
M005722	M002462	True	True	True	True	both_directions_pass
M005722	M002708	True	True	True	True	both_directions_pass
M005722	M002814	True	True	True	True	both_directions_pass
M005722	M003029	True	True	True	True	both_directions_pass
M005722	M003070	True	True	True	True	both_directions_pass
M005722	M003216	True	True	True	True	both_directions_pass
M005722	M003353	True	True	True	True	both_directions_pass
M005722	M003591	True	True	True	True	both_directions_pass
M005722	M003773	True	True	True	True	both_directions_pass
M005722	M003793	True	True	True	True	both_directions_pass
M005722	M003947	True	True	True	True	both_directions_pass
M005722	M004029	True	True	True	True	both_directions_pass
M005722	M004188	True	True	True	True	both_directions_pass
M005722	M004288	True	True	True	True	both_directions_pass
M005722	M004495	True	True	True	True	both_directions_pass
M005722	M004758	True	True	True	True	both_directions_pass
M005722	M004774	True	True	True	True	both_directions_pass
M005722	M004939	True	True	True	True	both_directions_pass
M005722	M005057	True	True	True	True	both_directions_pass
M005722	M005208	True	True	True	True	both_directions_pass
M005722	M005350	True	True	True	True	both_directions_pass
M005722	M005600	True	True	True	True	both_directions_pass
M005722	M005715	True	True	True	True	both_directions_pass
M005722	M005789	True	True	True	True	both_directions_pass
M005722	M005951	True	True	True	True	both_directions_pass
M005722	M006028	True	True	True	True	both_directions_pass
M005722	M006127	True	True	True	True	both_directions_pass
M005722	M006317	True	True	True	True	both_directions_pass
M005722	M006530	True	True	True	True	both_directions_pass
M005722	M006531	True	True	True	True	both_directions_pass
M005722	M006784	True	True	True	True	both_directions_pass
M005722	M006837	True	True	True	True	both_directions_pass
M005722	M007083	True	True	True	True	both_directions_pass
M005722	M007142	True	True	True	True	both_directions_pass
M005722	M007496	True	True	True	True	both_directions_pass
M005722	M007508	True	True	True	True	both_directions_pass
M005722	M007641	True	True	True	True	both_directions_pass
M005722	M007647	True	True	True	True	both_directions_pass
M005722	M007707	True	True	True	True	both_directions_pass
M005722	M007806	True	True	True	True	both_directions_pass
M005722	M007951	True	True	True	True	both_directions_pass
M005722	M008148	True	True	True	True	both_directions_pass
M005722	M008358	True	True	True	True	both_directions_pass
M005722	M008481	True	True	True	True	both_directions_pass
M005722	M008721	True	True	True	True	both_directions_pass
M005722	M008964	True	True	True	True	both_directions_pass
M005722	M009077	True	True	True	True	both_directions_pass
M005722	M009197	True	True	True	True	both_directions_pass
M005722	M009392	True	True	True	True	both_directions_pass
M005722	M009578	True	True	True	True	both_directions_pass
M005722	M009614	True	True	True	True	both_directions_pass
M005722	M009659	True	True	True	True	both_directions_pass
M005722	M009723	True	True	True	True	both_directions_pass
M005722	M009833	True	True	True	True	both_directions_pass
M005722	M009980	True	True	True	True	both_directions_pass
M005722	M010079	True	True	True	True	both_directions_pass
M005722	M010131	True	True	True	True	both_directions_pass
M005722	M010246	True	True	True	True	both_directions_pass
M005722	M010251	True	True	True	True	both_directions_pass
M005722	M010363	True	True	True	True	both_directions_pass
M005722	M010617	True	True	True	True	both_directions_pass
M005722	M010709	True	True	True	True	both_directions_pass
M005722	M011018	True	True	False	False	neither_direction_passes
M005722	M011088	True	True	True	True	both_directions_pass
M005722	M011263	True	True	True	True	both_directions_pass
M005722	M011387	True	True	True	True	both_directions_pass
M005722	M011472	True	True	True	True	both_directions_pass
M005722	M011876	True	True	True	True	both_directions_pass
M005722	M012148	True	True	True	True	both_directions_pass
M005722	M012377	True	True	True	True	both_directions_pass
M005722	M012516	True	True	True	True	both_directions_pass
M005722	M012741	True	True	True	True	both_directions_pass
M005722	M012871	True	True	True	True	both_directions_pass
M005722	M013019	True	True	True	True	both_directions_pass
M005722	M013130	True	True	True	True	both_directions_pass
M005742	M014876	True	True	True	True	both_directions_pass
M005867	M005965	True	True	True	True	both_directions_pass
M005881	M000120	True	True	True	True	both_directions_pass
M005881	M001162	True	True	True	True	both_directions_pass
M005881	M002038	True	True	True	True	both_directions_pass
M005881	M002130	True	True	True	True	both_directions_pass
M005881	M002430	True	True	True	True	both_directions_pass
M005881	M002615	True	True	True	True	both_directions_pass
M005881	M002910	True	True	True	True	both_directions_pass
M005881	M003209	True	True	True	True	both_directions_pass
M005881	M004363	True	True	True	True	both_directions_pass
M005881	M004507	True	True	True	True	both_directions_pass
M005881	M004693	True	True	True	True	both_directions_pass
M005881	M005267	True	True	True	True	both_directions_pass
M005881	M005438	True	True	True	True	both_directions_pass
M005881	M006521	True	True	True	True	both_directions_pass
M005881	M006625	True	True	True	True	both_directions_pass
M005881	M006827	True	True	True	True	both_directions_pass
M005881	M006943	True	True	True	True	both_directions_pass
M005881	M007045	True	True	True	True	both_directions_pass
M005881	M007132	True	True	True	True	both_directions_pass
M005881	M007573	True	True	True	True	both_directions_pass
M005881	M007730	True	True	True	True	both_directions_pass
M005881	M007904	True	True	True	True	both_directions_pass
M005881	M008249	True	True	True	True	both_directions_pass
M005881	M008369	True	True	True	True	both_directions_pass
M005881	M008566	True	True	True	True	both_directions_pass
M005881	M008702	True	True	True	True	both_directions_pass
M005881	M009114	True	True	True	True	both_directions_pass
M005881	M009287	True	True	True	True	both_directions_pass
M005881	M009483	True	True	True	True	both_directions_pass
M005881	M010209	True	True	True	True	both_directions_pass
M005881	M010818	True	True	True	True	both_directions_pass
M005881	M011657	True	True	True	True	both_directions_pass
M005881	M011762	True	True	True	True	both_directions_pass
M005881	M012399	True	True	True	True	both_directions_pass
M005881	M012566	True	True	True	True	both_directions_pass
M005881	M013066	True	True	True	True	both_directions_pass
M005936	M001449	True	True	True	True	both_directions_pass
M005936	M002116	True	True	False	False	neither_direction_passes
M005936	M002507	True	True	False	False	neither_direction_passes
M005936	M003624	True	True	True	True	both_directions_pass
M005936	M003698	True	True	True	True	both_directions_pass
M005936	M003970	True	True	False	False	neither_direction_passes
M005936	M005335	True	True	False	False	neither_direction_passes
M005936	M006427	True	True	True	True	both_directions_pass
M005936	M006620	True	True	False	False	neither_direction_passes
M005936	M007909	True	True	False	False	neither_direction_passes
M005936	M008241	True	True	False	False	neither_direction_passes
M005936	M008791	True	True	False	False	neither_direction_passes
M005936	M009447	True	True	False	False	neither_direction_passes
M005936	M010107	True	True	False	False	neither_direction_passes
M005936	M010539	True	True	True	True	both_directions_pass
M005936	M011142	True	True	False	False	neither_direction_passes
M005936	M011208	True	True	False	False	neither_direction_passes
M005936	M011311	True	True	False	False	neither_direction_passes
M005936	M011687	True	True	False	False	neither_direction_passes
M005936	M012087	True	True	True	True	both_directions_pass
M005936	M012984	True	True	True	True	both_directions_pass
M005943	M012103	True	True	True	True	both_directions_pass
M005974	M000150	True	True	True	True	both_directions_pass
M005974	M001780	True	True	True	True	both_directions_pass
M005974	M002158	True	True	True	True	both_directions_pass
M005974	M002692	True	True	True	True	both_directions_pass
M005974	M002756	True	True	True	True	both_directions_pass
M005974	M004351	True	True	True	True	both_directions_pass
M005974	M004407	True	True	True	True	both_directions_pass
M005974	M004570	True	True	True	True	both_directions_pass
M005974	M004715	True	True	True	True	both_directions_pass
M005974	M004862	True	True	True	True	both_directions_pass
M005974	M004918	True	True	True	True	both_directions_pass
M005974	M005187	True	True	True	True	both_directions_pass
M005974	M005271	True	True	True	True	both_directions_pass
M005974	M005413	True	True	True	True	both_directions_pass
M005974	M005719	True	True	True	True	both_directions_pass
M005974	M005748	True	True	True	True	both_directions_pass
M005974	M005779	True	True	True	True	both_directions_pass
M005974	M006117	True	True	True	True	both_directions_pass
M005974	M006216	True	True	True	True	both_directions_pass
M005974	M006365	True	True	True	True	both_directions_pass
M005974	M006581	True	True	True	True	both_directions_pass
M005974	M006920	True	True	True	True	both_directions_pass
M005974	M006998	True	True	True	True	both_directions_pass
M005974	M007406	True	True	True	True	both_directions_pass
M005974	M008020	True	True	True	True	both_directions_pass
M005974	M008064	True	True	True	True	both_directions_pass
M005974	M009124	True	True	True	True	both_directions_pass
M005974	M009229	True	True	True	True	both_directions_pass
M005974	M009884	True	True	True	True	both_directions_pass
M005974	M010159	True	True	True	True	both_directions_pass
M005974	M010375	True	True	True	True	both_directions_pass
M005974	M010759	True	True	True	True	both_directions_pass
M005974	M012137	True	True	True	True	both_directions_pass
M005974	M012187	True	True	True	True	both_directions_pass
M005974	M012304	True	True	True	True	both_directions_pass
M005974	M012822	True	True	True	True	both_directions_pass
M005974	M013037	True	True	True	True	both_directions_pass
M005988	M003013	True	True	True	True	both_directions_pass
M006007	M001699	True	True	False	False	neither_direction_passes
M006007	M001794	True	True	True	True	both_directions_pass
M006007	M008159	True	True	True	True	both_directions_pass
M006063	M003414	True	True	True	True	both_directions_pass
M006065	M000448	True	True	True	True	both_directions_pass
M006065	M000568	True	True	True	True	both_directions_pass
M006065	M000716	True	True	True	True	both_directions_pass
M006065	M000982	True	True	True	True	both_directions_pass
M006065	M001089	True	True	True	True	both_directions_pass
M006065	M001278	True	True	True	True	both_directions_pass
M006065	M001584	True	True	True	True	both_directions_pass
M006065	M001778	True	True	True	True	both_directions_pass
M006065	M001900	True	True	True	True	both_directions_pass
M006065	M002290	True	True	True	True	both_directions_pass
M006065	M002502	True	True	True	True	both_directions_pass
M006065	M002572	True	True	True	True	both_directions_pass
M006065	M002829	True	True	False	False	neither_direction_passes
M006065	M002949	True	True	True	True	both_directions_pass
M006065	M003237	True	True	True	True	both_directions_pass
M006065	M003283	True	True	True	True	both_directions_pass
M006065	M003634	True	True	True	True	both_directions_pass
M006065	M003718	True	True	True	True	both_directions_pass
M006065	M003804	True	True	True	True	both_directions_pass
M006065	M003951	True	True	True	True	both_directions_pass
M006065	M004238	True	True	True	True	both_directions_pass
M006065	M004873	True	True	False	False	neither_direction_passes
M006065	M004975	True	True	False	False	neither_direction_passes
M006065	M005136	True	True	True	True	both_directions_pass
M006065	M005279	True	True	False	False	neither_direction_passes
M006065	M005519	True	True	True	True	both_directions_pass
M006065	M005664	True	True	True	True	both_directions_pass
M006065	M005818	True	True	True	True	both_directions_pass
M006065	M006277	True	True	False	False	neither_direction_passes
M006065	M006318	True	True	False	False	neither_direction_passes
M006065	M006390	True	True	True	True	both_directions_pass
M006065	M006459	True	True	True	True	both_directions_pass
M006065	M006702	True	True	True	True	both_directions_pass
M006065	M007163	True	True	False	False	neither_direction_passes
M006065	M007759	True	True	True	True	both_directions_pass
M006065	M007901	True	True	True	True	both_directions_pass
M006065	M007975	True	True	True	True	both_directions_pass
M006065	M008103	True	True	True	True	both_directions_pass
M006065	M008292	True	True	True	True	both_directions_pass
M006065	M008338	True	True	True	True	both_directions_pass
M006065	M008669	True	True	True	True	both_directions_pass
M006065	M008780	True	True	True	True	both_directions_pass
M006065	M008825	True	True	True	True	both_directions_pass
M006065	M009325	True	True	True	True	both_directions_pass
M006065	M009417	True	True	True	True	both_directions_pass
M006065	M009464	True	True	True	True	both_directions_pass
M006065	M009551	True	True	True	True	both_directions_pass
M006065	M009672	True	True	True	True	both_directions_pass
M006065	M009847	True	True	True	True	both_directions_pass
M006065	M010033	True	True	True	True	both_directions_pass
M006065	M010340	True	True	True	True	both_directions_pass
M006065	M010399	True	True	True	True	both_directions_pass
M006065	M010618	True	True	True	True	both_directions_pass
M006065	M011010	True	True	True	True	both_directions_pass
M006065	M011162	True	True	True	True	both_directions_pass
M006065	M011192	True	True	True	True	both_directions_pass
M006065	M011266	True	True	True	True	both_directions_pass
M006065	M011344	True	True	True	True	both_directions_pass
M006065	M011358	True	True	True	True	both_directions_pass
M006065	M011565	True	True	True	True	both_directions_pass
M006065	M011715	True	True	True	True	both_directions_pass
M006065	M012056	True	True	True	True	both_directions_pass
M006065	M012076	True	True	True	True	both_directions_pass
M006065	M012219	True	True	True	True	both_directions_pass
M006065	M012316	True	True	True	True	both_directions_pass
M006065	M012381	True	True	True	True	both_directions_pass
M006065	M012504	True	True	True	True	both_directions_pass
M006065	M012746	True	True	True	True	both_directions_pass
M006065	M012852	True	True	True	True	both_directions_pass
M006065	M013029	True	True	True	True	both_directions_pass
M006065	M013071	True	True	True	True	both_directions_pass
M006073	M000048	True	True	True	True	both_directions_pass
M006073	M000152	True	True	True	True	both_directions_pass
M006073	M000231	True	True	True	True	both_directions_pass
M006073	M000390	True	True	True	True	both_directions_pass
M006073	M000499	True	True	True	True	both_directions_pass
M006073	M000506	True	True	True	True	both_directions_pass
M006073	M000543	True	True	True	True	both_directions_pass
M006073	M000710	True	True	True	True	both_directions_pass
M006073	M000723	True	True	True	True	both_directions_pass
M006073	M000727	True	True	True	True	both_directions_pass
M006073	M000832	True	True	True	True	both_directions_pass
M006073	M000961	True	True	True	True	both_directions_pass
M006073	M001261	True	True	True	True	both_directions_pass
M006073	M001277	True	True	True	True	both_directions_pass
M006073	M001406	True	True	True	True	both_directions_pass
M006073	M001522	True	True	True	True	both_directions_pass
M006073	M001679	True	True	True	True	both_directions_pass
M006073	M001818	True	True	True	True	both_directions_pass
M006073	M001860	True	True	True	True	both_directions_pass
M006073	M002069	True	True	True	True	both_directions_pass
M006073	M002184	True	True	True	True	both_directions_pass
M006073	M002415	True	True	True	True	both_directions_pass
M006073	M002490	True	True	True	True	both_directions_pass
M006073	M002623	True	True	True	True	both_directions_pass
M006073	M002737	True	True	True	True	both_directions_pass
M006073	M002815	True	True	True	True	both_directions_pass
M006073	M002992	True	True	True	True	both_directions_pass
M006073	M003131	True	True	True	True	both_directions_pass
M006073	M003245	True	True	True	True	both_directions_pass
M006073	M003366	True	True	True	True	both_directions_pass
M006073	M003411	True	True	True	True	both_directions_pass
M006073	M003538	True	True	True	True	both_directions_pass
M006073	M003734	True	True	True	True	both_directions_pass
M006073	M003774	True	True	True	True	both_directions_pass
M006073	M003865	True	True	True	True	both_directions_pass
M006073	M003991	True	True	True	True	both_directions_pass
M006073	M004254	True	True	True	True	both_directions_pass
M006073	M004348	True	True	True	True	both_directions_pass
M006073	M004472	True	True	True	True	both_directions_pass
M006073	M004558	True	True	True	True	both_directions_pass
M006073	M004726	True	True	True	True	both_directions_pass
M006073	M004805	True	True	True	True	both_directions_pass
M006073	M005002	True	True	True	True	both_directions_pass
M006073	M005114	True	True	True	True	both_directions_pass
M006073	M005251	True	True	True	True	both_directions_pass
M006073	M005304	True	True	True	True	both_directions_pass
M006073	M005394	True	True	True	True	both_directions_pass
M006073	M005549	True	True	True	True	both_directions_pass
M006073	M005689	True	True	True	True	both_directions_pass
M006073	M005738	True	True	True	True	both_directions_pass
M006073	M005771	True	True	True	True	both_directions_pass
M006073	M005978	True	True	True	True	both_directions_pass
M006073	M006167	True	True	True	True	both_directions_pass
M006073	M006230	True	True	True	True	both_directions_pass
M006073	M006360	True	True	True	True	both_directions_pass
M006073	M006606	True	True	True	True	both_directions_pass
M006073	M006829	True	True	True	True	both_directions_pass
M006073	M006930	True	True	True	True	both_directions_pass
M006073	M007144	True	True	True	True	both_directions_pass
M006073	M007246	True	True	True	True	both_directions_pass
M006073	M007384	True	True	True	True	both_directions_pass
M006073	M007471	True	True	True	True	both_directions_pass
M006073	M007587	True	True	True	True	both_directions_pass
M006073	M007723	True	True	True	True	both_directions_pass
M006073	M007879	True	True	True	True	both_directions_pass
M006073	M007984	True	True	True	True	both_directions_pass
M006073	M008141	True	True	True	True	both_directions_pass
M006073	M008366	True	True	True	True	both_directions_pass
M006073	M008587	True	True	True	True	both_directions_pass
M006073	M008658	True	True	True	True	both_directions_pass
M006073	M008677	True	True	True	True	both_directions_pass
M006073	M008923	True	True	True	True	both_directions_pass
M006073	M009007	True	True	True	True	both_directions_pass
M006073	M009128	True	True	True	True	both_directions_pass
M006073	M009290	True	True	True	True	both_directions_pass
M006073	M009391	True	True	True	True	both_directions_pass
M006073	M009454	True	True	True	True	both_directions_pass
M006073	M009535	True	True	True	True	both_directions_pass
M006073	M009694	True	True	True	True	both_directions_pass
M006073	M009790	True	True	True	True	both_directions_pass
M006073	M009898	True	True	True	True	both_directions_pass
M006073	M010048	True	True	True	True	both_directions_pass
M006073	M010198	True	True	True	True	both_directions_pass
M006073	M010384	True	True	True	True	both_directions_pass
M006073	M010504	True	True	True	True	both_directions_pass
M006073	M010542	True	True	True	True	both_directions_pass
M006073	M010629	True	True	True	True	both_directions_pass
M006073	M010745	True	True	True	True	both_directions_pass
M006073	M010931	True	True	True	True	both_directions_pass
M006073	M010966	True	True	True	True	both_directions_pass
M006073	M011315	True	True	True	True	both_directions_pass
M006073	M011375	True	True	True	True	both_directions_pass
M006073	M011606	True	True	True	True	both_directions_pass
M006073	M011737	True	True	True	True	both_directions_pass
M006073	M011792	True	True	True	True	both_directions_pass
M006073	M011813	True	True	True	True	both_directions_pass
M006073	M012008	True	True	True	True	both_directions_pass
M006073	M012085	True	True	True	True	both_directions_pass
M006073	M012426	True	True	True	True	both_directions_pass
M006073	M012542	True	True	True	True	both_directions_pass
M006073	M012759	True	True	True	True	both_directions_pass
M006073	M012856	True	True	True	True	both_directions_pass
M006073	M013035	True	True	True	True	both_directions_pass
M006073	M013078	True	True	True	True	both_directions_pass
M006077	M003403	True	True	True	True	both_directions_pass
M006084	M000322	True	True	True	True	both_directions_pass
M006084	M001551	True	True	True	True	both_directions_pass
M006084	M008144	True	True	True	True	both_directions_pass
M006084	M008648	True	True	True	True	both_directions_pass
M006084	M008672	True	True	True	True	both_directions_pass
M006084	M010353	True	True	True	True	both_directions_pass
M006084	M011543	True	True	True	True	both_directions_pass
M006084	M011945	True	True	True	True	both_directions_pass
M006094	M002246	True	True	True	True	both_directions_pass
M006163	M003920	True	True	True	True	both_directions_pass
M006163	M004160	True	True	True	True	both_directions_pass
M006163	M005108	True	True	True	True	both_directions_pass
M006163	M005334	True	True	True	True	both_directions_pass
M006163	M005501	True	True	True	True	both_directions_pass
M006163	M007059	True	True	True	True	both_directions_pass
M006163	M010350	True	True	True	True	both_directions_pass
M006163	M012100	True	True	True	True	both_directions_pass
M006163	M012286	True	True	True	True	both_directions_pass
M006188	M000672	True	True	True	True	both_directions_pass
M006188	M002437	True	True	True	True	both_directions_pass
M006188	M004107	True	True	True	True	both_directions_pass
M006188	M006704	True	True	True	True	both_directions_pass
M006188	M007928	True	True	True	True	both_directions_pass
M006188	M008955	True	True	True	True	both_directions_pass
M006188	M009156	True	True	True	True	both_directions_pass
M006188	M011148	True	True	True	True	both_directions_pass
M006188	M011554	True	True	True	True	both_directions_pass
M006188	M012370	True	True	True	True	both_directions_pass
M006188	M014749	True	True	True	True	both_directions_pass
M006188	M017365	True	True	True	True	both_directions_pass
M006188	M018196	True	True	True	True	both_directions_pass
M006198	M006061	True	True	True	True	both_directions_pass
M006198	M012765	True	True	True	True	both_directions_pass
M006226	M004775	True	True	True	True	both_directions_pass
M006361	M004951	True	True	True	True	both_directions_pass
M006361	M006268	True	True	True	True	both_directions_pass
M006377	M000884	True	True	True	True	both_directions_pass
M006377	M000954	True	True	True	True	both_directions_pass
M006377	M005064	True	True	True	True	both_directions_pass
M006377	M006095	True	True	True	True	both_directions_pass
M006377	M011916	True	True	False	False	neither_direction_passes
M006394	M001729	True	True	True	True	both_directions_pass
M006394	M001973	True	True	True	True	both_directions_pass
M006394	M002237	True	True	True	True	both_directions_pass
M006394	M003164	True	True	True	True	both_directions_pass
M006394	M003869	True	True	True	True	both_directions_pass
M006394	M005130	True	True	True	True	both_directions_pass
M006394	M007679	True	True	True	True	both_directions_pass
M006394	M011243	True	True	True	True	both_directions_pass
M006394	M013936	True	True	True	True	both_directions_pass
M006394	M014525	True	True	True	True	both_directions_pass
M006394	M015358	True	True	True	True	both_directions_pass
M006448	M001892	True	True	True	True	both_directions_pass
M006448	M002627	True	True	True	True	both_directions_pass
M006448	M007315	True	True	True	True	both_directions_pass
M006448	M009804	True	True	True	True	both_directions_pass
M006448	M015112	True	True	True	True	both_directions_pass
M006455	M000407	True	True	False	False	neither_direction_passes
M006455	M002341	True	True	True	True	both_directions_pass
M006455	M002697	True	True	True	True	both_directions_pass
M006455	M002772	True	True	True	True	both_directions_pass
M006455	M004378	True	True	True	True	both_directions_pass
M006455	M005814	True	True	True	True	both_directions_pass
M006455	M007298	True	True	True	True	both_directions_pass
M006455	M008330	True	True	False	False	neither_direction_passes
M006455	M008939	True	True	True	True	both_directions_pass
M006455	M008961	True	True	True	True	both_directions_pass
M006455	M009179	True	True	True	True	both_directions_pass
M006455	M009923	True	True	True	True	both_directions_pass
M006455	M010167	True	True	True	True	both_directions_pass
M006455	M010703	True	True	True	True	both_directions_pass
M006455	M010737	True	True	True	True	both_directions_pass
M006455	M011440	True	True	True	True	both_directions_pass
M006467	M001814	True	True	True	True	both_directions_pass
M006467	M004634	True	True	True	True	both_directions_pass
M006467	M004990	True	True	True	True	both_directions_pass
M006494	M005545	True	True	True	True	both_directions_pass
M006494	M005749	True	True	True	True	both_directions_pass
M006494	M005903	True	True	True	True	both_directions_pass
M006494	M009450	True	True	True	True	both_directions_pass
M006505	M006747	True	True	True	True	both_directions_pass
M006510	M000563	True	True	True	True	both_directions_pass
M006510	M001467	True	True	True	True	both_directions_pass
M006510	M001640	True	True	True	True	both_directions_pass
M006510	M001845	True	True	True	True	both_directions_pass
M006510	M002284	True	True	True	True	both_directions_pass
M006510	M002940	True	True	True	True	both_directions_pass
M006510	M005426	True	True	True	True	both_directions_pass
M006510	M005626	True	True	True	True	both_directions_pass
M006510	M006814	True	True	True	True	both_directions_pass
M006510	M009134	True	True	True	True	both_directions_pass
M006510	M011260	True	True	True	True	both_directions_pass
M006510	M011683	True	True	True	True	both_directions_pass
M006510	M012136	True	True	True	True	both_directions_pass
M006520	M000069	True	True	True	True	both_directions_pass
M006520	M000374	True	True	True	True	both_directions_pass
M006520	M000590	True	True	True	True	both_directions_pass
M006520	M000779	True	True	True	True	both_directions_pass
M006520	M000863	True	True	True	True	both_directions_pass
M006520	M001083	True	True	True	True	both_directions_pass
M006520	M001133	True	True	True	True	both_directions_pass
M006520	M001253	True	True	True	True	both_directions_pass
M006520	M001357	True	True	True	True	both_directions_pass
M006520	M001461	True	True	True	True	both_directions_pass
M006520	M001634	True	True	True	True	both_directions_pass
M006520	M001850	True	True	True	True	both_directions_pass
M006520	M002020	True	True	True	True	both_directions_pass
M006520	M002135	True	True	True	True	both_directions_pass
M006520	M002251	True	True	True	True	both_directions_pass
M006520	M002438	True	True	True	True	both_directions_pass
M006520	M002709	True	True	True	True	both_directions_pass
M006520	M002806	True	True	True	True	both_directions_pass
M006520	M002920	True	True	True	True	both_directions_pass
M006520	M003031	True	True	True	True	both_directions_pass
M006520	M003114	True	True	True	True	both_directions_pass
M006520	M003207	True	True	True	True	both_directions_pass
M006520	M003322	True	True	True	True	both_directions_pass
M006520	M003484	True	True	True	True	both_directions_pass
M006520	M003588	True	True	True	True	both_directions_pass
M006520	M003665	True	True	True	True	both_directions_pass
M006520	M003847	True	True	True	True	both_directions_pass
M006520	M003944	True	True	True	True	both_directions_pass
M006520	M004214	True	True	True	True	both_directions_pass
M006520	M004354	True	True	True	True	both_directions_pass
M006520	M004485	True	True	True	True	both_directions_pass
M006520	M004603	True	True	True	True	both_directions_pass
M006520	M004752	True	True	True	True	both_directions_pass
M006520	M004781	True	True	True	True	both_directions_pass
M006520	M004934	True	True	True	True	both_directions_pass
M006520	M005039	True	True	True	True	both_directions_pass
M006520	M005202	True	True	True	True	both_directions_pass
M006520	M005375	True	True	True	True	both_directions_pass
M006520	M005500	True	True	True	True	both_directions_pass
M006520	M005602	True	True	True	True	both_directions_pass
M006520	M005783	True	True	True	True	both_directions_pass
M006520	M005865	True	True	True	True	both_directions_pass
M006520	M005941	True	True	True	True	both_directions_pass
M006520	M006128	True	True	True	True	both_directions_pass
M006520	M006195	True	True	True	True	both_directions_pass
M006520	M006380	True	True	True	True	both_directions_pass
M006520	M006734	True	True	True	True	both_directions_pass
M006520	M006934	True	True	True	True	both_directions_pass
M006520	M007156	True	True	True	True	both_directions_pass
M006520	M007216	True	True	True	True	both_directions_pass
M006520	M007310	True	True	True	True	both_directions_pass
M006520	M007506	True	True	True	True	both_directions_pass
M006520	M007553	True	True	True	True	both_directions_pass
M006520	M007671	True	True	True	True	both_directions_pass
M006520	M007790	True	True	True	True	both_directions_pass
M006520	M008026	True	True	True	True	both_directions_pass
M006520	M008235	True	True	True	True	both_directions_pass
M006520	M008329	True	True	True	True	both_directions_pass
M006520	M008470	True	True	True	True	both_directions_pass
M006520	M008851	True	True	True	True	both_directions_pass
M006520	M009155	True	True	True	True	both_directions_pass
M006520	M009276	True	True	True	True	both_directions_pass
M006520	M009337	True	True	True	True	both_directions_pass
M006520	M009503	True	True	True	True	both_directions_pass
M006520	M009682	True	True	True	True	both_directions_pass
M006520	M009869	True	True	True	True	both_directions_pass
M006520	M009976	True	True	True	True	both_directions_pass
M006520	M010026	True	True	True	True	both_directions_pass
M006520	M010236	True	True	True	True	both_directions_pass
M006520	M010310	True	True	True	True	both_directions_pass
M006520	M010424	True	True	True	True	both_directions_pass
M006520	M010520	True	True	True	True	both_directions_pass
M006520	M010688	True	True	True	True	both_directions_pass
M006520	M010755	True	True	True	True	both_directions_pass
M006520	M010845	True	True	True	True	both_directions_pass
M006520	M011016	True	True	True	True	both_directions_pass
M006520	M011109	True	True	True	True	both_directions_pass
M006520	M011248	True	True	True	True	both_directions_pass
M006520	M011251	True	True	True	True	both_directions_pass
M006520	M011438	True	True	True	True	both_directions_pass
M006520	M011732	True	True	True	True	both_directions_pass
M006520	M011925	True	True	True	True	both_directions_pass
M006520	M012120	True	True	True	True	both_directions_pass
M006520	M012180	True	True	True	True	both_directions_pass
M006520	M012310	True	True	True	True	both_directions_pass
M006520	M012413	True	True	True	True	both_directions_pass
M006520	M012527	True	True	True	True	both_directions_pass
M006520	M012656	True	True	True	True	both_directions_pass
M006520	M012807	True	True	True	True	both_directions_pass
M006520	M013007	True	True	True	True	both_directions_pass
M006520	M013050	True	True	True	True	both_directions_pass
M006520	M015067	True	True	True	True	both_directions_pass
M006520	M016308	True	True	True	True	both_directions_pass
M006520	M017981	True	True	True	True	both_directions_pass
M006589	M000104	True	True	True	True	both_directions_pass
M006589	M000225	True	True	True	True	both_directions_pass
M006589	M000379	True	True	True	True	both_directions_pass
M006589	M001070	True	True	True	True	both_directions_pass
M006589	M001287	True	True	True	True	both_directions_pass
M006589	M002147	True	True	True	True	both_directions_pass
M006589	M002778	True	True	True	True	both_directions_pass
M006589	M003045	True	True	True	True	both_directions_pass
M006589	M003252	True	True	True	True	both_directions_pass
M006589	M003281	True	True	True	True	both_directions_pass
M006589	M003545	True	True	True	True	both_directions_pass
M006589	M003690	True	True	True	True	both_directions_pass
M006589	M003858	True	True	True	True	both_directions_pass
M006589	M004282	True	True	True	True	both_directions_pass
M006589	M004441	True	True	True	True	both_directions_pass
M006589	M004637	True	True	True	True	both_directions_pass
M006589	M004852	True	True	True	True	both_directions_pass
M006589	M005382	True	True	True	True	both_directions_pass
M006589	M005615	True	True	True	True	both_directions_pass
M006589	M005799	True	True	True	True	both_directions_pass
M006589	M006242	True	True	True	True	both_directions_pass
M006589	M006303	True	True	True	True	both_directions_pass
M006589	M006493	True	True	True	True	both_directions_pass
M006589	M006902	True	True	True	True	both_directions_pass
M006589	M007103	True	True	True	True	both_directions_pass
M006589	M007284	True	True	True	True	both_directions_pass
M006589	M007528	True	True	True	True	both_directions_pass
M006589	M007794	True	True	True	True	both_directions_pass
M006589	M007988	True	True	True	True	both_directions_pass
M006589	M008394	True	True	True	True	both_directions_pass
M006589	M008583	True	True	True	True	both_directions_pass
M006589	M008698	True	True	True	True	both_directions_pass
M006589	M008883	True	True	True	True	both_directions_pass
M006589	M008949	True	True	True	True	both_directions_pass
M006589	M009129	True	True	True	True	both_directions_pass
M006589	M009369	True	True	True	True	both_directions_pass
M006589	M009586	True	True	True	True	both_directions_pass
M006589	M009654	True	True	True	True	both_directions_pass
M006589	M010041	True	True	True	True	both_directions_pass
M006589	M010325	True	True	True	True	both_directions_pass
M006589	M010605	True	True	True	True	both_directions_pass
M006589	M010831	True	True	True	True	both_directions_pass
M006589	M011179	True	True	True	True	both_directions_pass
M006589	M011213	True	True	True	True	both_directions_pass
M006589	M011386	True	True	True	True	both_directions_pass
M006589	M011689	True	True	True	True	both_directions_pass
M006589	M012012	True	True	True	True	both_directions_pass
M006589	M012127	True	True	True	True	both_directions_pass
M006589	M012197	True	True	True	True	both_directions_pass
M006589	M012287	True	True	True	True	both_directions_pass
M006594	M002230	True	True	True	True	both_directions_pass
M006594	M002393	True	True	True	True	both_directions_pass
M006635	M000008	True	True	False	False	neither_direction_passes
M006635	M000102	True	True	True	True	both_directions_pass
M006635	M000161	True	True	True	True	both_directions_pass
M006635	M000213	True	True	True	True	both_directions_pass
M006635	M000262	True	True	True	True	both_directions_pass
M006635	M000629	True	True	True	True	both_directions_pass
M006635	M000815	True	True	True	True	both_directions_pass
M006635	M001002	True	True	True	True	both_directions_pass
M006635	M001030	True	True	True	True	both_directions_pass
M006635	M001090	True	True	True	True	both_directions_pass
M006635	M001119	True	True	True	True	both_directions_pass
M006635	M001182	True	True	True	True	both_directions_pass
M006635	M001316	True	True	True	True	both_directions_pass
M006635	M001462	True	True	True	True	both_directions_pass
M006635	M001516	True	True	True	True	both_directions_pass
M006635	M001718	True	True	True	True	both_directions_pass
M006635	M001804	True	True	True	True	both_directions_pass
M006635	M001882	True	True	True	True	both_directions_pass
M006635	M001923	True	True	True	True	both_directions_pass
M006635	M002014	True	True	True	True	both_directions_pass
M006635	M002070	True	True	True	True	both_directions_pass
M006635	M002136	True	True	True	True	both_directions_pass
M006635	M002148	True	True	True	True	both_directions_pass
M006635	M002253	True	True	True	True	both_directions_pass
M006635	M002442	True	True	True	True	both_directions_pass
M006635	M002450	True	True	True	True	both_directions_pass
M006635	M002580	True	True	True	True	both_directions_pass
M006635	M002613	True	True	True	True	both_directions_pass
M006635	M002665	True	True	True	True	both_directions_pass
M006635	M002727	True	True	True	True	both_directions_pass
M006635	M002817	True	True	True	True	both_directions_pass
M006635	M002846	True	True	True	True	both_directions_pass
M006635	M002966	True	True	True	True	both_directions_pass
M006635	M003090	True	True	True	True	both_directions_pass
M006635	M003113	True	True	True	True	both_directions_pass
M006635	M003147	True	True	True	True	both_directions_pass
M006635	M003206	True	True	True	True	both_directions_pass
M006635	M003318	True	True	True	True	both_directions_pass
M006635	M003370	True	True	True	True	both_directions_pass
M006635	M003409	True	True	True	True	both_directions_pass
M006635	M003523	True	True	True	True	both_directions_pass
M006635	M003609	True	True	True	True	both_directions_pass
M006635	M003727	True	True	True	True	both_directions_pass
M006635	M003736	True	True	True	True	both_directions_pass
M006635	M003833	True	True	True	True	both_directions_pass
M006635	M003859	True	True	True	True	both_directions_pass
M006635	M003981	True	True	True	True	both_directions_pass
M006635	M004094	True	True	True	True	both_directions_pass
M006635	M004177	True	True	True	True	both_directions_pass
M006635	M004212	True	True	True	True	both_directions_pass
M006635	M004355	True	True	True	True	both_directions_pass
M006635	M004385	True	True	True	True	both_directions_pass
M006635	M004458	True	True	True	True	both_directions_pass
M006635	M004473	True	True	True	True	both_directions_pass
M006635	M004549	True	True	True	True	both_directions_pass
M006635	M004559	True	True	True	True	both_directions_pass
M006635	M004713	True	True	True	True	both_directions_pass
M006635	M004788	True	True	True	True	both_directions_pass
M006635	M004789	True	True	True	True	both_directions_pass
M006635	M004898	True	True	True	True	both_directions_pass
M006635	M004999	True	True	True	True	both_directions_pass
M006635	M005104	True	True	True	True	both_directions_pass
M006635	M005119	True	True	True	True	both_directions_pass
M006635	M005156	True	True	True	True	both_directions_pass
M006635	M005249	True	True	True	True	both_directions_pass
M006635	M005293	True	True	True	True	both_directions_pass
M006635	M005392	True	True	True	True	both_directions_pass
M006635	M005457	True	True	True	True	both_directions_pass
M006635	M005556	True	True	True	True	both_directions_pass
M006635	M005569	True	True	True	True	both_directions_pass
M006635	M005695	True	True	True	True	both_directions_pass
M006635	M005766	True	True	True	True	both_directions_pass
M006635	M005770	True	True	True	True	both_directions_pass
M006635	M005987	True	True	True	True	both_directions_pass
M006635	M006035	True	True	True	True	both_directions_pass
M006635	M006215	True	True	True	True	both_directions_pass
M006635	M006225	True	True	True	True	both_directions_pass
M006635	M006293	True	True	True	True	both_directions_pass
M006635	M006299	True	True	True	True	both_directions_pass
M006635	M006359	True	True	False	False	neither_direction_passes
M006635	M006428	True	True	True	True	both_directions_pass
M006635	M006512	True	True	True	True	both_directions_pass
M006635	M006630	True	True	True	True	both_directions_pass
M006635	M006774	True	True	True	True	both_directions_pass
M006635	M006821	True	True	True	True	both_directions_pass
M006635	M006926	True	True	True	True	both_directions_pass
M006635	M006967	True	True	True	True	both_directions_pass
M006635	M007104	True	True	True	True	both_directions_pass
M006635	M007243	True	True	True	True	both_directions_pass
M006635	M007255	True	True	True	True	both_directions_pass
M006635	M007265	True	True	True	True	both_directions_pass
M006635	M007338	True	True	True	True	both_directions_pass
M006635	M007346	True	True	True	True	both_directions_pass
M006635	M007388	True	True	True	True	both_directions_pass
M006635	M007422	True	True	True	True	both_directions_pass
M006635	M007625	True	True	True	True	both_directions_pass
M006635	M007640	True	True	True	True	both_directions_pass
M006635	M007748	True	True	True	True	both_directions_pass
M006635	M007789	True	True	False	False	neither_direction_passes
M006635	M007834	True	True	True	True	both_directions_pass
M006635	M007902	True	True	True	True	both_directions_pass
M006635	M007914	True	True	True	True	both_directions_pass
M006635	M007939	True	True	True	True	both_directions_pass
M006635	M008080	True	True	True	True	both_directions_pass
M006635	M008098	True	True	True	True	both_directions_pass
M006635	M008197	True	True	True	True	both_directions_pass
M006635	M008255	True	True	False	False	neither_direction_passes
M006635	M008289	True	True	True	True	both_directions_pass
M006635	M008336	True	True	True	True	both_directions_pass
M006635	M008377	True	True	True	True	both_directions_pass
M006635	M008509	True	True	True	True	both_directions_pass
M006635	M008562	True	True	True	True	both_directions_pass
M006635	M008634	True	True	True	True	both_directions_pass
M006635	M008709	True	True	True	True	both_directions_pass
M006635	M008728	True	True	True	True	both_directions_pass
M006635	M008920	True	True	True	True	both_directions_pass
M006635	M008991	True	True	True	True	both_directions_pass
M006635	M009021	True	True	True	True	both_directions_pass
M006635	M009119	True	True	True	True	both_directions_pass
M006635	M009133	True	True	True	True	both_directions_pass
M006635	M009199	True	True	True	True	both_directions_pass
M006635	M009233	True	True	True	True	both_directions_pass
M006635	M009336	True	True	True	True	both_directions_pass
M006635	M009353	True	True	True	True	both_directions_pass
M006635	M009443	True	True	True	True	both_directions_pass
M006635	M009480	True	True	False	False	neither_direction_passes
M006635	M009524	True	True	True	True	both_directions_pass
M006635	M009618	True	True	True	True	both_directions_pass
M006635	M009843	True	True	True	True	both_directions_pass
M006635	M009896	True	True	True	True	both_directions_pass
M006635	M009929	True	True	True	True	both_directions_pass
M006635	M010022	True	True	False	False	neither_direction_passes
M006635	M010023	True	True	True	True	both_directions_pass
M006635	M010126	True	True	True	True	both_directions_pass
M006635	M010150	True	True	True	True	both_directions_pass
M006635	M010333	True	True	True	True	both_directions_pass
M006635	M010390	True	True	True	True	both_directions_pass
M006635	M010636	True	True	True	True	both_directions_pass
M006635	M010653	True	True	True	True	both_directions_pass
M006635	M010747	True	True	True	True	both_directions_pass
M006635	M010784	True	True	True	True	both_directions_pass
M006635	M011025	True	True	True	True	both_directions_pass
M006635	M011111	True	True	True	True	both_directions_pass
M006635	M011178	True	True	True	True	both_directions_pass
M006635	M011201	True	True	True	True	both_directions_pass
M006635	M011253	True	True	True	True	both_directions_pass
M006635	M011271	True	True	True	True	both_directions_pass
M006635	M011340	True	True	True	True	both_directions_pass
M006635	M011378	True	True	True	True	both_directions_pass
M006635	M011402	True	True	True	True	both_directions_pass
M006635	M011588	True	True	True	True	both_directions_pass
M006635	M011721	True	True	True	True	both_directions_pass
M006635	M011748	True	True	True	True	both_directions_pass
M006635	M011823	True	True	True	True	both_directions_pass
M006635	M011981	True	True	True	True	both_directions_pass
M006635	M012068	True	True	True	True	both_directions_pass
M006635	M012070	True	True	True	True	both_directions_pass
M006635	M012243	True	True	True	True	both_directions_pass
M006635	M012322	True	True	True	True	both_directions_pass
M006635	M012383	True	True	True	True	both_directions_pass
M006635	M012456	True	True	True	True	both_directions_pass
M006635	M012514	True	True	True	True	both_directions_pass
M006635	M012613	True	True	True	True	both_directions_pass
M006635	M012650	True	True	True	True	both_directions_pass
M006635	M012756	True	True	True	True	both_directions_pass
M006635	M012834	True	True	True	True	both_directions_pass
M006635	M012835	True	True	True	True	both_directions_pass
M006635	M012923	True	True	True	True	both_directions_pass
M006635	M013026	True	True	True	True	both_directions_pass
M006635	M013042	True	True	True	True	both_directions_pass
M006635	M013105	True	True	True	True	both_directions_pass
M006672	M000209	True	True	True	True	both_directions_pass
M006672	M000440	True	True	True	True	both_directions_pass
M006672	M001395	True	True	True	True	both_directions_pass
M006672	M001448	True	True	True	True	both_directions_pass
M006672	M002017	True	True	True	True	both_directions_pass
M006672	M002461	True	True	True	True	both_directions_pass
M006672	M002926	True	True	True	True	both_directions_pass
M006672	M002999	True	True	True	True	both_directions_pass
M006672	M003200	True	True	True	True	both_directions_pass
M006672	M003343	True	True	True	True	both_directions_pass
M006672	M003570	True	True	True	True	both_directions_pass
M006672	M003738	True	True	True	True	both_directions_pass
M006672	M003883	True	True	True	True	both_directions_pass
M006672	M005612	True	True	True	True	both_directions_pass
M006672	M007547	True	True	True	True	both_directions_pass
M006672	M007702	True	True	True	True	both_directions_pass
M006672	M007995	True	True	True	True	both_directions_pass
M006672	M008305	True	True	True	True	both_directions_pass
M006672	M008484	True	True	True	True	both_directions_pass
M006672	M008527	True	True	True	True	both_directions_pass
M006672	M008770	True	True	True	True	both_directions_pass
M006672	M008892	True	True	True	True	both_directions_pass
M006672	M008999	True	True	True	True	both_directions_pass
M006672	M009403	True	True	True	True	both_directions_pass
M006672	M009453	True	True	True	True	both_directions_pass
M006672	M009638	True	True	True	True	both_directions_pass
M006672	M010071	True	True	True	True	both_directions_pass
M006672	M011131	True	True	True	True	both_directions_pass
M006672	M011310	True	True	True	True	both_directions_pass
M006672	M011353	True	True	True	True	both_directions_pass
M006672	M011705	True	True	True	True	both_directions_pass
M006672	M012464	True	True	True	True	both_directions_pass
M006672	M012605	True	True	True	True	both_directions_pass
M006672	M012940	True	True	True	True	both_directions_pass
M006764	M007394	True	True	True	True	both_directions_pass
M006771	M003040	True	True	True	True	both_directions_pass
M006771	M003681	True	True	True	True	both_directions_pass
M006771	M005671	True	True	True	True	both_directions_pass
M006771	M005822	True	True	True	True	both_directions_pass
M006771	M005884	True	True	True	True	both_directions_pass
M006771	M008629	True	True	True	True	both_directions_pass
M006771	M009741	True	True	True	True	both_directions_pass
M006771	M010205	True	True	True	True	both_directions_pass
M006771	M012011	True	True	True	True	both_directions_pass
M006777	M000224	True	True	True	True	both_directions_pass
M006777	M008181	True	True	True	True	both_directions_pass
M006824	M000466	True	True	True	True	both_directions_pass
M006824	M000793	True	True	False	False	neither_direction_passes
M006824	M002779	True	True	True	True	both_directions_pass
M006824	M002915	True	True	False	False	neither_direction_passes
M006824	M003072	True	True	False	False	neither_direction_passes
M006824	M003184	True	True	True	True	both_directions_pass
M006824	M005176	True	True	False	False	neither_direction_passes
M006824	M006903	True	True	False	False	neither_direction_passes
M006824	M008513	True	True	True	True	both_directions_pass
M006824	M009358	True	True	True	True	both_directions_pass
M006824	M010237	True	True	True	True	both_directions_pass
M006824	M012567	True	True	True	True	both_directions_pass
M006824	M012944	True	True	False	False	neither_direction_passes
M006845	M000045	True	True	True	True	both_directions_pass
M006845	M001291	True	True	True	True	both_directions_pass
M006845	M001696	True	True	True	True	both_directions_pass
M006845	M001822	True	True	True	True	both_directions_pass
M006845	M003894	True	True	True	True	both_directions_pass
M006845	M003905	True	True	True	True	both_directions_pass
M006845	M004437	True	True	True	True	both_directions_pass
M006845	M007026	True	True	True	True	both_directions_pass
M006845	M007146	True	True	True	True	both_directions_pass
M006845	M008173	True	True	True	True	both_directions_pass
M006845	M008402	True	True	True	True	both_directions_pass
M006845	M009715	True	True	True	True	both_directions_pass
M006845	M009816	True	True	True	True	both_directions_pass
M006845	M011467	True	True	True	True	both_directions_pass
M006845	M012358	True	True	True	True	both_directions_pass
M006845	M012745	True	True	True	True	both_directions_pass
M006845	M015628	True	True	True	True	both_directions_pass
M006845	M016450	True	True	True	True	both_directions_pass
M006845	M017131	True	True	True	True	both_directions_pass
M006845	M017297	True	True	True	True	both_directions_pass
M006853	M000132	True	True	True	True	both_directions_pass
M006853	M000635	True	True	True	True	both_directions_pass
M006853	M002982	True	True	False	False	neither_direction_passes
M006853	M004051	True	True	True	True	both_directions_pass
M006853	M004870	True	True	True	True	both_directions_pass
M006853	M009211	True	True	True	True	both_directions_pass
M006853	M010086	True	True	True	True	both_directions_pass
M006853	M011231	True	True	True	True	both_directions_pass
M006853	M012496	True	True	True	True	both_directions_pass
M006853	M014005	True	True	True	True	both_directions_pass
M006853	M014189	True	True	True	True	both_directions_pass
M006853	M014731	True	True	True	True	both_directions_pass
M006853	M015501	True	True	True	True	both_directions_pass
M006853	M016499	True	True	False	False	neither_direction_passes
M006853	M016913	True	True	True	True	both_directions_pass
M006853	M017447	True	True	True	True	both_directions_pass
M006853	M017500	True	True	True	True	both_directions_pass
M006865	M000016	True	True	True	True	both_directions_pass
M006865	M000077	True	True	True	True	both_directions_pass
M006865	M000405	True	True	True	True	both_directions_pass
M006865	M000562	True	True	True	True	both_directions_pass
M006865	M000667	True	True	True	True	both_directions_pass
M006865	M000758	True	True	True	True	both_directions_pass
M006865	M000867	True	True	True	True	both_directions_pass
M006865	M001194	True	True	True	True	both_directions_pass
M006865	M001218	True	True	True	True	both_directions_pass
M006865	M001246	True	True	True	True	both_directions_pass
M006865	M001470	True	True	True	True	both_directions_pass
M006865	M001507	True	True	True	True	both_directions_pass
M006865	M001625	True	True	True	True	both_directions_pass
M006865	M001727	True	True	True	True	both_directions_pass
M006865	M002029	True	True	True	True	both_directions_pass
M006865	M002171	True	True	True	True	both_directions_pass
M006865	M002218	True	True	True	True	both_directions_pass
M006865	M002336	True	True	True	True	both_directions_pass
M006865	M002387	True	True	True	True	both_directions_pass
M006865	M002452	True	True	True	True	both_directions_pass
M006865	M002648	True	True	True	True	both_directions_pass
M006865	M002862	True	True	True	True	both_directions_pass
M006865	M003064	True	True	True	True	both_directions_pass
M006865	M003085	True	True	True	True	both_directions_pass
M006865	M003191	True	True	True	True	both_directions_pass
M006865	M003316	True	True	True	True	both_directions_pass
M006865	M003565	True	True	True	True	both_directions_pass
M006865	M003653	True	True	True	True	both_directions_pass
M006865	M003807	True	True	True	True	both_directions_pass
M006865	M003925	True	True	True	True	both_directions_pass
M006865	M004244	True	True	True	True	both_directions_pass
M006865	M004343	True	True	True	True	both_directions_pass
M006865	M004483	True	True	True	True	both_directions_pass
M006865	M004587	True	True	True	True	both_directions_pass
M006865	M004765	True	True	True	True	both_directions_pass
M006865	M004796	True	True	True	True	both_directions_pass
M006865	M004904	True	True	True	True	both_directions_pass
M006865	M005169	True	True	True	True	both_directions_pass
M006865	M005266	True	True	True	True	both_directions_pass
M006865	M005475	True	True	True	True	both_directions_pass
M006865	M005593	True	True	True	True	both_directions_pass
M006865	M005705	True	True	True	True	both_directions_pass
M006865	M005754	True	True	True	True	both_directions_pass
M006865	M005786	True	True	True	True	both_directions_pass
M006865	M006058	True	True	True	True	both_directions_pass
M006865	M006126	True	True	True	True	both_directions_pass
M006865	M006383	True	True	True	True	both_directions_pass
M006865	M006442	True	True	True	True	both_directions_pass
M006865	M006634	True	True	True	True	both_directions_pass
M006865	M006823	True	True	True	True	both_directions_pass
M006865	M006966	True	True	True	True	both_directions_pass
M006865	M007003	True	True	True	True	both_directions_pass
M006865	M007049	True	True	True	True	both_directions_pass
M006865	M007186	True	True	True	True	both_directions_pass
M006865	M007349	True	True	True	True	both_directions_pass
M006865	M007392	True	True	True	True	both_directions_pass
M006865	M007550	True	True	True	True	both_directions_pass
M006865	M007788	True	True	True	True	both_directions_pass
M006865	M007905	True	True	True	True	both_directions_pass
M006865	M008044	True	True	True	True	both_directions_pass
M006865	M008073	True	True	True	True	both_directions_pass
M006865	M008211	True	True	True	True	both_directions_pass
M006865	M008340	True	True	True	True	both_directions_pass
M006865	M008461	True	True	True	True	both_directions_pass
M006865	M008493	True	True	True	True	both_directions_pass
M006865	M008773	True	True	True	True	both_directions_pass
M006865	M008903	True	True	True	True	both_directions_pass
M006865	M009013	True	True	True	True	both_directions_pass
M006865	M009146	True	True	True	True	both_directions_pass
M006865	M009277	True	True	True	True	both_directions_pass
M006865	M009401	True	True	True	True	both_directions_pass
M006865	M009626	True	True	True	True	both_directions_pass
M006865	M009688	True	True	True	True	both_directions_pass
M006865	M009878	True	True	True	True	both_directions_pass
M006865	M009962	True	True	True	True	both_directions_pass
M006865	M010021	True	True	True	True	both_directions_pass
M006865	M010156	True	True	True	True	both_directions_pass
M006865	M010423	True	True	True	True	both_directions_pass
M006865	M010689	True	True	True	True	both_directions_pass
M006865	M010754	True	True	True	True	both_directions_pass
M006865	M010889	True	True	True	True	both_directions_pass
M006865	M011062	True	True	True	True	both_directions_pass
M006865	M011102	True	True	True	True	both_directions_pass
M006865	M011194	True	True	True	True	both_directions_pass
M006865	M011261	True	True	True	True	both_directions_pass
M006865	M011439	True	True	True	True	both_directions_pass
M006865	M011497	True	True	True	True	both_directions_pass
M006865	M011596	True	True	True	True	both_directions_pass
M006865	M011877	True	True	True	True	both_directions_pass
M006865	M012051	True	True	True	True	both_directions_pass
M006865	M012121	True	True	True	True	both_directions_pass
M006865	M012179	True	True	True	True	both_directions_pass
M006865	M012309	True	True	True	True	both_directions_pass
M006865	M012406	True	True	True	True	both_directions_pass
M006865	M012520	True	True	True	True	both_directions_pass
M006865	M012638	True	True	True	True	both_directions_pass
M006865	M012910	True	True	True	True	both_directions_pass
M006865	M013009	True	True	True	True	both_directions_pass
M006865	M013069	True	True	True	True	both_directions_pass
M006865	M013129	True	True	True	True	both_directions_pass
M006865	M014408	True	True	True	True	both_directions_pass
M006865	M014730	True	True	True	True	both_directions_pass
M006865	M016018	True	True	True	True	both_directions_pass
M006865	M016172	True	True	True	True	both_directions_pass
M006869	M002838	True	True	True	True	both_directions_pass
M006870	M000037	True	True	True	True	both_directions_pass
M006870	M000171	True	True	True	True	both_directions_pass
M006870	M000214	True	True	True	True	both_directions_pass
M006870	M000343	True	True	True	True	both_directions_pass
M006870	M000455	True	True	True	True	both_directions_pass
M006870	M000613	True	True	True	True	both_directions_pass
M006870	M000646	True	True	True	True	both_directions_pass
M006870	M000794	True	True	True	True	both_directions_pass
M006870	M000801	True	True	False	False	neither_direction_passes
M006870	M001092	True	True	True	True	both_directions_pass
M006870	M001116	True	True	True	True	both_directions_pass
M006870	M001425	True	True	True	True	both_directions_pass
M006870	M001545	True	True	True	True	both_directions_pass
M006870	M001722	True	True	True	True	both_directions_pass
M006870	M001843	True	True	True	True	both_directions_pass
M006870	M001963	True	True	True	True	both_directions_pass
M006870	M001985	True	True	True	True	both_directions_pass
M006870	M002103	True	True	True	True	both_directions_pass
M006870	M002340	True	True	True	True	both_directions_pass
M006870	M002529	True	True	True	True	both_directions_pass
M006870	M002540	True	True	True	True	both_directions_pass
M006870	M002552	True	True	True	True	both_directions_pass
M006870	M002562	True	True	True	True	both_directions_pass
M006870	M002636	True	True	True	True	both_directions_pass
M006870	M002764	True	True	True	True	both_directions_pass
M006870	M002866	True	True	True	True	both_directions_pass
M006870	M003001	True	True	True	True	both_directions_pass
M006870	M003106	True	True	True	True	both_directions_pass
M006870	M003178	True	True	True	True	both_directions_pass
M006870	M003331	True	True	True	True	both_directions_pass
M006870	M003557	True	True	True	True	both_directions_pass
M006870	M003755	True	True	True	True	both_directions_pass
M006870	M003764	True	True	False	False	neither_direction_passes
M006870	M003830	True	True	True	True	both_directions_pass
M006870	M004005	True	True	True	True	both_directions_pass
M006870	M004172	True	True	True	True	both_directions_pass
M006870	M004336	True	True	True	True	both_directions_pass
M006870	M004454	True	True	True	True	both_directions_pass
M006870	M004535	True	True	True	True	both_directions_pass
M006870	M004672	True	True	True	True	both_directions_pass
M006870	M004822	True	True	True	True	both_directions_pass
M006870	M004963	True	True	True	True	both_directions_pass
M006870	M005094	True	True	True	True	both_directions_pass
M006870	M005200	True	True	True	True	both_directions_pass
M006870	M005272	True	True	True	True	both_directions_pass
M006870	M005483	True	True	True	True	both_directions_pass
M006870	M005618	True	True	True	True	both_directions_pass
M006870	M005827	True	True	True	True	both_directions_pass
M006870	M005846	True	True	True	True	both_directions_pass
M006870	M005998	True	True	False	False	neither_direction_passes
M006870	M006209	True	True	True	True	both_directions_pass
M006870	M006280	True	True	True	True	both_directions_pass
M006870	M006412	True	True	True	True	both_directions_pass
M006870	M006452	True	True	True	True	both_directions_pass
M006870	M006741	True	True	True	True	both_directions_pass
M006870	M007063	True	True	True	True	both_directions_pass
M006870	M007197	True	True	True	True	both_directions_pass
M006870	M007476	True	True	True	True	both_directions_pass
M006870	M007644	True	True	True	True	both_directions_pass
M006870	M007729	True	True	True	True	both_directions_pass
M006870	M007888	True	True	True	True	both_directions_pass
M006870	M007917	True	True	True	True	both_directions_pass
M006870	M008069	True	True	True	True	both_directions_pass
M006870	M008188	True	True	True	True	both_directions_pass
M006870	M008281	True	True	True	True	both_directions_pass
M006870	M008446	True	True	True	True	both_directions_pass
M006870	M008499	True	True	True	True	both_directions_pass
M006870	M008609	True	True	True	True	both_directions_pass
M006870	M008620	True	True	True	True	both_directions_pass
M006870	M008718	True	True	True	True	both_directions_pass
M006870	M008804	True	True	True	True	both_directions_pass
M006870	M008810	True	True	True	True	both_directions_pass
M006870	M008938	True	True	True	True	both_directions_pass
M006870	M009170	True	True	True	True	both_directions_pass
M006870	M009299	True	True	True	True	both_directions_pass
M006870	M009419	True	True	True	True	both_directions_pass
M006870	M009495	True	True	True	True	both_directions_pass
M006870	M009559	True	True	True	True	both_directions_pass
M006870	M009697	True	True	True	True	both_directions_pass
M006870	M009844	True	True	True	True	both_directions_pass
M006870	M009918	True	True	True	True	both_directions_pass
M006870	M010042	True	True	True	True	both_directions_pass
M006870	M010234	True	True	True	True	both_directions_pass
M006870	M010272	True	True	True	True	both_directions_pass
M006870	M010345	True	True	True	True	both_directions_pass
M006870	M010601	True	True	False	False	neither_direction_passes
M006870	M010670	True	True	True	True	both_directions_pass
M006870	M010779	True	True	True	True	both_directions_pass
M006870	M010907	True	True	True	True	both_directions_pass
M006870	M011076	True	True	True	True	both_directions_pass
M006870	M011171	True	True	True	True	both_directions_pass
M006870	M011305	True	True	True	True	both_directions_pass
M006870	M011458	True	True	True	True	both_directions_pass
M006870	M011610	True	True	True	True	both_directions_pass
M006870	M011716	True	True	True	True	both_directions_pass
M006870	M011829	True	True	True	True	both_directions_pass
M006870	M011942	True	True	True	True	both_directions_pass
M006870	M011943	True	True	True	True	both_directions_pass
M006870	M011992	True	True	True	True	both_directions_pass
M006870	M012424	True	True	True	True	both_directions_pass
M006870	M012493	True	True	True	True	both_directions_pass
M006870	M012717	True	True	True	True	both_directions_pass
M006870	M012833	True	True	True	True	both_directions_pass
M006870	M012959	True	True	True	True	both_directions_pass
M006870	M013112	True	True	True	True	both_directions_pass
M006870	M013309	True	True	True	True	both_directions_pass
M006870	M014719	True	True	True	True	both_directions_pass
M006870	M015023	True	True	True	True	both_directions_pass
M006870	M015729	True	True	True	True	both_directions_pass
M006870	M016228	True	True	True	True	both_directions_pass
M006870	M016889	True	True	True	True	both_directions_pass
M006870	M017177	True	True	True	True	both_directions_pass
M006873	M007502	True	True	True	True	both_directions_pass
M006873	M013731	True	True	True	True	both_directions_pass
M006873	M014382	True	True	True	True	both_directions_pass
M006901	M005027	True	True	True	True	both_directions_pass
M006901	M005273	True	True	True	True	both_directions_pass
M006901	M006416	True	True	True	True	both_directions_pass
M006901	M007217	True	True	True	True	both_directions_pass
M006901	M007408	True	True	True	True	both_directions_pass
M006917	M013204	True	True	True	True	both_directions_pass
M006917	M014718	True	True	True	True	both_directions_pass
M006937	M005024	True	True	False	False	neither_direction_passes
M006945	M007055	True	True	True	True	both_directions_pass
M006952	M002835	True	True	True	True	both_directions_pass
M006981	M002781	True	True	True	True	both_directions_pass
M006981	M005019	True	True	True	True	both_directions_pass
M006987	M009754	True	True	True	True	both_directions_pass
M006988	M000028	True	True	True	True	both_directions_pass
M006988	M000157	True	True	True	True	both_directions_pass
M006988	M000350	True	True	True	True	both_directions_pass
M006988	M000394	True	True	True	True	both_directions_pass
M006988	M000547	True	True	True	True	both_directions_pass
M006988	M000628	True	True	True	True	both_directions_pass
M006988	M000674	True	True	True	True	both_directions_pass
M006988	M000894	True	True	True	True	both_directions_pass
M006988	M000924	True	True	True	True	both_directions_pass
M006988	M001078	True	True	True	True	both_directions_pass
M006988	M001174	True	True	True	True	both_directions_pass
M006988	M001529	True	True	True	True	both_directions_pass
M006988	M001750	True	True	True	True	both_directions_pass
M006988	M001859	True	True	True	True	both_directions_pass
M006988	M002066	True	True	True	True	both_directions_pass
M006988	M002139	True	True	True	True	both_directions_pass
M006988	M002278	True	True	True	True	both_directions_pass
M006988	M002416	True	True	True	True	both_directions_pass
M006988	M002828	True	True	True	True	both_directions_pass
M006988	M003399	True	True	True	True	both_directions_pass
M006988	M003812	True	True	True	True	both_directions_pass
M006988	M004027	True	True	True	True	both_directions_pass
M006988	M004059	True	True	True	True	both_directions_pass
M006988	M004202	True	True	True	True	both_directions_pass
M006988	M004381	True	True	True	True	both_directions_pass
M006988	M004493	True	True	True	True	both_directions_pass
M006988	M004636	True	True	True	True	both_directions_pass
M006988	M004760	True	True	True	True	both_directions_pass
M006988	M005000	True	True	True	True	both_directions_pass
M006988	M005070	True	True	True	True	both_directions_pass
M006988	M005163	True	True	True	True	both_directions_pass
M006988	M005289	True	True	True	True	both_directions_pass
M006988	M005498	True	True	True	True	both_directions_pass
M006988	M005544	True	True	True	True	both_directions_pass
M006988	M005710	True	True	True	True	both_directions_pass
M006988	M005795	True	True	True	True	both_directions_pass
M006988	M005970	True	True	True	True	both_directions_pass
M006988	M006098	True	True	True	True	both_directions_pass
M006988	M006154	True	True	True	True	both_directions_pass
M006988	M006199	True	True	True	True	both_directions_pass
M006988	M006479	True	True	True	True	both_directions_pass
M006988	M006539	True	True	True	True	both_directions_pass
M006988	M006796	True	True	True	True	both_directions_pass
M006988	M006956	True	True	True	True	both_directions_pass
M006988	M007033	True	True	True	True	both_directions_pass
M006988	M007113	True	True	True	True	both_directions_pass
M006988	M007138	True	True	True	True	both_directions_pass
M006988	M007426	True	True	True	True	both_directions_pass
M006988	M007638	True	True	True	True	both_directions_pass
M006988	M007802	True	True	True	True	both_directions_pass
M006988	M008154	True	True	True	True	both_directions_pass
M006988	M008297	True	True	True	True	both_directions_pass
M006988	M008797	True	True	True	True	both_directions_pass
M006988	M009710	True	True	True	True	both_directions_pass
M006988	M009799	True	True	True	True	both_directions_pass
M006988	M009890	True	True	True	True	both_directions_pass
M006988	M009991	True	True	True	True	both_directions_pass
M006988	M010160	True	True	True	True	both_directions_pass
M006988	M010439	True	True	True	True	both_directions_pass
M006988	M010553	True	True	True	True	both_directions_pass
M006988	M010677	True	True	True	True	both_directions_pass
M006988	M010750	True	True	True	True	both_directions_pass
M006988	M011022	True	True	True	True	both_directions_pass
M006988	M011181	True	True	True	True	both_directions_pass
M006988	M011454	True	True	True	True	both_directions_pass
M006988	M011525	True	True	True	True	both_directions_pass
M006988	M011547	True	True	True	True	both_directions_pass
M006988	M011795	True	True	True	True	both_directions_pass
M006988	M011867	True	True	True	True	both_directions_pass
M006988	M012058	True	True	True	True	both_directions_pass
M006988	M012079	True	True	True	True	both_directions_pass
M006988	M012229	True	True	True	True	both_directions_pass
M006988	M012279	True	True	True	True	both_directions_pass
M006988	M012524	True	True	True	True	both_directions_pass
M006988	M012626	True	True	True	True	both_directions_pass
M006988	M012721	True	True	True	True	both_directions_pass
M006988	M012919	True	True	True	True	both_directions_pass
M006988	M014229	True	True	True	True	both_directions_pass
M006988	M015523	True	True	True	True	both_directions_pass
M006988	M017597	True	True	True	True	both_directions_pass
M006990	M000121	True	True	True	True	both_directions_pass
M006990	M000346	True	True	True	True	both_directions_pass
M006990	M000422	True	True	True	True	both_directions_pass
M006990	M001141	True	True	True	True	both_directions_pass
M006990	M001575	True	True	True	True	both_directions_pass
M006990	M001624	True	True	True	True	both_directions_pass
M006990	M002081	True	True	True	True	both_directions_pass
M006990	M002150	True	True	True	True	both_directions_pass
M006990	M002405	True	True	True	True	both_directions_pass
M006990	M002566	True	True	True	True	both_directions_pass
M006990	M002965	True	True	True	True	both_directions_pass
M006990	M003733	True	True	True	True	both_directions_pass
M006990	M004479	True	True	True	True	both_directions_pass
M006990	M004546	True	True	True	True	both_directions_pass
M006990	M004801	True	True	True	True	both_directions_pass
M006990	M004994	True	True	True	True	both_directions_pass
M006990	M005105	True	True	True	True	both_directions_pass
M006990	M005576	True	True	True	True	both_directions_pass
M006990	M005696	True	True	True	True	both_directions_pass
M006990	M006142	True	True	True	True	both_directions_pass
M006990	M006605	True	True	True	True	both_directions_pass
M006990	M006819	True	True	True	True	both_directions_pass
M006990	M007244	True	True	True	True	both_directions_pass
M006990	M007344	True	True	True	True	both_directions_pass
M006990	M007416	True	True	True	True	both_directions_pass
M006990	M007648	True	True	True	True	both_directions_pass
M006990	M007986	True	True	True	True	both_directions_pass
M006990	M008423	True	True	True	True	both_directions_pass
M006990	M009259	True	True	True	True	both_directions_pass
M006990	M009671	True	True	True	True	both_directions_pass
M006990	M010073	True	True	True	True	both_directions_pass
M006990	M010273	True	True	True	True	both_directions_pass
M006990	M010382	True	True	True	True	both_directions_pass
M006990	M010656	True	True	True	True	both_directions_pass
M006990	M010746	True	True	True	True	both_directions_pass
M006990	M011425	True	True	True	True	both_directions_pass
M006990	M012849	True	True	True	True	both_directions_pass
M006990	M013166	True	True	True	True	both_directions_pass
M006990	M013276	True	True	True	True	both_directions_pass
M006990	M013334	True	True	True	True	both_directions_pass
M006990	M013335	True	True	True	True	both_directions_pass
M006990	M013344	True	True	True	True	both_directions_pass
M006990	M013399	True	True	True	True	both_directions_pass
M006990	M013653	True	True	True	True	both_directions_pass
M006990	M013674	True	True	True	True	both_directions_pass
M006990	M013684	True	True	True	True	both_directions_pass
M006990	M013691	True	True	True	True	both_directions_pass
M006990	M013864	True	True	True	True	both_directions_pass
M006990	M014139	True	True	True	True	both_directions_pass
M006990	M014247	True	True	True	True	both_directions_pass
M006990	M014282	True	True	True	True	both_directions_pass
M006990	M014283	True	True	True	True	both_directions_pass
M006990	M014364	True	True	True	True	both_directions_pass
M006990	M014387	True	True	True	True	both_directions_pass
M006990	M014493	True	True	True	True	both_directions_pass
M006990	M015066	True	True	True	True	both_directions_pass
M006990	M015295	True	True	True	True	both_directions_pass
M006990	M015305	True	True	True	True	both_directions_pass
M006990	M015364	True	True	True	True	both_directions_pass
M006990	M015370	True	True	True	True	both_directions_pass
M006990	M015437	True	True	True	True	both_directions_pass
M006990	M015670	True	True	True	True	both_directions_pass
M006990	M016028	True	True	True	True	both_directions_pass
M006990	M016038	True	True	True	True	both_directions_pass
M006990	M016071	True	True	True	True	both_directions_pass
M006990	M016304	True	True	True	True	both_directions_pass
M006990	M016349	True	True	True	True	both_directions_pass
M006990	M016359	True	True	True	True	both_directions_pass
M006990	M016412	True	True	True	True	both_directions_pass
M006990	M016557	True	True	True	True	both_directions_pass
M006990	M016598	True	True	True	True	both_directions_pass
M006990	M016615	True	True	True	True	both_directions_pass
M006990	M016671	True	True	True	True	both_directions_pass
M006990	M016878	True	True	True	True	both_directions_pass
M006990	M016931	True	True	True	True	both_directions_pass
M006990	M016935	True	True	True	True	both_directions_pass
M006990	M016944	True	True	True	True	both_directions_pass
M006990	M016963	True	True	True	True	both_directions_pass
M006990	M016996	True	True	True	True	both_directions_pass
M006990	M017012	True	True	True	True	both_directions_pass
M006990	M017136	True	True	True	True	both_directions_pass
M006990	M017257	True	True	True	True	both_directions_pass
M006990	M017282	True	True	True	True	both_directions_pass
M006990	M017301	True	True	True	True	both_directions_pass
M006990	M017422	True	True	True	True	both_directions_pass
M006990	M017503	True	True	True	True	both_directions_pass
M006990	M017549	True	True	True	True	both_directions_pass
M006990	M017592	True	True	True	True	both_directions_pass
M006990	M017769	True	True	True	True	both_directions_pass
M006990	M017809	True	True	True	True	both_directions_pass
M006990	M017823	True	True	True	True	both_directions_pass
M006990	M017905	True	True	True	True	both_directions_pass
M006990	M017931	True	True	True	True	both_directions_pass
M006990	M018015	True	True	True	True	both_directions_pass
M006990	M018146	True	True	True	True	both_directions_pass
M006990	M018153	True	True	True	True	both_directions_pass
M006990	M018173	True	True	True	True	both_directions_pass
M006990	M018222	True	True	True	True	both_directions_pass
M006992	M000126	True	True	True	True	both_directions_pass
M006992	M000223	True	True	True	True	both_directions_pass
M006992	M000303	True	True	True	True	both_directions_pass
M006992	M000453	True	True	True	True	both_directions_pass
M006992	M000622	True	True	True	True	both_directions_pass
M006992	M001071	True	True	True	True	both_directions_pass
M006992	M001197	True	True	True	True	both_directions_pass
M006992	M001274	True	True	True	True	both_directions_pass
M006992	M001390	True	True	True	True	both_directions_pass
M006992	M001491	True	True	True	True	both_directions_pass
M006992	M001495	True	True	True	True	both_directions_pass
M006992	M001565	True	True	True	True	both_directions_pass
M006992	M001638	True	True	True	True	both_directions_pass
M006992	M001943	True	True	True	True	both_directions_pass
M006992	M002006	True	True	True	True	both_directions_pass
M006992	M002110	True	True	True	True	both_directions_pass
M006992	M002277	True	True	True	True	both_directions_pass
M006992	M002406	True	True	True	True	both_directions_pass
M006992	M002515	True	True	True	True	both_directions_pass
M006992	M002620	True	True	True	True	both_directions_pass
M006992	M002841	True	True	True	True	both_directions_pass
M006992	M002921	True	True	True	True	both_directions_pass
M006992	M003055	True	True	True	True	both_directions_pass
M006992	M003338	True	True	True	True	both_directions_pass
M006992	M003376	True	True	True	True	both_directions_pass
M006992	M003576	True	True	True	True	both_directions_pass
M006992	M003701	True	True	True	True	both_directions_pass
M006992	M003853	True	True	True	True	both_directions_pass
M006992	M003957	True	True	True	True	both_directions_pass
M006992	M004158	True	True	True	True	both_directions_pass
M006992	M004284	True	True	True	True	both_directions_pass
M006992	M004464	True	True	True	True	both_directions_pass
M006992	M004525	True	True	True	True	both_directions_pass
M006992	M004757	True	True	True	True	both_directions_pass
M006992	M004828	True	True	True	True	both_directions_pass
M006992	M004973	True	True	True	True	both_directions_pass
M006992	M005065	True	True	True	True	both_directions_pass
M006992	M005205	True	True	True	True	both_directions_pass
M006992	M005317	True	True	True	True	both_directions_pass
M006992	M005432	True	True	True	True	both_directions_pass
M006992	M005607	True	True	True	True	both_directions_pass
M006992	M005652	True	True	True	True	both_directions_pass
M006992	M005788	True	True	True	True	both_directions_pass
M006992	M005937	True	True	True	True	both_directions_pass
M006992	M006009	True	True	True	True	both_directions_pass
M006992	M006138	True	True	True	True	both_directions_pass
M006992	M006249	True	True	True	True	both_directions_pass
M006992	M006545	True	True	True	True	both_directions_pass
M006992	M006548	True	True	True	True	both_directions_pass
M006992	M006587	True	True	True	True	both_directions_pass
M006992	M006669	True	True	True	True	both_directions_pass
M006992	M006726	True	True	True	True	both_directions_pass
M006992	M006970	True	True	True	True	both_directions_pass
M006992	M007075	True	True	True	True	both_directions_pass
M006992	M007267	True	True	True	True	both_directions_pass
M006992	M007318	True	True	True	True	both_directions_pass
M006992	M007515	True	True	True	True	both_directions_pass
M006992	M007621	True	True	True	True	both_directions_pass
M006992	M007750	True	True	True	True	both_directions_pass
M006992	M007869	True	True	True	True	both_directions_pass
M006992	M008024	True	True	True	True	both_directions_pass
M006992	M008097	True	True	True	True	both_directions_pass
M006992	M008183	True	True	True	True	both_directions_pass
M006992	M008390	True	True	True	True	both_directions_pass
M006992	M008453	True	True	True	True	both_directions_pass
M006992	M008594	True	True	True	True	both_directions_pass
M006992	M008644	True	True	True	True	both_directions_pass
M006992	M008792	True	True	True	True	both_directions_pass
M006992	M009009	True	True	True	True	both_directions_pass
M006992	M009107	True	True	True	True	both_directions_pass
M006992	M009323	True	True	True	True	both_directions_pass
M006992	M009594	True	True	True	True	both_directions_pass
M006992	M009693	True	True	True	True	both_directions_pass
M006992	M009718	True	True	True	True	both_directions_pass
M006992	M009782	True	True	True	True	both_directions_pass
M006992	M009899	True	True	True	True	both_directions_pass
M006992	M010096	True	True	True	True	both_directions_pass
M006992	M010145	True	True	True	True	both_directions_pass
M006992	M010285	True	True	True	True	both_directions_pass
M006992	M010397	True	True	True	True	both_directions_pass
M006992	M010533	True	True	True	True	both_directions_pass
M006992	M010631	True	True	True	True	both_directions_pass
M006992	M010776	True	True	True	True	both_directions_pass
M006992	M010922	True	True	True	True	both_directions_pass
M006992	M011056	True	True	True	True	both_directions_pass
M006992	M011322	True	True	True	True	both_directions_pass
M006992	M011370	True	True	True	True	both_directions_pass
M006992	M011590	True	True	True	True	both_directions_pass
M006992	M011671	True	True	True	True	both_directions_pass
M006992	M011972	True	True	True	True	both_directions_pass
M006992	M012088	True	True	True	True	both_directions_pass
M006992	M012445	True	True	True	True	both_directions_pass
M006992	M012540	True	True	True	True	both_directions_pass
M006992	M012640	True	True	True	True	both_directions_pass
M006992	M012788	True	True	True	True	both_directions_pass
M006992	M012855	True	True	True	True	both_directions_pass
M006992	M012973	True	True	True	True	both_directions_pass
M006992	M013056	True	True	True	True	both_directions_pass
M006993	M000009	True	True	True	True	both_directions_pass
M006993	M000207	True	True	True	True	both_directions_pass
M006993	M000501	True	True	True	True	both_directions_pass
M006993	M001211	True	True	True	True	both_directions_pass
M006993	M002107	True	True	True	True	both_directions_pass
M006993	M002468	True	True	True	True	both_directions_pass
M006993	M002670	True	True	True	True	both_directions_pass
M006993	M002873	True	True	False	False	neither_direction_passes
M006993	M002970	True	True	True	True	both_directions_pass
M006993	M003083	True	True	True	True	both_directions_pass
M006993	M003103	True	True	False	False	neither_direction_passes
M006993	M003176	True	True	False	False	neither_direction_passes
M006993	M003188	True	True	True	True	both_directions_pass
M006993	M003293	True	True	True	True	both_directions_pass
M006993	M003476	True	True	True	True	both_directions_pass
M006993	M003562	True	True	False	False	neither_direction_passes
M006993	M003685	True	True	True	True	both_directions_pass
M006993	M004133	True	True	True	True	both_directions_pass
M006993	M004387	True	True	True	True	both_directions_pass
M006993	M004610	True	True	True	True	both_directions_pass
M006993	M004792	True	True	True	True	both_directions_pass
M006993	M004820	True	True	True	True	both_directions_pass
M006993	M004937	True	True	True	True	both_directions_pass
M006993	M005209	True	True	True	True	both_directions_pass
M006993	M005351	True	True	True	True	both_directions_pass
M006993	M005493	True	True	True	True	both_directions_pass
M006993	M006129	True	True	True	True	both_directions_pass
M006993	M006319	True	True	True	True	both_directions_pass
M006993	M006636	True	True	True	True	both_directions_pass
M006993	M006657	True	True	True	True	both_directions_pass
M006993	M007157	True	True	True	True	both_directions_pass
M006993	M007395	True	True	True	True	both_directions_pass
M006993	M007489	True	True	False	False	neither_direction_passes
M006993	M007775	True	True	True	True	both_directions_pass
M006993	M007792	True	True	True	True	both_directions_pass
M006993	M007873	True	True	False	False	neither_direction_passes
M006993	M007931	True	True	True	True	both_directions_pass
M006993	M007979	True	True	False	False	neither_direction_passes
M006993	M008187	True	True	True	True	both_directions_pass
M006993	M008236	True	True	True	True	both_directions_pass
M006993	M008278	True	True	True	True	both_directions_pass
M006993	M008333	True	True	True	True	both_directions_pass
M006993	M008348	True	True	True	True	both_directions_pass
M006993	M008551	True	True	True	True	both_directions_pass
M006993	M008738	True	True	True	True	both_directions_pass
M006993	M009043	True	True	True	True	both_directions_pass
M006993	M009111	True	True	True	True	both_directions_pass
M006993	M009231	True	True	True	True	both_directions_pass
M006993	M009477	True	True	True	True	both_directions_pass
M006993	M009506	True	True	True	True	both_directions_pass
M006993	M009581	True	True	True	True	both_directions_pass
M006993	M010066	True	True	True	True	both_directions_pass
M006993	M010758	True	True	True	True	both_directions_pass
M006993	M010876	True	True	True	True	both_directions_pass
M006993	M011101	True	True	True	True	both_directions_pass
M006993	M011127	True	True	True	True	both_directions_pass
M006993	M011190	True	True	False	False	neither_direction_passes
M006993	M011313	True	True	True	True	both_directions_pass
M006993	M011688	True	True	True	True	both_directions_pass
M006993	M012414	True	True	True	True	both_directions_pass
M006993	M012899	True	True	True	True	both_directions_pass
M006993	M013012	True	True	True	True	both_directions_pass
M006993	M013506	True	True	False	False	neither_direction_passes
M006993	M014125	True	True	True	True	both_directions_pass
M006993	M014326	True	True	True	True	both_directions_pass
M006993	M015103	True	True	True	True	both_directions_pass
M006993	M017173	True	True	True	True	both_directions_pass
M006994	M000125	True	True	True	True	both_directions_pass
M006994	M000538	True	True	True	True	both_directions_pass
M006994	M000842	True	True	True	True	both_directions_pass
M006994	M000979	True	True	True	True	both_directions_pass
M006994	M001033	True	True	True	True	both_directions_pass
M006994	M001146	True	True	True	True	both_directions_pass
M006994	M001225	True	True	True	True	both_directions_pass
M006994	M001485	True	True	True	True	both_directions_pass
M006994	M002011	True	True	True	True	both_directions_pass
M006994	M002154	True	True	True	True	both_directions_pass
M006994	M002377	True	True	True	True	both_directions_pass
M006994	M002383	True	True	True	True	both_directions_pass
M006994	M002491	True	True	True	True	both_directions_pass
M006994	M002587	True	True	True	True	both_directions_pass
M006994	M002723	True	True	True	True	both_directions_pass
M006994	M002802	True	True	True	True	both_directions_pass
M006994	M003056	True	True	True	True	both_directions_pass
M006994	M003078	True	True	True	True	both_directions_pass
M006994	M003222	True	True	True	True	both_directions_pass
M006994	M003349	True	True	True	True	both_directions_pass
M006994	M003478	True	True	True	True	both_directions_pass
M006994	M003577	True	True	True	True	both_directions_pass
M006994	M003706	True	True	True	True	both_directions_pass
M006994	M003928	True	True	True	True	both_directions_pass
M006994	M004063	True	True	True	True	both_directions_pass
M006994	M004089	True	True	True	True	both_directions_pass
M006994	M004120	True	True	True	True	both_directions_pass
M006994	M004136	True	True	True	True	both_directions_pass
M006994	M004247	True	True	True	True	both_directions_pass
M006994	M004283	True	True	True	True	both_directions_pass
M006994	M004463	True	True	True	True	both_directions_pass
M006994	M004556	True	True	True	True	both_directions_pass
M006994	M004766	True	True	True	True	both_directions_pass
M006994	M004836	True	True	True	True	both_directions_pass
M006994	M004970	True	True	True	True	both_directions_pass
M006994	M005067	True	True	True	True	both_directions_pass
M006994	M005188	True	True	True	True	both_directions_pass
M006994	M005352	True	True	True	True	both_directions_pass
M006994	M005476	True	True	True	True	both_directions_pass
M006994	M005526	True	True	True	True	both_directions_pass
M006994	M005677	True	True	True	True	both_directions_pass
M006994	M005925	True	True	True	True	both_directions_pass
M006994	M006200	True	True	True	True	both_directions_pass
M006994	M006290	True	True	True	True	both_directions_pass
M006994	M006426	True	True	True	True	both_directions_pass
M006994	M006446	True	True	True	True	both_directions_pass
M006994	M006665	True	True	True	True	both_directions_pass
M006994	M006723	True	True	True	True	both_directions_pass
M006994	M006884	True	True	True	True	both_directions_pass
M006994	M007089	True	True	True	True	both_directions_pass
M006994	M007187	True	True	True	True	both_directions_pass
M006994	M007378	True	True	True	True	both_directions_pass
M006994	M007527	True	True	True	True	both_directions_pass
M006994	M007538	True	True	True	True	both_directions_pass
M006994	M007731	True	True	True	True	both_directions_pass
M006994	M007812	True	True	True	True	both_directions_pass
M006994	M008036	True	True	True	True	both_directions_pass
M006994	M008216	True	True	True	True	both_directions_pass
M006994	M008237	True	True	True	True	both_directions_pass
M006994	M008410	True	True	True	True	both_directions_pass
M006994	M008449	True	True	True	True	both_directions_pass
M006994	M008595	True	True	True	True	both_directions_pass
M006994	M008779	True	True	True	True	both_directions_pass
M006994	M008919	True	True	True	True	both_directions_pass
M006994	M009057	True	True	True	True	both_directions_pass
M006994	M009101	True	True	True	True	both_directions_pass
M006994	M009262	True	True	True	True	both_directions_pass
M006994	M009348	True	True	True	True	both_directions_pass
M006994	M009560	True	True	True	True	both_directions_pass
M006994	M009940	True	True	True	True	both_directions_pass
M006994	M010099	True	True	True	True	both_directions_pass
M006994	M010170	True	True	True	True	both_directions_pass
M006994	M010332	True	True	True	True	both_directions_pass
M006994	M010396	True	True	True	True	both_directions_pass
M006994	M010622	True	True	True	True	both_directions_pass
M006994	M010684	True	True	True	True	both_directions_pass
M006994	M010857	True	True	True	True	both_directions_pass
M006994	M011005	True	True	True	True	both_directions_pass
M006994	M011128	True	True	True	True	both_directions_pass
M006994	M011189	True	True	True	True	both_directions_pass
M006994	M011412	True	True	True	True	both_directions_pass
M006994	M011731	True	True	True	True	both_directions_pass
M006994	M011781	True	True	True	True	both_directions_pass
M006994	M012189	True	True	True	True	both_directions_pass
M006994	M012282	True	True	True	True	both_directions_pass
M006994	M012453	True	True	True	True	both_directions_pass
M006994	M012544	True	True	True	True	both_directions_pass
M006994	M012642	True	True	True	True	both_directions_pass
M006994	M012845	True	True	True	True	both_directions_pass
M006994	M012977	True	True	True	True	both_directions_pass
M006994	M013068	True	True	True	True	both_directions_pass
M006994	M013131	True	True	True	True	both_directions_pass
M007000	M003915	True	True	True	True	both_directions_pass
M007000	M013349	True	True	True	True	both_directions_pass
M007000	M014087	True	True	True	True	both_directions_pass
M007000	M015528	True	True	True	True	both_directions_pass
M007000	M015841	True	True	True	True	both_directions_pass
M007000	M015935	True	True	True	True	both_directions_pass
M007000	M016225	True	True	True	True	both_directions_pass
M007000	M016733	True	True	True	True	both_directions_pass
M007004	M001898	True	True	True	True	both_directions_pass
M007004	M003496	True	True	True	True	both_directions_pass
M007004	M004171	True	True	True	True	both_directions_pass
M007004	M006078	True	True	True	True	both_directions_pass
M007004	M015957	True	True	True	True	both_directions_pass
M007006	M000353	True	True	True	True	both_directions_pass
M007006	M004148	True	True	True	True	both_directions_pass
M007006	M009749	True	True	True	True	both_directions_pass
M007009	M002570	True	True	True	True	both_directions_pass
M007009	M004018	True	True	True	True	both_directions_pass
M007009	M006386	True	True	True	True	both_directions_pass
M007011	M002944	True	True	True	True	both_directions_pass
M007019	M000293	True	True	True	True	both_directions_pass
M007019	M001636	True	True	True	True	both_directions_pass
M007019	M003766	True	True	True	True	both_directions_pass
M007019	M003904	True	True	True	True	both_directions_pass
M007019	M007650	True	True	True	True	both_directions_pass
M007019	M014797	True	True	False	False	neither_direction_passes
M007039	M003384	True	True	True	True	both_directions_pass
M007039	M010318	True	True	True	True	both_directions_pass
M007039	M011569	True	True	True	True	both_directions_pass
M007039	M015869	True	True	True	True	both_directions_pass
M007041	M007032	True	True	True	True	both_directions_pass
M007042	M000023	True	True	True	True	both_directions_pass
M007042	M002702	True	True	False	False	neither_direction_passes
M007042	M002869	True	True	False	False	neither_direction_passes
M007042	M004001	True	True	True	True	both_directions_pass
M007042	M004509	True	True	True	True	both_directions_pass
M007042	M006833	True	True	False	False	neither_direction_passes
M007042	M007001	True	True	False	False	neither_direction_passes
M007042	M007668	True	True	True	True	both_directions_pass
M007042	M008043	True	True	True	True	both_directions_pass
M007042	M009015	True	True	False	False	neither_direction_passes
M007042	M009248	True	True	False	False	neither_direction_passes
M007042	M011037	True	True	True	True	both_directions_pass
M007042	M011964	True	True	False	False	neither_direction_passes
M007042	M012636	True	True	True	True	both_directions_pass
M007042	M013207	True	True	False	False	neither_direction_passes
M007042	M013623	True	True	False	False	neither_direction_passes
M007042	M013727	True	True	True	True	both_directions_pass
M007042	M014123	True	True	False	False	neither_direction_passes
M007042	M014419	True	True	False	False	neither_direction_passes
M007042	M014500	True	True	False	False	neither_direction_passes
M007042	M014513	True	True	False	False	neither_direction_passes
M007042	M014713	True	True	False	False	neither_direction_passes
M007042	M014722	True	True	False	False	neither_direction_passes
M007042	M014751	True	True	False	False	neither_direction_passes
M007042	M015314	True	True	True	True	both_directions_pass
M007042	M015694	True	True	False	False	neither_direction_passes
M007042	M015718	True	True	False	False	neither_direction_passes
M007042	M015910	True	True	False	False	neither_direction_passes
M007042	M016027	True	True	False	False	neither_direction_passes
M007042	M016091	True	True	True	True	both_directions_pass
M007042	M016214	True	True	False	False	neither_direction_passes
M007042	M016303	True	True	False	False	neither_direction_passes
M007042	M016338	True	True	False	False	neither_direction_passes
M007042	M016371	True	True	False	False	neither_direction_passes
M007042	M016385	True	True	False	False	neither_direction_passes
M007042	M016413	True	True	True	True	both_directions_pass
M007042	M016431	True	True	False	False	neither_direction_passes
M007042	M016529	True	True	False	False	neither_direction_passes
M007042	M016547	True	True	False	False	neither_direction_passes
M007042	M016588	True	True	False	False	neither_direction_passes
M007042	M016659	True	True	True	True	both_directions_pass
M007042	M016958	True	True	False	False	neither_direction_passes
M007042	M016999	True	True	False	False	neither_direction_passes
M007042	M017057	True	True	False	False	neither_direction_passes
M007042	M017140	True	True	False	False	neither_direction_passes
M007042	M017224	True	True	False	False	neither_direction_passes
M007042	M017271	True	True	False	False	neither_direction_passes
M007042	M017644	True	True	False	False	neither_direction_passes
M007042	M018076	True	True	False	False	neither_direction_passes
M007062	M000495	True	True	True	True	both_directions_pass
M007062	M000714	True	True	True	True	both_directions_pass
M007062	M001252	True	True	True	True	both_directions_pass
M007062	M001360	True	True	True	True	both_directions_pass
M007062	M001819	True	True	True	True	both_directions_pass
M007062	M002372	True	True	True	True	both_directions_pass
M007062	M011169	True	True	True	True	both_directions_pass
M007062	M011488	True	True	True	True	both_directions_pass
M007062	M011539	True	True	True	True	both_directions_pass
M007062	M011767	True	True	True	True	both_directions_pass
M007062	M012027	True	True	True	True	both_directions_pass
M007062	M013171	True	True	True	True	both_directions_pass
M007062	M013184	True	True	True	True	both_directions_pass
M007118	M005318	True	True	True	True	both_directions_pass
M007164	M004286	True	True	True	True	both_directions_pass
M007164	M007594	True	True	True	True	both_directions_pass
M007164	M010146	True	True	True	True	both_directions_pass
M007249	M004291	True	True	True	True	both_directions_pass
M007249	M010600	True	True	True	True	both_directions_pass
M007249	M014250	True	True	True	True	both_directions_pass
M007286	M015184	True	True	True	True	both_directions_pass
M007307	M010142	True	True	True	True	both_directions_pass
M007347	M000960	True	True	True	True	both_directions_pass
M007347	M001431	True	True	True	True	both_directions_pass
M007347	M002738	True	True	True	True	both_directions_pass
M007347	M002819	True	True	True	True	both_directions_pass
M007347	M002993	True	True	True	True	both_directions_pass
M007347	M003130	True	True	True	True	both_directions_pass
M007347	M003364	True	True	True	True	both_directions_pass
M007347	M004242	True	True	True	True	both_directions_pass
M007347	M006928	True	True	True	True	both_directions_pass
M007347	M007880	True	True	True	True	both_directions_pass
M007347	M008450	True	True	True	True	both_directions_pass
M007347	M009901	True	True	True	True	both_directions_pass
M007347	M010206	True	True	True	True	both_directions_pass
M007347	M011316	True	True	True	True	both_directions_pass
M007347	M011727	True	True	True	True	both_directions_pass
M007347	M013101	True	True	True	True	both_directions_pass
M007347	M013156	True	True	True	True	both_directions_pass
M007347	M017475	True	True	True	True	both_directions_pass
M007347	M017765	True	True	True	True	both_directions_pass
M007357	M000083	True	True	True	True	both_directions_pass
M007357	M000216	True	True	True	True	both_directions_pass
M007357	M000839	True	True	True	True	both_directions_pass
M007357	M000871	True	True	True	True	both_directions_pass
M007357	M001074	True	True	True	True	both_directions_pass
M007357	M001192	True	True	True	True	both_directions_pass
M007357	M001292	True	True	True	True	both_directions_pass
M007357	M001463	True	True	True	True	both_directions_pass
M007357	M001693	True	True	True	True	both_directions_pass
M007357	M001994	True	True	True	True	both_directions_pass
M007357	M002161	True	True	True	True	both_directions_pass
M007357	M002456	True	True	True	True	both_directions_pass
M007357	M002721	True	True	True	True	both_directions_pass
M007357	M002834	True	True	True	True	both_directions_pass
M007357	M002897	True	True	True	True	both_directions_pass
M007357	M003082	True	True	True	True	both_directions_pass
M007357	M003187	True	True	True	True	both_directions_pass
M007357	M003313	True	True	True	True	both_directions_pass
M007357	M003631	True	True	True	True	both_directions_pass
M007357	M003926	True	True	True	True	both_directions_pass
M007357	M004092	True	True	True	True	both_directions_pass
M007357	M004345	True	True	True	True	both_directions_pass
M007357	M004474	True	True	True	True	both_directions_pass
M007357	M004725	True	True	True	True	both_directions_pass
M007357	M004771	True	True	True	True	both_directions_pass
M007357	M004996	True	True	True	True	both_directions_pass
M007357	M005093	True	True	True	True	both_directions_pass
M007357	M005256	True	True	True	True	both_directions_pass
M007357	M005359	True	True	True	True	both_directions_pass
M007357	M005391	True	True	True	True	both_directions_pass
M007357	M005574	True	True	True	True	both_directions_pass
M007357	M005841	True	True	True	True	both_directions_pass
M007357	M005924	True	True	True	True	both_directions_pass
M007357	M006173	True	True	True	True	both_directions_pass
M007357	M006327	True	True	True	True	both_directions_pass
M007357	M006437	True	True	True	True	both_directions_pass
M007357	M006527	True	True	True	True	both_directions_pass
M007357	M006646	True	True	True	True	both_directions_pass
M007357	M006717	True	True	True	True	both_directions_pass
M007357	M006965	True	True	True	True	both_directions_pass
M007357	M007114	True	True	True	True	both_directions_pass
M007357	M007287	True	True	True	True	both_directions_pass
M007357	M007385	True	True	True	True	both_directions_pass
M007357	M007632	True	True	True	True	both_directions_pass
M007357	M007692	True	True	True	True	both_directions_pass
M007357	M007897	True	True	True	True	both_directions_pass
M007357	M008491	True	True	True	True	both_directions_pass
M007357	M009039	True	True	True	True	both_directions_pass
M007357	M009160	True	True	True	True	both_directions_pass
M007357	M009204	True	True	True	True	both_directions_pass
M007357	M009473	True	True	True	True	both_directions_pass
M007357	M009554	True	True	True	True	both_directions_pass
M007357	M009922	True	True	True	True	both_directions_pass
M007357	M010016	True	True	True	True	both_directions_pass
M007357	M010197	True	True	True	True	both_directions_pass
M007357	M010668	True	True	True	True	both_directions_pass
M007357	M010743	True	True	True	True	both_directions_pass
M007357	M011002	True	True	True	True	both_directions_pass
M007357	M011100	True	True	True	True	both_directions_pass
M007357	M011173	True	True	True	True	both_directions_pass
M007357	M011211	True	True	True	True	both_directions_pass
M007357	M011255	True	True	True	True	both_directions_pass
M007357	M011399	True	True	True	True	both_directions_pass
M007357	M011483	True	True	True	True	both_directions_pass
M007357	M011710	True	True	True	True	both_directions_pass
M007357	M011837	True	True	True	True	both_directions_pass
M007357	M012043	True	True	True	True	both_directions_pass
M007357	M012160	True	True	True	True	both_directions_pass
M007357	M012216	True	True	True	True	both_directions_pass
M007357	M012293	True	True	True	True	both_directions_pass
M007357	M012409	True	True	True	True	both_directions_pass
M007357	M012536	True	True	True	True	both_directions_pass
M007357	M012902	True	True	True	True	both_directions_pass
M007357	M013052	True	True	True	True	both_directions_pass
M007421	M000575	True	True	True	True	both_directions_pass
M007421	M002857	True	True	True	True	both_directions_pass
M007436	M006496	True	True	True	True	both_directions_pass
M007450	M000006	True	True	True	True	both_directions_pass
M007450	M000168	True	True	True	True	both_directions_pass
M007450	M000411	True	True	True	True	both_directions_pass
M007450	M000578	True	True	True	True	both_directions_pass
M007450	M000993	True	True	True	True	both_directions_pass
M007450	M001036	True	True	True	True	both_directions_pass
M007450	M001422	True	True	False	False	neither_direction_passes
M007450	M001784	True	True	True	True	both_directions_pass
M007450	M002080	True	True	False	False	neither_direction_passes
M007450	M002166	True	True	True	True	both_directions_pass
M007450	M002794	True	True	True	True	both_directions_pass
M007450	M002973	True	True	True	True	both_directions_pass
M007450	M003144	True	True	True	True	both_directions_pass
M007450	M003226	True	True	True	True	both_directions_pass
M007450	M003297	True	True	True	True	both_directions_pass
M007450	M003611	True	True	True	True	both_directions_pass
M007450	M003661	True	True	True	True	both_directions_pass
M007450	M003805	True	True	True	True	both_directions_pass
M007450	M004317	True	True	True	True	both_directions_pass
M007450	M004629	True	True	True	True	both_directions_pass
M007450	M004733	True	True	True	True	both_directions_pass
M007450	M004840	True	True	True	True	both_directions_pass
M007450	M004959	True	True	True	True	both_directions_pass
M007450	M005299	True	True	True	True	both_directions_pass
M007450	M005490	True	True	True	True	both_directions_pass
M007450	M005563	True	True	False	False	neither_direction_passes
M007450	M005673	True	True	True	True	both_directions_pass
M007450	M005914	True	True	True	True	both_directions_pass
M007450	M006254	True	True	True	True	both_directions_pass
M007450	M006298	True	True	True	True	both_directions_pass
M007450	M006417	True	True	True	True	both_directions_pass
M007450	M006460	True	True	True	True	both_directions_pass
M007450	M006696	True	True	True	True	both_directions_pass
M007450	M006813	True	True	True	True	both_directions_pass
M007450	M006880	True	True	True	True	both_directions_pass
M007450	M007047	True	True	True	True	both_directions_pass
M007450	M007261	True	True	True	True	both_directions_pass
M007450	M007780	True	True	True	True	both_directions_pass
M007450	M007911	True	True	True	True	both_directions_pass
M007450	M008258	True	True	True	True	both_directions_pass
M007450	M008331	True	True	True	True	both_directions_pass
M007450	M008487	True	True	True	True	both_directions_pass
M007450	M008525	True	True	True	True	both_directions_pass
M007450	M008632	True	True	False	False	neither_direction_passes
M007450	M008723	True	True	True	True	both_directions_pass
M007450	M008916	True	True	True	True	both_directions_pass
M007450	M008956	True	True	False	False	neither_direction_passes
M007450	M009072	True	True	True	True	both_directions_pass
M007450	M009360	True	True	True	True	both_directions_pass
M007450	M009639	True	True	True	True	both_directions_pass
M007450	M010472	True	True	True	True	both_directions_pass
M007450	M010674	True	True	True	True	both_directions_pass
M007450	M010763	True	True	True	True	both_directions_pass
M007450	M010997	True	True	True	True	both_directions_pass
M007450	M011149	True	True	True	True	both_directions_pass
M007450	M011220	True	True	False	False	neither_direction_passes
M007450	M011400	True	True	True	True	both_directions_pass
M007450	M011594	True	True	False	False	neither_direction_passes
M007450	M011752	True	True	False	False	neither_direction_passes
M007450	M012157	True	True	True	True	both_directions_pass
M007450	M012184	True	True	True	True	both_directions_pass
M007450	M012290	True	True	True	True	both_directions_pass
M007450	M012369	True	True	True	True	both_directions_pass
M007450	M012441	True	True	True	True	both_directions_pass
M007450	M012628	True	True	True	True	both_directions_pass
M007450	M012818	True	True	True	True	both_directions_pass
M007450	M013087	True	True	False	False	neither_direction_passes
M007462	M000579	True	True	True	True	both_directions_pass
M007473	M000237	True	True	True	True	both_directions_pass
M007473	M002757	True	True	False	False	neither_direction_passes
M007473	M003323	True	True	True	True	both_directions_pass
M007473	M004102	True	True	True	True	both_directions_pass
M007473	M004573	True	True	True	True	both_directions_pass
M007473	M004927	True	True	True	True	both_directions_pass
M007473	M005550	True	True	True	True	both_directions_pass
M007473	M006140	True	True	True	True	both_directions_pass
M007473	M006202	True	True	True	True	both_directions_pass
M007473	M006583	True	True	False	False	neither_direction_passes
M007473	M007451	True	True	False	False	neither_direction_passes
M007473	M007940	True	True	True	True	both_directions_pass
M007473	M008835	True	True	True	True	both_directions_pass
M007473	M009304	True	True	False	False	neither_direction_passes
M007473	M009645	True	True	True	False	one_direction_passes
M007473	M010056	True	True	False	False	neither_direction_passes
M007473	M012123	True	True	False	False	neither_direction_passes
M007534	M001026	True	True	True	True	both_directions_pass
M007534	M010948	True	True	True	True	both_directions_pass
M007534	M011777	True	True	True	True	both_directions_pass
M007558	M002559	True	True	True	True	both_directions_pass
M007558	M002595	True	True	True	True	both_directions_pass
M007558	M002942	True	True	True	True	both_directions_pass
M007558	M004220	True	True	True	True	both_directions_pass
M007558	M006018	True	True	True	True	both_directions_pass
M007558	M011507	True	True	True	True	both_directions_pass
M007558	M011954	True	True	True	True	both_directions_pass
M007653	M002597	True	True	True	True	both_directions_pass
M007677	M000656	True	True	True	True	both_directions_pass
M007677	M000728	True	True	True	True	both_directions_pass
M007677	M000760	True	True	True	True	both_directions_pass
M007677	M000854	True	True	True	True	both_directions_pass
M007677	M001599	True	True	True	True	both_directions_pass
M007677	M001733	True	True	True	True	both_directions_pass
M007677	M001942	True	True	True	True	both_directions_pass
M007677	M002259	True	True	True	True	both_directions_pass
M007677	M004245	True	True	True	True	both_directions_pass
M007677	M008104	True	True	True	True	both_directions_pass
M007677	M008462	True	True	True	True	both_directions_pass
M007677	M009796	True	True	True	True	both_directions_pass
M007677	M011165	True	True	True	True	both_directions_pass
M007677	M012334	True	True	True	True	both_directions_pass
M007677	M013292	True	True	True	True	both_directions_pass
M007677	M013549	True	True	True	True	both_directions_pass
M007677	M014121	True	True	True	True	both_directions_pass
M007677	M015896	True	True	True	True	both_directions_pass
M007677	M016245	True	True	True	True	both_directions_pass
M007682	M001073	True	True	False	False	neither_direction_passes
M007682	M001734	True	True	False	False	neither_direction_passes
M007682	M002816	True	True	False	False	neither_direction_passes
M007682	M003089	True	True	False	False	neither_direction_passes
M007682	M003971	True	True	True	True	both_directions_pass
M007682	M004263	True	True	False	False	neither_direction_passes
M007682	M004347	True	True	False	False	neither_direction_passes
M007682	M004731	True	True	False	False	neither_direction_passes
M007682	M005274	True	True	False	False	neither_direction_passes
M007682	M005942	True	True	False	False	neither_direction_passes
M007682	M006267	True	True	False	False	neither_direction_passes
M007682	M006543	True	True	False	False	neither_direction_passes
M007682	M006919	True	True	False	False	neither_direction_passes
M007682	M007127	True	True	False	False	neither_direction_passes
M007682	M007591	True	True	False	False	neither_direction_passes
M007682	M008944	True	True	False	False	neither_direction_passes
M007682	M010532	True	True	True	True	both_directions_pass
M007682	M011043	True	True	True	True	both_directions_pass
M007682	M013601	True	True	False	False	neither_direction_passes
M007682	M013897	True	True	False	False	neither_direction_passes
M007682	M014219	True	True	False	False	neither_direction_passes
M007682	M014403	True	True	False	False	neither_direction_passes
M007682	M014821	True	True	True	True	both_directions_pass
M007682	M014877	True	True	True	True	both_directions_pass
M007682	M015481	True	True	False	False	neither_direction_passes
M007682	M015649	True	True	False	False	neither_direction_passes
M007682	M016360	True	True	True	True	both_directions_pass
M007682	M016665	True	True	True	True	both_directions_pass
M007682	M016966	True	True	False	False	neither_direction_passes
M007682	M017275	True	True	False	False	neither_direction_passes
M007682	M017320	True	True	True	True	both_directions_pass
M007682	M017376	True	True	False	False	neither_direction_passes
M007682	M017879	True	True	False	False	neither_direction_passes
M007682	M017997	True	True	False	False	neither_direction_passes
M007695	M002123	True	True	True	True	both_directions_pass
M007695	M009139	True	True	True	True	both_directions_pass
M007706	M016594	True	True	True	True	both_directions_pass
M007758	M011308	True	True	True	True	both_directions_pass
M007804	M004174	True	True	True	True	both_directions_pass
M007807	M009207	True	True	True	True	both_directions_pass
M007807	M013364	True	True	True	True	both_directions_pass
M007807	M015943	True	True	True	True	both_directions_pass
M007807	M016330	True	True	True	True	both_directions_pass
M007807	M016860	True	True	True	True	both_directions_pass
M007807	M018210	True	True	True	True	both_directions_pass
M007844	M000190	True	True	True	True	both_directions_pass
M007844	M002303	True	True	True	True	both_directions_pass
M007844	M002404	True	True	True	True	both_directions_pass
M007844	M002601	True	True	True	True	both_directions_pass
M007844	M011769	True	True	True	True	both_directions_pass
M007844	M011847	True	True	True	True	both_directions_pass
M007844	M014117	True	True	True	True	both_directions_pass
M007844	M014983	True	True	True	True	both_directions_pass
M007844	M015014	True	True	True	True	both_directions_pass
M007844	M018079	True	True	True	True	both_directions_pass
M007844	M018113	True	True	True	True	both_directions_pass
M007882	M012952	True	True	True	True	both_directions_pass
M007925	M002653	True	True	True	True	both_directions_pass
M007925	M013354	True	True	True	True	both_directions_pass
M007925	M017098	True	True	True	True	both_directions_pass
M007925	M017661	True	True	True	True	both_directions_pass
M007947	M000513	True	True	True	True	both_directions_pass
M007947	M000825	True	True	True	True	both_directions_pass
M007947	M000868	True	True	True	True	both_directions_pass
M007947	M001834	True	True	True	True	both_directions_pass
M007947	M002282	True	True	True	True	both_directions_pass
M007947	M004252	True	True	True	True	both_directions_pass
M007947	M007262	True	True	True	True	both_directions_pass
M007947	M007541	True	True	True	True	both_directions_pass
M007947	M008802	True	True	True	True	both_directions_pass
M007947	M011851	True	True	True	True	both_directions_pass
M007947	M013374	True	True	True	True	both_directions_pass
M007947	M013766	True	True	True	True	both_directions_pass
M007947	M014377	True	True	True	True	both_directions_pass
M007947	M014838	True	True	True	True	both_directions_pass
M007947	M015774	True	True	True	True	both_directions_pass
M007947	M016141	True	True	True	True	both_directions_pass
M007947	M016235	True	True	True	True	both_directions_pass
M007947	M016273	True	True	True	True	both_directions_pass
M007947	M016603	True	True	True	True	both_directions_pass
M007947	M017151	True	True	True	True	both_directions_pass
M007947	M017633	True	True	True	True	both_directions_pass
M007947	M017829	True	True	True	True	both_directions_pass
M007947	M017947	True	True	True	True	both_directions_pass
M007989	M002685	True	True	False	False	neither_direction_passes
M007989	M011685	True	True	True	True	both_directions_pass
M008038	M000384	True	True	True	True	both_directions_pass
M008038	M000593	True	True	True	True	both_directions_pass
M008038	M000761	True	True	True	True	both_directions_pass
M008038	M001247	True	True	False	False	neither_direction_passes
M008038	M002134	True	True	True	True	both_directions_pass
M008038	M003254	True	True	True	True	both_directions_pass
M008038	M003811	True	True	True	True	both_directions_pass
M008038	M004111	True	True	False	False	neither_direction_passes
M008038	M004377	True	True	True	True	both_directions_pass
M008038	M004543	True	True	False	False	neither_direction_passes
M008038	M004729	True	True	True	True	both_directions_pass
M008038	M004961	True	True	True	True	both_directions_pass
M008038	M005173	True	True	False	False	neither_direction_passes
M008038	M005357	True	True	True	True	both_directions_pass
M008038	M005400	True	True	False	False	neither_direction_passes
M008038	M005516	True	True	True	True	both_directions_pass
M008038	M005706	True	True	False	False	neither_direction_passes
M008038	M005753	True	True	True	True	both_directions_pass
M008038	M005911	True	True	True	True	both_directions_pass
M008038	M005985	True	True	True	True	both_directions_pass
M008038	M006124	True	True	False	False	neither_direction_passes
M008038	M006563	True	True	True	True	both_directions_pass
M008038	M006615	True	True	False	False	neither_direction_passes
M008038	M006732	True	True	True	True	both_directions_pass
M008038	M007270	True	True	False	False	neither_direction_passes
M008038	M007434	True	True	True	True	both_directions_pass
M008038	M007568	True	True	True	True	both_directions_pass
M008038	M007714	True	True	True	True	both_directions_pass
M008038	M008311	True	True	True	True	both_directions_pass
M008038	M008569	True	True	True	True	both_directions_pass
M008038	M008741	True	True	False	False	neither_direction_passes
M008038	M008976	True	True	True	True	both_directions_pass
M008038	M009092	True	True	True	True	both_directions_pass
M008038	M009442	True	True	True	True	both_directions_pass
M008038	M010052	True	True	False	False	neither_direction_passes
M008038	M010287	True	True	True	True	both_directions_pass
M008038	M010497	True	True	True	True	both_directions_pass
M008038	M011445	True	True	True	True	both_directions_pass
M008038	M012473	True	True	True	True	both_directions_pass
M008038	M012592	True	True	True	True	both_directions_pass
M008046	M009031	True	True	True	True	both_directions_pass
M008061	M000328	True	True	True	True	both_directions_pass
M008061	M001350	True	True	True	True	both_directions_pass
M008061	M008624	True	True	True	True	both_directions_pass
M008061	M011557	True	True	True	True	both_directions_pass
M008061	M012031	True	True	True	True	both_directions_pass
M008081	M001759	True	True	True	True	both_directions_pass
M008140	M001853	True	True	True	True	both_directions_pass
M008140	M011560	True	True	False	False	neither_direction_passes
M008190	M003525	True	True	True	True	both_directions_pass
M008190	M005773	True	True	True	True	both_directions_pass
M008190	M010510	True	True	True	True	both_directions_pass
M008190	M013457	True	True	True	True	both_directions_pass
M008190	M014426	True	True	True	True	both_directions_pass
M008270	M000253	True	True	True	True	both_directions_pass
M008270	M000410	True	True	True	True	both_directions_pass
M008270	M003259	True	True	True	True	both_directions_pass
M008270	M003540	True	True	True	True	both_directions_pass
M008270	M003776	True	True	False	False	neither_direction_passes
M008270	M004580	True	True	False	False	neither_direction_passes
M008270	M007351	True	True	False	False	neither_direction_passes
M008270	M008532	True	True	False	False	neither_direction_passes
M008270	M009463	True	True	True	True	both_directions_pass
M008270	M009692	True	True	True	True	both_directions_pass
M008270	M010427	True	True	False	False	neither_direction_passes
M008270	M010769	True	True	True	True	both_directions_pass
M008270	M011397	True	True	False	False	neither_direction_passes
M008270	M011979	True	True	True	True	both_directions_pass
M008270	M013082	True	True	False	False	neither_direction_passes
M008270	M013249	True	True	False	False	neither_direction_passes
M008270	M013313	True	True	True	True	both_directions_pass
M008270	M013320	True	True	True	True	both_directions_pass
M008270	M014954	True	True	True	True	both_directions_pass
M008270	M015016	True	True	True	True	both_directions_pass
M008270	M015087	True	True	True	True	both_directions_pass
M008270	M015739	True	True	False	False	neither_direction_passes
M008270	M015976	True	True	False	False	neither_direction_passes
M008270	M016558	True	True	True	True	both_directions_pass
M008270	M016837	True	True	False	False	neither_direction_passes
M008270	M016984	True	True	True	True	both_directions_pass
M008270	M017578	True	True	False	False	neither_direction_passes
M008270	M017921	True	True	False	False	neither_direction_passes
M008270	M017995	True	True	True	True	both_directions_pass
M008291	M013974	True	True	True	True	both_directions_pass
M008291	M014686	True	True	True	True	both_directions_pass
M008291	M016386	True	True	True	True	both_directions_pass
M008298	M000766	True	True	True	True	both_directions_pass
M008298	M000898	True	True	False	False	neither_direction_passes
M008298	M001219	True	True	True	True	both_directions_pass
M008298	M001258	True	True	False	False	neither_direction_passes
M008298	M002368	True	True	True	True	both_directions_pass
M008298	M004180	True	True	True	True	both_directions_pass
M008298	M004648	True	True	True	True	both_directions_pass
M008298	M005637	True	True	True	True	both_directions_pass
M008298	M011907	True	True	False	False	neither_direction_passes
M008316	M006613	True	True	True	True	both_directions_pass
M008316	M009374	True	True	True	True	both_directions_pass
M008334	M007226	True	True	True	True	both_directions_pass
M008334	M007791	True	True	True	True	both_directions_pass
M008334	M010474	True	True	True	True	both_directions_pass
M008334	M011000	True	True	True	True	both_directions_pass
M008349	M017643	True	True	True	True	both_directions_pass
M008351	M000142	True	True	True	True	both_directions_pass
M008351	M000202	True	True	True	True	both_directions_pass
M008351	M000468	True	True	True	True	both_directions_pass
M008351	M000475	True	True	True	True	both_directions_pass
M008351	M000623	True	True	True	True	both_directions_pass
M008351	M000730	True	True	True	True	both_directions_pass
M008351	M000747	True	True	True	True	both_directions_pass
M008351	M000841	True	True	True	True	both_directions_pass
M008351	M001025	True	True	True	True	both_directions_pass
M008351	M001113	True	True	True	True	both_directions_pass
M008351	M001490	True	True	True	True	both_directions_pass
M008351	M001655	True	True	True	True	both_directions_pass
M008351	M001758	True	True	True	True	both_directions_pass
M008351	M001946	True	True	True	True	both_directions_pass
M008351	M002028	True	True	True	True	both_directions_pass
M008351	M002143	True	True	True	True	both_directions_pass
M008351	M002261	True	True	True	True	both_directions_pass
M008351	M002370	True	True	True	True	both_directions_pass
M008351	M002516	True	True	True	True	both_directions_pass
M008351	M002611	True	True	True	True	both_directions_pass
M008351	M002929	True	True	True	True	both_directions_pass
M008351	M002943	True	True	True	True	both_directions_pass
M008351	M003053	True	True	True	True	both_directions_pass
M008351	M003139	True	True	True	True	both_directions_pass
M008351	M003236	True	True	True	True	both_directions_pass
M008351	M003288	True	True	True	True	both_directions_pass
M008351	M003466	True	True	True	True	both_directions_pass
M008351	M003582	True	True	True	True	both_directions_pass
M008351	M004047	True	True	True	True	both_directions_pass
M008351	M004073	True	True	True	True	both_directions_pass
M008351	M004187	True	True	True	True	both_directions_pass
M008351	M004299	True	True	True	True	both_directions_pass
M008351	M004476	True	True	True	True	both_directions_pass
M008351	M004585	True	True	True	True	both_directions_pass
M008351	M004673	True	True	True	True	both_directions_pass
M008351	M004776	True	True	True	True	both_directions_pass
M008351	M004911	True	True	True	True	both_directions_pass
M008351	M005184	True	True	True	True	both_directions_pass
M008351	M005330	True	True	True	True	both_directions_pass
M008351	M005421	True	True	True	True	both_directions_pass
M008351	M005530	True	True	True	True	both_directions_pass
M008351	M005868	True	True	True	True	both_directions_pass
M008351	M006022	True	True	True	True	both_directions_pass
M008351	M006273	True	True	True	True	both_directions_pass
M008351	M006326	True	True	True	True	both_directions_pass
M008351	M006578	True	True	True	True	both_directions_pass
M008351	M006586	True	True	True	True	both_directions_pass
M008351	M006658	True	True	True	True	both_directions_pass
M008351	M006722	True	True	True	True	both_directions_pass
M008351	M007065	True	True	True	True	both_directions_pass
M008351	M007439	True	True	True	True	both_directions_pass
M008351	M007468	True	True	True	True	both_directions_pass
M008351	M007543	True	True	True	True	both_directions_pass
M008351	M007738	True	True	True	True	both_directions_pass
M008351	M007959	True	True	True	True	both_directions_pass
M008351	M008137	True	True	True	True	both_directions_pass
M008351	M008200	True	True	True	True	both_directions_pass
M008351	M008240	True	True	True	True	both_directions_pass
M008351	M008543	True	True	True	True	both_directions_pass
M008351	M008794	True	True	True	True	both_directions_pass
M008351	M008890	True	True	True	True	both_directions_pass
M008351	M008962	True	True	True	True	both_directions_pass
M008351	M009058	True	True	True	True	both_directions_pass
M008351	M009104	True	True	True	True	both_directions_pass
M008351	M009261	True	True	True	True	both_directions_pass
M008351	M009314	True	True	True	True	both_directions_pass
M008351	M009410	True	True	True	True	both_directions_pass
M008351	M009501	True	True	True	True	both_directions_pass
M008351	M009767	True	True	True	True	both_directions_pass
M008351	M009926	True	True	True	True	both_directions_pass
M008351	M010224	True	True	True	True	both_directions_pass
M008351	M010245	True	True	True	True	both_directions_pass
M008351	M010254	True	True	True	True	both_directions_pass
M008351	M010284	True	True	True	True	both_directions_pass
M008351	M010352	True	True	True	True	both_directions_pass
M008351	M010467	True	True	True	True	both_directions_pass
M008351	M010592	True	True	True	True	both_directions_pass
M008351	M010696	True	True	True	True	both_directions_pass
M008351	M010814	True	True	True	True	both_directions_pass
M008351	M010840	True	True	True	True	both_directions_pass
M008351	M010947	True	True	True	True	both_directions_pass
M008351	M011143	True	True	True	True	both_directions_pass
M008351	M011233	True	True	True	True	both_directions_pass
M008351	M011321	True	True	True	True	both_directions_pass
M008351	M011348	True	True	True	True	both_directions_pass
M008351	M011514	True	True	True	True	both_directions_pass
M008351	M011603	True	True	True	True	both_directions_pass
M008351	M011641	True	True	True	True	both_directions_pass
M008351	M011855	True	True	True	True	both_directions_pass
M008351	M012017	True	True	True	True	both_directions_pass
M008351	M012149	True	True	True	True	both_directions_pass
M008351	M012375	True	True	True	True	both_directions_pass
M008351	M012446	True	True	True	True	both_directions_pass
M008351	M012537	True	True	True	True	both_directions_pass
M008351	M012777	True	True	True	True	both_directions_pass
M008351	M012889	True	True	True	True	both_directions_pass
M008351	M012969	True	True	True	True	both_directions_pass
M008351	M013048	True	True	True	True	both_directions_pass
M008351	M013529	True	True	True	True	both_directions_pass
M008351	M013572	True	True	True	True	both_directions_pass
M008351	M014149	True	True	True	True	both_directions_pass
M008351	M014388	True	True	True	True	both_directions_pass
M008351	M014624	True	True	True	True	both_directions_pass
M008351	M014657	True	True	True	True	both_directions_pass
M008351	M015384	True	True	True	True	both_directions_pass
M008351	M015570	True	True	True	True	both_directions_pass
M008351	M015626	True	True	True	True	both_directions_pass
M008351	M015823	True	True	True	True	both_directions_pass
M008351	M016233	True	True	True	True	both_directions_pass
M008351	M016941	True	True	True	True	both_directions_pass
M008351	M017015	True	True	True	True	both_directions_pass
M008351	M017378	True	True	True	True	both_directions_pass
M008357	M007726	True	True	True	True	both_directions_pass
M008357	M010095	True	True	True	True	both_directions_pass
M008380	M007795	True	True	True	True	both_directions_pass
M008384	M000256	True	True	True	True	both_directions_pass
M008384	M000413	True	True	True	True	both_directions_pass
M008384	M000520	True	True	True	True	both_directions_pass
M008384	M002000	True	True	True	True	both_directions_pass
M008384	M002443	True	True	True	True	both_directions_pass
M008384	M002934	True	True	True	True	both_directions_pass
M008384	M002956	True	True	True	True	both_directions_pass
M008384	M003123	True	True	True	True	both_directions_pass
M008384	M003199	True	True	True	True	both_directions_pass
M008384	M003255	True	True	False	False	neither_direction_passes
M008384	M003688	True	True	True	True	both_directions_pass
M008384	M003779	True	True	True	True	both_directions_pass
M008384	M004429	True	True	False	False	neither_direction_passes
M008384	M005538	True	True	True	True	both_directions_pass
M008384	M005711	True	True	True	True	both_directions_pass
M008384	M005794	True	True	True	True	both_directions_pass
M008384	M005883	True	True	True	True	both_directions_pass
M008384	M006503	True	True	True	True	both_directions_pass
M008384	M006558	True	True	True	True	both_directions_pass
M008384	M006596	True	True	True	True	both_directions_pass
M008384	M006648	True	True	True	True	both_directions_pass
M008384	M006724	True	True	True	True	both_directions_pass
M008384	M007555	True	True	True	True	both_directions_pass
M008384	M007769	True	True	True	True	both_directions_pass
M008384	M007860	True	True	True	True	both_directions_pass
M008384	M007924	True	True	True	True	both_directions_pass
M008384	M008546	True	True	True	True	both_directions_pass
M008384	M008788	True	True	True	True	both_directions_pass
M008384	M008902	True	True	True	True	both_directions_pass
M008384	M009102	True	True	True	True	both_directions_pass
M008384	M009321	True	True	True	True	both_directions_pass
M008384	M009530	True	True	True	True	both_directions_pass
M008384	M009590	True	True	True	True	both_directions_pass
M008384	M010034	True	True	True	True	both_directions_pass
M008384	M010440	True	True	True	True	both_directions_pass
M008384	M010500	True	True	True	True	both_directions_pass
M008384	M010611	True	True	True	True	both_directions_pass
M008384	M010678	True	True	True	True	both_directions_pass
M008384	M010892	True	True	True	True	both_directions_pass
M008384	M011212	True	True	True	True	both_directions_pass
M008384	M011398	True	True	True	True	both_directions_pass
M008384	M011668	True	True	True	True	both_directions_pass
M008384	M012080	True	True	True	True	both_directions_pass
M008384	M012228	True	True	True	True	both_directions_pass
M008384	M012444	True	True	True	True	both_directions_pass
M008384	M012574	True	True	True	True	both_directions_pass
M008384	M012894	True	True	True	True	both_directions_pass
M008384	M012931	True	True	True	True	both_directions_pass
M008384	M013064	True	True	True	True	both_directions_pass
M008392	M002023	True	True	True	True	both_directions_pass
M008404	M000354	True	True	True	True	both_directions_pass
M008404	M000555	True	True	True	True	both_directions_pass
M008404	M010480	True	True	True	True	both_directions_pass
M008422	M017273	True	True	True	True	both_directions_pass
M008425	M002563	True	True	True	True	both_directions_pass
M008425	M012789	True	True	True	True	both_directions_pass
M008429	M007609	True	True	True	True	both_directions_pass
M008429	M011776	True	True	True	True	both_directions_pass
M008452	M010301	True	True	False	False	neither_direction_passes
M008452	M015827	True	True	True	True	both_directions_pass
M008578	M001799	True	True	True	True	both_directions_pass
M008578	M010935	True	True	True	True	both_directions_pass
M008578	M011632	True	True	True	True	both_directions_pass
M008578	M012339	True	True	True	True	both_directions_pass
M008592	M007805	True	True	True	True	both_directions_pass
M008633	M001806	True	True	True	True	both_directions_pass
M008633	M008638	True	True	True	True	both_directions_pass
M008633	M011188	True	True	True	True	both_directions_pass
M008633	M011526	True	True	True	True	both_directions_pass
M008633	M012062	True	True	True	True	both_directions_pass
M008640	M000071	True	True	True	True	both_directions_pass
M008640	M000281	True	True	True	True	both_directions_pass
M008640	M000586	True	True	True	True	both_directions_pass
M008640	M000905	True	True	True	True	both_directions_pass
M008640	M000947	True	True	True	True	both_directions_pass
M008640	M001048	True	True	True	True	both_directions_pass
M008640	M001221	True	True	True	True	both_directions_pass
M008640	M001412	True	True	True	True	both_directions_pass
M008640	M002018	True	True	True	True	both_directions_pass
M008640	M002109	True	True	True	True	both_directions_pass
M008640	M002305	True	True	True	True	both_directions_pass
M008640	M002343	True	True	True	True	both_directions_pass
M008640	M002381	True	True	True	True	both_directions_pass
M008640	M002625	True	True	True	True	both_directions_pass
M008640	M002795	True	True	True	True	both_directions_pass
M008640	M002878	True	True	True	True	both_directions_pass
M008640	M003143	True	True	True	True	both_directions_pass
M008640	M003298	True	True	True	True	both_directions_pass
M008640	M003803	True	True	True	True	both_directions_pass
M008640	M004039	True	True	True	True	both_directions_pass
M008640	M004132	True	True	True	True	both_directions_pass
M008640	M004722	True	True	True	True	both_directions_pass
M008640	M004783	True	True	True	True	both_directions_pass
M008640	M005504	True	True	True	True	both_directions_pass
M008640	M005571	True	True	True	True	both_directions_pass
M008640	M005688	True	True	True	True	both_directions_pass
M008640	M005767	True	True	True	True	both_directions_pass
M008640	M005991	True	True	True	True	both_directions_pass
M008640	M006247	True	True	True	True	both_directions_pass
M008640	M006424	True	True	True	True	both_directions_pass
M008640	M006456	True	True	True	True	both_directions_pass
M008640	M006639	True	True	True	True	both_directions_pass
M008640	M006810	True	True	True	True	both_directions_pass
M008640	M006963	True	True	True	True	both_directions_pass
M008640	M007273	True	True	True	True	both_directions_pass
M008640	M007491	True	True	True	True	both_directions_pass
M008640	M007549	True	True	True	True	both_directions_pass
M008640	M007751	True	True	True	True	both_directions_pass
M008640	M008488	True	True	True	True	both_directions_pass
M008640	M008531	True	True	True	True	both_directions_pass
M008640	M008685	True	True	True	True	both_directions_pass
M008640	M009038	True	True	True	True	both_directions_pass
M008640	M009251	True	True	True	True	both_directions_pass
M008640	M009341	True	True	True	True	both_directions_pass
M008640	M009547	True	True	True	True	both_directions_pass
M008640	M009974	True	True	True	True	both_directions_pass
M008640	M010188	True	True	True	True	both_directions_pass
M008640	M010454	True	True	True	True	both_directions_pass
M008640	M010515	True	True	True	True	both_directions_pass
M008640	M010675	True	True	True	True	both_directions_pass
M008640	M010909	True	True	True	True	both_directions_pass
M008640	M011150	True	True	True	True	both_directions_pass
M008640	M011303	True	True	True	True	both_directions_pass
M008640	M011401	True	True	True	True	both_directions_pass
M008640	M011550	True	True	True	True	both_directions_pass
M008640	M011717	True	True	True	True	both_directions_pass
M008640	M011874	True	True	True	True	both_directions_pass
M008640	M012001	True	True	True	True	both_directions_pass
M008640	M012071	True	True	True	True	both_directions_pass
M008640	M012266	True	True	True	True	both_directions_pass
M008640	M012330	True	True	True	True	both_directions_pass
M008640	M012368	True	True	True	True	both_directions_pass
M008640	M012492	True	True	True	True	both_directions_pass
M008640	M012701	True	True	True	True	both_directions_pass
M008671	M001646	True	True	True	True	both_directions_pass
M008671	M011624	True	True	True	True	both_directions_pass
M008671	M011962	True	True	True	True	both_directions_pass
M008746	M011200	True	True	True	True	both_directions_pass
M008768	M001776	True	True	True	True	both_directions_pass
M008777	M010308	True	True	True	True	both_directions_pass
M008789	M000169	True	True	True	True	both_directions_pass
M008789	M000786	True	True	True	True	both_directions_pass
M008789	M000920	True	True	True	True	both_directions_pass
M008789	M001004	True	True	True	True	both_directions_pass
M008789	M001082	True	True	True	True	both_directions_pass
M008789	M001957	True	True	True	True	both_directions_pass
M008789	M002137	True	True	True	True	both_directions_pass
M008789	M002833	True	True	True	True	both_directions_pass
M008789	M003118	True	True	True	True	both_directions_pass
M008789	M003212	True	True	True	True	both_directions_pass
M008789	M003327	True	True	True	True	both_directions_pass
M008789	M003375	True	True	True	True	both_directions_pass
M008789	M003873	True	True	True	True	both_directions_pass
M008789	M004867	True	True	True	True	both_directions_pass
M008789	M004921	True	True	True	True	both_directions_pass
M008789	M005300	True	True	True	True	both_directions_pass
M008789	M006193	True	True	True	True	both_directions_pass
M008789	M006617	True	True	True	True	both_directions_pass
M008789	M006974	True	True	True	True	both_directions_pass
M008789	M007137	True	True	True	True	both_directions_pass
M008789	M007469	True	True	True	True	both_directions_pass
M008789	M008433	True	True	True	True	both_directions_pass
M008789	M009205	True	True	True	True	both_directions_pass
M008789	M009927	True	True	True	True	both_directions_pass
M008789	M010393	True	True	True	True	both_directions_pass
M008789	M011849	True	True	True	True	both_directions_pass
M008789	M012349	True	True	True	True	both_directions_pass
M008789	M012481	True	True	True	True	both_directions_pass
M008789	M013111	True	True	True	True	both_directions_pass
M008789	M013203	True	True	True	True	both_directions_pass
M008789	M014033	True	True	True	True	both_directions_pass
M008789	M014353	True	True	True	True	both_directions_pass
M008789	M014966	True	True	True	True	both_directions_pass
M008789	M015709	True	True	True	True	both_directions_pass
M008789	M015788	True	True	True	True	both_directions_pass
M008789	M016050	True	True	True	True	both_directions_pass
M008789	M016909	True	True	True	True	both_directions_pass
M008789	M016978	True	True	True	True	both_directions_pass
M008789	M017037	True	True	True	True	both_directions_pass
M008789	M017139	True	True	True	True	both_directions_pass
M008789	M017311	True	True	True	True	both_directions_pass
M008818	M000856	True	True	True	True	both_directions_pass
M008818	M003938	True	True	True	True	both_directions_pass
M008818	M006546	True	True	True	True	both_directions_pass
M008833	M000930	True	True	False	False	neither_direction_passes
M008837	M003215	True	True	False	False	neither_direction_passes
M008837	M003355	True	True	True	True	both_directions_pass
M008837	M006667	True	True	True	True	both_directions_pass
M008837	M007720	True	True	True	True	both_directions_pass
M008837	M011783	True	True	True	True	both_directions_pass
M008853	M000268	True	True	True	True	both_directions_pass
M008853	M003158	True	True	True	True	both_directions_pass
M008853	M007851	True	True	True	True	both_directions_pass
M008853	M008517	True	True	True	True	both_directions_pass
M008853	M008754	True	True	True	True	both_directions_pass
M008853	M008974	True	True	True	True	both_directions_pass
M008853	M011933	True	True	True	True	both_directions_pass
M008853	M012715	True	True	False	False	neither_direction_passes
M008853	M013116	True	True	True	True	both_directions_pass
M008864	M003910	True	True	True	True	both_directions_pass
M008864	M010989	True	True	True	True	both_directions_pass
M008864	M011521	True	True	True	True	both_directions_pass
M008864	M011980	True	True	True	True	both_directions_pass
M008868	M006600	True	True	True	True	both_directions_pass
M008868	M009340	True	True	True	True	both_directions_pass
M008868	M010841	True	True	True	True	both_directions_pass
M008868	M012743	True	True	True	True	both_directions_pass
M008872	M000133	True	True	True	True	both_directions_pass
M008872	M000272	True	True	True	True	both_directions_pass
M008872	M000458	True	True	True	True	both_directions_pass
M008872	M000559	True	True	True	True	both_directions_pass
M008872	M001087	True	True	True	True	both_directions_pass
M008872	M001178	True	True	True	True	both_directions_pass
M008872	M001343	True	True	True	True	both_directions_pass
M008872	M001486	True	True	True	True	both_directions_pass
M008872	M001556	True	True	True	True	both_directions_pass
M008872	M001685	True	True	True	True	both_directions_pass
M008872	M001828	True	True	True	True	both_directions_pass
M008872	M001883	True	True	True	True	both_directions_pass
M008872	M002049	True	True	True	True	both_directions_pass
M008872	M002114	True	True	True	True	both_directions_pass
M008872	M002449	True	True	True	True	both_directions_pass
M008872	M002582	True	True	True	True	both_directions_pass
M008872	M002647	True	True	True	True	both_directions_pass
M008872	M002827	True	True	True	True	both_directions_pass
M008872	M002894	True	True	True	True	both_directions_pass
M008872	M003052	True	True	True	True	both_directions_pass
M008872	M003182	True	True	True	True	both_directions_pass
M008872	M003329	True	True	True	True	both_directions_pass
M008872	M003423	True	True	True	True	both_directions_pass
M008872	M003497	True	True	True	True	both_directions_pass
M008872	M003511	True	True	True	True	both_directions_pass
M008872	M003584	True	True	True	True	both_directions_pass
M008872	M003756	True	True	True	True	both_directions_pass
M008872	M003857	True	True	True	True	both_directions_pass
M008872	M004271	True	True	True	True	both_directions_pass
M008872	M004337	True	True	True	True	both_directions_pass
M008872	M004542	True	True	True	True	both_directions_pass
M008872	M004755	True	True	True	True	both_directions_pass
M008872	M004957	True	True	True	True	both_directions_pass
M008872	M005215	True	True	True	True	both_directions_pass
M008872	M005338	True	True	True	True	both_directions_pass
M008872	M005419	True	True	True	True	both_directions_pass
M008872	M005567	True	True	True	True	both_directions_pass
M008872	M005811	True	True	True	True	both_directions_pass
M008872	M006048	True	True	True	True	both_directions_pass
M008872	M006207	True	True	True	True	both_directions_pass
M008872	M006310	True	True	True	True	both_directions_pass
M008872	M006362	True	True	True	True	both_directions_pass
M008872	M006466	True	True	True	True	both_directions_pass
M008872	M006660	True	True	True	True	both_directions_pass
M008872	M006756	True	True	True	True	both_directions_pass
M008872	M006882	True	True	True	True	both_directions_pass
M008872	M007097	True	True	True	True	both_directions_pass
M008872	M007269	True	True	True	True	both_directions_pass
M008872	M007432	True	True	True	True	both_directions_pass
M008872	M007482	True	True	True	True	both_directions_pass
M008872	M007745	True	True	True	True	both_directions_pass
M008872	M007810	True	True	True	True	both_directions_pass
M008872	M008002	True	True	True	True	both_directions_pass
M008872	M008055	True	True	True	True	both_directions_pass
M008872	M008060	True	True	True	True	both_directions_pass
M008872	M008350	True	True	True	True	both_directions_pass
M008872	M008510	True	True	True	True	both_directions_pass
M008872	M008751	True	True	True	True	both_directions_pass
M008872	M009019	True	True	True	True	both_directions_pass
M008872	M009093	True	True	True	True	both_directions_pass
M008872	M009383	True	True	True	True	both_directions_pass
M008872	M009459	True	True	True	True	both_directions_pass
M008872	M009552	True	True	True	True	both_directions_pass
M008872	M009834	True	True	True	True	both_directions_pass
M008872	M009882	True	True	True	True	both_directions_pass
M008872	M010105	True	True	True	True	both_directions_pass
M008872	M010137	True	True	True	True	both_directions_pass
M008872	M010243	True	True	True	True	both_directions_pass
M008872	M010361	True	True	True	True	both_directions_pass
M008872	M010724	True	True	True	True	both_directions_pass
M008872	M010810	True	True	True	True	both_directions_pass
M008872	M010916	True	True	True	True	both_directions_pass
M008872	M011219	True	True	True	True	both_directions_pass
M008872	M011319	True	True	True	True	both_directions_pass
M008872	M011455	True	True	True	True	both_directions_pass
M008872	M011498	True	True	True	True	both_directions_pass
M008872	M011589	True	True	True	True	both_directions_pass
M008872	M011757	True	True	True	True	both_directions_pass
M008872	M012021	True	True	True	True	both_directions_pass
M008872	M012147	True	True	True	True	both_directions_pass
M008872	M012312	True	True	True	True	both_directions_pass
M008872	M012454	True	True	True	True	both_directions_pass
M008872	M012603	True	True	True	True	both_directions_pass
M008872	M012705	True	True	True	True	both_directions_pass
M008872	M012832	True	True	True	True	both_directions_pass
M008872	M012963	True	True	True	True	both_directions_pass
M008872	M013067	True	True	True	True	both_directions_pass
M008885	M000012	True	True	True	True	both_directions_pass
M008885	M000282	True	True	True	True	both_directions_pass
M008885	M000584	True	True	True	True	both_directions_pass
M008885	M001011	True	True	True	True	both_directions_pass
M008885	M002016	True	True	True	True	both_directions_pass
M008885	M002105	True	True	True	True	both_directions_pass
M008885	M002499	True	True	True	True	both_directions_pass
M008885	M002844	True	True	True	True	both_directions_pass
M008885	M003080	True	True	True	True	both_directions_pass
M008885	M003185	True	True	True	True	both_directions_pass
M008885	M003311	True	True	True	True	both_directions_pass
M008885	M003568	True	True	True	True	both_directions_pass
M008885	M003834	True	True	True	True	both_directions_pass
M008885	M004617	True	True	True	True	both_directions_pass
M008885	M004723	True	True	True	True	both_directions_pass
M008885	M005109	True	True	True	True	both_directions_pass
M008885	M005275	True	True	True	True	both_directions_pass
M008885	M005505	True	True	True	True	both_directions_pass
M008885	M005559	True	True	True	True	both_directions_pass
M008885	M005752	True	True	True	True	both_directions_pass
M008885	M005804	True	True	True	True	both_directions_pass
M008885	M005847	True	True	True	True	both_directions_pass
M008885	M006281	True	True	True	True	both_directions_pass
M008885	M006457	True	True	True	True	both_directions_pass
M008885	M006549	True	True	True	True	both_directions_pass
M008885	M006812	True	True	True	True	both_directions_pass
M008885	M007371	True	True	True	True	both_directions_pass
M008885	M007456	True	True	True	True	both_directions_pass
M008885	M007557	True	True	True	True	both_directions_pass
M008885	M007764	True	True	True	True	both_directions_pass
M008885	M007929	True	True	True	True	both_directions_pass
M008885	M008008	True	True	True	True	both_directions_pass
M008885	M008193	True	True	True	True	both_directions_pass
M008885	M008445	True	True	True	True	both_directions_pass
M008885	M008778	True	True	True	True	both_directions_pass
M008885	M009053	True	True	True	True	both_directions_pass
M008885	M009157	True	True	True	True	both_directions_pass
M008885	M009283	True	True	True	True	both_directions_pass
M008885	M009362	True	True	True	True	both_directions_pass
M008885	M009556	True	True	True	True	both_directions_pass
M008885	M009664	True	True	True	True	both_directions_pass
M008885	M009971	True	True	True	True	both_directions_pass
M008885	M010201	True	True	True	True	both_directions_pass
M008885	M010369	True	True	True	True	both_directions_pass
M008885	M010680	True	True	True	True	both_directions_pass
M008885	M010998	True	True	True	True	both_directions_pass
M008885	M011099	True	True	True	True	both_directions_pass
M008885	M011244	True	True	True	True	both_directions_pass
M008885	M011289	True	True	True	True	both_directions_pass
M008885	M012140	True	True	True	True	both_directions_pass
M008885	M012270	True	True	True	True	both_directions_pass
M008885	M013025	True	True	True	True	both_directions_pass
M008885	M013122	True	True	True	True	both_directions_pass
M008885	M014330	True	True	True	True	both_directions_pass
M008885	M018107	True	True	True	True	both_directions_pass
M008925	M017896	True	True	True	True	both_directions_pass
M009005	M000179	True	True	True	True	both_directions_pass
M009005	M002586	True	True	True	True	both_directions_pass
M009005	M003005	True	True	False	False	neither_direction_passes
M009005	M006805	True	True	False	False	neither_direction_passes
M009005	M008378	True	True	True	True	both_directions_pass
M009005	M009293	True	True	False	False	neither_direction_passes
M009010	M005107	True	True	True	True	both_directions_pass
M009010	M007124	True	True	False	False	neither_direction_passes
M009010	M007551	True	True	True	True	both_directions_pass
M009036	M002626	True	True	True	True	both_directions_pass
M009036	M012808	True	True	True	True	both_directions_pass
M009036	M017868	True	True	True	True	both_directions_pass
M009040	M006632	True	True	True	True	both_directions_pass
M009080	M002128	True	True	True	True	both_directions_pass
M009080	M003474	True	True	True	True	both_directions_pass
M009080	M005523	True	True	True	True	both_directions_pass
M009081	M000085	True	True	True	True	both_directions_pass
M009081	M000725	True	True	True	True	both_directions_pass
M009081	M002347	True	True	True	True	both_directions_pass
M009081	M002631	True	True	True	True	both_directions_pass
M009081	M002796	True	True	True	True	both_directions_pass
M009081	M003489	True	True	True	True	both_directions_pass
M009081	M003512	True	True	True	True	both_directions_pass
M009081	M003647	True	True	True	True	both_directions_pass
M009081	M003907	True	True	True	True	both_directions_pass
M009081	M005113	True	True	True	True	both_directions_pass
M009081	M006982	True	True	True	True	both_directions_pass
M009081	M007263	True	True	True	True	both_directions_pass
M009081	M007498	True	True	True	True	both_directions_pass
M009081	M008520	True	True	True	True	both_directions_pass
M009081	M009014	True	True	True	True	both_directions_pass
M009081	M009254	True	True	True	True	both_directions_pass
M009081	M009885	True	True	True	True	both_directions_pass
M009081	M010191	True	True	True	True	both_directions_pass
M009081	M010522	True	True	True	True	both_directions_pass
M009081	M010999	True	True	True	True	both_directions_pass
M009081	M011091	True	True	True	True	both_directions_pass
M009081	M011495	True	True	True	True	both_directions_pass
M009081	M011572	True	True	True	True	both_directions_pass
M009081	M011968	True	True	True	True	both_directions_pass
M009081	M012815	True	True	True	True	both_directions_pass
M009081	M013273	True	True	True	True	both_directions_pass
M009081	M014227	True	True	True	True	both_directions_pass
M009081	M014724	True	True	True	True	both_directions_pass
M009081	M014729	True	True	True	True	both_directions_pass
M009081	M015494	True	True	True	True	both_directions_pass
M009081	M015585	True	True	True	True	both_directions_pass
M009081	M015673	True	True	True	True	both_directions_pass
M009081	M015685	True	True	True	True	both_directions_pass
M009081	M016199	True	True	True	True	both_directions_pass
M009081	M016246	True	True	True	True	both_directions_pass
M009081	M016261	True	True	True	True	both_directions_pass
M009081	M016453	True	True	True	True	both_directions_pass
M009081	M016709	True	True	True	True	both_directions_pass
M009081	M017870	True	True	True	True	both_directions_pass
M009125	M006806	True	True	True	True	both_directions_pass
M009174	M000418	True	True	True	True	both_directions_pass
M009174	M001570	True	True	True	True	both_directions_pass
M009174	M005532	True	True	True	True	both_directions_pass
M009174	M011404	True	True	True	True	both_directions_pass
M009177	M000570	True	True	True	True	both_directions_pass
M009177	M001366	True	True	True	True	both_directions_pass
M009177	M002031	True	True	True	True	both_directions_pass
M009177	M003884	True	True	True	True	both_directions_pass
M009177	M005823	True	True	True	True	both_directions_pass
M009177	M006909	True	True	True	True	both_directions_pass
M009177	M010401	True	True	True	True	both_directions_pass
M009177	M010486	True	True	True	True	both_directions_pass
M009177	M012215	True	True	True	True	both_directions_pass
M009177	M013843	True	True	True	True	both_directions_pass
M009184	M007886	True	True	True	True	both_directions_pass
M009184	M012729	True	True	True	True	both_directions_pass
M009189	M002045	True	True	True	True	both_directions_pass
M009189	M003648	True	True	True	True	both_directions_pass
M009189	M003895	True	True	True	True	both_directions_pass
M009189	M005087	True	True	True	True	both_directions_pass
M009189	M006000	True	True	True	True	both_directions_pass
M009189	M010585	True	True	True	True	both_directions_pass
M009195	M010187	True	True	True	True	both_directions_pass
M009198	M006788	True	True	False	False	neither_direction_passes
M009198	M007165	True	True	True	True	both_directions_pass
M009198	M009674	True	True	True	True	both_directions_pass
M009198	M012799	True	True	True	True	both_directions_pass
M009208	M000588	True	True	True	True	both_directions_pass
M009208	M003622	True	True	True	True	both_directions_pass
M009208	M006378	True	True	True	True	both_directions_pass
M009208	M006750	True	True	True	True	both_directions_pass
M009208	M012792	True	True	True	True	both_directions_pass
M009222	M000101	True	True	True	True	both_directions_pass
M009222	M000251	True	True	True	True	both_directions_pass
M009222	M000463	True	True	True	True	both_directions_pass
M009222	M000527	True	True	True	True	both_directions_pass
M009222	M000988	True	True	True	True	both_directions_pass
M009222	M001450	True	True	True	True	both_directions_pass
M009222	M002064	True	True	True	True	both_directions_pass
M009222	M002188	True	True	True	True	both_directions_pass
M009222	M002508	True	True	True	True	both_directions_pass
M009222	M002719	True	True	True	True	both_directions_pass
M009222	M002753	True	True	True	True	both_directions_pass
M009222	M003016	True	True	True	True	both_directions_pass
M009222	M003240	True	True	True	True	both_directions_pass
M009222	M003359	True	True	True	True	both_directions_pass
M009222	M003626	True	True	True	True	both_directions_pass
M009222	M003707	True	True	True	True	both_directions_pass
M009222	M003818	True	True	True	True	both_directions_pass
M009222	M003989	True	True	True	True	both_directions_pass
M009222	M004277	True	True	True	True	both_directions_pass
M009222	M004465	True	True	True	True	both_directions_pass
M009222	M004621	True	True	True	True	both_directions_pass
M009222	M004671	True	True	True	True	both_directions_pass
M009222	M004880	True	True	True	True	both_directions_pass
M009222	M004955	True	True	True	True	both_directions_pass
M009222	M005014	True	True	True	True	both_directions_pass
M009222	M005149	True	True	True	True	both_directions_pass
M009222	M005345	True	True	True	True	both_directions_pass
M009222	M005481	True	True	True	True	both_directions_pass
M009222	M005541	True	True	True	True	both_directions_pass
M009222	M005700	True	True	True	True	both_directions_pass
M009222	M005878	True	True	True	True	both_directions_pass
M009222	M005893	True	True	True	True	both_directions_pass
M009222	M006177	True	True	True	True	both_directions_pass
M009222	M006213	True	True	True	True	both_directions_pass
M009222	M006373	True	True	True	True	both_directions_pass
M009222	M006399	True	True	True	True	both_directions_pass
M009222	M006621	True	True	True	True	both_directions_pass
M009222	M006781	True	True	True	True	both_directions_pass
M009222	M006923	True	True	True	True	both_directions_pass
M009222	M007087	True	True	True	True	both_directions_pass
M009222	M007241	True	True	True	True	both_directions_pass
M009222	M007294	True	True	True	True	both_directions_pass
M009222	M007319	True	True	True	True	both_directions_pass
M009222	M007514	True	True	True	True	both_directions_pass
M009222	M007619	True	True	True	True	both_directions_pass
M009222	M007687	True	True	True	True	both_directions_pass
M009222	M007996	True	True	True	True	both_directions_pass
M009222	M008040	True	True	True	True	both_directions_pass
M009222	M008227	True	True	True	True	both_directions_pass
M009222	M008269	True	True	True	True	both_directions_pass
M009222	M008714	True	True	True	True	both_directions_pass
M009222	M008921	True	True	True	True	both_directions_pass
M009222	M009001	True	True	True	True	both_directions_pass
M009222	M009161	True	True	True	True	both_directions_pass
M009222	M009359	True	True	True	True	both_directions_pass
M009222	M009449	True	True	True	True	both_directions_pass
M009222	M009544	True	True	True	True	both_directions_pass
M009222	M009730	True	True	True	True	both_directions_pass
M009222	M009992	True	True	True	True	both_directions_pass
M009222	M010109	True	True	True	True	both_directions_pass
M009222	M010213	True	True	True	True	both_directions_pass
M009222	M010292	True	True	True	True	both_directions_pass
M009222	M010341	True	True	True	True	both_directions_pass
M009222	M010495	True	True	True	True	both_directions_pass
M009222	M010742	True	True	True	True	both_directions_pass
M009222	M010797	True	True	True	True	both_directions_pass
M009222	M010838	True	True	True	True	both_directions_pass
M009222	M010968	True	True	True	True	both_directions_pass
M009222	M011140	True	True	True	True	both_directions_pass
M009222	M011191	True	True	True	True	both_directions_pass
M009222	M011312	True	True	True	True	both_directions_pass
M009222	M011395	True	True	True	True	both_directions_pass
M009222	M011740	True	True	True	True	both_directions_pass
M009222	M012086	True	True	True	True	both_directions_pass
M009222	M012461	True	True	True	True	both_directions_pass
M009222	M012500	True	True	True	True	both_directions_pass
M009222	M012830	True	True	True	True	both_directions_pass
M009222	M013001	True	True	True	True	both_directions_pass
M009222	M013145	True	True	True	True	both_directions_pass
M009256	M000235	True	True	True	True	both_directions_pass
M009256	M000655	True	True	True	True	both_directions_pass
M009256	M000792	True	True	True	True	both_directions_pass
M009256	M001184	True	True	True	True	both_directions_pass
M009256	M001372	True	True	True	True	both_directions_pass
M009256	M001552	True	True	True	True	both_directions_pass
M009256	M001698	True	True	True	True	both_directions_pass
M009256	M001978	True	True	True	True	both_directions_pass
M009256	M002384	True	True	True	True	both_directions_pass
M009256	M002485	True	True	True	True	both_directions_pass
M009256	M002616	True	True	True	True	both_directions_pass
M009256	M002888	True	True	True	True	both_directions_pass
M009256	M002990	True	True	True	True	both_directions_pass
M009256	M003404	True	True	True	True	both_directions_pass
M009256	M004470	True	True	True	True	both_directions_pass
M009256	M004593	True	True	True	True	both_directions_pass
M009256	M004719	True	True	True	True	both_directions_pass
M009256	M004906	True	True	True	True	both_directions_pass
M009256	M005076	True	True	True	True	both_directions_pass
M009256	M005557	True	True	True	True	both_directions_pass
M009256	M006164	True	True	True	True	both_directions_pass
M009256	M006251	True	True	True	True	both_directions_pass
M009256	M006473	True	True	True	True	both_directions_pass
M009256	M006523	True	True	True	True	both_directions_pass
M009256	M006642	True	True	True	True	both_directions_pass
M009256	M006935	True	True	True	True	both_directions_pass
M009256	M007235	True	True	True	True	both_directions_pass
M009256	M007684	True	True	True	True	both_directions_pass
M009256	M007816	True	True	True	True	both_directions_pass
M009256	M007964	True	True	True	True	both_directions_pass
M009256	M007992	True	True	True	True	both_directions_pass
M009256	M008099	True	True	True	True	both_directions_pass
M009256	M008294	True	True	True	True	both_directions_pass
M009256	M008320	True	True	True	True	both_directions_pass
M009256	M008694	True	True	True	True	both_directions_pass
M009256	M008948	True	True	True	True	both_directions_pass
M009256	M009110	True	True	True	True	both_directions_pass
M009256	M009476	True	True	True	True	both_directions_pass
M009256	M009851	True	True	True	True	both_directions_pass
M009256	M010082	True	True	True	True	both_directions_pass
M009256	M010196	True	True	True	True	both_directions_pass
M009256	M010248	True	True	True	True	both_directions_pass
M009256	M010253	True	True	True	True	both_directions_pass
M009256	M010828	True	True	True	True	both_directions_pass
M009256	M011042	True	True	True	True	both_directions_pass
M009256	M011529	True	True	True	True	both_directions_pass
M009256	M011629	True	True	True	True	both_directions_pass
M009256	M012053	True	True	True	True	both_directions_pass
M009256	M012468	True	True	True	True	both_directions_pass
M009256	M012563	True	True	True	True	both_directions_pass
M009256	M012754	True	True	True	True	both_directions_pass
M009256	M012985	True	True	True	True	both_directions_pass
M009256	M013076	True	True	True	True	both_directions_pass
M009256	M013511	True	True	True	True	both_directions_pass
M009256	M014108	True	True	True	True	both_directions_pass
M009256	M014673	True	True	True	True	both_directions_pass
M009256	M016948	True	True	True	True	both_directions_pass
M009256	M016951	True	True	True	True	both_directions_pass
M009256	M017416	True	True	True	True	both_directions_pass
M009282	M000896	True	True	True	True	both_directions_pass
M009282	M001284	True	True	True	True	both_directions_pass
M009282	M004657	True	True	True	True	both_directions_pass
M009282	M004856	True	True	True	True	both_directions_pass
M009282	M009763	True	True	True	True	both_directions_pass
M009284	M000173	True	True	True	True	both_directions_pass
M009284	M004611	True	True	True	True	both_directions_pass
M009284	M005980	True	True	True	True	both_directions_pass
M009284	M009897	True	True	True	True	both_directions_pass
M009284	M010682	True	True	True	True	both_directions_pass
M009284	M016026	True	True	True	True	both_directions_pass
M009284	M016685	True	True	False	False	neither_direction_passes
M009288	M013972	True	True	True	True	both_directions_pass
M009295	M000111	True	True	False	False	neither_direction_passes
M009295	M002818	True	True	True	True	both_directions_pass
M009295	M005102	True	True	True	True	both_directions_pass
M009295	M006980	True	True	False	False	neither_direction_passes
M009295	M007182	True	True	True	True	both_directions_pass
M009295	M008022	True	True	True	True	both_directions_pass
M009295	M009152	True	True	True	True	both_directions_pass
M009295	M009915	True	True	True	True	both_directions_pass
M009295	M010230	True	True	True	True	both_directions_pass
M009331	M016056	True	True	True	True	both_directions_pass
M009350	M006736	True	True	True	True	both_directions_pass
M009351	M000608	True	True	False	False	neither_direction_passes
M009351	M001086	True	True	True	True	both_directions_pass
M009351	M001414	True	True	True	True	both_directions_pass
M009351	M001468	True	True	True	True	both_directions_pass
M009351	M002026	True	True	True	True	both_directions_pass
M009351	M002200	True	True	True	True	both_directions_pass
M009351	M003632	True	True	True	True	both_directions_pass
M009351	M004574	True	True	True	True	both_directions_pass
M009351	M004694	True	True	True	True	both_directions_pass
M009351	M004878	True	True	False	False	neither_direction_passes
M009351	M005254	True	True	True	True	both_directions_pass
M009351	M005445	True	True	True	True	both_directions_pass
M009351	M005856	True	True	True	True	both_directions_pass
M009351	M005968	True	True	True	True	both_directions_pass
M009351	M006501	True	True	False	False	neither_direction_passes
M009351	M007024	True	True	True	True	both_directions_pass
M009351	M007061	True	True	True	True	both_directions_pass
M009351	M007898	True	True	True	True	both_directions_pass
M009351	M007970	True	True	True	True	both_directions_pass
M009351	M009599	True	True	False	False	neither_direction_passes
M009351	M010020	True	True	True	True	both_directions_pass
M009351	M010867	True	True	True	True	both_directions_pass
M009351	M011659	True	True	True	True	both_directions_pass
M009351	M013021	True	True	True	True	both_directions_pass
M009365	M008468	True	True	True	True	both_directions_pass
M009371	M000167	True	True	True	True	both_directions_pass
M009371	M000234	True	True	True	True	both_directions_pass
M009371	M000314	True	True	True	True	both_directions_pass
M009371	M000510	True	True	True	True	both_directions_pass
M009371	M000515	True	True	True	True	both_directions_pass
M009371	M000596	True	True	True	True	both_directions_pass
M009371	M000637	True	True	True	True	both_directions_pass
M009371	M000658	True	True	True	True	both_directions_pass
M009371	M000996	True	True	True	True	both_directions_pass
M009371	M001094	True	True	True	True	both_directions_pass
M009371	M001108	True	True	True	True	both_directions_pass
M009371	M001177	True	True	True	True	both_directions_pass
M009371	M001367	True	True	True	True	both_directions_pass
M009371	M001597	True	True	True	True	both_directions_pass
M009371	M001745	True	True	True	True	both_directions_pass
M009371	M001954	True	True	True	True	both_directions_pass
M009371	M002042	True	True	True	True	both_directions_pass
M009371	M002101	True	True	True	True	both_directions_pass
M009371	M002213	True	True	True	True	both_directions_pass
M009371	M002239	True	True	True	True	both_directions_pass
M009371	M002489	True	True	True	True	both_directions_pass
M009371	M002658	True	True	True	True	both_directions_pass
M009371	M002788	True	True	True	True	both_directions_pass
M009371	M002997	True	True	True	True	both_directions_pass
M009371	M003134	True	True	True	True	both_directions_pass
M009371	M003250	True	True	True	True	both_directions_pass
M009371	M003279	True	True	True	True	both_directions_pass
M009371	M003501	True	True	True	True	both_directions_pass
M009371	M003537	True	True	True	True	both_directions_pass
M009371	M003652	True	True	True	True	both_directions_pass
M009371	M003862	True	True	True	True	both_directions_pass
M009371	M003968	True	True	True	True	both_directions_pass
M009371	M004157	True	True	True	True	both_directions_pass
M009371	M004367	True	True	True	True	both_directions_pass
M009371	M004447	True	True	True	True	both_directions_pass
M009371	M004597	True	True	True	True	both_directions_pass
M009371	M004764	True	True	True	True	both_directions_pass
M009371	M004889	True	True	True	True	both_directions_pass
M009371	M004932	True	True	True	True	both_directions_pass
M009371	M005099	True	True	True	True	both_directions_pass
M009371	M005365	True	True	True	True	both_directions_pass
M009371	M005435	True	True	True	True	both_directions_pass
M009371	M005604	True	True	True	True	both_directions_pass
M009371	M005653	True	True	True	True	both_directions_pass
M009371	M005778	True	True	True	True	both_directions_pass
M009371	M006068	True	True	True	True	both_directions_pass
M009371	M006148	True	True	True	True	both_directions_pass
M009371	M006338	True	True	True	True	both_directions_pass
M009371	M006371	True	True	True	True	both_directions_pass
M009371	M006507	True	True	True	True	both_directions_pass
M009371	M006800	True	True	True	True	both_directions_pass
M009371	M006888	True	True	True	True	both_directions_pass
M009371	M007028	True	True	True	True	both_directions_pass
M009371	M007109	True	True	True	True	both_directions_pass
M009371	M007135	True	True	True	True	both_directions_pass
M009371	M007483	True	True	True	True	both_directions_pass
M009371	M007636	True	True	True	True	both_directions_pass
M009371	M007728	True	True	True	True	both_directions_pass
M009371	M007841	True	True	True	True	both_directions_pass
M009371	M007876	True	True	True	True	both_directions_pass
M009371	M008057	True	True	True	True	both_directions_pass
M009371	M008094	True	True	True	True	both_directions_pass
M009371	M008367	True	True	True	True	both_directions_pass
M009371	M008413	True	True	True	True	both_directions_pass
M009371	M008482	True	True	True	True	both_directions_pass
M009371	M008725	True	True	True	True	both_directions_pass
M009371	M008928	True	True	True	True	both_directions_pass
M009371	M009079	True	True	True	True	both_directions_pass
M009371	M009200	True	True	True	True	both_directions_pass
M009371	M009658	True	True	True	True	both_directions_pass
M009371	M009737	True	True	True	True	both_directions_pass
M009371	M009743	True	True	True	True	both_directions_pass
M009371	M009840	True	True	True	True	both_directions_pass
M009371	M009981	True	True	True	True	both_directions_pass
M009371	M010046	True	True	True	True	both_directions_pass
M009371	M010202	True	True	True	True	both_directions_pass
M009371	M010335	True	True	True	True	both_directions_pass
M009371	M010419	True	True	True	True	both_directions_pass
M009371	M010502	True	True	True	True	both_directions_pass
M009371	M010540	True	True	True	True	both_directions_pass
M009371	M010666	True	True	True	True	both_directions_pass
M009371	M010855	True	True	True	True	both_directions_pass
M009371	M011019	True	True	True	True	both_directions_pass
M009371	M011096	True	True	True	True	both_directions_pass
M009371	M011314	True	True	True	True	both_directions_pass
M009371	M011341	True	True	True	True	both_directions_pass
M009371	M011372	True	True	True	True	both_directions_pass
M009371	M011491	True	True	True	True	both_directions_pass
M009371	M011621	True	True	True	True	both_directions_pass
M009371	M012025	True	True	True	True	both_directions_pass
M009371	M012089	True	True	True	True	both_directions_pass
M009371	M012222	True	True	True	True	both_directions_pass
M009371	M012410	True	True	True	True	both_directions_pass
M009371	M012564	True	True	True	True	both_directions_pass
M009371	M012750	True	True	True	True	both_directions_pass
M009371	M012831	True	True	True	True	both_directions_pass
M009371	M012988	True	True	True	True	both_directions_pass
M009371	M013077	True	True	True	True	both_directions_pass
M009371	M013196	True	True	True	True	both_directions_pass
M009371	M013279	True	True	True	True	both_directions_pass
M009371	M013326	True	True	True	True	both_directions_pass
M009371	M013331	True	True	True	True	both_directions_pass
M009371	M013332	True	True	True	True	both_directions_pass
M009371	M013362	True	True	True	True	both_directions_pass
M009371	M013373	True	True	True	True	both_directions_pass
M009371	M013618	True	True	True	True	both_directions_pass
M009371	M013637	True	True	True	True	both_directions_pass
M009371	M013656	True	True	True	True	both_directions_pass
M009371	M013694	True	True	True	True	both_directions_pass
M009371	M013751	True	True	True	True	both_directions_pass
M009371	M013878	True	True	True	True	both_directions_pass
M009371	M013895	True	True	True	True	both_directions_pass
M009371	M013937	True	True	True	True	both_directions_pass
M009371	M013988	True	True	True	True	both_directions_pass
M009371	M014006	True	True	True	True	both_directions_pass
M009371	M014040	True	True	True	True	both_directions_pass
M009371	M014052	True	True	True	True	both_directions_pass
M009371	M014053	True	True	True	True	both_directions_pass
M009371	M014061	True	True	True	True	both_directions_pass
M009371	M014101	True	True	True	True	both_directions_pass
M009371	M014167	True	True	True	True	both_directions_pass
M009371	M014180	True	True	True	True	both_directions_pass
M009371	M014245	True	True	True	True	both_directions_pass
M009371	M014292	True	True	True	True	both_directions_pass
M009371	M014336	True	True	True	True	both_directions_pass
M009371	M014341	True	True	True	True	both_directions_pass
M009371	M014350	True	True	True	True	both_directions_pass
M009371	M014373	True	True	True	True	both_directions_pass
M009371	M014394	True	True	True	True	both_directions_pass
M009371	M014430	True	True	True	True	both_directions_pass
M009371	M014544	True	True	True	True	both_directions_pass
M009371	M014559	True	True	True	True	both_directions_pass
M009371	M014598	True	True	True	True	both_directions_pass
M009371	M014643	True	True	True	True	both_directions_pass
M009371	M014860	True	True	True	True	both_directions_pass
M009371	M014867	True	True	True	True	both_directions_pass
M009371	M014869	True	True	True	True	both_directions_pass
M009371	M014870	True	True	True	True	both_directions_pass
M009371	M015054	True	True	True	True	both_directions_pass
M009371	M015118	True	True	True	True	both_directions_pass
M009371	M015158	True	True	True	True	both_directions_pass
M009371	M015196	True	True	True	True	both_directions_pass
M009371	M015291	True	True	True	True	both_directions_pass
M009371	M015320	True	True	False	False	neither_direction_passes
M009371	M015347	True	True	True	True	both_directions_pass
M009371	M015473	True	True	True	True	both_directions_pass
M009371	M015476	True	True	True	True	both_directions_pass
M009371	M015489	True	True	False	False	neither_direction_passes
M009371	M015539	True	True	True	True	both_directions_pass
M009371	M015547	True	True	False	False	neither_direction_passes
M009371	M015559	True	True	True	True	both_directions_pass
M009371	M015594	True	True	True	True	both_directions_pass
M009371	M015602	True	True	True	True	both_directions_pass
M009371	M015702	True	True	True	True	both_directions_pass
M009371	M015740	True	True	True	True	both_directions_pass
M009371	M015830	True	True	True	True	both_directions_pass
M009371	M015879	True	True	True	True	both_directions_pass
M009371	M015916	True	True	True	True	both_directions_pass
M009371	M016033	True	True	True	True	both_directions_pass
M009371	M016052	True	True	True	True	both_directions_pass
M009371	M016067	True	True	True	True	both_directions_pass
M009371	M016086	True	True	True	True	both_directions_pass
M009371	M016227	True	True	True	True	both_directions_pass
M009371	M016309	True	True	True	True	both_directions_pass
M009371	M016398	True	True	True	True	both_directions_pass
M009371	M016419	True	True	True	True	both_directions_pass
M009371	M016460	True	True	True	True	both_directions_pass
M009371	M016474	True	True	True	True	both_directions_pass
M009371	M016537	True	True	True	True	both_directions_pass
M009371	M016552	True	True	True	True	both_directions_pass
M009371	M016564	True	True	True	True	both_directions_pass
M009371	M016586	True	True	True	True	both_directions_pass
M009371	M016778	True	True	True	True	both_directions_pass
M009371	M016856	True	True	True	True	both_directions_pass
M009371	M016897	True	True	True	True	both_directions_pass
M009371	M016907	True	True	True	True	both_directions_pass
M009371	M016916	True	True	True	True	both_directions_pass
M009371	M016917	True	True	True	True	both_directions_pass
M009371	M016942	True	True	True	True	both_directions_pass
M009371	M017017	True	True	True	True	both_directions_pass
M009371	M017022	True	True	True	True	both_directions_pass
M009371	M017032	True	True	True	True	both_directions_pass
M009371	M017035	True	True	True	True	both_directions_pass
M009371	M017079	True	True	True	True	both_directions_pass
M009371	M017091	True	True	True	True	both_directions_pass
M009371	M017104	True	True	True	True	both_directions_pass
M009371	M017113	True	True	True	True	both_directions_pass
M009371	M017122	True	True	True	True	both_directions_pass
M009371	M017168	True	True	True	True	both_directions_pass
M009371	M017205	True	True	True	True	both_directions_pass
M009371	M017249	True	True	True	True	both_directions_pass
M009371	M017263	True	True	True	True	both_directions_pass
M009371	M017308	True	True	True	True	both_directions_pass
M009371	M017334	True	True	True	True	both_directions_pass
M009371	M017352	True	True	True	True	both_directions_pass
M009371	M017364	True	True	True	True	both_directions_pass
M009371	M017388	True	True	True	True	both_directions_pass
M009371	M017429	True	True	True	True	both_directions_pass
M009371	M017440	True	True	True	True	both_directions_pass
M009371	M017444	True	True	True	True	both_directions_pass
M009371	M017466	True	True	True	True	both_directions_pass
M009371	M017473	True	True	True	True	both_directions_pass
M009371	M017621	True	True	True	True	both_directions_pass
M009371	M017645	True	True	True	True	both_directions_pass
M009371	M017676	True	True	True	True	both_directions_pass
M009371	M017682	True	True	True	True	both_directions_pass
M009371	M017744	True	True	True	True	both_directions_pass
M009371	M017795	True	True	True	True	both_directions_pass
M009371	M017817	True	True	True	True	both_directions_pass
M009371	M017837	True	True	True	True	both_directions_pass
M009371	M017869	True	True	True	True	both_directions_pass
M009371	M017972	True	True	True	True	both_directions_pass
M009371	M017986	True	True	True	True	both_directions_pass
M009371	M017998	True	True	True	True	both_directions_pass
M009371	M018081	True	True	True	True	both_directions_pass
M009371	M018103	True	True	True	True	both_directions_pass
M009371	M018195	True	True	True	True	both_directions_pass
M009371	M018230	True	True	True	True	both_directions_pass
M009379	M003231	True	True	True	True	both_directions_pass
M009379	M003291	True	True	True	True	both_directions_pass
M009397	M000204	True	True	True	True	both_directions_pass
M009397	M000401	True	True	True	True	both_directions_pass
M009397	M006030	True	True	True	True	both_directions_pass
M009397	M013230	True	True	True	True	both_directions_pass
M009397	M013480	True	True	True	True	both_directions_pass
M009397	M013523	True	True	True	True	both_directions_pass
M009397	M013819	True	True	True	True	both_directions_pass
M009397	M015425	True	True	True	True	both_directions_pass
M009397	M015697	True	True	True	True	both_directions_pass
M009397	M016678	True	True	True	True	both_directions_pass
M009397	M016888	True	True	False	False	neither_direction_passes
M009397	M016910	True	True	True	True	both_directions_pass
M009397	M016974	True	True	True	True	both_directions_pass
M009397	M017450	True	True	True	True	both_directions_pass
M009397	M017494	True	True	True	True	both_directions_pass
M009397	M017909	True	True	True	True	both_directions_pass
M009397	M017966	True	True	True	True	both_directions_pass
M009397	M018182	True	True	True	True	both_directions_pass
M009413	M011087	True	True	True	True	both_directions_pass
M009420	M002661	True	True	True	True	both_directions_pass
M009420	M004668	True	True	True	True	both_directions_pass
M009426	M000324	True	True	True	True	both_directions_pass
M009426	M000348	True	True	True	True	both_directions_pass
M009426	M000676	True	True	True	True	both_directions_pass
M009426	M001264	True	True	True	True	both_directions_pass
M009426	M001335	True	True	True	True	both_directions_pass
M009426	M001743	True	True	True	True	both_directions_pass
M009426	M002320	True	True	True	True	both_directions_pass
M009426	M002558	True	True	True	True	both_directions_pass
M009426	M003711	True	True	True	True	both_directions_pass
M009426	M004056	True	True	True	True	both_directions_pass
M009426	M006860	True	True	True	True	both_directions_pass
M009426	M008670	True	True	True	True	both_directions_pass
M009426	M008812	True	True	True	True	both_directions_pass
M009426	M009811	True	True	True	True	both_directions_pass
M009426	M010296	True	True	True	True	both_directions_pass
M009426	M011223	True	True	True	True	both_directions_pass
M009426	M011555	True	True	True	True	both_directions_pass
M009426	M012739	True	True	True	True	both_directions_pass
M009426	M013460	True	True	True	True	both_directions_pass
M009426	M013770	True	True	True	True	both_directions_pass
M009426	M013986	True	True	True	True	both_directions_pass
M009426	M014176	True	True	True	True	both_directions_pass
M009426	M014192	True	True	True	True	both_directions_pass
M009426	M014311	True	True	True	True	both_directions_pass
M009426	M014313	True	True	True	True	both_directions_pass
M009426	M014397	True	True	True	True	both_directions_pass
M009426	M014535	True	True	True	True	both_directions_pass
M009426	M014638	True	True	True	True	both_directions_pass
M009426	M014856	True	True	True	True	both_directions_pass
M009426	M015377	True	True	True	True	both_directions_pass
M009426	M015467	True	True	True	True	both_directions_pass
M009426	M015538	True	True	True	True	both_directions_pass
M009426	M016099	True	True	True	True	both_directions_pass
M009426	M016417	True	True	True	True	both_directions_pass
M009426	M016456	True	True	True	True	both_directions_pass
M009426	M016567	True	True	True	True	both_directions_pass
M009426	M016647	True	True	True	True	both_directions_pass
M009426	M016704	True	True	True	True	both_directions_pass
M009426	M016713	True	True	True	True	both_directions_pass
M009426	M016964	True	True	True	True	both_directions_pass
M009426	M017018	True	True	True	True	both_directions_pass
M009426	M017060	True	True	True	True	both_directions_pass
M009426	M017086	True	True	True	True	both_directions_pass
M009426	M017088	True	True	True	True	both_directions_pass
M009426	M017089	True	True	True	True	both_directions_pass
M009426	M017226	True	True	True	True	both_directions_pass
M009426	M017570	True	True	True	True	both_directions_pass
M009426	M017692	True	True	True	True	both_directions_pass
M009426	M017785	True	True	True	True	both_directions_pass
M009426	M017833	True	True	True	True	both_directions_pass
M009426	M017856	True	True	True	True	both_directions_pass
M009426	M017885	True	True	True	True	both_directions_pass
M009426	M018021	True	True	True	True	both_directions_pass
M009426	M018264	True	True	True	True	both_directions_pass
M009426	M018271	True	True	True	True	both_directions_pass
M009466	M000017	True	True	True	True	both_directions_pass
M009466	M000147	True	True	True	True	both_directions_pass
M009466	M000198	True	True	True	True	both_directions_pass
M009466	M000426	True	True	True	True	both_directions_pass
M009466	M000516	True	True	True	True	both_directions_pass
M009466	M000599	True	True	True	True	both_directions_pass
M009466	M000755	True	True	True	True	both_directions_pass
M009466	M000877	True	True	True	True	both_directions_pass
M009466	M001037	True	True	True	True	both_directions_pass
M009466	M001117	True	True	False	False	neither_direction_passes
M009466	M001550	True	True	True	True	both_directions_pass
M009466	M002138	True	True	True	True	both_directions_pass
M009466	M002316	True	True	True	True	both_directions_pass
M009466	M002447	True	True	True	True	both_directions_pass
M009466	M002574	True	True	True	True	both_directions_pass
M009466	M002830	True	True	True	True	both_directions_pass
M009466	M002930	True	True	True	True	both_directions_pass
M009466	M003062	True	True	True	True	both_directions_pass
M009466	M003137	True	True	True	True	both_directions_pass
M009466	M003234	True	True	True	True	both_directions_pass
M009466	M003286	True	True	True	True	both_directions_pass
M009466	M003580	True	True	True	True	both_directions_pass
M009466	M003699	True	True	True	True	both_directions_pass
M009466	M003856	True	True	True	True	both_directions_pass
M009466	M004206	True	True	True	True	both_directions_pass
M009466	M004388	True	True	True	True	both_directions_pass
M009466	M004489	True	True	True	True	both_directions_pass
M009466	M004528	True	True	True	True	both_directions_pass
M009466	M004763	True	True	True	True	both_directions_pass
M009466	M004830	True	True	True	True	both_directions_pass
M009466	M004925	True	True	True	True	both_directions_pass
M009466	M005086	True	True	True	True	both_directions_pass
M009466	M005220	True	True	True	True	both_directions_pass
M009466	M005290	True	True	True	True	both_directions_pass
M009466	M005399	True	True	True	True	both_directions_pass
M009466	M005548	True	True	True	True	both_directions_pass
M009466	M005802	True	True	True	True	both_directions_pass
M009466	M005843	True	True	True	True	both_directions_pass
M009466	M006196	True	True	True	True	both_directions_pass
M009466	M006275	True	True	True	True	both_directions_pass
M009466	M006550	True	True	True	True	both_directions_pass
M009466	M006710	True	True	True	True	both_directions_pass
M009466	M006782	True	True	True	True	both_directions_pass
M009466	M006877	True	True	True	True	both_directions_pass
M009466	M007242	True	True	True	True	both_directions_pass
M009466	M007268	True	True	True	True	both_directions_pass
M009466	M007292	True	True	True	True	both_directions_pass
M009466	M007493	True	True	True	True	both_directions_pass
M009466	M007530	True	True	True	True	both_directions_pass
M009466	M007800	True	True	True	True	both_directions_pass
M009466	M007867	True	True	True	True	both_directions_pass
M009466	M008050	True	True	True	True	both_directions_pass
M009466	M008182	True	True	True	True	both_directions_pass
M009466	M008212	True	True	True	True	both_directions_pass
M009466	M008353	True	True	True	True	both_directions_pass
M009466	M008403	True	True	True	True	both_directions_pass
M009466	M008473	True	True	True	True	both_directions_pass
M009466	M008564	True	True	True	True	both_directions_pass
M009466	M008771	True	True	True	True	both_directions_pass
M009466	M008874	True	True	True	True	both_directions_pass
M009466	M009164	True	True	True	True	both_directions_pass
M009466	M009232	True	True	True	True	both_directions_pass
M009466	M009364	True	True	True	True	both_directions_pass
M009466	M009411	True	True	True	True	both_directions_pass
M009466	M009569	True	True	True	True	both_directions_pass
M009466	M009701	True	True	True	True	both_directions_pass
M009466	M009764	True	True	True	True	both_directions_pass
M009466	M009888	True	True	True	True	both_directions_pass
M009466	M010102	True	True	True	True	both_directions_pass
M009466	M010120	True	True	True	True	both_directions_pass
M009466	M010468	True	True	False	False	neither_direction_passes
M009466	M010531	True	True	True	True	both_directions_pass
M009466	M010693	True	True	True	True	both_directions_pass
M009466	M010919	True	True	True	True	both_directions_pass
M009466	M011054	True	True	True	True	both_directions_pass
M009466	M011144	True	True	True	True	both_directions_pass
M009466	M011198	True	True	True	True	both_directions_pass
M009466	M011416	True	True	True	True	both_directions_pass
M009466	M011713	True	True	True	True	both_directions_pass
M009466	M011818	True	True	True	True	both_directions_pass
M009466	M012096	True	True	True	True	both_directions_pass
M009466	M012190	True	True	False	False	neither_direction_passes
M009466	M012276	True	True	True	True	both_directions_pass
M009466	M012450	True	True	True	True	both_directions_pass
M009466	M012489	True	True	True	True	both_directions_pass
M009466	M012684	True	True	True	True	both_directions_pass
M009466	M012898	True	True	True	True	both_directions_pass
M009466	M012976	True	True	True	True	both_directions_pass
M009466	M013079	True	True	True	True	both_directions_pass
M009466	M013132	True	True	True	True	both_directions_pass
M009469	M003597	True	True	True	True	both_directions_pass
M009469	M006664	True	True	True	True	both_directions_pass
M009469	M007990	True	True	True	True	both_directions_pass
M009469	M011693	True	True	True	True	both_directions_pass
M009469	M013114	True	True	True	True	both_directions_pass
M009505	M002051	True	True	True	True	both_directions_pass
M009505	M007539	True	True	True	True	both_directions_pass
M009505	M013047	True	True	True	True	both_directions_pass
M009525	M012301	True	True	True	True	both_directions_pass
M009549	M002434	True	True	True	True	both_directions_pass
M009549	M002908	True	True	False	False	neither_direction_passes
M009549	M003012	True	True	True	True	both_directions_pass
M009549	M003119	True	True	True	True	both_directions_pass
M009549	M003640	True	True	True	True	both_directions_pass
M009549	M003722	True	True	True	True	both_directions_pass
M009549	M006706	True	True	True	True	both_directions_pass
M009549	M007846	True	True	False	False	neither_direction_passes
M009549	M008265	True	True	False	False	neither_direction_passes
M009549	M008571	True	True	False	False	neither_direction_passes
M009549	M008686	True	True	True	True	both_directions_pass
M009549	M011702	True	True	False	False	neither_direction_passes
M009549	M012918	True	True	True	True	both_directions_pass
M009576	M008842	True	True	True	True	both_directions_pass
M009608	M000345	True	True	True	True	both_directions_pass
M009608	M000429	True	True	True	True	both_directions_pass
M009608	M001039	True	True	True	True	both_directions_pass
M009608	M001170	True	True	True	True	both_directions_pass
M009608	M002085	True	True	True	True	both_directions_pass
M009608	M002198	True	True	True	True	both_directions_pass
M009608	M002672	True	True	True	True	both_directions_pass
M009608	M002800	True	True	True	True	both_directions_pass
M009608	M003034	True	True	True	True	both_directions_pass
M009608	M003084	True	True	True	True	both_directions_pass
M009608	M003190	True	True	True	True	both_directions_pass
M009608	M003315	True	True	True	True	both_directions_pass
M009608	M003550	True	True	True	True	both_directions_pass
M009608	M003752	True	True	True	True	both_directions_pass
M009608	M003791	True	True	True	True	both_directions_pass
M009608	M004015	True	True	True	True	both_directions_pass
M009608	M004370	True	True	True	True	both_directions_pass
M009608	M004478	True	True	True	True	both_directions_pass
M009608	M004626	True	True	True	True	both_directions_pass
M009608	M004910	True	True	True	True	both_directions_pass
M009608	M005194	True	True	True	True	both_directions_pass
M009608	M005577	True	True	True	True	both_directions_pass
M009608	M005718	True	True	True	True	both_directions_pass
M009608	M005899	True	True	True	True	both_directions_pass
M009608	M006306	True	True	True	True	both_directions_pass
M009608	M006701	True	True	True	True	both_directions_pass
M009608	M007191	True	True	True	True	both_directions_pass
M009608	M007465	True	True	True	True	both_directions_pass
M009608	M007776	True	True	True	True	both_directions_pass
M009608	M008049	True	True	True	True	both_directions_pass
M009608	M008228	True	True	True	True	both_directions_pass
M009608	M008382	True	True	True	True	both_directions_pass
M009608	M008554	True	True	True	True	both_directions_pass
M009608	M008715	True	True	True	True	both_directions_pass
M009608	M008830	True	True	True	True	both_directions_pass
M009608	M009024	True	True	True	True	both_directions_pass
M009608	M009352	True	True	True	True	both_directions_pass
M009608	M009465	True	True	True	True	both_directions_pass
M009608	M010030	True	True	True	True	both_directions_pass
M009608	M010501	True	True	True	True	both_directions_pass
M009608	M010847	True	True	True	True	both_directions_pass
M009608	M010957	True	True	True	True	both_directions_pass
M009608	M011034	True	True	True	True	both_directions_pass
M009608	M011221	True	True	True	True	both_directions_pass
M009608	M011367	True	True	True	True	both_directions_pass
M009608	M012186	True	True	True	True	both_directions_pass
M009608	M012525	True	True	True	True	both_directions_pass
M009621	M002040	True	True	True	True	both_directions_pass
M009621	M002479	True	True	False	False	neither_direction_passes
M009621	M003159	True	True	True	True	both_directions_pass
M009621	M003548	True	True	True	True	both_directions_pass
M009621	M003749	True	True	True	True	both_directions_pass
M009621	M008922	True	True	True	True	both_directions_pass
M009621	M011203	True	True	True	True	both_directions_pass
M009621	M012949	True	True	True	True	both_directions_pass
M009644	M000160	True	True	True	True	both_directions_pass
M009676	M000170	True	True	True	True	both_directions_pass
M009676	M000286	True	True	True	True	both_directions_pass
M009676	M000808	True	True	True	True	both_directions_pass
M009676	M001213	True	True	True	True	both_directions_pass
M009676	M001482	True	True	True	True	both_directions_pass
M009676	M001555	True	True	True	True	both_directions_pass
M009676	M001748	True	True	True	True	both_directions_pass
M009676	M001808	True	True	True	True	both_directions_pass
M009676	M001914	True	True	True	True	both_directions_pass
M009676	M001980	True	True	True	True	both_directions_pass
M009676	M002169	True	True	True	True	both_directions_pass
M009676	M002325	True	True	True	True	both_directions_pass
M009676	M002403	True	True	True	True	both_directions_pass
M009676	M002705	True	True	True	True	both_directions_pass
M009676	M002736	True	True	True	True	both_directions_pass
M009676	M002850	True	True	True	True	both_directions_pass
M009676	M003167	True	True	True	True	both_directions_pass
M009676	M003300	True	True	True	True	both_directions_pass
M009676	M003801	True	True	True	True	both_directions_pass
M009676	M004258	True	True	True	True	both_directions_pass
M009676	M004500	True	True	True	True	both_directions_pass
M009676	M004589	True	True	True	True	both_directions_pass
M009676	M004865	True	True	True	True	both_directions_pass
M009676	M004984	True	True	True	True	both_directions_pass
M009676	M005100	True	True	True	True	both_directions_pass
M009676	M005214	True	True	True	True	both_directions_pass
M009676	M005562	True	True	True	True	both_directions_pass
M009676	M005634	True	True	True	True	both_directions_pass
M009676	M005727	True	True	True	True	both_directions_pass
M009676	M005920	True	True	True	True	both_directions_pass
M009676	M006102	True	True	True	True	both_directions_pass
M009676	M006279	True	True	True	True	both_directions_pass
M009676	M006316	True	True	True	True	both_directions_pass
M009676	M006542	True	True	True	True	both_directions_pass
M009676	M006703	True	True	True	True	both_directions_pass
M009676	M007177	True	True	True	True	both_directions_pass
M009676	M007342	True	True	True	True	both_directions_pass
M009676	M007443	True	True	True	True	both_directions_pass
M009676	M007688	True	True	True	True	both_directions_pass
M009676	M007837	True	True	True	True	both_directions_pass
M009676	M007864	True	True	True	True	both_directions_pass
M009676	M008135	True	True	True	True	both_directions_pass
M009676	M008263	True	True	True	True	both_directions_pass
M009676	M008337	True	True	True	True	both_directions_pass
M009676	M008496	True	True	True	True	both_directions_pass
M009676	M008713	True	True	True	True	both_directions_pass
M009676	M008815	True	True	True	True	both_directions_pass
M009676	M008981	True	True	True	True	both_directions_pass
M009676	M009176	True	True	True	True	both_directions_pass
M009676	M009390	True	True	True	True	both_directions_pass
M009676	M009471	True	True	True	True	both_directions_pass
M009676	M009533	True	True	True	True	both_directions_pass
M009676	M009779	True	True	True	True	both_directions_pass
M009676	M009919	True	True	True	True	both_directions_pass
M009676	M010018	True	True	True	True	both_directions_pass
M009676	M010168	True	True	True	True	both_directions_pass
M009676	M010392	True	True	True	True	both_directions_pass
M009676	M010487	True	True	True	True	both_directions_pass
M009676	M010545	True	True	True	True	both_directions_pass
M009676	M010704	True	True	True	True	both_directions_pass
M009676	M010733	True	True	True	True	both_directions_pass
M009676	M010896	True	True	True	True	both_directions_pass
M009676	M011239	True	True	True	True	both_directions_pass
M009676	M011405	True	True	True	True	both_directions_pass
M009676	M011480	True	True	True	True	both_directions_pass
M009676	M011574	True	True	True	True	both_directions_pass
M009676	M011678	True	True	True	True	both_directions_pass
M009676	M011824	True	True	True	True	both_directions_pass
M009676	M012060	True	True	True	True	both_directions_pass
M009676	M012126	True	True	True	True	both_directions_pass
M009676	M012214	True	True	True	True	both_directions_pass
M009676	M012452	True	True	True	True	both_directions_pass
M009676	M012768	True	True	True	True	both_directions_pass
M009676	M014438	True	True	True	True	both_directions_pass
M009676	M014542	True	True	True	True	both_directions_pass
M009676	M015061	True	True	True	True	both_directions_pass
M009676	M015085	True	True	True	True	both_directions_pass
M009676	M015180	True	True	True	True	both_directions_pass
M009676	M015811	True	True	True	True	both_directions_pass
M009676	M015905	True	True	True	True	both_directions_pass
M009676	M016030	True	True	True	True	both_directions_pass
M009676	M016343	True	True	True	True	both_directions_pass
M009676	M016667	True	True	True	True	both_directions_pass
M009676	M017270	True	True	True	True	both_directions_pass
M009676	M017340	True	True	True	True	both_directions_pass
M009676	M017449	True	True	True	True	both_directions_pass
M009676	M017729	True	True	True	True	both_directions_pass
M009676	M018221	True	True	True	True	both_directions_pass
M009740	M008899	True	True	True	True	both_directions_pass
M009745	M011784	True	True	True	True	both_directions_pass
M009745	M016759	True	True	True	True	both_directions_pass
M009772	M001513	True	True	True	True	both_directions_pass
M009794	M000034	True	True	True	True	both_directions_pass
M009794	M000159	True	True	True	True	both_directions_pass
M009794	M000206	True	True	False	False	neither_direction_passes
M009794	M001176	True	True	False	False	neither_direction_passes
M009794	M001220	True	True	True	True	both_directions_pass
M009794	M001235	True	True	True	True	both_directions_pass
M009794	M001751	True	True	True	True	both_directions_pass
M009794	M001810	True	True	True	True	both_directions_pass
M009794	M002067	True	True	True	True	both_directions_pass
M009794	M002657	True	True	True	True	both_directions_pass
M009794	M002901	True	True	True	True	both_directions_pass
M009794	M003066	True	True	False	False	neither_direction_passes
M009794	M003173	True	True	False	False	neither_direction_passes
M009794	M003262	True	True	True	True	both_directions_pass
M009794	M003630	True	True	True	True	both_directions_pass
M009794	M003712	True	True	False	False	neither_direction_passes
M009794	M004448	True	True	True	True	both_directions_pass
M009794	M004768	True	True	True	True	both_directions_pass
M009794	M004890	True	True	True	True	both_directions_pass
M009794	M005085	True	True	False	False	neither_direction_passes
M009794	M005193	True	True	True	True	both_directions_pass
M009794	M006080	True	True	True	True	both_directions_pass
M009794	M006211	True	True	True	True	both_directions_pass
M009794	M006502	True	True	True	True	both_directions_pass
M009794	M006656	True	True	True	True	both_directions_pass
M009794	M006983	True	True	True	True	both_directions_pass
M009794	M007219	True	True	True	True	both_directions_pass
M009794	M007328	True	True	True	True	both_directions_pass
M009794	M007722	True	True	False	False	neither_direction_passes
M009794	M008475	True	True	True	True	both_directions_pass
M009794	M008508	True	True	False	False	neither_direction_passes
M009794	M009068	True	True	True	True	both_directions_pass
M009794	M009202	True	True	True	True	both_directions_pass
M009794	M009376	True	True	True	True	both_directions_pass
M009794	M009993	True	True	True	True	both_directions_pass
M009794	M010068	True	True	True	True	both_directions_pass
M009794	M010194	True	True	True	True	both_directions_pass
M009794	M010598	True	True	False	False	neither_direction_passes
M009794	M010663	True	True	True	True	both_directions_pass
M009794	M010764	True	True	True	True	both_directions_pass
M009794	M011052	True	True	True	True	both_directions_pass
M009794	M011115	True	True	True	True	both_directions_pass
M009794	M011202	True	True	True	True	both_directions_pass
M009794	M013125	True	True	True	True	both_directions_pass
M009798	M001713	True	True	True	True	both_directions_pass
M009798	M001769	True	True	True	True	both_directions_pass
M009798	M002300	True	True	True	True	both_directions_pass
M009798	M002471	True	True	False	False	neither_direction_passes
M009798	M005060	True	True	True	True	both_directions_pass
M009798	M005411	True	True	True	True	both_directions_pass
M009798	M006033	True	True	True	True	both_directions_pass
M009798	M007279	True	True	True	True	both_directions_pass
M009798	M008664	True	True	True	True	both_directions_pass
M009798	M011175	True	True	True	True	both_directions_pass
M009798	M011532	True	True	True	True	both_directions_pass
M009798	M012033	True	True	True	True	both_directions_pass
M009870	M000145	True	True	True	True	both_directions_pass
M009870	M000278	True	True	True	True	both_directions_pass
M009870	M000508	True	True	True	True	both_directions_pass
M009870	M000576	True	True	True	True	both_directions_pass
M009870	M000849	True	True	True	True	both_directions_pass
M009870	M001228	True	True	True	True	both_directions_pass
M009870	M001270	True	True	True	True	both_directions_pass
M009870	M001477	True	True	True	True	both_directions_pass
M009870	M001523	True	True	True	True	both_directions_pass
M009870	M001738	True	True	True	True	both_directions_pass
M009870	M001918	True	True	True	True	both_directions_pass
M009870	M002055	True	True	True	True	both_directions_pass
M009870	M002195	True	True	True	True	both_directions_pass
M009870	M002319	True	True	True	True	both_directions_pass
M009870	M002424	True	True	True	True	both_directions_pass
M009870	M002618	True	True	True	True	both_directions_pass
M009870	M002754	True	True	True	True	both_directions_pass
M009870	M002902	True	True	True	True	both_directions_pass
M009870	M003024	True	True	True	True	both_directions_pass
M009870	M003096	True	True	True	True	both_directions_pass
M009870	M003166	True	True	True	True	both_directions_pass
M009870	M003276	True	True	True	True	both_directions_pass
M009870	M003569	True	True	True	True	both_directions_pass
M009870	M003742	True	True	True	True	both_directions_pass
M009870	M003767	True	True	True	True	both_directions_pass
M009870	M003827	True	True	False	False	neither_direction_passes
M009870	M004070	True	True	True	True	both_directions_pass
M009870	M004269	True	True	True	True	both_directions_pass
M009870	M004382	True	True	True	True	both_directions_pass
M009870	M004499	True	True	True	True	both_directions_pass
M009870	M004572	True	True	True	True	both_directions_pass
M009870	M004685	True	True	True	True	both_directions_pass
M009870	M004981	True	True	True	True	both_directions_pass
M009870	M005075	True	True	False	False	neither_direction_passes
M009870	M005252	True	True	True	True	both_directions_pass
M009870	M005347	True	True	True	True	both_directions_pass
M009870	M005747	True	True	True	True	both_directions_pass
M009870	M005940	True	True	True	True	both_directions_pass
M009870	M006045	True	True	True	True	both_directions_pass
M009870	M006146	True	True	True	True	both_directions_pass
M009870	M006341	True	True	True	True	both_directions_pass
M009870	M006498	True	True	True	True	both_directions_pass
M009870	M006817	True	True	True	True	both_directions_pass
M009870	M006939	True	True	True	True	both_directions_pass
M009870	M007070	True	True	True	True	both_directions_pass
M009870	M007130	True	True	True	True	both_directions_pass
M009870	M007444	True	True	True	True	both_directions_pass
M009870	M007466	True	True	True	True	both_directions_pass
M009870	M007565	True	True	True	True	both_directions_pass
M009870	M007892	True	True	False	False	neither_direction_passes
M009870	M008122	True	True	True	True	both_directions_pass
M009870	M008180	True	True	False	False	neither_direction_passes
M009870	M008217	True	True	True	True	both_directions_pass
M009870	M008302	True	True	True	True	both_directions_pass
M009870	M008526	True	True	True	True	both_directions_pass
M009870	M008623	True	True	True	True	both_directions_pass
M009870	M008688	True	True	True	True	both_directions_pass
M009870	M009033	True	True	True	True	both_directions_pass
M009870	M009112	True	True	True	True	both_directions_pass
M009870	M009191	True	True	True	True	both_directions_pass
M009870	M009329	True	True	True	True	both_directions_pass
M009870	M009600	True	True	True	True	both_directions_pass
M009870	M009669	True	True	True	True	both_directions_pass
M009870	M009895	True	True	True	True	both_directions_pass
M009870	M010065	True	True	True	True	both_directions_pass
M009870	M010208	True	True	True	True	both_directions_pass
M009870	M010564	True	True	True	True	both_directions_pass
M009870	M011122	True	True	True	True	both_directions_pass
M009870	M011410	True	True	True	True	both_directions_pass
M009870	M011564	True	True	True	True	both_directions_pass
M009870	M011694	True	True	False	False	neither_direction_passes
M009870	M011922	True	True	True	True	both_directions_pass
M009870	M011956	True	True	True	True	both_directions_pass
M009870	M012122	True	True	True	True	both_directions_pass
M009870	M012202	True	True	True	True	both_directions_pass
M009870	M012365	True	True	True	True	both_directions_pass
M009870	M012395	True	True	False	False	neither_direction_passes
M009870	M012706	True	True	True	True	both_directions_pass
M009870	M012866	True	True	True	True	both_directions_pass
M009870	M012957	True	True	True	True	both_directions_pass
M009871	M000818	True	True	True	True	both_directions_pass
M009871	M001793	True	True	True	True	both_directions_pass
M009871	M012713	True	True	True	True	both_directions_pass
M009891	M002941	True	True	True	True	both_directions_pass
M009891	M010559	True	True	True	True	both_directions_pass
M009963	M000108	True	True	True	True	both_directions_pass
M009963	M000505	True	True	True	True	both_directions_pass
M009963	M000811	True	True	True	True	both_directions_pass
M009963	M000913	True	True	True	True	both_directions_pass
M009963	M000995	True	True	True	True	both_directions_pass
M009963	M001075	True	True	True	True	both_directions_pass
M009963	M001479	True	True	True	True	both_directions_pass
M009963	M001506	True	True	True	True	both_directions_pass
M009963	M001939	True	True	True	True	both_directions_pass
M009963	M002057	True	True	True	True	both_directions_pass
M009963	M002118	True	True	True	True	both_directions_pass
M009963	M002350	True	True	True	True	both_directions_pass
M009963	M002533	True	True	True	True	both_directions_pass
M009963	M002717	True	True	True	True	both_directions_pass
M009963	M002856	True	True	True	True	both_directions_pass
M009963	M002996	True	True	True	True	both_directions_pass
M009963	M003169	True	True	True	True	both_directions_pass
M009963	M003274	True	True	True	True	both_directions_pass
M009963	M003621	True	True	True	True	both_directions_pass
M009963	M003828	True	True	True	True	both_directions_pass
M009963	M004002	True	True	True	True	both_directions_pass
M009963	M004325	True	True	True	True	both_directions_pass
M009963	M004508	True	True	True	True	both_directions_pass
M009963	M004632	True	True	True	True	both_directions_pass
M009963	M004707	True	True	True	True	both_directions_pass
M009963	M004813	True	True	True	True	both_directions_pass
M009963	M004988	True	True	True	True	both_directions_pass
M009963	M005111	True	True	True	True	both_directions_pass
M009963	M005236	True	True	True	True	both_directions_pass
M009963	M005291	True	True	True	True	both_directions_pass
M009963	M005422	True	True	True	True	both_directions_pass
M009963	M005610	True	True	True	True	both_directions_pass
M009963	M005927	True	True	True	True	both_directions_pass
M009963	M006262	True	True	True	True	both_directions_pass
M009963	M006295	True	True	True	True	both_directions_pass
M009963	M006354	True	True	True	True	both_directions_pass
M009963	M006435	True	True	True	True	both_directions_pass
M009963	M006663	True	True	True	True	both_directions_pass
M009963	M006834	True	True	True	True	both_directions_pass
M009963	M006842	True	True	True	True	both_directions_pass
M009963	M006906	True	True	True	True	both_directions_pass
M009963	M007043	True	True	True	True	both_directions_pass
M009963	M007173	True	True	True	True	both_directions_pass
M009963	M007412	True	True	True	True	both_directions_pass
M009963	M007461	True	True	True	True	both_directions_pass
M009963	M007616	True	True	True	True	both_directions_pass
M009963	M007763	True	True	True	True	both_directions_pass
M009963	M007991	True	True	True	True	both_directions_pass
M009963	M008067	True	True	True	True	both_directions_pass
M009963	M008277	True	True	True	True	both_directions_pass
M009963	M008483	True	True	True	True	both_directions_pass
M009963	M008557	True	True	True	True	both_directions_pass
M009963	M008783	True	True	True	True	both_directions_pass
M009963	M008852	True	True	True	True	both_directions_pass
M009963	M008995	True	True	True	True	both_directions_pass
M009963	M009151	True	True	True	True	both_directions_pass
M009963	M009237	True	True	True	True	both_directions_pass
M009963	M009615	True	True	True	True	both_directions_pass
M009963	M009680	True	True	True	True	both_directions_pass
M009963	M010200	True	True	True	True	both_directions_pass
M009963	M010316	True	True	True	True	both_directions_pass
M009963	M010366	True	True	True	True	both_directions_pass
M009963	M010604	True	True	True	True	both_directions_pass
M009963	M010698	True	True	True	True	both_directions_pass
M009963	M010886	True	True	True	True	both_directions_pass
M009963	M010941	True	True	True	True	both_directions_pass
M009963	M011035	True	True	True	True	both_directions_pass
M009963	M011270	True	True	True	True	both_directions_pass
M009963	M011461	True	True	True	True	both_directions_pass
M009963	M011882	True	True	True	True	both_directions_pass
M009963	M012195	True	True	True	True	both_directions_pass
M009963	M012485	True	True	True	True	both_directions_pass
M009963	M012538	True	True	True	True	both_directions_pass
M009963	M012878	True	True	True	True	both_directions_pass
M009963	M012936	True	True	True	True	both_directions_pass
M009963	M013154	True	True	True	True	both_directions_pass
M009963	M013177	True	True	True	True	both_directions_pass
M009963	M013256	True	True	True	True	both_directions_pass
M009963	M013339	True	True	True	True	both_directions_pass
M009963	M013346	True	True	True	True	both_directions_pass
M009963	M013396	True	True	True	True	both_directions_pass
M009963	M013398	True	True	True	True	both_directions_pass
M009963	M013444	True	True	True	True	both_directions_pass
M009963	M013469	True	True	True	True	both_directions_pass
M009963	M013481	True	True	True	True	both_directions_pass
M009963	M013494	True	True	True	True	both_directions_pass
M009963	M013791	True	True	True	True	both_directions_pass
M009963	M013829	True	True	True	True	both_directions_pass
M009963	M013842	True	True	True	True	both_directions_pass
M009963	M013926	True	True	True	True	both_directions_pass
M009963	M013931	True	True	True	True	both_directions_pass
M009963	M013951	True	True	True	True	both_directions_pass
M009963	M013954	True	True	True	True	both_directions_pass
M009963	M014126	True	True	True	True	both_directions_pass
M009963	M014130	True	True	True	True	both_directions_pass
M009963	M014138	True	True	True	True	both_directions_pass
M009963	M014160	True	True	True	True	both_directions_pass
M009963	M014174	True	True	True	True	both_directions_pass
M009963	M014175	True	True	True	True	both_directions_pass
M009963	M014302	True	True	True	True	both_directions_pass
M009963	M014349	True	True	True	True	both_directions_pass
M009963	M014472	True	True	True	True	both_directions_pass
M009963	M014483	True	True	True	True	both_directions_pass
M009963	M014670	True	True	True	True	both_directions_pass
M009963	M014672	True	True	True	True	both_directions_pass
M009963	M014674	True	True	True	True	both_directions_pass
M009963	M014733	True	True	True	True	both_directions_pass
M009963	M014736	True	True	True	True	both_directions_pass
M009963	M014746	True	True	True	True	both_directions_pass
M009963	M015024	True	True	True	True	both_directions_pass
M009963	M015064	True	True	True	True	both_directions_pass
M009963	M015126	True	True	True	True	both_directions_pass
M009963	M015182	True	True	True	True	both_directions_pass
M009963	M015230	True	True	True	True	both_directions_pass
M009963	M015328	True	True	True	True	both_directions_pass
M009963	M015362	True	True	True	True	both_directions_pass
M009963	M015607	True	True	True	True	both_directions_pass
M009963	M015680	True	True	True	True	both_directions_pass
M009963	M015847	True	True	True	True	both_directions_pass
M009963	M015883	True	True	True	True	both_directions_pass
M009963	M016041	True	True	True	True	both_directions_pass
M009963	M016060	True	True	True	True	both_directions_pass
M009963	M016210	True	True	True	True	both_directions_pass
M009963	M016249	True	True	True	True	both_directions_pass
M009963	M016258	True	True	True	True	both_directions_pass
M009963	M016369	True	True	True	True	both_directions_pass
M009963	M016445	True	True	True	True	both_directions_pass
M009963	M016477	True	True	True	True	both_directions_pass
M009963	M016490	True	True	True	True	both_directions_pass
M009963	M016521	True	True	True	True	both_directions_pass
M009963	M016609	True	True	True	True	both_directions_pass
M009963	M016682	True	True	True	True	both_directions_pass
M009963	M016764	True	True	True	True	both_directions_pass
M009963	M016877	True	True	True	True	both_directions_pass
M009963	M017045	True	True	True	True	both_directions_pass
M009963	M017067	True	True	True	True	both_directions_pass
M009963	M017176	True	True	True	True	both_directions_pass
M009963	M017230	True	True	True	True	both_directions_pass
M009963	M017239	True	True	True	True	both_directions_pass
M009963	M017375	True	True	True	True	both_directions_pass
M009963	M017413	True	True	True	True	both_directions_pass
M009963	M017418	True	True	True	True	both_directions_pass
M009963	M017523	True	True	True	True	both_directions_pass
M009963	M017582	True	True	True	True	both_directions_pass
M009963	M017660	True	True	True	True	both_directions_pass
M009963	M017687	True	True	True	True	both_directions_pass
M009963	M017708	True	True	True	True	both_directions_pass
M009963	M017733	True	True	True	True	both_directions_pass
M009963	M017772	True	True	True	True	both_directions_pass
M009963	M017776	True	True	True	True	both_directions_pass
M009963	M017830	True	True	True	True	both_directions_pass
M009963	M017840	True	True	True	True	both_directions_pass
M009963	M017908	True	True	True	True	both_directions_pass
M009963	M017969	True	True	True	True	both_directions_pass
M009963	M017989	True	True	True	True	both_directions_pass
M009963	M017999	True	True	True	True	both_directions_pass
M009963	M018011	True	True	True	True	both_directions_pass
M009963	M018025	True	True	True	True	both_directions_pass
M009963	M018026	True	True	True	True	both_directions_pass
M009963	M018098	True	True	True	True	both_directions_pass
M009963	M018117	True	True	True	True	both_directions_pass
M009998	M002256	True	True	True	True	both_directions_pass
M009998	M004048	True	True	True	True	both_directions_pass
M009998	M004311	True	True	True	True	both_directions_pass
M009998	M004609	True	True	True	True	both_directions_pass
M009998	M012342	True	True	True	True	both_directions_pass
M010010	M009706	True	True	True	True	both_directions_pass
M010076	M000020	True	True	True	True	both_directions_pass
M010076	M000119	True	True	True	True	both_directions_pass
M010076	M000208	True	True	True	True	both_directions_pass
M010076	M000439	True	True	True	True	both_directions_pass
M010076	M000561	True	True	True	True	both_directions_pass
M010076	M000999	True	True	True	True	both_directions_pass
M010076	M001040	True	True	True	True	both_directions_pass
M010076	M002035	True	True	True	True	both_directions_pass
M010076	M002091	True	True	True	True	both_directions_pass
M010076	M002460	True	True	True	True	both_directions_pass
M010076	M002758	True	True	True	True	both_directions_pass
M010076	M003019	True	True	True	True	both_directions_pass
M010076	M003122	True	True	True	True	both_directions_pass
M010076	M003201	True	True	True	True	both_directions_pass
M010076	M003344	True	True	True	True	both_directions_pass
M010076	M003571	True	True	True	True	both_directions_pass
M010076	M003740	True	True	True	True	both_directions_pass
M010076	M003889	True	True	True	True	both_directions_pass
M010076	M004295	True	True	True	True	both_directions_pass
M010076	M004416	True	True	True	True	both_directions_pass
M010076	M004562	True	True	True	True	both_directions_pass
M010076	M004720	True	True	True	True	both_directions_pass
M010076	M004842	True	True	True	True	both_directions_pass
M010076	M004902	True	True	True	True	both_directions_pass
M010076	M005053	True	True	True	True	both_directions_pass
M010076	M005158	True	True	True	True	both_directions_pass
M010076	M005264	True	True	True	True	both_directions_pass
M010076	M005414	True	True	True	True	both_directions_pass
M010076	M005619	True	True	True	True	both_directions_pass
M010076	M005720	True	True	True	True	both_directions_pass
M010076	M005905	True	True	True	True	both_directions_pass
M010076	M006152	True	True	True	True	both_directions_pass
M010076	M006224	True	True	True	True	both_directions_pass
M010076	M006351	True	True	True	True	both_directions_pass
M010076	M006585	True	True	True	True	both_directions_pass
M010076	M006674	True	True	True	True	both_directions_pass
M010076	M006772	True	True	True	True	both_directions_pass
M010076	M006944	True	True	True	True	both_directions_pass
M010076	M007086	True	True	True	True	both_directions_pass
M010076	M007240	True	True	True	True	both_directions_pass
M010076	M007303	True	True	True	True	both_directions_pass
M010076	M007401	True	True	True	True	both_directions_pass
M010076	M007546	True	True	True	True	both_directions_pass
M010076	M007721	True	True	True	True	both_directions_pass
M010076	M007932	True	True	True	True	both_directions_pass
M010076	M008276	True	True	True	True	both_directions_pass
M010076	M008306	True	True	True	True	both_directions_pass
M010076	M008476	True	True	True	True	both_directions_pass
M010076	M008528	True	True	True	True	both_directions_pass
M010076	M008678	True	True	True	True	both_directions_pass
M010076	M008888	True	True	True	True	both_directions_pass
M010076	M009000	True	True	True	True	both_directions_pass
M010076	M009126	True	True	True	True	both_directions_pass
M010076	M009260	True	True	True	True	both_directions_pass
M010076	M009357	True	True	True	True	both_directions_pass
M010076	M009558	True	True	True	True	both_directions_pass
M010076	M009887	True	True	True	True	both_directions_pass
M010076	M010233	True	True	True	True	both_directions_pass
M010076	M010322	True	True	True	True	both_directions_pass
M010076	M010466	True	True	True	True	both_directions_pass
M010076	M010799	True	True	True	True	both_directions_pass
M010076	M010880	True	True	True	True	both_directions_pass
M010076	M011132	True	True	True	True	both_directions_pass
M010076	M011232	True	True	True	True	both_directions_pass
M010076	M011352	True	True	True	True	both_directions_pass
M010076	M011706	True	True	True	True	both_directions_pass
M010076	M012205	True	True	True	True	both_directions_pass
M010076	M012305	True	True	True	True	both_directions_pass
M010076	M012471	True	True	True	True	both_directions_pass
M010076	M012555	True	True	True	True	both_directions_pass
M010076	M012653	True	True	True	True	both_directions_pass
M010076	M012669	True	True	True	True	both_directions_pass
M010076	M012823	True	True	True	True	both_directions_pass
M010076	M012922	True	True	True	True	both_directions_pass
M010076	M013062	True	True	True	True	both_directions_pass
M010076	M014312	True	True	True	True	both_directions_pass
M010076	M015533	True	True	True	True	both_directions_pass
M010076	M015856	True	True	True	True	both_directions_pass
M010076	M015928	True	True	True	True	both_directions_pass
M010087	M001400	True	True	True	True	both_directions_pass
M010116	M012331	True	True	True	True	both_directions_pass
M010149	M007497	True	True	True	True	both_directions_pass
M010155	M001352	True	True	True	True	both_directions_pass
M010239	M002617	True	True	True	True	both_directions_pass
M010239	M003744	True	True	False	False	neither_direction_passes
M010239	M004415	True	True	True	True	both_directions_pass
M010239	M005151	True	True	True	True	both_directions_pass
M010239	M005910	True	True	True	True	both_directions_pass
M010239	M007192	True	True	True	True	both_directions_pass
M010239	M007316	True	True	False	False	neither_direction_passes
M010239	M007954	True	True	True	True	both_directions_pass
M010239	M009948	True	True	True	True	both_directions_pass
M010239	M010694	True	True	True	True	both_directions_pass
M010239	M011063	True	True	True	True	both_directions_pass
M010257	M006858	True	True	True	True	both_directions_pass
M010257	M007808	True	True	True	True	both_directions_pass
M010258	M015221	True	True	True	True	both_directions_pass
M010258	M015453	True	True	True	True	both_directions_pass
M010259	M000070	True	True	False	False	neither_direction_passes
M010259	M001260	True	True	True	True	both_directions_pass
M010259	M002132	True	True	False	False	neither_direction_passes
M010259	M002638	True	True	True	True	both_directions_pass
M010259	M002854	True	True	True	True	both_directions_pass
M010259	M003964	True	True	False	False	neither_direction_passes
M010259	M004376	True	True	False	False	neither_direction_passes
M010259	M004480	True	True	True	True	both_directions_pass
M010259	M005635	True	True	True	True	both_directions_pass
M010259	M005886	True	True	True	True	both_directions_pass
M010259	M005907	True	True	True	True	both_directions_pass
M010259	M006469	True	True	True	True	both_directions_pass
M010259	M007189	True	True	False	False	neither_direction_passes
M010259	M008680	True	True	True	True	both_directions_pass
M010259	M009516	True	True	True	True	both_directions_pass
M010259	M009964	True	True	True	True	both_directions_pass
M010259	M010129	True	True	True	True	both_directions_pass
M010259	M010249	True	True	False	False	neither_direction_passes
M010259	M010796	True	True	True	True	both_directions_pass
M010261	M000695	True	True	True	True	both_directions_pass
M010261	M001046	True	True	False	False	neither_direction_passes
M010261	M001208	True	True	False	False	neither_direction_passes
M010261	M001579	True	True	True	True	both_directions_pass
M010261	M001606	True	True	False	False	neither_direction_passes
M010261	M002822	True	True	True	True	both_directions_pass
M010261	M003435	True	True	True	True	both_directions_pass
M010261	M003927	True	True	False	False	neither_direction_passes
M010261	M005079	True	True	False	False	neither_direction_passes
M010261	M005790	True	True	False	False	neither_direction_passes
M010261	M006891	True	True	False	False	neither_direction_passes
M010261	M007176	True	True	False	False	neither_direction_passes
M010261	M009649	True	True	False	False	neither_direction_passes
M010261	M010781	True	True	False	False	neither_direction_passes
M010261	M011004	True	True	False	False	neither_direction_passes
M010261	M011634	True	True	True	True	both_directions_pass
M010261	M012297	True	True	False	False	neither_direction_passes
M010261	M013980	True	True	False	False	neither_direction_passes
M010271	M003381	True	True	True	True	both_directions_pass
M010271	M010930	True	True	True	True	both_directions_pass
M010275	M000482	True	True	True	True	both_directions_pass
M010275	M000768	True	True	True	True	both_directions_pass
M010275	M000901	True	True	True	True	both_directions_pass
M010275	M004058	True	True	True	True	both_directions_pass
M010275	M010300	True	True	True	True	both_directions_pass
M010275	M010476	True	True	True	True	both_directions_pass
M010275	M011764	True	True	True	True	both_directions_pass
M010275	M011953	True	True	True	True	both_directions_pass
M010275	M012663	True	True	True	True	both_directions_pass
M010303	M008409	True	True	True	True	both_directions_pass
M010374	M000434	True	True	True	True	both_directions_pass
M010374	M002084	True	True	True	True	both_directions_pass
M010374	M002288	True	True	True	True	both_directions_pass
M010374	M002609	True	True	True	True	both_directions_pass
M010374	M003032	True	True	True	True	both_directions_pass
M010374	M003115	True	True	True	True	both_directions_pass
M010374	M003692	True	True	True	True	both_directions_pass
M010374	M003806	True	True	True	True	both_directions_pass
M010374	M003978	True	True	True	True	both_directions_pass
M010374	M004394	True	True	True	True	both_directions_pass
M010374	M004665	True	True	True	True	both_directions_pass
M010374	M005171	True	True	True	True	both_directions_pass
M010374	M005456	True	True	True	True	both_directions_pass
M010374	M005801	True	True	True	True	both_directions_pass
M010374	M006959	True	True	True	True	both_directions_pass
M010374	M008720	True	True	True	True	both_directions_pass
M010374	M009445	True	True	True	True	both_directions_pass
M010374	M009540	True	True	True	True	both_directions_pass
M010374	M009788	True	True	True	True	both_directions_pass
M010374	M010726	True	True	True	True	both_directions_pass
M010374	M010986	True	True	True	True	both_directions_pass
M010374	M011110	True	True	True	True	both_directions_pass
M010374	M012288	True	True	True	True	both_directions_pass
M010374	M012556	True	True	True	True	both_directions_pass
M010374	M012826	True	True	True	True	both_directions_pass
M010374	M013205	True	True	True	True	both_directions_pass
M010374	M013213	True	True	True	True	both_directions_pass
M010374	M013420	True	True	True	True	both_directions_pass
M010374	M013447	True	True	True	True	both_directions_pass
M010374	M013467	True	True	True	True	both_directions_pass
M010374	M013555	True	True	True	True	both_directions_pass
M010374	M013659	True	True	True	True	both_directions_pass
M010374	M013711	True	True	True	True	both_directions_pass
M010374	M013759	True	True	True	True	both_directions_pass
M010374	M013801	True	True	True	True	both_directions_pass
M010374	M013837	True	True	True	True	both_directions_pass
M010374	M014393	True	True	True	True	both_directions_pass
M010374	M014607	True	True	True	True	both_directions_pass
M010374	M014714	True	True	True	True	both_directions_pass
M010374	M014764	True	True	True	True	both_directions_pass
M010374	M015011	True	True	True	True	both_directions_pass
M010374	M015119	True	True	True	True	both_directions_pass
M010374	M015213	True	True	True	True	both_directions_pass
M010374	M015223	True	True	True	True	both_directions_pass
M010374	M015244	True	True	True	True	both_directions_pass
M010374	M015325	True	True	True	True	both_directions_pass
M010374	M015361	True	True	True	True	both_directions_pass
M010374	M015540	True	True	True	True	both_directions_pass
M010374	M015581	True	True	True	True	both_directions_pass
M010374	M015930	True	True	True	True	both_directions_pass
M010374	M016097	True	True	True	True	both_directions_pass
M010374	M016300	True	True	True	True	both_directions_pass
M010374	M016312	True	True	True	True	both_directions_pass
M010374	M016501	True	True	True	True	both_directions_pass
M010374	M016527	True	True	True	True	both_directions_pass
M010374	M016937	True	True	True	True	both_directions_pass
M010374	M016956	True	True	True	True	both_directions_pass
M010374	M017398	True	True	True	True	both_directions_pass
M010374	M017632	True	True	True	True	both_directions_pass
M010374	M017710	True	True	True	True	both_directions_pass
M010374	M017713	True	True	True	True	both_directions_pass
M010374	M017739	True	True	True	True	both_directions_pass
M010374	M017748	True	True	True	True	both_directions_pass
M010374	M017913	True	True	True	True	both_directions_pass
M010374	M017944	True	True	True	True	both_directions_pass
M010387	M011938	True	True	True	True	both_directions_pass
M010420	M004753	True	True	False	False	neither_direction_passes
M010420	M005436	True	True	True	True	both_directions_pass
M010420	M005840	True	True	False	False	neither_direction_passes
M010420	M005876	True	True	True	True	both_directions_pass
M010420	M006885	True	True	False	False	neither_direction_passes
M010420	M007620	True	True	False	True	one_direction_passes
M010420	M012253	True	True	True	True	both_directions_pass
M010470	M000114	True	True	True	True	both_directions_pass
M010470	M000211	True	True	True	True	both_directions_pass
M010470	M000336	True	True	True	True	both_directions_pass
M010470	M000454	True	True	True	True	both_directions_pass
M010470	M000554	True	True	True	True	both_directions_pass
M010470	M000881	True	True	True	True	both_directions_pass
M010470	M001145	True	True	True	True	both_directions_pass
M010470	M001217	True	True	True	True	both_directions_pass
M010470	M001226	True	True	True	True	both_directions_pass
M010470	M001312	True	True	True	True	both_directions_pass
M010470	M001510	True	True	True	True	both_directions_pass
M010470	M001771	True	True	True	True	both_directions_pass
M010470	M001832	True	True	True	True	both_directions_pass
M010470	M001856	True	True	True	True	both_directions_pass
M010470	M002063	True	True	True	True	both_directions_pass
M010470	M002176	True	True	True	True	both_directions_pass
M010470	M002216	True	True	True	True	both_directions_pass
M010470	M002532	True	True	True	True	both_directions_pass
M010470	M002596	True	True	True	True	both_directions_pass
M010470	M002639	True	True	True	True	both_directions_pass
M010470	M002741	True	True	True	True	both_directions_pass
M010470	M003036	True	True	True	True	both_directions_pass
M010470	M003067	True	True	True	True	both_directions_pass
M010470	M003177	True	True	True	True	both_directions_pass
M010470	M003263	True	True	True	True	both_directions_pass
M010470	M003461	True	True	True	True	both_directions_pass
M010470	M003750	True	True	True	True	both_directions_pass
M010470	M003778	True	True	True	True	both_directions_pass
M010470	M003931	True	True	True	True	both_directions_pass
M010470	M004207	True	True	True	True	both_directions_pass
M010470	M004309	True	True	True	True	both_directions_pass
M010470	M004397	True	True	True	True	both_directions_pass
M010470	M004439	True	True	True	True	both_directions_pass
M010470	M004592	True	True	True	True	both_directions_pass
M010470	M004743	True	True	True	True	both_directions_pass
M010470	M004895	True	True	True	True	both_directions_pass
M010470	M005020	True	True	True	True	both_directions_pass
M010470	M005112	True	True	True	True	both_directions_pass
M010470	M005137	True	True	True	True	both_directions_pass
M010470	M005207	True	True	True	True	both_directions_pass
M010470	M005319	True	True	True	True	both_directions_pass
M010470	M005464	True	True	True	True	both_directions_pass
M010470	M005617	True	True	True	True	both_directions_pass
M010470	M005698	True	True	True	True	both_directions_pass
M010470	M005739	True	True	True	True	both_directions_pass
M010470	M005926	True	True	True	True	both_directions_pass
M010470	M006075	True	True	True	True	both_directions_pass
M010470	M006233	True	True	True	True	both_directions_pass
M010470	M006291	True	True	True	True	both_directions_pass
M010470	M006519	True	True	True	True	both_directions_pass
M010470	M006532	True	True	True	True	both_directions_pass
M010470	M006715	True	True	True	True	both_directions_pass
M010470	M006728	True	True	True	True	both_directions_pass
M010470	M006851	True	True	True	True	both_directions_pass
M010470	M006927	True	True	True	True	both_directions_pass
M010470	M007027	True	True	True	True	both_directions_pass
M010470	M007067	True	True	True	True	both_directions_pass
M010470	M007167	True	True	True	True	both_directions_pass
M010470	M007499	True	True	True	True	both_directions_pass
M010470	M007522	True	True	True	True	both_directions_pass
M010470	M007613	True	True	True	True	both_directions_pass
M010470	M007786	True	True	True	True	both_directions_pass
M010470	M008071	True	True	True	True	both_directions_pass
M010470	M008096	True	True	True	True	both_directions_pass
M010470	M008234	True	True	True	True	both_directions_pass
M010470	M008271	True	True	True	True	both_directions_pass
M010470	M008346	True	True	True	True	both_directions_pass
M010470	M008514	True	True	True	True	both_directions_pass
M010470	M008645	True	True	True	True	both_directions_pass
M010470	M008707	True	True	True	True	both_directions_pass
M010470	M008839	True	True	True	True	both_directions_pass
M010470	M009088	True	True	True	True	both_directions_pass
M010470	M009320	True	True	True	True	both_directions_pass
M010470	M009497	True	True	True	True	both_directions_pass
M010470	M009526	True	True	True	True	both_directions_pass
M010470	M009675	True	True	True	True	both_directions_pass
M010470	M009814	True	True	True	True	both_directions_pass
M010470	M009892	True	True	True	True	both_directions_pass
M010470	M010038	True	True	True	True	both_directions_pass
M010470	M010214	True	True	True	True	both_directions_pass
M010470	M010492	True	True	True	True	both_directions_pass
M010470	M010529	True	True	True	True	both_directions_pass
M010470	M010658	True	True	True	True	both_directions_pass
M010470	M010978	True	True	True	True	both_directions_pass
M010470	M011158	True	True	True	True	both_directions_pass
M010470	M011204	True	True	True	True	both_directions_pass
M010470	M011307	True	True	True	True	both_directions_pass
M010470	M011369	True	True	True	True	both_directions_pass
M010470	M011567	True	True	True	True	both_directions_pass
M010470	M011707	True	True	True	True	both_directions_pass
M010470	M011976	True	True	True	True	both_directions_pass
M010470	M012093	True	True	True	True	both_directions_pass
M010470	M012359	True	True	True	True	both_directions_pass
M010470	M012422	True	True	True	True	both_directions_pass
M010470	M012505	True	True	True	True	both_directions_pass
M010470	M012719	True	True	True	True	both_directions_pass
M010470	M012793	True	True	True	True	both_directions_pass
M010470	M012966	True	True	True	True	both_directions_pass
M010471	M000062	True	True	True	True	both_directions_pass
M010471	M001623	True	True	False	False	neither_direction_passes
M010471	M002334	True	True	True	True	both_directions_pass
M010471	M002958	True	True	True	True	both_directions_pass
M010471	M003929	True	True	True	True	both_directions_pass
M010471	M004422	True	True	True	True	both_directions_pass
M010471	M004818	True	True	True	True	both_directions_pass
M010471	M005071	True	True	False	False	neither_direction_passes
M010471	M006897	True	True	True	True	both_directions_pass
M010471	M007304	True	True	True	True	both_directions_pass
M010471	M009221	True	True	True	True	both_directions_pass
M010471	M009973	True	True	True	True	both_directions_pass
M010471	M010136	True	True	True	True	both_directions_pass
M010471	M010588	True	True	True	True	both_directions_pass
M010471	M011797	True	True	True	True	both_directions_pass
M010471	M012841	True	True	True	True	both_directions_pass
M010544	M003919	True	True	True	True	both_directions_pass
M010544	M005012	True	True	True	True	both_directions_pass
M010550	M000605	True	True	True	True	both_directions_pass
M010550	M001315	True	True	True	True	both_directions_pass
M010550	M002299	True	True	True	True	both_directions_pass
M010550	M002407	True	True	True	True	both_directions_pass
M010550	M003769	True	True	True	True	both_directions_pass
M010550	M003771	True	True	True	True	both_directions_pass
M010550	M007753	True	True	True	True	both_directions_pass
M010550	M010669	True	True	True	True	both_directions_pass
M010550	M013979	True	True	True	True	both_directions_pass
M010550	M014545	True	True	True	True	both_directions_pass
M010550	M016319	True	True	True	True	both_directions_pass
M010550	M017000	True	True	True	True	both_directions_pass
M010550	M017957	True	True	True	True	both_directions_pass
M010574	M000402	True	True	True	True	both_directions_pass
M010574	M003345	True	True	True	True	both_directions_pass
M010574	M008205	True	True	True	True	both_directions_pass
M010574	M009030	True	True	True	True	both_directions_pass
M010603	M000176	True	True	True	True	both_directions_pass
M010603	M001148	True	True	True	True	both_directions_pass
M010603	M002514	True	True	True	True	both_directions_pass
M010603	M004839	True	True	True	True	both_directions_pass
M010603	M006184	True	True	True	True	both_directions_pass
M010603	M009218	True	True	True	True	both_directions_pass
M010603	M009751	True	True	True	True	both_directions_pass
M010615	M003475	True	True	True	True	both_directions_pass
M010665	M002201	True	True	True	True	both_directions_pass
M010665	M004365	True	True	True	True	both_directions_pass
M010665	M007448	True	True	False	False	neither_direction_passes
M010667	M000158	True	True	True	True	both_directions_pass
M010667	M000465	True	True	True	True	both_directions_pass
M010667	M000609	True	True	True	True	both_directions_pass
M010667	M000984	True	True	True	True	both_directions_pass
M010667	M001068	True	True	True	True	both_directions_pass
M010667	M001142	True	True	True	True	both_directions_pass
M010667	M001222	True	True	True	True	both_directions_pass
M010667	M001299	True	True	True	True	both_directions_pass
M010667	M001396	True	True	True	True	both_directions_pass
M010667	M001960	True	True	True	True	both_directions_pass
M010667	M001967	True	True	True	True	both_directions_pass
M010667	M002162	True	True	True	True	both_directions_pass
M010667	M002481	True	True	True	True	both_directions_pass
M010667	M002633	True	True	True	True	both_directions_pass
M010667	M002811	True	True	True	True	both_directions_pass
M010667	M002981	True	True	True	True	both_directions_pass
M010667	M003102	True	True	True	True	both_directions_pass
M010667	M003253	True	True	True	True	both_directions_pass
M010667	M003549	True	True	True	True	both_directions_pass
M010667	M003694	True	True	True	True	both_directions_pass
M010667	M003819	True	True	True	True	both_directions_pass
M010667	M003897	True	True	True	True	both_directions_pass
M010667	M004010	True	True	True	True	both_directions_pass
M010667	M004127	True	True	True	True	both_directions_pass
M010667	M004195	True	True	True	True	both_directions_pass
M010667	M004539	True	True	True	True	both_directions_pass
M010667	M004703	True	True	True	True	both_directions_pass
M010667	M004807	True	True	True	True	both_directions_pass
M010667	M004967	True	True	True	True	both_directions_pass
M010667	M005154	True	True	True	True	both_directions_pass
M010667	M005314	True	True	True	True	both_directions_pass
M010667	M005535	True	True	True	True	both_directions_pass
M010667	M005650	True	True	True	True	both_directions_pass
M010667	M005776	True	True	True	True	both_directions_pass
M010667	M006020	True	True	True	True	both_directions_pass
M010667	M006161	True	True	True	True	both_directions_pass
M010667	M006263	True	True	True	True	both_directions_pass
M010667	M006475	True	True	True	True	both_directions_pass
M010667	M006490	True	True	True	True	both_directions_pass
M010667	M006783	True	True	True	True	both_directions_pass
M010667	M006859	True	True	True	True	both_directions_pass
M010667	M007155	True	True	True	True	both_directions_pass
M010667	M007210	True	True	True	True	both_directions_pass
M010667	M007442	True	True	True	True	both_directions_pass
M010667	M007635	True	True	True	True	both_directions_pass
M010667	M007974	True	True	True	True	both_directions_pass
M010667	M008174	True	True	True	True	both_directions_pass
M010667	M008179	True	True	True	True	both_directions_pass
M010667	M009158	True	True	True	True	both_directions_pass
M010667	M009281	True	True	True	True	both_directions_pass
M010667	M009297	True	True	True	True	both_directions_pass
M010667	M009666	True	True	True	True	both_directions_pass
M010667	M009902	True	True	True	True	both_directions_pass
M010667	M010074	True	True	True	True	both_directions_pass
M010667	M010219	True	True	True	True	both_directions_pass
M010667	M010313	True	True	True	True	both_directions_pass
M010667	M010465	True	True	True	True	both_directions_pass
M010667	M010509	True	True	True	True	both_directions_pass
M010667	M011073	True	True	True	True	both_directions_pass
M010667	M011126	True	True	True	True	both_directions_pass
M010667	M011282	True	True	True	True	both_directions_pass
M010667	M011388	True	True	True	True	both_directions_pass
M010667	M011756	True	True	True	True	both_directions_pass
M010667	M012052	True	True	True	True	both_directions_pass
M010667	M012152	True	True	True	True	both_directions_pass
M010667	M012476	True	True	True	True	both_directions_pass
M010667	M012532	True	True	True	True	both_directions_pass
M010667	M012880	True	True	True	True	both_directions_pass
M010667	M012953	True	True	True	True	both_directions_pass
M010667	M013226	True	True	True	True	both_directions_pass
M010667	M013306	True	True	True	True	both_directions_pass
M010667	M013367	True	True	True	True	both_directions_pass
M010667	M013472	True	True	True	True	both_directions_pass
M010667	M013782	True	True	True	True	both_directions_pass
M010667	M013793	True	True	True	True	both_directions_pass
M010667	M014056	True	True	True	True	both_directions_pass
M010667	M014279	True	True	True	True	both_directions_pass
M010667	M014444	True	True	True	True	both_directions_pass
M010667	M014874	True	True	True	True	both_directions_pass
M010667	M014961	True	True	True	True	both_directions_pass
M010667	M015030	True	True	True	True	both_directions_pass
M010667	M015128	True	True	True	True	both_directions_pass
M010667	M015520	True	True	True	True	both_directions_pass
M010667	M016009	True	True	True	True	both_directions_pass
M010667	M016142	True	True	True	True	both_directions_pass
M010667	M016193	True	True	True	True	both_directions_pass
M010667	M016466	True	True	True	True	both_directions_pass
M010667	M016866	True	True	True	True	both_directions_pass
M010667	M016919	True	True	True	True	both_directions_pass
M010667	M017343	True	True	False	False	neither_direction_passes
M010667	M018031	True	True	True	True	both_directions_pass
M010667	M018078	True	True	True	True	both_directions_pass
M010803	M001045	True	True	True	True	both_directions_pass
M010803	M005791	True	True	True	True	both_directions_pass
M010803	M005851	True	True	True	True	both_directions_pass
M010803	M010458	True	True	True	True	both_directions_pass
M010803	M012097	True	True	True	True	both_directions_pass
M010803	M012232	True	True	True	True	both_directions_pass
M010812	M000705	True	True	True	True	both_directions_pass
M010812	M000968	True	True	True	True	both_directions_pass
M010812	M001234	True	True	True	True	both_directions_pass
M010812	M011915	True	True	True	True	both_directions_pass
M010863	M002453	True	True	True	True	both_directions_pass
M010863	M005552	True	True	True	True	both_directions_pass
M010863	M008356	True	True	False	False	neither_direction_passes
M010871	M003213	True	True	True	True	both_directions_pass
M010871	M003326	True	True	True	True	both_directions_pass
M010871	M007761	True	True	True	True	both_directions_pass
M010871	M008290	True	True	True	True	both_directions_pass
M010871	M008332	True	True	True	True	both_directions_pass
M010871	M008443	True	True	True	True	both_directions_pass
M010871	M009355	True	True	True	True	both_directions_pass
M010871	M009472	True	True	True	True	both_directions_pass
M010871	M010017	True	True	True	True	both_directions_pass
M010871	M011230	True	True	True	True	both_directions_pass
M010871	M011275	True	True	True	True	both_directions_pass
M010871	M012478	True	True	True	True	both_directions_pass
M010871	M012606	True	True	True	True	both_directions_pass
M010871	M013109	True	True	True	True	both_directions_pass
M010879	M000054	True	True	True	True	both_directions_pass
M010879	M000076	True	True	True	True	both_directions_pass
M010879	M000228	True	True	True	True	both_directions_pass
M010879	M000294	True	True	True	True	both_directions_pass
M010879	M000358	True	True	True	True	both_directions_pass
M010879	M000753	True	True	True	True	both_directions_pass
M010879	M000874	True	True	True	True	both_directions_pass
M010879	M000992	True	True	True	True	both_directions_pass
M010879	M001017	True	True	True	True	both_directions_pass
M010879	M001186	True	True	True	True	both_directions_pass
M010879	M001444	True	True	True	True	both_directions_pass
M010879	M002047	True	True	True	True	both_directions_pass
M010879	M002097	True	True	True	True	both_directions_pass
M010879	M002432	True	True	True	True	both_directions_pass
M010879	M002614	True	True	True	True	both_directions_pass
M010879	M002676	True	True	True	True	both_directions_pass
M010879	M002745	True	True	True	True	both_directions_pass
M010879	M003044	True	True	True	True	both_directions_pass
M010879	M003129	True	True	True	True	both_directions_pass
M010879	M003244	True	True	True	True	both_directions_pass
M010879	M003363	True	True	True	True	both_directions_pass
M010879	M003695	True	True	True	True	both_directions_pass
M010879	M004025	True	True	True	True	both_directions_pass
M010879	M004256	True	True	True	True	both_directions_pass
M010879	M004264	True	True	True	True	both_directions_pass
M010879	M004372	True	True	True	True	both_directions_pass
M010879	M004660	True	True	True	True	both_directions_pass
M010879	M005131	True	True	True	True	both_directions_pass
M010879	M005213	True	True	True	True	both_directions_pass
M010879	M005343	True	True	True	True	both_directions_pass
M010879	M005561	True	True	True	True	both_directions_pass
M010879	M005682	True	True	True	True	both_directions_pass
M010879	M005760	True	True	True	True	both_directions_pass
M010879	M005887	True	True	True	True	both_directions_pass
M010879	M006278	True	True	True	True	both_directions_pass
M010879	M006330	True	True	True	True	both_directions_pass
M010879	M006407	True	True	True	True	both_directions_pass
M010879	M006440	True	True	True	True	both_directions_pass
M010879	M006486	True	True	True	True	both_directions_pass
M010879	M006680	True	True	True	True	both_directions_pass
M010879	M006725	True	True	True	True	both_directions_pass
M010879	M006761	True	True	True	True	both_directions_pass
M010879	M006962	True	True	True	True	both_directions_pass
M010879	M007066	True	True	True	True	both_directions_pass
M010879	M007296	True	True	True	True	both_directions_pass
M010879	M007427	True	True	True	True	both_directions_pass
M010879	M007463	True	True	True	True	both_directions_pass
M010879	M007540	True	True	True	True	both_directions_pass
M010879	M007586	True	True	True	True	both_directions_pass
M010879	M007727	True	True	True	True	both_directions_pass
M010879	M007842	True	True	True	True	both_directions_pass
M010879	M007881	True	True	True	True	both_directions_pass
M010879	M008283	True	True	True	True	both_directions_pass
M010879	M008396	True	True	True	True	both_directions_pass
M010879	M008589	True	True	True	True	both_directions_pass
M010879	M008814	True	True	True	True	both_directions_pass
M010879	M009135	True	True	True	True	both_directions_pass
M010879	M009215	True	True	True	True	both_directions_pass
M010879	M009377	True	True	True	True	both_directions_pass
M010879	M009451	True	True	True	True	both_directions_pass
M010879	M009966	True	True	True	True	both_directions_pass
M010879	M010044	True	True	True	True	both_directions_pass
M010879	M010204	True	True	True	True	both_directions_pass
M010879	M010337	True	True	True	True	both_directions_pass
M010879	M010408	True	True	True	True	both_directions_pass
M010879	M010482	True	True	True	True	both_directions_pass
M010879	M010639	True	True	True	True	both_directions_pass
M010879	M011003	True	True	True	True	both_directions_pass
M010879	M011020	True	True	True	True	both_directions_pass
M010879	M011168	True	True	True	True	both_directions_pass
M010879	M011216	True	True	True	True	both_directions_pass
M010879	M011377	True	True	True	True	both_directions_pass
M010879	M011753	True	True	True	True	both_directions_pass
M010879	M011810	True	True	True	True	both_directions_pass
M010879	M011931	True	True	True	True	both_directions_pass
M010879	M012010	True	True	True	True	both_directions_pass
M010879	M012107	True	True	True	True	both_directions_pass
M010879	M012240	True	True	True	True	both_directions_pass
M010879	M012401	True	True	True	True	both_directions_pass
M010879	M012905	True	True	True	True	both_directions_pass
M010879	M013036	True	True	True	True	both_directions_pass
M010908	M001508	True	True	True	True	both_directions_pass
M010908	M001618	True	True	True	True	both_directions_pass
M010908	M001891	True	True	True	True	both_directions_pass
M010908	M002630	True	True	True	True	both_directions_pass
M010908	M004162	True	True	True	True	both_directions_pass
M010908	M004449	True	True	True	True	both_directions_pass
M010908	M007548	True	True	True	True	both_directions_pass
M010908	M008656	True	True	True	True	both_directions_pass
M010908	M010349	True	True	True	True	both_directions_pass
M010908	M012054	True	True	True	True	both_directions_pass
M010908	M012554	True	True	True	True	both_directions_pass
M010910	M008978	True	True	True	True	both_directions_pass
M010923	M001455	True	True	True	True	both_directions_pass
M010923	M002880	True	True	False	False	neither_direction_passes
M010923	M003101	True	True	True	True	both_directions_pass
M010923	M009381	True	True	False	False	neither_direction_passes
M010940	M002606	True	True	True	True	both_directions_pass
M010940	M011798	True	True	True	True	both_directions_pass
M010944	M005230	True	True	True	True	both_directions_pass
M010946	M002557	True	True	True	True	both_directions_pass
M010946	M005197	True	True	True	True	both_directions_pass
M010946	M009291	True	True	True	True	both_directions_pass
M010946	M015153	True	True	True	True	both_directions_pass
M010946	M018104	True	True	True	True	both_directions_pass
M010969	M008047	True	True	True	True	both_directions_pass
M010979	M002392	True	True	True	True	both_directions_pass
M010982	M001207	True	True	True	True	both_directions_pass
M010982	M001861	True	True	True	True	both_directions_pass
M010982	M004294	True	True	True	True	both_directions_pass
M010982	M005224	True	True	True	True	both_directions_pass
M010982	M006031	True	True	True	True	both_directions_pass
M010982	M006893	True	True	True	True	both_directions_pass
M010982	M007367	True	True	True	True	both_directions_pass
M010982	M008155	True	True	True	True	both_directions_pass
M010982	M009787	True	True	True	True	both_directions_pass
M010982	M011237	True	True	True	True	both_directions_pass
M010982	M011499	True	True	True	True	both_directions_pass
M010982	M011608	True	True	True	True	both_directions_pass
M010982	M012002	True	True	True	True	both_directions_pass
M010982	M014222	True	True	True	True	both_directions_pass
M010982	M017831	True	True	True	True	both_directions_pass
M010982	M017920	True	True	True	True	both_directions_pass
M011040	M000604	True	True	True	True	both_directions_pass
M011040	M001009	True	True	True	True	both_directions_pass
M011040	M001115	True	True	True	True	both_directions_pass
M011040	M001169	True	True	True	True	both_directions_pass
M011040	M001445	True	True	True	True	both_directions_pass
M011040	M001524	True	True	True	True	both_directions_pass
M011040	M001687	True	True	True	True	both_directions_pass
M011040	M002219	True	True	True	True	both_directions_pass
M011040	M002509	True	True	True	True	both_directions_pass
M011040	M003124	True	True	True	True	both_directions_pass
M011040	M004204	True	True	False	False	neither_direction_passes
M011040	M004663	True	True	True	True	both_directions_pass
M011040	M005427	True	True	True	True	both_directions_pass
M011040	M005622	True	True	True	True	both_directions_pass
M011040	M006062	True	True	True	True	both_directions_pass
M011040	M006191	True	True	True	True	both_directions_pass
M011040	M006602	True	True	True	True	both_directions_pass
M011040	M007407	True	True	True	True	both_directions_pass
M011040	M008459	True	True	True	True	both_directions_pass
M011040	M008665	True	True	True	True	both_directions_pass
M011040	M008914	True	True	True	True	both_directions_pass
M011040	M009062	True	True	True	True	both_directions_pass
M011040	M010498	True	True	True	True	both_directions_pass
M011040	M010593	True	True	True	True	both_directions_pass
M011040	M011134	True	True	True	True	both_directions_pass
M011040	M011297	True	True	True	True	both_directions_pass
M011040	M011510	True	True	True	True	both_directions_pass
M011040	M011562	True	True	True	True	both_directions_pass
M011040	M013002	True	True	True	True	both_directions_pass
M011040	M016475	True	True	True	True	both_directions_pass
M011061	M000026	True	True	True	True	both_directions_pass
M011061	M000078	True	True	True	True	both_directions_pass
M011061	M001362	True	True	True	True	both_directions_pass
M011061	M001615	True	True	True	True	both_directions_pass
M011061	M001854	True	True	True	True	both_directions_pass
M011061	M002247	True	True	True	True	both_directions_pass
M011061	M002329	True	True	True	True	both_directions_pass
M011061	M002839	True	True	True	True	both_directions_pass
M011061	M003063	True	True	True	True	both_directions_pass
M011061	M003218	True	True	True	True	both_directions_pass
M011061	M003351	True	True	True	True	both_directions_pass
M011061	M003922	True	True	True	True	both_directions_pass
M011061	M004481	True	True	True	True	both_directions_pass
M011061	M005029	True	True	True	True	both_directions_pass
M011061	M005374	True	True	True	True	both_directions_pass
M011061	M005591	True	True	True	True	both_directions_pass
M011061	M006106	True	True	True	True	both_directions_pass
M011061	M006439	True	True	True	True	both_directions_pass
M011061	M006495	True	True	True	True	both_directions_pass
M011061	M006700	True	True	True	True	both_directions_pass
M011061	M006871	True	True	True	True	both_directions_pass
M011061	M007029	True	True	True	True	both_directions_pass
M011061	M007248	True	True	True	True	both_directions_pass
M011061	M007490	True	True	True	True	both_directions_pass
M011061	M007716	True	True	True	True	both_directions_pass
M011061	M007821	True	True	True	True	both_directions_pass
M011061	M008078	True	True	True	True	both_directions_pass
M011061	M008666	True	True	True	True	both_directions_pass
M011061	M008757	True	True	True	True	both_directions_pass
M011061	M008879	True	True	True	True	both_directions_pass
M011061	M008960	True	True	True	True	both_directions_pass
M011061	M009246	True	True	True	True	both_directions_pass
M011061	M009308	True	True	True	True	both_directions_pass
M011061	M009583	True	True	True	True	both_directions_pass
M011061	M009960	True	True	True	True	both_directions_pass
M011061	M010266	True	True	True	True	both_directions_pass
M011061	M011335	True	True	True	True	both_directions_pass
M011061	M011551	True	True	True	True	both_directions_pass
M011061	M011994	True	True	True	True	both_directions_pass
M011061	M013011	True	True	True	True	both_directions_pass
M011066	M005452	True	True	True	True	both_directions_pass
M011066	M007875	True	True	True	True	both_directions_pass
M011066	M008601	True	True	True	True	both_directions_pass
M011066	M010654	True	True	True	True	both_directions_pass
M011066	M011287	True	True	True	True	both_directions_pass
M011066	M012429	True	True	True	True	both_directions_pass
M011092	M000882	True	True	True	True	both_directions_pass
M011092	M001126	True	True	True	True	both_directions_pass
M011092	M001254	True	True	True	True	both_directions_pass
M011092	M002726	True	True	True	True	both_directions_pass
M011092	M004004	True	True	True	True	both_directions_pass
M011092	M004739	True	True	True	True	both_directions_pass
M011092	M006136	True	True	True	True	both_directions_pass
M011092	M008406	True	True	True	True	both_directions_pass
M011092	M010977	True	True	True	True	both_directions_pass
M011092	M011860	True	True	True	True	both_directions_pass
M011157	M006069	True	True	True	True	both_directions_pass
M011157	M006214	True	True	True	True	both_directions_pass
M011157	M008161	True	True	True	True	both_directions_pass
M011157	M009848	True	True	True	True	both_directions_pass
M011157	M011485	True	True	True	True	both_directions_pass
M011157	M011622	True	True	True	True	both_directions_pass
M011157	M012003	True	True	True	True	both_directions_pass
M011157	M012677	True	True	True	True	both_directions_pass
M011167	M001311	True	True	True	True	both_directions_pass
M011167	M011489	True	True	True	True	both_directions_pass
M011182	M000367	True	True	True	True	both_directions_pass
M011183	M008616	True	True	True	True	both_directions_pass
M011183	M011559	True	True	True	True	both_directions_pass
M011205	M000883	True	True	True	True	both_directions_pass
M011205	M003193	True	True	True	True	both_directions_pass
M011330	M000059	True	True	True	True	both_directions_pass
M011330	M000116	True	True	True	True	both_directions_pass
M011330	M000524	True	True	True	True	both_directions_pass
M011330	M001035	True	True	True	True	both_directions_pass
M011330	M001198	True	True	True	True	both_directions_pass
M011330	M001250	True	True	True	True	both_directions_pass
M011330	M001280	True	True	True	True	both_directions_pass
M011330	M001428	True	True	True	True	both_directions_pass
M011330	M001536	True	True	True	True	both_directions_pass
M011330	M001703	True	True	True	True	both_directions_pass
M011330	M001765	True	True	True	True	both_directions_pass
M011330	M001881	True	True	True	True	both_directions_pass
M011330	M002043	True	True	True	True	both_directions_pass
M011330	M002505	True	True	True	True	both_directions_pass
M011330	M002695	True	True	True	True	both_directions_pass
M011330	M002859	True	True	True	True	both_directions_pass
M011330	M002936	True	True	True	True	both_directions_pass
M011330	M003026	True	True	True	True	both_directions_pass
M011330	M003074	True	True	True	True	both_directions_pass
M011330	M003151	True	True	True	True	both_directions_pass
M011330	M003302	True	True	True	True	both_directions_pass
M011330	M003412	True	True	True	True	both_directions_pass
M011330	M003531	True	True	True	True	both_directions_pass
M011330	M003684	True	True	True	True	both_directions_pass
M011330	M003980	True	True	True	True	both_directions_pass
M011330	M004266	True	True	True	True	both_directions_pass
M011330	M004296	True	True	True	True	both_directions_pass
M011330	M004564	True	True	True	True	both_directions_pass
M011330	M004716	True	True	True	True	both_directions_pass
M011330	M004857	True	True	True	True	both_directions_pass
M011330	M005301	True	True	True	True	both_directions_pass
M011330	M005416	True	True	True	True	both_directions_pass
M011330	M005642	True	True	True	True	both_directions_pass
M011330	M005916	True	True	True	True	both_directions_pass
M011330	M006089	True	True	True	True	both_directions_pass
M011330	M006308	True	True	True	True	both_directions_pass
M011330	M006336	True	True	True	True	both_directions_pass
M011330	M006364	True	True	True	True	both_directions_pass
M011330	M006769	True	True	True	True	both_directions_pass
M011330	M006985	True	True	True	True	both_directions_pass
M011330	M007148	True	True	True	True	both_directions_pass
M011330	M007208	True	True	True	True	both_directions_pass
M011330	M007374	True	True	True	True	both_directions_pass
M011330	M007561	True	True	True	True	both_directions_pass
M011330	M008013	True	True	True	True	both_directions_pass
M011330	M008032	True	True	True	True	both_directions_pass
M011330	M008153	True	True	True	True	both_directions_pass
M011330	M008177	True	True	True	True	both_directions_pass
M011330	M008421	True	True	True	True	both_directions_pass
M011330	M008537	True	True	True	True	both_directions_pass
M011330	M008819	True	True	True	True	both_directions_pass
M011330	M009149	True	True	True	True	both_directions_pass
M011330	M009328	True	True	True	True	both_directions_pass
M011330	M009518	True	True	True	True	both_directions_pass
M011330	M009830	True	True	True	True	both_directions_pass
M011330	M009906	True	True	True	True	both_directions_pass
M011330	M010125	True	True	True	True	both_directions_pass
M011330	M010329	True	True	True	True	both_directions_pass
M011330	M010447	True	True	True	True	both_directions_pass
M011330	M010579	True	True	True	True	both_directions_pass
M011330	M010644	True	True	True	True	both_directions_pass
M011330	M010775	True	True	True	True	both_directions_pass
M011330	M010985	True	True	True	True	both_directions_pass
M011330	M011500	True	True	True	True	both_directions_pass
M011330	M011584	True	True	True	True	both_directions_pass
M011330	M011684	True	True	True	True	both_directions_pass
M011330	M011982	True	True	True	True	both_directions_pass
M011330	M012169	True	True	True	True	both_directions_pass
M011330	M012206	True	True	True	True	both_directions_pass
M011330	M012275	True	True	True	True	both_directions_pass
M011330	M012419	True	True	True	True	both_directions_pass
M011330	M012498	True	True	True	True	both_directions_pass
M011330	M012735	True	True	True	True	both_directions_pass
M011330	M012819	True	True	True	True	both_directions_pass
M011330	M013120	True	True	True	True	both_directions_pass
M011331	M000181	True	True	True	True	both_directions_pass
M011331	M000221	True	True	True	True	both_directions_pass
M011331	M000391	True	True	True	True	both_directions_pass
M011331	M000572	True	True	True	True	both_directions_pass
M011331	M000690	True	True	True	True	both_directions_pass
M011331	M000791	True	True	True	True	both_directions_pass
M011331	M000937	True	True	True	True	both_directions_pass
M011331	M001015	True	True	True	True	both_directions_pass
M011331	M001081	True	True	True	True	both_directions_pass
M011331	M001130	True	True	True	True	both_directions_pass
M011331	M001318	True	True	True	True	both_directions_pass
M011331	M001373	True	True	True	True	both_directions_pass
M011331	M001573	True	True	True	True	both_directions_pass
M011331	M001676	True	True	True	True	both_directions_pass
M011331	M001824	True	True	True	True	both_directions_pass
M011331	M001842	True	True	True	True	both_directions_pass
M011331	M002044	True	True	True	True	both_directions_pass
M011331	M002199	True	True	True	True	both_directions_pass
M011331	M002260	True	True	True	True	both_directions_pass
M011331	M002367	True	True	True	True	both_directions_pass
M011331	M002439	True	True	True	True	both_directions_pass
M011331	M002622	True	True	True	True	both_directions_pass
M011331	M002804	True	True	True	True	both_directions_pass
M011331	M002887	True	True	True	True	both_directions_pass
M011331	M002988	True	True	True	True	both_directions_pass
M011331	M003104	True	True	True	True	both_directions_pass
M011331	M003175	True	True	True	True	both_directions_pass
M011331	M003292	True	True	True	True	both_directions_pass
M011331	M003421	True	True	True	True	both_directions_pass
M011331	M003480	True	True	True	True	both_directions_pass
M011331	M003491	True	True	True	True	both_directions_pass
M011331	M003528	True	True	True	True	both_directions_pass
M011331	M003732	True	True	True	True	both_directions_pass
M011331	M003888	True	True	True	True	both_directions_pass
M011331	M003893	True	True	True	True	both_directions_pass
M011331	M003961	True	True	True	True	both_directions_pass
M011331	M004224	True	True	True	True	both_directions_pass
M011331	M004297	True	True	True	True	both_directions_pass
M011331	M004511	True	True	True	True	both_directions_pass
M011331	M004581	True	True	True	True	both_directions_pass
M011331	M004689	True	True	True	True	both_directions_pass
M011331	M004868	True	True	True	True	both_directions_pass
M011331	M004976	True	True	True	True	both_directions_pass
M011331	M005045	True	True	True	True	both_directions_pass
M011331	M005247	True	True	True	True	both_directions_pass
M011331	M005346	True	True	True	True	both_directions_pass
M011331	M005442	True	True	True	True	both_directions_pass
M011331	M005581	True	True	True	True	both_directions_pass
M011331	M005699	True	True	True	True	both_directions_pass
M011331	M005898	True	True	True	True	both_directions_pass
M011331	M006082	True	True	True	True	both_directions_pass
M011331	M006160	True	True	True	True	both_directions_pass
M011331	M006331	True	True	True	True	both_directions_pass
M011331	M006352	True	True	True	True	both_directions_pass
M011331	M006513	True	True	True	True	both_directions_pass
M011331	M006641	True	True	True	True	both_directions_pass
M011331	M006818	True	True	True	True	both_directions_pass
M011331	M006972	True	True	True	True	both_directions_pass
M011331	M007069	True	True	True	True	both_directions_pass
M011331	M007253	True	True	True	True	both_directions_pass
M011331	M007358	True	True	True	True	both_directions_pass
M011331	M007537	True	True	True	True	both_directions_pass
M011331	M007580	True	True	True	True	both_directions_pass
M011331	M007767	True	True	True	True	both_directions_pass
M011331	M007854	True	True	True	True	both_directions_pass
M011331	M007978	True	True	True	True	both_directions_pass
M011331	M008063	True	True	True	True	both_directions_pass
M011331	M008215	True	True	True	True	both_directions_pass
M011331	M008260	True	True	True	True	both_directions_pass
M011331	M008321	True	True	True	True	both_directions_pass
M011331	M008515	True	True	True	True	both_directions_pass
M011331	M008604	True	True	True	True	both_directions_pass
M011331	M008710	True	True	True	True	both_directions_pass
M011331	M008808	True	True	True	True	both_directions_pass
M011331	M008907	True	True	True	True	both_directions_pass
M011331	M009108	True	True	True	True	both_directions_pass
M011331	M009285	True	True	True	True	both_directions_pass
M011331	M009384	True	True	True	True	both_directions_pass
M011331	M009475	True	True	True	True	both_directions_pass
M011331	M009630	True	True	True	True	both_directions_pass
M011331	M009877	True	True	True	True	both_directions_pass
M011331	M009904	True	True	True	True	both_directions_pass
M011331	M010084	True	True	True	True	both_directions_pass
M011331	M010178	True	True	True	True	both_directions_pass
M011331	M010410	True	True	True	True	both_directions_pass
M011331	M010685	True	True	True	True	both_directions_pass
M011331	M010827	True	True	True	True	both_directions_pass
M011331	M010976	True	True	True	True	both_directions_pass
M011331	M011124	True	True	True	True	both_directions_pass
M011331	M011380	True	True	True	True	both_directions_pass
M011331	M011501	True	True	True	True	both_directions_pass
M011331	M011586	True	True	True	True	both_directions_pass
M011331	M011745	True	True	True	True	both_directions_pass
M011331	M011909	True	True	True	True	both_directions_pass
M011331	M011966	True	True	True	True	both_directions_pass
M011331	M012119	True	True	True	True	both_directions_pass
M011331	M012170	True	True	True	True	both_directions_pass
M011331	M012201	True	True	True	True	both_directions_pass
M011331	M012319	True	True	True	True	both_directions_pass
M011331	M012463	True	True	True	True	both_directions_pass
M011331	M012518	True	True	True	True	both_directions_pass
M011331	M012612	True	True	True	True	both_directions_pass
M011331	M012776	True	True	True	True	both_directions_pass
M011331	M012854	True	True	True	True	both_directions_pass
M011331	M012983	True	True	True	True	both_directions_pass
M011331	M013095	True	True	True	True	both_directions_pass
M011336	M000692	True	True	True	True	both_directions_pass
M011336	M008412	True	True	True	True	both_directions_pass
M011350	M011665	True	True	True	True	both_directions_pass
M011421	M000019	True	True	True	True	both_directions_pass
M011421	M000093	True	True	True	True	both_directions_pass
M011421	M000789	True	True	True	True	both_directions_pass
M011421	M001347	True	True	True	True	both_directions_pass
M011421	M001382	True	True	True	True	both_directions_pass
M011421	M002208	True	True	True	True	both_directions_pass
M011421	M003065	True	True	True	True	both_directions_pass
M011421	M004131	True	True	True	True	both_directions_pass
M011421	M005225	True	True	True	True	both_directions_pass
M011421	M005506	True	True	True	True	both_directions_pass
M011421	M005908	True	True	True	True	both_directions_pass
M011421	M005934	True	True	True	True	both_directions_pass
M011421	M006447	True	True	True	True	both_directions_pass
M011421	M006557	True	True	True	True	both_directions_pass
M011421	M006629	True	True	True	True	both_directions_pass
M011421	M007088	True	True	True	True	both_directions_pass
M011421	M007704	True	True	True	True	both_directions_pass
M011421	M007963	True	True	True	True	both_directions_pass
M011421	M008210	True	True	True	True	both_directions_pass
M011421	M008904	True	True	True	True	both_directions_pass
M011421	M009069	True	True	True	True	both_directions_pass
M011421	M009434	True	True	True	True	both_directions_pass
M011421	M009636	True	True	True	True	both_directions_pass
M011421	M010081	True	True	True	True	both_directions_pass
M011421	M010513	True	True	True	True	both_directions_pass
M011421	M010727	True	True	True	True	both_directions_pass
M011421	M010815	True	True	True	True	both_directions_pass
M011421	M012588	True	True	True	True	both_directions_pass
M011421	M013024	True	True	True	True	both_directions_pass
M011421	M015006	True	True	True	True	both_directions_pass
M011484	M006107	True	True	True	True	both_directions_pass
M011524	M000771	True	True	True	True	both_directions_pass
M011524	M001540	True	True	True	True	both_directions_pass
M011524	M011761	True	True	True	True	both_directions_pass
M011524	M011817	True	True	True	True	both_directions_pass
M011524	M012059	True	True	True	True	both_directions_pass
M011530	M002332	True	True	True	True	both_directions_pass
M011530	M006054	True	True	True	True	both_directions_pass
M011530	M011490	True	True	True	True	both_directions_pass
M011530	M012057	True	True	True	True	both_directions_pass
M011530	M012730	True	True	True	True	both_directions_pass
M011541	M005140	True	True	True	True	both_directions_pass
M011541	M008652	True	True	False	False	neither_direction_passes
M011541	M011984	True	True	False	False	neither_direction_passes
M011578	M005134	True	True	True	True	both_directions_pass
M011578	M008637	True	True	True	True	both_directions_pass
M011578	M011963	True	True	True	True	both_directions_pass
M011578	M012786	True	True	True	True	both_directions_pass
M011578	M015174	True	True	True	True	both_directions_pass
M011578	M017126	True	True	True	True	both_directions_pass
M011613	M000703	True	True	True	True	both_directions_pass
M011613	M000799	True	True	True	True	both_directions_pass
M011613	M000953	True	True	True	True	both_directions_pass
M011613	M001172	True	True	True	True	both_directions_pass
M011613	M001257	True	True	True	True	both_directions_pass
M011613	M001305	True	True	True	True	both_directions_pass
M011613	M001423	True	True	True	True	both_directions_pass
M011613	M001535	True	True	True	True	both_directions_pass
M011613	M001649	True	True	True	True	both_directions_pass
M011613	M001786	True	True	True	True	both_directions_pass
M011613	M001928	True	True	True	True	both_directions_pass
M011613	M002292	True	True	True	True	both_directions_pass
M011613	M002435	True	True	True	True	both_directions_pass
M011613	M002882	True	True	True	True	both_directions_pass
M011613	M002974	True	True	True	True	both_directions_pass
M011613	M003225	True	True	True	True	both_directions_pass
M011613	M003410	True	True	True	True	both_directions_pass
M011613	M003610	True	True	True	True	both_directions_pass
M011613	M003658	True	True	True	True	both_directions_pass
M011613	M003963	True	True	True	True	both_directions_pass
M011613	M004268	True	True	True	True	both_directions_pass
M011613	M004322	True	True	True	True	both_directions_pass
M011613	M004426	True	True	True	True	both_directions_pass
M011613	M004619	True	True	True	True	both_directions_pass
M011613	M004954	True	True	True	True	both_directions_pass
M011613	M005110	True	True	True	True	both_directions_pass
M011613	M005231	True	True	True	True	both_directions_pass
M011613	M005333	True	True	True	True	both_directions_pass
M011613	M005859	True	True	True	True	both_directions_pass
M011613	M005962	True	True	True	True	both_directions_pass
M011613	M006301	True	True	True	True	both_directions_pass
M011613	M007002	True	True	True	True	both_directions_pass
M011613	M007052	True	True	True	True	both_directions_pass
M011613	M007457	True	True	True	True	both_directions_pass
M011613	M007817	True	True	True	True	both_directions_pass
M011613	M008011	True	True	True	True	both_directions_pass
M011613	M008051	True	True	True	True	both_directions_pass
M011613	M008196	True	True	True	True	both_directions_pass
M011613	M008653	True	True	True	True	both_directions_pass
M011613	M008870	True	True	True	True	both_directions_pass
M011613	M009071	True	True	True	True	both_directions_pass
M011613	M009777	True	True	True	True	both_directions_pass
M011613	M009826	True	True	True	True	both_directions_pass
M011613	M010973	True	True	True	True	both_directions_pass
M011613	M011328	True	True	True	True	both_directions_pass
M011613	M011836	True	True	True	True	both_directions_pass
M011613	M012032	True	True	True	True	both_directions_pass
M011613	M012423	True	True	True	True	both_directions_pass
M011613	M012615	True	True	True	True	both_directions_pass
M011613	M012769	True	True	True	True	both_directions_pass
M011613	M012825	True	True	True	True	both_directions_pass
M011613	M013018	True	True	True	True	both_directions_pass
M011613	M013086	True	True	True	True	both_directions_pass
M011613	M013121	True	True	True	True	both_directions_pass
M011616	M011628	True	True	True	True	both_directions_pass
M011616	M011969	True	True	True	True	both_directions_pass
M011637	M001114	True	True	True	True	both_directions_pass
M011637	M004075	True	True	True	True	both_directions_pass
M011644	M001629	True	True	True	True	both_directions_pass
M011644	M001753	True	True	True	True	both_directions_pass
M011644	M001787	True	True	True	True	both_directions_pass
M011644	M002232	True	True	True	True	both_directions_pass
M011644	M008077	True	True	True	True	both_directions_pass
M011644	M008803	True	True	True	True	both_directions_pass
M011649	M000297	True	True	True	True	both_directions_pass
M011651	M001785	True	True	True	True	both_directions_pass
M011651	M002600	True	True	True	True	both_directions_pass
M011651	M004153	True	True	True	True	both_directions_pass
M011651	M005614	True	True	True	True	both_directions_pass
M011651	M007831	True	True	True	True	both_directions_pass
M011651	M009428	True	True	True	True	both_directions_pass
M011651	M012594	True	True	True	True	both_directions_pass
M011722	M012298	True	True	False	False	neither_direction_passes
M011763	M000362	True	True	True	True	both_directions_pass
M011765	M016711	True	True	True	True	both_directions_pass
M011765	M017727	True	True	True	True	both_directions_pass
M011788	M000487	True	True	True	True	both_directions_pass
M011788	M001342	True	True	True	True	both_directions_pass
M011788	M002222	True	True	True	True	both_directions_pass
M011816	M002304	True	True	True	True	both_directions_pass
M011834	M000880	True	True	True	True	both_directions_pass
M011834	M000966	True	True	True	True	both_directions_pass
M011846	M000783	True	True	True	True	both_directions_pass
M011846	M002703	True	True	True	True	both_directions_pass
M011846	M004588	True	True	True	True	both_directions_pass
M011846	M005097	True	True	True	True	both_directions_pass
M011846	M007341	True	True	True	True	both_directions_pass
M011846	M008401	True	True	True	True	both_directions_pass
M011846	M009931	True	True	True	True	both_directions_pass
M011846	M010162	True	True	True	True	both_directions_pass
M011887	M000033	True	True	True	True	both_directions_pass
M011887	M000790	True	True	True	True	both_directions_pass
M011887	M001334	True	True	True	True	both_directions_pass
M011887	M008066	True	True	True	True	both_directions_pass
M011908	M000787	True	True	True	True	both_directions_pass
M011908	M000921	True	True	True	True	both_directions_pass
M011926	M002363	True	True	True	True	both_directions_pass
M011936	M001826	True	True	True	True	both_directions_pass
M011936	M001888	True	True	True	True	both_directions_pass
M011936	M002309	True	True	True	True	both_directions_pass
M011936	M005072	True	True	True	True	both_directions_pass
M011936	M010599	True	True	True	True	both_directions_pass
M011936	M011516	True	True	True	True	both_directions_pass
M011936	M011537	True	True	True	True	both_directions_pass
M011936	M011973	True	True	True	True	both_directions_pass
M011936	M014204	True	True	True	True	both_directions_pass
M011936	M015095	True	True	True	True	both_directions_pass
M011936	M017242	True	True	True	True	both_directions_pass
M011940	M012676	True	True	True	True	both_directions_pass
M011944	M004033	True	True	True	True	both_directions_pass
M011957	M006976	True	True	True	True	both_directions_pass
M011957	M010298	True	True	True	True	both_directions_pass
M011957	M010449	True	True	True	True	both_directions_pass
M011960	M006085	True	True	True	True	both_directions_pass
M011960	M008121	True	True	True	True	both_directions_pass
M011960	M010477	True	True	True	True	both_directions_pass
M011960	M013520	True	True	False	False	neither_direction_passes
M011960	M014378	True	True	True	True	both_directions_pass
M011960	M014396	True	True	True	True	both_directions_pass
M011960	M014832	True	True	True	True	both_directions_pass
M011960	M014899	True	True	True	True	both_directions_pass
M011960	M014974	True	True	True	True	both_directions_pass
M011960	M015093	True	True	False	False	neither_direction_passes
M011960	M015151	True	True	True	True	both_directions_pass
M011960	M015820	True	True	True	True	both_directions_pass
M011960	M016481	True	True	True	True	both_directions_pass
M011960	M017179	True	True	True	True	both_directions_pass
M011960	M017272	True	True	False	False	neither_direction_passes
M011960	M017598	True	True	True	True	both_directions_pass
M011993	M010240	True	True	True	True	both_directions_pass
M012045	M000060	True	True	True	True	both_directions_pass
M012045	M000490	True	True	True	True	both_directions_pass
M012045	M000514	True	True	True	True	both_directions_pass
M012045	M000521	True	True	True	True	both_directions_pass
M012045	M000653	True	True	True	True	both_directions_pass
M012045	M000803	True	True	True	True	both_directions_pass
M012045	M000938	True	True	True	True	both_directions_pass
M012045	M001085	True	True	True	True	both_directions_pass
M012045	M001103	True	True	True	True	both_directions_pass
M012045	M001149	True	True	True	True	both_directions_pass
M012045	M001241	True	True	True	True	both_directions_pass
M012045	M001426	True	True	True	True	both_directions_pass
M012045	M001515	True	True	True	True	both_directions_pass
M012045	M001669	True	True	True	True	both_directions_pass
M012045	M001912	True	True	True	True	both_directions_pass
M012045	M002079	True	True	True	True	both_directions_pass
M012045	M002093	True	True	True	True	both_directions_pass
M012045	M002258	True	True	True	True	both_directions_pass
M012045	M002475	True	True	True	True	both_directions_pass
M012045	M002576	True	True	True	True	both_directions_pass
M012045	M002690	True	True	True	True	both_directions_pass
M012045	M002805	True	True	True	True	both_directions_pass
M012045	M002875	True	True	True	True	both_directions_pass
M012045	M002994	True	True	True	True	both_directions_pass
M012045	M003141	True	True	True	True	both_directions_pass
M012045	M003232	True	True	True	True	both_directions_pass
M012045	M003290	True	True	True	True	both_directions_pass
M012045	M003425	True	True	True	True	both_directions_pass
M012045	M003502	True	True	True	True	both_directions_pass
M012045	M003617	True	True	True	True	both_directions_pass
M012045	M003710	True	True	True	True	both_directions_pass
M012045	M003762	True	True	True	True	both_directions_pass
M012045	M003790	True	True	True	True	both_directions_pass
M012045	M003998	True	True	True	True	both_directions_pass
M012045	M004121	True	True	True	True	both_directions_pass
M012045	M004219	True	True	True	True	both_directions_pass
M012045	M004289	True	True	True	True	both_directions_pass
M012045	M004519	True	True	True	True	both_directions_pass
M012045	M004596	True	True	True	True	both_directions_pass
M012045	M004749	True	True	True	True	both_directions_pass
M012045	M004826	True	True	True	True	both_directions_pass
M012045	M004997	True	True	True	True	both_directions_pass
M012045	M005055	True	True	True	True	both_directions_pass
M012045	M005181	True	True	True	True	both_directions_pass
M012045	M005321	True	True	True	True	both_directions_pass
M012045	M005393	True	True	True	True	both_directions_pass
M012045	M005624	True	True	True	True	both_directions_pass
M012045	M005631	True	True	True	True	both_directions_pass
M012045	M005806	True	True	True	True	both_directions_pass
M012045	M005975	True	True	True	True	both_directions_pass
M012045	M005990	True	True	True	True	both_directions_pass
M012045	M006158	True	True	True	True	both_directions_pass
M012045	M006229	True	True	True	True	both_directions_pass
M012045	M006376	True	True	True	True	both_directions_pass
M012045	M006575	True	True	True	True	both_directions_pass
M012045	M006677	True	True	True	True	both_directions_pass
M012045	M006778	True	True	True	True	both_directions_pass
M012045	M006969	True	True	True	True	both_directions_pass
M012045	M007017	True	True	True	True	both_directions_pass
M012045	M007122	True	True	True	True	both_directions_pass
M012045	M007126	True	True	True	True	both_directions_pass
M012045	M007373	True	True	True	True	both_directions_pass
M012045	M007460	True	True	True	True	both_directions_pass
M012045	M007643	True	True	True	True	both_directions_pass
M012045	M007768	True	True	True	True	both_directions_pass
M012045	M007838	True	True	True	True	both_directions_pass
M012045	M007935	True	True	True	True	both_directions_pass
M012045	M008009	True	True	True	True	both_directions_pass
M012045	M008157	True	True	True	True	both_directions_pass
M012045	M008226	True	True	True	True	both_directions_pass
M012045	M008326	True	True	True	True	both_directions_pass
M012045	M008469	True	True	True	True	both_directions_pass
M012045	M008519	True	True	True	True	both_directions_pass
M012045	M008745	True	True	True	True	both_directions_pass
M012045	M008832	True	True	True	True	both_directions_pass
M012045	M009074	True	True	True	True	both_directions_pass
M012045	M009194	True	True	True	True	both_directions_pass
M012045	M009324	True	True	True	True	both_directions_pass
M012045	M009492	True	True	True	True	both_directions_pass
M012045	M009623	True	True	True	True	both_directions_pass
M012045	M009691	True	True	True	True	both_directions_pass
M012045	M009747	True	True	True	True	both_directions_pass
M012045	M009752	True	True	True	True	both_directions_pass
M012045	M009784	True	True	True	True	both_directions_pass
M012045	M009881	True	True	True	True	both_directions_pass
M012045	M010011	True	True	True	True	both_directions_pass
M012045	M010139	True	True	True	True	both_directions_pass
M012045	M010268	True	True	True	True	both_directions_pass
M012045	M010416	True	True	True	True	both_directions_pass
M012045	M010563	True	True	True	True	both_directions_pass
M012045	M010789	True	True	True	True	both_directions_pass
M012045	M010811	True	True	True	True	both_directions_pass
M012045	M010900	True	True	True	True	both_directions_pass
M012045	M010934	True	True	True	True	both_directions_pass
M012045	M011217	True	True	True	True	both_directions_pass
M012045	M011432	True	True	True	True	both_directions_pass
M012045	M011760	True	True	True	True	both_directions_pass
M012045	M011895	True	True	True	True	both_directions_pass
M012045	M012133	True	True	True	True	both_directions_pass
M012045	M012199	True	True	True	True	both_directions_pass
M012045	M012274	True	True	True	True	both_directions_pass
M012045	M012590	True	True	True	True	both_directions_pass
M012045	M012712	True	True	True	True	both_directions_pass
M012045	M012908	True	True	True	True	both_directions_pass
M012045	M013005	True	True	True	True	both_directions_pass
M012045	M013097	True	True	True	True	both_directions_pass
M012045	M013153	True	True	True	True	both_directions_pass
M012075	M012314	True	True	True	True	both_directions_pass
M012130	M012299	True	True	True	True	both_directions_pass
M012164	M002050	True	True	True	True	both_directions_pass
M012164	M012655	True	True	True	True	both_directions_pass
M012172	M003337	True	True	True	True	both_directions_pass
M012207	M005654	True	True	True	True	both_directions_pass
M012207	M010461	True	True	True	True	both_directions_pass
M012207	M012114	True	True	False	False	neither_direction_passes
M012278	M002931	True	True	True	True	both_directions_pass
M012278	M003575	True	True	True	True	both_directions_pass
M012278	M006477	True	True	True	True	both_directions_pass
M012278	M006670	True	True	True	True	both_directions_pass
M012278	M007796	True	True	True	True	both_directions_pass
M012278	M007919	True	True	True	True	both_directions_pass
M012278	M008355	True	True	True	True	both_directions_pass
M012278	M011206	True	True	True	True	both_directions_pass
M012278	M011778	True	True	True	True	both_directions_pass
M012345	M000065	True	True	True	True	both_directions_pass
M012345	M000255	True	True	True	True	both_directions_pass
M012345	M000312	True	True	True	True	both_directions_pass
M012345	M000467	True	True	True	True	both_directions_pass
M012345	M000529	True	True	True	True	both_directions_pass
M012345	M000696	True	True	True	True	both_directions_pass
M012345	M000739	True	True	True	True	both_directions_pass
M012345	M000795	True	True	True	True	both_directions_pass
M012345	M001058	True	True	True	True	both_directions_pass
M012345	M001266	True	True	True	True	both_directions_pass
M012345	M001359	True	True	True	True	both_directions_pass
M012345	M001385	True	True	True	True	both_directions_pass
M012345	M001456	True	True	True	True	both_directions_pass
M012345	M001527	True	True	True	True	both_directions_pass
M012345	M001688	True	True	True	True	both_directions_pass
M012345	M001803	True	True	True	True	both_directions_pass
M012345	M001874	True	True	True	True	both_directions_pass
M012345	M001969	True	True	True	True	both_directions_pass
M012345	M002164	True	True	True	True	both_directions_pass
M012345	M002296	True	True	True	True	both_directions_pass
M012345	M002482	True	True	True	True	both_directions_pass
M012345	M002704	True	True	True	True	both_directions_pass
M012345	M002847	True	True	True	True	both_directions_pass
M012345	M002916	True	True	True	True	both_directions_pass
M012345	M002950	True	True	True	True	both_directions_pass
M012345	M003073	True	True	True	True	both_directions_pass
M012345	M003183	True	True	True	True	both_directions_pass
M012345	M003269	True	True	True	True	both_directions_pass
M012345	M003614	True	True	True	True	both_directions_pass
M012345	M003703	True	True	True	True	both_directions_pass
M012345	M003820	True	True	True	True	both_directions_pass
M012345	M003939	True	True	True	True	both_directions_pass
M012345	M004116	True	True	True	True	both_directions_pass
M012345	M004149	True	True	True	True	both_directions_pass
M012345	M004183	True	True	True	True	both_directions_pass
M012345	M004494	True	True	True	True	both_directions_pass
M012345	M004614	True	True	True	True	both_directions_pass
M012345	M004680	True	True	True	True	both_directions_pass
M012345	M004874	True	True	True	True	both_directions_pass
M012345	M004920	True	True	True	True	both_directions_pass
M012345	M005058	True	True	True	True	both_directions_pass
M012345	M005174	True	True	True	True	both_directions_pass
M012345	M005372	True	True	True	True	both_directions_pass
M012345	M005489	True	True	True	True	both_directions_pass
M012345	M005534	True	True	True	True	both_directions_pass
M012345	M005687	True	True	True	True	both_directions_pass
M012345	M005819	True	True	True	True	both_directions_pass
M012345	M005948	True	True	True	True	both_directions_pass
M012345	M006050	True	True	True	True	both_directions_pass
M012345	M006109	True	True	True	True	both_directions_pass
M012345	M006237	True	True	True	True	both_directions_pass
M012345	M006382	True	True	True	True	both_directions_pass
M012345	M006569	True	True	True	True	both_directions_pass
M012345	M006611	True	True	True	True	both_directions_pass
M012345	M006826	True	True	True	True	both_directions_pass
M012345	M006907	True	True	True	True	both_directions_pass
M012345	M007079	True	True	True	True	both_directions_pass
M012345	M007278	True	True	True	True	both_directions_pass
M012345	M007368	True	True	True	True	both_directions_pass
M012345	M007511	True	True	True	True	both_directions_pass
M012345	M007583	True	True	True	True	both_directions_pass
M012345	M007652	True	True	True	True	both_directions_pass
M012345	M007710	True	True	True	True	both_directions_pass
M012345	M007966	True	True	True	True	both_directions_pass
M012345	M008134	True	True	True	True	both_directions_pass
M012345	M008308	True	True	True	True	both_directions_pass
M012345	M008417	True	True	True	True	both_directions_pass
M012345	M008529	True	True	True	True	both_directions_pass
M012345	M008650	True	True	True	True	both_directions_pass
M012345	M008705	True	True	True	True	both_directions_pass
M012345	M008836	True	True	True	True	both_directions_pass
M012345	M009099	True	True	True	True	both_directions_pass
M012345	M009242	True	True	True	True	both_directions_pass
M012345	M009338	True	True	True	True	both_directions_pass
M012345	M009624	True	True	True	True	both_directions_pass
M012345	M009661	True	True	True	True	both_directions_pass
M012345	M009785	True	True	True	True	both_directions_pass
M012345	M009997	True	True	True	True	both_directions_pass
M012345	M010053	True	True	True	True	both_directions_pass
M012345	M010220	True	True	True	True	both_directions_pass
M012345	M010444	True	True	True	True	both_directions_pass
M012345	M010575	True	True	True	True	both_directions_pass
M012345	M010647	True	True	True	True	both_directions_pass
M012345	M010823	True	True	True	True	both_directions_pass
M012345	M011032	True	True	True	True	both_directions_pass
M012345	M011283	True	True	True	True	both_directions_pass
M012345	M011390	True	True	True	True	both_directions_pass
M012345	M011466	True	True	True	True	both_directions_pass
M012345	M011479	True	True	True	True	both_directions_pass
M012345	M011580	True	True	True	True	both_directions_pass
M012345	M011599	True	True	True	True	both_directions_pass
M012345	M011645	True	True	True	True	both_directions_pass
M012345	M011696	True	True	True	True	both_directions_pass
M012345	M011866	True	True	True	True	both_directions_pass
M012345	M011929	True	True	True	True	both_directions_pass
M012345	M012015	True	True	True	True	both_directions_pass
M012345	M012042	True	True	True	True	both_directions_pass
M012345	M012111	True	True	True	True	both_directions_pass
M012345	M012235	True	True	True	True	both_directions_pass
M012345	M012264	True	True	True	True	both_directions_pass
M012345	M012486	True	True	True	True	both_directions_pass
M012345	M012523	True	True	True	True	both_directions_pass
M012345	M012609	True	True	True	True	both_directions_pass
M012345	M012875	True	True	True	True	both_directions_pass
M012345	M012947	True	True	True	True	both_directions_pass
M012345	M013033	True	True	True	True	both_directions_pass
M012345	M013115	True	True	True	True	both_directions_pass
M012378	M016221	True	True	True	True	both_directions_pass
M012394	M007724	True	True	False	False	neither_direction_passes
M012491	M003891	True	True	False	False	neither_direction_passes
M012491	M005613	True	True	False	False	neither_direction_passes
M012491	M009387	True	True	False	False	neither_direction_passes
M012491	M009572	True	True	True	True	both_directions_pass
M012501	M012637	True	True	True	True	both_directions_pass
M012509	M006381	True	True	True	True	both_directions_pass
M012513	M000263	True	True	True	True	both_directions_pass
M012513	M000344	True	True	True	True	both_directions_pass
M012513	M000406	True	True	False	False	neither_direction_passes
M012513	M000541	True	True	True	True	both_directions_pass
M012513	M001072	True	True	True	True	both_directions_pass
M012513	M002022	True	True	True	True	both_directions_pass
M012513	M002181	True	True	True	True	both_directions_pass
M012513	M002455	True	True	True	True	both_directions_pass
M012513	M002643	True	True	False	False	neither_direction_passes
M012513	M002914	True	True	True	True	both_directions_pass
M012513	M003510	True	True	True	True	both_directions_pass
M012513	M003566	True	True	False	False	neither_direction_passes
M012513	M004134	True	True	True	True	both_directions_pass
M012513	M004391	True	True	True	True	both_directions_pass
M012513	M004767	True	True	True	True	both_directions_pass
M012513	M004793	True	True	False	False	neither_direction_passes
M012513	M005210	True	True	True	True	both_directions_pass
M012513	M005474	True	True	False	False	neither_direction_passes
M012513	M005648	True	True	True	True	both_directions_pass
M012513	M005768	True	True	True	True	both_directions_pass
M012513	M005950	True	True	True	True	both_directions_pass
M012513	M006147	True	True	True	True	both_directions_pass
M012513	M006835	True	True	True	True	both_directions_pass
M012513	M007215	True	True	False	False	neither_direction_passes
M012513	M007513	True	True	False	False	neither_direction_passes
M012513	M007552	True	True	True	True	both_directions_pass
M012513	M007893	True	True	True	True	both_directions_pass
M012513	M007953	True	True	True	True	both_directions_pass
M012513	M008379	True	True	True	True	both_directions_pass
M012513	M008580	True	True	True	True	both_directions_pass
M012513	M009150	True	True	True	True	both_directions_pass
M012513	M009612	True	True	True	True	both_directions_pass
M012513	M010027	True	True	True	True	both_directions_pass
M012513	M010154	True	True	False	False	neither_direction_passes
M012513	M010590	True	True	True	True	both_directions_pass
M012513	M010632	True	True	True	True	both_directions_pass
M012513	M010888	True	True	False	False	neither_direction_passes
M012513	M011238	True	True	True	True	both_directions_pass
M012513	M011264	True	True	True	True	both_directions_pass
M012513	M011734	True	True	True	True	both_directions_pass
M012513	M012153	True	True	True	True	both_directions_pass
M012513	M012198	True	True	True	True	both_directions_pass
M012513	M012320	True	True	True	True	both_directions_pass
M012513	M012382	True	True	True	True	both_directions_pass
M012513	M012897	True	True	True	True	both_directions_pass
M012529	M004655	True	True	True	True	both_directions_pass
M012529	M007420	True	True	True	True	both_directions_pass
M012539	M000117	True	True	True	True	both_directions_pass
M012539	M000290	True	True	True	True	both_directions_pass
M012539	M000318	True	True	True	True	both_directions_pass
M012539	M000603	True	True	True	True	both_directions_pass
M012539	M000773	True	True	True	True	both_directions_pass
M012539	M000934	True	True	True	True	both_directions_pass
M012539	M001059	True	True	True	True	both_directions_pass
M012539	M001137	True	True	True	True	both_directions_pass
M012539	M001465	True	True	True	True	both_directions_pass
M012539	M001609	True	True	True	True	both_directions_pass
M012539	M001792	True	True	True	True	both_directions_pass
M012539	M001947	True	True	True	True	both_directions_pass
M012539	M001975	True	True	True	True	both_directions_pass
M012539	M002146	True	True	True	True	both_directions_pass
M012539	M002267	True	True	True	True	both_directions_pass
M012539	M002420	True	True	True	True	both_directions_pass
M012539	M002706	True	True	True	True	both_directions_pass
M012539	M002780	True	True	False	False	neither_direction_passes
M012539	M002946	True	True	True	True	both_directions_pass
M012539	M003613	True	True	True	True	both_directions_pass
M012539	M003674	True	True	True	True	both_directions_pass
M012539	M003810	True	True	True	True	both_directions_pass
M012539	M003936	True	True	True	True	both_directions_pass
M012539	M004085	True	True	True	True	both_directions_pass
M012539	M004169	True	True	True	True	both_directions_pass
M012539	M004335	True	True	True	True	both_directions_pass
M012539	M004490	True	True	True	True	both_directions_pass
M012539	M004600	True	True	True	True	both_directions_pass
M012539	M004700	True	True	True	True	both_directions_pass
M012539	M004851	True	True	True	True	both_directions_pass
M012539	M004891	True	True	True	True	both_directions_pass
M012539	M005098	True	True	True	True	both_directions_pass
M012539	M005148	True	True	True	True	both_directions_pass
M012539	M005373	True	True	True	True	both_directions_pass
M012539	M005431	True	True	True	True	both_directions_pass
M012539	M005517	True	True	True	True	both_directions_pass
M012539	M005685	True	True	True	True	both_directions_pass
M012539	M006041	True	True	True	True	both_directions_pass
M012539	M006246	True	True	True	True	both_directions_pass
M012539	M006292	True	True	True	True	both_directions_pass
M012539	M006398	True	True	True	True	both_directions_pass
M012539	M006464	True	True	True	True	both_directions_pass
M012539	M006624	True	True	True	True	both_directions_pass
M012539	M006825	True	True	True	True	both_directions_pass
M012539	M006913	True	True	True	True	both_directions_pass
M012539	M007205	True	True	True	True	both_directions_pass
M012539	M007295	True	True	True	True	both_directions_pass
M012539	M007452	True	True	True	True	both_directions_pass
M012539	M007567	True	True	True	True	both_directions_pass
M012539	M007717	True	True	True	True	both_directions_pass
M012539	M007822	True	True	True	True	both_directions_pass
M012539	M007908	True	True	True	True	both_directions_pass
M012539	M008042	True	True	True	True	both_directions_pass
M012539	M008172	True	True	True	True	both_directions_pass
M012539	M008280	True	True	True	True	both_directions_pass
M012539	M008370	True	True	True	True	both_directions_pass
M012539	M008572	True	True	True	True	both_directions_pass
M012539	M008695	True	True	True	True	both_directions_pass
M012539	M008886	True	True	True	True	both_directions_pass
M012539	M009105	True	True	True	True	both_directions_pass
M012539	M009240	True	True	True	True	both_directions_pass
M012539	M009409	True	True	True	True	both_directions_pass
M012539	M009484	True	True	True	True	both_directions_pass
M012539	M009571	True	True	True	True	both_directions_pass
M012539	M009789	True	True	True	True	both_directions_pass
M012539	M009985	True	True	True	True	both_directions_pass
M012539	M010063	True	True	True	True	both_directions_pass
M012539	M010222	True	True	True	True	both_directions_pass
M012539	M010442	True	True	True	True	both_directions_pass
M012539	M010562	True	True	True	True	both_directions_pass
M012539	M010643	True	True	True	True	both_directions_pass
M012539	M010817	True	True	True	True	both_directions_pass
M012539	M010932	True	True	True	True	both_directions_pass
M012539	M011031	True	True	True	True	both_directions_pass
M012539	M011228	True	True	True	True	both_directions_pass
M012539	M011444	True	True	True	True	both_directions_pass
M012539	M011474	True	True	True	True	both_directions_pass
M012539	M011642	True	True	True	True	both_directions_pass
M012539	M011695	True	True	True	True	both_directions_pass
M012539	M011782	True	True	True	True	both_directions_pass
M012539	M011828	True	True	True	True	both_directions_pass
M012539	M011952	True	True	True	True	both_directions_pass
M012539	M012020	True	True	True	True	both_directions_pass
M012539	M012110	True	True	True	True	both_directions_pass
M012539	M012175	True	True	True	True	both_directions_pass
M012539	M012237	True	True	True	True	both_directions_pass
M012539	M012387	True	True	True	True	both_directions_pass
M012539	M012659	True	True	True	True	both_directions_pass
M012539	M012733	True	True	True	True	both_directions_pass
M012539	M012805	True	True	True	True	both_directions_pass
M012539	M012946	True	True	True	True	both_directions_pass
M012539	M013041	True	True	True	True	both_directions_pass
M012539	M013143	True	True	True	True	both_directions_pass
M012539	M013423	True	True	True	True	both_directions_pass
M012539	M013490	True	True	True	True	both_directions_pass
M012539	M014981	True	True	True	True	both_directions_pass
M012539	M015577	True	True	True	True	both_directions_pass
M012539	M015699	True	True	True	True	both_directions_pass
M012539	M017939	True	True	True	True	both_directions_pass
M012539	M017985	True	True	True	True	both_directions_pass
M012541	M000175	True	True	True	True	both_directions_pass
M012541	M000201	True	True	True	True	both_directions_pass
M012541	M000296	True	True	True	True	both_directions_pass
M012541	M000427	True	True	True	True	both_directions_pass
M012541	M000540	True	True	True	True	both_directions_pass
M012541	M001077	True	True	True	True	both_directions_pass
M012541	M001196	True	True	True	True	both_directions_pass
M012541	M001283	True	True	True	True	both_directions_pass
M012541	M001484	True	True	True	True	both_directions_pass
M012541	M001493	True	True	True	True	both_directions_pass
M012541	M001532	True	True	True	True	both_directions_pass
M012541	M001678	True	True	True	True	both_directions_pass
M012541	M001829	True	True	True	True	both_directions_pass
M012541	M001904	True	True	True	True	both_directions_pass
M012541	M002065	True	True	True	True	both_directions_pass
M012541	M002178	True	True	True	True	both_directions_pass
M012541	M002469	True	True	True	True	both_directions_pass
M012541	M002722	True	True	True	True	both_directions_pass
M012541	M002871	True	True	True	True	both_directions_pass
M012541	M002919	True	True	True	True	both_directions_pass
M012541	M003181	True	True	True	True	both_directions_pass
M012541	M003330	True	True	True	True	both_directions_pass
M012541	M003422	True	True	True	True	both_directions_pass
M012541	M003506	True	True	True	True	both_directions_pass
M012541	M003581	True	True	True	True	both_directions_pass
M012541	M003892	True	True	True	True	both_directions_pass
M012541	M003958	True	True	True	True	both_directions_pass
M012541	M004339	True	True	True	True	both_directions_pass
M012541	M004467	True	True	True	True	both_directions_pass
M012541	M004761	True	True	True	True	both_directions_pass
M012541	M004838	True	True	True	True	both_directions_pass
M012541	M004971	True	True	True	True	both_directions_pass
M012541	M005189	True	True	True	True	both_directions_pass
M012541	M005270	True	True	True	True	both_directions_pass
M012541	M005430	True	True	True	True	both_directions_pass
M012541	M005599	True	True	True	True	both_directions_pass
M012541	M005713	True	True	True	True	both_directions_pass
M012541	M005796	True	True	True	True	both_directions_pass
M012541	M005969	True	True	True	True	both_directions_pass
M012541	M006060	True	True	True	True	both_directions_pass
M012541	M006141	True	True	True	True	both_directions_pass
M012541	M006250	True	True	True	True	both_directions_pass
M012541	M006434	True	True	True	True	both_directions_pass
M012541	M006480	True	True	True	True	both_directions_pass
M012541	M006721	True	True	True	True	both_directions_pass
M012541	M006892	True	True	True	True	both_directions_pass
M012541	M007078	True	True	True	True	both_directions_pass
M012541	M007313	True	True	True	True	both_directions_pass
M012541	M007525	True	True	True	True	both_directions_pass
M012541	M007744	True	True	True	True	both_directions_pass
M012541	M007865	True	True	True	True	both_directions_pass
M012541	M008093	True	True	True	True	both_directions_pass
M012541	M008239	True	True	True	True	both_directions_pass
M012541	M008501	True	True	True	True	both_directions_pass
M012541	M008673	True	True	True	True	both_directions_pass
M012541	M008722	True	True	True	True	both_directions_pass
M012541	M008933	True	True	True	True	both_directions_pass
M012541	M009026	True	True	True	True	both_directions_pass
M012541	M009100	True	True	True	True	both_directions_pass
M012541	M009318	True	True	True	True	both_directions_pass
M012541	M009462	True	True	True	True	both_directions_pass
M012541	M009500	True	True	True	True	both_directions_pass
M012541	M009760	True	True	True	True	both_directions_pass
M012541	M009925	True	True	True	True	both_directions_pass
M012541	M010104	True	True	True	True	both_directions_pass
M012541	M010177	True	True	True	True	both_directions_pass
M012541	M010441	True	True	True	True	both_directions_pass
M012541	M010499	True	True	True	True	both_directions_pass
M012541	M010596	True	True	True	True	both_directions_pass
M012541	M010683	True	True	True	True	both_directions_pass
M012541	M010777	True	True	True	True	both_directions_pass
M012541	M011055	True	True	True	True	both_directions_pass
M012541	M011210	True	True	True	True	both_directions_pass
M012541	M011317	True	True	True	True	both_directions_pass
M012541	M011415	True	True	True	True	both_directions_pass
M012541	M011708	True	True	True	True	both_directions_pass
M012541	M012009	True	True	True	True	both_directions_pass
M012541	M012081	True	True	True	True	both_directions_pass
M012541	M012227	True	True	True	True	both_directions_pass
M012541	M012449	True	True	True	True	both_directions_pass
M012541	M012755	True	True	True	True	both_directions_pass
M012541	M012868	True	True	True	True	both_directions_pass
M012541	M013307	True	True	True	True	both_directions_pass
M012541	M013512	True	True	True	True	both_directions_pass
M012541	M014084	True	True	True	True	both_directions_pass
M012541	M014210	True	True	True	True	both_directions_pass
M012541	M014254	True	True	True	True	both_directions_pass
M012541	M014774	True	True	True	True	both_directions_pass
M012541	M016451	True	True	True	True	both_directions_pass
M012541	M016718	True	True	True	True	both_directions_pass
M012541	M016900	True	True	True	True	both_directions_pass
M012541	M017241	True	True	True	True	both_directions_pass
M012541	M017705	True	True	True	True	both_directions_pass
M012575	M000153	True	True	True	True	both_directions_pass
M012575	M000250	True	True	True	True	both_directions_pass
M012575	M000417	True	True	True	True	both_directions_pass
M012575	M000602	True	True	True	True	both_directions_pass
M012575	M000774	True	True	False	False	neither_direction_passes
M012575	M000933	True	True	False	False	neither_direction_passes
M012575	M001049	True	True	True	True	both_directions_pass
M012575	M001180	True	True	True	True	both_directions_pass
M012575	M001418	True	True	True	True	both_directions_pass
M012575	M001840	True	True	True	True	both_directions_pass
M012575	M001971	True	True	True	True	both_directions_pass
M012575	M002302	True	True	True	True	both_directions_pass
M012575	M002510	True	True	True	True	both_directions_pass
M012575	M002668	True	True	True	True	both_directions_pass
M012575	M002747	True	True	True	True	both_directions_pass
M012575	M002886	True	True	True	True	both_directions_pass
M012575	M002954	True	True	True	True	both_directions_pass
M012575	M003154	True	True	True	True	both_directions_pass
M012575	M003258	True	True	False	False	neither_direction_passes
M012575	M003541	True	True	True	True	both_directions_pass
M012575	M003687	True	True	True	True	both_directions_pass
M012575	M003836	True	True	True	True	both_directions_pass
M012575	M003969	True	True	True	True	both_directions_pass
M012575	M004375	True	True	False	False	neither_direction_passes
M012575	M004565	True	True	True	True	both_directions_pass
M012575	M004721	True	True	False	False	neither_direction_passes
M012575	M004843	True	True	True	True	both_directions_pass
M012575	M004896	True	True	True	True	both_directions_pass
M012575	M005096	True	True	True	True	both_directions_pass
M012575	M005153	True	True	True	True	both_directions_pass
M012575	M005296	True	True	True	True	both_directions_pass
M012575	M005458	True	True	True	True	both_directions_pass
M012575	M005531	True	True	True	True	both_directions_pass
M012575	M005676	True	True	True	True	both_directions_pass
M012575	M005901	True	True	True	True	both_directions_pass
M012575	M006135	True	True	True	True	both_directions_pass
M012575	M006436	True	True	True	True	both_directions_pass
M012575	M006451	True	True	True	True	both_directions_pass
M012575	M006651	True	True	True	True	both_directions_pass
M012575	M006729	True	True	True	True	both_directions_pass
M012575	M006931	True	True	True	True	both_directions_pass
M012575	M007115	True	True	True	True	both_directions_pass
M012575	M007387	True	True	True	True	both_directions_pass
M012575	M007495	True	True	True	True	both_directions_pass
M012575	M007690	True	True	True	True	both_directions_pass
M012575	M007828	True	True	False	False	neither_direction_passes
M012575	M007921	True	True	True	True	both_directions_pass
M012575	M008381	True	True	True	True	both_directions_pass
M012575	M008575	True	True	True	True	both_directions_pass
M012575	M008765	True	True	True	True	both_directions_pass
M012575	M008929	True	True	True	True	both_directions_pass
M012575	M009175	True	True	True	True	both_directions_pass
M012575	M009216	True	True	True	True	both_directions_pass
M012575	M009305	True	True	True	True	both_directions_pass
M012575	M009461	True	True	True	True	both_directions_pass
M012575	M009616	True	True	True	True	both_directions_pass
M012575	M009648	True	True	True	True	both_directions_pass
M012575	M009928	True	True	True	True	both_directions_pass
M012575	M010032	True	True	True	True	both_directions_pass
M012575	M010134	True	True	True	True	both_directions_pass
M012575	M010314	True	True	True	True	both_directions_pass
M012575	M010395	True	True	True	True	both_directions_pass
M012575	M010580	True	True	True	True	both_directions_pass
M012575	M010686	True	True	True	True	both_directions_pass
M012575	M010891	True	True	True	True	both_directions_pass
M012575	M011041	True	True	True	True	both_directions_pass
M012575	M011296	True	True	True	True	both_directions_pass
M012575	M011403	True	True	True	True	both_directions_pass
M012575	M011903	True	True	False	False	neither_direction_passes
M012575	M012150	True	True	True	True	both_directions_pass
M012575	M012296	True	True	True	True	both_directions_pass
M012575	M012437	True	True	True	True	both_directions_pass
M012575	M012843	True	True	True	True	both_directions_pass
M012575	M012917	True	True	True	True	both_directions_pass
M012575	M013083	True	True	True	True	both_directions_pass
M012575	M013255	True	True	True	True	both_directions_pass
M012575	M014540	True	True	True	True	both_directions_pass
M012575	M015312	True	True	True	True	both_directions_pass
M012575	M015913	True	True	True	True	both_directions_pass
M012584	M000172	True	True	True	True	both_directions_pass
M012584	M000215	True	True	True	True	both_directions_pass
M012584	M000580	True	True	True	True	both_directions_pass
M012584	M000707	True	True	True	True	both_directions_pass
M012584	M000892	True	True	True	True	both_directions_pass
M012584	M000948	True	True	True	True	both_directions_pass
M012584	M000956	True	True	True	True	both_directions_pass
M012584	M001055	True	True	True	True	both_directions_pass
M012584	M001173	True	True	True	True	both_directions_pass
M012584	M001344	True	True	True	True	both_directions_pass
M012584	M001427	True	True	False	False	neither_direction_passes
M012584	M001511	True	True	True	True	both_directions_pass
M012584	M001940	True	True	True	True	both_directions_pass
M012584	M001988	True	True	True	True	both_directions_pass
M012584	M002098	True	True	True	True	both_directions_pass
M012584	M002326	True	True	True	True	both_directions_pass
M012584	M002530	True	True	True	True	both_directions_pass
M012584	M002632	True	True	True	True	both_directions_pass
M012584	M002820	True	True	True	True	both_directions_pass
M012584	M003027	True	True	True	True	both_directions_pass
M012584	M003180	True	True	True	True	both_directions_pass
M012584	M003332	True	True	True	True	both_directions_pass
M012584	M003625	True	True	False	False	neither_direction_passes
M012584	M003629	True	True	True	True	both_directions_pass
M012584	M003686	True	True	True	True	both_directions_pass
M012584	M003844	True	True	True	True	both_directions_pass
M012584	M003955	True	True	True	True	both_directions_pass
M012584	M004181	True	True	True	True	both_directions_pass
M012584	M004333	True	True	True	True	both_directions_pass
M012584	M004425	True	True	True	True	both_directions_pass
M012584	M004618	True	True	True	True	both_directions_pass
M012584	M004675	True	True	True	True	both_directions_pass
M012584	M004787	True	True	True	True	both_directions_pass
M012584	M004844	True	True	True	True	both_directions_pass
M012584	M004964	True	True	True	True	both_directions_pass
M012584	M005263	True	True	True	True	both_directions_pass
M012584	M005496	True	True	True	True	both_directions_pass
M012584	M005584	True	True	True	True	both_directions_pass
M012584	M005929	True	True	True	True	both_directions_pass
M012584	M005979	True	True	True	True	both_directions_pass
M012584	M006044	True	True	True	True	both_directions_pass
M012584	M006271	True	True	True	True	both_directions_pass
M012584	M006370	True	True	True	True	both_directions_pass
M012584	M006430	True	True	True	True	both_directions_pass
M012584	M006699	True	True	True	True	both_directions_pass
M012584	M006811	True	True	True	True	both_directions_pass
M012584	M006874	True	True	True	True	both_directions_pass
M012584	M007021	True	True	True	True	both_directions_pass
M012584	M007085	True	True	True	True	both_directions_pass
M012584	M007188	True	True	True	True	both_directions_pass
M012584	M007324	True	True	True	True	both_directions_pass
M012584	M007718	True	True	True	True	both_directions_pass
M012584	M007916	True	True	True	True	both_directions_pass
M012584	M008005	True	True	True	True	both_directions_pass
M012584	M008012	True	True	True	True	both_directions_pass
M012584	M008246	True	True	True	True	both_directions_pass
M012584	M008344	True	True	True	True	both_directions_pass
M012584	M008556	True	True	True	True	both_directions_pass
M012584	M008619	True	True	True	True	both_directions_pass
M012584	M008724	True	True	True	True	both_directions_pass
M012584	M008849	True	True	True	True	both_directions_pass
M012584	M009252	True	True	True	True	both_directions_pass
M012584	M009606	True	True	True	True	both_directions_pass
M012584	M009867	True	True	True	True	both_directions_pass
M012584	M009889	True	True	True	True	both_directions_pass
M012584	M010211	True	True	True	True	both_directions_pass
M012584	M010364	True	True	True	True	both_directions_pass
M012584	M010583	True	True	True	True	both_directions_pass
M012584	M010842	True	True	True	True	both_directions_pass
M012584	M010881	True	True	True	True	both_directions_pass
M012584	M011006	True	True	True	True	both_directions_pass
M012584	M011187	True	True	True	True	both_directions_pass
M012584	M011235	True	True	True	True	both_directions_pass
M012584	M011301	True	True	True	True	both_directions_pass
M012584	M011342	True	True	True	True	both_directions_pass
M012584	M011351	True	True	True	True	both_directions_pass
M012584	M011611	True	True	True	True	both_directions_pass
M012584	M011675	True	True	True	True	both_directions_pass
M012584	M011808	True	True	True	True	both_directions_pass
M012584	M011830	True	True	True	True	both_directions_pass
M012584	M011920	True	True	True	True	both_directions_pass
M012584	M012047	True	True	True	True	both_directions_pass
M012584	M012115	True	True	True	True	both_directions_pass
M012584	M012285	True	True	True	True	both_directions_pass
M012584	M012427	True	True	True	True	both_directions_pass
M012584	M012617	True	True	True	True	both_directions_pass
M012584	M012813	True	True	True	True	both_directions_pass
M012584	M012941	True	True	True	True	both_directions_pass
M012584	M013084	True	True	True	True	both_directions_pass
M012595	M000039	True	True	True	True	both_directions_pass
M012595	M000109	True	True	True	True	both_directions_pass
M012595	M000254	True	True	True	True	both_directions_pass
M012595	M000597	True	True	True	True	both_directions_pass
M012595	M000899	True	True	True	True	both_directions_pass
M012595	M001062	True	True	True	True	both_directions_pass
M012595	M001376	True	True	True	True	both_directions_pass
M012595	M001549	True	True	True	True	both_directions_pass
M012595	M001798	True	True	True	True	both_directions_pass
M012595	M001983	True	True	True	True	both_directions_pass
M012595	M002179	True	True	True	True	both_directions_pass
M012595	M002525	True	True	True	True	both_directions_pass
M012595	M002714	True	True	True	True	both_directions_pass
M012595	M002739	True	True	True	True	both_directions_pass
M012595	M002864	True	True	True	True	both_directions_pass
M012595	M002985	True	True	True	True	both_directions_pass
M012595	M003150	True	True	True	True	both_directions_pass
M012595	M003303	True	True	True	True	both_directions_pass
M012595	M003508	True	True	True	True	both_directions_pass
M012595	M003532	True	True	True	True	both_directions_pass
M012595	M003659	True	True	True	True	both_directions_pass
M012595	M003882	True	True	True	True	both_directions_pass
M012595	M003984	True	True	True	True	both_directions_pass
M012595	M004314	True	True	True	True	both_directions_pass
M012595	M004404	True	True	True	True	both_directions_pass
M012595	M004417	True	True	True	True	both_directions_pass
M012595	M004628	True	True	True	True	both_directions_pass
M012595	M004676	True	True	True	True	both_directions_pass
M012595	M004770	True	True	True	True	both_directions_pass
M012595	M004985	True	True	True	True	both_directions_pass
M012595	M005037	True	True	True	True	both_directions_pass
M012595	M005211	True	True	True	True	both_directions_pass
M012595	M005355	True	True	True	True	both_directions_pass
M012595	M005465	True	True	True	True	both_directions_pass
M012595	M005620	True	True	True	True	both_directions_pass
M012595	M005649	True	True	True	True	both_directions_pass
M012595	M005782	True	True	True	True	both_directions_pass
M012595	M006235	True	True	True	True	both_directions_pass
M012595	M006304	True	True	True	True	both_directions_pass
M012595	M006384	True	True	True	True	both_directions_pass
M012595	M006413	True	True	True	True	both_directions_pass
M012595	M006626	True	True	True	True	both_directions_pass
M012595	M006808	True	True	True	True	both_directions_pass
M012595	M006883	True	True	True	True	both_directions_pass
M012595	M007123	True	True	True	True	both_directions_pass
M012595	M007136	True	True	True	True	both_directions_pass
M012595	M007353	True	True	True	True	both_directions_pass
M012595	M007405	True	True	True	True	both_directions_pass
M012595	M007623	True	True	True	True	both_directions_pass
M012595	M007760	True	True	True	True	both_directions_pass
M012595	M007962	True	True	True	True	both_directions_pass
M012595	M008015	True	True	True	True	both_directions_pass
M012595	M008176	True	True	True	True	both_directions_pass
M012595	M008244	True	True	True	True	both_directions_pass
M012595	M008573	True	True	True	True	both_directions_pass
M012595	M008731	True	True	True	True	both_directions_pass
M012595	M008798	True	True	True	True	both_directions_pass
M012595	M008934	True	True	True	True	both_directions_pass
M012595	M008957	True	True	True	True	both_directions_pass
M012595	M009148	True	True	True	True	both_directions_pass
M012595	M009238	True	True	True	True	both_directions_pass
M012595	M009319	True	True	True	True	both_directions_pass
M012595	M009502	True	True	True	True	both_directions_pass
M012595	M009580	True	True	True	True	both_directions_pass
M012595	M009952	True	True	True	True	both_directions_pass
M012595	M010093	True	True	True	True	both_directions_pass
M012595	M010185	True	True	True	True	both_directions_pass
M012595	M010267	True	True	True	True	both_directions_pass
M012595	M010330	True	True	True	True	both_directions_pass
M012595	M010405	True	True	True	True	both_directions_pass
M012595	M010719	True	True	True	True	both_directions_pass
M012595	M010872	True	True	True	True	both_directions_pass
M012595	M010960	True	True	True	True	both_directions_pass
M012595	M011154	True	True	True	True	both_directions_pass
M012595	M011435	True	True	True	True	both_directions_pass
M012595	M011653	True	True	True	True	both_directions_pass
M012595	M011809	True	True	True	True	both_directions_pass
M012595	M012210	True	True	True	True	both_directions_pass
M012595	M012307	True	True	True	True	both_directions_pass
M012595	M012418	True	True	True	True	both_directions_pass
M012595	M012816	True	True	True	True	both_directions_pass
M012595	M012915	True	True	True	True	both_directions_pass
M012595	M013110	True	True	True	True	both_directions_pass
M012602	M000122	True	True	True	True	both_directions_pass
M012602	M000226	True	True	True	True	both_directions_pass
M012602	M000368	True	True	True	True	both_directions_pass
M012602	M000377	True	True	True	True	both_directions_pass
M012602	M000491	True	True	True	True	both_directions_pass
M012602	M000648	True	True	True	True	both_directions_pass
M012602	M000824	True	True	True	True	both_directions_pass
M012602	M000889	True	True	True	True	both_directions_pass
M012602	M001064	True	True	True	True	both_directions_pass
M012602	M001214	True	True	True	True	both_directions_pass
M012602	M001434	True	True	True	True	both_directions_pass
M012602	M001614	True	True	True	True	both_directions_pass
M012602	M001668	True	True	True	True	both_directions_pass
M012602	M001833	True	True	True	True	both_directions_pass
M012602	M001910	True	True	True	True	both_directions_pass
M012602	M001997	True	True	True	True	both_directions_pass
M012602	M002131	True	True	True	True	both_directions_pass
M012602	M002487	True	True	True	True	both_directions_pass
M012602	M002646	True	True	True	True	both_directions_pass
M012602	M002860	True	True	False	False	neither_direction_passes
M012602	M002867	True	True	True	True	both_directions_pass
M012602	M002895	True	True	True	True	both_directions_pass
M012602	M003043	True	True	True	True	both_directions_pass
M012602	M003133	True	True	True	True	both_directions_pass
M012602	M003249	True	True	True	True	both_directions_pass
M012602	M003369	True	True	True	True	both_directions_pass
M012602	M003440	True	True	True	True	both_directions_pass
M012602	M003544	True	True	True	True	both_directions_pass
M012602	M003751	True	True	True	True	both_directions_pass
M012602	M003871	True	True	True	True	both_directions_pass
M012602	M004006	True	True	True	True	both_directions_pass
M012602	M004210	True	True	True	True	both_directions_pass
M012602	M004320	True	True	True	True	both_directions_pass
M012602	M004428	True	True	True	True	both_directions_pass
M012602	M004530	True	True	True	True	both_directions_pass
M012602	M004669	True	True	True	True	both_directions_pass
M012602	M004884	True	True	True	True	both_directions_pass
M012602	M004926	True	True	True	True	both_directions_pass
M012602	M005129	True	True	True	True	both_directions_pass
M012602	M005283	True	True	True	True	both_directions_pass
M012602	M005387	True	True	True	True	both_directions_pass
M012602	M005572	True	True	True	True	both_directions_pass
M012602	M005680	True	True	True	True	both_directions_pass
M012602	M005759	True	True	True	True	both_directions_pass
M012602	M005944	True	True	True	True	both_directions_pass
M012602	M006053	True	True	True	True	both_directions_pass
M012602	M006157	True	True	True	True	both_directions_pass
M012602	M006261	True	True	True	True	both_directions_pass
M012602	M006458	True	True	True	True	both_directions_pass
M012602	M006474	True	True	True	True	both_directions_pass
M012602	M006654	True	True	True	True	both_directions_pass
M012602	M006762	True	True	True	True	both_directions_pass
M012602	M006954	True	True	True	True	both_directions_pass
M012602	M007073	True	True	True	True	both_directions_pass
M012602	M007250	True	True	True	True	both_directions_pass
M012602	M007343	True	True	True	True	both_directions_pass
M012602	M007391	True	True	True	True	both_directions_pass
M012602	M007593	True	True	True	True	both_directions_pass
M012602	M007683	True	True	True	True	both_directions_pass
M012602	M007877	True	True	True	True	both_directions_pass
M012602	M008039	True	True	True	True	both_directions_pass
M012602	M008166	True	True	True	True	both_directions_pass
M012602	M008319	True	True	True	True	both_directions_pass
M012602	M008457	True	True	True	True	both_directions_pass
M012602	M008602	True	True	True	True	both_directions_pass
M012602	M008766	True	True	True	True	both_directions_pass
M012602	M008805	True	True	True	True	both_directions_pass
M012602	M008913	True	True	True	True	both_directions_pass
M012602	M008986	True	True	True	True	both_directions_pass
M012602	M009132	True	True	True	True	both_directions_pass
M012602	M009296	True	True	True	True	both_directions_pass
M012602	M009479	True	True	True	True	both_directions_pass
M012602	M009557	True	True	True	True	both_directions_pass
M012602	M009663	True	True	True	True	both_directions_pass
M012602	M009780	True	True	True	True	both_directions_pass
M012602	M009909	True	True	True	True	both_directions_pass
M012602	M010072	True	True	True	True	both_directions_pass
M012602	M010124	True	True	True	True	both_directions_pass
M012602	M010398	True	True	True	True	both_directions_pass
M012602	M010609	True	True	True	True	both_directions_pass
M012602	M010642	True	True	True	True	both_directions_pass
M012602	M010731	True	True	True	True	both_directions_pass
M012602	M010850	True	True	True	True	both_directions_pass
M012602	M011078	True	True	True	True	both_directions_pass
M012602	M011138	True	True	True	True	both_directions_pass
M012602	M011215	True	True	True	True	both_directions_pass
M012602	M011384	True	True	True	True	both_directions_pass
M012602	M011568	True	True	True	True	both_directions_pass
M012602	M011627	True	True	True	True	both_directions_pass
M012602	M011701	True	True	True	True	both_directions_pass
M012602	M011825	True	True	True	True	both_directions_pass
M012602	M011947	True	True	True	True	both_directions_pass
M012602	M012105	True	True	True	True	both_directions_pass
M012602	M012241	True	True	True	True	both_directions_pass
M012602	M012412	True	True	True	True	both_directions_pass
M012602	M012670	True	True	True	True	both_directions_pass
M012602	M012710	True	True	True	True	both_directions_pass
M012602	M012907	True	True	True	True	both_directions_pass
M012602	M012980	True	True	True	True	both_directions_pass
M012602	M013058	True	True	True	True	both_directions_pass
M012602	M013448	True	True	True	True	both_directions_pass
M012602	M013924	True	True	True	True	both_directions_pass
M012602	M014616	True	True	True	True	both_directions_pass
M012602	M015772	True	True	True	True	both_directions_pass
M012602	M017515	True	True	True	True	both_directions_pass
M012602	M017720	True	True	True	True	both_directions_pass
M012602	M017916	True	True	True	True	both_directions_pass
M012602	M017965	True	True	True	True	both_directions_pass
M012621	M001380	True	True	True	True	both_directions_pass
M012621	M002466	True	True	True	True	both_directions_pass
M012621	M007633	True	True	True	True	both_directions_pass
M012621	M007705	True	True	True	True	both_directions_pass
M012621	M009446	True	True	True	True	both_directions_pass
M012621	M011930	True	True	True	True	both_directions_pass
M012621	M013211	True	True	True	True	both_directions_pass
M012621	M013496	True	True	True	True	both_directions_pass
M012621	M014501	True	True	True	True	both_directions_pass
M012621	M015413	True	True	True	True	both_directions_pass
M012621	M015541	True	True	True	True	both_directions_pass
M012621	M016064	True	True	True	True	both_directions_pass
M012621	M016272	True	True	True	True	both_directions_pass
M012621	M016473	True	True	True	True	both_directions_pass
M012621	M016608	True	True	True	True	both_directions_pass
M012621	M016787	True	True	True	True	both_directions_pass
M012621	M017021	True	True	True	True	both_directions_pass
M012621	M017047	True	True	True	True	both_directions_pass
M012621	M017510	True	True	True	True	both_directions_pass
M012621	M017646	True	True	True	True	both_directions_pass
M012621	M017794	True	True	True	True	both_directions_pass
M012623	M003460	True	True	True	True	both_directions_pass
M012624	M000489	True	True	True	True	both_directions_pass
M012624	M000530	True	True	False	False	neither_direction_passes
M012624	M000782	True	True	True	True	both_directions_pass
M012624	M000942	True	True	True	True	both_directions_pass
M012624	M001302	True	True	True	True	both_directions_pass
M012624	M001587	True	True	True	True	both_directions_pass
M012624	M001639	True	True	True	True	both_directions_pass
M012624	M001705	True	True	True	True	both_directions_pass
M012624	M001930	True	True	True	True	both_directions_pass
M012624	M002330	True	True	True	True	both_directions_pass
M012624	M002544	True	True	True	True	both_directions_pass
M012624	M004017	True	True	True	True	both_directions_pass
M012624	M004199	True	True	True	True	both_directions_pass
M012624	M006006	True	True	True	True	both_directions_pass
M012624	M006857	True	True	True	True	both_directions_pass
M012624	M007090	True	True	True	True	both_directions_pass
M012624	M007139	True	True	True	True	both_directions_pass
M012624	M007500	True	True	True	True	both_directions_pass
M012624	M008657	True	True	True	True	both_directions_pass
M012624	M009711	True	True	True	True	both_directions_pass
M012624	M009876	True	True	True	True	both_directions_pass
M012624	M010589	True	True	True	True	both_directions_pass
M012624	M010715	True	True	True	True	both_directions_pass
M012624	M011070	True	True	True	True	both_directions_pass
M012624	M011593	True	True	False	False	neither_direction_passes
M012624	M011844	True	True	True	True	both_directions_pass
M012624	M012030	True	True	True	True	both_directions_pass
M012624	M012791	True	True	True	True	both_directions_pass
M012625	M001518	True	True	True	True	both_directions_pass
M012625	M001863	True	True	True	True	both_directions_pass
M012625	M004249	True	True	True	True	both_directions_pass
M012625	M006046	True	True	True	True	both_directions_pass
M012683	M008167	True	True	True	True	both_directions_pass
M012698	M001742	True	True	True	True	both_directions_pass
M012698	M001815	True	True	True	True	both_directions_pass
M012698	M008118	True	True	True	True	both_directions_pass
M012723	M002306	True	True	True	True	both_directions_pass
M012723	M002378	True	True	True	True	both_directions_pass
M012723	M011089	True	True	True	True	both_directions_pass
M012723	M011775	True	True	True	True	both_directions_pass
M012773	M001723	True	True	True	True	both_directions_pass
M012773	M008963	True	True	True	True	both_directions_pass
M012787	M002730	True	True	True	True	both_directions_pass
M012796	M003965	True	True	True	True	both_directions_pass
M012796	M004366	True	True	True	True	both_directions_pass
M012796	M004697	True	True	True	True	both_directions_pass
M012796	M005340	True	True	True	True	both_directions_pass
M012796	M005443	True	True	True	True	both_directions_pass
M012796	M006388	True	True	True	True	both_directions_pass
M012796	M006789	True	True	True	True	both_directions_pass
M012796	M006914	True	True	True	True	both_directions_pass
M012796	M007056	True	True	True	True	both_directions_pass
M012796	M007584	True	True	True	True	both_directions_pass
M012796	M008926	True	True	True	True	both_directions_pass
M012796	M009423	True	True	True	True	both_directions_pass
M012796	M010972	True	True	True	True	both_directions_pass
M012796	M012582	True	True	True	True	both_directions_pass
M012800	M002173	True	True	True	True	both_directions_pass
M012800	M004342	True	True	True	True	both_directions_pass
M012800	M004515	True	True	True	True	both_directions_pass
M012800	M004748	True	True	True	True	both_directions_pass
M012800	M004853	True	True	True	True	both_directions_pass
M012800	M005672	True	True	True	True	both_directions_pass
M012800	M005812	True	True	True	True	both_directions_pass
M012800	M005958	True	True	True	True	both_directions_pass
M012800	M006258	True	True	True	True	both_directions_pass
M012800	M006754	True	True	True	True	both_directions_pass
M012800	M007098	True	True	True	True	both_directions_pass
M012800	M007429	True	True	True	True	both_directions_pass
M012800	M010725	True	True	True	True	both_directions_pass
M012800	M012313	True	True	True	True	both_directions_pass
M012800	M014162	True	True	True	True	both_directions_pass
M012800	M015265	True	True	True	True	both_directions_pass
M012800	M015638	True	True	True	True	both_directions_pass
M012800	M017522	True	True	True	True	both_directions_pass
M012814	M009968	True	True	True	True	both_directions_pass
M012814	M011888	True	True	True	True	both_directions_pass
M012817	M000090	True	True	True	True	both_directions_pass
M012817	M000277	True	True	True	True	both_directions_pass
M012817	M000327	True	True	True	True	both_directions_pass
M012817	M000383	True	True	True	True	both_directions_pass
M012817	M000591	True	True	True	True	both_directions_pass
M012817	M000816	True	True	True	True	both_directions_pass
M012817	M000835	True	True	True	True	both_directions_pass
M012817	M001056	True	True	True	True	both_directions_pass
M012817	M001336	True	True	True	True	both_directions_pass
M012817	M001553	True	True	True	True	both_directions_pass
M012817	M001702	True	True	True	True	both_directions_pass
M012817	M001801	True	True	True	True	both_directions_pass
M012817	M002099	True	True	True	True	both_directions_pass
M012817	M002425	True	True	True	True	both_directions_pass
M012817	M002699	True	True	True	True	both_directions_pass
M012817	M002776	True	True	True	True	both_directions_pass
M012817	M002892	True	True	True	True	both_directions_pass
M012817	M003002	True	True	True	True	both_directions_pass
M012817	M003093	True	True	True	True	both_directions_pass
M012817	M003162	True	True	True	True	both_directions_pass
M012817	M003278	True	True	True	True	both_directions_pass
M012817	M003389	True	True	True	True	both_directions_pass
M012817	M003616	True	True	True	True	both_directions_pass
M012817	M003645	True	True	True	True	both_directions_pass
M012817	M003704	True	True	True	True	both_directions_pass
M012817	M003759	True	True	True	True	both_directions_pass
M012817	M003788	True	True	True	True	both_directions_pass
M012817	M003898	True	True	True	True	both_directions_pass
M012817	M003940	True	True	True	True	both_directions_pass
M012817	M004055	True	True	True	True	both_directions_pass
M012817	M004072	True	True	True	True	both_directions_pass
M012817	M004099	True	True	True	True	both_directions_pass
M012817	M004230	True	True	True	True	both_directions_pass
M012817	M004491	True	True	True	True	both_directions_pass
M012817	M004704	True	True	True	True	both_directions_pass
M012817	M004876	True	True	True	True	both_directions_pass
M012817	M004944	True	True	True	True	both_directions_pass
M012817	M005192	True	True	True	True	both_directions_pass
M012817	M005342	True	True	True	True	both_directions_pass
M012817	M005482	True	True	True	True	both_directions_pass
M012817	M005521	True	True	True	True	both_directions_pass
M012817	M005683	True	True	True	True	both_directions_pass
M012817	M005817	True	True	True	True	both_directions_pass
M012817	M005947	True	True	True	True	both_directions_pass
M012817	M006034	True	True	True	True	both_directions_pass
M012817	M006297	True	True	True	True	both_directions_pass
M012817	M006335	True	True	True	True	both_directions_pass
M012817	M006565	True	True	True	True	both_directions_pass
M012817	M006687	True	True	True	True	both_directions_pass
M012817	M006744	True	True	True	True	both_directions_pass
M012817	M006910	True	True	True	True	both_directions_pass
M012817	M007046	True	True	True	True	both_directions_pass
M012817	M007166	True	True	True	True	both_directions_pass
M012817	M007297	True	True	True	True	both_directions_pass
M012817	M007418	True	True	True	True	both_directions_pass
M012817	M007570	True	True	True	True	both_directions_pass
M012817	M007733	True	True	True	True	both_directions_pass
M012817	M008017	True	True	True	True	both_directions_pass
M012817	M008164	True	True	True	True	both_directions_pass
M012817	M008312	True	True	True	True	both_directions_pass
M012817	M008500	True	True	True	True	both_directions_pass
M012817	M008639	True	True	True	True	both_directions_pass
M012817	M008752	True	True	True	True	both_directions_pass
M012817	M008827	True	True	True	True	both_directions_pass
M012817	M008987	True	True	True	True	both_directions_pass
M012817	M009169	True	True	True	True	both_directions_pass
M012817	M009342	True	True	True	True	both_directions_pass
M012817	M009487	True	True	True	True	both_directions_pass
M012817	M009567	True	True	True	True	both_directions_pass
M012817	M009818	True	True	True	True	both_directions_pass
M012817	M010060	True	True	True	True	both_directions_pass
M012817	M010215	True	True	True	True	both_directions_pass
M012817	M010445	True	True	True	True	both_directions_pass
M012817	M010484	True	True	True	True	both_directions_pass
M012817	M010648	True	True	True	True	both_directions_pass
M012817	M010926	True	True	True	True	both_directions_pass
M012817	M011030	True	True	True	True	both_directions_pass
M012817	M011121	True	True	True	True	both_directions_pass
M012817	M011193	True	True	True	True	both_directions_pass
M012817	M011268	True	True	True	True	both_directions_pass
M012817	M011446	True	True	True	True	both_directions_pass
M012817	M011527	True	True	True	True	both_directions_pass
M012817	M011691	True	True	True	True	both_directions_pass
M012817	M011812	True	True	True	True	both_directions_pass
M012817	M011948	True	True	True	True	both_directions_pass
M012817	M012112	True	True	True	True	both_directions_pass
M012817	M012234	True	True	True	True	both_directions_pass
M012817	M012379	True	True	True	True	both_directions_pass
M012817	M012565	True	True	True	True	both_directions_pass
M012817	M012772	True	True	True	True	both_directions_pass
M012817	M012945	True	True	True	True	both_directions_pass
M012817	M013094	True	True	True	True	both_directions_pass
M012817	M013673	True	True	True	True	both_directions_pass
M012817	M014567	True	True	True	True	both_directions_pass
M012817	M014909	True	True	True	True	both_directions_pass
M012817	M014959	True	True	True	True	both_directions_pass
M012817	M016024	True	True	True	True	both_directions_pass
M012817	M016635	True	True	True	True	both_directions_pass
M012817	M017667	True	True	True	True	both_directions_pass
M012817	M017700	True	True	True	True	both_directions_pass
M012853	M005725	True	True	True	True	both_directions_pass
M012853	M005939	True	True	True	True	both_directions_pass
M012853	M012083	True	True	True	True	both_directions_pass
M012909	M009707	True	True	True	True	both_directions_pass
M012924	M000219	True	True	True	True	both_directions_pass
M012924	M002250	True	True	True	True	both_directions_pass
M012924	M008220	True	True	True	True	both_directions_pass
M012924	M009408	True	True	True	True	both_directions_pass
M012924	M012660	True	True	True	True	both_directions_pass
M012924	M013432	True	True	True	True	both_directions_pass
M012930	M002518	True	True	True	True	both_directions_pass
M012975	M016627	True	True	True	True	both_directions_pass
M013017	M002440	True	True	True	True	both_directions_pass
M013044	M012820	True	True	True	True	both_directions_pass
M013088	M002152	True	True	True	True	both_directions_pass
M013088	M004608	True	True	True	True	both_directions_pass
M013089	M015132	True	True	True	True	both_directions_pass
M013167	M002810	True	True	True	True	both_directions_pass
M013167	M004036	True	True	True	True	both_directions_pass
M013167	M004079	True	True	True	True	both_directions_pass
M013167	M010111	True	True	True	True	both_directions_pass
M013167	M015937	True	True	True	True	both_directions_pass
M013167	M017471	True	True	True	True	both_directions_pass
M013167	M017554	True	True	True	True	both_directions_pass
M013167	M018211	True	True	True	True	both_directions_pass
M013191	M003494	True	True	True	True	both_directions_pass
M013192	M000178	True	True	True	True	both_directions_pass
M013192	M000265	True	True	True	True	both_directions_pass
M013192	M000840	True	True	True	True	both_directions_pass
M013192	M001019	True	True	True	True	both_directions_pass
M013192	M001193	True	True	True	True	both_directions_pass
M013192	M001537	True	True	True	True	both_directions_pass
M013192	M001890	True	True	True	True	both_directions_pass
M013192	M002715	True	True	True	True	both_directions_pass
M013192	M002807	True	True	True	True	both_directions_pass
M013192	M003587	True	True	True	True	both_directions_pass
M013192	M004141	True	True	True	True	both_directions_pass
M013192	M004400	True	True	True	True	both_directions_pass
M013192	M004762	True	True	True	True	both_directions_pass
M013192	M005028	True	True	True	True	both_directions_pass
M013192	M005152	True	True	True	True	both_directions_pass
M013192	M005268	True	True	True	True	both_directions_pass
M013192	M005404	True	True	True	True	both_directions_pass
M013192	M006518	True	True	True	True	both_directions_pass
M013192	M006735	True	True	True	True	both_directions_pass
M013192	M006737	True	True	True	True	both_directions_pass
M013192	M007094	True	True	True	True	both_directions_pass
M013192	M007375	True	True	True	True	both_directions_pass
M013192	M007396	True	True	True	True	both_directions_pass
M013192	M007829	True	True	True	True	both_directions_pass
M013192	M007840	True	True	True	True	both_directions_pass
M013192	M007960	True	True	True	True	both_directions_pass
M013192	M008606	True	True	True	True	both_directions_pass
M013192	M008617	True	True	True	True	both_directions_pass
M013192	M008799	True	True	True	True	both_directions_pass
M013192	M008817	True	True	True	True	both_directions_pass
M013192	M008895	True	True	True	True	both_directions_pass
M013192	M009244	True	True	True	True	both_directions_pass
M013192	M009245	True	True	True	True	both_directions_pass
M013192	M009778	True	True	True	True	both_directions_pass
M013192	M009978	True	True	True	True	both_directions_pass
M013192	M010077	True	True	True	True	both_directions_pass
M013192	M010128	True	True	True	True	both_directions_pass
M013192	M010756	True	True	True	True	both_directions_pass
M013192	M011518	True	True	True	True	both_directions_pass
M013192	M011598	True	True	True	True	both_directions_pass
M013192	M011998	True	True	True	True	both_directions_pass
M013192	M012311	True	True	True	True	both_directions_pass
M013192	M012526	True	True	True	True	both_directions_pass
M013192	M012673	True	True	True	True	both_directions_pass
M013192	M013252	True	True	True	True	both_directions_pass
M013192	M013338	True	True	True	True	both_directions_pass
M013192	M013438	True	True	True	True	both_directions_pass
M013192	M013488	True	True	True	True	both_directions_pass
M013192	M013516	True	True	True	True	both_directions_pass
M013192	M013785	True	True	True	True	both_directions_pass
M013192	M013798	True	True	True	True	both_directions_pass
M013192	M013903	True	True	True	True	both_directions_pass
M013192	M013963	True	True	True	True	both_directions_pass
M013192	M014076	True	True	True	True	both_directions_pass
M013192	M014120	True	True	True	True	both_directions_pass
M013192	M014240	True	True	True	True	both_directions_pass
M013192	M014243	True	True	True	True	both_directions_pass
M013192	M014380	True	True	True	True	both_directions_pass
M013192	M014406	True	True	True	True	both_directions_pass
M013192	M014417	True	True	True	True	both_directions_pass
M013192	M014422	True	True	True	True	both_directions_pass
M013192	M014466	True	True	True	True	both_directions_pass
M013192	M014480	True	True	True	True	both_directions_pass
M013192	M014539	True	True	True	True	both_directions_pass
M013192	M014698	True	True	True	True	both_directions_pass
M013192	M014707	True	True	True	True	both_directions_pass
M013192	M014795	True	True	True	True	both_directions_pass
M013192	M014798	True	True	True	True	both_directions_pass
M013192	M014830	True	True	True	True	both_directions_pass
M013192	M014900	True	True	True	True	both_directions_pass
M013192	M014911	True	True	True	True	both_directions_pass
M013192	M014992	True	True	True	True	both_directions_pass
M013192	M015145	True	True	True	True	both_directions_pass
M013192	M015161	True	True	True	True	both_directions_pass
M013192	M015187	True	True	True	True	both_directions_pass
M013192	M015189	True	True	True	True	both_directions_pass
M013192	M015287	True	True	True	True	both_directions_pass
M013192	M015427	True	True	True	True	both_directions_pass
M013192	M015534	True	True	True	True	both_directions_pass
M013192	M015642	True	True	True	True	both_directions_pass
M013192	M015667	True	True	True	True	both_directions_pass
M013192	M015725	True	True	True	True	both_directions_pass
M013192	M015737	True	True	True	True	both_directions_pass
M013192	M015795	True	True	True	True	both_directions_pass
M013192	M015855	True	True	True	True	both_directions_pass
M013192	M015919	True	True	True	True	both_directions_pass
M013192	M016037	True	True	True	True	both_directions_pass
M013192	M016079	True	True	True	True	both_directions_pass
M013192	M016095	True	True	True	True	both_directions_pass
M013192	M016111	True	True	True	True	both_directions_pass
M013192	M016241	True	True	True	True	both_directions_pass
M013192	M016271	True	True	True	True	both_directions_pass
M013192	M016358	True	True	True	True	both_directions_pass
M013192	M016383	True	True	True	True	both_directions_pass
M013192	M016429	True	True	True	True	both_directions_pass
M013192	M016432	True	True	True	True	both_directions_pass
M013192	M016519	True	True	True	True	both_directions_pass
M013192	M016610	True	True	True	True	both_directions_pass
M013192	M016630	True	True	True	True	both_directions_pass
M013192	M016746	True	True	True	True	both_directions_pass
M013192	M016784	True	True	True	True	both_directions_pass
M013192	M016843	True	True	True	True	both_directions_pass
M013192	M016861	True	True	True	True	both_directions_pass
M013192	M016864	True	True	True	True	both_directions_pass
M013192	M016882	True	True	True	True	both_directions_pass
M013192	M017041	True	True	True	True	both_directions_pass
M013192	M017110	True	True	True	True	both_directions_pass
M013192	M017222	True	True	True	True	both_directions_pass
M013192	M017278	True	True	True	True	both_directions_pass
M013192	M017280	True	True	True	True	both_directions_pass
M013192	M017313	True	True	True	True	both_directions_pass
M013192	M017319	True	True	True	True	both_directions_pass
M013192	M017349	True	True	True	True	both_directions_pass
M013192	M017459	True	True	True	True	both_directions_pass
M013192	M017501	True	True	True	True	both_directions_pass
M013192	M017533	True	True	True	True	both_directions_pass
M013192	M017544	True	True	True	True	both_directions_pass
M013192	M017623	True	True	True	True	both_directions_pass
M013192	M017671	True	True	True	True	both_directions_pass
M013192	M017690	True	True	True	True	both_directions_pass
M013192	M017721	True	True	True	True	both_directions_pass
M013192	M017730	True	True	True	True	both_directions_pass
M013192	M017784	True	True	True	True	both_directions_pass
M013192	M017796	True	True	True	True	both_directions_pass
M013192	M017845	True	True	True	True	both_directions_pass
M013192	M017864	True	True	True	True	both_directions_pass
M013192	M017934	True	True	True	True	both_directions_pass
M013192	M018151	True	True	True	True	both_directions_pass
M013192	M018187	True	True	True	True	both_directions_pass
M013206	M013680	True	True	True	True	both_directions_pass
M013206	M015172	True	True	True	True	both_directions_pass
M013209	M013343	True	True	True	True	both_directions_pass
M013209	M014098	True	True	True	True	both_directions_pass
M013209	M015580	True	True	True	True	both_directions_pass
M013209	M018111	True	True	True	True	both_directions_pass
M013217	M014681	True	True	True	True	both_directions_pass
M013217	M015917	True	True	True	True	both_directions_pass
M013217	M016196	True	True	True	True	both_directions_pass
M013221	M017036	True	True	True	True	both_directions_pass
M013221	M017524	True	True	False	False	neither_direction_passes
M013221	M017789	True	True	True	True	both_directions_pass
M013224	M000983	True	True	True	True	both_directions_pass
M013224	M001675	True	True	True	True	both_directions_pass
M013224	M003260	True	True	True	True	both_directions_pass
M013224	M008504	True	True	True	True	both_directions_pass
M013224	M009322	True	True	True	True	both_directions_pass
M013224	M013394	True	True	True	True	both_directions_pass
M013224	M016201	True	True	True	True	both_directions_pass
M013227	M016006	True	True	True	True	both_directions_pass
M013228	M014372	True	True	True	True	both_directions_pass
M013228	M014984	True	True	True	True	both_directions_pass
M013228	M015379	True	True	True	True	both_directions_pass
M013228	M015483	True	True	True	True	both_directions_pass
M013228	M015711	True	True	True	True	both_directions_pass
M013228	M015738	True	True	True	True	both_directions_pass
M013228	M015741	True	True	True	True	both_directions_pass
M013228	M016395	True	True	True	True	both_directions_pass
M013228	M017527	True	True	False	False	neither_direction_passes
M013234	M015385	True	True	True	True	both_directions_pass
M013236	M014156	True	True	True	True	both_directions_pass
M013258	M015600	True	True	True	True	both_directions_pass
M013259	M013857	True	True	True	True	both_directions_pass
M013259	M015068	True	True	True	True	both_directions_pass
M013259	M016400	True	True	True	True	both_directions_pass
M013265	M016268	True	True	True	True	both_directions_pass
M013272	M000269	True	True	False	False	neither_direction_passes
M013272	M000711	True	True	True	True	both_directions_pass
M013272	M001303	True	True	False	False	neither_direction_passes
M013272	M002344	True	True	False	False	neither_direction_passes
M013272	M003775	True	True	False	False	neither_direction_passes
M013272	M004203	True	True	True	True	both_directions_pass
M013272	M004487	True	True	True	True	both_directions_pass
M013272	M010358	True	True	True	True	both_directions_pass
M013272	M011451	True	True	True	True	both_directions_pass
M013272	M012568	True	True	True	True	both_directions_pass
M013272	M012700	True	True	False	False	neither_direction_passes
M013272	M013813	True	True	True	True	both_directions_pass
M013272	M013950	True	True	False	False	neither_direction_passes
M013272	M014148	True	True	True	True	both_directions_pass
M013272	M014322	True	True	False	False	neither_direction_passes
M013272	M014611	True	True	False	False	neither_direction_passes
M013272	M015018	True	True	True	True	both_directions_pass
M013272	M015281	True	True	True	True	both_directions_pass
M013272	M015622	True	True	True	True	both_directions_pass
M013272	M015797	True	True	False	False	neither_direction_passes
M013272	M015810	True	True	True	True	both_directions_pass
M013272	M015890	True	True	True	True	both_directions_pass
M013272	M015895	True	True	False	False	neither_direction_passes
M013272	M016168	True	True	False	False	neither_direction_passes
M013272	M016436	True	True	True	True	both_directions_pass
M013272	M016640	True	True	True	True	both_directions_pass
M013272	M016834	True	True	True	True	both_directions_pass
M013272	M017025	True	True	False	False	neither_direction_passes
M013272	M017330	True	True	True	True	both_directions_pass
M013272	M017557	True	True	True	True	both_directions_pass
M013272	M017590	True	True	False	False	neither_direction_passes
M013272	M017707	True	True	True	True	both_directions_pass
M013282	M014931	True	True	True	True	both_directions_pass
M013282	M017973	True	True	True	True	both_directions_pass
M013283	M001492	True	True	True	True	both_directions_pass
M013283	M014507	True	True	True	True	both_directions_pass
M013304	M004908	True	True	True	True	both_directions_pass
M013304	M009773	True	True	False	False	neither_direction_passes
M013304	M010029	True	True	True	True	both_directions_pass
M013304	M012749	True	True	True	True	both_directions_pass
M013304	M013159	True	True	True	True	both_directions_pass
M013304	M015662	True	True	True	True	both_directions_pass
M013304	M015706	True	True	True	True	both_directions_pass
M013304	M016020	True	True	True	True	both_directions_pass
M013312	M014655	True	True	True	True	both_directions_pass
M013312	M016454	True	True	True	True	both_directions_pass
M013312	M017537	True	True	True	True	both_directions_pass
M013314	M017871	True	True	True	True	both_directions_pass
M013358	M003942	True	True	True	True	both_directions_pass
M013358	M011017	True	True	True	True	both_directions_pass
M013358	M011209	True	True	True	True	both_directions_pass
M013358	M011744	True	True	True	True	both_directions_pass
M013358	M012472	True	True	True	True	both_directions_pass
M013358	M012798	True	True	True	True	both_directions_pass
M013358	M013142	True	True	True	True	both_directions_pass
M013358	M015063	True	True	True	True	both_directions_pass
M013358	M017648	True	True	True	True	both_directions_pass
M013366	M016544	True	True	True	True	both_directions_pass
M013366	M016681	True	True	True	True	both_directions_pass
M013379	M014329	True	True	True	True	both_directions_pass
M013384	M003020	True	True	True	True	both_directions_pass
M013384	M004334	True	True	True	True	both_directions_pass
M013384	M010697	True	True	True	True	both_directions_pass
M013384	M011431	True	True	True	True	both_directions_pass
M013384	M014839	True	True	True	True	both_directions_pass
M013384	M016638	True	True	True	True	both_directions_pass
M013385	M017446	True	True	True	True	both_directions_pass
M013387	M015451	True	True	True	True	both_directions_pass
M013387	M015454	True	True	True	True	both_directions_pass
M013393	M016471	True	True	True	True	both_directions_pass
M013393	M016534	True	True	False	False	neither_direction_passes
M013397	M017586	True	True	True	True	both_directions_pass
M013402	M013576	True	True	False	False	neither_direction_passes
M013402	M016898	True	True	False	False	neither_direction_passes
M013402	M017290	True	True	True	True	both_directions_pass
M013430	M003753	True	True	True	True	both_directions_pass
M013430	M006757	True	True	True	True	both_directions_pass
M013430	M008052	True	True	True	True	both_directions_pass
M013430	M013468	True	True	True	True	both_directions_pass
M013430	M013545	True	True	True	True	both_directions_pass
M013430	M013583	True	True	True	True	both_directions_pass
M013430	M013595	True	True	True	True	both_directions_pass
M013430	M013669	True	True	True	True	both_directions_pass
M013430	M013781	True	True	True	True	both_directions_pass
M013430	M013884	True	True	True	True	both_directions_pass
M013430	M014010	True	True	True	True	both_directions_pass
M013430	M014276	True	True	True	True	both_directions_pass
M013430	M014332	True	True	True	True	both_directions_pass
M013430	M014354	True	True	True	True	both_directions_pass
M013430	M014431	True	True	True	True	both_directions_pass
M013430	M014661	True	True	True	True	both_directions_pass
M013430	M014872	True	True	True	True	both_directions_pass
M013430	M014935	True	True	True	True	both_directions_pass
M013430	M015171	True	True	True	True	both_directions_pass
M013430	M015238	True	True	True	True	both_directions_pass
M013430	M015241	True	True	True	True	both_directions_pass
M013430	M015403	True	True	True	True	both_directions_pass
M013430	M015601	True	True	True	True	both_directions_pass
M013430	M015912	True	True	True	True	both_directions_pass
M013430	M016103	True	True	True	True	both_directions_pass
M013430	M016252	True	True	True	True	both_directions_pass
M013430	M016294	True	True	True	True	both_directions_pass
M013430	M016348	True	True	True	True	both_directions_pass
M013430	M016946	True	True	True	True	both_directions_pass
M013430	M017150	True	True	True	True	both_directions_pass
M013430	M017404	True	True	True	True	both_directions_pass
M013430	M017490	True	True	True	True	both_directions_pass
M013430	M017701	True	True	True	True	both_directions_pass
M013430	M018088	True	True	True	True	both_directions_pass
M013446	M014024	True	True	True	True	both_directions_pass
M013452	M017412	True	True	True	True	both_directions_pass
M013455	M014484	True	True	True	True	both_directions_pass
M013455	M015688	True	True	True	True	both_directions_pass
M013458	M002398	True	True	True	True	both_directions_pass
M013458	M007575	True	True	True	True	both_directions_pass
M013458	M008411	True	True	True	True	both_directions_pass
M013458	M014177	True	True	True	True	both_directions_pass
M013499	M017867	True	True	True	True	both_directions_pass
M013503	M014768	True	True	True	True	both_directions_pass
M013509	M001147	True	True	True	True	both_directions_pass
M013509	M001267	True	True	True	True	both_directions_pass
M013509	M004541	True	True	True	True	both_directions_pass
M013509	M005336	True	True	True	True	both_directions_pass
M013509	M006153	True	True	True	True	both_directions_pass
M013509	M006374	True	True	True	True	both_directions_pass
M013509	M007659	True	True	True	True	both_directions_pass
M013509	M007981	True	True	False	False	neither_direction_passes
M013509	M009096	True	True	True	True	both_directions_pass
M013509	M009731	True	True	False	False	neither_direction_passes
M013509	M013413	True	True	True	True	both_directions_pass
M013509	M013538	True	True	True	True	both_directions_pass
M013509	M013657	True	True	False	False	neither_direction_passes
M013509	M013736	True	True	True	True	both_directions_pass
M013509	M013812	True	True	True	True	both_directions_pass
M013509	M013823	True	True	True	True	both_directions_pass
M013509	M013867	True	True	True	True	both_directions_pass
M013509	M013902	True	True	False	False	neither_direction_passes
M013509	M014166	True	True	False	False	neither_direction_passes
M013509	M014435	True	True	True	True	both_directions_pass
M013509	M014665	True	True	True	True	both_directions_pass
M013509	M014743	True	True	True	True	both_directions_pass
M013509	M014765	True	True	True	True	both_directions_pass
M013509	M014878	True	True	True	True	both_directions_pass
M013509	M014894	True	True	True	True	both_directions_pass
M013509	M014928	True	True	True	True	both_directions_pass
M013509	M014989	True	True	True	True	both_directions_pass
M013509	M015005	True	True	True	True	both_directions_pass
M013509	M015032	True	True	True	True	both_directions_pass
M013509	M015048	True	True	True	True	both_directions_pass
M013509	M015075	True	True	True	True	both_directions_pass
M013509	M015084	True	True	True	True	both_directions_pass
M013509	M015257	True	True	True	True	both_directions_pass
M013509	M015330	True	True	True	True	both_directions_pass
M013509	M015356	True	True	True	True	both_directions_pass
M013509	M015496	True	True	True	True	both_directions_pass
M013509	M015560	True	True	True	True	both_directions_pass
M013509	M015621	True	True	True	True	both_directions_pass
M013509	M015623	True	True	False	False	neither_direction_passes
M013509	M015641	True	True	True	True	both_directions_pass
M013509	M015712	True	True	False	False	neither_direction_passes
M013509	M015713	True	True	True	True	both_directions_pass
M013509	M015898	True	True	False	False	neither_direction_passes
M013509	M016012	True	True	False	False	neither_direction_passes
M013509	M016051	True	True	True	True	both_directions_pass
M013509	M016066	True	True	True	True	both_directions_pass
M013509	M016179	True	True	True	True	both_directions_pass
M013509	M016284	True	True	False	False	neither_direction_passes
M013509	M016292	True	True	True	True	both_directions_pass
M013509	M016305	True	True	True	True	both_directions_pass
M013509	M016434	True	True	False	False	neither_direction_passes
M013509	M016472	True	True	True	True	both_directions_pass
M013509	M016614	True	True	True	True	both_directions_pass
M013509	M016660	True	True	True	True	both_directions_pass
M013509	M016680	True	True	True	True	both_directions_pass
M013509	M016706	True	True	False	False	neither_direction_passes
M013509	M016788	True	True	True	True	both_directions_pass
M013509	M016799	True	True	True	True	both_directions_pass
M013509	M016920	True	True	True	True	both_directions_pass
M013509	M017033	True	True	True	True	both_directions_pass
M013509	M017051	True	True	False	False	neither_direction_passes
M013509	M017143	True	True	True	True	both_directions_pass
M013509	M017293	True	True	True	True	both_directions_pass
M013509	M017296	True	True	True	True	both_directions_pass
M013509	M017328	True	True	True	True	both_directions_pass
M013509	M017337	True	True	True	True	both_directions_pass
M013509	M017384	True	True	True	True	both_directions_pass
M013509	M017389	True	True	False	False	neither_direction_passes
M013509	M017426	True	True	True	True	both_directions_pass
M013509	M017618	True	True	True	True	both_directions_pass
M013509	M017637	True	True	False	False	neither_direction_passes
M013509	M017818	True	True	True	True	both_directions_pass
M013509	M017826	True	True	True	True	both_directions_pass
M013509	M017926	True	True	True	True	both_directions_pass
M013509	M017960	True	True	True	True	both_directions_pass
M013509	M018075	True	True	False	False	neither_direction_passes
M013509	M018174	True	True	False	False	neither_direction_passes
M013509	M018232	True	True	False	False	neither_direction_passes
M013510	M000098	True	True	True	True	both_directions_pass
M013510	M000378	True	True	True	True	both_directions_pass
M013510	M000476	True	True	True	True	both_directions_pass
M013510	M000736	True	True	True	True	both_directions_pass
M013510	M000797	True	True	True	True	both_directions_pass
M013510	M001066	True	True	True	True	both_directions_pass
M013510	M001442	True	True	True	True	both_directions_pass
M013510	M001611	True	True	True	True	both_directions_pass
M013510	M001944	True	True	True	True	both_directions_pass
M013510	M002062	True	True	True	True	both_directions_pass
M013510	M002214	True	True	True	True	both_directions_pass
M013510	M002386	True	True	True	True	both_directions_pass
M013510	M002472	True	True	True	True	both_directions_pass
M013510	M002725	True	True	True	True	both_directions_pass
M013510	M002773	True	True	True	True	both_directions_pass
M013510	M002885	True	True	True	True	both_directions_pass
M013510	M002939	True	True	True	True	both_directions_pass
M013510	M003125	True	True	True	True	both_directions_pass
M013510	M003358	True	True	True	True	both_directions_pass
M013510	M003872	True	True	True	True	both_directions_pass
M013510	M004074	True	True	True	True	both_directions_pass
M013510	M005125	True	True	True	True	both_directions_pass
M013510	M005139	True	True	True	True	both_directions_pass
M013510	M005221	True	True	True	True	both_directions_pass
M013510	M005616	True	True	True	True	both_directions_pass
M013510	M005681	True	True	True	True	both_directions_pass
M013510	M006491	True	True	True	True	both_directions_pass
M013510	M006599	True	True	True	True	both_directions_pass
M013510	M006716	True	True	True	True	both_directions_pass
M013510	M006760	True	True	True	True	both_directions_pass
M013510	M007377	True	True	True	True	both_directions_pass
M013510	M007389	True	True	True	True	both_directions_pass
M013510	M007637	True	True	True	True	both_directions_pass
M013510	M007664	True	True	True	True	both_directions_pass
M013510	M007736	True	True	True	True	both_directions_pass
M013510	M007824	True	True	True	True	both_directions_pass
M013510	M008006	True	True	True	True	both_directions_pass
M013510	M008221	True	True	True	True	both_directions_pass
M013510	M008593	True	True	True	True	both_directions_pass
M013510	M008762	True	True	True	True	both_directions_pass
M013510	M008918	True	True	True	True	both_directions_pass
M013510	M008977	True	True	True	True	both_directions_pass
M013510	M009335	True	True	True	True	both_directions_pass
M013510	M009452	True	True	True	True	both_directions_pass
M013510	M009536	True	True	True	True	both_directions_pass
M013510	M009770	True	True	True	True	both_directions_pass
M013510	M010278	True	True	True	True	both_directions_pass
M013510	M010511	True	True	True	True	both_directions_pass
M013510	M010581	True	True	True	True	both_directions_pass
M013510	M010640	True	True	True	True	both_directions_pass
M013510	M010851	True	True	True	True	both_directions_pass
M013510	M011139	True	True	True	True	both_directions_pass
M013510	M011207	True	True	True	True	both_directions_pass
M013510	M011294	True	True	True	True	both_directions_pass
M013510	M011385	True	True	True	True	both_directions_pass
M013510	M011476	True	True	True	True	both_directions_pass
M013510	M011620	True	True	True	True	both_directions_pass
M013510	M011719	True	True	True	True	both_directions_pass
M013510	M011893	True	True	True	True	both_directions_pass
M013510	M012417	True	True	True	True	both_directions_pass
M013510	M012601	True	True	True	True	both_directions_pass
M013510	M012651	True	True	True	True	both_directions_pass
M013510	M012752	True	True	True	True	both_directions_pass
M013510	M012861	True	True	True	True	both_directions_pass
M013510	M012992	True	True	True	True	both_directions_pass
M013510	M013150	True	True	True	True	both_directions_pass
M013510	M014037	True	True	True	True	both_directions_pass
M013510	M015107	True	True	True	True	both_directions_pass
M013510	M015176	True	True	True	True	both_directions_pass
M013510	M015298	True	True	True	True	both_directions_pass
M013510	M016022	True	True	True	True	both_directions_pass
M013510	M016093	True	True	True	True	both_directions_pass
M013510	M016177	True	True	True	True	both_directions_pass
M013510	M016796	True	True	True	True	both_directions_pass
M013510	M017132	True	True	True	True	both_directions_pass
M013510	M017153	True	True	True	True	both_directions_pass
M013532	M000241	True	True	False	False	neither_direction_passes
M013532	M005135	True	True	True	True	both_directions_pass
M013532	M005514	True	True	False	False	neither_direction_passes
M013532	M006839	True	True	False	False	neither_direction_passes
M013532	M008846	True	True	False	False	neither_direction_passes
M013532	M012576	True	True	True	True	both_directions_pass
M013532	M012804	True	True	False	False	neither_direction_passes
M013532	M014079	True	True	True	True	both_directions_pass
M013539	M000013	True	True	True	True	both_directions_pass
M013539	M000112	True	True	True	True	both_directions_pass
M013539	M000240	True	True	True	True	both_directions_pass
M013539	M000431	True	True	True	True	both_directions_pass
M013539	M000503	True	True	True	True	both_directions_pass
M013539	M000681	True	True	True	True	both_directions_pass
M013539	M000700	True	True	True	True	both_directions_pass
M013539	M000819	True	True	True	True	both_directions_pass
M013539	M000861	True	True	True	True	both_directions_pass
M013539	M001007	True	True	True	True	both_directions_pass
M013539	M001166	True	True	True	True	both_directions_pass
M013539	M001262	True	True	True	True	both_directions_pass
M013539	M001294	True	True	True	True	both_directions_pass
M013539	M001421	True	True	True	True	both_directions_pass
M013539	M001601	True	True	True	True	both_directions_pass
M013539	M001637	True	True	True	True	both_directions_pass
M013539	M001663	True	True	True	True	both_directions_pass
M013539	M001913	True	True	True	True	both_directions_pass
M013539	M002083	True	True	True	True	both_directions_pass
M013539	M002090	True	True	True	True	both_directions_pass
M013539	M002361	True	True	True	True	both_directions_pass
M013539	M002444	True	True	True	True	both_directions_pass
M013539	M002656	True	True	True	True	both_directions_pass
M013539	M002826	True	True	True	True	both_directions_pass
M013539	M002972	True	True	True	True	both_directions_pass
M013539	M003270	True	True	True	True	both_directions_pass
M013539	M003590	True	True	True	True	both_directions_pass
M013539	M003693	True	True	True	True	both_directions_pass
M013539	M003877	True	True	True	True	both_directions_pass
M013539	M003976	True	True	True	True	both_directions_pass
M013539	M004035	True	True	True	True	both_directions_pass
M013539	M004077	True	True	True	True	both_directions_pass
M013539	M004217	True	True	True	True	both_directions_pass
M013539	M004352	True	True	True	True	both_directions_pass
M013539	M004443	True	True	True	True	both_directions_pass
M013539	M004599	True	True	True	True	both_directions_pass
M013539	M004750	True	True	True	True	both_directions_pass
M013539	M004888	True	True	True	True	both_directions_pass
M013539	M004913	True	True	True	True	both_directions_pass
M013539	M005092	True	True	True	True	both_directions_pass
M013539	M005277	True	True	True	True	both_directions_pass
M013539	M005434	True	True	True	True	both_directions_pass
M013539	M005529	True	True	True	True	both_directions_pass
M013539	M005703	True	True	True	True	both_directions_pass
M013539	M005825	True	True	True	True	both_directions_pass
M013539	M005961	True	True	True	True	both_directions_pass
M013539	M006021	True	True	True	True	both_directions_pass
M013539	M006162	True	True	True	True	both_directions_pass
M013539	M006259	True	True	True	True	both_directions_pass
M013539	M006418	True	True	True	True	both_directions_pass
M013539	M006552	True	True	True	True	both_directions_pass
M013539	M006692	True	True	True	True	both_directions_pass
M013539	M006763	True	True	True	True	both_directions_pass
M013539	M006872	True	True	True	True	both_directions_pass
M013539	M007131	True	True	True	True	both_directions_pass
M013539	M007218	True	True	True	True	both_directions_pass
M013539	M007326	True	True	True	True	both_directions_pass
M013539	M007398	True	True	True	True	both_directions_pass
M013539	M007603	True	True	True	True	both_directions_pass
M013539	M007694	True	True	True	True	both_directions_pass
M013539	M008076	True	True	True	True	both_directions_pass
M013539	M008219	True	True	True	True	both_directions_pass
M013539	M008466	True	True	True	True	both_directions_pass
M013539	M008498	True	True	True	True	both_directions_pass
M013539	M008667	True	True	True	True	both_directions_pass
M013539	M008717	True	True	True	True	both_directions_pass
M013539	M008936	True	True	True	True	both_directions_pass
M013539	M009025	True	True	True	True	both_directions_pass
M013539	M009180	True	True	True	True	both_directions_pass
M013539	M009217	True	True	True	True	both_directions_pass
M013539	M009563	True	True	True	True	both_directions_pass
M013539	M009647	True	True	True	True	both_directions_pass
M013539	M009831	True	True	True	True	both_directions_pass
M013539	M009982	True	True	True	True	both_directions_pass
M013539	M010123	True	True	True	True	both_directions_pass
M013539	M010274	True	True	True	True	both_directions_pass
M013539	M010451	True	True	True	True	both_directions_pass
M013539	M010523	True	True	True	True	both_directions_pass
M013539	M010713	True	True	True	True	both_directions_pass
M013539	M010765	True	True	True	True	both_directions_pass
M013539	M010866	True	True	True	True	both_directions_pass
M013539	M010983	True	True	True	True	both_directions_pass
M013539	M011226	True	True	True	True	both_directions_pass
M013539	M011360	True	True	True	True	both_directions_pass
M013539	M011504	True	True	True	True	both_directions_pass
M013539	M011579	True	True	True	True	both_directions_pass
M013539	M011704	True	True	True	True	both_directions_pass
M013539	M011878	True	True	True	True	both_directions_pass
M013539	M012055	True	True	True	True	both_directions_pass
M013539	M012250	True	True	True	True	both_directions_pass
M013539	M012329	True	True	True	True	both_directions_pass
M013539	M012499	True	True	True	True	both_directions_pass
M013539	M012658	True	True	True	True	both_directions_pass
M013539	M012668	True	True	True	True	both_directions_pass
M013539	M012737	True	True	True	True	both_directions_pass
M013539	M012836	True	True	True	True	both_directions_pass
M013539	M012932	True	True	True	True	both_directions_pass
M013539	M013149	True	True	True	True	both_directions_pass
M013539	M013197	True	True	True	True	both_directions_pass
M013539	M013220	True	True	True	True	both_directions_pass
M013539	M013235	True	True	True	True	both_directions_pass
M013539	M013243	True	True	True	True	both_directions_pass
M013539	M013280	True	True	True	True	both_directions_pass
M013539	M013297	True	True	True	True	both_directions_pass
M013539	M013341	True	True	True	True	both_directions_pass
M013539	M013352	True	True	True	True	both_directions_pass
M013539	M013377	True	True	True	True	both_directions_pass
M013539	M013433	True	True	True	True	both_directions_pass
M013539	M013459	True	True	True	True	both_directions_pass
M013539	M013474	True	True	True	True	both_directions_pass
M013539	M013505	True	True	True	True	both_directions_pass
M013539	M013899	True	True	True	True	both_directions_pass
M013539	M013911	True	True	True	True	both_directions_pass
M013539	M014013	True	True	True	True	both_directions_pass
M013539	M014058	True	True	True	True	both_directions_pass
M013539	M014190	True	True	True	True	both_directions_pass
M013539	M014200	True	True	True	True	both_directions_pass
M013539	M014248	True	True	True	True	both_directions_pass
M013539	M014323	True	True	True	True	both_directions_pass
M013539	M014333	True	True	True	True	both_directions_pass
M013539	M014366	True	True	True	True	both_directions_pass
M013539	M014400	True	True	True	True	both_directions_pass
M013539	M014411	True	True	True	True	both_directions_pass
M013539	M014446	True	True	True	True	both_directions_pass
M013539	M014468	True	True	True	True	both_directions_pass
M013539	M014514	True	True	True	True	both_directions_pass
M013539	M014517	True	True	True	True	both_directions_pass
M013539	M014658	True	True	True	True	both_directions_pass
M013539	M014700	True	True	True	True	both_directions_pass
M013539	M014706	True	True	True	True	both_directions_pass
M013539	M014766	True	True	True	True	both_directions_pass
M013539	M014796	True	True	True	True	both_directions_pass
M013539	M014810	True	True	True	True	both_directions_pass
M013539	M014823	True	True	True	True	both_directions_pass
M013539	M014840	True	True	True	True	both_directions_pass
M013539	M014844	True	True	True	True	both_directions_pass
M013539	M014848	True	True	True	True	both_directions_pass
M013539	M014859	True	True	True	True	both_directions_pass
M013539	M014945	True	True	True	True	both_directions_pass
M013539	M014963	True	True	True	True	both_directions_pass
M013539	M015019	True	True	True	True	both_directions_pass
M013539	M015110	True	True	True	True	both_directions_pass
M013539	M015149	True	True	True	True	both_directions_pass
M013539	M015162	True	True	True	True	both_directions_pass
M013539	M015310	True	True	True	True	both_directions_pass
M013539	M015334	True	True	True	True	both_directions_pass
M013539	M015355	True	True	True	True	both_directions_pass
M013539	M015464	True	True	True	True	both_directions_pass
M013539	M015554	True	True	True	True	both_directions_pass
M013539	M015567	True	True	True	True	both_directions_pass
M013539	M015572	True	True	True	True	both_directions_pass
M013539	M015612	True	True	True	True	both_directions_pass
M013539	M015674	True	True	True	True	both_directions_pass
M013539	M015842	True	True	True	True	both_directions_pass
M013539	M015884	True	True	True	True	both_directions_pass
M013539	M016013	True	True	True	True	both_directions_pass
M013539	M016053	True	True	True	True	both_directions_pass
M013539	M016058	True	True	True	True	both_directions_pass
M013539	M016133	True	True	True	True	both_directions_pass
M013539	M016203	True	True	True	True	both_directions_pass
M013539	M016237	True	True	True	True	both_directions_pass
M013539	M016287	True	True	True	True	both_directions_pass
M013539	M016324	True	True	True	True	both_directions_pass
M013539	M016525	True	True	True	True	both_directions_pass
M013539	M016531	True	True	True	True	both_directions_pass
M013539	M016571	True	True	True	True	both_directions_pass
M013539	M016597	True	True	True	True	both_directions_pass
M013539	M016602	True	True	True	True	both_directions_pass
M013539	M016605	True	True	True	True	both_directions_pass
M013539	M016613	True	True	True	True	both_directions_pass
M013539	M016694	True	True	True	True	both_directions_pass
M013539	M016719	True	True	True	True	both_directions_pass
M013539	M016756	True	True	True	True	both_directions_pass
M013539	M016793	True	True	True	True	both_directions_pass
M013539	M016903	True	True	True	True	both_directions_pass
M013539	M016912	True	True	True	True	both_directions_pass
M013539	M016998	True	True	True	True	both_directions_pass
M013539	M017049	True	True	True	True	both_directions_pass
M013539	M017053	True	True	True	True	both_directions_pass
M013539	M017069	True	True	True	True	both_directions_pass
M013539	M017135	True	True	True	True	both_directions_pass
M013539	M017148	True	True	True	True	both_directions_pass
M013539	M017161	True	True	True	True	both_directions_pass
M013539	M017202	True	True	True	True	both_directions_pass
M013539	M017231	True	True	True	True	both_directions_pass
M013539	M017254	True	True	True	True	both_directions_pass
M013539	M017256	True	True	True	True	both_directions_pass
M013539	M017277	True	True	True	True	both_directions_pass
M013539	M017292	True	True	True	True	both_directions_pass
M013539	M017314	True	True	True	True	both_directions_pass
M013539	M017344	True	True	True	True	both_directions_pass
M013539	M017415	True	True	True	True	both_directions_pass
M013539	M017419	True	True	True	True	both_directions_pass
M013539	M017437	True	True	True	True	both_directions_pass
M013539	M017458	True	True	True	True	both_directions_pass
M013539	M017464	True	True	True	True	both_directions_pass
M013539	M017483	True	True	True	True	both_directions_pass
M013539	M017528	True	True	True	True	both_directions_pass
M013539	M017626	True	True	True	True	both_directions_pass
M013539	M017681	True	True	True	True	both_directions_pass
M013539	M017771	True	True	True	True	both_directions_pass
M013539	M017782	True	True	True	True	both_directions_pass
M013539	M017788	True	True	True	True	both_directions_pass
M013539	M017825	True	True	True	True	both_directions_pass
M013539	M017828	True	True	True	True	both_directions_pass
M013539	M017847	True	True	True	True	both_directions_pass
M013539	M017860	True	True	True	True	both_directions_pass
M013539	M017876	True	True	True	True	both_directions_pass
M013539	M017889	True	True	True	True	both_directions_pass
M013539	M017948	True	True	True	True	both_directions_pass
M013539	M018085	True	True	True	True	both_directions_pass
M013539	M018116	True	True	True	True	both_directions_pass
M013539	M018140	True	True	True	True	both_directions_pass
M013539	M018166	True	True	True	True	both_directions_pass
M013539	M018176	True	True	True	True	both_directions_pass
M013559	M013579	True	True	True	True	both_directions_pass
M013559	M015421	True	True	True	True	both_directions_pass
M013559	M017819	True	True	True	True	both_directions_pass
M013559	M017878	True	True	True	True	both_directions_pass
M013581	M014418	True	True	True	True	both_directions_pass
M013588	M013465	True	True	True	True	both_directions_pass
M013588	M013550	True	True	True	True	both_directions_pass
M013588	M013776	True	True	True	True	both_directions_pass
M013588	M013898	True	True	True	True	both_directions_pass
M013588	M014171	True	True	True	True	both_directions_pass
M013588	M014663	True	True	True	True	both_directions_pass
M013588	M014812	True	True	True	True	both_directions_pass
M013588	M015082	True	True	True	True	both_directions_pass
M013588	M015135	True	True	True	True	both_directions_pass
M013588	M015383	True	True	True	True	both_directions_pass
M013588	M015579	True	True	True	True	both_directions_pass
M013588	M015808	True	True	True	True	both_directions_pass
M013588	M016004	True	True	True	True	both_directions_pass
M013588	M016025	True	True	True	True	both_directions_pass
M013588	M016211	True	True	True	True	both_directions_pass
M013588	M016248	True	True	True	True	both_directions_pass
M013588	M016260	True	True	True	True	both_directions_pass
M013588	M016623	True	True	True	True	both_directions_pass
M013588	M016782	True	True	True	True	both_directions_pass
M013588	M016994	True	True	True	True	both_directions_pass
M013588	M017092	True	True	True	True	both_directions_pass
M013588	M017120	True	True	True	True	both_directions_pass
M013588	M017236	True	True	True	True	both_directions_pass
M013588	M017310	True	True	True	True	both_directions_pass
M013588	M017371	True	True	True	True	both_directions_pass
M013588	M017814	True	True	True	True	both_directions_pass
M013588	M018114	True	True	True	True	both_directions_pass
M013588	M018265	True	True	True	True	both_directions_pass
M013588	M018267	True	True	True	True	both_directions_pass
M013596	M000638	True	True	True	True	both_directions_pass
M013596	M000702	True	True	True	True	both_directions_pass
M013596	M001906	True	True	True	True	both_directions_pass
M013596	M002301	True	True	True	True	both_directions_pass
M013596	M002389	True	True	True	True	both_directions_pass
M013596	M003004	True	True	True	True	both_directions_pass
M013596	M003500	True	True	True	True	both_directions_pass
M013596	M003723	True	True	True	True	both_directions_pass
M013596	M003966	True	True	True	True	both_directions_pass
M013596	M004038	True	True	True	True	both_directions_pass
M013596	M005054	True	True	True	True	both_directions_pass
M013596	M005217	True	True	True	True	both_directions_pass
M013596	M005448	True	True	True	True	both_directions_pass
M013596	M005568	True	True	True	True	both_directions_pass
M013596	M006526	True	True	True	True	both_directions_pass
M013596	M008195	True	True	True	True	both_directions_pass
M013596	M008416	True	True	True	True	both_directions_pass
M013596	M008871	True	True	True	True	both_directions_pass
M013596	M008954	True	True	True	True	both_directions_pass
M013596	M010263	True	True	True	True	both_directions_pass
M013596	M010530	True	True	True	True	both_directions_pass
M013596	M010899	True	True	True	True	both_directions_pass
M013596	M011277	True	True	True	True	both_directions_pass
M013596	M011411	True	True	True	True	both_directions_pass
M013596	M011746	True	True	True	True	both_directions_pass
M013596	M012585	True	True	True	True	both_directions_pass
M013596	M012647	True	True	True	True	both_directions_pass
M013596	M012694	True	True	True	True	both_directions_pass
M013596	M013008	True	True	True	True	both_directions_pass
M013596	M013222	True	True	True	True	both_directions_pass
M013596	M013321	True	True	True	True	both_directions_pass
M013596	M013370	True	True	True	True	both_directions_pass
M013596	M013381	True	True	True	True	both_directions_pass
M013596	M013495	True	True	True	True	both_directions_pass
M013596	M013679	True	True	True	True	both_directions_pass
M013596	M013828	True	True	True	True	both_directions_pass
M013596	M013836	True	True	True	True	both_directions_pass
M013596	M013872	True	True	True	True	both_directions_pass
M013596	M013942	True	True	True	True	both_directions_pass
M013596	M014043	True	True	True	True	both_directions_pass
M013596	M014062	True	True	True	True	both_directions_pass
M013596	M014102	True	True	True	True	both_directions_pass
M013596	M014205	True	True	True	True	both_directions_pass
M013596	M014213	True	True	True	True	both_directions_pass
M013596	M014488	True	True	True	True	both_directions_pass
M013596	M014566	True	True	True	True	both_directions_pass
M013596	M014735	True	True	True	True	both_directions_pass
M013596	M014910	True	True	True	True	both_directions_pass
M013596	M015072	True	True	True	True	both_directions_pass
M013596	M015108	True	True	True	True	both_directions_pass
M013596	M015179	True	True	True	True	both_directions_pass
M013596	M015261	True	True	True	True	both_directions_pass
M013596	M015414	True	True	True	True	both_directions_pass
M013596	M015517	True	True	True	True	both_directions_pass
M013596	M015518	True	True	True	True	both_directions_pass
M013596	M015690	True	True	True	True	both_directions_pass
M013596	M015904	True	True	True	True	both_directions_pass
M013596	M016094	True	True	True	True	both_directions_pass
M013596	M016118	True	True	True	True	both_directions_pass
M013596	M016148	True	True	True	True	both_directions_pass
M013596	M016160	True	True	True	True	both_directions_pass
M013596	M016190	True	True	True	True	both_directions_pass
M013596	M016396	True	True	True	True	both_directions_pass
M013596	M016476	True	True	True	True	both_directions_pass
M013596	M016508	True	True	True	True	both_directions_pass
M013596	M016546	True	True	True	True	both_directions_pass
M013596	M016672	True	True	True	True	both_directions_pass
M013596	M016748	True	True	True	True	both_directions_pass
M013596	M017008	True	True	True	True	both_directions_pass
M013596	M017038	True	True	True	True	both_directions_pass
M013596	M017425	True	True	True	True	both_directions_pass
M013596	M017614	True	True	True	True	both_directions_pass
M013596	M017683	True	True	True	True	both_directions_pass
M013596	M017698	True	True	True	True	both_directions_pass
M013596	M017810	True	True	True	True	both_directions_pass
M013596	M017811	True	True	True	True	both_directions_pass
M013596	M017903	True	True	True	True	both_directions_pass
M013596	M018059	True	True	True	True	both_directions_pass
M013596	M018143	True	True	True	True	both_directions_pass
M013596	M018184	True	True	True	True	both_directions_pass
M013596	M018240	True	True	True	True	both_directions_pass
M013607	M017812	True	True	True	True	both_directions_pass
M013612	M014631	True	True	True	True	both_directions_pass
M013613	M017460	True	True	True	True	both_directions_pass
M013614	M014017	True	True	False	False	neither_direction_passes
M013614	M014295	True	True	True	True	both_directions_pass
M013614	M015901	True	True	False	False	neither_direction_passes
M013614	M016083	True	True	True	True	both_directions_pass
M013614	M017234	True	True	False	False	neither_direction_passes
M013622	M014969	True	True	True	True	both_directions_pass
M013622	M015587	True	True	True	True	both_directions_pass
M013622	M015819	True	True	True	True	both_directions_pass
M013622	M016957	True	True	True	True	both_directions_pass
M013622	M017217	True	True	True	True	both_directions_pass
M013622	M017686	True	True	True	True	both_directions_pass
M013629	M014041	True	True	True	True	both_directions_pass
M013636	M015267	True	True	True	True	both_directions_pass
M013636	M016997	True	True	True	True	both_directions_pass
M013636	M018274	True	True	True	True	both_directions_pass
M013647	M014211	True	True	True	True	both_directions_pass
M013647	M014675	True	True	True	True	both_directions_pass
M013647	M016317	True	True	True	True	both_directions_pass
M013687	M001855	True	True	True	True	both_directions_pass
M013687	M001961	True	True	True	True	both_directions_pass
M013687	M005233	True	True	True	True	both_directions_pass
M013687	M006093	True	True	True	True	both_directions_pass
M013687	M006868	True	True	True	True	both_directions_pass
M013687	M007200	True	True	True	True	both_directions_pass
M013687	M012522	True	True	True	True	both_directions_pass
M013687	M012693	True	True	True	True	both_directions_pass
M013687	M013223	True	True	True	True	both_directions_pass
M013687	M013294	True	True	True	True	both_directions_pass
M013687	M013300	True	True	True	True	both_directions_pass
M013687	M013584	True	True	True	True	both_directions_pass
M013687	M013816	True	True	True	True	both_directions_pass
M013687	M013917	True	True	True	True	both_directions_pass
M013687	M014486	True	True	True	True	both_directions_pass
M013687	M014572	True	True	True	True	both_directions_pass
M013687	M015549	True	True	True	True	both_directions_pass
M013687	M015629	True	True	True	True	both_directions_pass
M013687	M016167	True	True	True	True	both_directions_pass
M013687	M016279	True	True	True	True	both_directions_pass
M013687	M016715	True	True	True	True	both_directions_pass
M013687	M016823	True	True	True	True	both_directions_pass
M013687	M017109	True	True	True	True	both_directions_pass
M013687	M017264	True	True	True	True	both_directions_pass
M013687	M017326	True	True	True	True	both_directions_pass
M013687	M017347	True	True	True	True	both_directions_pass
M013687	M018243	True	True	True	True	both_directions_pass
M013692	M014258	True	True	True	True	both_directions_pass
M013698	M013795	True	True	True	True	both_directions_pass
M013698	M014803	True	True	False	False	neither_direction_passes
M013698	M015059	True	True	True	True	both_directions_pass
M013698	M015215	True	True	True	True	both_directions_pass
M013698	M016697	True	True	True	True	both_directions_pass
M013698	M017121	True	True	True	True	both_directions_pass
M013698	M017941	True	True	True	True	both_directions_pass
M013706	M001641	True	True	True	True	both_directions_pass
M013706	M002554	True	True	True	True	both_directions_pass
M013706	M012067	True	True	True	True	both_directions_pass
M013706	M013428	True	True	True	True	both_directions_pass
M013706	M014407	True	True	True	True	both_directions_pass
M013706	M014552	True	True	True	True	both_directions_pass
M013706	M014915	True	True	True	True	both_directions_pass
M013706	M015773	True	True	True	True	both_directions_pass
M013706	M015867	True	True	True	True	both_directions_pass
M013706	M015964	True	True	True	True	both_directions_pass
M013706	M016046	True	True	True	True	both_directions_pass
M013706	M016729	True	True	True	True	both_directions_pass
M013706	M016989	True	True	True	True	both_directions_pass
M013706	M017512	True	True	True	True	both_directions_pass
M013706	M017724	True	True	True	True	both_directions_pass
M013712	M014750	True	True	True	True	both_directions_pass
M013712	M016265	True	True	True	True	both_directions_pass
M013719	M017181	True	True	True	True	both_directions_pass
M013728	M016405	True	True	True	True	both_directions_pass
M013740	M014469	True	True	True	True	both_directions_pass
M013740	M017341	True	True	True	True	both_directions_pass
M013743	M000805	True	True	True	True	both_directions_pass
M013743	M001251	True	True	True	True	both_directions_pass
M013743	M001354	True	True	True	True	both_directions_pass
M013743	M003405	True	True	True	True	both_directions_pass
M013743	M009766	True	True	True	True	both_directions_pass
M013743	M011871	True	True	True	True	both_directions_pass
M013743	M012350	True	True	True	True	both_directions_pass
M013743	M012607	True	True	True	True	both_directions_pass
M013743	M014054	True	True	True	True	both_directions_pass
M013743	M014249	True	True	True	True	both_directions_pass
M013743	M015248	True	True	True	True	both_directions_pass
M013743	M016503	True	True	True	True	both_directions_pass
M013748	M013540	True	True	True	True	both_directions_pass
M013760	M015871	True	True	True	True	both_directions_pass
M013764	M013956	True	True	True	True	both_directions_pass
M013767	M018005	True	True	True	True	both_directions_pass
M013775	M013620	True	True	False	False	neither_direction_passes
M013775	M014991	True	True	True	True	both_directions_pass
M013775	M017798	True	True	True	True	both_directions_pass
M013775	M017987	True	True	True	True	both_directions_pass
M013775	M018189	True	True	True	True	both_directions_pass
M013778	M013685	True	True	True	True	both_directions_pass
M013778	M014551	True	True	False	False	neither_direction_passes
M013786	M010951	True	True	True	True	both_directions_pass
M013796	M015462	True	True	True	True	both_directions_pass
M013796	M016054	True	True	False	False	neither_direction_passes
M013799	M014263	True	True	True	True	both_directions_pass
M013799	M014926	True	True	True	True	both_directions_pass
M013799	M015944	True	True	True	True	both_directions_pass
M013802	M013649	True	True	True	True	both_directions_pass
M013809	M000778	True	True	True	True	both_directions_pass
M013809	M000945	True	True	True	True	both_directions_pass
M013809	M002484	True	True	True	True	both_directions_pass
M013809	M002734	True	True	True	True	both_directions_pass
M013809	M003094	True	True	True	True	both_directions_pass
M013809	M008201	True	True	True	True	both_directions_pass
M013809	M010402	True	True	True	True	both_directions_pass
M013809	M010627	True	True	True	True	both_directions_pass
M013809	M010924	True	True	True	True	both_directions_pass
M013809	M011815	True	True	True	True	both_directions_pass
M013809	M012490	True	True	True	True	both_directions_pass
M013809	M012631	True	True	True	True	both_directions_pass
M013809	M012950	True	True	True	True	both_directions_pass
M013809	M013310	True	True	True	True	both_directions_pass
M013809	M013777	True	True	True	True	both_directions_pass
M013809	M014000	True	True	True	True	both_directions_pass
M013809	M014088	True	True	True	True	both_directions_pass
M013809	M015411	True	True	True	True	both_directions_pass
M013809	M015639	True	True	True	True	both_directions_pass
M013809	M015815	True	True	True	True	both_directions_pass
M013809	M016044	True	True	True	True	both_directions_pass
M013809	M016238	True	True	True	True	both_directions_pass
M013809	M016288	True	True	True	True	both_directions_pass
M013809	M017020	True	True	True	True	both_directions_pass
M013809	M017082	True	True	True	True	both_directions_pass
M013809	M017240	True	True	True	True	both_directions_pass
M013809	M017529	True	True	True	True	both_directions_pass
M013809	M017543	True	True	True	True	both_directions_pass
M013809	M017677	True	True	True	True	both_directions_pass
M013809	M017805	True	True	True	True	both_directions_pass
M013824	M006492	True	True	True	True	both_directions_pass
M013824	M009589	True	True	True	True	both_directions_pass
M013824	M014883	True	True	True	True	both_directions_pass
M013824	M015043	True	True	True	True	both_directions_pass
M013824	M015504	True	True	True	True	both_directions_pass
M013824	M016226	True	True	True	True	both_directions_pass
M013824	M016533	True	True	True	True	both_directions_pass
M013825	M007739	True	True	False	False	neither_direction_passes
M013825	M007920	True	True	False	False	neither_direction_passes
M013825	M009565	True	True	False	False	neither_direction_passes
M013825	M009598	True	True	False	False	neither_direction_passes
M013825	M010097	True	True	False	False	neither_direction_passes
M013825	M010862	True	True	False	False	neither_direction_passes
M013825	M010943	True	True	False	False	neither_direction_passes
M013825	M013281	True	True	False	False	neither_direction_passes
M013825	M013416	True	True	True	True	both_directions_pass
M013825	M013435	True	True	True	True	both_directions_pass
M013825	M013463	True	True	False	False	neither_direction_passes
M013825	M013542	True	True	False	False	neither_direction_passes
M013825	M013756	True	True	False	False	neither_direction_passes
M013825	M013779	True	True	True	True	both_directions_pass
M013825	M013871	True	True	False	False	neither_direction_passes
M013825	M014096	True	True	True	True	both_directions_pass
M013825	M014124	True	True	False	False	neither_direction_passes
M013825	M014259	True	True	False	False	neither_direction_passes
M013825	M014368	True	True	True	True	both_directions_pass
M013825	M014788	True	True	False	False	neither_direction_passes
M013825	M014862	True	True	False	False	neither_direction_passes
M013825	M014982	True	True	False	False	neither_direction_passes
M013825	M015242	True	True	True	True	both_directions_pass
M013825	M015331	True	True	True	True	both_directions_pass
M013825	M015569	True	True	True	True	both_directions_pass
M013825	M015747	True	True	True	True	both_directions_pass
M013825	M016001	True	True	True	True	both_directions_pass
M013825	M016105	True	True	True	True	both_directions_pass
M013825	M016372	True	True	False	False	neither_direction_passes
M013825	M016428	True	True	False	False	neither_direction_passes
M013825	M016730	True	True	False	False	neither_direction_passes
M013825	M016797	True	True	True	True	both_directions_pass
M013825	M016928	True	True	True	True	both_directions_pass
M013825	M016955	True	True	True	True	both_directions_pass
M013825	M016980	True	True	False	False	neither_direction_passes
M013825	M017042	True	True	False	False	neither_direction_passes
M013825	M017342	True	True	True	True	both_directions_pass
M013825	M017641	True	True	False	False	neither_direction_passes
M013825	M017675	True	True	True	True	both_directions_pass
M013825	M017704	True	True	True	True	both_directions_pass
M013825	M018266	True	True	False	False	neither_direction_passes
M013834	M017147	True	True	True	True	both_directions_pass
M013846	M006272	True	True	False	False	neither_direction_passes
M013846	M017736	True	True	True	True	both_directions_pass
M013846	M018007	True	True	True	True	both_directions_pass
M013860	M000958	True	True	True	True	both_directions_pass
M013860	M014256	True	True	True	True	both_directions_pass
M013860	M014676	True	True	True	True	both_directions_pass
M013860	M014905	True	True	True	True	both_directions_pass
M013860	M015169	True	True	True	True	both_directions_pass
M013860	M015507	True	True	True	True	both_directions_pass
M013860	M015548	True	True	True	True	both_directions_pass
M013860	M015821	True	True	True	True	both_directions_pass
M013860	M016127	True	True	True	True	both_directions_pass
M013860	M016263	True	True	True	True	both_directions_pass
M013860	M016441	True	True	True	True	both_directions_pass
M013860	M017004	True	True	True	True	both_directions_pass
M013860	M017600	True	True	True	True	both_directions_pass
M013860	M017862	True	True	True	True	both_directions_pass
M013870	M017574	True	True	True	True	both_directions_pass
M013888	M000351	True	True	True	True	both_directions_pass
M013888	M000509	True	True	False	False	neither_direction_passes
M013888	M000704	True	True	True	True	both_directions_pass
M013888	M001499	True	True	True	True	both_directions_pass
M013888	M001682	True	True	True	True	both_directions_pass
M013888	M001951	True	True	True	True	both_directions_pass
M013888	M002317	True	True	True	True	both_directions_pass
M013888	M002608	True	True	False	False	neither_direction_passes
M013888	M004009	True	True	True	True	both_directions_pass
M013888	M007809	True	True	True	True	both_directions_pass
M013888	M008139	True	True	True	True	both_directions_pass
M013888	M010620	True	True	True	True	both_directions_pass
M013888	M011067	True	True	True	True	both_directions_pass
M013888	M012747	True	True	True	True	both_directions_pass
M013888	M013190	True	True	True	True	both_directions_pass
M013888	M013268	True	True	True	True	both_directions_pass
M013888	M013417	True	True	True	True	both_directions_pass
M013888	M013982	True	True	True	True	both_directions_pass
M013888	M014347	True	True	False	False	neither_direction_passes
M013888	M014395	True	True	True	True	both_directions_pass
M013888	M014470	True	True	True	True	both_directions_pass
M013888	M014759	True	True	True	True	both_directions_pass
M013888	M014779	True	True	True	True	both_directions_pass
M013888	M015109	True	True	True	True	both_directions_pass
M013888	M015419	True	True	True	True	both_directions_pass
M013888	M015608	True	True	True	True	both_directions_pass
M013888	M015742	True	True	True	True	both_directions_pass
M013888	M015833	True	True	True	True	both_directions_pass
M013888	M015971	True	True	True	True	both_directions_pass
M013888	M015981	True	True	True	True	both_directions_pass
M013888	M016110	True	True	False	False	neither_direction_passes
M013888	M016641	True	True	True	True	both_directions_pass
M013888	M016765	True	True	True	True	both_directions_pass
M013888	M016770	True	True	True	True	both_directions_pass
M013888	M016813	True	True	True	True	both_directions_pass
M013888	M016880	True	True	True	True	both_directions_pass
M013888	M017058	True	True	True	True	both_directions_pass
M013888	M017247	True	True	True	True	both_directions_pass
M013888	M017248	True	True	True	True	both_directions_pass
M013888	M017485	True	True	True	True	both_directions_pass
M013888	M017640	True	True	True	True	both_directions_pass
M013888	M017839	True	True	True	True	both_directions_pass
M013888	M018069	True	True	True	True	both_directions_pass
M013888	M018247	True	True	True	True	both_directions_pass
M013891	M015484	True	True	True	True	both_directions_pass
M013891	M018072	True	True	True	True	both_directions_pass
M013928	M015490	True	True	True	True	both_directions_pass
M013933	M015352	True	True	True	True	both_directions_pass
M013935	M013709	True	True	True	True	both_directions_pass
M013935	M014610	True	True	False	False	neither_direction_passes
M013941	M001572	True	True	True	True	both_directions_pass
M013941	M001754	True	True	True	True	both_directions_pass
M013941	M001916	True	True	True	True	both_directions_pass
M013941	M002333	True	True	True	True	both_directions_pass
M013941	M008124	True	True	True	True	both_directions_pass
M013941	M009817	True	True	True	True	both_directions_pass
M013941	M013536	True	True	True	True	both_directions_pass
M013944	M008027	True	True	False	False	neither_direction_passes
M013944	M011001	True	True	False	False	neither_direction_passes
M013944	M015469	True	True	False	False	neither_direction_passes
M013944	M017573	True	True	True	True	both_directions_pass
M013945	M007160	True	True	True	True	both_directions_pass
M013945	M007487	True	True	True	True	both_directions_pass
M013945	M015026	True	True	True	True	both_directions_pass
M013969	M016262	True	True	True	True	both_directions_pass
M013970	M014949	True	True	True	True	both_directions_pass
M013970	M015665	True	True	True	True	both_directions_pass
M013970	M016587	True	True	True	True	both_directions_pass
M013981	M000943	True	True	True	True	both_directions_pass
M013981	M013493	True	True	True	True	both_directions_pass
M013981	M014392	True	True	True	True	both_directions_pass
M013981	M015927	True	True	True	True	both_directions_pass
M013981	M016253	True	True	True	True	both_directions_pass
M013984	M003760	True	True	True	True	both_directions_pass
M014001	M014806	True	True	True	True	both_directions_pass
M014002	M013578	True	True	True	True	both_directions_pass
M014030	M000400	True	True	True	True	both_directions_pass
M014030	M001481	True	True	True	True	both_directions_pass
M014030	M003121	True	True	True	True	both_directions_pass
M014030	M003157	True	True	True	True	both_directions_pass
M014030	M003336	True	True	True	True	both_directions_pass
M014030	M003993	True	True	True	True	both_directions_pass
M014030	M004779	True	True	True	True	both_directions_pass
M014030	M005714	True	True	True	True	both_directions_pass
M014030	M006765	True	True	True	True	both_directions_pass
M014030	M007863	True	True	True	True	both_directions_pass
M014030	M008436	True	True	True	True	both_directions_pass
M014030	M008536	True	True	True	True	both_directions_pass
M014030	M009361	True	True	True	True	both_directions_pass
M014030	M010695	True	True	True	True	both_directions_pass
M014030	M011064	True	True	True	True	both_directions_pass
M014030	M011133	True	True	True	True	both_directions_pass
M014030	M011272	True	True	True	True	both_directions_pass
M014030	M011673	True	True	True	True	both_directions_pass
M014030	M012458	True	True	True	True	both_directions_pass
M014030	M013118	True	True	True	True	both_directions_pass
M014030	M014565	True	True	True	True	both_directions_pass
M014030	M015924	True	True	True	True	both_directions_pass
M014030	M017521	True	True	True	True	both_directions_pass
M014030	M017532	True	True	True	True	both_directions_pass
M014036	M013633	True	True	True	True	both_directions_pass
M014036	M013797	True	True	True	True	both_directions_pass
M014036	M014195	True	True	True	True	both_directions_pass
M014036	M014520	True	True	True	True	both_directions_pass
M014036	M014712	True	True	True	True	both_directions_pass
M014036	M014787	True	True	True	True	both_directions_pass
M014036	M014914	True	True	True	True	both_directions_pass
M014036	M015234	True	True	True	True	both_directions_pass
M014036	M015277	True	True	True	True	both_directions_pass
M014036	M015834	True	True	True	True	both_directions_pass
M014036	M016043	True	True	True	True	both_directions_pass
M014036	M016080	True	True	True	True	both_directions_pass
M014036	M016255	True	True	True	True	both_directions_pass
M014036	M016440	True	True	True	True	both_directions_pass
M014036	M017192	True	True	True	True	both_directions_pass
M014036	M017221	True	True	True	True	both_directions_pass
M014036	M017832	True	True	True	True	both_directions_pass
M014050	M001029	True	True	False	False	neither_direction_passes
M014050	M001188	True	True	False	False	neither_direction_passes
M014050	M002078	True	True	True	True	both_directions_pass
M014050	M002094	True	True	False	False	neither_direction_passes
M014050	M002977	True	True	False	False	neither_direction_passes
M014050	M003607	True	True	False	False	neither_direction_passes
M014050	M003772	True	True	True	True	both_directions_pass
M014050	M003797	True	True	True	True	both_directions_pass
M014050	M004255	True	True	False	False	neither_direction_passes
M014050	M004298	True	True	False	False	neither_direction_passes
M014050	M004531	True	True	False	False	neither_direction_passes
M014050	M005862	True	True	True	True	both_directions_pass
M014050	M005895	True	True	False	False	neither_direction_passes
M014050	M006122	True	True	False	False	neither_direction_passes
M014050	M007606	True	True	True	True	both_directions_pass
M014050	M008776	True	True	True	True	both_directions_pass
M014050	M009041	True	True	True	True	both_directions_pass
M014050	M009065	True	True	True	True	both_directions_pass
M014050	M009628	True	True	True	True	both_directions_pass
M014050	M009689	True	True	False	False	neither_direction_passes
M014050	M010135	True	True	False	False	neither_direction_passes
M014050	M010388	True	True	False	False	neither_direction_passes
M014050	M010712	True	True	False	False	neither_direction_passes
M014050	M010760	True	True	False	False	neither_direction_passes
M014050	M010912	True	True	True	True	both_directions_pass
M014050	M012082	True	True	True	True	both_directions_pass
M014050	M012226	True	True	False	False	neither_direction_passes
M014050	M012258	True	True	False	False	neither_direction_passes
M014050	M012543	True	True	True	True	both_directions_pass
M014050	M012885	True	True	False	False	neither_direction_passes
M014050	M013414	True	True	False	False	neither_direction_passes
M014050	M013492	True	True	True	True	both_directions_pass
M014050	M013771	True	True	True	True	both_directions_pass
M014050	M013882	True	True	False	False	neither_direction_passes
M014050	M013949	True	True	True	True	both_directions_pass
M014050	M014109	True	True	False	False	neither_direction_passes
M014050	M014131	True	True	False	False	neither_direction_passes
M014050	M014150	True	True	False	False	neither_direction_passes
M014050	M014536	True	True	True	True	both_directions_pass
M014050	M014596	True	True	False	False	neither_direction_passes
M014050	M014782	True	True	False	False	neither_direction_passes
M014050	M014785	True	True	False	False	neither_direction_passes
M014050	M014794	True	True	False	False	neither_direction_passes
M014050	M014976	True	True	False	False	neither_direction_passes
M014050	M015009	True	True	True	True	both_directions_pass
M014050	M015012	True	True	True	True	both_directions_pass
M014050	M015137	True	True	True	True	both_directions_pass
M014050	M015204	True	True	True	True	both_directions_pass
M014050	M015318	True	True	True	True	both_directions_pass
M014050	M015375	True	True	False	False	neither_direction_passes
M014050	M015551	True	True	True	True	both_directions_pass
M014050	M015689	True	True	True	True	both_directions_pass
M014050	M015730	True	True	False	False	neither_direction_passes
M014050	M016005	True	True	True	True	both_directions_pass
M014050	M016055	True	True	True	True	both_directions_pass
M014050	M016112	True	True	False	False	neither_direction_passes
M014050	M016155	True	True	False	False	neither_direction_passes
M014050	M016216	True	True	False	False	neither_direction_passes
M014050	M016223	True	True	True	True	both_directions_pass
M014050	M016254	True	True	False	False	neither_direction_passes
M014050	M016362	True	True	False	False	neither_direction_passes
M014050	M016790	True	True	False	False	neither_direction_passes
M014050	M016838	True	True	True	True	both_directions_pass
M014050	M016848	True	True	False	False	neither_direction_passes
M014050	M016896	True	True	True	True	both_directions_pass
M014050	M016969	True	True	False	False	neither_direction_passes
M014050	M016985	True	True	True	True	both_directions_pass
M014050	M017312	True	True	False	False	neither_direction_passes
M014050	M017392	True	True	False	False	neither_direction_passes
M014050	M017433	True	True	False	False	neither_direction_passes
M014050	M017441	True	True	True	True	both_directions_pass
M014050	M017555	True	True	True	True	both_directions_pass
M014050	M017561	True	True	False	False	neither_direction_passes
M014050	M017737	True	True	True	True	both_directions_pass
M014050	M017872	True	True	True	True	both_directions_pass
M014050	M017875	True	True	True	True	both_directions_pass
M014077	M000040	True	True	True	True	both_directions_pass
M014077	M000650	True	True	True	True	both_directions_pass
M014077	M001576	True	True	True	True	both_directions_pass
M014077	M008083	True	True	True	True	both_directions_pass
M014077	M010347	True	True	True	True	both_directions_pass
M014077	M012007	True	True	True	True	both_directions_pass
M014077	M013544	True	True	True	True	both_directions_pass
M014077	M013978	True	True	True	True	both_directions_pass
M014077	M015902	True	True	True	True	both_directions_pass
M014077	M015972	True	True	True	True	both_directions_pass
M014094	M013464	True	True	True	True	both_directions_pass
M014100	M000785	True	True	True	True	both_directions_pass
M014100	M001171	True	True	True	True	both_directions_pass
M014100	M001255	True	True	True	True	both_directions_pass
M014100	M001474	True	True	True	True	both_directions_pass
M014100	M001862	True	True	False	False	neither_direction_passes
M014100	M002140	True	True	True	True	both_directions_pass
M014100	M002217	True	True	True	True	both_directions_pass
M014100	M003087	True	True	True	True	both_directions_pass
M014100	M003284	True	True	True	True	both_directions_pass
M014100	M003953	True	True	True	True	both_directions_pass
M014100	M004140	True	True	True	True	both_directions_pass
M014100	M004501	True	True	True	True	both_directions_pass
M014100	M005103	True	True	True	True	both_directions_pass
M014100	M005255	True	True	True	True	both_directions_pass
M014100	M005348	True	True	True	True	both_directions_pass
M014100	M005441	True	True	True	True	both_directions_pass
M014100	M005815	True	True	True	True	both_directions_pass
M014100	M005966	True	True	True	True	both_directions_pass
M014100	M006408	True	True	True	True	both_directions_pass
M014100	M006705	True	True	True	True	both_directions_pass
M014100	M006742	True	True	True	True	both_directions_pass
M014100	M007896	True	True	True	True	both_directions_pass
M014100	M007985	True	True	True	True	both_directions_pass
M014100	M008267	True	True	True	True	both_directions_pass
M014100	M008339	True	True	True	True	both_directions_pass
M014100	M008541	True	True	True	True	both_directions_pass
M014100	M009210	True	True	True	True	both_directions_pass
M014100	M009356	True	True	True	True	both_directions_pass
M014100	M009543	True	True	True	True	both_directions_pass
M014100	M009699	True	True	True	True	both_directions_pass
M014100	M010400	True	True	True	True	both_directions_pass
M014100	M010517	True	True	True	True	both_directions_pass
M014100	M010950	True	True	True	True	both_directions_pass
M014100	M011011	True	True	True	True	both_directions_pass
M014100	M011103	True	True	True	True	both_directions_pass
M014100	M011267	True	True	True	True	both_directions_pass
M014100	M011667	True	True	True	True	both_directions_pass
M014100	M011802	True	True	True	True	both_directions_pass
M014100	M011845	True	True	True	True	both_directions_pass
M014100	M012044	True	True	True	True	both_directions_pass
M014100	M012315	True	True	True	True	both_directions_pass
M014100	M012864	True	True	True	True	both_directions_pass
M014100	M013013	True	True	True	True	both_directions_pass
M014100	M013057	True	True	True	True	both_directions_pass
M014100	M013176	True	True	True	True	both_directions_pass
M014100	M013749	True	True	True	True	both_directions_pass
M014100	M013964	True	True	True	True	both_directions_pass
M014100	M013967	True	True	True	True	both_directions_pass
M014100	M014009	True	True	False	False	neither_direction_passes
M014100	M014187	True	True	True	True	both_directions_pass
M014100	M014316	True	True	True	True	both_directions_pass
M014100	M014346	True	True	True	True	both_directions_pass
M014100	M015010	True	True	True	True	both_directions_pass
M014100	M015756	True	True	True	True	both_directions_pass
M014100	M015761	True	True	True	True	both_directions_pass
M014100	M015816	True	True	True	True	both_directions_pass
M014100	M015886	True	True	True	True	both_directions_pass
M014100	M015914	True	True	True	True	both_directions_pass
M014100	M016069	True	True	True	True	both_directions_pass
M014100	M016147	True	True	True	True	both_directions_pass
M014100	M016183	True	True	True	True	both_directions_pass
M014100	M016187	True	True	True	True	both_directions_pass
M014100	M016295	True	True	True	True	both_directions_pass
M014100	M016384	True	True	True	True	both_directions_pass
M014100	M016772	True	True	True	True	both_directions_pass
M014100	M016902	True	True	True	True	both_directions_pass
M014100	M017362	True	True	True	True	both_directions_pass
M014100	M017474	True	True	True	True	both_directions_pass
M014100	M017589	True	True	True	True	both_directions_pass
M014100	M017607	True	True	True	True	both_directions_pass
M014100	M017741	True	True	True	True	both_directions_pass
M014100	M018056	True	True	True	True	both_directions_pass
M014100	M018215	True	True	True	True	both_directions_pass
M014127	M000002	True	True	True	True	both_directions_pass
M014127	M000049	True	True	True	True	both_directions_pass
M014127	M000056	True	True	True	True	both_directions_pass
M014127	M000124	True	True	True	True	both_directions_pass
M014127	M000233	True	True	True	True	both_directions_pass
M014127	M000300	True	True	True	True	both_directions_pass
M014127	M000393	True	True	True	True	both_directions_pass
M014127	M000551	True	True	True	True	both_directions_pass
M014127	M000670	True	True	True	True	both_directions_pass
M014127	M000932	True	True	True	True	both_directions_pass
M014127	M000975	True	True	True	True	both_directions_pass
M014127	M001101	True	True	True	True	both_directions_pass
M014127	M001212	True	True	True	True	both_directions_pass
M014127	M001232	True	True	True	True	both_directions_pass
M014127	M001443	True	True	True	True	both_directions_pass
M014127	M001583	True	True	True	True	both_directions_pass
M014127	M001651	True	True	True	True	both_directions_pass
M014127	M001885	True	True	True	True	both_directions_pass
M014127	M002075	True	True	True	True	both_directions_pass
M014127	M002159	True	True	True	True	both_directions_pass
M014127	M002353	True	True	True	True	both_directions_pass
M014127	M002493	True	True	True	True	both_directions_pass
M014127	M002589	True	True	True	True	both_directions_pass
M014127	M002679	True	True	True	True	both_directions_pass
M014127	M002782	True	True	True	True	both_directions_pass
M014127	M002968	True	True	True	True	both_directions_pass
M014127	M003110	True	True	True	True	both_directions_pass
M014127	M003205	True	True	True	True	both_directions_pass
M014127	M003267	True	True	True	True	both_directions_pass
M014127	M003535	True	True	True	True	both_directions_pass
M014127	M003649	True	True	True	True	both_directions_pass
M014127	M003875	True	True	True	True	both_directions_pass
M014127	M004022	True	True	True	True	both_directions_pass
M014127	M004037	True	True	True	True	both_directions_pass
M014127	M004200	True	True	True	True	both_directions_pass
M014127	M004364	True	True	True	True	both_directions_pass
M014127	M004442	True	True	True	True	both_directions_pass
M014127	M004640	True	True	True	True	both_directions_pass
M014127	M004701	True	True	True	True	both_directions_pass
M014127	M004784	True	True	True	True	both_directions_pass
M014127	M005077	True	True	True	True	both_directions_pass
M014127	M005177	True	True	True	True	both_directions_pass
M014127	M005384	True	True	True	True	both_directions_pass
M014127	M005499	True	True	True	True	both_directions_pass
M014127	M005656	True	True	True	True	both_directions_pass
M014127	M005885	True	True	True	True	both_directions_pass
M014127	M005906	True	True	True	True	both_directions_pass
M014127	M005957	True	True	True	True	both_directions_pass
M014127	M006217	True	True	True	True	both_directions_pass
M014127	M006282	True	True	True	True	both_directions_pass
M014127	M006395	True	True	True	True	both_directions_pass
M014127	M006551	True	True	True	True	both_directions_pass
M014127	M006681	True	True	True	True	both_directions_pass
M014127	M006738	True	True	True	True	both_directions_pass
M014127	M006838	True	True	True	True	both_directions_pass
M014127	M006843	True	True	True	True	both_directions_pass
M014127	M006977	True	True	True	True	both_directions_pass
M014127	M007092	True	True	True	True	both_directions_pass
M014127	M007277	True	True	True	True	both_directions_pass
M014127	M007467	True	True	True	True	both_directions_pass
M014127	M007536	True	True	True	True	both_directions_pass
M014127	M007660	True	True	True	True	both_directions_pass
M014127	M007743	True	True	True	True	both_directions_pass
M014127	M008045	True	True	True	True	both_directions_pass
M014127	M008138	True	True	True	True	both_directions_pass
M014127	M008189	True	True	True	True	both_directions_pass
M014127	M008477	True	True	True	True	both_directions_pass
M014127	M008505	True	True	True	True	both_directions_pass
M014127	M008605	True	True	True	True	both_directions_pass
M014127	M008775	True	True	True	True	both_directions_pass
M014127	M008826	True	True	True	True	both_directions_pass
M014127	M008951	True	True	True	True	both_directions_pass
M014127	M009138	True	True	True	True	both_directions_pass
M014127	M009193	True	True	True	True	both_directions_pass
M014127	M009327	True	True	True	True	both_directions_pass
M014127	M009555	True	True	True	True	both_directions_pass
M014127	M009716	True	True	True	True	both_directions_pass
M014127	M009808	True	True	True	True	both_directions_pass
M014127	M009988	True	True	True	True	both_directions_pass
M014127	M010114	True	True	True	True	both_directions_pass
M014127	M010153	True	True	True	True	both_directions_pass
M014127	M010437	True	True	True	True	both_directions_pass
M014127	M010525	True	True	True	True	both_directions_pass
M014127	M010771	True	True	True	True	both_directions_pass
M014127	M010798	True	True	True	True	both_directions_pass
M014127	M010861	True	True	True	True	both_directions_pass
M014127	M011047	True	True	True	True	both_directions_pass
M014127	M011085	True	True	True	True	both_directions_pass
M014127	M011114	True	True	True	True	both_directions_pass
M014127	M011196	True	True	True	True	both_directions_pass
M014127	M011295	True	True	True	True	both_directions_pass
M014127	M011423	True	True	True	True	both_directions_pass
M014127	M011462	True	True	True	True	both_directions_pass
M014127	M011615	True	True	True	True	both_directions_pass
M014127	M011631	True	True	True	True	both_directions_pass
M014127	M011754	True	True	True	True	both_directions_pass
M014127	M011799	True	True	True	True	both_directions_pass
M014127	M011839	True	True	True	True	both_directions_pass
M014127	M011967	True	True	True	True	both_directions_pass
M014127	M012098	True	True	True	True	both_directions_pass
M014127	M012294	True	True	True	True	both_directions_pass
M014127	M012333	True	True	True	True	both_directions_pass
M014127	M012348	True	True	True	True	both_directions_pass
M014127	M012403	True	True	True	True	both_directions_pass
M014127	M012487	True	True	True	True	both_directions_pass
M014127	M012753	True	True	True	True	both_directions_pass
M014127	M012873	True	True	True	True	both_directions_pass
M014127	M012996	True	True	True	True	both_directions_pass
M014127	M013133	True	True	True	True	both_directions_pass
M014127	M013179	True	True	True	True	both_directions_pass
M014127	M013260	True	True	True	True	both_directions_pass
M014127	M013415	True	True	True	True	both_directions_pass
M014127	M013772	True	True	True	True	both_directions_pass
M014127	M013885	True	True	True	True	both_directions_pass
M014127	M014067	True	True	True	True	both_directions_pass
M014127	M014251	True	True	True	True	both_directions_pass
M014127	M014355	True	True	True	True	both_directions_pass
M014127	M014692	True	True	True	True	both_directions_pass
M014127	M014977	True	True	True	True	both_directions_pass
M014127	M015029	True	True	True	True	both_directions_pass
M014127	M015229	True	True	True	True	both_directions_pass
M014127	M015255	True	True	True	True	both_directions_pass
M014127	M015256	True	True	True	True	both_directions_pass
M014127	M015337	True	True	True	True	both_directions_pass
M014127	M015415	True	True	True	True	both_directions_pass
M014127	M015442	True	True	True	True	both_directions_pass
M014127	M015812	True	True	True	True	both_directions_pass
M014127	M015989	True	True	True	True	both_directions_pass
M014127	M016580	True	True	True	True	both_directions_pass
M014127	M016766	True	True	True	True	both_directions_pass
M014127	M017031	True	True	True	True	both_directions_pass
M014127	M017204	True	True	True	True	both_directions_pass
M014127	M017281	True	True	True	True	both_directions_pass
M014127	M017719	True	True	True	True	both_directions_pass
M014127	M018128	True	True	True	True	both_directions_pass
M014127	M018154	True	True	True	True	both_directions_pass
M014128	M015338	True	True	True	True	both_directions_pass
M014128	M017358	True	True	True	True	both_directions_pass
M014128	M017530	True	True	True	True	both_directions_pass
M014141	M015071	True	True	True	True	both_directions_pass
M014141	M015389	True	True	True	True	both_directions_pass
M014153	M004143	True	True	True	True	both_directions_pass
M014153	M010970	True	True	True	True	both_directions_pass
M014153	M016676	True	True	True	True	both_directions_pass
M014179	M016977	True	True	True	True	both_directions_pass
M014198	M001746	True	True	True	True	both_directions_pass
M014198	M001816	True	True	True	True	both_directions_pass
M014198	M004560	True	True	True	True	both_directions_pass
M014198	M006401	True	True	True	True	both_directions_pass
M014198	M008101	True	True	True	True	both_directions_pass
M014198	M008801	True	True	True	True	both_directions_pass
M014198	M013163	True	True	True	True	both_directions_pass
M014198	M013491	True	True	True	True	both_directions_pass
M014198	M013700	True	True	True	True	both_directions_pass
M014198	M013818	True	True	True	True	both_directions_pass
M014198	M013841	True	True	True	True	both_directions_pass
M014198	M014265	True	True	True	True	both_directions_pass
M014198	M015088	True	True	True	True	both_directions_pass
M014198	M015125	True	True	True	True	both_directions_pass
M014198	M015279	True	True	True	True	both_directions_pass
M014198	M015457	True	True	True	True	both_directions_pass
M014198	M017203	True	True	True	True	both_directions_pass
M014198	M017403	True	True	True	True	both_directions_pass
M014198	M017688	True	True	True	True	both_directions_pass
M014198	M017768	True	True	True	True	both_directions_pass
M014198	M017891	True	True	True	True	both_directions_pass
M014198	M017892	True	True	True	True	both_directions_pass
M014198	M018162	True	True	True	True	both_directions_pass
M014198	M018242	True	True	True	True	both_directions_pass
M014231	M016352	True	True	True	True	both_directions_pass
M014253	M000477	True	True	True	True	both_directions_pass
M014264	M017386	True	True	True	True	both_directions_pass
M014267	M000005	True	True	False	False	neither_direction_passes
M014267	M000267	True	True	True	True	both_directions_pass
M014267	M000535	True	True	False	False	neither_direction_passes
M014267	M000828	True	True	False	False	neither_direction_passes
M014267	M000852	True	True	False	False	neither_direction_passes
M014267	M001006	True	True	False	False	neither_direction_passes
M014267	M001368	True	True	False	False	neither_direction_passes
M014267	M001379	True	True	True	True	both_directions_pass
M014267	M001560	True	True	False	False	neither_direction_passes
M014267	M001644	True	True	False	False	neither_direction_passes
M014267	M001760	True	True	False	False	neither_direction_passes
M014267	M001880	True	True	False	False	neither_direction_passes
M014267	M002027	True	True	False	False	neither_direction_passes
M014267	M002454	True	True	False	False	neither_direction_passes
M014267	M003061	True	True	True	True	both_directions_pass
M014267	M003112	True	True	False	False	neither_direction_passes
M014267	M003204	True	True	False	False	neither_direction_passes
M014267	M003266	True	True	True	True	both_directions_pass
M014267	M003413	True	True	True	True	both_directions_pass
M014267	M003567	True	True	True	True	both_directions_pass
M014267	M003655	True	True	True	True	both_directions_pass
M014267	M004130	True	True	True	True	both_directions_pass
M014267	M004267	True	True	False	False	neither_direction_passes
M014267	M004427	True	True	False	False	neither_direction_passes
M014267	M004627	True	True	False	False	neither_direction_passes
M014267	M004712	True	True	True	True	both_directions_pass
M014267	M004841	True	True	True	True	both_directions_pass
M014267	M004956	True	True	False	False	neither_direction_passes
M014267	M005238	True	True	False	False	neither_direction_passes
M014267	M005294	True	True	False	False	neither_direction_passes
M014267	M005503	True	True	False	False	neither_direction_passes
M014267	M005655	True	True	True	True	both_directions_pass
M014267	M005733	True	True	False	False	neither_direction_passes
M014267	M005808	True	True	False	False	neither_direction_passes
M014267	M006017	True	True	True	True	both_directions_pass
M014267	M006245	True	True	False	False	neither_direction_passes
M014267	M006283	True	True	False	False	neither_direction_passes
M014267	M006470	True	True	False	False	neither_direction_passes
M014267	M006533	True	True	True	True	both_directions_pass
M014267	M006638	True	True	True	True	both_directions_pass
M014267	M006768	True	True	False	False	neither_direction_passes
M014267	M007093	True	True	False	False	neither_direction_passes
M014267	M007535	True	True	False	False	neither_direction_passes
M014267	M007624	True	True	False	False	neither_direction_passes
M014267	M007715	True	True	False	False	neither_direction_passes
M014267	M008010	True	True	False	False	neither_direction_passes
M014267	M008028	True	True	False	False	neither_direction_passes
M014267	M008131	True	True	True	True	both_directions_pass
M014267	M008464	True	True	False	False	neither_direction_passes
M014267	M008795	True	True	False	False	neither_direction_passes
M014267	M008878	True	True	True	True	both_directions_pass
M014267	M009052	True	True	False	False	neither_direction_passes
M014267	M009315	True	True	False	False	neither_direction_passes
M014267	M009448	True	True	False	False	neither_direction_passes
M014267	M009546	True	True	True	True	both_directions_pass
M014267	M009841	True	True	False	False	neither_direction_passes
M014267	M010323	True	True	True	True	both_directions_pass
M014267	M010368	True	True	True	True	both_directions_pass
M014267	M010681	True	True	True	True	both_directions_pass
M014267	M010905	True	True	True	True	both_directions_pass
M014267	M011112	True	True	False	False	neither_direction_passes
M014267	M011254	True	True	True	True	both_directions_pass
M014267	M011429	True	True	False	False	neither_direction_passes
M014267	M011714	True	True	True	True	both_directions_pass
M014267	M011831	True	True	False	False	neither_direction_passes
M014267	M012141	True	True	True	True	both_directions_pass
M014267	M012269	True	True	True	True	both_directions_pass
M014267	M012510	True	True	True	True	both_directions_pass
M014267	M012681	True	True	False	False	neither_direction_passes
M014267	M013028	True	True	False	False	neither_direction_passes
M014267	M013043	True	True	False	False	neither_direction_passes
M014267	M013170	True	True	False	False	neither_direction_passes
M014267	M013347	True	True	True	True	both_directions_pass
M014267	M013407	True	True	False	False	neither_direction_passes
M014267	M013451	True	True	True	True	both_directions_pass
M014267	M013483	True	True	True	True	both_directions_pass
M014267	M013546	True	True	True	True	both_directions_pass
M014267	M013582	True	True	False	False	neither_direction_passes
M014267	M013675	True	True	False	False	neither_direction_passes
M014267	M013900	True	True	False	False	neither_direction_passes
M014267	M013932	True	True	False	False	neither_direction_passes
M014267	M014173	True	True	False	False	neither_direction_passes
M014267	M014261	True	True	True	True	both_directions_pass
M014267	M014274	True	True	False	False	neither_direction_passes
M014267	M014284	True	True	True	True	both_directions_pass
M014267	M014360	True	True	False	False	neither_direction_passes
M014267	M014762	True	True	False	False	neither_direction_passes
M014267	M014919	True	True	False	False	neither_direction_passes
M014267	M015077	True	True	False	False	neither_direction_passes
M014267	M015207	True	True	False	False	neither_direction_passes
M014267	M015222	True	True	True	True	both_directions_pass
M014267	M015270	True	True	True	True	both_directions_pass
M014267	M015336	True	True	False	False	neither_direction_passes
M014267	M015449	True	True	False	False	neither_direction_passes
M014267	M015465	True	True	True	True	both_directions_pass
M014267	M015537	True	True	False	False	neither_direction_passes
M014267	M015611	True	True	False	False	neither_direction_passes
M014267	M015745	True	True	True	True	both_directions_pass
M014267	M015837	True	True	False	False	neither_direction_passes
M014267	M015848	True	True	False	False	neither_direction_passes
M014267	M016023	True	True	True	True	both_directions_pass
M014267	M016209	True	True	False	False	neither_direction_passes
M014267	M016355	True	True	True	True	both_directions_pass
M014267	M016365	True	True	False	False	neither_direction_passes
M014267	M016427	True	True	False	False	neither_direction_passes
M014267	M016599	True	True	False	False	neither_direction_passes
M014267	M016629	True	True	True	True	both_directions_pass
M014267	M016693	True	True	True	True	both_directions_pass
M014267	M016717	True	True	False	False	neither_direction_passes
M014267	M016720	True	True	True	True	both_directions_pass
M014267	M016742	True	True	False	False	neither_direction_passes
M014267	M016802	True	True	False	False	neither_direction_passes
M014267	M016805	True	True	False	False	neither_direction_passes
M014267	M017563	True	True	False	False	neither_direction_passes
M014267	M017612	True	True	False	False	neither_direction_passes
M014267	M017628	True	True	False	False	neither_direction_passes
M014267	M017714	True	True	False	False	neither_direction_passes
M014267	M017728	True	True	True	True	both_directions_pass
M014267	M017824	True	True	True	True	both_directions_pass
M014267	M018095	True	True	False	False	neither_direction_passes
M014267	M018126	True	True	True	True	both_directions_pass
M014275	M015892	True	True	True	True	both_directions_pass
M014296	M016011	True	True	True	True	both_directions_pass
M014296	M016755	True	True	True	True	both_directions_pass
M014300	M016625	True	True	True	True	both_directions_pass
M014300	M017703	True	True	True	True	both_directions_pass
M014301	M000088	True	True	True	True	both_directions_pass
M014301	M009969	True	True	True	True	both_directions_pass
M014301	M017787	True	True	True	True	both_directions_pass
M014304	M013852	True	True	True	True	both_directions_pass
M014304	M014777	True	True	True	True	both_directions_pass
M014304	M016801	True	True	True	True	both_directions_pass
M014304	M016987	True	True	True	True	both_directions_pass
M014310	M016131	True	True	True	True	both_directions_pass
M014318	M005845	True	True	True	True	both_directions_pass
M014318	M008354	True	True	True	True	both_directions_pass
M014318	M016911	True	True	True	True	both_directions_pass
M014318	M017755	True	True	True	True	both_directions_pass
M014320	M018060	True	True	True	True	both_directions_pass
M014324	M013660	True	True	False	False	neither_direction_passes
M014324	M014343	True	True	True	True	both_directions_pass
M014324	M015102	True	True	True	True	both_directions_pass
M014423	M013408	True	True	True	True	both_directions_pass
M014423	M014437	True	True	True	True	both_directions_pass
M014423	M015090	True	True	True	True	both_directions_pass
M014423	M016444	True	True	True	True	both_directions_pass
M014423	M016488	True	True	True	True	both_directions_pass
M014423	M018110	True	True	True	True	both_directions_pass
M014442	M004071	True	True	True	True	both_directions_pass
M014442	M008420	True	True	True	True	both_directions_pass
M014442	M010479	True	True	True	True	both_directions_pass
M014442	M014003	True	True	True	True	both_directions_pass
M014442	M014090	True	True	True	True	both_directions_pass
M014442	M015615	True	True	True	True	both_directions_pass
M014442	M015984	True	True	True	True	both_directions_pass
M014442	M016539	True	True	True	True	both_directions_pass
M014442	M018193	True	True	True	True	both_directions_pass
M014449	M015368	True	True	True	True	both_directions_pass
M014450	M006989	True	True	False	False	neither_direction_passes
M014450	M009255	True	True	False	False	neither_direction_passes
M014450	M011333	True	True	False	False	neither_direction_passes
M014450	M011789	True	True	True	True	both_directions_pass
M014450	M012517	True	True	False	False	neither_direction_passes
M014450	M013185	True	True	True	True	both_directions_pass
M014450	M013333	True	True	False	False	neither_direction_passes
M014450	M013449	True	True	False	False	neither_direction_passes
M014450	M013769	True	True	False	False	neither_direction_passes
M014450	M013940	True	True	True	True	both_directions_pass
M014450	M014027	True	True	True	True	both_directions_pass
M014450	M014106	True	True	True	True	both_directions_pass
M014450	M014208	True	True	True	True	both_directions_pass
M014450	M014339	True	True	True	True	both_directions_pass
M014450	M014424	True	True	True	True	both_directions_pass
M014450	M014451	True	True	True	True	both_directions_pass
M014450	M014508	True	True	False	False	neither_direction_passes
M014450	M014912	True	True	True	True	both_directions_pass
M014450	M014921	True	True	True	True	both_directions_pass
M014450	M014956	True	True	True	True	both_directions_pass
M014450	M014978	True	True	True	True	both_directions_pass
M014450	M015069	True	True	True	True	both_directions_pass
M014450	M015121	True	True	True	True	both_directions_pass
M014450	M015367	True	True	True	True	both_directions_pass
M014450	M015513	True	True	True	True	both_directions_pass
M014450	M015677	True	True	True	True	both_directions_pass
M014450	M015687	True	True	True	True	both_directions_pass
M014450	M015798	True	True	True	True	both_directions_pass
M014450	M015803	True	True	True	True	both_directions_pass
M014450	M015983	True	True	True	True	both_directions_pass
M014450	M015992	True	True	True	True	both_directions_pass
M014450	M016182	True	True	True	True	both_directions_pass
M014450	M016361	True	True	True	True	both_directions_pass
M014450	M016425	True	True	False	False	neither_direction_passes
M014450	M016590	True	True	True	True	both_directions_pass
M014450	M016657	True	True	False	False	neither_direction_passes
M014450	M016714	True	True	False	False	neither_direction_passes
M014450	M016753	True	True	True	True	both_directions_pass
M014450	M016792	True	True	True	True	both_directions_pass
M014450	M016890	True	True	True	True	both_directions_pass
M014450	M016926	True	True	True	True	both_directions_pass
M014450	M017001	True	True	True	True	both_directions_pass
M014450	M017048	True	True	True	True	both_directions_pass
M014450	M017124	True	True	True	True	both_directions_pass
M014450	M017265	True	True	True	True	both_directions_pass
M014450	M017354	True	True	True	True	both_directions_pass
M014450	M017379	True	True	True	True	both_directions_pass
M014450	M017520	True	True	True	True	both_directions_pass
M014450	M017846	True	True	True	True	both_directions_pass
M014465	M007237	True	True	True	True	both_directions_pass
M014465	M014636	True	True	True	True	both_directions_pass
M014465	M015317	True	True	True	True	both_directions_pass
M014465	M017134	True	True	True	True	both_directions_pass
M014465	M017647	True	True	True	True	both_directions_pass
M014509	M000334	True	True	True	True	both_directions_pass
M014509	M001720	True	True	True	True	both_directions_pass
M014509	M001767	True	True	True	True	both_directions_pass
M014509	M006036	True	True	True	True	both_directions_pass
M014509	M007441	True	True	True	True	both_directions_pass
M014509	M008156	True	True	True	True	both_directions_pass
M014509	M008647	True	True	True	True	both_directions_pass
M014509	M009849	True	True	True	True	both_directions_pass
M014509	M010171	True	True	True	True	both_directions_pass
M014509	M010508	True	True	True	True	both_directions_pass
M014509	M012037	True	True	True	True	both_directions_pass
M014509	M014717	True	True	True	True	both_directions_pass
M014509	M015262	True	True	True	True	both_directions_pass
M014509	M016275	True	True	True	True	both_directions_pass
M014509	M016457	True	True	True	True	both_directions_pass
M014509	M016869	True	True	True	True	both_directions_pass
M014509	M016875	True	True	True	True	both_directions_pass
M014509	M017369	True	True	True	True	both_directions_pass
M014526	M013155	True	True	True	True	both_directions_pass
M014528	M017318	True	True	True	True	both_directions_pass
M014543	M013395	True	True	True	True	both_directions_pass
M014543	M014278	True	True	True	True	both_directions_pass
M014543	M015431	True	True	True	True	both_directions_pass
M014543	M016276	True	True	True	True	both_directions_pass
M014546	M004166	True	True	True	True	both_directions_pass
M014546	M014790	True	True	True	True	both_directions_pass
M014546	M015555	True	True	True	True	both_directions_pass
M014546	M016943	True	True	True	True	both_directions_pass
M014553	M014181	True	True	True	True	both_directions_pass
M014553	M014968	True	True	True	True	both_directions_pass
M014553	M017023	True	True	True	True	both_directions_pass
M014553	M017219	True	True	True	True	both_directions_pass
M014553	M017566	True	True	True	True	both_directions_pass
M014554	M010591	True	True	True	True	both_directions_pass
M014554	M013961	True	True	False	False	neither_direction_passes
M014554	M016298	True	True	True	True	both_directions_pass
M014571	M017245	True	True	True	True	both_directions_pass
M014574	M016879	True	True	True	True	both_directions_pass
M014574	M017285	True	True	True	True	both_directions_pass
M014580	M015643	True	True	True	True	both_directions_pass
M014583	M014022	True	True	True	True	both_directions_pass
M014583	M014207	True	True	True	True	both_directions_pass
M014583	M015619	True	True	True	True	both_directions_pass
M014583	M017715	True	True	True	True	both_directions_pass
M014588	M013233	True	True	True	True	both_directions_pass
M014588	M013855	True	True	True	True	both_directions_pass
M014588	M014549	True	True	False	False	neither_direction_passes
M014588	M014908	True	True	True	True	both_directions_pass
M014588	M015382	True	True	True	True	both_directions_pass
M014588	M015596	True	True	True	True	both_directions_pass
M014588	M015885	True	True	False	False	neither_direction_passes
M014605	M000479	True	True	True	True	both_directions_pass
M014605	M000497	True	True	True	True	both_directions_pass
M014605	M005625	True	True	False	False	neither_direction_passes
M014605	M005872	True	True	False	False	neither_direction_passes
M014605	M005882	True	True	True	True	both_directions_pass
M014605	M012204	True	True	False	False	neither_direction_passes
M014605	M013198	True	True	True	True	both_directions_pass
M014605	M013262	True	True	True	True	both_directions_pass
M014605	M014269	True	True	True	True	both_directions_pass
M014605	M016021	True	True	True	True	both_directions_pass
M014605	M016280	True	True	True	True	both_directions_pass
M014605	M016554	True	True	True	True	both_directions_pass
M014605	M016934	True	True	True	True	both_directions_pass
M014605	M017029	True	True	True	True	both_directions_pass
M014605	M017061	True	True	True	True	both_directions_pass
M014608	M000099	True	True	True	True	both_directions_pass
M014608	M000279	True	True	True	True	both_directions_pass
M014608	M000331	True	True	True	True	both_directions_pass
M014608	M000382	True	True	True	True	both_directions_pass
M014608	M000485	True	True	True	True	both_directions_pass
M014608	M000600	True	True	True	True	both_directions_pass
M014608	M000720	True	True	True	True	both_directions_pass
M014608	M000817	True	True	True	True	both_directions_pass
M014608	M000838	True	True	True	True	both_directions_pass
M014608	M001158	True	True	True	True	both_directions_pass
M014608	M001248	True	True	True	True	both_directions_pass
M014608	M001337	True	True	True	True	both_directions_pass
M014608	M001459	True	True	True	True	both_directions_pass
M014608	M001571	True	True	True	True	both_directions_pass
M014608	M001692	True	True	True	True	both_directions_pass
M014608	M001800	True	True	True	True	both_directions_pass
M014608	M001849	True	True	True	True	both_directions_pass
M014608	M002037	True	True	True	True	both_directions_pass
M014608	M002291	True	True	True	True	both_directions_pass
M014608	M002410	True	True	True	True	both_directions_pass
M014608	M002427	True	True	True	True	both_directions_pass
M014608	M002610	True	True	True	True	both_directions_pass
M014608	M002720	True	True	True	True	both_directions_pass
M014608	M002783	True	True	True	True	both_directions_pass
M014608	M003010	True	True	True	True	both_directions_pass
M014608	M003117	True	True	True	True	both_directions_pass
M014608	M003208	True	True	True	True	both_directions_pass
M014608	M003320	True	True	True	True	both_directions_pass
M014608	M003392	True	True	True	True	both_directions_pass
M014608	M003600	True	True	True	True	both_directions_pass
M014608	M003644	True	True	True	True	both_directions_pass
M014608	M003743	True	True	True	True	both_directions_pass
M014608	M003867	True	True	True	True	both_directions_pass
M014608	M003933	True	True	True	True	both_directions_pass
M014608	M004106	True	True	True	True	both_directions_pass
M014608	M004241	True	True	True	True	both_directions_pass
M014608	M004310	True	True	True	True	both_directions_pass
M014608	M004488	True	True	True	True	both_directions_pass
M014608	M004601	True	True	True	True	both_directions_pass
M014608	M004679	True	True	True	True	both_directions_pass
M014608	M004861	True	True	True	True	both_directions_pass
M014608	M004915	True	True	True	True	both_directions_pass
M014608	M005035	True	True	True	True	both_directions_pass
M014608	M005150	True	True	True	True	both_directions_pass
M014608	M005370	True	True	True	True	both_directions_pass
M014608	M005491	True	True	True	True	both_directions_pass
M014608	M005729	True	True	True	True	both_directions_pass
M014608	M005857	True	True	True	True	both_directions_pass
M014608	M005913	True	True	True	True	both_directions_pass
M014608	M006071	True	True	True	True	both_directions_pass
M014608	M006112	True	True	True	True	both_directions_pass
M014608	M006340	True	True	True	True	both_directions_pass
M014608	M006487	True	True	True	True	both_directions_pass
M014608	M006559	True	True	True	True	both_directions_pass
M014608	M006790	True	True	True	True	both_directions_pass
M014608	M006863	True	True	True	True	both_directions_pass
M014608	M006938	True	True	True	True	both_directions_pass
M014608	M007076	True	True	True	True	both_directions_pass
M014608	M007258	True	True	True	True	both_directions_pass
M014608	M007289	True	True	True	True	both_directions_pass
M014608	M007359	True	True	True	True	both_directions_pass
M014608	M007430	True	True	True	True	both_directions_pass
M014608	M007571	True	True	True	True	both_directions_pass
M014608	M007785	True	True	True	True	both_directions_pass
M014608	M007825	True	True	True	True	both_directions_pass
M014608	M008106	True	True	True	True	both_directions_pass
M014608	M008207	True	True	True	True	both_directions_pass
M014608	M008254	True	True	True	True	both_directions_pass
M014608	M008437	True	True	True	True	both_directions_pass
M014608	M008523	True	True	True	True	both_directions_pass
M014608	M008772	True	True	True	True	both_directions_pass
M014608	M008911	True	True	True	True	both_directions_pass
M014608	M009051	True	True	True	True	both_directions_pass
M014608	M009188	True	True	True	True	both_directions_pass
M014608	M009482	True	True	True	True	both_directions_pass
M014608	M009564	True	True	True	True	both_directions_pass
M014608	M009700	True	True	True	True	both_directions_pass
M014608	M009724	True	True	True	True	both_directions_pass
M014608	M009824	True	True	True	True	both_directions_pass
M014608	M009994	True	True	True	True	both_directions_pass
M014608	M010055	True	True	True	True	both_directions_pass
M014608	M010119	True	True	True	True	both_directions_pass
M014608	M010305	True	True	True	True	both_directions_pass
M014608	M010357	True	True	True	True	both_directions_pass
M014608	M010527	True	True	True	True	both_directions_pass
M014608	M010651	True	True	True	True	both_directions_pass
M014608	M010740	True	True	True	True	both_directions_pass
M014608	M010925	True	True	True	True	both_directions_pass
M014608	M011028	True	True	True	True	both_directions_pass
M014608	M011250	True	True	True	True	both_directions_pass
M014608	M011447	True	True	True	True	both_directions_pass
M014608	M011520	True	True	True	True	both_directions_pass
M014608	M011612	True	True	True	True	both_directions_pass
M014608	M011690	True	True	True	True	both_directions_pass
M014608	M011884	True	True	True	True	both_directions_pass
M014608	M012004	True	True	True	True	both_directions_pass
M014608	M012108	True	True	True	True	both_directions_pass
M014608	M012238	True	True	False	False	neither_direction_passes
M014608	M012262	True	True	True	True	both_directions_pass
M014608	M012355	True	True	True	True	both_directions_pass
M014608	M012386	True	True	True	True	both_directions_pass
M014608	M012591	True	True	True	True	both_directions_pass
M014608	M012633	True	True	True	True	both_directions_pass
M014608	M012757	True	True	True	True	both_directions_pass
M014608	M012883	True	True	True	True	both_directions_pass
M014608	M012937	True	True	True	True	both_directions_pass
M014608	M013049	True	True	True	True	both_directions_pass
M014608	M013138	True	True	True	True	both_directions_pass
M014608	M013666	True	True	True	True	both_directions_pass
M014608	M013875	True	True	False	False	neither_direction_passes
M014608	M015252	True	True	True	True	both_directions_pass
M014608	M015590	True	True	True	True	both_directions_pass
M014608	M017237	True	True	True	True	both_directions_pass
M014622	M000878	True	True	True	True	both_directions_pass
M014622	M000965	True	True	True	True	both_directions_pass
M014622	M005032	True	True	True	True	both_directions_pass
M014622	M005412	True	True	True	True	both_directions_pass
M014622	M006652	True	True	True	True	both_directions_pass
M014622	M007014	True	True	True	True	both_directions_pass
M014622	M008323	True	True	True	True	both_directions_pass
M014622	M008877	True	True	True	True	both_directions_pass
M014622	M010003	True	True	True	True	both_directions_pass
M014622	M011300	True	True	True	True	both_directions_pass
M014622	M011891	True	True	True	True	both_directions_pass
M014622	M012428	True	True	True	True	both_directions_pass
M014622	M013173	True	True	True	True	both_directions_pass
M014622	M013290	True	True	True	True	both_directions_pass
M014622	M013571	True	True	True	True	both_directions_pass
M014622	M013641	True	True	True	True	both_directions_pass
M014622	M013788	True	True	True	True	both_directions_pass
M014622	M013887	True	True	True	True	both_directions_pass
M014622	M013896	True	True	True	True	both_directions_pass
M014622	M014004	True	True	True	True	both_directions_pass
M014622	M014237	True	True	True	True	both_directions_pass
M014622	M014345	True	True	True	True	both_directions_pass
M014622	M014425	True	True	True	True	both_directions_pass
M014622	M014602	True	True	True	True	both_directions_pass
M014622	M014625	True	True	True	True	both_directions_pass
M014622	M014644	True	True	True	True	both_directions_pass
M014622	M014650	True	True	True	True	both_directions_pass
M014622	M015053	True	True	True	True	both_directions_pass
M014622	M015113	True	True	True	True	both_directions_pass
M014622	M015181	True	True	True	True	both_directions_pass
M014622	M015198	True	True	True	True	both_directions_pass
M014622	M015209	True	True	True	True	both_directions_pass
M014622	M015458	True	True	True	True	both_directions_pass
M014622	M015510	True	True	True	True	both_directions_pass
M014622	M015515	True	True	True	True	both_directions_pass
M014622	M015565	True	True	True	True	both_directions_pass
M014622	M015676	True	True	True	True	both_directions_pass
M014622	M015952	True	True	True	True	both_directions_pass
M014622	M016048	True	True	True	True	both_directions_pass
M014622	M016107	True	True	True	True	both_directions_pass
M014622	M016206	True	True	True	True	both_directions_pass
M014622	M016443	True	True	True	True	both_directions_pass
M014622	M016535	True	True	True	True	both_directions_pass
M014622	M016575	True	True	True	True	both_directions_pass
M014622	M016606	True	True	True	True	both_directions_pass
M014622	M016642	True	True	True	True	both_directions_pass
M014622	M016876	True	True	True	True	both_directions_pass
M014622	M016979	True	True	True	True	both_directions_pass
M014622	M017056	True	True	True	True	both_directions_pass
M014622	M017075	True	True	True	True	both_directions_pass
M014622	M017102	True	True	True	True	both_directions_pass
M014622	M017456	True	True	True	True	both_directions_pass
M014622	M017462	True	True	True	True	both_directions_pass
M014622	M017564	True	True	True	True	both_directions_pass
M014622	M017567	True	True	True	True	both_directions_pass
M014622	M017587	True	True	True	True	both_directions_pass
M014622	M017946	True	True	True	True	both_directions_pass
M014622	M017979	True	True	True	True	both_directions_pass
M014622	M018269	True	True	True	True	both_directions_pass
M014635	M016382	True	True	True	True	both_directions_pass
M014635	M018132	True	True	True	True	both_directions_pass
M014666	M014964	True	True	True	True	both_directions_pass
M014689	M013611	True	True	True	True	both_directions_pass
M014689	M016658	True	True	True	True	both_directions_pass
M014691	M017367	True	True	True	True	both_directions_pass
M014699	M001249	True	True	True	True	both_directions_pass
M014699	M013835	True	True	True	False	one_direction_passes
M014699	M015210	True	True	True	True	both_directions_pass
M014702	M000027	True	True	True	True	both_directions_pass
M014702	M000259	True	True	True	True	both_directions_pass
M014702	M000307	True	True	True	True	both_directions_pass
M014702	M000443	True	True	True	True	both_directions_pass
M014702	M000585	True	True	True	True	both_directions_pass
M014702	M000639	True	True	True	True	both_directions_pass
M014702	M001191	True	True	True	True	both_directions_pass
M014702	M001475	True	True	True	True	both_directions_pass
M014702	M001706	True	True	True	True	both_directions_pass
M014702	M001899	True	True	True	True	both_directions_pass
M014702	M001981	True	True	True	True	both_directions_pass
M014702	M002183	True	True	True	True	both_directions_pass
M014702	M002294	True	True	True	True	both_directions_pass
M014702	M002498	True	True	True	True	both_directions_pass
M014702	M002629	True	True	True	True	both_directions_pass
M014702	M002798	True	True	True	True	both_directions_pass
M014702	M003086	True	True	True	True	both_directions_pass
M014702	M003238	True	True	True	True	both_directions_pass
M014702	M003285	True	True	True	True	both_directions_pass
M014702	M003551	True	True	True	True	both_directions_pass
M014702	M003650	True	True	True	True	both_directions_pass
M014702	M003849	True	True	True	True	both_directions_pass
M014702	M004008	True	True	True	True	both_directions_pass
M014702	M004057	True	True	False	False	neither_direction_passes
M014702	M004329	True	True	True	True	both_directions_pass
M014702	M004616	True	True	True	True	both_directions_pass
M014702	M005295	True	True	True	True	both_directions_pass
M014702	M005518	True	True	True	True	both_directions_pass
M014702	M005658	True	True	True	True	both_directions_pass
M014702	M005888	True	True	True	True	both_directions_pass
M014702	M006015	True	True	True	True	both_directions_pass
M014702	M006171	True	True	True	True	both_directions_pass
M014702	M006333	True	True	True	True	both_directions_pass
M014702	M006770	True	True	True	True	both_directions_pass
M014702	M006961	True	True	True	True	both_directions_pass
M014702	M007196	True	True	True	True	both_directions_pass
M014702	M007372	True	True	True	True	both_directions_pass
M014702	M007631	True	True	True	True	both_directions_pass
M014702	M007894	True	True	True	True	both_directions_pass
M014702	M008128	True	True	True	True	both_directions_pass
M014702	M008458	True	True	True	True	both_directions_pass
M014702	M008693	True	True	True	True	both_directions_pass
M014702	M008980	True	True	True	True	both_directions_pass
M014702	M009064	True	True	True	True	both_directions_pass
M014702	M009253	True	True	True	True	both_directions_pass
M014702	M009316	True	True	True	True	both_directions_pass
M014702	M009703	True	True	True	True	both_directions_pass
M014702	M009735	True	True	True	True	both_directions_pass
M014702	M009854	True	True	True	True	both_directions_pass
M014702	M010157	True	True	True	True	both_directions_pass
M014702	M010255	True	True	True	True	both_directions_pass
M014702	M010370	True	True	True	True	both_directions_pass
M014702	M010679	True	True	True	True	both_directions_pass
M014702	M010898	True	True	True	True	both_directions_pass
M014702	M011075	True	True	True	True	both_directions_pass
M014702	M011104	True	True	True	True	both_directions_pass
M014702	M012139	True	True	True	True	both_directions_pass
M014702	M012174	True	True	True	True	both_directions_pass
M014702	M012402	True	True	True	True	both_directions_pass
M014702	M012767	True	True	True	True	both_directions_pass
M014702	M013127	True	True	True	True	both_directions_pass
M014702	M013168	True	True	True	True	both_directions_pass
M014702	M013187	True	True	True	True	both_directions_pass
M014702	M013212	True	True	True	True	both_directions_pass
M014702	M013357	True	True	True	True	both_directions_pass
M014702	M013376	True	True	True	True	both_directions_pass
M014702	M013441	True	True	True	True	both_directions_pass
M014702	M013562	True	True	True	True	both_directions_pass
M014702	M013718	True	True	True	True	both_directions_pass
M014702	M013750	True	True	True	True	both_directions_pass
M014702	M013765	True	True	True	True	both_directions_pass
M014702	M013784	True	True	True	True	both_directions_pass
M014702	M013800	True	True	True	True	both_directions_pass
M014702	M013862	True	True	True	True	both_directions_pass
M014702	M014019	True	True	True	True	both_directions_pass
M014702	M014063	True	True	True	True	both_directions_pass
M014702	M014118	True	True	True	True	both_directions_pass
M014702	M014133	True	True	True	True	both_directions_pass
M014702	M014137	True	True	True	True	both_directions_pass
M014702	M014161	True	True	True	True	both_directions_pass
M014702	M014172	True	True	True	True	both_directions_pass
M014702	M014427	True	True	True	True	both_directions_pass
M014702	M014461	True	True	True	True	both_directions_pass
M014702	M014505	True	True	True	True	both_directions_pass
M014702	M014612	True	True	True	True	both_directions_pass
M014702	M014664	True	True	True	True	both_directions_pass
M014702	M014741	True	True	True	True	both_directions_pass
M014702	M014761	True	True	True	True	both_directions_pass
M014702	M014773	True	True	True	True	both_directions_pass
M014702	M014813	True	True	True	True	both_directions_pass
M014702	M014837	True	True	True	True	both_directions_pass
M014702	M014873	True	True	True	True	both_directions_pass
M014702	M014907	True	True	True	True	both_directions_pass
M014702	M014958	True	True	True	True	both_directions_pass
M014702	M014965	True	True	True	True	both_directions_pass
M014702	M014973	True	True	True	True	both_directions_pass
M014702	M015013	True	True	True	True	both_directions_pass
M014702	M015351	True	True	True	True	both_directions_pass
M014702	M015505	True	True	True	True	both_directions_pass
M014702	M015552	True	True	True	True	both_directions_pass
M014702	M015692	True	True	True	True	both_directions_pass
M014702	M015750	True	True	True	True	both_directions_pass
M014702	M015759	True	True	True	True	both_directions_pass
M014702	M015838	True	True	True	True	both_directions_pass
M014702	M015873	True	True	True	True	both_directions_pass
M014702	M015903	True	True	True	True	both_directions_pass
M014702	M015977	True	True	True	True	both_directions_pass
M014702	M016170	True	True	True	True	both_directions_pass
M014702	M016307	True	True	True	True	both_directions_pass
M014702	M016437	True	True	True	True	both_directions_pass
M014702	M016493	True	True	True	True	both_directions_pass
M014702	M016506	True	True	True	True	both_directions_pass
M014702	M016582	True	True	True	True	both_directions_pass
M014702	M016631	True	True	True	True	both_directions_pass
M014702	M016689	True	True	True	True	both_directions_pass
M014702	M016710	True	True	True	True	both_directions_pass
M014702	M016751	True	True	True	True	both_directions_pass
M014702	M016851	True	True	True	True	both_directions_pass
M014702	M016870	True	True	True	True	both_directions_pass
M014702	M016872	True	True	True	True	both_directions_pass
M014702	M016906	True	True	True	True	both_directions_pass
M014702	M016949	True	True	True	True	both_directions_pass
M014702	M016967	True	True	True	True	both_directions_pass
M014702	M017006	True	True	True	True	both_directions_pass
M014702	M017207	True	True	True	True	both_directions_pass
M014702	M017243	True	True	True	True	both_directions_pass
M014702	M017325	True	True	True	True	both_directions_pass
M014702	M017556	True	True	True	True	both_directions_pass
M014702	M017571	True	True	True	True	both_directions_pass
M014702	M017653	True	True	True	True	both_directions_pass
M014702	M017725	True	True	True	True	both_directions_pass
M014702	M017893	True	True	True	True	both_directions_pass
M014702	M017895	True	True	True	True	both_directions_pass
M014702	M017929	True	True	True	True	both_directions_pass
M014702	M017983	True	True	True	True	both_directions_pass
M014702	M018120	True	True	True	True	both_directions_pass
M014702	M018192	True	True	True	True	both_directions_pass
M014702	M018199	True	True	True	True	both_directions_pass
M014702	M018212	True	True	True	True	both_directions_pass
M014702	M018239	True	True	True	True	both_directions_pass
M014716	M017200	True	True	True	True	both_directions_pass
M014720	M016264	True	True	True	True	both_directions_pass
M014769	M016633	True	True	True	True	both_directions_pass
M014772	M017372	True	True	True	True	both_directions_pass
M014775	M005190	True	True	True	True	both_directions_pass
M014775	M013805	True	True	True	True	both_directions_pass
M014775	M017760	True	True	True	True	both_directions_pass
M014778	M000302	True	True	True	True	both_directions_pass
M014778	M000370	True	True	False	False	neither_direction_passes
M014778	M001749	True	True	True	True	both_directions_pass
M014778	M004374	True	True	True	True	both_directions_pass
M014778	M004526	True	True	False	False	neither_direction_passes
M014778	M005078	True	True	True	True	both_directions_pass
M014778	M005288	True	True	True	True	both_directions_pass
M014778	M006488	True	True	True	True	both_directions_pass
M014778	M006794	True	True	True	True	both_directions_pass
M014778	M007254	True	True	True	True	both_directions_pass
M014778	M007980	True	True	True	True	both_directions_pass
M014778	M008162	True	True	True	True	both_directions_pass
M014778	M008434	True	True	True	True	both_directions_pass
M014778	M010676	True	True	True	True	both_directions_pass
M014778	M011534	True	True	True	True	both_directions_pass
M014778	M011741	True	True	True	True	both_directions_pass
M014778	M011941	True	True	False	False	neither_direction_passes
M014778	M012046	True	True	True	True	both_directions_pass
M014778	M012904	True	True	False	False	neither_direction_passes
M014778	M013147	True	True	True	True	both_directions_pass
M014778	M013183	True	True	True	True	both_directions_pass
M014778	M013188	True	True	True	True	both_directions_pass
M014778	M013225	True	True	True	True	both_directions_pass
M014778	M013337	True	True	True	True	both_directions_pass
M014778	M013569	True	True	True	True	both_directions_pass
M014778	M013573	True	True	True	True	both_directions_pass
M014778	M013655	True	True	True	True	both_directions_pass
M014778	M013683	True	True	True	True	both_directions_pass
M014778	M013820	True	True	True	True	both_directions_pass
M014778	M013847	True	True	True	True	both_directions_pass
M014778	M013853	True	True	True	True	both_directions_pass
M014778	M014152	True	True	True	True	both_directions_pass
M014778	M014246	True	True	False	False	neither_direction_passes
M014778	M014342	True	True	True	True	both_directions_pass
M014778	M014487	True	True	True	True	both_directions_pass
M014778	M014541	True	True	True	True	both_directions_pass
M014778	M014621	True	True	True	True	both_directions_pass
M014778	M014639	True	True	True	True	both_directions_pass
M014778	M014683	True	True	True	True	both_directions_pass
M014778	M014763	True	True	True	True	both_directions_pass
M014778	M015186	True	True	True	True	both_directions_pass
M014778	M015274	True	True	True	True	both_directions_pass
M014778	M015428	True	True	True	True	both_directions_pass
M014778	M015606	True	True	True	True	both_directions_pass
M014778	M015627	True	True	True	True	both_directions_pass
M014778	M015661	True	True	True	True	both_directions_pass
M014778	M015814	True	True	False	False	neither_direction_passes
M014778	M015866	True	True	True	True	both_directions_pass
M014778	M016302	True	True	True	True	both_directions_pass
M014778	M016353	True	True	True	True	both_directions_pass
M014778	M016407	True	True	True	True	both_directions_pass
M014778	M016577	True	True	True	True	both_directions_pass
M014778	M016600	True	True	True	True	both_directions_pass
M014778	M016775	True	True	True	True	both_directions_pass
M014778	M016885	True	True	True	True	both_directions_pass
M014778	M016968	True	True	True	True	both_directions_pass
M014778	M016971	True	True	True	True	both_directions_pass
M014778	M017078	True	True	True	True	both_directions_pass
M014778	M017407	True	True	True	True	both_directions_pass
M014778	M017689	True	True	True	True	both_directions_pass
M014778	M017752	True	True	False	False	neither_direction_passes
M014778	M017915	True	True	True	True	both_directions_pass
M014778	M018008	True	True	True	True	both_directions_pass
M014778	M018016	True	True	True	True	both_directions_pass
M014778	M018203	True	True	True	True	both_directions_pass
M014778	M018225	True	True	True	True	both_directions_pass
M014778	M018234	True	True	True	True	both_directions_pass
M014786	M013426	True	True	True	True	both_directions_pass
M014786	M014593	True	True	True	True	both_directions_pass
M014786	M014753	True	True	True	True	both_directions_pass
M014786	M015044	True	True	True	True	both_directions_pass
M014786	M015760	True	True	True	True	both_directions_pass
M014786	M017411	True	True	True	True	both_directions_pass
M014792	M015218	True	True	True	True	both_directions_pass
M014792	M016863	True	True	True	True	both_directions_pass
M014799	M002832	True	True	True	True	both_directions_pass
M014799	M006076	True	True	True	True	both_directions_pass
M014799	M008622	True	True	True	True	both_directions_pass
M014799	M008727	True	True	True	True	both_directions_pass
M014799	M012734	True	True	True	True	both_directions_pass
M014799	M013269	True	True	True	True	both_directions_pass
M014799	M013322	True	True	True	True	both_directions_pass
M014799	M013389	True	True	True	True	both_directions_pass
M014799	M013876	True	True	True	True	both_directions_pass
M014799	M014057	True	True	True	True	both_directions_pass
M014799	M014081	True	True	True	True	both_directions_pass
M014799	M014135	True	True	True	True	both_directions_pass
M014799	M014230	True	True	True	True	both_directions_pass
M014799	M014288	True	True	True	True	both_directions_pass
M014799	M014306	True	True	True	True	both_directions_pass
M014799	M014594	True	True	True	True	both_directions_pass
M014799	M014892	True	True	True	True	both_directions_pass
M014799	M015206	True	True	True	True	both_directions_pass
M014799	M015440	True	True	True	True	both_directions_pass
M014799	M015857	True	True	True	True	both_directions_pass
M014799	M015915	True	True	True	True	both_directions_pass
M014799	M016129	True	True	True	True	both_directions_pass
M014799	M016403	True	True	True	True	both_directions_pass
M014799	M016777	True	True	True	True	both_directions_pass
M014799	M017201	True	True	True	True	both_directions_pass
M014799	M017209	True	True	True	True	both_directions_pass
M014799	M017374	True	True	True	True	both_directions_pass
M014799	M017380	True	True	True	True	both_directions_pass
M014799	M017594	True	True	True	True	both_directions_pass
M014799	M017678	True	True	True	True	both_directions_pass
M014799	M017834	True	True	True	True	both_directions_pass
M014799	M018000	True	True	True	True	both_directions_pass
M014802	M001896	True	True	True	True	both_directions_pass
M014802	M009415	True	True	False	False	neither_direction_passes
M014802	M013403	True	True	True	True	both_directions_pass
M014802	M013406	True	True	True	True	both_directions_pass
M014802	M014286	True	True	False	False	neither_direction_passes
M014802	M014303	True	True	True	True	both_directions_pass
M014802	M014478	True	True	True	True	both_directions_pass
M014802	M014604	True	True	True	True	both_directions_pass
M014802	M014825	True	True	True	True	both_directions_pass
M014802	M014851	True	True	True	True	both_directions_pass
M014802	M014975	True	True	True	True	both_directions_pass
M014802	M015157	True	True	True	True	both_directions_pass
M014802	M015474	True	True	True	True	both_directions_pass
M014802	M015656	True	True	True	True	both_directions_pass
M014802	M015840	True	True	True	True	both_directions_pass
M014802	M015852	True	True	True	True	both_directions_pass
M014802	M015923	True	True	True	True	both_directions_pass
M014802	M016230	True	True	True	True	both_directions_pass
M014802	M016656	True	True	True	True	both_directions_pass
M014802	M016803	True	True	True	True	both_directions_pass
M014802	M016947	True	True	True	True	both_directions_pass
M014802	M017229	True	True	True	True	both_directions_pass
M014802	M017233	True	True	True	True	both_directions_pass
M014802	M017357	True	True	True	True	both_directions_pass
M014802	M017359	True	True	True	True	both_directions_pass
M014802	M017558	True	True	True	True	both_directions_pass
M014802	M017583	True	True	True	True	both_directions_pass
M014802	M017958	True	True	True	True	both_directions_pass
M014802	M018024	True	True	True	True	both_directions_pass
M014802	M018077	True	True	True	True	both_directions_pass
M014802	M018186	True	True	True	True	both_directions_pass
M014802	M018204	True	True	True	True	both_directions_pass
M014802	M018273	True	True	True	True	both_directions_pass
M014833	M013454	True	True	True	True	both_directions_pass
M014833	M014481	True	True	True	True	both_directions_pass
M014833	M014811	True	True	True	True	both_directions_pass
M014833	M014940	True	True	False	False	neither_direction_passes
M014833	M015092	True	True	True	True	both_directions_pass
M014833	M015461	True	True	True	True	both_directions_pass
M014833	M016218	True	True	False	False	neither_direction_passes
M014833	M016696	True	True	True	True	both_directions_pass
M014834	M000688	True	True	True	True	both_directions_pass
M014849	M015671	True	True	True	True	both_directions_pass
M014864	M004115	True	True	True	True	both_directions_pass
M014864	M010671	True	True	True	True	both_directions_pass
M014864	M011068	True	True	True	True	both_directions_pass
M014864	M013558	True	True	True	True	both_directions_pass
M014864	M013643	True	True	True	True	both_directions_pass
M014864	M014273	True	True	True	True	both_directions_pass
M014864	M014633	True	True	False	False	neither_direction_passes
M014864	M014863	True	True	False	False	neither_direction_passes
M014864	M015887	True	True	True	True	both_directions_pass
M014864	M016452	True	True	True	True	both_directions_pass
M014864	M016774	True	True	True	True	both_directions_pass
M014864	M017288	True	True	True	True	both_directions_pass
M014887	M015240	True	True	True	True	both_directions_pass
M014887	M016927	True	True	True	True	both_directions_pass
M014918	M014196	True	True	False	False	neither_direction_passes
M014918	M015007	True	True	True	True	both_directions_pass
M014918	M016376	True	True	True	True	both_directions_pass
M014918	M016498	True	True	True	True	both_directions_pass
M014918	M017016	True	True	True	True	both_directions_pass
M014944	M016115	True	True	True	True	both_directions_pass
M014951	M016692	True	True	True	True	both_directions_pass
M014972	M013254	True	True	True	True	both_directions_pass
M014972	M013261	True	True	True	True	both_directions_pass
M014972	M014445	True	True	True	True	both_directions_pass
M014972	M016868	True	True	True	True	both_directions_pass
M014979	M013161	True	True	True	True	both_directions_pass
M014979	M014357	True	True	True	True	both_directions_pass
M015020	M009339	True	True	True	True	both_directions_pass
M015033	M000100	True	True	True	True	both_directions_pass
M015033	M000369	True	True	True	True	both_directions_pass
M015033	M001080	True	True	True	True	both_directions_pass
M015033	M001181	True	True	True	True	both_directions_pass
M015033	M001432	True	True	True	True	both_directions_pass
M015033	M002120	True	True	True	True	both_directions_pass
M015033	M002774	True	True	True	True	both_directions_pass
M015033	M004346	True	True	True	True	both_directions_pass
M015033	M004551	True	True	True	True	both_directions_pass
M015033	M004992	True	True	True	True	both_directions_pass
M015033	M005073	True	True	True	True	both_directions_pass
M015033	M005212	True	True	True	True	both_directions_pass
M015033	M005834	True	True	True	True	both_directions_pass
M015033	M006133	True	True	True	True	both_directions_pass
M015033	M006212	True	True	True	True	both_directions_pass
M015033	M006472	True	True	True	True	both_directions_pass
M015033	M006820	True	True	True	True	both_directions_pass
M015033	M006866	True	True	True	True	both_directions_pass
M015033	M007121	True	True	True	True	both_directions_pass
M015033	M007129	True	True	True	True	both_directions_pass
M015033	M007982	True	True	True	True	both_directions_pass
M015033	M008784	True	True	True	True	both_directions_pass
M015033	M009120	True	True	True	True	both_directions_pass
M015033	M009609	True	True	True	True	both_directions_pass
M015033	M009653	True	True	True	True	both_directions_pass
M015033	M009893	True	True	True	True	both_directions_pass
M015033	M010184	True	True	True	True	both_directions_pass
M015033	M010281	True	True	True	True	both_directions_pass
M015033	M010343	True	True	True	True	both_directions_pass
M015033	M010389	True	True	True	True	both_directions_pass
M015033	M010652	True	True	True	True	both_directions_pass
M015033	M010748	True	True	True	True	both_directions_pass
M015033	M011373	True	True	True	True	both_directions_pass
M015033	M011670	True	True	True	True	both_directions_pass
M015033	M011951	True	True	True	True	both_directions_pass
M015033	M012165	True	True	True	True	both_directions_pass
M015033	M012254	True	True	True	True	both_directions_pass
M015033	M012407	True	True	True	True	both_directions_pass
M015033	M012886	True	True	True	True	both_directions_pass
M015033	M013074	True	True	True	True	both_directions_pass
M015033	M013670	True	True	True	True	both_directions_pass
M015033	M013830	True	True	True	True	both_directions_pass
M015033	M014579	True	True	True	True	both_directions_pass
M015033	M015663	True	True	True	True	both_directions_pass
M015033	M015672	True	True	True	True	both_directions_pass
M015033	M017294	True	True	True	True	both_directions_pass
M015033	M017390	True	True	True	True	both_directions_pass
M015033	M017424	True	True	True	True	both_directions_pass
M015040	M013845	True	True	True	True	both_directions_pass
M015040	M014212	True	True	True	True	both_directions_pass
M015040	M015780	True	True	True	True	both_directions_pass
M015040	M016744	True	True	True	True	both_directions_pass
M015040	M016827	True	True	True	True	both_directions_pass
M015040	M017993	True	True	True	True	both_directions_pass
M015046	M004098	True	True	True	True	both_directions_pass
M015046	M004253	True	True	True	True	both_directions_pass
M015046	M004823	True	True	True	True	both_directions_pass
M015046	M005117	True	True	True	True	both_directions_pass
M015046	M007007	True	True	True	True	both_directions_pass
M015046	M011511	True	True	False	False	neither_direction_passes
M015046	M011582	True	True	True	True	both_directions_pass
M015046	M012271	True	True	False	False	neither_direction_passes
M015046	M012335	True	True	True	True	both_directions_pass
M015046	M013418	True	True	True	True	both_directions_pass
M015046	M013693	True	True	True	True	both_directions_pass
M015046	M013889	True	True	False	False	neither_direction_passes
M015046	M013907	True	True	False	False	neither_direction_passes
M015046	M013983	True	True	False	False	neither_direction_passes
M015046	M014218	True	True	False	False	neither_direction_passes
M015046	M014592	True	True	False	False	neither_direction_passes
M015046	M015021	True	True	True	True	both_directions_pass
M015046	M015249	True	True	False	False	neither_direction_passes
M015046	M015259	True	True	False	False	neither_direction_passes
M015046	M015373	True	True	True	True	both_directions_pass
M015046	M015500	True	True	True	True	both_directions_pass
M015046	M015562	True	True	True	True	both_directions_pass
M015046	M015578	True	True	True	True	both_directions_pass
M015046	M015683	True	True	True	True	both_directions_pass
M015046	M015801	True	True	True	True	both_directions_pass
M015046	M015922	True	True	False	False	neither_direction_passes
M015046	M016165	True	True	True	True	both_directions_pass
M015046	M016207	True	True	True	True	both_directions_pass
M015046	M016219	True	True	True	True	both_directions_pass
M015046	M016301	True	True	True	True	both_directions_pass
M015046	M016345	True	True	False	False	neither_direction_passes
M015046	M016478	True	True	True	True	both_directions_pass
M015046	M016565	True	True	True	True	both_directions_pass
M015046	M016886	True	True	False	False	neither_direction_passes
M015046	M016908	True	True	False	False	neither_direction_passes
M015046	M017197	True	True	True	True	both_directions_pass
M015046	M017693	True	True	False	False	neither_direction_passes
M015046	M017694	True	True	True	True	both_directions_pass
M015046	M017994	True	True	True	True	both_directions_pass
M015046	M018258	True	True	True	True	both_directions_pass
M015065	M001190	True	True	True	True	both_directions_pass
M015065	M001460	True	True	True	True	both_directions_pass
M015065	M002790	True	True	True	True	both_directions_pass
M015065	M003522	True	True	True	True	both_directions_pass
M015065	M006508	True	True	True	True	both_directions_pass
M015065	M007510	True	True	True	True	both_directions_pass
M015065	M008471	True	True	True	True	both_directions_pass
M015065	M010528	True	True	True	True	both_directions_pass
M015065	M011726	True	True	True	True	both_directions_pass
M015065	M013165	True	True	True	True	both_directions_pass
M015065	M013189	True	True	True	True	both_directions_pass
M015065	M013815	True	True	True	True	both_directions_pass
M015065	M014328	True	True	True	True	both_directions_pass
M015065	M014789	True	True	True	True	both_directions_pass
M015065	M014842	True	True	True	True	both_directions_pass
M015065	M015525	True	True	True	True	both_directions_pass
M015065	M016675	True	True	True	True	both_directions_pass
M015065	M016836	True	True	True	True	both_directions_pass
M015065	M017084	True	True	True	True	both_directions_pass
M015065	M017657	True	True	True	True	both_directions_pass
M015065	M018013	True	True	True	True	both_directions_pass
M015076	M013476	True	True	True	True	both_directions_pass
M015076	M014808	True	True	True	True	both_directions_pass
M015076	M015239	True	True	True	True	both_directions_pass
M015076	M015793	True	True	True	True	both_directions_pass
M015076	M016215	True	True	True	True	both_directions_pass
M015076	M016504	True	True	True	True	both_directions_pass
M015076	M016702	True	True	True	True	both_directions_pass
M015076	M017238	True	True	True	True	both_directions_pass
M015076	M017481	True	True	True	True	both_directions_pass
M015076	M017519	True	True	True	True	both_directions_pass
M015076	M017535	True	True	True	True	both_directions_pass
M015076	M017937	True	True	True	True	both_directions_pass
M015076	M018139	True	True	True	True	both_directions_pass
M015116	M015668	True	True	True	True	both_directions_pass
M015127	M018091	True	True	True	True	both_directions_pass
M015133	M001297	True	True	True	True	both_directions_pass
M015142	M013348	True	True	True	True	both_directions_pass
M015142	M013738	True	True	True	True	both_directions_pass
M015142	M014367	True	True	True	True	both_directions_pass
M015142	M014524	True	True	True	True	both_directions_pass
M015142	M014557	True	True	True	True	both_directions_pass
M015142	M015098	True	True	True	True	both_directions_pass
M015142	M015395	True	True	True	True	both_directions_pass
M015142	M016306	True	True	True	True	both_directions_pass
M015142	M017118	True	True	True	True	both_directions_pass
M015142	M017391	True	True	True	True	both_directions_pass
M015142	M017601	True	True	True	True	both_directions_pass
M015142	M017853	True	True	True	True	both_directions_pass
M015166	M013392	True	True	True	True	both_directions_pass
M015166	M013440	True	True	True	True	both_directions_pass
M015166	M013938	True	True	True	True	both_directions_pass
M015166	M014285	True	True	True	True	both_directions_pass
M015166	M014824	True	True	True	True	both_directions_pass
M015166	M014938	True	True	True	True	both_directions_pass
M015166	M015456	True	True	True	True	both_directions_pass
M015166	M015669	True	True	True	True	both_directions_pass
M015166	M016435	True	True	True	True	both_directions_pass
M015166	M016545	True	True	True	True	both_directions_pass
M015166	M016573	True	True	True	True	both_directions_pass
M015166	M016768	True	True	True	True	both_directions_pass
M015166	M017194	True	True	True	True	both_directions_pass
M015166	M017443	True	True	True	True	both_directions_pass
M015166	M018169	True	True	True	True	both_directions_pass
M015167	M002463	True	True	True	True	both_directions_pass
M015167	M005588	True	True	True	True	both_directions_pass
M015167	M006637	True	True	True	True	both_directions_pass
M015167	M007600	True	True	True	True	both_directions_pass
M015167	M008203	True	True	True	True	both_directions_pass
M015167	M009122	True	True	True	True	both_directions_pass
M015167	M010028	True	True	True	True	both_directions_pass
M015167	M010834	True	True	True	True	both_directions_pass
M015167	M011240	True	True	True	True	both_directions_pass
M015167	M011362	True	True	True	True	both_directions_pass
M015167	M013485	True	True	True	True	both_directions_pass
M015167	M014209	True	True	True	True	both_directions_pass
M015167	M014626	True	True	True	True	both_directions_pass
M015167	M015155	True	True	True	True	both_directions_pass
M015167	M015430	True	True	True	True	both_directions_pass
M015167	M016637	True	True	True	True	both_directions_pass
M015167	M017097	True	True	True	True	both_directions_pass
M015167	M017163	True	True	True	True	both_directions_pass
M015167	M017228	True	True	True	True	both_directions_pass
M015167	M017679	True	True	True	True	both_directions_pass
M015190	M013500	True	True	True	True	both_directions_pass
M015190	M014012	True	True	True	True	both_directions_pass
M015190	M015828	True	True	True	True	both_directions_pass
M015190	M017396	True	True	True	True	both_directions_pass
M015195	M015991	True	True	True	True	both_directions_pass
M015203	M013427	True	True	True	True	both_directions_pass
M015203	M013434	True	True	True	True	both_directions_pass
M015203	M013504	True	True	True	True	both_directions_pass
M015203	M013556	True	True	True	True	both_directions_pass
M015203	M014453	True	True	True	True	both_directions_pass
M015203	M015858	True	True	True	True	both_directions_pass
M015203	M016116	True	True	False	False	neither_direction_passes
M015203	M017100	True	True	True	True	both_directions_pass
M015203	M017261	True	True	True	True	both_directions_pass
M015203	M017673	True	True	True	True	both_directions_pass
M015203	M017695	True	True	True	True	both_directions_pass
M015203	M018003	True	True	True	True	both_directions_pass
M015269	M017513	True	True	True	True	both_directions_pass
M015286	M015424	True	True	False	False	neither_direction_passes
M015309	M000095	True	True	False	False	neither_direction_passes
M015309	M000261	True	True	True	True	both_directions_pass
M015309	M002680	True	True	False	False	neither_direction_passes
M015309	M002824	True	True	False	False	neither_direction_passes
M015309	M003424	True	True	True	True	both_directions_pass
M015309	M003697	True	True	False	False	neither_direction_passes
M015309	M003988	True	True	False	False	neither_direction_passes
M015309	M004410	True	True	False	False	neither_direction_passes
M015309	M004682	True	True	False	False	neither_direction_passes
M015309	M004882	True	True	True	True	both_directions_pass
M015309	M005229	True	True	False	False	neither_direction_passes
M015309	M005276	True	True	False	False	neither_direction_passes
M015309	M006039	True	True	False	False	neither_direction_passes
M015309	M006538	True	True	False	False	neither_direction_passes
M015309	M006748	True	True	True	True	both_directions_pass
M015309	M006975	True	True	False	False	neither_direction_passes
M015309	M007116	True	True	False	False	neither_direction_passes
M015309	M007180	True	True	False	False	neither_direction_passes
M015309	M007309	True	True	False	False	neither_direction_passes
M015309	M008143	True	True	False	False	neither_direction_passes
M015309	M009268	True	True	False	False	neither_direction_passes
M015309	M009914	True	True	False	False	neither_direction_passes
M015309	M010964	True	True	False	False	neither_direction_passes
M015309	M011147	True	True	True	True	both_directions_pass
M015309	M013180	True	True	False	False	neither_direction_passes
M015309	M013355	True	True	True	True	both_directions_pass
M015309	M013443	True	True	True	True	both_directions_pass
M015309	M013602	True	True	False	False	neither_direction_passes
M015309	M013690	True	True	True	True	both_directions_pass
M015309	M013695	True	True	False	False	neither_direction_passes
M015309	M013710	True	True	False	False	neither_direction_passes
M015309	M013733	True	True	False	False	neither_direction_passes
M015309	M013753	True	True	False	False	neither_direction_passes
M015309	M013965	True	True	False	False	neither_direction_passes
M015309	M014404	True	True	False	False	neither_direction_passes
M015309	M014569	True	True	False	False	neither_direction_passes
M015309	M015078	True	True	False	False	neither_direction_passes
M015309	M015140	True	True	False	False	neither_direction_passes
M015309	M015296	True	True	False	False	neither_direction_passes
M015309	M015696	True	True	False	False	neither_direction_passes
M015309	M015704	True	True	False	False	neither_direction_passes
M015309	M015926	True	True	False	False	neither_direction_passes
M015309	M016132	True	True	False	False	neither_direction_passes
M015309	M016162	True	True	False	False	neither_direction_passes
M015309	M016322	True	True	True	True	both_directions_pass
M015309	M016510	True	True	False	False	neither_direction_passes
M015309	M016632	True	True	True	True	both_directions_pass
M015309	M016970	True	True	False	False	neither_direction_passes
M015309	M017070	True	True	True	True	both_directions_pass
M015309	M017117	True	True	True	True	both_directions_pass
M015309	M017431	True	True	False	False	neither_direction_passes
M015309	M017874	True	True	False	False	neither_direction_passes
M015309	M018019	True	True	False	False	neither_direction_passes
M015309	M018044	True	True	False	False	neither_direction_passes
M015309	M018065	True	True	False	False	neither_direction_passes
M015309	M018142	True	True	False	False	neither_direction_passes
M015327	M013959	True	True	True	True	both_directions_pass
M015327	M014503	True	True	True	True	both_directions_pass
M015327	M017244	True	True	True	True	both_directions_pass
M015341	M000385	True	True	True	True	both_directions_pass
M015341	M001666	True	True	True	True	both_directions_pass
M015341	M014955	True	True	True	True	both_directions_pass
M015386	M013688	True	True	True	True	both_directions_pass
M015386	M014531	True	True	True	True	both_directions_pass
M015387	M013248	True	True	True	True	both_directions_pass
M015387	M013308	True	True	True	True	both_directions_pass
M015387	M013638	True	True	False	False	neither_direction_passes
M015387	M013701	True	True	False	False	neither_direction_passes
M015387	M013794	True	True	True	True	both_directions_pass
M015387	M013883	True	True	False	False	neither_direction_passes
M015387	M013922	True	True	True	True	both_directions_pass
M015387	M014228	True	True	True	True	both_directions_pass
M015387	M014308	True	True	True	True	both_directions_pass
M015387	M014413	True	True	False	False	neither_direction_passes
M015387	M014494	True	True	True	True	both_directions_pass
M015387	M015047	True	True	True	True	both_directions_pass
M015387	M015235	True	True	False	False	neither_direction_passes
M015387	M015792	True	True	True	True	both_directions_pass
M015387	M015859	True	True	True	True	both_directions_pass
M015387	M016277	True	True	False	False	neither_direction_passes
M015387	M016448	True	True	True	True	both_directions_pass
M015387	M016628	True	True	True	True	both_directions_pass
M015387	M016653	True	True	False	False	neither_direction_passes
M015387	M016915	True	True	False	False	neither_direction_passes
M015387	M017027	True	True	True	True	both_directions_pass
M015387	M017115	True	True	False	False	neither_direction_passes
M015387	M017286	True	True	True	True	both_directions_pass
M015387	M017322	True	True	False	False	neither_direction_passes
M015387	M017333	True	True	True	True	both_directions_pass
M015387	M017603	True	True	True	True	both_directions_pass
M015387	M018227	True	True	True	True	both_directions_pass
M015405	M017848	True	True	True	True	both_directions_pass
M015408	M014649	True	True	True	True	both_directions_pass
M015409	M015349	True	True	True	True	both_directions_pass
M015433	M009656	True	True	True	True	both_directions_pass
M015433	M012872	True	True	True	True	both_directions_pass
M015433	M013533	True	True	False	False	neither_direction_passes
M015433	M013720	True	True	False	False	neither_direction_passes
M015433	M013892	True	True	False	False	neither_direction_passes
M015433	M013893	True	True	True	True	both_directions_pass
M015433	M014092	True	True	True	True	both_directions_pass
M015433	M015278	True	True	False	False	neither_direction_passes
M015433	M015412	True	True	True	True	both_directions_pass
M015433	M016031	True	True	True	True	both_directions_pass
M015433	M016513	True	True	True	True	both_directions_pass
M015433	M016636	True	True	True	True	both_directions_pass
M015433	M016810	True	True	True	True	both_directions_pass
M015433	M017781	True	True	True	True	both_directions_pass
M015433	M018066	True	True	False	False	neither_direction_passes
M015434	M016551	True	True	True	True	both_directions_pass
M015502	M000414	True	True	False	False	neither_direction_passes
M015502	M011408	True	True	False	False	neither_direction_passes
M015502	M011648	True	True	True	True	both_directions_pass
M015502	M013085	True	True	False	False	neither_direction_passes
M015502	M013266	True	True	False	False	neither_direction_passes
M015502	M013610	True	True	True	True	both_directions_pass
M015502	M013912	True	True	True	True	both_directions_pass
M015502	M013991	True	True	True	True	both_directions_pass
M015502	M014591	True	True	True	True	both_directions_pass
M015502	M014609	True	True	False	False	neither_direction_passes
M015502	M014845	True	True	True	True	both_directions_pass
M015502	M015339	True	True	True	True	both_directions_pass
M015502	M015762	True	True	True	True	both_directions_pass
M015502	M017215	True	True	True	True	both_directions_pass
M015502	M017726	True	True	False	False	neither_direction_passes
M015502	M017751	True	True	True	True	both_directions_pass
M015502	M017954	True	True	False	False	neither_direction_passes
M015502	M018260	True	True	True	True	both_directions_pass
M015512	M007238	True	True	True	True	both_directions_pass
M015512	M013811	True	True	True	True	both_directions_pass
M015512	M014932	True	True	True	True	both_directions_pass
M015512	M015660	True	True	True	True	both_directions_pass
M015512	M015846	True	True	True	True	both_directions_pass
M015512	M016158	True	True	True	True	both_directions_pass
M015532	M015987	True	True	True	True	both_directions_pass
M015544	M000140	True	True	True	True	both_directions_pass
M015544	M000222	True	True	True	True	both_directions_pass
M015544	M000533	True	True	True	True	both_directions_pass
M015544	M000642	True	True	True	True	both_directions_pass
M015544	M000788	True	True	True	True	both_directions_pass
M015544	M000922	True	True	True	True	both_directions_pass
M015544	M001079	True	True	True	True	both_directions_pass
M015544	M001272	True	True	True	True	both_directions_pass
M015544	M001433	True	True	True	True	both_directions_pass
M015544	M001494	True	True	True	True	both_directions_pass
M015544	M001613	True	True	True	True	both_directions_pass
M015544	M001661	True	True	True	True	both_directions_pass
M015544	M001831	True	True	True	True	both_directions_pass
M015544	M001955	True	True	True	True	both_directions_pass
M015544	M001962	True	True	True	True	both_directions_pass
M015544	M001982	True	True	True	True	both_directions_pass
M015544	M002194	True	True	True	True	both_directions_pass
M015544	M002235	True	True	True	True	both_directions_pass
M015544	M002441	True	True	True	True	both_directions_pass
M015544	M002666	True	True	True	True	both_directions_pass
M015544	M002789	True	True	True	True	both_directions_pass
M015544	M002884	True	True	True	True	both_directions_pass
M015544	M003049	True	True	True	True	both_directions_pass
M015544	M003132	True	True	True	True	both_directions_pass
M015544	M003248	True	True	True	True	both_directions_pass
M015544	M003367	True	True	True	True	both_directions_pass
M015544	M003387	True	True	True	True	both_directions_pass
M015544	M003420	True	True	True	True	both_directions_pass
M015544	M003559	True	True	True	True	both_directions_pass
M015544	M003729	True	True	True	True	both_directions_pass
M015544	M003876	True	True	True	True	both_directions_pass
M015544	M004192	True	True	True	True	both_directions_pass
M015544	M004395	True	True	True	True	both_directions_pass
M015544	M004434	True	True	True	True	both_directions_pass
M015544	M005038	True	True	True	True	both_directions_pass
M015544	M005170	True	True	True	True	both_directions_pass
M015544	M005292	True	True	True	True	both_directions_pass
M015544	M005579	True	True	True	True	both_directions_pass
M015544	M005667	True	True	True	True	both_directions_pass
M015544	M005765	True	True	True	True	both_directions_pass
M015544	M006081	True	True	True	True	both_directions_pass
M015544	M006449	True	True	True	True	both_directions_pass
M015544	M006506	True	True	True	True	both_directions_pass
M015544	M006608	True	True	True	True	both_directions_pass
M015544	M006758	True	True	True	True	both_directions_pass
M015544	M007100	True	True	True	True	both_directions_pass
M015544	M007195	True	True	True	True	both_directions_pass
M015544	M007330	True	True	True	True	both_directions_pass
M015544	M007579	True	True	True	True	both_directions_pass
M015544	M007771	True	True	True	True	both_directions_pass
M015544	M007874	True	True	True	True	both_directions_pass
M015544	M007923	True	True	True	True	both_directions_pass
M015544	M008089	True	True	True	True	both_directions_pass
M015544	M008214	True	True	True	True	both_directions_pass
M015544	M008295	True	True	True	True	both_directions_pass
M015544	M008371	True	True	True	True	both_directions_pass
M015544	M008456	True	True	True	True	both_directions_pass
M015544	M008584	True	True	True	True	both_directions_pass
M015544	M008786	True	True	True	True	both_directions_pass
M015544	M008820	True	True	True	True	both_directions_pass
M015544	M008941	True	True	True	True	both_directions_pass
M015544	M008997	True	True	True	True	both_directions_pass
M015544	M009235	True	True	True	True	both_directions_pass
M015544	M009486	True	True	True	True	both_directions_pass
M015544	M009561	True	True	True	True	both_directions_pass
M015544	M009668	True	True	True	True	both_directions_pass
M015544	M009720	True	True	True	True	both_directions_pass
M015544	M009865	True	True	True	True	both_directions_pass
M015544	M009930	True	True	True	True	both_directions_pass
M015544	M010085	True	True	True	True	both_directions_pass
M015544	M010182	True	True	True	True	both_directions_pass
M015544	M010328	True	True	True	True	both_directions_pass
M015544	M010381	True	True	True	True	both_directions_pass
M015544	M010587	True	True	True	True	both_directions_pass
M015544	M010802	True	True	True	True	both_directions_pass
M015544	M010825	True	True	True	True	both_directions_pass
M015544	M011137	True	True	True	True	both_directions_pass
M015544	M011186	True	True	True	True	both_directions_pass
M015544	M011368	True	True	True	True	both_directions_pass
M015544	M011595	True	True	True	True	both_directions_pass
M015544	M011698	True	True	True	True	both_directions_pass
M015544	M011803	True	True	True	True	both_directions_pass
M015544	M011821	True	True	True	True	both_directions_pass
M015544	M011983	True	True	True	True	both_directions_pass
M015544	M012166	True	True	True	True	both_directions_pass
M015544	M012318	True	True	True	True	both_directions_pass
M015544	M012327	True	True	True	True	both_directions_pass
M015544	M012411	True	True	True	True	both_directions_pass
M015544	M012586	True	True	True	True	both_directions_pass
M015544	M012690	True	True	True	True	both_directions_pass
M015544	M012850	True	True	True	True	both_directions_pass
M015544	M012986	True	True	True	True	both_directions_pass
M015544	M013034	True	True	True	True	both_directions_pass
M015544	M013063	True	True	True	True	both_directions_pass
M015544	M013264	True	True	True	True	both_directions_pass
M015544	M013270	True	True	True	True	both_directions_pass
M015544	M013301	True	True	True	True	both_directions_pass
M015544	M013592	True	True	True	True	both_directions_pass
M015544	M013927	True	True	True	True	both_directions_pass
M015544	M013929	True	True	True	True	both_directions_pass
M015544	M014093	True	True	True	True	both_directions_pass
M015544	M014140	True	True	True	True	both_directions_pass
M015544	M014188	True	True	True	True	both_directions_pass
M015544	M014226	True	True	True	True	both_directions_pass
M015544	M014432	True	True	True	True	both_directions_pass
M015544	M014499	True	True	True	True	both_directions_pass
M015544	M014575	True	True	True	True	both_directions_pass
M015544	M014627	True	True	True	True	both_directions_pass
M015544	M014694	True	True	True	True	both_directions_pass
M015544	M014861	True	True	True	True	both_directions_pass
M015544	M014993	True	True	True	True	both_directions_pass
M015544	M015034	True	True	True	True	both_directions_pass
M015544	M015073	True	True	True	True	both_directions_pass
M015544	M015094	True	True	True	True	both_directions_pass
M015544	M015293	True	True	True	True	both_directions_pass
M015544	M015416	True	True	True	True	both_directions_pass
M015544	M015459	True	True	True	True	both_directions_pass
M015544	M015498	True	True	True	True	both_directions_pass
M015544	M015564	True	True	True	True	both_directions_pass
M015544	M015636	True	True	True	True	both_directions_pass
M015544	M015720	True	True	True	True	both_directions_pass
M015544	M015790	True	True	True	True	both_directions_pass
M015544	M015794	True	True	True	True	both_directions_pass
M015544	M016010	True	True	True	True	both_directions_pass
M015544	M016089	True	True	True	True	both_directions_pass
M015544	M016104	True	True	True	True	both_directions_pass
M015544	M016114	True	True	True	True	both_directions_pass
M015544	M016331	True	True	True	True	both_directions_pass
M015544	M016515	True	True	True	True	both_directions_pass
M015544	M016556	True	True	True	True	both_directions_pass
M015544	M016622	True	True	True	True	both_directions_pass
M015544	M016752	True	True	True	True	both_directions_pass
M015544	M016798	True	True	True	True	both_directions_pass
M015544	M016830	True	True	True	True	both_directions_pass
M015544	M016831	True	True	True	True	both_directions_pass
M015544	M016841	True	True	True	True	both_directions_pass
M015544	M016905	True	True	True	True	both_directions_pass
M015544	M016936	True	True	True	True	both_directions_pass
M015544	M016953	True	True	True	True	both_directions_pass
M015544	M017087	True	True	True	True	both_directions_pass
M015544	M017141	True	True	True	True	both_directions_pass
M015544	M017335	True	True	True	True	both_directions_pass
M015544	M017436	True	True	True	True	both_directions_pass
M015544	M017451	True	True	True	True	both_directions_pass
M015544	M017502	True	True	True	True	both_directions_pass
M015544	M017670	True	True	True	True	both_directions_pass
M015544	M017859	True	True	True	True	both_directions_pass
M015544	M017863	True	True	True	True	both_directions_pass
M015544	M017933	True	True	True	True	both_directions_pass
M015544	M018046	True	True	True	True	both_directions_pass
M015544	M018051	True	True	True	True	both_directions_pass
M015544	M018080	True	True	True	True	both_directions_pass
M015544	M018167	True	True	True	True	both_directions_pass
M015576	M013790	True	True	True	True	both_directions_pass
M015584	M017949	True	True	True	True	both_directions_pass
M015603	M002428	True	True	True	True	both_directions_pass
M015603	M002983	True	True	True	True	both_directions_pass
M015603	M003633	True	True	True	True	both_directions_pass
M015603	M003719	True	True	True	True	both_directions_pass
M015603	M004045	True	True	True	True	both_directions_pass
M015603	M004239	True	True	True	True	both_directions_pass
M015603	M004576	True	True	True	True	both_directions_pass
M015603	M004977	True	True	True	True	both_directions_pass
M015603	M006187	True	True	True	True	both_directions_pass
M015603	M006314	True	True	True	True	both_directions_pass
M015603	M007072	True	True	True	True	both_directions_pass
M015603	M007485	True	True	True	True	both_directions_pass
M015603	M007526	True	True	True	True	both_directions_pass
M015603	M009006	True	True	True	True	both_directions_pass
M015603	M009860	True	True	True	True	both_directions_pass
M015603	M009941	True	True	True	True	both_directions_pass
M015603	M010887	True	True	True	True	both_directions_pass
M015603	M013311	True	True	True	True	both_directions_pass
M015603	M013676	True	True	True	True	both_directions_pass
M015603	M013808	True	True	True	True	both_directions_pass
M015603	M014496	True	True	True	True	both_directions_pass
M015603	M014697	True	True	True	True	both_directions_pass
M015603	M014725	True	True	True	True	both_directions_pass
M015603	M015042	True	True	True	True	both_directions_pass
M015603	M015212	True	True	True	True	both_directions_pass
M015603	M015591	True	True	True	True	both_directions_pass
M015603	M015764	True	True	True	True	both_directions_pass
M015603	M015839	True	True	True	True	both_directions_pass
M015603	M015982	True	True	True	True	both_directions_pass
M015603	M016101	True	True	True	True	both_directions_pass
M015603	M016829	True	True	True	True	both_directions_pass
M015603	M017043	True	True	True	True	both_directions_pass
M015603	M017108	True	True	True	True	both_directions_pass
M015603	M017486	True	True	True	True	both_directions_pass
M015603	M018028	True	True	True	True	both_directions_pass
M015603	M018041	True	True	True	True	both_directions_pass
M015603	M018141	True	True	True	True	both_directions_pass
M015609	M000118	True	True	False	False	neither_direction_passes
M015609	M001159	True	True	True	True	both_directions_pass
M015609	M001447	True	True	False	False	neither_direction_passes
M015609	M001811	True	True	False	False	neither_direction_passes
M015609	M002185	True	True	True	True	both_directions_pass
M015609	M002411	True	True	True	True	both_directions_pass
M015609	M002480	True	True	True	True	both_directions_pass
M015609	M002947	True	True	True	True	both_directions_pass
M015609	M003069	True	True	True	True	both_directions_pass
M015609	M003217	True	True	True	True	both_directions_pass
M015609	M003356	True	True	True	True	both_directions_pass
M015609	M003433	True	True	False	False	neither_direction_passes
M015609	M003513	True	True	False	False	neither_direction_passes
M015609	M003601	True	True	True	True	both_directions_pass
M015609	M003747	True	True	False	False	neither_direction_passes
M015609	M003763	True	True	True	True	both_directions_pass
M015609	M003809	True	True	True	True	both_directions_pass
M015609	M004947	True	True	False	False	neither_direction_passes
M015609	M005540	True	True	False	False	neither_direction_passes
M015609	M006343	True	True	True	True	both_directions_pass
M015609	M007712	True	True	True	True	both_directions_pass
M015609	M007856	True	True	False	False	neither_direction_passes
M015609	M008304	True	True	True	True	both_directions_pass
M015609	M008317	True	True	True	True	both_directions_pass
M015609	M008448	True	True	False	False	neither_direction_passes
M015609	M008582	True	True	True	True	both_directions_pass
M015609	M009241	True	True	False	False	neither_direction_passes
M015609	M009485	True	True	True	True	both_directions_pass
M015609	M009762	True	True	False	False	neither_direction_passes
M015609	M009986	True	True	False	False	neither_direction_passes
M015609	M010062	True	True	True	True	both_directions_pass
M015609	M010210	True	True	True	True	both_directions_pass
M015609	M011029	True	True	True	True	both_directions_pass
M015609	M011130	True	True	True	True	both_directions_pass
M015609	M011571	True	True	False	False	neither_direction_passes
M015609	M011630	True	True	False	False	neither_direction_passes
M015609	M011682	True	True	False	False	neither_direction_passes
M015609	M012479	True	True	False	False	neither_direction_passes
M015609	M012956	True	True	True	True	both_directions_pass
M015609	M013103	True	True	False	False	neither_direction_passes
M015609	M013134	True	True	False	False	neither_direction_passes
M015609	M013725	True	True	True	True	both_directions_pass
M015609	M014255	True	True	True	True	both_directions_pass
M015609	M014334	True	True	False	False	neither_direction_passes
M015609	M014527	True	True	True	True	both_directions_pass
M015609	M014669	True	True	False	False	neither_direction_passes
M015609	M015003	True	True	True	True	both_directions_pass
M015609	M015214	True	True	True	True	both_directions_pass
M015609	M015432	True	True	False	False	neither_direction_passes
M015609	M015691	True	True	True	True	both_directions_pass
M015609	M016842	True	True	True	True	both_directions_pass
M015609	M016855	True	True	True	True	both_directions_pass
M015609	M017838	True	True	True	True	both_directions_pass
M015609	M017901	True	True	False	False	neither_direction_passes
M015616	M000035	True	True	True	True	both_directions_pass
M015616	M000082	True	True	True	True	both_directions_pass
M015616	M000271	True	True	True	True	both_directions_pass
M015616	M000319	True	True	True	True	both_directions_pass
M015616	M000359	True	True	True	True	both_directions_pass
M015616	M000430	True	True	True	True	both_directions_pass
M015616	M000498	True	True	True	True	both_directions_pass
M015616	M000511	True	True	True	True	both_directions_pass
M015616	M000522	True	True	True	True	both_directions_pass
M015616	M000657	True	True	True	True	both_directions_pass
M015616	M000718	True	True	True	True	both_directions_pass
M015616	M000743	True	True	True	True	both_directions_pass
M015616	M000857	True	True	True	True	both_directions_pass
M015616	M001010	True	True	True	True	both_directions_pass
M015616	M001187	True	True	True	True	both_directions_pass
M015616	M001509	True	True	True	True	both_directions_pass
M015616	M001680	True	True	True	True	both_directions_pass
M015616	M001884	True	True	True	True	both_directions_pass
M015616	M001959	True	True	True	True	both_directions_pass
M015616	M002008	True	True	True	True	both_directions_pass
M015616	M002151	True	True	True	True	both_directions_pass
M015616	M002210	True	True	True	True	both_directions_pass
M015616	M002279	True	True	True	True	both_directions_pass
M015616	M002356	True	True	True	True	both_directions_pass
M015616	M002400	True	True	True	True	both_directions_pass
M015616	M002521	True	True	True	True	both_directions_pass
M015616	M002678	True	True	True	True	both_directions_pass
M015616	M002750	True	True	True	True	both_directions_pass
M015616	M003022	True	True	True	True	both_directions_pass
M015616	M003257	True	True	True	True	both_directions_pass
M015616	M003602	True	True	True	True	both_directions_pass
M015616	M003715	True	True	True	True	both_directions_pass
M015616	M003789	True	True	True	True	both_directions_pass
M015616	M004028	True	True	True	True	both_directions_pass
M015616	M004151	True	True	True	True	both_directions_pass
M015616	M004251	True	True	True	True	both_directions_pass
M015616	M004323	True	True	True	True	both_directions_pass
M015616	M004544	True	True	True	True	both_directions_pass
M015616	M004730	True	True	True	True	both_directions_pass
M015616	M004794	True	True	True	True	both_directions_pass
M015616	M004969	True	True	True	True	both_directions_pass
M015616	M005063	True	True	True	True	both_directions_pass
M015616	M005161	True	True	True	True	both_directions_pass
M015616	M005362	True	True	True	True	both_directions_pass
M015616	M005396	True	True	True	True	both_directions_pass
M015616	M005578	True	True	True	True	both_directions_pass
M015616	M005755	True	True	False	False	neither_direction_passes
M015616	M005833	True	True	True	True	both_directions_pass
M015616	M005852	True	True	True	True	both_directions_pass
M015616	M005954	True	True	True	True	both_directions_pass
M015616	M006108	True	True	True	True	both_directions_pass
M015616	M006181	True	True	True	True	both_directions_pass
M015616	M006334	True	True	True	True	both_directions_pass
M015616	M006400	True	True	True	True	both_directions_pass
M015616	M006525	True	True	True	True	both_directions_pass
M015616	M006618	True	True	True	True	both_directions_pass
M015616	M006795	True	True	True	True	both_directions_pass
M015616	M006856	True	True	True	True	both_directions_pass
M015616	M006895	True	True	True	True	both_directions_pass
M015616	M007184	True	True	True	True	both_directions_pass
M015616	M007206	True	True	True	True	both_directions_pass
M015616	M007290	True	True	True	True	both_directions_pass
M015616	M007354	True	True	True	True	both_directions_pass
M015616	M007517	True	True	True	True	both_directions_pass
M015616	M007645	True	True	True	True	both_directions_pass
M015616	M007994	True	True	True	True	both_directions_pass
M015616	M008095	True	True	True	True	both_directions_pass
M015616	M008198	True	True	True	True	both_directions_pass
M015616	M008288	True	True	True	True	both_directions_pass
M015616	M008454	True	True	True	True	both_directions_pass
M015616	M008522	True	True	True	True	both_directions_pass
M015616	M008668	True	True	True	True	both_directions_pass
M015616	M008706	True	True	True	True	both_directions_pass
M015616	M008719	True	True	True	True	both_directions_pass
M015616	M008887	True	True	True	True	both_directions_pass
M015616	M009048	True	True	True	True	both_directions_pass
M015616	M009085	True	True	True	True	both_directions_pass
M015616	M009219	True	True	True	True	both_directions_pass
M015616	M009635	True	True	True	True	both_directions_pass
M015616	M009704	True	True	True	True	both_directions_pass
M015616	M009739	True	True	True	True	both_directions_pass
M015616	M009875	True	True	True	True	both_directions_pass
M015616	M009961	True	True	True	True	both_directions_pass
M015616	M010008	True	True	True	True	both_directions_pass
M015616	M010144	True	True	True	True	both_directions_pass
M015616	M010289	True	True	True	True	both_directions_pass
M015616	M010302	True	True	True	True	both_directions_pass
M015616	M010421	True	True	False	False	neither_direction_passes
M015616	M010512	True	True	True	True	both_directions_pass
M015616	M010567	True	True	True	True	both_directions_pass
M015616	M010661	True	True	True	True	both_directions_pass
M015616	M010761	True	True	True	True	both_directions_pass
M015616	M011023	True	True	True	True	both_directions_pass
M015616	M011081	True	True	True	True	both_directions_pass
M015616	M011117	True	True	True	True	both_directions_pass
M015616	M011288	True	True	True	True	both_directions_pass
M015616	M011329	True	True	True	True	both_directions_pass
M015616	M011366	True	True	True	True	both_directions_pass
M015616	M011464	True	True	True	True	both_directions_pass
M015616	M011506	True	True	True	True	both_directions_pass
M015616	M011570	True	True	True	True	both_directions_pass
M015616	M011712	True	True	True	True	both_directions_pass
M015616	M011900	True	True	True	True	both_directions_pass
M015616	M012063	True	True	True	True	both_directions_pass
M015616	M012248	True	True	False	False	neither_direction_passes
M015616	M012548	True	True	True	True	both_directions_pass
M015616	M012654	True	True	True	True	both_directions_pass
M015616	M012778	True	True	True	True	both_directions_pass
M015616	M012794	True	True	True	True	both_directions_pass
M015616	M012938	True	True	True	True	both_directions_pass
M015616	M013164	True	True	True	True	both_directions_pass
M015616	M013251	True	True	True	True	both_directions_pass
M015616	M013257	True	True	True	True	both_directions_pass
M015616	M013278	True	True	True	True	both_directions_pass
M015616	M013284	True	True	True	True	both_directions_pass
M015616	M013291	True	True	True	True	both_directions_pass
M015616	M013305	True	True	True	True	both_directions_pass
M015616	M013425	True	True	True	True	both_directions_pass
M015616	M013497	True	True	True	True	both_directions_pass
M015616	M013522	True	True	True	True	both_directions_pass
M015616	M013552	True	True	True	True	both_directions_pass
M015616	M013564	True	True	True	True	both_directions_pass
M015616	M013585	True	True	True	True	both_directions_pass
M015616	M013627	True	True	True	True	both_directions_pass
M015616	M013639	True	True	True	True	both_directions_pass
M015616	M013677	True	True	True	True	both_directions_pass
M015616	M013681	True	True	True	True	both_directions_pass
M015616	M013713	True	True	True	True	both_directions_pass
M015616	M013715	True	True	True	True	both_directions_pass
M015616	M013742	True	True	False	False	neither_direction_passes
M015616	M013780	True	True	True	True	both_directions_pass
M015616	M013854	True	True	True	True	both_directions_pass
M015616	M013901	True	True	True	True	both_directions_pass
M015616	M013908	True	True	True	True	both_directions_pass
M015616	M014145	True	True	True	True	both_directions_pass
M015616	M014169	True	True	True	True	both_directions_pass
M015616	M014193	True	True	True	True	both_directions_pass
M015616	M014199	True	True	True	True	both_directions_pass
M015616	M014217	True	True	True	True	both_directions_pass
M015616	M014325	True	True	True	True	both_directions_pass
M015616	M014381	True	True	True	True	both_directions_pass
M015616	M014433	True	True	True	True	both_directions_pass
M015616	M014471	True	True	True	True	both_directions_pass
M015616	M014522	True	True	True	True	both_directions_pass
M015616	M014570	True	True	True	True	both_directions_pass
M015616	M014618	True	True	True	True	both_directions_pass
M015616	M014693	True	True	True	True	both_directions_pass
M015616	M014784	True	True	True	True	both_directions_pass
M015616	M014809	True	True	True	True	both_directions_pass
M015616	M014930	True	True	True	True	both_directions_pass
M015616	M014948	True	True	True	True	both_directions_pass
M015616	M014971	True	True	True	True	both_directions_pass
M015616	M015055	True	True	True	True	both_directions_pass
M015616	M015124	True	True	True	True	both_directions_pass
M015616	M015138	True	True	True	True	both_directions_pass
M015616	M015208	True	True	True	True	both_directions_pass
M015616	M015220	True	True	True	True	both_directions_pass
M015616	M015306	True	True	True	True	both_directions_pass
M015616	M015326	True	True	True	True	both_directions_pass
M015616	M015333	True	True	True	True	both_directions_pass
M015616	M015366	True	True	True	True	both_directions_pass
M015616	M015378	True	True	True	True	both_directions_pass
M015616	M015391	True	True	True	True	both_directions_pass
M015616	M015404	True	True	True	True	both_directions_pass
M015616	M015418	True	True	True	True	both_directions_pass
M015616	M015426	True	True	True	True	both_directions_pass
M015616	M015435	True	True	True	True	both_directions_pass
M015616	M015466	True	True	True	True	both_directions_pass
M015616	M015486	True	True	True	True	both_directions_pass
M015616	M015654	True	True	True	True	both_directions_pass
M015616	M015675	True	True	True	True	both_directions_pass
M015616	M015717	True	True	True	True	both_directions_pass
M015616	M015755	True	True	True	True	both_directions_pass
M015616	M015813	True	True	True	True	both_directions_pass
M015616	M015836	True	True	True	True	both_directions_pass
M015616	M015853	True	True	True	True	both_directions_pass
M015616	M015938	True	True	True	True	both_directions_pass
M015616	M015953	True	True	True	True	both_directions_pass
M015616	M015965	True	True	True	True	both_directions_pass
M015616	M015975	True	True	True	True	both_directions_pass
M015616	M015994	True	True	True	True	both_directions_pass
M015616	M016087	True	True	True	True	both_directions_pass
M015616	M016135	True	True	True	True	both_directions_pass
M015616	M016166	True	True	True	True	both_directions_pass
M015616	M016212	True	True	True	True	both_directions_pass
M015616	M016247	True	True	True	True	both_directions_pass
M015616	M016259	True	True	True	True	both_directions_pass
M015616	M016283	True	True	True	True	both_directions_pass
M015616	M016285	True	True	True	True	both_directions_pass
M015616	M016293	True	True	True	True	both_directions_pass
M015616	M016387	True	True	True	True	both_directions_pass
M015616	M016402	True	True	True	True	both_directions_pass
M015616	M016422	True	True	True	True	both_directions_pass
M015616	M016520	True	True	True	True	both_directions_pass
M015616	M016584	True	True	True	True	both_directions_pass
M015616	M016607	True	True	True	True	both_directions_pass
M015616	M016639	True	True	True	True	both_directions_pass
M015616	M016691	True	True	True	True	both_directions_pass
M015616	M016703	True	True	True	True	both_directions_pass
M015616	M016724	True	True	True	True	both_directions_pass
M015616	M016738	True	True	True	True	both_directions_pass
M015616	M016795	True	True	True	True	both_directions_pass
M015616	M016809	True	True	True	True	both_directions_pass
M015616	M016828	True	True	True	True	both_directions_pass
M015616	M016862	True	True	True	True	both_directions_pass
M015616	M017095	True	True	True	True	both_directions_pass
M015616	M017101	True	True	True	True	both_directions_pass
M015616	M017199	True	True	True	True	both_directions_pass
M015616	M017235	True	True	True	True	both_directions_pass
M015616	M017302	True	True	True	True	both_directions_pass
M015616	M017350	True	True	True	True	both_directions_pass
M015616	M017360	True	True	True	True	both_directions_pass
M015616	M017363	True	True	True	True	both_directions_pass
M015616	M017381	True	True	True	True	both_directions_pass
M015616	M017405	True	True	True	True	both_directions_pass
M015616	M017417	True	True	True	True	both_directions_pass
M015616	M017504	True	True	True	True	both_directions_pass
M015616	M017505	True	True	True	True	both_directions_pass
M015616	M017514	True	True	True	True	both_directions_pass
M015616	M017595	True	True	True	True	both_directions_pass
M015616	M017611	True	True	True	True	both_directions_pass
M015616	M017659	True	True	True	True	both_directions_pass
M015616	M017731	True	True	True	True	both_directions_pass
M015616	M017759	True	True	True	True	both_directions_pass
M015616	M017803	True	True	True	True	both_directions_pass
M015616	M017843	True	True	True	True	both_directions_pass
M015616	M017844	True	True	True	True	both_directions_pass
M015616	M017851	True	True	True	True	both_directions_pass
M015616	M017882	True	True	True	True	both_directions_pass
M015616	M017925	True	True	True	True	both_directions_pass
M015616	M017935	True	True	True	True	both_directions_pass
M015616	M017945	True	True	True	True	both_directions_pass
M015616	M018054	True	True	True	True	both_directions_pass
M015616	M018083	True	True	True	True	both_directions_pass
M015616	M018084	True	True	True	True	both_directions_pass
M015616	M018109	True	True	True	True	both_directions_pass
M015616	M018125	True	True	True	True	both_directions_pass
M015616	M018138	True	True	True	True	both_directions_pass
M015616	M018147	True	True	True	True	both_directions_pass
M015616	M018164	True	True	True	True	both_directions_pass
M015616	M018194	True	True	True	True	both_directions_pass
M015616	M018200	True	True	True	True	both_directions_pass
M015616	M018241	True	True	True	True	both_directions_pass
M015616	M018261	True	True	True	True	both_directions_pass
M015616	M018268	True	True	True	True	both_directions_pass
M015644	M003472	True	True	True	True	both_directions_pass
M015644	M006591	True	True	True	True	both_directions_pass
M015644	M013208	True	True	True	True	both_directions_pass
M015644	M013608	True	True	True	True	both_directions_pass
M015644	M013671	True	True	True	True	both_directions_pass
M015644	M013838	True	True	True	True	both_directions_pass
M015644	M014818	True	True	True	True	both_directions_pass
M015644	M016092	True	True	True	True	both_directions_pass
M015644	M016461	True	True	True	True	both_directions_pass
M015644	M016487	True	True	True	True	both_directions_pass
M015644	M016688	True	True	True	True	both_directions_pass
M015644	M016734	True	True	True	True	both_directions_pass
M015644	M016817	True	True	True	True	both_directions_pass
M015644	M016893	True	True	True	True	both_directions_pass
M015644	M017496	True	True	True	True	both_directions_pass
M015644	M017911	True	True	True	True	both_directions_pass
M015658	M016164	True	True	True	True	both_directions_pass
M015658	M016612	True	True	True	True	both_directions_pass
M015666	M014606	True	True	True	True	both_directions_pass
M015666	M017361	True	True	True	True	both_directions_pass
M015715	M002569	True	True	True	True	both_directions_pass
M015715	M005756	True	True	False	False	neither_direction_passes
M015715	M006522	True	True	False	False	neither_direction_passes
M015715	M013216	True	True	False	False	neither_direction_passes
M015715	M013575	True	True	False	False	neither_direction_passes
M015715	M013866	True	True	True	True	both_directions_pass
M015715	M013989	True	True	False	False	neither_direction_passes
M015715	M014754	True	True	True	True	both_directions_pass
M015715	M014757	True	True	False	False	neither_direction_passes
M015715	M015648	True	True	True	True	both_directions_pass
M015715	M015996	True	True	False	False	neither_direction_passes
M015715	M016073	True	True	False	False	neither_direction_passes
M015715	M016316	True	True	False	False	neither_direction_passes
M015715	M016530	True	True	True	True	both_directions_pass
M015715	M016662	True	True	False	False	neither_direction_passes
M015715	M017548	True	True	False	False	neither_direction_passes
M015715	M017740	True	True	False	False	neither_direction_passes
M015715	M018246	True	True	False	False	neither_direction_passes
M015716	M000135	True	True	True	True	both_directions_pass
M015716	M000236	True	True	True	True	both_directions_pass
M015716	M000386	True	True	True	True	both_directions_pass
M015716	M001012	True	True	True	True	both_directions_pass
M015716	M001437	True	True	True	True	both_directions_pass
M015716	M002488	True	True	True	True	both_directions_pass
M015716	M002743	True	True	True	True	both_directions_pass
M015716	M003081	True	True	True	True	both_directions_pass
M015716	M003186	True	True	True	True	both_directions_pass
M015716	M003312	True	True	True	True	both_directions_pass
M015716	M003870	True	True	True	True	both_directions_pass
M015716	M004328	True	True	True	True	both_directions_pass
M015716	M005511	True	True	True	True	both_directions_pass
M015716	M005679	True	True	True	True	both_directions_pass
M015716	M005763	True	True	True	True	both_directions_pass
M015716	M005875	True	True	True	True	both_directions_pass
M015716	M006640	True	True	True	True	both_directions_pass
M015716	M006950	True	True	True	True	both_directions_pass
M015716	M008007	True	True	True	True	both_directions_pass
M015716	M008374	True	True	True	True	both_directions_pass
M015716	M008444	True	True	True	True	both_directions_pass
M015716	M008490	True	True	True	True	both_directions_pass
M015716	M009008	True	True	True	True	both_directions_pass
M015716	M009226	True	True	True	True	both_directions_pass
M015716	M009349	True	True	True	True	both_directions_pass
M015716	M009474	True	True	True	True	both_directions_pass
M015716	M009522	True	True	True	True	both_directions_pass
M015716	M009945	True	True	True	True	both_directions_pass
M015716	M010083	True	True	True	True	both_directions_pass
M015716	M010165	True	True	True	True	both_directions_pass
M015716	M010446	True	True	True	True	both_directions_pass
M015716	M010645	True	True	True	True	both_directions_pass
M015716	M011443	True	True	True	True	both_directions_pass
M015716	M011692	True	True	True	True	both_directions_pass
M015716	M012104	True	True	True	True	both_directions_pass
M015716	M012171	True	True	True	True	both_directions_pass
M015716	M012242	True	True	True	True	both_directions_pass
M015716	M012404	True	True	True	True	both_directions_pass
M015716	M012587	True	True	True	True	both_directions_pass
M015716	M012981	True	True	True	True	both_directions_pass
M015716	M013267	True	True	True	True	both_directions_pass
M015716	M013275	True	True	True	True	both_directions_pass
M015716	M013894	True	True	True	True	both_directions_pass
M015716	M014075	True	True	True	True	both_directions_pass
M015716	M014995	True	True	True	True	both_directions_pass
M015716	M015736	True	True	True	True	both_directions_pass
M015716	M015967	True	True	True	True	both_directions_pass
M015716	M017546	True	True	True	True	both_directions_pass
M015716	M017550	True	True	True	True	both_directions_pass
M015716	M017613	True	True	True	True	both_directions_pass
M015716	M017793	True	True	True	True	both_directions_pass
M015724	M007649	True	True	True	True	both_directions_pass
M015724	M014898	True	True	True	True	both_directions_pass
M015765	M015566	True	True	True	True	both_directions_pass
M015765	M016130	True	True	True	True	both_directions_pass
M015765	M016171	True	True	False	False	neither_direction_passes
M015766	M013288	True	True	True	True	both_directions_pass
M015766	M015845	True	True	True	True	both_directions_pass
M015776	M014103	True	True	False	False	neither_direction_passes
M015776	M015985	True	True	True	True	both_directions_pass
M015776	M016074	True	True	False	False	neither_direction_passes
M015776	M016482	True	True	True	True	both_directions_pass
M015776	M016509	True	True	True	True	both_directions_pass
M015776	M017849	True	True	True	True	both_directions_pass
M015776	M018207	True	True	True	True	both_directions_pass
M015779	M000220	True	True	True	True	both_directions_pass
M015779	M002076	True	True	True	True	both_directions_pass
M015779	M002889	True	True	True	True	both_directions_pass
M015779	M003247	True	True	True	True	both_directions_pass
M015779	M003365	True	True	True	True	both_directions_pass
M015779	M003731	True	True	True	True	both_directions_pass
M015779	M003846	True	True	True	True	both_directions_pass
M015779	M004738	True	True	True	True	both_directions_pass
M015779	M004790	True	True	True	True	both_directions_pass
M015779	M005302	True	True	True	True	both_directions_pass
M015779	M005395	True	True	True	True	both_directions_pass
M015779	M005871	True	True	True	True	both_directions_pass
M015779	M006350	True	True	True	True	both_directions_pass
M015779	M006607	True	True	True	True	both_directions_pass
M015779	M007592	True	True	True	True	both_directions_pass
M015779	M007701	True	True	True	True	both_directions_pass
M015779	M008262	True	True	True	True	both_directions_pass
M015779	M008279	True	True	True	True	both_directions_pass
M015779	M008372	True	True	True	True	both_directions_pass
M015779	M008586	True	True	True	True	both_directions_pass
M015779	M008838	True	True	True	True	both_directions_pass
M015779	M008969	True	True	True	True	both_directions_pass
M015779	M009407	True	True	True	True	both_directions_pass
M015779	M011135	True	True	True	True	both_directions_pass
M015779	M011245	True	True	True	True	both_directions_pass
M015779	M012511	True	True	True	True	both_directions_pass
M015779	M012995	True	True	True	True	both_directions_pass
M015779	M014097	True	True	True	True	both_directions_pass
M015779	M015402	True	True	True	True	both_directions_pass
M015779	M015771	True	True	True	True	both_directions_pass
M015779	M015960	True	True	True	True	both_directions_pass
M015781	M002551	True	True	True	True	both_directions_pass
M015781	M002644	True	True	True	True	both_directions_pass
M015781	M007470	True	True	True	True	both_directions_pass
M015781	M009227	True	True	True	True	both_directions_pass
M015781	M015091	True	True	True	True	both_directions_pass
M015781	M017435	True	True	True	True	both_directions_pass
M015783	M000610	True	True	False	False	neither_direction_passes
M015783	M001132	True	True	False	False	neither_direction_passes
M015783	M004504	True	True	False	False	neither_direction_passes
M015783	M005670	True	True	False	False	neither_direction_passes
M015783	M005813	True	True	False	False	neither_direction_passes
M015783	M005967	True	True	False	False	neither_direction_passes
M015783	M006120	True	True	False	False	neither_direction_passes
M015783	M006391	True	True	False	False	neither_direction_passes
M015783	M009127	True	True	False	False	neither_direction_passes
M015783	M009702	True	True	False	False	neither_direction_passes
M015783	M010702	True	True	False	False	neither_direction_passes
M015783	M012074	True	True	False	False	neither_direction_passes
M015783	M013219	True	True	False	False	neither_direction_passes
M015783	M014351	True	True	False	False	neither_direction_passes
M015783	M014362	True	True	False	False	neither_direction_passes
M015783	M014640	True	True	False	False	neither_direction_passes
M015783	M014701	True	True	False	False	neither_direction_passes
M015783	M015148	True	True	True	True	both_directions_pass
M015783	M015514	True	True	False	False	neither_direction_passes
M015783	M015659	True	True	False	False	neither_direction_passes
M015783	M015854	True	True	False	False	neither_direction_passes
M015783	M015906	True	True	True	True	both_directions_pass
M015783	M015929	True	True	False	False	neither_direction_passes
M015783	M016816	True	True	False	False	neither_direction_passes
M015783	M016844	True	True	False	False	neither_direction_passes
M015783	M017170	True	True	False	False	neither_direction_passes
M015783	M017565	True	True	True	True	both_directions_pass
M015783	M017627	True	True	False	False	neither_direction_passes
M015783	M017806	True	True	False	False	neither_direction_passes
M015783	M017855	True	True	False	False	neither_direction_passes
M015783	M017884	True	True	False	False	neither_direction_passes
M015783	M017906	True	True	False	False	neither_direction_passes
M015783	M017959	True	True	False	False	neither_direction_passes
M015783	M018112	True	True	False	False	neither_direction_passes
M015783	M018248	True	True	False	False	neither_direction_passes
M015785	M016783	True	True	True	True	both_directions_pass
M015809	M016032	True	True	True	True	both_directions_pass
M015809	M017385	True	True	False	False	neither_direction_passes
M015824	M013405	True	True	True	True	both_directions_pass
M015824	M013475	True	True	True	True	both_directions_pass
M015824	M013551	True	True	True	True	both_directions_pass
M015824	M013863	True	True	True	True	both_directions_pass
M015824	M013890	True	True	True	True	both_directions_pass
M015824	M014457	True	True	True	True	both_directions_pass
M015824	M015499	True	True	True	True	both_directions_pass
M015824	M016150	True	True	True	True	both_directions_pass
M015824	M017039	True	True	True	True	both_directions_pass
M015825	M014115	True	True	True	True	both_directions_pass
M015825	M015949	True	True	True	True	both_directions_pass
M015875	M014399	True	True	True	True	both_directions_pass
M015894	M015332	True	True	True	True	both_directions_pass
M015920	M013861	True	True	True	True	both_directions_pass
M015920	M013904	True	True	True	True	both_directions_pass
M015939	M013175	True	True	True	True	both_directions_pass
M015941	M001645	True	True	True	True	both_directions_pass
M015941	M005081	True	True	True	True	both_directions_pass
M015941	M013316	True	True	True	True	both_directions_pass
M015941	M013466	True	True	True	True	both_directions_pass
M015941	M013730	True	True	True	True	both_directions_pass
M015941	M013737	True	True	True	True	both_directions_pass
M015941	M014136	True	True	True	True	both_directions_pass
M015941	M015406	True	True	True	True	both_directions_pass
M015941	M015410	True	True	True	True	both_directions_pass
M015941	M016536	True	True	True	True	both_directions_pass
M015941	M016634	True	True	True	True	both_directions_pass
M015941	M016762	True	True	True	True	both_directions_pass
M015941	M017792	True	True	True	True	both_directions_pass
M015941	M018190	True	True	True	True	both_directions_pass
M015945	M000640	True	True	True	True	both_directions_pass
M015945	M000764	True	True	True	True	both_directions_pass
M015945	M000864	True	True	True	True	both_directions_pass
M015945	M001585	True	True	True	True	both_directions_pass
M015945	M001714	True	True	True	True	both_directions_pass
M015945	M001841	True	True	True	True	both_directions_pass
M015945	M002106	True	True	True	True	both_directions_pass
M015945	M002276	True	True	True	True	both_directions_pass
M015945	M002394	True	True	True	True	both_directions_pass
M015945	M002701	True	True	True	True	both_directions_pass
M015945	M004062	True	True	True	True	both_directions_pass
M015945	M004198	True	True	True	True	both_directions_pass
M015945	M004824	True	True	True	True	both_directions_pass
M015945	M004933	True	True	True	True	both_directions_pass
M015945	M005168	True	True	True	True	both_directions_pass
M015945	M005402	True	True	True	True	both_directions_pass
M015945	M006375	True	True	True	True	both_directions_pass
M015945	M008082	True	True	True	True	both_directions_pass
M015945	M009795	True	True	True	True	both_directions_pass
M015945	M010351	True	True	True	True	both_directions_pass
M015945	M011509	True	True	True	True	both_directions_pass
M015945	M011533	True	True	True	True	both_directions_pass
M015945	M011924	True	True	True	True	both_directions_pass
M015945	M011995	True	True	True	True	both_directions_pass
M015945	M013473	True	True	True	True	both_directions_pass
M015945	M013586	True	True	True	True	both_directions_pass
M015945	M013600	True	True	True	True	both_directions_pass
M015945	M013631	True	True	True	True	both_directions_pass
M015945	M013678	True	True	True	True	both_directions_pass
M015945	M013744	True	True	True	True	both_directions_pass
M015945	M014078	True	True	True	True	both_directions_pass
M015945	M014113	True	True	True	True	both_directions_pass
M015945	M014836	True	True	True	True	both_directions_pass
M015945	M015342	True	True	True	True	both_directions_pass
M015945	M015471	True	True	True	True	both_directions_pass
M015945	M015527	True	True	True	True	both_directions_pass
M015945	M015542	True	True	True	True	both_directions_pass
M015945	M015657	True	True	True	True	both_directions_pass
M015945	M015754	True	True	True	True	both_directions_pass
M015945	M015881	True	True	True	True	both_directions_pass
M015945	M015925	True	True	True	True	both_directions_pass
M015945	M016290	True	True	True	True	both_directions_pass
M015945	M016378	True	True	True	True	both_directions_pass
M015945	M016394	True	True	True	True	both_directions_pass
M015945	M017198	True	True	True	True	both_directions_pass
M015945	M017630	True	True	True	True	both_directions_pass
M015945	M017635	True	True	True	True	both_directions_pass
M015945	M017650	True	True	True	True	both_directions_pass
M015945	M018105	True	True	True	True	both_directions_pass
M015945	M018197	True	True	True	True	both_directions_pass
M015946	M014202	True	True	False	False	neither_direction_passes
M015946	M014530	True	True	False	False	neither_direction_passes
M015946	M016464	True	True	True	True	both_directions_pass
M015966	M015497	True	True	True	True	both_directions_pass
M015966	M018163	True	True	True	True	both_directions_pass
M015970	M007025	True	True	True	True	both_directions_pass
M015970	M011172	True	True	True	True	both_directions_pass
M015970	M012151	True	True	True	True	both_directions_pass
M015970	M014865	True	True	True	True	both_directions_pass
M015970	M014913	True	True	True	True	both_directions_pass
M015970	M016194	True	True	True	True	both_directions_pass
M015970	M016442	True	True	True	True	both_directions_pass
M015970	M016728	True	True	True	True	both_directions_pass
M015974	M013202	True	True	True	True	both_directions_pass
M015974	M015519	True	True	True	True	both_directions_pass
M015974	M016229	True	True	True	True	both_directions_pass
M015974	M017009	True	True	True	True	both_directions_pass
M015986	M017269	True	True	False	False	neither_direction_passes
M015986	M018201	True	True	True	True	both_directions_pass
M015997	M015394	True	True	True	True	both_directions_pass
M015997	M015493	True	True	True	True	both_directions_pass
M016029	M014068	True	True	True	True	both_directions_pass
M016029	M014238	True	True	True	True	both_directions_pass
M016029	M014560	True	True	False	False	neither_direction_passes
M016029	M014652	True	True	True	True	both_directions_pass
M016029	M015329	True	True	True	True	both_directions_pass
M016029	M015438	True	True	True	True	both_directions_pass
M016029	M016698	True	True	True	True	both_directions_pass
M016029	M017276	True	True	True	True	both_directions_pass
M016035	M014614	True	True	False	False	neither_direction_passes
M016047	M016604	True	True	True	True	both_directions_pass
M016068	M013271	True	True	True	True	both_directions_pass
M016075	M013566	True	True	True	True	both_directions_pass
M016075	M013589	True	True	True	True	both_directions_pass
M016075	M017279	True	True	True	True	both_directions_pass
M016082	M017028	True	True	True	True	both_directions_pass
M016098	M000075	True	True	True	True	both_directions_pass
M016098	M000321	True	True	True	True	both_directions_pass
M016098	M003028	True	True	True	True	both_directions_pass
M016098	M003504	True	True	True	True	both_directions_pass
M016098	M003765	True	True	True	True	both_directions_pass
M016098	M004486	True	True	True	True	both_directions_pass
M016098	M004612	True	True	True	True	both_directions_pass
M016098	M005378	True	True	True	True	both_directions_pass
M016098	M005666	True	True	True	True	both_directions_pass
M016098	M005743	True	True	True	True	both_directions_pass
M016098	M005784	True	True	True	True	both_directions_pass
M016098	M005949	True	True	True	True	both_directions_pass
M016098	M006940	True	True	True	True	both_directions_pass
M016098	M007274	True	True	True	True	both_directions_pass
M016098	M007488	True	True	True	True	both_directions_pass
M016098	M008016	True	True	True	True	both_directions_pass
M016098	M008209	True	True	True	True	both_directions_pass
M016098	M009989	True	True	True	True	both_directions_pass
M016098	M010122	True	True	True	True	both_directions_pass
M016098	M010690	True	True	True	True	both_directions_pass
M016098	M010844	True	True	True	True	both_directions_pass
M016098	M012308	True	True	True	True	both_directions_pass
M016098	M013340	True	True	True	True	both_directions_pass
M016098	M013369	True	True	True	True	both_directions_pass
M016098	M013482	True	True	True	True	both_directions_pass
M016098	M013598	True	True	True	True	both_directions_pass
M016098	M013916	True	True	True	True	both_directions_pass
M016098	M014038	True	True	True	True	both_directions_pass
M016098	M014194	True	True	True	True	both_directions_pass
M016098	M014234	True	True	True	True	both_directions_pass
M016098	M014294	True	True	True	True	both_directions_pass
M016098	M014434	True	True	True	True	both_directions_pass
M016098	M014498	True	True	True	True	both_directions_pass
M016098	M014595	True	True	True	True	both_directions_pass
M016098	M014659	True	True	True	True	both_directions_pass
M016098	M014671	True	True	True	True	both_directions_pass
M016098	M014685	True	True	True	True	both_directions_pass
M016098	M014726	True	True	True	True	both_directions_pass
M016098	M014747	True	True	True	True	both_directions_pass
M016098	M014756	True	True	True	True	both_directions_pass
M016098	M015106	True	True	True	True	both_directions_pass
M016098	M015136	True	True	True	True	both_directions_pass
M016098	M015205	True	True	True	True	both_directions_pass
M016098	M015445	True	True	True	True	both_directions_pass
M016098	M015599	True	True	True	True	both_directions_pass
M016098	M015695	True	True	True	True	both_directions_pass
M016098	M015703	True	True	True	True	both_directions_pass
M016098	M015748	True	True	True	True	both_directions_pass
M016098	M015753	True	True	True	True	both_directions_pass
M016098	M015767	True	True	True	True	both_directions_pass
M016098	M015799	True	True	True	True	both_directions_pass
M016098	M016008	True	True	True	True	both_directions_pass
M016098	M016257	True	True	True	True	both_directions_pass
M016098	M016310	True	True	True	True	both_directions_pass
M016098	M016333	True	True	True	True	both_directions_pass
M016098	M016512	True	True	True	True	both_directions_pass
M016098	M016532	True	True	True	True	both_directions_pass
M016098	M016786	True	True	True	True	both_directions_pass
M016098	M017250	True	True	True	True	both_directions_pass
M016098	M017351	True	True	True	True	both_directions_pass
M016098	M017477	True	True	True	True	both_directions_pass
M016098	M017488	True	True	True	True	both_directions_pass
M016098	M017538	True	True	True	True	both_directions_pass
M016098	M017580	True	True	True	True	both_directions_pass
M016098	M017763	True	True	True	True	both_directions_pass
M016098	M017887	True	True	True	True	both_directions_pass
M016098	M017975	True	True	True	True	both_directions_pass
M016098	M018030	True	True	True	True	both_directions_pass
M016098	M018223	True	True	True	True	both_directions_pass
M016123	M014881	True	True	True	True	both_directions_pass
M016123	M016236	True	True	True	True	both_directions_pass
M016125	M014550	True	True	False	False	neither_direction_passes
M016125	M015225	True	True	True	True	both_directions_pass
M016125	M016296	True	True	True	True	both_directions_pass
M016125	M016981	True	True	True	True	both_directions_pass
M016140	M007757	True	True	True	True	both_directions_pass
M016143	M013368	True	True	False	False	neither_direction_passes
M016143	M014069	True	True	False	False	neither_direction_passes
M016143	M014374	True	True	False	False	neither_direction_passes
M016143	M014495	True	True	True	True	both_directions_pass
M016143	M015321	True	True	False	False	neither_direction_passes
M016143	M015571	True	True	True	True	both_directions_pass
M016143	M016291	True	True	True	True	both_directions_pass
M016143	M016747	True	True	True	True	both_directions_pass
M016143	M017071	True	True	True	True	both_directions_pass
M016144	M008325	True	True	True	True	both_directions_pass
M016144	M013199	True	True	True	True	both_directions_pass
M016144	M013232	True	True	True	True	both_directions_pass
M016144	M014475	True	True	True	True	both_directions_pass
M016144	M015049	True	True	True	True	both_directions_pass
M016144	M016313	True	True	True	True	both_directions_pass
M016144	M016408	True	True	True	True	both_directions_pass
M016144	M016459	True	True	True	True	both_directions_pass
M016144	M016562	True	True	True	True	both_directions_pass
M016144	M016578	True	True	True	True	both_directions_pass
M016157	M014071	True	True	False	False	neither_direction_passes
M016200	M001281	True	True	True	True	both_directions_pass
M016200	M007915	True	True	True	True	both_directions_pass
M016200	M015193	True	True	True	True	both_directions_pass
M016200	M015509	True	True	True	True	both_directions_pass
M016204	M013525	True	True	True	True	both_directions_pass
M016243	M005745	True	True	True	True	both_directions_pass
M016243	M005787	True	True	True	True	both_directions_pass
M016243	M008208	True	True	True	True	both_directions_pass
M016243	M012641	True	True	True	True	both_directions_pass
M016243	M013027	True	True	True	True	both_directions_pass
M016278	M013330	True	True	True	True	both_directions_pass
M016278	M015620	True	True	True	True	both_directions_pass
M016278	M016549	True	True	True	True	both_directions_pass
M016323	M013547	True	True	False	False	neither_direction_passes
M016323	M013726	True	True	True	True	both_directions_pass
M016323	M014091	True	True	True	True	both_directions_pass
M016323	M014214	True	True	True	True	both_directions_pass
M016323	M014897	True	True	True	True	both_directions_pass
M016323	M016727	True	True	True	True	both_directions_pass
M016323	M016825	True	True	True	True	both_directions_pass
M016323	M016929	True	True	True	True	both_directions_pass
M016323	M017421	True	True	True	True	both_directions_pass
M016323	M017743	True	True	True	True	both_directions_pass
M016336	M013287	True	True	True	True	both_directions_pass
M016336	M014021	True	True	True	True	both_directions_pass
M016336	M014365	True	True	True	True	both_directions_pass
M016336	M014990	True	True	True	True	both_directions_pass
M016336	M015027	True	True	True	True	both_directions_pass
M016336	M015100	True	True	True	True	both_directions_pass
M016336	M017284	True	True	True	True	both_directions_pass
M016336	M017967	True	True	True	True	both_directions_pass
M016336	M018068	True	True	True	True	both_directions_pass
M016340	M014534	True	True	True	True	both_directions_pass
M016340	M017654	True	True	True	True	both_directions_pass
M016341	M004708	True	True	True	True	both_directions_pass
M016341	M006509	True	True	True	True	both_directions_pass
M016341	M006912	True	True	True	True	both_directions_pass
M016341	M008465	True	True	True	True	both_directions_pass
M016341	M010547	True	True	True	True	both_directions_pass
M016341	M012196	True	True	True	True	both_directions_pass
M016341	M012438	True	True	True	True	both_directions_pass
M016341	M013560	True	True	True	True	both_directions_pass
M016341	M013699	True	True	True	True	both_directions_pass
M016341	M014390	True	True	True	True	both_directions_pass
M016341	M014414	True	True	True	True	both_directions_pass
M016341	M014462	True	True	True	True	both_directions_pass
M016341	M014828	True	True	True	True	both_directions_pass
M016341	M015450	True	True	True	True	both_directions_pass
M016341	M017636	True	True	True	True	both_directions_pass
M016341	M017742	True	True	True	True	both_directions_pass
M016341	M017804	True	True	True	True	both_directions_pass
M016341	M017914	True	True	True	True	both_directions_pass
M016341	M017970	True	True	True	True	both_directions_pass
M016341	M018144	True	True	False	False	neither_direction_passes
M016341	M018150	True	True	True	True	both_directions_pass
M016363	M016940	True	True	True	True	both_directions_pass
M016364	M002248	True	True	True	True	both_directions_pass
M016364	M004380	True	True	True	True	both_directions_pass
M016364	M005049	True	True	True	True	both_directions_pass
M016364	M005444	True	True	True	True	both_directions_pass
M016364	M012356	True	True	True	True	both_directions_pass
M016364	M012722	True	True	True	True	both_directions_pass
M016364	M012827	True	True	True	True	both_directions_pass
M016364	M013518	True	True	True	True	both_directions_pass
M016364	M013527	True	True	True	True	both_directions_pass
M016364	M013729	True	True	True	True	both_directions_pass
M016364	M013817	True	True	True	True	both_directions_pass
M016364	M013844	True	True	True	True	both_directions_pass
M016364	M014060	True	True	True	True	both_directions_pass
M016364	M014129	True	True	True	True	both_directions_pass
M016364	M014637	True	True	True	True	both_directions_pass
M016364	M014728	True	True	True	True	both_directions_pass
M016364	M015348	True	True	True	True	both_directions_pass
M016364	M015417	True	True	True	True	both_directions_pass
M016364	M015422	True	True	True	True	both_directions_pass
M016364	M015429	True	True	True	True	both_directions_pass
M016364	M015653	True	True	True	True	both_directions_pass
M016364	M015807	True	True	True	True	both_directions_pass
M016364	M016222	True	True	True	True	both_directions_pass
M016364	M016409	True	True	True	True	both_directions_pass
M016364	M016579	True	True	True	True	both_directions_pass
M016364	M017133	True	True	True	True	both_directions_pass
M016364	M017180	True	True	True	True	both_directions_pass
M016364	M017246	True	True	True	True	both_directions_pass
M016364	M017303	True	True	True	True	both_directions_pass
M016364	M017577	True	True	True	True	both_directions_pass
M016364	M017750	True	True	True	True	both_directions_pass
M016364	M017813	True	True	True	True	both_directions_pass
M016364	M017820	True	True	True	True	both_directions_pass
M016379	M015563	True	True	True	True	both_directions_pass
M016430	M013530	True	True	True	True	both_directions_pass
M016433	M013388	True	True	True	True	both_directions_pass
M016433	M014401	True	True	True	True	both_directions_pass
M016433	M015141	True	True	True	True	both_directions_pass
M016433	M015263	True	True	True	True	both_directions_pass
M016433	M015899	True	True	True	True	both_directions_pass
M016433	M017797	True	True	True	True	both_directions_pass
M016449	M016789	True	True	True	True	both_directions_pass
M016465	M001227	True	True	True	True	both_directions_pass
M016465	M002192	True	True	True	True	both_directions_pass
M016465	M002740	True	True	True	True	both_directions_pass
M016465	M003319	True	True	True	True	both_directions_pass
M016465	M004563	True	True	True	True	both_directions_pass
M016465	M004941	True	True	True	True	both_directions_pass
M016465	M006269	True	True	True	True	both_directions_pass
M016465	M006285	True	True	False	False	neither_direction_passes
M016465	M007654	True	True	True	True	both_directions_pass
M016465	M007793	True	True	True	True	both_directions_pass
M016465	M008533	True	True	True	True	both_directions_pass
M016465	M012176	True	True	True	True	both_directions_pass
M016465	M013124	True	True	True	True	both_directions_pass
M016465	M013807	True	True	True	True	both_directions_pass
M016465	M014337	True	True	True	True	both_directions_pass
M016465	M014647	True	True	True	True	both_directions_pass
M016465	M014684	True	True	True	True	both_directions_pass
M016465	M015152	True	True	True	True	both_directions_pass
M016465	M015420	True	True	True	True	both_directions_pass
M016465	M015543	True	True	True	True	both_directions_pass
M016465	M015550	True	True	True	True	both_directions_pass
M016465	M016356	True	True	True	True	both_directions_pass
M016465	M016779	True	True	True	True	both_directions_pass
M016465	M016819	True	True	True	True	both_directions_pass
M016465	M017055	True	True	True	True	both_directions_pass
M016465	M017152	True	True	True	True	both_directions_pass
M016465	M017251	True	True	True	True	both_directions_pass
M016465	M017427	True	True	True	True	both_directions_pass
M016486	M014491	True	True	True	True	both_directions_pass
M016486	M018043	True	True	True	True	both_directions_pass
M016517	M014960	True	True	True	True	both_directions_pass
M016517	M017171	True	True	False	False	neither_direction_passes
M016572	M013868	True	True	True	True	both_directions_pass
M016572	M016325	True	True	True	True	both_directions_pass
M016592	M000036	True	True	True	True	both_directions_pass
M016592	M000347	True	True	True	True	both_directions_pass
M016592	M002338	True	True	True	True	both_directions_pass
M016592	M002429	True	True	True	True	both_directions_pass
M016592	M003482	True	True	True	True	both_directions_pass
M016592	M003748	True	True	True	True	both_directions_pass
M016592	M004389	True	True	True	True	both_directions_pass
M016592	M004747	True	True	True	True	both_directions_pass
M016592	M005040	True	True	True	True	both_directions_pass
M016592	M005533	True	True	True	True	both_directions_pass
M016592	M006026	True	True	True	True	both_directions_pass
M016592	M006337	True	True	True	True	both_directions_pass
M016592	M006441	True	True	True	True	both_directions_pass
M016592	M007524	True	True	True	True	both_directions_pass
M016592	M007563	True	True	True	True	both_directions_pass
M016592	M008749	True	True	True	True	both_directions_pass
M016592	M008866	True	True	True	True	both_directions_pass
M016592	M009625	True	True	True	True	both_directions_pass
M016592	M012352	True	True	True	True	both_directions_pass
M016592	M012371	True	True	False	False	neither_direction_passes
M016592	M012708	True	True	True	True	both_directions_pass
M016592	M013010	True	True	True	True	both_directions_pass
M016592	M013286	True	True	True	True	both_directions_pass
M016592	M013478	True	True	True	True	both_directions_pass
M016592	M013661	True	True	True	True	both_directions_pass
M016592	M013758	True	True	True	True	both_directions_pass
M016592	M013762	True	True	True	True	both_directions_pass
M016592	M014581	True	True	True	True	both_directions_pass
M016592	M014589	True	True	True	True	both_directions_pass
M016592	M014613	True	True	True	True	both_directions_pass
M016592	M014853	True	True	True	True	both_directions_pass
M016592	M014952	True	True	True	True	both_directions_pass
M016592	M015122	True	True	True	True	both_directions_pass
M016592	M015297	True	True	True	True	both_directions_pass
M016592	M015726	True	True	True	True	both_directions_pass
M016592	M016146	True	True	True	True	both_directions_pass
M016592	M017745	True	True	True	True	both_directions_pass
M016592	M017799	True	True	True	True	both_directions_pass
M016592	M017858	True	True	True	True	both_directions_pass
M016616	M013990	True	True	True	True	both_directions_pass
M016616	M016540	True	True	True	True	both_directions_pass
M016648	M013543	True	True	False	False	neither_direction_passes
M016648	M014008	True	True	True	True	both_directions_pass
M016650	M013429	True	True	True	True	both_directions_pass
M016651	M014143	True	True	True	True	both_directions_pass
M016651	M016873	True	True	True	True	both_directions_pass
M016651	M016923	True	True	True	True	both_directions_pass
M016664	M013531	True	True	False	False	neither_direction_passes
M016664	M016421	True	True	True	True	both_directions_pass
M016664	M016591	True	True	False	False	neither_direction_passes
M016666	M018130	True	True	True	True	both_directions_pass
M016673	M014044	True	True	False	False	neither_direction_passes
M016673	M017615	True	True	True	True	both_directions_pass
M016679	M017457	True	True	True	True	both_directions_pass
M016732	M014886	True	True	True	True	both_directions_pass
M016737	M015114	True	True	True	True	both_directions_pass
M016737	M017770	True	True	True	True	both_directions_pass
M016739	M000260	True	True	True	True	both_directions_pass
M016739	M006029	True	True	True	True	both_directions_pass
M016739	M014448	True	True	True	True	both_directions_pass
M016739	M014970	True	True	True	True	both_directions_pass
M016739	M015495	True	True	True	True	both_directions_pass
M016739	M015763	True	True	True	True	both_directions_pass
M016739	M015806	True	True	True	True	both_directions_pass
M016739	M017044	True	True	True	True	both_directions_pass
M016763	M000057	True	True	True	True	both_directions_pass
M016763	M000366	True	True	True	True	both_directions_pass
M016763	M000888	True	True	True	True	both_directions_pass
M016763	M001052	True	True	True	True	both_directions_pass
M016763	M001330	True	True	True	True	both_directions_pass
M016763	M001621	True	True	True	True	both_directions_pass
M016763	M001976	True	True	True	True	both_directions_pass
M016763	M002153	True	True	True	True	both_directions_pass
M016763	M002252	True	True	True	True	both_directions_pass
M016763	M002391	True	True	True	True	both_directions_pass
M016763	M002539	True	True	True	True	both_directions_pass
M016763	M002979	True	True	True	True	both_directions_pass
M016763	M003092	True	True	True	True	both_directions_pass
M016763	M003161	True	True	True	True	both_directions_pass
M016763	M003368	True	True	True	True	both_directions_pass
M016763	M003401	True	True	True	True	both_directions_pass
M016763	M003604	True	True	True	True	both_directions_pass
M016763	M003643	True	True	True	True	both_directions_pass
M016763	M004860	True	True	True	True	both_directions_pass
M016763	M005326	True	True	True	True	both_directions_pass
M016763	M005410	True	True	True	True	both_directions_pass
M016763	M005611	True	True	True	True	both_directions_pass
M016763	M005837	True	True	True	True	both_directions_pass
M016763	M005858	True	True	True	True	both_directions_pass
M016763	M005964	True	True	True	True	both_directions_pass
M016763	M006121	True	True	True	True	both_directions_pass
M016763	M006231	True	True	True	True	both_directions_pass
M016763	M006425	True	True	True	True	both_directions_pass
M016763	M006793	True	True	True	True	both_directions_pass
M016763	M007077	True	True	True	True	both_directions_pass
M016763	M007276	True	True	True	True	both_directions_pass
M016763	M007410	True	True	True	True	both_directions_pass
M016763	M007949	True	True	True	True	both_directions_pass
M016763	M008178	True	True	True	True	both_directions_pass
M016763	M008558	True	True	True	True	both_directions_pass
M016763	M008894	True	True	True	True	both_directions_pass
M016763	M009171	True	True	True	True	both_directions_pass
M016763	M009265	True	True	True	True	both_directions_pass
M016763	M009385	True	True	True	True	both_directions_pass
M016763	M009515	True	True	True	True	both_directions_pass
M016763	M009946	True	True	True	True	both_directions_pass
M016763	M010496	True	True	True	True	both_directions_pass
M016763	M010521	True	True	True	True	both_directions_pass
M016763	M010710	True	True	True	True	both_directions_pass
M016763	M011393	True	True	True	True	both_directions_pass
M016763	M011647	True	True	True	True	both_directions_pass
M016763	M011791	True	True	True	True	both_directions_pass
M016763	M012066	True	True	True	True	both_directions_pass
M016763	M012177	True	True	True	True	both_directions_pass
M016763	M013274	True	True	True	True	both_directions_pass
M016763	M013289	True	True	True	True	both_directions_pass
M016763	M013431	True	True	True	True	both_directions_pass
M016763	M013554	True	True	True	True	both_directions_pass
M016763	M013609	True	True	True	True	both_directions_pass
M016763	M013746	True	True	True	True	both_directions_pass
M016763	M013865	True	True	True	True	both_directions_pass
M016763	M013939	True	True	True	True	both_directions_pass
M016763	M013946	True	True	True	True	both_directions_pass
M016763	M013960	True	True	True	True	both_directions_pass
M016763	M013968	True	True	True	True	both_directions_pass
M016763	M014014	True	True	True	True	both_directions_pass
M016763	M014155	True	True	True	True	both_directions_pass
M016763	M014157	True	True	True	True	both_directions_pass
M016763	M014178	True	True	True	True	both_directions_pass
M016763	M014183	True	True	True	True	both_directions_pass
M016763	M014270	True	True	True	True	both_directions_pass
M016763	M014293	True	True	True	True	both_directions_pass
M016763	M014321	True	True	True	True	both_directions_pass
M016763	M014356	True	True	True	True	both_directions_pass
M016763	M014412	True	True	True	True	both_directions_pass
M016763	M014439	True	True	True	True	both_directions_pass
M016763	M014458	True	True	True	True	both_directions_pass
M016763	M014590	True	True	True	True	both_directions_pass
M016763	M014695	True	True	True	True	both_directions_pass
M016763	M014827	True	True	True	True	both_directions_pass
M016763	M014917	True	True	True	True	both_directions_pass
M016763	M014934	True	True	True	True	both_directions_pass
M016763	M014943	True	True	True	True	both_directions_pass
M016763	M014985	True	True	True	True	both_directions_pass
M016763	M015236	True	True	True	True	both_directions_pass
M016763	M015254	True	True	True	True	both_directions_pass
M016763	M015264	True	True	True	True	both_directions_pass
M016763	M015315	True	True	True	True	both_directions_pass
M016763	M015511	True	True	True	True	both_directions_pass
M016763	M015529	True	True	True	True	both_directions_pass
M016763	M015546	True	True	True	True	both_directions_pass
M016763	M015583	True	True	True	True	both_directions_pass
M016763	M015613	True	True	True	True	both_directions_pass
M016763	M015655	True	True	True	True	both_directions_pass
M016763	M015757	True	True	True	True	both_directions_pass
M016763	M015826	True	True	True	True	both_directions_pass
M016763	M015882	True	True	True	True	both_directions_pass
M016763	M015908	True	True	True	True	both_directions_pass
M016763	M016061	True	True	True	True	both_directions_pass
M016763	M016077	True	True	True	True	both_directions_pass
M016763	M016119	True	True	True	True	both_directions_pass
M016763	M016153	True	True	True	True	both_directions_pass
M016763	M016186	True	True	True	True	both_directions_pass
M016763	M016198	True	True	True	True	both_directions_pass
M016763	M016286	True	True	True	True	both_directions_pass
M016763	M016439	True	True	True	True	both_directions_pass
M016763	M016479	True	True	True	True	both_directions_pass
M016763	M016518	True	True	True	True	both_directions_pass
M016763	M016581	True	True	True	True	both_directions_pass
M016763	M016618	True	True	True	True	both_directions_pass
M016763	M016723	True	True	True	True	both_directions_pass
M016763	M016725	True	True	True	True	both_directions_pass
M016763	M016736	True	True	True	True	both_directions_pass
M016763	M016960	True	True	True	True	both_directions_pass
M016763	M016976	True	True	True	True	both_directions_pass
M016763	M017005	True	True	True	True	both_directions_pass
M016763	M017077	True	True	True	True	both_directions_pass
M016763	M017137	True	True	True	True	both_directions_pass
M016763	M017172	True	True	True	True	both_directions_pass
M016763	M017214	True	True	True	True	both_directions_pass
M016763	M017338	True	True	True	True	both_directions_pass
M016763	M017562	True	True	True	True	both_directions_pass
M016763	M017588	True	True	True	True	both_directions_pass
M016763	M017711	True	True	True	True	both_directions_pass
M016763	M017757	True	True	True	True	both_directions_pass
M016763	M017902	True	True	True	True	both_directions_pass
M016763	M017924	True	True	True	True	both_directions_pass
M016763	M017971	True	True	True	True	both_directions_pass
M016763	M017992	True	True	True	True	both_directions_pass
M016763	M018002	True	True	True	True	both_directions_pass
M016763	M018014	True	True	True	True	both_directions_pass
M016763	M018052	True	True	True	True	both_directions_pass
M016763	M018101	True	True	True	True	both_directions_pass
M016763	M018106	True	True	True	True	both_directions_pass
M016763	M018168	True	True	True	True	both_directions_pass
M016763	M018178	True	True	True	True	both_directions_pass
M016763	M018220	True	True	True	True	both_directions_pass
M016763	M018237	True	True	True	True	both_directions_pass
M016763	M018245	True	True	True	True	both_directions_pass
M016776	M014642	True	True	True	True	both_directions_pass
M016776	M014850	True	True	True	True	both_directions_pass
M016776	M014871	True	True	True	True	both_directions_pass
M016776	M014895	True	True	True	True	both_directions_pass
M016776	M015115	True	True	True	True	both_directions_pass
M016776	M016250	True	True	True	True	both_directions_pass
M016807	M014023	True	True	True	True	both_directions_pass
M016807	M016516	True	True	True	True	both_directions_pass
M016807	M017213	True	True	True	True	both_directions_pass
M016814	M009178	True	True	True	True	both_directions_pass
M016814	M014946	True	True	True	True	both_directions_pass
M016818	M014708	True	True	True	True	both_directions_pass
M016818	M016918	True	True	True	True	both_directions_pass
M016847	M000339	True	True	True	True	both_directions_pass
M016847	M000528	True	True	True	True	both_directions_pass
M016847	M000682	True	True	True	True	both_directions_pass
M016847	M000757	True	True	True	True	both_directions_pass
M016847	M000873	True	True	True	True	both_directions_pass
M016847	M001021	True	True	True	True	both_directions_pass
M016847	M001331	True	True	True	True	both_directions_pass
M016847	M001580	True	True	True	True	both_directions_pass
M016847	M001757	True	True	True	True	both_directions_pass
M016847	M001868	True	True	True	True	both_directions_pass
M016847	M002494	True	True	True	True	both_directions_pass
M016847	M002612	True	True	True	True	both_directions_pass
M016847	M003960	True	True	True	True	both_directions_pass
M016847	M004225	True	True	True	True	both_directions_pass
M016847	M004469	True	True	True	True	both_directions_pass
M016847	M005587	True	True	True	True	both_directions_pass
M016847	M006059	True	True	True	True	both_directions_pass
M016847	M006925	True	True	True	True	both_directions_pass
M016847	M007040	True	True	True	True	both_directions_pass
M016847	M007366	True	True	True	True	both_directions_pass
M016847	M007411	True	True	True	True	both_directions_pass
M016847	M008086	True	True	True	True	both_directions_pass
M016847	M008405	True	True	True	True	both_directions_pass
M016847	M008442	True	True	True	True	both_directions_pass
M016847	M008610	True	True	True	True	both_directions_pass
M016847	M009866	True	True	True	True	both_directions_pass
M016847	M010297	True	True	True	True	both_directions_pass
M016847	M010578	True	True	True	True	both_directions_pass
M016847	M010864	True	True	True	True	both_directions_pass
M016847	M010975	True	True	True	True	both_directions_pass
M016847	M011505	True	True	True	True	both_directions_pass
M016847	M011819	True	True	True	True	both_directions_pass
M016847	M011932	True	True	True	True	both_directions_pass
M016847	M012740	True	True	True	True	both_directions_pass
M016847	M014585	True	True	True	True	both_directions_pass
M016847	M014801	True	True	True	True	both_directions_pass
M016847	M014922	True	True	True	True	both_directions_pass
M016847	M014923	True	True	True	True	both_directions_pass
M016847	M015791	True	True	True	True	both_directions_pass
M016847	M016350	True	True	True	True	both_directions_pass
M016847	M016686	True	True	True	True	both_directions_pass
M016857	M013761	True	True	False	False	neither_direction_passes
M016857	M013831	True	True	True	True	both_directions_pass
M016857	M014793	True	True	True	True	both_directions_pass
M016857	M015477	True	True	True	True	both_directions_pass
M016857	M016815	True	True	True	True	both_directions_pass
M016857	M017026	True	True	True	True	both_directions_pass
M016857	M018045	True	True	True	True	both_directions_pass
M016857	M018145	True	True	True	True	both_directions_pass
M016867	M018133	True	True	True	True	both_directions_pass
M016874	M000607	True	True	True	True	both_directions_pass
M016874	M001616	True	True	True	True	both_directions_pass
M016874	M002560	True	True	True	True	both_directions_pass
M016874	M003378	True	True	True	True	both_directions_pass
M016874	M004869	True	True	True	True	both_directions_pass
M016874	M005662	True	True	True	True	both_directions_pass
M016874	M006905	True	True	True	True	both_directions_pass
M016874	M010664	True	True	True	True	both_directions_pass
M016874	M013195	True	True	True	True	both_directions_pass
M016874	M016767	True	True	True	True	both_directions_pass
M016914	M002095	True	True	True	True	both_directions_pass
M016914	M002464	True	True	True	True	both_directions_pass
M016914	M015056	True	True	True	True	both_directions_pass
M016914	M015536	True	True	True	True	both_directions_pass
M016914	M015686	True	True	True	True	both_directions_pass
M016914	M016124	True	True	True	True	both_directions_pass
M016914	M016176	True	True	True	True	both_directions_pass
M016914	M017545	True	True	True	True	both_directions_pass
M016914	M017610	True	True	True	True	both_directions_pass
M016914	M017910	True	True	True	True	both_directions_pass
M016914	M018235	True	True	True	True	both_directions_pass
M016930	M014289	True	True	True	True	both_directions_pass
M016959	M004571	True	True	True	True	both_directions_pass
M016959	M017534	True	True	True	True	both_directions_pass
M016992	M018218	True	True	True	True	both_directions_pass
M017010	M014015	True	True	True	True	both_directions_pass
M017010	M017370	True	True	True	True	both_directions_pass
M017010	M017406	True	True	True	True	both_directions_pass
M017010	M018188	True	True	True	True	both_directions_pass
M017011	M000618	True	True	False	False	neither_direction_passes
M017011	M014291	True	True	False	False	neither_direction_passes
M017011	M015598	True	True	True	True	both_directions_pass
M017011	M016138	True	True	False	False	neither_direction_passes
M017013	M017316	True	True	True	True	both_directions_pass
M017014	M014340	True	True	True	True	both_directions_pass
M017052	M014147	True	True	True	True	both_directions_pass
M017052	M014497	True	True	False	False	neither_direction_passes
M017074	M010438	True	True	False	False	neither_direction_passes
M017074	M013178	True	True	True	True	both_directions_pass
M017074	M013194	True	True	True	True	both_directions_pass
M017074	M013517	True	True	False	False	neither_direction_passes
M017074	M013528	True	True	True	True	both_directions_pass
M017074	M013732	True	True	True	True	both_directions_pass
M017074	M014042	True	True	True	True	both_directions_pass
M017074	M014119	True	True	True	True	both_directions_pass
M017074	M014758	True	True	True	True	both_directions_pass
M017074	M015372	True	True	False	False	neither_direction_passes
M017074	M015463	True	True	True	True	both_directions_pass
M017074	M016256	True	True	True	True	both_directions_pass
M017074	M016491	True	True	True	True	both_directions_pass
M017074	M017103	True	True	True	True	both_directions_pass
M017074	M017157	True	True	True	True	both_directions_pass
M017074	M017252	True	True	True	True	both_directions_pass
M017074	M017518	True	True	True	True	both_directions_pass
M017074	M017774	True	True	True	True	both_directions_pass
M017074	M017801	True	True	True	True	both_directions_pass
M017074	M018198	True	True	False	False	neither_direction_passes
M017080	M006145	True	True	True	True	both_directions_pass
M017080	M007229	True	True	True	True	both_directions_pass
M017080	M010417	True	True	True	True	both_directions_pass
M017080	M010614	True	True	True	True	both_directions_pass
M017080	M013822	True	True	True	True	both_directions_pass
M017080	M014405	True	True	True	True	both_directions_pass
M017080	M014459	True	True	True	True	both_directions_pass
M017080	M015130	True	True	True	True	both_directions_pass
M017080	M015266	True	True	True	True	both_directions_pass
M017080	M015335	True	True	True	True	both_directions_pass
M017080	M015530	True	True	True	True	both_directions_pass
M017080	M015746	True	True	False	False	neither_direction_passes
M017080	M016003	True	True	True	True	both_directions_pass
M017080	M016424	True	True	False	False	neither_direction_passes
M017080	M016712	True	True	True	True	both_directions_pass
M017080	M017085	True	True	True	True	both_directions_pass
M017080	M018022	True	True	True	True	both_directions_pass
M017080	M018152	True	True	True	True	both_directions_pass
M017081	M016695	True	True	True	True	both_directions_pass
M017099	M014630	True	True	True	True	both_directions_pass
M017106	M017541	True	True	True	True	both_directions_pass
M017123	M017305	True	True	True	True	both_directions_pass
M017123	M018071	True	True	True	True	both_directions_pass
M017125	M015593	True	True	True	True	both_directions_pass
M017154	M013803	True	True	True	True	both_directions_pass
M017165	M015144	True	True	True	True	both_directions_pass
M017165	M017438	True	True	True	True	both_directions_pass
M017183	M010911	True	True	True	True	both_directions_pass
M017232	M007779	True	True	True	True	both_directions_pass
M017232	M014191	True	True	True	True	both_directions_pass
M017232	M017890	True	True	True	True	both_directions_pass
M017255	M016266	True	True	True	True	both_directions_pass
M017255	M018249	True	True	True	True	both_directions_pass
M017259	M013317	True	True	True	True	both_directions_pass
M017259	M014241	True	True	True	True	both_directions_pass
M017259	M014688	True	True	True	True	both_directions_pass
M017259	M015120	True	True	True	True	both_directions_pass
M017259	M015191	True	True	True	True	both_directions_pass
M017259	M015721	True	True	True	True	both_directions_pass
M017259	M016180	True	True	True	True	both_directions_pass
M017260	M007120	True	True	False	False	neither_direction_passes
M017260	M014482	True	True	True	True	both_directions_pass
M017260	M014529	True	True	False	False	neither_direction_passes
M017260	M015146	True	True	True	True	both_directions_pass
M017260	M016088	True	True	False	False	neither_direction_passes
M017260	M016327	True	True	True	True	both_directions_pass
M017266	M000247	True	True	True	True	both_directions_pass
M017266	M003277	True	True	True	True	both_directions_pass
M017266	M005219	True	True	True	True	both_directions_pass
M017266	M005565	True	True	True	True	both_directions_pass
M017266	M006616	True	True	True	True	both_directions_pass
M017266	M008438	True	True	True	True	both_directions_pass
M017266	M010054	True	True	True	True	both_directions_pass
M017266	M011414	True	True	True	True	both_directions_pass
M017266	M011730	True	True	True	True	both_directions_pass
M017266	M012388	True	True	True	True	both_directions_pass
M017266	M013514	True	True	True	True	both_directions_pass
M017266	M014927	True	True	True	True	both_directions_pass
M017266	M015614	True	True	True	True	both_directions_pass
M017266	M015631	True	True	True	True	both_directions_pass
M017266	M015769	True	True	True	True	both_directions_pass
M017267	M003402	True	True	True	True	both_directions_pass
M017267	M008059	True	True	True	True	both_directions_pass
M017268	M016826	True	True	False	False	neither_direction_passes
M017268	M017936	True	True	True	True	both_directions_pass
M017274	M003009	True	True	True	True	both_directions_pass
M017274	M009050	True	True	True	True	both_directions_pass
M017274	M009440	True	True	True	True	both_directions_pass
M017274	M015700	True	True	True	True	both_directions_pass
M017289	M013628	True	True	True	True	both_directions_pass
M017291	M013591	True	True	True	True	both_directions_pass
M017291	M014485	True	True	True	True	both_directions_pass
M017291	M014781	True	True	True	True	both_directions_pass
M017291	M018096	True	True	True	True	both_directions_pass
M017295	M013773	True	True	True	True	both_directions_pass
M017306	M001341	True	True	True	True	both_directions_pass
M017317	M016839	True	True	True	True	both_directions_pass
M017317	M017950	True	True	True	True	both_directions_pass
M017331	M016185	True	True	True	True	both_directions_pass
M017348	M014755	True	True	True	True	both_directions_pass
M017348	M015080	True	True	True	True	both_directions_pass
M017348	M016366	True	True	True	True	both_directions_pass
M017348	M016645	True	True	True	True	both_directions_pass
M017348	M016853	True	True	True	True	both_directions_pass
M017387	M014383	True	True	True	True	both_directions_pass
M017387	M016169	True	True	True	True	both_directions_pass
M017395	M002221	True	True	False	False	neither_direction_passes
M017395	M009366	True	True	True	True	both_directions_pass
M017395	M014186	True	True	True	True	both_directions_pass
M017395	M018017	True	True	True	True	both_directions_pass
M017401	M014066	True	True	True	True	both_directions_pass
M017408	M008893	True	True	True	True	both_directions_pass
M017408	M011773	True	True	True	True	both_directions_pass
M017420	M013658	True	True	True	True	both_directions_pass
M017420	M015117	True	True	True	True	both_directions_pass
M017420	M016281	True	True	True	True	both_directions_pass
M017430	M013318	True	True	True	True	both_directions_pass
M017430	M017467	True	True	True	True	both_directions_pass
M017452	M014748	True	True	True	True	both_directions_pass
M017468	M012376	True	True	True	True	both_directions_pass
M017470	M000408	True	True	True	True	both_directions_pass
M017470	M001144	True	True	True	True	both_directions_pass
M017470	M003306	True	True	True	True	both_directions_pass
M017470	M003620	True	True	True	True	both_directions_pass
M017470	M003714	True	True	False	False	neither_direction_passes
M017470	M005001	True	True	True	True	both_directions_pass
M017470	M005470	True	True	False	False	neither_direction_passes
M017470	M005647	True	True	True	True	both_directions_pass
M017470	M005726	True	True	True	True	both_directions_pass
M017470	M005930	True	True	True	True	both_directions_pass
M017470	M006219	True	True	True	True	both_directions_pass
M017470	M006675	True	True	True	True	both_directions_pass
M017470	M007181	True	True	True	True	both_directions_pass
M017470	M007212	True	True	True	True	both_directions_pass
M017470	M008275	True	True	True	True	both_directions_pass
M017470	M008735	True	True	True	True	both_directions_pass
M017470	M009049	True	True	True	True	both_directions_pass
M017470	M009509	True	True	True	True	both_directions_pass
M017470	M009725	True	True	False	False	neither_direction_passes
M017470	M010317	True	True	True	True	both_directions_pass
M017470	M010903	True	True	True	True	both_directions_pass
M017470	M010953	True	True	True	True	both_directions_pass
M017470	M013827	True	True	False	False	neither_direction_passes
M017470	M013973	True	True	False	False	neither_direction_passes
M017470	M014184	True	True	True	True	both_directions_pass
M017470	M014421	True	True	True	True	both_directions_pass
M017470	M014436	True	True	False	False	neither_direction_passes
M017470	M014460	True	True	True	True	both_directions_pass
M017470	M014721	True	True	False	False	neither_direction_passes
M017470	M014767	True	True	False	False	neither_direction_passes
M017470	M015028	True	True	True	True	both_directions_pass
M017470	M015237	True	True	True	True	both_directions_pass
M017470	M016145	True	True	True	True	both_directions_pass
M017470	M016373	True	True	False	False	neither_direction_passes
M017470	M016410	True	True	True	True	both_directions_pass
M017470	M016505	True	True	True	True	both_directions_pass
M017470	M016700	True	True	True	True	both_directions_pass
M017470	M016743	True	True	False	False	neither_direction_passes
M017470	M016833	True	True	False	False	neither_direction_passes
M017470	M017105	True	True	True	True	both_directions_pass
M017470	M018161	True	True	True	True	both_directions_pass
M017482	M018053	True	True	True	True	both_directions_pass
M017482	M018233	True	True	True	True	both_directions_pass
M017487	M013210	True	True	True	True	both_directions_pass
M017487	M014890	True	True	True	True	both_directions_pass
M017487	M015640	True	True	True	True	both_directions_pass
M017487	M017159	True	True	True	True	both_directions_pass
M017489	M013507	True	True	True	True	both_directions_pass
M017489	M014988	True	True	True	True	both_directions_pass
M017495	M018224	True	True	True	True	both_directions_pass
M017497	M013193	True	True	False	False	neither_direction_passes
M017497	M014577	True	True	True	True	both_directions_pass
M017497	M015684	True	True	False	False	neither_direction_passes
M017497	M015911	True	True	True	True	both_directions_pass
M017497	M016416	True	True	False	False	neither_direction_passes
M017516	M014429	True	True	True	True	both_directions_pass
M017526	M015492	True	True	True	True	both_directions_pass
M017540	M001096	True	True	True	True	both_directions_pass
M017540	M016329	True	True	True	True	both_directions_pass
M017551	M007665	True	True	True	True	both_directions_pass
M017551	M007752	True	True	True	True	both_directions_pass
M017551	M016289	True	True	True	True	both_directions_pass
M017559	M013285	True	True	True	True	both_directions_pass
M017559	M013998	True	True	True	True	both_directions_pass
M017559	M014290	True	True	True	True	both_directions_pass
M017559	M015301	True	True	False	False	neither_direction_passes
M017559	M016854	True	True	True	True	both_directions_pass
M017559	M017156	True	True	True	True	both_directions_pass
M017559	M017393	True	True	True	True	both_directions_pass
M017559	M017990	True	True	True	True	both_directions_pass
M017559	M018097	True	True	True	True	both_directions_pass
M017576	M002314	True	True	True	True	both_directions_pass
M017576	M008822	True	True	True	True	both_directions_pass
M017576	M013498	True	True	True	True	both_directions_pass
M017576	M013634	True	True	True	True	both_directions_pass
M017576	M015324	True	True	True	True	both_directions_pass
M017576	M015864	True	True	True	True	both_directions_pass
M017576	M015968	True	True	True	True	both_directions_pass
M017576	M016197	True	True	True	True	both_directions_pass
M017576	M016542	True	True	True	True	both_directions_pass
M017576	M016626	True	True	True	True	both_directions_pass
M017576	M017668	True	True	True	True	both_directions_pass
M017576	M017669	True	True	True	True	both_directions_pass
M017576	M017961	True	True	True	True	both_directions_pass
M017596	M014242	True	True	True	True	both_directions_pass
M017608	M016152	True	True	True	True	both_directions_pass
M017608	M017066	True	True	False	False	neither_direction_passes
M017608	M017735	True	True	True	True	both_directions_pass
M017622	M009078	True	True	True	True	both_directions_pass
M017622	M013724	True	True	True	True	both_directions_pass
M017622	M014287	True	True	True	True	both_directions_pass
M017622	M015202	True	True	False	False	neither_direction_passes
M017622	M016643	True	True	True	True	both_directions_pass
M017622	M017940	True	True	False	False	neither_direction_passes
M017629	M015168	True	True	True	True	both_directions_pass
M017674	M015487	True	True	True	True	both_directions_pass
M017674	M015508	True	True	False	False	neither_direction_passes
M017674	M016189	True	True	True	True	both_directions_pass
M017674	M016377	True	True	True	True	both_directions_pass
M017674	M017191	True	True	False	False	neither_direction_passes
M017685	M015062	True	True	False	False	neither_direction_passes
M017685	M017609	True	True	True	True	both_directions_pass
M017697	M014299	True	True	True	True	both_directions_pass
M017697	M015961	True	True	False	False	neither_direction_passes
M017697	M016891	True	True	True	True	both_directions_pass
M017746	M014660	True	True	True	True	both_directions_pass
M017746	M014739	True	True	True	True	both_directions_pass
M017746	M016375	True	True	True	True	both_directions_pass
M017746	M016601	True	True	True	True	both_directions_pass
M017746	M016773	True	True	True	True	both_directions_pass
M017746	M017480	True	True	True	True	both_directions_pass
M017746	M017511	True	True	True	True	both_directions_pass
M017746	M018039	True	True	True	True	both_directions_pass
M017749	M016480	True	True	True	True	both_directions_pass
M017766	M015271	True	True	True	True	both_directions_pass
M017778	M006850	True	True	True	True	both_directions_pass
M017786	M018067	True	True	True	True	both_directions_pass
M017790	M000357	True	True	True	True	both_directions_pass
M017790	M013302	True	True	True	True	both_directions_pass
M017790	M013375	True	True	True	True	both_directions_pass
M017790	M013450	True	True	True	True	both_directions_pass
M017790	M013741	True	True	True	True	both_directions_pass
M017790	M013947	True	True	True	True	both_directions_pass
M017790	M014134	True	True	True	True	both_directions_pass
M017790	M014298	True	True	True	True	both_directions_pass
M017790	M015273	True	True	True	True	both_directions_pass
M017790	M015400	True	True	False	False	neither_direction_passes
M017790	M015893	True	True	True	True	both_directions_pass
M017790	M015942	True	True	True	True	both_directions_pass
M017790	M016163	True	True	True	True	both_directions_pass
M017790	M016932	True	True	True	True	both_directions_pass
M017790	M017096	True	True	True	True	both_directions_pass
M017790	M017434	True	True	True	True	both_directions_pass
M017790	M017723	True	True	True	True	both_directions_pass
M017790	M018034	True	True	True	True	both_directions_pass
M017850	M013296	True	True	True	True	both_directions_pass
M017850	M015231	True	True	True	True	both_directions_pass
M017852	M016699	True	True	True	True	both_directions_pass
M017852	M017353	True	True	True	True	both_directions_pass
M017866	M013157	True	True	True	True	both_directions_pass
M017866	M013747	True	True	True	True	both_directions_pass
M017866	M014055	True	True	True	True	both_directions_pass
M017866	M015101	True	True	True	True	both_directions_pass
M017866	M015228	True	True	False	False	neither_direction_passes
M017866	M016812	True	True	True	True	both_directions_pass
M017866	M017298	True	True	True	True	both_directions_pass
M017866	M017309	True	True	True	True	both_directions_pass
M017886	M013461	True	True	True	True	both_directions_pass
M017886	M014463	True	True	True	True	both_directions_pass
M017886	M014933	True	True	True	True	both_directions_pass
M017886	M015165	True	True	True	True	both_directions_pass
M017886	M015396	True	True	True	True	both_directions_pass
M017886	M015727	True	True	True	True	both_directions_pass
M017886	M016109	True	True	True	True	both_directions_pass
M017886	M016337	True	True	True	True	both_directions_pass
M017886	M016754	True	True	True	True	both_directions_pass
M017886	M016820	True	True	False	False	neither_direction_passes
M017886	M016849	True	True	True	True	both_directions_pass
M017886	M017093	True	True	True	True	both_directions_pass
M017886	M017107	True	True	True	True	both_directions_pass
M017886	M017167	True	True	True	True	both_directions_pass
M017886	M017484	True	True	True	True	both_directions_pass
M017886	M018177	True	True	True	True	both_directions_pass
M017899	M013877	True	True	False	False	neither_direction_passes
M017899	M014220	True	True	False	False	neither_direction_passes
M017899	M014271	True	True	True	True	both_directions_pass
M017899	M017807	True	True	True	True	both_directions_pass
M017899	M017932	True	True	False	False	neither_direction_passes
M017899	M018136	True	True	True	True	both_directions_pass
M017928	M013378	True	True	True	True	both_directions_pass
M017928	M013648	True	True	True	True	both_directions_pass
M017928	M013856	True	True	True	True	both_directions_pass
M017928	M014051	True	True	True	True	both_directions_pass
M017928	M014370	True	True	True	True	both_directions_pass
M017928	M014903	True	True	True	True	both_directions_pass
M017928	M014939	True	True	True	True	both_directions_pass
M017928	M015000	True	True	True	True	both_directions_pass
M017928	M015302	True	True	True	True	both_directions_pass
M017928	M015557	True	True	True	True	both_directions_pass
M017928	M015698	True	True	True	True	both_directions_pass
M017928	M015708	True	True	True	True	both_directions_pass
M017928	M016126	True	True	True	True	both_directions_pass
M017928	M016269	True	True	True	True	both_directions_pass
M017928	M016750	True	True	True	True	both_directions_pass
M017928	M016758	True	True	True	True	both_directions_pass
M017928	M016859	True	True	True	True	both_directions_pass
M017928	M017050	True	True	True	True	both_directions_pass
M017928	M017188	True	True	True	True	both_directions_pass
M017928	M017206	True	True	True	True	both_directions_pass
M017928	M017498	True	True	True	True	both_directions_pass
M017928	M017672	True	True	True	True	both_directions_pass
M017928	M017779	True	True	True	True	both_directions_pass
M017928	M017808	True	True	True	True	both_directions_pass
M017928	M018231	True	True	True	True	both_directions_pass
M017930	M015319	True	True	True	True	both_directions_pass
M017952	M018135	True	True	True	True	both_directions_pass
M017953	M004786	True	True	True	True	both_directions_pass
M017953	M015664	True	True	True	True	both_directions_pass
M017963	M000127	True	True	True	True	both_directions_pass
M017963	M000301	True	True	True	True	both_directions_pass
M017963	M000373	True	True	True	True	both_directions_pass
M017963	M000927	True	True	True	True	both_directions_pass
M017963	M000957	True	True	True	True	both_directions_pass
M017963	M002229	True	True	True	True	both_directions_pass
M017963	M002399	True	True	True	True	both_directions_pass
M017963	M003060	True	True	True	True	both_directions_pass
M017963	M003656	True	True	True	True	both_directions_pass
M017963	M004424	True	True	True	True	both_directions_pass
M017963	M006614	True	True	True	True	both_directions_pass
M017963	M008085	True	True	True	True	both_directions_pass
M017963	M008503	True	True	True	True	both_directions_pass
M017963	M009827	True	True	True	True	both_directions_pass
M017963	M010933	True	True	True	True	both_directions_pass
M017963	M011428	True	True	True	True	both_directions_pass
M017963	M011626	True	True	True	True	both_directions_pass
M017963	M011639	True	True	True	True	both_directions_pass
M017963	M011774	True	True	True	True	both_directions_pass
M017963	M011833	True	True	True	True	both_directions_pass
M017963	M012374	True	True	True	True	both_directions_pass
M017963	M013214	True	True	True	True	both_directions_pass
M017963	M013253	True	True	True	True	both_directions_pass
M017963	M013299	True	True	True	True	both_directions_pass
M017963	M013400	True	True	True	True	both_directions_pass
M017963	M013630	True	True	True	True	both_directions_pass
M017963	M013667	True	True	True	True	both_directions_pass
M017963	M013821	True	True	True	True	both_directions_pass
M017963	M013925	True	True	True	True	both_directions_pass
M017963	M013930	True	True	True	True	both_directions_pass
M017963	M014059	True	True	True	True	both_directions_pass
M017963	M014359	True	True	True	True	both_directions_pass
M017963	M014369	True	True	True	True	both_directions_pass
M017963	M014617	True	True	True	True	both_directions_pass
M017963	M014620	True	True	True	True	both_directions_pass
M017963	M014646	True	True	True	True	both_directions_pass
M017963	M014745	True	True	True	True	both_directions_pass
M017963	M014807	True	True	True	True	both_directions_pass
M017963	M014826	True	True	True	True	both_directions_pass
M017963	M014924	True	True	True	True	both_directions_pass
M017963	M015017	True	True	True	True	both_directions_pass
M017963	M015163	True	True	True	True	both_directions_pass
M017963	M015183	True	True	True	True	both_directions_pass
M017963	M015283	True	True	True	True	both_directions_pass
M017963	M015436	True	True	True	True	both_directions_pass
M017963	M015472	True	True	True	True	both_directions_pass
M017963	M015637	True	True	True	True	both_directions_pass
M017963	M015652	True	True	True	True	both_directions_pass
M017963	M015770	True	True	True	True	both_directions_pass
M017963	M015800	True	True	True	True	both_directions_pass
M017963	M015804	True	True	True	True	both_directions_pass
M017963	M015863	True	True	True	True	both_directions_pass
M017963	M015900	True	True	True	True	both_directions_pass
M017963	M015918	True	True	True	True	both_directions_pass
M017963	M016034	True	True	True	True	both_directions_pass
M017963	M016045	True	True	True	True	both_directions_pass
M017963	M016178	True	True	True	True	both_directions_pass
M017963	M016192	True	True	True	True	both_directions_pass
M017963	M016251	True	True	True	True	both_directions_pass
M017963	M016690	True	True	True	True	both_directions_pass
M017963	M016708	True	True	True	True	both_directions_pass
M017963	M016922	True	True	True	True	both_directions_pass
M017963	M017064	True	True	True	True	both_directions_pass
M017963	M017472	True	True	True	True	both_directions_pass
M017963	M017509	True	True	True	True	both_directions_pass
M017963	M017605	True	True	True	True	both_directions_pass
M017963	M017624	True	True	True	True	both_directions_pass
M017963	M017717	True	True	True	True	both_directions_pass
M017963	M017883	True	True	True	True	both_directions_pass
M017963	M018058	True	True	True	True	both_directions_pass
M017963	M018137	True	True	True	True	both_directions_pass
M017963	M018183	True	True	True	True	both_directions_pass
M017963	M018217	True	True	True	True	both_directions_pass
M017991	M000058	True	True	True	True	both_directions_pass
M017991	M000165	True	True	True	True	both_directions_pass
M017991	M005141	True	True	True	True	both_directions_pass
M017991	M005732	True	True	True	True	both_directions_pass
M017991	M007266	True	True	True	True	both_directions_pass
M017991	M007832	True	True	True	True	both_directions_pass
M017991	M009832	True	True	True	True	both_directions_pass
M017991	M009959	True	True	True	True	both_directions_pass
M017991	M012732	True	True	True	True	both_directions_pass
M017991	M013714	True	True	True	True	both_directions_pass
M017991	M014089	True	True	True	True	both_directions_pass
M017991	M014233	True	True	True	True	both_directions_pass
M017991	M014668	True	True	True	True	both_directions_pass
M017991	M015634	True	True	True	True	both_directions_pass
M017991	M015829	True	True	False	False	neither_direction_passes
M017991	M016555	True	True	True	True	both_directions_pass
M018001	M017169	True	True	True	True	both_directions_pass
M018018	M000151	True	True	True	True	both_directions_pass
M018018	M000308	True	True	True	True	both_directions_pass
M018018	M000452	True	True	True	True	both_directions_pass
M018018	M000564	True	True	True	True	both_directions_pass
M018018	M000659	True	True	True	True	both_directions_pass
M018018	M000845	True	True	True	True	both_directions_pass
M018018	M000918	True	True	True	True	both_directions_pass
M018018	M001205	True	True	True	True	both_directions_pass
M018018	M001488	True	True	True	True	both_directions_pass
M018018	M001517	True	True	True	True	both_directions_pass
M018018	M001643	True	True	True	True	both_directions_pass
M018018	M001694	True	True	True	True	both_directions_pass
M018018	M001873	True	True	True	True	both_directions_pass
M018018	M002054	True	True	True	True	both_directions_pass
M018018	M002104	True	True	True	True	both_directions_pass
M018018	M002380	True	True	True	True	both_directions_pass
M018018	M002513	True	True	True	True	both_directions_pass
M018018	M002664	True	True	True	True	both_directions_pass
M018018	M002771	True	True	True	True	both_directions_pass
M018018	M003100	True	True	True	True	both_directions_pass
M018018	M003195	True	True	True	True	both_directions_pass
M018018	M003339	True	True	True	True	both_directions_pass
M018018	M003579	True	True	True	True	both_directions_pass
M018018	M003642	True	True	True	True	both_directions_pass
M018018	M003708	True	True	True	True	both_directions_pass
M018018	M003854	True	True	True	True	both_directions_pass
M018018	M003941	True	True	True	True	both_directions_pass
M018018	M004041	True	True	True	True	both_directions_pass
M018018	M004083	True	True	True	True	both_directions_pass
M018018	M004248	True	True	True	True	both_directions_pass
M018018	M004393	True	True	True	True	both_directions_pass
M018018	M004538	True	True	True	True	both_directions_pass
M018018	M004654	True	True	True	True	both_directions_pass
M018018	M004850	True	True	True	True	both_directions_pass
M018018	M004962	True	True	True	True	both_directions_pass
M018018	M005116	True	True	True	True	both_directions_pass
M018018	M005243	True	True	True	True	both_directions_pass
M018018	M005307	True	True	True	True	both_directions_pass
M018018	M005462	True	True	True	True	both_directions_pass
M018018	M005510	True	True	True	True	both_directions_pass
M018018	M005863	True	True	True	True	both_directions_pass
M018018	M005922	True	True	True	True	both_directions_pass
M018018	M005963	True	True	True	True	both_directions_pass
M018018	M005999	True	True	True	True	both_directions_pass
M018018	M006300	True	True	True	True	both_directions_pass
M018018	M006345	True	True	True	True	both_directions_pass
M018018	M006666	True	True	True	True	both_directions_pass
M018018	M006924	True	True	True	True	both_directions_pass
M018018	M007091	True	True	True	True	both_directions_pass
M018018	M007281	True	True	True	True	both_directions_pass
M018018	M007339	True	True	True	True	both_directions_pass
M018018	M007417	True	True	True	True	both_directions_pass
M018018	M007542	True	True	True	True	both_directions_pass
M018018	M007868	True	True	True	True	both_directions_pass
M018018	M008136	True	True	True	True	both_directions_pass
M018018	M008479	True	True	True	True	both_directions_pass
M018018	M008577	True	True	True	True	both_directions_pass
M018018	M008965	True	True	True	True	both_directions_pass
M018018	M009059	True	True	True	True	both_directions_pass
M018018	M009116	True	True	True	True	both_directions_pass
M018018	M009234	True	True	True	True	both_directions_pass
M018018	M009812	True	True	True	True	both_directions_pass
M018018	M009939	True	True	True	True	both_directions_pass
M018018	M010172	True	True	True	True	both_directions_pass
M018018	M010283	True	True	True	True	both_directions_pass
M018018	M010462	True	True	True	True	both_directions_pass
M018018	M010597	True	True	True	True	both_directions_pass
M018018	M010716	True	True	True	True	both_directions_pass
M018018	M010782	True	True	True	True	both_directions_pass
M018018	M010949	True	True	True	True	both_directions_pass
M018018	M011039	True	True	True	True	both_directions_pass
M018018	M011155	True	True	True	True	both_directions_pass
M018018	M011320	True	True	True	True	both_directions_pass
M018018	M011371	True	True	True	True	both_directions_pass
M018018	M011473	True	True	True	True	both_directions_pass
M018018	M011540	True	True	True	True	both_directions_pass
M018018	M011852	True	True	True	True	both_directions_pass
M018018	M011939	True	True	True	True	both_directions_pass
M018018	M011987	True	True	True	True	both_directions_pass
M018018	M012265	True	True	True	True	both_directions_pass
M018018	M012551	True	True	True	True	both_directions_pass
M018018	M012695	True	True	True	True	both_directions_pass
M018018	M012877	True	True	True	True	both_directions_pass
M018018	M012971	True	True	True	True	both_directions_pass
M018018	M013181	True	True	True	True	both_directions_pass
M018018	M013263	True	True	True	True	both_directions_pass
M018018	M013277	True	True	True	True	both_directions_pass
M018018	M013419	True	True	True	True	both_directions_pass
M018018	M013502	True	True	True	True	both_directions_pass
M018018	M013515	True	True	True	True	both_directions_pass
M018018	M013650	True	True	True	True	both_directions_pass
M018018	M013652	True	True	True	True	both_directions_pass
M018018	M013783	True	True	True	True	both_directions_pass
M018018	M013792	True	True	True	True	both_directions_pass
M018018	M013948	True	True	True	True	both_directions_pass
M018018	M013953	True	True	True	True	both_directions_pass
M018018	M013993	True	True	True	True	both_directions_pass
M018018	M014020	True	True	True	True	both_directions_pass
M018018	M014114	True	True	True	True	both_directions_pass
M018018	M014163	True	True	True	True	both_directions_pass
M018018	M014375	True	True	True	True	both_directions_pass
M018018	M014440	True	True	True	True	both_directions_pass
M018018	M014510	True	True	True	True	both_directions_pass
M018018	M014587	True	True	True	True	both_directions_pass
M018018	M014628	True	True	True	True	both_directions_pass
M018018	M014680	True	True	True	True	both_directions_pass
M018018	M014703	True	True	True	True	both_directions_pass
M018018	M014817	True	True	True	True	both_directions_pass
M018018	M014831	True	True	True	True	both_directions_pass
M018018	M014904	True	True	False	False	neither_direction_passes
M018018	M015008	True	True	True	True	both_directions_pass
M018018	M015037	True	True	True	True	both_directions_pass
M018018	M015086	True	True	True	True	both_directions_pass
M018018	M015143	True	True	True	True	both_directions_pass
M018018	M015194	True	True	True	True	both_directions_pass
M018018	M015247	True	True	True	True	both_directions_pass
M018018	M015307	True	True	True	True	both_directions_pass
M018018	M015343	True	True	True	True	both_directions_pass
M018018	M015397	True	True	True	True	both_directions_pass
M018018	M015479	True	True	True	True	both_directions_pass
M018018	M015488	True	True	True	True	both_directions_pass
M018018	M015522	True	True	True	True	both_directions_pass
M018018	M015573	True	True	True	True	both_directions_pass
M018018	M015586	True	True	True	True	both_directions_pass
M018018	M015632	True	True	True	True	both_directions_pass
M018018	M015768	True	True	True	True	both_directions_pass
M018018	M015870	True	True	True	True	both_directions_pass
M018018	M016015	True	True	True	True	both_directions_pass
M018018	M016113	True	True	True	True	both_directions_pass
M018018	M016117	True	True	True	True	both_directions_pass
M018018	M016128	True	True	True	True	both_directions_pass
M018018	M016184	True	True	True	True	both_directions_pass
M018018	M016191	True	True	True	True	both_directions_pass
M018018	M016232	True	True	True	True	both_directions_pass
M018018	M016274	True	True	True	True	both_directions_pass
M018018	M016332	True	True	True	True	both_directions_pass
M018018	M016401	True	True	True	True	both_directions_pass
M018018	M016404	True	True	True	True	both_directions_pass
M018018	M016526	True	True	True	True	both_directions_pass
M018018	M016550	True	True	True	True	both_directions_pass
M018018	M016617	True	True	True	True	both_directions_pass
M018018	M016683	True	True	True	True	both_directions_pass
M018018	M016811	True	True	True	True	both_directions_pass
M018018	M016840	True	True	True	True	both_directions_pass
M018018	M016895	True	True	True	True	both_directions_pass
M018018	M016945	True	True	True	True	both_directions_pass
M018018	M016961	True	True	True	True	both_directions_pass
M018018	M017076	True	True	True	True	both_directions_pass
M018018	M017111	True	True	True	True	both_directions_pass
M018018	M017112	True	True	True	True	both_directions_pass
M018018	M017155	True	True	True	True	both_directions_pass
M018018	M017175	True	True	True	True	both_directions_pass
M018018	M017196	True	True	True	True	both_directions_pass
M018018	M017208	True	True	True	True	both_directions_pass
M018018	M017220	True	True	True	True	both_directions_pass
M018018	M017283	True	True	True	True	both_directions_pass
M018018	M017336	True	True	False	False	neither_direction_passes
M018018	M017463	True	True	True	True	both_directions_pass
M018018	M017479	True	True	True	True	both_directions_pass
M018018	M017536	True	True	True	True	both_directions_pass
M018018	M017568	True	True	True	True	both_directions_pass
M018018	M017604	True	True	True	True	both_directions_pass
M018018	M017663	True	True	True	True	both_directions_pass
M018018	M017665	True	True	True	True	both_directions_pass
M018018	M017718	True	True	True	True	both_directions_pass
M018018	M017722	True	True	True	True	both_directions_pass
M018018	M017773	True	True	False	False	neither_direction_passes
M018018	M017888	True	True	True	True	both_directions_pass
M018018	M017956	True	True	True	True	both_directions_pass
M018018	M018029	True	True	True	True	both_directions_pass
M018018	M018124	True	True	True	True	both_directions_pass
M018018	M018159	True	True	True	True	both_directions_pass
M018018	M018165	True	True	True	True	both_directions_pass
M018018	M018216	True	True	False	False	neither_direction_passes
M018023	M013619	True	True	True	True	both_directions_pass
M018023	M018181	True	True	False	False	neither_direction_passes
M018089	M016036	True	True	True	True	both_directions_pass
M018115	M016049	True	True	True	True	both_directions_pass
M018115	M016299	True	True	True	True	both_directions_pass
M018119	M004677	True	True	True	True	both_directions_pass
M018119	M004953	True	True	True	True	both_directions_pass
M018119	M014420	True	True	True	True	both_directions_pass
M018119	M014841	True	True	True	True	both_directions_pass
M018121	M008857	True	True	True	True	both_directions_pass
M018121	M009032	True	True	True	True	both_directions_pass
M018121	M010192	True	True	True	True	both_directions_pass
M018121	M013383	True	True	True	True	both_directions_pass
M018121	M013705	True	True	True	True	both_directions_pass
M018121	M018236	True	True	True	True	both_directions_pass
M018134	M000643	True	True	True	True	both_directions_pass
M018134	M006511	True	True	True	True	both_directions_pass
M018134	M008373	True	True	True	True	both_directions_pass
M018134	M008764	True	True	True	True	both_directions_pass
M018134	M009130	True	True	True	True	both_directions_pass
M018134	M009579	True	True	True	True	both_directions_pass
M018134	M010286	True	True	True	True	both_directions_pass
M018134	M010849	True	True	True	True	both_directions_pass
M018134	M011492	True	True	True	True	both_directions_pass
M018134	M011573	True	True	True	True	both_directions_pass
M018134	M011965	True	True	True	True	both_directions_pass
M018134	M012560	True	True	True	True	both_directions_pass
M018134	M012652	True	True	True	True	both_directions_pass
M018134	M012994	True	True	True	True	both_directions_pass
M018134	M013568	True	True	True	True	both_directions_pass
M018134	M013626	True	True	True	True	both_directions_pass
M018134	M013906	True	True	True	True	both_directions_pass
M018134	M014201	True	True	True	True	both_directions_pass
M018134	M014391	True	True	True	True	both_directions_pass
M018134	M014455	True	True	True	True	both_directions_pass
M018134	M014641	True	True	True	True	both_directions_pass
M018134	M014709	True	True	True	True	both_directions_pass
M018134	M014727	True	True	True	True	both_directions_pass
M018134	M014732	True	True	True	True	both_directions_pass
M018134	M014998	True	True	True	True	both_directions_pass
M018134	M015039	True	True	True	True	both_directions_pass
M018134	M015285	True	True	True	True	both_directions_pass
M018134	M015722	True	True	True	True	both_directions_pass
M018134	M015749	True	True	True	True	both_directions_pass
M018134	M015862	True	True	True	True	both_directions_pass
M018134	M015878	True	True	True	True	both_directions_pass
M018134	M016040	True	True	True	True	both_directions_pass
M018134	M016070	True	True	True	True	both_directions_pass
M018134	M016181	True	True	True	True	both_directions_pass
M018134	M016414	True	True	True	True	both_directions_pass
M018134	M016541	True	True	True	True	both_directions_pass
M018134	M016553	True	True	True	True	both_directions_pass
M018134	M016654	True	True	True	True	both_directions_pass
M018134	M016808	True	True	True	True	both_directions_pass
M018134	M017083	True	True	True	True	both_directions_pass
M018134	M017094	True	True	True	True	both_directions_pass
M018134	M017366	True	True	True	True	both_directions_pass
M018134	M017402	True	True	True	True	both_directions_pass
M018134	M017634	True	True	True	True	both_directions_pass
M018134	M018012	True	True	True	True	both_directions_pass
M018134	M018057	True	True	True	True	both_directions_pass
M018158	M014111	True	True	True	True	both_directions_pass
M018158	M018155	True	True	True	True	both_directions_pass
M018175	M016975	True	True	True	True	both_directions_pass
M018202	M001534	True	True	True	True	both_directions_pass
M018202	M003520	True	True	True	True	both_directions_pass
M018202	M014511	True	True	True	True	both_directions_pass
M018202	M015134	True	True	True	True	both_directions_pass
M018202	M015455	True	True	True	True	both_directions_pass
M018202	M015861	True	True	True	True	both_directions_pass
M018202	M016084	True	True	True	True	both_directions_pass
M018202	M016791	True	True	True	True	both_directions_pass
M018213	M015150	True	True	True	True	both_directions_pass
M018226	M004076	True	True	True	True	both_directions_pass
M018255	M015444	True	True	False	False	neither_direction_passes
M018270	M016769	True	True	True	True	both_directions_pass
M018272	M015682	True	True	True	True	both_directions_pass
M018272	M016081	True	True	True	True	both_directions_pass
M018272	M016175	True	True	True	True	both_directions_pass
M018272	M016846	True	True	True	True	both_directions_pass
M018272	M016933	True	True	True	True	both_directions_pass
M018272	M017114	True	True	True	True	both_directions_pass
M018272	M018049	True	True	True	True	both_directions_pass
