split_id	BRF1_enriched_side_tips	detected_on_enriched_side	undetected_on_enriched_side	detected_on_other_side	undetected_on_other_side	minimum_class_disagreements	SH_aLRT	UFBoot	branch_length
0x100000000000000000000000000000000000000000000000000000000000000000000000000000000000000000000000000000000000000000000000000000000000000000000000000000000000000000000000000000000000000000000000000000000000000000000000000000000000000000000000002	2	0	2	473	565	475	77.6	75.0	0.0212769955
0x100000000000000000000000000000000000000000000000000000000000000000000000000000020000000000000000000000000000000000000000000000000000000000000000000000000000000000000000000000000000000000000000000000000000000000000000000000000000000000000000002	3	0	3	473	564	476	78.9	61.0	0.0220673121
0x8000000000000000000800000000000000000000000000000000000000000000000000000000000000000000000000000000000000000000000000000000000000000000000000000000000000000000000000000000000000000000000000000000000000000000000000000000000000000000000000000000000	2	0	2	473	565	475	43.1	47.0	0.0139157039
0x8000000000000000000800000000000000000000000000000000000000000000000000000000000000000000000000000000000000000000000000000000000000000000000000200000000000000000000000000000000000000000000000000000000000000000000000000000000000000000000000000000000	3	0	3	473	564	476	85.6	78.0	0.031651813
0x8000100000000000000800000000000000000000000000000000000000000000000000000000000000020000000000000000000000000000000000000000000000000000000000200000000000000000000000000000000000000000000000000000000000000000000000000000000000000000000000000000002	6	0	6	473	561	479	80.0	70.0	0.0246149596
0x400000000000000000000000000000000000000000000000000000000000000000000000000000000000000000000000000000000010000000000000000000000000000000000000000000000000000000000000000000000000000000000000000000000000000000000000000000000000000000000000000	2	0	2	473	565	475	93.4	100.0	0.0609244237
0x8000500000000000000800000000000000000000000000000000000000000000000000000000000000020000000000000000000000000010000000000000000000000000000000200000000000000000000000000000000000000000000000000000000000000000000000000000000000000000000000000000002	8	0	8	473	559	481	49.1	47.0	0.0316661785
0x400000000000000000000000000000000000000000000000000000000000000000000000000000000000000000000000000000000000000000000000000000000000000000000000000000000400000000000000000000000	2	0	2	473	565	475			0.0
0x500000000000000000000000000000000000000000000000000000000000000000000000000000000000000000000000000000000000000000000000000000000000000000000000000000000400000000000000000000000	3	0	3	473	564	476			0.0
0x4500000000000000000000000000000000000000000000000000000000000000000000000000000000000000000000000000000000000000000000000000000000000000000000000000000000400000000000000000000000	4	0	4	473	563	477			0.0
0x4500000000000000000000000000000000000000000000000000000000000000000000000000000000000000008000000000000000000000000000000000000000000000000000000000000000400000000000000000000000	5	0	5	473	562	478			0.0
0x4500000000000000000000000000000000000000000000000000000000000000000000000000000000000000028000000000000000000000000000000000000000000000000000000000000000400000000000000000000000	6	0	6	473	561	479			1e-06
0x5500000000000000000000000000000000000000000000000000000000000000000000000000000000000000028000000000000000000000000000000000000000000000000000000000000000400000000000000000000000	7	0	7	473	560	480	0.0	7.0	2.7913e-06
0x5500000000000000000000000000000000000000000000000000000000000000000000000000000000000000029000000000000000000000000000000000000000000000000000000000000000400000000000000000000000	8	0	8	473	559	481	0.0	13.0	2.751e-06
0x15500000000000000000000000000000000000000000000000000000000000000000000000000000000000000029000000000000000000000000000000000000000000000000000000000000000400000000000000000000000	9	0	9	473	558	482	0.0	31.0	2.8781e-06
0x55500000000000000000000000000000000000000000000000000000000000000000000000000000000000000029000000000000000000000000000000000000000000000000000000000000000400000000000000000000000	10	0	10	473	557	483	97.1	95.0	0.0728946897
0x4000000000000000000000000000000000000000000100000000000000000000000000000000000000000000000000000000000000000000000000000	2	0	2	473	565	475	80.0	84.0	0.0283800833
0x100000000000000000000000000000000000000000000000000000000000000000000000000000000000000000000000000000000000000000000004000000000000000000000000000000000000000000100000000000000000000000000000000000000000000000000000000000000000000000000000	3	0	3	473	564	476	76.4	83.0	0.0324132601
0x100000000000000000000000000000000000000000000000000000000000000000000000000000000000000000000000000000000000000004000004000000000000000000000000000000000000000000100000000000000000000000000000000000000000000000000000000000000000000000000000	4	0	4	473	563	477	52.5	67.0	0.0199060748
0x100000000000000000000000000000000000000000000000000000000000055500000000000000000000000000000000000000000000000004000004000000000000000000000000000000029000000000100000000000000000000000000000000000000000000000000000400000000000000000000000	14	0	14	473	553	487	0.0	53.0	0.0039275989
0x8000500100000000000800000000000000000000000000000000000000000000000055500000000000020000000000000000000000000010000000004000004000000000000000200000000000000029000000000100000000000000000000000000000000000000000000000000000400000000000000000000002	22	0	22	473	545	495	87.5	76.0	0.0410676115
0x8000000000000000000000000000000000000001000000000000000000000000000000000000000000000000000000000000000000000000000000000000000000000000000000000000000000000000000000000000000000000000000000000000	2	0	2	473	565	475	93.1	96.0	0.0609893866
0x8000000000000000000000000000000000000001000000000000000000000000000000000000000000000000000000000000000000000000000000000000000000000000000000000000000000000000000000000000000000000000000000800000	3	0	3	473	564	476	76.6	37.0	0.015454084
0x1000000000000000000000000000000000000000000000000000000000000000000000000000000000000000000000000000000000000080000000000000000000000000000000000000000000000000000000000000000000000000000000000000000000000000000000	2	0	2	473	565	475	79.7	79.0	0.0296351869
0x1000000000000000008000000000000000000000000000000000000001000000000000000000000000000000000000000000000000000080000000000000000000000000000000000000000000000000000000000000000000000000000000000000000000000000800000	5	0	5	473	562	478	39.6	27.0	0.0160947713
0x4000000000000000000000000000000000000000000000000000080000000000000000000000000000000000000000000000000000000000000000000000000000000000000000000000000000000000000000000000000000000000000000000000000000000000	2	0	2	473	565	475	85.5	96.0	0.0760054903
0x4000000000000000000000000000000000000000000000000000080000000000000000000000000000000000000000000000000004000000000000000000000000000000000000000000000000000000000000000000000000000000000000000000000000000000	3	0	3	473	564	476	85.5	44.0	0.0857832916
0x4400000000000000000000000000000000000000000000000000080000000000000000000000000000000000000000000000000004000000000000000000000000000000000000000000000000000000000000000000000000000000000000000000000000000000	4	0	4	473	563	477	0.0	12.0	2.5923e-06
0x1000004400000000008000000000000000000000000000000000000001080000000000000000000000000000000000000000000000000084000000000000000000000000000000000000000000000000000000000000000000000000000000000000000000000000800000	9	0	9	473	558	482	77.4	56.0	0.0291432916
0x1000004400000000008000000000000000000000000000000000000001080000000000000000000000000000000000200000000000000084000000000000000000000000000000000000000000000000000000000000000000000000000000000000000000000000800000	10	0	10	473	557	483	79.0	64.0	0.0253576723
0x1000004400000000008000000400000000000000000000000000000001080000000000000000000000000000000000200000000000000084000000000000000000000000000000000000000000000000000000000000000000000000000000000000000000000000800000	11	0	11	473	556	484	75.7	64.0	0.0243798366
0x4000000000000000000000000000000000000000000000000000400000000000000000000000000000000000000000000	2	0	2	473	565	475	96.7	91.0	0.2167173411
0x2000000000000000000000000000000000000008000000000000000000000000000000000000000000000000000000000000000000000000000000000000000000000000000000000000000000000000000000000000000000000000000000000000	2	0	2	473	565	475	95.3	97.0	0.0733652835
0x2000000000000000000000000000000000000008000000000000000000000000000000000000000000000000000000000004000000000000000000000000000000000000000000000000000400000000000000000000000000000000000000000000	4	0	4	473	563	477	54.4	52.0	0.0169036129
0x100000440000000000a000000400000000000000000000000000000009080000000000000000000000000000000000200000000000000084000004000000000000000000000000000000000000000000000000000400000000000000000000000000000000000000800000	15	0	15	473	552	488	75.1	77.0	0.0174633601
0x100000440000000000a000000400000000000000000000000000000009080000000000000000000000000000000000200000000000000084000004000800000000000000000000000000000000000000000000000400000000000000000000000000000000000000800000	16	0	16	473	551	489	85.8	81.0	0.0272683217
0x400000000000000000000000000000000000000000000000000000000000000000000000000000000000000000000000000000000000000000000000000000000000000000000000000000000000000000000002000000	2	0	2	473	565	475	76.4	59.0	0.0200253905
0x1000000000000000000000010000000000000000000000000000000000000	2	0	2	473	565	475	74.1	53.0	0.0204837152
0x400000000000000000000000000000000000000000000000000000000000000000000000000000000000000000000000000000000000000001000000000000000000000010000000000000000000000000000002000000	4	0	4	473	563	477	93.8	96.0	0.0735529818
0x100000440000000000a000000400000000000000400000000000000009080000000000000000000000000000000000200000000000000084000004000800000000000000000000000000000001000000000000000400000010000000000000000000000000000002800000	20	0	20	473	547	493	65.6	63.0	0.0135831267
0x800050010000000000080000000000000100000440000000000a000000400000000055500400000000020000009080000000000000000010000000004000004200000000000000284000004000800029000000000100000000000000001000000000000000400000010000000000000400000000000000002800002	42	0	42	473	525	515	87.5	75.0	0.0470374985
0x1000000000000000000000000000000000000000000000000000000000000000000000000000000000000000000000000000000004000000000000000	2	0	2	473	565	475	75.1	73.0	0.0209293629
0x20000000000000000000000000000000000000000000000000000000000000000000000000000000000000000000000000000000001000000000000000000000000000000000000000000000000000000000000000000000000000000000000000000000000000000004000000000000000	3	0	3	473	564	476	85.7	93.0	0.0782550403
0x22000000000000000000000000000000000000000000000000000000000000000000000000000000000000000000000000000000000000	2	0	2	473	565	475			1e-06
0x32000000000000000000000000000000000000000000000000000000000000000000000000000000000000000000000000000000000000	3	0	3	473	564	476	62.9	100.0	0.0321600373
0x20000000000000000000000000000000000000000000000000000000000000000000000000000000000000000000000000000000001000000000032000000000000000000000000000000000000000000000000000000000000000000000000000000000000000000004000000000000000	6	0	6	473	561	479	100.0	100.0	0.5728578228
0x14000000000000000000000000000000000000000	2	0	2	473	565	475	41.1	55.0	0.022785898
0x20000000000000000000000000000000000000000000000000000000000000000000800000000000000000000000000000000000000000000000000000000000000000000000000000000000000000000000000000000000000000000000000000	2	0	2	473	565	475	81.1	77.0	0.0696697075
0x20000000000000000000000000000000000000000000000000000000000000000000800000000000000000000000000000000000000000000000000000000000000000000000000000000000014000000000000000000000000000000000000000	4	0	4	473	563	477	96.9	98.0	0.1816705326
0x20000000000000000000000000000000020000000000000000000000000000000000000000000000000000000000000000000800001000000000032000000000000000000000000000000000000000000000000000000000000000000014000000000000000000000004000000000000000	10	0	10	473	557	483	61.6	62.0	0.0426569309
0x4000000000000000000000000000000000000000000010000000000000000000000000000000000000000000000000000000000000000000000000000000000000000000000000000000000000000000000000000000	2	0	2	473	565	475	98.8	100.0	0.2215773348
0x20000000000000000000000000000000020000000000000000000004000000000000000000000000000000000000000000010800001000000000032000000000000000000000000000000000000000000000000000000000000000000014000000000000000000000004000000000000000	12	0	12	473	555	485	89.4	86.0	0.0801833165
0x80000000000000000000000000000000000000000000000000000000000000000000000000000000000000000000000000000000000000000000200000000000000000000000000000000000000000000	2	0	2	473	565	475	92.5	83.0	0.0709647106
0x20000000000000000000000000000000020000000000000000000004000000000080000000000000000000000000000000010800001000000000032000000000000000000000000000000000000000000000000000000000000000200014000000000000000000000004000000000000000	14	0	14	473	553	487	0.0	48.0	2.104e-06
0x4000000000000000000000020000000000000000000000000000000020000000000000000000004000000000080000000000000000000000000000000010800001000000000032000000000000000000000000000000000000000000000000000000000000000200014000000000000000000000004000000000000000	15	0	15	473	552	488	84.3	65.0	0.0287424505
0x400800050010000000000082000000000000100000440000000000a020000400000000055500404000000020080009080000000000000000010000000014800005200000000032000284000004000800029000000000100000000000000001000000000000000600014010000000000000400000004000000002800002	983	473	510	0	57	510	91.2	76.0	0.0696230566
0x80000000000000000000000000000000000000040000000000000000000	2	0	2	473	565	475	75.5	34.0	0.0198048038
0x80000000000000000000000000000000000000840000000000000000000	3	0	3	473	564	476	81.1	42.0	0.048868309
0x4000000000000000000000000000000000000000000000000000000000000000000000000000000000000000000000000000000000000000000000000000000000000000000000000000000000000000000000000000000000000100000000000000000000000000000000000000000000000	2	0	2	473	565	475	69.6	34.0	0.0250679473
0x4000000000000000000000000000000000000000000000000000000000000000000000000000000000000000000000000000000000000000000000000000000000000000000000000000000000000000000000000080000000000100000000000000000000000000840000000000000000000	5	0	5	473	562	478	89.6	88.0	0.06947691
0x400800050010000000000482000000000000100000440000000000a020000400000000055500404000000020080009080000000000000000010000000014800005200000000032000284000004000800029000000000100000000000000001080000000000100600014010000000000000400840004000000002800002	978	473	505	0	62	505	89.7	87.0	0.0959002973
0x1000000000000000000000000000004000000000000000000000000000000000000000000000	2	0	2	473	565	475	93.1	99.0	0.1267306237
0x8000000000000000000000000000000000001000000000000000000000000000004000000000000000000000000000000000000000000000	3	0	3	473	564	476	91.8	98.0	0.1171380269
0x140000000000000000000000000000000000000000000000000000000000000000000000	2	0	2	473	565	475	99.7	100.0	0.2277928129
0x8000000000000000000000000000000000001000140000000000000000000000004000000000000000000000000000000000000000000000	5	0	5	473	562	478	32.8	51.0	0.0352915465
0x400800050010000000000482000000000000100000440000000000a020000400000000055500404000000020080009080000000000000000010000000014800005200000008032000284000004000800029000000000101000140000000001080000000000104600014010000000000000400840004000000002800002	973	473	500	0	67	500	83.7	66.0	0.0778092135
0x80000000000000000000000000000000000000000000000000001000000000000000000000000000000000000000000000000000000000000000000000000000000000000	2	0	2	473	565	475	76.0	62.0	0.0130509637
0x8000000000000000000000000000000000000000000000000000000000000000000000000000000000080000000000000000000000000000000000000000000000000001000000000000000000000000000000000000000000000000000000000000000000000000000000000000	3	0	3	473	564	476	100.0	100.0	0.3927589861
0x400800050010000000000482000000800000100000440000000000a020000400000000055500404000000020080009080000000000000000090000000014800005200000008032000284000004000800029001000000101000140000000001080000000000104600014010000000000000400840004000000002800002	970	473	497	0	70	497	85.2	74.0	0.076814971
0x2000000000000000000000000000000000000000000000000000000000000000000000000000000000000000000000000000000000000000000000000000000000000000000000000000000000000000000000000000000000000000000000000000400000000000000000000000000000000000000000000000	2	0	2	473	565	475	84.2	100.0	0.0497917626
0x2000000000000000000000000000000000000000000000000000000000000000000000000000000000000000000000000000000000000000000000000000000000000000000000000000000000000000000000000000000000000000000000000000400000000000000000000000000000000000000010000000	3	0	3	473	564	476	93.1	98.0	0.2323462354
0x2000000000000000000000000000000000000000000000000004000000000000000000000000000000000000000000000000000000000000000000000000000000000000000000000000000000000000000000000000000000000000000000000000400000000000000000000000000000000000000010000000	4	0	4	473	563	477	97.2	100.0	0.4969490977
0x2000000000000000000000000000000000000000000000000004000000000000000000000000000000000000000000000000000000000000000000000000000000000000800000000000000000000000000000000000000000000000000000000000400000000000000000000000000000000000000010000000	5	0	5	473	562	478	6.4	50.0	0.0843423478
0x100000000000000000000000000000000000000000000000000000000000000000000000000000000000000000000000000000000000000000000000000000000000000000000000000000000000000000000000000000000000000000000000000000020000000	2	0	2	473	565	475	99.6	100.0	0.1152076835
0x100000000000001000000000000000000000000000000000000000000000000000000000000000000000000000000000000000000000000000000000000000000000000000000000000000000000000000000000000000000000000000000000000000020000000	3	0	3	473	564	476	54.9	53.0	0.011242553
0x100000000000001000000000000000000000000000000000000000000000000000000000000000000000000000000000000000000000000000000000040000000000000000000000000000000000000000000000000000000000000000000000000000020000000	4	0	4	473	563	477	0.0	45.0	2.3779e-06
0x200000000000000000000000000000000000000000000000000000000000000000000000000000000000000000000000000000000000000000000004000000000000000000000000000000000000000000000000000000000000000000000000000000000000	2	0	2	473	565	475			0.0
0x200000000000000000000000000000000000000000000000200000000000000000000000000000000000000000000000000000000000000000000004000000000000000000000000000000000000000000000000000000000000000000000000000000000000	3	0	3	473	564	476			0.0
0x200000000000000000000000000000000000000000040000200000000000000000000000000000000000000000000000000000000000000000000004000000000000000000000000000000000000000000000000000000000000000000000000000000000000	4	0	4	473	563	477			1e-06
0x20000000000000000000000000000000000000000004000020000000000000000000000000000000000000000000000000000000000000000000000c000000000000000000000000000000000000000000000000000000000000000000000000000000000000	5	0	5	473	562	478	0.0	97.0	2.7593e-06
0x10020000000000100000000000000000000000000000004000020000000000000000000000000000000000000000000000000000000000000000000004c000000000000000000000000000000000000000000000000000000000000000000000000000020000000	9	0	9	473	558	482	84.2	61.0	0.0143223107
0x10020000000000180000000000000000000000000000004000020000000000000000000000000000000000000000000000000000000000000000000004c000000000000000000000000000000000000000000000000000000000000000000000000000020000000	10	0	10	473	557	483	91.1	94.0	0.0825026348
0x2000000000000000000000000000000000000000000000000000000000000000000000000001000000000000000000000000000000000000000000000000	2	0	2	473	565	475	84.8	84.0	0.0792980533
0x2000000000000000000000000000000000000000000000000000000000000000000000000001000000000000000000000000000000000000040000000000	3	0	3	473	564	476	78.9	66.0	0.0386521515
0x2000000000000000000000000000000000000000000000000000000000000000000000000000000000000000000000000000000000000000000002000000000000000000000000000000000000000000000000000000000000000000000000001000000000000000000000000000000000000040000000000	4	0	4	473	563	477	91.7	90.0	0.1038227832
0x2000000000000000000000000000000000000000000000000000000000000000000000000000000000000000000000000000000000000000000002000000000000000000000000000000000000400000000000000000000000000000000000001000000000000000000000000000000000000040000000000	5	0	5	473	562	478	75.4	66.0	0.0320328115
0x200000000000000000000000000000000010020000000000180000000000000000000000000000004000020000000000000000000000000000000200000000000000000000000000000000000044c000000000000000000000000000000000001000000000000000000000000000000000000040020000000	15	0	15	473	552	488	99.9	100.0	0.5862510492
0x200200000000000000000000000000000000010020000000000580000000000000000000000000000004000020000000000000000000000000000000200000000000000080000000000000000000044c000000000000000000000000000000000001400000000000000000000000000000000000040030000000	20	0	20	473	547	493	93.0	97.0	0.2307180359
0x400800250210000000000482000000800000100000450020000000a0258004000000000555004040000000200c000928000000000000000009000000001480200520000000803280028400000400080002944d000000101000140000000001080000000001504600014010000000000000400840004000040032800002	950	473	477	0	90	477	82.9	80.0	0.0772833331
0x400800250210000000000482000000800000100000450020000000a0258004000000000555004040000000200c000928000000000000000009000000001480200520000000803280028400000400080002944d000000101000140000000201080000000001504600014010000000000000400840004000040032800002	949	473	476	0	91	476	95.5	98.0	0.1668816094
0x2000000000000000000000000040000000000000000000000000000000000000000000000000000000000000000000000000000000000000000000000000000000000000000	2	0	2	473	565	475	100.0	100.0	0.848349509
0x2000000000000000000000000040000000000000000000000000000000000000000000000000000000000000000000000000000000000000000000000000000010000000000	3	0	3	473	564	476	83.4	71.0	0.126526784
0x8000000000000000000000000000000000000000000004000000000000000000000000000000000000000000000000000000000000	2	0	2	473	565	475	89.4	84.0	0.0272483775
0x2400000000000000000000000000000000000000000000000000000000000000000000000	2	0	2	473	565	475	0.0	100.0	2.5432e-06
0x8000000000000000000000000000000002400000000004000000000000000000000000000000000000000000000000000000000000	4	0	4	473	563	477	92.3	95.0	0.165330715
0x8000000000000000000000000000000002400000000004000000000000000000000000000200000000000000000000000000000000	5	0	5	473	562	478	97.7	99.0	0.3381067575
0x2000000000000000000000000040000008000000000000000000000000000000002400000000004000000000000000000000000000200000000000000000000010000000000	8	0	8	473	559	481	49.0	40.0	0.0999334841
0x2800000000000000000000000000000000	2	0	2	473	565	475	100.0	100.0	1.702518785
0x4000000000000000000000000000000000000000000000000000000000000000000000000000000000000000000000000000000000002800000000000000000000000000000000	3	0	3	473	564	476	88.8	51.0	0.6569220337
0x10000004000000000000000000000000000000000000000000000000000000000000000000000000000000000000000000000000000000000002800000000000000000000000000000000	4	0	4	473	563	477	21.2	18.0	0.1013594828
0x8000000000000000000010000004000000000000000000000000000000000000000000000000000000000000000000000000000000000000000000000000000000000002800000000000000000000000000000000	5	0	5	473	562	478	85.5	18.0	0.1348123318
0x8000000000000000000010000004002000000000000000000000000040000008000000000000000000000000000000002400000000004000000000000000000000000002a00000000000000000000010000000000	13	0	13	473	554	486	82.4	25.0	0.068369659
0x8000000000000000000000000000000000000000000000000000000000008000000000000000000010000004002000000000000000000000000040000008000000000000000000000000000000002400000000004000000000000000000000000002a00000000000000000000010000000000	14	0	14	473	553	487	72.3	27.0	0.0237842273
0x400800250210000000000c82000000800000100000450020000000a0258004000000000555004040080000200c000928000001000000400209000000001480200520000004803280828400000400080002944d000000101002540000000205080000000001504600014010002a00000000400840004000050032800002	935	473	462	0	105	462	92.9	36.0	0.0637277238
0x100000000000000000000000000000000000000000000000000000000000000000000000000000000000000000000000000000000000000000000000000000000000000000000000000000000000000000000000000000000000000000000000040	2	0	2	473	565	475	85.9	87.0	0.0739635369
0x100000000000000000000000000000000000000000000000000000000100000000000000000000000000000000000000000000000000000000000000000000000000000000000000000000000000000000000000000000000000000000000000040	3	0	3	473	564	476	99.4	100.0	0.2464887708
0x80000000000000000000000000000000000000000000000000000000000000000000000000000000000000000000000000000040000000000000000000000000000000000000000000000000000000000000000000000000000000000	2	0	2	473	565	475	27.9	53.0	0.0234162893
0x100000000080000000000000000000000000000000000000000000000100000000000000000000000000000000000000000000000000000040000000000000000000000000000000000000000000000000000000000000000000000000000000040	5	0	5	473	562	478	99.6	100.0	0.2880868945
0x20000000000000000000000000000000000000000000000000000000000000000000000000000000000000000000000000000000000002000000000000000000000000000000000000000000000000000000000000000000000000000000000000000000000000000000000000000000000000000000000	2	0	2	473	565	475			1e-06
0x2000000000000000000000000000000000000000000000000000000000000000000000000000000000000000000000000000000000000a000000000000000000000000000000000000000000000000000000000000000000000000000000000000000000000000000000000000000000000000000000000	3	0	3	473	564	476	0.0	100.0	2.7183e-06
0x2000000000000000000000000000000000000000000000000000000000000000000000000000000000000000000000000000000000000a000000000000020000000000000000000000000000000000000000000000000000000000000000000000000000000000000000000000000000000000000000000	4	0	4	473	563	477	87.1	97.0	0.0798062542
0x2000000000000000000000000000000000000000000010000000008000000000000000000000000000000000000000000000010000000a000000000000020000000000000000000000000000000040000000000000000000000000000000000000000000000000000000000000000000000000000000040	9	0	9	473	558	482	89.8	96.0	0.0815280976
0x2000000000000000000000000000000000000000000010000000008000000000000000000000000000000000000000000000010000000a000000000000020000000000000000000000000000000040000000000000000000000000000000000000000000000000000000000000000000000080000000040	10	0	10	473	557	483	81.5	81.0	0.0602444445
0x20000000000000000000000000000000000000000000000000000000000000000000000000000000000000000000000000000040000000000000000000000000000000000000	2	0	2	473	565	475	57.6	38.0	0.0311519409
0x8000000000000000000000020000000000000000000000000000000000000000000000000000000000000000000000000000000000000000000000000000040000000000000000000000000000000000000	3	0	3	473	564	476	77.9	38.0	0.0501844012
0x2000000000000000000000000000000000000000000010000000008000000000000000000000800000000000000000000002010000000a000000000000020000000000000000000000000000000040000000000000000000000000000000000000000000040000000000000000000000000080000000040	13	0	13	473	554	486	95.4	90.0	0.2666913019
0x2000000000000000000000000000000000000000000010000000008000000000000001000000800000000000000000000002010000000a000000000000020000000000000000000000000000000040000000000000000000000000000000000000000000040000000000000000000000000080000000040	14	0	14	473	553	487	84.9	88.0	0.2024283258
0x2000000000000000000000000000000000000000000010000000008000000000000001000000800000000000000000000002010000000a000000000000020000000000000000000010000000000040000000000000000000000000000000000000000000040000000000000000000000000080000000040	15	0	15	473	552	488	84.3	83.0	0.1317098686
0x2000000000000000000000000000000000000000000010000000008000000000000001000000800000000000000000000002010000000a000000000000020000000000000000000010000000000040000000000000000000000000000000000000000000040000000000000000004000000080000000040	16	0	16	473	551	489	7.1	30.0	0.0342553075
0x30000000000000000000000000000000000000000000000000000000000000000000000000000000000000000000000000000000000000000000000000000000000000000000000000000000000000000000000000000000000000000000000000000	2	0	2	473	565	475	96.2	100.0	0.1306343796
0x30000000000000000000000000000000000000000000000000000000000000000000000000400000000000000000000000000000000000000000000000000000000000000000000000000000000000000000000000000000000000000000000000000	3	0	3	473	564	476	64.5	57.0	0.0347656379
0x30000000000000000000000000000000000000000000000000000000000800000000000000400000000000000000000000000000000000000000000000000000000000000000000000000000000000000000000000000000000000000000000000000	4	0	4	473	563	477	99.4	100.0	0.2837048783
0x2000000000000000000000000000000000000000003010000000008000000000000001000000800000000000000000000002090000000a000000400000020000000000000000000010000000000040000000000000000000000000000000000000000000040000000000000000004000000080000000040	20	0	20	473	547	493	90.1	75.0	0.1350249637
0x400800250212000000000c82000000800000100000450020000003a1258004000800000555004040180000280c000928000001000000402299000000a01480240520002004803280828400000401080002944d040000101002540000000205080000000001504600014050002a000000004008440040000d0032800042	915	473	442	0	125	442	74.2	25.0	0.0341391438
0x3000000000000000000000000000000000000000000000000000000000000000000000000000000000000000000000000	2	0	2	473	565	475	95.0	97.0	0.0735597757
0x3000000000000000000000000010000000000000000000000000000000000000000000000000000000000000000000000	3	0	3	473	564	476	59.6	19.0	0.0281941574
0x6000000000000000000000000000000000000000000000000000000000000000000000000000000000000000000000000000000000000000000000000000000000000000000000000000000000000000000000000000000000000000000000000000000000000000000000	2	0	2	473	565	475	84.6	40.0	0.0401628542
0x6000000000000000000000000000000000000000000000000000000000000000000000000000000000000000000000000000000000000000000000080000000000000000000000000000000000000000000000000000000000000000000000000000000000000000000000	3	0	3	473	564	476	90.7	94.0	0.0830310034
0x6000000000000000000000000000000000000000000000000000000000000000000000000000000000000000000000000000000000000000000003080000000000000000000000010000000000000000000000000000000000000000000000000000000000000000000000	6	0	6	473	561	479	0.0	77.0	2.6332e-06
0x6000000000000000000000000000000000000000000000000000000000000000000000000000000000000000000000000000000000000000000003080000000000000400000000010000000000000000000000000000000000000000000000000000000000000000000000	7	0	7	473	560	480	99.7	100.0	0.3616700779
0x400800250212000000000c82000000800000700000450020000003a1258004000800000555004040180000280c000928000001000000402299000000a01480240520002004803280828400000709080002944d040400101002550000000205080000000001504600014050002a000000004008440040000d0032800042	908	473	435	0	132	435	91.6	39.0	0.1149194337
0x4000000000000000000000000000000000000000000000000000000000000000000000000000000000000000000000000000000000000000000000000000000000000000000000000000000000000000000000000000000000000000000000000000000000000000000000000000000000000000000000000020	2	0	2	473	565	475	79.1	17.0	0.0290456492
0x4000000000000000000000000000000000000000000000000000000000000000000000000000000000004000000000000000000000000000000000000000000000000000000000000000000000000000000000000000000000000000000000000000000000000000000000000000000000000000000000000020	3	0	3	473	564	476	86.4	24.0	0.0520352196
0x40000000200000000000000000000000000000000000000000000000000000000000000000000000000000000000000000	2	0	2	473	565	475	89.2	92.0	0.2054732371
0x800000000000000000000000000000000000000000000000000000000000000000000040000000200000000000000000000000000000000000000000000000000000000000000000000000000000000000000000	3	0	3	473	564	476	94.0	91.0	0.2524927682
0x800000000000000000000000000000000000000000000000000080000000000000000040000000200000000000000000000000000000000000000000000000000000000000000000000000000000000000000000	4	0	4	473	563	477	49.8	77.0	0.0313612718
0x4000000000000000000000000000000000000000000000000000000000000000000000000000800000004000000000000000000000000000000000000000000080000000000000000040000000200000000000000000000000000000000000000000000000000000000000000000000000000000000000000020	7	0	7	473	560	480	0.0	6.0	2.9275e-06
0x40000000000000000000000000000000000000000000000000000000000000001000000000000000000000000000000000000	2	0	2	473	565	475	75.4	66.0	0.0251775101
0x4000000000000000080000000000000000000000000000000000000000000000	2	0	2	473	565	475	49.8	72.0	0.0085290937
0x40000000000000000000000000000000000004000000000000000080000000001000000000000000000000000000000000000	4	0	4	473	563	477	93.8	91.0	0.0470069776
0x4000000000000000000000000000000000000000000000000000000000000000000000000000800000004000000000000000000000000000000000000000000080000000000000040040000000200000000000000000000000004000000000000000080000000001000000000000000000000000000000000020	11	0	11	473	556	484	88.7	20.0	0.041781005
0x100000000000000000000000000000000000000000000000000000000000000000000000000000000000000000000000000000000000000000000000000000400000	2	0	2	473	565	475	91.3	99.0	0.0473822619
0x4000000000000000000000000000000000000000000000000000000000000000000000000000800000004000000000000000000000000000100000000000000080000000000000040040000000200000000000000000000000004000000000000000080000000001000000000000000000000000000000400020	13	0	13	473	554	486	90.8	41.0	0.0494292296
0x20000000000000000000000000000000000000000000000000000000000000000000000000000000000000000000000000000000000000000000400000000000000000	2	0	2	473	565	475	99.8	100.0	0.1829082127
0x2000000000000000000000000000000000000000000000000000000000000000000000040000000000000000000000000000000000000000000000000000000000000000000000000	2	0	2	473	565	475	77.4	79.0	0.0296542055
0x2000000000020000000000000000000000000000000000000000000000000000000000040000000000000000000000000000000000000000000000000000000400000000000000000	4	0	4	473	563	477	93.1	86.0	0.0678461474
0x100000000000000000000000000000000000000000000000000000000000000000000000000000000000000000000000002000000000000000000000000000000000000000000000	2	0	2	473	565	475	82.0	97.0	0.0126010599
0x80000000000000000000000000000000000000000000000000000000000000000000000000000000000000000000000000100000000000000000000000000000000000000000000000000000000000000000000000000000000000000000000000002000000000000000000000000000000000000000000000	3	0	3	473	564	476	91.4	94.0	0.0463776448
0x80000000000000000000000000000000000000000000000000000000000000000000000000000000000000000000000002100000000020000000000000000000000000000000000000000000000000000000000040000000000000000000000000002000000000000000000000000000400000000000000000	7	0	7	473	560	480	80.5	12.0	0.0226305964
0x4000000000000000000000000000000000000000000000000000000000000000000100000000000000000000000000000000000000000000000000000000000000000	2	0	2	473	565	475	98.7	96.0	0.2025214582
0x80000000000000000000000000000000000000000000000000000000000000000000000000004000000000000000000000000000000000000000000000000000000000000000000	2	0	2	473	565	475	90.1	87.0	0.0257225433
0x80000000000000000000000000002000000000000000000000000000000000000000000000004000000000000000000000000000000000000000000000000000000000000000000	3	0	3	473	564	476	97.2	100.0	0.1503472897
0x80000000004000000000000000002000000000000000000000000000000000000000000000004100000000000000000000000000000000000000000000000000000000000000000	5	0	5	473	562	478	0.0	16.0	0.042592257
0x80000000004000000000000080002000000000000000000000000000000000000000000000004100000000000000000000000000000000000000000000000000000000000000000	6	0	6	473	561	479	35.4	15.0	0.0556073893
0x80000000004000000000000080002000000000000000000000000000000000000000000000004100000000000000000000000000000000008000000000000000000000000000000	7	0	7	473	560	480	86.9	16.0	0.0430886241
0x400000000000000200000000000000000000000000000000000000000000000000000000000000000000000000000000000000000000000000000000000000000000000000000000	2	0	2	473	565	475	94.3	58.0	0.0540009762
0x480000000004000200000000080002000000000000000000000000000000000000000000000004100000000000000000000000000000000008000000000000000000000000000000	9	0	9	473	558	482	0.0	6.0	2.7061e-06
0x80000000000000000000000000000000000000000000000000000000000000000000000000000000000000000000000002580000000024000200000000080002000000000000000000000000000000000000000040000004100000000000000000002000000000000008000000000000400000000000000000	16	0	16	473	551	489	84.0	18.0	0.0238946262
0x4080000000000000000000000000000000000000000000000000000000000000000000000000800000004000000000000002580000000024100200000000080082000000000000040040000000200000000000000040000004104000000000000000082000000001000008000000000000400000000000400020	29	0	29	473	538	502	80.1	19.0	0.0269851435
0x240000000000000000000000000000000000000000000000000000000000000000000000000000000000000000000000000000000000000000000000000000000000000000000000000000000000000000000000000	2	0	2	473	565	475	99.4	87.0	0.2460531546
0x240000000000000000000000000000000000000000000000000000000000000000000000000000000000000000000000000000000000000000000002000000000000000000000000000000000000000000000000000	3	0	3	473	564	476	0.0	8.0	2.4293e-06
0x4080000000000000000000000000000000000000000000000000000000000000000000000240800000004000000000000002580000000024100200000000080082000000000000040040000000200000000000000040000004104000000000002000082000000001000008000000000000400000000000400020	32	0	32	473	535	505	89.5	15.0	0.0563461021
0x40000000000000000000000000000000000000000000000000000000000000000000000000000000000000000000000000000000000000000000000000000000000000000000800000000000000000000000000	2	0	2	473	565	475	73.8	71.0	0.0312481339
0x40000000200000000000000000000000000000000000000000000000000000000000000000000000000000000000000000000000000000000000000000000000000000000000800000000000000000000000000	3	0	3	473	564	476	81.3	60.0	0.0788802364
0x80000000000000000000000000000000000000000000000000000000000000000000000000000000000000000000000000000000000000000000000000040000000000000000000000000000000000000000000000000000000000000000000000000000000000000000000000000000000000000000000000000000	2	0	2	473	565	475	91.1	100.0	0.0433859171
0x80000000000000000000000000000000000000000000000000000000000000000000000000000000000000000000000000000000000000000000000000040000000000000000000000000000000000000000000800000000000000000000000000000000000000000000000000000000000000000000000000000000	3	0	3	473	564	476	94.9	100.0	0.1413070595
0x80000000000000000000000000000000000000000000000000000000000000000000000000000000040000000200000000000000000000000000000000040000000000000000000000000000000000000000000800000000000000000000000000000000000000000000000000000800000000000000000000000000	6	0	6	473	561	479	42.8	59.0	0.1171720029
0x80000000000000000000000000000000000000000000000000000000000000000000000000000000040000000200000000000000000000000000000000040000000000000000000000000000000000000000000800000000000000000000000000000000000000000000000000000c00000000000000000000000000	7	0	7	473	560	480	85.9	61.0	0.1057528859
0x10000000000000000000000000000000000000800000000000000000000000000000000000000000000000000000000000000000000000000000000000000000000000000000000000000000000000000000000000000	2	0	2	473	565	475	22.4	15.0	0.0247256836
0x80000000000000000000000000000000000000000000000000000000000000000000000000010000040000000200000000000000000000000800000000040000000000000000000000000000000000000000000800000000000000000000000000000000000000000000000000000c00000000000000000000000000	9	0	9	473	558	482	72.9	22.0	0.051135711
0x80004080000000000000000000000000000000000000000000000000000000000000000000010240840000004200000000000002580000000824100200040000080082000000000000040040000000200000000800000040000004104000000000002000082000000001000008000c00000000400000000000400020	41	0	41	473	526	514	84.4	12.0	0.0430717643
0x80004080000000000000000000000000000000000000000000000000000000000000000000010240840000004200000000000002580000000824100200040000080082000000000000040040000000200000000800000040000004104000000000002800082000000001000008000c00000000400000000000400020	42	0	42	473	525	515	75.2	7.0	0.0141872353
0x300000000000000000000000	2	0	2	473	565	475	97.1	100.0	0.1942114065
0x10300000000000000000000000	3	0	3	473	564	476	90.3	89.0	0.1097578332
0x200000000000000000000000000000000000000000000000000000000000000000000000000000000000000000000000000000000000000000000000000000000000000000000000000000000000004000000000000000000000000000000000000000000000000000000000000000000000	2	0	2	473	565	475	85.0	93.0	0.0412992105
0x200000000000000000000000000000000800000000000000000000000000000000000000000000000000000000000000000000000000000000000000000000000000000000000000000000000000004000000000000000000000000000000000000000000000000000000000000000000000	3	0	3	473	564	476	92.5	100.0	0.1762774147
0x200000000000000000000000000000001800000000000000000000000000000000000000000000000000000000000000000000000000000000000000000000000000000000000000000000000000004000000000000000000000000000000000000000000000000000000000000000000000	4	0	4	473	563	477	0.0	37.0	2.1637e-06
0x200000000000000000000000000000001800000000000000000000000000000000000000000000000000000000000000000000000000000000000000000000000000000000000000000000000000004000000000000000000000000000000000000000000010300000000000000000000000	7	0	7	473	560	480	80.0	76.0	0.0767663018
0x200000000000000000000000000000001800000000000000000000000000000000000000000000000000000400000000000000000000000000000000000000000000000000000000000000000000004000000000000000000000000000000000000000000010300000000000000000000000	8	0	8	473	559	481	83.7	81.0	0.078345803
0x3000000000000000000000000	2	0	2	473	565	475	99.7	98.0	0.324165305
0x200000000000000000000000000000001800000000000000000000000000000000000000000000000000000400000000000000000000000000000000000000000000000000000000000000000000004000000000000000000000000000000000000000000013300000000000000000000000	10	0	10	473	557	483	77.4	31.0	0.034873983
0x80004080000000000000200000000000000000000000000000001800000000000000000000010240840000004200000000000002580400000824100200040000080082000000000000040040000000200000000800000040004004104000000000002800082000000001000008000c13300000400000000000400020	988	473	515	0	52	515	86.9	20.0	0.0397396605
0x80004080000000000000200000000000000000000000000000001800000000000000000000010240840000004200000000000002580400000824100200040000080082000000000000040040000000200000000800000040004004104000000000002800082000000001000008000c13300400400000000000400020	987	473	514	0	53	514	38.6	12.0	0.0150581864
0x40000000000000000000000000000000000000000000000000000000000000000000000000000000000000000000000000000000000000000000000000000000000000000000000000000000000000000000000000000000000000000000000000000000100	2	0	2	473	565	475	87.3	100.0	0.065325638
0x40000000000000000000000000000000000001000000000000000000000000000000000000000000000000000000000000000000000000000000000000000000000000000000000000000000000000000000000000000000000000000000000	2	0	2	473	565	475	69.0	100.0	0.0156228007
0x40000000000040000000000000000000000000000000000001000000000000000000000000000000000000000000000000000000000000000000000000000000000000000000000000000000000000000000000000000000000000000000000000000000100	4	0	4	473	563	477	99.8	100.0	0.1855046256
0x80000000000000000000100000	2	0	2	473	565	475	90.1	99.0	0.0386194988
0x20000000000000000000000000000000000000000000000000000000000000000000000000000000000000000000000000000000000000000000000000000000000000000000000000000000000000000000000000000000080000000000000000000100000	3	0	3	473	564	476	69.1	62.0	0.0158439665
0x20000000000008000000000000000000000000000000000000000000000000000000000000000000000000000000000000000000000000000000000000000000000000000000000000000000000000000000000000000000080000000000000000000100000	4	0	4	473	563	477	96.7	100.0	0.1098533869
0x800000000000000000000000000000000000000000000000000200000000000000000000000000000000000000	2	0	2	473	565	475	84.3	100.0	0.0557150348
0x20000000000008000000000000000000000000000000000000000000000000000000000000000000000000000000000000000000000000000800000000000000000000000000000000000000000000000000200000000000080000000000000000000100000	6	0	6	473	561	479	42.7	70.0	0.0381663651
0x60000000000048000000000000000000000000000000000001000000000000000000000000000000000000000000000000000000000000000800000000000000000000000000000000000000000000000000200000000000080000000000000000000100100	10	0	10	473	557	483	90.6	87.0	0.0687824007
0x8000000000000000000000000000000000000000000000000000000000000000000000000000000000000000000000000000000000000000000000000000000000000000008000000000000000000000000000000000000000000000000000000000000000000000000	2	0	2	473	565	475			0.0
0x8000000000000000000000000000000000000000000000000000000000000000000000000000000000000000000000000000000000000000000002000000000000000000008000000000000000000000000000000000000000000000000000000000000000000000000	3	0	3	473	564	476			0.0
0x2000000000000008000000000000000000000000000000000000000000000000000000000000000000000000000000000000000000000000000000000000000000002000000000000000000008000000000000000000000000000000000000000000000000000000000000000000000000	4	0	4	473	563	477			0.0
0x2000000000000008000000400000000000000000000000000000000000000000000000000000000000000000000000000000000000000000000000000000000000002000000000000000000008000000000000000000000000000000000000000000000000000000000000000000000000	5	0	5	473	562	478			2.4146e-06
0x2000000000000008000000400000000000000000000000000000000000000000000000000000000000000000000000000000000000000000000000000000000000002000000000000000000028000000000000000000000000000000000000000000000000000000000000000000000000	6	0	6	473	561	479	0.0	96.0	2.0431e-06
0x2000000000000008000000460000000000048000000000000000000000000000000000001000000000000000000000000000000000000000000000000000000000002000800000000000000028000000000000000000000000000000000200000000000080000000000000000000100100	16	0	16	473	551	489	69.4	61.0	0.0145736599
0x4000000000000000000000000000000000000000000000000000000000000000000000000000000000000000000000000000000000000000000000000000000000000000000000000000000000000000000000000000000000000000000000000000004000	2	0	2	473	565	475			0.0
0x200000000000000000004000000000000000000000000000000000000000000000000000000000000000000000000000000000000000000000000000000000000000000000000000000000000000000000000000000000000000000000000000000000000000000000000000004000	3	0	3	473	564	476			2.6022e-06
0x200000000000000000004000000000000000000000000000000000000000000800000000000000000000000000000000000000000000000000000000000000000000000000000000000000000000000000000000000000000000000000000000000000000000000000000000004000	4	0	4	473	563	477	0.0	98.0	2.8978e-06
0x2000200000000008000000464000000000048000000000000000000000000000000800001000000000000000000000000000000000000000000000000000000000002000800000000000000028000000000000000000000000000000000200000000000080000000000000000000104100	20	0	20	473	547	493	98.9	100.0	0.2411099318
0x2000200000000008000000464000000000048000000000000000000000000000000800001000000000000000000000000000000000000000000000000000000000002000800000010000000028000000000000000000000000000000000200000000000080000000000000000000104100	21	0	21	473	546	494	69.5	46.0	0.019447475
0x2000200000000008000000464000000000048000000000000000000000000000000800001000000000000000000000000000000000000000000000000000000000002000800000010001000028000000000000000000000000000000000200000000000080000000000000000000104100	22	0	22	473	545	495	92.9	92.0	0.1250203444
0x8000000000000000000000080000000000000000000000000000	2	0	2	473	565	475			0.0
0x40000000000000000000000000000000000000000000000000000000000000000000000000000000000000000000000000000000000000000000000000000000000000000000000000000000000000000000000000000000000008000000000000000000000080000000000000000000000000000	3	0	3	473	564	476			1e-06
0x40000000000000000000000000000000000000000000000000000000000000000000000000000000000000000000000000000000000000000000000000000000000000000000000000000000000000000000000000000000000008000000000000000000000180000000000000000000000000000	4	0	4	473	563	477	0.0	89.0	2.8783e-06
0x40000000000000000000000000000000000000000000000000000000000000000000000000000000000000000000000000000000000000000000000000000000000000000000000000000000000000000000010000000000000008000000000000000000000180000000000000000000000000000	5	0	5	473	562	478	65.9	67.0	0.0066435899
0x400000000000000000000000000000000000000000000000000000000000000000000000000000000000000000000000000000000000000000000000000000000000000008000000000000000000000000000000000000000000000000000000000000000000000000000000000000000000000000000000	2	0	2	473	565	475			2.942e-06
0x400000000000000000000000000000000000000000000000000000000000000000000000000000000000000000080000000000000000000000000000000000000000000008000000000000000000000000000000000000000000000000000000000000000000000000000000000000000000000000000000	3	0	3	473	564	476	79.4	99.0	0.0136074467
0x400000040000000000000000000000000000000000000000000000000000000000000000000000000000000000080000000000000000000000000000000000000000000008000000000000000000000000000000000010000000000000008000000000000000000000180000000000000000000000000000	8	0	8	473	559	481	72.4	96.0	0.0179852942
0x400000040000000000000000000000000000000000000000000000000000000000020000000000000000000000080000000000000000000000000000000000000000000008000000000000000000000000000000000010000000000000008000000000000000000000180000000000000000000000000000	9	0	9	473	558	482	92.5	96.0	0.085370198
0x100000000000000000000000000000000000000000000000000000000000000000000000000000000000000000000000000000000000000000000000001000000000000000000000000000000000000000000000000000000000000000000000000000000000000000000000000000000000000000	2	0	2	473	565	475	80.7	81.0	0.0651728061
0x100000000000000000000000000000000000000000080000000000000000000000000000000000000000000000000000000000000000000000000000001000000000000000000000000000000000000000000000000000000000000000000000000000000000000000000000000000000000000000	3	0	3	473	564	476	74.8	74.0	0.089036933
0x400000140000000000000000000000000000000000000000080000000000000000020000000000000000000000080000000000000000000000000000000000001000000008000000000000000000000000000000000010000000000000008000000000000000000000180000000000000000000000000000	12	0	12	473	555	485	26.7	28.0	0.0175824319
0x20008000000000000000000000000000000000000000000000000000000000000000000000000000000000000000000	2	0	2	473	565	475	99.8	100.0	0.2204110419
0x20008000000000000000000000000000000000800000000000000000000000000000000000000000000000000000000	3	0	3	473	564	476	74.5	65.0	0.0552483522
0x400000140000000000000000000000000000000000000000080000000000000000020000000000000000000000080000000000000000000000000000000000001000000008000000020008000000000000000000000010000000000800008000000000000000000000180000000000000000000000000000	15	0	15	473	552	488	84.1	78.0	0.0432673722
0x4000001400000020002000000000080000004640000000000c8000000000000000020000000000000800001000080000000000000000000000000000000000001000000008000000022008800000010001000028000010000000000800008000000000000200000000180080000000000000000000104100	37	0	37	473	530	510	64.7	27.0	0.0098725866
0x400000000000000000000000000000000000000000000000000000000000000000000000000000000000000000000000000000000000000000000000000000000000000000000000000000000000000000000000400000000000000000000000000000000000000000000000000000000000000000000000000000	2	0	2	473	565	475	93.1	98.0	0.1131541104
0x400000000000000000000000000000000000000000000000000000000000000000000000000000000000000000000000000000000000000000000000000000000000000000000000000000000000000000000000400000000000000000000000000000000000000000000000000000000000000010000000000000	3	0	3	473	564	476	73.2	59.0	0.0199492502
0x400000000000000000000000000000000000000000000000000000000000000000000000000000000000000000000000000000000000000000000000000000000000000000000000010000000000000000000000400000000000000000000000000000000000000000000000000000000000000010000000000000	4	0	4	473	563	477	95.1	89.0	0.0676543335
0x4000004000001400000020002000000000080000004640000000000c8000000000000000020000000000000800001000080000000000000000000000000000000000001000000008010000022008800000010001400028000010000000000800008000000000000200000000180080000000000010000000104100	41	0	41	473	526	514	76.3	60.0	0.0340909181
0x8000000000000000000000000000000000000000000000000000000000000000000000000000008000000000000000000000000000000000000000000000000000000000000000000000000000000000000000000000000000000000000000000000000000000000000000000	2	0	2	473	565	475	44.1	60.0	0.0134478686
0x8000000000000000000000000000000000000000000000000000000000000000000000000000008000000000000000000000000000000000000200000000000000000000000000000000000000000000000000000000000000000000000000000000000000000000000000000	3	0	3	473	564	476	99.0	100.0	0.1556761183
0x8000000000000000000000000000000000000000000000000000000000000000000000000000008000000000000000000000000000000000000200000000000000000000000000000000000000000000000000000000000000000000000000000000000000040000000000000	4	0	4	473	563	477	95.8	99.0	0.1064370701
0x10000000000000000000000000000000000000000000000000000000000000000000000000000000000000000000000000000000000000080000000000000000000000000000000000	2	0	2	473	565	475	76.9	67.0	0.0908340279
0x10000000000000000000000000000000000000000000000000000000000000000000000000000100000000000000000000000000000000080000000000000000000000000000000000	3	0	3	473	564	476	74.7	62.0	0.0369190784
0x80000000000000000000000000000000000000000000000000000000000000000000000000000000000000000001000000000000000000000000000000000000000000000000000000000000000000	2	0	2	473	565	475	99.9	100.0	0.2578768703
0x80000000000010000000000000000000000000000000000000000000000000000000000000000000000000000101000000000000000000000000000000080000000000000000000000000000000000	5	0	5	473	562	478	40.2	52.0	0.0186945534
0x80000000000018000000000000000000000000000000000000000000000000000000000000000000000000000101000000000000000000000000000000080000000000000000000000000000000000	6	0	6	473	561	479	88.4	77.0	0.0617487535
0x80000000000018000000000000000000000000000000000000000000000000000000000000000000000000000101000000000000000000000000000000080000000000002000000000000000000000	7	0	7	473	560	480	53.5	29.0	0.0170538242
0x80000000002018000000000000000000000000000000000000000000000000000000000000000000000000000101000000000000000000000000000000080000000000002000000000000000000000	8	0	8	473	559	481	76.8	48.0	0.0252667347
0x40000000000000000000000000000000000000000000000000000000000000000000000000000000000000000000000000001000000000000000000000000000000000000000000000000000000	2	0	2	473	565	475	99.3	100.0	0.2323112632
0x80040000002018000000000000000000000000000000000000000000000000000000000000000000000000000101000000000001000000000000000000080000000000002000000000000000000000	10	0	10	473	557	483	74.9	63.0	0.0338710261
0x8000000000000000000000000000000000000000000000000000000000080040000002018000008000000000000000000000000000000000000200000000000000000000000000000000101000000000001000000000000000000080000000000002000000040000000000000	14	0	14	473	553	487	83.7	66.0	0.0411959573
0x4000004000001400000020002000080000080000004640000000000c8000000000000000020000000000000880041000082018000008000000000000000000000000001000000008210000022008800000010001400028000111000000000801008000000000000200080000180080002000000050000000104100	985	473	512	0	55	512	75.3	65.0	0.024549055
0x2000000000000000000000000000000000000000000000000000000000000000000000000000000000000000000000000000000000000000000000000000000000000008000000000000000000000000000000000000000000000000000000	2	0	2	473	565	475	81.2	88.0	0.0856573621
0x2000000000000000000000000000000000000000000000000000000000000000000000000000000000000000000000000000000000000000000000000000000000000008000000000000000000000000400000000000000000000000000000	3	0	3	473	564	476	99.7	100.0	0.3120059465
0x2000000000000000000000000000000000000000000000000000000000000000000000000000000000000000002000000000000000000000000000000000000000000008000000000000000000000000400000000000000000000000000000	4	0	4	473	563	477	88.4	83.0	0.0745064894
0x4000004000001400000020002000080000080000004640000000000ca000000000000000020000000000000880041000082018000008000000000000000000000000001000000008212000022008800000010001400028000111000000000809008000000000000200080000580080002000000050000000104100	981	473	508	0	59	508	82.6	73.0	0.0445339711
0x4000004000001400000020002000080000080000004640000000000ca000000000000000020000000100000880041000082018000008000000000000000000000000001000000008212000022008800000010001400028000111000000000809008000000000000200080000580080002000000050000000104100	980	473	507	0	60	507	99.6	100.0	0.2054834359
0x800000000000000000000000000000000000000000000000000000000000000000000000004000000000000000000000000000000000000000000000000000000000000000000000000000000000000000000000000000000000000000000	2	0	2	473	565	475	0.0	16.0	2.6535e-06
0x8400000000000000000000000000000000000000000000000000000000000000000000000000000000000000000000000000000000000000000000000000000000000000000000000000	2	0	2	473	565	475	0.0	100.0	2.5324e-06
0x10000000000000000000000000000000000000000000000000000000000000000000000000000008400000000000000000000000000000000000000000000000000000000000000000000000000000000000000000000000000000000000000000000000000000000000000000000000000	3	0	3	473	564	476	99.8	100.0	0.1497527812
0x10000000000000000000000000000000000000000000000000000000000000000000000000000008400000000000000400000000000000000000000000000000000000000000000000000000000000000000000000000000000000000000000000000000000000000000000000000000000	4	0	4	473	563	477	77.7	81.0	0.0256238357
0x10000000000000000000000000000000000000000000000000000000000000000400000000000008400000000000000400000000000000000000000000000000000000000000000000000000000000000000000000000000000000000000000000000000000000000000000000000000000	5	0	5	473	562	478	70.8	78.0	0.047938359
0x10000000000000000000000000000000000000800000000000000000000000000400000000000008400000000000000400000000000000004000000000000000000000000000000000000000000000000000000000000000000000000000000000000000000000000000000000000000000	7	0	7	473	560	480	89.5	97.0	0.0928665923
0x4000004000001400000120002000080000080000004640000000000ca80000000000000002000000010040088004100008a418000008000000400000000000000004001000000008212000022008800000010001400028000111000000000809008000000000000200080000580080002000000050000000104100	973	473	500	0	67	500	95.9	96.0	0.1330511296
0x804040804000001400002120002000080000080000004640000018000ca800000000000000030240840100404a8004100008a41a580408000824500200040000080086001000000008252040022008a0000001080140006800411510400000080900a800082000000201080008580c93302400400050000000504120	920	473	447	0	120	447	54.5	15.0	0.0246480524
0x800000000000002000000000000000000000000000000000000000000000000000000000000000000000000000000000000000000000000000000000000000000000000000000000000	2	0	2	473	565	475	90.4	53.0	0.1500741742
0x804040804000001400002120002000080000080000004640000018000ca800000000000000030240840100404a8004100008ac1a580408000826500200040000080086001000000008252040022008a0000001080140006800411510400000080900a800082000000201080008580c93302400400050000000504120	918	473	445	0	122	445	0.0	6.0	0.0206337187
0x12000000000000000000000000000000000000000000000000000000000	2	0	2	473	565	475	90.0	100.0	0.0743724528
0x12000000000000000000000000000000000000000000000004000000000	3	0	3	473	564	476	72.4	80.0	0.0768182503
0x10000000000000000000000000000000000000000000000000000000000000000000000000000000000000000000000000000000000000000000000000000000000000000000000000000040000000000000000000000000000000000000000000000000000000000	2	0	2	473	565	475	88.7	92.0	0.1117532683
0x10000000000000000000000000000000000000000000000000000000000000000000000000000000000000000000000000000000000000000000000000000000000000000000000000000040000400000000000000000000000000000000000000000000000000000	3	0	3	473	564	476	18.5	42.0	0.0666733031
0x10000000000000000000000000000000000000000000000000000000000000000000000000000000000000000000000000000000000000000000000000000000000000000000000000000052000400000000000000000000000000000000000000000004000000000	6	0	6	473	561	479	83.6	56.0	0.064498866
0x800000000000000000000080000000000000000000000000000000	2	0	2	473	565	475	85.4	60.0	0.0708394879
0x10000000000000000000000000000000000000000000000000000000000000000000000000000000000000000000000000000000000000000000000000000000000000000000000000000052000c00000000000000000000080000000000000000000004000000000	8	0	8	473	559	481	41.0	55.0	0.0514548533
0x10000000000000000000000000000000000000000000000000000000000000000000000000000000000000000000000000000000000000000000000000000000000000000001000000000052000c00000000000000000000080000000000000000000004000000000	9	0	9	473	558	482	74.4	49.0	0.0407808574
0x800000000000000000000010000000000000000000000000000000000000000000000000000000000000000000000000000000000000000000000000000000000000000000000000000000000000000001000000000052000c00000000000000000000080000000000000000000004000000000	10	0	10	473	557	483	91.7	83.0	0.1480375934
0x1000000000000000800000000000000000000010000000000000000000000000000000000000000000000000000000000000000000000000000000000000000000000000000000000000000000000000000000000000000001000000000052000c00000000000000000000080000000000000000000004000000000	11	0	11	473	556	484	49.4	61.0	0.0685437244
0x800000000000100000000000000000000000000000000000000000000000000000000000000000000000000000000000000000000000000000000000000	2	0	2	473	565	475	57.6	17.0	0.0094885702
0x800000000000100000000000000400000000000000000000000000000000000000000000000000000000000000000000000000000000000000000000000	3	0	3	473	564	476	77.4	66.0	0.0280770642
0x800000000000100000000000000400000000000000000000000000000000000000000080000000000000000000000000000000000000000000000000000	4	0	4	473	563	477	89.4	90.0	0.0731697712
0x200000000000000000000000000002000000000000000000000000000000000000000000000000000000000000000	2	0	2	473	565	475	34.5	24.0	0.0770699496
0x800000000000100000000000000400200000000000000000000000000002000000000080000000000000000000000000000000000000000000000000000	6	0	6	473	561	479	89.8	86.0	0.1041990443
0x1000000000000000800000000000000000000010000000000000000000000000000000000000000000000000000000000000000000000000000000000000800000000000100000000000000400200000000000000000000001000002000052000c80000000000000000000080000000000000000000004000000000	17	0	17	473	550	490	86.5	21.0	0.088190591
0x80000000000000000000000000000000000000000000000000000000000000000000000000000000000000000000000000000000000000000000000000000000000000000000000000000000000000000000000000000000000000020000000000000000000000000000000000000000000000000000000000000	2	0	2	473	565	475	69.7	66.0	0.0712599377
0x80000000000000000000000000000000000000004000000000000000000000000000000000000000000000000000000000000000000000000000000000000000000000000000000000000000000000000000000000000000000000020000000000000000000000000000000000000000000000000000000000000	3	0	3	473	564	476	62.5	66.0	0.0365315723
0x1080000000000000800000000000000000000010004000000000000000000000000000000000000000000000000000000000000000000000000000000000800000000000100000000000000400200000000000000000000001000002020052000c80000000000000000000080000000000000000000004000000000	20	0	20	473	547	493	37.9	16.0	0.1413994009
0x1080000000000000800000000000000000000010004000000000000000000000000000000000000000000000000000000000000000000000040000000000800000000000100000000000000400200000000000000000000001000002020052000c80000000000000000000080000000000000000000004000000000	21	0	21	473	546	494	83.2	11.0	0.0797553777
0x814840804000001408002120002000080000080100044640000018000ca800000000000000030240840100404a8004100008ac1a580408000866500200040800080086001100000008252040422208a00000010801400068005115106020052809c8a800082000000201080088580c93302400400050004000504120	897	473	424	0	143	424	92.1	16.0	0.0739047082
0x4000000000000000000000000000000000000000000000000000000000000000000000000000000000400000000	2	0	2	473	565	475	75.7	68.0	0.0150775979
0x40000000000000000000000000000000000000000000000000000000000000000000000000000000000000000000000000000000000000000000000000000000004000000000000000000000000000000000000000000000000000000000000000000000000000000000400000000	3	0	3	473	564	476	90.8	97.0	0.0649367805
0x4000000000000000000000000000000000000000000000000000000000000000000000400000000000	2	0	2	473	565	475	0.0	92.0	2.4381e-06
0x800000000000000000000000000000000000000000000000000000000000000000000000000000000000000000000000040000000000000000000000000000000000000000000000000000000000000000	2	0	2	473	565	475	84.0	95.0	0.0127655673
0x800000000000000000000000000000000000000000000000000000000000000000000000000000000040000000000000040000000000000000000000000000000000000000000000000000000000000000	3	0	3	473	564	476	0.0	33.0	2.47e-06
0x8000000000000000000000000000000000000000000000000000000000000000000000000000000000c0000000000000040000000000000000000000000000000000000000000000000000000000000000	4	0	4	473	563	477	0.0	47.0	2.558e-06
0x8000000000000000000000000000000000000000000000000000000000000000000000000000000000c0000000000000040000000000000000000000000000000020000000000000000000000000000000	5	0	5	473	562	478	95.9	91.0	0.0405457057
0x20000000000000000000000000000000000000000000000000000000000000000000000008000000000000000000000000000000000000000000000000000000000000000000000000000000000c0000000000000040000000000000000000000000000000020000000000000000000000000000000	6	0	6	473	561	479	0.0	25.0	2.3879e-06
0x20000000000000000000000000000000000000000000000000000000000000000000000008000000000000000000000000000000000000000000000000000000000000000000000000000000040c0000000000000040000000000000000000000000000000020000000000000000000400000000000	8	0	8	473	559	481	0.0	31.0	2.473e-06
0xa000000000000000000000000000000000000000000000000000000000000000000000000000000000000000000000000000000000000000000000000000000000000000000000000000000000000000000000000000000000000000000	2	0	2	473	565	475	82.3	96.0	0.0127056501
0x200000000000000000000000000000000000000000000000a0000000000000000000000008000000000000000000000000000000000000000000000000000000000000000000000000000000040c0000000000000040000000000000000000000000000000020000000000000000000400000000000	10	0	10	473	557	483	72.0	73.0	0.0150189084
0x200000000000004000000000000000000000000000000000a0000000000000000000000008000000000000000000000000000000000000000000000000000000000000000000000040000000040c0000000000000040000000000000000000000000000000020000000000000000000400400000000	13	0	13	473	554	486	98.8	99.0	0.2764992296
0x200000000000000000000000010000000000000000000000000000000000000000000000000000000000000000000000000000000000000000000000000000000000	2	0	2	473	565	475	93.6	97.0	0.1954305252
0x8000000000000000000000200000000000000000000000010000000000000000000000000000000000000000000000000000000000000000000000000000000000000000000000000000000000	3	0	3	473	564	476	0.0	68.0	0.0762701203
0x8000000000000000000000200000000000000000000000010000000000000000000000000000000000000400000000000000000000000000000000000000000000000000000000000000000000	4	0	4	473	563	477	90.9	65.0	0.1783082808
0x1000001000000000000000000000000000000000000000000000000000000000000000000000000000000000000000000000000000000000000000000000000000000000000000	2	0	2	473	565	475	91.7	88.0	0.1825911934
0x200000000000000000000000000000000000000000000000000001000001000000000000000000000000000000000000000000000000000000000000000000000000000000000000000000000000000000000000000000000000000000000000000	3	0	3	473	564	476	0.0	26.0	0.0109676935
0x200000000000000000000000000000000000000000020000000001000001000000000000000000000000000000000000000000000000000000000000000000000000000000000000000000000000000000000000000000000000000000000000000	4	0	4	473	563	477	36.1	23.0	0.0517520895
0x200000000000000000000000000000000000000008020000000001000001000200000000000000000000000010000000000000000000000000000000000000400000000000000000000000000000000000000000000000000000000000000000000	8	0	8	473	559	481	82.1	41.0	0.070775617
0x200000000000004000000000000000000000000020000000a0000000000000000000000008000000080200000000010000010002000000000000000000000000100000000000000040000000040c0000000000400040000000000000000000000000000000020000000000000000000400400000000	21	0	21	473	546	494	93.8	80.0	0.1713475853
0x20000000000000000000020000000000000000000000000000000000000000000000000000000000000000000000000000000000000000000000000	2	0	2	473	565	475	84.1	68.0	0.0982341185
0x20000000000000000000000000000000000000000000000000000000000000000000000000000000000000020000000000000000000020000000000000000000000000000000000000000000000000000000000000000000000000000000000000000000000000	3	0	3	473	564	476	90.5	85.0	0.09409663
0x200000000000004000000000000002000000000020000000a0000000000000000000000008000000080200000000010000010002000000000000200000000000100000000200000040000000040c0000000000400040000000000000000000000000000000020000000000000000000400400000000	24	0	24	473	543	497	74.8	47.0	0.025722205
0x81484080400002140800212000240008000008010024464000001a000ca80a000000000000030240840100c04a8004902008ac1a5814080018667002000408000a008600110001000825206042220ca000000148c1400068005515146020052809c8a8000820000002010800a8580c93302400400050404400504120	873	473	400	0	167	400	91.5	37.0	0.0889847837
0x200000000000002000000000000000000000000000	2	0	2	473	565	475	78.2	81.0	0.2322388418
0x400000000000000200000000000002000000000000000000000000000	3	0	3	473	564	476	86.1	72.0	0.1491666376
0x80000000000000000000000000000000000000000000000000000000000000000000000000000000000000000000000000000000000000000000000000000000000000000000000000000000000000000000000000000400000000000000200000000000002000000000000000000000000000	4	0	4	473	563	477	77.7	49.0	0.0831132211
0xc00000000000000000000000000000000000000000000000000000000000000000000000000000000000000000000000000000000000000000000000000000000000000000000000000000000000000000000000000	2	0	2	473	565	475	98.9	99.0	0.2031781097
0xc00000000000000000000000000000000000000000000000000000000000000000800000000000000000000000000000000000000000000000000000000000000000000000000000000000000000000000000000000	3	0	3	473	564	476	87.6	74.0	0.0698705128
0xc00000000000000000000000000000000000000000000000000000000000000000800000000000000000000000000000000000000000000000000000000000000000000000001000000000000000000000000000000	4	0	4	473	563	477	99.6	99.0	0.3469597451
0x80000000000000000000000000000000000000000000000000000000000c00000000000000000000000000000000000000000000000000000000000000000800000000000000000000000000000000000000000000000400000000000000200000000001002000000000000000000000000000	8	0	8	473	559	481	62.1	12.0	0.0312427551
0x81484080400002140880212000240008000008010024464000001a000ca80a000000000000030e40840100c04a8004902008ac1a5814080018667002000408000a008600110001080825206042220ca000000148c1400068005515146020052c09c8a8000820002002010800a9582c93302400400050404400504120	865	473	392	0	175	392	78.3	40.0	0.0372889406
0x20000000000000000000000000000000000000000000000000000000000000000000000000000000000000000000000000000000000000000000000000000000000000000000000000000000000000000000000000000000000000000000000000000000000000000000000000000800000000	2	0	2	473	565	475	82.3	63.0	0.1086059575
0x100000000000000000000000000000000000000000000800000000000000000000000000000000000000000000000000000000000000000000000000000000000000000000000000000000000000000000000000000000000000000000000000000000000000000000000000000000000000000	2	0	2	473	565	475	80.2	70.0	0.1131326462
0x120000000000000000000000000000000000000000000800000000000000000000000000000000000000000000000000000000000000000000000000000000000000000000000000000000000000000000000000000000000000000000000000000000000000000000000000000000800000000	4	0	4	473	563	477	97.2	96.0	0.269425639
0x814840804000021409a0212000240008000008010024464000001a000ca80a800000000000030e40840100c04a8004902008ac1a5814080018667002000408000a008600110001080825206042220ca000000148c1400068005515146020052c09c8a8000820002002010800a9582c93302400400050404c00504120	861	473	388	0	179	388	54.1	45.0	0.0654767563
0x2000000000000000000000000000000000000000000000000000000000000000000000000000000000000000000000000000000000000000000000000000000000000000000000000100000000	2	0	2	473	565	475	89.3	100.0	0.0971978382
0x2000000000000000000100000000000000000000000000000000000000000000000000000000000000000000000000000000000000000000000000000000000000000000000000000100000000	3	0	3	473	564	476	99.3	100.0	0.4076914459
0x400000000000000000000000000000000000000000000000000020000000000000000000000000000000000000000000000000000000000000000000000000000000000000000000000000000000000000000000000000000000000000000000000000000000000000	2	0	2	473	565	475	99.8	100.0	0.2015703708
0x400000000000000000000000400000000000000000000000000000000000000000000000000020000000000000000000000000000000000000000000000000000000000000000000000000000000000000000000000000000000000000000000000000000000000000000000000000000000000000	3	0	3	473	564	476	61.2	52.0	0.0128052101
0x100001000000000000000000000000000000000000000000000000000000000000000000000000000000000000000000000000000000000000000000000000000000000000000000000000000000000000000000000000000000000000000000000000000000000000	2	0	2	473	565	475	94.6	99.0	0.0865075554
0x400000000000000000000000500001000000000000000000000000000000000000000000000020000000000000000000000000000000000000000000000000000000000000000000000000000000000000000000000000000000000000000000000000000000000000000000000000000000000000	5	0	5	473	562	478	98.7	100.0	0.3154814897
0x400000000000000000000002000000000000000000000000000000000000000000000000000000000000000000000000000000000000000000000000000000000000000000000000000000000000000000000000000000000000000000000000000000	2	0	2	473	565	475	20.8	39.0	0.0470777859
0x400000000000200000000002000000000000000000000000000000000000000000000000000000000000000000000000000000000000000000000000000000000000000000000000000000000000000000000000000000000000000000000000000000	3	0	3	473	564	476	91.8	93.0	0.1800283546
0x400000000000000000000000500001000000400000000000200000000002000000000000000020000000000000000000000000000000000000000000000000000000000000000000000000000000000000000000000000000000000000000000000000000000000000000000000000000000000000	8	0	8	473	559	481	97.6	99.0	0.2471967744
0x400000000000000000000000500001000000400000000000200000000002000000000000000020002000000000000000000100000000000000000000000000000000000000000000000000000000000000000000000000000000000000000000000000000000000000000000000000000100000000	11	0	11	473	556	484	79.4	49.0	0.0806546558
0x814840804000025409a0212000240008000008510025464000401a000ca80aa00000000002030e40840100c04aa004b02008ac1a5814080019667002000408000a008600110001080825206042220ca000000148c1400068005515146020052c09c8a8000820002002010800a9582c93302400400050404d00504120	850	473	377	0	190	377	96.1	99.0	0.1813891254
0x100000000000000000000000000000000000000000000000000000000000000010000000000000000000000000000000000000000000000000000000000000000000000000000000000000000000000000000000000000000000000000	2	0	2	473	565	475	97.4	100.0	0.2124574534
0x814840804000025409a0212000240008000008510025464000401a000ca80ab00000000002030e40840100c04aa004b02008ac1a5814080019667002000408100a008600110001080825206042220ca000000148c1400068005515146020052c09c8a8000820002002010800a9582c93302400400050404d00504120	848	473	375	0	192	375	79.4	69.0	0.0822163448
0x20000000000000000000000000000000000000000000000000000000000000000000000000040000000000000000000000000000000000000000000000000000000000000000000000000000000000000000000000000000000000	2	0	2	473	565	475	91.1	94.0	0.0773848764
0x60000000000000000000000000000000000000000000000000000000000000000000000000040000000000000000000000000000000000000000000000000000000000000000000000000000000000000000000000000000000000	3	0	3	473	564	476	92.8	95.0	0.1556816615
0x100000000000000000000000000000000000000000000000000000000000002000000000000000000000000000000000000000000000000000000000000000000000000000000000000000000000000000000000000000	2	0	2	473	565	475	0.0	100.0	2.527e-06
0x100000000400000000000000000000000000000000000000000000000000002000000000000000000000000000000000000000000000000000000000000000000000000000000000000000000000000000000000000000	3	0	3	473	564	476	99.6	100.0	0.273518914
0x60000000100000000400000000000000000000000000000000000000000000000000002000040000000000000000000000000000000000000000000000000000000000000000000000000000000000000000000000000000000000	6	0	6	473	561	479	92.0	87.0	0.1454191817
0x814840804000025409a0212000240008000008510025464000401a000ca80ab00060000002130e40840500c04aa004b02008ac1a5814080019667002000408100a008600310005080825206042220ca000000148c1400068005515146020052c09c8a8000820002002010800a9582c93302400400050404d00504120	842	473	369	0	198	369	84.9	77.0	0.0858256892
0x40000000000000000000000000000000000000000000000000000000000000000000000000000000000000000000000000000000000000000000000000000000000000000000000000000000000000000000000000000000000000000000080000000000000000	2	0	2	473	565	475	100.0	100.0	0.6071980799
0x814840804000025409a0212000240008000008510065464000401a000ca80ab00060000002130e40840500c04aa004b02008ac1a5814080019667002000408100a008600310005080825206042220ca000000148c1400068005515146020052c09c8a8000820002002010800a9582c93302400480050404d00504120	840	473	367	0	200	367	49.0	49.0	0.0212112159
0x814840804000025409a0212000240008000008510065464000401a000ca80ab00060800002130e40840500c04aa004b02008ac1a5814080019667002000408100a008600310005080825206042220ca000000148c1400068005515146020052c09c8a8000820002002010800a9582c93302400480050404d00504120	839	473	366	0	201	366	93.7	66.0	0.1264088819
0x40894865825200025409aca3200024800800700851456566400043bb258cac0ab80060855502534e58840528cc4aa92cb02009ac1a58542a99196670a214842c152a00a604b132858a8c2520674b2a0ca2944d054cc150106a5555151462250d2c09c8a801586600214251082aa9582c93702c444840504d4d32d04162	707	473	234	0	333	234	78.1	24.0	0.0456701601
0x20000000000000000000000000000000000000000000000000000000000000000000000000000000000000000000000000000000000000000000000000000000000000000800000000000000000000000000000000000000000000000000000000000000000000000000000000000000	2	0	2	473	565	475	96.7	100.0	0.0936618755
0x220000000000000000000000000000000000000000000000000000000000000000000000000000000000000000000000000000000000000000000000000000000000000000800000000000000000000000000000000000000000000000000000000000000000000000000000000000000	3	0	3	473	564	476	73.1	68.0	0.0212030843
0x220000000000000000000000000000000000000000000000000000000000000000000000000000000000000000000000000000000000000000000000000000000000000000800000000000000000000000000000000000000000000000000000000000000000000000000000000000400	4	0	4	473	563	477	0.0	37.0	2.7824e-06
0x220000000000000000000000000000000000000000000000000000000000000000000000000000000000000000000000000000000000000000000000000000000000000000800000000000000000000000000000000000000000000000000000000000000000000000000000000001400	5	0	5	473	562	478	87.9	59.0	0.0284042117
0x400000000000000000000000000000000800000000000000000000000000000000000000000000000000000000000000000000000000000000000000000000000000000000000000000000000000000000000000000000000000000000000000000000000000000000000000000000000000000000000000000000000	2	0	2	473	565	475	32.7	40.0	0.0120060927
0x400000000000000000000000220000000800000000000000000000000000000000000000000000000000000000000000000000000000000000000000000000000000000000000000000000000000000000800000000000000000000000000000000000000000000000000000000000000000000000000000000001400	7	0	7	473	560	480	59.6	31.0	0.0062832177
0x400000000000000000000000220000000800000000000000000000000000000000000000000000000000000000000000000000000000000000000000000000000000000000000000000000000000000000800000000000000000000000000000000000000000001000000000000000000000000000000000000001400	8	0	8	473	559	481	87.4	50.0	0.0466691165
0x400000000000000000000000220000000800000000000000000000000000000000000000000000000000000000000000000000000000000000000000000000000000000000000000000000000000000000800000000000000000000000000000000000000000003000000000000000000000000000000000000001400	9	0	9	473	558	482	0.0	32.0	2.6669e-06
0x1000000000000000000000000000000000000000000000000000000000000000000000000000000000000000000000000000000000000000000000000000000000000000000000000000000000000000000000000000000000000000000000000000000004000000000000000000000000000000000000000000000000	2	0	2	473	565	475	82.9	78.0	0.0395852435
0x1200000000000000000000000000000000000000000000000000000000000000000000000000000000000000000000000000000000000000000000000000000000000000000000000000000000000000000000000000000000000000000000000000000004000000000000000000000000000000000000000000000000	3	0	3	473	564	476	83.4	61.0	0.027333253
0x1600000000000000000000000220000000800000000000000000000000000000000000000000000000000000000000000000000000000000000000000000000000000000000000000000000000000000000800000000000000000000000000000000000004000003000000000000000000000000000000000000001400	12	0	12	473	555	485	78.2	46.0	0.0268905349
0x160000000000000000000000022000000080000000000000000000000000000000000000000000000000000000000000000000000000000000000000000000000000000000000000000000000000000000080000000000000000000000000000000000000c000003000000000000000000000000000000000000001400	13	0	13	473	554	486	37.2	67.0	0.0166328958
0x160000000000000000000000022000000080000000000000000000000000004000000000000000000000000000000000000000000000000000000000000000000000000000000000000000000000000000080000000000000000000000000000000000000c000003000000000000000000000000000000000000001400	14	0	14	473	553	487	54.8	39.0	0.0233825071
0x30000000000000000000000000000000000000000000	2	0	2	473	565	475	67.6	62.0	0.0104144227
0x800000000000000000000000000000000000000000000000000000000000000000000000000030000000000000000000000000000000000000000000	3	0	3	473	564	476	96.0	96.0	0.0644892444
0x800000000000000000000000000000000000000000000000000000000000000000000000000030000000000000000000000002000000000000000000	4	0	4	473	563	477	0.0	25.0	2.1977e-06
0x180000000000000000000000000000000000000000000000000000000000000000000000000000000000000000000000000000000000	2	0	2	473	565	475	96.2	97.0	0.0700230709
0x800000000000180000000000000000000000000000000000000000000000000000000000000030000000000000000000000002000000000000000000	6	0	6	473	561	479	0.0	43.0	0.0031727038
0x80000000000000020000000000000000000000000000000000000000000000000000000000000000000000000000000000000000000000000000000000000000000000000000000000000000000000000000000000000000000000000000000000000000000000000000000000000000000	2	0	2	473	565	475	85.1	99.0	0.0397494589
0x80000000000000020000000000000000000000000000000000000000000000000000000000000000000000000000000000000000000800000000000180000000000000000000000000000000000000000000000000000000000000030000000000000000000000002000000000000000000	8	0	8	473	559	481	98.4	100.0	0.1457135994
0x280000000000000000000000000000000000000000000000000	2	0	2	473	565	475	98.1	100.0	0.135063632
0x80000000000000020000000000000000000000000000000000000000000000000000000000000000000000000000000000000000000800000000000180000000000000000000000000000000000000000000000000000000280000030000000000000000000000002000000000000000000	10	0	10	473	557	483	47.0	44.0	0.0303383375
0x20000000000000000000000000000000000000000000000000000000000000000000000000000000000000000000000000000000000000000000000000000000000000000040000000000000000000000000000000000000000000000000	2	0	2	473	565	475	91.3	68.0	0.0811898061
0x800000000000000200000000000000000000000200000000000000000000000000000000000000000000000000000000000000000008000000000001800000000000000000000000000000000000000000000000000000002c0000030000000000000000000000002000000000000000000	12	0	12	473	555	485	92.0	47.0	0.0732514039
0x100000000000000000000000000000000000000000000000000000000000000000000000000002000000000000000000000000000000000000000000000000000000000000000000000000000000000000000000000000000000000000000000000000000000000000000000000000000000000000000000000000	2	0	2	473	565	475			1e-06
0x100000000000000000000100000000000000000000000000000000000000000000000000000002000000000000000000000000000000000000000000000000000000000000000000000000000000000000000000000000000000000000000000000000000000000000000000000000000000000000000000000000	3	0	3	473	564	476	63.1	100.0	0.0072496538
0x100000000000000000000100000000000000000000000000000000000000000000000000000002000002000000000000000000000000000000000000000000000000000000000000000000000000000000000000000000000000000000000000000000000000000000000000000000000000000000000000000000	4	0	4	473	563	477	98.4	100.0	0.1534909927
0x1000000000000000000000000000000000000000000000000008000000000000000000000000000000000000000000000000000000000000000000000000000000000000000000000000000000000000000000000000000000000000000000000000000000000000000000000000000000	2	0	2	473	565	475	52.8	19.0	0.0126531545
0x4000000000000000000002000000000000000000000000000000000000000000000000000000000000000000000000000000000000000000000000000000000000000000000000000000000000000000000000000000000000000000000000000000000000000000000000000000000000000000	2	0	2	473	565	475	74.3	49.0	0.0137075109
0x4000000000000000000002000000000000000000000000000000000020000000000000000000000000000000000000000000000000000000000000000000000000000000000000000000000000000000000000000000000000000000000000000000000000000000000000000000000000000000	3	0	3	473	564	476	78.2	40.0	0.0158369066
0x4000001000000000000002000000000000000000000000000000000028000000000000000000000000000000000000000000000000000000000000000000000000000000000000000000000000000000000000000000000000000000000000000000000000000000000000000000000000000000	5	0	5	473	562	478	76.8	64.0	0.0228957294
0x10000000000000000000000000000000000000000000000000000000080000000000000000000000000000000000000000000000000000000000000000000000000000000000000000000000000000000000000000000000000000000000000000000000000000000000000000000000000000000	2	0	2	473	565	475	51.4	48.0	0.0129764246
0x140000010000000000000020000000000000000000000000000000000a8000000000000000000000000000000000000000000000000000000000000000000000000000000000000000000000000000000000000000000000000000000000000000000000000000000000000000000000000000000	7	0	7	473	560	480	70.4	75.0	0.028248283
0x1000000000000140000011000000000000020000000000000000000000000000000000a8000002000002000000000000000000000000000000000000000000000000000000000000000000000000000000000000000000000000000000000000000000000000000000000000000000000000000000000000000000	11	0	11	473	556	484	88.3	90.0	0.0638145917
0x10000010000000000000000000000000000000000000000000000000000000000000000000000000000000000000000000000000000000000000000000000000000000000000000000000000000000000000000000000000000000000000000000000000000000000000000000000000000000000000000000000000000	2	0	2	473	565	475	77.6	95.0	0.0372221986
0x100001100000000000140000011000000000000020000000000000000000000000000000000a8000002000002000000000000000000000000000000000000000000000000000000000000000000000000000000000000000000000000000000000000000000000000000000000000000000000000000000000000000000	13	0	13	473	554	486	99.0	97.0	0.1518100234
0x100001100000000000140000811000000000000220000000000000000000000200000000000a80000020000020000000000000000000000000000000000000000008000000000001800000000000000000000000000000000000000000000000000000002c0000030000000000000000000000002000000000000000000	25	0	25	473	542	498	37.9	22.0	0.0189850516
0x1000000000000000100000000000000000000000000000000000000000000000000000000000000000000000000000000000000000000000000000000000000000000000000000000000000000000000000000	2	0	2	473	565	475	92.7	88.0	0.0267055998
0x2000000000000000800000000000000000000000000000000000000000000000000000000000000000000000000000000000000000000000000000000000000000000000000000000000000000000000000000	2	0	2	473	565	475	0.0	68.0	2.6322e-06
0x3000000000000000900000000000000000000000000000000000000000000000000000000000000000000000000000000000000000000000000000000000000000000000000000000000000000000000000000	4	0	4	473	563	477	95.5	98.0	0.0767216562
0x100001100000000000140000811000000000000220000000000000000000000200000000000a80000020030020000000000009000000000000000000000000000008000000000001800000000000000000000000000000000000000000000000000000002c0000030000000000000000000000002000000000000000000	29	0	29	473	538	502	85.5	34.0	0.0622663937
0x116001100000000000140000813200000008000220000000000000000000000600000000000a80000020030020000000000009000000000000000000000000000008000000000001800000000000000000008000000000000000000000000000000000002cc000033000000000000000000000002000000000000001400	43	0	43	473	524	516	91.2	66.0	0.105933241
0x2000000000000000000000000000000000000000000000000000000000000000000000000000000000000000000000000000000000000000000000000000000000000000000000000000000000000000000000000000000000020000000000000000000000000000000000000000	2	0	2	473	565	475			0.0
0x3000000000000000000000000000000000000000000000000000000000000000000000000000000000000000000000000000000000000000000000000000000000000000000000000000000000000000000000000000000000020000000000000000000000000000000000000000	3	0	3	473	564	476			1e-06
0x3000000000000000000000000000000000000000000000000000000000000000000000000000000000000000000000000000000000000000000000000000000000000000000000000000000000000000000000000000000000060000000000000000000000000000000000000000	4	0	4	473	563	477	98.3	100.0	0.1908130092
0x30000000000000000000000000000000000000000000000000000000000000000000000000000000000000000000000000000000000000000000000000000000000000000000000000000000000000000000000000000000000e0000000000000000000000000000000000000000	5	0	5	473	562	478	97.0	100.0	0.2511778473
0x200000000000000000000000000000000000000000000000000000000000000000000000000000000000000000000000000000000100000000000000000000000000000000000000000000000000000000000000000000000000000000000000000000000000000000000000000	2	0	2	473	565	475	99.2	100.0	0.3110207052
0xc00000000000000000000000000000000000000000000000000000000000000000000000000000000000000000000000000000000000000000	2	0	2	473	565	475	96.4	95.0	0.3043512259
0xe00000000000000000000000000000000000000000000000000000000000000000000000000000000000000000000000000000000000000000	3	0	3	473	564	476	49.9	26.0	0.0977302826
0x180000000000000000000000000000000000000000000000000000000000000000000000000000000000000000000000000000000000000000000000000000000000000000000000000000000000000000000000000000000000000000000000000000000000000000000000000	2	0	2	473	565	475	92.8	29.0	0.1105375891
0x180000000000000000000000000000000000000000000000000000000000000000000000000000000000000000000000000000000e00000000000000000000000000000000000000000000000000000000000000000000000000000000000000000000000000000000000000000	5	0	5	473	562	478	98.1	96.0	0.1855203797
0x180000000000000000000000000000000000000400000000000000000000000000000000000000000000000000000000000000000e00000000000000000000000000000000000000000000000000000000000000000000000000000000000000000000000000000000000000000	6	0	6	473	561	479	74.6	59.0	0.0162265703
0x1a0000000000000000000000000000000000000400000000000000000000000000000000000000000000000000000000000000000e00000000000000000000000000000000000000000000000000000000000000000000000000000000000000000000000000000000000000000	7	0	7	473	560	480	99.8	99.0	0.347789794
0x3a0000000000000000000000000000000000000400000000000000000000000000000000000000000000000000000000000000000f00000000000000000000000000000000000000000000000000000000000000000000000000000000000000000000000000000000000000000	9	0	9	473	558	482	86.8	81.0	0.1154772853
0x33a0000000000000000000000000000000000000400000000000000000000000000000000000000000000000000000000000000000f000000000000000000000000000000000000000000000000000000000000000000000000e0000000000000000000000000000000000000000	14	0	14	473	553	487	91.2	91.0	0.1387544192
0x116001100000000000140000813200033a08000220000000000000000000000600000004000a8000002003002000000000000900000000000000000000000000000800000f000001800000000000000000008000000000000000000000000000000000002cc0000330e0000000000000000000002000000000000001400	983	473	510	0	57	510	42.8	20.0	0.033437022
0x280000000000000000000000000000000000000000000000000000000000000000000000000000000000	2	0	2	473	565	475	95.2	98.0	0.131554391
0x400000000000000000000000000000000000000000000000000000000000000000000000000000000000000000000000000000000000000000000000000000000000000000000000000000000280000000000000000000000000000000000000000000000000000000000000000000000000000000000	3	0	3	473	564	476	75.5	80.0	0.0601650941
0x400000000000000000000000000000000000000000000000000000000000000000000000000000000000000000000000000000000000000000000000000000000000000000000000000000000280000000000000000000000000000000000000000000000400000000000000000000000000000000000	4	0	4	473	563	477	91.0	94.0	0.1422807072
0x400000000000000000000000000000000000000000000000000000000000000000000000000000000000000000000000000000000000000000000000000000000000000000000000000000000280000000000000000000000000100000000000000000000400000000000000000000000000000000000	5	0	5	473	562	478	79.7	35.0	0.0729843292
0x116001100000004000140000813200033a08000220000000000000000000000600000004000a8000002003002000000000000900000000000000000000000000000800000f000001800000000000000000008002800000000000000000000000001000002cc0000330e0000400000000000000002000000000000001400	978	473	505	0	62	505	0.0	11.0	2.552e-06
0x200000000000000000000000000000000000008000000000000000000000000000	2	0	2	473	565	475	36.7	49.0	0.0492040921
0x200000000000000000000000000000000000008000000000000000000000040000	3	0	3	473	564	476	82.7	76.0	0.060034589
0x100000000000000000000000000000000000000000000000000000000000002000000000000	2	0	2	473	565	475	85.4	91.0	0.1022619121
0x100000000000000000000000000000000000008000000000000000000000002000000000000	3	0	3	473	564	476	83.4	79.0	0.1272397442
0x100000000000000000000000000000000000000000000000000000000000000000000000000000000000020000000000000000000000000000000000000000000000000000000000000000000000000000000000000000000000000000000000000000000000000000000000	2	0	2	473	565	475	87.3	94.0	0.1400730769
0x40000000000000000000000000000000000000000000000000000000000000000000000000040000000000000000000000000000000000000000000000000000000000000000000000000000000000000000000000000000000000000000000000000000000000000000000	2	0	2	473	565	475	94.8	100.0	0.1054260365
0x140000000000000000000000000000000000000000000000000000000000000000000000000040000000020000000000000000000000000000000000000000000000000000000000000000000000000000000000000000000000000000000000000000000000000000000000	4	0	4	473	563	477	46.8	45.0	0.0277801997
0x140000000000000000000000000000000000000000000000000000000000000000000000000040000000020000000000000000000000000000000000000000000000000000000100000000000000000000000000000000000008000000000000000000000002000000000000	7	0	7	473	560	480	94.4	90.0	0.149216
0x140000000000000000000000000000000000000000000000000000000000000000000000000040000000020000000000000000000000000000000000000000000000000000000100000000200000000000000000000000000008000000008000000000000002000000040000	10	0	10	473	557	483	80.9	76.0	0.0575039216
0x400000000000000000000000000000000000000000000000000000000000000000000000000000000000000000000000000000000000000000000000000000000000000000000000000000000000400000000000000000000000000000000000000000000000000000000000000000000000000	2	0	2	473	565	475	38.1	59.0	0.0714334835
0x400000000000000140000000000000000000000000000000000000000000000000000000000000000000000000040000000020000000000000000000000000000000000000000000000000000000500000000200000000000000000000000000008000000008000000000000002000000040000	12	0	12	473	555	485	90.5	90.0	0.1684949851
0x400000000000000140000000000000000000000000000000000000000000000000000000000000000000000000040000000020000100000000000000000000000000000000000000000000000000500000000200000000000000000000000000008000000008000000000000002000000040000	13	0	13	473	554	486	62.5	63.0	0.0953053852
0x400000000000000140000000000000000000000000000000000000000000000000000000000000000000000000040000000020000100000000000000000000000000000000000000000000000000500000000200000000000000000000000000008008000008000000000000002000000040000	14	0	14	473	553	487	86.4	72.0	0.1046661546
0x40000000000000000000000000000000000000100000000000000000000000000000000000000000000000000000000000000000000000000000000000000000000000000000000000000000000000000000000000000000000000000000000000000000000000000000000000	2	0	2	473	565	475	98.2	100.0	0.7959775213
0x40000000000000000000000000000080000000100000000000000000000000000000000000000000000000000000000000000000000000000000000000000000000000000000000000000000000000000000000000000000000000000000000000000000000000000000000000	3	0	3	473	564	476	92.9	99.0	0.6557526945
0x20000000000000000000000000000000000000000040000000000000000000000000000080000000100000000000000000000000000000000000000000000000000000000000000000000000000000000000000000000000000000000000000000000000000000000000000000000000000000000000000000000000000000000000	4	0	4	473	563	477	85.2	93.0	0.2225513547
0x20020000000000000000000000000000000000000000000000000000000000000000000000000000000000000000000000000000000000000000000000000000000000000000000000000000000000000000000000000000000000000000000000000000000000000000000000000000000000000000000000000000000000	2	0	2	473	565	475	91.5	97.0	0.1268934157
0x202000000000000000000000000000000000000000000000000000000000000000000000000000000000000000000000000000000000000000000000000000000000000000000000000000000000000000000000000000000000000000000000000000000000000000000000000000000000000000000000000000000000000	2	0	2	473	565	475	30.8	58.0	0.0114352774
0x200202000000000000000000000000000000000000000000000000000000000000000000000000000000000000000000000000000000000000000000000000000000000000000000000000000000000000000000000000000000000000000000000000000000000000000000000000000000000000000000000000000000000000	3	0	3	473	564	476	74.3	63.0	0.0436303589
0x200222020000000000000000000000000000000000000000000000000000000000000000000000000000000000000000000000000000000000000000000000000000000000000000000000000000000000000000000000000000000000000000000000000000000000000000000000000000000000000000000000000000000000	5	0	5	473	562	478	75.9	67.0	0.0418590905
0x10010000000000000000000000000000000000000000000000000000000000000000000000000000000000000000000000000000000000000000000000000000000000000000000000000000000000000000000000000000000000000000000000000000000000000000000000000000000000000000000000000000000000000	2	0	2	473	565	475	82.3	74.0	0.0480351407
0x210232020000000000000000000000000000000000000000000000000000000000000000000000000000000000000000000000000000000000000000000000000000000000000000000000000000000000000000000000000000000000000000000000000000000000000000000000000000000000000000000000000000000000	7	0	7	473	560	480	0.0	56.0	2.4415e-06
0x210232820000000000000000000000000000000000000000000000000000000000000000000000000000000000000000000000000000000000000000000000000000000000000000000000000000000000000000000000000000000000000000000000000000000000000000000000000000000000000000000000000000000000	8	0	8	473	559	481	88.8	85.0	0.1317462642
0x4080000000000000000000000000000000000000000000000000000000000000000000000000000000000000000000000000000000000000000000000000000000000000000000000000000000000000000000000000000000000000000000000000000000000000000000000000000000000000000000000000000000000000000	2	0	2	473	565	475	100.0	100.0	0.6262545959
0x4080004000000000000000000000000000000000000000000000000000000000000000000000000000000000000000000000000000000000000000000000000000000000000000000000000000000000000000000000000000000000000000000000000000000000000000000000000000000000000000000000000000000000000	3	0	3	473	564	476	71.1	65.0	0.1066749159
0x4290236820000000000000000000000000000000000000000000000000000000000000000000000000000000000000000000000000000000000000000000000000000000000000000000000000000000000000000000000000000000000000000000000000000000000000000000000000000000000000000000000000000000000	11	0	11	473	556	484	90.3	79.0	0.1783953229
0x7bd6fdc97dffffffffffffffffffffffffffffffffffffffffffffffffffffffffffffffffffffffffffffffffffffffffffffffffffffffffffffffffffffffffffffffffffffffffffffffffffffffffffffffffffffffffffffffffffffffffffffffffffffffffffffffffffffffffffffffffffffffffffffffffffffffffff	12	0	12	473	555	485	88.1	87.0	0.1452194933
0x5bd6fdc97dffffffffffffffffffffffffffffffffbfffffffffffffffffffffffffffff7fffffffefffffffffffffffffffffffffffffffffffffffffffffffffffffffffffffffffffffffffffffffffffffffffffffffffffffffffffffffffffffffffffffffffffffffffffffffffffffffffffffffffffffffffffffffffff	16	0	16	473	551	489	79.2	64.0	0.0696200592
0x2080000000000000000000000000000000000000000000000000000000000000000000000000000000000000000000000000000000000000000000000000000000000000000000000000000000000000000000000000000000000000000000000000000000000000000000000000000000000000000000000000000000000000	2	0	2	473	565	475	74.4	87.0	0.0239227654
0x2080100000000000000000000000000000000000000000000000000000000000000000000000000000000000000000000000000000000000000000000000000000000000000000000000000000000000000000000000000000000000000000000000000000000000000000000000000000000000000000000000000000000000	3	0	3	473	564	476	97.2	99.0	0.1579081742
0x5bd6dd496dffffffffffffffffffffffffffffffffbfffffffffffffffffffffffffffff7fffffffefffffffffffffffffffffffffffffffffffffffffffffffffffffffffffffffffffffffffffffffffffffffffffffffffffffffffffffffffffffffffffffffffffffffffffffffffffffffffffffffffffffffffffffffffff	19	0	19	473	548	492	87.8	79.0	0.1448663496
0x5bd6dd496dfffffffffffffffffffbffffffffffffbfebffffffffffffffffffffffffff7fffffffefffffffffffffffffffffffffffffffffffffffbffffffffdffffeffffffffffffffffffffffffffffffffffffffffffffffffffaffffffffdffffffffffffffffffffffffffff7ff7fffff7ffffffffffffffdfffffffbffff	33	0	33	473	534	506	98.8	86.0	0.2757921689
0x5bd6dd496ce9ffeefffffffbfffebbfff7ecdfffcc1f6bffddffffffffffffffffffffff1fffffffafff57fffffdffcffdffffffffffff6fffffffffbffffffffdffffefffff7fffff0fffffe7fffffffffffffffffff7ffd7fffffffaffffffffdffffffffefffffd33ffffccf1fff7bf7fffff7ffffffffdfffffdfffffffbebff	945	473	472	0	95	472	84.4	19.0	0.0545543662
0x1800000000000000000000000000000000000000000000000000000000000000000000000000000000000000000000000000000000000000000000000000000000000000000000000000000000000000000000000000000000000000000000000000000000000000000000000000000000000000000000000000000000000000	2	0	2	473	565	475	99.1	100.0	0.6215765995
0x1800000000000000000000000000000000000000000000000000000000000000000000000000000000000000000000000000000000000000000000000000000000000000000000000000000000000000000000000000000000000000000000000000000040000000000000000000000000000000000000000000000000000000	3	0	3	473	564	476	68.2	74.0	0.1765510457
0x200000040000000000000000000000000000000000000000000000000000000000000000000000000000000000000000000	2	0	2	473	565	475	89.0	95.0	0.2595141999
0x200000060000000000000000000000000000000000000000000000000000000000000000000000000000000000000000000	3	0	3	473	564	476	93.0	87.0	0.3291086011
0x1800000000000000000000000000000000000000000000000000000000000000000000000000000000000000000000000000000000000000000000000000000000000000000000000000000000000200000060000000000000000000000000000000000040000000000000000000000000000000000000000000000000000000	6	0	6	473	561	479	34.2	25.0	0.075591762
0x1800000000000000000000000000000000000000000000000000000000000000000000000000000000000000000000000000000000000000000100000000000000000000000000000000000000000200000060000000000000000000000000000000000040000000000000000000000000000000000000000000000000000000	7	0	7	473	560	480	87.5	30.0	0.1568520108
0x5000000000000000000000000000000000000000000000000000000000000000000000000000000000000000000000000000000000000000000000000000000000000000000000000000000000000000000000000000000000000000000000000000000000000000000000000000000000000000000000	2	0	2	473	565	475	99.5	100.0	0.1649739425
0x5000000000000000000000000000000000000000000000000000000000000000000000000000000000000000000000000000000000000000000000000000000000000000001000000000000000000000000000000000000000000000000000000000000000000000000000000000000000000000000000	3	0	3	473	564	476	63.5	47.0	0.0150297796
0x5000000000000000000000000000000000000000000000000000000000000000000000000000000000000000000000000000000000000000000000000000000000000000001000000000000000000000000000000000000000200000000000000000000000000000000000000000000000000000000000	4	0	4	473	563	477	94.4	97.0	0.1455259225
0x1800000000000000005000000000000000000000000000000000000000000000000000000000000000000000000000000000000000000000000100000000000000000000000000000000000000001200000060000000000000000000000000000000200040000000000000000000000000000000000000000000000000000000	11	0	11	473	556	484	80.7	21.0	0.0688421165
0x5bd6c5496ce9ffeeffffffabfffebbfff7ecdfffcc1f6bffddffffffffffffffffffffff1fffffffafff57fffffdffcffdffffffffffff6ffffffffebffffffffdffffefffff7fffff0fffffe7ffffffedffffff9ffff7ffd7fffffffaffffffffdfffffdffebffffd33ffffccf1fff7bf7fffff7ffffffffdfffffdfffffffbebff	934	473	461	0	106	461	90.2	25.0	0.1028529403
0x14000000000000000000000000000000000000000000000000000000000000000000000000000000000000000000000000000000000000000000000000000000000000000000000000000000	2	0	2	473	565	475	94.1	100.0	0.1315915105
0x114000000000000000000000000000000000000000000000000000000000000000000000000000000000000000000000000000000000000000000000000000000000000000000000000000000	3	0	3	473	564	476	97.3	98.0	0.1909980645
0x8000000000000000000000000000000000000000000000000000000000000000000000000000000000114000000000000000000000000000000000000000000000000000000000000000000000000000000000000000000000000000000000000000000000000000000000000000000000000000000	4	0	4	473	563	477	55.1	63.0	0.0742461959
0x88000000000000000000000000000000000000000000000000000000000000000000000000000000000000000000000000000000000000000000000000000000000000000000000000000000	2	0	2	473	565	475	87.0	94.0	0.1014862924
0x800000000000000000000000000000000000000000000000000000000000000000000000000000000019c000000000000000000000000000000000000000000000000000000000000000000000000000000000000000000000000000000000000000000000000000000000000000000000000000000	6	0	6	473	561	479	99.7	99.0	0.2858384747
0x5bd6c5496ce9ffeeffffffabf7febbfff7ecdfffcc1f6bffddffffffffffffffffffffff1fffffffafff57fffffdffcffdfffffffffe636ffffffffebffffffffdffffefffff7fffff0fffffe7ffffffedffffff9ffff7ffd7fffffffaffffffffdfffffdffebffffd33ffffccf1fff7bf7fffff7ffffffffdfffffdfffffffbebff	928	473	455	0	112	455	93.1	25.0	0.1444253222
0x5bd6c5496ca976a69a7dadabf5aab25354ccdfdb4c176b8fd5aeba9a99bfffbc44da73531547ff9f2aaa55acb1a57bcad533b556d34e436653e5a7aa9566e6998d5deb6bd3ea55ff590b4ecd627573dacd98b4d5935d63b2d2b33eafea95aaaaeacb9ddad2d2b6375532a799ccd0bda6b75556a7536c8fd3b9b7bfadb2b2cd2baa9d	595	473	122	0	445	122	0.0	13.0	2.0871e-06
0x80000000000000000000000000000000000000000008	2	0	2	473	565	475	55.3	57.0	0.0291429014
0x400000000000000000000000000000000000000000000000000000000000000000000000000000000000000000000000000000000000000000000000000000000000000000080000000000000000000000000000000000000000008	3	0	3	473	564	476	100.0	99.0	0.3953771622
0x2000000000000000000000000000000000000000000000000000000000000000000000000000000000000000000002000000000000000000000000000000000000000000000000000000000000000000000000000000000000000000000000000000000	2	0	2	473	565	475			2.5363e-06
0x2000000000000000000000000000000004000000000000000000000000000000000000000000000000000000000002000000000000000000000000000000000000000000000000000000000000000000000000000000000000000000000000000000000	3	0	3	473	564	476	78.9	100.0	0.0136408532
0x900000000000000000000000000000000000000000000000000000000000000000000000000000000000000000000000000000000000000000000000000000000000000000000000000000000000000000000000000000000000000000000000000000000	2	0	2	473	565	475	0.0	98.0	2.3475e-06
0x980000000000000000000000000000000000000000000000000000000000000000000000000000000000000000000000000000000000000000000000000000000000000000000000000000000000000000000000000000000000000000000000000000000	3	0	3	473	564	476	78.2	73.0	0.0132633163
0x982000000000000000000000000000000004000000000000000000000000000000000000000000000000000000000002000000000000000000000000000000000000000000000000000000000000000000000000000000000000000000000000000000000	6	0	6	473	561	479	79.8	79.0	0.0224878705
0x986000000000000000000000000000000004000000000000000000000000000000000000000000000000000000000002000000000000000000000000000000000000000000000000000000000000000000000000000000000000000000000000000000000	7	0	7	473	560	480	58.2	63.0	0.0280415536
0x986000000000000000400000000000000004000000000000000000000000000000000000000000000000000000000002000000000000000000000000000000000000000000000000000000000000080000000000000000000000000000000000000000008	10	0	10	473	557	483	21.4	53.0	0.0425963586
0x800000000000000000000000000000008000000000000000000000000000000000000000000000000000000000000000000000000000000000000000000000000000000000000000000000000000000000000000000000000000000000000000000000	2	0	2	473	565	475	96.8	100.0	0.1019822059
0x8800000000000000000000000000000008000000000000000000000000000000000000000000000000000000000000000000000000000000000000000000000000000000000000000000000000000000000000000000000000000000000000000000000	3	0	3	473	564	476	94.9	90.0	0.0664264773
0x208800000000000000000000000000000008000000000000000000000000000000000000000000000000000000000000000000000000000000000000000000000000000000000000000000000000000000000000000000000000000000000000000000000	4	0	4	473	563	477	0.0	56.0	2.0552e-06
0x2208800000000000000000000000000000008000000000000000000000000000000000000000000000000000000000000000000000000000000000000000000000000000000000000000000000000000000000000000000000000000000000000000000000	5	0	5	473	562	478	70.1	86.0	0.0291596822
0x2228800000000000000000000000000000008000000000000000000000000000000000000000000000000000000000000000000000000000000000000000000000000000000000000000000000000000000000000000000000000000000000000000000000	6	0	6	473	561	479	100.0	100.0	0.5133128113
0x2bae80000000000000040000000000000000c000000000000000000000000000000000000000000000000000000000002000000000000000000000000000000000000000000000000000000000000080000000000000000000000000000000000000000008	16	0	16	473	551	489	85.4	69.0	0.0728620709
0x2bae80000000000000040000000000000010c000000000000000000000000000000000000000000000000000000000002000000000000000000000000000000000000000000000000000000000000080000000000000000000000000000000000000000008	17	0	17	473	550	490	73.6	36.0	0.0324224931
0x2000000000000000000000000000000000000000000000000000000000000000000000000000000000000000000000000000000000000000000000000000000000000000000000000000000000000200000000000000000000000000	2	0	2	473	565	475	85.4	82.0	0.3107296502
0x100000000000002000000000000000000000000000000000000000000000000000000000000000000000000000000000000000000000000000000000000000000000000000000000000000000000000000000000000200000000000000000000000000	3	0	3	473	564	476	45.7	23.0	0.0381833466
0x2bae90000000000000240000000000000010c000000000000000000000000000000000000000000000000000000000002000000000000000000000000000000000000000000000000000000000000080000000000000000200000000000000000000000008	20	0	20	473	547	493	84.6	36.0	0.0473391341
0x8000000000000000000000000000000000000000000000000000000000000000000000000000000000000000000000000000000000800000000000	2	0	2	473	565	475			1e-06
0x8000000000000020000000000000000000000000000000000000000000000000000000000000000000000000000000000000000000800000000000	3	0	3	473	564	476	44.9	98.0	0.0133772837
0x40000000000000000000000000000000000000000000000000000000000000000000000000000000000000000000000000000000000000000000000000008000000000000000000000	2	0	2	473	565	475	91.6	95.0	0.0133522286
0x2000000000000000000000000000000000000000000000000000000000000000000000000000000000000040000000000000000000000000000000000000000000000000000000000000000000000000000000000000000000000000000000000000000000000000008000000000000000000000	3	0	3	473	564	476	0.0	41.0	2.6864e-06
0x2000000000000000000000000000000000000000000000000000000000000000000000000000000000000040000000000000000000000000008000000000000020000000000000000000000000000000000000000000000000000000000000000000000000000000008000000000800000000000	6	0	6	473	561	479	74.3	39.0	0.0143592444
0x80000000000000000000000000000000000000000000000000000000000000000000000000000000000000000000000000000000000000000000000000040000000000000000000000	2	0	2	473	565	475			0.0
0x20000000000000000000000000000000000000080000000000000000000000000000000000000000000000000000000000000000000000000000000000000000000000000000000000000000000000000040000000000000000000000	3	0	3	473	564	476			0.0
0x20000000000000000000000000000000000000080000000000000000000000000002000000000000000000000000000000000000000000000000000000000000000000000000000000000000000000000040000000000000000000000	4	0	4	473	563	477			2.2326e-06
0x20000000000000000000000000000000000000080000000000000000000000000002800000000000000000000000000000000000000000000000000000000000000000000000000000000000000000000040000000000000000000000	5	0	5	473	562	478	68.6	100.0	0.0125183383
0x20000000000000000000000000000000000000000000000200000000000000000000000000000000000000c000000000000000000000000000a800000000000020000000000000000000000000000000000000000000000000000000000000000000000000000000048000000000800000000000	11	0	11	473	556	484	100.0	100.0	0.387036928
0x20000000000000000000000000000000000000000000000200000000000000000000000000000000000000c000000000800000000000000000a800000000000020000000000000000000000000000000000000000000000000000000000000000000000000000000048000000000800000000000	12	0	12	473	555	485	77.4	44.0	0.0638892157
0x20000000000000000000000020000000000000000000000200000000000000000000000000000000000000c000000000800000000000000000a800000000000020000000000000000000000000000000000000000000000000000000000000000000000000000000048000000000800000000000	13	0	13	473	554	486	16.5	45.0	0.0587293046
0x20000000000000000000000020000000000000000000000200000000000000000000000000000002000000c000000000800000000000000000a800000000000020000000000000000000000000000000000000000000000000000000000000000000000000000000048000000000800000000000	14	0	14	473	553	487	100.0	100.0	0.4331236058
0x20000000000000000000000020000000000000000000000201000000000000000000000000000002000000c000000000800000000000000000a800000000000020000000000000000000000000000000000000000000000000000000000000000000000000000000048000000000800000000000	15	0	15	473	552	488	69.8	50.0	0.0215214591
0x20000000000000000000000020000000000000000000000241000000000000000000000000000002000000c000000000800000000000000000a800000000000020000000000000000000000000000000000000000000000000000000000000000000000000000000048000000000800000000000	16	0	16	473	551	489	80.2	62.0	0.0498884926
0x20000000000000000002000020000000000000000000000241000000000000000000000000000002000000c000000000800000000000000000a800000000000020000000000000000000000000000000000000000000000000000000000000000000000000000000048000000000800000000000	17	0	17	473	550	490	95.1	71.0	0.0836335802
0x2000000000000000000200002000002bae90000000000002650000000000000010c0000000000002000000c000000000800000000000000000a800000000002020000000000000000000000000000000000000000000000000000000000080000000000000000200048000000000800000000008	37	0	37	473	530	510	69.2	43.0	0.0170132615
0x2000000000000001000200002000002bae90000000000002650000000000000010c0000000000002000000c000000000800000000000000000a800000000002020000000000000000000000000000000000000000000000000000000000080000000000000000200048000000000800000000008	38	0	38	473	529	511	99.6	97.0	0.2216185183
0x10000002000000000000001000200002000002bae90000000000002650000000000000010c0000000000002000000c000000000800000000000000000a800000000002020000000000000000000000000000000000000000000000000000000000080000000000000000200048000000000800000000008	39	0	39	473	528	512	39.6	46.0	0.0288335317
0x10000002000000000000001000200002000002bae90000010000002650000000000000010c0000000000002000000c000000000800000000000000000a800000000002020000000000000000000000000000000000000000000000000000000000080000000000000000200048000000000800000000008	40	0	40	473	527	513	36.3	47.0	0.0315160234
0x10000002000000000000001000200002000002bae90000010000002650000000000000010c0000000000002000000c000000000800000000000000000a800000000002021000000000000000000000000000000000000000000000000000000000080000000000000000200048000000000800000000008	41	0	41	473	526	514	90.1	84.0	0.0800961786
0x2000000000000000000000000000000000000000000000000000000000000000000000000000000000000000000000000000000000000000000000000000000000000000080000000000000000000	2	0	2	473	565	475	83.3	80.0	0.0428662215
0x200000000002000000000000000000000000000000000000000000000000000000000000000000000000000000000000000000000000000000000000000000000000000000000000000080000000000000000000	3	0	3	473	564	476	99.0	100.0	0.1990226788
0x10000002000000000000001000200002000002bae90000010000002650000000000000030c0000000020002000000c000000000800000000000000000a800000000002021000000000000000000000000000000000000000000000000000000000080000000000000000200048080000000800000000008	44	0	44	473	523	517	84.5	77.0	0.0555497539
0x10000002000000000000001000200002000002bae90000010000002650000000000000030c0000000020002000000c000000000800000000000000000a800000400002021000000000000000000000000000000000000000000000000000000000080000000000000000200048080000000800000000008	45	0	45	473	522	518	97.3	99.0	0.2444312244
0x800000000000000000000000400000000000000000000000000000000000000	2	0	2	473	565	475			2.6849e-06
0x800000000000000000000002400000000000000000000000000000000000000	3	0	3	473	564	476	83.5	89.0	0.0141732728
0x800000000000000000000002400000000000020000000000000000000000000	4	0	4	473	563	477	94.3	96.0	0.044345859
0x800000000000000000000002400000000000020000000000000000000020000	5	0	5	473	562	478	97.8	100.0	0.2333406919
0x90000000000000000000000000000000000000000000000000000000000000000000000000000000000000000000000000000000000000000000000000000000000000000000000000000000000000000000000000000000000000000000000000000000000000000000000000000000000000000000	2	0	2	473	565	475	96.2	91.0	0.0531876009
0xd0000000000000000000000000000000000000000000000000000000000000000000000000000000000000000000000000000000000000000000000000000000000000000000000000000000000000000000000000000000000000000000000000000000000000000000000000000000000000000000	3	0	3	473	564	476	79.0	76.0	0.0412322508
0xd0000000000000000000000000000000000000000000000000000000000000000000000000000000000000000000000000000000000000000000000000000000000000000000000080000000000000000000000000000000000000000000000000000000000000000000000000000000000000000000	4	0	4	473	563	477	92.0	77.0	0.0398605769
0xd0000000000000000000000000000000000000000000000000000000000000000000000000000000000000000000000000000000000000000000000000000000000000100000000080000000000000000000000000000000000000000000000000000000000000000000000000000000000000000000	5	0	5	473	562	478	100.0	100.0	0.4111610685
0xd0000000000000000000000000000000000000000000000000000000000000000000000000000000000000000000000000000000000000000000000000000000000000100000000080000000000000000000000020000000000000000000000000000000000000000000000000000000000000000000	6	0	6	473	561	479	74.8	31.0	0.0598414259
0x40000d0000000000000000000000000000000000000000000000000000000000000000000000000000000000000000000000000000000000000000000000000000000000000100000000080000000000000000000000020000000000000000000000000000000000000000000000000000000000000000000	7	0	7	473	560	480	84.4	29.0	0.0340223703
0x40000d0000000000000000000000000000000000000000000000000000000000000000000000000000000000000000000000000000000000000000000000000000000000000100000000080000000000000000000000020000000000000000000000000000000020000000000000000000000000000000000	8	0	8	473	559	481	91.4	30.0	0.0285345659
0x40000d0000000000000000000000000000000000000000000000000000000000000000000000000000000000000000000000000000000000000000000000000000000000000100000000080000080000000000000000020000000000000000000000000000000020000000000000000000000000000000000	9	0	9	473	558	482	77.0	20.0	0.0145139303
0x40000d0000000000000000000000000000000000000000000000000000000000000000000000000000000000000000000000000000000000000010000000000000000000000100000000080000080000000000000000020000000000000000000000000000000020000000000000000000000000000000000	10	0	10	473	557	483	79.9	16.0	0.0144683217
0x140000d0000000000000000000000000000000000000000000000000000000000000000000000000000000000000000000000000000000000000010000000000000000000000100000000080000080000000000000000020000000000000000000000000000000020000000000000000000000000000000000	11	0	11	473	556	484	0.0	13.0	0.0050504301
0x140000d0000000000000000000000000000000000000000000000000000000000000000000000000000000000000000000000000000000000000010000000000000000000000100000000080000080000000000000000020000000000000000000000000000000020000020000000000000000000000000000	12	0	12	473	555	485	96.9	86.0	0.1987983408
0x20000000000000000000000000000000000000000000000000000000000000000000000000000000000000000000000000000000000000000000000000000000000000000000000000000000000000000000000000000000000000000200000000000000000000000000000000000	2	0	2	473	565	475	72.6	44.0	0.0562768688
0x40000000000000000000000000000000000000000000000000000000000000000000000000000000000000000000000000000000000000000000000000000000000000000000200000000000000000000000000000000000000000000000000000000000000000000	2	0	2	473	565	475	94.3	90.0	0.1221030696
0x40000000000000000000000000000000000000000000000000000000000000000000000000000000000000000000000000000000000000000000000000000000000000000000200000400000000000000000000000000000000000000000000000000000000000000	3	0	3	473	564	476	79.4	72.0	0.048556372
0x40000000000000000000000000000000000000000000000000000000000000000000000000000000000000000000000000000000000000000000000000000000000000000000200000400000000020000000000000000000000000000000000000000000000000000	4	0	4	473	563	477	80.2	78.0	0.0791476971
0x40000000000000000000000000000000000000000000000000000000000000000000000000000000800000000000000000000000000000000000000000000000000000000000200000400000000020000000000000000000000000000000000000000000000000000	5	0	5	473	562	478	99.7	100.0	0.4061359291
0x20000000000040000000000000000000000000000000000000000000000000000000000000000000000000000000800000000000000000000000000000000000000000000000000000000000200000400000000020000000000000000200000000000000000000000000000000000	7	0	7	473	560	480	87.3	62.0	0.1047122691
0x10000000000000000000000000000000000000000000000000000000000000000000000000000000000000000000000000000800000000000000000000000000000000000000000000000000000000000	2	0	2	473	565	475	98.6	100.0	0.2627232042
0x100000000000000000000000000000000000000000000000000010000000000000000000000000000000000000000000000000000000000000000000000000000000000000000000000000000800000000000000000000000000000000000000000000000000000000000	3	0	3	473	564	476	97.9	100.0	0.2574649817
0x20000000100040000000000000000000000000000000000000000000000010000000000000000000000000000000800000000000000000000000000000000000000000000000000000000000200000400800000020000000000000000200000000000000000000000000000000000	10	0	10	473	557	483	65.4	51.0	0.0932430961
0x20000000100040000000000000000000000000000000000000000000000010000000000000000000000000000000800000000000000000000000000000400000000000000000000000000000200000400800000020000000000000000200000000000000000000000000000000000	11	0	11	473	556	484	80.3	74.0	0.090879363
0x20000000100040000000000000040000000000000000000000000000000010000000000000000000000000000000800000000000000000000000000000400000000000000000000000000000200000400800000020000000000000000200000000000000000000000000000000000	12	0	12	473	555	485	73.4	38.0	0.1062468704
0x140000d0000000000000020000000100040000000000000040000000000000000000000000000000010000000000000000000000000000000800010000000000000000000000100400000080000080000000000000000220000400800000020000000000000000220000020000000000000000000000000000	24	0	24	473	543	497	71.2	73.0	0.0877179557
0x140000d0000000000000020000000100040000000000000040000000000000000000000000000000010000000000000000000000000000000800010000000000000000000000100400000080000080000000000000000220000c00800000020000000000002400220000020020000000000000000000020000	29	0	29	473	538	502	98.9	100.0	0.3650536491
0x140100d0002000000000020001000300042000002bae90004010000002650000000000000030c0000100020002000000c000000000800000080001000000a800000400002021100400000080000080000000000000000220000c00800000020000000080002400220000020220048080000000800000020008	966	473	493	0	74	493	83.0	66.0	0.1766784419
0x1000000000000000000000000000000000000000000000000000000000000000000000000000000000000000000000000000000000000000000000000000000000000000000000000000000000000000400000000000000	2	0	2	473	565	475	85.3	86.0	0.2441564891
0x400000000000000000000000000000000000000000000000000000000000000000000000000000000000000000000100000000000000000000000000000000000000000000000000000000000000000000000000000000000000000000000000000000000000000000000000000000	2	0	2	473	565	475	0.0	73.0	2.0914e-06
0x400000000000000000000000000000000000000000000000000000000000000000000000000000000000000000000140000000000000000000000000000000000000000000000000000000000000000000000000000000000000000000000000000000000000000000000000000000	3	0	3	473	564	476	82.3	98.0	0.1043822575
0x800000000000000000000000000000000000000000000000000000000000000000000000000000000000000000000080000000000000000000000000000000000000000000000000000000000000000000000000000000000000000000000000000000000000000000000000000000	2	0	2	473	565	475	94.9	99.0	0.2048416152
0xc000000000000000000000000000000000000000000000000000000000000000000000000000000000000000000001c0000000000000000000000000000000000000000000000000000000000000000000000000000000000000000000000000000000000000000000000000000000	5	0	5	473	562	478	99.5	100.0	0.4709119149
0x10000000000000000000000000c000000000000000000000000000000000000000000000000000000000000000000000000000000000000000000001c0000000000000000000000000000000000000000000000000000000000000000000000000000000000000000000000000000000000000000000000000000000	6	0	6	473	561	479	79.5	71.0	0.220000274
0x10000000000000000000000000c000000000000000000000000000000000000000000000010000000000000000000000000000000000000000000001c0000000000000000000000000000000000000000000000000000000000000000000000000000000000000000000000000000000000000000400000000000000	8	0	8	473	559	481	98.9	97.0	0.6090565123
0xc000000000000000000000000000000000000000000000000000000000000000000000000000000000000000000000000000000000000000000000000000000000000000000000000000000000000000000000000000000000000	2	0	2	473	565	475	98.1	100.0	0.3061823398
0xc000000000000000000000000000000000000000000000000000000000000000000000000000000000000000000000000000000000000000000000000000000000000000040000000000000000000000000000000000000000000	3	0	3	473	564	476	0.0	65.0	0.0282279585
0xc000000000000000000000000000000000000000000000000000000000000000000000000000000000000000000000000000000000000000000000000000000000000000040000000000000000000000001000000000000000000	4	0	4	473	563	477	96.1	99.0	0.4751889892
0xc000000000000000000000000000000000000000000000000000000000000000000000000400000000000000000000000000000000000000000000000000000000000000040000000000000000000000001000000000000000000	5	0	5	473	562	478	87.0	89.0	0.2697048791
0x2000000000000000000000000000000000000000000000000000000000000000000000000000c000000000000000000000000000000000000000000000000000000000000000000000000400000000000000000000000000000000000000000000000000000000000000040000000000000000000000001000000000000000000	6	0	6	473	561	479	76.2	73.0	0.1701650129
0x20000000010000000000000000000000000c0000000000000000000000000000000000000000c0000010000000000000000000000000000000000000000000001c0000000000000000000400000000000000000000000000000000000000000000000000000000000000040000000000000000000000001000400000000000000	14	0	14	473	553	487	85.4	30.0	0.1090153335
0x200000000100000140100d0002000000000c20001000300042000002bae90004010000002650c00000100000030c0000100020002000000c00000000080000009c001000000a800000400402021100400000080000080000000000000000220000c008000000200000000c0002400220000020220048081000400800000020008	952	473	479	0	88	479	69.7	17.0	0.0202650536
0x5bd4c5496ca966a69a69acab25aa925354ccdf194c166b8cd5aa9a9a9994512c449a635315459a932aaa54acb1a54b0ad532b554d34c43665325a7aa956666998d542b6ad3ea5557590b4acd225552cac998b4d5135d6332d2b33eafea95aaa8cacb91da52d2b6355532a7990cd099a6955556a5514c8b5338b7bbad32b2cd29aa95	507	473	34	0	533	34	91.1	36.0	0.2091398742
0x20000000000000000000000000000000100000000000000	2	0	2	473	565	475	96.3	100.0	0.3077952717
0x2000000000000000000000000000000000000000000000000000000000000020000000000000000	2	0	2	473	565	475	94.7	97.0	0.2963432216
0x2000000000000000000000000000000020000000000000000000000000000020100000000000000	4	0	4	473	563	477	10.9	19.0	0.0471422183
0x80000000000000000000000000000000000000000000100000000000000000	2	0	2	473	565	475	62.2	36.0	0.0270755495
0x80000000000000000000000000000000000000000000102000000000000000	3	0	3	473	564	476	82.0	24.0	0.0644789817
0x2000000000000000080000000000000020000000000000000000000000000122100000000000000	7	0	7	473	560	480	77.6	21.0	0.0622734414
0x4000000000000000000000000000000000000000000000000000000000000000000000000000000000000000000000000000000000000000000000000000000000000000000000002000000000000000080000000000000020000000000000000000000000000122100000000000000	8	0	8	473	559	481	76.3	33.0	0.0598124989
0x100000000000000000000000000000000000000000000000000000000000000000000000000000000000000000000000010000000000000000000	2	0	2	473	565	475	76.8	77.0	0.2029139188
0x300000000000000000000000000000000000000000000000000000000000000000000000000000000000000000000000010000000000000000000	3	0	3	473	564	476	99.5	100.0	0.6635722915
0x20000000000000000000040000000000000000000000000000000000000000000000000000000000000000000000000000000000000000000000000000000000000000000000000	2	0	2	473	565	475	0.0	100.0	2.9666e-06
0x20000000000000000000040000000000000000000000000000000000000000000002000000000000000000000000000000000000000000000000000000000000000000000000000	3	0	3	473	564	476	96.4	100.0	0.2035228554
0x20000000000000000000040000000000000000000000000000000000000000000042000000000000000000000000000000000000000000000000000000000000000000000000000	4	0	4	473	563	477	94.7	97.0	0.1878575713
0x20000000000000000000040000000000000000000000000000000000000000000062000000000000000000000000000000000000000000000000000000000000000000000000000	5	0	5	473	562	478	84.7	91.0	0.1751916383
0x20000000000000000000040000300000000000000000000000000000000000000062000000000000000000000000000000000000000000000000000000010000000000000000000	8	0	8	473	559	481	93.3	91.0	0.2845618868
0x4000000000000000000000000000000000000000000000000000000000000000000000000000000020000000000000000000040000300000000000000000000000000000000000002062000000000000080000000000000020000000000000000000000000010122100000000000000	16	0	16	473	551	489	90.3	87.0	0.2369614709
0x5bd4c5496ca966a69a69acab25aa925354ccdb194c166b8cd5aa9a9a9994512c449a635315459a932aaa54acb1a54b0ad532b554d34c43665325a5aa956666998d542b6ad3aa5554590b4acd225552cac998b4d5135d6332d2b33ca9ca95aaa8cacb915a52d2b6355532a5990cd099a6955556a5514c8b5328a59aad32b2cd29aa95	491	473	18	0	549	18	81.1	72.0	0.3161104194
0x30000000000000000000000000000000000000000000000000000000000000000000000000000000000000000000000000000000000000000000000000000000000000000000000000000000000000000000000000000000000000000000000000000000000000000000000	2	0	2	473	565	475	98.5	100.0	0.610792834
0x1000000000000000000000000000000000000000000030000000000000000000000000000000000000000000000000000000000000000000000000000000000000000000000000000000000000000000000000000000000000000000000000000000000000000000000000000000000000000000000000000000000000000000000	3	0	3	473	564	476	69.0	46.0	0.2909872343
0x5ad4c5496ca966a69a69acab25aa925354ccdb194c16688cd5aa9a9a9994512c449a635315459a932aaa54acb1a54b0ad532b554d34c43665325a5aa956666998d542b6ad3aa5554590b4acd225552cac998b4d5135d6332d2b33ca9ca95aaa8cacb915a52d2b6355532a5990cd099a6955556a5514c8b5328a59aad32b2cd29aa95	488	473	15	0	552	15	84.5	37.0	0.2214877335
0x4ad4c5496ca966a69a69acab25aa925354ccdb194c16688cd5aa9a9a9994512c449a635315459a932aaa54acb1a54b0ad532b554d34c43665325a5aa956666998d542b6ad3aa5554590b4acd225552cac998b4d5135d6332d2b33ca9ca95aaa8cacb915a52d2b6355532a5990cd099a6955556a5514c8b5328a59aad32b2cd29aa95	487	473	14	0	553	14	37.2	11.0	0.0769795489
0x4ad4c5492ca966a69a69acab25aa925354ccdb194c16688cd5aa9a9a9994512c449a635315459a932aaa54acb1a54b0ad532b554d34c43665325a5aa956666998d542b6ad3aa5554590b4acd225552cac998b4d5135d6332d2b33ca9ca95aaa8cacb915a52d2b6355532a5990cd099a6955556a5514c8b5328a59aad32b2cd29aa95	486	473	13	0	554	13	27.5	19.0	0.1661147482
0x4ad4c5492ca966a69a69acab25aa925354ccdb194c16688cd5aa9a9a9994512c449a635315459a932aaa54acb1a54b0ad532b554d34c43665325a5aa956666998d542b6ad3aa5554590b4acd225552cac998b4d5135d6332d2b32ca9ca95aaa8cacb915a52d2b6355532a5990cd099a6955556a5514c8b5328a59aad32b2cd29aa95	485	473	12	0	555	12	99.8	100.0	1.392484648
0x4ad4c5492ca966a69a69acab25aa925354ccdb194c16488cd5aa9a9a9994512c449a635315459a932aaa54acb1a54b0ad532b554d34c43665325a5aa956666998d542b6ad3aa5554590b4acd225552cac998b4d5135d6332d2b32ca9ca95aaa8cacb915a52d2b6355532a5990cd099a6955556a5514c8b5328a59aad32b2cd29aa95	484	473	11	0	556	11	65.7	47.0	0.0284186016
0x4000000000000000000000004000000000000	2	2	0	471	567	471	96.0	100.0	0.2124619541
0x200000000000000000000000000000000000004000000000000000000000004000000000000	3	3	0	470	567	470	92.7	95.0	0.18669011
0x200000000400000000000000000000000000004000000000000000000000004000000000000	4	4	0	469	567	469	21.1	35.0	0.0571706139
0x80000000000000000000000000000000000000000000000000000000000000000000000000080000000000000000000000000000000000000000000000000000000000000000000000000000000000000000000000000000000000000000000000000000000000000000000	2	2	0	471	567	471	92.8	92.0	0.119026076
0x80000000000000000000000000000000000000000000000000000000000000000000000000080000000000000000000000000000000000000000000000000000000000000000200000000400000000000000000000000000004000000000000000000000004000000000000	6	6	0	467	567	467	78.8	54.0	0.1021491655
0x80000000000000000000000000000000000000000000000000000000000000000000000000080000000040000000000000000000000000000000000000000000000000000000200000000400000000000000000000000000004000000000000000000000004000000000000	7	7	0	466	567	466	66.3	76.0	0.1266089474
0x4ad4c5492ca966a69a69acab25aa925354ccdb194c16408cd5aa9a9a9994512c449a635315459a932aaa54acb1a54b0ad532b554d34c43665325a5aa1566669989542b6ad3aa5554590b4acd225552cac998b4d5135d6332d2b32ca9c895aaa8ca8b915a52d2b6355532a5990cd099a2955556a5514c8b5328a59aa932b2cd29aa95	477	466	11	7	556	18	98.8	99.0	0.3477198389
0x4ad445492ca966a69a69acab25aa925354ccdb194c16408cd5aa9a9a9994512c449a635315459a932aaa54acb1a54b0ad532b554d34c43665325a5aa1566669989542b6ad3aa5554590b4acd225552cac998b4d5135d6332d2b32ca9c895aaa8ca8b915a52d2b6355532a5990cd099a2955556a5514c8b5328a59aa932b2cd29aa95	476	465	11	8	556	19	73.2	67.0	0.0501551082
0x4ad445492ca966a69a69acab21aa925354ccdb194c16408cd5aa9a9a9994512c449a635315459a932aaa54acb1a54b0ad532b554d34c43665325a5aa1566669989542b6ad3aa5554590b4acd225552cac998b4d5135d6332d2b32ca9c895aaa8ca8b915a52d2b6355532a5990cd099a2955556a5514c8b5328a59aa932b2cd29aa95	475	465	10	8	557	18	72.2	74.0	0.0416634743
0x4100000000000000000000000000000000000000000000000000000000000000000000000000000000000000000000000000000000000000000000000000000000000000000000000000000000000000000000000000000000000000000000000000000000000000000000000000000000000000000000000000000000000000	2	2	0	471	567	471	45.4	62.0	0.0725899173
0x4100080000000000000000000000000000000000000000000000000000000000000000000000000000000000000000000000000000000000000000000000000000000000000000000000000000000000000000000000000000000000000000000000000000000000000000000000000000000000000000000000000000000000	3	3	0	470	567	470	98.1	100.0	0.2990808311
0x4100080000000000000000000000000000000000000000000000000000000000000000000000000000000000000000000000000000000000000200000000000000000000000000000000000000000000000000000000000000000000000000000000000000000000000000000000000000000000000000000000000000000000	4	4	0	469	567	469	78.7	76.0	0.0611039232
0x4ad4044924a966a69a69acab21aa925354ccdb194c16408cd5aa9a9a9994512c449a635315459a932aaa54acb1a54b0ad532b554d34c43665325a5a81566669989542b6ad3aa5554590b4acd225552cac998b4d5135d6332d2b32ca9c895aaa8ca8b915a52d2b6355532a5990cd099a2955556a5514c8b5328a59aa932b2cd29aa95	471	461	10	12	557	22	87.4	76.0	0.1020562461
0x4ad4044924a966a69a69acab21aa925354ccdb194c16408cd5aa9a9a9994512c449a635315459a932aaa54acb1a54b0ad532b554d34c43665325a5a81566669989542b4ad3aa5554590b4acd225552cac998b4d5135d6332d2b32ca9c895aaa8ca8b915a52d2b6355532a5990cd099a2955556a5514c8b5328a59aa932b2cd29aa95	470	460	10	13	557	23	49.2	58.0	0.0562553103
0x1040000000000000000000000000000000000000000000000000000000000000000000000000000000000000000000000000000000000000000000000000000000000000000000000000000000000000000000000000000000000000000000000000000000000000000000000000000000000000000000000000000000000	2	2	0	471	567	471	74.9	75.0	0.0326236267
0x48000000000000000000000000000000000000000000000000000000000000000000000000000000000000000000000000000000000000000000000000000000000000000000000000000000000000000000000000000000000000000000000000000000000000000000000000000000000000000000000000000000000000	2	2	0	471	567	471	31.2	52.0	0.0296061967
0x448000000000000000000000000000000000000000000000000000000000000000000000000000000000000000000000000000000000000000000000000000000000000000000000000000000000000000000000000000000000000000000000000000000000000000000000000000000000000000000000000000000000000	3	3	0	470	567	470	94.9	95.0	0.1277710375
0x449040000000000000000000000000000000000000000000000000000000000000000000000000000000000000000000000000000000000000000000000000000000000000000000000000000000000000000000000000000000000000000000000000000000000000000000000000000000000000000000000000000000000	5	5	0	468	567	468	89.4	76.0	0.0998421011
0x2040000000000000000000000000000000000000000000000000000000000000000000000000000000000000000000000000000000000000000000000000000000000000000000000000000000000000000000000000000000000000000000000000000000000000000000000000000000000000000000000000000000000000000	2	2	0	471	567	471	93.6	97.0	0.1981055411
0xc00000000000000000000000000000000000000000000000000000000000000000000000000000000000000000000000000000000000000000000000000000000000000000000000000000000000000000000000000000000000000000000000000000000000000000000000000000000000000000000000000000000000000000	2	1	1	472	566	473	72.6	75.0	0.1842853692
0x2c40000000000000000000000000000000000000000000000000000000000000000000000000000000000000000000000000000000000000000000000000000000000000000000000000000000000000000000000000000000000000000000000000000000000000000000000000000000000000000000000000000000000000000	4	3	1	470	566	471	85.7	82.0	0.1358862055
0x2d40000000000000000000000000000000000000000000000000000000000000000000000000000000000000000000000000000000000000000000000000000000000000000000000000000000000000000000000000000000000000000000000000000000000000000000000000000000000000000000000000000000000000000	5	4	1	469	566	470	83.6	72.0	0.0969869066
0x2d40449040000000000000000000000000000000000000000000000000000000000000000000000000000000000000000000000000000000000000000000000000000000000000000000000000000000000000000000000000000000000000000000000000000000000000000000000000000000000000000000000000000000000	10	9	1	464	566	465	85.8	75.0	0.0659427218
0x8000000200000000000000000000000000000000000000000000000000000000000000000000000000000000000000000000000000000000000000000000000000000000000000000000000000000000000000000000000000000000000000000000000000000000000000000000000000000000000000000000000000000000000	2	2	0	471	567	471	13.6	41.0	0.0146924679
0x48000000200000000000000000000000000000000000000000000000000000000000000000000000000000000000000000000000000000000000000000000000000000000000000000000000000000000000000000000000000000000000000000000000000000000000000000000000000000000000000000000000000000000000	3	3	0	470	567	470	83.4	65.0	0.0777078528
0x4ad40449240000000000000000000000000000000000000000000000000000000000000000000000000000000000000000000000000000000000000000000000000000000000000000000000000000000000000000000000000000000000000000000000000000000000000000000000000000000000000000000000000000000000	13	12	1	461	566	462	92.2	82.0	0.1232852233
0xa966a69a69acab21aa925354ccdb194c16408cd5aa9a9a9994512c449a635315459a932aaa54acb1a54b0ad532b554d34c43665325a5a81566669989542b4ad3aa5554590b4acd225552cac998b4d5135d6332d2b32ca9c895aaa8ca8b915a52d2b6355532a5990cd099a2955556a5514c8b5328a59aa932b2cd29aa95	457	448	9	25	558	34	63.6	55.0	0.0366330861
0xa966a69a69acab21aa925354ccdb194c16408cd5aa9a9a9994512c449a635315459a932aaa54acb1a54b0ad532b554d34c43665325a5a81566669989542b4ad3aa5554590b4acd225552cac998b4d5135d6332d2b32ca9c895aaa8ca8b915a52d2b6355532a5990cd099a2951556a5514c8b5328a59aa932b2cd29aa95	456	447	9	26	558	35	76.3	62.0	0.0436872024
0x1400000000000000000000000000000000	2	2	0	471	567	471	91.3	100.0	0.1410749085
0x20000000000000000000001400000000000000000000000000000000	3	3	0	470	567	470	97.8	99.0	0.2235691537
0xa966a69a69acab21aa925354ccdb194c16408cd5aa9a9a9994512c449a635315459a932aaa54acb1a54b0ad532b554d34c43665325a5a81566669989542b4ad3aa5554590b4acd225552cac998b4d5135d6332d2b32ca9c895aaa8ca8b915a52d296355532a5990cd099a2950156a5514c8b5328a59aa932b2cd29aa95	453	444	9	29	558	38	87.3	58.0	0.0888669681
0x18000000000000000000000000000000000000000000000000000000000000000000000000000000000000000000000000000000000000000000000000000000000000000000000000000000000000000000000000000000000000000000000000000000000000000000000000000000	2	1	1	472	566	473	96.9	100.0	0.1726244446
0x18000000000000000000000000000000000000000000000000000000000000000000000000000000000000000000000000000000000000000000000000000000000000000000000000000000000000000000000000000000010000000000000000000000000000000000000000000000	3	2	1	471	566	472	85.1	35.0	0.077041334
0x18000000000000000000000000000000000000000000000000000000000000000000000000000000000000000000000000000000000000000000000000000000000000000000000000000000000000000000000000000000010000000000000000000000000000000200000000000000	4	3	1	470	566	471	28.8	17.0	0.0309677642
0x18000000000000000000000000000000000000000000000000000000000000000000000000000000000000000000000000000000400000000000000000000000000000000000000000000000000000000000000000000000010000000000000000000000000000000200000000000000	5	4	1	469	566	470	72.3	77.0	0.0426657445
0x8000000000000000040000000000000000000000000000000000000000000000000000000000000	2	2	0	471	567	471	81.7	83.0	0.0838552224
0x18000000000000000000000000000000000000000000000000000000000000000000000000000000000000000000000000000000400000000000000000000000000000000000000008000000000000000040000000000000010000000000000000000000000000000200000000000000	7	6	1	467	566	468	40.7	69.0	0.0757514533
0x4000000000000000000000000000000000000000000000000000000000000010000000000000000	2	2	0	471	567	471	76.9	69.0	0.0395690939
0x4000000000000010000000000000000000000000000000000000000000000010000000000000000	3	3	0	470	567	470	81.1	70.0	0.0692942312
0x4000000000000010000000000000000000000000000000000000000000000011000000000000000	4	4	0	469	567	469	75.8	74.0	0.066565064
0x1800000000000000000000000000000000000000000000000000000000000000000000000000000000000000000000000000000040000000000000000000000000000000000000000c000000000000010040000000000000010000000000000000000000000000011200000000000000	11	10	1	463	566	464	36.6	33.0	0.0294049641
0x1800000000000000000000000000000000000000000000000000000000000000000000000000000000000000000000000000000040000000000000000000000000000000000000000c000000000000010040000000000000010000000000000000000000000000211200000000000000	12	11	1	462	566	463	91.3	96.0	0.0868225368
0x80000000000000001800000000000000000000000000000000000000000000000000000000000000000000000000000000000000000000000000000040000000000000000000000000000000000000000c000000000000010040000000000000010000000000000000000000000000211200000000000000	13	12	1	461	566	462	65.7	45.0	0.03161356
0x10000000000000000000000000000000000000000000000000000000000000000004000000000000000000000000000000000000000000000000000000000000000000000000000	2	2	0	471	567	471			2.3139e-06
0x10000000000000000000100000000000000000000000000000000000000000000004000000000000000000000000000000000000000000000000000000000000000000000000000	3	3	0	470	567	470	0.0	100.0	2.6298e-06
0x88000000000000000000000000000000000000000000000000000000000000000000000000000	2	2	0	471	567	471			0.0
0x80000000000000000000000000000000000000000000088000000000000000000000000000000000000000000000000000000000000000000000000000	3	3	0	470	567	470			2.3295e-06
0x80000000000000000000000000000000000000000000098000000000000000000000000000000000000000000000000000000000000000000000000000	4	4	0	469	567	469	81.6	100.0	0.0133795302
0x1000000000000000000018000000000000000000000000000000000000000000009c000000000000000000000000000000000000000000000000000000000000000000000000000	7	7	0	466	567	466	96.8	100.0	0.1081838868
0x80000000000000001800000000000000000000000000000000000000000000000000000000000000000000000000000001000000000000000000018040000000000000000000000000000000000000000c09c000000000010040000000000000010000000000000000000000000000211200000000000000	20	19	1	454	566	455	90.2	85.0	0.1071360742
0xa966a69a692cab21aa925354ccc3194c16408cd5aa9a9a9994512c449a635315459a932aaa54acb1a54b0ad532b554d34c43665325a4a81566669989542b4ad22a1554590b4acd225552cac998b4d5135d6332d2b320a00895aaa8ca8a911a52d296355532a4990cd099a2950156a5514c8b53288488a932b2cd29aa95	433	425	8	48	559	56	90.0	65.0	0.0678451183
0x10000000000000000000000000000000000000000000002000	2	2	0	471	567	471	0.0	63.0	2.6619e-06
0x100000000000000000000000000000000000000000000000000000000000000000000000000000000000000000000000000000000000000000000000000000000000000000000000000000000000000000000000000000000000000000000000000000010000000000000000000000000000000000000000000002000	3	3	0	470	567	470	87.0	69.0	0.0139359713
0x100000000000000000000000000000000000000000000000000000000000000000000000000000000000000000000000000000000000000000000000000000000000000000000000000000000000000000000000000000000000000000000000000000010000000800000000000000000000000000000000000002000	4	4	0	469	567	469	0.0	59.0	2.9135e-06
0x100000000000000000000000000000000000000000000000000000000000000000000000000000000000000000000000000000000000000000000000000000000000000000000000000000000000000000000000000000000000000000000000000000010000004800000000000000000000000000000000000002000	5	5	0	468	567	468	85.1	67.0	0.0137171886
0x100000000000000000000000400000000000000000000000000000000000000000000000000000000000000000000000000000000000000000000000000000000000000000000000000000000000000000000000000000000000000000000000000000010000004800000000000000000000000000000000000002000	6	6	0	467	567	467	0.0	44.0	2.9628e-06
0x40000000400000000000000000000000000000000000000000000000000000000000000000000000000000000000000000000000000000000000000000000000000000000000000000000000000000000000000000000000000000000000000000000000000000000000000000000000	2	2	0	471	567	471	85.5	78.0	0.0136105301
0x100000000000000000000000440000000400000000000000000000000000000000000000000000000000000000000000000000000000000000000000000000000000000000000000000000000000000000000000000000000000000000000000000000010000004800000000000000000000000000000000000002000	8	8	0	465	567	465	83.4	65.0	0.013650046
0x100000000000000000000000440000000400000000000000000000000000000000000000000000000000000000000000000000000000000000000000000000000000000000000000000000000000000000000000000000000000000000000000000000010000004800000000000000000000000000000000000002800	9	9	0	464	567	464	0.0	60.0	2.6489e-06
0x900000000000000000000000440000000400000000000000000000000000000000000000000000000000000000000000000000000000000000000000000000000000000000000000000000000000000000000000000000000000000000000000000000010000004800000000000000000000000000000000000002800	10	10	0	463	567	463	0.0	46.0	2.6789e-06
0x2900000000000000000000000440000000400000000000000000000000000000000000000000000000000000000000000000000000000000000000000000000000000000000000000000000000000000000000000000000000000000000000000000000010000004800000000000000000000000000000000000002800	11	11	0	462	567	462	92.4	96.0	0.1076084919
0x2900000000000000000000000440000000400000000000000000000000000000000000000000000000000000000000000000000000000000000000000000000000000000000000000000000000000000100000000000000000000000000000000000000010000004800000000000000000000000000000000000002800	12	12	0	461	567	461	60.7	68.0	0.0522736358
0x4000000000000000000000000000000000000000000000000000800000000000000000000000000000000000	2	2	0	471	567	471	97.5	100.0	0.1444181127
0x500000000000000000000000000000000000000000000000000000000000000000000000000000000000	2	2	0	471	567	471	90.8	97.0	0.0664989912
0x200000000000000000000000000000000000000000000000000000000000000000000000000000000000000000000000000000000000000000000000000000000000000000000000000000000500000000000000000000000000000000000000000000000000000000000000000000000000000000000	3	3	0	470	567	470	77.4	85.0	0.0421127229
0x200000000000000000000000000000000000000000000000000000000000000000000000000000000000000000000000000000000000000000000000000000000000000000000000000004000500000000000000000000000000000000000000000000000800000000000000000000000000000000000	5	5	0	468	567	468	94.7	95.0	0.1418635145
0x800000000000000000000000000000000000000000000000000000000000000000000000000000000000000000000000000000000000000000000000000000000000000000000000000000000000000000000000000000000100000000000000000000000000000000000000000	2	2	0	471	567	471	98.3	99.0	0.1441554518
0x200000000000000000800000000000000000000000000000000000000000000000000000000000000000000000000000000000000000000000000000000000000000000000000000000004000500000000000000000000000000000000000000000100000800000000000000000000000000000000000	7	7	0	466	567	466	83.1	65.0	0.0667844821
0x2900000000000200000000000440000800400000000000000000000000000000000000000000000000000000000000000000000000000000000000000000000000000000000000000000000000000000104000500000000000000000000000000000000010000004900000800000000000000000000000000000002800	19	19	0	454	567	454	77.4	40.0	0.0214681385
0x8066a69a692ca921aa925354c883194416008cd5aa9a9a9994512c449a635315459a932aaa54acb1a54b0ad532b554d34c43665325a4a81566669989542b4ad22a1554590b4acd225552cac998b4d5134d233282b320a00895aaa8ca8a911a52d296355522a499084099a2150156a5514c8b53288488a932b2cd298295	414	406	8	67	559	75	0.0	40.0	2.9191e-06
0x200000000000000000000000000000000000000000000000000000000000000000080000000000000000000000000000000000000000000000000000000000000000000000000000000000000000000000000000000000000000	2	1	1	472	566	473	80.3	74.0	0.0251091974
0x400000000000000000000000000000000000000200000000000000000000000000000000000000000000000000000000000000000080000000000000000000000000000000000000000000000000000000000000000000000000000000000000000000000000000000000000000	3	2	1	471	566	472	98.6	98.0	0.1157790949
0x8066a69a692ca921aa925354c883194016008cd5aa9a9a9994512c449a635315459a930aaa54acb1a54b0ad532b554d34c43665325a4a81566669989542b4ad22a155459034acd225552cac998b4d5134d233282b320a00895aaa8ca8a911a52d296355522a499084099a2150156a5514c8b53288488a932b2cd298295	411	404	7	69	560	76	81.0	52.0	0.0218369851
0x8066a49a692ca921aa925354c883194016008cd5aa9a9a9994512c449a635315459a930aaa54acb1a54b0ad532b554d34c43665325a4a81566669989542b4ad22a155459034acd225552cac998b4d5134d233282b320a00895aaa8ca8a911a52d296355522a499084099a2150156a5514c8b53288488a932b2cd298295	410	403	7	70	560	77	17.7	38.0	0.0276581319
0x800000000000000200000000000000000000000000000000000000000000000000000000000000000000000000000000000000000000000000000000000000000000000000000000000000000000000000000	2	2	0	471	567	471			1e-06
0x800000000000000600000000000000000000000000000000000000000000000000000000000000000000000000000000000000000000000000000000000000000000000000000000000000000000000000000	3	2	1	471	566	472	75.0	100.0	0.0254485051
0x8066a49a692ca921aa925354c883194016008cd5aa9a9a9994512c449a635315459a930aaa54acb1a54b02d532b554d34c43065325a4a81566669989542b4ad22a155459034acd225552cac998b4d5134d233282b320a00895aaa8ca8a911a52d296355522a499084099a2150156a5514c8b53288488a932b2cd298295	407	401	6	72	561	78	95.3	84.0	0.0919298613
0x800000000000000000000000000000000000000000000000000000000000000000000000000000000000000000000000000000000000000000000000000000000000000000000000000000000000000800000000000000	2	1	1	472	566	473	94.8	97.0	0.1047594158
0x2000000000000000000000000000000000000000000000000000000000000000000000000000000000000000000000020000000000000000000000000000000000000000000000000000000000000000000000000000000000000000000000000000000000000000000000000000000	2	2	0	471	567	471			2.478e-06
0x3000000000000000000000000000000000000000000000000000000000000000000000000000000000000000000000020000000000000000000000000000000000000000000000000000000000000000000000000000000000000000000000000000000000000000000000000000000	3	3	0	470	567	470	98.2	100.0	0.143589228
0x20000000000000000000000003000000000000000000000000000000000000000000000000000000000000000000000000000000000000000000000020000000000000000000000000000000000000000000000000000000000000000000000000000000000000000000000000000000000000000000000000000000	4	4	0	469	567	469	68.6	75.0	0.0263093711
0x20000000000000000000000003000000000000000000000000000000000000000000000000800000000000000000000000000000000000000000000020000000000000000000000000000000000000000000000000000000000000000000000000000000000000000000000000000000000000000800000000000000	6	5	1	468	566	469	97.7	96.0	0.1490407854
0x20000000000000000000000003000000000000000000000000000000000000000000000000800000000000000000000000000000008000000000000020000000000000000000000000000000000000000000000000000000000000000000000000000000000000000000000000000000000000000800000000000000	7	6	1	467	566	468	84.9	83.0	0.1083264949
0x40000000000000000000000000000000000000000000000000000000000000000000000000000000000000000000000080000000000000000000000000000000000000000000000000000000	2	2	0	471	567	471	0.0	41.0	2.1513e-06
0x20000000000000000000000003000000000000000000000000000000000000000000000000800000000000000000000040000000008000000000000020000000000000000000000000000000000000000000000000000000000000000000000080000000000000000000000000000000000000000800000000000000	9	8	1	465	566	466	87.2	78.0	0.0609953031
0x8046a49a692ca921aa925354c880194016008cd5aa9a9a9994512c449a635315459a930aaa542cb1a54b02d532b554d34c03065325a4281566669989540b4ad22a155459034acd225552cac998b4d5134d233282b320a00895aaa8ca8a911a52d216355522a499084099a2150156a5514c8b53288480a932b2cd298295	398	393	5	80	562	85	76.6	55.0	0.0249280181
0x2800000000000000000000000000000000000000000000000000000000000000000000000000000000000000000000000000000000000000000000000000000000000000000000000000000000000000000000000000000000000000000000000000000000000000000000000000000000000000000000	2	1	1	472	566	473	99.2	100.0	0.2210579926
0x2800000000000000000000000000000000000000000000000000000000000000000000000000000000000000000000000000000000000000000000000000000000000000000800000000000000000000000000000000000000000000000000000000000000000000000000000000000000000000000000	3	2	1	471	566	472	94.2	98.0	0.1570888623
0x8046a49a692c8121aa925354c880194016008cd5aa9a9a9994512c449a635315459a930aaa542cb1a54b02d532b554d34c03065325a4281566669989540b4ad22a155459034acd225552cac198b4d5134d233282b320a00895aaa8ca8a911a52d216355522a499084099a2150156a5514c8b53288480a932b2cd298295	395	391	4	82	563	86	80.4	67.0	0.0321426929
0x80000000000000000000000000000000000000000000000000000000000004000000000000000000000000000000000000000000000000000000000000000000000000000000000000000000000000000000000000000000000000000000000000000000000000000000000000000000	2	2	0	471	567	471	90.0	78.0	0.0269843566
0x200000000000000000000080000000000000000000000000000000000000000000000000000000000004000000000000000000000000000000000000000000000000000000000000000000000000000000000000000000000000000000000000000000000000000000000000000000000000000000000000000000	3	3	0	470	567	470	90.2	89.0	0.0717185288
0x50000000000000000000000000000000000000000000000000000000000000000000000000000000000000000000000000000000000000000000000000000000000000000000000000000000000000000000000000000000	2	2	0	471	567	471	91.5	87.0	0.0500030022
0x800000000000004000000000000000000000000000000000000000000000000000000000000000000000000000000000000000000000000000000000000000000000000000000000000000000000000000000000000000000000000000000000000000000000000000000000000000000	2	2	0	471	567	471	87.4	87.0	0.0657719818
0x8000000800000000000004000000000000000000000000000000000000000000000000000000000000000000000000000000000000000000000000000000000000000000000000000000000000000000000000000000000000000000000000000000000000000000000000000000000000000000	3	3	0	470	567	470	74.6	79.0	0.0506361566
0x8000000800000000000004000000000000000000000000000000000050000000000000000000000000000000000000000000000000000000000000000000000000000000000000000000000000000000000000000000000000000000000000000000000000000000000000000000000000000000	5	5	0	468	567	468	85.3	88.0	0.0608523793
0x200000000000008000000880000000000004000000000000000000000000000000000050000000000004000000000000000000000000000000000000000000000000000000000000000000000000000000000000000000000000000000000000000000000000000000000000000000000000000000000000000000	8	8	0	465	567	465	93.2	97.0	0.1212684547
0x200000000000008000000880000000000004000000000000000000000000000000000050000000000004000000000000000000000000000000000000000000000000000000000000000100000000000000000000000000000000000000000000000000000000000000000000000000000000000000000000000000	9	9	0	464	567	464	72.9	55.0	0.0235941491
0x8046849a692c8121aa125354c000194016008cd1aa9a9a9994512c449a635315459a930aaa042cb1a54b02d132b554d34c03065325a4281566669989540b4ad22a155459034acd225552cac098b4d5134d233282b320a00895aaa8ca8a911a52d216355522a499084099a2150156a5514c8b53288480a932b2cd298295	386	382	4	91	563	95	67.1	59.0	0.0389392112
0x100000000000000000000000000000000000000000004	2	2	0	471	567	471	91.4	56.0	0.0718120895
0x10000000000000000000000000000000010000000000000000000000000000000000000000000000000000000000000000000000000000000000000000000000000000000000000000000000000000000000000000000000000000000000000000000000	2	2	0	471	567	471			0.0
0x50000000000000000000000000000000010000000000000000000000000000000000000000000000000000000000000000000000000000000000000000000000000000000000000000000000000000000000000000000000000000000000000000000000	3	3	0	470	567	470			1e-06
0x51000000000000000000000000000000010000000000000000000000000000000000000000000000000000000000000000000000000000000000000000000000000000000000000000000000000000000000000000000000000000000000000000000000	4	4	0	469	567	469	0.0	97.0	1e-06
0x1400000000000000000000000000000000000000000000000000000000000000000000000000000000000000000000000000000000000000000000000000000000000000000000000000000000000000000000000000000000000000000000000000000000	2	2	0	471	567	471	0.0	98.0	2.2399e-06
0x1451000000000000000000000000000000010000000000000000000000000000000000000000000000000000000000000000000000000000000000000000000000000000000000000000000000000000000000000000000000000000000000000000000000	6	6	0	467	567	467	94.4	100.0	0.0792213697
0x4000000000000001451000000000000000000000000000000010000000000000000000000000000000000000000000000000000000000000000000000000000000000000000000000000000000000000000000000000000000000000000000000000000000000000000000000	7	7	0	466	567	466	79.3	68.0	0.0310454953
0x80000000000000000000000000000080000000000000000000000000000000000000000000000000000000000000000000000000000000000000000000000000000000000000000000000000000000000000000000000000000000000000000000000	2	2	0	471	567	471	61.1	64.0	0.0526008872
0x4000000000000001451080000000000000000000000000000090000000000000000000000000000000000000000000000000000000000000000000000000000000000000000000000000000000000000000000000000000000000000000000000000000000000000000000000	9	9	0	464	567	464	76.8	48.0	0.0293777489
0x400000000000000000000000000000200000000000000000000000000000000000000000000000000000000000000000000000000000000000000000000000000000000000000000000000000000000000000000000000000000000000000000000000000000000000000	2	2	0	471	567	471	87.0	85.0	0.0280363261
0x400000000000000000000000000008200000000000000000000000000000000000000000000000000000000000000000000000000000000000000000000000000000000000000000000000000000000000000000000000000000000000000000000000000000000000000	3	3	0	470	567	470	93.5	98.0	0.0941375493
0x4000400000000001451080000000000008200000000000000090000000000000000000000000000000000000000000000000000000000000000000000000000000000000000000000000000000000000000000000000000000000000000000000000000000000000000000000	12	12	0	461	567	461	72.9	31.0	0.0223589489
0x4000400000000001451080000000000009200000000000000090000000000000000000000000000000000000000000000000000000000000000000000000000000000000000000000000000000000000000000000000000000000000000000000000000000000000000000000	13	13	0	460	567	460	85.0	65.0	0.0786107281
0x4000400000000001451080000000000009200000000000000090000000000000000000000000000000000000000000000000000000000000000000000000000000000000000000000000000000000000000000000000100000000000000000000000000000000000000000004	15	15	0	458	567	458	77.4	30.0	0.0493231062
0x10000000000000000000000000000000000000000000000000000000000000000000000000000000000000000000000000000000000000000000000000000000000000000000000000000000000000000000000000001000000000000	2	2	0	471	567	471			0.0
0x10000000000000000000000000000000000000100000000000000000000000000000000000000000000000000000000000000000000000000000000000000000000000000000000000000000000000000000000000001000000000000	3	3	0	470	567	470			0.0
0x10000000000000000000000000000000000000100000000000000000000000000000400000000000000000000000000000000000000000000000000000000000000000000000000000000000000000000000000000001000000000000	4	4	0	469	567	469			0.0
0x10000000000000000000000000000000000000100000000000000000000000000001400000000000000000000000000000000000000000000000000000000000000000000000000000000000000000000000000000001000000000000	5	5	0	468	567	468			0.0
0x10000000000000000000000000000000000000100000000000000000000000000005400000000000000000000000000000000000000000000000000000000000000000000000000000000000000000000000000000001000000000000	6	6	0	467	567	467			1e-06
0x10000000000000000000000000000000000000100000000000000000000000000005400000000000040000000000000000000000000000000000000000000000000000000000000000000000000000000000000000001000000000000	7	7	0	466	567	466	0.0	98.0	1e-06
0x10000000000000000000000000000000000000100000000000000000000000000005400000000000040000000000000000000000000000000000000000000000000000000000000000000000000000000010000000001000000000000	8	8	0	465	567	465	0.0	74.0	2.0368e-06
0x10000000000000000000000000000000000000100000000000000000000000000005400000000000040000000000000000000000000000000000000000000000000000000000000000000000000000000030000000001000000000000	9	9	0	464	567	464	99.3	100.0	0.1183264647
0x10000000000000000000000000000000400000100000000000000000000000000005400000000000040000000000000000000000000000000000000000000000000000000000000000000000000000000030000000001000000000000	10	10	0	463	567	463	54.4	55.0	0.0132246422
0x10000000000000000000000000000000400000100000000004000000000000000005400000000000040000000000000000000000000000000000000000000000000000000000000000000000000000000030000000001000000000000	11	11	0	462	567	462	69.6	77.0	0.0288594854
0x1000000000000000000000010000000000000000000000000000000400000100000000004000000000000000005400000000000040000000000000000000000000000000000000000000000000000000000000000000000000000000030000000001000000000000	12	12	0	461	567	461	98.0	95.0	0.1119202829
0x4000400001000001451080000000000019200000000000000090000000000000400000100000000004000000000000000005400000000000040000000000000000000000000000000000000000000000000000000000100000000000000000000030000000001000000000004	27	27	0	446	567	446	0.0	24.0	2.5998e-06
0x4000400001000001451080000000000019a00000000000000090000000000000400000100000000004000000000000000005400000000000040000000000000000000000000000000000000000000000000000000000100000000000000000000030000000001000000000004	28	28	0	445	567	445	98.4	100.0	0.2562734875
0x8000000000000000000000000000000000000000000000000000000000000000000000000000000000000000000000000000000000000000000000000000000200000000000000000000000000000000000000000000000000000000000000000000000000000000000000000000000000000000000000	2	2	0	471	567	471	26.5	55.0	0.1155318655
0x8000000000000000000000000000000000000000000000000000000000000000000000000000000000000000000000000000000000000000000000000000000200000000800000000000000000000000000000000000000000000000000000000000000000000000000000000000000000000000000000	3	3	0	470	567	470	92.5	97.0	0.1897870731
0x8000000000000000000000000000000000000000000000200000000000000000000000000000000000000000000000000000000000000000000000000000000200000000800000000000000000000000000000000000000000000000000000000000000000000000000000000000000000000000000000	4	4	0	469	567	469	75.6	80.0	0.0511395309
0x8000000000000000000000000000000000000000000000200000000000000000000000000000000000000000000000000000000000000000000000000000000200000000800000000000000000000000000000000000000000000000000000000000000000000000000000000100000000000000000000	5	5	0	468	567	468	57.8	36.0	0.0069520375
0x8000000000000000000000000000000000000000000000200000000000000000000000000000000004000000000000000000000000000000000000000000000200000000800000000000000000000000000000000000000000000000000000000000000000000000000000000100000000000000000000	6	6	0	467	567	467	35.4	45.0	0.0134098245
0x8000000000000000000000000000000000000000000000200000000000000000000000400000000004000000000000000000000000000000000000000000000200000000800000000000000000000000000000000000000000000000000000000000000000000000000000000100000000000000000000	7	7	0	466	567	466	93.3	95.0	0.1475545265
0x8000000000000000000004000400001000001451080000200000019a00000000000000490000000004000400000100000000004000000000000000005400000200000040800000000000000000000000000000000000000000000000000000000100000000000000000000030100000001000000000004	35	35	0	438	567	438	94.8	98.0	0.205904448
0x8000000000000000000004000400001000001451080000200000019a00000000000000490000000004000400000100000000004000000000000020005400000200000040800000000000000000000000000000000000000000000000000000000100000000000000000000030100000001000000000004	36	36	0	437	567	437	66.5	70.0	0.0728961212
0x8046849a692c0121aa125354c0001940120088d1aa8a9a99800024449a4353154400930aaa042cb1a50202d132b550d34803065225a4281566269989540b4ad20a1500590348cd2255124ac098b4d5134d233282b320a00895aaa8ca8a911a52d216355522a498084099a2150156a5514c8852288480a832b2cd298291	350	346	4	127	563	131	80.3	43.0	0.0385178003
0x2000000000000000000000000000000000000000000000000000000000000000000000000000000000000000000000000000000000000000000000000000000000200000	2	2	0	471	567	471	74.6	67.0	0.057603248
0x2000080000000000000000000000000000000000000000000000000000000000000000000000000000000000000000000000000000000000000000000000000000200000	3	3	0	470	567	470	80.8	61.0	0.0416961502
0x2000080000000000000000000000000000000000000000000000000000000000000000000000000000000000000000000000000000000000000000000000000000200010	4	3	1	470	566	471	86.8	69.0	0.0438284046
0x2000000000000000000000002000080000000000000000000000000000000000000000000000000000000000000000000000000000000000000000000000000000000000000000000000000000200010	5	4	1	469	566	470	75.2	71.0	0.0376364363
0x40000000002000000000000000000000000000000000000	2	2	0	471	567	471	87.1	88.0	0.0633434843
0x8000000000000000040000000002000000000000000000000000000000000000	3	3	0	470	567	470	56.2	65.0	0.0500832494
0x20000000000000000000000000000000000008000000000000000040000000002000000000000000000000000000000000000	4	4	0	469	567	469	88.8	83.0	0.1000413444
0x800000000000000000000000000000000000000020000000000000000000000000000000000008000000000000000040000000002000000000000000000000000000000000000	5	5	0	468	567	468	23.1	35.0	0.011018583
0x8000000000000000000000000000000000000000000000000000000000000000000000000000000000000000000000000000000800000000000000000000000000000000000000020000000000000000000000000000000000008000000000000000040000000002000000000000000000000000000000000000	6	6	0	467	567	467	95.2	87.0	0.1208468668
0x8000000000000000000000000000000000000000000000000000000000000000000000000000000000002000000000000000000800002000080000000000000000000000000000020000000000000000000000000000000000008000000000000000040000000002000000000000000000000000000000200010	11	10	1	463	566	464	83.2	61.0	0.0857340857
0x4800000000000000000000000	2	2	0	471	567	471	98.6	97.0	0.1676040341
0x10000000000000000000000000000000000000000000000000000000000000000000000000000000000000000000004800000000000000000000000	3	3	0	470	567	470	0.0	51.0	2.3082e-06
0x10000000000000000000000000000000000000000000000000000000000000000000000000000000000000000000000000000000000010000000000000000000000000000000000000000000000000000000000000000000000000000000000000000000000000	2	2	0	471	567	471	91.5	91.0	0.0655656806
0x10000000000000000000000000000000000000000000000000000000000000000000000000000000000000010000000000000000000010000000000000000000000000000000000000000000000000000000000000000000000004800000000000000000000000	5	5	0	468	567	468	26.3	66.0	0.0436062154
0x400000000000000000000000000000000000000000000000000000000000000000000000000000000000000000000000000000000000000000000000000002000000000000000000000000000000000000000000000000000000000000000000000	2	2	0	471	567	471	0.0	44.0	0.0136372332
0x400000000000000000000000000000000400000000000000000000000000000000000000000000000000000000000000000000000000000000000000000000000000000000000000000000000000002000000000000000000000000000000000000000000000000000000000000000000000	3	3	0	470	567	470	99.2	95.0	0.130717945
0x400000000000000000000010000000000400000000000000000000000000000000000000000000000000000000000000000000000000010000000000000000000010000000000000000000000000002000000000000000000000000000000000000000000004800000000000000000000000	8	8	0	465	567	465	74.8	36.0	0.0278220425
0x8000000000000000400000000000000000000010000000000400000000000000000000000000000000002000000000000000000800002000080000000000010000000000000000020010000000000000000000000000002000008000000000000000040000000002000000000004800000000000000000200010	19	18	1	455	566	456	87.1	56.0	0.0342507566
0x1000000000000000000000000008000000000000000000000000	2	2	0	471	567	471	80.8	25.0	0.0420549674
0x800000000000000040000000000000000000001000000000040000000000000000000000000000000000200000000000000000080000200008000000000001000000000000000002001000000000000000000000000000200000800000000000100004000000000200000000000c800000000000000000200010	21	20	1	453	566	454	72.7	22.0	0.0175458797
0x800000000000000400000000000000000000000000000000000000000000000000000000000000000000000000000000000000000000000000000000000000000000000000000000	2	2	0	471	567	471	83.3	93.0	0.0345329087
0x800000000000000400000000000000000000000000000000000000000000000000000000000000000000000000000000000000000000000000000000000200000000000000000000	3	3	0	470	567	470	90.8	75.0	0.0561489301
0xa00000000000000400000000000000000000000000000000000000000000000000000000000000000000000000000000000000000000000000000000000200000000000000000000	4	4	0	469	567	469	76.1	51.0	0.0136092475
0x40000000000000000000000000000000000000000000000000000000000000000000000000000000000000000000000000a00000000000000400000000000000000000000000000000000000000000000000000000000000000000000000000000000000000000000000000000000200000000000000000000	5	5	0	468	567	468	0.0	31.0	2.6879e-06
0x40000000000000000000000000000000000000000000000000000000000000000000000000000000000000000000000000a00000000000000400000000000000000000000000000000000000000000000000000000000000000000000000000000001000000000000000000000000200000000000000000000	6	6	0	467	567	467	94.9	67.0	0.0779880026
0x8040000000000000400000000000000000000010000000000400000000000000000000000000000000002000000000000000a0080000200008040000000001000000000000000002001000000000000000000000000000200000800000000000100004100000000200000000000c800200000000000000200010	27	26	1	447	566	448	94.8	22.0	0.0592293725
0x2000000000000000000000000040000000000000000000000000000000000000000000000000000000000000000000000000000000000000000000000000000000000000000000	2	2	0	471	567	471	74.5	73.0	0.0656828589
0x2000000000000000000000000040000000000000000080000000000000000000000000000000000000000000000000000000000000000000000000000000000000000000000000	3	3	0	470	567	470	85.0	84.0	0.0456537193
0x2000000000000000000000000040000000000000000080000000400000000000000000000000000000000000000000000000000000000000000000000000000000000000000000	4	4	0	469	567	469	97.0	96.0	0.1767582045
0x1000000000000000000000000002000000000000000000000000040000000000000000080000000400000000000000000000000000000000000000000000000000000000000000000000000000000000000000000	5	5	0	468	567	468	90.4	29.0	0.0991071225
0x8040000000000000400000000000000000000010000000000400000000000000000000000001000000002000000000000000a0280000200008040000000001004000000000000002009000000040000000000000000000200000800000000000100004100000000200000000000c800200000000000000200010	32	31	1	442	566	443	0.0	15.0	2.0223e-06
0x2000000000000000000000000000000000000000000000000000000000000000000000000000000000200000000	2	2	0	471	567	471	0.0	81.0	2.331e-06
0x80000000000000000000000000000000000000000000000000000000000000000000000000000000000000000000000000000000000000000000000000000000002000000000000000000000000000000000000000000000000000000000000000000000000000000000200000000	3	3	0	470	567	470	89.7	91.0	0.0404675535
0x1000000000000000000000000000000000000000000000000000000000000000000000000000000000000000000000000000000000000000000000000000000000010000000000000000000000000000000	2	2	0	471	567	471			0.0
0x1000000000000000000000000000000000000000000000000000000000000000000000000000000000100000000000000000000000000000000000000000000000010000000000000000000000000000000	3	3	0	470	567	470			2.6482e-06
0x1000000000000000000000000000000000000000000000000000000000000000000000000000000000100000000000000020000000000000000000000000000000010000000000000000000000000000000	4	4	0	469	567	469	78.5	99.0	0.0135965226
0x80000000000000000000000000000000000000000000000000000000001000000000000000000000000000000000000000000000000000000000000000000000002000000000100000000000000020000000000000000000000000000000010000000000000000000000200000000	7	7	0	466	567	466	75.9	23.0	0.0126330986
0x14000000000000000000000000000000000000000000000000000000000000000000000000000000000000000000000000000000000000000000000000000000000000000000000000000000000000000000000000000000000000000000	2	2	0	471	567	471	84.7	97.0	0.0132023034
0x80000000000000000000000000000000014000000000000000000000001000000000000000000000000000000000000000000000000000000000000000000000002000000000100000000000000020000000000000000000000000000000010000000000000000000000200000000	9	9	0	464	567	464	0.0	14.0	2.8143e-06
0x80000000000000000000000000000000014000000000000000000000001000000000000000000000000000000000000000000000000000000000000000000000002000000000100000000000000020000000000000000000000000000000010000000000000000000200200000000	10	10	0	463	567	463	0.0	4.0	2.6047e-06
0x80000000000000000000000000000000014000000000000000000000001000000000000000000000000000000000000000000000000000000000000000000000002000000002100000000000000020000000000000000000000000000000010000000000000000000200200000000	11	11	0	462	567	462	86.5	52.0	0.0130328429
0x1000000000000080000000000000000000000000000000014000000000000000000000001000000000000000000000000000000000000000000000000000000000000000000000002000000002100000000000000020000000000000000000000000000000010000000000000000000200200000000	12	12	0	461	567	461	0.0	56.0	2.7095e-06
0x1000000000000080000000000000000000000000000000014000000000000000000000001000000000000000000000000000000000000000000000000000000000000000000000002000000002120000000000000020000000000000000000000000000000010000000000000000000200200000000	13	13	0	460	567	460	98.6	99.0	0.1022820109
0x8040000001000000400000080000000000000010000000000400000014000000000000000001000001002000000000000000a0280000200008040000000001004000000000000002009000000240000000212000000000200002800000000000100004100000000200001000000c800200000000200200200010	45	44	1	429	566	430	76.6	24.0	0.0303144732
0x40000000000000000000000000000000000000000000000000000000000000000000000000000000000000000000000000000000000000000000000000080000000000000000000000000000000000000000000000000000000000000000000000000000000000000000000000000000000000000000000000000000	2	2	0	471	567	471	92.3	100.0	0.066594194
0x40000000000000000000000000000000000000000000000000000000000000000000000000000000000000000000000000000000000000000000000000080000000000000000000000000000000000000000001000000000000000000000000000000000000000000000000000000000000000000000000000000000	3	3	0	470	567	470	99.8	100.0	0.3326279561
0x40000000000000000000000000000000000000000000000000000000000000000000000000000000000000000000000000000000000000000000000000080000000000000000000000000000000000000000001000000000000000000000000000000000000000000000000000000000080000000000000000000000	4	3	1	470	566	471	73.2	9.0	0.0239550328
0x10000000000000000000400000000000000000000000000000000000000000000000000000000000000000000000000000000000000000000000000000000000000000000000000000000000000	2	2	0	471	567	471	34.2	10.0	0.0331794811
0x40000000000000000000000000000000000000000000000000000000000000000000000000000000000000000000010000000000000000000400000000080000000000000000000000000000000000000000001000000000000000000000000000000000000000000000000000000000080000000000000000000000	6	5	1	468	566	469	82.4	23.0	0.0327920855
0x40008040000001000000400000080000000000000010000000000400000014000000000000000001000001002000010000000000a0280000240008040008000001004000000000000002009000000240000000312000000000200002800000000000100004100000000200001000000c880200000000200200200010	51	49	2	424	565	426	95.3	90.0	0.0923112916
0x180000000000000000000000000000000000000000000000000000000000000000000000000000000000000000000000000000000000000000000000000000000000000000000000000000000000000000000000000	2	2	0	471	567	471	92.6	99.0	0.0821019276
0x180000000000000000000000000000000000000000000000000000000000000000000000000000000000000000000000000000000000000000000004000000000000000000000000000000000000000000000000000	3	3	0	470	567	470	82.9	77.0	0.0695241636
0x8180000000000000000000000000000000000000000000000000000000000000000000000000000000000000000000000000000000000000000000004000000000000000000000000000000000000000000000000000	4	4	0	469	567	469	90.9	88.0	0.0890378612
0x40008040000001000000400000080000000000000010000000000400000014000000000000008181000001002000010000000000a0280000240008040008000001004000000000000002009000000240000000312000000000200002800000000000500004100000000200001000000c880200000000200200200010	55	53	2	420	565	422	0.0	26.0	2.1566e-06
0x4000000000000000000000000000000000000000000000000000000000000000000000000000000000000000000000000000000000000000000000000000000000000000000000000080000000	2	2	0	471	567	471	79.5	96.0	0.0315995185
0x4000000000000000000200000000000000000000000000000000000000000000000000000000000000000000000000000000000000000000000000000000000000000000000000000080000000	3	3	0	470	567	470	91.0	94.0	0.0846429396
0x40000000000000000000000000000000000000000000000000000000000000000000000000000000000000000000000000000000000000000000000000000000000000000000000000000000000000000000000000000000000000000000200000000000000000000000000000000000000000000000000000000	2	2	0	471	567	471	82.7	38.0	0.1327744088
0x40000000000000000000000000000000000000000000000000000000000000000000000000000000000000000004000000000000000000200000000000000000000000000000000000000000000000000000000000000000000000000000200000000000000000000000000000000000000000000000080000000	5	5	0	468	567	468	14.1	20.0	0.0099151348
0x40000000000000000000000000000000000000000000000000000000000000000000000000000000000000000004000001000000000000200000000000000000000000000000000000000000000000000000000000000000000000000000200000000000000000000000000000000000000000000000080000000	6	6	0	467	567	467	85.5	36.0	0.0422144004
0xc000000000000000000000000000000000000000000000000000000000	2	2	0	471	567	471	99.7	100.0	0.2489482709
0xc000000000000000000000000000000000000000000000002000000000	3	3	0	470	567	470	92.4	89.0	0.115167522
0x100000000000000000000000000000000000000000000000000000000000000000000000000000000000000000000000000000000000000000000000000000000000000000000000000000000000000000000000000000c000000000000000000000000000000000000000000000002000000000	4	4	0	469	567	469	48.3	45.0	0.020190296
0x100000000000000000000000000000000000000000000000000000000000000000000000000000000000000000000000000000000000000000000000000000000000000000000000000000000000000000080000000000c000000000000000000000000000000000000000000000002000000000	5	5	0	468	567	468	81.4	59.0	0.0427203142
0x20000200000000000000000000000000000000000000000000000000000	2	2	0	471	567	471	88.5	94.0	0.0544152299
0x20000000000000000000000000000000000000000000000000000000000000000000000000000000000000000000000000000000000000000000000000000000000000000000000000000020000200000000000000000000000000000000000000000000000000000	3	3	0	470	567	470	73.9	79.0	0.0599725267
0x20000000000000000000000000000000000000000000000000000000000000000000000000000000000000000000000000000000000000000000000000000000000000000000000000000020000200000000000000000000040000000000000000000000000000000	4	4	0	469	567	469	52.8	35.0	0.0144369915
0x100000000000000000000002000000000000000000000000000000000000000000000000000000000000000000000000000000000000000000000000000000000000000000000000000000000000000000080000000002c000200000000000000000000040000000000000000000002000000000	9	9	0	464	567	464	90.5	64.0	0.039999414
0x80000000000000200000000000000000000000000000000000000000000000000000000000000000000000000000000000000000000000	2	2	0	471	567	471	87.5	95.0	0.0647699457
0x80000000000000200000000000000000000000000000000000000000100000000000000000000000000000000000000000000000000000	3	3	0	470	567	470	93.9	93.0	0.0977427351
0x2000000000000000000000000000000000000000000000000000000000000000000000000000000000000000000000000000000000000000000000000000000000000000080000000000000200000000000000000000000000000000000000000100000000000000000000000000000000000000000000000000000	4	4	0	469	567	469	0.0	23.0	0.0057880325
0x200000000000000100000000000000000000002000000000000000000000000000000000000000000000000000000000000000000000000000000000000000000000000008000000000000020000000000000000000000000080000000002c000300000000000000000000040000000000000000000002000000000	13	13	0	460	567	460	74.1	45.0	0.0272549969
0x8000000000000000000000000000000000000000000000000000000000000000000000000000000001000000000000000000000000000000000000000000000000000000000000000000000000000000000000000000000000000000000000000000000000000	2	2	0	471	567	471	95.0	97.0	0.083587293
0x200000000000000100000000000000000000002000800000000000000000000000000000000000000000000000000000000000000000000000000000000100000000000008000000000000020000000000000000000000000080000000002c000300000000000000000000040000000000000000000002000000000	15	15	0	458	567	458	76.8	68.0	0.0235261001
0x200000000000000100000000000000000000002000800000000000000000000000000000000000000000000000000000000000000000000000000000000100000000000008000000000000020000000000000000000000000080000001002c000300000000000000000000040000000000000000000002000000000	16	16	0	457	567	457	67.2	20.0	0.0267204994
0x204000000000000100000000000000000000002000800000000000000000000000000000000000000000000000000400000100000000000020000000000100000000000008000000000000020000000000000000000000000080000001002c200300000000000000000000040000000000000000000002080000000	22	22	0	451	567	451	85.4	65.0	0.039554682
0x1000000000000000000000000000000000000000000000000000000000000000000000000000000000000000000000000000000000000000000000000000000000000000000002000000000000000000000000000000	2	2	0	471	567	471	89.0	86.0	0.0549154017
0x1000000000000000000000000000000000000000000000000000000000000000001000000000000000000000000000000000000000000000000000000000000000000000000002000000000000000000000000000000	3	3	0	470	567	470	96.5	98.0	0.1078640015
0x800000000000000000000000000000000000000000000000000040000000000000000000000000000000000000000000000000000000000000000000000000000000000000000000000000000000000000000000000000000000000000000000000000000000000000	2	2	0	471	567	471	99.4	100.0	0.2224155454
0x200002000000000000000000000000000000000000000000000000000000000000000000000000000000000000000000000000000000000000000000000000000000000000000000000000000000000000000000000000000000000000000000000000000000000000	2	2	0	471	567	471	88.7	100.0	0.059134197
0x800000000000000000000000200002000000000000000000000000000000000000000000000000000000000000000000000000000000000000000000000000000000000000000000000000000000000000000000000000000000000000000000000000000000000000000000000000000000000000	3	3	0	470	567	470	82.3	82.0	0.054821609
0x800000000000000000000000a00002000000000000000000000000000000000000000000000040000000000000000000000000000000000000000000000000000000000000000000000000000000000000000000000000000000000000000000000000000000000000000000000000000000000000	5	5	0	468	567	468	83.9	76.0	0.0608287014
0x200000000000400000000000000000000000000000000000000000000000000000000000000000000000000000000000000000000000000000000000000000000000000000000000000000000000000000000000000000000000000000000000000000	2	2	0	471	567	471	91.1	79.0	0.0847691626
0x200000000000400000000004000000000000000000000000000000000000000000000000000000000000000000000000000000000000000000000000000000000000000000000000000000000000000000000000000000000000000000000000000000	3	3	0	470	567	470	97.8	99.0	0.177805401
0x800000000000000000000000a00002000000200000000000400000000004000000000000000040000000000000000000000000000000000000000000000000000000000000000000000000000000000000000000000000000000000000000000000000000000000000000000000000000000000000	8	8	0	465	567	465	81.3	39.0	0.0461027919
0x800000000000000000000000a00002000000200000000000400000000004001000000000000040000000000000000000000000000000000000000000000000001000000000000000000000000000000000000000000000000000000000000000000000000002000000000000000000000000000000	11	11	0	462	567	462	88.5	50.0	0.0366277297
0x2040000000000801000000000000000000000a2000a00000020000000000040000000000400100000000000004000400000100000000000020000000000100000000000008000100000000020000000000000000000000000080000001002c200300000000000000000000042000000000000000000002080000000	33	33	0	440	567	440	93.5	44.0	0.0840035755
0x40000000000000000001000000000000000000000000000000000000000000000000000000000000000000000000000000000000000000000000000000000000000000000000000000000000000000000000000000000000000000000000000000000000000000000000000000000000000000	2	2	0	471	567	471	78.6	46.0	0.0274122935
0x2040000000000801040000000000000000001a2000a00000020000000000040000000000400100000000000004000400000100000000000020000000000100000000000008000100000000020000000000000000000000000080000001002c200300000000000000000000042000000000000000000002080000000	35	35	0	438	567	438	78.1	50.0	0.0239516468
0x200000000000000000000000000000000000000000001000000000000000000000000000000000000000000000000000000000000000000000000000000000000000000000000000000000000000000000000000000000000000000000000000000000000000000000000000000000000000000	2	2	0	471	567	471	91.9	89.0	0.1190727422
0x200000000000000000000000000000000000000000001000000000000000000000000000000000000000000000000000000000000000000000000000000000000000000000000000000000000000000000000000000000000000000000000000000000000000000000000000000001000000000	3	3	0	470	567	470	83.1	83.0	0.0579821435
0x400000000000004000000000000000000000000000	2	2	0	471	567	471	61.3	65.0	0.0443624433
0x10000000000000000000000000000000000000000000000000000000000000000000000000000000000000000000000000000000000000000000000000000000000000000000000000000000000000000000000000000000000000000000400000000000004000000000000000000000000000	3	3	0	470	567	470	85.0	87.0	0.0869113287
0x210000000000000000000000000000000000000000001000000000000000000000000000000000000000000000000000000000000000000000000000000000000000000000000000000000000000000000000000000000000000000000000400000000000004000000000000000001000000000	6	6	0	467	567	467	94.0	96.0	0.1264082202
0x210000000000000000000000000000000000000000001000000000000000000000000000000000000000000000000000001000000000000000000000000000000000000000000000000000000000000000000000000000000000000000000400000000000004000000000000000001000000000	7	7	0	466	567	466	55.7	56.0	0.0654252391
0x2040000000000801250000000000000000001a2000a00000020000000000140000000000400100000000000004000400000100000000000020100000000100000000000008000100000000020000000000000000000000000080000001002c200300000000000400000000042004000000000000000003080000000	42	42	0	431	567	431	99.1	97.0	0.1960228899
0x2040000000000801250000000000000000001a2000a00000020000000000140000000000400100000000000004000400000100000000000020100000000100004000000008000100000000020000000000000000000000000080000001002c200300000000000400000000042004000000000000000003080000000	43	43	0	430	567	430	66.5	35.0	0.0142813127
0x2040000000000801250000000000000000001a2000a00000020000000000140000000000400100000000000004000400000100000000000020100000000100004000000008000100000000020000000000000000000000000080000001002c200300000000000400000000046004000000000000000003080000000	44	44	0	429	567	429	92.7	56.0	0.0720395623
0x42048040000001801250400000080000000001a2001a000000200400000015400000000004009181000001002040014000001000a0280000260108040008100005004000008000100002009020000240000000312000000000280002801002c20030500004100040000200005600400c880200000000203280200010	99	97	2	376	565	378	75.8	51.0	0.0227151454
0x42048040000001801250400000080000000001a2001a000000200400000015400000000004009181000001002040014000001000a0280000268108040008100005004000008000100002009020000240000000312000000000280002801002c20030500004100040000200005600400c880200000000203280200010	100	98	2	375	565	377	71.5	43.0	0.03654456
0x10000000000000000000000000000000000000000000000000000000000000000000000000000000000000000000000000000000000000000000800000000000000000	2	1	1	472	566	473	98.7	100.0	0.157486933
0x1000000000010000000000000000000000000000000000000000000000000000000000000000000000000000000000000000000000000000000000000000000800000000000000000	3	2	1	471	566	472	35.7	39.0	0.0430513475
0x8000000000000000000000000000000000000000000000000000000000000000000080000000000000000000000000000000000000000000000000000000000000000	2	2	0	471	567	471	95.4	95.0	0.0775400107
0x8000000008000000000000000000000000000000000000000000000000000000000080000000000000000000000000000000000000000000000000000000000000000	3	3	0	470	567	470	44.9	53.0	0.0297943771
0x8000000008000000000000000000000000000000000000000000000000080000000080000000000000000000000000000000000000000000000000000000000000000	4	4	0	469	567	469	72.4	35.0	0.0167065007
0x1000000000018000000008000000000000000000000000000000000000000000000000080000000080000000000000000000000000000000000000000000000800000000000000000	7	6	1	467	566	468	85.9	58.0	0.0588205057
0x42048040000001801250400000080000000001a2001a000000200400000015400000000004009181000001002040014000001001a028000026990804000890000500400000800010000200902000024000000031200000800028000a801002c20030500004100040000200005600400c880200800000203280200010	107	104	3	369	564	372	82.8	75.0	0.0414987544
0x800000000000000000000000000000000000000000000000000000000000000000000000000000000000000000000000000000000000000000000000000000000000000000000000000000200	2	2	0	471	567	471			0.0
0x10000000000000000000000000000000000000800000000000000000000000000000000000000000000000000000000000000000000000000000000000000000000000000000000000000000000000000000000000000000000000000000200	3	3	0	470	567	470			0.0
0x10000000000010000000000000000000000000000000000000800000000000000000000000000000000000000000000000000000000000000000000000000000000000000000000000000000000000000000000000000000000000000000000000000000200	4	4	0	469	567	469			0.0
0x10000000000010000000000000000000000000000000000000800000000000000000000000000000000000000000000000000000000000000000000000000000000000000000000000000000000000000000000000000000100000000000000000000000200	5	5	0	468	567	468			0.0
0x90000000000010000000000000000000000000000000000000800000000000000000000000000000000000000000000000000000000000000000000000000000000000000000000000000000000000000000000000000000100000000000000000000000200	6	6	0	467	567	467			0.0
0x90000000000030000000000000000000000000000000000000800000000000000000000000000000000000000000000000000000000000000000000000000000000000000000000000000000000000000000000000000000100000000000000000000000200	7	7	0	466	567	466			1e-06
0x90000000000030000000000000000000000000000000000000800000000000000000000000000000000000000000000000000000000000000000000000000000000000000000000000000000000000000000000000000000100000000000000000000080200	8	8	0	465	567	465	0.0	99.0	2.711e-06
0x100000000000000000000000000000000000000000000000000000000000000000000000000000000000000000000000000000000000000000000000000000000000000000000000000000000000000000000000000000000000000000000000000000000000000000000000008000	2	2	0	471	567	471			0.0
0x100000000000000000008000000000000000000000000000000000000000000000000000000000000000000000000000000000000000000000000000000000000000000000000000000000000000000000000000000000000000000000000000000000000000000000000000008000	3	3	0	470	567	470			2.2481e-06
0x100000000000000000008000000000000000000000000000000000000000001000000000000000000000000000000000000000000000000000000000000000000000000000000000000000000000000000000000000000000000000000000000000000000000000000000000008000	4	4	0	469	567	469	76.3	100.0	0.0140292371
0x800000000000000000000000000000000000000000000000000000000000000000000000000000000000000000000000000000000000000000000000000000000004000000000000000000000000000000000000000000000000000000000000000000000000	2	2	0	471	567	471			0.0
0x10000000800000000000000000000000000000000000000000000000000000000000000000000000000000000000000000000000000000000000000000000000000000000004000000000000000000000000000000000000000000000000000000000000000000000000	3	3	0	470	567	470			0.0
0x10000000800000000000000000000000000000000000000000000000000000000000000000000000000000000000000000000000000000000000004000000000000000000004000000000000000000000000000000000000000000000000000000000000000000000000	4	4	0	469	567	469			0.0
0x4000000000000010000000800000000000000000000000000000000000000000000000000000000000000000000000000000000000000000000000000000000000004000000000000000000004000000000000000000000000000000000000000000000000000000000000000000000000	5	5	0	468	567	468			1e-06
0x4000000000000010000000800000000000000000000000000000000000000000000000000000000000000000000000000000000000000000000000000000000000004000000000000000000014000000000000000000000000000000000000000000000000000000000000000000000000	6	6	0	467	567	467	80.8	99.0	0.0136222913
0x4000100000000010000000808000000000000000000000000000000000000000001000000000000000000000000000000000000000000000000000000000000000004000000000000000000014000000000000000000000000000000000000000000000000000000000000000000008000	10	10	0	463	567	463	77.8	72.0	0.0139651934
0x4000100000000010000000898000000000030000000000000000000000000000001000000800000000000000000000000000000000000000000000000000000000004000000000000000000014000000000000000000000000000000000000000000000100000000000000000000088200	18	18	0	455	567	455	61.2	72.0	0.0090405274
0x1000000000000000000000000000000000000000000000000000100000000000000000000000000000000000000	2	2	0	471	567	471	77.8	100.0	0.0186036758
0x4000100000000010000000898000000000030000000000000000000000000000001000000800000000000000000000000000000000000000000000000000000000004001000000000000000014000000000000000000000000000000000100000000000100000000000000000000088200	20	20	0	453	567	453	97.1	99.0	0.1047083444
0x10000000000000000000000000000000000000000000000000000000000000000000000000000000000000000080000000000000	2	2	0	471	567	471	65.9	98.0	0.0080196428
0x200000000000000000000000000000000000000000000000000000000000000000000000000000000000000000040000000000000000000000000000000000000000000000000000000000000000000000000000000000000000000000000000000000000000000000000000000000000000000000000000	2	2	0	471	567	471	94.7	100.0	0.069147976
0x200000000000000000000000000000000000000000000000000000000000000000040000000000000000000000040000000000000000000000000000000000000000000000000000000000000000000000000000000000000000000000000000000000000000000000000000000000000000000000000000	3	3	0	470	567	470	87.9	94.0	0.0437982955
0x200000000000000000000000000000000000000000000000000000000000000000040000000000000000000000040000000000000000000000000000000000000000000010000000000000000000000000000000000000000000000000000000000000000000000000000000000000000080000000000000	5	5	0	468	567	468	86.9	82.0	0.0230168791
0x20000000000000000000000000000000000000000000000000000000000000000000000000000000000000000000000000000000000000000000000000000000000000000000000000000000000000000000000000000000000000000000000000000000000040000000000000000000000000000	2	2	0	471	567	471			0.0
0x20000000000000000000000000000000000000000000000000000000000000000000000000000000000000000000000000000000000000000000000000000000000000000000000000000000000000000000000000000000000010000000000000000000000040000000000000000000000000000	3	3	0	470	567	470			0.0
0x20000000000000000000000000000000000000000000000000000000000000000000000000000000000000000000000000000000000000000000000000000000000000000000000000000000000000000000008000000000000010000000000000000000000040000000000000000000000000000	4	4	0	469	567	469			2.6042e-06
0x20000000000000000000000000000000000000000000000000000000000000000000000000000000000000000000000000000000000000000000000000000000000000000000000000000000000000000000008000000000000010000000000000000000000240000000000000000000000000000	5	5	0	468	567	468	0.0	100.0	2.7513e-06
0x200000020000000000000000000000000000000000000000000000000000000000040000000000000000000000040000000000000000000000000000000000000000000010000000000000000000000000000000000008000000000000010000000000000000000000240000000000000080000000000000	10	10	0	463	567	463	97.2	99.0	0.1201300228
0x200000020000004000100000000010000000898000000000030000000000000000040000000000001000000800040000000000000000000000000000000000000000000010000000004001000000000000000014000008000000000000010000000000000100000000240100000000000080000000088200	30	30	0	443	567	443	74.0	54.0	0.0206830192
0x200000020000004000100000000010000000898000000000030000000000000000040000000000001000000800040000000000000000000000000000000000000000000010000000044001000000000000000014000008000000000000010000000000000100000000240100000000000080000000088200	31	31	0	442	567	442	61.4	53.0	0.0117302323
0x200000020000004000100000000010000000898000000000030000000000000000040000000000001000000800040000000000000000000000000000000000000000000010000000044011000000000000000014000008000000000000010000000000000100000000240100000000000080000000088200	32	32	0	441	567	441	96.6	96.0	0.1045612761
0x100000000000000000000000000000000000000000000000000000000000000000000000000000000000000000000800000000000000000000000000000000000000000000000000000000000000000	2	2	0	471	567	471	98.5	100.0	0.1572747336
0x100000000000000000000000000000000000000000000000000000000000000000000000000000000000000000000800000000000000000000000000000040000000000000000000000000000000000	3	3	0	470	567	470	20.5	24.0	0.0226603794
0x100000000000000000000000000000000000000000000000000000000000000000000000000000000000000000000800000000000000000000000000000040000000000004000000000000000000000	4	4	0	469	567	469	94.9	95.0	0.0890424113
0x100000000000000000000000000000000000000000000000000000000000000000000000000000000000000000080800000000000000000000000000000040000000000004000000000000000000000	5	5	0	468	567	468	55.6	34.0	0.0436088654
0x24000000000000000000000000000000000000000000000000000000000000000000000000000000000000000000000000000000000000000000000000000000000000000000000000	2	2	0	471	567	471	52.5	33.0	0.0277322217
0x100000000000024000000000000000000000000000000000000000000000000000000000000000000000000000080800000000000000000000000000000040000000000004000000000000000000000	7	7	0	466	567	466	96.1	100.0	0.1355578361
0x200000020000004000100000000010000000898000000000030000000000000000040000000000001100000800040024000000000000000000000000000000000000000010000000044011000000000000000014000088800000000000010000000000000100040000240100004000000080000000088200	39	39	0	434	567	434	79.4	72.0	0.0305359381
0x8000000000000000000000000000000000000000000000000000000000000000000000000000000000000008000000000000	2	1	1	472	566	473	94.9	99.0	0.0992693048
0x800000000000000000000000000000000000000000000000000000000000000000000000000000000000000000000000000000000000000000000000000000000000000000000000000000000000000000000000200000000000000000000000000000000000000000000000000000000000000000000000000000	2	2	0	471	567	471	94.0	100.0	0.0835156166
0x800000000000000000000000000000000000000000000000000000000000000000000000000000000000000000000000000000000000000000000000000000000000000000000000000000000000000000000000a00000000000000000000000000000000000000000000000000000000000000000000000000000	3	3	0	470	567	470	36.1	62.0	0.0288809221
0x800000000000000000000000000000000000000000000000000000000000000000000000000000000000000000000000000000000000000000000000000000000000000000000000008000000000000000000000a00000000000000000000000000000000000000000000000000000000000000008000000000000	5	4	1	469	566	470	86.5	88.0	0.0596027836
0x200000000000000000000000000000000000000000000000000000000000000000000000000000000000000000000000000000000000000000000000000800000000000000000000000000000000000000000000000000000000000000000000000000000000000000000000000000000000000000	2	2	0	471	567	471	96.8	98.0	0.1189463813
0x800000000000200000000000000000000000000000000000000000000000000000000000000000000000000000000000000000000000000000000000000000000000000800000000008000000000000000000000a00000000000000000000000000000000000000000000000000000000000000008000000000000	7	6	1	467	566	468	75.1	67.0	0.0529150288
0x800000000000200000000000000000000000000000000000000000000000000000000000000000000000000000000000000000000000000000000000000000000000000800000000008000000000000000008000a00000000000000000000000000000000000000000000000000000000000000008000000000000	8	7	1	466	566	467	50.9	60.0	0.0647897781
0x800000000000200000000000000000000000000000000000000000000000000000000000000000000000000000000000000000000000000000000000000000000000000800000000008000000000000000008000a00000000000000000001000000000000000000000000000000000000000000008000000000000	9	8	1	465	566	466	99.0	100.0	0.2757653005
0x4000000000000000000000000000000000000000000000000000000000000000000000000000000000000000000000000000000000000000000000000000000000000010000000000000000000000000000000000000000000000000000000	2	2	0	471	567	471	78.9	81.0	0.1351091018
0x4000000000000000000000000000000000000000000000000000000000000000000000000000000000000000000000000000000000000000000000000000000000000010000000000000000000000000800000000000000000000000000000	3	3	0	470	567	470	92.6	98.0	0.2072855009
0x4000000000000000000000000080000000000000000000000000000000000000000000000000000000000000000000000000000000000000000000000000000000000010000000000000000000000000800000000000000000000000000000	4	4	0	469	567	469	95.8	95.0	0.1128790261
0x4000000000000000000000000080000000000000000000000000000000000000000000000000000000000000000000000000000000000000000000000000000000000010000000000000000000000000800000000000000020000000000000	5	5	0	468	567	468	76.9	62.0	0.0157606234
0x10000000000000000000000000000000000000000000000000000000000000000000000000000004000000000000000000000000000000000000000000000000000000000000000000000000000000000000000000000000000000000000000000000000000000000000000000	2	2	0	471	567	471	75.7	75.0	0.0145978533
0x10000000000000000000000000000000000000000000000000000000000000000000000000000004000000000000000000000000000000000000400000000000000000000000000000000000000000000000000000000000000000000000000000000000000000000000000000	3	3	0	470	567	470	88.8	89.0	0.0437680875
0x10000000000000000000000000004000000000000000000000000080000000000000000000000004000000000000000000000000000000000000400000000000000000000000000000000000000000000010000000000000000000000000800000000000000020000000000000	8	8	0	465	567	465	75.6	89.0	0.0331127193
0x800000000000200000000000000010000000000000000000000000004000000000000000000000000080000000000000000000000004000000000000000000000000000800000000408000000000000000008000a00000000000000000001010000000000000000000000000800000000000000028000000000000	17	16	1	457	566	458	80.4	77.0	0.073017358
0x20000000000000000000000000000000000000000000000000000000000000000000000000000000000000000000000000002000000000000000000000000000000000000000000000000000000	2	2	0	471	567	471	0.0	70.0	2.0668e-06
0x20000000000000000000000000000000000000000000000000000000000000000000000000000000000000000000000000006000000000000000000000000000000000000000000000000000000	3	3	0	470	567	470	72.0	56.0	0.0243745151
0x20000000000000000000000000000000000000000000000000000004000000000000000000000000000000000000000000006000000000000000000000000000000000000000000000000000000	4	4	0	469	567	469	41.9	78.0	0.0434472302
0x80000000000020000000000000001000000000000000000000000000400000000000000000000000008000000002000000000000000400000000000000000000000000080000000040c000000000000000008000a00000000000000000001016000000000000000000000000800000000000000028000000000000	21	20	1	453	566	454	95.2	95.0	0.0804322468
0x80000020000022000000400010001000001000000089800000000003400000000000000004000000008000110002080004002400000400000000000000000000000000080000001040c000044011000000008000a00014000088800000001016010000000000000100040000a401000040000000a8000000088200	60	59	1	414	566	415	83.2	75.0	0.0309645513
0x200000000000000000000000000000000000000000000008000000000000000000000000000000000000000000000000000000000000000000000000000000000000000000000000000000000000000000	2	2	0	471	567	471	85.6	91.0	0.0474564626
0x1000000000000000000000000000200000000000000000000000000000000000000000000008000000000000000000000000000000000000000000000000000000000000000000000000000000000000000000000000000000000000000000	3	3	0	470	567	470	91.6	95.0	0.0537992748
0x8000000000000000000000000000000000000000000000000000000000000000000000000000000200000000000000000000000000000000000000000000000000000000000000000000000000000000000000000000000000000000000000000000000000000000000000000000000000	2	2	0	471	567	471			2.462e-06
0x8000000000000000000000000000000000000000000000000000000000000000000000000000004200000000000000000000000000000000000000000000000000000000000000000000000000000000000000000000000000000000000000000000000000000000000000000000000000	3	3	0	470	567	470	88.5	100.0	0.070293892
0x8000000000000000000000000000000000000000000000000000000000000000000000000000004200000000000000800000000000000000000000000000000000000000000000000000000000000000000000000000000000000000000000000000000000000000000000000000000000	4	4	0	469	567	469	69.4	72.0	0.0627867122
0x8000000000000000000000000000000000001000000000000000000000000000200000000000004200000000000000800000000000000008000000000000000000000000000000000000000000000000000000000000000000000000000000000000000000000000000000000000000000	7	7	0	466	567	466	74.5	59.0	0.0261871115
0x80000020000022000000c00010001000001000000089800000000003500000000000000004000000008020110002080004422400000400000080000000000000000800080000001040c000044011000000008000a00014000088800000001016010000000000000100040000a401000040000000a8000000088200	67	66	1	407	566	408	97.0	99.0	0.1112143689
0x42848040200001a2125040c000180010000011a2001a898000200400035015400000000004049181000081203140034800045225a0280400269988040008900005004800088000101042c09024401340000000b120a000940028888a801002d216315000041000400102040056a4410c8842008000a8203280288210	174	170	4	303	563	307	86.2	85.0	0.0600056364
0x40000000000000000000000000001000000000000000000000000000000000000000000000000000000000000000000000000000000000000000000000000000000000000000000	2	2	0	471	567	471	0.0	94.0	2.0292e-06
0x40000000000000000000000000001000000000000000000000000000000000000000000000002000000000000000000000000000000000000000000000000000000000000000000	3	3	0	470	567	470	70.2	92.0	0.0111504528
0x42848040200001a2125040c000180010000011a2001a898000200400035015400000000004049181000081203140034800045225a4280400269988040008900005004900088000101042c09024401340000000b120a0009400288a8a801002d216315000041000400102040056a4410c8842008000a8203280288210	177	173	4	300	563	304	95.0	92.0	0.1078730996
0x400000000000000000000000000000000000000000000000000000000000000000000000000000000000000000000000000000000000000000000000000000000001000000000000000000000000000	2	2	0	471	567	471	34.5	53.0	0.0107504696
0x20000000400000000000000000000000000000000000000000000000000000000000000000000000000000000000000000000000000000000000000000000000000000000001000000000000000000000000000	3	3	0	470	567	470	97.0	100.0	0.1536328826
0x42848040200001a2125040c000180010000011a2001a898000200400035015400000000004049181020081203540034800045225a4280400269988040008900005004900088000101042c09024401340000000b120a0009400288a8a801002d216315000041000400102040056a4510c8842008000a8203280288210	180	176	4	297	563	301	97.1	91.0	0.1390754114
0x42848040200001a2125040c000180010000011a2001a898000200400035015400001000004049181020081203540034800045225a4280400269988040008900005004900088000101042c09024401340000000b120a0009400288a8a801002d216315000041000400102040056a4510c8842008000a8203280288210	181	177	4	296	563	300	0.0	26.0	2.9835e-06
0x10000000000000000000000000000000000000000000000000000000000000000000000000020000000000000000000000000000000000000000000000000000000000000000000000000000000000000000000000000000000000	2	2	0	471	567	471	84.8	89.0	0.0423929644
0x90000000000000000000000000000000000000000000000000000000000000000000000000020000000000000000000000000000000000000000000000000000000000000000000000000000000000000000000000000000000000	3	3	0	470	567	470	88.0	78.0	0.0538024691
0x42848040200001a2125040c000180010000011a2001a898000200400035015400091000004049181020081203540034800045225a4280400269988040008900005004900088002101042c09024401340000000b120a0009400288a8a801002d216315000041000400102040056a4510c8842008000a8203280288210	184	180	4	293	563	297	81.1	37.0	0.0232180125
0x8004001a290c01200800031400000140020088c0088a8010000004409a4003000400020aaa00282024000250128010d0000302000000001166000001500b42420a10001003404d2045020800089095000d2332820200000801aa804000110a500000040522a088080098a011010001004000102804800012804d010081	166	166	0	307	567	307	77.2	52.0	0.0318135131
0x200000000000000000000000000000000000000000000000000004000000000000000000000000000000000000000000000000000000000000000000000000000000000000000000000000000000000000000	2	2	0	471	567	471	70.9	63.0	0.0132613761
0x80000000200000000000000000000000000000000000000000000000000004000000000000000000000000000000000000000000000000000000000000000000000000000000000000000000000000000000000000000	3	3	0	470	567	470	99.2	100.0	0.1434864814
0x8004001a290c01200800031400000140020088c0088a8010000004409a4003000400020aaa00202024000050128010d0000302000000001166000001500b42420a10001003004d2045020800089095000d2332820200000801aa804000110a500000040522a088080098a011010001004000102804800012804d010081	163	163	0	310	567	310	34.2	43.0	0.0268845416
0x2000000000000000000000000000000000000000000000000000000000000000000000000000000000000000000000000000000000000000000000000000000000000000008000000000000000000000000000000000000000000	2	2	0	471	567	471	94.6	98.0	0.1009549971
0x100000000000000040000000000000000000000000000000000000000000000000000000000000000000000000000000000000000000000000000000000000000000000000000000000000000000000000000000000000000000000000000000000000000000000000000000000000000000	2	2	0	471	567	471	89.6	90.0	0.054243584
0x100000000000000040000000000000000000000000000002000000000000000000000000000000000000000000000000000000000000000000000000000000000000000000000000000000000000000000000000000000000000000008000000000000000000000000000000000000000000	4	4	0	469	567	469	72.6	72.0	0.0301675579
0x100000000000000040000000000000000000000000000002000000000000000000000000000000000000000000000000000000000000000000000000200000000000000000000000000000000000000000000000000000000000000008000000000000000000000000000000000000000000	5	5	0	468	567	468	84.5	80.0	0.0645517166
0x100000000000000040000000000000000000000000000002000000000000000000000000000000000000000000000000000000000000000000000000200000000000000000000000000000000000000000000000000000000100000008000000000000000000000000000000000000000000	6	6	0	467	567	467	83.6	66.0	0.0421660451
0x420000000000000000000000000000000000000000000000000	2	2	0	471	567	471	88.6	100.0	0.0728186962
0x100000000000000000000000000000000000000000000000000000000000000000000000000000000000000000000000000000000000000000000000000000000000000000420000000000000000000000000000000000000000000000000	3	3	0	470	567	470	82.6	79.0	0.0510643974
0x100000000000000040000000000000000000000100000002000000000000000000000000000000000000000000000000000000000000000000000000200000000000000000000000000000000000000000000000000000000520000008000000000000000000000000000000000000000000	9	9	0	464	567	464	91.9	87.0	0.0889120366
0x8004001a290c0120080003040000014002008880088a8010000004409a4002000400000aaa00202024000050128010d0000302000000001166000001500b42420a10001003004d0045020800089095000d2332820200000801aa804000110a500000040002a088000098a011010001004000102804800012804d010081	154	154	0	319	567	319	95.9	83.0	0.1060987915
0x80000000000000000000000000000000000000000000000000000000000000000000000000000000000000000000000000000000000000000000000000000000000000000000000000000000000000000000000000000000000000000000000080	2	2	0	471	567	471	78.1	60.0	0.0134300946
0x40000000000000000000000000000000000000000000000000000000000000000000000000000000000000000000000000000020000000000000000000000000000000000000000000000000000000000000000000000000000000000	2	2	0	471	567	471	93.8	92.0	0.0421908839
0x80000000040000000000000000000000000000000000000000000000000000000000000000000000000000000000000000000000000000020000000000000000000000000000000000000000000000000000000000000000000000000000000080	4	4	0	469	567	469	43.9	36.0	0.0134044085
0x80000000040000000000000000000000000000000000000000000000200000000000000000000000000000000000000000000000000000020000000000000000000000000000000000000000000000000000000000000000000000000000000080	5	5	0	468	567	468	96.1	99.0	0.1473370768
0x80000000000000000000000000000000000000000000000000000000000000000000000000000000000000000000000000000000000000000000000000000000000000000000000000000000000000000000000000000000000000000000040000000000000000	2	2	0	471	567	471	100.0	100.0	0.3600044669
0x80000000000080000000040000000000000000000000000000000000000000000000200000000000000000000000000000000000000000000000000000020000000000000000000000000000000000000000000000000000000000000000040000000000000080	7	7	0	466	567	466	76.6	14.0	0.0344082766
0x1000000000000000000000000800000000000000000000000000000000000000	2	2	0	471	567	471			2.032e-06
0x1000000000000000000000001800000000000000000000000000000000000000	3	3	0	470	567	470	83.8	93.0	0.0127241203
0x1000000000000000000000001800000000000040000000000000000000000000	4	4	0	469	567	469	83.3	68.0	0.012929439
0x1000000000000000000000001800000000000040000000000000000000010000	5	5	0	468	567	468	100.0	100.0	0.2987455689
0x40001000000000000000000000001800000000000040000000000000000000010000	6	6	0	467	567	467	79.0	57.0	0.0237336667
0x20000000000000000000000000000000000000000000000000000000000000000000000000000000000000000000000010000000000000000000000000000	2	2	0	471	567	471	74.7	66.0	0.0131238329
0x20000000000000000000000000000000000000100000000000000000000000000000000000000000000000000000000010000000000000000000000000000	3	3	0	470	567	470	38.3	63.0	0.0262019085
0x20000000000000000000000000000000000000000000000000000000000000000000000000000000000000000000000000000000000000000000020000000000000000000000000000000000000100000000000000000000000000000000000000000000000000000000010000000000000000000000000000	4	4	0	469	567	469	99.7	99.0	0.1177883408
0x20000000000000000000000000000000000000000000000000000000000000000000000000000000000000000000000000000000000000000000020000000000000000000000000000000000000100000000000000000000000000000000000000000000000000010000010000000000000000000000000000	5	5	0	468	567	468	0.0	45.0	2.0724e-06
0x28000000000000000000000000000000000000000000000000000000000000000000000000000000000000000000000000000000000000000000020000000000000000000000000000000000000100000000000000000000000000000000000000000000000000010000010000000000000000000000000000	6	6	0	467	567	467	94.5	91.0	0.0757957395
0x28000000000000000000000000000000000000000000000000000000000000000000000000000000000000000000000000000000000000000000020000000000000000000000000000000000000100000000000000000040001000000000000000000000001800010000010040000000000000000000010000	12	12	0	461	567	461	81.6	42.0	0.0363882125
0x100000000000000000000000000000000000000000000000000000000000000000000000000000000000000000000000000000000000000000000000000000000000000000000000100000000000000000000000000000000000000000000000000000000000000000000000000000000000000000000	2	2	0	471	567	471	0.0	98.0	2.437e-06
0x100000000000000000000000000000000000000000000000000000000000000000000000000000000000000000000000000000000000000000000000000000000000000080000000100000000000000000000000000000000000000000000000000000000000000000000000000000000000000000000	3	3	0	470	567	470	0.0	65.0	2.1206e-06
0x120000000000000000000000000000000000000000000000000000000000000000000000000000000000000000000000000000000000000000000000000000000000000080000000100000000000000000000000000000000000000000000000000000000000000000000000000000000000000000000	4	4	0	469	567	469	96.6	98.0	0.0729795522
0x28000120000000000000000000000000000000000000000000000000000000000000000000000000000000000000000000000000000000000000020000000000000000000000080000000100000100000000000000000040001000000000000000000000001800010000010040000000000000000000010000	16	16	0	457	567	457	71.0	37.0	0.0167052756
0x1000000000000000000000000000000000000000000000000000000000000000000000000000040000000000000000000000000000000000000000000000000000	2	2	0	471	567	471	92.9	93.0	0.0825927631
0x80000000000000000000000000000000000000000000000000000000000000000000000000000001000000000000000000000000000000000000000000000000000000000000000000000000000040000000000000000000000000000000000000000000000000000	3	3	0	470	567	470	93.4	98.0	0.0884448267
0x8000000000000000000000000000000000000000000000000000000000000000000000000000000000000000000000000000400000000000000000000000000000000000000000000000000000000000	2	2	0	471	567	471	99.9	100.0	0.242236409
0x80000000000000000000000000000000000000000000000008000000000000000000000000000001000000000000000000000000000000000000000000000000000000000000000000000400000040000000000000000000000000000000000000000000000000000	5	5	0	468	567	468	84.9	86.0	0.0691774809
0x80000000000000000000000000000000000000000000000008000000000000000000000000000001000000000000000000000000000000000000000000000000000000000000000000000400000040000000000000000000000000000000000000000008000000000	6	6	0	467	567	467	81.6	48.0	0.0538076757
0x28000120000000000000000000000000080000000000000000000000000000000000000000000000008000000000000000000000000000001000020000000000000000000000080000000100000100000000000000000040001000400000040000000000001800010000010040000000000000008000010000	22	22	0	451	567	451	23.8	25.0	0.0349825825
0x28000120000000000000000000000080080000000000000000000000000000000000000000000000008000000000000000000000000000001000020000000000000000000000080000000100000100000000000000000040001000400000040000000000001800010000010040000000000000008000010000	23	23	0	450	567	450	86.6	69.0	0.0560212797
0x10000000000000000000000000000000000000000000000000000000000000000000000000000000000000000000000000000000000000000000000000000000000000000000000000000000000000000000000000000000000000000100000000000000000000000000000000000	2	2	0	471	567	471	83.8	70.0	0.0326357829
0x28000120000000000000010000000080080000000000000000000000000000000000000000000000008000000000000000000000000000001000020000000000000000000000080000000100000100000000000000000040001000400000040000000000001800110000010040000000000000008000010000	25	25	0	448	567	448	79.2	32.0	0.0311612552
0x200000000000000000000000000000000000000000000000000000000000000000000000000000000000000000000000000000000000000000000000000000000000000000000000000000000000000000000000000000000000000000000000000000040000000	2	2	0	471	567	471	85.8	100.0	0.028667689
0x200000000000002000000000000000000000000000000000000000000000000000000000000000000000000000000000000000000000000000000000000000000000000000000000000000000000000000000000000000000000000000000000000000040000000	3	3	0	470	567	470	74.8	76.0	0.0204867186
0x20000000000000000000000000000000000000000000000000000000000000000000000000010000000000000000000000000000000000000000000000000000000000000000000000000000000000000	2	2	0	471	567	471			0.0
0x20000400000000000000000000000000000000000000000000000000000000000000000000010000000000000000000000000000000000000000000000000000000000000000000000000000000000000	3	3	0	470	567	470			0.0
0x100000000000000000000000000000000000000000020000400000000000000000000000000000000000000000000000000000000000000000000010000000000000000000000000000000000000000000000000000000000000000000000000000000000000	4	4	0	469	567	469			0.0
0x100000000000400000000000000000000000000000020000400000000000000000000000000000000000000000000000000000000000000000000010000000000000000000000000000000000000000000000000000000000000000000000000000000000000	5	5	0	468	567	468			2.4662e-06
0x100000000000400000000000000000000000000000020000400000000000000000000000000000000000000000000000000000000000000000000030000000000000000000000000000000000000000000000000000000000000000000000000000000000000	6	6	0	467	567	467	0.0	98.0	2.9803e-06
0x200100000000002400000000000000000000000000000020000400000000000000000000000000000000000000000000000000000000000000000000030000000000000000000000000000000000000000000000000000000000000000000000000000040000000	9	9	0	464	567	464	90.9	65.0	0.0148990331
0x200100000000002400000000000000000000000000000020000400000000000000000000000000000000000000000000000000000000000000000000032000000000000000000000000000000000000000000000000000000000000000000000000000040000000	10	10	0	463	567	463	99.1	100.0	0.1917735877
0x200100000000002400000000000000000000000000000020000400000000000000000000000000000000000000000000000000000000000000000000232000000000000000000000000000000000000000000000000000000000000000000000000000040000000	11	11	0	462	567	462	81.1	77.0	0.0603137582
0x1000000000000000000000000000000000000000000000000000000000000000000000000000000000000000000000000000000000000000000000000000000000000000000000000000000000000000000000000000000000000000000000000000000000000000000000000000000000000020000000000	2	2	0	471	567	471	72.7	75.0	0.0162956277
0x1000000000000000000000000000000000000000000000000000000000000000000000000000000000000000000000000000000000000000000004000000000000000000000000000000000000000000000000000000000000000000000000000000000000000000000000000000000000000020000000000	3	3	0	470	567	470	78.4	66.0	0.0564308109
0x1000000000000000000000000000000000200100000000002400000000000000000000000000000020000400000000000000000000000000000004000000000000000000000000000000000000232000000000000000000000000000000000000000000000000000000000000000000000000020040000000	14	14	0	459	567	459	0.0	28.0	2.5989e-06
0x1000000000000000000000000000000000200100000000002400000000000000000000000000000020000400000000000000000000000000000004000000000000000000000000000000000000232000000000000000000000000000000000002000000000000000000000000000000000000020040000000	15	15	0	458	567	458	98.4	100.0	0.3063515699
0x3000000000000000000000000000000000000000000000000000000000000000000000000000000000000000000000000000000000000000000000000000000000000000000000000000000	2	2	0	471	567	471	99.9	100.0	0.4399261168
0x1000000000000000000000000000000000200100000000002400000000000000000000000000000020000400003000000000000000000000000004000000000000000000000000000000000000232000000000000000000000000000000000002000000000000000000000000000000000000020040000000	17	17	0	456	567	456	92.0	94.0	0.1841983746
0x1800000000000000000000000000000000000000000000000000000000000000000000000	2	2	0	471	567	471	89.2	97.0	0.0275651733
0x4000000000000000000000000000000001800000000000000000000000000000000000000000000000000000000000000000000000	3	3	0	470	567	470	0.0	64.0	2.7817e-06
0x4000000000000000000000000000000001800000000008000000000000000000000000000000000000000000000000000000000000	4	4	0	469	567	469	98.8	100.0	0.1750726751
0x1004000000000000000000000000000000001800000000008000000000000000000000000000000000000000000000000000000000000	5	5	0	468	567	468	76.8	40.0	0.0699122295
0x1000000000000000000000000000000000200100000000002400000000000000000000000000000020000400003000000000000000000000000004000000000000001004000000000000000000232000000000001800000000008000000000002000000000000000000000000000000000000020040000000	22	22	0	451	567	451	74.8	18.0	0.0347478403
0x29000120000000000000010000000080080200100000000002400000000000000000000000000000028000400003000000000000000000001000024000000000000001004000080000000100000332000000000001800040001008400000040002000000001800110000010040000000000000028040010000	47	47	0	426	567	426	83.2	31.0	0.0376405528
0x29000120000000000000010000000080080280100000000082400000040000000000000000000000028000400003000000000000200000001000024000000000000001004000080000000100000332020000000001800040001008400000040002000000001800110000010040000000040000028040010080	54	54	0	419	567	419	82.5	22.0	0.0423304204
0x40000000000000000000000000000000000000000000000000000000000400000000000000000000000000000000000000000000000000000000000000000000000000000000000000000000000000000000000000000000000000000000000000000	2	2	0	471	567	471	92.2	97.0	0.0587869845
0x40000000000000000000000000000000000000000000000000000000000400000000000000200000000000000000000000000000000000000000000000000000000000000000000000000000000000000000000000000000000000000000000000000	3	3	0	470	567	470	86.3	95.0	0.0451291487
0x29000120000000000000010000000080080280100000040082400000040000000000000000000000028000400003000000000000600000001000024200000000000001004000080000000100000332020000000001800040001008400000040002000000001800110000010040000000040000028040010080	57	57	0	416	567	416	89.2	23.0	0.0620008997
0x1000000000000000000000000000000000000000000000000000000000000000000000000000000000000000000000000000000000000000000000000000000000000000000000000000000000000000000000000000000000000000000000000000800000000000000000000000000000000000000000000000	2	2	0	471	567	471			2.7012e-06
0x1000000000000000000000000002000000000000000000000000000000000000000000000000000000000000000000000000000000000000000000000000000000000000000000000000000000000000000000000000000000000000000000000000800000000000000000000000000000000000000000000000	3	3	0	470	567	470	73.5	100.0	0.0150597346
0x1000000000000000000000000002000000000000000000000000000000000000000000000000000000000000000000000000000000000000000000000000000000000000000000000000000000000000000000000000000000000000000000000000800000000000000000000000000000000000000008000000	4	4	0	469	567	469	96.7	98.0	0.1043907575
0x44000000000000000000000000000000000000000000000000000000000000000000000000000000000000000000000000000000000000	2	2	0	471	567	471			1e-06
0x4c000000000000000000000000000000000000000000000000000000000000000000000000000000000000000000000000000000000000	3	3	0	470	567	470	93.1	100.0	0.1018113885
0x4000000000000000000000000000000000000000000000000000000000000000000000000000000000000000000000000000000000000000000004c000000000000000000000000000000000000000000000000000000000000000000000000000000000000000000000000000000000000	4	4	0	469	567	469	82.7	83.0	0.0552461962
0x4000000000000000000000000000000000000000000000000000000000000000000000000000000000000000000000000000000000000000000004c000000000000000000000000000000000000000000000000000000000000000000000000000000000000000000008000000000000000	5	5	0	468	567	468	99.7	100.0	0.2681584295
0x4000000000000000000000000000000000800000000000000000000000000000000000000000000000000000000000000000000000000000000004c000000000000000000000000000000000000000000000000000000000000000000000000000000000000000000008000000000000000	6	6	0	467	567	467	77.8	59.0	0.0259469276
0x4000000000000000000000000000000000000000000000000000000000000000000000000000000000040000000000000000000000000000000000000000000000000000000000000000000000000000000000000000000000000000000000000000000000000000000000000000	2	2	0	471	567	471	74.9	88.0	0.0162173049
0x4000000000000000000000000000000000000000000000000000000000000000000000000000000000040000000000000000000000000000000000000000000000000000800000000000000000000000000000000000000000000000000000000000000000000000000000000000	3	3	0	470	567	470	99.5	100.0	0.2195874701
0x4000000400000000000000000000000000800000000000000000000000000000000000000000000000000000004000000000000000000000000004c000000000000000000000000800000000000000000000000000000000000000000000000000000000000000000008000000000000000	9	9	0	464	567	464	93.6	87.0	0.1150644781
0x4000000400000000000000000000000000800000000000000000000000000000000000000000000000000000004000000000000000000000000004c000000000000008000000000800000000000000000000000000000000000000000000000000000000000000000008000000000000000	10	10	0	463	567	463	71.7	55.0	0.0106119343
0x4000000400000000000000000000000000800000000000000000000000000000000000000000002000000000004000000000000000000000000004c000000000000008000000000800000000000000000000000000000000000000000000000000000000000000000008000000000000000	11	11	0	462	567	462	62.7	50.0	0.0147842562
0x100000000000000004000000400200000000000000000000000800000000000000000000000000000000000000000002000000000004000000000000000000000000004c000000000000008000000000800000000000000000000000000000000000800000000000000000000000000000008000000008000000	15	15	0	458	567	458	94.9	83.0	0.0740931468
0x10000000000000000000000010000000000000000000000000000000000000000000000000000000000000000000000000000000000000000000000000000000000000000000000000000000000000000000	2	2	0	471	567	471	51.4	59.0	0.0137974113
0x20000010000000000000000000000010000000000000000000000000000000000000000000000000000000000000000000000000000000000000000000000000000000000000000000000000000000000000000000	3	3	0	470	567	470	75.9	35.0	0.0128690069
0x20000010000000000000000000000010000000000000000000000000000000000000000000000000000000000000000000000000000000000000000000000000000000000000000000000000000000100000000000	4	4	0	469	567	469	85.0	46.0	0.0358584504
0x40000000000000000000000000000000000000000000000000000000000000000000000000000000000000000000000000000000000004000000000000000000000000000000000000000000000000000000000000000000000000000000000000000000000000000000000000000000000000000000000	2	2	0	471	567	471			2.0798e-06
0x40000000000000000000000000000000000000000000000000000000000000000000000000000000000000000000000000000000000014000000000000000000000000000000000000000000000000000000000000000000000000000000000000000000000000000000000000000000000000000000000	3	3	0	470	567	470	82.5	90.0	0.0136017692
0x40000000000000000000000000000000000000000000000000000000000000000000000000000000000000000000000000000000000014000000000000010000000000000000000000000000000000000000000000000000000000000000000000000000000000000000000000000000000000000000000	4	4	0	469	567	469	93.3	99.0	0.0566993846
0x40000000000000000000000000000000000000000000000000000000000000000000020000010000000000000000000000010000000014000000000000010000000000000000000000000000000000000000000000000000000000000000000000000000000000000000000000000000000100000000000	8	8	0	465	567	465	93.9	58.0	0.0712239361
0x40000000000000000000000000000000000000000000000000000000000000000000020000010000000000000000000000010000000014000000000000010000000000000000000000000000000000000000000000000000000000000000000000000000080000000000000000000000000100000000000	9	9	0	464	567	464	98.3	65.0	0.092406836
0x100004000000000004000000400200000000000000000000000800000000000000000000002000001000000000000002000000001004000001400000000000001000004c000000000000008000000000800000000000000000000000000000000000800000000080000000000000000000008000100008000000	24	24	0	449	567	449	70.7	10.0	0.0109811055
0x4000000000000000000000000000000000000000000000000000000000000000000000000000000000000000000000000000000000000000000000000000000000000000000000000000008000000000000000000	2	2	0	471	567	471	0.0	13.0	2.5149e-06
0x28000000000000000000000000000000000000000000000000000000000000000000000	2	2	0	471	567	471	99.0	100.0	0.1312618925
0x800000000000000200000000000000000000000000000000000000000000000000000000000000000000000000000000	2	2	0	471	567	471	82.8	97.0	0.0353435357
0x800000000000000200000000028000000000000000000000000000000000000000000000000000000000000000000000	4	4	0	469	567	469	92.9	97.0	0.0614321034
0x8000000000000000000000000000000000000000000000000000000000000000000000000000000000000000000000000000000000000000000000100000000000000000000000000000000000000000000000000000000000000000000000000000000000000000000000	2	2	0	471	567	471	90.7	95.0	0.0499860875
0x8000000000000000000000000000000000000000000000000000000000000000000000000000000000000000000000000000000000000000000000900000000000000200000000028000000000000000000000000000000000000000000000000000000000000000000000	6	6	0	467	567	467	94.4	98.0	0.0750505687
0x8000000000000000000000000000000000000000000000000000000000000000000000000000000000000000000000000000000000000000000000900000080000000200000000028000000000000000000000000000000000000000000000000000000000000000000000	7	7	0	466	567	466	72.9	23.0	0.0159755999
0x8000000000000000000000000000000000000000000004000000000000000000000000000000000000000000000000000000000000000000000000900000080000000200000000028000000000000000000000000000000000000000000000000008000000000000000000	9	9	0	464	567	464	87.9	25.0	0.0483624918
0x100004000000000004000000400200800000000000000000000800000000000000000000002400001000000000000002000000001004000001400000000000001000004c000000000000908000080000800200000000028000000000000000000000800000000080000000000000000008008000100008000000	33	33	0	440	567	440	80.4	17.0	0.0403226075
0x102904012000000004000001400200808008028010000004008a40000004000000000000002400001002800040000302000000001064000001500002420000001000004d004000080000908100080332820200000001828040001008400000040002800000001880110000010040000008048000128048010080	90	90	0	383	567	383	72.5	13.0	0.0151725202
0x8004000a000800000800030000000000000008000088000000000040100002000000000aaa0020200000004010001090000000000000000102000000000b40000a100000030000000502000008001400052000000000000800280000000102100000000000208800008020000100000000001020000000000005000001	64	64	0	409	567	409	86.1	60.0	0.032968439
0x1000000000000000000000000000000000000000000000000000000000000000000000000000000000000000000000000000000000100000000000000000000000000000000	2	2	0	471	567	471	80.8	72.0	0.0389184581
0x30000000000000000000000000000000000000000000000000000000000000000000000000000000000000000000000000000000000000000	2	2	0	471	567	471	78.1	36.0	0.0272428797
0x1000000000000000000000000030000000000000000000000000000000000000000000000000000000000000000000000000000000100000000000000000000000000000000	4	4	0	469	567	469	77.2	47.0	0.0155810282
0x8004000a000800000800030000000000000008000088000000000040100002000000000aaa0020200000004010001090000000000000000002000000000b40000a100000000000000502000008001400052000000000000800280000000102100000000000208800008020000000000000001020000000000005000001	60	60	0	413	567	413	78.4	66.0	0.0150461546
0x1020000000000000000000	2	2	0	471	567	471	83.1	81.0	0.0236693817
0x2000000000000000000000000000000000000000000000000000000000000000000000000000000000000000000000000000000000000000000000000000000000000000000000000000000000000000000000000000000000000000000000000000000000000001020000000000000000000	3	3	0	470	567	470	80.1	54.0	0.0129639096
0x2000000000000000000000000000000000000000000000000000000000000000000000000000000000000000000000000000000000000000000000000000000000000000000000000000000000000000000000000100000000000000000000000000000000000001020000000000000000000	4	4	0	469	567	469	75.6	54.0	0.012886015
0x2000000000000000000000000000000000000000000000000000000000000000000000000000000000000000000000000000000000000000000000000000000000000000000000000000000000000000000000000100000000000200000000000000000000000001020000000000000000000	5	5	0	468	567	468	80.4	60.0	0.0253867955
0x10000000000000000000000000000000000000000000000000000000000000000000000000000000000000000000000000000000000000000000000000000000000000000000000000000000008000000000000000000000000000000000000000	2	2	0	471	567	471	96.1	97.0	0.1065461405
0x2000000000000000000000000000000000010000000000000000000000000000000000000000000000000000000000000000000000000000000000000000000000000000000000000000000000000000000000000100000000000200000008000000000000000001020000000000000000000	7	7	0	466	567	466	88.5	56.0	0.0276066761
0x800000000000000000000000000008000000000000000000000000000000000000000000000	2	2	0	471	567	471	88.0	72.0	0.0772900695
0x2000000000000000000000000000000000000000000008000000000000000000000000000000000000000000000000000000000000000000000000000000000000000000000000000000000000000000000000000000	2	2	0	471	567	471	99.1	100.0	0.1496515008
0x2000000000000000000000000000000000000000000008000000000000000000000000000000000000000000000000000000000000000100000000000000000000000000000000000000000000000000000000000000	3	3	0	470	567	470	54.0	48.0	0.0259968299
0x280000000000000000000000000000000000000000000000000000000000000000000000	2	2	0	471	567	471	99.6	100.0	0.1890782147
0x2000000000000000000000000000000000000000000008000000000000000000000000000000000000000000000000000000280000000100000000000000000000000000000000000000000000000000000000000000	5	5	0	468	567	468	81.5	42.0	0.0480663444
0x2000000000000000000000000000000000000000000008000000000000000000000000000000000000000000000000000800280000000100000000000000008000000000000000000000000000000000000000000000	7	7	0	466	567	466	0.0	54.0	2.7938e-06
0x2000000000000000000000000000000000010000000000000000000002000000000000000000000000000000000000000000008000000000000000000000000000000000000000000000000000800280000000100100000000000208000008000000000000000001020000000000000000000	14	14	0	459	567	459	63.1	57.0	0.0157373975
0x8004000a000800000800010000000000000008000088000000000040000002000000000aaa0020000000004010001090000000000000000002000000000340000a100000000000000502000008001400052000000000000000000000000002000000000000000800000020000000000000000000000000000005000001	46	46	0	427	567	427	80.7	26.0	0.0244931347
0x8004000a000800000800010000000000000008000088000000000040000000000000000aaa0020000000004010001090000000000000000002000000000340000a100000000000000502000008001400052000000000000000000000000002000000000000000800000020000000000000000000000000000005000001	45	45	0	428	567	428	92.1	43.0	0.0407032959
0x8000000000000000000000000000000000000000000000000000800000000000000000000000000000000000000000000	2	2	0	471	567	471	91.2	96.0	0.0432053654
0x100000000000000000000008000000000000000000000000000000000000000000000000000800000000000000000000000000000000000000000000	3	3	0	470	567	470	27.3	56.0	0.0260154654
0x800000000000000000000000000000000000000000000000000000000000000000000000000000000000000000000100000000000000000000008000000000000000000000000000000000000000000000000000800000000000000000000000000000000000000000000	4	4	0	469	567	469	0.0	52.0	2.0542e-06
0x800000000000000000000000000000000000000000000000000000000000000000000000000000000000000000000100000000000000000000008000000000000000000000000000000000000000000000000000800000000000000000000000000000000000001000000	5	5	0	468	567	468	91.6	75.0	0.0263658604
0x4000000000000000000000000000000000000000800000000000000000000000000000000000000000000000000000000000000000000000000000000000000000000000000000000000000000000000000000000000000000000000000000000000	2	2	0	471	567	471	0.0	60.0	2.5531e-06
0x800000000000000004000000000000000000000000000000000000000800000000000000000000000000000000000100000000000000000000008000000000000000000000000000000000000000000000000000800000000000000000000000000000000000001000000	7	7	0	466	567	466	86.8	76.0	0.0273933359
0x200000000000000000000000000000000000000000000000000000000000000000000000000000000000000000000000000000000000000002000000000000000000000000000000000000000000000000000000000000	2	2	0	471	567	471	87.9	100.0	0.0279124365
0x200000000000000000000000000000000000000000000000000000000000000000000000000000000000000000000000000000000000000002000000000000000000000020000000000000000000000000000000000000	3	3	0	470	567	470	85.7	83.0	0.0266237365
0x800000000000000004000000000000000000000200000000000000000800000000000000000000000000000000000100000000000000000000008000000000000000000000000000000000002000000000000000800000020000000000000000000000000000001000000	10	10	0	463	567	463	74.1	53.0	0.013752114
0x8004000a000800000800010000000000000000000088000000000000000000000000000aaa0000000000004010001010000000000000000002000000000340000a000000000000000502000000001400052000000000000000000000000000000000000000000000000000000000000000000000000000000004000001	35	35	0	438	567	438	35.2	24.0	0.0152133818
0x8000000000000000000000000000000000000000000000000000100000000000000000000000000000000000000000000000000000000000000000000000000000000000000000000000000000000000000000000000000000000000000000000000000000000000	2	2	0	471	567	471	99.9	100.0	0.2002125533
0x8004000a000800000800010000000000000000000008000000000000000000000000000aaa0000000000004010001000000000000000000002000000000340000a000000000000000502000000001400052000000000000000000000000000000000000000000000000000000000000000000000000000000004000001	33	33	0	440	567	440	75.0	26.0	0.0108208145
0x8004000a000800000800010000000000000000000008000000000000000000000000000aaa0000000000004000001000000000000000000002000000000340000a000000000000000502000000001400052000000000000000000000000000000000000000000000000000000000000000000000000000000004000001	32	32	0	441	567	441	21.7	35.0	0.0134798391
0x4000a000800000800010000000000000000000008000000000000000000000000000aaa0000000000004000001000000000000000000002000000000340000a000000000000000502000000001400052000000000000000000000000000000000000000000000000000000000000000000000000000000004000001	31	31	0	442	567	442	92.3	44.0	0.0263875471
0x3000000000000000000000000000000000000000000000000000000000000000000000000000000000000000000000000000000000000000000000000000000	2	2	0	471	567	471	86.0	99.0	0.0397125788
0x3400000000000000000000000000000000000000000000000000000000000000000000000000000000000000000000000000000000000000000000000000000	3	3	0	470	567	470	74.0	52.0	0.0172498642
0x800000000000000000000000000000000000000000000000000000000000000000000000000000000000000000000000000000000000000000003400000000000000000000000000000000000000000000000000000000000000000000000000000000000000000000000000000000000000000000000000000	4	4	0	469	567	469	85.8	34.0	0.0135050042
0x800000000000000000000000000000000000000000000000000000000000000000000000000000000000000000000000000000000020000000003400000000000000000000000000000000000000000000000000000000000000000000000000000000000000000000000000000000000000000000000000000	5	5	0	468	567	468	0.0	29.0	2.2276e-06
0x800000000000000000000000000000000000000000000000000000000000000000200000000000000000000000000000000000000020000000003400000000000000000000000000000000000000000000000000000000000000000000000000000000000000000000000000000000000000000000000000000	6	6	0	467	567	467	0.0	18.0	2.0498e-06
0x40002000800000800010000000000000000000008000000000000000000000000000aa80000000000004000001000000000000000000000000000000000000a000000000000000502000000001400052000000000000000000000000000000000000000000000000000000000000000000000000000000004000001	25	25	0	448	567	448	87.0	39.0	0.0131350093
0x20000000000000000000000000000000000000000000000000000000000000000000000000000000000000000002000000000000000000000000000000000000000000000000000000000000000000000000000000000000000	2	2	0	471	567	471			0.0
0x20000000000000000000000000000000000000000000000000000000000000000000000000000000000000000042000000000000000000000000000000000000000000000000000000000000000000000000000000000000000	3	3	0	470	567	470			0.0
0x28000000000000000000000000000000000000000000000000000000000000000000000000000000000000000042000000000000000000000000000000000000000000000000000000000000000000000000000000000000000	4	4	0	469	567	469			0.0
0xa8000000000000000000000000000000000000000000000000000000000000000000000000000000000000000042000000000000000000000000000000000000000000000000000000000000000000000000000000000000000	5	5	0	468	567	468			1e-06
0xa8000000000000000000000000000000000000000000000000000000000000000000000000000000000000000052000000000000000000000000000000000000000000000000000000000000000000000000000000000000000	6	6	0	467	567	467	0.0	96.0	2.1972e-06
0x2800000000000000000000000000000000000000000000000000000000000000000000000000000000000000000000000000000000000000000000000000000000000000000000000000000000000000000000000000000000	2	2	0	471	567	471	0.0	31.0	2.707e-06
0xaa800000000000000000000000000000000000000000000000000000000000000000000000000000000000000052000000000000000000000000000000000000000000000000000000000000000000000000000000000000000	8	8	0	465	567	465	86.2	42.0	0.0133362797
0x400020008000008000100000000000000000000080000000000000000000000000000000000000000004000001000000000000000000000000000000000000a000000000000000502000000001400000000000000000000000000000000000000000000000000000000000000000000000000000000000004000001	17	17	0	456	567	456	0.0	52.0	2.5955e-06
0x10000000000000000000000000000000000000000000000000000000000000000000000000000000000000000000000000000000000000000000000000000000000000000000000000000004000000	2	2	0	471	567	471	91.7	92.0	0.0519756915
0x800000000000000000000000000000000000000000000000010000000000000000000000000000000000000000000000000000000000000000000000000000000000000000000000000000000000000000000000000000000000000000000000000000004000000	3	3	0	470	567	470	74.2	74.0	0.0274000226
0x2000000000400000000000000000000000000000000000000000000000000000000000000000000000000000000000000000000	2	2	0	471	567	471	94.7	99.0	0.1205280279
0x102000000000400000000000000000000000000000000000000000000000000000000000000000000000000000000000000000000	3	3	0	470	567	470	78.1	80.0	0.0595921774
0xa000000000000000000000000000000000000000000000000000000000000000000000000000000000000000000000000000000000000000000000000	2	2	0	471	567	471	84.5	100.0	0.0319480544
0x8000000000000000000000000000000000000000000000000000000000000000000000000000000000000000000000000000000000000000000000a000000000000000000000000000000000000000000000000000000000000000000000000000000000000000000000000000000000000000000000000	3	3	0	470	567	470	44.3	69.0	0.0314646836
0x8000000000000000000000000000000000000000000000000000000000000000000000000000000000000000000000000000000000000000000000a000000000000000102000000000400000000000000000000000000000000000000000000000000000000000000000000000000000000000000000000	6	6	0	467	567	467	86.0	84.0	0.0448654541
0x8000000000000000000000000000000000000000000000000000000000000000000000000000000000000000000000000000000000000000000000a000000000000000102000000001400000000000000000000000000000000000000000000000000000000000000000000000000000000000000000000	7	7	0	466	567	466	66.7	61.0	0.0099889618
0x8000000000000000000000000000000080000000000000000000000000000000000000000000000001000000000000000000000000000000000000a000000000000000102000000001400000000000000000000000000000000000000000000000000000000000000000000000000000000000004000000	10	10	0	463	567	463	76.7	63.0	0.0167577193
0x4000200000000080001000000000000000000000000000000000000000000000000000000000000000040000000000000000000000000000000000000000000000000000000000400000000000000000000000000000000000000000000000000000000000000000000000000000000000000000000000000000001	7	7	0	466	567	466	94.8	88.0	0.041535029
0x4000200000000000001000000000000000000000000000000000000000000000000000000000000000040000000000000000000000000000000000000000000000000000000000400000000000000000000000000000000000000000000000000000000000000000000000000000000000000000000000000000001	6	6	0	467	567	467	85.7	62.0	0.0133815585
0x40000000000000000000000000000000000000000000000000000000000400000000000000000000000000000000000000000000000000000000000000000000000000000000000000000000000000000000	2	2	0	471	567	471	92.1	81.0	0.0269143796
0x4000000000000000000000000000000000000000000000000000000000000000000000000000000000040000000000000000000000000000000000000000000000000000000000400000000000000000000000000000000000000000000000000000000000000000000000000000000000000000000000000000000	3	3	0	470	567	470	86.2	61.0	0.0133984687
0x200000000000001000000000000000000000000000000000000000000000000000000000000000000000000000000000000000000000000000000000000000000000000000000000000000000000000000000000000000000000000000000000000000000000000000000000000000000000000000000000001	3	3	0	470	567	470	0.0	21.0	2.1363e-06
0x200000000000001000000000000000000000000000000000000000000000000000000000000000000000000000000000000000000000000000000000000000000000000000000000000000000000000000000000000000000000000000000000000000000000000000000000000000000000000000000000000	2	2	0	471	567	471	0.0	16.0	2.4114e-06
