group	family	prior	effective_input_group	chain_ids	checked_chains	failed_chains	successful_elapsed_worker_seconds	successful_elapsed_worker_hours	successful_nonfinite_parameter_chains	successful_allocation_warning_chains
00b9b6eba0393f9cb0a750d2c36c6e3668218771fa9e056864fac67cc8d73259-broad	OG0000230	broad	00b9b6eba0393f9cb0a750d2c36c6e3668218771fa9e056864fac67cc8d73259	"[""00b9b6eba0393f9cb0a750d2c36c6e3668218771fa9e056864fac67cc8d73259-broad-chain1"", ""00b9b6eba0393f9cb0a750d2c36c6e3668218771fa9e056864fac67cc8d73259-broad-chain2"", ""00b9b6eba0393f9cb0a750d2c36c6e3668218771fa9e056864fac67cc8d73259-broad-chain3"", ""00b9b6eba0393f9cb0a750d2c36c6e3668218771fa9e056864fac67cc8d73259-broad-chain4""]"	4	0	19947.075625297963	5.5408543403605455	1	0
00b9b6eba0393f9cb0a750d2c36c6e3668218771fa9e056864fac67cc8d73259-centered	OG0000230	centered	00b9b6eba0393f9cb0a750d2c36c6e3668218771fa9e056864fac67cc8d73259	"[""00b9b6eba0393f9cb0a750d2c36c6e3668218771fa9e056864fac67cc8d73259-centered-chain1"", ""00b9b6eba0393f9cb0a750d2c36c6e3668218771fa9e056864fac67cc8d73259-centered-chain2"", ""00b9b6eba0393f9cb0a750d2c36c6e3668218771fa9e056864fac67cc8d73259-centered-chain3"", ""00b9b6eba0393f9cb0a750d2c36c6e3668218771fa9e056864fac67cc8d73259-centered-chain4""]"	4	0	18857.113932644046	5.238087203512235	0	0
00b9b6eba0393f9cb0a750d2c36c6e3668218771fa9e056864fac67cc8d73259-package	OG0000230	package	00b9b6eba0393f9cb0a750d2c36c6e3668218771fa9e056864fac67cc8d73259	"[""00b9b6eba0393f9cb0a750d2c36c6e3668218771fa9e056864fac67cc8d73259-package-chain1"", ""00b9b6eba0393f9cb0a750d2c36c6e3668218771fa9e056864fac67cc8d73259-package-chain2"", ""00b9b6eba0393f9cb0a750d2c36c6e3668218771fa9e056864fac67cc8d73259-package-chain3"", ""00b9b6eba0393f9cb0a750d2c36c6e3668218771fa9e056864fac67cc8d73259-package-chain4""]"	4	0	20851.083256576036	5.791967571271121	0	0
00dd3ee668f2513cae7e61de1e8c360e66cf58bb6dd3a66751d8e1cd82dcca3b-broad	OG0000972	broad	00dd3ee668f2513cae7e61de1e8c360e66cf58bb6dd3a66751d8e1cd82dcca3b	"[""00dd3ee668f2513cae7e61de1e8c360e66cf58bb6dd3a66751d8e1cd82dcca3b-broad-chain1"", ""00dd3ee668f2513cae7e61de1e8c360e66cf58bb6dd3a66751d8e1cd82dcca3b-broad-chain2"", ""00dd3ee668f2513cae7e61de1e8c360e66cf58bb6dd3a66751d8e1cd82dcca3b-broad-chain3"", ""00dd3ee668f2513cae7e61de1e8c360e66cf58bb6dd3a66751d8e1cd82dcca3b-broad-chain4""]"	4	0	96385.55697879201	26.773765827442226	0	0
00dd3ee668f2513cae7e61de1e8c360e66cf58bb6dd3a66751d8e1cd82dcca3b-centered	OG0000972	centered	00dd3ee668f2513cae7e61de1e8c360e66cf58bb6dd3a66751d8e1cd82dcca3b	"[""00dd3ee668f2513cae7e61de1e8c360e66cf58bb6dd3a66751d8e1cd82dcca3b-centered-chain1"", ""00dd3ee668f2513cae7e61de1e8c360e66cf58bb6dd3a66751d8e1cd82dcca3b-centered-chain2"", ""00dd3ee668f2513cae7e61de1e8c360e66cf58bb6dd3a66751d8e1cd82dcca3b-centered-chain3"", ""00dd3ee668f2513cae7e61de1e8c360e66cf58bb6dd3a66751d8e1cd82dcca3b-centered-chain4""]"	4	0	85423.34464777997	23.728706846605547	0	0
00dd3ee668f2513cae7e61de1e8c360e66cf58bb6dd3a66751d8e1cd82dcca3b-package	OG0000972	package	00dd3ee668f2513cae7e61de1e8c360e66cf58bb6dd3a66751d8e1cd82dcca3b	"[""00dd3ee668f2513cae7e61de1e8c360e66cf58bb6dd3a66751d8e1cd82dcca3b-package-chain1"", ""00dd3ee668f2513cae7e61de1e8c360e66cf58bb6dd3a66751d8e1cd82dcca3b-package-chain2"", ""00dd3ee668f2513cae7e61de1e8c360e66cf58bb6dd3a66751d8e1cd82dcca3b-package-chain3"", ""00dd3ee668f2513cae7e61de1e8c360e66cf58bb6dd3a66751d8e1cd82dcca3b-package-chain4""]"	4	0	94250.35840386711	26.18065511218531	1	0
0164982d073e0b1f16d3d0714e9ce74f91fee5bd77bf4a3dae016e0042eed169-broad	OG0000294	broad	0164982d073e0b1f16d3d0714e9ce74f91fee5bd77bf4a3dae016e0042eed169	"[""0164982d073e0b1f16d3d0714e9ce74f91fee5bd77bf4a3dae016e0042eed169-broad-chain1"", ""0164982d073e0b1f16d3d0714e9ce74f91fee5bd77bf4a3dae016e0042eed169-broad-chain2"", ""0164982d073e0b1f16d3d0714e9ce74f91fee5bd77bf4a3dae016e0042eed169-broad-chain3"", ""0164982d073e0b1f16d3d0714e9ce74f91fee5bd77bf4a3dae016e0042eed169-broad-chain4""]"	4	0	3739.094737427018	1.0386374270630605	0	0
0164982d073e0b1f16d3d0714e9ce74f91fee5bd77bf4a3dae016e0042eed169-centered	OG0000294	centered	0164982d073e0b1f16d3d0714e9ce74f91fee5bd77bf4a3dae016e0042eed169	"[""0164982d073e0b1f16d3d0714e9ce74f91fee5bd77bf4a3dae016e0042eed169-centered-chain1"", ""0164982d073e0b1f16d3d0714e9ce74f91fee5bd77bf4a3dae016e0042eed169-centered-chain2"", ""0164982d073e0b1f16d3d0714e9ce74f91fee5bd77bf4a3dae016e0042eed169-centered-chain3"", ""0164982d073e0b1f16d3d0714e9ce74f91fee5bd77bf4a3dae016e0042eed169-centered-chain4""]"	4	0	3629.7490630299726	1.0082636286194369	0	0
0164982d073e0b1f16d3d0714e9ce74f91fee5bd77bf4a3dae016e0042eed169-package	OG0000294	package	0164982d073e0b1f16d3d0714e9ce74f91fee5bd77bf4a3dae016e0042eed169	"[""0164982d073e0b1f16d3d0714e9ce74f91fee5bd77bf4a3dae016e0042eed169-package-chain1"", ""0164982d073e0b1f16d3d0714e9ce74f91fee5bd77bf4a3dae016e0042eed169-package-chain2"", ""0164982d073e0b1f16d3d0714e9ce74f91fee5bd77bf4a3dae016e0042eed169-package-chain3"", ""0164982d073e0b1f16d3d0714e9ce74f91fee5bd77bf4a3dae016e0042eed169-package-chain4""]"	4	0	3946.969993657025	1.096380553793618	0	0
03f1009c425013648352c21428c9f1e6e18ca32c8dec24ef5886cb73f43548f0-broad	OG0000152	broad	03f1009c425013648352c21428c9f1e6e18ca32c8dec24ef5886cb73f43548f0	"[""03f1009c425013648352c21428c9f1e6e18ca32c8dec24ef5886cb73f43548f0-broad-chain1"", ""03f1009c425013648352c21428c9f1e6e18ca32c8dec24ef5886cb73f43548f0-broad-chain2"", ""03f1009c425013648352c21428c9f1e6e18ca32c8dec24ef5886cb73f43548f0-broad-chain3"", ""03f1009c425013648352c21428c9f1e6e18ca32c8dec24ef5886cb73f43548f0-broad-chain4""]"	4	0	1230.7658319259644	0.3418793977572123	0	0
03f1009c425013648352c21428c9f1e6e18ca32c8dec24ef5886cb73f43548f0-centered	OG0000152	centered	03f1009c425013648352c21428c9f1e6e18ca32c8dec24ef5886cb73f43548f0	"[""03f1009c425013648352c21428c9f1e6e18ca32c8dec24ef5886cb73f43548f0-centered-chain1"", ""03f1009c425013648352c21428c9f1e6e18ca32c8dec24ef5886cb73f43548f0-centered-chain2"", ""03f1009c425013648352c21428c9f1e6e18ca32c8dec24ef5886cb73f43548f0-centered-chain3"", ""03f1009c425013648352c21428c9f1e6e18ca32c8dec24ef5886cb73f43548f0-centered-chain4""]"	4	0	1218.9903756310232	0.3386084376752842	0	0
03f1009c425013648352c21428c9f1e6e18ca32c8dec24ef5886cb73f43548f0-package	OG0000152	package	03f1009c425013648352c21428c9f1e6e18ca32c8dec24ef5886cb73f43548f0	"[""03f1009c425013648352c21428c9f1e6e18ca32c8dec24ef5886cb73f43548f0-package-chain1"", ""03f1009c425013648352c21428c9f1e6e18ca32c8dec24ef5886cb73f43548f0-package-chain2"", ""03f1009c425013648352c21428c9f1e6e18ca32c8dec24ef5886cb73f43548f0-package-chain3"", ""03f1009c425013648352c21428c9f1e6e18ca32c8dec24ef5886cb73f43548f0-package-chain4""]"	4	0	1320.8957454940537	0.36691548485945935	0	0
04c2aacbb49767976d967570af07cb2ee295698c4842a3871e9fa2b43c1c423e-broad	OG0001203	broad	04c2aacbb49767976d967570af07cb2ee295698c4842a3871e9fa2b43c1c423e	"[""04c2aacbb49767976d967570af07cb2ee295698c4842a3871e9fa2b43c1c423e-broad-chain1"", ""04c2aacbb49767976d967570af07cb2ee295698c4842a3871e9fa2b43c1c423e-broad-chain2"", ""04c2aacbb49767976d967570af07cb2ee295698c4842a3871e9fa2b43c1c423e-broad-chain3"", ""04c2aacbb49767976d967570af07cb2ee295698c4842a3871e9fa2b43c1c423e-broad-chain4""]"	4	0	2870.146062680986	0.7972627951891628	1	0
04c2aacbb49767976d967570af07cb2ee295698c4842a3871e9fa2b43c1c423e-centered	OG0001203	centered	04c2aacbb49767976d967570af07cb2ee295698c4842a3871e9fa2b43c1c423e	"[""04c2aacbb49767976d967570af07cb2ee295698c4842a3871e9fa2b43c1c423e-centered-chain1"", ""04c2aacbb49767976d967570af07cb2ee295698c4842a3871e9fa2b43c1c423e-centered-chain2"", ""04c2aacbb49767976d967570af07cb2ee295698c4842a3871e9fa2b43c1c423e-centered-chain3"", ""04c2aacbb49767976d967570af07cb2ee295698c4842a3871e9fa2b43c1c423e-centered-chain4""]"	4	0	2824.5480736409663	0.7845966871224906	0	0
04c2aacbb49767976d967570af07cb2ee295698c4842a3871e9fa2b43c1c423e-package	OG0001203	package	04c2aacbb49767976d967570af07cb2ee295698c4842a3871e9fa2b43c1c423e	"[""04c2aacbb49767976d967570af07cb2ee295698c4842a3871e9fa2b43c1c423e-package-chain1"", ""04c2aacbb49767976d967570af07cb2ee295698c4842a3871e9fa2b43c1c423e-package-chain2"", ""04c2aacbb49767976d967570af07cb2ee295698c4842a3871e9fa2b43c1c423e-package-chain3"", ""04c2aacbb49767976d967570af07cb2ee295698c4842a3871e9fa2b43c1c423e-package-chain4""]"	4	0	3218.3354499799316	0.8939820694388699	0	0
0607c261c567e2c3264dd321fdb9d4fa43b150a439d157eb39a6086504f4627e-broad	OG0001203	broad	0607c261c567e2c3264dd321fdb9d4fa43b150a439d157eb39a6086504f4627e	"[""0607c261c567e2c3264dd321fdb9d4fa43b150a439d157eb39a6086504f4627e-broad-chain1"", ""0607c261c567e2c3264dd321fdb9d4fa43b150a439d157eb39a6086504f4627e-broad-chain2"", ""0607c261c567e2c3264dd321fdb9d4fa43b150a439d157eb39a6086504f4627e-broad-chain3"", ""0607c261c567e2c3264dd321fdb9d4fa43b150a439d157eb39a6086504f4627e-broad-chain4""]"	4	0	436.1768275409122	0.12116022987247561	0	0
0607c261c567e2c3264dd321fdb9d4fa43b150a439d157eb39a6086504f4627e-centered	OG0001203	centered	0607c261c567e2c3264dd321fdb9d4fa43b150a439d157eb39a6086504f4627e	"[""0607c261c567e2c3264dd321fdb9d4fa43b150a439d157eb39a6086504f4627e-centered-chain1"", ""0607c261c567e2c3264dd321fdb9d4fa43b150a439d157eb39a6086504f4627e-centered-chain2"", ""0607c261c567e2c3264dd321fdb9d4fa43b150a439d157eb39a6086504f4627e-centered-chain3"", ""0607c261c567e2c3264dd321fdb9d4fa43b150a439d157eb39a6086504f4627e-centered-chain4""]"	4	0	469.0683439630666	0.13029676221196293	0	0
0607c261c567e2c3264dd321fdb9d4fa43b150a439d157eb39a6086504f4627e-package	OG0001203	package	0607c261c567e2c3264dd321fdb9d4fa43b150a439d157eb39a6086504f4627e	"[""0607c261c567e2c3264dd321fdb9d4fa43b150a439d157eb39a6086504f4627e-package-chain1"", ""0607c261c567e2c3264dd321fdb9d4fa43b150a439d157eb39a6086504f4627e-package-chain2"", ""0607c261c567e2c3264dd321fdb9d4fa43b150a439d157eb39a6086504f4627e-package-chain3"", ""0607c261c567e2c3264dd321fdb9d4fa43b150a439d157eb39a6086504f4627e-package-chain4""]"	4	0	433.5886888380046	0.12044130245500127	0	0
0b0f7bb17b1485abf68184f8a6827fc5537f243750cffbd965fb6a4319ef3658-broad	OG0001200	broad	0b0f7bb17b1485abf68184f8a6827fc5537f243750cffbd965fb6a4319ef3658	"[""0b0f7bb17b1485abf68184f8a6827fc5537f243750cffbd965fb6a4319ef3658-broad-chain1"", ""0b0f7bb17b1485abf68184f8a6827fc5537f243750cffbd965fb6a4319ef3658-broad-chain2"", ""0b0f7bb17b1485abf68184f8a6827fc5537f243750cffbd965fb6a4319ef3658-broad-chain3"", ""0b0f7bb17b1485abf68184f8a6827fc5537f243750cffbd965fb6a4319ef3658-broad-chain4""]"	4	0	711.2098488820484	0.19755829135612454	0	0
0b0f7bb17b1485abf68184f8a6827fc5537f243750cffbd965fb6a4319ef3658-centered	OG0001200	centered	0b0f7bb17b1485abf68184f8a6827fc5537f243750cffbd965fb6a4319ef3658	"[""0b0f7bb17b1485abf68184f8a6827fc5537f243750cffbd965fb6a4319ef3658-centered-chain1"", ""0b0f7bb17b1485abf68184f8a6827fc5537f243750cffbd965fb6a4319ef3658-centered-chain2"", ""0b0f7bb17b1485abf68184f8a6827fc5537f243750cffbd965fb6a4319ef3658-centered-chain3"", ""0b0f7bb17b1485abf68184f8a6827fc5537f243750cffbd965fb6a4319ef3658-centered-chain4""]"	4	0	734.9940184809384	0.204165005133594	0	0
0b0f7bb17b1485abf68184f8a6827fc5537f243750cffbd965fb6a4319ef3658-package	OG0001200	package	0b0f7bb17b1485abf68184f8a6827fc5537f243750cffbd965fb6a4319ef3658	"[""0b0f7bb17b1485abf68184f8a6827fc5537f243750cffbd965fb6a4319ef3658-package-chain1"", ""0b0f7bb17b1485abf68184f8a6827fc5537f243750cffbd965fb6a4319ef3658-package-chain2"", ""0b0f7bb17b1485abf68184f8a6827fc5537f243750cffbd965fb6a4319ef3658-package-chain3"", ""0b0f7bb17b1485abf68184f8a6827fc5537f243750cffbd965fb6a4319ef3658-package-chain4""]"	4	0	782.9379575808998	0.2174827659946944	1	0
0c37c31b6f016a2f9012543375db4664a4afd263e0bb68f1b32191eaa9f366fc-broad	OG0000230	broad	0c37c31b6f016a2f9012543375db4664a4afd263e0bb68f1b32191eaa9f366fc	"[""0c37c31b6f016a2f9012543375db4664a4afd263e0bb68f1b32191eaa9f366fc-broad-chain1"", ""0c37c31b6f016a2f9012543375db4664a4afd263e0bb68f1b32191eaa9f366fc-broad-chain2"", ""0c37c31b6f016a2f9012543375db4664a4afd263e0bb68f1b32191eaa9f366fc-broad-chain3"", ""0c37c31b6f016a2f9012543375db4664a4afd263e0bb68f1b32191eaa9f366fc-broad-chain4""]"	4	0	20749.917167398933	5.763865879833037	0	0
0c37c31b6f016a2f9012543375db4664a4afd263e0bb68f1b32191eaa9f366fc-centered	OG0000230	centered	0c37c31b6f016a2f9012543375db4664a4afd263e0bb68f1b32191eaa9f366fc	"[""0c37c31b6f016a2f9012543375db4664a4afd263e0bb68f1b32191eaa9f366fc-centered-chain1"", ""0c37c31b6f016a2f9012543375db4664a4afd263e0bb68f1b32191eaa9f366fc-centered-chain2"", ""0c37c31b6f016a2f9012543375db4664a4afd263e0bb68f1b32191eaa9f366fc-centered-chain3"", ""0c37c31b6f016a2f9012543375db4664a4afd263e0bb68f1b32191eaa9f366fc-centered-chain4""]"	4	0	19774.89435620996	5.493026210058322	0	0
0c37c31b6f016a2f9012543375db4664a4afd263e0bb68f1b32191eaa9f366fc-package	OG0000230	package	0c37c31b6f016a2f9012543375db4664a4afd263e0bb68f1b32191eaa9f366fc	"[""0c37c31b6f016a2f9012543375db4664a4afd263e0bb68f1b32191eaa9f366fc-package-chain1"", ""0c37c31b6f016a2f9012543375db4664a4afd263e0bb68f1b32191eaa9f366fc-package-chain2"", ""0c37c31b6f016a2f9012543375db4664a4afd263e0bb68f1b32191eaa9f366fc-package-chain3"", ""0c37c31b6f016a2f9012543375db4664a4afd263e0bb68f1b32191eaa9f366fc-package-chain4""]"	4	0	20720.126214849006	5.755590615235835	0	0
0cae3dc2d60aab44546ea86757c9027b6f46bad0d34e7485ee665a9cdf2c0b90-broad	OG0000095	broad	0cae3dc2d60aab44546ea86757c9027b6f46bad0d34e7485ee665a9cdf2c0b90	"[""0cae3dc2d60aab44546ea86757c9027b6f46bad0d34e7485ee665a9cdf2c0b90-broad-chain1"", ""0cae3dc2d60aab44546ea86757c9027b6f46bad0d34e7485ee665a9cdf2c0b90-broad-chain2"", ""0cae3dc2d60aab44546ea86757c9027b6f46bad0d34e7485ee665a9cdf2c0b90-broad-chain3"", ""0cae3dc2d60aab44546ea86757c9027b6f46bad0d34e7485ee665a9cdf2c0b90-broad-chain4""]"	4	0	63804.092673815	17.723359076059722	3	0
0cae3dc2d60aab44546ea86757c9027b6f46bad0d34e7485ee665a9cdf2c0b90-centered	OG0000095	centered	0cae3dc2d60aab44546ea86757c9027b6f46bad0d34e7485ee665a9cdf2c0b90	"[""0cae3dc2d60aab44546ea86757c9027b6f46bad0d34e7485ee665a9cdf2c0b90-centered-chain1"", ""0cae3dc2d60aab44546ea86757c9027b6f46bad0d34e7485ee665a9cdf2c0b90-centered-chain2"", ""0cae3dc2d60aab44546ea86757c9027b6f46bad0d34e7485ee665a9cdf2c0b90-centered-chain3"", ""0cae3dc2d60aab44546ea86757c9027b6f46bad0d34e7485ee665a9cdf2c0b90-centered-chain4""]"	4	0	60011.19164808595	16.669775457801652	1	0
0cae3dc2d60aab44546ea86757c9027b6f46bad0d34e7485ee665a9cdf2c0b90-package	OG0000095	package	0cae3dc2d60aab44546ea86757c9027b6f46bad0d34e7485ee665a9cdf2c0b90	"[""0cae3dc2d60aab44546ea86757c9027b6f46bad0d34e7485ee665a9cdf2c0b90-package-chain1"", ""0cae3dc2d60aab44546ea86757c9027b6f46bad0d34e7485ee665a9cdf2c0b90-package-chain2"", ""0cae3dc2d60aab44546ea86757c9027b6f46bad0d34e7485ee665a9cdf2c0b90-package-chain3"", ""0cae3dc2d60aab44546ea86757c9027b6f46bad0d34e7485ee665a9cdf2c0b90-package-chain4""]"	4	0	64206.13026978588	17.83503618605163	2	0
0e1800595a7987350a4d698d720f58af5ae07ac6fe098dcc71ef4c3cbce71a5e-broad	OG0000972	broad	0e1800595a7987350a4d698d720f58af5ae07ac6fe098dcc71ef4c3cbce71a5e	"[""0e1800595a7987350a4d698d720f58af5ae07ac6fe098dcc71ef4c3cbce71a5e-broad-chain1"", ""0e1800595a7987350a4d698d720f58af5ae07ac6fe098dcc71ef4c3cbce71a5e-broad-chain2"", ""0e1800595a7987350a4d698d720f58af5ae07ac6fe098dcc71ef4c3cbce71a5e-broad-chain3"", ""0e1800595a7987350a4d698d720f58af5ae07ac6fe098dcc71ef4c3cbce71a5e-broad-chain4""]"	4	0	96098.374841263	26.69399301146194	2	0
0e1800595a7987350a4d698d720f58af5ae07ac6fe098dcc71ef4c3cbce71a5e-centered	OG0000972	centered	0e1800595a7987350a4d698d720f58af5ae07ac6fe098dcc71ef4c3cbce71a5e	"[""0e1800595a7987350a4d698d720f58af5ae07ac6fe098dcc71ef4c3cbce71a5e-centered-chain1"", ""0e1800595a7987350a4d698d720f58af5ae07ac6fe098dcc71ef4c3cbce71a5e-centered-chain2"", ""0e1800595a7987350a4d698d720f58af5ae07ac6fe098dcc71ef4c3cbce71a5e-centered-chain3"", ""0e1800595a7987350a4d698d720f58af5ae07ac6fe098dcc71ef4c3cbce71a5e-centered-chain4""]"	4	0	85571.94106243903	23.769983628455286	3	0
0e1800595a7987350a4d698d720f58af5ae07ac6fe098dcc71ef4c3cbce71a5e-package	OG0000972	package	0e1800595a7987350a4d698d720f58af5ae07ac6fe098dcc71ef4c3cbce71a5e	"[""0e1800595a7987350a4d698d720f58af5ae07ac6fe098dcc71ef4c3cbce71a5e-package-chain1"", ""0e1800595a7987350a4d698d720f58af5ae07ac6fe098dcc71ef4c3cbce71a5e-package-chain2"", ""0e1800595a7987350a4d698d720f58af5ae07ac6fe098dcc71ef4c3cbce71a5e-package-chain3"", ""0e1800595a7987350a4d698d720f58af5ae07ac6fe098dcc71ef4c3cbce71a5e-package-chain4""]"	4	0	95120.15577644896	26.422265493458042	2	1
0ef770b4b439d83efd7e0aaa89c47699096b9c338c35538f89a59e49bc670a07-broad	OG0000230	broad	0ef770b4b439d83efd7e0aaa89c47699096b9c338c35538f89a59e49bc670a07	"[""0ef770b4b439d83efd7e0aaa89c47699096b9c338c35538f89a59e49bc670a07-broad-chain1"", ""0ef770b4b439d83efd7e0aaa89c47699096b9c338c35538f89a59e49bc670a07-broad-chain2"", ""0ef770b4b439d83efd7e0aaa89c47699096b9c338c35538f89a59e49bc670a07-broad-chain3"", ""0ef770b4b439d83efd7e0aaa89c47699096b9c338c35538f89a59e49bc670a07-broad-chain4""]"	4	0	1303.6480622240051	0.3621244617288903	0	0
0ef770b4b439d83efd7e0aaa89c47699096b9c338c35538f89a59e49bc670a07-centered	OG0000230	centered	0ef770b4b439d83efd7e0aaa89c47699096b9c338c35538f89a59e49bc670a07	"[""0ef770b4b439d83efd7e0aaa89c47699096b9c338c35538f89a59e49bc670a07-centered-chain1"", ""0ef770b4b439d83efd7e0aaa89c47699096b9c338c35538f89a59e49bc670a07-centered-chain2"", ""0ef770b4b439d83efd7e0aaa89c47699096b9c338c35538f89a59e49bc670a07-centered-chain3"", ""0ef770b4b439d83efd7e0aaa89c47699096b9c338c35538f89a59e49bc670a07-centered-chain4""]"	4	0	1167.5037228710135	0.32430658968639264	0	0
0ef770b4b439d83efd7e0aaa89c47699096b9c338c35538f89a59e49bc670a07-package	OG0000230	package	0ef770b4b439d83efd7e0aaa89c47699096b9c338c35538f89a59e49bc670a07	"[""0ef770b4b439d83efd7e0aaa89c47699096b9c338c35538f89a59e49bc670a07-package-chain1"", ""0ef770b4b439d83efd7e0aaa89c47699096b9c338c35538f89a59e49bc670a07-package-chain2"", ""0ef770b4b439d83efd7e0aaa89c47699096b9c338c35538f89a59e49bc670a07-package-chain3"", ""0ef770b4b439d83efd7e0aaa89c47699096b9c338c35538f89a59e49bc670a07-package-chain4""]"	4	0	1434.6070911269635	0.39850196975748986	0	0
115eddc6463d187990aab4ca2061b625671608201270888eb213459a41e3d812-broad	OG0000230	broad	115eddc6463d187990aab4ca2061b625671608201270888eb213459a41e3d812	"[""115eddc6463d187990aab4ca2061b625671608201270888eb213459a41e3d812-broad-chain1"", ""115eddc6463d187990aab4ca2061b625671608201270888eb213459a41e3d812-broad-chain2"", ""115eddc6463d187990aab4ca2061b625671608201270888eb213459a41e3d812-broad-chain3"", ""115eddc6463d187990aab4ca2061b625671608201270888eb213459a41e3d812-broad-chain4""]"	4	0	1257.3680575570615	0.34926890487696155	0	0
115eddc6463d187990aab4ca2061b625671608201270888eb213459a41e3d812-centered	OG0000230	centered	115eddc6463d187990aab4ca2061b625671608201270888eb213459a41e3d812	"[""115eddc6463d187990aab4ca2061b625671608201270888eb213459a41e3d812-centered-chain1"", ""115eddc6463d187990aab4ca2061b625671608201270888eb213459a41e3d812-centered-chain2"", ""115eddc6463d187990aab4ca2061b625671608201270888eb213459a41e3d812-centered-chain3"", ""115eddc6463d187990aab4ca2061b625671608201270888eb213459a41e3d812-centered-chain4""]"	4	0	1234.54333713901	0.3429287047608361	0	0
115eddc6463d187990aab4ca2061b625671608201270888eb213459a41e3d812-package	OG0000230	package	115eddc6463d187990aab4ca2061b625671608201270888eb213459a41e3d812	"[""115eddc6463d187990aab4ca2061b625671608201270888eb213459a41e3d812-package-chain1"", ""115eddc6463d187990aab4ca2061b625671608201270888eb213459a41e3d812-package-chain2"", ""115eddc6463d187990aab4ca2061b625671608201270888eb213459a41e3d812-package-chain3"", ""115eddc6463d187990aab4ca2061b625671608201270888eb213459a41e3d812-package-chain4""]"	4	0	1383.5446255508577	0.38431795154190496	0	0
1215fce145aa6a564b4858e2bf8d86023d6e5ddc500c5b358ed6016a4777df0c-broad	OG0001200	broad	1215fce145aa6a564b4858e2bf8d86023d6e5ddc500c5b358ed6016a4777df0c	"[""1215fce145aa6a564b4858e2bf8d86023d6e5ddc500c5b358ed6016a4777df0c-broad-chain1"", ""1215fce145aa6a564b4858e2bf8d86023d6e5ddc500c5b358ed6016a4777df0c-broad-chain2"", ""1215fce145aa6a564b4858e2bf8d86023d6e5ddc500c5b358ed6016a4777df0c-broad-chain3"", ""1215fce145aa6a564b4858e2bf8d86023d6e5ddc500c5b358ed6016a4777df0c-broad-chain4""]"	4	0	12686.299542871973	3.5239720952422147	0	0
1215fce145aa6a564b4858e2bf8d86023d6e5ddc500c5b358ed6016a4777df0c-centered	OG0001200	centered	1215fce145aa6a564b4858e2bf8d86023d6e5ddc500c5b358ed6016a4777df0c	"[""1215fce145aa6a564b4858e2bf8d86023d6e5ddc500c5b358ed6016a4777df0c-centered-chain1"", ""1215fce145aa6a564b4858e2bf8d86023d6e5ddc500c5b358ed6016a4777df0c-centered-chain2"", ""1215fce145aa6a564b4858e2bf8d86023d6e5ddc500c5b358ed6016a4777df0c-centered-chain3"", ""1215fce145aa6a564b4858e2bf8d86023d6e5ddc500c5b358ed6016a4777df0c-centered-chain4""]"	4	0	12643.710237827967	3.5121417327299906	0	0
1215fce145aa6a564b4858e2bf8d86023d6e5ddc500c5b358ed6016a4777df0c-package	OG0001200	package	1215fce145aa6a564b4858e2bf8d86023d6e5ddc500c5b358ed6016a4777df0c	"[""1215fce145aa6a564b4858e2bf8d86023d6e5ddc500c5b358ed6016a4777df0c-package-chain1"", ""1215fce145aa6a564b4858e2bf8d86023d6e5ddc500c5b358ed6016a4777df0c-package-chain2"", ""1215fce145aa6a564b4858e2bf8d86023d6e5ddc500c5b358ed6016a4777df0c-package-chain3"", ""1215fce145aa6a564b4858e2bf8d86023d6e5ddc500c5b358ed6016a4777df0c-package-chain4""]"	4	0	13611.016627307108	3.7808379520297524	0	0
13b1f33d4b0adf72a2ccc3e2f30cba0a88fba51c1afbb0f1ca6703933894f258-broad	OG0000230	broad	13b1f33d4b0adf72a2ccc3e2f30cba0a88fba51c1afbb0f1ca6703933894f258	"[""13b1f33d4b0adf72a2ccc3e2f30cba0a88fba51c1afbb0f1ca6703933894f258-broad-chain1"", ""13b1f33d4b0adf72a2ccc3e2f30cba0a88fba51c1afbb0f1ca6703933894f258-broad-chain2"", ""13b1f33d4b0adf72a2ccc3e2f30cba0a88fba51c1afbb0f1ca6703933894f258-broad-chain3"", ""13b1f33d4b0adf72a2ccc3e2f30cba0a88fba51c1afbb0f1ca6703933894f258-broad-chain4""]"	4	0	20117.574024889997	5.588215006913888	1	0
13b1f33d4b0adf72a2ccc3e2f30cba0a88fba51c1afbb0f1ca6703933894f258-centered	OG0000230	centered	13b1f33d4b0adf72a2ccc3e2f30cba0a88fba51c1afbb0f1ca6703933894f258	"[""13b1f33d4b0adf72a2ccc3e2f30cba0a88fba51c1afbb0f1ca6703933894f258-centered-chain1"", ""13b1f33d4b0adf72a2ccc3e2f30cba0a88fba51c1afbb0f1ca6703933894f258-centered-chain2"", ""13b1f33d4b0adf72a2ccc3e2f30cba0a88fba51c1afbb0f1ca6703933894f258-centered-chain3"", ""13b1f33d4b0adf72a2ccc3e2f30cba0a88fba51c1afbb0f1ca6703933894f258-centered-chain4""]"	4	0	19270.345957961952	5.352873877211653	0	0
13b1f33d4b0adf72a2ccc3e2f30cba0a88fba51c1afbb0f1ca6703933894f258-package	OG0000230	package	13b1f33d4b0adf72a2ccc3e2f30cba0a88fba51c1afbb0f1ca6703933894f258	"[""13b1f33d4b0adf72a2ccc3e2f30cba0a88fba51c1afbb0f1ca6703933894f258-package-chain1"", ""13b1f33d4b0adf72a2ccc3e2f30cba0a88fba51c1afbb0f1ca6703933894f258-package-chain2"", ""13b1f33d4b0adf72a2ccc3e2f30cba0a88fba51c1afbb0f1ca6703933894f258-package-chain3"", ""13b1f33d4b0adf72a2ccc3e2f30cba0a88fba51c1afbb0f1ca6703933894f258-package-chain4""]"	4	0	20103.981808900076	5.5844393913611325	1	0
1460e6152760deed0e5c05d74a85a91539f07cd965f8cb928038e92aa9fab72d-broad	OG0000230	broad	1460e6152760deed0e5c05d74a85a91539f07cd965f8cb928038e92aa9fab72d	"[""1460e6152760deed0e5c05d74a85a91539f07cd965f8cb928038e92aa9fab72d-broad-chain1"", ""1460e6152760deed0e5c05d74a85a91539f07cd965f8cb928038e92aa9fab72d-broad-chain2"", ""1460e6152760deed0e5c05d74a85a91539f07cd965f8cb928038e92aa9fab72d-broad-chain3"", ""1460e6152760deed0e5c05d74a85a91539f07cd965f8cb928038e92aa9fab72d-broad-chain4""]"	4	0	1260.1258625609917	0.35003496182249766	0	0
1460e6152760deed0e5c05d74a85a91539f07cd965f8cb928038e92aa9fab72d-centered	OG0000230	centered	1460e6152760deed0e5c05d74a85a91539f07cd965f8cb928038e92aa9fab72d	"[""1460e6152760deed0e5c05d74a85a91539f07cd965f8cb928038e92aa9fab72d-centered-chain1"", ""1460e6152760deed0e5c05d74a85a91539f07cd965f8cb928038e92aa9fab72d-centered-chain2"", ""1460e6152760deed0e5c05d74a85a91539f07cd965f8cb928038e92aa9fab72d-centered-chain3"", ""1460e6152760deed0e5c05d74a85a91539f07cd965f8cb928038e92aa9fab72d-centered-chain4""]"	4	0	1129.6546790239518	0.31379296639554216	0	0
1460e6152760deed0e5c05d74a85a91539f07cd965f8cb928038e92aa9fab72d-package	OG0000230	package	1460e6152760deed0e5c05d74a85a91539f07cd965f8cb928038e92aa9fab72d	"[""1460e6152760deed0e5c05d74a85a91539f07cd965f8cb928038e92aa9fab72d-package-chain1"", ""1460e6152760deed0e5c05d74a85a91539f07cd965f8cb928038e92aa9fab72d-package-chain2"", ""1460e6152760deed0e5c05d74a85a91539f07cd965f8cb928038e92aa9fab72d-package-chain3"", ""1460e6152760deed0e5c05d74a85a91539f07cd965f8cb928038e92aa9fab72d-package-chain4""]"	4	0	1452.9684259459027	0.4036023405405285	0	0
15634238b537095c9ffe3f58e0c889ec565b445029ee61727b0cc2b3a5578bcd-broad	OG0000054	broad	15634238b537095c9ffe3f58e0c889ec565b445029ee61727b0cc2b3a5578bcd	"[""15634238b537095c9ffe3f58e0c889ec565b445029ee61727b0cc2b3a5578bcd-broad-chain1"", ""15634238b537095c9ffe3f58e0c889ec565b445029ee61727b0cc2b3a5578bcd-broad-chain2"", ""15634238b537095c9ffe3f58e0c889ec565b445029ee61727b0cc2b3a5578bcd-broad-chain3"", ""15634238b537095c9ffe3f58e0c889ec565b445029ee61727b0cc2b3a5578bcd-broad-chain4""]"	4	0	390.31508946200483	0.10842085818389023	0	0
15634238b537095c9ffe3f58e0c889ec565b445029ee61727b0cc2b3a5578bcd-centered	OG0000054	centered	15634238b537095c9ffe3f58e0c889ec565b445029ee61727b0cc2b3a5578bcd	"[""15634238b537095c9ffe3f58e0c889ec565b445029ee61727b0cc2b3a5578bcd-centered-chain1"", ""15634238b537095c9ffe3f58e0c889ec565b445029ee61727b0cc2b3a5578bcd-centered-chain2"", ""15634238b537095c9ffe3f58e0c889ec565b445029ee61727b0cc2b3a5578bcd-centered-chain3"", ""15634238b537095c9ffe3f58e0c889ec565b445029ee61727b0cc2b3a5578bcd-centered-chain4""]"	4	0	403.6894679729594	0.11213596332582206	0	0
15634238b537095c9ffe3f58e0c889ec565b445029ee61727b0cc2b3a5578bcd-package	OG0000054	package	15634238b537095c9ffe3f58e0c889ec565b445029ee61727b0cc2b3a5578bcd	"[""15634238b537095c9ffe3f58e0c889ec565b445029ee61727b0cc2b3a5578bcd-package-chain1"", ""15634238b537095c9ffe3f58e0c889ec565b445029ee61727b0cc2b3a5578bcd-package-chain2"", ""15634238b537095c9ffe3f58e0c889ec565b445029ee61727b0cc2b3a5578bcd-package-chain3"", ""15634238b537095c9ffe3f58e0c889ec565b445029ee61727b0cc2b3a5578bcd-package-chain4""]"	4	0	423.2071278510848	0.11755753551419022	0	0
15d9f0d825f5c6ccea5fbf85d2c034d35012d28caa95bee6c23b18626fb5e2ac-broad	OG0001082	broad	15d9f0d825f5c6ccea5fbf85d2c034d35012d28caa95bee6c23b18626fb5e2ac	"[""15d9f0d825f5c6ccea5fbf85d2c034d35012d28caa95bee6c23b18626fb5e2ac-broad-chain1"", ""15d9f0d825f5c6ccea5fbf85d2c034d35012d28caa95bee6c23b18626fb5e2ac-broad-chain2"", ""15d9f0d825f5c6ccea5fbf85d2c034d35012d28caa95bee6c23b18626fb5e2ac-broad-chain3"", ""15d9f0d825f5c6ccea5fbf85d2c034d35012d28caa95bee6c23b18626fb5e2ac-broad-chain4""]"	4	0	65911.04189467005	18.308622748519458	3	1
15d9f0d825f5c6ccea5fbf85d2c034d35012d28caa95bee6c23b18626fb5e2ac-centered	OG0001082	centered	15d9f0d825f5c6ccea5fbf85d2c034d35012d28caa95bee6c23b18626fb5e2ac	"[""15d9f0d825f5c6ccea5fbf85d2c034d35012d28caa95bee6c23b18626fb5e2ac-centered-chain1"", ""15d9f0d825f5c6ccea5fbf85d2c034d35012d28caa95bee6c23b18626fb5e2ac-centered-chain2"", ""15d9f0d825f5c6ccea5fbf85d2c034d35012d28caa95bee6c23b18626fb5e2ac-centered-chain3"", ""15d9f0d825f5c6ccea5fbf85d2c034d35012d28caa95bee6c23b18626fb5e2ac-centered-chain4""]"	4	0	60160.43300222195	16.711231389506096	3	0
15d9f0d825f5c6ccea5fbf85d2c034d35012d28caa95bee6c23b18626fb5e2ac-package	OG0001082	package	15d9f0d825f5c6ccea5fbf85d2c034d35012d28caa95bee6c23b18626fb5e2ac	"[""15d9f0d825f5c6ccea5fbf85d2c034d35012d28caa95bee6c23b18626fb5e2ac-package-chain1"", ""15d9f0d825f5c6ccea5fbf85d2c034d35012d28caa95bee6c23b18626fb5e2ac-package-chain2"", ""15d9f0d825f5c6ccea5fbf85d2c034d35012d28caa95bee6c23b18626fb5e2ac-package-chain3"", ""15d9f0d825f5c6ccea5fbf85d2c034d35012d28caa95bee6c23b18626fb5e2ac-package-chain4""]"	4	0	66591.37464818492	18.497604068940255	2	0
167553e50c88fa8073648d96bb681a0e20c7d6fab69c7d3463cd649009c87cfd-broad	OG0000230	broad	167553e50c88fa8073648d96bb681a0e20c7d6fab69c7d3463cd649009c87cfd	"[""167553e50c88fa8073648d96bb681a0e20c7d6fab69c7d3463cd649009c87cfd-broad-chain1"", ""167553e50c88fa8073648d96bb681a0e20c7d6fab69c7d3463cd649009c87cfd-broad-chain2"", ""167553e50c88fa8073648d96bb681a0e20c7d6fab69c7d3463cd649009c87cfd-broad-chain3"", ""167553e50c88fa8073648d96bb681a0e20c7d6fab69c7d3463cd649009c87cfd-broad-chain4""]"	4	0	20385.916681528004	5.662754633757779	1	0
167553e50c88fa8073648d96bb681a0e20c7d6fab69c7d3463cd649009c87cfd-centered	OG0000230	centered	167553e50c88fa8073648d96bb681a0e20c7d6fab69c7d3463cd649009c87cfd	"[""167553e50c88fa8073648d96bb681a0e20c7d6fab69c7d3463cd649009c87cfd-centered-chain1"", ""167553e50c88fa8073648d96bb681a0e20c7d6fab69c7d3463cd649009c87cfd-centered-chain2"", ""167553e50c88fa8073648d96bb681a0e20c7d6fab69c7d3463cd649009c87cfd-centered-chain3"", ""167553e50c88fa8073648d96bb681a0e20c7d6fab69c7d3463cd649009c87cfd-centered-chain4""]"	4	0	19388.14994694793	5.385597207485536	1	0
167553e50c88fa8073648d96bb681a0e20c7d6fab69c7d3463cd649009c87cfd-package	OG0000230	package	167553e50c88fa8073648d96bb681a0e20c7d6fab69c7d3463cd649009c87cfd	"[""167553e50c88fa8073648d96bb681a0e20c7d6fab69c7d3463cd649009c87cfd-package-chain1"", ""167553e50c88fa8073648d96bb681a0e20c7d6fab69c7d3463cd649009c87cfd-package-chain2"", ""167553e50c88fa8073648d96bb681a0e20c7d6fab69c7d3463cd649009c87cfd-package-chain3"", ""167553e50c88fa8073648d96bb681a0e20c7d6fab69c7d3463cd649009c87cfd-package-chain4""]"	4	0	20601.42299382802	5.722617498285561	1	0
1df91dedc8c4d35c513c62f5d0c6bdf58fcd89cfb4c861a7e1d60ac8b9b97bc5-broad	OG0000230	broad	1df91dedc8c4d35c513c62f5d0c6bdf58fcd89cfb4c861a7e1d60ac8b9b97bc5	"[""1df91dedc8c4d35c513c62f5d0c6bdf58fcd89cfb4c861a7e1d60ac8b9b97bc5-broad-chain1"", ""1df91dedc8c4d35c513c62f5d0c6bdf58fcd89cfb4c861a7e1d60ac8b9b97bc5-broad-chain2"", ""1df91dedc8c4d35c513c62f5d0c6bdf58fcd89cfb4c861a7e1d60ac8b9b97bc5-broad-chain3"", ""1df91dedc8c4d35c513c62f5d0c6bdf58fcd89cfb4c861a7e1d60ac8b9b97bc5-broad-chain4""]"	4	0	21129.71220354797	5.869364500985547	0	0
1df91dedc8c4d35c513c62f5d0c6bdf58fcd89cfb4c861a7e1d60ac8b9b97bc5-centered	OG0000230	centered	1df91dedc8c4d35c513c62f5d0c6bdf58fcd89cfb4c861a7e1d60ac8b9b97bc5	"[""1df91dedc8c4d35c513c62f5d0c6bdf58fcd89cfb4c861a7e1d60ac8b9b97bc5-centered-chain1"", ""1df91dedc8c4d35c513c62f5d0c6bdf58fcd89cfb4c861a7e1d60ac8b9b97bc5-centered-chain2"", ""1df91dedc8c4d35c513c62f5d0c6bdf58fcd89cfb4c861a7e1d60ac8b9b97bc5-centered-chain3"", ""1df91dedc8c4d35c513c62f5d0c6bdf58fcd89cfb4c861a7e1d60ac8b9b97bc5-centered-chain4""]"	4	0	19250.35265302306	5.347320181395294	1	0
1df91dedc8c4d35c513c62f5d0c6bdf58fcd89cfb4c861a7e1d60ac8b9b97bc5-package	OG0000230	package	1df91dedc8c4d35c513c62f5d0c6bdf58fcd89cfb4c861a7e1d60ac8b9b97bc5	"[""1df91dedc8c4d35c513c62f5d0c6bdf58fcd89cfb4c861a7e1d60ac8b9b97bc5-package-chain1"", ""1df91dedc8c4d35c513c62f5d0c6bdf58fcd89cfb4c861a7e1d60ac8b9b97bc5-package-chain2"", ""1df91dedc8c4d35c513c62f5d0c6bdf58fcd89cfb4c861a7e1d60ac8b9b97bc5-package-chain3"", ""1df91dedc8c4d35c513c62f5d0c6bdf58fcd89cfb4c861a7e1d60ac8b9b97bc5-package-chain4""]"	4	0	20384.547879211896	5.662374410892193	2	0
1e50904a556578d0d0af5119fb7344406994056afe39934fd10f0306d13cd568-broad	OG0000230	broad	1e50904a556578d0d0af5119fb7344406994056afe39934fd10f0306d13cd568	"[""1e50904a556578d0d0af5119fb7344406994056afe39934fd10f0306d13cd568-broad-chain1"", ""1e50904a556578d0d0af5119fb7344406994056afe39934fd10f0306d13cd568-broad-chain2"", ""1e50904a556578d0d0af5119fb7344406994056afe39934fd10f0306d13cd568-broad-chain3"", ""1e50904a556578d0d0af5119fb7344406994056afe39934fd10f0306d13cd568-broad-chain4""]"	4	0	20227.443691511027	5.618734358753063	2	0
1e50904a556578d0d0af5119fb7344406994056afe39934fd10f0306d13cd568-centered	OG0000230	centered	1e50904a556578d0d0af5119fb7344406994056afe39934fd10f0306d13cd568	"[""1e50904a556578d0d0af5119fb7344406994056afe39934fd10f0306d13cd568-centered-chain1"", ""1e50904a556578d0d0af5119fb7344406994056afe39934fd10f0306d13cd568-centered-chain2"", ""1e50904a556578d0d0af5119fb7344406994056afe39934fd10f0306d13cd568-centered-chain3"", ""1e50904a556578d0d0af5119fb7344406994056afe39934fd10f0306d13cd568-centered-chain4""]"	4	0	19415.57591780901	5.393215532724724	0	0
1e50904a556578d0d0af5119fb7344406994056afe39934fd10f0306d13cd568-package	OG0000230	package	1e50904a556578d0d0af5119fb7344406994056afe39934fd10f0306d13cd568	"[""1e50904a556578d0d0af5119fb7344406994056afe39934fd10f0306d13cd568-package-chain1"", ""1e50904a556578d0d0af5119fb7344406994056afe39934fd10f0306d13cd568-package-chain2"", ""1e50904a556578d0d0af5119fb7344406994056afe39934fd10f0306d13cd568-package-chain3"", ""1e50904a556578d0d0af5119fb7344406994056afe39934fd10f0306d13cd568-package-chain4""]"	4	0	20401.433079966053	5.667064744435015	0	0
217d23425bca28d70485f5de107557057b01d758d5f2ca20f5cfa57d7d431172-broad	OG0000230	broad	217d23425bca28d70485f5de107557057b01d758d5f2ca20f5cfa57d7d431172	"[""217d23425bca28d70485f5de107557057b01d758d5f2ca20f5cfa57d7d431172-broad-chain1"", ""217d23425bca28d70485f5de107557057b01d758d5f2ca20f5cfa57d7d431172-broad-chain2"", ""217d23425bca28d70485f5de107557057b01d758d5f2ca20f5cfa57d7d431172-broad-chain3"", ""217d23425bca28d70485f5de107557057b01d758d5f2ca20f5cfa57d7d431172-broad-chain4""]"	4	0	1312.8939428200247	0.3646927618944513	0	0
217d23425bca28d70485f5de107557057b01d758d5f2ca20f5cfa57d7d431172-centered	OG0000230	centered	217d23425bca28d70485f5de107557057b01d758d5f2ca20f5cfa57d7d431172	"[""217d23425bca28d70485f5de107557057b01d758d5f2ca20f5cfa57d7d431172-centered-chain1"", ""217d23425bca28d70485f5de107557057b01d758d5f2ca20f5cfa57d7d431172-centered-chain2"", ""217d23425bca28d70485f5de107557057b01d758d5f2ca20f5cfa57d7d431172-centered-chain3"", ""217d23425bca28d70485f5de107557057b01d758d5f2ca20f5cfa57d7d431172-centered-chain4""]"	4	0	1210.1769186789752	0.3361602551886042	0	0
217d23425bca28d70485f5de107557057b01d758d5f2ca20f5cfa57d7d431172-package	OG0000230	package	217d23425bca28d70485f5de107557057b01d758d5f2ca20f5cfa57d7d431172	"[""217d23425bca28d70485f5de107557057b01d758d5f2ca20f5cfa57d7d431172-package-chain1"", ""217d23425bca28d70485f5de107557057b01d758d5f2ca20f5cfa57d7d431172-package-chain2"", ""217d23425bca28d70485f5de107557057b01d758d5f2ca20f5cfa57d7d431172-package-chain3"", ""217d23425bca28d70485f5de107557057b01d758d5f2ca20f5cfa57d7d431172-package-chain4""]"	4	0	1469.6452994269202	0.40823480539636675	0	0
2238bdb3d80f2445d7fcdafe3088446fb1d328752bc5e7ebbb5c889f95252d6c-broad	OG0002812	broad	2238bdb3d80f2445d7fcdafe3088446fb1d328752bc5e7ebbb5c889f95252d6c	"[""2238bdb3d80f2445d7fcdafe3088446fb1d328752bc5e7ebbb5c889f95252d6c-broad-chain1"", ""2238bdb3d80f2445d7fcdafe3088446fb1d328752bc5e7ebbb5c889f95252d6c-broad-chain2"", ""2238bdb3d80f2445d7fcdafe3088446fb1d328752bc5e7ebbb5c889f95252d6c-broad-chain3"", ""2238bdb3d80f2445d7fcdafe3088446fb1d328752bc5e7ebbb5c889f95252d6c-broad-chain4""]"	4	0	1987.461901128001	0.5520727503133336	0	0
2238bdb3d80f2445d7fcdafe3088446fb1d328752bc5e7ebbb5c889f95252d6c-centered	OG0002812	centered	2238bdb3d80f2445d7fcdafe3088446fb1d328752bc5e7ebbb5c889f95252d6c	"[""2238bdb3d80f2445d7fcdafe3088446fb1d328752bc5e7ebbb5c889f95252d6c-centered-chain1"", ""2238bdb3d80f2445d7fcdafe3088446fb1d328752bc5e7ebbb5c889f95252d6c-centered-chain2"", ""2238bdb3d80f2445d7fcdafe3088446fb1d328752bc5e7ebbb5c889f95252d6c-centered-chain3"", ""2238bdb3d80f2445d7fcdafe3088446fb1d328752bc5e7ebbb5c889f95252d6c-centered-chain4""]"	4	0	1902.9844999450142	0.5286068055402817	0	0
2238bdb3d80f2445d7fcdafe3088446fb1d328752bc5e7ebbb5c889f95252d6c-package	OG0002812	package	2238bdb3d80f2445d7fcdafe3088446fb1d328752bc5e7ebbb5c889f95252d6c	"[""2238bdb3d80f2445d7fcdafe3088446fb1d328752bc5e7ebbb5c889f95252d6c-package-chain1"", ""2238bdb3d80f2445d7fcdafe3088446fb1d328752bc5e7ebbb5c889f95252d6c-package-chain2"", ""2238bdb3d80f2445d7fcdafe3088446fb1d328752bc5e7ebbb5c889f95252d6c-package-chain3"", ""2238bdb3d80f2445d7fcdafe3088446fb1d328752bc5e7ebbb5c889f95252d6c-package-chain4""]"	4	0	2207.9195120709483	0.6133109755752634	0	0
2814b59e28fc6c7f26d3af5cab0feb476157c7f8c844b68ff1d7be61cfcba4c9-broad	OG0000230	broad	2814b59e28fc6c7f26d3af5cab0feb476157c7f8c844b68ff1d7be61cfcba4c9	"[""2814b59e28fc6c7f26d3af5cab0feb476157c7f8c844b68ff1d7be61cfcba4c9-broad-chain1"", ""2814b59e28fc6c7f26d3af5cab0feb476157c7f8c844b68ff1d7be61cfcba4c9-broad-chain2"", ""2814b59e28fc6c7f26d3af5cab0feb476157c7f8c844b68ff1d7be61cfcba4c9-broad-chain3"", ""2814b59e28fc6c7f26d3af5cab0feb476157c7f8c844b68ff1d7be61cfcba4c9-broad-chain4""]"	4	0	1225.1881668230344	0.3403300463397318	0	0
2814b59e28fc6c7f26d3af5cab0feb476157c7f8c844b68ff1d7be61cfcba4c9-centered	OG0000230	centered	2814b59e28fc6c7f26d3af5cab0feb476157c7f8c844b68ff1d7be61cfcba4c9	"[""2814b59e28fc6c7f26d3af5cab0feb476157c7f8c844b68ff1d7be61cfcba4c9-centered-chain1"", ""2814b59e28fc6c7f26d3af5cab0feb476157c7f8c844b68ff1d7be61cfcba4c9-centered-chain2"", ""2814b59e28fc6c7f26d3af5cab0feb476157c7f8c844b68ff1d7be61cfcba4c9-centered-chain3"", ""2814b59e28fc6c7f26d3af5cab0feb476157c7f8c844b68ff1d7be61cfcba4c9-centered-chain4""]"	4	0	1292.5605218118872	0.35904458939219086	0	0
2814b59e28fc6c7f26d3af5cab0feb476157c7f8c844b68ff1d7be61cfcba4c9-package	OG0000230	package	2814b59e28fc6c7f26d3af5cab0feb476157c7f8c844b68ff1d7be61cfcba4c9	"[""2814b59e28fc6c7f26d3af5cab0feb476157c7f8c844b68ff1d7be61cfcba4c9-package-chain1"", ""2814b59e28fc6c7f26d3af5cab0feb476157c7f8c844b68ff1d7be61cfcba4c9-package-chain2"", ""2814b59e28fc6c7f26d3af5cab0feb476157c7f8c844b68ff1d7be61cfcba4c9-package-chain3"", ""2814b59e28fc6c7f26d3af5cab0feb476157c7f8c844b68ff1d7be61cfcba4c9-package-chain4""]"	4	0	1395.607372064027	0.3876687144622297	0	0
2b035ff6a5d071b9dcdf45724574f8be160c958d93685501dc93c7c166e2f6c2-broad	OG0000230	broad	2b035ff6a5d071b9dcdf45724574f8be160c958d93685501dc93c7c166e2f6c2	"[""2b035ff6a5d071b9dcdf45724574f8be160c958d93685501dc93c7c166e2f6c2-broad-chain1"", ""2b035ff6a5d071b9dcdf45724574f8be160c958d93685501dc93c7c166e2f6c2-broad-chain2"", ""2b035ff6a5d071b9dcdf45724574f8be160c958d93685501dc93c7c166e2f6c2-broad-chain3"", ""2b035ff6a5d071b9dcdf45724574f8be160c958d93685501dc93c7c166e2f6c2-broad-chain4""]"	4	0	20294.276043180056	5.637298900883349	1	0
2b035ff6a5d071b9dcdf45724574f8be160c958d93685501dc93c7c166e2f6c2-centered	OG0000230	centered	2b035ff6a5d071b9dcdf45724574f8be160c958d93685501dc93c7c166e2f6c2	"[""2b035ff6a5d071b9dcdf45724574f8be160c958d93685501dc93c7c166e2f6c2-centered-chain1"", ""2b035ff6a5d071b9dcdf45724574f8be160c958d93685501dc93c7c166e2f6c2-centered-chain2"", ""2b035ff6a5d071b9dcdf45724574f8be160c958d93685501dc93c7c166e2f6c2-centered-chain3"", ""2b035ff6a5d071b9dcdf45724574f8be160c958d93685501dc93c7c166e2f6c2-centered-chain4""]"	4	0	19834.30050943498	5.509527919287494	0	0
2b035ff6a5d071b9dcdf45724574f8be160c958d93685501dc93c7c166e2f6c2-package	OG0000230	package	2b035ff6a5d071b9dcdf45724574f8be160c958d93685501dc93c7c166e2f6c2	"[""2b035ff6a5d071b9dcdf45724574f8be160c958d93685501dc93c7c166e2f6c2-package-chain1"", ""2b035ff6a5d071b9dcdf45724574f8be160c958d93685501dc93c7c166e2f6c2-package-chain2"", ""2b035ff6a5d071b9dcdf45724574f8be160c958d93685501dc93c7c166e2f6c2-package-chain3"", ""2b035ff6a5d071b9dcdf45724574f8be160c958d93685501dc93c7c166e2f6c2-package-chain4""]"	4	0	20642.47920339898	5.734022000944161	0	0
2c1005bd7e13d6ce2cb4b0429ac1ae47856c3153b120052d98b537113689ded9-broad	OG0000336	broad	2c1005bd7e13d6ce2cb4b0429ac1ae47856c3153b120052d98b537113689ded9	"[""2c1005bd7e13d6ce2cb4b0429ac1ae47856c3153b120052d98b537113689ded9-broad-chain1"", ""2c1005bd7e13d6ce2cb4b0429ac1ae47856c3153b120052d98b537113689ded9-broad-chain2"", ""2c1005bd7e13d6ce2cb4b0429ac1ae47856c3153b120052d98b537113689ded9-broad-chain3"", ""2c1005bd7e13d6ce2cb4b0429ac1ae47856c3153b120052d98b537113689ded9-broad-chain4""]"	4	0	2099.532492851955	0.5832034702366541	1	0
2c1005bd7e13d6ce2cb4b0429ac1ae47856c3153b120052d98b537113689ded9-centered	OG0000336	centered	2c1005bd7e13d6ce2cb4b0429ac1ae47856c3153b120052d98b537113689ded9	"[""2c1005bd7e13d6ce2cb4b0429ac1ae47856c3153b120052d98b537113689ded9-centered-chain1"", ""2c1005bd7e13d6ce2cb4b0429ac1ae47856c3153b120052d98b537113689ded9-centered-chain2"", ""2c1005bd7e13d6ce2cb4b0429ac1ae47856c3153b120052d98b537113689ded9-centered-chain3"", ""2c1005bd7e13d6ce2cb4b0429ac1ae47856c3153b120052d98b537113689ded9-centered-chain4""]"	4	0	2096.4389982249995	0.582344166173611	0	0
2c1005bd7e13d6ce2cb4b0429ac1ae47856c3153b120052d98b537113689ded9-package	OG0000336	package	2c1005bd7e13d6ce2cb4b0429ac1ae47856c3153b120052d98b537113689ded9	"[""2c1005bd7e13d6ce2cb4b0429ac1ae47856c3153b120052d98b537113689ded9-package-chain1"", ""2c1005bd7e13d6ce2cb4b0429ac1ae47856c3153b120052d98b537113689ded9-package-chain2"", ""2c1005bd7e13d6ce2cb4b0429ac1ae47856c3153b120052d98b537113689ded9-package-chain3"", ""2c1005bd7e13d6ce2cb4b0429ac1ae47856c3153b120052d98b537113689ded9-package-chain4""]"	4	0	2110.6035779078957	0.5862787716410821	1	0
2f6e0e69b81d2db2af058e6c425372acf69dbc52038b872ee6170b99bb640e85-broad	OG0000230	broad	2f6e0e69b81d2db2af058e6c425372acf69dbc52038b872ee6170b99bb640e85	"[""2f6e0e69b81d2db2af058e6c425372acf69dbc52038b872ee6170b99bb640e85-broad-chain1"", ""2f6e0e69b81d2db2af058e6c425372acf69dbc52038b872ee6170b99bb640e85-broad-chain2"", ""2f6e0e69b81d2db2af058e6c425372acf69dbc52038b872ee6170b99bb640e85-broad-chain3"", ""2f6e0e69b81d2db2af058e6c425372acf69dbc52038b872ee6170b99bb640e85-broad-chain4""]"	4	0	1208.7919539630238	0.3357755427675066	0	0
2f6e0e69b81d2db2af058e6c425372acf69dbc52038b872ee6170b99bb640e85-centered	OG0000230	centered	2f6e0e69b81d2db2af058e6c425372acf69dbc52038b872ee6170b99bb640e85	"[""2f6e0e69b81d2db2af058e6c425372acf69dbc52038b872ee6170b99bb640e85-centered-chain1"", ""2f6e0e69b81d2db2af058e6c425372acf69dbc52038b872ee6170b99bb640e85-centered-chain2"", ""2f6e0e69b81d2db2af058e6c425372acf69dbc52038b872ee6170b99bb640e85-centered-chain3"", ""2f6e0e69b81d2db2af058e6c425372acf69dbc52038b872ee6170b99bb640e85-centered-chain4""]"	4	0	1183.2763047880726	0.3286878624411313	0	0
2f6e0e69b81d2db2af058e6c425372acf69dbc52038b872ee6170b99bb640e85-package	OG0000230	package	2f6e0e69b81d2db2af058e6c425372acf69dbc52038b872ee6170b99bb640e85	"[""2f6e0e69b81d2db2af058e6c425372acf69dbc52038b872ee6170b99bb640e85-package-chain1"", ""2f6e0e69b81d2db2af058e6c425372acf69dbc52038b872ee6170b99bb640e85-package-chain2"", ""2f6e0e69b81d2db2af058e6c425372acf69dbc52038b872ee6170b99bb640e85-package-chain3"", ""2f6e0e69b81d2db2af058e6c425372acf69dbc52038b872ee6170b99bb640e85-package-chain4""]"	4	0	1452.081091382075	0.4033558587172431	0	0
30e9feb390463bebf7d2b799f5dc4d267e9684b2c6ffb849785305427e5e4a0b-broad	OG0000230	broad	30e9feb390463bebf7d2b799f5dc4d267e9684b2c6ffb849785305427e5e4a0b	"[""30e9feb390463bebf7d2b799f5dc4d267e9684b2c6ffb849785305427e5e4a0b-broad-chain1"", ""30e9feb390463bebf7d2b799f5dc4d267e9684b2c6ffb849785305427e5e4a0b-broad-chain2"", ""30e9feb390463bebf7d2b799f5dc4d267e9684b2c6ffb849785305427e5e4a0b-broad-chain3"", ""30e9feb390463bebf7d2b799f5dc4d267e9684b2c6ffb849785305427e5e4a0b-broad-chain4""]"	4	0	1231.965473584045	0.3422126315511236	0	0
30e9feb390463bebf7d2b799f5dc4d267e9684b2c6ffb849785305427e5e4a0b-centered	OG0000230	centered	30e9feb390463bebf7d2b799f5dc4d267e9684b2c6ffb849785305427e5e4a0b	"[""30e9feb390463bebf7d2b799f5dc4d267e9684b2c6ffb849785305427e5e4a0b-centered-chain1"", ""30e9feb390463bebf7d2b799f5dc4d267e9684b2c6ffb849785305427e5e4a0b-centered-chain2"", ""30e9feb390463bebf7d2b799f5dc4d267e9684b2c6ffb849785305427e5e4a0b-centered-chain3"", ""30e9feb390463bebf7d2b799f5dc4d267e9684b2c6ffb849785305427e5e4a0b-centered-chain4""]"	4	0	1170.7318944400758	0.3252033040111322	0	0
30e9feb390463bebf7d2b799f5dc4d267e9684b2c6ffb849785305427e5e4a0b-package	OG0000230	package	30e9feb390463bebf7d2b799f5dc4d267e9684b2c6ffb849785305427e5e4a0b	"[""30e9feb390463bebf7d2b799f5dc4d267e9684b2c6ffb849785305427e5e4a0b-package-chain1"", ""30e9feb390463bebf7d2b799f5dc4d267e9684b2c6ffb849785305427e5e4a0b-package-chain2"", ""30e9feb390463bebf7d2b799f5dc4d267e9684b2c6ffb849785305427e5e4a0b-package-chain3"", ""30e9feb390463bebf7d2b799f5dc4d267e9684b2c6ffb849785305427e5e4a0b-package-chain4""]"	4	0	1374.5637162759667	0.3818232545211019	0	0
31a229377f5371b1d962d0db682d7f4db982d896f4618360850c47f55b35c64b-broad	OG0000230	broad	31a229377f5371b1d962d0db682d7f4db982d896f4618360850c47f55b35c64b	"[""31a229377f5371b1d962d0db682d7f4db982d896f4618360850c47f55b35c64b-broad-chain1"", ""31a229377f5371b1d962d0db682d7f4db982d896f4618360850c47f55b35c64b-broad-chain2"", ""31a229377f5371b1d962d0db682d7f4db982d896f4618360850c47f55b35c64b-broad-chain3"", ""31a229377f5371b1d962d0db682d7f4db982d896f4618360850c47f55b35c64b-broad-chain4""]"	4	0	1160.8113783480658	0.32244760509668496	0	0
31a229377f5371b1d962d0db682d7f4db982d896f4618360850c47f55b35c64b-centered	OG0000230	centered	31a229377f5371b1d962d0db682d7f4db982d896f4618360850c47f55b35c64b	"[""31a229377f5371b1d962d0db682d7f4db982d896f4618360850c47f55b35c64b-centered-chain1"", ""31a229377f5371b1d962d0db682d7f4db982d896f4618360850c47f55b35c64b-centered-chain2"", ""31a229377f5371b1d962d0db682d7f4db982d896f4618360850c47f55b35c64b-centered-chain3"", ""31a229377f5371b1d962d0db682d7f4db982d896f4618360850c47f55b35c64b-centered-chain4""]"	4	0	1221.5728355729952	0.3393257876591653	0	0
31a229377f5371b1d962d0db682d7f4db982d896f4618360850c47f55b35c64b-package	OG0000230	package	31a229377f5371b1d962d0db682d7f4db982d896f4618360850c47f55b35c64b	"[""31a229377f5371b1d962d0db682d7f4db982d896f4618360850c47f55b35c64b-package-chain1"", ""31a229377f5371b1d962d0db682d7f4db982d896f4618360850c47f55b35c64b-package-chain2"", ""31a229377f5371b1d962d0db682d7f4db982d896f4618360850c47f55b35c64b-package-chain3"", ""31a229377f5371b1d962d0db682d7f4db982d896f4618360850c47f55b35c64b-package-chain4""]"	4	0	1398.941275537014	0.3885947987602817	0	0
390c70a50ec3c01d565f1225c76b74d51ed3ce66266a173cedc72a32b1ea62f9-broad	OG0000230	broad	390c70a50ec3c01d565f1225c76b74d51ed3ce66266a173cedc72a32b1ea62f9	"[""390c70a50ec3c01d565f1225c76b74d51ed3ce66266a173cedc72a32b1ea62f9-broad-chain1"", ""390c70a50ec3c01d565f1225c76b74d51ed3ce66266a173cedc72a32b1ea62f9-broad-chain2"", ""390c70a50ec3c01d565f1225c76b74d51ed3ce66266a173cedc72a32b1ea62f9-broad-chain3"", ""390c70a50ec3c01d565f1225c76b74d51ed3ce66266a173cedc72a32b1ea62f9-broad-chain4""]"	4	0	21003.109331179003	5.834197036438612	1	0
390c70a50ec3c01d565f1225c76b74d51ed3ce66266a173cedc72a32b1ea62f9-centered	OG0000230	centered	390c70a50ec3c01d565f1225c76b74d51ed3ce66266a173cedc72a32b1ea62f9	"[""390c70a50ec3c01d565f1225c76b74d51ed3ce66266a173cedc72a32b1ea62f9-centered-chain1"", ""390c70a50ec3c01d565f1225c76b74d51ed3ce66266a173cedc72a32b1ea62f9-centered-chain2"", ""390c70a50ec3c01d565f1225c76b74d51ed3ce66266a173cedc72a32b1ea62f9-centered-chain3"", ""390c70a50ec3c01d565f1225c76b74d51ed3ce66266a173cedc72a32b1ea62f9-centered-chain4""]"	4	0	19148.420179648034	5.319005605457787	1	0
390c70a50ec3c01d565f1225c76b74d51ed3ce66266a173cedc72a32b1ea62f9-package	OG0000230	package	390c70a50ec3c01d565f1225c76b74d51ed3ce66266a173cedc72a32b1ea62f9	"[""390c70a50ec3c01d565f1225c76b74d51ed3ce66266a173cedc72a32b1ea62f9-package-chain1"", ""390c70a50ec3c01d565f1225c76b74d51ed3ce66266a173cedc72a32b1ea62f9-package-chain2"", ""390c70a50ec3c01d565f1225c76b74d51ed3ce66266a173cedc72a32b1ea62f9-package-chain3"", ""390c70a50ec3c01d565f1225c76b74d51ed3ce66266a173cedc72a32b1ea62f9-package-chain4""]"	4	0	21156.612769799016	5.876836880499726	1	0
3ab7dbb5d0f576417e9734ff08c2dd6c6d2bbd655059c1339dc94b5d69459d45-broad	OG0000230	broad	3ab7dbb5d0f576417e9734ff08c2dd6c6d2bbd655059c1339dc94b5d69459d45	"[""3ab7dbb5d0f576417e9734ff08c2dd6c6d2bbd655059c1339dc94b5d69459d45-broad-chain1"", ""3ab7dbb5d0f576417e9734ff08c2dd6c6d2bbd655059c1339dc94b5d69459d45-broad-chain2"", ""3ab7dbb5d0f576417e9734ff08c2dd6c6d2bbd655059c1339dc94b5d69459d45-broad-chain3"", ""3ab7dbb5d0f576417e9734ff08c2dd6c6d2bbd655059c1339dc94b5d69459d45-broad-chain4""]"	4	0	1181.4526343469915	0.32818128731860874	0	0
3ab7dbb5d0f576417e9734ff08c2dd6c6d2bbd655059c1339dc94b5d69459d45-centered	OG0000230	centered	3ab7dbb5d0f576417e9734ff08c2dd6c6d2bbd655059c1339dc94b5d69459d45	"[""3ab7dbb5d0f576417e9734ff08c2dd6c6d2bbd655059c1339dc94b5d69459d45-centered-chain1"", ""3ab7dbb5d0f576417e9734ff08c2dd6c6d2bbd655059c1339dc94b5d69459d45-centered-chain2"", ""3ab7dbb5d0f576417e9734ff08c2dd6c6d2bbd655059c1339dc94b5d69459d45-centered-chain3"", ""3ab7dbb5d0f576417e9734ff08c2dd6c6d2bbd655059c1339dc94b5d69459d45-centered-chain4""]"	4	0	1258.448776675039	0.3495691046319553	0	0
3ab7dbb5d0f576417e9734ff08c2dd6c6d2bbd655059c1339dc94b5d69459d45-package	OG0000230	package	3ab7dbb5d0f576417e9734ff08c2dd6c6d2bbd655059c1339dc94b5d69459d45	"[""3ab7dbb5d0f576417e9734ff08c2dd6c6d2bbd655059c1339dc94b5d69459d45-package-chain1"", ""3ab7dbb5d0f576417e9734ff08c2dd6c6d2bbd655059c1339dc94b5d69459d45-package-chain2"", ""3ab7dbb5d0f576417e9734ff08c2dd6c6d2bbd655059c1339dc94b5d69459d45-package-chain3"", ""3ab7dbb5d0f576417e9734ff08c2dd6c6d2bbd655059c1339dc94b5d69459d45-package-chain4""]"	4	0	1512.7277367129573	0.4202021490869326	0	0
3f62e01a8660a779c90eae5e1d9bbc7bcbd31b1ec053dac1acd77126f3790fcc-broad	OG0000336	broad	3f62e01a8660a779c90eae5e1d9bbc7bcbd31b1ec053dac1acd77126f3790fcc	"[""3f62e01a8660a779c90eae5e1d9bbc7bcbd31b1ec053dac1acd77126f3790fcc-broad-chain1"", ""3f62e01a8660a779c90eae5e1d9bbc7bcbd31b1ec053dac1acd77126f3790fcc-broad-chain2"", ""3f62e01a8660a779c90eae5e1d9bbc7bcbd31b1ec053dac1acd77126f3790fcc-broad-chain3"", ""3f62e01a8660a779c90eae5e1d9bbc7bcbd31b1ec053dac1acd77126f3790fcc-broad-chain4""]"	4	0	489.15687647400773	0.1358769101316688	0	0
3f62e01a8660a779c90eae5e1d9bbc7bcbd31b1ec053dac1acd77126f3790fcc-centered	OG0000336	centered	3f62e01a8660a779c90eae5e1d9bbc7bcbd31b1ec053dac1acd77126f3790fcc	"[""3f62e01a8660a779c90eae5e1d9bbc7bcbd31b1ec053dac1acd77126f3790fcc-centered-chain1"", ""3f62e01a8660a779c90eae5e1d9bbc7bcbd31b1ec053dac1acd77126f3790fcc-centered-chain2"", ""3f62e01a8660a779c90eae5e1d9bbc7bcbd31b1ec053dac1acd77126f3790fcc-centered-chain3"", ""3f62e01a8660a779c90eae5e1d9bbc7bcbd31b1ec053dac1acd77126f3790fcc-centered-chain4""]"	4	0	476.66341486392776	0.1324065041288688	0	0
3f62e01a8660a779c90eae5e1d9bbc7bcbd31b1ec053dac1acd77126f3790fcc-package	OG0000336	package	3f62e01a8660a779c90eae5e1d9bbc7bcbd31b1ec053dac1acd77126f3790fcc	"[""3f62e01a8660a779c90eae5e1d9bbc7bcbd31b1ec053dac1acd77126f3790fcc-package-chain1"", ""3f62e01a8660a779c90eae5e1d9bbc7bcbd31b1ec053dac1acd77126f3790fcc-package-chain2"", ""3f62e01a8660a779c90eae5e1d9bbc7bcbd31b1ec053dac1acd77126f3790fcc-package-chain3"", ""3f62e01a8660a779c90eae5e1d9bbc7bcbd31b1ec053dac1acd77126f3790fcc-package-chain4""]"	4	0	517.6959541100077	0.14380443169722437	0	0
4128a59a0b902b6e1a580c55305b80c9d69592a83be096b22ab24a18fc098680-broad	OG0000230	broad	4128a59a0b902b6e1a580c55305b80c9d69592a83be096b22ab24a18fc098680	"[""4128a59a0b902b6e1a580c55305b80c9d69592a83be096b22ab24a18fc098680-broad-chain1"", ""4128a59a0b902b6e1a580c55305b80c9d69592a83be096b22ab24a18fc098680-broad-chain2"", ""4128a59a0b902b6e1a580c55305b80c9d69592a83be096b22ab24a18fc098680-broad-chain3"", ""4128a59a0b902b6e1a580c55305b80c9d69592a83be096b22ab24a18fc098680-broad-chain4""]"	4	0	1326.5705758569238	0.36849182662692326	0	0
4128a59a0b902b6e1a580c55305b80c9d69592a83be096b22ab24a18fc098680-centered	OG0000230	centered	4128a59a0b902b6e1a580c55305b80c9d69592a83be096b22ab24a18fc098680	"[""4128a59a0b902b6e1a580c55305b80c9d69592a83be096b22ab24a18fc098680-centered-chain1"", ""4128a59a0b902b6e1a580c55305b80c9d69592a83be096b22ab24a18fc098680-centered-chain2"", ""4128a59a0b902b6e1a580c55305b80c9d69592a83be096b22ab24a18fc098680-centered-chain3"", ""4128a59a0b902b6e1a580c55305b80c9d69592a83be096b22ab24a18fc098680-centered-chain4""]"	4	0	1145.033326917095	0.31806481303252643	0	0
4128a59a0b902b6e1a580c55305b80c9d69592a83be096b22ab24a18fc098680-package	OG0000230	package	4128a59a0b902b6e1a580c55305b80c9d69592a83be096b22ab24a18fc098680	"[""4128a59a0b902b6e1a580c55305b80c9d69592a83be096b22ab24a18fc098680-package-chain1"", ""4128a59a0b902b6e1a580c55305b80c9d69592a83be096b22ab24a18fc098680-package-chain2"", ""4128a59a0b902b6e1a580c55305b80c9d69592a83be096b22ab24a18fc098680-package-chain3"", ""4128a59a0b902b6e1a580c55305b80c9d69592a83be096b22ab24a18fc098680-package-chain4""]"	4	0	1436.2413426160929	0.39895592850447026	0	0
41ddef2f3dd8342f1a3d3b8c2009a6c535e46733a73cc4755936f2c674a493bc-broad	OG0000230	broad	41ddef2f3dd8342f1a3d3b8c2009a6c535e46733a73cc4755936f2c674a493bc	"[""41ddef2f3dd8342f1a3d3b8c2009a6c535e46733a73cc4755936f2c674a493bc-broad-chain1"", ""41ddef2f3dd8342f1a3d3b8c2009a6c535e46733a73cc4755936f2c674a493bc-broad-chain2"", ""41ddef2f3dd8342f1a3d3b8c2009a6c535e46733a73cc4755936f2c674a493bc-broad-chain3"", ""41ddef2f3dd8342f1a3d3b8c2009a6c535e46733a73cc4755936f2c674a493bc-broad-chain4""]"	4	0	1219.1871742010699	0.33866310394474164	0	0
41ddef2f3dd8342f1a3d3b8c2009a6c535e46733a73cc4755936f2c674a493bc-centered	OG0000230	centered	41ddef2f3dd8342f1a3d3b8c2009a6c535e46733a73cc4755936f2c674a493bc	"[""41ddef2f3dd8342f1a3d3b8c2009a6c535e46733a73cc4755936f2c674a493bc-centered-chain1"", ""41ddef2f3dd8342f1a3d3b8c2009a6c535e46733a73cc4755936f2c674a493bc-centered-chain2"", ""41ddef2f3dd8342f1a3d3b8c2009a6c535e46733a73cc4755936f2c674a493bc-centered-chain3"", ""41ddef2f3dd8342f1a3d3b8c2009a6c535e46733a73cc4755936f2c674a493bc-centered-chain4""]"	4	0	1245.4765121828823	0.3459656978285784	0	0
41ddef2f3dd8342f1a3d3b8c2009a6c535e46733a73cc4755936f2c674a493bc-package	OG0000230	package	41ddef2f3dd8342f1a3d3b8c2009a6c535e46733a73cc4755936f2c674a493bc	"[""41ddef2f3dd8342f1a3d3b8c2009a6c535e46733a73cc4755936f2c674a493bc-package-chain1"", ""41ddef2f3dd8342f1a3d3b8c2009a6c535e46733a73cc4755936f2c674a493bc-package-chain2"", ""41ddef2f3dd8342f1a3d3b8c2009a6c535e46733a73cc4755936f2c674a493bc-package-chain3"", ""41ddef2f3dd8342f1a3d3b8c2009a6c535e46733a73cc4755936f2c674a493bc-package-chain4""]"	4	0	1427.6135124570574	0.3965593090158493	0	0
4399a4155d07a1241e725f45f89958f239f65767083366d475c76130e7797ffa-broad	OG0000230	broad	4399a4155d07a1241e725f45f89958f239f65767083366d475c76130e7797ffa	"[""4399a4155d07a1241e725f45f89958f239f65767083366d475c76130e7797ffa-broad-chain1"", ""4399a4155d07a1241e725f45f89958f239f65767083366d475c76130e7797ffa-broad-chain2"", ""4399a4155d07a1241e725f45f89958f239f65767083366d475c76130e7797ffa-broad-chain3"", ""4399a4155d07a1241e725f45f89958f239f65767083366d475c76130e7797ffa-broad-chain4""]"	4	0	20380.94176105797	5.661372711404992	0	0
4399a4155d07a1241e725f45f89958f239f65767083366d475c76130e7797ffa-centered	OG0000230	centered	4399a4155d07a1241e725f45f89958f239f65767083366d475c76130e7797ffa	"[""4399a4155d07a1241e725f45f89958f239f65767083366d475c76130e7797ffa-centered-chain1"", ""4399a4155d07a1241e725f45f89958f239f65767083366d475c76130e7797ffa-centered-chain2"", ""4399a4155d07a1241e725f45f89958f239f65767083366d475c76130e7797ffa-centered-chain3"", ""4399a4155d07a1241e725f45f89958f239f65767083366d475c76130e7797ffa-centered-chain4""]"	4	0	18941.251476053032	5.261458743348064	0	0
4399a4155d07a1241e725f45f89958f239f65767083366d475c76130e7797ffa-package	OG0000230	package	4399a4155d07a1241e725f45f89958f239f65767083366d475c76130e7797ffa	"[""4399a4155d07a1241e725f45f89958f239f65767083366d475c76130e7797ffa-package-chain1"", ""4399a4155d07a1241e725f45f89958f239f65767083366d475c76130e7797ffa-package-chain2"", ""4399a4155d07a1241e725f45f89958f239f65767083366d475c76130e7797ffa-package-chain3"", ""4399a4155d07a1241e725f45f89958f239f65767083366d475c76130e7797ffa-package-chain4""]"	4	0	20522.158538341	5.70059959398361	0	0
4554868ba9129a5c1eeb21e1918a199689a1e6af30cb33264c505796844cc7f3-broad	OG0000054	broad	4554868ba9129a5c1eeb21e1918a199689a1e6af30cb33264c505796844cc7f3	"[""4554868ba9129a5c1eeb21e1918a199689a1e6af30cb33264c505796844cc7f3-broad-chain1"", ""4554868ba9129a5c1eeb21e1918a199689a1e6af30cb33264c505796844cc7f3-broad-chain2"", ""4554868ba9129a5c1eeb21e1918a199689a1e6af30cb33264c505796844cc7f3-broad-chain3"", ""4554868ba9129a5c1eeb21e1918a199689a1e6af30cb33264c505796844cc7f3-broad-chain4""]"	4	0	1109.9504545090313	0.30831957069695315	0	0
4554868ba9129a5c1eeb21e1918a199689a1e6af30cb33264c505796844cc7f3-centered	OG0000054	centered	4554868ba9129a5c1eeb21e1918a199689a1e6af30cb33264c505796844cc7f3	"[""4554868ba9129a5c1eeb21e1918a199689a1e6af30cb33264c505796844cc7f3-centered-chain1"", ""4554868ba9129a5c1eeb21e1918a199689a1e6af30cb33264c505796844cc7f3-centered-chain2"", ""4554868ba9129a5c1eeb21e1918a199689a1e6af30cb33264c505796844cc7f3-centered-chain3"", ""4554868ba9129a5c1eeb21e1918a199689a1e6af30cb33264c505796844cc7f3-centered-chain4""]"	4	0	1122.5407461589784	0.3118168739330496	0	0
4554868ba9129a5c1eeb21e1918a199689a1e6af30cb33264c505796844cc7f3-package	OG0000054	package	4554868ba9129a5c1eeb21e1918a199689a1e6af30cb33264c505796844cc7f3	"[""4554868ba9129a5c1eeb21e1918a199689a1e6af30cb33264c505796844cc7f3-package-chain1"", ""4554868ba9129a5c1eeb21e1918a199689a1e6af30cb33264c505796844cc7f3-package-chain2"", ""4554868ba9129a5c1eeb21e1918a199689a1e6af30cb33264c505796844cc7f3-package-chain3"", ""4554868ba9129a5c1eeb21e1918a199689a1e6af30cb33264c505796844cc7f3-package-chain4""]"	4	0	1246.4419668309856	0.3462338796752738	0	0
46487a57b971e78785ec4ffad6c0821e5b83ff117b5928fb0febb7cbd4890b3a-broad	OG0000230	broad	46487a57b971e78785ec4ffad6c0821e5b83ff117b5928fb0febb7cbd4890b3a	"[""46487a57b971e78785ec4ffad6c0821e5b83ff117b5928fb0febb7cbd4890b3a-broad-chain1"", ""46487a57b971e78785ec4ffad6c0821e5b83ff117b5928fb0febb7cbd4890b3a-broad-chain2"", ""46487a57b971e78785ec4ffad6c0821e5b83ff117b5928fb0febb7cbd4890b3a-broad-chain3"", ""46487a57b971e78785ec4ffad6c0821e5b83ff117b5928fb0febb7cbd4890b3a-broad-chain4""]"	4	0	1114.922796192026	0.30970077672000723	0	0
46487a57b971e78785ec4ffad6c0821e5b83ff117b5928fb0febb7cbd4890b3a-centered	OG0000230	centered	46487a57b971e78785ec4ffad6c0821e5b83ff117b5928fb0febb7cbd4890b3a	"[""46487a57b971e78785ec4ffad6c0821e5b83ff117b5928fb0febb7cbd4890b3a-centered-chain1"", ""46487a57b971e78785ec4ffad6c0821e5b83ff117b5928fb0febb7cbd4890b3a-centered-chain2"", ""46487a57b971e78785ec4ffad6c0821e5b83ff117b5928fb0febb7cbd4890b3a-centered-chain3"", ""46487a57b971e78785ec4ffad6c0821e5b83ff117b5928fb0febb7cbd4890b3a-centered-chain4""]"	4	0	1133.4050646939431	0.314834740192762	0	0
46487a57b971e78785ec4ffad6c0821e5b83ff117b5928fb0febb7cbd4890b3a-package	OG0000230	package	46487a57b971e78785ec4ffad6c0821e5b83ff117b5928fb0febb7cbd4890b3a	"[""46487a57b971e78785ec4ffad6c0821e5b83ff117b5928fb0febb7cbd4890b3a-package-chain1"", ""46487a57b971e78785ec4ffad6c0821e5b83ff117b5928fb0febb7cbd4890b3a-package-chain2"", ""46487a57b971e78785ec4ffad6c0821e5b83ff117b5928fb0febb7cbd4890b3a-package-chain3"", ""46487a57b971e78785ec4ffad6c0821e5b83ff117b5928fb0febb7cbd4890b3a-package-chain4""]"	4	0	1447.769845007977	0.4021582902799936	0	0
477b72f96230bf6bec0d82e9f80883ec3ef23ed1bc162be793f9629f2d12e6f0-broad	OG0000230	broad	477b72f96230bf6bec0d82e9f80883ec3ef23ed1bc162be793f9629f2d12e6f0	"[""477b72f96230bf6bec0d82e9f80883ec3ef23ed1bc162be793f9629f2d12e6f0-broad-chain1"", ""477b72f96230bf6bec0d82e9f80883ec3ef23ed1bc162be793f9629f2d12e6f0-broad-chain2"", ""477b72f96230bf6bec0d82e9f80883ec3ef23ed1bc162be793f9629f2d12e6f0-broad-chain3"", ""477b72f96230bf6bec0d82e9f80883ec3ef23ed1bc162be793f9629f2d12e6f0-broad-chain4""]"	4	0	1191.151158672932	0.33087532185359225	0	0
477b72f96230bf6bec0d82e9f80883ec3ef23ed1bc162be793f9629f2d12e6f0-centered	OG0000230	centered	477b72f96230bf6bec0d82e9f80883ec3ef23ed1bc162be793f9629f2d12e6f0	"[""477b72f96230bf6bec0d82e9f80883ec3ef23ed1bc162be793f9629f2d12e6f0-centered-chain1"", ""477b72f96230bf6bec0d82e9f80883ec3ef23ed1bc162be793f9629f2d12e6f0-centered-chain2"", ""477b72f96230bf6bec0d82e9f80883ec3ef23ed1bc162be793f9629f2d12e6f0-centered-chain3"", ""477b72f96230bf6bec0d82e9f80883ec3ef23ed1bc162be793f9629f2d12e6f0-centered-chain4""]"	4	0	1193.4267003670102	0.33150741676861395	0	0
477b72f96230bf6bec0d82e9f80883ec3ef23ed1bc162be793f9629f2d12e6f0-package	OG0000230	package	477b72f96230bf6bec0d82e9f80883ec3ef23ed1bc162be793f9629f2d12e6f0	"[""477b72f96230bf6bec0d82e9f80883ec3ef23ed1bc162be793f9629f2d12e6f0-package-chain1"", ""477b72f96230bf6bec0d82e9f80883ec3ef23ed1bc162be793f9629f2d12e6f0-package-chain2"", ""477b72f96230bf6bec0d82e9f80883ec3ef23ed1bc162be793f9629f2d12e6f0-package-chain3"", ""477b72f96230bf6bec0d82e9f80883ec3ef23ed1bc162be793f9629f2d12e6f0-package-chain4""]"	4	0	1343.7134731491096	0.37325374254141935	0	0
4825ef56f94053f03607294554865781775aa2179c0d6124231490bd96c8c456-broad	OG0000230	broad	4825ef56f94053f03607294554865781775aa2179c0d6124231490bd96c8c456	"[""4825ef56f94053f03607294554865781775aa2179c0d6124231490bd96c8c456-broad-chain1"", ""4825ef56f94053f03607294554865781775aa2179c0d6124231490bd96c8c456-broad-chain2"", ""4825ef56f94053f03607294554865781775aa2179c0d6124231490bd96c8c456-broad-chain3"", ""4825ef56f94053f03607294554865781775aa2179c0d6124231490bd96c8c456-broad-chain4""]"	4	0	19845.12781212997	5.512535503369436	0	0
4825ef56f94053f03607294554865781775aa2179c0d6124231490bd96c8c456-centered	OG0000230	centered	4825ef56f94053f03607294554865781775aa2179c0d6124231490bd96c8c456	"[""4825ef56f94053f03607294554865781775aa2179c0d6124231490bd96c8c456-centered-chain1"", ""4825ef56f94053f03607294554865781775aa2179c0d6124231490bd96c8c456-centered-chain2"", ""4825ef56f94053f03607294554865781775aa2179c0d6124231490bd96c8c456-centered-chain3"", ""4825ef56f94053f03607294554865781775aa2179c0d6124231490bd96c8c456-centered-chain4""]"	4	0	19025.29243791406	5.284803454976128	0	0
4825ef56f94053f03607294554865781775aa2179c0d6124231490bd96c8c456-package	OG0000230	package	4825ef56f94053f03607294554865781775aa2179c0d6124231490bd96c8c456	"[""4825ef56f94053f03607294554865781775aa2179c0d6124231490bd96c8c456-package-chain1"", ""4825ef56f94053f03607294554865781775aa2179c0d6124231490bd96c8c456-package-chain2"", ""4825ef56f94053f03607294554865781775aa2179c0d6124231490bd96c8c456-package-chain3"", ""4825ef56f94053f03607294554865781775aa2179c0d6124231490bd96c8c456-package-chain4""]"	4	0	20639.08036101592	5.733077878059977	2	0
4848bf5bd69e8a58650eca9ecd6a39c44e5bec6c66b2b29f731fd4072c56d067-broad	OG0000230	broad	4848bf5bd69e8a58650eca9ecd6a39c44e5bec6c66b2b29f731fd4072c56d067	"[""4848bf5bd69e8a58650eca9ecd6a39c44e5bec6c66b2b29f731fd4072c56d067-broad-chain1"", ""4848bf5bd69e8a58650eca9ecd6a39c44e5bec6c66b2b29f731fd4072c56d067-broad-chain2"", ""4848bf5bd69e8a58650eca9ecd6a39c44e5bec6c66b2b29f731fd4072c56d067-broad-chain3"", ""4848bf5bd69e8a58650eca9ecd6a39c44e5bec6c66b2b29f731fd4072c56d067-broad-chain4""]"	4	0	1172.2243550199782	0.3256178763944384	0	0
4848bf5bd69e8a58650eca9ecd6a39c44e5bec6c66b2b29f731fd4072c56d067-centered	OG0000230	centered	4848bf5bd69e8a58650eca9ecd6a39c44e5bec6c66b2b29f731fd4072c56d067	"[""4848bf5bd69e8a58650eca9ecd6a39c44e5bec6c66b2b29f731fd4072c56d067-centered-chain1"", ""4848bf5bd69e8a58650eca9ecd6a39c44e5bec6c66b2b29f731fd4072c56d067-centered-chain2"", ""4848bf5bd69e8a58650eca9ecd6a39c44e5bec6c66b2b29f731fd4072c56d067-centered-chain3"", ""4848bf5bd69e8a58650eca9ecd6a39c44e5bec6c66b2b29f731fd4072c56d067-centered-chain4""]"	4	0	1214.186838906142	0.33727412191837275	0	0
4848bf5bd69e8a58650eca9ecd6a39c44e5bec6c66b2b29f731fd4072c56d067-package	OG0000230	package	4848bf5bd69e8a58650eca9ecd6a39c44e5bec6c66b2b29f731fd4072c56d067	"[""4848bf5bd69e8a58650eca9ecd6a39c44e5bec6c66b2b29f731fd4072c56d067-package-chain1"", ""4848bf5bd69e8a58650eca9ecd6a39c44e5bec6c66b2b29f731fd4072c56d067-package-chain2"", ""4848bf5bd69e8a58650eca9ecd6a39c44e5bec6c66b2b29f731fd4072c56d067-package-chain3"", ""4848bf5bd69e8a58650eca9ecd6a39c44e5bec6c66b2b29f731fd4072c56d067-package-chain4""]"	4	0	1421.7962669440312	0.3949434074844531	0	0
48661894e1421b1c807ff33886cc2860944f1a7b1f8d9d624fddd74de6f7337b-broad	OG0002812	broad	48661894e1421b1c807ff33886cc2860944f1a7b1f8d9d624fddd74de6f7337b	"[""48661894e1421b1c807ff33886cc2860944f1a7b1f8d9d624fddd74de6f7337b-broad-chain1"", ""48661894e1421b1c807ff33886cc2860944f1a7b1f8d9d624fddd74de6f7337b-broad-chain2"", ""48661894e1421b1c807ff33886cc2860944f1a7b1f8d9d624fddd74de6f7337b-broad-chain3"", ""48661894e1421b1c807ff33886cc2860944f1a7b1f8d9d624fddd74de6f7337b-broad-chain4""]"	4	0	12020.592663207004	3.339053517557501	0	0
48661894e1421b1c807ff33886cc2860944f1a7b1f8d9d624fddd74de6f7337b-centered	OG0002812	centered	48661894e1421b1c807ff33886cc2860944f1a7b1f8d9d624fddd74de6f7337b	"[""48661894e1421b1c807ff33886cc2860944f1a7b1f8d9d624fddd74de6f7337b-centered-chain1"", ""48661894e1421b1c807ff33886cc2860944f1a7b1f8d9d624fddd74de6f7337b-centered-chain2"", ""48661894e1421b1c807ff33886cc2860944f1a7b1f8d9d624fddd74de6f7337b-centered-chain3"", ""48661894e1421b1c807ff33886cc2860944f1a7b1f8d9d624fddd74de6f7337b-centered-chain4""]"	4	0	11553.368248627987	3.2092689579522187	0	0
48661894e1421b1c807ff33886cc2860944f1a7b1f8d9d624fddd74de6f7337b-package	OG0002812	package	48661894e1421b1c807ff33886cc2860944f1a7b1f8d9d624fddd74de6f7337b	"[""48661894e1421b1c807ff33886cc2860944f1a7b1f8d9d624fddd74de6f7337b-package-chain1"", ""48661894e1421b1c807ff33886cc2860944f1a7b1f8d9d624fddd74de6f7337b-package-chain2"", ""48661894e1421b1c807ff33886cc2860944f1a7b1f8d9d624fddd74de6f7337b-package-chain3"", ""48661894e1421b1c807ff33886cc2860944f1a7b1f8d9d624fddd74de6f7337b-package-chain4""]"	4	0	12270.05642907694	3.408349008076928	0	0
498bc2cddb01a705da9e9f3537c7bf1823aa7470c4620443b1bc968d537cba26-broad	OG0000230	broad	498bc2cddb01a705da9e9f3537c7bf1823aa7470c4620443b1bc968d537cba26	"[""498bc2cddb01a705da9e9f3537c7bf1823aa7470c4620443b1bc968d537cba26-broad-chain1"", ""498bc2cddb01a705da9e9f3537c7bf1823aa7470c4620443b1bc968d537cba26-broad-chain2"", ""498bc2cddb01a705da9e9f3537c7bf1823aa7470c4620443b1bc968d537cba26-broad-chain3"", ""498bc2cddb01a705da9e9f3537c7bf1823aa7470c4620443b1bc968d537cba26-broad-chain4""]"	4	0	20234.363626768027	5.620656562991119	0	0
498bc2cddb01a705da9e9f3537c7bf1823aa7470c4620443b1bc968d537cba26-centered	OG0000230	centered	498bc2cddb01a705da9e9f3537c7bf1823aa7470c4620443b1bc968d537cba26	"[""498bc2cddb01a705da9e9f3537c7bf1823aa7470c4620443b1bc968d537cba26-centered-chain1"", ""498bc2cddb01a705da9e9f3537c7bf1823aa7470c4620443b1bc968d537cba26-centered-chain2"", ""498bc2cddb01a705da9e9f3537c7bf1823aa7470c4620443b1bc968d537cba26-centered-chain3"", ""498bc2cddb01a705da9e9f3537c7bf1823aa7470c4620443b1bc968d537cba26-centered-chain4""]"	4	0	19556.41843940111	5.432338455389197	0	0
498bc2cddb01a705da9e9f3537c7bf1823aa7470c4620443b1bc968d537cba26-package	OG0000230	package	498bc2cddb01a705da9e9f3537c7bf1823aa7470c4620443b1bc968d537cba26	"[""498bc2cddb01a705da9e9f3537c7bf1823aa7470c4620443b1bc968d537cba26-package-chain1"", ""498bc2cddb01a705da9e9f3537c7bf1823aa7470c4620443b1bc968d537cba26-package-chain2"", ""498bc2cddb01a705da9e9f3537c7bf1823aa7470c4620443b1bc968d537cba26-package-chain3"", ""498bc2cddb01a705da9e9f3537c7bf1823aa7470c4620443b1bc968d537cba26-package-chain4""]"	4	0	20821.063078934967	5.783628633037491	0	0
4abdc7b5120979390f2cd827ba1b05ce9c081e1450c7fc4c3a81aa6c6f1b9e87-broad	OG0000095	broad	4abdc7b5120979390f2cd827ba1b05ce9c081e1450c7fc4c3a81aa6c6f1b9e87	"[""4abdc7b5120979390f2cd827ba1b05ce9c081e1450c7fc4c3a81aa6c6f1b9e87-broad-chain1"", ""4abdc7b5120979390f2cd827ba1b05ce9c081e1450c7fc4c3a81aa6c6f1b9e87-broad-chain2"", ""4abdc7b5120979390f2cd827ba1b05ce9c081e1450c7fc4c3a81aa6c6f1b9e87-broad-chain3"", ""4abdc7b5120979390f2cd827ba1b05ce9c081e1450c7fc4c3a81aa6c6f1b9e87-broad-chain4""]"	4	0	4746.435135109001	1.3184542041969447	1	0
4abdc7b5120979390f2cd827ba1b05ce9c081e1450c7fc4c3a81aa6c6f1b9e87-centered	OG0000095	centered	4abdc7b5120979390f2cd827ba1b05ce9c081e1450c7fc4c3a81aa6c6f1b9e87	"[""4abdc7b5120979390f2cd827ba1b05ce9c081e1450c7fc4c3a81aa6c6f1b9e87-centered-chain1"", ""4abdc7b5120979390f2cd827ba1b05ce9c081e1450c7fc4c3a81aa6c6f1b9e87-centered-chain2"", ""4abdc7b5120979390f2cd827ba1b05ce9c081e1450c7fc4c3a81aa6c6f1b9e87-centered-chain3"", ""4abdc7b5120979390f2cd827ba1b05ce9c081e1450c7fc4c3a81aa6c6f1b9e87-centered-chain4""]"	4	0	4568.842488790047	1.2691229135527908	0	0
4abdc7b5120979390f2cd827ba1b05ce9c081e1450c7fc4c3a81aa6c6f1b9e87-package	OG0000095	package	4abdc7b5120979390f2cd827ba1b05ce9c081e1450c7fc4c3a81aa6c6f1b9e87	"[""4abdc7b5120979390f2cd827ba1b05ce9c081e1450c7fc4c3a81aa6c6f1b9e87-package-chain1"", ""4abdc7b5120979390f2cd827ba1b05ce9c081e1450c7fc4c3a81aa6c6f1b9e87-package-chain2"", ""4abdc7b5120979390f2cd827ba1b05ce9c081e1450c7fc4c3a81aa6c6f1b9e87-package-chain3"", ""4abdc7b5120979390f2cd827ba1b05ce9c081e1450c7fc4c3a81aa6c6f1b9e87-package-chain4""]"	4	0	5543.04395324894	1.5397344314580388	2	0
4ce42bf019c5e5feb555122bbcee11d9333ed60cbb2bcb66ab8b351bf35adf31-broad	OG0000230	broad	4ce42bf019c5e5feb555122bbcee11d9333ed60cbb2bcb66ab8b351bf35adf31	"[""4ce42bf019c5e5feb555122bbcee11d9333ed60cbb2bcb66ab8b351bf35adf31-broad-chain1"", ""4ce42bf019c5e5feb555122bbcee11d9333ed60cbb2bcb66ab8b351bf35adf31-broad-chain2"", ""4ce42bf019c5e5feb555122bbcee11d9333ed60cbb2bcb66ab8b351bf35adf31-broad-chain3"", ""4ce42bf019c5e5feb555122bbcee11d9333ed60cbb2bcb66ab8b351bf35adf31-broad-chain4""]"	4	0	19830.65024891097	5.508513958030825	0	0
4ce42bf019c5e5feb555122bbcee11d9333ed60cbb2bcb66ab8b351bf35adf31-centered	OG0000230	centered	4ce42bf019c5e5feb555122bbcee11d9333ed60cbb2bcb66ab8b351bf35adf31	"[""4ce42bf019c5e5feb555122bbcee11d9333ed60cbb2bcb66ab8b351bf35adf31-centered-chain1"", ""4ce42bf019c5e5feb555122bbcee11d9333ed60cbb2bcb66ab8b351bf35adf31-centered-chain2"", ""4ce42bf019c5e5feb555122bbcee11d9333ed60cbb2bcb66ab8b351bf35adf31-centered-chain3"", ""4ce42bf019c5e5feb555122bbcee11d9333ed60cbb2bcb66ab8b351bf35adf31-centered-chain4""]"	4	0	19198.636171676946	5.332954492132485	1	0
4ce42bf019c5e5feb555122bbcee11d9333ed60cbb2bcb66ab8b351bf35adf31-package	OG0000230	package	4ce42bf019c5e5feb555122bbcee11d9333ed60cbb2bcb66ab8b351bf35adf31	"[""4ce42bf019c5e5feb555122bbcee11d9333ed60cbb2bcb66ab8b351bf35adf31-package-chain1"", ""4ce42bf019c5e5feb555122bbcee11d9333ed60cbb2bcb66ab8b351bf35adf31-package-chain2"", ""4ce42bf019c5e5feb555122bbcee11d9333ed60cbb2bcb66ab8b351bf35adf31-package-chain3"", ""4ce42bf019c5e5feb555122bbcee11d9333ed60cbb2bcb66ab8b351bf35adf31-package-chain4""]"	4	0	21377.138586689078	5.938094051858077	1	0
508fc9bf77466b21bba50fd94777a33597aa09a1f69c36b85b212b362b523f63-broad	OG0000230	broad	508fc9bf77466b21bba50fd94777a33597aa09a1f69c36b85b212b362b523f63	"[""508fc9bf77466b21bba50fd94777a33597aa09a1f69c36b85b212b362b523f63-broad-chain1"", ""508fc9bf77466b21bba50fd94777a33597aa09a1f69c36b85b212b362b523f63-broad-chain2"", ""508fc9bf77466b21bba50fd94777a33597aa09a1f69c36b85b212b362b523f63-broad-chain3"", ""508fc9bf77466b21bba50fd94777a33597aa09a1f69c36b85b212b362b523f63-broad-chain4""]"	4	0	1182.035174085031	0.3283431039125086	0	0
508fc9bf77466b21bba50fd94777a33597aa09a1f69c36b85b212b362b523f63-centered	OG0000230	centered	508fc9bf77466b21bba50fd94777a33597aa09a1f69c36b85b212b362b523f63	"[""508fc9bf77466b21bba50fd94777a33597aa09a1f69c36b85b212b362b523f63-centered-chain1"", ""508fc9bf77466b21bba50fd94777a33597aa09a1f69c36b85b212b362b523f63-centered-chain2"", ""508fc9bf77466b21bba50fd94777a33597aa09a1f69c36b85b212b362b523f63-centered-chain3"", ""508fc9bf77466b21bba50fd94777a33597aa09a1f69c36b85b212b362b523f63-centered-chain4""]"	4	0	1180.5179563801503	0.32792165455004174	0	0
508fc9bf77466b21bba50fd94777a33597aa09a1f69c36b85b212b362b523f63-package	OG0000230	package	508fc9bf77466b21bba50fd94777a33597aa09a1f69c36b85b212b362b523f63	"[""508fc9bf77466b21bba50fd94777a33597aa09a1f69c36b85b212b362b523f63-package-chain1"", ""508fc9bf77466b21bba50fd94777a33597aa09a1f69c36b85b212b362b523f63-package-chain2"", ""508fc9bf77466b21bba50fd94777a33597aa09a1f69c36b85b212b362b523f63-package-chain3"", ""508fc9bf77466b21bba50fd94777a33597aa09a1f69c36b85b212b362b523f63-package-chain4""]"	4	0	1445.6572368710185	0.40157145468639405	0	0
50f9950a28cb22ce4c5d15cd5a1e0e1230fb66df0ea3969184ab6a7f591f4509-broad	OG0000230	broad	50f9950a28cb22ce4c5d15cd5a1e0e1230fb66df0ea3969184ab6a7f591f4509	"[""50f9950a28cb22ce4c5d15cd5a1e0e1230fb66df0ea3969184ab6a7f591f4509-broad-chain1"", ""50f9950a28cb22ce4c5d15cd5a1e0e1230fb66df0ea3969184ab6a7f591f4509-broad-chain2"", ""50f9950a28cb22ce4c5d15cd5a1e0e1230fb66df0ea3969184ab6a7f591f4509-broad-chain3"", ""50f9950a28cb22ce4c5d15cd5a1e0e1230fb66df0ea3969184ab6a7f591f4509-broad-chain4""]"	4	0	1269.254727119027	0.35257075753306305	0	0
50f9950a28cb22ce4c5d15cd5a1e0e1230fb66df0ea3969184ab6a7f591f4509-centered	OG0000230	centered	50f9950a28cb22ce4c5d15cd5a1e0e1230fb66df0ea3969184ab6a7f591f4509	"[""50f9950a28cb22ce4c5d15cd5a1e0e1230fb66df0ea3969184ab6a7f591f4509-centered-chain1"", ""50f9950a28cb22ce4c5d15cd5a1e0e1230fb66df0ea3969184ab6a7f591f4509-centered-chain2"", ""50f9950a28cb22ce4c5d15cd5a1e0e1230fb66df0ea3969184ab6a7f591f4509-centered-chain3"", ""50f9950a28cb22ce4c5d15cd5a1e0e1230fb66df0ea3969184ab6a7f591f4509-centered-chain4""]"	4	0	1280.1104391220724	0.3555862330894646	0	0
50f9950a28cb22ce4c5d15cd5a1e0e1230fb66df0ea3969184ab6a7f591f4509-package	OG0000230	package	50f9950a28cb22ce4c5d15cd5a1e0e1230fb66df0ea3969184ab6a7f591f4509	"[""50f9950a28cb22ce4c5d15cd5a1e0e1230fb66df0ea3969184ab6a7f591f4509-package-chain1"", ""50f9950a28cb22ce4c5d15cd5a1e0e1230fb66df0ea3969184ab6a7f591f4509-package-chain2"", ""50f9950a28cb22ce4c5d15cd5a1e0e1230fb66df0ea3969184ab6a7f591f4509-package-chain3"", ""50f9950a28cb22ce4c5d15cd5a1e0e1230fb66df0ea3969184ab6a7f591f4509-package-chain4""]"	4	0	1429.9003993169754	0.3971945553658265	0	0
52d6f981f2d554eb4f9a2bdc645e7e7c35d55f93501d3f8d599364c88270b7e3-broad	OG0000230	broad	52d6f981f2d554eb4f9a2bdc645e7e7c35d55f93501d3f8d599364c88270b7e3	"[""52d6f981f2d554eb4f9a2bdc645e7e7c35d55f93501d3f8d599364c88270b7e3-broad-chain1"", ""52d6f981f2d554eb4f9a2bdc645e7e7c35d55f93501d3f8d599364c88270b7e3-broad-chain2"", ""52d6f981f2d554eb4f9a2bdc645e7e7c35d55f93501d3f8d599364c88270b7e3-broad-chain3"", ""52d6f981f2d554eb4f9a2bdc645e7e7c35d55f93501d3f8d599364c88270b7e3-broad-chain4""]"	4	0	1232.3569513510156	0.3423213753752821	0	0
52d6f981f2d554eb4f9a2bdc645e7e7c35d55f93501d3f8d599364c88270b7e3-centered	OG0000230	centered	52d6f981f2d554eb4f9a2bdc645e7e7c35d55f93501d3f8d599364c88270b7e3	"[""52d6f981f2d554eb4f9a2bdc645e7e7c35d55f93501d3f8d599364c88270b7e3-centered-chain1"", ""52d6f981f2d554eb4f9a2bdc645e7e7c35d55f93501d3f8d599364c88270b7e3-centered-chain2"", ""52d6f981f2d554eb4f9a2bdc645e7e7c35d55f93501d3f8d599364c88270b7e3-centered-chain3"", ""52d6f981f2d554eb4f9a2bdc645e7e7c35d55f93501d3f8d599364c88270b7e3-centered-chain4""]"	4	0	1220.907019106031	0.33914083864056416	0	0
52d6f981f2d554eb4f9a2bdc645e7e7c35d55f93501d3f8d599364c88270b7e3-package	OG0000230	package	52d6f981f2d554eb4f9a2bdc645e7e7c35d55f93501d3f8d599364c88270b7e3	"[""52d6f981f2d554eb4f9a2bdc645e7e7c35d55f93501d3f8d599364c88270b7e3-package-chain1"", ""52d6f981f2d554eb4f9a2bdc645e7e7c35d55f93501d3f8d599364c88270b7e3-package-chain2"", ""52d6f981f2d554eb4f9a2bdc645e7e7c35d55f93501d3f8d599364c88270b7e3-package-chain3"", ""52d6f981f2d554eb4f9a2bdc645e7e7c35d55f93501d3f8d599364c88270b7e3-package-chain4""]"	4	0	1419.330499274016	0.39425847202055997	0	0
559e1a422554107faea28b00d53f56b62cdc247088dc1faba583304cbd7a9e73-broad	OG0000230	broad	559e1a422554107faea28b00d53f56b62cdc247088dc1faba583304cbd7a9e73	"[""559e1a422554107faea28b00d53f56b62cdc247088dc1faba583304cbd7a9e73-broad-chain1"", ""559e1a422554107faea28b00d53f56b62cdc247088dc1faba583304cbd7a9e73-broad-chain2"", ""559e1a422554107faea28b00d53f56b62cdc247088dc1faba583304cbd7a9e73-broad-chain3"", ""559e1a422554107faea28b00d53f56b62cdc247088dc1faba583304cbd7a9e73-broad-chain4""]"	4	0	1250.5787804310676	0.3473829945641854	0	0
559e1a422554107faea28b00d53f56b62cdc247088dc1faba583304cbd7a9e73-centered	OG0000230	centered	559e1a422554107faea28b00d53f56b62cdc247088dc1faba583304cbd7a9e73	"[""559e1a422554107faea28b00d53f56b62cdc247088dc1faba583304cbd7a9e73-centered-chain1"", ""559e1a422554107faea28b00d53f56b62cdc247088dc1faba583304cbd7a9e73-centered-chain2"", ""559e1a422554107faea28b00d53f56b62cdc247088dc1faba583304cbd7a9e73-centered-chain3"", ""559e1a422554107faea28b00d53f56b62cdc247088dc1faba583304cbd7a9e73-centered-chain4""]"	4	0	1159.211252468056	0.3220031256855711	0	0
559e1a422554107faea28b00d53f56b62cdc247088dc1faba583304cbd7a9e73-package	OG0000230	package	559e1a422554107faea28b00d53f56b62cdc247088dc1faba583304cbd7a9e73	"[""559e1a422554107faea28b00d53f56b62cdc247088dc1faba583304cbd7a9e73-package-chain1"", ""559e1a422554107faea28b00d53f56b62cdc247088dc1faba583304cbd7a9e73-package-chain2"", ""559e1a422554107faea28b00d53f56b62cdc247088dc1faba583304cbd7a9e73-package-chain3"", ""559e1a422554107faea28b00d53f56b62cdc247088dc1faba583304cbd7a9e73-package-chain4""]"	4	0	1421.8865569779882	0.3949684880494412	1	0
59a8951eb5b4af4ae60075b92dda80a7d5002ac5a070d0bbf61aa1911b3fb48c-broad	OG0000230	broad	59a8951eb5b4af4ae60075b92dda80a7d5002ac5a070d0bbf61aa1911b3fb48c	"[""59a8951eb5b4af4ae60075b92dda80a7d5002ac5a070d0bbf61aa1911b3fb48c-broad-chain1"", ""59a8951eb5b4af4ae60075b92dda80a7d5002ac5a070d0bbf61aa1911b3fb48c-broad-chain2"", ""59a8951eb5b4af4ae60075b92dda80a7d5002ac5a070d0bbf61aa1911b3fb48c-broad-chain3"", ""59a8951eb5b4af4ae60075b92dda80a7d5002ac5a070d0bbf61aa1911b3fb48c-broad-chain4""]"	4	0	1233.9362336229533	0.3427600648952648	0	0
59a8951eb5b4af4ae60075b92dda80a7d5002ac5a070d0bbf61aa1911b3fb48c-centered	OG0000230	centered	59a8951eb5b4af4ae60075b92dda80a7d5002ac5a070d0bbf61aa1911b3fb48c	"[""59a8951eb5b4af4ae60075b92dda80a7d5002ac5a070d0bbf61aa1911b3fb48c-centered-chain1"", ""59a8951eb5b4af4ae60075b92dda80a7d5002ac5a070d0bbf61aa1911b3fb48c-centered-chain2"", ""59a8951eb5b4af4ae60075b92dda80a7d5002ac5a070d0bbf61aa1911b3fb48c-centered-chain3"", ""59a8951eb5b4af4ae60075b92dda80a7d5002ac5a070d0bbf61aa1911b3fb48c-centered-chain4""]"	4	0	1159.2469482690212	0.32201304118583923	0	0
59a8951eb5b4af4ae60075b92dda80a7d5002ac5a070d0bbf61aa1911b3fb48c-package	OG0000230	package	59a8951eb5b4af4ae60075b92dda80a7d5002ac5a070d0bbf61aa1911b3fb48c	"[""59a8951eb5b4af4ae60075b92dda80a7d5002ac5a070d0bbf61aa1911b3fb48c-package-chain1"", ""59a8951eb5b4af4ae60075b92dda80a7d5002ac5a070d0bbf61aa1911b3fb48c-package-chain2"", ""59a8951eb5b4af4ae60075b92dda80a7d5002ac5a070d0bbf61aa1911b3fb48c-package-chain3"", ""59a8951eb5b4af4ae60075b92dda80a7d5002ac5a070d0bbf61aa1911b3fb48c-package-chain4""]"	4	0	1484.0323623840814	0.4122312117733559	0	0
5ad50d436080ff4b270dd3a5847c1b41c722b436ddee90f325cc38f305e1c183-broad	OG0000230	broad	5ad50d436080ff4b270dd3a5847c1b41c722b436ddee90f325cc38f305e1c183	"[""5ad50d436080ff4b270dd3a5847c1b41c722b436ddee90f325cc38f305e1c183-broad-chain1"", ""5ad50d436080ff4b270dd3a5847c1b41c722b436ddee90f325cc38f305e1c183-broad-chain2"", ""5ad50d436080ff4b270dd3a5847c1b41c722b436ddee90f325cc38f305e1c183-broad-chain3"", ""5ad50d436080ff4b270dd3a5847c1b41c722b436ddee90f325cc38f305e1c183-broad-chain4""]"	4	0	20999.121703693992	5.83308936213722	1	0
5ad50d436080ff4b270dd3a5847c1b41c722b436ddee90f325cc38f305e1c183-centered	OG0000230	centered	5ad50d436080ff4b270dd3a5847c1b41c722b436ddee90f325cc38f305e1c183	"[""5ad50d436080ff4b270dd3a5847c1b41c722b436ddee90f325cc38f305e1c183-centered-chain1"", ""5ad50d436080ff4b270dd3a5847c1b41c722b436ddee90f325cc38f305e1c183-centered-chain2"", ""5ad50d436080ff4b270dd3a5847c1b41c722b436ddee90f325cc38f305e1c183-centered-chain3"", ""5ad50d436080ff4b270dd3a5847c1b41c722b436ddee90f325cc38f305e1c183-centered-chain4""]"	4	0	18886.83973202994	5.246344370008317	1	0
5ad50d436080ff4b270dd3a5847c1b41c722b436ddee90f325cc38f305e1c183-package	OG0000230	package	5ad50d436080ff4b270dd3a5847c1b41c722b436ddee90f325cc38f305e1c183	"[""5ad50d436080ff4b270dd3a5847c1b41c722b436ddee90f325cc38f305e1c183-package-chain1"", ""5ad50d436080ff4b270dd3a5847c1b41c722b436ddee90f325cc38f305e1c183-package-chain2"", ""5ad50d436080ff4b270dd3a5847c1b41c722b436ddee90f325cc38f305e1c183-package-chain3"", ""5ad50d436080ff4b270dd3a5847c1b41c722b436ddee90f325cc38f305e1c183-package-chain4""]"	4	0	20586.36301484803	5.718434170791119	0	0
5f2cff54944534f753c85f2b8b0fdc85ba08428ca525eb0bdba8445af2ff0484-broad	OG0000230	broad	5f2cff54944534f753c85f2b8b0fdc85ba08428ca525eb0bdba8445af2ff0484	"[""5f2cff54944534f753c85f2b8b0fdc85ba08428ca525eb0bdba8445af2ff0484-broad-chain1"", ""5f2cff54944534f753c85f2b8b0fdc85ba08428ca525eb0bdba8445af2ff0484-broad-chain2"", ""5f2cff54944534f753c85f2b8b0fdc85ba08428ca525eb0bdba8445af2ff0484-broad-chain3"", ""5f2cff54944534f753c85f2b8b0fdc85ba08428ca525eb0bdba8445af2ff0484-broad-chain4""]"	4	0	1259.9659582519962	0.34999054395888785	0	0
5f2cff54944534f753c85f2b8b0fdc85ba08428ca525eb0bdba8445af2ff0484-centered	OG0000230	centered	5f2cff54944534f753c85f2b8b0fdc85ba08428ca525eb0bdba8445af2ff0484	"[""5f2cff54944534f753c85f2b8b0fdc85ba08428ca525eb0bdba8445af2ff0484-centered-chain1"", ""5f2cff54944534f753c85f2b8b0fdc85ba08428ca525eb0bdba8445af2ff0484-centered-chain2"", ""5f2cff54944534f753c85f2b8b0fdc85ba08428ca525eb0bdba8445af2ff0484-centered-chain3"", ""5f2cff54944534f753c85f2b8b0fdc85ba08428ca525eb0bdba8445af2ff0484-centered-chain4""]"	4	0	1243.5370310650032	0.345426953073612	0	0
5f2cff54944534f753c85f2b8b0fdc85ba08428ca525eb0bdba8445af2ff0484-package	OG0000230	package	5f2cff54944534f753c85f2b8b0fdc85ba08428ca525eb0bdba8445af2ff0484	"[""5f2cff54944534f753c85f2b8b0fdc85ba08428ca525eb0bdba8445af2ff0484-package-chain1"", ""5f2cff54944534f753c85f2b8b0fdc85ba08428ca525eb0bdba8445af2ff0484-package-chain2"", ""5f2cff54944534f753c85f2b8b0fdc85ba08428ca525eb0bdba8445af2ff0484-package-chain3"", ""5f2cff54944534f753c85f2b8b0fdc85ba08428ca525eb0bdba8445af2ff0484-package-chain4""]"	4	0	1458.1754957020748	0.4050487488061319	0	0
602fa0164ff79f6cc47b75c4f472ece68e9bb46ca665071456f31b7109298d26-broad	OG0000230	broad	602fa0164ff79f6cc47b75c4f472ece68e9bb46ca665071456f31b7109298d26	"[""602fa0164ff79f6cc47b75c4f472ece68e9bb46ca665071456f31b7109298d26-broad-chain1"", ""602fa0164ff79f6cc47b75c4f472ece68e9bb46ca665071456f31b7109298d26-broad-chain2"", ""602fa0164ff79f6cc47b75c4f472ece68e9bb46ca665071456f31b7109298d26-broad-chain3"", ""602fa0164ff79f6cc47b75c4f472ece68e9bb46ca665071456f31b7109298d26-broad-chain4""]"	4	0	1190.8450047330116	0.33079027909250325	0	0
602fa0164ff79f6cc47b75c4f472ece68e9bb46ca665071456f31b7109298d26-centered	OG0000230	centered	602fa0164ff79f6cc47b75c4f472ece68e9bb46ca665071456f31b7109298d26	"[""602fa0164ff79f6cc47b75c4f472ece68e9bb46ca665071456f31b7109298d26-centered-chain1"", ""602fa0164ff79f6cc47b75c4f472ece68e9bb46ca665071456f31b7109298d26-centered-chain2"", ""602fa0164ff79f6cc47b75c4f472ece68e9bb46ca665071456f31b7109298d26-centered-chain3"", ""602fa0164ff79f6cc47b75c4f472ece68e9bb46ca665071456f31b7109298d26-centered-chain4""]"	4	0	1171.2877594889724	0.325357710969159	0	0
602fa0164ff79f6cc47b75c4f472ece68e9bb46ca665071456f31b7109298d26-package	OG0000230	package	602fa0164ff79f6cc47b75c4f472ece68e9bb46ca665071456f31b7109298d26	"[""602fa0164ff79f6cc47b75c4f472ece68e9bb46ca665071456f31b7109298d26-package-chain1"", ""602fa0164ff79f6cc47b75c4f472ece68e9bb46ca665071456f31b7109298d26-package-chain2"", ""602fa0164ff79f6cc47b75c4f472ece68e9bb46ca665071456f31b7109298d26-package-chain3"", ""602fa0164ff79f6cc47b75c4f472ece68e9bb46ca665071456f31b7109298d26-package-chain4""]"	4	0	1511.5707385068526	0.41988076069634794	0	0
64046e2e54e9cbad4d19cc24eadbe4264b801ae9b75ac704e125575c08501937-broad	OG0002812	broad	64046e2e54e9cbad4d19cc24eadbe4264b801ae9b75ac704e125575c08501937	"[""64046e2e54e9cbad4d19cc24eadbe4264b801ae9b75ac704e125575c08501937-broad-chain1"", ""64046e2e54e9cbad4d19cc24eadbe4264b801ae9b75ac704e125575c08501937-broad-chain2"", ""64046e2e54e9cbad4d19cc24eadbe4264b801ae9b75ac704e125575c08501937-broad-chain3"", ""64046e2e54e9cbad4d19cc24eadbe4264b801ae9b75ac704e125575c08501937-broad-chain4""]"	4	0	1985.7148014810227	0.5515874448558397	0	0
64046e2e54e9cbad4d19cc24eadbe4264b801ae9b75ac704e125575c08501937-centered	OG0002812	centered	64046e2e54e9cbad4d19cc24eadbe4264b801ae9b75ac704e125575c08501937	"[""64046e2e54e9cbad4d19cc24eadbe4264b801ae9b75ac704e125575c08501937-centered-chain1"", ""64046e2e54e9cbad4d19cc24eadbe4264b801ae9b75ac704e125575c08501937-centered-chain2"", ""64046e2e54e9cbad4d19cc24eadbe4264b801ae9b75ac704e125575c08501937-centered-chain3"", ""64046e2e54e9cbad4d19cc24eadbe4264b801ae9b75ac704e125575c08501937-centered-chain4""]"	4	0	1979.089447227947	0.5497470686744297	0	0
64046e2e54e9cbad4d19cc24eadbe4264b801ae9b75ac704e125575c08501937-package	OG0002812	package	64046e2e54e9cbad4d19cc24eadbe4264b801ae9b75ac704e125575c08501937	"[""64046e2e54e9cbad4d19cc24eadbe4264b801ae9b75ac704e125575c08501937-package-chain1"", ""64046e2e54e9cbad4d19cc24eadbe4264b801ae9b75ac704e125575c08501937-package-chain2"", ""64046e2e54e9cbad4d19cc24eadbe4264b801ae9b75ac704e125575c08501937-package-chain3"", ""64046e2e54e9cbad4d19cc24eadbe4264b801ae9b75ac704e125575c08501937-package-chain4""]"	4	0	2140.5193539359607	0.5945887094266558	0	0
645960b19ce0a5aecfc270e554c34ffe279eea2ca6448256ac748a130700e3b0-broad	OG0000230	broad	645960b19ce0a5aecfc270e554c34ffe279eea2ca6448256ac748a130700e3b0	"[""645960b19ce0a5aecfc270e554c34ffe279eea2ca6448256ac748a130700e3b0-broad-chain1"", ""645960b19ce0a5aecfc270e554c34ffe279eea2ca6448256ac748a130700e3b0-broad-chain2"", ""645960b19ce0a5aecfc270e554c34ffe279eea2ca6448256ac748a130700e3b0-broad-chain3"", ""645960b19ce0a5aecfc270e554c34ffe279eea2ca6448256ac748a130700e3b0-broad-chain4""]"	4	0	1249.5345673389966	0.34709293537194347	0	0
645960b19ce0a5aecfc270e554c34ffe279eea2ca6448256ac748a130700e3b0-centered	OG0000230	centered	645960b19ce0a5aecfc270e554c34ffe279eea2ca6448256ac748a130700e3b0	"[""645960b19ce0a5aecfc270e554c34ffe279eea2ca6448256ac748a130700e3b0-centered-chain1"", ""645960b19ce0a5aecfc270e554c34ffe279eea2ca6448256ac748a130700e3b0-centered-chain2"", ""645960b19ce0a5aecfc270e554c34ffe279eea2ca6448256ac748a130700e3b0-centered-chain3"", ""645960b19ce0a5aecfc270e554c34ffe279eea2ca6448256ac748a130700e3b0-centered-chain4""]"	4	0	1187.6571729700663	0.32990477026946285	0	0
645960b19ce0a5aecfc270e554c34ffe279eea2ca6448256ac748a130700e3b0-package	OG0000230	package	645960b19ce0a5aecfc270e554c34ffe279eea2ca6448256ac748a130700e3b0	"[""645960b19ce0a5aecfc270e554c34ffe279eea2ca6448256ac748a130700e3b0-package-chain1"", ""645960b19ce0a5aecfc270e554c34ffe279eea2ca6448256ac748a130700e3b0-package-chain2"", ""645960b19ce0a5aecfc270e554c34ffe279eea2ca6448256ac748a130700e3b0-package-chain3"", ""645960b19ce0a5aecfc270e554c34ffe279eea2ca6448256ac748a130700e3b0-package-chain4""]"	4	0	1434.40497044503	0.3984458251236194	0	0
659e4c0b5aa2dfeab71fd6de60602141b2df84be741179fbfc895744545e4d2b-broad	OG0000230	broad	659e4c0b5aa2dfeab71fd6de60602141b2df84be741179fbfc895744545e4d2b	"[""659e4c0b5aa2dfeab71fd6de60602141b2df84be741179fbfc895744545e4d2b-broad-chain1"", ""659e4c0b5aa2dfeab71fd6de60602141b2df84be741179fbfc895744545e4d2b-broad-chain2"", ""659e4c0b5aa2dfeab71fd6de60602141b2df84be741179fbfc895744545e4d2b-broad-chain3"", ""659e4c0b5aa2dfeab71fd6de60602141b2df84be741179fbfc895744545e4d2b-broad-chain4""]"	4	0	19884.820499478956	5.523561249855265	2	0
659e4c0b5aa2dfeab71fd6de60602141b2df84be741179fbfc895744545e4d2b-centered	OG0000230	centered	659e4c0b5aa2dfeab71fd6de60602141b2df84be741179fbfc895744545e4d2b	"[""659e4c0b5aa2dfeab71fd6de60602141b2df84be741179fbfc895744545e4d2b-centered-chain1"", ""659e4c0b5aa2dfeab71fd6de60602141b2df84be741179fbfc895744545e4d2b-centered-chain2"", ""659e4c0b5aa2dfeab71fd6de60602141b2df84be741179fbfc895744545e4d2b-centered-chain3"", ""659e4c0b5aa2dfeab71fd6de60602141b2df84be741179fbfc895744545e4d2b-centered-chain4""]"	4	0	19131.779873353982	5.314383298153884	0	0
659e4c0b5aa2dfeab71fd6de60602141b2df84be741179fbfc895744545e4d2b-package	OG0000230	package	659e4c0b5aa2dfeab71fd6de60602141b2df84be741179fbfc895744545e4d2b	"[""659e4c0b5aa2dfeab71fd6de60602141b2df84be741179fbfc895744545e4d2b-package-chain1"", ""659e4c0b5aa2dfeab71fd6de60602141b2df84be741179fbfc895744545e4d2b-package-chain2"", ""659e4c0b5aa2dfeab71fd6de60602141b2df84be741179fbfc895744545e4d2b-package-chain3"", ""659e4c0b5aa2dfeab71fd6de60602141b2df84be741179fbfc895744545e4d2b-package-chain4""]"	4	0	20721.77336874511	5.756048157984753	1	0
6780022a846d37ceb58cddb7d53e0067405c928b4fc6e405cabbb0f62bd09a0c-broad	OG0000230	broad	6780022a846d37ceb58cddb7d53e0067405c928b4fc6e405cabbb0f62bd09a0c	"[""6780022a846d37ceb58cddb7d53e0067405c928b4fc6e405cabbb0f62bd09a0c-broad-chain1"", ""6780022a846d37ceb58cddb7d53e0067405c928b4fc6e405cabbb0f62bd09a0c-broad-chain2"", ""6780022a846d37ceb58cddb7d53e0067405c928b4fc6e405cabbb0f62bd09a0c-broad-chain3"", ""6780022a846d37ceb58cddb7d53e0067405c928b4fc6e405cabbb0f62bd09a0c-broad-chain4""]"	4	0	19845.226249540952	5.512562847094709	1	0
6780022a846d37ceb58cddb7d53e0067405c928b4fc6e405cabbb0f62bd09a0c-centered	OG0000230	centered	6780022a846d37ceb58cddb7d53e0067405c928b4fc6e405cabbb0f62bd09a0c	"[""6780022a846d37ceb58cddb7d53e0067405c928b4fc6e405cabbb0f62bd09a0c-centered-chain1"", ""6780022a846d37ceb58cddb7d53e0067405c928b4fc6e405cabbb0f62bd09a0c-centered-chain2"", ""6780022a846d37ceb58cddb7d53e0067405c928b4fc6e405cabbb0f62bd09a0c-centered-chain3"", ""6780022a846d37ceb58cddb7d53e0067405c928b4fc6e405cabbb0f62bd09a0c-centered-chain4""]"	4	0	19233.77781098103	5.342716058605842	0	0
6780022a846d37ceb58cddb7d53e0067405c928b4fc6e405cabbb0f62bd09a0c-package	OG0000230	package	6780022a846d37ceb58cddb7d53e0067405c928b4fc6e405cabbb0f62bd09a0c	"[""6780022a846d37ceb58cddb7d53e0067405c928b4fc6e405cabbb0f62bd09a0c-package-chain1"", ""6780022a846d37ceb58cddb7d53e0067405c928b4fc6e405cabbb0f62bd09a0c-package-chain2"", ""6780022a846d37ceb58cddb7d53e0067405c928b4fc6e405cabbb0f62bd09a0c-package-chain3"", ""6780022a846d37ceb58cddb7d53e0067405c928b4fc6e405cabbb0f62bd09a0c-package-chain4""]"	4	0	20896.38679713203	5.80455188809223	1	0
6be9338ed7273a20108313eb8cab3b6c8959d555496822a1c5a7525ba222b58f-broad	OG0000230	broad	6be9338ed7273a20108313eb8cab3b6c8959d555496822a1c5a7525ba222b58f	"[""6be9338ed7273a20108313eb8cab3b6c8959d555496822a1c5a7525ba222b58f-broad-chain1"", ""6be9338ed7273a20108313eb8cab3b6c8959d555496822a1c5a7525ba222b58f-broad-chain2"", ""6be9338ed7273a20108313eb8cab3b6c8959d555496822a1c5a7525ba222b58f-broad-chain3"", ""6be9338ed7273a20108313eb8cab3b6c8959d555496822a1c5a7525ba222b58f-broad-chain4""]"	4	0	1153.918233463075	0.32053284262863196	0	0
6be9338ed7273a20108313eb8cab3b6c8959d555496822a1c5a7525ba222b58f-centered	OG0000230	centered	6be9338ed7273a20108313eb8cab3b6c8959d555496822a1c5a7525ba222b58f	"[""6be9338ed7273a20108313eb8cab3b6c8959d555496822a1c5a7525ba222b58f-centered-chain1"", ""6be9338ed7273a20108313eb8cab3b6c8959d555496822a1c5a7525ba222b58f-centered-chain2"", ""6be9338ed7273a20108313eb8cab3b6c8959d555496822a1c5a7525ba222b58f-centered-chain3"", ""6be9338ed7273a20108313eb8cab3b6c8959d555496822a1c5a7525ba222b58f-centered-chain4""]"	4	0	1163.3133873469778	0.32314260759638275	0	0
6be9338ed7273a20108313eb8cab3b6c8959d555496822a1c5a7525ba222b58f-package	OG0000230	package	6be9338ed7273a20108313eb8cab3b6c8959d555496822a1c5a7525ba222b58f	"[""6be9338ed7273a20108313eb8cab3b6c8959d555496822a1c5a7525ba222b58f-package-chain1"", ""6be9338ed7273a20108313eb8cab3b6c8959d555496822a1c5a7525ba222b58f-package-chain2"", ""6be9338ed7273a20108313eb8cab3b6c8959d555496822a1c5a7525ba222b58f-package-chain3"", ""6be9338ed7273a20108313eb8cab3b6c8959d555496822a1c5a7525ba222b58f-package-chain4""]"	4	0	1405.7898609049735	0.39049718358471486	0	0
6e2c9236ee2a9f0ca9b109da301c6b2e0fc5ed7abcd0d873af8b147bf317536a-broad	OG0000230	broad	6e2c9236ee2a9f0ca9b109da301c6b2e0fc5ed7abcd0d873af8b147bf317536a	"[""6e2c9236ee2a9f0ca9b109da301c6b2e0fc5ed7abcd0d873af8b147bf317536a-broad-chain1"", ""6e2c9236ee2a9f0ca9b109da301c6b2e0fc5ed7abcd0d873af8b147bf317536a-broad-chain2"", ""6e2c9236ee2a9f0ca9b109da301c6b2e0fc5ed7abcd0d873af8b147bf317536a-broad-chain3"", ""6e2c9236ee2a9f0ca9b109da301c6b2e0fc5ed7abcd0d873af8b147bf317536a-broad-chain4""]"	4	0	1251.7085326449887	0.34769681462360796	0	0
6e2c9236ee2a9f0ca9b109da301c6b2e0fc5ed7abcd0d873af8b147bf317536a-centered	OG0000230	centered	6e2c9236ee2a9f0ca9b109da301c6b2e0fc5ed7abcd0d873af8b147bf317536a	"[""6e2c9236ee2a9f0ca9b109da301c6b2e0fc5ed7abcd0d873af8b147bf317536a-centered-chain1"", ""6e2c9236ee2a9f0ca9b109da301c6b2e0fc5ed7abcd0d873af8b147bf317536a-centered-chain2"", ""6e2c9236ee2a9f0ca9b109da301c6b2e0fc5ed7abcd0d873af8b147bf317536a-centered-chain3"", ""6e2c9236ee2a9f0ca9b109da301c6b2e0fc5ed7abcd0d873af8b147bf317536a-centered-chain4""]"	4	0	1226.6788668789086	0.3407441296885857	0	0
6e2c9236ee2a9f0ca9b109da301c6b2e0fc5ed7abcd0d873af8b147bf317536a-package	OG0000230	package	6e2c9236ee2a9f0ca9b109da301c6b2e0fc5ed7abcd0d873af8b147bf317536a	"[""6e2c9236ee2a9f0ca9b109da301c6b2e0fc5ed7abcd0d873af8b147bf317536a-package-chain1"", ""6e2c9236ee2a9f0ca9b109da301c6b2e0fc5ed7abcd0d873af8b147bf317536a-package-chain2"", ""6e2c9236ee2a9f0ca9b109da301c6b2e0fc5ed7abcd0d873af8b147bf317536a-package-chain3"", ""6e2c9236ee2a9f0ca9b109da301c6b2e0fc5ed7abcd0d873af8b147bf317536a-package-chain4""]"	4	0	1441.911459797877	0.40053096105496583	0	0
6f43d6e4137e9bbecbc76a034ede845ac0801c61b4362643b63aeb97cae91f91-broad	OG0000230	broad	6f43d6e4137e9bbecbc76a034ede845ac0801c61b4362643b63aeb97cae91f91	"[""6f43d6e4137e9bbecbc76a034ede845ac0801c61b4362643b63aeb97cae91f91-broad-chain1"", ""6f43d6e4137e9bbecbc76a034ede845ac0801c61b4362643b63aeb97cae91f91-broad-chain2"", ""6f43d6e4137e9bbecbc76a034ede845ac0801c61b4362643b63aeb97cae91f91-broad-chain3"", ""6f43d6e4137e9bbecbc76a034ede845ac0801c61b4362643b63aeb97cae91f91-broad-chain4""]"	4	0	1231.7489926950075	0.3421524979708354	0	0
6f43d6e4137e9bbecbc76a034ede845ac0801c61b4362643b63aeb97cae91f91-centered	OG0000230	centered	6f43d6e4137e9bbecbc76a034ede845ac0801c61b4362643b63aeb97cae91f91	"[""6f43d6e4137e9bbecbc76a034ede845ac0801c61b4362643b63aeb97cae91f91-centered-chain1"", ""6f43d6e4137e9bbecbc76a034ede845ac0801c61b4362643b63aeb97cae91f91-centered-chain2"", ""6f43d6e4137e9bbecbc76a034ede845ac0801c61b4362643b63aeb97cae91f91-centered-chain3"", ""6f43d6e4137e9bbecbc76a034ede845ac0801c61b4362643b63aeb97cae91f91-centered-chain4""]"	4	0	1179.140441810945	0.3275390116141514	0	0
6f43d6e4137e9bbecbc76a034ede845ac0801c61b4362643b63aeb97cae91f91-package	OG0000230	package	6f43d6e4137e9bbecbc76a034ede845ac0801c61b4362643b63aeb97cae91f91	"[""6f43d6e4137e9bbecbc76a034ede845ac0801c61b4362643b63aeb97cae91f91-package-chain1"", ""6f43d6e4137e9bbecbc76a034ede845ac0801c61b4362643b63aeb97cae91f91-package-chain2"", ""6f43d6e4137e9bbecbc76a034ede845ac0801c61b4362643b63aeb97cae91f91-package-chain3"", ""6f43d6e4137e9bbecbc76a034ede845ac0801c61b4362643b63aeb97cae91f91-package-chain4""]"	4	0	1401.1218780109193	0.3892005216696998	0	0
6ff1d358d25649b75972e0ead3bd83090a7a33f226315ed5cacad2025e5e5dca-broad	OG0000230	broad	6ff1d358d25649b75972e0ead3bd83090a7a33f226315ed5cacad2025e5e5dca	"[""6ff1d358d25649b75972e0ead3bd83090a7a33f226315ed5cacad2025e5e5dca-broad-chain1"", ""6ff1d358d25649b75972e0ead3bd83090a7a33f226315ed5cacad2025e5e5dca-broad-chain2"", ""6ff1d358d25649b75972e0ead3bd83090a7a33f226315ed5cacad2025e5e5dca-broad-chain3"", ""6ff1d358d25649b75972e0ead3bd83090a7a33f226315ed5cacad2025e5e5dca-broad-chain4""]"	4	0	1253.738716479973	0.3482607545777703	0	0
6ff1d358d25649b75972e0ead3bd83090a7a33f226315ed5cacad2025e5e5dca-centered	OG0000230	centered	6ff1d358d25649b75972e0ead3bd83090a7a33f226315ed5cacad2025e5e5dca	"[""6ff1d358d25649b75972e0ead3bd83090a7a33f226315ed5cacad2025e5e5dca-centered-chain1"", ""6ff1d358d25649b75972e0ead3bd83090a7a33f226315ed5cacad2025e5e5dca-centered-chain2"", ""6ff1d358d25649b75972e0ead3bd83090a7a33f226315ed5cacad2025e5e5dca-centered-chain3"", ""6ff1d358d25649b75972e0ead3bd83090a7a33f226315ed5cacad2025e5e5dca-centered-chain4""]"	4	0	1165.5222244469915	0.32375617345749763	0	0
6ff1d358d25649b75972e0ead3bd83090a7a33f226315ed5cacad2025e5e5dca-package	OG0000230	package	6ff1d358d25649b75972e0ead3bd83090a7a33f226315ed5cacad2025e5e5dca	"[""6ff1d358d25649b75972e0ead3bd83090a7a33f226315ed5cacad2025e5e5dca-package-chain1"", ""6ff1d358d25649b75972e0ead3bd83090a7a33f226315ed5cacad2025e5e5dca-package-chain2"", ""6ff1d358d25649b75972e0ead3bd83090a7a33f226315ed5cacad2025e5e5dca-package-chain3"", ""6ff1d358d25649b75972e0ead3bd83090a7a33f226315ed5cacad2025e5e5dca-package-chain4""]"	4	0	1441.5619739990216	0.4004338816663949	0	0
7002c8204fdca2f86df596e136cdcc527ec356d0240f46017f439f3c9c67168e-broad	OG0000336	broad	7002c8204fdca2f86df596e136cdcc527ec356d0240f46017f439f3c9c67168e	"[""7002c8204fdca2f86df596e136cdcc527ec356d0240f46017f439f3c9c67168e-broad-chain1"", ""7002c8204fdca2f86df596e136cdcc527ec356d0240f46017f439f3c9c67168e-broad-chain2"", ""7002c8204fdca2f86df596e136cdcc527ec356d0240f46017f439f3c9c67168e-broad-chain3"", ""7002c8204fdca2f86df596e136cdcc527ec356d0240f46017f439f3c9c67168e-broad-chain4""]"	4	0	491.21331443899544	0.13644814289972096	0	0
7002c8204fdca2f86df596e136cdcc527ec356d0240f46017f439f3c9c67168e-centered	OG0000336	centered	7002c8204fdca2f86df596e136cdcc527ec356d0240f46017f439f3c9c67168e	"[""7002c8204fdca2f86df596e136cdcc527ec356d0240f46017f439f3c9c67168e-centered-chain1"", ""7002c8204fdca2f86df596e136cdcc527ec356d0240f46017f439f3c9c67168e-centered-chain2"", ""7002c8204fdca2f86df596e136cdcc527ec356d0240f46017f439f3c9c67168e-centered-chain3"", ""7002c8204fdca2f86df596e136cdcc527ec356d0240f46017f439f3c9c67168e-centered-chain4""]"	4	0	482.08519386395346	0.13391255385109818	0	0
7002c8204fdca2f86df596e136cdcc527ec356d0240f46017f439f3c9c67168e-package	OG0000336	package	7002c8204fdca2f86df596e136cdcc527ec356d0240f46017f439f3c9c67168e	"[""7002c8204fdca2f86df596e136cdcc527ec356d0240f46017f439f3c9c67168e-package-chain1"", ""7002c8204fdca2f86df596e136cdcc527ec356d0240f46017f439f3c9c67168e-package-chain2"", ""7002c8204fdca2f86df596e136cdcc527ec356d0240f46017f439f3c9c67168e-package-chain3"", ""7002c8204fdca2f86df596e136cdcc527ec356d0240f46017f439f3c9c67168e-package-chain4""]"	4	0	516.4307916340185	0.14345299767611627	0	0
71bd3c35cd9f5b01351bcc2ae5a480c1df2c63720466309b95ebcfeaeb0d6a7b-broad	OG0000230	broad	71bd3c35cd9f5b01351bcc2ae5a480c1df2c63720466309b95ebcfeaeb0d6a7b	"[""71bd3c35cd9f5b01351bcc2ae5a480c1df2c63720466309b95ebcfeaeb0d6a7b-broad-chain1"", ""71bd3c35cd9f5b01351bcc2ae5a480c1df2c63720466309b95ebcfeaeb0d6a7b-broad-chain2"", ""71bd3c35cd9f5b01351bcc2ae5a480c1df2c63720466309b95ebcfeaeb0d6a7b-broad-chain3"", ""71bd3c35cd9f5b01351bcc2ae5a480c1df2c63720466309b95ebcfeaeb0d6a7b-broad-chain4""]"	4	0	20302.722723138053	5.639645200871682	1	0
71bd3c35cd9f5b01351bcc2ae5a480c1df2c63720466309b95ebcfeaeb0d6a7b-centered	OG0000230	centered	71bd3c35cd9f5b01351bcc2ae5a480c1df2c63720466309b95ebcfeaeb0d6a7b	"[""71bd3c35cd9f5b01351bcc2ae5a480c1df2c63720466309b95ebcfeaeb0d6a7b-centered-chain1"", ""71bd3c35cd9f5b01351bcc2ae5a480c1df2c63720466309b95ebcfeaeb0d6a7b-centered-chain2"", ""71bd3c35cd9f5b01351bcc2ae5a480c1df2c63720466309b95ebcfeaeb0d6a7b-centered-chain3"", ""71bd3c35cd9f5b01351bcc2ae5a480c1df2c63720466309b95ebcfeaeb0d6a7b-centered-chain4""]"	4	0	19681.210525711125	5.4670029238086455	0	0
71bd3c35cd9f5b01351bcc2ae5a480c1df2c63720466309b95ebcfeaeb0d6a7b-package	OG0000230	package	71bd3c35cd9f5b01351bcc2ae5a480c1df2c63720466309b95ebcfeaeb0d6a7b	"[""71bd3c35cd9f5b01351bcc2ae5a480c1df2c63720466309b95ebcfeaeb0d6a7b-package-chain1"", ""71bd3c35cd9f5b01351bcc2ae5a480c1df2c63720466309b95ebcfeaeb0d6a7b-package-chain2"", ""71bd3c35cd9f5b01351bcc2ae5a480c1df2c63720466309b95ebcfeaeb0d6a7b-package-chain3"", ""71bd3c35cd9f5b01351bcc2ae5a480c1df2c63720466309b95ebcfeaeb0d6a7b-package-chain4""]"	4	0	21486.21461585589	5.968392948848859	2	0
79d5f6a895f223e056d7e9e145c6166e9fa8e4b6ecd5f327ae05087297deb8cb-broad	OG0000230	broad	79d5f6a895f223e056d7e9e145c6166e9fa8e4b6ecd5f327ae05087297deb8cb	"[""79d5f6a895f223e056d7e9e145c6166e9fa8e4b6ecd5f327ae05087297deb8cb-broad-chain1"", ""79d5f6a895f223e056d7e9e145c6166e9fa8e4b6ecd5f327ae05087297deb8cb-broad-chain2"", ""79d5f6a895f223e056d7e9e145c6166e9fa8e4b6ecd5f327ae05087297deb8cb-broad-chain3"", ""79d5f6a895f223e056d7e9e145c6166e9fa8e4b6ecd5f327ae05087297deb8cb-broad-chain4""]"	4	0	1337.66349128398	0.3715731920233278	0	0
79d5f6a895f223e056d7e9e145c6166e9fa8e4b6ecd5f327ae05087297deb8cb-centered	OG0000230	centered	79d5f6a895f223e056d7e9e145c6166e9fa8e4b6ecd5f327ae05087297deb8cb	"[""79d5f6a895f223e056d7e9e145c6166e9fa8e4b6ecd5f327ae05087297deb8cb-centered-chain1"", ""79d5f6a895f223e056d7e9e145c6166e9fa8e4b6ecd5f327ae05087297deb8cb-centered-chain2"", ""79d5f6a895f223e056d7e9e145c6166e9fa8e4b6ecd5f327ae05087297deb8cb-centered-chain3"", ""79d5f6a895f223e056d7e9e145c6166e9fa8e4b6ecd5f327ae05087297deb8cb-centered-chain4""]"	4	0	1235.2750318028848	0.3431319532785791	0	0
79d5f6a895f223e056d7e9e145c6166e9fa8e4b6ecd5f327ae05087297deb8cb-package	OG0000230	package	79d5f6a895f223e056d7e9e145c6166e9fa8e4b6ecd5f327ae05087297deb8cb	"[""79d5f6a895f223e056d7e9e145c6166e9fa8e4b6ecd5f327ae05087297deb8cb-package-chain1"", ""79d5f6a895f223e056d7e9e145c6166e9fa8e4b6ecd5f327ae05087297deb8cb-package-chain2"", ""79d5f6a895f223e056d7e9e145c6166e9fa8e4b6ecd5f327ae05087297deb8cb-package-chain3"", ""79d5f6a895f223e056d7e9e145c6166e9fa8e4b6ecd5f327ae05087297deb8cb-package-chain4""]"	4	0	1384.3969334050198	0.3845547037236166	0	0
7af5846938eaf392d31fd38852dd1fc2f15c7a1a30632408be9af08ab9dc85ad-broad	OG0000230	broad	7af5846938eaf392d31fd38852dd1fc2f15c7a1a30632408be9af08ab9dc85ad	"[""7af5846938eaf392d31fd38852dd1fc2f15c7a1a30632408be9af08ab9dc85ad-broad-chain1"", ""7af5846938eaf392d31fd38852dd1fc2f15c7a1a30632408be9af08ab9dc85ad-broad-chain2"", ""7af5846938eaf392d31fd38852dd1fc2f15c7a1a30632408be9af08ab9dc85ad-broad-chain3"", ""7af5846938eaf392d31fd38852dd1fc2f15c7a1a30632408be9af08ab9dc85ad-broad-chain4""]"	4	0	1236.4768475409655	0.3434657909836015	0	0
7af5846938eaf392d31fd38852dd1fc2f15c7a1a30632408be9af08ab9dc85ad-centered	OG0000230	centered	7af5846938eaf392d31fd38852dd1fc2f15c7a1a30632408be9af08ab9dc85ad	"[""7af5846938eaf392d31fd38852dd1fc2f15c7a1a30632408be9af08ab9dc85ad-centered-chain1"", ""7af5846938eaf392d31fd38852dd1fc2f15c7a1a30632408be9af08ab9dc85ad-centered-chain2"", ""7af5846938eaf392d31fd38852dd1fc2f15c7a1a30632408be9af08ab9dc85ad-centered-chain3"", ""7af5846938eaf392d31fd38852dd1fc2f15c7a1a30632408be9af08ab9dc85ad-centered-chain4""]"	4	0	1234.8768269400462	0.3430213408166795	0	0
7af5846938eaf392d31fd38852dd1fc2f15c7a1a30632408be9af08ab9dc85ad-package	OG0000230	package	7af5846938eaf392d31fd38852dd1fc2f15c7a1a30632408be9af08ab9dc85ad	"[""7af5846938eaf392d31fd38852dd1fc2f15c7a1a30632408be9af08ab9dc85ad-package-chain1"", ""7af5846938eaf392d31fd38852dd1fc2f15c7a1a30632408be9af08ab9dc85ad-package-chain2"", ""7af5846938eaf392d31fd38852dd1fc2f15c7a1a30632408be9af08ab9dc85ad-package-chain3"", ""7af5846938eaf392d31fd38852dd1fc2f15c7a1a30632408be9af08ab9dc85ad-package-chain4""]"	4	0	1330.5809080029721	0.36960580777860336	0	0
7b2827f936c203303cfabb2740e6217419147af4a7292fccb61ff5bd7a96762d-broad	OG0001203	broad	7b2827f936c203303cfabb2740e6217419147af4a7292fccb61ff5bd7a96762d	"[""7b2827f936c203303cfabb2740e6217419147af4a7292fccb61ff5bd7a96762d-broad-chain1"", ""7b2827f936c203303cfabb2740e6217419147af4a7292fccb61ff5bd7a96762d-broad-chain2"", ""7b2827f936c203303cfabb2740e6217419147af4a7292fccb61ff5bd7a96762d-broad-chain3"", ""7b2827f936c203303cfabb2740e6217419147af4a7292fccb61ff5bd7a96762d-broad-chain4""]"	4	0	417.1906467990775	0.11588629077752154	0	0
7b2827f936c203303cfabb2740e6217419147af4a7292fccb61ff5bd7a96762d-centered	OG0001203	centered	7b2827f936c203303cfabb2740e6217419147af4a7292fccb61ff5bd7a96762d	"[""7b2827f936c203303cfabb2740e6217419147af4a7292fccb61ff5bd7a96762d-centered-chain1"", ""7b2827f936c203303cfabb2740e6217419147af4a7292fccb61ff5bd7a96762d-centered-chain2"", ""7b2827f936c203303cfabb2740e6217419147af4a7292fccb61ff5bd7a96762d-centered-chain3"", ""7b2827f936c203303cfabb2740e6217419147af4a7292fccb61ff5bd7a96762d-centered-chain4""]"	4	0	461.3031599500682	0.12813976665279672	0	0
7b2827f936c203303cfabb2740e6217419147af4a7292fccb61ff5bd7a96762d-package	OG0001203	package	7b2827f936c203303cfabb2740e6217419147af4a7292fccb61ff5bd7a96762d	"[""7b2827f936c203303cfabb2740e6217419147af4a7292fccb61ff5bd7a96762d-package-chain1"", ""7b2827f936c203303cfabb2740e6217419147af4a7292fccb61ff5bd7a96762d-package-chain2"", ""7b2827f936c203303cfabb2740e6217419147af4a7292fccb61ff5bd7a96762d-package-chain3"", ""7b2827f936c203303cfabb2740e6217419147af4a7292fccb61ff5bd7a96762d-package-chain4""]"	4	0	474.70982059591915	0.13186383905442198	0	0
7e207e8e6fc0d190143d5e55487874057827c1eecd1c5be97cdde51184c0a5d6-broad	OG0000230	broad	7e207e8e6fc0d190143d5e55487874057827c1eecd1c5be97cdde51184c0a5d6	"[""7e207e8e6fc0d190143d5e55487874057827c1eecd1c5be97cdde51184c0a5d6-broad-chain1"", ""7e207e8e6fc0d190143d5e55487874057827c1eecd1c5be97cdde51184c0a5d6-broad-chain2"", ""7e207e8e6fc0d190143d5e55487874057827c1eecd1c5be97cdde51184c0a5d6-broad-chain3"", ""7e207e8e6fc0d190143d5e55487874057827c1eecd1c5be97cdde51184c0a5d6-broad-chain4""]"	4	0	1152.9408608840022	0.3202613502455562	0	0
7e207e8e6fc0d190143d5e55487874057827c1eecd1c5be97cdde51184c0a5d6-centered	OG0000230	centered	7e207e8e6fc0d190143d5e55487874057827c1eecd1c5be97cdde51184c0a5d6	"[""7e207e8e6fc0d190143d5e55487874057827c1eecd1c5be97cdde51184c0a5d6-centered-chain1"", ""7e207e8e6fc0d190143d5e55487874057827c1eecd1c5be97cdde51184c0a5d6-centered-chain2"", ""7e207e8e6fc0d190143d5e55487874057827c1eecd1c5be97cdde51184c0a5d6-centered-chain3"", ""7e207e8e6fc0d190143d5e55487874057827c1eecd1c5be97cdde51184c0a5d6-centered-chain4""]"	4	0	1186.547850747942	0.3295966252077617	0	0
7e207e8e6fc0d190143d5e55487874057827c1eecd1c5be97cdde51184c0a5d6-package	OG0000230	package	7e207e8e6fc0d190143d5e55487874057827c1eecd1c5be97cdde51184c0a5d6	"[""7e207e8e6fc0d190143d5e55487874057827c1eecd1c5be97cdde51184c0a5d6-package-chain1"", ""7e207e8e6fc0d190143d5e55487874057827c1eecd1c5be97cdde51184c0a5d6-package-chain2"", ""7e207e8e6fc0d190143d5e55487874057827c1eecd1c5be97cdde51184c0a5d6-package-chain3"", ""7e207e8e6fc0d190143d5e55487874057827c1eecd1c5be97cdde51184c0a5d6-package-chain4""]"	4	0	1420.0519457290065	0.39445887381361294	0	0
80b5029583a1369b3be58f85f91f5c5fc109f89db7bdb29ada0d9f430f98fe3e-broad	OG0000054	broad	80b5029583a1369b3be58f85f91f5c5fc109f89db7bdb29ada0d9f430f98fe3e	"[""80b5029583a1369b3be58f85f91f5c5fc109f89db7bdb29ada0d9f430f98fe3e-broad-chain1"", ""80b5029583a1369b3be58f85f91f5c5fc109f89db7bdb29ada0d9f430f98fe3e-broad-chain2"", ""80b5029583a1369b3be58f85f91f5c5fc109f89db7bdb29ada0d9f430f98fe3e-broad-chain3"", ""80b5029583a1369b3be58f85f91f5c5fc109f89db7bdb29ada0d9f430f98fe3e-broad-chain4""]"	4	0	352.57017729306244	0.09793616035918401	0	0
80b5029583a1369b3be58f85f91f5c5fc109f89db7bdb29ada0d9f430f98fe3e-centered	OG0000054	centered	80b5029583a1369b3be58f85f91f5c5fc109f89db7bdb29ada0d9f430f98fe3e	"[""80b5029583a1369b3be58f85f91f5c5fc109f89db7bdb29ada0d9f430f98fe3e-centered-chain1"", ""80b5029583a1369b3be58f85f91f5c5fc109f89db7bdb29ada0d9f430f98fe3e-centered-chain2"", ""80b5029583a1369b3be58f85f91f5c5fc109f89db7bdb29ada0d9f430f98fe3e-centered-chain3"", ""80b5029583a1369b3be58f85f91f5c5fc109f89db7bdb29ada0d9f430f98fe3e-centered-chain4""]"	4	0	358.62794843211304	0.09961887456447585	0	0
80b5029583a1369b3be58f85f91f5c5fc109f89db7bdb29ada0d9f430f98fe3e-package	OG0000054	package	80b5029583a1369b3be58f85f91f5c5fc109f89db7bdb29ada0d9f430f98fe3e	"[""80b5029583a1369b3be58f85f91f5c5fc109f89db7bdb29ada0d9f430f98fe3e-package-chain1"", ""80b5029583a1369b3be58f85f91f5c5fc109f89db7bdb29ada0d9f430f98fe3e-package-chain2"", ""80b5029583a1369b3be58f85f91f5c5fc109f89db7bdb29ada0d9f430f98fe3e-package-chain3"", ""80b5029583a1369b3be58f85f91f5c5fc109f89db7bdb29ada0d9f430f98fe3e-package-chain4""]"	4	0	378.5827848390909	0.10516188467752524	0	0
8137ff819e5e923946d066c82eb900c091b6990f24edceec6a25861366174a23-broad	OG0000230	broad	8137ff819e5e923946d066c82eb900c091b6990f24edceec6a25861366174a23	"[""8137ff819e5e923946d066c82eb900c091b6990f24edceec6a25861366174a23-broad-chain1"", ""8137ff819e5e923946d066c82eb900c091b6990f24edceec6a25861366174a23-broad-chain2"", ""8137ff819e5e923946d066c82eb900c091b6990f24edceec6a25861366174a23-broad-chain3"", ""8137ff819e5e923946d066c82eb900c091b6990f24edceec6a25861366174a23-broad-chain4""]"	4	0	1290.3048834810324	0.3584180231891757	0	0
8137ff819e5e923946d066c82eb900c091b6990f24edceec6a25861366174a23-centered	OG0000230	centered	8137ff819e5e923946d066c82eb900c091b6990f24edceec6a25861366174a23	"[""8137ff819e5e923946d066c82eb900c091b6990f24edceec6a25861366174a23-centered-chain1"", ""8137ff819e5e923946d066c82eb900c091b6990f24edceec6a25861366174a23-centered-chain2"", ""8137ff819e5e923946d066c82eb900c091b6990f24edceec6a25861366174a23-centered-chain3"", ""8137ff819e5e923946d066c82eb900c091b6990f24edceec6a25861366174a23-centered-chain4""]"	4	0	1218.779445625085	0.338549846006968	0	0
8137ff819e5e923946d066c82eb900c091b6990f24edceec6a25861366174a23-package	OG0000230	package	8137ff819e5e923946d066c82eb900c091b6990f24edceec6a25861366174a23	"[""8137ff819e5e923946d066c82eb900c091b6990f24edceec6a25861366174a23-package-chain1"", ""8137ff819e5e923946d066c82eb900c091b6990f24edceec6a25861366174a23-package-chain2"", ""8137ff819e5e923946d066c82eb900c091b6990f24edceec6a25861366174a23-package-chain3"", ""8137ff819e5e923946d066c82eb900c091b6990f24edceec6a25861366174a23-package-chain4""]"	4	0	1458.2387385530747	0.405066316264743	0	0
880784829a37388be94c6c19537017b8966fd68f4847f9a56d3ced0c54959e9a-broad	OG0000230	broad	880784829a37388be94c6c19537017b8966fd68f4847f9a56d3ced0c54959e9a	"[""880784829a37388be94c6c19537017b8966fd68f4847f9a56d3ced0c54959e9a-broad-chain1"", ""880784829a37388be94c6c19537017b8966fd68f4847f9a56d3ced0c54959e9a-broad-chain2"", ""880784829a37388be94c6c19537017b8966fd68f4847f9a56d3ced0c54959e9a-broad-chain3"", ""880784829a37388be94c6c19537017b8966fd68f4847f9a56d3ced0c54959e9a-broad-chain4""]"	4	0	1288.9562900050078	0.35804341389027994	0	0
880784829a37388be94c6c19537017b8966fd68f4847f9a56d3ced0c54959e9a-centered	OG0000230	centered	880784829a37388be94c6c19537017b8966fd68f4847f9a56d3ced0c54959e9a	"[""880784829a37388be94c6c19537017b8966fd68f4847f9a56d3ced0c54959e9a-centered-chain1"", ""880784829a37388be94c6c19537017b8966fd68f4847f9a56d3ced0c54959e9a-centered-chain2"", ""880784829a37388be94c6c19537017b8966fd68f4847f9a56d3ced0c54959e9a-centered-chain3"", ""880784829a37388be94c6c19537017b8966fd68f4847f9a56d3ced0c54959e9a-centered-chain4""]"	4	0	1174.0061920260196	0.3261128311183388	0	0
880784829a37388be94c6c19537017b8966fd68f4847f9a56d3ced0c54959e9a-package	OG0000230	package	880784829a37388be94c6c19537017b8966fd68f4847f9a56d3ced0c54959e9a	"[""880784829a37388be94c6c19537017b8966fd68f4847f9a56d3ced0c54959e9a-package-chain1"", ""880784829a37388be94c6c19537017b8966fd68f4847f9a56d3ced0c54959e9a-package-chain2"", ""880784829a37388be94c6c19537017b8966fd68f4847f9a56d3ced0c54959e9a-package-chain3"", ""880784829a37388be94c6c19537017b8966fd68f4847f9a56d3ced0c54959e9a-package-chain4""]"	4	0	1446.898378067126	0.40191621612975725	0	0
89598f9a3da57179dfc83940a1026306836060ca86bf3387f1c3bbb6989fac86-broad	OG0002650	broad	89598f9a3da57179dfc83940a1026306836060ca86bf3387f1c3bbb6989fac86	"[""89598f9a3da57179dfc83940a1026306836060ca86bf3387f1c3bbb6989fac86-broad-chain1"", ""89598f9a3da57179dfc83940a1026306836060ca86bf3387f1c3bbb6989fac86-broad-chain2"", ""89598f9a3da57179dfc83940a1026306836060ca86bf3387f1c3bbb6989fac86-broad-chain3"", ""89598f9a3da57179dfc83940a1026306836060ca86bf3387f1c3bbb6989fac86-broad-chain4""]"	4	0	22571.007119141024	6.269724199761396	1	0
89598f9a3da57179dfc83940a1026306836060ca86bf3387f1c3bbb6989fac86-centered	OG0002650	centered	89598f9a3da57179dfc83940a1026306836060ca86bf3387f1c3bbb6989fac86	"[""89598f9a3da57179dfc83940a1026306836060ca86bf3387f1c3bbb6989fac86-centered-chain1"", ""89598f9a3da57179dfc83940a1026306836060ca86bf3387f1c3bbb6989fac86-centered-chain2"", ""89598f9a3da57179dfc83940a1026306836060ca86bf3387f1c3bbb6989fac86-centered-chain3"", ""89598f9a3da57179dfc83940a1026306836060ca86bf3387f1c3bbb6989fac86-centered-chain4""]"	4	0	20793.74110440098	5.776039195666939	1	0
89598f9a3da57179dfc83940a1026306836060ca86bf3387f1c3bbb6989fac86-package	OG0002650	package	89598f9a3da57179dfc83940a1026306836060ca86bf3387f1c3bbb6989fac86	"[""89598f9a3da57179dfc83940a1026306836060ca86bf3387f1c3bbb6989fac86-package-chain1"", ""89598f9a3da57179dfc83940a1026306836060ca86bf3387f1c3bbb6989fac86-package-chain2"", ""89598f9a3da57179dfc83940a1026306836060ca86bf3387f1c3bbb6989fac86-package-chain3"", ""89598f9a3da57179dfc83940a1026306836060ca86bf3387f1c3bbb6989fac86-package-chain4""]"	4	0	22803.17972381506	6.334216589948628	4	0
8b4bdd43c6f7ad68f26c76d2c6430a5c9d7ee8e3b4ba88b08391d053a78710f3-broad	OG0000230	broad	8b4bdd43c6f7ad68f26c76d2c6430a5c9d7ee8e3b4ba88b08391d053a78710f3	"[""8b4bdd43c6f7ad68f26c76d2c6430a5c9d7ee8e3b4ba88b08391d053a78710f3-broad-chain1"", ""8b4bdd43c6f7ad68f26c76d2c6430a5c9d7ee8e3b4ba88b08391d053a78710f3-broad-chain2"", ""8b4bdd43c6f7ad68f26c76d2c6430a5c9d7ee8e3b4ba88b08391d053a78710f3-broad-chain3"", ""8b4bdd43c6f7ad68f26c76d2c6430a5c9d7ee8e3b4ba88b08391d053a78710f3-broad-chain4""]"	4	0	1240.7073760960484	0.34464093780445787	0	0
8b4bdd43c6f7ad68f26c76d2c6430a5c9d7ee8e3b4ba88b08391d053a78710f3-centered	OG0000230	centered	8b4bdd43c6f7ad68f26c76d2c6430a5c9d7ee8e3b4ba88b08391d053a78710f3	"[""8b4bdd43c6f7ad68f26c76d2c6430a5c9d7ee8e3b4ba88b08391d053a78710f3-centered-chain1"", ""8b4bdd43c6f7ad68f26c76d2c6430a5c9d7ee8e3b4ba88b08391d053a78710f3-centered-chain2"", ""8b4bdd43c6f7ad68f26c76d2c6430a5c9d7ee8e3b4ba88b08391d053a78710f3-centered-chain3"", ""8b4bdd43c6f7ad68f26c76d2c6430a5c9d7ee8e3b4ba88b08391d053a78710f3-centered-chain4""]"	4	0	1187.2225958748313	0.32978405440967534	0	0
8b4bdd43c6f7ad68f26c76d2c6430a5c9d7ee8e3b4ba88b08391d053a78710f3-package	OG0000230	package	8b4bdd43c6f7ad68f26c76d2c6430a5c9d7ee8e3b4ba88b08391d053a78710f3	"[""8b4bdd43c6f7ad68f26c76d2c6430a5c9d7ee8e3b4ba88b08391d053a78710f3-package-chain1"", ""8b4bdd43c6f7ad68f26c76d2c6430a5c9d7ee8e3b4ba88b08391d053a78710f3-package-chain2"", ""8b4bdd43c6f7ad68f26c76d2c6430a5c9d7ee8e3b4ba88b08391d053a78710f3-package-chain3"", ""8b4bdd43c6f7ad68f26c76d2c6430a5c9d7ee8e3b4ba88b08391d053a78710f3-package-chain4""]"	4	0	1336.200538906909	0.3711668163630303	0	0
8bbf275a1a46fe2e135deabd11522f9d748742e8cdbec76fe37c3fce2a2fcf00-broad	OG0000230	broad	8bbf275a1a46fe2e135deabd11522f9d748742e8cdbec76fe37c3fce2a2fcf00	"[""8bbf275a1a46fe2e135deabd11522f9d748742e8cdbec76fe37c3fce2a2fcf00-broad-chain1"", ""8bbf275a1a46fe2e135deabd11522f9d748742e8cdbec76fe37c3fce2a2fcf00-broad-chain2"", ""8bbf275a1a46fe2e135deabd11522f9d748742e8cdbec76fe37c3fce2a2fcf00-broad-chain3"", ""8bbf275a1a46fe2e135deabd11522f9d748742e8cdbec76fe37c3fce2a2fcf00-broad-chain4""]"	4	0	19475.389783458057	5.409830495405016	2	0
8bbf275a1a46fe2e135deabd11522f9d748742e8cdbec76fe37c3fce2a2fcf00-centered	OG0000230	centered	8bbf275a1a46fe2e135deabd11522f9d748742e8cdbec76fe37c3fce2a2fcf00	"[""8bbf275a1a46fe2e135deabd11522f9d748742e8cdbec76fe37c3fce2a2fcf00-centered-chain1"", ""8bbf275a1a46fe2e135deabd11522f9d748742e8cdbec76fe37c3fce2a2fcf00-centered-chain2"", ""8bbf275a1a46fe2e135deabd11522f9d748742e8cdbec76fe37c3fce2a2fcf00-centered-chain3"", ""8bbf275a1a46fe2e135deabd11522f9d748742e8cdbec76fe37c3fce2a2fcf00-centered-chain4""]"	4	0	19436.48417801707	5.399023382782519	1	0
8bbf275a1a46fe2e135deabd11522f9d748742e8cdbec76fe37c3fce2a2fcf00-package	OG0000230	package	8bbf275a1a46fe2e135deabd11522f9d748742e8cdbec76fe37c3fce2a2fcf00	"[""8bbf275a1a46fe2e135deabd11522f9d748742e8cdbec76fe37c3fce2a2fcf00-package-chain1"", ""8bbf275a1a46fe2e135deabd11522f9d748742e8cdbec76fe37c3fce2a2fcf00-package-chain2"", ""8bbf275a1a46fe2e135deabd11522f9d748742e8cdbec76fe37c3fce2a2fcf00-package-chain3"", ""8bbf275a1a46fe2e135deabd11522f9d748742e8cdbec76fe37c3fce2a2fcf00-package-chain4""]"	4	0	20880.254501833	5.800070694953611	2	0
8c9273caab4064bce5d48888891d8cb29bdbb91c436ba0e22785507dfd3c04e3-broad	OG0000230	broad	8c9273caab4064bce5d48888891d8cb29bdbb91c436ba0e22785507dfd3c04e3	"[""8c9273caab4064bce5d48888891d8cb29bdbb91c436ba0e22785507dfd3c04e3-broad-chain1"", ""8c9273caab4064bce5d48888891d8cb29bdbb91c436ba0e22785507dfd3c04e3-broad-chain2"", ""8c9273caab4064bce5d48888891d8cb29bdbb91c436ba0e22785507dfd3c04e3-broad-chain3"", ""8c9273caab4064bce5d48888891d8cb29bdbb91c436ba0e22785507dfd3c04e3-broad-chain4""]"	4	0	1221.1863136120082	0.33921842044778006	0	0
8c9273caab4064bce5d48888891d8cb29bdbb91c436ba0e22785507dfd3c04e3-centered	OG0000230	centered	8c9273caab4064bce5d48888891d8cb29bdbb91c436ba0e22785507dfd3c04e3	"[""8c9273caab4064bce5d48888891d8cb29bdbb91c436ba0e22785507dfd3c04e3-centered-chain1"", ""8c9273caab4064bce5d48888891d8cb29bdbb91c436ba0e22785507dfd3c04e3-centered-chain2"", ""8c9273caab4064bce5d48888891d8cb29bdbb91c436ba0e22785507dfd3c04e3-centered-chain3"", ""8c9273caab4064bce5d48888891d8cb29bdbb91c436ba0e22785507dfd3c04e3-centered-chain4""]"	4	0	1133.0017280229367	0.31472270222859355	0	0
8c9273caab4064bce5d48888891d8cb29bdbb91c436ba0e22785507dfd3c04e3-package	OG0000230	package	8c9273caab4064bce5d48888891d8cb29bdbb91c436ba0e22785507dfd3c04e3	"[""8c9273caab4064bce5d48888891d8cb29bdbb91c436ba0e22785507dfd3c04e3-package-chain1"", ""8c9273caab4064bce5d48888891d8cb29bdbb91c436ba0e22785507dfd3c04e3-package-chain2"", ""8c9273caab4064bce5d48888891d8cb29bdbb91c436ba0e22785507dfd3c04e3-package-chain3"", ""8c9273caab4064bce5d48888891d8cb29bdbb91c436ba0e22785507dfd3c04e3-package-chain4""]"	4	0	1421.5923169849557	0.39488675471804324	0	0
8f253aff94d6ce28f3fca0a5be84699ed27fe7acaa56f718dce2fd6348558452-broad	OG0000972	broad	8f253aff94d6ce28f3fca0a5be84699ed27fe7acaa56f718dce2fd6348558452	"[""8f253aff94d6ce28f3fca0a5be84699ed27fe7acaa56f718dce2fd6348558452-broad-chain1"", ""8f253aff94d6ce28f3fca0a5be84699ed27fe7acaa56f718dce2fd6348558452-broad-chain2"", ""8f253aff94d6ce28f3fca0a5be84699ed27fe7acaa56f718dce2fd6348558452-broad-chain3"", ""8f253aff94d6ce28f3fca0a5be84699ed27fe7acaa56f718dce2fd6348558452-broad-chain4""]"	4	0	87855.33694765801	24.404260263238335	2	0
8f253aff94d6ce28f3fca0a5be84699ed27fe7acaa56f718dce2fd6348558452-centered	OG0000972	centered	8f253aff94d6ce28f3fca0a5be84699ed27fe7acaa56f718dce2fd6348558452	"[""8f253aff94d6ce28f3fca0a5be84699ed27fe7acaa56f718dce2fd6348558452-centered-chain1"", ""8f253aff94d6ce28f3fca0a5be84699ed27fe7acaa56f718dce2fd6348558452-centered-chain2"", ""8f253aff94d6ce28f3fca0a5be84699ed27fe7acaa56f718dce2fd6348558452-centered-chain3"", ""8f253aff94d6ce28f3fca0a5be84699ed27fe7acaa56f718dce2fd6348558452-centered-chain4""]"	4	0	79306.08964655598	22.02946934626555	2	0
8f253aff94d6ce28f3fca0a5be84699ed27fe7acaa56f718dce2fd6348558452-package	OG0000972	package	8f253aff94d6ce28f3fca0a5be84699ed27fe7acaa56f718dce2fd6348558452	"[""8f253aff94d6ce28f3fca0a5be84699ed27fe7acaa56f718dce2fd6348558452-package-chain1"", ""8f253aff94d6ce28f3fca0a5be84699ed27fe7acaa56f718dce2fd6348558452-package-chain2"", ""8f253aff94d6ce28f3fca0a5be84699ed27fe7acaa56f718dce2fd6348558452-package-chain3"", ""8f253aff94d6ce28f3fca0a5be84699ed27fe7acaa56f718dce2fd6348558452-package-chain4""]"	3	1	59673.892634779855	16.57608128743885	3	0
9283e8d19acd1cdcfb781ae9a609159b747e35279cddc71ea8060ea1e874b58c-broad	OG0000230	broad	9283e8d19acd1cdcfb781ae9a609159b747e35279cddc71ea8060ea1e874b58c	"[""9283e8d19acd1cdcfb781ae9a609159b747e35279cddc71ea8060ea1e874b58c-broad-chain1"", ""9283e8d19acd1cdcfb781ae9a609159b747e35279cddc71ea8060ea1e874b58c-broad-chain2"", ""9283e8d19acd1cdcfb781ae9a609159b747e35279cddc71ea8060ea1e874b58c-broad-chain3"", ""9283e8d19acd1cdcfb781ae9a609159b747e35279cddc71ea8060ea1e874b58c-broad-chain4""]"	4	0	20487.62781539798	5.691007726499439	1	0
9283e8d19acd1cdcfb781ae9a609159b747e35279cddc71ea8060ea1e874b58c-centered	OG0000230	centered	9283e8d19acd1cdcfb781ae9a609159b747e35279cddc71ea8060ea1e874b58c	"[""9283e8d19acd1cdcfb781ae9a609159b747e35279cddc71ea8060ea1e874b58c-centered-chain1"", ""9283e8d19acd1cdcfb781ae9a609159b747e35279cddc71ea8060ea1e874b58c-centered-chain2"", ""9283e8d19acd1cdcfb781ae9a609159b747e35279cddc71ea8060ea1e874b58c-centered-chain3"", ""9283e8d19acd1cdcfb781ae9a609159b747e35279cddc71ea8060ea1e874b58c-centered-chain4""]"	4	0	19214.366197643016	5.337323943789727	0	0
9283e8d19acd1cdcfb781ae9a609159b747e35279cddc71ea8060ea1e874b58c-package	OG0000230	package	9283e8d19acd1cdcfb781ae9a609159b747e35279cddc71ea8060ea1e874b58c	"[""9283e8d19acd1cdcfb781ae9a609159b747e35279cddc71ea8060ea1e874b58c-package-chain1"", ""9283e8d19acd1cdcfb781ae9a609159b747e35279cddc71ea8060ea1e874b58c-package-chain2"", ""9283e8d19acd1cdcfb781ae9a609159b747e35279cddc71ea8060ea1e874b58c-package-chain3"", ""9283e8d19acd1cdcfb781ae9a609159b747e35279cddc71ea8060ea1e874b58c-package-chain4""]"	4	0	20387.163967600034	5.663101102111121	0	0
930e3256cf0f6c3a31f44c3da0e1809e7d51b5746e0421e6c1ebd7e84be62d1e-broad	OG0000230	broad	930e3256cf0f6c3a31f44c3da0e1809e7d51b5746e0421e6c1ebd7e84be62d1e	"[""930e3256cf0f6c3a31f44c3da0e1809e7d51b5746e0421e6c1ebd7e84be62d1e-broad-chain1"", ""930e3256cf0f6c3a31f44c3da0e1809e7d51b5746e0421e6c1ebd7e84be62d1e-broad-chain2"", ""930e3256cf0f6c3a31f44c3da0e1809e7d51b5746e0421e6c1ebd7e84be62d1e-broad-chain3"", ""930e3256cf0f6c3a31f44c3da0e1809e7d51b5746e0421e6c1ebd7e84be62d1e-broad-chain4""]"	4	0	1291.8217115079751	0.35883936430777086	0	0
930e3256cf0f6c3a31f44c3da0e1809e7d51b5746e0421e6c1ebd7e84be62d1e-centered	OG0000230	centered	930e3256cf0f6c3a31f44c3da0e1809e7d51b5746e0421e6c1ebd7e84be62d1e	"[""930e3256cf0f6c3a31f44c3da0e1809e7d51b5746e0421e6c1ebd7e84be62d1e-centered-chain1"", ""930e3256cf0f6c3a31f44c3da0e1809e7d51b5746e0421e6c1ebd7e84be62d1e-centered-chain2"", ""930e3256cf0f6c3a31f44c3da0e1809e7d51b5746e0421e6c1ebd7e84be62d1e-centered-chain3"", ""930e3256cf0f6c3a31f44c3da0e1809e7d51b5746e0421e6c1ebd7e84be62d1e-centered-chain4""]"	4	0	1218.5748371469672	0.338493010318602	0	0
930e3256cf0f6c3a31f44c3da0e1809e7d51b5746e0421e6c1ebd7e84be62d1e-package	OG0000230	package	930e3256cf0f6c3a31f44c3da0e1809e7d51b5746e0421e6c1ebd7e84be62d1e	"[""930e3256cf0f6c3a31f44c3da0e1809e7d51b5746e0421e6c1ebd7e84be62d1e-package-chain1"", ""930e3256cf0f6c3a31f44c3da0e1809e7d51b5746e0421e6c1ebd7e84be62d1e-package-chain2"", ""930e3256cf0f6c3a31f44c3da0e1809e7d51b5746e0421e6c1ebd7e84be62d1e-package-chain3"", ""930e3256cf0f6c3a31f44c3da0e1809e7d51b5746e0421e6c1ebd7e84be62d1e-package-chain4""]"	4	0	1412.0978606709396	0.3922494057419277	0	0
944083ccb0fce446b3632602c3c1b77d03f8c564f00a1ed0289e926e4f0929db-broad	OG0000230	broad	944083ccb0fce446b3632602c3c1b77d03f8c564f00a1ed0289e926e4f0929db	"[""944083ccb0fce446b3632602c3c1b77d03f8c564f00a1ed0289e926e4f0929db-broad-chain1"", ""944083ccb0fce446b3632602c3c1b77d03f8c564f00a1ed0289e926e4f0929db-broad-chain2"", ""944083ccb0fce446b3632602c3c1b77d03f8c564f00a1ed0289e926e4f0929db-broad-chain3"", ""944083ccb0fce446b3632602c3c1b77d03f8c564f00a1ed0289e926e4f0929db-broad-chain4""]"	4	0	1243.8636595870194	0.3455176832186165	0	0
944083ccb0fce446b3632602c3c1b77d03f8c564f00a1ed0289e926e4f0929db-centered	OG0000230	centered	944083ccb0fce446b3632602c3c1b77d03f8c564f00a1ed0289e926e4f0929db	"[""944083ccb0fce446b3632602c3c1b77d03f8c564f00a1ed0289e926e4f0929db-centered-chain1"", ""944083ccb0fce446b3632602c3c1b77d03f8c564f00a1ed0289e926e4f0929db-centered-chain2"", ""944083ccb0fce446b3632602c3c1b77d03f8c564f00a1ed0289e926e4f0929db-centered-chain3"", ""944083ccb0fce446b3632602c3c1b77d03f8c564f00a1ed0289e926e4f0929db-centered-chain4""]"	4	0	1192.559861641028	0.33126662823361885	0	0
944083ccb0fce446b3632602c3c1b77d03f8c564f00a1ed0289e926e4f0929db-package	OG0000230	package	944083ccb0fce446b3632602c3c1b77d03f8c564f00a1ed0289e926e4f0929db	"[""944083ccb0fce446b3632602c3c1b77d03f8c564f00a1ed0289e926e4f0929db-package-chain1"", ""944083ccb0fce446b3632602c3c1b77d03f8c564f00a1ed0289e926e4f0929db-package-chain2"", ""944083ccb0fce446b3632602c3c1b77d03f8c564f00a1ed0289e926e4f0929db-package-chain3"", ""944083ccb0fce446b3632602c3c1b77d03f8c564f00a1ed0289e926e4f0929db-package-chain4""]"	4	0	1482.6314301278908	0.4118420639244141	0	0
962d56c2c55a612eb119905855a51d11add29ff3b18064b24c840ec3cc360cfd-broad	OG0000230	broad	962d56c2c55a612eb119905855a51d11add29ff3b18064b24c840ec3cc360cfd	"[""962d56c2c55a612eb119905855a51d11add29ff3b18064b24c840ec3cc360cfd-broad-chain1"", ""962d56c2c55a612eb119905855a51d11add29ff3b18064b24c840ec3cc360cfd-broad-chain2"", ""962d56c2c55a612eb119905855a51d11add29ff3b18064b24c840ec3cc360cfd-broad-chain3"", ""962d56c2c55a612eb119905855a51d11add29ff3b18064b24c840ec3cc360cfd-broad-chain4""]"	4	0	1222.553477620968	0.33959818822804666	0	0
962d56c2c55a612eb119905855a51d11add29ff3b18064b24c840ec3cc360cfd-centered	OG0000230	centered	962d56c2c55a612eb119905855a51d11add29ff3b18064b24c840ec3cc360cfd	"[""962d56c2c55a612eb119905855a51d11add29ff3b18064b24c840ec3cc360cfd-centered-chain1"", ""962d56c2c55a612eb119905855a51d11add29ff3b18064b24c840ec3cc360cfd-centered-chain2"", ""962d56c2c55a612eb119905855a51d11add29ff3b18064b24c840ec3cc360cfd-centered-chain3"", ""962d56c2c55a612eb119905855a51d11add29ff3b18064b24c840ec3cc360cfd-centered-chain4""]"	4	0	1179.3512424030341	0.32759756733417617	0	0
962d56c2c55a612eb119905855a51d11add29ff3b18064b24c840ec3cc360cfd-package	OG0000230	package	962d56c2c55a612eb119905855a51d11add29ff3b18064b24c840ec3cc360cfd	"[""962d56c2c55a612eb119905855a51d11add29ff3b18064b24c840ec3cc360cfd-package-chain1"", ""962d56c2c55a612eb119905855a51d11add29ff3b18064b24c840ec3cc360cfd-package-chain2"", ""962d56c2c55a612eb119905855a51d11add29ff3b18064b24c840ec3cc360cfd-package-chain3"", ""962d56c2c55a612eb119905855a51d11add29ff3b18064b24c840ec3cc360cfd-package-chain4""]"	4	0	1453.908204795036	0.40386339022084333	0	0
97ac455856535fbd0aacf671ba350b189b81c8efdc8a2dedf27e6a5f69eab878-broad	OG0000230	broad	97ac455856535fbd0aacf671ba350b189b81c8efdc8a2dedf27e6a5f69eab878	"[""97ac455856535fbd0aacf671ba350b189b81c8efdc8a2dedf27e6a5f69eab878-broad-chain1"", ""97ac455856535fbd0aacf671ba350b189b81c8efdc8a2dedf27e6a5f69eab878-broad-chain2"", ""97ac455856535fbd0aacf671ba350b189b81c8efdc8a2dedf27e6a5f69eab878-broad-chain3"", ""97ac455856535fbd0aacf671ba350b189b81c8efdc8a2dedf27e6a5f69eab878-broad-chain4""]"	4	0	1268.1739955099474	0.3522705543083187	0	0
97ac455856535fbd0aacf671ba350b189b81c8efdc8a2dedf27e6a5f69eab878-centered	OG0000230	centered	97ac455856535fbd0aacf671ba350b189b81c8efdc8a2dedf27e6a5f69eab878	"[""97ac455856535fbd0aacf671ba350b189b81c8efdc8a2dedf27e6a5f69eab878-centered-chain1"", ""97ac455856535fbd0aacf671ba350b189b81c8efdc8a2dedf27e6a5f69eab878-centered-chain2"", ""97ac455856535fbd0aacf671ba350b189b81c8efdc8a2dedf27e6a5f69eab878-centered-chain3"", ""97ac455856535fbd0aacf671ba350b189b81c8efdc8a2dedf27e6a5f69eab878-centered-chain4""]"	4	0	1227.4164333970402	0.3409490092769556	0	0
97ac455856535fbd0aacf671ba350b189b81c8efdc8a2dedf27e6a5f69eab878-package	OG0000230	package	97ac455856535fbd0aacf671ba350b189b81c8efdc8a2dedf27e6a5f69eab878	"[""97ac455856535fbd0aacf671ba350b189b81c8efdc8a2dedf27e6a5f69eab878-package-chain1"", ""97ac455856535fbd0aacf671ba350b189b81c8efdc8a2dedf27e6a5f69eab878-package-chain2"", ""97ac455856535fbd0aacf671ba350b189b81c8efdc8a2dedf27e6a5f69eab878-package-chain3"", ""97ac455856535fbd0aacf671ba350b189b81c8efdc8a2dedf27e6a5f69eab878-package-chain4""]"	4	0	1429.8723778229905	0.3971867716174974	0	0
9a841bcd1f3fe4c8748e5ff0ccc52defdc61bc8721fc3bc20ac6bf194b3f72b2-broad	OG0000972	broad	9a841bcd1f3fe4c8748e5ff0ccc52defdc61bc8721fc3bc20ac6bf194b3f72b2	"[""9a841bcd1f3fe4c8748e5ff0ccc52defdc61bc8721fc3bc20ac6bf194b3f72b2-broad-chain1"", ""9a841bcd1f3fe4c8748e5ff0ccc52defdc61bc8721fc3bc20ac6bf194b3f72b2-broad-chain2"", ""9a841bcd1f3fe4c8748e5ff0ccc52defdc61bc8721fc3bc20ac6bf194b3f72b2-broad-chain3"", ""9a841bcd1f3fe4c8748e5ff0ccc52defdc61bc8721fc3bc20ac6bf194b3f72b2-broad-chain4""]"	4	0	88056.02428258403	24.46000674516223	3	0
9a841bcd1f3fe4c8748e5ff0ccc52defdc61bc8721fc3bc20ac6bf194b3f72b2-centered	OG0000972	centered	9a841bcd1f3fe4c8748e5ff0ccc52defdc61bc8721fc3bc20ac6bf194b3f72b2	"[""9a841bcd1f3fe4c8748e5ff0ccc52defdc61bc8721fc3bc20ac6bf194b3f72b2-centered-chain1"", ""9a841bcd1f3fe4c8748e5ff0ccc52defdc61bc8721fc3bc20ac6bf194b3f72b2-centered-chain2"", ""9a841bcd1f3fe4c8748e5ff0ccc52defdc61bc8721fc3bc20ac6bf194b3f72b2-centered-chain3"", ""9a841bcd1f3fe4c8748e5ff0ccc52defdc61bc8721fc3bc20ac6bf194b3f72b2-centered-chain4""]"	4	0	73646.76216272009	20.45743393408891	2	1
9a841bcd1f3fe4c8748e5ff0ccc52defdc61bc8721fc3bc20ac6bf194b3f72b2-package	OG0000972	package	9a841bcd1f3fe4c8748e5ff0ccc52defdc61bc8721fc3bc20ac6bf194b3f72b2	"[""9a841bcd1f3fe4c8748e5ff0ccc52defdc61bc8721fc3bc20ac6bf194b3f72b2-package-chain1"", ""9a841bcd1f3fe4c8748e5ff0ccc52defdc61bc8721fc3bc20ac6bf194b3f72b2-package-chain2"", ""9a841bcd1f3fe4c8748e5ff0ccc52defdc61bc8721fc3bc20ac6bf194b3f72b2-package-chain3"", ""9a841bcd1f3fe4c8748e5ff0ccc52defdc61bc8721fc3bc20ac6bf194b3f72b2-package-chain4""]"	4	0	85834.79823997797	23.842999511104992	2	0
9b92fbbb126a2db7b15e7c72df7eb6447db40116420a41c9b2197294eac105e0-broad	OG0000095	broad	9b92fbbb126a2db7b15e7c72df7eb6447db40116420a41c9b2197294eac105e0	"[""9b92fbbb126a2db7b15e7c72df7eb6447db40116420a41c9b2197294eac105e0-broad-chain1"", ""9b92fbbb126a2db7b15e7c72df7eb6447db40116420a41c9b2197294eac105e0-broad-chain2"", ""9b92fbbb126a2db7b15e7c72df7eb6447db40116420a41c9b2197294eac105e0-broad-chain3"", ""9b92fbbb126a2db7b15e7c72df7eb6447db40116420a41c9b2197294eac105e0-broad-chain4""]"	4	0	5057.20916734793	1.404780324263314	0	0
9b92fbbb126a2db7b15e7c72df7eb6447db40116420a41c9b2197294eac105e0-centered	OG0000095	centered	9b92fbbb126a2db7b15e7c72df7eb6447db40116420a41c9b2197294eac105e0	"[""9b92fbbb126a2db7b15e7c72df7eb6447db40116420a41c9b2197294eac105e0-centered-chain1"", ""9b92fbbb126a2db7b15e7c72df7eb6447db40116420a41c9b2197294eac105e0-centered-chain2"", ""9b92fbbb126a2db7b15e7c72df7eb6447db40116420a41c9b2197294eac105e0-centered-chain3"", ""9b92fbbb126a2db7b15e7c72df7eb6447db40116420a41c9b2197294eac105e0-centered-chain4""]"	4	0	5039.617934151029	1.399893870597508	0	0
9b92fbbb126a2db7b15e7c72df7eb6447db40116420a41c9b2197294eac105e0-package	OG0000095	package	9b92fbbb126a2db7b15e7c72df7eb6447db40116420a41c9b2197294eac105e0	"[""9b92fbbb126a2db7b15e7c72df7eb6447db40116420a41c9b2197294eac105e0-package-chain1"", ""9b92fbbb126a2db7b15e7c72df7eb6447db40116420a41c9b2197294eac105e0-package-chain2"", ""9b92fbbb126a2db7b15e7c72df7eb6447db40116420a41c9b2197294eac105e0-package-chain3"", ""9b92fbbb126a2db7b15e7c72df7eb6447db40116420a41c9b2197294eac105e0-package-chain4""]"	4	0	5913.695309568022	1.6426931415466728	1	0
9bfa1c6962db2d5afa8a1c216c65c54b39990a821fb0edac01288716cc03aff0-broad	OG0000230	broad	9bfa1c6962db2d5afa8a1c216c65c54b39990a821fb0edac01288716cc03aff0	"[""9bfa1c6962db2d5afa8a1c216c65c54b39990a821fb0edac01288716cc03aff0-broad-chain1"", ""9bfa1c6962db2d5afa8a1c216c65c54b39990a821fb0edac01288716cc03aff0-broad-chain2"", ""9bfa1c6962db2d5afa8a1c216c65c54b39990a821fb0edac01288716cc03aff0-broad-chain3"", ""9bfa1c6962db2d5afa8a1c216c65c54b39990a821fb0edac01288716cc03aff0-broad-chain4""]"	4	0	1224.8236726390023	0.34022879795527844	0	0
9bfa1c6962db2d5afa8a1c216c65c54b39990a821fb0edac01288716cc03aff0-centered	OG0000230	centered	9bfa1c6962db2d5afa8a1c216c65c54b39990a821fb0edac01288716cc03aff0	"[""9bfa1c6962db2d5afa8a1c216c65c54b39990a821fb0edac01288716cc03aff0-centered-chain1"", ""9bfa1c6962db2d5afa8a1c216c65c54b39990a821fb0edac01288716cc03aff0-centered-chain2"", ""9bfa1c6962db2d5afa8a1c216c65c54b39990a821fb0edac01288716cc03aff0-centered-chain3"", ""9bfa1c6962db2d5afa8a1c216c65c54b39990a821fb0edac01288716cc03aff0-centered-chain4""]"	4	0	1220.6279692169628	0.3390633247824897	0	0
9bfa1c6962db2d5afa8a1c216c65c54b39990a821fb0edac01288716cc03aff0-package	OG0000230	package	9bfa1c6962db2d5afa8a1c216c65c54b39990a821fb0edac01288716cc03aff0	"[""9bfa1c6962db2d5afa8a1c216c65c54b39990a821fb0edac01288716cc03aff0-package-chain1"", ""9bfa1c6962db2d5afa8a1c216c65c54b39990a821fb0edac01288716cc03aff0-package-chain2"", ""9bfa1c6962db2d5afa8a1c216c65c54b39990a821fb0edac01288716cc03aff0-package-chain3"", ""9bfa1c6962db2d5afa8a1c216c65c54b39990a821fb0edac01288716cc03aff0-package-chain4""]"	4	0	1444.3216420148965	0.401200456115249	0	0
9c3fe8e4aabbf63dafe8196f67c8fac6ba7e2331842b3a29b922540ffbec9d6e-broad	OG0000230	broad	9c3fe8e4aabbf63dafe8196f67c8fac6ba7e2331842b3a29b922540ffbec9d6e	"[""9c3fe8e4aabbf63dafe8196f67c8fac6ba7e2331842b3a29b922540ffbec9d6e-broad-chain1"", ""9c3fe8e4aabbf63dafe8196f67c8fac6ba7e2331842b3a29b922540ffbec9d6e-broad-chain2"", ""9c3fe8e4aabbf63dafe8196f67c8fac6ba7e2331842b3a29b922540ffbec9d6e-broad-chain3"", ""9c3fe8e4aabbf63dafe8196f67c8fac6ba7e2331842b3a29b922540ffbec9d6e-broad-chain4""]"	4	0	20030.858140795113	5.564127261331976	1	0
9c3fe8e4aabbf63dafe8196f67c8fac6ba7e2331842b3a29b922540ffbec9d6e-centered	OG0000230	centered	9c3fe8e4aabbf63dafe8196f67c8fac6ba7e2331842b3a29b922540ffbec9d6e	"[""9c3fe8e4aabbf63dafe8196f67c8fac6ba7e2331842b3a29b922540ffbec9d6e-centered-chain1"", ""9c3fe8e4aabbf63dafe8196f67c8fac6ba7e2331842b3a29b922540ffbec9d6e-centered-chain2"", ""9c3fe8e4aabbf63dafe8196f67c8fac6ba7e2331842b3a29b922540ffbec9d6e-centered-chain3"", ""9c3fe8e4aabbf63dafe8196f67c8fac6ba7e2331842b3a29b922540ffbec9d6e-centered-chain4""]"	4	0	19301.51839131594	5.361532886476651	0	0
9c3fe8e4aabbf63dafe8196f67c8fac6ba7e2331842b3a29b922540ffbec9d6e-package	OG0000230	package	9c3fe8e4aabbf63dafe8196f67c8fac6ba7e2331842b3a29b922540ffbec9d6e	"[""9c3fe8e4aabbf63dafe8196f67c8fac6ba7e2331842b3a29b922540ffbec9d6e-package-chain1"", ""9c3fe8e4aabbf63dafe8196f67c8fac6ba7e2331842b3a29b922540ffbec9d6e-package-chain2"", ""9c3fe8e4aabbf63dafe8196f67c8fac6ba7e2331842b3a29b922540ffbec9d6e-package-chain3"", ""9c3fe8e4aabbf63dafe8196f67c8fac6ba7e2331842b3a29b922540ffbec9d6e-package-chain4""]"	4	0	20830.907224175113	5.78636311782642	1	0
9fc6a2abce66cba509b810ab65ae41f1e8b33091aca0af76578f744a0402ec6f-broad	OG0000230	broad	9fc6a2abce66cba509b810ab65ae41f1e8b33091aca0af76578f744a0402ec6f	"[""9fc6a2abce66cba509b810ab65ae41f1e8b33091aca0af76578f744a0402ec6f-broad-chain1"", ""9fc6a2abce66cba509b810ab65ae41f1e8b33091aca0af76578f744a0402ec6f-broad-chain2"", ""9fc6a2abce66cba509b810ab65ae41f1e8b33091aca0af76578f744a0402ec6f-broad-chain3"", ""9fc6a2abce66cba509b810ab65ae41f1e8b33091aca0af76578f744a0402ec6f-broad-chain4""]"	4	0	1167.0991546990408	0.32419420963862244	0	0
9fc6a2abce66cba509b810ab65ae41f1e8b33091aca0af76578f744a0402ec6f-centered	OG0000230	centered	9fc6a2abce66cba509b810ab65ae41f1e8b33091aca0af76578f744a0402ec6f	"[""9fc6a2abce66cba509b810ab65ae41f1e8b33091aca0af76578f744a0402ec6f-centered-chain1"", ""9fc6a2abce66cba509b810ab65ae41f1e8b33091aca0af76578f744a0402ec6f-centered-chain2"", ""9fc6a2abce66cba509b810ab65ae41f1e8b33091aca0af76578f744a0402ec6f-centered-chain3"", ""9fc6a2abce66cba509b810ab65ae41f1e8b33091aca0af76578f744a0402ec6f-centered-chain4""]"	4	0	1162.302609627077	0.3228618360075214	0	0
9fc6a2abce66cba509b810ab65ae41f1e8b33091aca0af76578f744a0402ec6f-package	OG0000230	package	9fc6a2abce66cba509b810ab65ae41f1e8b33091aca0af76578f744a0402ec6f	"[""9fc6a2abce66cba509b810ab65ae41f1e8b33091aca0af76578f744a0402ec6f-package-chain1"", ""9fc6a2abce66cba509b810ab65ae41f1e8b33091aca0af76578f744a0402ec6f-package-chain2"", ""9fc6a2abce66cba509b810ab65ae41f1e8b33091aca0af76578f744a0402ec6f-package-chain3"", ""9fc6a2abce66cba509b810ab65ae41f1e8b33091aca0af76578f744a0402ec6f-package-chain4""]"	4	0	1403.9279256918817	0.38997997935885603	0	0
a369c0f3a60a607823b483297183a49c9a59ffe21389f656ca3a656ea71115ff-broad	OG0000230	broad	a369c0f3a60a607823b483297183a49c9a59ffe21389f656ca3a656ea71115ff	"[""a369c0f3a60a607823b483297183a49c9a59ffe21389f656ca3a656ea71115ff-broad-chain1"", ""a369c0f3a60a607823b483297183a49c9a59ffe21389f656ca3a656ea71115ff-broad-chain2"", ""a369c0f3a60a607823b483297183a49c9a59ffe21389f656ca3a656ea71115ff-broad-chain3"", ""a369c0f3a60a607823b483297183a49c9a59ffe21389f656ca3a656ea71115ff-broad-chain4""]"	4	0	20757.188981996995	5.7658858283324985	2	0
a369c0f3a60a607823b483297183a49c9a59ffe21389f656ca3a656ea71115ff-centered	OG0000230	centered	a369c0f3a60a607823b483297183a49c9a59ffe21389f656ca3a656ea71115ff	"[""a369c0f3a60a607823b483297183a49c9a59ffe21389f656ca3a656ea71115ff-centered-chain1"", ""a369c0f3a60a607823b483297183a49c9a59ffe21389f656ca3a656ea71115ff-centered-chain2"", ""a369c0f3a60a607823b483297183a49c9a59ffe21389f656ca3a656ea71115ff-centered-chain3"", ""a369c0f3a60a607823b483297183a49c9a59ffe21389f656ca3a656ea71115ff-centered-chain4""]"	4	0	19370.202701829956	5.380611861619432	0	0
a369c0f3a60a607823b483297183a49c9a59ffe21389f656ca3a656ea71115ff-package	OG0000230	package	a369c0f3a60a607823b483297183a49c9a59ffe21389f656ca3a656ea71115ff	"[""a369c0f3a60a607823b483297183a49c9a59ffe21389f656ca3a656ea71115ff-package-chain1"", ""a369c0f3a60a607823b483297183a49c9a59ffe21389f656ca3a656ea71115ff-package-chain2"", ""a369c0f3a60a607823b483297183a49c9a59ffe21389f656ca3a656ea71115ff-package-chain3"", ""a369c0f3a60a607823b483297183a49c9a59ffe21389f656ca3a656ea71115ff-package-chain4""]"	4	0	20487.267841472	5.690907733742222	0	0
a9265d8d645657726b597a21b1547ede89489a482ef1171723f846e8321c6469-broad	OG0000230	broad	a9265d8d645657726b597a21b1547ede89489a482ef1171723f846e8321c6469	"[""a9265d8d645657726b597a21b1547ede89489a482ef1171723f846e8321c6469-broad-chain1"", ""a9265d8d645657726b597a21b1547ede89489a482ef1171723f846e8321c6469-broad-chain2"", ""a9265d8d645657726b597a21b1547ede89489a482ef1171723f846e8321c6469-broad-chain3"", ""a9265d8d645657726b597a21b1547ede89489a482ef1171723f846e8321c6469-broad-chain4""]"	4	0	1300.7703925539681	0.36132510904276893	0	0
a9265d8d645657726b597a21b1547ede89489a482ef1171723f846e8321c6469-centered	OG0000230	centered	a9265d8d645657726b597a21b1547ede89489a482ef1171723f846e8321c6469	"[""a9265d8d645657726b597a21b1547ede89489a482ef1171723f846e8321c6469-centered-chain1"", ""a9265d8d645657726b597a21b1547ede89489a482ef1171723f846e8321c6469-centered-chain2"", ""a9265d8d645657726b597a21b1547ede89489a482ef1171723f846e8321c6469-centered-chain3"", ""a9265d8d645657726b597a21b1547ede89489a482ef1171723f846e8321c6469-centered-chain4""]"	4	0	1220.8377136410563	0.33912158712251567	0	0
a9265d8d645657726b597a21b1547ede89489a482ef1171723f846e8321c6469-package	OG0000230	package	a9265d8d645657726b597a21b1547ede89489a482ef1171723f846e8321c6469	"[""a9265d8d645657726b597a21b1547ede89489a482ef1171723f846e8321c6469-package-chain1"", ""a9265d8d645657726b597a21b1547ede89489a482ef1171723f846e8321c6469-package-chain2"", ""a9265d8d645657726b597a21b1547ede89489a482ef1171723f846e8321c6469-package-chain3"", ""a9265d8d645657726b597a21b1547ede89489a482ef1171723f846e8321c6469-package-chain4""]"	4	0	1421.841128241038	0.3949558689558439	0	0
a9d1694f618664eff4686111a5368ca068a6a2696b55025ce18ec0638c0c698e-broad	OG0000230	broad	a9d1694f618664eff4686111a5368ca068a6a2696b55025ce18ec0638c0c698e	"[""a9d1694f618664eff4686111a5368ca068a6a2696b55025ce18ec0638c0c698e-broad-chain1"", ""a9d1694f618664eff4686111a5368ca068a6a2696b55025ce18ec0638c0c698e-broad-chain2"", ""a9d1694f618664eff4686111a5368ca068a6a2696b55025ce18ec0638c0c698e-broad-chain3"", ""a9d1694f618664eff4686111a5368ca068a6a2696b55025ce18ec0638c0c698e-broad-chain4""]"	4	0	1211.60227639199	0.3365561878866639	0	0
a9d1694f618664eff4686111a5368ca068a6a2696b55025ce18ec0638c0c698e-centered	OG0000230	centered	a9d1694f618664eff4686111a5368ca068a6a2696b55025ce18ec0638c0c698e	"[""a9d1694f618664eff4686111a5368ca068a6a2696b55025ce18ec0638c0c698e-centered-chain1"", ""a9d1694f618664eff4686111a5368ca068a6a2696b55025ce18ec0638c0c698e-centered-chain2"", ""a9d1694f618664eff4686111a5368ca068a6a2696b55025ce18ec0638c0c698e-centered-chain3"", ""a9d1694f618664eff4686111a5368ca068a6a2696b55025ce18ec0638c0c698e-centered-chain4""]"	4	0	1236.3363230299728	0.3434267563972147	0	0
a9d1694f618664eff4686111a5368ca068a6a2696b55025ce18ec0638c0c698e-package	OG0000230	package	a9d1694f618664eff4686111a5368ca068a6a2696b55025ce18ec0638c0c698e	"[""a9d1694f618664eff4686111a5368ca068a6a2696b55025ce18ec0638c0c698e-package-chain1"", ""a9d1694f618664eff4686111a5368ca068a6a2696b55025ce18ec0638c0c698e-package-chain2"", ""a9d1694f618664eff4686111a5368ca068a6a2696b55025ce18ec0638c0c698e-package-chain3"", ""a9d1694f618664eff4686111a5368ca068a6a2696b55025ce18ec0638c0c698e-package-chain4""]"	4	0	1460.1590774019714	0.40559974372276986	0	0
aab65f7997ddc63d3f9daee83d8844bac4a075cabf7dad2ceaf2510e34f7a35e-broad	OG0000230	broad	aab65f7997ddc63d3f9daee83d8844bac4a075cabf7dad2ceaf2510e34f7a35e	"[""aab65f7997ddc63d3f9daee83d8844bac4a075cabf7dad2ceaf2510e34f7a35e-broad-chain1"", ""aab65f7997ddc63d3f9daee83d8844bac4a075cabf7dad2ceaf2510e34f7a35e-broad-chain2"", ""aab65f7997ddc63d3f9daee83d8844bac4a075cabf7dad2ceaf2510e34f7a35e-broad-chain3"", ""aab65f7997ddc63d3f9daee83d8844bac4a075cabf7dad2ceaf2510e34f7a35e-broad-chain4""]"	4	0	19208.78233045907	5.335772869571964	0	0
aab65f7997ddc63d3f9daee83d8844bac4a075cabf7dad2ceaf2510e34f7a35e-centered	OG0000230	centered	aab65f7997ddc63d3f9daee83d8844bac4a075cabf7dad2ceaf2510e34f7a35e	"[""aab65f7997ddc63d3f9daee83d8844bac4a075cabf7dad2ceaf2510e34f7a35e-centered-chain1"", ""aab65f7997ddc63d3f9daee83d8844bac4a075cabf7dad2ceaf2510e34f7a35e-centered-chain2"", ""aab65f7997ddc63d3f9daee83d8844bac4a075cabf7dad2ceaf2510e34f7a35e-centered-chain3"", ""aab65f7997ddc63d3f9daee83d8844bac4a075cabf7dad2ceaf2510e34f7a35e-centered-chain4""]"	4	0	19437.032559795043	5.399175711054179	1	0
aab65f7997ddc63d3f9daee83d8844bac4a075cabf7dad2ceaf2510e34f7a35e-package	OG0000230	package	aab65f7997ddc63d3f9daee83d8844bac4a075cabf7dad2ceaf2510e34f7a35e	"[""aab65f7997ddc63d3f9daee83d8844bac4a075cabf7dad2ceaf2510e34f7a35e-package-chain1"", ""aab65f7997ddc63d3f9daee83d8844bac4a075cabf7dad2ceaf2510e34f7a35e-package-chain2"", ""aab65f7997ddc63d3f9daee83d8844bac4a075cabf7dad2ceaf2510e34f7a35e-package-chain3"", ""aab65f7997ddc63d3f9daee83d8844bac4a075cabf7dad2ceaf2510e34f7a35e-package-chain4""]"	4	0	20678.61486901203	5.7440596858366755	1	0
ab19784ce4ead62b406c5986caf227504624f8a1de45678d0401e521b738e54c-broad	OG0000230	broad	ab19784ce4ead62b406c5986caf227504624f8a1de45678d0401e521b738e54c	"[""ab19784ce4ead62b406c5986caf227504624f8a1de45678d0401e521b738e54c-broad-chain1"", ""ab19784ce4ead62b406c5986caf227504624f8a1de45678d0401e521b738e54c-broad-chain2"", ""ab19784ce4ead62b406c5986caf227504624f8a1de45678d0401e521b738e54c-broad-chain3"", ""ab19784ce4ead62b406c5986caf227504624f8a1de45678d0401e521b738e54c-broad-chain4""]"	4	0	1348.1353849060251	0.3744820513627848	0	0
ab19784ce4ead62b406c5986caf227504624f8a1de45678d0401e521b738e54c-centered	OG0000230	centered	ab19784ce4ead62b406c5986caf227504624f8a1de45678d0401e521b738e54c	"[""ab19784ce4ead62b406c5986caf227504624f8a1de45678d0401e521b738e54c-centered-chain1"", ""ab19784ce4ead62b406c5986caf227504624f8a1de45678d0401e521b738e54c-centered-chain2"", ""ab19784ce4ead62b406c5986caf227504624f8a1de45678d0401e521b738e54c-centered-chain3"", ""ab19784ce4ead62b406c5986caf227504624f8a1de45678d0401e521b738e54c-centered-chain4""]"	4	0	1219.7666550599388	0.338824070849983	0	0
ab19784ce4ead62b406c5986caf227504624f8a1de45678d0401e521b738e54c-package	OG0000230	package	ab19784ce4ead62b406c5986caf227504624f8a1de45678d0401e521b738e54c	"[""ab19784ce4ead62b406c5986caf227504624f8a1de45678d0401e521b738e54c-package-chain1"", ""ab19784ce4ead62b406c5986caf227504624f8a1de45678d0401e521b738e54c-package-chain2"", ""ab19784ce4ead62b406c5986caf227504624f8a1de45678d0401e521b738e54c-package-chain3"", ""ab19784ce4ead62b406c5986caf227504624f8a1de45678d0401e521b738e54c-package-chain4""]"	4	0	1481.6607047169236	0.41157241797692323	0	0
acc8bb557d94297724618225c006e4a74ba079703f73fd55382c012cfe62e27f-broad	OG0000230	broad	acc8bb557d94297724618225c006e4a74ba079703f73fd55382c012cfe62e27f	"[""acc8bb557d94297724618225c006e4a74ba079703f73fd55382c012cfe62e27f-broad-chain1"", ""acc8bb557d94297724618225c006e4a74ba079703f73fd55382c012cfe62e27f-broad-chain2"", ""acc8bb557d94297724618225c006e4a74ba079703f73fd55382c012cfe62e27f-broad-chain3"", ""acc8bb557d94297724618225c006e4a74ba079703f73fd55382c012cfe62e27f-broad-chain4""]"	4	0	19989.05732071199	5.552515922419997	2	0
acc8bb557d94297724618225c006e4a74ba079703f73fd55382c012cfe62e27f-centered	OG0000230	centered	acc8bb557d94297724618225c006e4a74ba079703f73fd55382c012cfe62e27f	"[""acc8bb557d94297724618225c006e4a74ba079703f73fd55382c012cfe62e27f-centered-chain1"", ""acc8bb557d94297724618225c006e4a74ba079703f73fd55382c012cfe62e27f-centered-chain2"", ""acc8bb557d94297724618225c006e4a74ba079703f73fd55382c012cfe62e27f-centered-chain3"", ""acc8bb557d94297724618225c006e4a74ba079703f73fd55382c012cfe62e27f-centered-chain4""]"	4	0	19053.236449120945	5.292565680311373	0	0
acc8bb557d94297724618225c006e4a74ba079703f73fd55382c012cfe62e27f-package	OG0000230	package	acc8bb557d94297724618225c006e4a74ba079703f73fd55382c012cfe62e27f	"[""acc8bb557d94297724618225c006e4a74ba079703f73fd55382c012cfe62e27f-package-chain1"", ""acc8bb557d94297724618225c006e4a74ba079703f73fd55382c012cfe62e27f-package-chain2"", ""acc8bb557d94297724618225c006e4a74ba079703f73fd55382c012cfe62e27f-package-chain3"", ""acc8bb557d94297724618225c006e4a74ba079703f73fd55382c012cfe62e27f-package-chain4""]"	4	0	20548.014455372002	5.7077817931588894	0	0
acfc837699b7ad7b47bda478356d778fa35864ba0a2af4bfe55096cf9e8b65a5-broad	OG0000972	broad	acfc837699b7ad7b47bda478356d778fa35864ba0a2af4bfe55096cf9e8b65a5	"[""acfc837699b7ad7b47bda478356d778fa35864ba0a2af4bfe55096cf9e8b65a5-broad-chain1"", ""acfc837699b7ad7b47bda478356d778fa35864ba0a2af4bfe55096cf9e8b65a5-broad-chain2"", ""acfc837699b7ad7b47bda478356d778fa35864ba0a2af4bfe55096cf9e8b65a5-broad-chain3"", ""acfc837699b7ad7b47bda478356d778fa35864ba0a2af4bfe55096cf9e8b65a5-broad-chain4""]"	3	1	231770.512766428	64.38069799067445	2	0
acfc837699b7ad7b47bda478356d778fa35864ba0a2af4bfe55096cf9e8b65a5-centered	OG0000972	centered	acfc837699b7ad7b47bda478356d778fa35864ba0a2af4bfe55096cf9e8b65a5	"[""acfc837699b7ad7b47bda478356d778fa35864ba0a2af4bfe55096cf9e8b65a5-centered-chain1"", ""acfc837699b7ad7b47bda478356d778fa35864ba0a2af4bfe55096cf9e8b65a5-centered-chain2"", ""acfc837699b7ad7b47bda478356d778fa35864ba0a2af4bfe55096cf9e8b65a5-centered-chain3"", ""acfc837699b7ad7b47bda478356d778fa35864ba0a2af4bfe55096cf9e8b65a5-centered-chain4""]"	4	0	298593.49062504503	82.94263628473473	2	0
acfc837699b7ad7b47bda478356d778fa35864ba0a2af4bfe55096cf9e8b65a5-package	OG0000972	package	acfc837699b7ad7b47bda478356d778fa35864ba0a2af4bfe55096cf9e8b65a5	"[""acfc837699b7ad7b47bda478356d778fa35864ba0a2af4bfe55096cf9e8b65a5-package-chain1"", ""acfc837699b7ad7b47bda478356d778fa35864ba0a2af4bfe55096cf9e8b65a5-package-chain2"", ""acfc837699b7ad7b47bda478356d778fa35864ba0a2af4bfe55096cf9e8b65a5-package-chain3"", ""acfc837699b7ad7b47bda478356d778fa35864ba0a2af4bfe55096cf9e8b65a5-package-chain4""]"	4	0	309058.40605754795	85.84955723820777	3	0
af65ef17a4c9bcf72260d7f9ce4e56aa3f24b33efde5226a848de2bb40e30a51-broad	OG0000230	broad	af65ef17a4c9bcf72260d7f9ce4e56aa3f24b33efde5226a848de2bb40e30a51	"[""af65ef17a4c9bcf72260d7f9ce4e56aa3f24b33efde5226a848de2bb40e30a51-broad-chain1"", ""af65ef17a4c9bcf72260d7f9ce4e56aa3f24b33efde5226a848de2bb40e30a51-broad-chain2"", ""af65ef17a4c9bcf72260d7f9ce4e56aa3f24b33efde5226a848de2bb40e30a51-broad-chain3"", ""af65ef17a4c9bcf72260d7f9ce4e56aa3f24b33efde5226a848de2bb40e30a51-broad-chain4""]"	4	0	1213.9997282509867	0.3372221467363852	0	0
af65ef17a4c9bcf72260d7f9ce4e56aa3f24b33efde5226a848de2bb40e30a51-centered	OG0000230	centered	af65ef17a4c9bcf72260d7f9ce4e56aa3f24b33efde5226a848de2bb40e30a51	"[""af65ef17a4c9bcf72260d7f9ce4e56aa3f24b33efde5226a848de2bb40e30a51-centered-chain1"", ""af65ef17a4c9bcf72260d7f9ce4e56aa3f24b33efde5226a848de2bb40e30a51-centered-chain2"", ""af65ef17a4c9bcf72260d7f9ce4e56aa3f24b33efde5226a848de2bb40e30a51-centered-chain3"", ""af65ef17a4c9bcf72260d7f9ce4e56aa3f24b33efde5226a848de2bb40e30a51-centered-chain4""]"	4	0	1189.6372338410583	0.33045478717807175	0	0
af65ef17a4c9bcf72260d7f9ce4e56aa3f24b33efde5226a848de2bb40e30a51-package	OG0000230	package	af65ef17a4c9bcf72260d7f9ce4e56aa3f24b33efde5226a848de2bb40e30a51	"[""af65ef17a4c9bcf72260d7f9ce4e56aa3f24b33efde5226a848de2bb40e30a51-package-chain1"", ""af65ef17a4c9bcf72260d7f9ce4e56aa3f24b33efde5226a848de2bb40e30a51-package-chain2"", ""af65ef17a4c9bcf72260d7f9ce4e56aa3f24b33efde5226a848de2bb40e30a51-package-chain3"", ""af65ef17a4c9bcf72260d7f9ce4e56aa3f24b33efde5226a848de2bb40e30a51-package-chain4""]"	4	0	1447.0952708660043	0.40197090857389006	0	0
aff152be932f64c9c7f8220e8e1408a559611af5e5532077b1851ea5cff847fb-broad	OG0000230	broad	aff152be932f64c9c7f8220e8e1408a559611af5e5532077b1851ea5cff847fb	"[""aff152be932f64c9c7f8220e8e1408a559611af5e5532077b1851ea5cff847fb-broad-chain1"", ""aff152be932f64c9c7f8220e8e1408a559611af5e5532077b1851ea5cff847fb-broad-chain2"", ""aff152be932f64c9c7f8220e8e1408a559611af5e5532077b1851ea5cff847fb-broad-chain3"", ""aff152be932f64c9c7f8220e8e1408a559611af5e5532077b1851ea5cff847fb-broad-chain4""]"	4	0	1242.56963347306	0.34515823152029446	0	0
aff152be932f64c9c7f8220e8e1408a559611af5e5532077b1851ea5cff847fb-centered	OG0000230	centered	aff152be932f64c9c7f8220e8e1408a559611af5e5532077b1851ea5cff847fb	"[""aff152be932f64c9c7f8220e8e1408a559611af5e5532077b1851ea5cff847fb-centered-chain1"", ""aff152be932f64c9c7f8220e8e1408a559611af5e5532077b1851ea5cff847fb-centered-chain2"", ""aff152be932f64c9c7f8220e8e1408a559611af5e5532077b1851ea5cff847fb-centered-chain3"", ""aff152be932f64c9c7f8220e8e1408a559611af5e5532077b1851ea5cff847fb-centered-chain4""]"	4	0	1230.655248874944	0.34184868024304	0	0
aff152be932f64c9c7f8220e8e1408a559611af5e5532077b1851ea5cff847fb-package	OG0000230	package	aff152be932f64c9c7f8220e8e1408a559611af5e5532077b1851ea5cff847fb	"[""aff152be932f64c9c7f8220e8e1408a559611af5e5532077b1851ea5cff847fb-package-chain1"", ""aff152be932f64c9c7f8220e8e1408a559611af5e5532077b1851ea5cff847fb-package-chain2"", ""aff152be932f64c9c7f8220e8e1408a559611af5e5532077b1851ea5cff847fb-package-chain3"", ""aff152be932f64c9c7f8220e8e1408a559611af5e5532077b1851ea5cff847fb-package-chain4""]"	4	0	1436.3223144729855	0.3989784206869404	0	0
b0abc43a02ab16eaf2911d1a135a89a7f62ed777965dbd15e2cbc9029d5dd051-broad	OG0001200	broad	b0abc43a02ab16eaf2911d1a135a89a7f62ed777965dbd15e2cbc9029d5dd051	"[""b0abc43a02ab16eaf2911d1a135a89a7f62ed777965dbd15e2cbc9029d5dd051-broad-chain1"", ""b0abc43a02ab16eaf2911d1a135a89a7f62ed777965dbd15e2cbc9029d5dd051-broad-chain2"", ""b0abc43a02ab16eaf2911d1a135a89a7f62ed777965dbd15e2cbc9029d5dd051-broad-chain3"", ""b0abc43a02ab16eaf2911d1a135a89a7f62ed777965dbd15e2cbc9029d5dd051-broad-chain4""]"	4	0	832.1800662390888	0.231161129510858	0	0
b0abc43a02ab16eaf2911d1a135a89a7f62ed777965dbd15e2cbc9029d5dd051-centered	OG0001200	centered	b0abc43a02ab16eaf2911d1a135a89a7f62ed777965dbd15e2cbc9029d5dd051	"[""b0abc43a02ab16eaf2911d1a135a89a7f62ed777965dbd15e2cbc9029d5dd051-centered-chain1"", ""b0abc43a02ab16eaf2911d1a135a89a7f62ed777965dbd15e2cbc9029d5dd051-centered-chain2"", ""b0abc43a02ab16eaf2911d1a135a89a7f62ed777965dbd15e2cbc9029d5dd051-centered-chain3"", ""b0abc43a02ab16eaf2911d1a135a89a7f62ed777965dbd15e2cbc9029d5dd051-centered-chain4""]"	4	0	817.3565462050028	0.22704348505694522	0	0
b0abc43a02ab16eaf2911d1a135a89a7f62ed777965dbd15e2cbc9029d5dd051-package	OG0001200	package	b0abc43a02ab16eaf2911d1a135a89a7f62ed777965dbd15e2cbc9029d5dd051	"[""b0abc43a02ab16eaf2911d1a135a89a7f62ed777965dbd15e2cbc9029d5dd051-package-chain1"", ""b0abc43a02ab16eaf2911d1a135a89a7f62ed777965dbd15e2cbc9029d5dd051-package-chain2"", ""b0abc43a02ab16eaf2911d1a135a89a7f62ed777965dbd15e2cbc9029d5dd051-package-chain3"", ""b0abc43a02ab16eaf2911d1a135a89a7f62ed777965dbd15e2cbc9029d5dd051-package-chain4""]"	4	0	866.6774561629863	0.24074373782305175	0	0
b5798e78d23ed01c8d8004f5663a65aa1d50fc9af4ed036f23626451393031be-broad	OG0000230	broad	b5798e78d23ed01c8d8004f5663a65aa1d50fc9af4ed036f23626451393031be	"[""b5798e78d23ed01c8d8004f5663a65aa1d50fc9af4ed036f23626451393031be-broad-chain1"", ""b5798e78d23ed01c8d8004f5663a65aa1d50fc9af4ed036f23626451393031be-broad-chain2"", ""b5798e78d23ed01c8d8004f5663a65aa1d50fc9af4ed036f23626451393031be-broad-chain3"", ""b5798e78d23ed01c8d8004f5663a65aa1d50fc9af4ed036f23626451393031be-broad-chain4""]"	4	0	1255.7970140960242	0.3488325039155623	0	0
b5798e78d23ed01c8d8004f5663a65aa1d50fc9af4ed036f23626451393031be-centered	OG0000230	centered	b5798e78d23ed01c8d8004f5663a65aa1d50fc9af4ed036f23626451393031be	"[""b5798e78d23ed01c8d8004f5663a65aa1d50fc9af4ed036f23626451393031be-centered-chain1"", ""b5798e78d23ed01c8d8004f5663a65aa1d50fc9af4ed036f23626451393031be-centered-chain2"", ""b5798e78d23ed01c8d8004f5663a65aa1d50fc9af4ed036f23626451393031be-centered-chain3"", ""b5798e78d23ed01c8d8004f5663a65aa1d50fc9af4ed036f23626451393031be-centered-chain4""]"	4	0	1302.5494067920372	0.36181927966445476	0	0
b5798e78d23ed01c8d8004f5663a65aa1d50fc9af4ed036f23626451393031be-package	OG0000230	package	b5798e78d23ed01c8d8004f5663a65aa1d50fc9af4ed036f23626451393031be	"[""b5798e78d23ed01c8d8004f5663a65aa1d50fc9af4ed036f23626451393031be-package-chain1"", ""b5798e78d23ed01c8d8004f5663a65aa1d50fc9af4ed036f23626451393031be-package-chain2"", ""b5798e78d23ed01c8d8004f5663a65aa1d50fc9af4ed036f23626451393031be-package-chain3"", ""b5798e78d23ed01c8d8004f5663a65aa1d50fc9af4ed036f23626451393031be-package-chain4""]"	4	0	1424.2066813209676	0.3956129670336021	0	0
b5fcd4bb2bad85a36f8ab1fdcdb4f00a05ba31b03fc8b7cd2702e1d973f8ed6d-broad	OG0000230	broad	b5fcd4bb2bad85a36f8ab1fdcdb4f00a05ba31b03fc8b7cd2702e1d973f8ed6d	"[""b5fcd4bb2bad85a36f8ab1fdcdb4f00a05ba31b03fc8b7cd2702e1d973f8ed6d-broad-chain1"", ""b5fcd4bb2bad85a36f8ab1fdcdb4f00a05ba31b03fc8b7cd2702e1d973f8ed6d-broad-chain2"", ""b5fcd4bb2bad85a36f8ab1fdcdb4f00a05ba31b03fc8b7cd2702e1d973f8ed6d-broad-chain3"", ""b5fcd4bb2bad85a36f8ab1fdcdb4f00a05ba31b03fc8b7cd2702e1d973f8ed6d-broad-chain4""]"	4	0	1264.2896367329813	0.3511915657591615	0	0
b5fcd4bb2bad85a36f8ab1fdcdb4f00a05ba31b03fc8b7cd2702e1d973f8ed6d-centered	OG0000230	centered	b5fcd4bb2bad85a36f8ab1fdcdb4f00a05ba31b03fc8b7cd2702e1d973f8ed6d	"[""b5fcd4bb2bad85a36f8ab1fdcdb4f00a05ba31b03fc8b7cd2702e1d973f8ed6d-centered-chain1"", ""b5fcd4bb2bad85a36f8ab1fdcdb4f00a05ba31b03fc8b7cd2702e1d973f8ed6d-centered-chain2"", ""b5fcd4bb2bad85a36f8ab1fdcdb4f00a05ba31b03fc8b7cd2702e1d973f8ed6d-centered-chain3"", ""b5fcd4bb2bad85a36f8ab1fdcdb4f00a05ba31b03fc8b7cd2702e1d973f8ed6d-centered-chain4""]"	4	0	1221.6579946609563	0.33934944296137676	0	0
b5fcd4bb2bad85a36f8ab1fdcdb4f00a05ba31b03fc8b7cd2702e1d973f8ed6d-package	OG0000230	package	b5fcd4bb2bad85a36f8ab1fdcdb4f00a05ba31b03fc8b7cd2702e1d973f8ed6d	"[""b5fcd4bb2bad85a36f8ab1fdcdb4f00a05ba31b03fc8b7cd2702e1d973f8ed6d-package-chain1"", ""b5fcd4bb2bad85a36f8ab1fdcdb4f00a05ba31b03fc8b7cd2702e1d973f8ed6d-package-chain2"", ""b5fcd4bb2bad85a36f8ab1fdcdb4f00a05ba31b03fc8b7cd2702e1d973f8ed6d-package-chain3"", ""b5fcd4bb2bad85a36f8ab1fdcdb4f00a05ba31b03fc8b7cd2702e1d973f8ed6d-package-chain4""]"	4	0	1429.714562145935	0.39714293392942634	0	0
b81382c8a9caedce62d6197a3fb73f4114027223a26af86b9877baedd75e00c1-broad	OG0000230	broad	b81382c8a9caedce62d6197a3fb73f4114027223a26af86b9877baedd75e00c1	"[""b81382c8a9caedce62d6197a3fb73f4114027223a26af86b9877baedd75e00c1-broad-chain1"", ""b81382c8a9caedce62d6197a3fb73f4114027223a26af86b9877baedd75e00c1-broad-chain2"", ""b81382c8a9caedce62d6197a3fb73f4114027223a26af86b9877baedd75e00c1-broad-chain3"", ""b81382c8a9caedce62d6197a3fb73f4114027223a26af86b9877baedd75e00c1-broad-chain4""]"	4	0	1206.572668430017	0.33515907456389366	0	0
b81382c8a9caedce62d6197a3fb73f4114027223a26af86b9877baedd75e00c1-centered	OG0000230	centered	b81382c8a9caedce62d6197a3fb73f4114027223a26af86b9877baedd75e00c1	"[""b81382c8a9caedce62d6197a3fb73f4114027223a26af86b9877baedd75e00c1-centered-chain1"", ""b81382c8a9caedce62d6197a3fb73f4114027223a26af86b9877baedd75e00c1-centered-chain2"", ""b81382c8a9caedce62d6197a3fb73f4114027223a26af86b9877baedd75e00c1-centered-chain3"", ""b81382c8a9caedce62d6197a3fb73f4114027223a26af86b9877baedd75e00c1-centered-chain4""]"	4	0	1252.2963565259997	0.3478600990349999	0	0
b81382c8a9caedce62d6197a3fb73f4114027223a26af86b9877baedd75e00c1-package	OG0000230	package	b81382c8a9caedce62d6197a3fb73f4114027223a26af86b9877baedd75e00c1	"[""b81382c8a9caedce62d6197a3fb73f4114027223a26af86b9877baedd75e00c1-package-chain1"", ""b81382c8a9caedce62d6197a3fb73f4114027223a26af86b9877baedd75e00c1-package-chain2"", ""b81382c8a9caedce62d6197a3fb73f4114027223a26af86b9877baedd75e00c1-package-chain3"", ""b81382c8a9caedce62d6197a3fb73f4114027223a26af86b9877baedd75e00c1-package-chain4""]"	4	0	1380.5647239160608	0.38349020108779464	0	0
b83d69caeb55d8e88fd144c6e011ac9c720034d9220cef23524223924a6d034c-broad	OG0000230	broad	b83d69caeb55d8e88fd144c6e011ac9c720034d9220cef23524223924a6d034c	"[""b83d69caeb55d8e88fd144c6e011ac9c720034d9220cef23524223924a6d034c-broad-chain1"", ""b83d69caeb55d8e88fd144c6e011ac9c720034d9220cef23524223924a6d034c-broad-chain2"", ""b83d69caeb55d8e88fd144c6e011ac9c720034d9220cef23524223924a6d034c-broad-chain3"", ""b83d69caeb55d8e88fd144c6e011ac9c720034d9220cef23524223924a6d034c-broad-chain4""]"	4	0	20987.188780858938	5.829774661349705	0	0
b83d69caeb55d8e88fd144c6e011ac9c720034d9220cef23524223924a6d034c-centered	OG0000230	centered	b83d69caeb55d8e88fd144c6e011ac9c720034d9220cef23524223924a6d034c	"[""b83d69caeb55d8e88fd144c6e011ac9c720034d9220cef23524223924a6d034c-centered-chain1"", ""b83d69caeb55d8e88fd144c6e011ac9c720034d9220cef23524223924a6d034c-centered-chain2"", ""b83d69caeb55d8e88fd144c6e011ac9c720034d9220cef23524223924a6d034c-centered-chain3"", ""b83d69caeb55d8e88fd144c6e011ac9c720034d9220cef23524223924a6d034c-centered-chain4""]"	4	0	18914.092961503018	5.253914711528616	0	0
b83d69caeb55d8e88fd144c6e011ac9c720034d9220cef23524223924a6d034c-package	OG0000230	package	b83d69caeb55d8e88fd144c6e011ac9c720034d9220cef23524223924a6d034c	"[""b83d69caeb55d8e88fd144c6e011ac9c720034d9220cef23524223924a6d034c-package-chain1"", ""b83d69caeb55d8e88fd144c6e011ac9c720034d9220cef23524223924a6d034c-package-chain2"", ""b83d69caeb55d8e88fd144c6e011ac9c720034d9220cef23524223924a6d034c-package-chain3"", ""b83d69caeb55d8e88fd144c6e011ac9c720034d9220cef23524223924a6d034c-package-chain4""]"	4	0	20747.974640448985	5.763326289013607	1	0
ba46c36f33d2767ce1897f6c98fa5555e7546d3ede53657c285d8a33bbe6c398-broad	OG0001200	broad	ba46c36f33d2767ce1897f6c98fa5555e7546d3ede53657c285d8a33bbe6c398	"[""ba46c36f33d2767ce1897f6c98fa5555e7546d3ede53657c285d8a33bbe6c398-broad-chain1"", ""ba46c36f33d2767ce1897f6c98fa5555e7546d3ede53657c285d8a33bbe6c398-broad-chain2"", ""ba46c36f33d2767ce1897f6c98fa5555e7546d3ede53657c285d8a33bbe6c398-broad-chain3"", ""ba46c36f33d2767ce1897f6c98fa5555e7546d3ede53657c285d8a33bbe6c398-broad-chain4""]"	4	0	843.0322525199444	0.23417562569998457	0	0
ba46c36f33d2767ce1897f6c98fa5555e7546d3ede53657c285d8a33bbe6c398-centered	OG0001200	centered	ba46c36f33d2767ce1897f6c98fa5555e7546d3ede53657c285d8a33bbe6c398	"[""ba46c36f33d2767ce1897f6c98fa5555e7546d3ede53657c285d8a33bbe6c398-centered-chain1"", ""ba46c36f33d2767ce1897f6c98fa5555e7546d3ede53657c285d8a33bbe6c398-centered-chain2"", ""ba46c36f33d2767ce1897f6c98fa5555e7546d3ede53657c285d8a33bbe6c398-centered-chain3"", ""ba46c36f33d2767ce1897f6c98fa5555e7546d3ede53657c285d8a33bbe6c398-centered-chain4""]"	4	0	834.8094368720776	0.23189151024224378	0	0
ba46c36f33d2767ce1897f6c98fa5555e7546d3ede53657c285d8a33bbe6c398-package	OG0001200	package	ba46c36f33d2767ce1897f6c98fa5555e7546d3ede53657c285d8a33bbe6c398	"[""ba46c36f33d2767ce1897f6c98fa5555e7546d3ede53657c285d8a33bbe6c398-package-chain1"", ""ba46c36f33d2767ce1897f6c98fa5555e7546d3ede53657c285d8a33bbe6c398-package-chain2"", ""ba46c36f33d2767ce1897f6c98fa5555e7546d3ede53657c285d8a33bbe6c398-package-chain3"", ""ba46c36f33d2767ce1897f6c98fa5555e7546d3ede53657c285d8a33bbe6c398-package-chain4""]"	4	0	885.0220012799255	0.2458394447999793	1	0
bb291febbff94e1692195172fc696b086adc3cf2c1ae76455353387b03df642f-broad	OG0000230	broad	bb291febbff94e1692195172fc696b086adc3cf2c1ae76455353387b03df642f	"[""bb291febbff94e1692195172fc696b086adc3cf2c1ae76455353387b03df642f-broad-chain1"", ""bb291febbff94e1692195172fc696b086adc3cf2c1ae76455353387b03df642f-broad-chain2"", ""bb291febbff94e1692195172fc696b086adc3cf2c1ae76455353387b03df642f-broad-chain3"", ""bb291febbff94e1692195172fc696b086adc3cf2c1ae76455353387b03df642f-broad-chain4""]"	4	0	1241.9660122930072	0.3449905589702798	0	0
bb291febbff94e1692195172fc696b086adc3cf2c1ae76455353387b03df642f-centered	OG0000230	centered	bb291febbff94e1692195172fc696b086adc3cf2c1ae76455353387b03df642f	"[""bb291febbff94e1692195172fc696b086adc3cf2c1ae76455353387b03df642f-centered-chain1"", ""bb291febbff94e1692195172fc696b086adc3cf2c1ae76455353387b03df642f-centered-chain2"", ""bb291febbff94e1692195172fc696b086adc3cf2c1ae76455353387b03df642f-centered-chain3"", ""bb291febbff94e1692195172fc696b086adc3cf2c1ae76455353387b03df642f-centered-chain4""]"	4	0	1194.8435667900485	0.33190099077501345	0	0
bb291febbff94e1692195172fc696b086adc3cf2c1ae76455353387b03df642f-package	OG0000230	package	bb291febbff94e1692195172fc696b086adc3cf2c1ae76455353387b03df642f	"[""bb291febbff94e1692195172fc696b086adc3cf2c1ae76455353387b03df642f-package-chain1"", ""bb291febbff94e1692195172fc696b086adc3cf2c1ae76455353387b03df642f-package-chain2"", ""bb291febbff94e1692195172fc696b086adc3cf2c1ae76455353387b03df642f-package-chain3"", ""bb291febbff94e1692195172fc696b086adc3cf2c1ae76455353387b03df642f-package-chain4""]"	4	0	1468.9088566398714	0.40803023795551985	0	0
bfddc9bc7dbcf8f73cfa19fb2a241ba308df5a0d04789e0985edf0afae57af7a-broad	OG0000095	broad	bfddc9bc7dbcf8f73cfa19fb2a241ba308df5a0d04789e0985edf0afae57af7a	"[""bfddc9bc7dbcf8f73cfa19fb2a241ba308df5a0d04789e0985edf0afae57af7a-broad-chain1"", ""bfddc9bc7dbcf8f73cfa19fb2a241ba308df5a0d04789e0985edf0afae57af7a-broad-chain2"", ""bfddc9bc7dbcf8f73cfa19fb2a241ba308df5a0d04789e0985edf0afae57af7a-broad-chain3"", ""bfddc9bc7dbcf8f73cfa19fb2a241ba308df5a0d04789e0985edf0afae57af7a-broad-chain4""]"	4	0	4753.980524038925	1.3205501455663682	0	0
bfddc9bc7dbcf8f73cfa19fb2a241ba308df5a0d04789e0985edf0afae57af7a-centered	OG0000095	centered	bfddc9bc7dbcf8f73cfa19fb2a241ba308df5a0d04789e0985edf0afae57af7a	"[""bfddc9bc7dbcf8f73cfa19fb2a241ba308df5a0d04789e0985edf0afae57af7a-centered-chain1"", ""bfddc9bc7dbcf8f73cfa19fb2a241ba308df5a0d04789e0985edf0afae57af7a-centered-chain2"", ""bfddc9bc7dbcf8f73cfa19fb2a241ba308df5a0d04789e0985edf0afae57af7a-centered-chain3"", ""bfddc9bc7dbcf8f73cfa19fb2a241ba308df5a0d04789e0985edf0afae57af7a-centered-chain4""]"	4	0	4558.875884311972	1.2663544123088812	1	0
bfddc9bc7dbcf8f73cfa19fb2a241ba308df5a0d04789e0985edf0afae57af7a-package	OG0000095	package	bfddc9bc7dbcf8f73cfa19fb2a241ba308df5a0d04789e0985edf0afae57af7a	"[""bfddc9bc7dbcf8f73cfa19fb2a241ba308df5a0d04789e0985edf0afae57af7a-package-chain1"", ""bfddc9bc7dbcf8f73cfa19fb2a241ba308df5a0d04789e0985edf0afae57af7a-package-chain2"", ""bfddc9bc7dbcf8f73cfa19fb2a241ba308df5a0d04789e0985edf0afae57af7a-package-chain3"", ""bfddc9bc7dbcf8f73cfa19fb2a241ba308df5a0d04789e0985edf0afae57af7a-package-chain4""]"	4	0	5480.777080448053	1.522438077902237	1	0
c1c787b0d27751ed6944e9e1e45dc6942c15fd83d96410344bb0818dac8349b0-broad	OG0000230	broad	c1c787b0d27751ed6944e9e1e45dc6942c15fd83d96410344bb0818dac8349b0	"[""c1c787b0d27751ed6944e9e1e45dc6942c15fd83d96410344bb0818dac8349b0-broad-chain1"", ""c1c787b0d27751ed6944e9e1e45dc6942c15fd83d96410344bb0818dac8349b0-broad-chain2"", ""c1c787b0d27751ed6944e9e1e45dc6942c15fd83d96410344bb0818dac8349b0-broad-chain3"", ""c1c787b0d27751ed6944e9e1e45dc6942c15fd83d96410344bb0818dac8349b0-broad-chain4""]"	4	0	1241.7538593750505	0.3449316276041807	0	0
c1c787b0d27751ed6944e9e1e45dc6942c15fd83d96410344bb0818dac8349b0-centered	OG0000230	centered	c1c787b0d27751ed6944e9e1e45dc6942c15fd83d96410344bb0818dac8349b0	"[""c1c787b0d27751ed6944e9e1e45dc6942c15fd83d96410344bb0818dac8349b0-centered-chain1"", ""c1c787b0d27751ed6944e9e1e45dc6942c15fd83d96410344bb0818dac8349b0-centered-chain2"", ""c1c787b0d27751ed6944e9e1e45dc6942c15fd83d96410344bb0818dac8349b0-centered-chain3"", ""c1c787b0d27751ed6944e9e1e45dc6942c15fd83d96410344bb0818dac8349b0-centered-chain4""]"	4	0	1180.7551492379862	0.32798754145499615	0	0
c1c787b0d27751ed6944e9e1e45dc6942c15fd83d96410344bb0818dac8349b0-package	OG0000230	package	c1c787b0d27751ed6944e9e1e45dc6942c15fd83d96410344bb0818dac8349b0	"[""c1c787b0d27751ed6944e9e1e45dc6942c15fd83d96410344bb0818dac8349b0-package-chain1"", ""c1c787b0d27751ed6944e9e1e45dc6942c15fd83d96410344bb0818dac8349b0-package-chain2"", ""c1c787b0d27751ed6944e9e1e45dc6942c15fd83d96410344bb0818dac8349b0-package-chain3"", ""c1c787b0d27751ed6944e9e1e45dc6942c15fd83d96410344bb0818dac8349b0-package-chain4""]"	4	0	1385.8240579449339	0.3849511272069261	0	0
c213a209217a8429e4816fa7075fc8a8e1dfe7169d79446524d15f863c6f6578-broad	OG0000152	broad	c213a209217a8429e4816fa7075fc8a8e1dfe7169d79446524d15f863c6f6578	"[""c213a209217a8429e4816fa7075fc8a8e1dfe7169d79446524d15f863c6f6578-broad-chain1"", ""c213a209217a8429e4816fa7075fc8a8e1dfe7169d79446524d15f863c6f6578-broad-chain2"", ""c213a209217a8429e4816fa7075fc8a8e1dfe7169d79446524d15f863c6f6578-broad-chain3"", ""c213a209217a8429e4816fa7075fc8a8e1dfe7169d79446524d15f863c6f6578-broad-chain4""]"	4	0	282.2676078179793	0.07840766883832759	0	0
c213a209217a8429e4816fa7075fc8a8e1dfe7169d79446524d15f863c6f6578-centered	OG0000152	centered	c213a209217a8429e4816fa7075fc8a8e1dfe7169d79446524d15f863c6f6578	"[""c213a209217a8429e4816fa7075fc8a8e1dfe7169d79446524d15f863c6f6578-centered-chain1"", ""c213a209217a8429e4816fa7075fc8a8e1dfe7169d79446524d15f863c6f6578-centered-chain2"", ""c213a209217a8429e4816fa7075fc8a8e1dfe7169d79446524d15f863c6f6578-centered-chain3"", ""c213a209217a8429e4816fa7075fc8a8e1dfe7169d79446524d15f863c6f6578-centered-chain4""]"	4	0	285.1584633340244	0.07921068425945123	0	0
c213a209217a8429e4816fa7075fc8a8e1dfe7169d79446524d15f863c6f6578-package	OG0000152	package	c213a209217a8429e4816fa7075fc8a8e1dfe7169d79446524d15f863c6f6578	"[""c213a209217a8429e4816fa7075fc8a8e1dfe7169d79446524d15f863c6f6578-package-chain1"", ""c213a209217a8429e4816fa7075fc8a8e1dfe7169d79446524d15f863c6f6578-package-chain2"", ""c213a209217a8429e4816fa7075fc8a8e1dfe7169d79446524d15f863c6f6578-package-chain3"", ""c213a209217a8429e4816fa7075fc8a8e1dfe7169d79446524d15f863c6f6578-package-chain4""]"	4	0	312.79529568197904	0.08688758213388306	0	0
c2ee266f8bdbc319ec159c15725b0f3faf9af02f69dbeaa8912c23057a90e506-broad	OG0000230	broad	c2ee266f8bdbc319ec159c15725b0f3faf9af02f69dbeaa8912c23057a90e506	"[""c2ee266f8bdbc319ec159c15725b0f3faf9af02f69dbeaa8912c23057a90e506-broad-chain1"", ""c2ee266f8bdbc319ec159c15725b0f3faf9af02f69dbeaa8912c23057a90e506-broad-chain2"", ""c2ee266f8bdbc319ec159c15725b0f3faf9af02f69dbeaa8912c23057a90e506-broad-chain3"", ""c2ee266f8bdbc319ec159c15725b0f3faf9af02f69dbeaa8912c23057a90e506-broad-chain4""]"	4	0	20527.03094418408	5.701953040051134	0	0
c2ee266f8bdbc319ec159c15725b0f3faf9af02f69dbeaa8912c23057a90e506-centered	OG0000230	centered	c2ee266f8bdbc319ec159c15725b0f3faf9af02f69dbeaa8912c23057a90e506	"[""c2ee266f8bdbc319ec159c15725b0f3faf9af02f69dbeaa8912c23057a90e506-centered-chain1"", ""c2ee266f8bdbc319ec159c15725b0f3faf9af02f69dbeaa8912c23057a90e506-centered-chain2"", ""c2ee266f8bdbc319ec159c15725b0f3faf9af02f69dbeaa8912c23057a90e506-centered-chain3"", ""c2ee266f8bdbc319ec159c15725b0f3faf9af02f69dbeaa8912c23057a90e506-centered-chain4""]"	4	0	18874.213366974	5.242837046381666	0	0
c2ee266f8bdbc319ec159c15725b0f3faf9af02f69dbeaa8912c23057a90e506-package	OG0000230	package	c2ee266f8bdbc319ec159c15725b0f3faf9af02f69dbeaa8912c23057a90e506	"[""c2ee266f8bdbc319ec159c15725b0f3faf9af02f69dbeaa8912c23057a90e506-package-chain1"", ""c2ee266f8bdbc319ec159c15725b0f3faf9af02f69dbeaa8912c23057a90e506-package-chain2"", ""c2ee266f8bdbc319ec159c15725b0f3faf9af02f69dbeaa8912c23057a90e506-package-chain3"", ""c2ee266f8bdbc319ec159c15725b0f3faf9af02f69dbeaa8912c23057a90e506-package-chain4""]"	4	0	20353.601908335055	5.653778307870849	1	0
c3d41cc575007169c2b5e0093d0dd3cdfaca8455fc28d085daf5d07c554559eb-broad	OG0000230	broad	c3d41cc575007169c2b5e0093d0dd3cdfaca8455fc28d085daf5d07c554559eb	"[""c3d41cc575007169c2b5e0093d0dd3cdfaca8455fc28d085daf5d07c554559eb-broad-chain1"", ""c3d41cc575007169c2b5e0093d0dd3cdfaca8455fc28d085daf5d07c554559eb-broad-chain2"", ""c3d41cc575007169c2b5e0093d0dd3cdfaca8455fc28d085daf5d07c554559eb-broad-chain3"", ""c3d41cc575007169c2b5e0093d0dd3cdfaca8455fc28d085daf5d07c554559eb-broad-chain4""]"	4	0	1197.2971756799961	0.33258254879999893	0	0
c3d41cc575007169c2b5e0093d0dd3cdfaca8455fc28d085daf5d07c554559eb-centered	OG0000230	centered	c3d41cc575007169c2b5e0093d0dd3cdfaca8455fc28d085daf5d07c554559eb	"[""c3d41cc575007169c2b5e0093d0dd3cdfaca8455fc28d085daf5d07c554559eb-centered-chain1"", ""c3d41cc575007169c2b5e0093d0dd3cdfaca8455fc28d085daf5d07c554559eb-centered-chain2"", ""c3d41cc575007169c2b5e0093d0dd3cdfaca8455fc28d085daf5d07c554559eb-centered-chain3"", ""c3d41cc575007169c2b5e0093d0dd3cdfaca8455fc28d085daf5d07c554559eb-centered-chain4""]"	4	0	1240.2217474450008	0.34450604095694465	0	0
c3d41cc575007169c2b5e0093d0dd3cdfaca8455fc28d085daf5d07c554559eb-package	OG0000230	package	c3d41cc575007169c2b5e0093d0dd3cdfaca8455fc28d085daf5d07c554559eb	"[""c3d41cc575007169c2b5e0093d0dd3cdfaca8455fc28d085daf5d07c554559eb-package-chain1"", ""c3d41cc575007169c2b5e0093d0dd3cdfaca8455fc28d085daf5d07c554559eb-package-chain2"", ""c3d41cc575007169c2b5e0093d0dd3cdfaca8455fc28d085daf5d07c554559eb-package-chain3"", ""c3d41cc575007169c2b5e0093d0dd3cdfaca8455fc28d085daf5d07c554559eb-package-chain4""]"	4	0	1436.6443787330063	0.3990678829813906	0	0
c653794f534e750fa56c91b8f025916402a8bbbefd347468659437cf2c7493e8-broad	OG0001082	broad	c653794f534e750fa56c91b8f025916402a8bbbefd347468659437cf2c7493e8	"[""c653794f534e750fa56c91b8f025916402a8bbbefd347468659437cf2c7493e8-broad-chain1"", ""c653794f534e750fa56c91b8f025916402a8bbbefd347468659437cf2c7493e8-broad-chain2"", ""c653794f534e750fa56c91b8f025916402a8bbbefd347468659437cf2c7493e8-broad-chain3"", ""c653794f534e750fa56c91b8f025916402a8bbbefd347468659437cf2c7493e8-broad-chain4""]"	4	0	3953.6491333390004	1.0982358703719446	0	0
c653794f534e750fa56c91b8f025916402a8bbbefd347468659437cf2c7493e8-centered	OG0001082	centered	c653794f534e750fa56c91b8f025916402a8bbbefd347468659437cf2c7493e8	"[""c653794f534e750fa56c91b8f025916402a8bbbefd347468659437cf2c7493e8-centered-chain1"", ""c653794f534e750fa56c91b8f025916402a8bbbefd347468659437cf2c7493e8-centered-chain2"", ""c653794f534e750fa56c91b8f025916402a8bbbefd347468659437cf2c7493e8-centered-chain3"", ""c653794f534e750fa56c91b8f025916402a8bbbefd347468659437cf2c7493e8-centered-chain4""]"	4	0	3831.938112071075	1.0644272533530763	0	0
c653794f534e750fa56c91b8f025916402a8bbbefd347468659437cf2c7493e8-package	OG0001082	package	c653794f534e750fa56c91b8f025916402a8bbbefd347468659437cf2c7493e8	"[""c653794f534e750fa56c91b8f025916402a8bbbefd347468659437cf2c7493e8-package-chain1"", ""c653794f534e750fa56c91b8f025916402a8bbbefd347468659437cf2c7493e8-package-chain2"", ""c653794f534e750fa56c91b8f025916402a8bbbefd347468659437cf2c7493e8-package-chain3"", ""c653794f534e750fa56c91b8f025916402a8bbbefd347468659437cf2c7493e8-package-chain4""]"	4	0	4489.332391343021	1.2470367753730616	0	0
c7ce6c68172f2a69d918e2fd1aa0a64f8ca7b8d9d9a891a969104364945579f8-broad	OG0001200	broad	c7ce6c68172f2a69d918e2fd1aa0a64f8ca7b8d9d9a891a969104364945579f8	"[""c7ce6c68172f2a69d918e2fd1aa0a64f8ca7b8d9d9a891a969104364945579f8-broad-chain1"", ""c7ce6c68172f2a69d918e2fd1aa0a64f8ca7b8d9d9a891a969104364945579f8-broad-chain2"", ""c7ce6c68172f2a69d918e2fd1aa0a64f8ca7b8d9d9a891a969104364945579f8-broad-chain3"", ""c7ce6c68172f2a69d918e2fd1aa0a64f8ca7b8d9d9a891a969104364945579f8-broad-chain4""]"	4	0	733.282632899005	0.2036896202497236	0	0
c7ce6c68172f2a69d918e2fd1aa0a64f8ca7b8d9d9a891a969104364945579f8-centered	OG0001200	centered	c7ce6c68172f2a69d918e2fd1aa0a64f8ca7b8d9d9a891a969104364945579f8	"[""c7ce6c68172f2a69d918e2fd1aa0a64f8ca7b8d9d9a891a969104364945579f8-centered-chain1"", ""c7ce6c68172f2a69d918e2fd1aa0a64f8ca7b8d9d9a891a969104364945579f8-centered-chain2"", ""c7ce6c68172f2a69d918e2fd1aa0a64f8ca7b8d9d9a891a969104364945579f8-centered-chain3"", ""c7ce6c68172f2a69d918e2fd1aa0a64f8ca7b8d9d9a891a969104364945579f8-centered-chain4""]"	4	0	738.6656275130226	0.20518489653139518	0	0
c7ce6c68172f2a69d918e2fd1aa0a64f8ca7b8d9d9a891a969104364945579f8-package	OG0001200	package	c7ce6c68172f2a69d918e2fd1aa0a64f8ca7b8d9d9a891a969104364945579f8	"[""c7ce6c68172f2a69d918e2fd1aa0a64f8ca7b8d9d9a891a969104364945579f8-package-chain1"", ""c7ce6c68172f2a69d918e2fd1aa0a64f8ca7b8d9d9a891a969104364945579f8-package-chain2"", ""c7ce6c68172f2a69d918e2fd1aa0a64f8ca7b8d9d9a891a969104364945579f8-package-chain3"", ""c7ce6c68172f2a69d918e2fd1aa0a64f8ca7b8d9d9a891a969104364945579f8-package-chain4""]"	4	0	754.174734464963	0.20949298179582304	0	0
c7d7b29ea1cd07f54592816fdc513d1292b640ad7fb04bcbcf3cca4a9799db24-broad	OG0000230	broad	c7d7b29ea1cd07f54592816fdc513d1292b640ad7fb04bcbcf3cca4a9799db24	"[""c7d7b29ea1cd07f54592816fdc513d1292b640ad7fb04bcbcf3cca4a9799db24-broad-chain1"", ""c7d7b29ea1cd07f54592816fdc513d1292b640ad7fb04bcbcf3cca4a9799db24-broad-chain2"", ""c7d7b29ea1cd07f54592816fdc513d1292b640ad7fb04bcbcf3cca4a9799db24-broad-chain3"", ""c7d7b29ea1cd07f54592816fdc513d1292b640ad7fb04bcbcf3cca4a9799db24-broad-chain4""]"	4	0	1270.0656048660749	0.3527960013516875	0	0
c7d7b29ea1cd07f54592816fdc513d1292b640ad7fb04bcbcf3cca4a9799db24-centered	OG0000230	centered	c7d7b29ea1cd07f54592816fdc513d1292b640ad7fb04bcbcf3cca4a9799db24	"[""c7d7b29ea1cd07f54592816fdc513d1292b640ad7fb04bcbcf3cca4a9799db24-centered-chain1"", ""c7d7b29ea1cd07f54592816fdc513d1292b640ad7fb04bcbcf3cca4a9799db24-centered-chain2"", ""c7d7b29ea1cd07f54592816fdc513d1292b640ad7fb04bcbcf3cca4a9799db24-centered-chain3"", ""c7d7b29ea1cd07f54592816fdc513d1292b640ad7fb04bcbcf3cca4a9799db24-centered-chain4""]"	4	0	1208.1007720710477	0.33558354779751326	0	0
c7d7b29ea1cd07f54592816fdc513d1292b640ad7fb04bcbcf3cca4a9799db24-package	OG0000230	package	c7d7b29ea1cd07f54592816fdc513d1292b640ad7fb04bcbcf3cca4a9799db24	"[""c7d7b29ea1cd07f54592816fdc513d1292b640ad7fb04bcbcf3cca4a9799db24-package-chain1"", ""c7d7b29ea1cd07f54592816fdc513d1292b640ad7fb04bcbcf3cca4a9799db24-package-chain2"", ""c7d7b29ea1cd07f54592816fdc513d1292b640ad7fb04bcbcf3cca4a9799db24-package-chain3"", ""c7d7b29ea1cd07f54592816fdc513d1292b640ad7fb04bcbcf3cca4a9799db24-package-chain4""]"	4	0	1419.5132262170664	0.3943092295047407	0	0
c97d8cb7fd221e478987329a2d9bd8459f8279f26a17e397611a2aeab2c2e1fe-broad	OG0000294	broad	c97d8cb7fd221e478987329a2d9bd8459f8279f26a17e397611a2aeab2c2e1fe	"[""c97d8cb7fd221e478987329a2d9bd8459f8279f26a17e397611a2aeab2c2e1fe-broad-chain1"", ""c97d8cb7fd221e478987329a2d9bd8459f8279f26a17e397611a2aeab2c2e1fe-broad-chain2"", ""c97d8cb7fd221e478987329a2d9bd8459f8279f26a17e397611a2aeab2c2e1fe-broad-chain3"", ""c97d8cb7fd221e478987329a2d9bd8459f8279f26a17e397611a2aeab2c2e1fe-broad-chain4""]"	4	0	862.3474583229981	0.23954096064527727	0	0
c97d8cb7fd221e478987329a2d9bd8459f8279f26a17e397611a2aeab2c2e1fe-centered	OG0000294	centered	c97d8cb7fd221e478987329a2d9bd8459f8279f26a17e397611a2aeab2c2e1fe	"[""c97d8cb7fd221e478987329a2d9bd8459f8279f26a17e397611a2aeab2c2e1fe-centered-chain1"", ""c97d8cb7fd221e478987329a2d9bd8459f8279f26a17e397611a2aeab2c2e1fe-centered-chain2"", ""c97d8cb7fd221e478987329a2d9bd8459f8279f26a17e397611a2aeab2c2e1fe-centered-chain3"", ""c97d8cb7fd221e478987329a2d9bd8459f8279f26a17e397611a2aeab2c2e1fe-centered-chain4""]"	4	0	861.5350419539609	0.2393152894316558	0	0
c97d8cb7fd221e478987329a2d9bd8459f8279f26a17e397611a2aeab2c2e1fe-package	OG0000294	package	c97d8cb7fd221e478987329a2d9bd8459f8279f26a17e397611a2aeab2c2e1fe	"[""c97d8cb7fd221e478987329a2d9bd8459f8279f26a17e397611a2aeab2c2e1fe-package-chain1"", ""c97d8cb7fd221e478987329a2d9bd8459f8279f26a17e397611a2aeab2c2e1fe-package-chain2"", ""c97d8cb7fd221e478987329a2d9bd8459f8279f26a17e397611a2aeab2c2e1fe-package-chain3"", ""c97d8cb7fd221e478987329a2d9bd8459f8279f26a17e397611a2aeab2c2e1fe-package-chain4""]"	4	0	933.6173281549709	0.2593381467097141	0	0
cb564b021ac10cc72bde03d2e03c64c5d7412846d3084a3043ea9e3430e09090-broad	OG0000230	broad	cb564b021ac10cc72bde03d2e03c64c5d7412846d3084a3043ea9e3430e09090	"[""cb564b021ac10cc72bde03d2e03c64c5d7412846d3084a3043ea9e3430e09090-broad-chain1"", ""cb564b021ac10cc72bde03d2e03c64c5d7412846d3084a3043ea9e3430e09090-broad-chain2"", ""cb564b021ac10cc72bde03d2e03c64c5d7412846d3084a3043ea9e3430e09090-broad-chain3"", ""cb564b021ac10cc72bde03d2e03c64c5d7412846d3084a3043ea9e3430e09090-broad-chain4""]"	4	0	1232.931213804026	0.34248089272334054	0	0
cb564b021ac10cc72bde03d2e03c64c5d7412846d3084a3043ea9e3430e09090-centered	OG0000230	centered	cb564b021ac10cc72bde03d2e03c64c5d7412846d3084a3043ea9e3430e09090	"[""cb564b021ac10cc72bde03d2e03c64c5d7412846d3084a3043ea9e3430e09090-centered-chain1"", ""cb564b021ac10cc72bde03d2e03c64c5d7412846d3084a3043ea9e3430e09090-centered-chain2"", ""cb564b021ac10cc72bde03d2e03c64c5d7412846d3084a3043ea9e3430e09090-centered-chain3"", ""cb564b021ac10cc72bde03d2e03c64c5d7412846d3084a3043ea9e3430e09090-centered-chain4""]"	4	0	1219.913670089969	0.3388649083583247	0	0
cb564b021ac10cc72bde03d2e03c64c5d7412846d3084a3043ea9e3430e09090-package	OG0000230	package	cb564b021ac10cc72bde03d2e03c64c5d7412846d3084a3043ea9e3430e09090	"[""cb564b021ac10cc72bde03d2e03c64c5d7412846d3084a3043ea9e3430e09090-package-chain1"", ""cb564b021ac10cc72bde03d2e03c64c5d7412846d3084a3043ea9e3430e09090-package-chain2"", ""cb564b021ac10cc72bde03d2e03c64c5d7412846d3084a3043ea9e3430e09090-package-chain3"", ""cb564b021ac10cc72bde03d2e03c64c5d7412846d3084a3043ea9e3430e09090-package-chain4""]"	4	0	1478.4471646070015	0.4106797679463893	0	0
ce31f851505cdefb425bb641db2f337933de6289ee30df9a03c0d6aa6b5ce979-broad	OG0002650	broad	ce31f851505cdefb425bb641db2f337933de6289ee30df9a03c0d6aa6b5ce979	"[""ce31f851505cdefb425bb641db2f337933de6289ee30df9a03c0d6aa6b5ce979-broad-chain1"", ""ce31f851505cdefb425bb641db2f337933de6289ee30df9a03c0d6aa6b5ce979-broad-chain2"", ""ce31f851505cdefb425bb641db2f337933de6289ee30df9a03c0d6aa6b5ce979-broad-chain3"", ""ce31f851505cdefb425bb641db2f337933de6289ee30df9a03c0d6aa6b5ce979-broad-chain4""]"	4	0	1676.8213867980521	0.4657837185550145	1	0
ce31f851505cdefb425bb641db2f337933de6289ee30df9a03c0d6aa6b5ce979-centered	OG0002650	centered	ce31f851505cdefb425bb641db2f337933de6289ee30df9a03c0d6aa6b5ce979	"[""ce31f851505cdefb425bb641db2f337933de6289ee30df9a03c0d6aa6b5ce979-centered-chain1"", ""ce31f851505cdefb425bb641db2f337933de6289ee30df9a03c0d6aa6b5ce979-centered-chain2"", ""ce31f851505cdefb425bb641db2f337933de6289ee30df9a03c0d6aa6b5ce979-centered-chain3"", ""ce31f851505cdefb425bb641db2f337933de6289ee30df9a03c0d6aa6b5ce979-centered-chain4""]"	4	0	1679.4415131949354	0.4665115314430376	1	0
ce31f851505cdefb425bb641db2f337933de6289ee30df9a03c0d6aa6b5ce979-package	OG0002650	package	ce31f851505cdefb425bb641db2f337933de6289ee30df9a03c0d6aa6b5ce979	"[""ce31f851505cdefb425bb641db2f337933de6289ee30df9a03c0d6aa6b5ce979-package-chain1"", ""ce31f851505cdefb425bb641db2f337933de6289ee30df9a03c0d6aa6b5ce979-package-chain2"", ""ce31f851505cdefb425bb641db2f337933de6289ee30df9a03c0d6aa6b5ce979-package-chain3"", ""ce31f851505cdefb425bb641db2f337933de6289ee30df9a03c0d6aa6b5ce979-package-chain4""]"	4	0	1981.2578277009889	0.550349396583608	1	0
ce6ca2c146f608cafe589bc9a297c77ed7948caac1b006eb031ede7975ee1401-broad	OG0001082	broad	ce6ca2c146f608cafe589bc9a297c77ed7948caac1b006eb031ede7975ee1401	"[""ce6ca2c146f608cafe589bc9a297c77ed7948caac1b006eb031ede7975ee1401-broad-chain1"", ""ce6ca2c146f608cafe589bc9a297c77ed7948caac1b006eb031ede7975ee1401-broad-chain2"", ""ce6ca2c146f608cafe589bc9a297c77ed7948caac1b006eb031ede7975ee1401-broad-chain3"", ""ce6ca2c146f608cafe589bc9a297c77ed7948caac1b006eb031ede7975ee1401-broad-chain4""]"	4	0	3859.5835360830533	1.072106537800848	0	0
ce6ca2c146f608cafe589bc9a297c77ed7948caac1b006eb031ede7975ee1401-centered	OG0001082	centered	ce6ca2c146f608cafe589bc9a297c77ed7948caac1b006eb031ede7975ee1401	"[""ce6ca2c146f608cafe589bc9a297c77ed7948caac1b006eb031ede7975ee1401-centered-chain1"", ""ce6ca2c146f608cafe589bc9a297c77ed7948caac1b006eb031ede7975ee1401-centered-chain2"", ""ce6ca2c146f608cafe589bc9a297c77ed7948caac1b006eb031ede7975ee1401-centered-chain3"", ""ce6ca2c146f608cafe589bc9a297c77ed7948caac1b006eb031ede7975ee1401-centered-chain4""]"	4	0	3877.4648048930394	1.0770735569147332	0	0
ce6ca2c146f608cafe589bc9a297c77ed7948caac1b006eb031ede7975ee1401-package	OG0001082	package	ce6ca2c146f608cafe589bc9a297c77ed7948caac1b006eb031ede7975ee1401	"[""ce6ca2c146f608cafe589bc9a297c77ed7948caac1b006eb031ede7975ee1401-package-chain1"", ""ce6ca2c146f608cafe589bc9a297c77ed7948caac1b006eb031ede7975ee1401-package-chain2"", ""ce6ca2c146f608cafe589bc9a297c77ed7948caac1b006eb031ede7975ee1401-package-chain3"", ""ce6ca2c146f608cafe589bc9a297c77ed7948caac1b006eb031ede7975ee1401-package-chain4""]"	4	0	4541.032437961025	1.261397899433618	0	0
d48261262e734ff9c6668522b9987e6b972673a6c65346fa84c8a9c4b710750f-broad	OG0000230	broad	d48261262e734ff9c6668522b9987e6b972673a6c65346fa84c8a9c4b710750f	"[""d48261262e734ff9c6668522b9987e6b972673a6c65346fa84c8a9c4b710750f-broad-chain1"", ""d48261262e734ff9c6668522b9987e6b972673a6c65346fa84c8a9c4b710750f-broad-chain2"", ""d48261262e734ff9c6668522b9987e6b972673a6c65346fa84c8a9c4b710750f-broad-chain3"", ""d48261262e734ff9c6668522b9987e6b972673a6c65346fa84c8a9c4b710750f-broad-chain4""]"	4	0	19590.466488802922	5.441796246889701	1	0
d48261262e734ff9c6668522b9987e6b972673a6c65346fa84c8a9c4b710750f-centered	OG0000230	centered	d48261262e734ff9c6668522b9987e6b972673a6c65346fa84c8a9c4b710750f	"[""d48261262e734ff9c6668522b9987e6b972673a6c65346fa84c8a9c4b710750f-centered-chain1"", ""d48261262e734ff9c6668522b9987e6b972673a6c65346fa84c8a9c4b710750f-centered-chain2"", ""d48261262e734ff9c6668522b9987e6b972673a6c65346fa84c8a9c4b710750f-centered-chain3"", ""d48261262e734ff9c6668522b9987e6b972673a6c65346fa84c8a9c4b710750f-centered-chain4""]"	4	0	19605.86143144805	5.446072619846681	0	0
d48261262e734ff9c6668522b9987e6b972673a6c65346fa84c8a9c4b710750f-package	OG0000230	package	d48261262e734ff9c6668522b9987e6b972673a6c65346fa84c8a9c4b710750f	"[""d48261262e734ff9c6668522b9987e6b972673a6c65346fa84c8a9c4b710750f-package-chain1"", ""d48261262e734ff9c6668522b9987e6b972673a6c65346fa84c8a9c4b710750f-package-chain2"", ""d48261262e734ff9c6668522b9987e6b972673a6c65346fa84c8a9c4b710750f-package-chain3"", ""d48261262e734ff9c6668522b9987e6b972673a6c65346fa84c8a9c4b710750f-package-chain4""]"	4	0	20543.761116582085	5.70660031016169	1	0
d7f0f2d2199cf9865658589f741cbb1dc1980d7615e27cc377d1fccc43386dd3-broad	OG0000095	broad	d7f0f2d2199cf9865658589f741cbb1dc1980d7615e27cc377d1fccc43386dd3	"[""d7f0f2d2199cf9865658589f741cbb1dc1980d7615e27cc377d1fccc43386dd3-broad-chain1"", ""d7f0f2d2199cf9865658589f741cbb1dc1980d7615e27cc377d1fccc43386dd3-broad-chain2"", ""d7f0f2d2199cf9865658589f741cbb1dc1980d7615e27cc377d1fccc43386dd3-broad-chain3"", ""d7f0f2d2199cf9865658589f741cbb1dc1980d7615e27cc377d1fccc43386dd3-broad-chain4""]"	4	0	66054.555829055	18.348487730293055	3	0
d7f0f2d2199cf9865658589f741cbb1dc1980d7615e27cc377d1fccc43386dd3-centered	OG0000095	centered	d7f0f2d2199cf9865658589f741cbb1dc1980d7615e27cc377d1fccc43386dd3	"[""d7f0f2d2199cf9865658589f741cbb1dc1980d7615e27cc377d1fccc43386dd3-centered-chain1"", ""d7f0f2d2199cf9865658589f741cbb1dc1980d7615e27cc377d1fccc43386dd3-centered-chain2"", ""d7f0f2d2199cf9865658589f741cbb1dc1980d7615e27cc377d1fccc43386dd3-centered-chain3"", ""d7f0f2d2199cf9865658589f741cbb1dc1980d7615e27cc377d1fccc43386dd3-centered-chain4""]"	4	0	59816.95220591605	16.615820057198903	0	0
d7f0f2d2199cf9865658589f741cbb1dc1980d7615e27cc377d1fccc43386dd3-package	OG0000095	package	d7f0f2d2199cf9865658589f741cbb1dc1980d7615e27cc377d1fccc43386dd3	"[""d7f0f2d2199cf9865658589f741cbb1dc1980d7615e27cc377d1fccc43386dd3-package-chain1"", ""d7f0f2d2199cf9865658589f741cbb1dc1980d7615e27cc377d1fccc43386dd3-package-chain2"", ""d7f0f2d2199cf9865658589f741cbb1dc1980d7615e27cc377d1fccc43386dd3-package-chain3"", ""d7f0f2d2199cf9865658589f741cbb1dc1980d7615e27cc377d1fccc43386dd3-package-chain4""]"	4	0	64610.2184940491	17.947282915013638	0	0
dddc40aa7f5306112e7a6632703f618d1bfe99b3132925cb2a97e686f76919de-broad	OG0000230	broad	dddc40aa7f5306112e7a6632703f618d1bfe99b3132925cb2a97e686f76919de	"[""dddc40aa7f5306112e7a6632703f618d1bfe99b3132925cb2a97e686f76919de-broad-chain1"", ""dddc40aa7f5306112e7a6632703f618d1bfe99b3132925cb2a97e686f76919de-broad-chain2"", ""dddc40aa7f5306112e7a6632703f618d1bfe99b3132925cb2a97e686f76919de-broad-chain3"", ""dddc40aa7f5306112e7a6632703f618d1bfe99b3132925cb2a97e686f76919de-broad-chain4""]"	4	0	19882.658582487085	5.522960717357524	1	0
dddc40aa7f5306112e7a6632703f618d1bfe99b3132925cb2a97e686f76919de-centered	OG0000230	centered	dddc40aa7f5306112e7a6632703f618d1bfe99b3132925cb2a97e686f76919de	"[""dddc40aa7f5306112e7a6632703f618d1bfe99b3132925cb2a97e686f76919de-centered-chain1"", ""dddc40aa7f5306112e7a6632703f618d1bfe99b3132925cb2a97e686f76919de-centered-chain2"", ""dddc40aa7f5306112e7a6632703f618d1bfe99b3132925cb2a97e686f76919de-centered-chain3"", ""dddc40aa7f5306112e7a6632703f618d1bfe99b3132925cb2a97e686f76919de-centered-chain4""]"	4	0	19268.057887272997	5.352238302020277	0	0
dddc40aa7f5306112e7a6632703f618d1bfe99b3132925cb2a97e686f76919de-package	OG0000230	package	dddc40aa7f5306112e7a6632703f618d1bfe99b3132925cb2a97e686f76919de	"[""dddc40aa7f5306112e7a6632703f618d1bfe99b3132925cb2a97e686f76919de-package-chain1"", ""dddc40aa7f5306112e7a6632703f618d1bfe99b3132925cb2a97e686f76919de-package-chain2"", ""dddc40aa7f5306112e7a6632703f618d1bfe99b3132925cb2a97e686f76919de-package-chain3"", ""dddc40aa7f5306112e7a6632703f618d1bfe99b3132925cb2a97e686f76919de-package-chain4""]"	4	0	20688.234782421903	5.746731884006084	1	0
de00bf6934869c99935bbeb94ed0ef1da2ab1a0e784f712111d942b97718a7d6-broad	OG0000230	broad	de00bf6934869c99935bbeb94ed0ef1da2ab1a0e784f712111d942b97718a7d6	"[""de00bf6934869c99935bbeb94ed0ef1da2ab1a0e784f712111d942b97718a7d6-broad-chain1"", ""de00bf6934869c99935bbeb94ed0ef1da2ab1a0e784f712111d942b97718a7d6-broad-chain2"", ""de00bf6934869c99935bbeb94ed0ef1da2ab1a0e784f712111d942b97718a7d6-broad-chain3"", ""de00bf6934869c99935bbeb94ed0ef1da2ab1a0e784f712111d942b97718a7d6-broad-chain4""]"	4	0	18774.109858409996	5.215030516224999	0	0
de00bf6934869c99935bbeb94ed0ef1da2ab1a0e784f712111d942b97718a7d6-centered	OG0000230	centered	de00bf6934869c99935bbeb94ed0ef1da2ab1a0e784f712111d942b97718a7d6	"[""de00bf6934869c99935bbeb94ed0ef1da2ab1a0e784f712111d942b97718a7d6-centered-chain1"", ""de00bf6934869c99935bbeb94ed0ef1da2ab1a0e784f712111d942b97718a7d6-centered-chain2"", ""de00bf6934869c99935bbeb94ed0ef1da2ab1a0e784f712111d942b97718a7d6-centered-chain3"", ""de00bf6934869c99935bbeb94ed0ef1da2ab1a0e784f712111d942b97718a7d6-centered-chain4""]"	4	0	19529.12650538	5.424757362605556	1	0
de00bf6934869c99935bbeb94ed0ef1da2ab1a0e784f712111d942b97718a7d6-package	OG0000230	package	de00bf6934869c99935bbeb94ed0ef1da2ab1a0e784f712111d942b97718a7d6	"[""de00bf6934869c99935bbeb94ed0ef1da2ab1a0e784f712111d942b97718a7d6-package-chain1"", ""de00bf6934869c99935bbeb94ed0ef1da2ab1a0e784f712111d942b97718a7d6-package-chain2"", ""de00bf6934869c99935bbeb94ed0ef1da2ab1a0e784f712111d942b97718a7d6-package-chain3"", ""de00bf6934869c99935bbeb94ed0ef1da2ab1a0e784f712111d942b97718a7d6-package-chain4""]"	4	0	20789.579053404042	5.774883070390012	1	0
e0b30b83349256d663e1bf7105509eabb477b3831ea51f0c497f88288721d9d9-broad	OG0000230	broad	e0b30b83349256d663e1bf7105509eabb477b3831ea51f0c497f88288721d9d9	"[""e0b30b83349256d663e1bf7105509eabb477b3831ea51f0c497f88288721d9d9-broad-chain1"", ""e0b30b83349256d663e1bf7105509eabb477b3831ea51f0c497f88288721d9d9-broad-chain2"", ""e0b30b83349256d663e1bf7105509eabb477b3831ea51f0c497f88288721d9d9-broad-chain3"", ""e0b30b83349256d663e1bf7105509eabb477b3831ea51f0c497f88288721d9d9-broad-chain4""]"	4	0	1223.671153708885	0.3399086538080236	0	0
e0b30b83349256d663e1bf7105509eabb477b3831ea51f0c497f88288721d9d9-centered	OG0000230	centered	e0b30b83349256d663e1bf7105509eabb477b3831ea51f0c497f88288721d9d9	"[""e0b30b83349256d663e1bf7105509eabb477b3831ea51f0c497f88288721d9d9-centered-chain1"", ""e0b30b83349256d663e1bf7105509eabb477b3831ea51f0c497f88288721d9d9-centered-chain2"", ""e0b30b83349256d663e1bf7105509eabb477b3831ea51f0c497f88288721d9d9-centered-chain3"", ""e0b30b83349256d663e1bf7105509eabb477b3831ea51f0c497f88288721d9d9-centered-chain4""]"	4	0	1183.7236431579804	0.328812123099439	0	0
e0b30b83349256d663e1bf7105509eabb477b3831ea51f0c497f88288721d9d9-package	OG0000230	package	e0b30b83349256d663e1bf7105509eabb477b3831ea51f0c497f88288721d9d9	"[""e0b30b83349256d663e1bf7105509eabb477b3831ea51f0c497f88288721d9d9-package-chain1"", ""e0b30b83349256d663e1bf7105509eabb477b3831ea51f0c497f88288721d9d9-package-chain2"", ""e0b30b83349256d663e1bf7105509eabb477b3831ea51f0c497f88288721d9d9-package-chain3"", ""e0b30b83349256d663e1bf7105509eabb477b3831ea51f0c497f88288721d9d9-package-chain4""]"	4	0	1470.5675565889687	0.4084909879413802	0	0
e0fa355880e8e91272745b5d4e61bef76a5803c85558991f53cf2783298c809c-broad	OG0000230	broad	e0fa355880e8e91272745b5d4e61bef76a5803c85558991f53cf2783298c809c	"[""e0fa355880e8e91272745b5d4e61bef76a5803c85558991f53cf2783298c809c-broad-chain1"", ""e0fa355880e8e91272745b5d4e61bef76a5803c85558991f53cf2783298c809c-broad-chain2"", ""e0fa355880e8e91272745b5d4e61bef76a5803c85558991f53cf2783298c809c-broad-chain3"", ""e0fa355880e8e91272745b5d4e61bef76a5803c85558991f53cf2783298c809c-broad-chain4""]"	4	0	1237.0262000979565	0.343618388916099	0	0
e0fa355880e8e91272745b5d4e61bef76a5803c85558991f53cf2783298c809c-centered	OG0000230	centered	e0fa355880e8e91272745b5d4e61bef76a5803c85558991f53cf2783298c809c	"[""e0fa355880e8e91272745b5d4e61bef76a5803c85558991f53cf2783298c809c-centered-chain1"", ""e0fa355880e8e91272745b5d4e61bef76a5803c85558991f53cf2783298c809c-centered-chain2"", ""e0fa355880e8e91272745b5d4e61bef76a5803c85558991f53cf2783298c809c-centered-chain3"", ""e0fa355880e8e91272745b5d4e61bef76a5803c85558991f53cf2783298c809c-centered-chain4""]"	4	0	1162.0328571890714	0.32278690477474203	0	0
e0fa355880e8e91272745b5d4e61bef76a5803c85558991f53cf2783298c809c-package	OG0000230	package	e0fa355880e8e91272745b5d4e61bef76a5803c85558991f53cf2783298c809c	"[""e0fa355880e8e91272745b5d4e61bef76a5803c85558991f53cf2783298c809c-package-chain1"", ""e0fa355880e8e91272745b5d4e61bef76a5803c85558991f53cf2783298c809c-package-chain2"", ""e0fa355880e8e91272745b5d4e61bef76a5803c85558991f53cf2783298c809c-package-chain3"", ""e0fa355880e8e91272745b5d4e61bef76a5803c85558991f53cf2783298c809c-package-chain4""]"	4	0	1366.6321605201229	0.379620044588923	0	0
e311ea6e4c52be0b0485bec99db388a18639a4aba6787e434aed84ab0c5217ea-broad	OG0000230	broad	e311ea6e4c52be0b0485bec99db388a18639a4aba6787e434aed84ab0c5217ea	"[""e311ea6e4c52be0b0485bec99db388a18639a4aba6787e434aed84ab0c5217ea-broad-chain1"", ""e311ea6e4c52be0b0485bec99db388a18639a4aba6787e434aed84ab0c5217ea-broad-chain2"", ""e311ea6e4c52be0b0485bec99db388a18639a4aba6787e434aed84ab0c5217ea-broad-chain3"", ""e311ea6e4c52be0b0485bec99db388a18639a4aba6787e434aed84ab0c5217ea-broad-chain4""]"	4	0	1191.8739350129908	0.33107609305916413	0	0
e311ea6e4c52be0b0485bec99db388a18639a4aba6787e434aed84ab0c5217ea-centered	OG0000230	centered	e311ea6e4c52be0b0485bec99db388a18639a4aba6787e434aed84ab0c5217ea	"[""e311ea6e4c52be0b0485bec99db388a18639a4aba6787e434aed84ab0c5217ea-centered-chain1"", ""e311ea6e4c52be0b0485bec99db388a18639a4aba6787e434aed84ab0c5217ea-centered-chain2"", ""e311ea6e4c52be0b0485bec99db388a18639a4aba6787e434aed84ab0c5217ea-centered-chain3"", ""e311ea6e4c52be0b0485bec99db388a18639a4aba6787e434aed84ab0c5217ea-centered-chain4""]"	4	0	1204.596718561079	0.3346101996002997	0	0
e311ea6e4c52be0b0485bec99db388a18639a4aba6787e434aed84ab0c5217ea-package	OG0000230	package	e311ea6e4c52be0b0485bec99db388a18639a4aba6787e434aed84ab0c5217ea	"[""e311ea6e4c52be0b0485bec99db388a18639a4aba6787e434aed84ab0c5217ea-package-chain1"", ""e311ea6e4c52be0b0485bec99db388a18639a4aba6787e434aed84ab0c5217ea-package-chain2"", ""e311ea6e4c52be0b0485bec99db388a18639a4aba6787e434aed84ab0c5217ea-package-chain3"", ""e311ea6e4c52be0b0485bec99db388a18639a4aba6787e434aed84ab0c5217ea-package-chain4""]"	4	0	1460.291725448973	0.4056365904024925	0	0
e350b566a9c0c9bcb6e81785d2994a59f4de291eb47b77ce575b6a8d659802f3-broad	OG0000095	broad	e350b566a9c0c9bcb6e81785d2994a59f4de291eb47b77ce575b6a8d659802f3	"[""e350b566a9c0c9bcb6e81785d2994a59f4de291eb47b77ce575b6a8d659802f3-broad-chain1"", ""e350b566a9c0c9bcb6e81785d2994a59f4de291eb47b77ce575b6a8d659802f3-broad-chain2"", ""e350b566a9c0c9bcb6e81785d2994a59f4de291eb47b77ce575b6a8d659802f3-broad-chain3"", ""e350b566a9c0c9bcb6e81785d2994a59f4de291eb47b77ce575b6a8d659802f3-broad-chain4""]"	4	0	5259.8028174590145	1.4610563381830595	0	0
e350b566a9c0c9bcb6e81785d2994a59f4de291eb47b77ce575b6a8d659802f3-centered	OG0000095	centered	e350b566a9c0c9bcb6e81785d2994a59f4de291eb47b77ce575b6a8d659802f3	"[""e350b566a9c0c9bcb6e81785d2994a59f4de291eb47b77ce575b6a8d659802f3-centered-chain1"", ""e350b566a9c0c9bcb6e81785d2994a59f4de291eb47b77ce575b6a8d659802f3-centered-chain2"", ""e350b566a9c0c9bcb6e81785d2994a59f4de291eb47b77ce575b6a8d659802f3-centered-chain3"", ""e350b566a9c0c9bcb6e81785d2994a59f4de291eb47b77ce575b6a8d659802f3-centered-chain4""]"	4	0	5013.426732875931	1.3926185369099808	0	0
e350b566a9c0c9bcb6e81785d2994a59f4de291eb47b77ce575b6a8d659802f3-package	OG0000095	package	e350b566a9c0c9bcb6e81785d2994a59f4de291eb47b77ce575b6a8d659802f3	"[""e350b566a9c0c9bcb6e81785d2994a59f4de291eb47b77ce575b6a8d659802f3-package-chain1"", ""e350b566a9c0c9bcb6e81785d2994a59f4de291eb47b77ce575b6a8d659802f3-package-chain2"", ""e350b566a9c0c9bcb6e81785d2994a59f4de291eb47b77ce575b6a8d659802f3-package-chain3"", ""e350b566a9c0c9bcb6e81785d2994a59f4de291eb47b77ce575b6a8d659802f3-package-chain4""]"	4	0	5900.902036806103	1.639139454668362	1	0
e399e6bd7e8ec2dddfb1fedcb48312555e36f39762a2e68ccc1d55eda13e82b4-broad	OG0000230	broad	e399e6bd7e8ec2dddfb1fedcb48312555e36f39762a2e68ccc1d55eda13e82b4	"[""e399e6bd7e8ec2dddfb1fedcb48312555e36f39762a2e68ccc1d55eda13e82b4-broad-chain1"", ""e399e6bd7e8ec2dddfb1fedcb48312555e36f39762a2e68ccc1d55eda13e82b4-broad-chain2"", ""e399e6bd7e8ec2dddfb1fedcb48312555e36f39762a2e68ccc1d55eda13e82b4-broad-chain3"", ""e399e6bd7e8ec2dddfb1fedcb48312555e36f39762a2e68ccc1d55eda13e82b4-broad-chain4""]"	4	0	1281.348305651045	0.35593008490306804	0	0
e399e6bd7e8ec2dddfb1fedcb48312555e36f39762a2e68ccc1d55eda13e82b4-centered	OG0000230	centered	e399e6bd7e8ec2dddfb1fedcb48312555e36f39762a2e68ccc1d55eda13e82b4	"[""e399e6bd7e8ec2dddfb1fedcb48312555e36f39762a2e68ccc1d55eda13e82b4-centered-chain1"", ""e399e6bd7e8ec2dddfb1fedcb48312555e36f39762a2e68ccc1d55eda13e82b4-centered-chain2"", ""e399e6bd7e8ec2dddfb1fedcb48312555e36f39762a2e68ccc1d55eda13e82b4-centered-chain3"", ""e399e6bd7e8ec2dddfb1fedcb48312555e36f39762a2e68ccc1d55eda13e82b4-centered-chain4""]"	4	0	1250.898114124022	0.34747169836778385	0	0
e399e6bd7e8ec2dddfb1fedcb48312555e36f39762a2e68ccc1d55eda13e82b4-package	OG0000230	package	e399e6bd7e8ec2dddfb1fedcb48312555e36f39762a2e68ccc1d55eda13e82b4	"[""e399e6bd7e8ec2dddfb1fedcb48312555e36f39762a2e68ccc1d55eda13e82b4-package-chain1"", ""e399e6bd7e8ec2dddfb1fedcb48312555e36f39762a2e68ccc1d55eda13e82b4-package-chain2"", ""e399e6bd7e8ec2dddfb1fedcb48312555e36f39762a2e68ccc1d55eda13e82b4-package-chain3"", ""e399e6bd7e8ec2dddfb1fedcb48312555e36f39762a2e68ccc1d55eda13e82b4-package-chain4""]"	4	0	1447.1601630070945	0.40198893416863735	0	0
e4ded1cbfe486641c6c81fe5b8528c8f1060f44b0346aac1368cfaf8cfaa0a8e-broad	OG0000230	broad	e4ded1cbfe486641c6c81fe5b8528c8f1060f44b0346aac1368cfaf8cfaa0a8e	"[""e4ded1cbfe486641c6c81fe5b8528c8f1060f44b0346aac1368cfaf8cfaa0a8e-broad-chain1"", ""e4ded1cbfe486641c6c81fe5b8528c8f1060f44b0346aac1368cfaf8cfaa0a8e-broad-chain2"", ""e4ded1cbfe486641c6c81fe5b8528c8f1060f44b0346aac1368cfaf8cfaa0a8e-broad-chain3"", ""e4ded1cbfe486641c6c81fe5b8528c8f1060f44b0346aac1368cfaf8cfaa0a8e-broad-chain4""]"	4	0	19885.782133637957	5.5238283704549875	1	0
e4ded1cbfe486641c6c81fe5b8528c8f1060f44b0346aac1368cfaf8cfaa0a8e-centered	OG0000230	centered	e4ded1cbfe486641c6c81fe5b8528c8f1060f44b0346aac1368cfaf8cfaa0a8e	"[""e4ded1cbfe486641c6c81fe5b8528c8f1060f44b0346aac1368cfaf8cfaa0a8e-centered-chain1"", ""e4ded1cbfe486641c6c81fe5b8528c8f1060f44b0346aac1368cfaf8cfaa0a8e-centered-chain2"", ""e4ded1cbfe486641c6c81fe5b8528c8f1060f44b0346aac1368cfaf8cfaa0a8e-centered-chain3"", ""e4ded1cbfe486641c6c81fe5b8528c8f1060f44b0346aac1368cfaf8cfaa0a8e-centered-chain4""]"	4	0	19534.22806515108	5.426174462541967	0	0
e4ded1cbfe486641c6c81fe5b8528c8f1060f44b0346aac1368cfaf8cfaa0a8e-package	OG0000230	package	e4ded1cbfe486641c6c81fe5b8528c8f1060f44b0346aac1368cfaf8cfaa0a8e	"[""e4ded1cbfe486641c6c81fe5b8528c8f1060f44b0346aac1368cfaf8cfaa0a8e-package-chain1"", ""e4ded1cbfe486641c6c81fe5b8528c8f1060f44b0346aac1368cfaf8cfaa0a8e-package-chain2"", ""e4ded1cbfe486641c6c81fe5b8528c8f1060f44b0346aac1368cfaf8cfaa0a8e-package-chain3"", ""e4ded1cbfe486641c6c81fe5b8528c8f1060f44b0346aac1368cfaf8cfaa0a8e-package-chain4""]"	4	0	20897.297557036043	5.8048048769544565	1	0
e50e1f6a4597a5f28c1c0bd957b600364372508556aada67a6f6624b0d5451c1-broad	OG0000107	broad	e50e1f6a4597a5f28c1c0bd957b600364372508556aada67a6f6624b0d5451c1	"[""e50e1f6a4597a5f28c1c0bd957b600364372508556aada67a6f6624b0d5451c1-broad-chain1"", ""e50e1f6a4597a5f28c1c0bd957b600364372508556aada67a6f6624b0d5451c1-broad-chain2"", ""e50e1f6a4597a5f28c1c0bd957b600364372508556aada67a6f6624b0d5451c1-broad-chain3"", ""e50e1f6a4597a5f28c1c0bd957b600364372508556aada67a6f6624b0d5451c1-broad-chain4""]"	4	0	370.0535797450575	0.10279266104029375	0	0
e50e1f6a4597a5f28c1c0bd957b600364372508556aada67a6f6624b0d5451c1-centered	OG0000107	centered	e50e1f6a4597a5f28c1c0bd957b600364372508556aada67a6f6624b0d5451c1	"[""e50e1f6a4597a5f28c1c0bd957b600364372508556aada67a6f6624b0d5451c1-centered-chain1"", ""e50e1f6a4597a5f28c1c0bd957b600364372508556aada67a6f6624b0d5451c1-centered-chain2"", ""e50e1f6a4597a5f28c1c0bd957b600364372508556aada67a6f6624b0d5451c1-centered-chain3"", ""e50e1f6a4597a5f28c1c0bd957b600364372508556aada67a6f6624b0d5451c1-centered-chain4""]"	4	0	338.2628670570557	0.0939619075158488	0	0
e50e1f6a4597a5f28c1c0bd957b600364372508556aada67a6f6624b0d5451c1-package	OG0000107	package	e50e1f6a4597a5f28c1c0bd957b600364372508556aada67a6f6624b0d5451c1	"[""e50e1f6a4597a5f28c1c0bd957b600364372508556aada67a6f6624b0d5451c1-package-chain1"", ""e50e1f6a4597a5f28c1c0bd957b600364372508556aada67a6f6624b0d5451c1-package-chain2"", ""e50e1f6a4597a5f28c1c0bd957b600364372508556aada67a6f6624b0d5451c1-package-chain3"", ""e50e1f6a4597a5f28c1c0bd957b600364372508556aada67a6f6624b0d5451c1-package-chain4""]"	4	0	367.8078797979397	0.10216885549942768	0	0
e9eb9a5b66c55828b5b34c7bf2d45a6e1162a2918ec6e6ca328d7ece95eb2233-broad	OG0000230	broad	e9eb9a5b66c55828b5b34c7bf2d45a6e1162a2918ec6e6ca328d7ece95eb2233	"[""e9eb9a5b66c55828b5b34c7bf2d45a6e1162a2918ec6e6ca328d7ece95eb2233-broad-chain1"", ""e9eb9a5b66c55828b5b34c7bf2d45a6e1162a2918ec6e6ca328d7ece95eb2233-broad-chain2"", ""e9eb9a5b66c55828b5b34c7bf2d45a6e1162a2918ec6e6ca328d7ece95eb2233-broad-chain3"", ""e9eb9a5b66c55828b5b34c7bf2d45a6e1162a2918ec6e6ca328d7ece95eb2233-broad-chain4""]"	4	0	20744.731540518987	5.762425427921941	2	0
e9eb9a5b66c55828b5b34c7bf2d45a6e1162a2918ec6e6ca328d7ece95eb2233-centered	OG0000230	centered	e9eb9a5b66c55828b5b34c7bf2d45a6e1162a2918ec6e6ca328d7ece95eb2233	"[""e9eb9a5b66c55828b5b34c7bf2d45a6e1162a2918ec6e6ca328d7ece95eb2233-centered-chain1"", ""e9eb9a5b66c55828b5b34c7bf2d45a6e1162a2918ec6e6ca328d7ece95eb2233-centered-chain2"", ""e9eb9a5b66c55828b5b34c7bf2d45a6e1162a2918ec6e6ca328d7ece95eb2233-centered-chain3"", ""e9eb9a5b66c55828b5b34c7bf2d45a6e1162a2918ec6e6ca328d7ece95eb2233-centered-chain4""]"	4	0	19404.972205621016	5.390270057116949	1	0
e9eb9a5b66c55828b5b34c7bf2d45a6e1162a2918ec6e6ca328d7ece95eb2233-package	OG0000230	package	e9eb9a5b66c55828b5b34c7bf2d45a6e1162a2918ec6e6ca328d7ece95eb2233	"[""e9eb9a5b66c55828b5b34c7bf2d45a6e1162a2918ec6e6ca328d7ece95eb2233-package-chain1"", ""e9eb9a5b66c55828b5b34c7bf2d45a6e1162a2918ec6e6ca328d7ece95eb2233-package-chain2"", ""e9eb9a5b66c55828b5b34c7bf2d45a6e1162a2918ec6e6ca328d7ece95eb2233-package-chain3"", ""e9eb9a5b66c55828b5b34c7bf2d45a6e1162a2918ec6e6ca328d7ece95eb2233-package-chain4""]"	4	0	20955.931115175947	5.821091976437763	0	0
ea22d64eeafa574cebc42efcdc9d3091d230a144316f1879fab6dc18243b441e-broad	OG0001200	broad	ea22d64eeafa574cebc42efcdc9d3091d230a144316f1879fab6dc18243b441e	"[""ea22d64eeafa574cebc42efcdc9d3091d230a144316f1879fab6dc18243b441e-broad-chain1"", ""ea22d64eeafa574cebc42efcdc9d3091d230a144316f1879fab6dc18243b441e-broad-chain2"", ""ea22d64eeafa574cebc42efcdc9d3091d230a144316f1879fab6dc18243b441e-broad-chain3"", ""ea22d64eeafa574cebc42efcdc9d3091d230a144316f1879fab6dc18243b441e-broad-chain4""]"	4	0	12662.752827552002	3.517431340986667	1	0
ea22d64eeafa574cebc42efcdc9d3091d230a144316f1879fab6dc18243b441e-centered	OG0001200	centered	ea22d64eeafa574cebc42efcdc9d3091d230a144316f1879fab6dc18243b441e	"[""ea22d64eeafa574cebc42efcdc9d3091d230a144316f1879fab6dc18243b441e-centered-chain1"", ""ea22d64eeafa574cebc42efcdc9d3091d230a144316f1879fab6dc18243b441e-centered-chain2"", ""ea22d64eeafa574cebc42efcdc9d3091d230a144316f1879fab6dc18243b441e-centered-chain3"", ""ea22d64eeafa574cebc42efcdc9d3091d230a144316f1879fab6dc18243b441e-centered-chain4""]"	4	0	12561.497846769897	3.4893049574360826	0	0
ea22d64eeafa574cebc42efcdc9d3091d230a144316f1879fab6dc18243b441e-package	OG0001200	package	ea22d64eeafa574cebc42efcdc9d3091d230a144316f1879fab6dc18243b441e	"[""ea22d64eeafa574cebc42efcdc9d3091d230a144316f1879fab6dc18243b441e-package-chain1"", ""ea22d64eeafa574cebc42efcdc9d3091d230a144316f1879fab6dc18243b441e-package-chain2"", ""ea22d64eeafa574cebc42efcdc9d3091d230a144316f1879fab6dc18243b441e-package-chain3"", ""ea22d64eeafa574cebc42efcdc9d3091d230a144316f1879fab6dc18243b441e-package-chain4""]"	4	0	13897.788468532905	3.8604967968146955	0	0
ea7898bcccea0c3bc3af9ffb9902be7963efe47b2489ca3ec94b39025c4c8fd1-broad	OG0000230	broad	ea7898bcccea0c3bc3af9ffb9902be7963efe47b2489ca3ec94b39025c4c8fd1	"[""ea7898bcccea0c3bc3af9ffb9902be7963efe47b2489ca3ec94b39025c4c8fd1-broad-chain1"", ""ea7898bcccea0c3bc3af9ffb9902be7963efe47b2489ca3ec94b39025c4c8fd1-broad-chain2"", ""ea7898bcccea0c3bc3af9ffb9902be7963efe47b2489ca3ec94b39025c4c8fd1-broad-chain3"", ""ea7898bcccea0c3bc3af9ffb9902be7963efe47b2489ca3ec94b39025c4c8fd1-broad-chain4""]"	4	0	1168.4717635989946	0.3245754898886096	0	0
ea7898bcccea0c3bc3af9ffb9902be7963efe47b2489ca3ec94b39025c4c8fd1-centered	OG0000230	centered	ea7898bcccea0c3bc3af9ffb9902be7963efe47b2489ca3ec94b39025c4c8fd1	"[""ea7898bcccea0c3bc3af9ffb9902be7963efe47b2489ca3ec94b39025c4c8fd1-centered-chain1"", ""ea7898bcccea0c3bc3af9ffb9902be7963efe47b2489ca3ec94b39025c4c8fd1-centered-chain2"", ""ea7898bcccea0c3bc3af9ffb9902be7963efe47b2489ca3ec94b39025c4c8fd1-centered-chain3"", ""ea7898bcccea0c3bc3af9ffb9902be7963efe47b2489ca3ec94b39025c4c8fd1-centered-chain4""]"	4	0	1218.810685260978	0.338558523683605	0	0
ea7898bcccea0c3bc3af9ffb9902be7963efe47b2489ca3ec94b39025c4c8fd1-package	OG0000230	package	ea7898bcccea0c3bc3af9ffb9902be7963efe47b2489ca3ec94b39025c4c8fd1	"[""ea7898bcccea0c3bc3af9ffb9902be7963efe47b2489ca3ec94b39025c4c8fd1-package-chain1"", ""ea7898bcccea0c3bc3af9ffb9902be7963efe47b2489ca3ec94b39025c4c8fd1-package-chain2"", ""ea7898bcccea0c3bc3af9ffb9902be7963efe47b2489ca3ec94b39025c4c8fd1-package-chain3"", ""ea7898bcccea0c3bc3af9ffb9902be7963efe47b2489ca3ec94b39025c4c8fd1-package-chain4""]"	4	0	1440.0194385639625	0.4000053996011007	0	0
ebd0daf8627503232ef77e66686f790074255ab46bddd544300f781deefd7af6-broad	OG0000107	broad	ebd0daf8627503232ef77e66686f790074255ab46bddd544300f781deefd7af6	"[""ebd0daf8627503232ef77e66686f790074255ab46bddd544300f781deefd7af6-broad-chain1"", ""ebd0daf8627503232ef77e66686f790074255ab46bddd544300f781deefd7af6-broad-chain2"", ""ebd0daf8627503232ef77e66686f790074255ab46bddd544300f781deefd7af6-broad-chain3"", ""ebd0daf8627503232ef77e66686f790074255ab46bddd544300f781deefd7af6-broad-chain4""]"	4	0	365.7735310639546	0.10160375862887627	0	0
ebd0daf8627503232ef77e66686f790074255ab46bddd544300f781deefd7af6-centered	OG0000107	centered	ebd0daf8627503232ef77e66686f790074255ab46bddd544300f781deefd7af6	"[""ebd0daf8627503232ef77e66686f790074255ab46bddd544300f781deefd7af6-centered-chain1"", ""ebd0daf8627503232ef77e66686f790074255ab46bddd544300f781deefd7af6-centered-chain2"", ""ebd0daf8627503232ef77e66686f790074255ab46bddd544300f781deefd7af6-centered-chain3"", ""ebd0daf8627503232ef77e66686f790074255ab46bddd544300f781deefd7af6-centered-chain4""]"	4	0	358.0559818970505	0.09945999497140293	0	0
ebd0daf8627503232ef77e66686f790074255ab46bddd544300f781deefd7af6-package	OG0000107	package	ebd0daf8627503232ef77e66686f790074255ab46bddd544300f781deefd7af6	"[""ebd0daf8627503232ef77e66686f790074255ab46bddd544300f781deefd7af6-package-chain1"", ""ebd0daf8627503232ef77e66686f790074255ab46bddd544300f781deefd7af6-package-chain2"", ""ebd0daf8627503232ef77e66686f790074255ab46bddd544300f781deefd7af6-package-chain3"", ""ebd0daf8627503232ef77e66686f790074255ab46bddd544300f781deefd7af6-package-chain4""]"	4	0	382.64858333813027	0.10629127314948063	0	0
ed59365af7653bbb9df8be7bc884f0b32e70d19bf539011dd4102bfe4a379ba5-broad	OG0000230	broad	ed59365af7653bbb9df8be7bc884f0b32e70d19bf539011dd4102bfe4a379ba5	"[""ed59365af7653bbb9df8be7bc884f0b32e70d19bf539011dd4102bfe4a379ba5-broad-chain1"", ""ed59365af7653bbb9df8be7bc884f0b32e70d19bf539011dd4102bfe4a379ba5-broad-chain2"", ""ed59365af7653bbb9df8be7bc884f0b32e70d19bf539011dd4102bfe4a379ba5-broad-chain3"", ""ed59365af7653bbb9df8be7bc884f0b32e70d19bf539011dd4102bfe4a379ba5-broad-chain4""]"	4	0	1269.6105545339524	0.3526695984816534	0	0
ed59365af7653bbb9df8be7bc884f0b32e70d19bf539011dd4102bfe4a379ba5-centered	OG0000230	centered	ed59365af7653bbb9df8be7bc884f0b32e70d19bf539011dd4102bfe4a379ba5	"[""ed59365af7653bbb9df8be7bc884f0b32e70d19bf539011dd4102bfe4a379ba5-centered-chain1"", ""ed59365af7653bbb9df8be7bc884f0b32e70d19bf539011dd4102bfe4a379ba5-centered-chain2"", ""ed59365af7653bbb9df8be7bc884f0b32e70d19bf539011dd4102bfe4a379ba5-centered-chain3"", ""ed59365af7653bbb9df8be7bc884f0b32e70d19bf539011dd4102bfe4a379ba5-centered-chain4""]"	4	0	1206.8781284900033	0.33524392458055646	0	0
ed59365af7653bbb9df8be7bc884f0b32e70d19bf539011dd4102bfe4a379ba5-package	OG0000230	package	ed59365af7653bbb9df8be7bc884f0b32e70d19bf539011dd4102bfe4a379ba5	"[""ed59365af7653bbb9df8be7bc884f0b32e70d19bf539011dd4102bfe4a379ba5-package-chain1"", ""ed59365af7653bbb9df8be7bc884f0b32e70d19bf539011dd4102bfe4a379ba5-package-chain2"", ""ed59365af7653bbb9df8be7bc884f0b32e70d19bf539011dd4102bfe4a379ba5-package-chain3"", ""ed59365af7653bbb9df8be7bc884f0b32e70d19bf539011dd4102bfe4a379ba5-package-chain4""]"	4	0	1480.4203471340588	0.4112278742039052	0	0
ee43d9b73b1e7ae71724f2ecfb3bd89db80ddf4e0def00aa5359d698fa2a1c9d-broad	OG0000230	broad	ee43d9b73b1e7ae71724f2ecfb3bd89db80ddf4e0def00aa5359d698fa2a1c9d	"[""ee43d9b73b1e7ae71724f2ecfb3bd89db80ddf4e0def00aa5359d698fa2a1c9d-broad-chain1"", ""ee43d9b73b1e7ae71724f2ecfb3bd89db80ddf4e0def00aa5359d698fa2a1c9d-broad-chain2"", ""ee43d9b73b1e7ae71724f2ecfb3bd89db80ddf4e0def00aa5359d698fa2a1c9d-broad-chain3"", ""ee43d9b73b1e7ae71724f2ecfb3bd89db80ddf4e0def00aa5359d698fa2a1c9d-broad-chain4""]"	4	0	1181.2796159849968	0.3281332266624991	0	0
ee43d9b73b1e7ae71724f2ecfb3bd89db80ddf4e0def00aa5359d698fa2a1c9d-centered	OG0000230	centered	ee43d9b73b1e7ae71724f2ecfb3bd89db80ddf4e0def00aa5359d698fa2a1c9d	"[""ee43d9b73b1e7ae71724f2ecfb3bd89db80ddf4e0def00aa5359d698fa2a1c9d-centered-chain1"", ""ee43d9b73b1e7ae71724f2ecfb3bd89db80ddf4e0def00aa5359d698fa2a1c9d-centered-chain2"", ""ee43d9b73b1e7ae71724f2ecfb3bd89db80ddf4e0def00aa5359d698fa2a1c9d-centered-chain3"", ""ee43d9b73b1e7ae71724f2ecfb3bd89db80ddf4e0def00aa5359d698fa2a1c9d-centered-chain4""]"	4	0	1182.9776530629024	0.328604903628584	0	0
ee43d9b73b1e7ae71724f2ecfb3bd89db80ddf4e0def00aa5359d698fa2a1c9d-package	OG0000230	package	ee43d9b73b1e7ae71724f2ecfb3bd89db80ddf4e0def00aa5359d698fa2a1c9d	"[""ee43d9b73b1e7ae71724f2ecfb3bd89db80ddf4e0def00aa5359d698fa2a1c9d-package-chain1"", ""ee43d9b73b1e7ae71724f2ecfb3bd89db80ddf4e0def00aa5359d698fa2a1c9d-package-chain2"", ""ee43d9b73b1e7ae71724f2ecfb3bd89db80ddf4e0def00aa5359d698fa2a1c9d-package-chain3"", ""ee43d9b73b1e7ae71724f2ecfb3bd89db80ddf4e0def00aa5359d698fa2a1c9d-package-chain4""]"	4	0	1450.860055885918	0.40301668219053277	0	0
ee7d3a20a71ab71c1db8f98cf07790c82a1d63276ef3f10dd110a8eb29f3ec80-broad	OG0000230	broad	ee7d3a20a71ab71c1db8f98cf07790c82a1d63276ef3f10dd110a8eb29f3ec80	"[""ee7d3a20a71ab71c1db8f98cf07790c82a1d63276ef3f10dd110a8eb29f3ec80-broad-chain1"", ""ee7d3a20a71ab71c1db8f98cf07790c82a1d63276ef3f10dd110a8eb29f3ec80-broad-chain2"", ""ee7d3a20a71ab71c1db8f98cf07790c82a1d63276ef3f10dd110a8eb29f3ec80-broad-chain3"", ""ee7d3a20a71ab71c1db8f98cf07790c82a1d63276ef3f10dd110a8eb29f3ec80-broad-chain4""]"	4	0	20041.614570225007	5.567115158395835	1	0
ee7d3a20a71ab71c1db8f98cf07790c82a1d63276ef3f10dd110a8eb29f3ec80-centered	OG0000230	centered	ee7d3a20a71ab71c1db8f98cf07790c82a1d63276ef3f10dd110a8eb29f3ec80	"[""ee7d3a20a71ab71c1db8f98cf07790c82a1d63276ef3f10dd110a8eb29f3ec80-centered-chain1"", ""ee7d3a20a71ab71c1db8f98cf07790c82a1d63276ef3f10dd110a8eb29f3ec80-centered-chain2"", ""ee7d3a20a71ab71c1db8f98cf07790c82a1d63276ef3f10dd110a8eb29f3ec80-centered-chain3"", ""ee7d3a20a71ab71c1db8f98cf07790c82a1d63276ef3f10dd110a8eb29f3ec80-centered-chain4""]"	4	0	19719.29976515207	5.477583268097797	0	0
ee7d3a20a71ab71c1db8f98cf07790c82a1d63276ef3f10dd110a8eb29f3ec80-package	OG0000230	package	ee7d3a20a71ab71c1db8f98cf07790c82a1d63276ef3f10dd110a8eb29f3ec80	"[""ee7d3a20a71ab71c1db8f98cf07790c82a1d63276ef3f10dd110a8eb29f3ec80-package-chain1"", ""ee7d3a20a71ab71c1db8f98cf07790c82a1d63276ef3f10dd110a8eb29f3ec80-package-chain2"", ""ee7d3a20a71ab71c1db8f98cf07790c82a1d63276ef3f10dd110a8eb29f3ec80-package-chain3"", ""ee7d3a20a71ab71c1db8f98cf07790c82a1d63276ef3f10dd110a8eb29f3ec80-package-chain4""]"	4	0	20299.84469419089	5.638845748386359	0	0
eea36a0c4b9091dfe11d85825d87f9d2c17239ee3d39bdd739a6e4dc94b9f62a-broad	OG0000107	broad	eea36a0c4b9091dfe11d85825d87f9d2c17239ee3d39bdd739a6e4dc94b9f62a	"[""eea36a0c4b9091dfe11d85825d87f9d2c17239ee3d39bdd739a6e4dc94b9f62a-broad-chain1"", ""eea36a0c4b9091dfe11d85825d87f9d2c17239ee3d39bdd739a6e4dc94b9f62a-broad-chain2"", ""eea36a0c4b9091dfe11d85825d87f9d2c17239ee3d39bdd739a6e4dc94b9f62a-broad-chain3"", ""eea36a0c4b9091dfe11d85825d87f9d2c17239ee3d39bdd739a6e4dc94b9f62a-broad-chain4""]"	4	0	13937.132187527022	3.871425607646395	1	0
eea36a0c4b9091dfe11d85825d87f9d2c17239ee3d39bdd739a6e4dc94b9f62a-centered	OG0000107	centered	eea36a0c4b9091dfe11d85825d87f9d2c17239ee3d39bdd739a6e4dc94b9f62a	"[""eea36a0c4b9091dfe11d85825d87f9d2c17239ee3d39bdd739a6e4dc94b9f62a-centered-chain1"", ""eea36a0c4b9091dfe11d85825d87f9d2c17239ee3d39bdd739a6e4dc94b9f62a-centered-chain2"", ""eea36a0c4b9091dfe11d85825d87f9d2c17239ee3d39bdd739a6e4dc94b9f62a-centered-chain3"", ""eea36a0c4b9091dfe11d85825d87f9d2c17239ee3d39bdd739a6e4dc94b9f62a-centered-chain4""]"	4	0	14125.802029389044	3.9238338970525124	0	0
eea36a0c4b9091dfe11d85825d87f9d2c17239ee3d39bdd739a6e4dc94b9f62a-package	OG0000107	package	eea36a0c4b9091dfe11d85825d87f9d2c17239ee3d39bdd739a6e4dc94b9f62a	"[""eea36a0c4b9091dfe11d85825d87f9d2c17239ee3d39bdd739a6e4dc94b9f62a-package-chain1"", ""eea36a0c4b9091dfe11d85825d87f9d2c17239ee3d39bdd739a6e4dc94b9f62a-package-chain2"", ""eea36a0c4b9091dfe11d85825d87f9d2c17239ee3d39bdd739a6e4dc94b9f62a-package-chain3"", ""eea36a0c4b9091dfe11d85825d87f9d2c17239ee3d39bdd739a6e4dc94b9f62a-package-chain4""]"	4	0	15052.725657611038	4.181312682669732	0	0
f3eb1d38fbc4a146028eb9378ab6e28af8c4b12304655d865c7d7642e01c8582-broad	OG0002650	broad	f3eb1d38fbc4a146028eb9378ab6e28af8c4b12304655d865c7d7642e01c8582	"[""f3eb1d38fbc4a146028eb9378ab6e28af8c4b12304655d865c7d7642e01c8582-broad-chain1"", ""f3eb1d38fbc4a146028eb9378ab6e28af8c4b12304655d865c7d7642e01c8582-broad-chain2"", ""f3eb1d38fbc4a146028eb9378ab6e28af8c4b12304655d865c7d7642e01c8582-broad-chain3"", ""f3eb1d38fbc4a146028eb9378ab6e28af8c4b12304655d865c7d7642e01c8582-broad-chain4""]"	4	0	1457.155429098988	0.4047653969719411	0	0
f3eb1d38fbc4a146028eb9378ab6e28af8c4b12304655d865c7d7642e01c8582-centered	OG0002650	centered	f3eb1d38fbc4a146028eb9378ab6e28af8c4b12304655d865c7d7642e01c8582	"[""f3eb1d38fbc4a146028eb9378ab6e28af8c4b12304655d865c7d7642e01c8582-centered-chain1"", ""f3eb1d38fbc4a146028eb9378ab6e28af8c4b12304655d865c7d7642e01c8582-centered-chain2"", ""f3eb1d38fbc4a146028eb9378ab6e28af8c4b12304655d865c7d7642e01c8582-centered-chain3"", ""f3eb1d38fbc4a146028eb9378ab6e28af8c4b12304655d865c7d7642e01c8582-centered-chain4""]"	4	0	1496.605480605096	0.4157237446125267	0	0
f3eb1d38fbc4a146028eb9378ab6e28af8c4b12304655d865c7d7642e01c8582-package	OG0002650	package	f3eb1d38fbc4a146028eb9378ab6e28af8c4b12304655d865c7d7642e01c8582	"[""f3eb1d38fbc4a146028eb9378ab6e28af8c4b12304655d865c7d7642e01c8582-package-chain1"", ""f3eb1d38fbc4a146028eb9378ab6e28af8c4b12304655d865c7d7642e01c8582-package-chain2"", ""f3eb1d38fbc4a146028eb9378ab6e28af8c4b12304655d865c7d7642e01c8582-package-chain3"", ""f3eb1d38fbc4a146028eb9378ab6e28af8c4b12304655d865c7d7642e01c8582-package-chain4""]"	4	0	1595.8048529960797	0.4432791258322444	1	0
f49fcdd62941a8feb53f4197fb40b12f6ddd70505ac8322997701b49986ddc39-broad	OG0000294	broad	f49fcdd62941a8feb53f4197fb40b12f6ddd70505ac8322997701b49986ddc39	"[""f49fcdd62941a8feb53f4197fb40b12f6ddd70505ac8322997701b49986ddc39-broad-chain1"", ""f49fcdd62941a8feb53f4197fb40b12f6ddd70505ac8322997701b49986ddc39-broad-chain2"", ""f49fcdd62941a8feb53f4197fb40b12f6ddd70505ac8322997701b49986ddc39-broad-chain3"", ""f49fcdd62941a8feb53f4197fb40b12f6ddd70505ac8322997701b49986ddc39-broad-chain4""]"	4	0	875.7152244569443	0.24325422901581786	0	0
f49fcdd62941a8feb53f4197fb40b12f6ddd70505ac8322997701b49986ddc39-centered	OG0000294	centered	f49fcdd62941a8feb53f4197fb40b12f6ddd70505ac8322997701b49986ddc39	"[""f49fcdd62941a8feb53f4197fb40b12f6ddd70505ac8322997701b49986ddc39-centered-chain1"", ""f49fcdd62941a8feb53f4197fb40b12f6ddd70505ac8322997701b49986ddc39-centered-chain2"", ""f49fcdd62941a8feb53f4197fb40b12f6ddd70505ac8322997701b49986ddc39-centered-chain3"", ""f49fcdd62941a8feb53f4197fb40b12f6ddd70505ac8322997701b49986ddc39-centered-chain4""]"	4	0	850.6080700690509	0.23628001946362526	0	0
f49fcdd62941a8feb53f4197fb40b12f6ddd70505ac8322997701b49986ddc39-package	OG0000294	package	f49fcdd62941a8feb53f4197fb40b12f6ddd70505ac8322997701b49986ddc39	"[""f49fcdd62941a8feb53f4197fb40b12f6ddd70505ac8322997701b49986ddc39-package-chain1"", ""f49fcdd62941a8feb53f4197fb40b12f6ddd70505ac8322997701b49986ddc39-package-chain2"", ""f49fcdd62941a8feb53f4197fb40b12f6ddd70505ac8322997701b49986ddc39-package-chain3"", ""f49fcdd62941a8feb53f4197fb40b12f6ddd70505ac8322997701b49986ddc39-package-chain4""]"	4	0	974.5084908260615	0.2706968030072393	0	0
f5f8fb07c7d692818de104aa35d0ef848f99b5b1737e4073b41e83506c76f65b-broad	OG0000152	broad	f5f8fb07c7d692818de104aa35d0ef848f99b5b1737e4073b41e83506c76f65b	"[""f5f8fb07c7d692818de104aa35d0ef848f99b5b1737e4073b41e83506c76f65b-broad-chain1"", ""f5f8fb07c7d692818de104aa35d0ef848f99b5b1737e4073b41e83506c76f65b-broad-chain2"", ""f5f8fb07c7d692818de104aa35d0ef848f99b5b1737e4073b41e83506c76f65b-broad-chain3"", ""f5f8fb07c7d692818de104aa35d0ef848f99b5b1737e4073b41e83506c76f65b-broad-chain4""]"	4	0	285.3362534219923	0.07926007039499786	0	0
f5f8fb07c7d692818de104aa35d0ef848f99b5b1737e4073b41e83506c76f65b-centered	OG0000152	centered	f5f8fb07c7d692818de104aa35d0ef848f99b5b1737e4073b41e83506c76f65b	"[""f5f8fb07c7d692818de104aa35d0ef848f99b5b1737e4073b41e83506c76f65b-centered-chain1"", ""f5f8fb07c7d692818de104aa35d0ef848f99b5b1737e4073b41e83506c76f65b-centered-chain2"", ""f5f8fb07c7d692818de104aa35d0ef848f99b5b1737e4073b41e83506c76f65b-centered-chain3"", ""f5f8fb07c7d692818de104aa35d0ef848f99b5b1737e4073b41e83506c76f65b-centered-chain4""]"	4	0	265.7667592569487	0.07382409979359686	0	0
f5f8fb07c7d692818de104aa35d0ef848f99b5b1737e4073b41e83506c76f65b-package	OG0000152	package	f5f8fb07c7d692818de104aa35d0ef848f99b5b1737e4073b41e83506c76f65b	"[""f5f8fb07c7d692818de104aa35d0ef848f99b5b1737e4073b41e83506c76f65b-package-chain1"", ""f5f8fb07c7d692818de104aa35d0ef848f99b5b1737e4073b41e83506c76f65b-package-chain2"", ""f5f8fb07c7d692818de104aa35d0ef848f99b5b1737e4073b41e83506c76f65b-package-chain3"", ""f5f8fb07c7d692818de104aa35d0ef848f99b5b1737e4073b41e83506c76f65b-package-chain4""]"	4	0	291.9103846750804	0.08108621796530012	0	0
f9afda0ec2543df1e855aaf3048fa302b415440ce828b14ec71d8e686cb6b0f0-broad	OG0000972	broad	f9afda0ec2543df1e855aaf3048fa302b415440ce828b14ec71d8e686cb6b0f0	"[""f9afda0ec2543df1e855aaf3048fa302b415440ce828b14ec71d8e686cb6b0f0-broad-chain1"", ""f9afda0ec2543df1e855aaf3048fa302b415440ce828b14ec71d8e686cb6b0f0-broad-chain2"", ""f9afda0ec2543df1e855aaf3048fa302b415440ce828b14ec71d8e686cb6b0f0-broad-chain3"", ""f9afda0ec2543df1e855aaf3048fa302b415440ce828b14ec71d8e686cb6b0f0-broad-chain4""]"	4	0	308056.68324297405	85.57130090082613	3	0
f9afda0ec2543df1e855aaf3048fa302b415440ce828b14ec71d8e686cb6b0f0-centered	OG0000972	centered	f9afda0ec2543df1e855aaf3048fa302b415440ce828b14ec71d8e686cb6b0f0	"[""f9afda0ec2543df1e855aaf3048fa302b415440ce828b14ec71d8e686cb6b0f0-centered-chain1"", ""f9afda0ec2543df1e855aaf3048fa302b415440ce828b14ec71d8e686cb6b0f0-centered-chain2"", ""f9afda0ec2543df1e855aaf3048fa302b415440ce828b14ec71d8e686cb6b0f0-centered-chain3"", ""f9afda0ec2543df1e855aaf3048fa302b415440ce828b14ec71d8e686cb6b0f0-centered-chain4""]"	4	0	313490.21288357896	87.08061468988305	2	1
f9afda0ec2543df1e855aaf3048fa302b415440ce828b14ec71d8e686cb6b0f0-package	OG0000972	package	f9afda0ec2543df1e855aaf3048fa302b415440ce828b14ec71d8e686cb6b0f0	"[""f9afda0ec2543df1e855aaf3048fa302b415440ce828b14ec71d8e686cb6b0f0-package-chain1"", ""f9afda0ec2543df1e855aaf3048fa302b415440ce828b14ec71d8e686cb6b0f0-package-chain2"", ""f9afda0ec2543df1e855aaf3048fa302b415440ce828b14ec71d8e686cb6b0f0-package-chain3"", ""f9afda0ec2543df1e855aaf3048fa302b415440ce828b14ec71d8e686cb6b0f0-package-chain4""]"	4	0	314071.97176853096	87.24221438014749	1	0
fe6763778119c9da3420be2ef2d5292162e41577b71493c0c9a80f874673a98d-broad	OG0000230	broad	fe6763778119c9da3420be2ef2d5292162e41577b71493c0c9a80f874673a98d	"[""fe6763778119c9da3420be2ef2d5292162e41577b71493c0c9a80f874673a98d-broad-chain1"", ""fe6763778119c9da3420be2ef2d5292162e41577b71493c0c9a80f874673a98d-broad-chain2"", ""fe6763778119c9da3420be2ef2d5292162e41577b71493c0c9a80f874673a98d-broad-chain3"", ""fe6763778119c9da3420be2ef2d5292162e41577b71493c0c9a80f874673a98d-broad-chain4""]"	4	0	1212.6575077369926	0.33684930770472016	0	0
fe6763778119c9da3420be2ef2d5292162e41577b71493c0c9a80f874673a98d-centered	OG0000230	centered	fe6763778119c9da3420be2ef2d5292162e41577b71493c0c9a80f874673a98d	"[""fe6763778119c9da3420be2ef2d5292162e41577b71493c0c9a80f874673a98d-centered-chain1"", ""fe6763778119c9da3420be2ef2d5292162e41577b71493c0c9a80f874673a98d-centered-chain2"", ""fe6763778119c9da3420be2ef2d5292162e41577b71493c0c9a80f874673a98d-centered-chain3"", ""fe6763778119c9da3420be2ef2d5292162e41577b71493c0c9a80f874673a98d-centered-chain4""]"	4	0	1201.0479603860294	0.33362443344056375	0	0
fe6763778119c9da3420be2ef2d5292162e41577b71493c0c9a80f874673a98d-package	OG0000230	package	fe6763778119c9da3420be2ef2d5292162e41577b71493c0c9a80f874673a98d	"[""fe6763778119c9da3420be2ef2d5292162e41577b71493c0c9a80f874673a98d-package-chain1"", ""fe6763778119c9da3420be2ef2d5292162e41577b71493c0c9a80f874673a98d-package-chain2"", ""fe6763778119c9da3420be2ef2d5292162e41577b71493c0c9a80f874673a98d-package-chain3"", ""fe6763778119c9da3420be2ef2d5292162e41577b71493c0c9a80f874673a98d-package-chain4""]"	4	0	1334.3733360400656	0.37065926001112937	0	0
