model_input_identity	effective_input_group	prior	family	proteins	original_configuration_ids	chain_ids	seeds	checked_chains	failed_chains	allocation_notice_chains	cutoff	disposition	scalar_draws_per_chain	saved_state_draws_per_chain	scalar_variables	scalar_pass_only	scalar_mixing_review	scalar_constant_review	every_scalar_screen_pass	length_variables	length_pass_only	length_mixing_review	length_constant_review	every_length_screen_pass	categorical_coordinates	categorical_patterns	coordinate_indicator_pass_only	coordinate_mixing_review	coordinate_no_variation_review	pattern_indicator_pass_only	pattern_mixing_review	pattern_no_variation_review	scientific_eligibility
00b9b6eba0393f9cb0a750d2c36c6e3668218771fa9e056864fac67cc8d73259-broad	00b9b6eba0393f9cb0a750d2c36c6e3668218771fa9e056864fac67cc8d73259	broad	OG0000230	24	"[""OG0000230-whole-mafft-floor1e-07-resolution2"",""OG0000230-whole-famsa-floor1e-07-resolution2""]"	"[""00b9b6eba0393f9cb0a750d2c36c6e3668218771fa9e056864fac67cc8d73259-broad-chain1"",""00b9b6eba0393f9cb0a750d2c36c6e3668218771fa9e056864fac67cc8d73259-broad-chain2"",""00b9b6eba0393f9cb0a750d2c36c6e3668218771fa9e056864fac67cc8d73259-broad-chain3"",""00b9b6eba0393f9cb0a750d2c36c6e3668218771fa9e056864fac67cc8d73259-broad-chain4""]"	[20261001, 20261002, 20261003, 20261004]	4	0	0	250	diagnostics_complete_requires_mixing_review	750	75	37	1	36	0	0	4	0	1	3	0	63296	2204	0	29781	33515	0	2183	21	0
00b9b6eba0393f9cb0a750d2c36c6e3668218771fa9e056864fac67cc8d73259-broad	00b9b6eba0393f9cb0a750d2c36c6e3668218771fa9e056864fac67cc8d73259	broad	OG0000230	24	"[""OG0000230-whole-mafft-floor1e-07-resolution2"",""OG0000230-whole-famsa-floor1e-07-resolution2""]"	"[""00b9b6eba0393f9cb0a750d2c36c6e3668218771fa9e056864fac67cc8d73259-broad-chain1"",""00b9b6eba0393f9cb0a750d2c36c6e3668218771fa9e056864fac67cc8d73259-broad-chain2"",""00b9b6eba0393f9cb0a750d2c36c6e3668218771fa9e056864fac67cc8d73259-broad-chain3"",""00b9b6eba0393f9cb0a750d2c36c6e3668218771fa9e056864fac67cc8d73259-broad-chain4""]"	[20261001, 20261002, 20261003, 20261004]	4	0	0	500	diagnostics_complete_requires_mixing_review	500	50	37	2	35	0	0	4	0	1	3	0	63296	2036	0	27464	35832	0	2015	21	0
00b9b6eba0393f9cb0a750d2c36c6e3668218771fa9e056864fac67cc8d73259-centered	00b9b6eba0393f9cb0a750d2c36c6e3668218771fa9e056864fac67cc8d73259	centered	OG0000230	24	"[""OG0000230-whole-mafft-floor1e-07-resolution2"",""OG0000230-whole-famsa-floor1e-07-resolution2""]"	"[""00b9b6eba0393f9cb0a750d2c36c6e3668218771fa9e056864fac67cc8d73259-centered-chain1"",""00b9b6eba0393f9cb0a750d2c36c6e3668218771fa9e056864fac67cc8d73259-centered-chain2"",""00b9b6eba0393f9cb0a750d2c36c6e3668218771fa9e056864fac67cc8d73259-centered-chain3"",""00b9b6eba0393f9cb0a750d2c36c6e3668218771fa9e056864fac67cc8d73259-centered-chain4""]"	[20261005, 20261006, 20261007, 20261008]	4	0	0	250	diagnostics_complete_requires_mixing_review	750	75	37	0	37	0	0	4	0	1	3	0	63296	2165	0	25626	37670	0	2144	21	0
00b9b6eba0393f9cb0a750d2c36c6e3668218771fa9e056864fac67cc8d73259-centered	00b9b6eba0393f9cb0a750d2c36c6e3668218771fa9e056864fac67cc8d73259	centered	OG0000230	24	"[""OG0000230-whole-mafft-floor1e-07-resolution2"",""OG0000230-whole-famsa-floor1e-07-resolution2""]"	"[""00b9b6eba0393f9cb0a750d2c36c6e3668218771fa9e056864fac67cc8d73259-centered-chain1"",""00b9b6eba0393f9cb0a750d2c36c6e3668218771fa9e056864fac67cc8d73259-centered-chain2"",""00b9b6eba0393f9cb0a750d2c36c6e3668218771fa9e056864fac67cc8d73259-centered-chain3"",""00b9b6eba0393f9cb0a750d2c36c6e3668218771fa9e056864fac67cc8d73259-centered-chain4""]"	[20261005, 20261006, 20261007, 20261008]	4	0	0	500	diagnostics_complete_requires_mixing_review	500	50	37	0	37	0	0	4	0	1	3	0	63296	2020	0	24381	38915	0	1999	21	0
00b9b6eba0393f9cb0a750d2c36c6e3668218771fa9e056864fac67cc8d73259-package	00b9b6eba0393f9cb0a750d2c36c6e3668218771fa9e056864fac67cc8d73259	package	OG0000230	24	"[""OG0000230-whole-mafft-floor1e-07-resolution2"",""OG0000230-whole-famsa-floor1e-07-resolution2""]"	"[""00b9b6eba0393f9cb0a750d2c36c6e3668218771fa9e056864fac67cc8d73259-package-chain1"",""00b9b6eba0393f9cb0a750d2c36c6e3668218771fa9e056864fac67cc8d73259-package-chain2"",""00b9b6eba0393f9cb0a750d2c36c6e3668218771fa9e056864fac67cc8d73259-package-chain3"",""00b9b6eba0393f9cb0a750d2c36c6e3668218771fa9e056864fac67cc8d73259-package-chain4""]"	[20261009, 20261010, 20261011, 20261012]	4	0	0	250	diagnostics_complete_requires_mixing_review	750	75	37	0	37	0	0	4	0	1	3	0	63296	2096	0	24649	38647	0	2075	21	0
00b9b6eba0393f9cb0a750d2c36c6e3668218771fa9e056864fac67cc8d73259-package	00b9b6eba0393f9cb0a750d2c36c6e3668218771fa9e056864fac67cc8d73259	package	OG0000230	24	"[""OG0000230-whole-mafft-floor1e-07-resolution2"",""OG0000230-whole-famsa-floor1e-07-resolution2""]"	"[""00b9b6eba0393f9cb0a750d2c36c6e3668218771fa9e056864fac67cc8d73259-package-chain1"",""00b9b6eba0393f9cb0a750d2c36c6e3668218771fa9e056864fac67cc8d73259-package-chain2"",""00b9b6eba0393f9cb0a750d2c36c6e3668218771fa9e056864fac67cc8d73259-package-chain3"",""00b9b6eba0393f9cb0a750d2c36c6e3668218771fa9e056864fac67cc8d73259-package-chain4""]"	[20261009, 20261010, 20261011, 20261012]	4	0	0	500	diagnostics_complete_requires_mixing_review	500	50	37	0	37	0	0	4	0	1	3	0	63296	1931	0	23258	40038	0	1910	21	0
00dd3ee668f2513cae7e61de1e8c360e66cf58bb6dd3a66751d8e1cd82dcca3b-broad	00dd3ee668f2513cae7e61de1e8c360e66cf58bb6dd3a66751d8e1cd82dcca3b	broad	OG0000972	563	"[""OG0000972-envelope-mafft-floor1e-07-resolution0"",""OG0000972-envelope-famsa-floor1e-07-resolution0""]"	"[""00dd3ee668f2513cae7e61de1e8c360e66cf58bb6dd3a66751d8e1cd82dcca3b-broad-chain1"",""00dd3ee668f2513cae7e61de1e8c360e66cf58bb6dd3a66751d8e1cd82dcca3b-broad-chain2"",""00dd3ee668f2513cae7e61de1e8c360e66cf58bb6dd3a66751d8e1cd82dcca3b-broad-chain3"",""00dd3ee668f2513cae7e61de1e8c360e66cf58bb6dd3a66751d8e1cd82dcca3b-broad-chain4""]"	[20261013, 20261014, 20261015, 20261016]	4	0	0	250	diagnostics_complete_requires_mixing_review	750	75	37	0	37	0	0	4	0	2	2	0	526620	8390	0	255520	271100	0	8369	21	0
00dd3ee668f2513cae7e61de1e8c360e66cf58bb6dd3a66751d8e1cd82dcca3b-broad	00dd3ee668f2513cae7e61de1e8c360e66cf58bb6dd3a66751d8e1cd82dcca3b	broad	OG0000972	563	"[""OG0000972-envelope-mafft-floor1e-07-resolution0"",""OG0000972-envelope-famsa-floor1e-07-resolution0""]"	"[""00dd3ee668f2513cae7e61de1e8c360e66cf58bb6dd3a66751d8e1cd82dcca3b-broad-chain1"",""00dd3ee668f2513cae7e61de1e8c360e66cf58bb6dd3a66751d8e1cd82dcca3b-broad-chain2"",""00dd3ee668f2513cae7e61de1e8c360e66cf58bb6dd3a66751d8e1cd82dcca3b-broad-chain3"",""00dd3ee668f2513cae7e61de1e8c360e66cf58bb6dd3a66751d8e1cd82dcca3b-broad-chain4""]"	[20261013, 20261014, 20261015, 20261016]	4	0	0	500	diagnostics_complete_requires_mixing_review	500	50	37	1	36	0	0	4	0	2	2	0	526620	7179	0	237241	289379	0	7158	21	0
00dd3ee668f2513cae7e61de1e8c360e66cf58bb6dd3a66751d8e1cd82dcca3b-centered	00dd3ee668f2513cae7e61de1e8c360e66cf58bb6dd3a66751d8e1cd82dcca3b	centered	OG0000972	563	"[""OG0000972-envelope-mafft-floor1e-07-resolution0"",""OG0000972-envelope-famsa-floor1e-07-resolution0""]"	"[""00dd3ee668f2513cae7e61de1e8c360e66cf58bb6dd3a66751d8e1cd82dcca3b-centered-chain1"",""00dd3ee668f2513cae7e61de1e8c360e66cf58bb6dd3a66751d8e1cd82dcca3b-centered-chain2"",""00dd3ee668f2513cae7e61de1e8c360e66cf58bb6dd3a66751d8e1cd82dcca3b-centered-chain3"",""00dd3ee668f2513cae7e61de1e8c360e66cf58bb6dd3a66751d8e1cd82dcca3b-centered-chain4""]"	[20261017, 20261018, 20261019, 20261020]	4	0	0	250	diagnostics_complete_requires_mixing_review	750	75	37	1	36	0	0	4	0	2	2	0	526620	8504	0	252269	274351	0	8483	21	0
00dd3ee668f2513cae7e61de1e8c360e66cf58bb6dd3a66751d8e1cd82dcca3b-centered	00dd3ee668f2513cae7e61de1e8c360e66cf58bb6dd3a66751d8e1cd82dcca3b	centered	OG0000972	563	"[""OG0000972-envelope-mafft-floor1e-07-resolution0"",""OG0000972-envelope-famsa-floor1e-07-resolution0""]"	"[""00dd3ee668f2513cae7e61de1e8c360e66cf58bb6dd3a66751d8e1cd82dcca3b-centered-chain1"",""00dd3ee668f2513cae7e61de1e8c360e66cf58bb6dd3a66751d8e1cd82dcca3b-centered-chain2"",""00dd3ee668f2513cae7e61de1e8c360e66cf58bb6dd3a66751d8e1cd82dcca3b-centered-chain3"",""00dd3ee668f2513cae7e61de1e8c360e66cf58bb6dd3a66751d8e1cd82dcca3b-centered-chain4""]"	[20261017, 20261018, 20261019, 20261020]	4	0	0	500	diagnostics_complete_requires_mixing_review	500	50	37	1	36	0	0	4	0	2	2	0	526620	7169	0	235722	290898	0	7148	21	0
00dd3ee668f2513cae7e61de1e8c360e66cf58bb6dd3a66751d8e1cd82dcca3b-package	00dd3ee668f2513cae7e61de1e8c360e66cf58bb6dd3a66751d8e1cd82dcca3b	package	OG0000972	563	"[""OG0000972-envelope-mafft-floor1e-07-resolution0"",""OG0000972-envelope-famsa-floor1e-07-resolution0""]"	"[""00dd3ee668f2513cae7e61de1e8c360e66cf58bb6dd3a66751d8e1cd82dcca3b-package-chain1"",""00dd3ee668f2513cae7e61de1e8c360e66cf58bb6dd3a66751d8e1cd82dcca3b-package-chain2"",""00dd3ee668f2513cae7e61de1e8c360e66cf58bb6dd3a66751d8e1cd82dcca3b-package-chain3"",""00dd3ee668f2513cae7e61de1e8c360e66cf58bb6dd3a66751d8e1cd82dcca3b-package-chain4""]"	[20261021, 20261022, 20261023, 20261024]	4	0	0	250	diagnostics_complete_requires_mixing_review	750	75	37	0	37	0	0	4	0	2	2	0	526620	8971	0	244550	282070	0	8950	21	0
00dd3ee668f2513cae7e61de1e8c360e66cf58bb6dd3a66751d8e1cd82dcca3b-package	00dd3ee668f2513cae7e61de1e8c360e66cf58bb6dd3a66751d8e1cd82dcca3b	package	OG0000972	563	"[""OG0000972-envelope-mafft-floor1e-07-resolution0"",""OG0000972-envelope-famsa-floor1e-07-resolution0""]"	"[""00dd3ee668f2513cae7e61de1e8c360e66cf58bb6dd3a66751d8e1cd82dcca3b-package-chain1"",""00dd3ee668f2513cae7e61de1e8c360e66cf58bb6dd3a66751d8e1cd82dcca3b-package-chain2"",""00dd3ee668f2513cae7e61de1e8c360e66cf58bb6dd3a66751d8e1cd82dcca3b-package-chain3"",""00dd3ee668f2513cae7e61de1e8c360e66cf58bb6dd3a66751d8e1cd82dcca3b-package-chain4""]"	[20261021, 20261022, 20261023, 20261024]	4	0	0	500	diagnostics_complete_requires_mixing_review	500	50	37	0	37	0	0	4	0	2	2	0	526620	7526	0	232884	293736	0	7505	21	0
0164982d073e0b1f16d3d0714e9ce74f91fee5bd77bf4a3dae016e0042eed169-broad	0164982d073e0b1f16d3d0714e9ce74f91fee5bd77bf4a3dae016e0042eed169	broad	OG0000294	9	"[""OG0000294-whole-mafft-floor1e-09-resolution0"",""OG0000294-whole-mafft-floor1e-07-resolution0"",""OG0000294-whole-famsa-floor1e-09-resolution0"",""OG0000294-whole-famsa-floor1e-07-resolution0""]"	"[""0164982d073e0b1f16d3d0714e9ce74f91fee5bd77bf4a3dae016e0042eed169-broad-chain1"",""0164982d073e0b1f16d3d0714e9ce74f91fee5bd77bf4a3dae016e0042eed169-broad-chain2"",""0164982d073e0b1f16d3d0714e9ce74f91fee5bd77bf4a3dae016e0042eed169-broad-chain3"",""0164982d073e0b1f16d3d0714e9ce74f91fee5bd77bf4a3dae016e0042eed169-broad-chain4""]"	[20261025, 20261026, 20261027, 20261028]	4	0	0	250	diagnostics_complete_requires_mixing_review	750	75	37	17	20	0	0	4	0	0	4	0	19152	108	0	685	18467	0	87	21	0
0164982d073e0b1f16d3d0714e9ce74f91fee5bd77bf4a3dae016e0042eed169-broad	0164982d073e0b1f16d3d0714e9ce74f91fee5bd77bf4a3dae016e0042eed169	broad	OG0000294	9	"[""OG0000294-whole-mafft-floor1e-09-resolution0"",""OG0000294-whole-mafft-floor1e-07-resolution0"",""OG0000294-whole-famsa-floor1e-09-resolution0"",""OG0000294-whole-famsa-floor1e-07-resolution0""]"	"[""0164982d073e0b1f16d3d0714e9ce74f91fee5bd77bf4a3dae016e0042eed169-broad-chain1"",""0164982d073e0b1f16d3d0714e9ce74f91fee5bd77bf4a3dae016e0042eed169-broad-chain2"",""0164982d073e0b1f16d3d0714e9ce74f91fee5bd77bf4a3dae016e0042eed169-broad-chain3"",""0164982d073e0b1f16d3d0714e9ce74f91fee5bd77bf4a3dae016e0042eed169-broad-chain4""]"	[20261025, 20261026, 20261027, 20261028]	4	0	0	500	diagnostics_complete_requires_mixing_review	500	50	37	14	23	0	0	4	0	0	4	0	19152	97	0	616	18536	0	76	21	0
0164982d073e0b1f16d3d0714e9ce74f91fee5bd77bf4a3dae016e0042eed169-centered	0164982d073e0b1f16d3d0714e9ce74f91fee5bd77bf4a3dae016e0042eed169	centered	OG0000294	9	"[""OG0000294-whole-mafft-floor1e-09-resolution0"",""OG0000294-whole-mafft-floor1e-07-resolution0"",""OG0000294-whole-famsa-floor1e-09-resolution0"",""OG0000294-whole-famsa-floor1e-07-resolution0""]"	"[""0164982d073e0b1f16d3d0714e9ce74f91fee5bd77bf4a3dae016e0042eed169-centered-chain1"",""0164982d073e0b1f16d3d0714e9ce74f91fee5bd77bf4a3dae016e0042eed169-centered-chain2"",""0164982d073e0b1f16d3d0714e9ce74f91fee5bd77bf4a3dae016e0042eed169-centered-chain3"",""0164982d073e0b1f16d3d0714e9ce74f91fee5bd77bf4a3dae016e0042eed169-centered-chain4""]"	[20261029, 20261030, 20261031, 20261032]	4	0	0	250	diagnostics_complete_requires_mixing_review	750	75	37	15	22	0	0	4	0	0	4	0	19152	128	0	834	18318	0	107	21	0
0164982d073e0b1f16d3d0714e9ce74f91fee5bd77bf4a3dae016e0042eed169-centered	0164982d073e0b1f16d3d0714e9ce74f91fee5bd77bf4a3dae016e0042eed169	centered	OG0000294	9	"[""OG0000294-whole-mafft-floor1e-09-resolution0"",""OG0000294-whole-mafft-floor1e-07-resolution0"",""OG0000294-whole-famsa-floor1e-09-resolution0"",""OG0000294-whole-famsa-floor1e-07-resolution0""]"	"[""0164982d073e0b1f16d3d0714e9ce74f91fee5bd77bf4a3dae016e0042eed169-centered-chain1"",""0164982d073e0b1f16d3d0714e9ce74f91fee5bd77bf4a3dae016e0042eed169-centered-chain2"",""0164982d073e0b1f16d3d0714e9ce74f91fee5bd77bf4a3dae016e0042eed169-centered-chain3"",""0164982d073e0b1f16d3d0714e9ce74f91fee5bd77bf4a3dae016e0042eed169-centered-chain4""]"	[20261029, 20261030, 20261031, 20261032]	4	0	0	500	diagnostics_complete_requires_mixing_review	500	50	37	15	22	0	0	4	0	0	4	0	19152	114	0	719	18433	0	93	21	0
0164982d073e0b1f16d3d0714e9ce74f91fee5bd77bf4a3dae016e0042eed169-package	0164982d073e0b1f16d3d0714e9ce74f91fee5bd77bf4a3dae016e0042eed169	package	OG0000294	9	"[""OG0000294-whole-mafft-floor1e-09-resolution0"",""OG0000294-whole-mafft-floor1e-07-resolution0"",""OG0000294-whole-famsa-floor1e-09-resolution0"",""OG0000294-whole-famsa-floor1e-07-resolution0""]"	"[""0164982d073e0b1f16d3d0714e9ce74f91fee5bd77bf4a3dae016e0042eed169-package-chain1"",""0164982d073e0b1f16d3d0714e9ce74f91fee5bd77bf4a3dae016e0042eed169-package-chain2"",""0164982d073e0b1f16d3d0714e9ce74f91fee5bd77bf4a3dae016e0042eed169-package-chain3"",""0164982d073e0b1f16d3d0714e9ce74f91fee5bd77bf4a3dae016e0042eed169-package-chain4""]"	[20261033, 20261034, 20261035, 20261036]	4	0	0	250	diagnostics_complete_requires_mixing_review	750	75	37	15	22	0	0	4	0	0	4	0	19152	119	0	777	18375	0	98	21	0
0164982d073e0b1f16d3d0714e9ce74f91fee5bd77bf4a3dae016e0042eed169-package	0164982d073e0b1f16d3d0714e9ce74f91fee5bd77bf4a3dae016e0042eed169	package	OG0000294	9	"[""OG0000294-whole-mafft-floor1e-09-resolution0"",""OG0000294-whole-mafft-floor1e-07-resolution0"",""OG0000294-whole-famsa-floor1e-09-resolution0"",""OG0000294-whole-famsa-floor1e-07-resolution0""]"	"[""0164982d073e0b1f16d3d0714e9ce74f91fee5bd77bf4a3dae016e0042eed169-package-chain1"",""0164982d073e0b1f16d3d0714e9ce74f91fee5bd77bf4a3dae016e0042eed169-package-chain2"",""0164982d073e0b1f16d3d0714e9ce74f91fee5bd77bf4a3dae016e0042eed169-package-chain3"",""0164982d073e0b1f16d3d0714e9ce74f91fee5bd77bf4a3dae016e0042eed169-package-chain4""]"	[20261033, 20261034, 20261035, 20261036]	4	0	0	500	diagnostics_complete_requires_mixing_review	500	50	37	15	22	0	0	4	0	0	4	0	19152	107	0	688	18464	0	86	21	0
03f1009c425013648352c21428c9f1e6e18ca32c8dec24ef5886cb73f43548f0-broad	03f1009c425013648352c21428c9f1e6e18ca32c8dec24ef5886cb73f43548f0	broad	OG0000152	7	"[""OG0000152-whole-mafft-floor1e-09-resolution0"",""OG0000152-whole-mafft-floor1e-07-resolution0"",""OG0000152-whole-famsa-floor1e-09-resolution0"",""OG0000152-whole-famsa-floor1e-07-resolution0""]"	"[""03f1009c425013648352c21428c9f1e6e18ca32c8dec24ef5886cb73f43548f0-broad-chain1"",""03f1009c425013648352c21428c9f1e6e18ca32c8dec24ef5886cb73f43548f0-broad-chain2"",""03f1009c425013648352c21428c9f1e6e18ca32c8dec24ef5886cb73f43548f0-broad-chain3"",""03f1009c425013648352c21428c9f1e6e18ca32c8dec24ef5886cb73f43548f0-broad-chain4""]"	[20261037, 20261038, 20261039, 20261040]	4	0	0	250	diagnostics_complete_requires_mixing_review	750	75	37	1	36	0	0	4	0	2	2	0	8472	600	0	2610	5862	0	579	21	0
03f1009c425013648352c21428c9f1e6e18ca32c8dec24ef5886cb73f43548f0-broad	03f1009c425013648352c21428c9f1e6e18ca32c8dec24ef5886cb73f43548f0	broad	OG0000152	7	"[""OG0000152-whole-mafft-floor1e-09-resolution0"",""OG0000152-whole-mafft-floor1e-07-resolution0"",""OG0000152-whole-famsa-floor1e-09-resolution0"",""OG0000152-whole-famsa-floor1e-07-resolution0""]"	"[""03f1009c425013648352c21428c9f1e6e18ca32c8dec24ef5886cb73f43548f0-broad-chain1"",""03f1009c425013648352c21428c9f1e6e18ca32c8dec24ef5886cb73f43548f0-broad-chain2"",""03f1009c425013648352c21428c9f1e6e18ca32c8dec24ef5886cb73f43548f0-broad-chain3"",""03f1009c425013648352c21428c9f1e6e18ca32c8dec24ef5886cb73f43548f0-broad-chain4""]"	[20261037, 20261038, 20261039, 20261040]	4	0	0	500	diagnostics_complete_requires_mixing_review	500	50	37	0	37	0	0	4	0	2	2	0	8472	533	0	2389	6083	0	512	21	0
03f1009c425013648352c21428c9f1e6e18ca32c8dec24ef5886cb73f43548f0-centered	03f1009c425013648352c21428c9f1e6e18ca32c8dec24ef5886cb73f43548f0	centered	OG0000152	7	"[""OG0000152-whole-mafft-floor1e-09-resolution0"",""OG0000152-whole-mafft-floor1e-07-resolution0"",""OG0000152-whole-famsa-floor1e-09-resolution0"",""OG0000152-whole-famsa-floor1e-07-resolution0""]"	"[""03f1009c425013648352c21428c9f1e6e18ca32c8dec24ef5886cb73f43548f0-centered-chain1"",""03f1009c425013648352c21428c9f1e6e18ca32c8dec24ef5886cb73f43548f0-centered-chain2"",""03f1009c425013648352c21428c9f1e6e18ca32c8dec24ef5886cb73f43548f0-centered-chain3"",""03f1009c425013648352c21428c9f1e6e18ca32c8dec24ef5886cb73f43548f0-centered-chain4""]"	[20261041, 20261042, 20261043, 20261044]	4	0	0	250	diagnostics_complete_requires_mixing_review	750	75	37	13	24	0	0	4	0	2	2	0	8472	523	0	2330	6142	0	502	21	0
03f1009c425013648352c21428c9f1e6e18ca32c8dec24ef5886cb73f43548f0-centered	03f1009c425013648352c21428c9f1e6e18ca32c8dec24ef5886cb73f43548f0	centered	OG0000152	7	"[""OG0000152-whole-mafft-floor1e-09-resolution0"",""OG0000152-whole-mafft-floor1e-07-resolution0"",""OG0000152-whole-famsa-floor1e-09-resolution0"",""OG0000152-whole-famsa-floor1e-07-resolution0""]"	"[""03f1009c425013648352c21428c9f1e6e18ca32c8dec24ef5886cb73f43548f0-centered-chain1"",""03f1009c425013648352c21428c9f1e6e18ca32c8dec24ef5886cb73f43548f0-centered-chain2"",""03f1009c425013648352c21428c9f1e6e18ca32c8dec24ef5886cb73f43548f0-centered-chain3"",""03f1009c425013648352c21428c9f1e6e18ca32c8dec24ef5886cb73f43548f0-centered-chain4""]"	[20261041, 20261042, 20261043, 20261044]	4	0	0	500	diagnostics_complete_requires_mixing_review	500	50	37	13	24	0	0	4	0	2	2	0	8472	482	0	2170	6302	0	461	21	0
03f1009c425013648352c21428c9f1e6e18ca32c8dec24ef5886cb73f43548f0-package	03f1009c425013648352c21428c9f1e6e18ca32c8dec24ef5886cb73f43548f0	package	OG0000152	7	"[""OG0000152-whole-mafft-floor1e-09-resolution0"",""OG0000152-whole-mafft-floor1e-07-resolution0"",""OG0000152-whole-famsa-floor1e-09-resolution0"",""OG0000152-whole-famsa-floor1e-07-resolution0""]"	"[""03f1009c425013648352c21428c9f1e6e18ca32c8dec24ef5886cb73f43548f0-package-chain1"",""03f1009c425013648352c21428c9f1e6e18ca32c8dec24ef5886cb73f43548f0-package-chain2"",""03f1009c425013648352c21428c9f1e6e18ca32c8dec24ef5886cb73f43548f0-package-chain3"",""03f1009c425013648352c21428c9f1e6e18ca32c8dec24ef5886cb73f43548f0-package-chain4""]"	[20261045, 20261046, 20261047, 20261048]	4	0	0	250	diagnostics_complete_requires_mixing_review	750	75	37	2	35	0	0	4	0	1	3	0	8472	726	0	3613	4859	0	705	21	0
03f1009c425013648352c21428c9f1e6e18ca32c8dec24ef5886cb73f43548f0-package	03f1009c425013648352c21428c9f1e6e18ca32c8dec24ef5886cb73f43548f0	package	OG0000152	7	"[""OG0000152-whole-mafft-floor1e-09-resolution0"",""OG0000152-whole-mafft-floor1e-07-resolution0"",""OG0000152-whole-famsa-floor1e-09-resolution0"",""OG0000152-whole-famsa-floor1e-07-resolution0""]"	"[""03f1009c425013648352c21428c9f1e6e18ca32c8dec24ef5886cb73f43548f0-package-chain1"",""03f1009c425013648352c21428c9f1e6e18ca32c8dec24ef5886cb73f43548f0-package-chain2"",""03f1009c425013648352c21428c9f1e6e18ca32c8dec24ef5886cb73f43548f0-package-chain3"",""03f1009c425013648352c21428c9f1e6e18ca32c8dec24ef5886cb73f43548f0-package-chain4""]"	[20261045, 20261046, 20261047, 20261048]	4	0	0	500	diagnostics_complete_requires_mixing_review	500	50	37	2	35	0	0	4	0	1	3	0	8472	661	0	3409	5063	0	640	21	0
04c2aacbb49767976d967570af07cb2ee295698c4842a3871e9fa2b43c1c423e-broad	04c2aacbb49767976d967570af07cb2ee295698c4842a3871e9fa2b43c1c423e	broad	OG0001203	21	"[""OG0001203-whole-mafft-floor1e-09-resolution0"",""OG0001203-whole-mafft-floor1e-07-resolution0"",""OG0001203-whole-famsa-floor1e-09-resolution0"",""OG0001203-whole-famsa-floor1e-07-resolution0""]"	"[""04c2aacbb49767976d967570af07cb2ee295698c4842a3871e9fa2b43c1c423e-broad-chain1"",""04c2aacbb49767976d967570af07cb2ee295698c4842a3871e9fa2b43c1c423e-broad-chain2"",""04c2aacbb49767976d967570af07cb2ee295698c4842a3871e9fa2b43c1c423e-broad-chain3"",""04c2aacbb49767976d967570af07cb2ee295698c4842a3871e9fa2b43c1c423e-broad-chain4""]"	[20261049, 20261050, 20261051, 20261052]	4	0	0	250	diagnostics_complete_requires_mixing_review	750	75	37	0	37	0	0	4	0	3	1	0	20156	5028	0	15724	4432	0	5011	17	0
04c2aacbb49767976d967570af07cb2ee295698c4842a3871e9fa2b43c1c423e-broad	04c2aacbb49767976d967570af07cb2ee295698c4842a3871e9fa2b43c1c423e	broad	OG0001203	21	"[""OG0001203-whole-mafft-floor1e-09-resolution0"",""OG0001203-whole-mafft-floor1e-07-resolution0"",""OG0001203-whole-famsa-floor1e-09-resolution0"",""OG0001203-whole-famsa-floor1e-07-resolution0""]"	"[""04c2aacbb49767976d967570af07cb2ee295698c4842a3871e9fa2b43c1c423e-broad-chain1"",""04c2aacbb49767976d967570af07cb2ee295698c4842a3871e9fa2b43c1c423e-broad-chain2"",""04c2aacbb49767976d967570af07cb2ee295698c4842a3871e9fa2b43c1c423e-broad-chain3"",""04c2aacbb49767976d967570af07cb2ee295698c4842a3871e9fa2b43c1c423e-broad-chain4""]"	[20261049, 20261050, 20261051, 20261052]	4	0	0	500	diagnostics_complete_requires_mixing_review	500	50	37	0	37	0	0	4	0	1	3	0	20156	4591	0	15341	4815	0	4574	17	0
04c2aacbb49767976d967570af07cb2ee295698c4842a3871e9fa2b43c1c423e-centered	04c2aacbb49767976d967570af07cb2ee295698c4842a3871e9fa2b43c1c423e	centered	OG0001203	21	"[""OG0001203-whole-mafft-floor1e-09-resolution0"",""OG0001203-whole-mafft-floor1e-07-resolution0"",""OG0001203-whole-famsa-floor1e-09-resolution0"",""OG0001203-whole-famsa-floor1e-07-resolution0""]"	"[""04c2aacbb49767976d967570af07cb2ee295698c4842a3871e9fa2b43c1c423e-centered-chain1"",""04c2aacbb49767976d967570af07cb2ee295698c4842a3871e9fa2b43c1c423e-centered-chain2"",""04c2aacbb49767976d967570af07cb2ee295698c4842a3871e9fa2b43c1c423e-centered-chain3"",""04c2aacbb49767976d967570af07cb2ee295698c4842a3871e9fa2b43c1c423e-centered-chain4""]"	[20261053, 20261054, 20261055, 20261056]	4	0	0	250	diagnostics_complete_requires_mixing_review	750	75	37	0	37	0	0	4	0	2	2	0	20156	4645	0	15284	4872	0	4627	18	0
04c2aacbb49767976d967570af07cb2ee295698c4842a3871e9fa2b43c1c423e-centered	04c2aacbb49767976d967570af07cb2ee295698c4842a3871e9fa2b43c1c423e	centered	OG0001203	21	"[""OG0001203-whole-mafft-floor1e-09-resolution0"",""OG0001203-whole-mafft-floor1e-07-resolution0"",""OG0001203-whole-famsa-floor1e-09-resolution0"",""OG0001203-whole-famsa-floor1e-07-resolution0""]"	"[""04c2aacbb49767976d967570af07cb2ee295698c4842a3871e9fa2b43c1c423e-centered-chain1"",""04c2aacbb49767976d967570af07cb2ee295698c4842a3871e9fa2b43c1c423e-centered-chain2"",""04c2aacbb49767976d967570af07cb2ee295698c4842a3871e9fa2b43c1c423e-centered-chain3"",""04c2aacbb49767976d967570af07cb2ee295698c4842a3871e9fa2b43c1c423e-centered-chain4""]"	[20261053, 20261054, 20261055, 20261056]	4	0	0	500	diagnostics_complete_requires_mixing_review	500	50	37	0	37	0	0	4	0	2	2	0	20156	4245	0	14941	5215	0	4227	18	0
04c2aacbb49767976d967570af07cb2ee295698c4842a3871e9fa2b43c1c423e-package	04c2aacbb49767976d967570af07cb2ee295698c4842a3871e9fa2b43c1c423e	package	OG0001203	21	"[""OG0001203-whole-mafft-floor1e-09-resolution0"",""OG0001203-whole-mafft-floor1e-07-resolution0"",""OG0001203-whole-famsa-floor1e-09-resolution0"",""OG0001203-whole-famsa-floor1e-07-resolution0""]"	"[""04c2aacbb49767976d967570af07cb2ee295698c4842a3871e9fa2b43c1c423e-package-chain1"",""04c2aacbb49767976d967570af07cb2ee295698c4842a3871e9fa2b43c1c423e-package-chain2"",""04c2aacbb49767976d967570af07cb2ee295698c4842a3871e9fa2b43c1c423e-package-chain3"",""04c2aacbb49767976d967570af07cb2ee295698c4842a3871e9fa2b43c1c423e-package-chain4""]"	[20261057, 20261058, 20261059, 20261060]	4	0	0	250	diagnostics_complete_requires_mixing_review	750	75	37	1	36	0	0	4	0	2	2	0	20156	4707	0	15628	4528	0	4690	17	0
04c2aacbb49767976d967570af07cb2ee295698c4842a3871e9fa2b43c1c423e-package	04c2aacbb49767976d967570af07cb2ee295698c4842a3871e9fa2b43c1c423e	package	OG0001203	21	"[""OG0001203-whole-mafft-floor1e-09-resolution0"",""OG0001203-whole-mafft-floor1e-07-resolution0"",""OG0001203-whole-famsa-floor1e-09-resolution0"",""OG0001203-whole-famsa-floor1e-07-resolution0""]"	"[""04c2aacbb49767976d967570af07cb2ee295698c4842a3871e9fa2b43c1c423e-package-chain1"",""04c2aacbb49767976d967570af07cb2ee295698c4842a3871e9fa2b43c1c423e-package-chain2"",""04c2aacbb49767976d967570af07cb2ee295698c4842a3871e9fa2b43c1c423e-package-chain3"",""04c2aacbb49767976d967570af07cb2ee295698c4842a3871e9fa2b43c1c423e-package-chain4""]"	[20261057, 20261058, 20261059, 20261060]	4	0	0	500	diagnostics_complete_requires_mixing_review	500	50	37	0	37	0	0	4	0	2	2	0	20156	4217	0	15117	5039	0	4200	17	0
0607c261c567e2c3264dd321fdb9d4fa43b150a439d157eb39a6086504f4627e-broad	0607c261c567e2c3264dd321fdb9d4fa43b150a439d157eb39a6086504f4627e	broad	OG0001203	14	"[""OG0001203-alignment-mafft-floor1e-09-resolution0"",""OG0001203-alignment-mafft-floor1e-07-resolution0"",""OG0001203-alignment-famsa-floor1e-09-resolution0"",""OG0001203-alignment-famsa-floor1e-07-resolution0""]"	"[""0607c261c567e2c3264dd321fdb9d4fa43b150a439d157eb39a6086504f4627e-broad-chain1"",""0607c261c567e2c3264dd321fdb9d4fa43b150a439d157eb39a6086504f4627e-broad-chain2"",""0607c261c567e2c3264dd321fdb9d4fa43b150a439d157eb39a6086504f4627e-broad-chain3"",""0607c261c567e2c3264dd321fdb9d4fa43b150a439d157eb39a6086504f4627e-broad-chain4""]"	[20261061, 20261062, 20261063, 20261064]	4	0	0	250	diagnostics_complete_requires_mixing_review	750	75	37	8	29	0	0	4	0	0	4	0	4100	561	0	2611	1489	0	547	14	0
0607c261c567e2c3264dd321fdb9d4fa43b150a439d157eb39a6086504f4627e-broad	0607c261c567e2c3264dd321fdb9d4fa43b150a439d157eb39a6086504f4627e	broad	OG0001203	14	"[""OG0001203-alignment-mafft-floor1e-09-resolution0"",""OG0001203-alignment-mafft-floor1e-07-resolution0"",""OG0001203-alignment-famsa-floor1e-09-resolution0"",""OG0001203-alignment-famsa-floor1e-07-resolution0""]"	"[""0607c261c567e2c3264dd321fdb9d4fa43b150a439d157eb39a6086504f4627e-broad-chain1"",""0607c261c567e2c3264dd321fdb9d4fa43b150a439d157eb39a6086504f4627e-broad-chain2"",""0607c261c567e2c3264dd321fdb9d4fa43b150a439d157eb39a6086504f4627e-broad-chain3"",""0607c261c567e2c3264dd321fdb9d4fa43b150a439d157eb39a6086504f4627e-broad-chain4""]"	[20261061, 20261062, 20261063, 20261064]	4	0	0	500	diagnostics_complete_requires_mixing_review	500	50	37	6	31	0	0	4	0	0	4	0	4100	500	0	2539	1561	0	486	14	0
0607c261c567e2c3264dd321fdb9d4fa43b150a439d157eb39a6086504f4627e-centered	0607c261c567e2c3264dd321fdb9d4fa43b150a439d157eb39a6086504f4627e	centered	OG0001203	14	"[""OG0001203-alignment-mafft-floor1e-09-resolution0"",""OG0001203-alignment-mafft-floor1e-07-resolution0"",""OG0001203-alignment-famsa-floor1e-09-resolution0"",""OG0001203-alignment-famsa-floor1e-07-resolution0""]"	"[""0607c261c567e2c3264dd321fdb9d4fa43b150a439d157eb39a6086504f4627e-centered-chain1"",""0607c261c567e2c3264dd321fdb9d4fa43b150a439d157eb39a6086504f4627e-centered-chain2"",""0607c261c567e2c3264dd321fdb9d4fa43b150a439d157eb39a6086504f4627e-centered-chain3"",""0607c261c567e2c3264dd321fdb9d4fa43b150a439d157eb39a6086504f4627e-centered-chain4""]"	[20261065, 20261066, 20261067, 20261068]	4	0	0	250	diagnostics_complete_requires_mixing_review	750	75	37	13	24	0	0	4	0	0	4	0	4100	565	0	2679	1421	0	550	15	0
0607c261c567e2c3264dd321fdb9d4fa43b150a439d157eb39a6086504f4627e-centered	0607c261c567e2c3264dd321fdb9d4fa43b150a439d157eb39a6086504f4627e	centered	OG0001203	14	"[""OG0001203-alignment-mafft-floor1e-09-resolution0"",""OG0001203-alignment-mafft-floor1e-07-resolution0"",""OG0001203-alignment-famsa-floor1e-09-resolution0"",""OG0001203-alignment-famsa-floor1e-07-resolution0""]"	"[""0607c261c567e2c3264dd321fdb9d4fa43b150a439d157eb39a6086504f4627e-centered-chain1"",""0607c261c567e2c3264dd321fdb9d4fa43b150a439d157eb39a6086504f4627e-centered-chain2"",""0607c261c567e2c3264dd321fdb9d4fa43b150a439d157eb39a6086504f4627e-centered-chain3"",""0607c261c567e2c3264dd321fdb9d4fa43b150a439d157eb39a6086504f4627e-centered-chain4""]"	[20261065, 20261066, 20261067, 20261068]	4	0	0	500	diagnostics_complete_requires_mixing_review	500	50	37	11	26	0	0	4	0	0	4	0	4100	486	0	2556	1544	0	471	15	0
0607c261c567e2c3264dd321fdb9d4fa43b150a439d157eb39a6086504f4627e-package	0607c261c567e2c3264dd321fdb9d4fa43b150a439d157eb39a6086504f4627e	package	OG0001203	14	"[""OG0001203-alignment-mafft-floor1e-09-resolution0"",""OG0001203-alignment-mafft-floor1e-07-resolution0"",""OG0001203-alignment-famsa-floor1e-09-resolution0"",""OG0001203-alignment-famsa-floor1e-07-resolution0""]"	"[""0607c261c567e2c3264dd321fdb9d4fa43b150a439d157eb39a6086504f4627e-package-chain1"",""0607c261c567e2c3264dd321fdb9d4fa43b150a439d157eb39a6086504f4627e-package-chain2"",""0607c261c567e2c3264dd321fdb9d4fa43b150a439d157eb39a6086504f4627e-package-chain3"",""0607c261c567e2c3264dd321fdb9d4fa43b150a439d157eb39a6086504f4627e-package-chain4""]"	[20261069, 20261070, 20261071, 20261072]	4	0	0	250	diagnostics_complete_requires_mixing_review	750	75	37	13	24	0	0	4	0	0	4	0	4100	518	0	2536	1564	0	504	14	0
0607c261c567e2c3264dd321fdb9d4fa43b150a439d157eb39a6086504f4627e-package	0607c261c567e2c3264dd321fdb9d4fa43b150a439d157eb39a6086504f4627e	package	OG0001203	14	"[""OG0001203-alignment-mafft-floor1e-09-resolution0"",""OG0001203-alignment-mafft-floor1e-07-resolution0"",""OG0001203-alignment-famsa-floor1e-09-resolution0"",""OG0001203-alignment-famsa-floor1e-07-resolution0""]"	"[""0607c261c567e2c3264dd321fdb9d4fa43b150a439d157eb39a6086504f4627e-package-chain1"",""0607c261c567e2c3264dd321fdb9d4fa43b150a439d157eb39a6086504f4627e-package-chain2"",""0607c261c567e2c3264dd321fdb9d4fa43b150a439d157eb39a6086504f4627e-package-chain3"",""0607c261c567e2c3264dd321fdb9d4fa43b150a439d157eb39a6086504f4627e-package-chain4""]"	[20261069, 20261070, 20261071, 20261072]	4	0	0	500	diagnostics_complete_requires_mixing_review	500	50	37	13	24	0	0	4	0	0	4	0	4100	444	0	2460	1640	0	428	16	0
0b0f7bb17b1485abf68184f8a6827fc5537f243750cffbd965fb6a4319ef3658-broad	0b0f7bb17b1485abf68184f8a6827fc5537f243750cffbd965fb6a4319ef3658	broad	OG0001200	13	"[""OG0001200-alignment-mafft-floor1e-07-resolution0"",""OG0001200-alignment-famsa-floor1e-07-resolution0""]"	"[""0b0f7bb17b1485abf68184f8a6827fc5537f243750cffbd965fb6a4319ef3658-broad-chain1"",""0b0f7bb17b1485abf68184f8a6827fc5537f243750cffbd965fb6a4319ef3658-broad-chain2"",""0b0f7bb17b1485abf68184f8a6827fc5537f243750cffbd965fb6a4319ef3658-broad-chain3"",""0b0f7bb17b1485abf68184f8a6827fc5537f243750cffbd965fb6a4319ef3658-broad-chain4""]"	[20261073, 20261074, 20261075, 20261076]	4	0	0	250	diagnostics_complete_requires_mixing_review	750	75	37	1	36	0	0	4	0	3	1	0	7068	1601	0	5654	1414	0	1581	20	0
0b0f7bb17b1485abf68184f8a6827fc5537f243750cffbd965fb6a4319ef3658-broad	0b0f7bb17b1485abf68184f8a6827fc5537f243750cffbd965fb6a4319ef3658	broad	OG0001200	13	"[""OG0001200-alignment-mafft-floor1e-07-resolution0"",""OG0001200-alignment-famsa-floor1e-07-resolution0""]"	"[""0b0f7bb17b1485abf68184f8a6827fc5537f243750cffbd965fb6a4319ef3658-broad-chain1"",""0b0f7bb17b1485abf68184f8a6827fc5537f243750cffbd965fb6a4319ef3658-broad-chain2"",""0b0f7bb17b1485abf68184f8a6827fc5537f243750cffbd965fb6a4319ef3658-broad-chain3"",""0b0f7bb17b1485abf68184f8a6827fc5537f243750cffbd965fb6a4319ef3658-broad-chain4""]"	[20261073, 20261074, 20261075, 20261076]	4	0	0	500	diagnostics_complete_requires_mixing_review	500	50	37	1	36	0	0	4	0	3	1	0	7068	1446	0	5356	1712	0	1426	20	0
0b0f7bb17b1485abf68184f8a6827fc5537f243750cffbd965fb6a4319ef3658-centered	0b0f7bb17b1485abf68184f8a6827fc5537f243750cffbd965fb6a4319ef3658	centered	OG0001200	13	"[""OG0001200-alignment-mafft-floor1e-07-resolution0"",""OG0001200-alignment-famsa-floor1e-07-resolution0""]"	"[""0b0f7bb17b1485abf68184f8a6827fc5537f243750cffbd965fb6a4319ef3658-centered-chain1"",""0b0f7bb17b1485abf68184f8a6827fc5537f243750cffbd965fb6a4319ef3658-centered-chain2"",""0b0f7bb17b1485abf68184f8a6827fc5537f243750cffbd965fb6a4319ef3658-centered-chain3"",""0b0f7bb17b1485abf68184f8a6827fc5537f243750cffbd965fb6a4319ef3658-centered-chain4""]"	[20261077, 20261078, 20261079, 20261080]	4	0	0	250	diagnostics_complete_requires_mixing_review	750	75	37	2	35	0	0	4	0	3	1	0	7068	1504	0	5583	1485	0	1485	19	0
0b0f7bb17b1485abf68184f8a6827fc5537f243750cffbd965fb6a4319ef3658-centered	0b0f7bb17b1485abf68184f8a6827fc5537f243750cffbd965fb6a4319ef3658	centered	OG0001200	13	"[""OG0001200-alignment-mafft-floor1e-07-resolution0"",""OG0001200-alignment-famsa-floor1e-07-resolution0""]"	"[""0b0f7bb17b1485abf68184f8a6827fc5537f243750cffbd965fb6a4319ef3658-centered-chain1"",""0b0f7bb17b1485abf68184f8a6827fc5537f243750cffbd965fb6a4319ef3658-centered-chain2"",""0b0f7bb17b1485abf68184f8a6827fc5537f243750cffbd965fb6a4319ef3658-centered-chain3"",""0b0f7bb17b1485abf68184f8a6827fc5537f243750cffbd965fb6a4319ef3658-centered-chain4""]"	[20261077, 20261078, 20261079, 20261080]	4	0	0	500	diagnostics_complete_requires_mixing_review	500	50	37	1	36	0	0	4	0	3	1	0	7068	1382	0	5355	1713	0	1362	20	0
0b0f7bb17b1485abf68184f8a6827fc5537f243750cffbd965fb6a4319ef3658-package	0b0f7bb17b1485abf68184f8a6827fc5537f243750cffbd965fb6a4319ef3658	package	OG0001200	13	"[""OG0001200-alignment-mafft-floor1e-07-resolution0"",""OG0001200-alignment-famsa-floor1e-07-resolution0""]"	"[""0b0f7bb17b1485abf68184f8a6827fc5537f243750cffbd965fb6a4319ef3658-package-chain1"",""0b0f7bb17b1485abf68184f8a6827fc5537f243750cffbd965fb6a4319ef3658-package-chain2"",""0b0f7bb17b1485abf68184f8a6827fc5537f243750cffbd965fb6a4319ef3658-package-chain3"",""0b0f7bb17b1485abf68184f8a6827fc5537f243750cffbd965fb6a4319ef3658-package-chain4""]"	[20261081, 20261082, 20261083, 20261084]	4	0	0	250	diagnostics_complete_requires_mixing_review	750	75	37	2	35	0	0	4	0	3	1	0	7068	1498	0	5556	1512	0	1480	18	0
0b0f7bb17b1485abf68184f8a6827fc5537f243750cffbd965fb6a4319ef3658-package	0b0f7bb17b1485abf68184f8a6827fc5537f243750cffbd965fb6a4319ef3658	package	OG0001200	13	"[""OG0001200-alignment-mafft-floor1e-07-resolution0"",""OG0001200-alignment-famsa-floor1e-07-resolution0""]"	"[""0b0f7bb17b1485abf68184f8a6827fc5537f243750cffbd965fb6a4319ef3658-package-chain1"",""0b0f7bb17b1485abf68184f8a6827fc5537f243750cffbd965fb6a4319ef3658-package-chain2"",""0b0f7bb17b1485abf68184f8a6827fc5537f243750cffbd965fb6a4319ef3658-package-chain3"",""0b0f7bb17b1485abf68184f8a6827fc5537f243750cffbd965fb6a4319ef3658-package-chain4""]"	[20261081, 20261082, 20261083, 20261084]	4	0	0	500	diagnostics_complete_requires_mixing_review	500	50	37	1	36	0	0	4	0	3	1	0	7068	1286	0	5112	1956	0	1266	20	0
0c37c31b6f016a2f9012543375db4664a4afd263e0bb68f1b32191eaa9f366fc-broad	0c37c31b6f016a2f9012543375db4664a4afd263e0bb68f1b32191eaa9f366fc	broad	OG0000230	24	"[""OG0000230-whole-mafft-floor1e-09-resolution6"",""OG0000230-whole-famsa-floor1e-09-resolution6""]"	"[""0c37c31b6f016a2f9012543375db4664a4afd263e0bb68f1b32191eaa9f366fc-broad-chain1"",""0c37c31b6f016a2f9012543375db4664a4afd263e0bb68f1b32191eaa9f366fc-broad-chain2"",""0c37c31b6f016a2f9012543375db4664a4afd263e0bb68f1b32191eaa9f366fc-broad-chain3"",""0c37c31b6f016a2f9012543375db4664a4afd263e0bb68f1b32191eaa9f366fc-broad-chain4""]"	[20261085, 20261086, 20261087, 20261088]	4	0	0	250	diagnostics_complete_requires_mixing_review	750	75	37	1	36	0	0	4	0	1	3	0	63296	2081	0	25173	38123	0	2060	21	0
0c37c31b6f016a2f9012543375db4664a4afd263e0bb68f1b32191eaa9f366fc-broad	0c37c31b6f016a2f9012543375db4664a4afd263e0bb68f1b32191eaa9f366fc	broad	OG0000230	24	"[""OG0000230-whole-mafft-floor1e-09-resolution6"",""OG0000230-whole-famsa-floor1e-09-resolution6""]"	"[""0c37c31b6f016a2f9012543375db4664a4afd263e0bb68f1b32191eaa9f366fc-broad-chain1"",""0c37c31b6f016a2f9012543375db4664a4afd263e0bb68f1b32191eaa9f366fc-broad-chain2"",""0c37c31b6f016a2f9012543375db4664a4afd263e0bb68f1b32191eaa9f366fc-broad-chain3"",""0c37c31b6f016a2f9012543375db4664a4afd263e0bb68f1b32191eaa9f366fc-broad-chain4""]"	[20261085, 20261086, 20261087, 20261088]	4	0	0	500	diagnostics_complete_requires_mixing_review	500	50	37	1	36	0	0	4	0	1	3	0	63296	1974	0	23729	39567	0	1953	21	0
0c37c31b6f016a2f9012543375db4664a4afd263e0bb68f1b32191eaa9f366fc-centered	0c37c31b6f016a2f9012543375db4664a4afd263e0bb68f1b32191eaa9f366fc	centered	OG0000230	24	"[""OG0000230-whole-mafft-floor1e-09-resolution6"",""OG0000230-whole-famsa-floor1e-09-resolution6""]"	"[""0c37c31b6f016a2f9012543375db4664a4afd263e0bb68f1b32191eaa9f366fc-centered-chain1"",""0c37c31b6f016a2f9012543375db4664a4afd263e0bb68f1b32191eaa9f366fc-centered-chain2"",""0c37c31b6f016a2f9012543375db4664a4afd263e0bb68f1b32191eaa9f366fc-centered-chain3"",""0c37c31b6f016a2f9012543375db4664a4afd263e0bb68f1b32191eaa9f366fc-centered-chain4""]"	[20261089, 20261090, 20261091, 20261092]	4	0	0	250	diagnostics_complete_requires_mixing_review	750	75	37	4	33	0	0	4	0	1	3	0	63296	2049	0	24179	39117	0	2028	21	0
0c37c31b6f016a2f9012543375db4664a4afd263e0bb68f1b32191eaa9f366fc-centered	0c37c31b6f016a2f9012543375db4664a4afd263e0bb68f1b32191eaa9f366fc	centered	OG0000230	24	"[""OG0000230-whole-mafft-floor1e-09-resolution6"",""OG0000230-whole-famsa-floor1e-09-resolution6""]"	"[""0c37c31b6f016a2f9012543375db4664a4afd263e0bb68f1b32191eaa9f366fc-centered-chain1"",""0c37c31b6f016a2f9012543375db4664a4afd263e0bb68f1b32191eaa9f366fc-centered-chain2"",""0c37c31b6f016a2f9012543375db4664a4afd263e0bb68f1b32191eaa9f366fc-centered-chain3"",""0c37c31b6f016a2f9012543375db4664a4afd263e0bb68f1b32191eaa9f366fc-centered-chain4""]"	[20261089, 20261090, 20261091, 20261092]	4	0	0	500	diagnostics_complete_requires_mixing_review	500	50	37	2	35	0	0	4	0	1	3	0	63296	1928	0	23046	40250	0	1907	21	0
0c37c31b6f016a2f9012543375db4664a4afd263e0bb68f1b32191eaa9f366fc-package	0c37c31b6f016a2f9012543375db4664a4afd263e0bb68f1b32191eaa9f366fc	package	OG0000230	24	"[""OG0000230-whole-mafft-floor1e-09-resolution6"",""OG0000230-whole-famsa-floor1e-09-resolution6""]"	"[""0c37c31b6f016a2f9012543375db4664a4afd263e0bb68f1b32191eaa9f366fc-package-chain1"",""0c37c31b6f016a2f9012543375db4664a4afd263e0bb68f1b32191eaa9f366fc-package-chain2"",""0c37c31b6f016a2f9012543375db4664a4afd263e0bb68f1b32191eaa9f366fc-package-chain3"",""0c37c31b6f016a2f9012543375db4664a4afd263e0bb68f1b32191eaa9f366fc-package-chain4""]"	[20261093, 20261094, 20261095, 20261096]	4	0	0	250	diagnostics_complete_requires_mixing_review	750	75	37	4	33	0	0	4	0	1	3	0	63296	2178	0	25358	37938	0	2157	21	0
0c37c31b6f016a2f9012543375db4664a4afd263e0bb68f1b32191eaa9f366fc-package	0c37c31b6f016a2f9012543375db4664a4afd263e0bb68f1b32191eaa9f366fc	package	OG0000230	24	"[""OG0000230-whole-mafft-floor1e-09-resolution6"",""OG0000230-whole-famsa-floor1e-09-resolution6""]"	"[""0c37c31b6f016a2f9012543375db4664a4afd263e0bb68f1b32191eaa9f366fc-package-chain1"",""0c37c31b6f016a2f9012543375db4664a4afd263e0bb68f1b32191eaa9f366fc-package-chain2"",""0c37c31b6f016a2f9012543375db4664a4afd263e0bb68f1b32191eaa9f366fc-package-chain3"",""0c37c31b6f016a2f9012543375db4664a4afd263e0bb68f1b32191eaa9f366fc-package-chain4""]"	[20261093, 20261094, 20261095, 20261096]	4	0	0	500	diagnostics_complete_requires_mixing_review	500	50	37	2	35	0	0	4	0	1	3	0	63296	1969	0	23353	39943	0	1948	21	0
0cae3dc2d60aab44546ea86757c9027b6f46bad0d34e7485ee665a9cdf2c0b90-broad	0cae3dc2d60aab44546ea86757c9027b6f46bad0d34e7485ee665a9cdf2c0b90	broad	OG0000095	83	"[""OG0000095-whole-mafft-floor1e-09-resolution0"",""OG0000095-whole-famsa-floor1e-09-resolution0""]"	"[""0cae3dc2d60aab44546ea86757c9027b6f46bad0d34e7485ee665a9cdf2c0b90-broad-chain1"",""0cae3dc2d60aab44546ea86757c9027b6f46bad0d34e7485ee665a9cdf2c0b90-broad-chain2"",""0cae3dc2d60aab44546ea86757c9027b6f46bad0d34e7485ee665a9cdf2c0b90-broad-chain3"",""0cae3dc2d60aab44546ea86757c9027b6f46bad0d34e7485ee665a9cdf2c0b90-broad-chain4""]"	[20261097, 20261098, 20261099, 20261100]	4	0	0	250	diagnostics_complete_requires_mixing_review	750	75	37	1	36	0	0	4	0	3	1	0	203800	20787	0	142228	61572	0	20766	21	0
0cae3dc2d60aab44546ea86757c9027b6f46bad0d34e7485ee665a9cdf2c0b90-broad	0cae3dc2d60aab44546ea86757c9027b6f46bad0d34e7485ee665a9cdf2c0b90	broad	OG0000095	83	"[""OG0000095-whole-mafft-floor1e-09-resolution0"",""OG0000095-whole-famsa-floor1e-09-resolution0""]"	"[""0cae3dc2d60aab44546ea86757c9027b6f46bad0d34e7485ee665a9cdf2c0b90-broad-chain1"",""0cae3dc2d60aab44546ea86757c9027b6f46bad0d34e7485ee665a9cdf2c0b90-broad-chain2"",""0cae3dc2d60aab44546ea86757c9027b6f46bad0d34e7485ee665a9cdf2c0b90-broad-chain3"",""0cae3dc2d60aab44546ea86757c9027b6f46bad0d34e7485ee665a9cdf2c0b90-broad-chain4""]"	[20261097, 20261098, 20261099, 20261100]	4	0	0	500	diagnostics_complete_requires_mixing_review	500	50	37	0	37	0	0	4	0	3	1	0	203800	19411	0	134128	69672	0	19390	21	0
0cae3dc2d60aab44546ea86757c9027b6f46bad0d34e7485ee665a9cdf2c0b90-centered	0cae3dc2d60aab44546ea86757c9027b6f46bad0d34e7485ee665a9cdf2c0b90	centered	OG0000095	83	"[""OG0000095-whole-mafft-floor1e-09-resolution0"",""OG0000095-whole-famsa-floor1e-09-resolution0""]"	"[""0cae3dc2d60aab44546ea86757c9027b6f46bad0d34e7485ee665a9cdf2c0b90-centered-chain1"",""0cae3dc2d60aab44546ea86757c9027b6f46bad0d34e7485ee665a9cdf2c0b90-centered-chain2"",""0cae3dc2d60aab44546ea86757c9027b6f46bad0d34e7485ee665a9cdf2c0b90-centered-chain3"",""0cae3dc2d60aab44546ea86757c9027b6f46bad0d34e7485ee665a9cdf2c0b90-centered-chain4""]"	[20261101, 20261102, 20261103, 20261104]	4	0	0	250	diagnostics_complete_requires_mixing_review	750	75	37	0	37	0	0	4	0	3	1	0	203800	20412	0	136415	67385	0	20391	21	0
0cae3dc2d60aab44546ea86757c9027b6f46bad0d34e7485ee665a9cdf2c0b90-centered	0cae3dc2d60aab44546ea86757c9027b6f46bad0d34e7485ee665a9cdf2c0b90	centered	OG0000095	83	"[""OG0000095-whole-mafft-floor1e-09-resolution0"",""OG0000095-whole-famsa-floor1e-09-resolution0""]"	"[""0cae3dc2d60aab44546ea86757c9027b6f46bad0d34e7485ee665a9cdf2c0b90-centered-chain1"",""0cae3dc2d60aab44546ea86757c9027b6f46bad0d34e7485ee665a9cdf2c0b90-centered-chain2"",""0cae3dc2d60aab44546ea86757c9027b6f46bad0d34e7485ee665a9cdf2c0b90-centered-chain3"",""0cae3dc2d60aab44546ea86757c9027b6f46bad0d34e7485ee665a9cdf2c0b90-centered-chain4""]"	[20261101, 20261102, 20261103, 20261104]	4	0	0	500	diagnostics_complete_requires_mixing_review	500	50	37	0	37	0	0	4	0	3	1	0	203800	19189	0	130543	73257	0	19168	21	0
0cae3dc2d60aab44546ea86757c9027b6f46bad0d34e7485ee665a9cdf2c0b90-package	0cae3dc2d60aab44546ea86757c9027b6f46bad0d34e7485ee665a9cdf2c0b90	package	OG0000095	83	"[""OG0000095-whole-mafft-floor1e-09-resolution0"",""OG0000095-whole-famsa-floor1e-09-resolution0""]"	"[""0cae3dc2d60aab44546ea86757c9027b6f46bad0d34e7485ee665a9cdf2c0b90-package-chain1"",""0cae3dc2d60aab44546ea86757c9027b6f46bad0d34e7485ee665a9cdf2c0b90-package-chain2"",""0cae3dc2d60aab44546ea86757c9027b6f46bad0d34e7485ee665a9cdf2c0b90-package-chain3"",""0cae3dc2d60aab44546ea86757c9027b6f46bad0d34e7485ee665a9cdf2c0b90-package-chain4""]"	[20261105, 20261106, 20261107, 20261108]	4	0	0	250	diagnostics_complete_requires_mixing_review	750	75	37	1	36	0	0	4	0	3	1	0	203800	20349	0	134504	69296	0	20328	21	0
0cae3dc2d60aab44546ea86757c9027b6f46bad0d34e7485ee665a9cdf2c0b90-package	0cae3dc2d60aab44546ea86757c9027b6f46bad0d34e7485ee665a9cdf2c0b90	package	OG0000095	83	"[""OG0000095-whole-mafft-floor1e-09-resolution0"",""OG0000095-whole-famsa-floor1e-09-resolution0""]"	"[""0cae3dc2d60aab44546ea86757c9027b6f46bad0d34e7485ee665a9cdf2c0b90-package-chain1"",""0cae3dc2d60aab44546ea86757c9027b6f46bad0d34e7485ee665a9cdf2c0b90-package-chain2"",""0cae3dc2d60aab44546ea86757c9027b6f46bad0d34e7485ee665a9cdf2c0b90-package-chain3"",""0cae3dc2d60aab44546ea86757c9027b6f46bad0d34e7485ee665a9cdf2c0b90-package-chain4""]"	[20261105, 20261106, 20261107, 20261108]	4	0	0	500	diagnostics_complete_requires_mixing_review	500	50	37	0	37	0	0	4	0	3	1	0	203800	19020	0	129263	74537	0	18999	21	0
0e1800595a7987350a4d698d720f58af5ae07ac6fe098dcc71ef4c3cbce71a5e-broad	0e1800595a7987350a4d698d720f58af5ae07ac6fe098dcc71ef4c3cbce71a5e	broad	OG0000972	563	"[""OG0000972-envelope-mafft-floor1e-09-resolution0"",""OG0000972-envelope-famsa-floor1e-09-resolution0""]"	"[""0e1800595a7987350a4d698d720f58af5ae07ac6fe098dcc71ef4c3cbce71a5e-broad-chain1"",""0e1800595a7987350a4d698d720f58af5ae07ac6fe098dcc71ef4c3cbce71a5e-broad-chain2"",""0e1800595a7987350a4d698d720f58af5ae07ac6fe098dcc71ef4c3cbce71a5e-broad-chain3"",""0e1800595a7987350a4d698d720f58af5ae07ac6fe098dcc71ef4c3cbce71a5e-broad-chain4""]"	[20261109, 20261110, 20261111, 20261112]	4	0	0	250	diagnostics_complete_requires_mixing_review	750	75	37	0	37	0	0	4	0	2	2	0	526620	8714	0	264269	262351	0	8693	21	0
0e1800595a7987350a4d698d720f58af5ae07ac6fe098dcc71ef4c3cbce71a5e-broad	0e1800595a7987350a4d698d720f58af5ae07ac6fe098dcc71ef4c3cbce71a5e	broad	OG0000972	563	"[""OG0000972-envelope-mafft-floor1e-09-resolution0"",""OG0000972-envelope-famsa-floor1e-09-resolution0""]"	"[""0e1800595a7987350a4d698d720f58af5ae07ac6fe098dcc71ef4c3cbce71a5e-broad-chain1"",""0e1800595a7987350a4d698d720f58af5ae07ac6fe098dcc71ef4c3cbce71a5e-broad-chain2"",""0e1800595a7987350a4d698d720f58af5ae07ac6fe098dcc71ef4c3cbce71a5e-broad-chain3"",""0e1800595a7987350a4d698d720f58af5ae07ac6fe098dcc71ef4c3cbce71a5e-broad-chain4""]"	[20261109, 20261110, 20261111, 20261112]	4	0	0	500	diagnostics_complete_requires_mixing_review	500	50	37	0	37	0	0	4	0	2	2	0	526620	7651	0	249548	277072	0	7630	21	0
0e1800595a7987350a4d698d720f58af5ae07ac6fe098dcc71ef4c3cbce71a5e-centered	0e1800595a7987350a4d698d720f58af5ae07ac6fe098dcc71ef4c3cbce71a5e	centered	OG0000972	563	"[""OG0000972-envelope-mafft-floor1e-09-resolution0"",""OG0000972-envelope-famsa-floor1e-09-resolution0""]"	"[""0e1800595a7987350a4d698d720f58af5ae07ac6fe098dcc71ef4c3cbce71a5e-centered-chain1"",""0e1800595a7987350a4d698d720f58af5ae07ac6fe098dcc71ef4c3cbce71a5e-centered-chain2"",""0e1800595a7987350a4d698d720f58af5ae07ac6fe098dcc71ef4c3cbce71a5e-centered-chain3"",""0e1800595a7987350a4d698d720f58af5ae07ac6fe098dcc71ef4c3cbce71a5e-centered-chain4""]"	[20261113, 20261114, 20261115, 20261116]	4	0	0	250	diagnostics_complete_requires_mixing_review	750	75	37	0	37	0	0	4	0	2	2	0	526620	8671	0	248560	278060	0	8650	21	0
0e1800595a7987350a4d698d720f58af5ae07ac6fe098dcc71ef4c3cbce71a5e-centered	0e1800595a7987350a4d698d720f58af5ae07ac6fe098dcc71ef4c3cbce71a5e	centered	OG0000972	563	"[""OG0000972-envelope-mafft-floor1e-09-resolution0"",""OG0000972-envelope-famsa-floor1e-09-resolution0""]"	"[""0e1800595a7987350a4d698d720f58af5ae07ac6fe098dcc71ef4c3cbce71a5e-centered-chain1"",""0e1800595a7987350a4d698d720f58af5ae07ac6fe098dcc71ef4c3cbce71a5e-centered-chain2"",""0e1800595a7987350a4d698d720f58af5ae07ac6fe098dcc71ef4c3cbce71a5e-centered-chain3"",""0e1800595a7987350a4d698d720f58af5ae07ac6fe098dcc71ef4c3cbce71a5e-centered-chain4""]"	[20261113, 20261114, 20261115, 20261116]	4	0	0	500	diagnostics_complete_requires_mixing_review	500	50	37	1	36	0	0	4	0	2	2	0	526620	7404	0	234872	291748	0	7383	21	0
0e1800595a7987350a4d698d720f58af5ae07ac6fe098dcc71ef4c3cbce71a5e-package	0e1800595a7987350a4d698d720f58af5ae07ac6fe098dcc71ef4c3cbce71a5e	package	OG0000972	563	"[""OG0000972-envelope-mafft-floor1e-09-resolution0"",""OG0000972-envelope-famsa-floor1e-09-resolution0""]"	"[""0e1800595a7987350a4d698d720f58af5ae07ac6fe098dcc71ef4c3cbce71a5e-package-chain1"",""0e1800595a7987350a4d698d720f58af5ae07ac6fe098dcc71ef4c3cbce71a5e-package-chain2"",""0e1800595a7987350a4d698d720f58af5ae07ac6fe098dcc71ef4c3cbce71a5e-package-chain3"",""0e1800595a7987350a4d698d720f58af5ae07ac6fe098dcc71ef4c3cbce71a5e-package-chain4""]"	[20261117, 20261118, 20261119, 20261120]	4	0	1	250	diagnostics_complete_requires_mixing_review	750	75	37	1	36	0	0	4	0	2	2	0	526620	8602	0	242776	283844	0	8581	21	0
0e1800595a7987350a4d698d720f58af5ae07ac6fe098dcc71ef4c3cbce71a5e-package	0e1800595a7987350a4d698d720f58af5ae07ac6fe098dcc71ef4c3cbce71a5e	package	OG0000972	563	"[""OG0000972-envelope-mafft-floor1e-09-resolution0"",""OG0000972-envelope-famsa-floor1e-09-resolution0""]"	"[""0e1800595a7987350a4d698d720f58af5ae07ac6fe098dcc71ef4c3cbce71a5e-package-chain1"",""0e1800595a7987350a4d698d720f58af5ae07ac6fe098dcc71ef4c3cbce71a5e-package-chain2"",""0e1800595a7987350a4d698d720f58af5ae07ac6fe098dcc71ef4c3cbce71a5e-package-chain3"",""0e1800595a7987350a4d698d720f58af5ae07ac6fe098dcc71ef4c3cbce71a5e-package-chain4""]"	[20261117, 20261118, 20261119, 20261120]	4	0	1	500	diagnostics_complete_requires_mixing_review	500	50	37	0	37	0	0	4	0	2	2	0	526620	7391	0	227896	298724	0	7370	21	0
0ef770b4b439d83efd7e0aaa89c47699096b9c338c35538f89a59e49bc670a07-broad	0ef770b4b439d83efd7e0aaa89c47699096b9c338c35538f89a59e49bc670a07	broad	OG0000230	24	"[""OG0000230-envelope-mafft-floor1e-09-resolution11"",""OG0000230-envelope-famsa-floor1e-09-resolution11""]"	"[""0ef770b4b439d83efd7e0aaa89c47699096b9c338c35538f89a59e49bc670a07-broad-chain1"",""0ef770b4b439d83efd7e0aaa89c47699096b9c338c35538f89a59e49bc670a07-broad-chain2"",""0ef770b4b439d83efd7e0aaa89c47699096b9c338c35538f89a59e49bc670a07-broad-chain3"",""0ef770b4b439d83efd7e0aaa89c47699096b9c338c35538f89a59e49bc670a07-broad-chain4""]"	[20261121, 20261122, 20261123, 20261124]	4	0	0	250	diagnostics_complete_requires_mixing_review	750	75	37	17	20	0	0	4	0	1	3	0	11132	336	0	4448	6684	0	316	20	0
0ef770b4b439d83efd7e0aaa89c47699096b9c338c35538f89a59e49bc670a07-broad	0ef770b4b439d83efd7e0aaa89c47699096b9c338c35538f89a59e49bc670a07	broad	OG0000230	24	"[""OG0000230-envelope-mafft-floor1e-09-resolution11"",""OG0000230-envelope-famsa-floor1e-09-resolution11""]"	"[""0ef770b4b439d83efd7e0aaa89c47699096b9c338c35538f89a59e49bc670a07-broad-chain1"",""0ef770b4b439d83efd7e0aaa89c47699096b9c338c35538f89a59e49bc670a07-broad-chain2"",""0ef770b4b439d83efd7e0aaa89c47699096b9c338c35538f89a59e49bc670a07-broad-chain3"",""0ef770b4b439d83efd7e0aaa89c47699096b9c338c35538f89a59e49bc670a07-broad-chain4""]"	[20261121, 20261122, 20261123, 20261124]	4	0	0	500	diagnostics_complete_requires_mixing_review	500	50	37	13	24	0	0	4	0	0	4	0	11132	322	0	4256	6876	0	302	20	0
0ef770b4b439d83efd7e0aaa89c47699096b9c338c35538f89a59e49bc670a07-centered	0ef770b4b439d83efd7e0aaa89c47699096b9c338c35538f89a59e49bc670a07	centered	OG0000230	24	"[""OG0000230-envelope-mafft-floor1e-09-resolution11"",""OG0000230-envelope-famsa-floor1e-09-resolution11""]"	"[""0ef770b4b439d83efd7e0aaa89c47699096b9c338c35538f89a59e49bc670a07-centered-chain1"",""0ef770b4b439d83efd7e0aaa89c47699096b9c338c35538f89a59e49bc670a07-centered-chain2"",""0ef770b4b439d83efd7e0aaa89c47699096b9c338c35538f89a59e49bc670a07-centered-chain3"",""0ef770b4b439d83efd7e0aaa89c47699096b9c338c35538f89a59e49bc670a07-centered-chain4""]"	[20261125, 20261126, 20261127, 20261128]	4	0	0	250	diagnostics_complete_requires_mixing_review	750	75	37	14	23	0	0	4	0	1	3	0	11132	320	0	4712	6420	0	300	20	0
0ef770b4b439d83efd7e0aaa89c47699096b9c338c35538f89a59e49bc670a07-centered	0ef770b4b439d83efd7e0aaa89c47699096b9c338c35538f89a59e49bc670a07	centered	OG0000230	24	"[""OG0000230-envelope-mafft-floor1e-09-resolution11"",""OG0000230-envelope-famsa-floor1e-09-resolution11""]"	"[""0ef770b4b439d83efd7e0aaa89c47699096b9c338c35538f89a59e49bc670a07-centered-chain1"",""0ef770b4b439d83efd7e0aaa89c47699096b9c338c35538f89a59e49bc670a07-centered-chain2"",""0ef770b4b439d83efd7e0aaa89c47699096b9c338c35538f89a59e49bc670a07-centered-chain3"",""0ef770b4b439d83efd7e0aaa89c47699096b9c338c35538f89a59e49bc670a07-centered-chain4""]"	[20261125, 20261126, 20261127, 20261128]	4	0	0	500	diagnostics_complete_requires_mixing_review	500	50	37	17	20	0	0	4	0	1	3	0	11132	298	0	4434	6698	0	278	20	0
0ef770b4b439d83efd7e0aaa89c47699096b9c338c35538f89a59e49bc670a07-package	0ef770b4b439d83efd7e0aaa89c47699096b9c338c35538f89a59e49bc670a07	package	OG0000230	24	"[""OG0000230-envelope-mafft-floor1e-09-resolution11"",""OG0000230-envelope-famsa-floor1e-09-resolution11""]"	"[""0ef770b4b439d83efd7e0aaa89c47699096b9c338c35538f89a59e49bc670a07-package-chain1"",""0ef770b4b439d83efd7e0aaa89c47699096b9c338c35538f89a59e49bc670a07-package-chain2"",""0ef770b4b439d83efd7e0aaa89c47699096b9c338c35538f89a59e49bc670a07-package-chain3"",""0ef770b4b439d83efd7e0aaa89c47699096b9c338c35538f89a59e49bc670a07-package-chain4""]"	[20261129, 20261130, 20261131, 20261132]	4	0	0	250	diagnostics_complete_requires_mixing_review	750	75	37	17	20	0	0	4	0	1	3	0	11132	343	0	4543	6589	0	323	20	0
0ef770b4b439d83efd7e0aaa89c47699096b9c338c35538f89a59e49bc670a07-package	0ef770b4b439d83efd7e0aaa89c47699096b9c338c35538f89a59e49bc670a07	package	OG0000230	24	"[""OG0000230-envelope-mafft-floor1e-09-resolution11"",""OG0000230-envelope-famsa-floor1e-09-resolution11""]"	"[""0ef770b4b439d83efd7e0aaa89c47699096b9c338c35538f89a59e49bc670a07-package-chain1"",""0ef770b4b439d83efd7e0aaa89c47699096b9c338c35538f89a59e49bc670a07-package-chain2"",""0ef770b4b439d83efd7e0aaa89c47699096b9c338c35538f89a59e49bc670a07-package-chain3"",""0ef770b4b439d83efd7e0aaa89c47699096b9c338c35538f89a59e49bc670a07-package-chain4""]"	[20261129, 20261130, 20261131, 20261132]	4	0	0	500	diagnostics_complete_requires_mixing_review	500	50	37	17	20	0	0	4	0	1	3	0	11132	320	0	4368	6764	0	300	20	0
115eddc6463d187990aab4ca2061b625671608201270888eb213459a41e3d812-broad	115eddc6463d187990aab4ca2061b625671608201270888eb213459a41e3d812	broad	OG0000230	24	"[""OG0000230-envelope-mafft-floor1e-09-resolution5"",""OG0000230-envelope-famsa-floor1e-09-resolution5""]"	"[""115eddc6463d187990aab4ca2061b625671608201270888eb213459a41e3d812-broad-chain1"",""115eddc6463d187990aab4ca2061b625671608201270888eb213459a41e3d812-broad-chain2"",""115eddc6463d187990aab4ca2061b625671608201270888eb213459a41e3d812-broad-chain3"",""115eddc6463d187990aab4ca2061b625671608201270888eb213459a41e3d812-broad-chain4""]"	[20261133, 20261134, 20261135, 20261136]	4	0	0	250	diagnostics_complete_requires_mixing_review	750	75	37	18	19	0	0	4	0	1	3	0	11132	320	0	4624	6508	0	300	20	0
115eddc6463d187990aab4ca2061b625671608201270888eb213459a41e3d812-broad	115eddc6463d187990aab4ca2061b625671608201270888eb213459a41e3d812	broad	OG0000230	24	"[""OG0000230-envelope-mafft-floor1e-09-resolution5"",""OG0000230-envelope-famsa-floor1e-09-resolution5""]"	"[""115eddc6463d187990aab4ca2061b625671608201270888eb213459a41e3d812-broad-chain1"",""115eddc6463d187990aab4ca2061b625671608201270888eb213459a41e3d812-broad-chain2"",""115eddc6463d187990aab4ca2061b625671608201270888eb213459a41e3d812-broad-chain3"",""115eddc6463d187990aab4ca2061b625671608201270888eb213459a41e3d812-broad-chain4""]"	[20261133, 20261134, 20261135, 20261136]	4	0	0	500	diagnostics_complete_requires_mixing_review	500	50	37	15	22	0	0	4	0	0	4	0	11132	286	0	4340	6792	0	266	20	0
115eddc6463d187990aab4ca2061b625671608201270888eb213459a41e3d812-centered	115eddc6463d187990aab4ca2061b625671608201270888eb213459a41e3d812	centered	OG0000230	24	"[""OG0000230-envelope-mafft-floor1e-09-resolution5"",""OG0000230-envelope-famsa-floor1e-09-resolution5""]"	"[""115eddc6463d187990aab4ca2061b625671608201270888eb213459a41e3d812-centered-chain1"",""115eddc6463d187990aab4ca2061b625671608201270888eb213459a41e3d812-centered-chain2"",""115eddc6463d187990aab4ca2061b625671608201270888eb213459a41e3d812-centered-chain3"",""115eddc6463d187990aab4ca2061b625671608201270888eb213459a41e3d812-centered-chain4""]"	[20261137, 20261138, 20261139, 20261140]	4	0	0	250	diagnostics_complete_requires_mixing_review	750	75	37	1	36	0	0	4	0	1	3	0	11132	439	0	5615	5517	0	419	20	0
115eddc6463d187990aab4ca2061b625671608201270888eb213459a41e3d812-centered	115eddc6463d187990aab4ca2061b625671608201270888eb213459a41e3d812	centered	OG0000230	24	"[""OG0000230-envelope-mafft-floor1e-09-resolution5"",""OG0000230-envelope-famsa-floor1e-09-resolution5""]"	"[""115eddc6463d187990aab4ca2061b625671608201270888eb213459a41e3d812-centered-chain1"",""115eddc6463d187990aab4ca2061b625671608201270888eb213459a41e3d812-centered-chain2"",""115eddc6463d187990aab4ca2061b625671608201270888eb213459a41e3d812-centered-chain3"",""115eddc6463d187990aab4ca2061b625671608201270888eb213459a41e3d812-centered-chain4""]"	[20261137, 20261138, 20261139, 20261140]	4	0	0	500	diagnostics_complete_requires_mixing_review	500	50	37	1	36	0	0	4	0	1	3	0	11132	418	0	5447	5685	0	398	20	0
115eddc6463d187990aab4ca2061b625671608201270888eb213459a41e3d812-package	115eddc6463d187990aab4ca2061b625671608201270888eb213459a41e3d812	package	OG0000230	24	"[""OG0000230-envelope-mafft-floor1e-09-resolution5"",""OG0000230-envelope-famsa-floor1e-09-resolution5""]"	"[""115eddc6463d187990aab4ca2061b625671608201270888eb213459a41e3d812-package-chain1"",""115eddc6463d187990aab4ca2061b625671608201270888eb213459a41e3d812-package-chain2"",""115eddc6463d187990aab4ca2061b625671608201270888eb213459a41e3d812-package-chain3"",""115eddc6463d187990aab4ca2061b625671608201270888eb213459a41e3d812-package-chain4""]"	[20261141, 20261142, 20261143, 20261144]	4	0	0	250	diagnostics_complete_requires_mixing_review	750	75	37	18	19	0	0	4	0	0	4	0	11132	311	0	4363	6769	0	291	20	0
115eddc6463d187990aab4ca2061b625671608201270888eb213459a41e3d812-package	115eddc6463d187990aab4ca2061b625671608201270888eb213459a41e3d812	package	OG0000230	24	"[""OG0000230-envelope-mafft-floor1e-09-resolution5"",""OG0000230-envelope-famsa-floor1e-09-resolution5""]"	"[""115eddc6463d187990aab4ca2061b625671608201270888eb213459a41e3d812-package-chain1"",""115eddc6463d187990aab4ca2061b625671608201270888eb213459a41e3d812-package-chain2"",""115eddc6463d187990aab4ca2061b625671608201270888eb213459a41e3d812-package-chain3"",""115eddc6463d187990aab4ca2061b625671608201270888eb213459a41e3d812-package-chain4""]"	[20261141, 20261142, 20261143, 20261144]	4	0	0	500	diagnostics_complete_requires_mixing_review	500	50	37	17	20	0	0	4	0	0	4	0	11132	302	0	4288	6844	0	282	20	0
1215fce145aa6a564b4858e2bf8d86023d6e5ddc500c5b358ed6016a4777df0c-broad	1215fce145aa6a564b4858e2bf8d86023d6e5ddc500c5b358ed6016a4777df0c	broad	OG0001200	29	"[""OG0001200-whole-mafft-floor1e-07-resolution0"",""OG0001200-whole-famsa-floor1e-07-resolution0""]"	"[""1215fce145aa6a564b4858e2bf8d86023d6e5ddc500c5b358ed6016a4777df0c-broad-chain1"",""1215fce145aa6a564b4858e2bf8d86023d6e5ddc500c5b358ed6016a4777df0c-broad-chain2"",""1215fce145aa6a564b4858e2bf8d86023d6e5ddc500c5b358ed6016a4777df0c-broad-chain3"",""1215fce145aa6a564b4858e2bf8d86023d6e5ddc500c5b358ed6016a4777df0c-broad-chain4""]"	[20261145, 20261146, 20261147, 20261148]	4	0	0	250	diagnostics_complete_requires_mixing_review	750	75	37	2	35	0	0	4	0	1	3	0	54620	4312	0	37512	17108	0	4291	21	0
1215fce145aa6a564b4858e2bf8d86023d6e5ddc500c5b358ed6016a4777df0c-broad	1215fce145aa6a564b4858e2bf8d86023d6e5ddc500c5b358ed6016a4777df0c	broad	OG0001200	29	"[""OG0001200-whole-mafft-floor1e-07-resolution0"",""OG0001200-whole-famsa-floor1e-07-resolution0""]"	"[""1215fce145aa6a564b4858e2bf8d86023d6e5ddc500c5b358ed6016a4777df0c-broad-chain1"",""1215fce145aa6a564b4858e2bf8d86023d6e5ddc500c5b358ed6016a4777df0c-broad-chain2"",""1215fce145aa6a564b4858e2bf8d86023d6e5ddc500c5b358ed6016a4777df0c-broad-chain3"",""1215fce145aa6a564b4858e2bf8d86023d6e5ddc500c5b358ed6016a4777df0c-broad-chain4""]"	[20261145, 20261146, 20261147, 20261148]	4	0	0	500	diagnostics_complete_requires_mixing_review	500	50	37	1	36	0	0	4	0	1	3	0	54620	4012	0	36349	18271	0	3991	21	0
1215fce145aa6a564b4858e2bf8d86023d6e5ddc500c5b358ed6016a4777df0c-centered	1215fce145aa6a564b4858e2bf8d86023d6e5ddc500c5b358ed6016a4777df0c	centered	OG0001200	29	"[""OG0001200-whole-mafft-floor1e-07-resolution0"",""OG0001200-whole-famsa-floor1e-07-resolution0""]"	"[""1215fce145aa6a564b4858e2bf8d86023d6e5ddc500c5b358ed6016a4777df0c-centered-chain1"",""1215fce145aa6a564b4858e2bf8d86023d6e5ddc500c5b358ed6016a4777df0c-centered-chain2"",""1215fce145aa6a564b4858e2bf8d86023d6e5ddc500c5b358ed6016a4777df0c-centered-chain3"",""1215fce145aa6a564b4858e2bf8d86023d6e5ddc500c5b358ed6016a4777df0c-centered-chain4""]"	[20261149, 20261150, 20261151, 20261152]	4	0	0	250	diagnostics_complete_requires_mixing_review	750	75	37	3	34	0	0	4	0	2	2	0	54620	3358	0	24032	30588	0	3337	21	0
1215fce145aa6a564b4858e2bf8d86023d6e5ddc500c5b358ed6016a4777df0c-centered	1215fce145aa6a564b4858e2bf8d86023d6e5ddc500c5b358ed6016a4777df0c	centered	OG0001200	29	"[""OG0001200-whole-mafft-floor1e-07-resolution0"",""OG0001200-whole-famsa-floor1e-07-resolution0""]"	"[""1215fce145aa6a564b4858e2bf8d86023d6e5ddc500c5b358ed6016a4777df0c-centered-chain1"",""1215fce145aa6a564b4858e2bf8d86023d6e5ddc500c5b358ed6016a4777df0c-centered-chain2"",""1215fce145aa6a564b4858e2bf8d86023d6e5ddc500c5b358ed6016a4777df0c-centered-chain3"",""1215fce145aa6a564b4858e2bf8d86023d6e5ddc500c5b358ed6016a4777df0c-centered-chain4""]"	[20261149, 20261150, 20261151, 20261152]	4	0	0	500	diagnostics_complete_requires_mixing_review	500	50	37	2	35	0	0	4	0	2	2	0	54620	3157	0	22563	32057	0	3136	21	0
1215fce145aa6a564b4858e2bf8d86023d6e5ddc500c5b358ed6016a4777df0c-package	1215fce145aa6a564b4858e2bf8d86023d6e5ddc500c5b358ed6016a4777df0c	package	OG0001200	29	"[""OG0001200-whole-mafft-floor1e-07-resolution0"",""OG0001200-whole-famsa-floor1e-07-resolution0""]"	"[""1215fce145aa6a564b4858e2bf8d86023d6e5ddc500c5b358ed6016a4777df0c-package-chain1"",""1215fce145aa6a564b4858e2bf8d86023d6e5ddc500c5b358ed6016a4777df0c-package-chain2"",""1215fce145aa6a564b4858e2bf8d86023d6e5ddc500c5b358ed6016a4777df0c-package-chain3"",""1215fce145aa6a564b4858e2bf8d86023d6e5ddc500c5b358ed6016a4777df0c-package-chain4""]"	[20261153, 20261154, 20261155, 20261156]	4	0	0	250	diagnostics_complete_requires_mixing_review	750	75	37	1	36	0	0	4	0	2	2	0	54620	3310	0	23779	30841	0	3289	21	0
1215fce145aa6a564b4858e2bf8d86023d6e5ddc500c5b358ed6016a4777df0c-package	1215fce145aa6a564b4858e2bf8d86023d6e5ddc500c5b358ed6016a4777df0c	package	OG0001200	29	"[""OG0001200-whole-mafft-floor1e-07-resolution0"",""OG0001200-whole-famsa-floor1e-07-resolution0""]"	"[""1215fce145aa6a564b4858e2bf8d86023d6e5ddc500c5b358ed6016a4777df0c-package-chain1"",""1215fce145aa6a564b4858e2bf8d86023d6e5ddc500c5b358ed6016a4777df0c-package-chain2"",""1215fce145aa6a564b4858e2bf8d86023d6e5ddc500c5b358ed6016a4777df0c-package-chain3"",""1215fce145aa6a564b4858e2bf8d86023d6e5ddc500c5b358ed6016a4777df0c-package-chain4""]"	[20261153, 20261154, 20261155, 20261156]	4	0	0	500	diagnostics_complete_requires_mixing_review	500	50	37	1	36	0	0	4	0	2	2	0	54620	3057	0	22426	32194	0	3036	21	0
13b1f33d4b0adf72a2ccc3e2f30cba0a88fba51c1afbb0f1ca6703933894f258-broad	13b1f33d4b0adf72a2ccc3e2f30cba0a88fba51c1afbb0f1ca6703933894f258	broad	OG0000230	24	"[""OG0000230-whole-mafft-floor1e-09-resolution2"",""OG0000230-whole-famsa-floor1e-09-resolution2""]"	"[""13b1f33d4b0adf72a2ccc3e2f30cba0a88fba51c1afbb0f1ca6703933894f258-broad-chain1"",""13b1f33d4b0adf72a2ccc3e2f30cba0a88fba51c1afbb0f1ca6703933894f258-broad-chain2"",""13b1f33d4b0adf72a2ccc3e2f30cba0a88fba51c1afbb0f1ca6703933894f258-broad-chain3"",""13b1f33d4b0adf72a2ccc3e2f30cba0a88fba51c1afbb0f1ca6703933894f258-broad-chain4""]"	[20261157, 20261158, 20261159, 20261160]	4	0	0	250	diagnostics_complete_requires_mixing_review	750	75	37	6	31	0	0	4	0	1	3	0	63296	2079	0	25550	37746	0	2058	21	0
13b1f33d4b0adf72a2ccc3e2f30cba0a88fba51c1afbb0f1ca6703933894f258-broad	13b1f33d4b0adf72a2ccc3e2f30cba0a88fba51c1afbb0f1ca6703933894f258	broad	OG0000230	24	"[""OG0000230-whole-mafft-floor1e-09-resolution2"",""OG0000230-whole-famsa-floor1e-09-resolution2""]"	"[""13b1f33d4b0adf72a2ccc3e2f30cba0a88fba51c1afbb0f1ca6703933894f258-broad-chain1"",""13b1f33d4b0adf72a2ccc3e2f30cba0a88fba51c1afbb0f1ca6703933894f258-broad-chain2"",""13b1f33d4b0adf72a2ccc3e2f30cba0a88fba51c1afbb0f1ca6703933894f258-broad-chain3"",""13b1f33d4b0adf72a2ccc3e2f30cba0a88fba51c1afbb0f1ca6703933894f258-broad-chain4""]"	[20261157, 20261158, 20261159, 20261160]	4	0	0	500	diagnostics_complete_requires_mixing_review	500	50	37	3	34	0	0	4	0	1	3	0	63296	1958	0	23902	39394	0	1937	21	0
13b1f33d4b0adf72a2ccc3e2f30cba0a88fba51c1afbb0f1ca6703933894f258-centered	13b1f33d4b0adf72a2ccc3e2f30cba0a88fba51c1afbb0f1ca6703933894f258	centered	OG0000230	24	"[""OG0000230-whole-mafft-floor1e-09-resolution2"",""OG0000230-whole-famsa-floor1e-09-resolution2""]"	"[""13b1f33d4b0adf72a2ccc3e2f30cba0a88fba51c1afbb0f1ca6703933894f258-centered-chain1"",""13b1f33d4b0adf72a2ccc3e2f30cba0a88fba51c1afbb0f1ca6703933894f258-centered-chain2"",""13b1f33d4b0adf72a2ccc3e2f30cba0a88fba51c1afbb0f1ca6703933894f258-centered-chain3"",""13b1f33d4b0adf72a2ccc3e2f30cba0a88fba51c1afbb0f1ca6703933894f258-centered-chain4""]"	[20261161, 20261162, 20261163, 20261164]	4	0	0	250	diagnostics_complete_requires_mixing_review	750	75	37	2	35	0	0	4	0	1	3	0	63296	2139	0	25162	38134	0	2118	21	0
13b1f33d4b0adf72a2ccc3e2f30cba0a88fba51c1afbb0f1ca6703933894f258-centered	13b1f33d4b0adf72a2ccc3e2f30cba0a88fba51c1afbb0f1ca6703933894f258	centered	OG0000230	24	"[""OG0000230-whole-mafft-floor1e-09-resolution2"",""OG0000230-whole-famsa-floor1e-09-resolution2""]"	"[""13b1f33d4b0adf72a2ccc3e2f30cba0a88fba51c1afbb0f1ca6703933894f258-centered-chain1"",""13b1f33d4b0adf72a2ccc3e2f30cba0a88fba51c1afbb0f1ca6703933894f258-centered-chain2"",""13b1f33d4b0adf72a2ccc3e2f30cba0a88fba51c1afbb0f1ca6703933894f258-centered-chain3"",""13b1f33d4b0adf72a2ccc3e2f30cba0a88fba51c1afbb0f1ca6703933894f258-centered-chain4""]"	[20261161, 20261162, 20261163, 20261164]	4	0	0	500	diagnostics_complete_requires_mixing_review	500	50	37	1	36	0	0	4	0	1	3	0	63296	1991	0	23930	39366	0	1970	21	0
13b1f33d4b0adf72a2ccc3e2f30cba0a88fba51c1afbb0f1ca6703933894f258-package	13b1f33d4b0adf72a2ccc3e2f30cba0a88fba51c1afbb0f1ca6703933894f258	package	OG0000230	24	"[""OG0000230-whole-mafft-floor1e-09-resolution2"",""OG0000230-whole-famsa-floor1e-09-resolution2""]"	"[""13b1f33d4b0adf72a2ccc3e2f30cba0a88fba51c1afbb0f1ca6703933894f258-package-chain1"",""13b1f33d4b0adf72a2ccc3e2f30cba0a88fba51c1afbb0f1ca6703933894f258-package-chain2"",""13b1f33d4b0adf72a2ccc3e2f30cba0a88fba51c1afbb0f1ca6703933894f258-package-chain3"",""13b1f33d4b0adf72a2ccc3e2f30cba0a88fba51c1afbb0f1ca6703933894f258-package-chain4""]"	[20261165, 20261166, 20261167, 20261168]	4	0	0	250	diagnostics_complete_requires_mixing_review	750	75	37	1	36	0	0	4	0	1	3	0	63296	2279	0	29470	33826	0	2258	21	0
13b1f33d4b0adf72a2ccc3e2f30cba0a88fba51c1afbb0f1ca6703933894f258-package	13b1f33d4b0adf72a2ccc3e2f30cba0a88fba51c1afbb0f1ca6703933894f258	package	OG0000230	24	"[""OG0000230-whole-mafft-floor1e-09-resolution2"",""OG0000230-whole-famsa-floor1e-09-resolution2""]"	"[""13b1f33d4b0adf72a2ccc3e2f30cba0a88fba51c1afbb0f1ca6703933894f258-package-chain1"",""13b1f33d4b0adf72a2ccc3e2f30cba0a88fba51c1afbb0f1ca6703933894f258-package-chain2"",""13b1f33d4b0adf72a2ccc3e2f30cba0a88fba51c1afbb0f1ca6703933894f258-package-chain3"",""13b1f33d4b0adf72a2ccc3e2f30cba0a88fba51c1afbb0f1ca6703933894f258-package-chain4""]"	[20261165, 20261166, 20261167, 20261168]	4	0	0	500	diagnostics_complete_requires_mixing_review	500	50	37	1	36	0	0	4	0	1	3	0	63296	2137	0	27955	35341	0	2116	21	0
1460e6152760deed0e5c05d74a85a91539f07cd965f8cb928038e92aa9fab72d-broad	1460e6152760deed0e5c05d74a85a91539f07cd965f8cb928038e92aa9fab72d	broad	OG0000230	24	"[""OG0000230-alignment-mafft-floor1e-07-resolution10"",""OG0000230-alignment-famsa-floor1e-07-resolution10""]"	"[""1460e6152760deed0e5c05d74a85a91539f07cd965f8cb928038e92aa9fab72d-broad-chain1"",""1460e6152760deed0e5c05d74a85a91539f07cd965f8cb928038e92aa9fab72d-broad-chain2"",""1460e6152760deed0e5c05d74a85a91539f07cd965f8cb928038e92aa9fab72d-broad-chain3"",""1460e6152760deed0e5c05d74a85a91539f07cd965f8cb928038e92aa9fab72d-broad-chain4""]"	[20261169, 20261170, 20261171, 20261172]	4	0	0	250	diagnostics_complete_requires_mixing_review	750	75	37	7	30	0	0	4	0	0	4	0	10924	395	0	5533	5391	0	375	20	0
1460e6152760deed0e5c05d74a85a91539f07cd965f8cb928038e92aa9fab72d-broad	1460e6152760deed0e5c05d74a85a91539f07cd965f8cb928038e92aa9fab72d	broad	OG0000230	24	"[""OG0000230-alignment-mafft-floor1e-07-resolution10"",""OG0000230-alignment-famsa-floor1e-07-resolution10""]"	"[""1460e6152760deed0e5c05d74a85a91539f07cd965f8cb928038e92aa9fab72d-broad-chain1"",""1460e6152760deed0e5c05d74a85a91539f07cd965f8cb928038e92aa9fab72d-broad-chain2"",""1460e6152760deed0e5c05d74a85a91539f07cd965f8cb928038e92aa9fab72d-broad-chain3"",""1460e6152760deed0e5c05d74a85a91539f07cd965f8cb928038e92aa9fab72d-broad-chain4""]"	[20261169, 20261170, 20261171, 20261172]	4	0	0	500	diagnostics_complete_requires_mixing_review	500	50	37	10	27	0	0	4	0	0	4	0	10924	366	0	5057	5867	0	346	20	0
1460e6152760deed0e5c05d74a85a91539f07cd965f8cb928038e92aa9fab72d-centered	1460e6152760deed0e5c05d74a85a91539f07cd965f8cb928038e92aa9fab72d	centered	OG0000230	24	"[""OG0000230-alignment-mafft-floor1e-07-resolution10"",""OG0000230-alignment-famsa-floor1e-07-resolution10""]"	"[""1460e6152760deed0e5c05d74a85a91539f07cd965f8cb928038e92aa9fab72d-centered-chain1"",""1460e6152760deed0e5c05d74a85a91539f07cd965f8cb928038e92aa9fab72d-centered-chain2"",""1460e6152760deed0e5c05d74a85a91539f07cd965f8cb928038e92aa9fab72d-centered-chain3"",""1460e6152760deed0e5c05d74a85a91539f07cd965f8cb928038e92aa9fab72d-centered-chain4""]"	[20261173, 20261174, 20261175, 20261176]	4	0	0	250	diagnostics_complete_requires_mixing_review	750	75	37	7	30	0	0	4	0	0	4	0	10924	427	0	5295	5629	0	407	20	0
1460e6152760deed0e5c05d74a85a91539f07cd965f8cb928038e92aa9fab72d-centered	1460e6152760deed0e5c05d74a85a91539f07cd965f8cb928038e92aa9fab72d	centered	OG0000230	24	"[""OG0000230-alignment-mafft-floor1e-07-resolution10"",""OG0000230-alignment-famsa-floor1e-07-resolution10""]"	"[""1460e6152760deed0e5c05d74a85a91539f07cd965f8cb928038e92aa9fab72d-centered-chain1"",""1460e6152760deed0e5c05d74a85a91539f07cd965f8cb928038e92aa9fab72d-centered-chain2"",""1460e6152760deed0e5c05d74a85a91539f07cd965f8cb928038e92aa9fab72d-centered-chain3"",""1460e6152760deed0e5c05d74a85a91539f07cd965f8cb928038e92aa9fab72d-centered-chain4""]"	[20261173, 20261174, 20261175, 20261176]	4	0	0	500	diagnostics_complete_requires_mixing_review	500	50	37	6	31	0	0	4	0	0	4	0	10924	393	0	5074	5850	0	373	20	0
1460e6152760deed0e5c05d74a85a91539f07cd965f8cb928038e92aa9fab72d-package	1460e6152760deed0e5c05d74a85a91539f07cd965f8cb928038e92aa9fab72d	package	OG0000230	24	"[""OG0000230-alignment-mafft-floor1e-07-resolution10"",""OG0000230-alignment-famsa-floor1e-07-resolution10""]"	"[""1460e6152760deed0e5c05d74a85a91539f07cd965f8cb928038e92aa9fab72d-package-chain1"",""1460e6152760deed0e5c05d74a85a91539f07cd965f8cb928038e92aa9fab72d-package-chain2"",""1460e6152760deed0e5c05d74a85a91539f07cd965f8cb928038e92aa9fab72d-package-chain3"",""1460e6152760deed0e5c05d74a85a91539f07cd965f8cb928038e92aa9fab72d-package-chain4""]"	[20261177, 20261178, 20261179, 20261180]	4	0	0	250	diagnostics_complete_requires_mixing_review	750	75	37	4	33	0	0	4	0	0	4	0	10924	408	0	5400	5524	0	388	20	0
1460e6152760deed0e5c05d74a85a91539f07cd965f8cb928038e92aa9fab72d-package	1460e6152760deed0e5c05d74a85a91539f07cd965f8cb928038e92aa9fab72d	package	OG0000230	24	"[""OG0000230-alignment-mafft-floor1e-07-resolution10"",""OG0000230-alignment-famsa-floor1e-07-resolution10""]"	"[""1460e6152760deed0e5c05d74a85a91539f07cd965f8cb928038e92aa9fab72d-package-chain1"",""1460e6152760deed0e5c05d74a85a91539f07cd965f8cb928038e92aa9fab72d-package-chain2"",""1460e6152760deed0e5c05d74a85a91539f07cd965f8cb928038e92aa9fab72d-package-chain3"",""1460e6152760deed0e5c05d74a85a91539f07cd965f8cb928038e92aa9fab72d-package-chain4""]"	[20261177, 20261178, 20261179, 20261180]	4	0	0	500	diagnostics_complete_requires_mixing_review	500	50	37	4	33	0	0	4	0	0	4	0	10924	353	0	5019	5905	0	333	20	0
15634238b537095c9ffe3f58e0c889ec565b445029ee61727b0cc2b3a5578bcd-broad	15634238b537095c9ffe3f58e0c889ec565b445029ee61727b0cc2b3a5578bcd	broad	OG0000054	11	"[""OG0000054-envelope-mafft-floor1e-09-resolution0"",""OG0000054-envelope-mafft-floor1e-07-resolution0"",""OG0000054-envelope-famsa-floor1e-09-resolution0"",""OG0000054-envelope-famsa-floor1e-07-resolution0""]"	"[""15634238b537095c9ffe3f58e0c889ec565b445029ee61727b0cc2b3a5578bcd-broad-chain1"",""15634238b537095c9ffe3f58e0c889ec565b445029ee61727b0cc2b3a5578bcd-broad-chain2"",""15634238b537095c9ffe3f58e0c889ec565b445029ee61727b0cc2b3a5578bcd-broad-chain3"",""15634238b537095c9ffe3f58e0c889ec565b445029ee61727b0cc2b3a5578bcd-broad-chain4""]"	[20261181, 20261182, 20261183, 20261184]	4	0	0	250	diagnostics_complete_requires_mixing_review	750	75	37	3	34	0	0	4	0	0	4	0	4080	403	0	2244	1836	0	384	19	0
15634238b537095c9ffe3f58e0c889ec565b445029ee61727b0cc2b3a5578bcd-broad	15634238b537095c9ffe3f58e0c889ec565b445029ee61727b0cc2b3a5578bcd	broad	OG0000054	11	"[""OG0000054-envelope-mafft-floor1e-09-resolution0"",""OG0000054-envelope-mafft-floor1e-07-resolution0"",""OG0000054-envelope-famsa-floor1e-09-resolution0"",""OG0000054-envelope-famsa-floor1e-07-resolution0""]"	"[""15634238b537095c9ffe3f58e0c889ec565b445029ee61727b0cc2b3a5578bcd-broad-chain1"",""15634238b537095c9ffe3f58e0c889ec565b445029ee61727b0cc2b3a5578bcd-broad-chain2"",""15634238b537095c9ffe3f58e0c889ec565b445029ee61727b0cc2b3a5578bcd-broad-chain3"",""15634238b537095c9ffe3f58e0c889ec565b445029ee61727b0cc2b3a5578bcd-broad-chain4""]"	[20261181, 20261182, 20261183, 20261184]	4	0	0	500	diagnostics_complete_requires_mixing_review	500	50	37	1	36	0	0	4	0	0	4	0	4080	353	0	2123	1957	0	334	19	0
15634238b537095c9ffe3f58e0c889ec565b445029ee61727b0cc2b3a5578bcd-centered	15634238b537095c9ffe3f58e0c889ec565b445029ee61727b0cc2b3a5578bcd	centered	OG0000054	11	"[""OG0000054-envelope-mafft-floor1e-09-resolution0"",""OG0000054-envelope-mafft-floor1e-07-resolution0"",""OG0000054-envelope-famsa-floor1e-09-resolution0"",""OG0000054-envelope-famsa-floor1e-07-resolution0""]"	"[""15634238b537095c9ffe3f58e0c889ec565b445029ee61727b0cc2b3a5578bcd-centered-chain1"",""15634238b537095c9ffe3f58e0c889ec565b445029ee61727b0cc2b3a5578bcd-centered-chain2"",""15634238b537095c9ffe3f58e0c889ec565b445029ee61727b0cc2b3a5578bcd-centered-chain3"",""15634238b537095c9ffe3f58e0c889ec565b445029ee61727b0cc2b3a5578bcd-centered-chain4""]"	[20261185, 20261186, 20261187, 20261188]	4	0	0	250	diagnostics_complete_requires_mixing_review	750	75	37	10	27	0	0	4	0	1	3	0	4080	329	0	2196	1884	0	312	17	0
15634238b537095c9ffe3f58e0c889ec565b445029ee61727b0cc2b3a5578bcd-centered	15634238b537095c9ffe3f58e0c889ec565b445029ee61727b0cc2b3a5578bcd	centered	OG0000054	11	"[""OG0000054-envelope-mafft-floor1e-09-resolution0"",""OG0000054-envelope-mafft-floor1e-07-resolution0"",""OG0000054-envelope-famsa-floor1e-09-resolution0"",""OG0000054-envelope-famsa-floor1e-07-resolution0""]"	"[""15634238b537095c9ffe3f58e0c889ec565b445029ee61727b0cc2b3a5578bcd-centered-chain1"",""15634238b537095c9ffe3f58e0c889ec565b445029ee61727b0cc2b3a5578bcd-centered-chain2"",""15634238b537095c9ffe3f58e0c889ec565b445029ee61727b0cc2b3a5578bcd-centered-chain3"",""15634238b537095c9ffe3f58e0c889ec565b445029ee61727b0cc2b3a5578bcd-centered-chain4""]"	[20261185, 20261186, 20261187, 20261188]	4	0	0	500	diagnostics_complete_requires_mixing_review	500	50	37	10	27	0	0	4	0	0	4	0	4080	307	0	2109	1971	0	290	17	0
15634238b537095c9ffe3f58e0c889ec565b445029ee61727b0cc2b3a5578bcd-package	15634238b537095c9ffe3f58e0c889ec565b445029ee61727b0cc2b3a5578bcd	package	OG0000054	11	"[""OG0000054-envelope-mafft-floor1e-09-resolution0"",""OG0000054-envelope-mafft-floor1e-07-resolution0"",""OG0000054-envelope-famsa-floor1e-09-resolution0"",""OG0000054-envelope-famsa-floor1e-07-resolution0""]"	"[""15634238b537095c9ffe3f58e0c889ec565b445029ee61727b0cc2b3a5578bcd-package-chain1"",""15634238b537095c9ffe3f58e0c889ec565b445029ee61727b0cc2b3a5578bcd-package-chain2"",""15634238b537095c9ffe3f58e0c889ec565b445029ee61727b0cc2b3a5578bcd-package-chain3"",""15634238b537095c9ffe3f58e0c889ec565b445029ee61727b0cc2b3a5578bcd-package-chain4""]"	[20261189, 20261190, 20261191, 20261192]	4	0	0	250	diagnostics_complete_requires_mixing_review	750	75	37	13	24	0	0	4	0	0	4	0	4080	335	0	2232	1848	0	317	18	0
15634238b537095c9ffe3f58e0c889ec565b445029ee61727b0cc2b3a5578bcd-package	15634238b537095c9ffe3f58e0c889ec565b445029ee61727b0cc2b3a5578bcd	package	OG0000054	11	"[""OG0000054-envelope-mafft-floor1e-09-resolution0"",""OG0000054-envelope-mafft-floor1e-07-resolution0"",""OG0000054-envelope-famsa-floor1e-09-resolution0"",""OG0000054-envelope-famsa-floor1e-07-resolution0""]"	"[""15634238b537095c9ffe3f58e0c889ec565b445029ee61727b0cc2b3a5578bcd-package-chain1"",""15634238b537095c9ffe3f58e0c889ec565b445029ee61727b0cc2b3a5578bcd-package-chain2"",""15634238b537095c9ffe3f58e0c889ec565b445029ee61727b0cc2b3a5578bcd-package-chain3"",""15634238b537095c9ffe3f58e0c889ec565b445029ee61727b0cc2b3a5578bcd-package-chain4""]"	[20261189, 20261190, 20261191, 20261192]	4	0	0	500	diagnostics_complete_requires_mixing_review	500	50	37	10	27	0	0	4	0	0	4	0	4080	285	0	2123	1957	0	266	19	0
15d9f0d825f5c6ccea5fbf85d2c034d35012d28caa95bee6c23b18626fb5e2ac-broad	15d9f0d825f5c6ccea5fbf85d2c034d35012d28caa95bee6c23b18626fb5e2ac	broad	OG0001082	111	"[""OG0001082-whole-mafft-floor1e-09-resolution0"",""OG0001082-whole-mafft-floor1e-07-resolution0"",""OG0001082-whole-famsa-floor1e-09-resolution0"",""OG0001082-whole-famsa-floor1e-07-resolution0""]"	"[""15d9f0d825f5c6ccea5fbf85d2c034d35012d28caa95bee6c23b18626fb5e2ac-broad-chain1"",""15d9f0d825f5c6ccea5fbf85d2c034d35012d28caa95bee6c23b18626fb5e2ac-broad-chain2"",""15d9f0d825f5c6ccea5fbf85d2c034d35012d28caa95bee6c23b18626fb5e2ac-broad-chain3"",""15d9f0d825f5c6ccea5fbf85d2c034d35012d28caa95bee6c23b18626fb5e2ac-broad-chain4""]"	[20261193, 20261194, 20261195, 20261196]	4	0	1	250	diagnostics_complete_requires_mixing_review	750	75	37	0	37	0	0	4	0	2	2	0	230732	40408	0	179779	50953	0	40387	21	0
15d9f0d825f5c6ccea5fbf85d2c034d35012d28caa95bee6c23b18626fb5e2ac-broad	15d9f0d825f5c6ccea5fbf85d2c034d35012d28caa95bee6c23b18626fb5e2ac	broad	OG0001082	111	"[""OG0001082-whole-mafft-floor1e-09-resolution0"",""OG0001082-whole-mafft-floor1e-07-resolution0"",""OG0001082-whole-famsa-floor1e-09-resolution0"",""OG0001082-whole-famsa-floor1e-07-resolution0""]"	"[""15d9f0d825f5c6ccea5fbf85d2c034d35012d28caa95bee6c23b18626fb5e2ac-broad-chain1"",""15d9f0d825f5c6ccea5fbf85d2c034d35012d28caa95bee6c23b18626fb5e2ac-broad-chain2"",""15d9f0d825f5c6ccea5fbf85d2c034d35012d28caa95bee6c23b18626fb5e2ac-broad-chain3"",""15d9f0d825f5c6ccea5fbf85d2c034d35012d28caa95bee6c23b18626fb5e2ac-broad-chain4""]"	[20261193, 20261194, 20261195, 20261196]	4	0	1	500	diagnostics_complete_requires_mixing_review	500	50	37	0	37	0	0	4	0	2	2	0	230732	37228	0	174065	56667	0	37207	21	0
15d9f0d825f5c6ccea5fbf85d2c034d35012d28caa95bee6c23b18626fb5e2ac-centered	15d9f0d825f5c6ccea5fbf85d2c034d35012d28caa95bee6c23b18626fb5e2ac	centered	OG0001082	111	"[""OG0001082-whole-mafft-floor1e-09-resolution0"",""OG0001082-whole-mafft-floor1e-07-resolution0"",""OG0001082-whole-famsa-floor1e-09-resolution0"",""OG0001082-whole-famsa-floor1e-07-resolution0""]"	"[""15d9f0d825f5c6ccea5fbf85d2c034d35012d28caa95bee6c23b18626fb5e2ac-centered-chain1"",""15d9f0d825f5c6ccea5fbf85d2c034d35012d28caa95bee6c23b18626fb5e2ac-centered-chain2"",""15d9f0d825f5c6ccea5fbf85d2c034d35012d28caa95bee6c23b18626fb5e2ac-centered-chain3"",""15d9f0d825f5c6ccea5fbf85d2c034d35012d28caa95bee6c23b18626fb5e2ac-centered-chain4""]"	[20261197, 20261198, 20261199, 20261200]	4	0	0	250	diagnostics_complete_requires_mixing_review	750	75	37	0	37	0	0	4	0	2	2	0	230732	40862	0	183157	47575	0	40841	21	0
15d9f0d825f5c6ccea5fbf85d2c034d35012d28caa95bee6c23b18626fb5e2ac-centered	15d9f0d825f5c6ccea5fbf85d2c034d35012d28caa95bee6c23b18626fb5e2ac	centered	OG0001082	111	"[""OG0001082-whole-mafft-floor1e-09-resolution0"",""OG0001082-whole-mafft-floor1e-07-resolution0"",""OG0001082-whole-famsa-floor1e-09-resolution0"",""OG0001082-whole-famsa-floor1e-07-resolution0""]"	"[""15d9f0d825f5c6ccea5fbf85d2c034d35012d28caa95bee6c23b18626fb5e2ac-centered-chain1"",""15d9f0d825f5c6ccea5fbf85d2c034d35012d28caa95bee6c23b18626fb5e2ac-centered-chain2"",""15d9f0d825f5c6ccea5fbf85d2c034d35012d28caa95bee6c23b18626fb5e2ac-centered-chain3"",""15d9f0d825f5c6ccea5fbf85d2c034d35012d28caa95bee6c23b18626fb5e2ac-centered-chain4""]"	[20261197, 20261198, 20261199, 20261200]	4	0	0	500	diagnostics_complete_requires_mixing_review	500	50	37	0	37	0	0	4	0	2	2	0	230732	38270	0	177975	52757	0	38249	21	0
15d9f0d825f5c6ccea5fbf85d2c034d35012d28caa95bee6c23b18626fb5e2ac-package	15d9f0d825f5c6ccea5fbf85d2c034d35012d28caa95bee6c23b18626fb5e2ac	package	OG0001082	111	"[""OG0001082-whole-mafft-floor1e-09-resolution0"",""OG0001082-whole-mafft-floor1e-07-resolution0"",""OG0001082-whole-famsa-floor1e-09-resolution0"",""OG0001082-whole-famsa-floor1e-07-resolution0""]"	"[""15d9f0d825f5c6ccea5fbf85d2c034d35012d28caa95bee6c23b18626fb5e2ac-package-chain1"",""15d9f0d825f5c6ccea5fbf85d2c034d35012d28caa95bee6c23b18626fb5e2ac-package-chain2"",""15d9f0d825f5c6ccea5fbf85d2c034d35012d28caa95bee6c23b18626fb5e2ac-package-chain3"",""15d9f0d825f5c6ccea5fbf85d2c034d35012d28caa95bee6c23b18626fb5e2ac-package-chain4""]"	[20261201, 20261202, 20261203, 20261204]	4	0	0	250	diagnostics_complete_requires_mixing_review	750	75	37	0	37	0	0	4	0	3	1	0	230732	42358	0	186468	44264	0	42337	21	0
15d9f0d825f5c6ccea5fbf85d2c034d35012d28caa95bee6c23b18626fb5e2ac-package	15d9f0d825f5c6ccea5fbf85d2c034d35012d28caa95bee6c23b18626fb5e2ac	package	OG0001082	111	"[""OG0001082-whole-mafft-floor1e-09-resolution0"",""OG0001082-whole-mafft-floor1e-07-resolution0"",""OG0001082-whole-famsa-floor1e-09-resolution0"",""OG0001082-whole-famsa-floor1e-07-resolution0""]"	"[""15d9f0d825f5c6ccea5fbf85d2c034d35012d28caa95bee6c23b18626fb5e2ac-package-chain1"",""15d9f0d825f5c6ccea5fbf85d2c034d35012d28caa95bee6c23b18626fb5e2ac-package-chain2"",""15d9f0d825f5c6ccea5fbf85d2c034d35012d28caa95bee6c23b18626fb5e2ac-package-chain3"",""15d9f0d825f5c6ccea5fbf85d2c034d35012d28caa95bee6c23b18626fb5e2ac-package-chain4""]"	[20261201, 20261202, 20261203, 20261204]	4	0	0	500	diagnostics_complete_requires_mixing_review	500	50	37	0	37	0	0	4	0	3	1	0	230732	39139	0	176363	54369	0	39118	21	0
167553e50c88fa8073648d96bb681a0e20c7d6fab69c7d3463cd649009c87cfd-broad	167553e50c88fa8073648d96bb681a0e20c7d6fab69c7d3463cd649009c87cfd	broad	OG0000230	24	"[""OG0000230-whole-mafft-floor1e-09-resolution0"",""OG0000230-whole-famsa-floor1e-09-resolution0""]"	"[""167553e50c88fa8073648d96bb681a0e20c7d6fab69c7d3463cd649009c87cfd-broad-chain1"",""167553e50c88fa8073648d96bb681a0e20c7d6fab69c7d3463cd649009c87cfd-broad-chain2"",""167553e50c88fa8073648d96bb681a0e20c7d6fab69c7d3463cd649009c87cfd-broad-chain3"",""167553e50c88fa8073648d96bb681a0e20c7d6fab69c7d3463cd649009c87cfd-broad-chain4""]"	[20261205, 20261206, 20261207, 20261208]	4	0	0	250	diagnostics_complete_requires_mixing_review	750	75	37	4	33	0	0	4	0	1	3	0	63296	2065	0	24770	38526	0	2044	21	0
167553e50c88fa8073648d96bb681a0e20c7d6fab69c7d3463cd649009c87cfd-broad	167553e50c88fa8073648d96bb681a0e20c7d6fab69c7d3463cd649009c87cfd	broad	OG0000230	24	"[""OG0000230-whole-mafft-floor1e-09-resolution0"",""OG0000230-whole-famsa-floor1e-09-resolution0""]"	"[""167553e50c88fa8073648d96bb681a0e20c7d6fab69c7d3463cd649009c87cfd-broad-chain1"",""167553e50c88fa8073648d96bb681a0e20c7d6fab69c7d3463cd649009c87cfd-broad-chain2"",""167553e50c88fa8073648d96bb681a0e20c7d6fab69c7d3463cd649009c87cfd-broad-chain3"",""167553e50c88fa8073648d96bb681a0e20c7d6fab69c7d3463cd649009c87cfd-broad-chain4""]"	[20261205, 20261206, 20261207, 20261208]	4	0	0	500	diagnostics_complete_requires_mixing_review	500	50	37	3	34	0	0	4	0	1	3	0	63296	1923	0	23371	39925	0	1902	21	0
167553e50c88fa8073648d96bb681a0e20c7d6fab69c7d3463cd649009c87cfd-centered	167553e50c88fa8073648d96bb681a0e20c7d6fab69c7d3463cd649009c87cfd	centered	OG0000230	24	"[""OG0000230-whole-mafft-floor1e-09-resolution0"",""OG0000230-whole-famsa-floor1e-09-resolution0""]"	"[""167553e50c88fa8073648d96bb681a0e20c7d6fab69c7d3463cd649009c87cfd-centered-chain1"",""167553e50c88fa8073648d96bb681a0e20c7d6fab69c7d3463cd649009c87cfd-centered-chain2"",""167553e50c88fa8073648d96bb681a0e20c7d6fab69c7d3463cd649009c87cfd-centered-chain3"",""167553e50c88fa8073648d96bb681a0e20c7d6fab69c7d3463cd649009c87cfd-centered-chain4""]"	[20261209, 20261210, 20261211, 20261212]	4	0	0	250	diagnostics_complete_requires_mixing_review	750	75	37	5	32	0	0	4	0	1	3	0	63296	2112	0	24774	38522	0	2091	21	0
167553e50c88fa8073648d96bb681a0e20c7d6fab69c7d3463cd649009c87cfd-centered	167553e50c88fa8073648d96bb681a0e20c7d6fab69c7d3463cd649009c87cfd	centered	OG0000230	24	"[""OG0000230-whole-mafft-floor1e-09-resolution0"",""OG0000230-whole-famsa-floor1e-09-resolution0""]"	"[""167553e50c88fa8073648d96bb681a0e20c7d6fab69c7d3463cd649009c87cfd-centered-chain1"",""167553e50c88fa8073648d96bb681a0e20c7d6fab69c7d3463cd649009c87cfd-centered-chain2"",""167553e50c88fa8073648d96bb681a0e20c7d6fab69c7d3463cd649009c87cfd-centered-chain3"",""167553e50c88fa8073648d96bb681a0e20c7d6fab69c7d3463cd649009c87cfd-centered-chain4""]"	[20261209, 20261210, 20261211, 20261212]	4	0	0	500	diagnostics_complete_requires_mixing_review	500	50	37	1	36	0	0	4	0	1	3	0	63296	1952	0	23355	39941	0	1931	21	0
167553e50c88fa8073648d96bb681a0e20c7d6fab69c7d3463cd649009c87cfd-package	167553e50c88fa8073648d96bb681a0e20c7d6fab69c7d3463cd649009c87cfd	package	OG0000230	24	"[""OG0000230-whole-mafft-floor1e-09-resolution0"",""OG0000230-whole-famsa-floor1e-09-resolution0""]"	"[""167553e50c88fa8073648d96bb681a0e20c7d6fab69c7d3463cd649009c87cfd-package-chain1"",""167553e50c88fa8073648d96bb681a0e20c7d6fab69c7d3463cd649009c87cfd-package-chain2"",""167553e50c88fa8073648d96bb681a0e20c7d6fab69c7d3463cd649009c87cfd-package-chain3"",""167553e50c88fa8073648d96bb681a0e20c7d6fab69c7d3463cd649009c87cfd-package-chain4""]"	[20261213, 20261214, 20261215, 20261216]	4	0	0	250	diagnostics_complete_requires_mixing_review	750	75	37	1	36	0	0	4	0	1	3	0	63296	2121	0	24820	38476	0	2100	21	0
167553e50c88fa8073648d96bb681a0e20c7d6fab69c7d3463cd649009c87cfd-package	167553e50c88fa8073648d96bb681a0e20c7d6fab69c7d3463cd649009c87cfd	package	OG0000230	24	"[""OG0000230-whole-mafft-floor1e-09-resolution0"",""OG0000230-whole-famsa-floor1e-09-resolution0""]"	"[""167553e50c88fa8073648d96bb681a0e20c7d6fab69c7d3463cd649009c87cfd-package-chain1"",""167553e50c88fa8073648d96bb681a0e20c7d6fab69c7d3463cd649009c87cfd-package-chain2"",""167553e50c88fa8073648d96bb681a0e20c7d6fab69c7d3463cd649009c87cfd-package-chain3"",""167553e50c88fa8073648d96bb681a0e20c7d6fab69c7d3463cd649009c87cfd-package-chain4""]"	[20261213, 20261214, 20261215, 20261216]	4	0	0	500	diagnostics_complete_requires_mixing_review	500	50	37	1	36	0	0	4	0	1	3	0	63296	1986	0	23834	39462	0	1965	21	0
1df91dedc8c4d35c513c62f5d0c6bdf58fcd89cfb4c861a7e1d60ac8b9b97bc5-broad	1df91dedc8c4d35c513c62f5d0c6bdf58fcd89cfb4c861a7e1d60ac8b9b97bc5	broad	OG0000230	24	"[""OG0000230-whole-mafft-floor1e-09-resolution8"",""OG0000230-whole-famsa-floor1e-09-resolution8""]"	"[""1df91dedc8c4d35c513c62f5d0c6bdf58fcd89cfb4c861a7e1d60ac8b9b97bc5-broad-chain1"",""1df91dedc8c4d35c513c62f5d0c6bdf58fcd89cfb4c861a7e1d60ac8b9b97bc5-broad-chain2"",""1df91dedc8c4d35c513c62f5d0c6bdf58fcd89cfb4c861a7e1d60ac8b9b97bc5-broad-chain3"",""1df91dedc8c4d35c513c62f5d0c6bdf58fcd89cfb4c861a7e1d60ac8b9b97bc5-broad-chain4""]"	[20261217, 20261218, 20261219, 20261220]	4	0	0	250	diagnostics_complete_requires_mixing_review	750	75	37	3	34	0	0	4	0	1	3	0	63296	2118	0	25672	37624	0	2097	21	0
1df91dedc8c4d35c513c62f5d0c6bdf58fcd89cfb4c861a7e1d60ac8b9b97bc5-broad	1df91dedc8c4d35c513c62f5d0c6bdf58fcd89cfb4c861a7e1d60ac8b9b97bc5	broad	OG0000230	24	"[""OG0000230-whole-mafft-floor1e-09-resolution8"",""OG0000230-whole-famsa-floor1e-09-resolution8""]"	"[""1df91dedc8c4d35c513c62f5d0c6bdf58fcd89cfb4c861a7e1d60ac8b9b97bc5-broad-chain1"",""1df91dedc8c4d35c513c62f5d0c6bdf58fcd89cfb4c861a7e1d60ac8b9b97bc5-broad-chain2"",""1df91dedc8c4d35c513c62f5d0c6bdf58fcd89cfb4c861a7e1d60ac8b9b97bc5-broad-chain3"",""1df91dedc8c4d35c513c62f5d0c6bdf58fcd89cfb4c861a7e1d60ac8b9b97bc5-broad-chain4""]"	[20261217, 20261218, 20261219, 20261220]	4	0	0	500	diagnostics_complete_requires_mixing_review	500	50	37	1	36	0	0	4	0	1	3	0	63296	1953	0	24202	39094	0	1932	21	0
1df91dedc8c4d35c513c62f5d0c6bdf58fcd89cfb4c861a7e1d60ac8b9b97bc5-centered	1df91dedc8c4d35c513c62f5d0c6bdf58fcd89cfb4c861a7e1d60ac8b9b97bc5	centered	OG0000230	24	"[""OG0000230-whole-mafft-floor1e-09-resolution8"",""OG0000230-whole-famsa-floor1e-09-resolution8""]"	"[""1df91dedc8c4d35c513c62f5d0c6bdf58fcd89cfb4c861a7e1d60ac8b9b97bc5-centered-chain1"",""1df91dedc8c4d35c513c62f5d0c6bdf58fcd89cfb4c861a7e1d60ac8b9b97bc5-centered-chain2"",""1df91dedc8c4d35c513c62f5d0c6bdf58fcd89cfb4c861a7e1d60ac8b9b97bc5-centered-chain3"",""1df91dedc8c4d35c513c62f5d0c6bdf58fcd89cfb4c861a7e1d60ac8b9b97bc5-centered-chain4""]"	[20261221, 20261222, 20261223, 20261224]	4	0	0	250	diagnostics_complete_requires_mixing_review	750	75	37	4	33	0	0	4	0	1	3	0	63296	2136	0	24879	38417	0	2115	21	0
1df91dedc8c4d35c513c62f5d0c6bdf58fcd89cfb4c861a7e1d60ac8b9b97bc5-centered	1df91dedc8c4d35c513c62f5d0c6bdf58fcd89cfb4c861a7e1d60ac8b9b97bc5	centered	OG0000230	24	"[""OG0000230-whole-mafft-floor1e-09-resolution8"",""OG0000230-whole-famsa-floor1e-09-resolution8""]"	"[""1df91dedc8c4d35c513c62f5d0c6bdf58fcd89cfb4c861a7e1d60ac8b9b97bc5-centered-chain1"",""1df91dedc8c4d35c513c62f5d0c6bdf58fcd89cfb4c861a7e1d60ac8b9b97bc5-centered-chain2"",""1df91dedc8c4d35c513c62f5d0c6bdf58fcd89cfb4c861a7e1d60ac8b9b97bc5-centered-chain3"",""1df91dedc8c4d35c513c62f5d0c6bdf58fcd89cfb4c861a7e1d60ac8b9b97bc5-centered-chain4""]"	[20261221, 20261222, 20261223, 20261224]	4	0	0	500	diagnostics_complete_requires_mixing_review	500	50	37	3	34	0	0	4	0	1	3	0	63296	1954	0	23559	39737	0	1933	21	0
1df91dedc8c4d35c513c62f5d0c6bdf58fcd89cfb4c861a7e1d60ac8b9b97bc5-package	1df91dedc8c4d35c513c62f5d0c6bdf58fcd89cfb4c861a7e1d60ac8b9b97bc5	package	OG0000230	24	"[""OG0000230-whole-mafft-floor1e-09-resolution8"",""OG0000230-whole-famsa-floor1e-09-resolution8""]"	"[""1df91dedc8c4d35c513c62f5d0c6bdf58fcd89cfb4c861a7e1d60ac8b9b97bc5-package-chain1"",""1df91dedc8c4d35c513c62f5d0c6bdf58fcd89cfb4c861a7e1d60ac8b9b97bc5-package-chain2"",""1df91dedc8c4d35c513c62f5d0c6bdf58fcd89cfb4c861a7e1d60ac8b9b97bc5-package-chain3"",""1df91dedc8c4d35c513c62f5d0c6bdf58fcd89cfb4c861a7e1d60ac8b9b97bc5-package-chain4""]"	[20261225, 20261226, 20261227, 20261228]	4	0	0	250	diagnostics_complete_requires_mixing_review	750	75	37	2	35	0	0	4	0	1	3	0	63296	2194	0	26647	36649	0	2173	21	0
1df91dedc8c4d35c513c62f5d0c6bdf58fcd89cfb4c861a7e1d60ac8b9b97bc5-package	1df91dedc8c4d35c513c62f5d0c6bdf58fcd89cfb4c861a7e1d60ac8b9b97bc5	package	OG0000230	24	"[""OG0000230-whole-mafft-floor1e-09-resolution8"",""OG0000230-whole-famsa-floor1e-09-resolution8""]"	"[""1df91dedc8c4d35c513c62f5d0c6bdf58fcd89cfb4c861a7e1d60ac8b9b97bc5-package-chain1"",""1df91dedc8c4d35c513c62f5d0c6bdf58fcd89cfb4c861a7e1d60ac8b9b97bc5-package-chain2"",""1df91dedc8c4d35c513c62f5d0c6bdf58fcd89cfb4c861a7e1d60ac8b9b97bc5-package-chain3"",""1df91dedc8c4d35c513c62f5d0c6bdf58fcd89cfb4c861a7e1d60ac8b9b97bc5-package-chain4""]"	[20261225, 20261226, 20261227, 20261228]	4	0	0	500	diagnostics_complete_requires_mixing_review	500	50	37	1	36	0	0	4	0	1	3	0	63296	2051	0	25220	38076	0	2030	21	0
1e50904a556578d0d0af5119fb7344406994056afe39934fd10f0306d13cd568-broad	1e50904a556578d0d0af5119fb7344406994056afe39934fd10f0306d13cd568	broad	OG0000230	24	"[""OG0000230-whole-mafft-floor1e-07-resolution9"",""OG0000230-whole-famsa-floor1e-07-resolution9""]"	"[""1e50904a556578d0d0af5119fb7344406994056afe39934fd10f0306d13cd568-broad-chain1"",""1e50904a556578d0d0af5119fb7344406994056afe39934fd10f0306d13cd568-broad-chain2"",""1e50904a556578d0d0af5119fb7344406994056afe39934fd10f0306d13cd568-broad-chain3"",""1e50904a556578d0d0af5119fb7344406994056afe39934fd10f0306d13cd568-broad-chain4""]"	[20261229, 20261230, 20261231, 20261232]	4	0	0	250	diagnostics_complete_requires_mixing_review	750	75	37	2	35	0	0	4	0	1	3	0	63296	2048	0	24401	38895	0	2027	21	0
1e50904a556578d0d0af5119fb7344406994056afe39934fd10f0306d13cd568-broad	1e50904a556578d0d0af5119fb7344406994056afe39934fd10f0306d13cd568	broad	OG0000230	24	"[""OG0000230-whole-mafft-floor1e-07-resolution9"",""OG0000230-whole-famsa-floor1e-07-resolution9""]"	"[""1e50904a556578d0d0af5119fb7344406994056afe39934fd10f0306d13cd568-broad-chain1"",""1e50904a556578d0d0af5119fb7344406994056afe39934fd10f0306d13cd568-broad-chain2"",""1e50904a556578d0d0af5119fb7344406994056afe39934fd10f0306d13cd568-broad-chain3"",""1e50904a556578d0d0af5119fb7344406994056afe39934fd10f0306d13cd568-broad-chain4""]"	[20261229, 20261230, 20261231, 20261232]	4	0	0	500	diagnostics_complete_requires_mixing_review	500	50	37	2	35	0	0	4	0	1	3	0	63296	1785	0	22553	40743	0	1764	21	0
1e50904a556578d0d0af5119fb7344406994056afe39934fd10f0306d13cd568-centered	1e50904a556578d0d0af5119fb7344406994056afe39934fd10f0306d13cd568	centered	OG0000230	24	"[""OG0000230-whole-mafft-floor1e-07-resolution9"",""OG0000230-whole-famsa-floor1e-07-resolution9""]"	"[""1e50904a556578d0d0af5119fb7344406994056afe39934fd10f0306d13cd568-centered-chain1"",""1e50904a556578d0d0af5119fb7344406994056afe39934fd10f0306d13cd568-centered-chain2"",""1e50904a556578d0d0af5119fb7344406994056afe39934fd10f0306d13cd568-centered-chain3"",""1e50904a556578d0d0af5119fb7344406994056afe39934fd10f0306d13cd568-centered-chain4""]"	[20261233, 20261234, 20261235, 20261236]	4	0	0	250	diagnostics_complete_requires_mixing_review	750	75	37	2	35	0	0	4	0	1	3	0	63296	2155	0	25643	37653	0	2134	21	0
1e50904a556578d0d0af5119fb7344406994056afe39934fd10f0306d13cd568-centered	1e50904a556578d0d0af5119fb7344406994056afe39934fd10f0306d13cd568	centered	OG0000230	24	"[""OG0000230-whole-mafft-floor1e-07-resolution9"",""OG0000230-whole-famsa-floor1e-07-resolution9""]"	"[""1e50904a556578d0d0af5119fb7344406994056afe39934fd10f0306d13cd568-centered-chain1"",""1e50904a556578d0d0af5119fb7344406994056afe39934fd10f0306d13cd568-centered-chain2"",""1e50904a556578d0d0af5119fb7344406994056afe39934fd10f0306d13cd568-centered-chain3"",""1e50904a556578d0d0af5119fb7344406994056afe39934fd10f0306d13cd568-centered-chain4""]"	[20261233, 20261234, 20261235, 20261236]	4	0	0	500	diagnostics_complete_requires_mixing_review	500	50	37	1	36	0	0	4	0	1	3	0	63296	1950	0	24134	39162	0	1929	21	0
1e50904a556578d0d0af5119fb7344406994056afe39934fd10f0306d13cd568-package	1e50904a556578d0d0af5119fb7344406994056afe39934fd10f0306d13cd568	package	OG0000230	24	"[""OG0000230-whole-mafft-floor1e-07-resolution9"",""OG0000230-whole-famsa-floor1e-07-resolution9""]"	"[""1e50904a556578d0d0af5119fb7344406994056afe39934fd10f0306d13cd568-package-chain1"",""1e50904a556578d0d0af5119fb7344406994056afe39934fd10f0306d13cd568-package-chain2"",""1e50904a556578d0d0af5119fb7344406994056afe39934fd10f0306d13cd568-package-chain3"",""1e50904a556578d0d0af5119fb7344406994056afe39934fd10f0306d13cd568-package-chain4""]"	[20261237, 20261238, 20261239, 20261240]	4	0	0	250	diagnostics_complete_requires_mixing_review	750	75	37	1	36	0	0	4	0	1	3	0	63296	2132	0	25497	37799	0	2111	21	0
1e50904a556578d0d0af5119fb7344406994056afe39934fd10f0306d13cd568-package	1e50904a556578d0d0af5119fb7344406994056afe39934fd10f0306d13cd568	package	OG0000230	24	"[""OG0000230-whole-mafft-floor1e-07-resolution9"",""OG0000230-whole-famsa-floor1e-07-resolution9""]"	"[""1e50904a556578d0d0af5119fb7344406994056afe39934fd10f0306d13cd568-package-chain1"",""1e50904a556578d0d0af5119fb7344406994056afe39934fd10f0306d13cd568-package-chain2"",""1e50904a556578d0d0af5119fb7344406994056afe39934fd10f0306d13cd568-package-chain3"",""1e50904a556578d0d0af5119fb7344406994056afe39934fd10f0306d13cd568-package-chain4""]"	[20261237, 20261238, 20261239, 20261240]	4	0	0	500	diagnostics_complete_requires_mixing_review	500	50	37	1	36	0	0	4	0	1	3	0	63296	1970	0	24140	39156	0	1949	21	0
217d23425bca28d70485f5de107557057b01d758d5f2ca20f5cfa57d7d431172-broad	217d23425bca28d70485f5de107557057b01d758d5f2ca20f5cfa57d7d431172	broad	OG0000230	24	"[""OG0000230-envelope-mafft-floor1e-07-resolution2"",""OG0000230-envelope-famsa-floor1e-07-resolution2""]"	"[""217d23425bca28d70485f5de107557057b01d758d5f2ca20f5cfa57d7d431172-broad-chain1"",""217d23425bca28d70485f5de107557057b01d758d5f2ca20f5cfa57d7d431172-broad-chain2"",""217d23425bca28d70485f5de107557057b01d758d5f2ca20f5cfa57d7d431172-broad-chain3"",""217d23425bca28d70485f5de107557057b01d758d5f2ca20f5cfa57d7d431172-broad-chain4""]"	[20261241, 20261242, 20261243, 20261244]	4	0	0	250	diagnostics_complete_requires_mixing_review	750	75	37	9	28	0	0	4	0	1	3	0	11132	335	0	4746	6386	0	315	20	0
217d23425bca28d70485f5de107557057b01d758d5f2ca20f5cfa57d7d431172-broad	217d23425bca28d70485f5de107557057b01d758d5f2ca20f5cfa57d7d431172	broad	OG0000230	24	"[""OG0000230-envelope-mafft-floor1e-07-resolution2"",""OG0000230-envelope-famsa-floor1e-07-resolution2""]"	"[""217d23425bca28d70485f5de107557057b01d758d5f2ca20f5cfa57d7d431172-broad-chain1"",""217d23425bca28d70485f5de107557057b01d758d5f2ca20f5cfa57d7d431172-broad-chain2"",""217d23425bca28d70485f5de107557057b01d758d5f2ca20f5cfa57d7d431172-broad-chain3"",""217d23425bca28d70485f5de107557057b01d758d5f2ca20f5cfa57d7d431172-broad-chain4""]"	[20261241, 20261242, 20261243, 20261244]	4	0	0	500	diagnostics_complete_requires_mixing_review	500	50	37	15	22	0	0	4	0	1	3	0	11132	292	0	4366	6766	0	272	20	0
217d23425bca28d70485f5de107557057b01d758d5f2ca20f5cfa57d7d431172-centered	217d23425bca28d70485f5de107557057b01d758d5f2ca20f5cfa57d7d431172	centered	OG0000230	24	"[""OG0000230-envelope-mafft-floor1e-07-resolution2"",""OG0000230-envelope-famsa-floor1e-07-resolution2""]"	"[""217d23425bca28d70485f5de107557057b01d758d5f2ca20f5cfa57d7d431172-centered-chain1"",""217d23425bca28d70485f5de107557057b01d758d5f2ca20f5cfa57d7d431172-centered-chain2"",""217d23425bca28d70485f5de107557057b01d758d5f2ca20f5cfa57d7d431172-centered-chain3"",""217d23425bca28d70485f5de107557057b01d758d5f2ca20f5cfa57d7d431172-centered-chain4""]"	[20261245, 20261246, 20261247, 20261248]	4	0	0	250	diagnostics_complete_requires_mixing_review	750	75	37	18	19	0	0	4	0	1	3	0	11132	363	0	4712	6420	0	343	20	0
217d23425bca28d70485f5de107557057b01d758d5f2ca20f5cfa57d7d431172-centered	217d23425bca28d70485f5de107557057b01d758d5f2ca20f5cfa57d7d431172	centered	OG0000230	24	"[""OG0000230-envelope-mafft-floor1e-07-resolution2"",""OG0000230-envelope-famsa-floor1e-07-resolution2""]"	"[""217d23425bca28d70485f5de107557057b01d758d5f2ca20f5cfa57d7d431172-centered-chain1"",""217d23425bca28d70485f5de107557057b01d758d5f2ca20f5cfa57d7d431172-centered-chain2"",""217d23425bca28d70485f5de107557057b01d758d5f2ca20f5cfa57d7d431172-centered-chain3"",""217d23425bca28d70485f5de107557057b01d758d5f2ca20f5cfa57d7d431172-centered-chain4""]"	[20261245, 20261246, 20261247, 20261248]	4	0	0	500	diagnostics_complete_requires_mixing_review	500	50	37	17	20	0	0	4	0	1	3	0	11132	296	0	4302	6830	0	276	20	0
217d23425bca28d70485f5de107557057b01d758d5f2ca20f5cfa57d7d431172-package	217d23425bca28d70485f5de107557057b01d758d5f2ca20f5cfa57d7d431172	package	OG0000230	24	"[""OG0000230-envelope-mafft-floor1e-07-resolution2"",""OG0000230-envelope-famsa-floor1e-07-resolution2""]"	"[""217d23425bca28d70485f5de107557057b01d758d5f2ca20f5cfa57d7d431172-package-chain1"",""217d23425bca28d70485f5de107557057b01d758d5f2ca20f5cfa57d7d431172-package-chain2"",""217d23425bca28d70485f5de107557057b01d758d5f2ca20f5cfa57d7d431172-package-chain3"",""217d23425bca28d70485f5de107557057b01d758d5f2ca20f5cfa57d7d431172-package-chain4""]"	[20261249, 20261250, 20261251, 20261252]	4	0	0	250	diagnostics_complete_requires_mixing_review	750	75	37	17	20	0	0	4	0	1	3	0	11132	316	0	4493	6639	0	296	20	0
217d23425bca28d70485f5de107557057b01d758d5f2ca20f5cfa57d7d431172-package	217d23425bca28d70485f5de107557057b01d758d5f2ca20f5cfa57d7d431172	package	OG0000230	24	"[""OG0000230-envelope-mafft-floor1e-07-resolution2"",""OG0000230-envelope-famsa-floor1e-07-resolution2""]"	"[""217d23425bca28d70485f5de107557057b01d758d5f2ca20f5cfa57d7d431172-package-chain1"",""217d23425bca28d70485f5de107557057b01d758d5f2ca20f5cfa57d7d431172-package-chain2"",""217d23425bca28d70485f5de107557057b01d758d5f2ca20f5cfa57d7d431172-package-chain3"",""217d23425bca28d70485f5de107557057b01d758d5f2ca20f5cfa57d7d431172-package-chain4""]"	[20261249, 20261250, 20261251, 20261252]	4	0	0	500	diagnostics_complete_requires_mixing_review	500	50	37	15	22	0	0	4	0	1	3	0	11132	287	0	4255	6877	0	267	20	0
2238bdb3d80f2445d7fcdafe3088446fb1d328752bc5e7ebbb5c889f95252d6c-broad	2238bdb3d80f2445d7fcdafe3088446fb1d328752bc5e7ebbb5c889f95252d6c	broad	OG0002812	12	"[""OG0002812-alignment-mafft-floor1e-09-resolution0"",""OG0002812-alignment-mafft-floor1e-07-resolution0"",""OG0002812-alignment-famsa-floor1e-09-resolution0"",""OG0002812-alignment-famsa-floor1e-07-resolution0""]"	"[""2238bdb3d80f2445d7fcdafe3088446fb1d328752bc5e7ebbb5c889f95252d6c-broad-chain1"",""2238bdb3d80f2445d7fcdafe3088446fb1d328752bc5e7ebbb5c889f95252d6c-broad-chain2"",""2238bdb3d80f2445d7fcdafe3088446fb1d328752bc5e7ebbb5c889f95252d6c-broad-chain3"",""2238bdb3d80f2445d7fcdafe3088446fb1d328752bc5e7ebbb5c889f95252d6c-broad-chain4""]"	[20261253, 20261254, 20261255, 20261256]	4	0	0	250	diagnostics_complete_requires_mixing_review	750	75	37	2	35	0	0	4	0	0	4	0	15144	1024	0	6147	8997	0	1005	19	0
2238bdb3d80f2445d7fcdafe3088446fb1d328752bc5e7ebbb5c889f95252d6c-broad	2238bdb3d80f2445d7fcdafe3088446fb1d328752bc5e7ebbb5c889f95252d6c	broad	OG0002812	12	"[""OG0002812-alignment-mafft-floor1e-09-resolution0"",""OG0002812-alignment-mafft-floor1e-07-resolution0"",""OG0002812-alignment-famsa-floor1e-09-resolution0"",""OG0002812-alignment-famsa-floor1e-07-resolution0""]"	"[""2238bdb3d80f2445d7fcdafe3088446fb1d328752bc5e7ebbb5c889f95252d6c-broad-chain1"",""2238bdb3d80f2445d7fcdafe3088446fb1d328752bc5e7ebbb5c889f95252d6c-broad-chain2"",""2238bdb3d80f2445d7fcdafe3088446fb1d328752bc5e7ebbb5c889f95252d6c-broad-chain3"",""2238bdb3d80f2445d7fcdafe3088446fb1d328752bc5e7ebbb5c889f95252d6c-broad-chain4""]"	[20261253, 20261254, 20261255, 20261256]	4	0	0	500	diagnostics_complete_requires_mixing_review	500	50	37	1	36	0	0	4	0	0	4	0	15144	945	0	5825	9319	0	926	19	0
2238bdb3d80f2445d7fcdafe3088446fb1d328752bc5e7ebbb5c889f95252d6c-centered	2238bdb3d80f2445d7fcdafe3088446fb1d328752bc5e7ebbb5c889f95252d6c	centered	OG0002812	12	"[""OG0002812-alignment-mafft-floor1e-09-resolution0"",""OG0002812-alignment-mafft-floor1e-07-resolution0"",""OG0002812-alignment-famsa-floor1e-09-resolution0"",""OG0002812-alignment-famsa-floor1e-07-resolution0""]"	"[""2238bdb3d80f2445d7fcdafe3088446fb1d328752bc5e7ebbb5c889f95252d6c-centered-chain1"",""2238bdb3d80f2445d7fcdafe3088446fb1d328752bc5e7ebbb5c889f95252d6c-centered-chain2"",""2238bdb3d80f2445d7fcdafe3088446fb1d328752bc5e7ebbb5c889f95252d6c-centered-chain3"",""2238bdb3d80f2445d7fcdafe3088446fb1d328752bc5e7ebbb5c889f95252d6c-centered-chain4""]"	[20261257, 20261258, 20261259, 20261260]	4	0	0	250	diagnostics_complete_requires_mixing_review	750	75	37	13	24	0	0	4	0	0	4	0	15144	876	0	6173	8971	0	857	19	0
2238bdb3d80f2445d7fcdafe3088446fb1d328752bc5e7ebbb5c889f95252d6c-centered	2238bdb3d80f2445d7fcdafe3088446fb1d328752bc5e7ebbb5c889f95252d6c	centered	OG0002812	12	"[""OG0002812-alignment-mafft-floor1e-09-resolution0"",""OG0002812-alignment-mafft-floor1e-07-resolution0"",""OG0002812-alignment-famsa-floor1e-09-resolution0"",""OG0002812-alignment-famsa-floor1e-07-resolution0""]"	"[""2238bdb3d80f2445d7fcdafe3088446fb1d328752bc5e7ebbb5c889f95252d6c-centered-chain1"",""2238bdb3d80f2445d7fcdafe3088446fb1d328752bc5e7ebbb5c889f95252d6c-centered-chain2"",""2238bdb3d80f2445d7fcdafe3088446fb1d328752bc5e7ebbb5c889f95252d6c-centered-chain3"",""2238bdb3d80f2445d7fcdafe3088446fb1d328752bc5e7ebbb5c889f95252d6c-centered-chain4""]"	[20261257, 20261258, 20261259, 20261260]	4	0	0	500	diagnostics_complete_requires_mixing_review	500	50	37	10	27	0	0	4	0	0	4	0	15144	841	0	5895	9249	0	822	19	0
2238bdb3d80f2445d7fcdafe3088446fb1d328752bc5e7ebbb5c889f95252d6c-package	2238bdb3d80f2445d7fcdafe3088446fb1d328752bc5e7ebbb5c889f95252d6c	package	OG0002812	12	"[""OG0002812-alignment-mafft-floor1e-09-resolution0"",""OG0002812-alignment-mafft-floor1e-07-resolution0"",""OG0002812-alignment-famsa-floor1e-09-resolution0"",""OG0002812-alignment-famsa-floor1e-07-resolution0""]"	"[""2238bdb3d80f2445d7fcdafe3088446fb1d328752bc5e7ebbb5c889f95252d6c-package-chain1"",""2238bdb3d80f2445d7fcdafe3088446fb1d328752bc5e7ebbb5c889f95252d6c-package-chain2"",""2238bdb3d80f2445d7fcdafe3088446fb1d328752bc5e7ebbb5c889f95252d6c-package-chain3"",""2238bdb3d80f2445d7fcdafe3088446fb1d328752bc5e7ebbb5c889f95252d6c-package-chain4""]"	[20261261, 20261262, 20261263, 20261264]	4	0	0	250	diagnostics_complete_requires_mixing_review	750	75	37	4	33	0	0	4	0	0	4	0	15144	939	0	6213	8931	0	920	19	0
2238bdb3d80f2445d7fcdafe3088446fb1d328752bc5e7ebbb5c889f95252d6c-package	2238bdb3d80f2445d7fcdafe3088446fb1d328752bc5e7ebbb5c889f95252d6c	package	OG0002812	12	"[""OG0002812-alignment-mafft-floor1e-09-resolution0"",""OG0002812-alignment-mafft-floor1e-07-resolution0"",""OG0002812-alignment-famsa-floor1e-09-resolution0"",""OG0002812-alignment-famsa-floor1e-07-resolution0""]"	"[""2238bdb3d80f2445d7fcdafe3088446fb1d328752bc5e7ebbb5c889f95252d6c-package-chain1"",""2238bdb3d80f2445d7fcdafe3088446fb1d328752bc5e7ebbb5c889f95252d6c-package-chain2"",""2238bdb3d80f2445d7fcdafe3088446fb1d328752bc5e7ebbb5c889f95252d6c-package-chain3"",""2238bdb3d80f2445d7fcdafe3088446fb1d328752bc5e7ebbb5c889f95252d6c-package-chain4""]"	[20261261, 20261262, 20261263, 20261264]	4	0	0	500	diagnostics_complete_requires_mixing_review	500	50	37	1	36	0	0	4	0	0	4	0	15144	871	0	5896	9248	0	852	19	0
2814b59e28fc6c7f26d3af5cab0feb476157c7f8c844b68ff1d7be61cfcba4c9-broad	2814b59e28fc6c7f26d3af5cab0feb476157c7f8c844b68ff1d7be61cfcba4c9	broad	OG0000230	24	"[""OG0000230-envelope-mafft-floor1e-07-resolution5"",""OG0000230-envelope-famsa-floor1e-07-resolution5""]"	"[""2814b59e28fc6c7f26d3af5cab0feb476157c7f8c844b68ff1d7be61cfcba4c9-broad-chain1"",""2814b59e28fc6c7f26d3af5cab0feb476157c7f8c844b68ff1d7be61cfcba4c9-broad-chain2"",""2814b59e28fc6c7f26d3af5cab0feb476157c7f8c844b68ff1d7be61cfcba4c9-broad-chain3"",""2814b59e28fc6c7f26d3af5cab0feb476157c7f8c844b68ff1d7be61cfcba4c9-broad-chain4""]"	[20261265, 20261266, 20261267, 20261268]	4	0	0	250	diagnostics_complete_requires_mixing_review	750	75	37	18	19	0	0	4	0	1	3	0	11132	354	0	4791	6341	0	334	20	0
2814b59e28fc6c7f26d3af5cab0feb476157c7f8c844b68ff1d7be61cfcba4c9-broad	2814b59e28fc6c7f26d3af5cab0feb476157c7f8c844b68ff1d7be61cfcba4c9	broad	OG0000230	24	"[""OG0000230-envelope-mafft-floor1e-07-resolution5"",""OG0000230-envelope-famsa-floor1e-07-resolution5""]"	"[""2814b59e28fc6c7f26d3af5cab0feb476157c7f8c844b68ff1d7be61cfcba4c9-broad-chain1"",""2814b59e28fc6c7f26d3af5cab0feb476157c7f8c844b68ff1d7be61cfcba4c9-broad-chain2"",""2814b59e28fc6c7f26d3af5cab0feb476157c7f8c844b68ff1d7be61cfcba4c9-broad-chain3"",""2814b59e28fc6c7f26d3af5cab0feb476157c7f8c844b68ff1d7be61cfcba4c9-broad-chain4""]"	[20261265, 20261266, 20261267, 20261268]	4	0	0	500	diagnostics_complete_requires_mixing_review	500	50	37	17	20	0	0	4	0	1	3	0	11132	328	0	4612	6520	0	308	20	0
2814b59e28fc6c7f26d3af5cab0feb476157c7f8c844b68ff1d7be61cfcba4c9-centered	2814b59e28fc6c7f26d3af5cab0feb476157c7f8c844b68ff1d7be61cfcba4c9	centered	OG0000230	24	"[""OG0000230-envelope-mafft-floor1e-07-resolution5"",""OG0000230-envelope-famsa-floor1e-07-resolution5""]"	"[""2814b59e28fc6c7f26d3af5cab0feb476157c7f8c844b68ff1d7be61cfcba4c9-centered-chain1"",""2814b59e28fc6c7f26d3af5cab0feb476157c7f8c844b68ff1d7be61cfcba4c9-centered-chain2"",""2814b59e28fc6c7f26d3af5cab0feb476157c7f8c844b68ff1d7be61cfcba4c9-centered-chain3"",""2814b59e28fc6c7f26d3af5cab0feb476157c7f8c844b68ff1d7be61cfcba4c9-centered-chain4""]"	[20261269, 20261270, 20261271, 20261272]	4	0	0	250	diagnostics_complete_requires_mixing_review	750	75	37	17	20	0	0	4	0	1	3	0	11132	342	0	4793	6339	0	322	20	0
2814b59e28fc6c7f26d3af5cab0feb476157c7f8c844b68ff1d7be61cfcba4c9-centered	2814b59e28fc6c7f26d3af5cab0feb476157c7f8c844b68ff1d7be61cfcba4c9	centered	OG0000230	24	"[""OG0000230-envelope-mafft-floor1e-07-resolution5"",""OG0000230-envelope-famsa-floor1e-07-resolution5""]"	"[""2814b59e28fc6c7f26d3af5cab0feb476157c7f8c844b68ff1d7be61cfcba4c9-centered-chain1"",""2814b59e28fc6c7f26d3af5cab0feb476157c7f8c844b68ff1d7be61cfcba4c9-centered-chain2"",""2814b59e28fc6c7f26d3af5cab0feb476157c7f8c844b68ff1d7be61cfcba4c9-centered-chain3"",""2814b59e28fc6c7f26d3af5cab0feb476157c7f8c844b68ff1d7be61cfcba4c9-centered-chain4""]"	[20261269, 20261270, 20261271, 20261272]	4	0	0	500	diagnostics_complete_requires_mixing_review	500	50	37	16	21	0	0	4	0	1	3	0	11132	318	0	4630	6502	0	298	20	0
2814b59e28fc6c7f26d3af5cab0feb476157c7f8c844b68ff1d7be61cfcba4c9-package	2814b59e28fc6c7f26d3af5cab0feb476157c7f8c844b68ff1d7be61cfcba4c9	package	OG0000230	24	"[""OG0000230-envelope-mafft-floor1e-07-resolution5"",""OG0000230-envelope-famsa-floor1e-07-resolution5""]"	"[""2814b59e28fc6c7f26d3af5cab0feb476157c7f8c844b68ff1d7be61cfcba4c9-package-chain1"",""2814b59e28fc6c7f26d3af5cab0feb476157c7f8c844b68ff1d7be61cfcba4c9-package-chain2"",""2814b59e28fc6c7f26d3af5cab0feb476157c7f8c844b68ff1d7be61cfcba4c9-package-chain3"",""2814b59e28fc6c7f26d3af5cab0feb476157c7f8c844b68ff1d7be61cfcba4c9-package-chain4""]"	[20261273, 20261274, 20261275, 20261276]	4	0	0	250	diagnostics_complete_requires_mixing_review	750	75	37	15	22	0	0	4	0	1	3	0	11132	342	0	4705	6427	0	322	20	0
2814b59e28fc6c7f26d3af5cab0feb476157c7f8c844b68ff1d7be61cfcba4c9-package	2814b59e28fc6c7f26d3af5cab0feb476157c7f8c844b68ff1d7be61cfcba4c9	package	OG0000230	24	"[""OG0000230-envelope-mafft-floor1e-07-resolution5"",""OG0000230-envelope-famsa-floor1e-07-resolution5""]"	"[""2814b59e28fc6c7f26d3af5cab0feb476157c7f8c844b68ff1d7be61cfcba4c9-package-chain1"",""2814b59e28fc6c7f26d3af5cab0feb476157c7f8c844b68ff1d7be61cfcba4c9-package-chain2"",""2814b59e28fc6c7f26d3af5cab0feb476157c7f8c844b68ff1d7be61cfcba4c9-package-chain3"",""2814b59e28fc6c7f26d3af5cab0feb476157c7f8c844b68ff1d7be61cfcba4c9-package-chain4""]"	[20261273, 20261274, 20261275, 20261276]	4	0	0	500	diagnostics_complete_requires_mixing_review	500	50	37	15	22	0	0	4	0	1	3	0	11132	308	0	4429	6703	0	288	20	0
2b035ff6a5d071b9dcdf45724574f8be160c958d93685501dc93c7c166e2f6c2-broad	2b035ff6a5d071b9dcdf45724574f8be160c958d93685501dc93c7c166e2f6c2	broad	OG0000230	24	"[""OG0000230-whole-mafft-floor1e-09-resolution7"",""OG0000230-whole-famsa-floor1e-09-resolution7""]"	"[""2b035ff6a5d071b9dcdf45724574f8be160c958d93685501dc93c7c166e2f6c2-broad-chain1"",""2b035ff6a5d071b9dcdf45724574f8be160c958d93685501dc93c7c166e2f6c2-broad-chain2"",""2b035ff6a5d071b9dcdf45724574f8be160c958d93685501dc93c7c166e2f6c2-broad-chain3"",""2b035ff6a5d071b9dcdf45724574f8be160c958d93685501dc93c7c166e2f6c2-broad-chain4""]"	[20261277, 20261278, 20261279, 20261280]	4	0	0	250	diagnostics_complete_requires_mixing_review	750	75	37	2	35	0	0	4	0	1	3	0	63296	2247	0	28460	34836	0	2226	21	0
2b035ff6a5d071b9dcdf45724574f8be160c958d93685501dc93c7c166e2f6c2-broad	2b035ff6a5d071b9dcdf45724574f8be160c958d93685501dc93c7c166e2f6c2	broad	OG0000230	24	"[""OG0000230-whole-mafft-floor1e-09-resolution7"",""OG0000230-whole-famsa-floor1e-09-resolution7""]"	"[""2b035ff6a5d071b9dcdf45724574f8be160c958d93685501dc93c7c166e2f6c2-broad-chain1"",""2b035ff6a5d071b9dcdf45724574f8be160c958d93685501dc93c7c166e2f6c2-broad-chain2"",""2b035ff6a5d071b9dcdf45724574f8be160c958d93685501dc93c7c166e2f6c2-broad-chain3"",""2b035ff6a5d071b9dcdf45724574f8be160c958d93685501dc93c7c166e2f6c2-broad-chain4""]"	[20261277, 20261278, 20261279, 20261280]	4	0	0	500	diagnostics_complete_requires_mixing_review	500	50	37	1	36	0	0	4	0	1	3	0	63296	2137	0	27198	36098	0	2116	21	0
2b035ff6a5d071b9dcdf45724574f8be160c958d93685501dc93c7c166e2f6c2-centered	2b035ff6a5d071b9dcdf45724574f8be160c958d93685501dc93c7c166e2f6c2	centered	OG0000230	24	"[""OG0000230-whole-mafft-floor1e-09-resolution7"",""OG0000230-whole-famsa-floor1e-09-resolution7""]"	"[""2b035ff6a5d071b9dcdf45724574f8be160c958d93685501dc93c7c166e2f6c2-centered-chain1"",""2b035ff6a5d071b9dcdf45724574f8be160c958d93685501dc93c7c166e2f6c2-centered-chain2"",""2b035ff6a5d071b9dcdf45724574f8be160c958d93685501dc93c7c166e2f6c2-centered-chain3"",""2b035ff6a5d071b9dcdf45724574f8be160c958d93685501dc93c7c166e2f6c2-centered-chain4""]"	[20261281, 20261282, 20261283, 20261284]	4	0	0	250	diagnostics_complete_requires_mixing_review	750	75	37	1	36	0	0	4	0	1	3	0	63296	2185	0	28200	35096	0	2164	21	0
2b035ff6a5d071b9dcdf45724574f8be160c958d93685501dc93c7c166e2f6c2-centered	2b035ff6a5d071b9dcdf45724574f8be160c958d93685501dc93c7c166e2f6c2	centered	OG0000230	24	"[""OG0000230-whole-mafft-floor1e-09-resolution7"",""OG0000230-whole-famsa-floor1e-09-resolution7""]"	"[""2b035ff6a5d071b9dcdf45724574f8be160c958d93685501dc93c7c166e2f6c2-centered-chain1"",""2b035ff6a5d071b9dcdf45724574f8be160c958d93685501dc93c7c166e2f6c2-centered-chain2"",""2b035ff6a5d071b9dcdf45724574f8be160c958d93685501dc93c7c166e2f6c2-centered-chain3"",""2b035ff6a5d071b9dcdf45724574f8be160c958d93685501dc93c7c166e2f6c2-centered-chain4""]"	[20261281, 20261282, 20261283, 20261284]	4	0	0	500	diagnostics_complete_requires_mixing_review	500	50	37	1	36	0	0	4	0	1	3	0	63296	1964	0	26484	36812	0	1943	21	0
2b035ff6a5d071b9dcdf45724574f8be160c958d93685501dc93c7c166e2f6c2-package	2b035ff6a5d071b9dcdf45724574f8be160c958d93685501dc93c7c166e2f6c2	package	OG0000230	24	"[""OG0000230-whole-mafft-floor1e-09-resolution7"",""OG0000230-whole-famsa-floor1e-09-resolution7""]"	"[""2b035ff6a5d071b9dcdf45724574f8be160c958d93685501dc93c7c166e2f6c2-package-chain1"",""2b035ff6a5d071b9dcdf45724574f8be160c958d93685501dc93c7c166e2f6c2-package-chain2"",""2b035ff6a5d071b9dcdf45724574f8be160c958d93685501dc93c7c166e2f6c2-package-chain3"",""2b035ff6a5d071b9dcdf45724574f8be160c958d93685501dc93c7c166e2f6c2-package-chain4""]"	[20261285, 20261286, 20261287, 20261288]	4	0	0	250	diagnostics_complete_requires_mixing_review	750	75	37	2	35	0	0	4	0	1	3	0	63296	2169	0	24846	38450	0	2148	21	0
2b035ff6a5d071b9dcdf45724574f8be160c958d93685501dc93c7c166e2f6c2-package	2b035ff6a5d071b9dcdf45724574f8be160c958d93685501dc93c7c166e2f6c2	package	OG0000230	24	"[""OG0000230-whole-mafft-floor1e-09-resolution7"",""OG0000230-whole-famsa-floor1e-09-resolution7""]"	"[""2b035ff6a5d071b9dcdf45724574f8be160c958d93685501dc93c7c166e2f6c2-package-chain1"",""2b035ff6a5d071b9dcdf45724574f8be160c958d93685501dc93c7c166e2f6c2-package-chain2"",""2b035ff6a5d071b9dcdf45724574f8be160c958d93685501dc93c7c166e2f6c2-package-chain3"",""2b035ff6a5d071b9dcdf45724574f8be160c958d93685501dc93c7c166e2f6c2-package-chain4""]"	[20261285, 20261286, 20261287, 20261288]	4	0	0	500	diagnostics_complete_requires_mixing_review	500	50	37	2	35	0	0	4	0	1	3	0	63296	2010	0	23885	39411	0	1989	21	0
2c1005bd7e13d6ce2cb4b0429ac1ae47856c3153b120052d98b537113689ded9-broad	2c1005bd7e13d6ce2cb4b0429ac1ae47856c3153b120052d98b537113689ded9	broad	OG0000336	10	"[""OG0000336-whole-mafft-floor1e-09-resolution0"",""OG0000336-whole-mafft-floor1e-07-resolution0"",""OG0000336-whole-famsa-floor1e-09-resolution0"",""OG0000336-whole-famsa-floor1e-07-resolution0""]"	"[""2c1005bd7e13d6ce2cb4b0429ac1ae47856c3153b120052d98b537113689ded9-broad-chain1"",""2c1005bd7e13d6ce2cb4b0429ac1ae47856c3153b120052d98b537113689ded9-broad-chain2"",""2c1005bd7e13d6ce2cb4b0429ac1ae47856c3153b120052d98b537113689ded9-broad-chain3"",""2c1005bd7e13d6ce2cb4b0429ac1ae47856c3153b120052d98b537113689ded9-broad-chain4""]"	[20261289, 20261290, 20261291, 20261292]	4	0	0	250	diagnostics_complete_requires_mixing_review	750	75	37	0	37	0	0	4	0	3	1	0	13736	5898	0	9407	4329	0	5877	21	0
2c1005bd7e13d6ce2cb4b0429ac1ae47856c3153b120052d98b537113689ded9-broad	2c1005bd7e13d6ce2cb4b0429ac1ae47856c3153b120052d98b537113689ded9	broad	OG0000336	10	"[""OG0000336-whole-mafft-floor1e-09-resolution0"",""OG0000336-whole-mafft-floor1e-07-resolution0"",""OG0000336-whole-famsa-floor1e-09-resolution0"",""OG0000336-whole-famsa-floor1e-07-resolution0""]"	"[""2c1005bd7e13d6ce2cb4b0429ac1ae47856c3153b120052d98b537113689ded9-broad-chain1"",""2c1005bd7e13d6ce2cb4b0429ac1ae47856c3153b120052d98b537113689ded9-broad-chain2"",""2c1005bd7e13d6ce2cb4b0429ac1ae47856c3153b120052d98b537113689ded9-broad-chain3"",""2c1005bd7e13d6ce2cb4b0429ac1ae47856c3153b120052d98b537113689ded9-broad-chain4""]"	[20261289, 20261290, 20261291, 20261292]	4	0	0	500	diagnostics_complete_requires_mixing_review	500	50	37	0	37	0	0	4	0	3	1	0	13736	5711	0	9266	4470	0	5690	21	0
2c1005bd7e13d6ce2cb4b0429ac1ae47856c3153b120052d98b537113689ded9-centered	2c1005bd7e13d6ce2cb4b0429ac1ae47856c3153b120052d98b537113689ded9	centered	OG0000336	10	"[""OG0000336-whole-mafft-floor1e-09-resolution0"",""OG0000336-whole-mafft-floor1e-07-resolution0"",""OG0000336-whole-famsa-floor1e-09-resolution0"",""OG0000336-whole-famsa-floor1e-07-resolution0""]"	"[""2c1005bd7e13d6ce2cb4b0429ac1ae47856c3153b120052d98b537113689ded9-centered-chain1"",""2c1005bd7e13d6ce2cb4b0429ac1ae47856c3153b120052d98b537113689ded9-centered-chain2"",""2c1005bd7e13d6ce2cb4b0429ac1ae47856c3153b120052d98b537113689ded9-centered-chain3"",""2c1005bd7e13d6ce2cb4b0429ac1ae47856c3153b120052d98b537113689ded9-centered-chain4""]"	[20261293, 20261294, 20261295, 20261296]	4	0	0	250	diagnostics_complete_requires_mixing_review	750	75	37	0	37	0	0	4	0	3	1	0	13736	5959	0	9855	3881	0	5938	21	0
2c1005bd7e13d6ce2cb4b0429ac1ae47856c3153b120052d98b537113689ded9-centered	2c1005bd7e13d6ce2cb4b0429ac1ae47856c3153b120052d98b537113689ded9	centered	OG0000336	10	"[""OG0000336-whole-mafft-floor1e-09-resolution0"",""OG0000336-whole-mafft-floor1e-07-resolution0"",""OG0000336-whole-famsa-floor1e-09-resolution0"",""OG0000336-whole-famsa-floor1e-07-resolution0""]"	"[""2c1005bd7e13d6ce2cb4b0429ac1ae47856c3153b120052d98b537113689ded9-centered-chain1"",""2c1005bd7e13d6ce2cb4b0429ac1ae47856c3153b120052d98b537113689ded9-centered-chain2"",""2c1005bd7e13d6ce2cb4b0429ac1ae47856c3153b120052d98b537113689ded9-centered-chain3"",""2c1005bd7e13d6ce2cb4b0429ac1ae47856c3153b120052d98b537113689ded9-centered-chain4""]"	[20261293, 20261294, 20261295, 20261296]	4	0	0	500	diagnostics_complete_requires_mixing_review	500	50	37	0	37	0	0	4	0	3	1	0	13736	5764	0	9688	4048	0	5743	21	0
2c1005bd7e13d6ce2cb4b0429ac1ae47856c3153b120052d98b537113689ded9-package	2c1005bd7e13d6ce2cb4b0429ac1ae47856c3153b120052d98b537113689ded9	package	OG0000336	10	"[""OG0000336-whole-mafft-floor1e-09-resolution0"",""OG0000336-whole-mafft-floor1e-07-resolution0"",""OG0000336-whole-famsa-floor1e-09-resolution0"",""OG0000336-whole-famsa-floor1e-07-resolution0""]"	"[""2c1005bd7e13d6ce2cb4b0429ac1ae47856c3153b120052d98b537113689ded9-package-chain1"",""2c1005bd7e13d6ce2cb4b0429ac1ae47856c3153b120052d98b537113689ded9-package-chain2"",""2c1005bd7e13d6ce2cb4b0429ac1ae47856c3153b120052d98b537113689ded9-package-chain3"",""2c1005bd7e13d6ce2cb4b0429ac1ae47856c3153b120052d98b537113689ded9-package-chain4""]"	[20261297, 20261298, 20261299, 20261300]	4	0	0	250	diagnostics_complete_requires_mixing_review	750	75	37	0	37	0	0	4	0	3	1	0	13736	5651	0	9392	4344	0	5630	21	0
2c1005bd7e13d6ce2cb4b0429ac1ae47856c3153b120052d98b537113689ded9-package	2c1005bd7e13d6ce2cb4b0429ac1ae47856c3153b120052d98b537113689ded9	package	OG0000336	10	"[""OG0000336-whole-mafft-floor1e-09-resolution0"",""OG0000336-whole-mafft-floor1e-07-resolution0"",""OG0000336-whole-famsa-floor1e-09-resolution0"",""OG0000336-whole-famsa-floor1e-07-resolution0""]"	"[""2c1005bd7e13d6ce2cb4b0429ac1ae47856c3153b120052d98b537113689ded9-package-chain1"",""2c1005bd7e13d6ce2cb4b0429ac1ae47856c3153b120052d98b537113689ded9-package-chain2"",""2c1005bd7e13d6ce2cb4b0429ac1ae47856c3153b120052d98b537113689ded9-package-chain3"",""2c1005bd7e13d6ce2cb4b0429ac1ae47856c3153b120052d98b537113689ded9-package-chain4""]"	[20261297, 20261298, 20261299, 20261300]	4	0	0	500	diagnostics_complete_requires_mixing_review	500	50	37	0	37	0	0	4	0	3	1	0	13736	5430	0	9138	4598	0	5409	21	0
2f6e0e69b81d2db2af058e6c425372acf69dbc52038b872ee6170b99bb640e85-broad	2f6e0e69b81d2db2af058e6c425372acf69dbc52038b872ee6170b99bb640e85	broad	OG0000230	24	"[""OG0000230-envelope-mafft-floor1e-09-resolution2"",""OG0000230-envelope-famsa-floor1e-09-resolution2""]"	"[""2f6e0e69b81d2db2af058e6c425372acf69dbc52038b872ee6170b99bb640e85-broad-chain1"",""2f6e0e69b81d2db2af058e6c425372acf69dbc52038b872ee6170b99bb640e85-broad-chain2"",""2f6e0e69b81d2db2af058e6c425372acf69dbc52038b872ee6170b99bb640e85-broad-chain3"",""2f6e0e69b81d2db2af058e6c425372acf69dbc52038b872ee6170b99bb640e85-broad-chain4""]"	[20261301, 20261302, 20261303, 20261304]	4	0	0	250	diagnostics_complete_requires_mixing_review	750	75	37	17	20	0	0	4	0	1	3	0	11132	338	0	4648	6484	0	318	20	0
2f6e0e69b81d2db2af058e6c425372acf69dbc52038b872ee6170b99bb640e85-broad	2f6e0e69b81d2db2af058e6c425372acf69dbc52038b872ee6170b99bb640e85	broad	OG0000230	24	"[""OG0000230-envelope-mafft-floor1e-09-resolution2"",""OG0000230-envelope-famsa-floor1e-09-resolution2""]"	"[""2f6e0e69b81d2db2af058e6c425372acf69dbc52038b872ee6170b99bb640e85-broad-chain1"",""2f6e0e69b81d2db2af058e6c425372acf69dbc52038b872ee6170b99bb640e85-broad-chain2"",""2f6e0e69b81d2db2af058e6c425372acf69dbc52038b872ee6170b99bb640e85-broad-chain3"",""2f6e0e69b81d2db2af058e6c425372acf69dbc52038b872ee6170b99bb640e85-broad-chain4""]"	[20261301, 20261302, 20261303, 20261304]	4	0	0	500	diagnostics_complete_requires_mixing_review	500	50	37	17	20	0	0	4	0	1	3	0	11132	300	0	4239	6893	0	280	20	0
2f6e0e69b81d2db2af058e6c425372acf69dbc52038b872ee6170b99bb640e85-centered	2f6e0e69b81d2db2af058e6c425372acf69dbc52038b872ee6170b99bb640e85	centered	OG0000230	24	"[""OG0000230-envelope-mafft-floor1e-09-resolution2"",""OG0000230-envelope-famsa-floor1e-09-resolution2""]"	"[""2f6e0e69b81d2db2af058e6c425372acf69dbc52038b872ee6170b99bb640e85-centered-chain1"",""2f6e0e69b81d2db2af058e6c425372acf69dbc52038b872ee6170b99bb640e85-centered-chain2"",""2f6e0e69b81d2db2af058e6c425372acf69dbc52038b872ee6170b99bb640e85-centered-chain3"",""2f6e0e69b81d2db2af058e6c425372acf69dbc52038b872ee6170b99bb640e85-centered-chain4""]"	[20261305, 20261306, 20261307, 20261308]	4	0	0	250	diagnostics_complete_requires_mixing_review	750	75	37	17	20	0	0	4	0	1	3	0	11132	348	0	4574	6558	0	328	20	0
2f6e0e69b81d2db2af058e6c425372acf69dbc52038b872ee6170b99bb640e85-centered	2f6e0e69b81d2db2af058e6c425372acf69dbc52038b872ee6170b99bb640e85	centered	OG0000230	24	"[""OG0000230-envelope-mafft-floor1e-09-resolution2"",""OG0000230-envelope-famsa-floor1e-09-resolution2""]"	"[""2f6e0e69b81d2db2af058e6c425372acf69dbc52038b872ee6170b99bb640e85-centered-chain1"",""2f6e0e69b81d2db2af058e6c425372acf69dbc52038b872ee6170b99bb640e85-centered-chain2"",""2f6e0e69b81d2db2af058e6c425372acf69dbc52038b872ee6170b99bb640e85-centered-chain3"",""2f6e0e69b81d2db2af058e6c425372acf69dbc52038b872ee6170b99bb640e85-centered-chain4""]"	[20261305, 20261306, 20261307, 20261308]	4	0	0	500	diagnostics_complete_requires_mixing_review	500	50	37	17	20	0	0	4	0	1	3	0	11132	309	0	4388	6744	0	289	20	0
2f6e0e69b81d2db2af058e6c425372acf69dbc52038b872ee6170b99bb640e85-package	2f6e0e69b81d2db2af058e6c425372acf69dbc52038b872ee6170b99bb640e85	package	OG0000230	24	"[""OG0000230-envelope-mafft-floor1e-09-resolution2"",""OG0000230-envelope-famsa-floor1e-09-resolution2""]"	"[""2f6e0e69b81d2db2af058e6c425372acf69dbc52038b872ee6170b99bb640e85-package-chain1"",""2f6e0e69b81d2db2af058e6c425372acf69dbc52038b872ee6170b99bb640e85-package-chain2"",""2f6e0e69b81d2db2af058e6c425372acf69dbc52038b872ee6170b99bb640e85-package-chain3"",""2f6e0e69b81d2db2af058e6c425372acf69dbc52038b872ee6170b99bb640e85-package-chain4""]"	[20261309, 20261310, 20261311, 20261312]	4	0	0	250	diagnostics_complete_requires_mixing_review	750	75	37	18	19	0	0	4	0	0	4	0	11132	316	0	4428	6704	0	296	20	0
2f6e0e69b81d2db2af058e6c425372acf69dbc52038b872ee6170b99bb640e85-package	2f6e0e69b81d2db2af058e6c425372acf69dbc52038b872ee6170b99bb640e85	package	OG0000230	24	"[""OG0000230-envelope-mafft-floor1e-09-resolution2"",""OG0000230-envelope-famsa-floor1e-09-resolution2""]"	"[""2f6e0e69b81d2db2af058e6c425372acf69dbc52038b872ee6170b99bb640e85-package-chain1"",""2f6e0e69b81d2db2af058e6c425372acf69dbc52038b872ee6170b99bb640e85-package-chain2"",""2f6e0e69b81d2db2af058e6c425372acf69dbc52038b872ee6170b99bb640e85-package-chain3"",""2f6e0e69b81d2db2af058e6c425372acf69dbc52038b872ee6170b99bb640e85-package-chain4""]"	[20261309, 20261310, 20261311, 20261312]	4	0	0	500	diagnostics_complete_requires_mixing_review	500	50	37	17	20	0	0	4	0	0	4	0	11132	277	0	4242	6890	0	257	20	0
30e9feb390463bebf7d2b799f5dc4d267e9684b2c6ffb849785305427e5e4a0b-broad	30e9feb390463bebf7d2b799f5dc4d267e9684b2c6ffb849785305427e5e4a0b	broad	OG0000230	24	"[""OG0000230-alignment-mafft-floor1e-07-resolution12"",""OG0000230-alignment-famsa-floor1e-07-resolution12""]"	"[""30e9feb390463bebf7d2b799f5dc4d267e9684b2c6ffb849785305427e5e4a0b-broad-chain1"",""30e9feb390463bebf7d2b799f5dc4d267e9684b2c6ffb849785305427e5e4a0b-broad-chain2"",""30e9feb390463bebf7d2b799f5dc4d267e9684b2c6ffb849785305427e5e4a0b-broad-chain3"",""30e9feb390463bebf7d2b799f5dc4d267e9684b2c6ffb849785305427e5e4a0b-broad-chain4""]"	[20261313, 20261314, 20261315, 20261316]	4	0	0	250	diagnostics_complete_requires_mixing_review	750	75	37	10	27	0	0	4	0	0	4	0	10924	456	0	6104	4820	0	436	20	0
30e9feb390463bebf7d2b799f5dc4d267e9684b2c6ffb849785305427e5e4a0b-broad	30e9feb390463bebf7d2b799f5dc4d267e9684b2c6ffb849785305427e5e4a0b	broad	OG0000230	24	"[""OG0000230-alignment-mafft-floor1e-07-resolution12"",""OG0000230-alignment-famsa-floor1e-07-resolution12""]"	"[""30e9feb390463bebf7d2b799f5dc4d267e9684b2c6ffb849785305427e5e4a0b-broad-chain1"",""30e9feb390463bebf7d2b799f5dc4d267e9684b2c6ffb849785305427e5e4a0b-broad-chain2"",""30e9feb390463bebf7d2b799f5dc4d267e9684b2c6ffb849785305427e5e4a0b-broad-chain3"",""30e9feb390463bebf7d2b799f5dc4d267e9684b2c6ffb849785305427e5e4a0b-broad-chain4""]"	[20261313, 20261314, 20261315, 20261316]	4	0	0	500	diagnostics_complete_requires_mixing_review	500	50	37	9	28	0	0	4	0	0	4	0	10924	402	0	5864	5060	0	382	20	0
30e9feb390463bebf7d2b799f5dc4d267e9684b2c6ffb849785305427e5e4a0b-centered	30e9feb390463bebf7d2b799f5dc4d267e9684b2c6ffb849785305427e5e4a0b	centered	OG0000230	24	"[""OG0000230-alignment-mafft-floor1e-07-resolution12"",""OG0000230-alignment-famsa-floor1e-07-resolution12""]"	"[""30e9feb390463bebf7d2b799f5dc4d267e9684b2c6ffb849785305427e5e4a0b-centered-chain1"",""30e9feb390463bebf7d2b799f5dc4d267e9684b2c6ffb849785305427e5e4a0b-centered-chain2"",""30e9feb390463bebf7d2b799f5dc4d267e9684b2c6ffb849785305427e5e4a0b-centered-chain3"",""30e9feb390463bebf7d2b799f5dc4d267e9684b2c6ffb849785305427e5e4a0b-centered-chain4""]"	[20261317, 20261318, 20261319, 20261320]	4	0	0	250	diagnostics_complete_requires_mixing_review	750	75	37	6	31	0	0	4	0	0	4	0	10924	434	0	5797	5127	0	414	20	0
30e9feb390463bebf7d2b799f5dc4d267e9684b2c6ffb849785305427e5e4a0b-centered	30e9feb390463bebf7d2b799f5dc4d267e9684b2c6ffb849785305427e5e4a0b	centered	OG0000230	24	"[""OG0000230-alignment-mafft-floor1e-07-resolution12"",""OG0000230-alignment-famsa-floor1e-07-resolution12""]"	"[""30e9feb390463bebf7d2b799f5dc4d267e9684b2c6ffb849785305427e5e4a0b-centered-chain1"",""30e9feb390463bebf7d2b799f5dc4d267e9684b2c6ffb849785305427e5e4a0b-centered-chain2"",""30e9feb390463bebf7d2b799f5dc4d267e9684b2c6ffb849785305427e5e4a0b-centered-chain3"",""30e9feb390463bebf7d2b799f5dc4d267e9684b2c6ffb849785305427e5e4a0b-centered-chain4""]"	[20261317, 20261318, 20261319, 20261320]	4	0	0	500	diagnostics_complete_requires_mixing_review	500	50	37	8	29	0	0	4	0	0	4	0	10924	373	0	5410	5514	0	353	20	0
30e9feb390463bebf7d2b799f5dc4d267e9684b2c6ffb849785305427e5e4a0b-package	30e9feb390463bebf7d2b799f5dc4d267e9684b2c6ffb849785305427e5e4a0b	package	OG0000230	24	"[""OG0000230-alignment-mafft-floor1e-07-resolution12"",""OG0000230-alignment-famsa-floor1e-07-resolution12""]"	"[""30e9feb390463bebf7d2b799f5dc4d267e9684b2c6ffb849785305427e5e4a0b-package-chain1"",""30e9feb390463bebf7d2b799f5dc4d267e9684b2c6ffb849785305427e5e4a0b-package-chain2"",""30e9feb390463bebf7d2b799f5dc4d267e9684b2c6ffb849785305427e5e4a0b-package-chain3"",""30e9feb390463bebf7d2b799f5dc4d267e9684b2c6ffb849785305427e5e4a0b-package-chain4""]"	[20261321, 20261322, 20261323, 20261324]	4	0	0	250	diagnostics_complete_requires_mixing_review	750	75	37	13	24	0	0	4	0	0	4	0	10924	426	0	5525	5399	0	406	20	0
30e9feb390463bebf7d2b799f5dc4d267e9684b2c6ffb849785305427e5e4a0b-package	30e9feb390463bebf7d2b799f5dc4d267e9684b2c6ffb849785305427e5e4a0b	package	OG0000230	24	"[""OG0000230-alignment-mafft-floor1e-07-resolution12"",""OG0000230-alignment-famsa-floor1e-07-resolution12""]"	"[""30e9feb390463bebf7d2b799f5dc4d267e9684b2c6ffb849785305427e5e4a0b-package-chain1"",""30e9feb390463bebf7d2b799f5dc4d267e9684b2c6ffb849785305427e5e4a0b-package-chain2"",""30e9feb390463bebf7d2b799f5dc4d267e9684b2c6ffb849785305427e5e4a0b-package-chain3"",""30e9feb390463bebf7d2b799f5dc4d267e9684b2c6ffb849785305427e5e4a0b-package-chain4""]"	[20261321, 20261322, 20261323, 20261324]	4	0	0	500	diagnostics_complete_requires_mixing_review	500	50	37	9	28	0	0	4	0	0	4	0	10924	350	0	5185	5739	0	330	20	0
31a229377f5371b1d962d0db682d7f4db982d896f4618360850c47f55b35c64b-broad	31a229377f5371b1d962d0db682d7f4db982d896f4618360850c47f55b35c64b	broad	OG0000230	24	"[""OG0000230-alignment-mafft-floor1e-07-resolution3"",""OG0000230-alignment-famsa-floor1e-07-resolution3""]"	"[""31a229377f5371b1d962d0db682d7f4db982d896f4618360850c47f55b35c64b-broad-chain1"",""31a229377f5371b1d962d0db682d7f4db982d896f4618360850c47f55b35c64b-broad-chain2"",""31a229377f5371b1d962d0db682d7f4db982d896f4618360850c47f55b35c64b-broad-chain3"",""31a229377f5371b1d962d0db682d7f4db982d896f4618360850c47f55b35c64b-broad-chain4""]"	[20261325, 20261326, 20261327, 20261328]	4	0	0	250	diagnostics_complete_requires_mixing_review	750	75	37	6	31	0	0	4	0	0	4	0	10924	495	0	5757	5167	0	475	20	0
31a229377f5371b1d962d0db682d7f4db982d896f4618360850c47f55b35c64b-broad	31a229377f5371b1d962d0db682d7f4db982d896f4618360850c47f55b35c64b	broad	OG0000230	24	"[""OG0000230-alignment-mafft-floor1e-07-resolution3"",""OG0000230-alignment-famsa-floor1e-07-resolution3""]"	"[""31a229377f5371b1d962d0db682d7f4db982d896f4618360850c47f55b35c64b-broad-chain1"",""31a229377f5371b1d962d0db682d7f4db982d896f4618360850c47f55b35c64b-broad-chain2"",""31a229377f5371b1d962d0db682d7f4db982d896f4618360850c47f55b35c64b-broad-chain3"",""31a229377f5371b1d962d0db682d7f4db982d896f4618360850c47f55b35c64b-broad-chain4""]"	[20261325, 20261326, 20261327, 20261328]	4	0	0	500	diagnostics_complete_requires_mixing_review	500	50	37	5	32	0	0	4	0	0	4	0	10924	429	0	5489	5435	0	409	20	0
31a229377f5371b1d962d0db682d7f4db982d896f4618360850c47f55b35c64b-centered	31a229377f5371b1d962d0db682d7f4db982d896f4618360850c47f55b35c64b	centered	OG0000230	24	"[""OG0000230-alignment-mafft-floor1e-07-resolution3"",""OG0000230-alignment-famsa-floor1e-07-resolution3""]"	"[""31a229377f5371b1d962d0db682d7f4db982d896f4618360850c47f55b35c64b-centered-chain1"",""31a229377f5371b1d962d0db682d7f4db982d896f4618360850c47f55b35c64b-centered-chain2"",""31a229377f5371b1d962d0db682d7f4db982d896f4618360850c47f55b35c64b-centered-chain3"",""31a229377f5371b1d962d0db682d7f4db982d896f4618360850c47f55b35c64b-centered-chain4""]"	[20261329, 20261330, 20261331, 20261332]	4	0	0	250	diagnostics_complete_requires_mixing_review	750	75	37	18	19	0	0	4	0	0	4	0	10924	446	0	5570	5354	0	426	20	0
31a229377f5371b1d962d0db682d7f4db982d896f4618360850c47f55b35c64b-centered	31a229377f5371b1d962d0db682d7f4db982d896f4618360850c47f55b35c64b	centered	OG0000230	24	"[""OG0000230-alignment-mafft-floor1e-07-resolution3"",""OG0000230-alignment-famsa-floor1e-07-resolution3""]"	"[""31a229377f5371b1d962d0db682d7f4db982d896f4618360850c47f55b35c64b-centered-chain1"",""31a229377f5371b1d962d0db682d7f4db982d896f4618360850c47f55b35c64b-centered-chain2"",""31a229377f5371b1d962d0db682d7f4db982d896f4618360850c47f55b35c64b-centered-chain3"",""31a229377f5371b1d962d0db682d7f4db982d896f4618360850c47f55b35c64b-centered-chain4""]"	[20261329, 20261330, 20261331, 20261332]	4	0	0	500	diagnostics_complete_requires_mixing_review	500	50	37	15	22	0	0	4	0	0	4	0	10924	357	0	4897	6027	0	337	20	0
31a229377f5371b1d962d0db682d7f4db982d896f4618360850c47f55b35c64b-package	31a229377f5371b1d962d0db682d7f4db982d896f4618360850c47f55b35c64b	package	OG0000230	24	"[""OG0000230-alignment-mafft-floor1e-07-resolution3"",""OG0000230-alignment-famsa-floor1e-07-resolution3""]"	"[""31a229377f5371b1d962d0db682d7f4db982d896f4618360850c47f55b35c64b-package-chain1"",""31a229377f5371b1d962d0db682d7f4db982d896f4618360850c47f55b35c64b-package-chain2"",""31a229377f5371b1d962d0db682d7f4db982d896f4618360850c47f55b35c64b-package-chain3"",""31a229377f5371b1d962d0db682d7f4db982d896f4618360850c47f55b35c64b-package-chain4""]"	[20261333, 20261334, 20261335, 20261336]	4	0	0	250	diagnostics_complete_requires_mixing_review	750	75	37	1	36	0	0	4	0	0	4	0	10924	424	0	5260	5664	0	404	20	0
31a229377f5371b1d962d0db682d7f4db982d896f4618360850c47f55b35c64b-package	31a229377f5371b1d962d0db682d7f4db982d896f4618360850c47f55b35c64b	package	OG0000230	24	"[""OG0000230-alignment-mafft-floor1e-07-resolution3"",""OG0000230-alignment-famsa-floor1e-07-resolution3""]"	"[""31a229377f5371b1d962d0db682d7f4db982d896f4618360850c47f55b35c64b-package-chain1"",""31a229377f5371b1d962d0db682d7f4db982d896f4618360850c47f55b35c64b-package-chain2"",""31a229377f5371b1d962d0db682d7f4db982d896f4618360850c47f55b35c64b-package-chain3"",""31a229377f5371b1d962d0db682d7f4db982d896f4618360850c47f55b35c64b-package-chain4""]"	[20261333, 20261334, 20261335, 20261336]	4	0	0	500	diagnostics_complete_requires_mixing_review	500	50	37	1	36	0	0	4	0	0	4	0	10924	363	0	4963	5961	0	343	20	0
390c70a50ec3c01d565f1225c76b74d51ed3ce66266a173cedc72a32b1ea62f9-broad	390c70a50ec3c01d565f1225c76b74d51ed3ce66266a173cedc72a32b1ea62f9	broad	OG0000230	24	"[""OG0000230-whole-mafft-floor1e-09-resolution9"",""OG0000230-whole-famsa-floor1e-09-resolution9""]"	"[""390c70a50ec3c01d565f1225c76b74d51ed3ce66266a173cedc72a32b1ea62f9-broad-chain1"",""390c70a50ec3c01d565f1225c76b74d51ed3ce66266a173cedc72a32b1ea62f9-broad-chain2"",""390c70a50ec3c01d565f1225c76b74d51ed3ce66266a173cedc72a32b1ea62f9-broad-chain3"",""390c70a50ec3c01d565f1225c76b74d51ed3ce66266a173cedc72a32b1ea62f9-broad-chain4""]"	[20261337, 20261338, 20261339, 20261340]	4	0	0	250	diagnostics_complete_requires_mixing_review	750	75	37	3	34	0	0	4	0	1	3	0	63296	2059	0	24860	38436	0	2038	21	0
390c70a50ec3c01d565f1225c76b74d51ed3ce66266a173cedc72a32b1ea62f9-broad	390c70a50ec3c01d565f1225c76b74d51ed3ce66266a173cedc72a32b1ea62f9	broad	OG0000230	24	"[""OG0000230-whole-mafft-floor1e-09-resolution9"",""OG0000230-whole-famsa-floor1e-09-resolution9""]"	"[""390c70a50ec3c01d565f1225c76b74d51ed3ce66266a173cedc72a32b1ea62f9-broad-chain1"",""390c70a50ec3c01d565f1225c76b74d51ed3ce66266a173cedc72a32b1ea62f9-broad-chain2"",""390c70a50ec3c01d565f1225c76b74d51ed3ce66266a173cedc72a32b1ea62f9-broad-chain3"",""390c70a50ec3c01d565f1225c76b74d51ed3ce66266a173cedc72a32b1ea62f9-broad-chain4""]"	[20261337, 20261338, 20261339, 20261340]	4	0	0	500	diagnostics_complete_requires_mixing_review	500	50	37	0	37	0	0	4	0	1	3	0	63296	1955	0	23757	39539	0	1934	21	0
390c70a50ec3c01d565f1225c76b74d51ed3ce66266a173cedc72a32b1ea62f9-centered	390c70a50ec3c01d565f1225c76b74d51ed3ce66266a173cedc72a32b1ea62f9	centered	OG0000230	24	"[""OG0000230-whole-mafft-floor1e-09-resolution9"",""OG0000230-whole-famsa-floor1e-09-resolution9""]"	"[""390c70a50ec3c01d565f1225c76b74d51ed3ce66266a173cedc72a32b1ea62f9-centered-chain1"",""390c70a50ec3c01d565f1225c76b74d51ed3ce66266a173cedc72a32b1ea62f9-centered-chain2"",""390c70a50ec3c01d565f1225c76b74d51ed3ce66266a173cedc72a32b1ea62f9-centered-chain3"",""390c70a50ec3c01d565f1225c76b74d51ed3ce66266a173cedc72a32b1ea62f9-centered-chain4""]"	[20261341, 20261342, 20261343, 20261344]	4	0	0	250	diagnostics_complete_requires_mixing_review	750	75	37	4	33	0	0	4	0	1	3	0	63296	2127	0	25743	37553	0	2106	21	0
390c70a50ec3c01d565f1225c76b74d51ed3ce66266a173cedc72a32b1ea62f9-centered	390c70a50ec3c01d565f1225c76b74d51ed3ce66266a173cedc72a32b1ea62f9	centered	OG0000230	24	"[""OG0000230-whole-mafft-floor1e-09-resolution9"",""OG0000230-whole-famsa-floor1e-09-resolution9""]"	"[""390c70a50ec3c01d565f1225c76b74d51ed3ce66266a173cedc72a32b1ea62f9-centered-chain1"",""390c70a50ec3c01d565f1225c76b74d51ed3ce66266a173cedc72a32b1ea62f9-centered-chain2"",""390c70a50ec3c01d565f1225c76b74d51ed3ce66266a173cedc72a32b1ea62f9-centered-chain3"",""390c70a50ec3c01d565f1225c76b74d51ed3ce66266a173cedc72a32b1ea62f9-centered-chain4""]"	[20261341, 20261342, 20261343, 20261344]	4	0	0	500	diagnostics_complete_requires_mixing_review	500	50	37	1	36	0	0	4	0	1	3	0	63296	1979	0	24197	39099	0	1958	21	0
390c70a50ec3c01d565f1225c76b74d51ed3ce66266a173cedc72a32b1ea62f9-package	390c70a50ec3c01d565f1225c76b74d51ed3ce66266a173cedc72a32b1ea62f9	package	OG0000230	24	"[""OG0000230-whole-mafft-floor1e-09-resolution9"",""OG0000230-whole-famsa-floor1e-09-resolution9""]"	"[""390c70a50ec3c01d565f1225c76b74d51ed3ce66266a173cedc72a32b1ea62f9-package-chain1"",""390c70a50ec3c01d565f1225c76b74d51ed3ce66266a173cedc72a32b1ea62f9-package-chain2"",""390c70a50ec3c01d565f1225c76b74d51ed3ce66266a173cedc72a32b1ea62f9-package-chain3"",""390c70a50ec3c01d565f1225c76b74d51ed3ce66266a173cedc72a32b1ea62f9-package-chain4""]"	[20261345, 20261346, 20261347, 20261348]	4	0	0	250	diagnostics_complete_requires_mixing_review	750	75	37	2	35	0	0	4	0	1	3	0	63296	2320	0	28895	34401	0	2299	21	0
390c70a50ec3c01d565f1225c76b74d51ed3ce66266a173cedc72a32b1ea62f9-package	390c70a50ec3c01d565f1225c76b74d51ed3ce66266a173cedc72a32b1ea62f9	package	OG0000230	24	"[""OG0000230-whole-mafft-floor1e-09-resolution9"",""OG0000230-whole-famsa-floor1e-09-resolution9""]"	"[""390c70a50ec3c01d565f1225c76b74d51ed3ce66266a173cedc72a32b1ea62f9-package-chain1"",""390c70a50ec3c01d565f1225c76b74d51ed3ce66266a173cedc72a32b1ea62f9-package-chain2"",""390c70a50ec3c01d565f1225c76b74d51ed3ce66266a173cedc72a32b1ea62f9-package-chain3"",""390c70a50ec3c01d565f1225c76b74d51ed3ce66266a173cedc72a32b1ea62f9-package-chain4""]"	[20261345, 20261346, 20261347, 20261348]	4	0	0	500	diagnostics_complete_requires_mixing_review	500	50	37	1	36	0	0	4	0	1	3	0	63296	2191	0	27459	35837	0	2170	21	0
3ab7dbb5d0f576417e9734ff08c2dd6c6d2bbd655059c1339dc94b5d69459d45-broad	3ab7dbb5d0f576417e9734ff08c2dd6c6d2bbd655059c1339dc94b5d69459d45	broad	OG0000230	24	"[""OG0000230-envelope-mafft-floor1e-09-resolution12"",""OG0000230-envelope-famsa-floor1e-09-resolution12""]"	"[""3ab7dbb5d0f576417e9734ff08c2dd6c6d2bbd655059c1339dc94b5d69459d45-broad-chain1"",""3ab7dbb5d0f576417e9734ff08c2dd6c6d2bbd655059c1339dc94b5d69459d45-broad-chain2"",""3ab7dbb5d0f576417e9734ff08c2dd6c6d2bbd655059c1339dc94b5d69459d45-broad-chain3"",""3ab7dbb5d0f576417e9734ff08c2dd6c6d2bbd655059c1339dc94b5d69459d45-broad-chain4""]"	[20261349, 20261350, 20261351, 20261352]	4	0	0	250	diagnostics_complete_requires_mixing_review	750	75	37	19	18	0	0	4	0	0	4	0	11132	324	0	4480	6652	0	304	20	0
3ab7dbb5d0f576417e9734ff08c2dd6c6d2bbd655059c1339dc94b5d69459d45-broad	3ab7dbb5d0f576417e9734ff08c2dd6c6d2bbd655059c1339dc94b5d69459d45	broad	OG0000230	24	"[""OG0000230-envelope-mafft-floor1e-09-resolution12"",""OG0000230-envelope-famsa-floor1e-09-resolution12""]"	"[""3ab7dbb5d0f576417e9734ff08c2dd6c6d2bbd655059c1339dc94b5d69459d45-broad-chain1"",""3ab7dbb5d0f576417e9734ff08c2dd6c6d2bbd655059c1339dc94b5d69459d45-broad-chain2"",""3ab7dbb5d0f576417e9734ff08c2dd6c6d2bbd655059c1339dc94b5d69459d45-broad-chain3"",""3ab7dbb5d0f576417e9734ff08c2dd6c6d2bbd655059c1339dc94b5d69459d45-broad-chain4""]"	[20261349, 20261350, 20261351, 20261352]	4	0	0	500	diagnostics_complete_requires_mixing_review	500	50	37	17	20	0	0	4	0	0	4	0	11132	288	0	4312	6820	0	268	20	0
3ab7dbb5d0f576417e9734ff08c2dd6c6d2bbd655059c1339dc94b5d69459d45-centered	3ab7dbb5d0f576417e9734ff08c2dd6c6d2bbd655059c1339dc94b5d69459d45	centered	OG0000230	24	"[""OG0000230-envelope-mafft-floor1e-09-resolution12"",""OG0000230-envelope-famsa-floor1e-09-resolution12""]"	"[""3ab7dbb5d0f576417e9734ff08c2dd6c6d2bbd655059c1339dc94b5d69459d45-centered-chain1"",""3ab7dbb5d0f576417e9734ff08c2dd6c6d2bbd655059c1339dc94b5d69459d45-centered-chain2"",""3ab7dbb5d0f576417e9734ff08c2dd6c6d2bbd655059c1339dc94b5d69459d45-centered-chain3"",""3ab7dbb5d0f576417e9734ff08c2dd6c6d2bbd655059c1339dc94b5d69459d45-centered-chain4""]"	[20261353, 20261354, 20261355, 20261356]	4	0	0	250	diagnostics_complete_requires_mixing_review	750	75	37	18	19	0	0	4	0	1	3	0	11132	354	0	4860	6272	0	334	20	0
3ab7dbb5d0f576417e9734ff08c2dd6c6d2bbd655059c1339dc94b5d69459d45-centered	3ab7dbb5d0f576417e9734ff08c2dd6c6d2bbd655059c1339dc94b5d69459d45	centered	OG0000230	24	"[""OG0000230-envelope-mafft-floor1e-09-resolution12"",""OG0000230-envelope-famsa-floor1e-09-resolution12""]"	"[""3ab7dbb5d0f576417e9734ff08c2dd6c6d2bbd655059c1339dc94b5d69459d45-centered-chain1"",""3ab7dbb5d0f576417e9734ff08c2dd6c6d2bbd655059c1339dc94b5d69459d45-centered-chain2"",""3ab7dbb5d0f576417e9734ff08c2dd6c6d2bbd655059c1339dc94b5d69459d45-centered-chain3"",""3ab7dbb5d0f576417e9734ff08c2dd6c6d2bbd655059c1339dc94b5d69459d45-centered-chain4""]"	[20261353, 20261354, 20261355, 20261356]	4	0	0	500	diagnostics_complete_requires_mixing_review	500	50	37	17	20	0	0	4	0	1	3	0	11132	341	0	4640	6492	0	321	20	0
3ab7dbb5d0f576417e9734ff08c2dd6c6d2bbd655059c1339dc94b5d69459d45-package	3ab7dbb5d0f576417e9734ff08c2dd6c6d2bbd655059c1339dc94b5d69459d45	package	OG0000230	24	"[""OG0000230-envelope-mafft-floor1e-09-resolution12"",""OG0000230-envelope-famsa-floor1e-09-resolution12""]"	"[""3ab7dbb5d0f576417e9734ff08c2dd6c6d2bbd655059c1339dc94b5d69459d45-package-chain1"",""3ab7dbb5d0f576417e9734ff08c2dd6c6d2bbd655059c1339dc94b5d69459d45-package-chain2"",""3ab7dbb5d0f576417e9734ff08c2dd6c6d2bbd655059c1339dc94b5d69459d45-package-chain3"",""3ab7dbb5d0f576417e9734ff08c2dd6c6d2bbd655059c1339dc94b5d69459d45-package-chain4""]"	[20261357, 20261358, 20261359, 20261360]	4	0	0	250	diagnostics_complete_requires_mixing_review	750	75	37	18	19	0	0	4	0	1	3	0	11132	314	0	4460	6672	0	294	20	0
3ab7dbb5d0f576417e9734ff08c2dd6c6d2bbd655059c1339dc94b5d69459d45-package	3ab7dbb5d0f576417e9734ff08c2dd6c6d2bbd655059c1339dc94b5d69459d45	package	OG0000230	24	"[""OG0000230-envelope-mafft-floor1e-09-resolution12"",""OG0000230-envelope-famsa-floor1e-09-resolution12""]"	"[""3ab7dbb5d0f576417e9734ff08c2dd6c6d2bbd655059c1339dc94b5d69459d45-package-chain1"",""3ab7dbb5d0f576417e9734ff08c2dd6c6d2bbd655059c1339dc94b5d69459d45-package-chain2"",""3ab7dbb5d0f576417e9734ff08c2dd6c6d2bbd655059c1339dc94b5d69459d45-package-chain3"",""3ab7dbb5d0f576417e9734ff08c2dd6c6d2bbd655059c1339dc94b5d69459d45-package-chain4""]"	[20261357, 20261358, 20261359, 20261360]	4	0	0	500	diagnostics_complete_requires_mixing_review	500	50	37	15	22	0	0	4	0	0	4	0	11132	308	0	4344	6788	0	288	20	0
3f62e01a8660a779c90eae5e1d9bbc7bcbd31b1ec053dac1acd77126f3790fcc-broad	3f62e01a8660a779c90eae5e1d9bbc7bcbd31b1ec053dac1acd77126f3790fcc	broad	OG0000336	10	"[""OG0000336-envelope-mafft-floor1e-09-resolution0"",""OG0000336-envelope-mafft-floor1e-07-resolution0"",""OG0000336-envelope-famsa-floor1e-09-resolution0"",""OG0000336-envelope-famsa-floor1e-07-resolution0""]"	"[""3f62e01a8660a779c90eae5e1d9bbc7bcbd31b1ec053dac1acd77126f3790fcc-broad-chain1"",""3f62e01a8660a779c90eae5e1d9bbc7bcbd31b1ec053dac1acd77126f3790fcc-broad-chain2"",""3f62e01a8660a779c90eae5e1d9bbc7bcbd31b1ec053dac1acd77126f3790fcc-broad-chain3"",""3f62e01a8660a779c90eae5e1d9bbc7bcbd31b1ec053dac1acd77126f3790fcc-broad-chain4""]"	[20261361, 20261362, 20261363, 20261364]	4	0	0	250	diagnostics_complete_requires_mixing_review	750	75	37	17	20	0	0	4	0	0	4	0	5520	371	0	2156	3364	0	351	20	0
3f62e01a8660a779c90eae5e1d9bbc7bcbd31b1ec053dac1acd77126f3790fcc-broad	3f62e01a8660a779c90eae5e1d9bbc7bcbd31b1ec053dac1acd77126f3790fcc	broad	OG0000336	10	"[""OG0000336-envelope-mafft-floor1e-09-resolution0"",""OG0000336-envelope-mafft-floor1e-07-resolution0"",""OG0000336-envelope-famsa-floor1e-09-resolution0"",""OG0000336-envelope-famsa-floor1e-07-resolution0""]"	"[""3f62e01a8660a779c90eae5e1d9bbc7bcbd31b1ec053dac1acd77126f3790fcc-broad-chain1"",""3f62e01a8660a779c90eae5e1d9bbc7bcbd31b1ec053dac1acd77126f3790fcc-broad-chain2"",""3f62e01a8660a779c90eae5e1d9bbc7bcbd31b1ec053dac1acd77126f3790fcc-broad-chain3"",""3f62e01a8660a779c90eae5e1d9bbc7bcbd31b1ec053dac1acd77126f3790fcc-broad-chain4""]"	[20261361, 20261362, 20261363, 20261364]	4	0	0	500	diagnostics_complete_requires_mixing_review	500	50	37	15	22	0	0	4	0	0	4	0	5520	353	0	2056	3464	0	333	20	0
3f62e01a8660a779c90eae5e1d9bbc7bcbd31b1ec053dac1acd77126f3790fcc-centered	3f62e01a8660a779c90eae5e1d9bbc7bcbd31b1ec053dac1acd77126f3790fcc	centered	OG0000336	10	"[""OG0000336-envelope-mafft-floor1e-09-resolution0"",""OG0000336-envelope-mafft-floor1e-07-resolution0"",""OG0000336-envelope-famsa-floor1e-09-resolution0"",""OG0000336-envelope-famsa-floor1e-07-resolution0""]"	"[""3f62e01a8660a779c90eae5e1d9bbc7bcbd31b1ec053dac1acd77126f3790fcc-centered-chain1"",""3f62e01a8660a779c90eae5e1d9bbc7bcbd31b1ec053dac1acd77126f3790fcc-centered-chain2"",""3f62e01a8660a779c90eae5e1d9bbc7bcbd31b1ec053dac1acd77126f3790fcc-centered-chain3"",""3f62e01a8660a779c90eae5e1d9bbc7bcbd31b1ec053dac1acd77126f3790fcc-centered-chain4""]"	[20261365, 20261366, 20261367, 20261368]	4	0	0	250	diagnostics_complete_requires_mixing_review	750	75	37	17	20	0	0	4	0	0	4	0	5520	366	0	2210	3310	0	346	20	0
3f62e01a8660a779c90eae5e1d9bbc7bcbd31b1ec053dac1acd77126f3790fcc-centered	3f62e01a8660a779c90eae5e1d9bbc7bcbd31b1ec053dac1acd77126f3790fcc	centered	OG0000336	10	"[""OG0000336-envelope-mafft-floor1e-09-resolution0"",""OG0000336-envelope-mafft-floor1e-07-resolution0"",""OG0000336-envelope-famsa-floor1e-09-resolution0"",""OG0000336-envelope-famsa-floor1e-07-resolution0""]"	"[""3f62e01a8660a779c90eae5e1d9bbc7bcbd31b1ec053dac1acd77126f3790fcc-centered-chain1"",""3f62e01a8660a779c90eae5e1d9bbc7bcbd31b1ec053dac1acd77126f3790fcc-centered-chain2"",""3f62e01a8660a779c90eae5e1d9bbc7bcbd31b1ec053dac1acd77126f3790fcc-centered-chain3"",""3f62e01a8660a779c90eae5e1d9bbc7bcbd31b1ec053dac1acd77126f3790fcc-centered-chain4""]"	[20261365, 20261366, 20261367, 20261368]	4	0	0	500	diagnostics_complete_requires_mixing_review	500	50	37	17	20	0	0	4	0	0	4	0	5520	342	0	2115	3405	0	322	20	0
3f62e01a8660a779c90eae5e1d9bbc7bcbd31b1ec053dac1acd77126f3790fcc-package	3f62e01a8660a779c90eae5e1d9bbc7bcbd31b1ec053dac1acd77126f3790fcc	package	OG0000336	10	"[""OG0000336-envelope-mafft-floor1e-09-resolution0"",""OG0000336-envelope-mafft-floor1e-07-resolution0"",""OG0000336-envelope-famsa-floor1e-09-resolution0"",""OG0000336-envelope-famsa-floor1e-07-resolution0""]"	"[""3f62e01a8660a779c90eae5e1d9bbc7bcbd31b1ec053dac1acd77126f3790fcc-package-chain1"",""3f62e01a8660a779c90eae5e1d9bbc7bcbd31b1ec053dac1acd77126f3790fcc-package-chain2"",""3f62e01a8660a779c90eae5e1d9bbc7bcbd31b1ec053dac1acd77126f3790fcc-package-chain3"",""3f62e01a8660a779c90eae5e1d9bbc7bcbd31b1ec053dac1acd77126f3790fcc-package-chain4""]"	[20261369, 20261370, 20261371, 20261372]	4	0	0	250	diagnostics_complete_requires_mixing_review	750	75	37	18	19	0	0	4	0	0	4	0	5520	385	0	2301	3219	0	365	20	0
3f62e01a8660a779c90eae5e1d9bbc7bcbd31b1ec053dac1acd77126f3790fcc-package	3f62e01a8660a779c90eae5e1d9bbc7bcbd31b1ec053dac1acd77126f3790fcc	package	OG0000336	10	"[""OG0000336-envelope-mafft-floor1e-09-resolution0"",""OG0000336-envelope-mafft-floor1e-07-resolution0"",""OG0000336-envelope-famsa-floor1e-09-resolution0"",""OG0000336-envelope-famsa-floor1e-07-resolution0""]"	"[""3f62e01a8660a779c90eae5e1d9bbc7bcbd31b1ec053dac1acd77126f3790fcc-package-chain1"",""3f62e01a8660a779c90eae5e1d9bbc7bcbd31b1ec053dac1acd77126f3790fcc-package-chain2"",""3f62e01a8660a779c90eae5e1d9bbc7bcbd31b1ec053dac1acd77126f3790fcc-package-chain3"",""3f62e01a8660a779c90eae5e1d9bbc7bcbd31b1ec053dac1acd77126f3790fcc-package-chain4""]"	[20261369, 20261370, 20261371, 20261372]	4	0	0	500	diagnostics_complete_requires_mixing_review	500	50	37	15	22	0	0	4	0	0	4	0	5520	355	0	2203	3317	0	335	20	0
4128a59a0b902b6e1a580c55305b80c9d69592a83be096b22ab24a18fc098680-broad	4128a59a0b902b6e1a580c55305b80c9d69592a83be096b22ab24a18fc098680	broad	OG0000230	24	"[""OG0000230-envelope-mafft-floor1e-09-resolution14"",""OG0000230-envelope-famsa-floor1e-09-resolution14""]"	"[""4128a59a0b902b6e1a580c55305b80c9d69592a83be096b22ab24a18fc098680-broad-chain1"",""4128a59a0b902b6e1a580c55305b80c9d69592a83be096b22ab24a18fc098680-broad-chain2"",""4128a59a0b902b6e1a580c55305b80c9d69592a83be096b22ab24a18fc098680-broad-chain3"",""4128a59a0b902b6e1a580c55305b80c9d69592a83be096b22ab24a18fc098680-broad-chain4""]"	[20261373, 20261374, 20261375, 20261376]	4	0	0	250	diagnostics_complete_requires_mixing_review	750	75	37	18	19	0	0	4	0	1	3	0	11132	334	0	4514	6618	0	314	20	0
4128a59a0b902b6e1a580c55305b80c9d69592a83be096b22ab24a18fc098680-broad	4128a59a0b902b6e1a580c55305b80c9d69592a83be096b22ab24a18fc098680	broad	OG0000230	24	"[""OG0000230-envelope-mafft-floor1e-09-resolution14"",""OG0000230-envelope-famsa-floor1e-09-resolution14""]"	"[""4128a59a0b902b6e1a580c55305b80c9d69592a83be096b22ab24a18fc098680-broad-chain1"",""4128a59a0b902b6e1a580c55305b80c9d69592a83be096b22ab24a18fc098680-broad-chain2"",""4128a59a0b902b6e1a580c55305b80c9d69592a83be096b22ab24a18fc098680-broad-chain3"",""4128a59a0b902b6e1a580c55305b80c9d69592a83be096b22ab24a18fc098680-broad-chain4""]"	[20261373, 20261374, 20261375, 20261376]	4	0	0	500	diagnostics_complete_requires_mixing_review	500	50	37	17	20	0	0	4	0	1	3	0	11132	308	0	4256	6876	0	288	20	0
4128a59a0b902b6e1a580c55305b80c9d69592a83be096b22ab24a18fc098680-centered	4128a59a0b902b6e1a580c55305b80c9d69592a83be096b22ab24a18fc098680	centered	OG0000230	24	"[""OG0000230-envelope-mafft-floor1e-09-resolution14"",""OG0000230-envelope-famsa-floor1e-09-resolution14""]"	"[""4128a59a0b902b6e1a580c55305b80c9d69592a83be096b22ab24a18fc098680-centered-chain1"",""4128a59a0b902b6e1a580c55305b80c9d69592a83be096b22ab24a18fc098680-centered-chain2"",""4128a59a0b902b6e1a580c55305b80c9d69592a83be096b22ab24a18fc098680-centered-chain3"",""4128a59a0b902b6e1a580c55305b80c9d69592a83be096b22ab24a18fc098680-centered-chain4""]"	[20261377, 20261378, 20261379, 20261380]	4	0	0	250	diagnostics_complete_requires_mixing_review	750	75	37	18	19	0	0	4	0	1	3	0	11132	333	0	4903	6229	0	313	20	0
4128a59a0b902b6e1a580c55305b80c9d69592a83be096b22ab24a18fc098680-centered	4128a59a0b902b6e1a580c55305b80c9d69592a83be096b22ab24a18fc098680	centered	OG0000230	24	"[""OG0000230-envelope-mafft-floor1e-09-resolution14"",""OG0000230-envelope-famsa-floor1e-09-resolution14""]"	"[""4128a59a0b902b6e1a580c55305b80c9d69592a83be096b22ab24a18fc098680-centered-chain1"",""4128a59a0b902b6e1a580c55305b80c9d69592a83be096b22ab24a18fc098680-centered-chain2"",""4128a59a0b902b6e1a580c55305b80c9d69592a83be096b22ab24a18fc098680-centered-chain3"",""4128a59a0b902b6e1a580c55305b80c9d69592a83be096b22ab24a18fc098680-centered-chain4""]"	[20261377, 20261378, 20261379, 20261380]	4	0	0	500	diagnostics_complete_requires_mixing_review	500	50	37	17	20	0	0	4	0	1	3	0	11132	317	0	4692	6440	0	297	20	0
4128a59a0b902b6e1a580c55305b80c9d69592a83be096b22ab24a18fc098680-package	4128a59a0b902b6e1a580c55305b80c9d69592a83be096b22ab24a18fc098680	package	OG0000230	24	"[""OG0000230-envelope-mafft-floor1e-09-resolution14"",""OG0000230-envelope-famsa-floor1e-09-resolution14""]"	"[""4128a59a0b902b6e1a580c55305b80c9d69592a83be096b22ab24a18fc098680-package-chain1"",""4128a59a0b902b6e1a580c55305b80c9d69592a83be096b22ab24a18fc098680-package-chain2"",""4128a59a0b902b6e1a580c55305b80c9d69592a83be096b22ab24a18fc098680-package-chain3"",""4128a59a0b902b6e1a580c55305b80c9d69592a83be096b22ab24a18fc098680-package-chain4""]"	[20261381, 20261382, 20261383, 20261384]	4	0	0	250	diagnostics_complete_requires_mixing_review	750	75	37	17	20	0	0	4	0	1	3	0	11132	357	0	5047	6085	0	337	20	0
4128a59a0b902b6e1a580c55305b80c9d69592a83be096b22ab24a18fc098680-package	4128a59a0b902b6e1a580c55305b80c9d69592a83be096b22ab24a18fc098680	package	OG0000230	24	"[""OG0000230-envelope-mafft-floor1e-09-resolution14"",""OG0000230-envelope-famsa-floor1e-09-resolution14""]"	"[""4128a59a0b902b6e1a580c55305b80c9d69592a83be096b22ab24a18fc098680-package-chain1"",""4128a59a0b902b6e1a580c55305b80c9d69592a83be096b22ab24a18fc098680-package-chain2"",""4128a59a0b902b6e1a580c55305b80c9d69592a83be096b22ab24a18fc098680-package-chain3"",""4128a59a0b902b6e1a580c55305b80c9d69592a83be096b22ab24a18fc098680-package-chain4""]"	[20261381, 20261382, 20261383, 20261384]	4	0	0	500	diagnostics_complete_requires_mixing_review	500	50	37	17	20	0	0	4	0	0	4	0	11132	323	0	4725	6407	0	303	20	0
41ddef2f3dd8342f1a3d3b8c2009a6c535e46733a73cc4755936f2c674a493bc-broad	41ddef2f3dd8342f1a3d3b8c2009a6c535e46733a73cc4755936f2c674a493bc	broad	OG0000230	24	"[""OG0000230-alignment-mafft-floor1e-07-resolution2"",""OG0000230-alignment-famsa-floor1e-07-resolution2""]"	"[""41ddef2f3dd8342f1a3d3b8c2009a6c535e46733a73cc4755936f2c674a493bc-broad-chain1"",""41ddef2f3dd8342f1a3d3b8c2009a6c535e46733a73cc4755936f2c674a493bc-broad-chain2"",""41ddef2f3dd8342f1a3d3b8c2009a6c535e46733a73cc4755936f2c674a493bc-broad-chain3"",""41ddef2f3dd8342f1a3d3b8c2009a6c535e46733a73cc4755936f2c674a493bc-broad-chain4""]"	[20261385, 20261386, 20261387, 20261388]	4	0	0	250	diagnostics_complete_requires_mixing_review	750	75	37	15	22	0	0	4	0	0	4	0	10924	408	0	5521	5403	0	388	20	0
41ddef2f3dd8342f1a3d3b8c2009a6c535e46733a73cc4755936f2c674a493bc-broad	41ddef2f3dd8342f1a3d3b8c2009a6c535e46733a73cc4755936f2c674a493bc	broad	OG0000230	24	"[""OG0000230-alignment-mafft-floor1e-07-resolution2"",""OG0000230-alignment-famsa-floor1e-07-resolution2""]"	"[""41ddef2f3dd8342f1a3d3b8c2009a6c535e46733a73cc4755936f2c674a493bc-broad-chain1"",""41ddef2f3dd8342f1a3d3b8c2009a6c535e46733a73cc4755936f2c674a493bc-broad-chain2"",""41ddef2f3dd8342f1a3d3b8c2009a6c535e46733a73cc4755936f2c674a493bc-broad-chain3"",""41ddef2f3dd8342f1a3d3b8c2009a6c535e46733a73cc4755936f2c674a493bc-broad-chain4""]"	[20261385, 20261386, 20261387, 20261388]	4	0	0	500	diagnostics_complete_requires_mixing_review	500	50	37	14	23	0	0	4	0	0	4	0	10924	353	0	5281	5643	0	333	20	0
41ddef2f3dd8342f1a3d3b8c2009a6c535e46733a73cc4755936f2c674a493bc-centered	41ddef2f3dd8342f1a3d3b8c2009a6c535e46733a73cc4755936f2c674a493bc	centered	OG0000230	24	"[""OG0000230-alignment-mafft-floor1e-07-resolution2"",""OG0000230-alignment-famsa-floor1e-07-resolution2""]"	"[""41ddef2f3dd8342f1a3d3b8c2009a6c535e46733a73cc4755936f2c674a493bc-centered-chain1"",""41ddef2f3dd8342f1a3d3b8c2009a6c535e46733a73cc4755936f2c674a493bc-centered-chain2"",""41ddef2f3dd8342f1a3d3b8c2009a6c535e46733a73cc4755936f2c674a493bc-centered-chain3"",""41ddef2f3dd8342f1a3d3b8c2009a6c535e46733a73cc4755936f2c674a493bc-centered-chain4""]"	[20261389, 20261390, 20261391, 20261392]	4	0	0	250	diagnostics_complete_requires_mixing_review	750	75	37	10	27	0	0	4	0	0	4	0	10924	454	0	5939	4985	0	434	20	0
41ddef2f3dd8342f1a3d3b8c2009a6c535e46733a73cc4755936f2c674a493bc-centered	41ddef2f3dd8342f1a3d3b8c2009a6c535e46733a73cc4755936f2c674a493bc	centered	OG0000230	24	"[""OG0000230-alignment-mafft-floor1e-07-resolution2"",""OG0000230-alignment-famsa-floor1e-07-resolution2""]"	"[""41ddef2f3dd8342f1a3d3b8c2009a6c535e46733a73cc4755936f2c674a493bc-centered-chain1"",""41ddef2f3dd8342f1a3d3b8c2009a6c535e46733a73cc4755936f2c674a493bc-centered-chain2"",""41ddef2f3dd8342f1a3d3b8c2009a6c535e46733a73cc4755936f2c674a493bc-centered-chain3"",""41ddef2f3dd8342f1a3d3b8c2009a6c535e46733a73cc4755936f2c674a493bc-centered-chain4""]"	[20261389, 20261390, 20261391, 20261392]	4	0	0	500	diagnostics_complete_requires_mixing_review	500	50	37	10	27	0	0	4	0	0	4	0	10924	435	0	5787	5137	0	415	20	0
41ddef2f3dd8342f1a3d3b8c2009a6c535e46733a73cc4755936f2c674a493bc-package	41ddef2f3dd8342f1a3d3b8c2009a6c535e46733a73cc4755936f2c674a493bc	package	OG0000230	24	"[""OG0000230-alignment-mafft-floor1e-07-resolution2"",""OG0000230-alignment-famsa-floor1e-07-resolution2""]"	"[""41ddef2f3dd8342f1a3d3b8c2009a6c535e46733a73cc4755936f2c674a493bc-package-chain1"",""41ddef2f3dd8342f1a3d3b8c2009a6c535e46733a73cc4755936f2c674a493bc-package-chain2"",""41ddef2f3dd8342f1a3d3b8c2009a6c535e46733a73cc4755936f2c674a493bc-package-chain3"",""41ddef2f3dd8342f1a3d3b8c2009a6c535e46733a73cc4755936f2c674a493bc-package-chain4""]"	[20261393, 20261394, 20261395, 20261396]	4	0	0	250	diagnostics_complete_requires_mixing_review	750	75	37	4	33	0	0	4	0	0	4	0	10924	408	0	5411	5513	0	388	20	0
41ddef2f3dd8342f1a3d3b8c2009a6c535e46733a73cc4755936f2c674a493bc-package	41ddef2f3dd8342f1a3d3b8c2009a6c535e46733a73cc4755936f2c674a493bc	package	OG0000230	24	"[""OG0000230-alignment-mafft-floor1e-07-resolution2"",""OG0000230-alignment-famsa-floor1e-07-resolution2""]"	"[""41ddef2f3dd8342f1a3d3b8c2009a6c535e46733a73cc4755936f2c674a493bc-package-chain1"",""41ddef2f3dd8342f1a3d3b8c2009a6c535e46733a73cc4755936f2c674a493bc-package-chain2"",""41ddef2f3dd8342f1a3d3b8c2009a6c535e46733a73cc4755936f2c674a493bc-package-chain3"",""41ddef2f3dd8342f1a3d3b8c2009a6c535e46733a73cc4755936f2c674a493bc-package-chain4""]"	[20261393, 20261394, 20261395, 20261396]	4	0	0	500	diagnostics_complete_requires_mixing_review	500	50	37	4	33	0	0	4	0	0	4	0	10924	343	0	5132	5792	0	323	20	0
4399a4155d07a1241e725f45f89958f239f65767083366d475c76130e7797ffa-broad	4399a4155d07a1241e725f45f89958f239f65767083366d475c76130e7797ffa	broad	OG0000230	24	"[""OG0000230-whole-mafft-floor1e-07-resolution4"",""OG0000230-whole-famsa-floor1e-07-resolution4""]"	"[""4399a4155d07a1241e725f45f89958f239f65767083366d475c76130e7797ffa-broad-chain1"",""4399a4155d07a1241e725f45f89958f239f65767083366d475c76130e7797ffa-broad-chain2"",""4399a4155d07a1241e725f45f89958f239f65767083366d475c76130e7797ffa-broad-chain3"",""4399a4155d07a1241e725f45f89958f239f65767083366d475c76130e7797ffa-broad-chain4""]"	[20261397, 20261398, 20261399, 20261400]	4	0	0	250	diagnostics_complete_requires_mixing_review	750	75	37	2	35	0	0	4	0	1	3	0	63296	2136	0	26675	36621	0	2115	21	0
4399a4155d07a1241e725f45f89958f239f65767083366d475c76130e7797ffa-broad	4399a4155d07a1241e725f45f89958f239f65767083366d475c76130e7797ffa	broad	OG0000230	24	"[""OG0000230-whole-mafft-floor1e-07-resolution4"",""OG0000230-whole-famsa-floor1e-07-resolution4""]"	"[""4399a4155d07a1241e725f45f89958f239f65767083366d475c76130e7797ffa-broad-chain1"",""4399a4155d07a1241e725f45f89958f239f65767083366d475c76130e7797ffa-broad-chain2"",""4399a4155d07a1241e725f45f89958f239f65767083366d475c76130e7797ffa-broad-chain3"",""4399a4155d07a1241e725f45f89958f239f65767083366d475c76130e7797ffa-broad-chain4""]"	[20261397, 20261398, 20261399, 20261400]	4	0	0	500	diagnostics_complete_requires_mixing_review	500	50	37	1	36	0	0	4	0	1	3	0	63296	1968	0	25023	38273	0	1947	21	0
4399a4155d07a1241e725f45f89958f239f65767083366d475c76130e7797ffa-centered	4399a4155d07a1241e725f45f89958f239f65767083366d475c76130e7797ffa	centered	OG0000230	24	"[""OG0000230-whole-mafft-floor1e-07-resolution4"",""OG0000230-whole-famsa-floor1e-07-resolution4""]"	"[""4399a4155d07a1241e725f45f89958f239f65767083366d475c76130e7797ffa-centered-chain1"",""4399a4155d07a1241e725f45f89958f239f65767083366d475c76130e7797ffa-centered-chain2"",""4399a4155d07a1241e725f45f89958f239f65767083366d475c76130e7797ffa-centered-chain3"",""4399a4155d07a1241e725f45f89958f239f65767083366d475c76130e7797ffa-centered-chain4""]"	[20261401, 20261402, 20261403, 20261404]	4	0	0	250	diagnostics_complete_requires_mixing_review	750	75	37	1	36	0	0	4	0	1	3	0	63296	2082	0	25563	37733	0	2061	21	0
4399a4155d07a1241e725f45f89958f239f65767083366d475c76130e7797ffa-centered	4399a4155d07a1241e725f45f89958f239f65767083366d475c76130e7797ffa	centered	OG0000230	24	"[""OG0000230-whole-mafft-floor1e-07-resolution4"",""OG0000230-whole-famsa-floor1e-07-resolution4""]"	"[""4399a4155d07a1241e725f45f89958f239f65767083366d475c76130e7797ffa-centered-chain1"",""4399a4155d07a1241e725f45f89958f239f65767083366d475c76130e7797ffa-centered-chain2"",""4399a4155d07a1241e725f45f89958f239f65767083366d475c76130e7797ffa-centered-chain3"",""4399a4155d07a1241e725f45f89958f239f65767083366d475c76130e7797ffa-centered-chain4""]"	[20261401, 20261402, 20261403, 20261404]	4	0	0	500	diagnostics_complete_requires_mixing_review	500	50	37	1	36	0	0	4	0	1	3	0	63296	1893	0	23570	39726	0	1872	21	0
4399a4155d07a1241e725f45f89958f239f65767083366d475c76130e7797ffa-package	4399a4155d07a1241e725f45f89958f239f65767083366d475c76130e7797ffa	package	OG0000230	24	"[""OG0000230-whole-mafft-floor1e-07-resolution4"",""OG0000230-whole-famsa-floor1e-07-resolution4""]"	"[""4399a4155d07a1241e725f45f89958f239f65767083366d475c76130e7797ffa-package-chain1"",""4399a4155d07a1241e725f45f89958f239f65767083366d475c76130e7797ffa-package-chain2"",""4399a4155d07a1241e725f45f89958f239f65767083366d475c76130e7797ffa-package-chain3"",""4399a4155d07a1241e725f45f89958f239f65767083366d475c76130e7797ffa-package-chain4""]"	[20261405, 20261406, 20261407, 20261408]	4	0	0	250	diagnostics_complete_requires_mixing_review	750	75	37	6	31	0	0	4	0	1	3	0	63296	2033	0	24056	39240	0	2012	21	0
4399a4155d07a1241e725f45f89958f239f65767083366d475c76130e7797ffa-package	4399a4155d07a1241e725f45f89958f239f65767083366d475c76130e7797ffa	package	OG0000230	24	"[""OG0000230-whole-mafft-floor1e-07-resolution4"",""OG0000230-whole-famsa-floor1e-07-resolution4""]"	"[""4399a4155d07a1241e725f45f89958f239f65767083366d475c76130e7797ffa-package-chain1"",""4399a4155d07a1241e725f45f89958f239f65767083366d475c76130e7797ffa-package-chain2"",""4399a4155d07a1241e725f45f89958f239f65767083366d475c76130e7797ffa-package-chain3"",""4399a4155d07a1241e725f45f89958f239f65767083366d475c76130e7797ffa-package-chain4""]"	[20261405, 20261406, 20261407, 20261408]	4	0	0	500	diagnostics_complete_requires_mixing_review	500	50	37	4	33	0	0	4	0	1	3	0	63296	1934	0	23185	40111	0	1913	21	0
4554868ba9129a5c1eeb21e1918a199689a1e6af30cb33264c505796844cc7f3-broad	4554868ba9129a5c1eeb21e1918a199689a1e6af30cb33264c505796844cc7f3	broad	OG0000054	11	"[""OG0000054-whole-mafft-floor1e-09-resolution0"",""OG0000054-whole-mafft-floor1e-07-resolution0"",""OG0000054-whole-famsa-floor1e-09-resolution0"",""OG0000054-whole-famsa-floor1e-07-resolution0""]"	"[""4554868ba9129a5c1eeb21e1918a199689a1e6af30cb33264c505796844cc7f3-broad-chain1"",""4554868ba9129a5c1eeb21e1918a199689a1e6af30cb33264c505796844cc7f3-broad-chain2"",""4554868ba9129a5c1eeb21e1918a199689a1e6af30cb33264c505796844cc7f3-broad-chain3"",""4554868ba9129a5c1eeb21e1918a199689a1e6af30cb33264c505796844cc7f3-broad-chain4""]"	[20261409, 20261410, 20261411, 20261412]	4	0	0	250	diagnostics_complete_requires_mixing_review	750	75	37	6	31	0	0	4	0	2	2	0	10316	1021	0	5392	4924	0	1001	20	0
4554868ba9129a5c1eeb21e1918a199689a1e6af30cb33264c505796844cc7f3-broad	4554868ba9129a5c1eeb21e1918a199689a1e6af30cb33264c505796844cc7f3	broad	OG0000054	11	"[""OG0000054-whole-mafft-floor1e-09-resolution0"",""OG0000054-whole-mafft-floor1e-07-resolution0"",""OG0000054-whole-famsa-floor1e-09-resolution0"",""OG0000054-whole-famsa-floor1e-07-resolution0""]"	"[""4554868ba9129a5c1eeb21e1918a199689a1e6af30cb33264c505796844cc7f3-broad-chain1"",""4554868ba9129a5c1eeb21e1918a199689a1e6af30cb33264c505796844cc7f3-broad-chain2"",""4554868ba9129a5c1eeb21e1918a199689a1e6af30cb33264c505796844cc7f3-broad-chain3"",""4554868ba9129a5c1eeb21e1918a199689a1e6af30cb33264c505796844cc7f3-broad-chain4""]"	[20261409, 20261410, 20261411, 20261412]	4	0	0	500	diagnostics_complete_requires_mixing_review	500	50	37	5	32	0	0	4	0	2	2	0	10316	946	0	5118	5198	0	926	20	0
4554868ba9129a5c1eeb21e1918a199689a1e6af30cb33264c505796844cc7f3-centered	4554868ba9129a5c1eeb21e1918a199689a1e6af30cb33264c505796844cc7f3	centered	OG0000054	11	"[""OG0000054-whole-mafft-floor1e-09-resolution0"",""OG0000054-whole-mafft-floor1e-07-resolution0"",""OG0000054-whole-famsa-floor1e-09-resolution0"",""OG0000054-whole-famsa-floor1e-07-resolution0""]"	"[""4554868ba9129a5c1eeb21e1918a199689a1e6af30cb33264c505796844cc7f3-centered-chain1"",""4554868ba9129a5c1eeb21e1918a199689a1e6af30cb33264c505796844cc7f3-centered-chain2"",""4554868ba9129a5c1eeb21e1918a199689a1e6af30cb33264c505796844cc7f3-centered-chain3"",""4554868ba9129a5c1eeb21e1918a199689a1e6af30cb33264c505796844cc7f3-centered-chain4""]"	[20261413, 20261414, 20261415, 20261416]	4	0	0	250	diagnostics_complete_requires_mixing_review	750	75	37	5	32	0	0	4	0	3	1	0	10316	1073	0	5373	4943	0	1053	20	0
4554868ba9129a5c1eeb21e1918a199689a1e6af30cb33264c505796844cc7f3-centered	4554868ba9129a5c1eeb21e1918a199689a1e6af30cb33264c505796844cc7f3	centered	OG0000054	11	"[""OG0000054-whole-mafft-floor1e-09-resolution0"",""OG0000054-whole-mafft-floor1e-07-resolution0"",""OG0000054-whole-famsa-floor1e-09-resolution0"",""OG0000054-whole-famsa-floor1e-07-resolution0""]"	"[""4554868ba9129a5c1eeb21e1918a199689a1e6af30cb33264c505796844cc7f3-centered-chain1"",""4554868ba9129a5c1eeb21e1918a199689a1e6af30cb33264c505796844cc7f3-centered-chain2"",""4554868ba9129a5c1eeb21e1918a199689a1e6af30cb33264c505796844cc7f3-centered-chain3"",""4554868ba9129a5c1eeb21e1918a199689a1e6af30cb33264c505796844cc7f3-centered-chain4""]"	[20261413, 20261414, 20261415, 20261416]	4	0	0	500	diagnostics_complete_requires_mixing_review	500	50	37	5	32	0	0	4	0	2	2	0	10316	1012	0	5082	5234	0	992	20	0
4554868ba9129a5c1eeb21e1918a199689a1e6af30cb33264c505796844cc7f3-package	4554868ba9129a5c1eeb21e1918a199689a1e6af30cb33264c505796844cc7f3	package	OG0000054	11	"[""OG0000054-whole-mafft-floor1e-09-resolution0"",""OG0000054-whole-mafft-floor1e-07-resolution0"",""OG0000054-whole-famsa-floor1e-09-resolution0"",""OG0000054-whole-famsa-floor1e-07-resolution0""]"	"[""4554868ba9129a5c1eeb21e1918a199689a1e6af30cb33264c505796844cc7f3-package-chain1"",""4554868ba9129a5c1eeb21e1918a199689a1e6af30cb33264c505796844cc7f3-package-chain2"",""4554868ba9129a5c1eeb21e1918a199689a1e6af30cb33264c505796844cc7f3-package-chain3"",""4554868ba9129a5c1eeb21e1918a199689a1e6af30cb33264c505796844cc7f3-package-chain4""]"	[20261417, 20261418, 20261419, 20261420]	4	0	0	250	diagnostics_complete_requires_mixing_review	750	75	37	2	35	0	0	4	0	2	2	0	10316	1009	0	5477	4839	0	989	20	0
4554868ba9129a5c1eeb21e1918a199689a1e6af30cb33264c505796844cc7f3-package	4554868ba9129a5c1eeb21e1918a199689a1e6af30cb33264c505796844cc7f3	package	OG0000054	11	"[""OG0000054-whole-mafft-floor1e-09-resolution0"",""OG0000054-whole-mafft-floor1e-07-resolution0"",""OG0000054-whole-famsa-floor1e-09-resolution0"",""OG0000054-whole-famsa-floor1e-07-resolution0""]"	"[""4554868ba9129a5c1eeb21e1918a199689a1e6af30cb33264c505796844cc7f3-package-chain1"",""4554868ba9129a5c1eeb21e1918a199689a1e6af30cb33264c505796844cc7f3-package-chain2"",""4554868ba9129a5c1eeb21e1918a199689a1e6af30cb33264c505796844cc7f3-package-chain3"",""4554868ba9129a5c1eeb21e1918a199689a1e6af30cb33264c505796844cc7f3-package-chain4""]"	[20261417, 20261418, 20261419, 20261420]	4	0	0	500	diagnostics_complete_requires_mixing_review	500	50	37	1	36	0	0	4	0	2	2	0	10316	957	0	5225	5091	0	937	20	0
46487a57b971e78785ec4ffad6c0821e5b83ff117b5928fb0febb7cbd4890b3a-broad	46487a57b971e78785ec4ffad6c0821e5b83ff117b5928fb0febb7cbd4890b3a	broad	OG0000230	24	"[""OG0000230-alignment-mafft-floor1e-07-resolution7"",""OG0000230-alignment-famsa-floor1e-07-resolution7""]"	"[""46487a57b971e78785ec4ffad6c0821e5b83ff117b5928fb0febb7cbd4890b3a-broad-chain1"",""46487a57b971e78785ec4ffad6c0821e5b83ff117b5928fb0febb7cbd4890b3a-broad-chain2"",""46487a57b971e78785ec4ffad6c0821e5b83ff117b5928fb0febb7cbd4890b3a-broad-chain3"",""46487a57b971e78785ec4ffad6c0821e5b83ff117b5928fb0febb7cbd4890b3a-broad-chain4""]"	[20261421, 20261422, 20261423, 20261424]	4	0	0	250	diagnostics_complete_requires_mixing_review	750	75	37	13	24	0	0	4	0	0	4	0	10924	454	0	5708	5216	0	434	20	0
46487a57b971e78785ec4ffad6c0821e5b83ff117b5928fb0febb7cbd4890b3a-broad	46487a57b971e78785ec4ffad6c0821e5b83ff117b5928fb0febb7cbd4890b3a	broad	OG0000230	24	"[""OG0000230-alignment-mafft-floor1e-07-resolution7"",""OG0000230-alignment-famsa-floor1e-07-resolution7""]"	"[""46487a57b971e78785ec4ffad6c0821e5b83ff117b5928fb0febb7cbd4890b3a-broad-chain1"",""46487a57b971e78785ec4ffad6c0821e5b83ff117b5928fb0febb7cbd4890b3a-broad-chain2"",""46487a57b971e78785ec4ffad6c0821e5b83ff117b5928fb0febb7cbd4890b3a-broad-chain3"",""46487a57b971e78785ec4ffad6c0821e5b83ff117b5928fb0febb7cbd4890b3a-broad-chain4""]"	[20261421, 20261422, 20261423, 20261424]	4	0	0	500	diagnostics_complete_requires_mixing_review	500	50	37	11	26	0	0	4	0	0	4	0	10924	394	0	5345	5579	0	374	20	0
46487a57b971e78785ec4ffad6c0821e5b83ff117b5928fb0febb7cbd4890b3a-centered	46487a57b971e78785ec4ffad6c0821e5b83ff117b5928fb0febb7cbd4890b3a	centered	OG0000230	24	"[""OG0000230-alignment-mafft-floor1e-07-resolution7"",""OG0000230-alignment-famsa-floor1e-07-resolution7""]"	"[""46487a57b971e78785ec4ffad6c0821e5b83ff117b5928fb0febb7cbd4890b3a-centered-chain1"",""46487a57b971e78785ec4ffad6c0821e5b83ff117b5928fb0febb7cbd4890b3a-centered-chain2"",""46487a57b971e78785ec4ffad6c0821e5b83ff117b5928fb0febb7cbd4890b3a-centered-chain3"",""46487a57b971e78785ec4ffad6c0821e5b83ff117b5928fb0febb7cbd4890b3a-centered-chain4""]"	[20261425, 20261426, 20261427, 20261428]	4	0	0	250	diagnostics_complete_requires_mixing_review	750	75	37	3	34	0	0	4	0	0	4	0	10924	482	0	5632	5292	0	462	20	0
46487a57b971e78785ec4ffad6c0821e5b83ff117b5928fb0febb7cbd4890b3a-centered	46487a57b971e78785ec4ffad6c0821e5b83ff117b5928fb0febb7cbd4890b3a	centered	OG0000230	24	"[""OG0000230-alignment-mafft-floor1e-07-resolution7"",""OG0000230-alignment-famsa-floor1e-07-resolution7""]"	"[""46487a57b971e78785ec4ffad6c0821e5b83ff117b5928fb0febb7cbd4890b3a-centered-chain1"",""46487a57b971e78785ec4ffad6c0821e5b83ff117b5928fb0febb7cbd4890b3a-centered-chain2"",""46487a57b971e78785ec4ffad6c0821e5b83ff117b5928fb0febb7cbd4890b3a-centered-chain3"",""46487a57b971e78785ec4ffad6c0821e5b83ff117b5928fb0febb7cbd4890b3a-centered-chain4""]"	[20261425, 20261426, 20261427, 20261428]	4	0	0	500	diagnostics_complete_requires_mixing_review	500	50	37	3	34	0	0	4	0	0	4	0	10924	438	0	5389	5535	0	418	20	0
46487a57b971e78785ec4ffad6c0821e5b83ff117b5928fb0febb7cbd4890b3a-package	46487a57b971e78785ec4ffad6c0821e5b83ff117b5928fb0febb7cbd4890b3a	package	OG0000230	24	"[""OG0000230-alignment-mafft-floor1e-07-resolution7"",""OG0000230-alignment-famsa-floor1e-07-resolution7""]"	"[""46487a57b971e78785ec4ffad6c0821e5b83ff117b5928fb0febb7cbd4890b3a-package-chain1"",""46487a57b971e78785ec4ffad6c0821e5b83ff117b5928fb0febb7cbd4890b3a-package-chain2"",""46487a57b971e78785ec4ffad6c0821e5b83ff117b5928fb0febb7cbd4890b3a-package-chain3"",""46487a57b971e78785ec4ffad6c0821e5b83ff117b5928fb0febb7cbd4890b3a-package-chain4""]"	[20261429, 20261430, 20261431, 20261432]	4	0	0	250	diagnostics_complete_requires_mixing_review	750	75	37	18	19	0	0	4	0	0	4	0	10924	408	0	5134	5790	0	388	20	0
46487a57b971e78785ec4ffad6c0821e5b83ff117b5928fb0febb7cbd4890b3a-package	46487a57b971e78785ec4ffad6c0821e5b83ff117b5928fb0febb7cbd4890b3a	package	OG0000230	24	"[""OG0000230-alignment-mafft-floor1e-07-resolution7"",""OG0000230-alignment-famsa-floor1e-07-resolution7""]"	"[""46487a57b971e78785ec4ffad6c0821e5b83ff117b5928fb0febb7cbd4890b3a-package-chain1"",""46487a57b971e78785ec4ffad6c0821e5b83ff117b5928fb0febb7cbd4890b3a-package-chain2"",""46487a57b971e78785ec4ffad6c0821e5b83ff117b5928fb0febb7cbd4890b3a-package-chain3"",""46487a57b971e78785ec4ffad6c0821e5b83ff117b5928fb0febb7cbd4890b3a-package-chain4""]"	[20261429, 20261430, 20261431, 20261432]	4	0	0	500	diagnostics_complete_requires_mixing_review	500	50	37	17	20	0	0	4	0	0	4	0	10924	364	0	4922	6002	0	344	20	0
477b72f96230bf6bec0d82e9f80883ec3ef23ed1bc162be793f9629f2d12e6f0-broad	477b72f96230bf6bec0d82e9f80883ec3ef23ed1bc162be793f9629f2d12e6f0	broad	OG0000230	24	"[""OG0000230-alignment-mafft-floor1e-09-resolution13"",""OG0000230-alignment-famsa-floor1e-09-resolution13""]"	"[""477b72f96230bf6bec0d82e9f80883ec3ef23ed1bc162be793f9629f2d12e6f0-broad-chain1"",""477b72f96230bf6bec0d82e9f80883ec3ef23ed1bc162be793f9629f2d12e6f0-broad-chain2"",""477b72f96230bf6bec0d82e9f80883ec3ef23ed1bc162be793f9629f2d12e6f0-broad-chain3"",""477b72f96230bf6bec0d82e9f80883ec3ef23ed1bc162be793f9629f2d12e6f0-broad-chain4""]"	[20261433, 20261434, 20261435, 20261436]	4	0	0	250	diagnostics_complete_requires_mixing_review	750	75	37	7	30	0	0	4	0	0	4	0	10924	464	0	5909	5015	0	444	20	0
477b72f96230bf6bec0d82e9f80883ec3ef23ed1bc162be793f9629f2d12e6f0-broad	477b72f96230bf6bec0d82e9f80883ec3ef23ed1bc162be793f9629f2d12e6f0	broad	OG0000230	24	"[""OG0000230-alignment-mafft-floor1e-09-resolution13"",""OG0000230-alignment-famsa-floor1e-09-resolution13""]"	"[""477b72f96230bf6bec0d82e9f80883ec3ef23ed1bc162be793f9629f2d12e6f0-broad-chain1"",""477b72f96230bf6bec0d82e9f80883ec3ef23ed1bc162be793f9629f2d12e6f0-broad-chain2"",""477b72f96230bf6bec0d82e9f80883ec3ef23ed1bc162be793f9629f2d12e6f0-broad-chain3"",""477b72f96230bf6bec0d82e9f80883ec3ef23ed1bc162be793f9629f2d12e6f0-broad-chain4""]"	[20261433, 20261434, 20261435, 20261436]	4	0	0	500	diagnostics_complete_requires_mixing_review	500	50	37	8	29	0	0	4	0	0	4	0	10924	408	0	5557	5367	0	388	20	0
477b72f96230bf6bec0d82e9f80883ec3ef23ed1bc162be793f9629f2d12e6f0-centered	477b72f96230bf6bec0d82e9f80883ec3ef23ed1bc162be793f9629f2d12e6f0	centered	OG0000230	24	"[""OG0000230-alignment-mafft-floor1e-09-resolution13"",""OG0000230-alignment-famsa-floor1e-09-resolution13""]"	"[""477b72f96230bf6bec0d82e9f80883ec3ef23ed1bc162be793f9629f2d12e6f0-centered-chain1"",""477b72f96230bf6bec0d82e9f80883ec3ef23ed1bc162be793f9629f2d12e6f0-centered-chain2"",""477b72f96230bf6bec0d82e9f80883ec3ef23ed1bc162be793f9629f2d12e6f0-centered-chain3"",""477b72f96230bf6bec0d82e9f80883ec3ef23ed1bc162be793f9629f2d12e6f0-centered-chain4""]"	[20261437, 20261438, 20261439, 20261440]	4	0	0	250	diagnostics_complete_requires_mixing_review	750	75	37	8	29	0	0	4	0	0	4	0	10924	455	0	5627	5297	0	435	20	0
477b72f96230bf6bec0d82e9f80883ec3ef23ed1bc162be793f9629f2d12e6f0-centered	477b72f96230bf6bec0d82e9f80883ec3ef23ed1bc162be793f9629f2d12e6f0	centered	OG0000230	24	"[""OG0000230-alignment-mafft-floor1e-09-resolution13"",""OG0000230-alignment-famsa-floor1e-09-resolution13""]"	"[""477b72f96230bf6bec0d82e9f80883ec3ef23ed1bc162be793f9629f2d12e6f0-centered-chain1"",""477b72f96230bf6bec0d82e9f80883ec3ef23ed1bc162be793f9629f2d12e6f0-centered-chain2"",""477b72f96230bf6bec0d82e9f80883ec3ef23ed1bc162be793f9629f2d12e6f0-centered-chain3"",""477b72f96230bf6bec0d82e9f80883ec3ef23ed1bc162be793f9629f2d12e6f0-centered-chain4""]"	[20261437, 20261438, 20261439, 20261440]	4	0	0	500	diagnostics_complete_requires_mixing_review	500	50	37	15	22	0	0	4	0	0	4	0	10924	398	0	5329	5595	0	378	20	0
477b72f96230bf6bec0d82e9f80883ec3ef23ed1bc162be793f9629f2d12e6f0-package	477b72f96230bf6bec0d82e9f80883ec3ef23ed1bc162be793f9629f2d12e6f0	package	OG0000230	24	"[""OG0000230-alignment-mafft-floor1e-09-resolution13"",""OG0000230-alignment-famsa-floor1e-09-resolution13""]"	"[""477b72f96230bf6bec0d82e9f80883ec3ef23ed1bc162be793f9629f2d12e6f0-package-chain1"",""477b72f96230bf6bec0d82e9f80883ec3ef23ed1bc162be793f9629f2d12e6f0-package-chain2"",""477b72f96230bf6bec0d82e9f80883ec3ef23ed1bc162be793f9629f2d12e6f0-package-chain3"",""477b72f96230bf6bec0d82e9f80883ec3ef23ed1bc162be793f9629f2d12e6f0-package-chain4""]"	[20261441, 20261442, 20261443, 20261444]	4	0	0	250	diagnostics_complete_requires_mixing_review	750	75	37	6	31	0	0	4	0	0	4	0	10924	383	0	5002	5922	0	363	20	0
477b72f96230bf6bec0d82e9f80883ec3ef23ed1bc162be793f9629f2d12e6f0-package	477b72f96230bf6bec0d82e9f80883ec3ef23ed1bc162be793f9629f2d12e6f0	package	OG0000230	24	"[""OG0000230-alignment-mafft-floor1e-09-resolution13"",""OG0000230-alignment-famsa-floor1e-09-resolution13""]"	"[""477b72f96230bf6bec0d82e9f80883ec3ef23ed1bc162be793f9629f2d12e6f0-package-chain1"",""477b72f96230bf6bec0d82e9f80883ec3ef23ed1bc162be793f9629f2d12e6f0-package-chain2"",""477b72f96230bf6bec0d82e9f80883ec3ef23ed1bc162be793f9629f2d12e6f0-package-chain3"",""477b72f96230bf6bec0d82e9f80883ec3ef23ed1bc162be793f9629f2d12e6f0-package-chain4""]"	[20261441, 20261442, 20261443, 20261444]	4	0	0	500	diagnostics_complete_requires_mixing_review	500	50	37	10	27	0	0	4	0	0	4	0	10924	326	0	4830	6094	0	306	20	0
4825ef56f94053f03607294554865781775aa2179c0d6124231490bd96c8c456-broad	4825ef56f94053f03607294554865781775aa2179c0d6124231490bd96c8c456	broad	OG0000230	24	"[""OG0000230-whole-mafft-floor1e-07-resolution14"",""OG0000230-whole-famsa-floor1e-07-resolution14""]"	"[""4825ef56f94053f03607294554865781775aa2179c0d6124231490bd96c8c456-broad-chain1"",""4825ef56f94053f03607294554865781775aa2179c0d6124231490bd96c8c456-broad-chain2"",""4825ef56f94053f03607294554865781775aa2179c0d6124231490bd96c8c456-broad-chain3"",""4825ef56f94053f03607294554865781775aa2179c0d6124231490bd96c8c456-broad-chain4""]"	[20261445, 20261446, 20261447, 20261448]	4	0	0	250	diagnostics_complete_requires_mixing_review	750	75	37	2	35	0	0	4	0	1	3	0	63296	2091	0	24980	38316	0	2070	21	0
4825ef56f94053f03607294554865781775aa2179c0d6124231490bd96c8c456-broad	4825ef56f94053f03607294554865781775aa2179c0d6124231490bd96c8c456	broad	OG0000230	24	"[""OG0000230-whole-mafft-floor1e-07-resolution14"",""OG0000230-whole-famsa-floor1e-07-resolution14""]"	"[""4825ef56f94053f03607294554865781775aa2179c0d6124231490bd96c8c456-broad-chain1"",""4825ef56f94053f03607294554865781775aa2179c0d6124231490bd96c8c456-broad-chain2"",""4825ef56f94053f03607294554865781775aa2179c0d6124231490bd96c8c456-broad-chain3"",""4825ef56f94053f03607294554865781775aa2179c0d6124231490bd96c8c456-broad-chain4""]"	[20261445, 20261446, 20261447, 20261448]	4	0	0	500	diagnostics_complete_requires_mixing_review	500	50	37	1	36	0	0	4	0	1	3	0	63296	1960	0	23375	39921	0	1939	21	0
4825ef56f94053f03607294554865781775aa2179c0d6124231490bd96c8c456-centered	4825ef56f94053f03607294554865781775aa2179c0d6124231490bd96c8c456	centered	OG0000230	24	"[""OG0000230-whole-mafft-floor1e-07-resolution14"",""OG0000230-whole-famsa-floor1e-07-resolution14""]"	"[""4825ef56f94053f03607294554865781775aa2179c0d6124231490bd96c8c456-centered-chain1"",""4825ef56f94053f03607294554865781775aa2179c0d6124231490bd96c8c456-centered-chain2"",""4825ef56f94053f03607294554865781775aa2179c0d6124231490bd96c8c456-centered-chain3"",""4825ef56f94053f03607294554865781775aa2179c0d6124231490bd96c8c456-centered-chain4""]"	[20261449, 20261450, 20261451, 20261452]	4	0	0	250	diagnostics_complete_requires_mixing_review	750	75	37	5	32	0	0	4	0	1	3	0	63296	2054	0	24782	38514	0	2033	21	0
4825ef56f94053f03607294554865781775aa2179c0d6124231490bd96c8c456-centered	4825ef56f94053f03607294554865781775aa2179c0d6124231490bd96c8c456	centered	OG0000230	24	"[""OG0000230-whole-mafft-floor1e-07-resolution14"",""OG0000230-whole-famsa-floor1e-07-resolution14""]"	"[""4825ef56f94053f03607294554865781775aa2179c0d6124231490bd96c8c456-centered-chain1"",""4825ef56f94053f03607294554865781775aa2179c0d6124231490bd96c8c456-centered-chain2"",""4825ef56f94053f03607294554865781775aa2179c0d6124231490bd96c8c456-centered-chain3"",""4825ef56f94053f03607294554865781775aa2179c0d6124231490bd96c8c456-centered-chain4""]"	[20261449, 20261450, 20261451, 20261452]	4	0	0	500	diagnostics_complete_requires_mixing_review	500	50	37	5	32	0	0	4	0	1	3	0	63296	1931	0	23950	39346	0	1910	21	0
4825ef56f94053f03607294554865781775aa2179c0d6124231490bd96c8c456-package	4825ef56f94053f03607294554865781775aa2179c0d6124231490bd96c8c456	package	OG0000230	24	"[""OG0000230-whole-mafft-floor1e-07-resolution14"",""OG0000230-whole-famsa-floor1e-07-resolution14""]"	"[""4825ef56f94053f03607294554865781775aa2179c0d6124231490bd96c8c456-package-chain1"",""4825ef56f94053f03607294554865781775aa2179c0d6124231490bd96c8c456-package-chain2"",""4825ef56f94053f03607294554865781775aa2179c0d6124231490bd96c8c456-package-chain3"",""4825ef56f94053f03607294554865781775aa2179c0d6124231490bd96c8c456-package-chain4""]"	[20261453, 20261454, 20261455, 20261456]	4	0	0	250	diagnostics_complete_requires_mixing_review	750	75	37	13	24	0	0	4	0	1	3	0	63296	1970	0	23923	39373	0	1949	21	0
4825ef56f94053f03607294554865781775aa2179c0d6124231490bd96c8c456-package	4825ef56f94053f03607294554865781775aa2179c0d6124231490bd96c8c456	package	OG0000230	24	"[""OG0000230-whole-mafft-floor1e-07-resolution14"",""OG0000230-whole-famsa-floor1e-07-resolution14""]"	"[""4825ef56f94053f03607294554865781775aa2179c0d6124231490bd96c8c456-package-chain1"",""4825ef56f94053f03607294554865781775aa2179c0d6124231490bd96c8c456-package-chain2"",""4825ef56f94053f03607294554865781775aa2179c0d6124231490bd96c8c456-package-chain3"",""4825ef56f94053f03607294554865781775aa2179c0d6124231490bd96c8c456-package-chain4""]"	[20261453, 20261454, 20261455, 20261456]	4	0	0	500	diagnostics_complete_requires_mixing_review	500	50	37	9	28	0	0	4	0	1	3	0	63296	1839	0	22615	40681	0	1818	21	0
4848bf5bd69e8a58650eca9ecd6a39c44e5bec6c66b2b29f731fd4072c56d067-broad	4848bf5bd69e8a58650eca9ecd6a39c44e5bec6c66b2b29f731fd4072c56d067	broad	OG0000230	24	"[""OG0000230-envelope-mafft-floor1e-09-resolution1"",""OG0000230-envelope-famsa-floor1e-09-resolution1""]"	"[""4848bf5bd69e8a58650eca9ecd6a39c44e5bec6c66b2b29f731fd4072c56d067-broad-chain1"",""4848bf5bd69e8a58650eca9ecd6a39c44e5bec6c66b2b29f731fd4072c56d067-broad-chain2"",""4848bf5bd69e8a58650eca9ecd6a39c44e5bec6c66b2b29f731fd4072c56d067-broad-chain3"",""4848bf5bd69e8a58650eca9ecd6a39c44e5bec6c66b2b29f731fd4072c56d067-broad-chain4""]"	[20261457, 20261458, 20261459, 20261460]	4	0	0	250	diagnostics_complete_requires_mixing_review	750	75	37	18	19	0	0	4	0	1	3	0	11132	373	0	4719	6413	0	353	20	0
4848bf5bd69e8a58650eca9ecd6a39c44e5bec6c66b2b29f731fd4072c56d067-broad	4848bf5bd69e8a58650eca9ecd6a39c44e5bec6c66b2b29f731fd4072c56d067	broad	OG0000230	24	"[""OG0000230-envelope-mafft-floor1e-09-resolution1"",""OG0000230-envelope-famsa-floor1e-09-resolution1""]"	"[""4848bf5bd69e8a58650eca9ecd6a39c44e5bec6c66b2b29f731fd4072c56d067-broad-chain1"",""4848bf5bd69e8a58650eca9ecd6a39c44e5bec6c66b2b29f731fd4072c56d067-broad-chain2"",""4848bf5bd69e8a58650eca9ecd6a39c44e5bec6c66b2b29f731fd4072c56d067-broad-chain3"",""4848bf5bd69e8a58650eca9ecd6a39c44e5bec6c66b2b29f731fd4072c56d067-broad-chain4""]"	[20261457, 20261458, 20261459, 20261460]	4	0	0	500	diagnostics_complete_requires_mixing_review	500	50	37	17	20	0	0	4	0	1	3	0	11132	336	0	4369	6763	0	316	20	0
4848bf5bd69e8a58650eca9ecd6a39c44e5bec6c66b2b29f731fd4072c56d067-centered	4848bf5bd69e8a58650eca9ecd6a39c44e5bec6c66b2b29f731fd4072c56d067	centered	OG0000230	24	"[""OG0000230-envelope-mafft-floor1e-09-resolution1"",""OG0000230-envelope-famsa-floor1e-09-resolution1""]"	"[""4848bf5bd69e8a58650eca9ecd6a39c44e5bec6c66b2b29f731fd4072c56d067-centered-chain1"",""4848bf5bd69e8a58650eca9ecd6a39c44e5bec6c66b2b29f731fd4072c56d067-centered-chain2"",""4848bf5bd69e8a58650eca9ecd6a39c44e5bec6c66b2b29f731fd4072c56d067-centered-chain3"",""4848bf5bd69e8a58650eca9ecd6a39c44e5bec6c66b2b29f731fd4072c56d067-centered-chain4""]"	[20261461, 20261462, 20261463, 20261464]	4	0	0	250	diagnostics_complete_requires_mixing_review	750	75	37	17	20	0	0	4	0	0	4	0	11132	323	0	4384	6748	0	303	20	0
4848bf5bd69e8a58650eca9ecd6a39c44e5bec6c66b2b29f731fd4072c56d067-centered	4848bf5bd69e8a58650eca9ecd6a39c44e5bec6c66b2b29f731fd4072c56d067	centered	OG0000230	24	"[""OG0000230-envelope-mafft-floor1e-09-resolution1"",""OG0000230-envelope-famsa-floor1e-09-resolution1""]"	"[""4848bf5bd69e8a58650eca9ecd6a39c44e5bec6c66b2b29f731fd4072c56d067-centered-chain1"",""4848bf5bd69e8a58650eca9ecd6a39c44e5bec6c66b2b29f731fd4072c56d067-centered-chain2"",""4848bf5bd69e8a58650eca9ecd6a39c44e5bec6c66b2b29f731fd4072c56d067-centered-chain3"",""4848bf5bd69e8a58650eca9ecd6a39c44e5bec6c66b2b29f731fd4072c56d067-centered-chain4""]"	[20261461, 20261462, 20261463, 20261464]	4	0	0	500	diagnostics_complete_requires_mixing_review	500	50	37	17	20	0	0	4	0	0	4	0	11132	302	0	4262	6870	0	282	20	0
4848bf5bd69e8a58650eca9ecd6a39c44e5bec6c66b2b29f731fd4072c56d067-package	4848bf5bd69e8a58650eca9ecd6a39c44e5bec6c66b2b29f731fd4072c56d067	package	OG0000230	24	"[""OG0000230-envelope-mafft-floor1e-09-resolution1"",""OG0000230-envelope-famsa-floor1e-09-resolution1""]"	"[""4848bf5bd69e8a58650eca9ecd6a39c44e5bec6c66b2b29f731fd4072c56d067-package-chain1"",""4848bf5bd69e8a58650eca9ecd6a39c44e5bec6c66b2b29f731fd4072c56d067-package-chain2"",""4848bf5bd69e8a58650eca9ecd6a39c44e5bec6c66b2b29f731fd4072c56d067-package-chain3"",""4848bf5bd69e8a58650eca9ecd6a39c44e5bec6c66b2b29f731fd4072c56d067-package-chain4""]"	[20261465, 20261466, 20261467, 20261468]	4	0	0	250	diagnostics_complete_requires_mixing_review	750	75	37	17	20	0	0	4	0	1	3	0	11132	373	0	4816	6316	0	353	20	0
4848bf5bd69e8a58650eca9ecd6a39c44e5bec6c66b2b29f731fd4072c56d067-package	4848bf5bd69e8a58650eca9ecd6a39c44e5bec6c66b2b29f731fd4072c56d067	package	OG0000230	24	"[""OG0000230-envelope-mafft-floor1e-09-resolution1"",""OG0000230-envelope-famsa-floor1e-09-resolution1""]"	"[""4848bf5bd69e8a58650eca9ecd6a39c44e5bec6c66b2b29f731fd4072c56d067-package-chain1"",""4848bf5bd69e8a58650eca9ecd6a39c44e5bec6c66b2b29f731fd4072c56d067-package-chain2"",""4848bf5bd69e8a58650eca9ecd6a39c44e5bec6c66b2b29f731fd4072c56d067-package-chain3"",""4848bf5bd69e8a58650eca9ecd6a39c44e5bec6c66b2b29f731fd4072c56d067-package-chain4""]"	[20261465, 20261466, 20261467, 20261468]	4	0	0	500	diagnostics_complete_requires_mixing_review	500	50	37	14	23	0	0	4	0	1	3	0	11132	346	0	4666	6466	0	326	20	0
48661894e1421b1c807ff33886cc2860944f1a7b1f8d9d624fddd74de6f7337b-broad	48661894e1421b1c807ff33886cc2860944f1a7b1f8d9d624fddd74de6f7337b	broad	OG0002812	12	"[""OG0002812-whole-mafft-floor1e-09-resolution0"",""OG0002812-whole-mafft-floor1e-07-resolution0"",""OG0002812-whole-famsa-floor1e-09-resolution0"",""OG0002812-whole-famsa-floor1e-07-resolution0""]"	"[""48661894e1421b1c807ff33886cc2860944f1a7b1f8d9d624fddd74de6f7337b-broad-chain1"",""48661894e1421b1c807ff33886cc2860944f1a7b1f8d9d624fddd74de6f7337b-broad-chain2"",""48661894e1421b1c807ff33886cc2860944f1a7b1f8d9d624fddd74de6f7337b-broad-chain3"",""48661894e1421b1c807ff33886cc2860944f1a7b1f8d9d624fddd74de6f7337b-broad-chain4""]"	[20261469, 20261470, 20261471, 20261472]	4	0	0	250	diagnostics_complete_requires_mixing_review	750	75	37	1	36	0	0	4	0	2	2	0	37268	1490	0	12292	24976	0	1469	21	0
48661894e1421b1c807ff33886cc2860944f1a7b1f8d9d624fddd74de6f7337b-broad	48661894e1421b1c807ff33886cc2860944f1a7b1f8d9d624fddd74de6f7337b	broad	OG0002812	12	"[""OG0002812-whole-mafft-floor1e-09-resolution0"",""OG0002812-whole-mafft-floor1e-07-resolution0"",""OG0002812-whole-famsa-floor1e-09-resolution0"",""OG0002812-whole-famsa-floor1e-07-resolution0""]"	"[""48661894e1421b1c807ff33886cc2860944f1a7b1f8d9d624fddd74de6f7337b-broad-chain1"",""48661894e1421b1c807ff33886cc2860944f1a7b1f8d9d624fddd74de6f7337b-broad-chain2"",""48661894e1421b1c807ff33886cc2860944f1a7b1f8d9d624fddd74de6f7337b-broad-chain3"",""48661894e1421b1c807ff33886cc2860944f1a7b1f8d9d624fddd74de6f7337b-broad-chain4""]"	[20261469, 20261470, 20261471, 20261472]	4	0	0	500	diagnostics_complete_requires_mixing_review	500	50	37	1	36	0	0	4	0	2	2	0	37268	1420	0	11618	25650	0	1399	21	0
48661894e1421b1c807ff33886cc2860944f1a7b1f8d9d624fddd74de6f7337b-centered	48661894e1421b1c807ff33886cc2860944f1a7b1f8d9d624fddd74de6f7337b	centered	OG0002812	12	"[""OG0002812-whole-mafft-floor1e-09-resolution0"",""OG0002812-whole-mafft-floor1e-07-resolution0"",""OG0002812-whole-famsa-floor1e-09-resolution0"",""OG0002812-whole-famsa-floor1e-07-resolution0""]"	"[""48661894e1421b1c807ff33886cc2860944f1a7b1f8d9d624fddd74de6f7337b-centered-chain1"",""48661894e1421b1c807ff33886cc2860944f1a7b1f8d9d624fddd74de6f7337b-centered-chain2"",""48661894e1421b1c807ff33886cc2860944f1a7b1f8d9d624fddd74de6f7337b-centered-chain3"",""48661894e1421b1c807ff33886cc2860944f1a7b1f8d9d624fddd74de6f7337b-centered-chain4""]"	[20261473, 20261474, 20261475, 20261476]	4	0	0	250	diagnostics_complete_requires_mixing_review	750	75	37	2	35	0	0	4	0	2	2	0	37268	1408	0	11869	25399	0	1387	21	0
48661894e1421b1c807ff33886cc2860944f1a7b1f8d9d624fddd74de6f7337b-centered	48661894e1421b1c807ff33886cc2860944f1a7b1f8d9d624fddd74de6f7337b	centered	OG0002812	12	"[""OG0002812-whole-mafft-floor1e-09-resolution0"",""OG0002812-whole-mafft-floor1e-07-resolution0"",""OG0002812-whole-famsa-floor1e-09-resolution0"",""OG0002812-whole-famsa-floor1e-07-resolution0""]"	"[""48661894e1421b1c807ff33886cc2860944f1a7b1f8d9d624fddd74de6f7337b-centered-chain1"",""48661894e1421b1c807ff33886cc2860944f1a7b1f8d9d624fddd74de6f7337b-centered-chain2"",""48661894e1421b1c807ff33886cc2860944f1a7b1f8d9d624fddd74de6f7337b-centered-chain3"",""48661894e1421b1c807ff33886cc2860944f1a7b1f8d9d624fddd74de6f7337b-centered-chain4""]"	[20261473, 20261474, 20261475, 20261476]	4	0	0	500	diagnostics_complete_requires_mixing_review	500	50	37	1	36	0	0	4	0	2	2	0	37268	1303	0	11069	26199	0	1282	21	0
48661894e1421b1c807ff33886cc2860944f1a7b1f8d9d624fddd74de6f7337b-package	48661894e1421b1c807ff33886cc2860944f1a7b1f8d9d624fddd74de6f7337b	package	OG0002812	12	"[""OG0002812-whole-mafft-floor1e-09-resolution0"",""OG0002812-whole-mafft-floor1e-07-resolution0"",""OG0002812-whole-famsa-floor1e-09-resolution0"",""OG0002812-whole-famsa-floor1e-07-resolution0""]"	"[""48661894e1421b1c807ff33886cc2860944f1a7b1f8d9d624fddd74de6f7337b-package-chain1"",""48661894e1421b1c807ff33886cc2860944f1a7b1f8d9d624fddd74de6f7337b-package-chain2"",""48661894e1421b1c807ff33886cc2860944f1a7b1f8d9d624fddd74de6f7337b-package-chain3"",""48661894e1421b1c807ff33886cc2860944f1a7b1f8d9d624fddd74de6f7337b-package-chain4""]"	[20261477, 20261478, 20261479, 20261480]	4	0	0	250	diagnostics_complete_requires_mixing_review	750	75	37	1	36	0	0	4	0	2	2	0	37268	1501	0	12098	25170	0	1480	21	0
48661894e1421b1c807ff33886cc2860944f1a7b1f8d9d624fddd74de6f7337b-package	48661894e1421b1c807ff33886cc2860944f1a7b1f8d9d624fddd74de6f7337b	package	OG0002812	12	"[""OG0002812-whole-mafft-floor1e-09-resolution0"",""OG0002812-whole-mafft-floor1e-07-resolution0"",""OG0002812-whole-famsa-floor1e-09-resolution0"",""OG0002812-whole-famsa-floor1e-07-resolution0""]"	"[""48661894e1421b1c807ff33886cc2860944f1a7b1f8d9d624fddd74de6f7337b-package-chain1"",""48661894e1421b1c807ff33886cc2860944f1a7b1f8d9d624fddd74de6f7337b-package-chain2"",""48661894e1421b1c807ff33886cc2860944f1a7b1f8d9d624fddd74de6f7337b-package-chain3"",""48661894e1421b1c807ff33886cc2860944f1a7b1f8d9d624fddd74de6f7337b-package-chain4""]"	[20261477, 20261478, 20261479, 20261480]	4	0	0	500	diagnostics_complete_requires_mixing_review	500	50	37	1	36	0	0	4	0	2	2	0	37268	1413	0	11324	25944	0	1392	21	0
498bc2cddb01a705da9e9f3537c7bf1823aa7470c4620443b1bc968d537cba26-broad	498bc2cddb01a705da9e9f3537c7bf1823aa7470c4620443b1bc968d537cba26	broad	OG0000230	24	"[""OG0000230-whole-mafft-floor1e-07-resolution7"",""OG0000230-whole-famsa-floor1e-07-resolution7""]"	"[""498bc2cddb01a705da9e9f3537c7bf1823aa7470c4620443b1bc968d537cba26-broad-chain1"",""498bc2cddb01a705da9e9f3537c7bf1823aa7470c4620443b1bc968d537cba26-broad-chain2"",""498bc2cddb01a705da9e9f3537c7bf1823aa7470c4620443b1bc968d537cba26-broad-chain3"",""498bc2cddb01a705da9e9f3537c7bf1823aa7470c4620443b1bc968d537cba26-broad-chain4""]"	[20261481, 20261482, 20261483, 20261484]	4	0	0	250	diagnostics_complete_requires_mixing_review	750	75	37	4	33	0	0	4	0	1	3	0	63296	2028	0	24395	38901	0	2007	21	0
498bc2cddb01a705da9e9f3537c7bf1823aa7470c4620443b1bc968d537cba26-broad	498bc2cddb01a705da9e9f3537c7bf1823aa7470c4620443b1bc968d537cba26	broad	OG0000230	24	"[""OG0000230-whole-mafft-floor1e-07-resolution7"",""OG0000230-whole-famsa-floor1e-07-resolution7""]"	"[""498bc2cddb01a705da9e9f3537c7bf1823aa7470c4620443b1bc968d537cba26-broad-chain1"",""498bc2cddb01a705da9e9f3537c7bf1823aa7470c4620443b1bc968d537cba26-broad-chain2"",""498bc2cddb01a705da9e9f3537c7bf1823aa7470c4620443b1bc968d537cba26-broad-chain3"",""498bc2cddb01a705da9e9f3537c7bf1823aa7470c4620443b1bc968d537cba26-broad-chain4""]"	[20261481, 20261482, 20261483, 20261484]	4	0	0	500	diagnostics_complete_requires_mixing_review	500	50	37	2	35	0	0	4	0	1	3	0	63296	1911	0	23241	40055	0	1890	21	0
498bc2cddb01a705da9e9f3537c7bf1823aa7470c4620443b1bc968d537cba26-centered	498bc2cddb01a705da9e9f3537c7bf1823aa7470c4620443b1bc968d537cba26	centered	OG0000230	24	"[""OG0000230-whole-mafft-floor1e-07-resolution7"",""OG0000230-whole-famsa-floor1e-07-resolution7""]"	"[""498bc2cddb01a705da9e9f3537c7bf1823aa7470c4620443b1bc968d537cba26-centered-chain1"",""498bc2cddb01a705da9e9f3537c7bf1823aa7470c4620443b1bc968d537cba26-centered-chain2"",""498bc2cddb01a705da9e9f3537c7bf1823aa7470c4620443b1bc968d537cba26-centered-chain3"",""498bc2cddb01a705da9e9f3537c7bf1823aa7470c4620443b1bc968d537cba26-centered-chain4""]"	[20261485, 20261486, 20261487, 20261488]	4	0	0	250	diagnostics_complete_requires_mixing_review	750	75	37	5	32	0	0	4	0	1	3	0	63296	2094	0	24726	38570	0	2073	21	0
498bc2cddb01a705da9e9f3537c7bf1823aa7470c4620443b1bc968d537cba26-centered	498bc2cddb01a705da9e9f3537c7bf1823aa7470c4620443b1bc968d537cba26	centered	OG0000230	24	"[""OG0000230-whole-mafft-floor1e-07-resolution7"",""OG0000230-whole-famsa-floor1e-07-resolution7""]"	"[""498bc2cddb01a705da9e9f3537c7bf1823aa7470c4620443b1bc968d537cba26-centered-chain1"",""498bc2cddb01a705da9e9f3537c7bf1823aa7470c4620443b1bc968d537cba26-centered-chain2"",""498bc2cddb01a705da9e9f3537c7bf1823aa7470c4620443b1bc968d537cba26-centered-chain3"",""498bc2cddb01a705da9e9f3537c7bf1823aa7470c4620443b1bc968d537cba26-centered-chain4""]"	[20261485, 20261486, 20261487, 20261488]	4	0	0	500	diagnostics_complete_requires_mixing_review	500	50	37	3	34	0	0	4	0	1	3	0	63296	1965	0	23644	39652	0	1944	21	0
498bc2cddb01a705da9e9f3537c7bf1823aa7470c4620443b1bc968d537cba26-package	498bc2cddb01a705da9e9f3537c7bf1823aa7470c4620443b1bc968d537cba26	package	OG0000230	24	"[""OG0000230-whole-mafft-floor1e-07-resolution7"",""OG0000230-whole-famsa-floor1e-07-resolution7""]"	"[""498bc2cddb01a705da9e9f3537c7bf1823aa7470c4620443b1bc968d537cba26-package-chain1"",""498bc2cddb01a705da9e9f3537c7bf1823aa7470c4620443b1bc968d537cba26-package-chain2"",""498bc2cddb01a705da9e9f3537c7bf1823aa7470c4620443b1bc968d537cba26-package-chain3"",""498bc2cddb01a705da9e9f3537c7bf1823aa7470c4620443b1bc968d537cba26-package-chain4""]"	[20261489, 20261490, 20261491, 20261492]	4	0	0	250	diagnostics_complete_requires_mixing_review	750	75	37	1	36	0	0	4	0	1	3	0	63296	2140	0	25344	37952	0	2119	21	0
498bc2cddb01a705da9e9f3537c7bf1823aa7470c4620443b1bc968d537cba26-package	498bc2cddb01a705da9e9f3537c7bf1823aa7470c4620443b1bc968d537cba26	package	OG0000230	24	"[""OG0000230-whole-mafft-floor1e-07-resolution7"",""OG0000230-whole-famsa-floor1e-07-resolution7""]"	"[""498bc2cddb01a705da9e9f3537c7bf1823aa7470c4620443b1bc968d537cba26-package-chain1"",""498bc2cddb01a705da9e9f3537c7bf1823aa7470c4620443b1bc968d537cba26-package-chain2"",""498bc2cddb01a705da9e9f3537c7bf1823aa7470c4620443b1bc968d537cba26-package-chain3"",""498bc2cddb01a705da9e9f3537c7bf1823aa7470c4620443b1bc968d537cba26-package-chain4""]"	[20261489, 20261490, 20261491, 20261492]	4	0	0	500	diagnostics_complete_requires_mixing_review	500	50	37	0	37	0	0	4	0	1	3	0	63296	2031	0	24498	38798	0	2010	21	0
4abdc7b5120979390f2cd827ba1b05ce9c081e1450c7fc4c3a81aa6c6f1b9e87-broad	4abdc7b5120979390f2cd827ba1b05ce9c081e1450c7fc4c3a81aa6c6f1b9e87	broad	OG0000095	83	"[""OG0000095-alignment-mafft-floor1e-09-resolution0"",""OG0000095-alignment-famsa-floor1e-09-resolution0""]"	"[""4abdc7b5120979390f2cd827ba1b05ce9c081e1450c7fc4c3a81aa6c6f1b9e87-broad-chain1"",""4abdc7b5120979390f2cd827ba1b05ce9c081e1450c7fc4c3a81aa6c6f1b9e87-broad-chain2"",""4abdc7b5120979390f2cd827ba1b05ce9c081e1450c7fc4c3a81aa6c6f1b9e87-broad-chain3"",""4abdc7b5120979390f2cd827ba1b05ce9c081e1450c7fc4c3a81aa6c6f1b9e87-broad-chain4""]"	[20261493, 20261494, 20261495, 20261496]	4	0	0	250	diagnostics_complete_requires_mixing_review	750	75	37	0	37	0	0	4	0	0	4	0	29540	2864	0	15396	14144	0	2844	20	0
4abdc7b5120979390f2cd827ba1b05ce9c081e1450c7fc4c3a81aa6c6f1b9e87-broad	4abdc7b5120979390f2cd827ba1b05ce9c081e1450c7fc4c3a81aa6c6f1b9e87	broad	OG0000095	83	"[""OG0000095-alignment-mafft-floor1e-09-resolution0"",""OG0000095-alignment-famsa-floor1e-09-resolution0""]"	"[""4abdc7b5120979390f2cd827ba1b05ce9c081e1450c7fc4c3a81aa6c6f1b9e87-broad-chain1"",""4abdc7b5120979390f2cd827ba1b05ce9c081e1450c7fc4c3a81aa6c6f1b9e87-broad-chain2"",""4abdc7b5120979390f2cd827ba1b05ce9c081e1450c7fc4c3a81aa6c6f1b9e87-broad-chain3"",""4abdc7b5120979390f2cd827ba1b05ce9c081e1450c7fc4c3a81aa6c6f1b9e87-broad-chain4""]"	[20261493, 20261494, 20261495, 20261496]	4	0	0	500	diagnostics_complete_requires_mixing_review	500	50	37	1	36	0	0	4	0	0	4	0	29540	2687	0	14468	15072	0	2667	20	0
4abdc7b5120979390f2cd827ba1b05ce9c081e1450c7fc4c3a81aa6c6f1b9e87-centered	4abdc7b5120979390f2cd827ba1b05ce9c081e1450c7fc4c3a81aa6c6f1b9e87	centered	OG0000095	83	"[""OG0000095-alignment-mafft-floor1e-09-resolution0"",""OG0000095-alignment-famsa-floor1e-09-resolution0""]"	"[""4abdc7b5120979390f2cd827ba1b05ce9c081e1450c7fc4c3a81aa6c6f1b9e87-centered-chain1"",""4abdc7b5120979390f2cd827ba1b05ce9c081e1450c7fc4c3a81aa6c6f1b9e87-centered-chain2"",""4abdc7b5120979390f2cd827ba1b05ce9c081e1450c7fc4c3a81aa6c6f1b9e87-centered-chain3"",""4abdc7b5120979390f2cd827ba1b05ce9c081e1450c7fc4c3a81aa6c6f1b9e87-centered-chain4""]"	[20261497, 20261498, 20261499, 20261500]	4	0	0	250	diagnostics_complete_requires_mixing_review	750	75	37	1	36	0	0	4	0	0	4	0	29540	2865	0	15273	14267	0	2845	20	0
4abdc7b5120979390f2cd827ba1b05ce9c081e1450c7fc4c3a81aa6c6f1b9e87-centered	4abdc7b5120979390f2cd827ba1b05ce9c081e1450c7fc4c3a81aa6c6f1b9e87	centered	OG0000095	83	"[""OG0000095-alignment-mafft-floor1e-09-resolution0"",""OG0000095-alignment-famsa-floor1e-09-resolution0""]"	"[""4abdc7b5120979390f2cd827ba1b05ce9c081e1450c7fc4c3a81aa6c6f1b9e87-centered-chain1"",""4abdc7b5120979390f2cd827ba1b05ce9c081e1450c7fc4c3a81aa6c6f1b9e87-centered-chain2"",""4abdc7b5120979390f2cd827ba1b05ce9c081e1450c7fc4c3a81aa6c6f1b9e87-centered-chain3"",""4abdc7b5120979390f2cd827ba1b05ce9c081e1450c7fc4c3a81aa6c6f1b9e87-centered-chain4""]"	[20261497, 20261498, 20261499, 20261500]	4	0	0	500	diagnostics_complete_requires_mixing_review	500	50	37	0	37	0	0	4	0	0	4	0	29540	2725	0	14580	14960	0	2705	20	0
4abdc7b5120979390f2cd827ba1b05ce9c081e1450c7fc4c3a81aa6c6f1b9e87-package	4abdc7b5120979390f2cd827ba1b05ce9c081e1450c7fc4c3a81aa6c6f1b9e87	package	OG0000095	83	"[""OG0000095-alignment-mafft-floor1e-09-resolution0"",""OG0000095-alignment-famsa-floor1e-09-resolution0""]"	"[""4abdc7b5120979390f2cd827ba1b05ce9c081e1450c7fc4c3a81aa6c6f1b9e87-package-chain1"",""4abdc7b5120979390f2cd827ba1b05ce9c081e1450c7fc4c3a81aa6c6f1b9e87-package-chain2"",""4abdc7b5120979390f2cd827ba1b05ce9c081e1450c7fc4c3a81aa6c6f1b9e87-package-chain3"",""4abdc7b5120979390f2cd827ba1b05ce9c081e1450c7fc4c3a81aa6c6f1b9e87-package-chain4""]"	[20261501, 20261502, 20261503, 20261504]	4	0	0	250	diagnostics_complete_requires_mixing_review	750	75	37	1	36	0	0	4	0	0	4	0	29540	2783	0	14815	14725	0	2763	20	0
4abdc7b5120979390f2cd827ba1b05ce9c081e1450c7fc4c3a81aa6c6f1b9e87-package	4abdc7b5120979390f2cd827ba1b05ce9c081e1450c7fc4c3a81aa6c6f1b9e87	package	OG0000095	83	"[""OG0000095-alignment-mafft-floor1e-09-resolution0"",""OG0000095-alignment-famsa-floor1e-09-resolution0""]"	"[""4abdc7b5120979390f2cd827ba1b05ce9c081e1450c7fc4c3a81aa6c6f1b9e87-package-chain1"",""4abdc7b5120979390f2cd827ba1b05ce9c081e1450c7fc4c3a81aa6c6f1b9e87-package-chain2"",""4abdc7b5120979390f2cd827ba1b05ce9c081e1450c7fc4c3a81aa6c6f1b9e87-package-chain3"",""4abdc7b5120979390f2cd827ba1b05ce9c081e1450c7fc4c3a81aa6c6f1b9e87-package-chain4""]"	[20261501, 20261502, 20261503, 20261504]	4	0	0	500	diagnostics_complete_requires_mixing_review	500	50	37	2	35	0	0	4	0	0	4	0	29540	2640	0	14183	15357	0	2620	20	0
4ce42bf019c5e5feb555122bbcee11d9333ed60cbb2bcb66ab8b351bf35adf31-broad	4ce42bf019c5e5feb555122bbcee11d9333ed60cbb2bcb66ab8b351bf35adf31	broad	OG0000230	24	"[""OG0000230-whole-mafft-floor1e-09-resolution4"",""OG0000230-whole-famsa-floor1e-09-resolution4""]"	"[""4ce42bf019c5e5feb555122bbcee11d9333ed60cbb2bcb66ab8b351bf35adf31-broad-chain1"",""4ce42bf019c5e5feb555122bbcee11d9333ed60cbb2bcb66ab8b351bf35adf31-broad-chain2"",""4ce42bf019c5e5feb555122bbcee11d9333ed60cbb2bcb66ab8b351bf35adf31-broad-chain3"",""4ce42bf019c5e5feb555122bbcee11d9333ed60cbb2bcb66ab8b351bf35adf31-broad-chain4""]"	[20261505, 20261506, 20261507, 20261508]	4	0	0	250	diagnostics_complete_requires_mixing_review	750	75	37	7	30	0	0	4	0	1	3	0	63296	1978	0	24360	38936	0	1957	21	0
4ce42bf019c5e5feb555122bbcee11d9333ed60cbb2bcb66ab8b351bf35adf31-broad	4ce42bf019c5e5feb555122bbcee11d9333ed60cbb2bcb66ab8b351bf35adf31	broad	OG0000230	24	"[""OG0000230-whole-mafft-floor1e-09-resolution4"",""OG0000230-whole-famsa-floor1e-09-resolution4""]"	"[""4ce42bf019c5e5feb555122bbcee11d9333ed60cbb2bcb66ab8b351bf35adf31-broad-chain1"",""4ce42bf019c5e5feb555122bbcee11d9333ed60cbb2bcb66ab8b351bf35adf31-broad-chain2"",""4ce42bf019c5e5feb555122bbcee11d9333ed60cbb2bcb66ab8b351bf35adf31-broad-chain3"",""4ce42bf019c5e5feb555122bbcee11d9333ed60cbb2bcb66ab8b351bf35adf31-broad-chain4""]"	[20261505, 20261506, 20261507, 20261508]	4	0	0	500	diagnostics_complete_requires_mixing_review	500	50	37	8	29	0	0	4	0	1	3	0	63296	1873	0	23344	39952	0	1852	21	0
4ce42bf019c5e5feb555122bbcee11d9333ed60cbb2bcb66ab8b351bf35adf31-centered	4ce42bf019c5e5feb555122bbcee11d9333ed60cbb2bcb66ab8b351bf35adf31	centered	OG0000230	24	"[""OG0000230-whole-mafft-floor1e-09-resolution4"",""OG0000230-whole-famsa-floor1e-09-resolution4""]"	"[""4ce42bf019c5e5feb555122bbcee11d9333ed60cbb2bcb66ab8b351bf35adf31-centered-chain1"",""4ce42bf019c5e5feb555122bbcee11d9333ed60cbb2bcb66ab8b351bf35adf31-centered-chain2"",""4ce42bf019c5e5feb555122bbcee11d9333ed60cbb2bcb66ab8b351bf35adf31-centered-chain3"",""4ce42bf019c5e5feb555122bbcee11d9333ed60cbb2bcb66ab8b351bf35adf31-centered-chain4""]"	[20261509, 20261510, 20261511, 20261512]	4	0	0	250	diagnostics_complete_requires_mixing_review	750	75	37	2	35	0	0	4	0	1	3	0	63296	2081	0	24658	38638	0	2060	21	0
4ce42bf019c5e5feb555122bbcee11d9333ed60cbb2bcb66ab8b351bf35adf31-centered	4ce42bf019c5e5feb555122bbcee11d9333ed60cbb2bcb66ab8b351bf35adf31	centered	OG0000230	24	"[""OG0000230-whole-mafft-floor1e-09-resolution4"",""OG0000230-whole-famsa-floor1e-09-resolution4""]"	"[""4ce42bf019c5e5feb555122bbcee11d9333ed60cbb2bcb66ab8b351bf35adf31-centered-chain1"",""4ce42bf019c5e5feb555122bbcee11d9333ed60cbb2bcb66ab8b351bf35adf31-centered-chain2"",""4ce42bf019c5e5feb555122bbcee11d9333ed60cbb2bcb66ab8b351bf35adf31-centered-chain3"",""4ce42bf019c5e5feb555122bbcee11d9333ed60cbb2bcb66ab8b351bf35adf31-centered-chain4""]"	[20261509, 20261510, 20261511, 20261512]	4	0	0	500	diagnostics_complete_requires_mixing_review	500	50	37	1	36	0	0	4	0	1	3	0	63296	1930	0	23420	39876	0	1909	21	0
4ce42bf019c5e5feb555122bbcee11d9333ed60cbb2bcb66ab8b351bf35adf31-package	4ce42bf019c5e5feb555122bbcee11d9333ed60cbb2bcb66ab8b351bf35adf31	package	OG0000230	24	"[""OG0000230-whole-mafft-floor1e-09-resolution4"",""OG0000230-whole-famsa-floor1e-09-resolution4""]"	"[""4ce42bf019c5e5feb555122bbcee11d9333ed60cbb2bcb66ab8b351bf35adf31-package-chain1"",""4ce42bf019c5e5feb555122bbcee11d9333ed60cbb2bcb66ab8b351bf35adf31-package-chain2"",""4ce42bf019c5e5feb555122bbcee11d9333ed60cbb2bcb66ab8b351bf35adf31-package-chain3"",""4ce42bf019c5e5feb555122bbcee11d9333ed60cbb2bcb66ab8b351bf35adf31-package-chain4""]"	[20261513, 20261514, 20261515, 20261516]	4	0	0	250	diagnostics_complete_requires_mixing_review	750	75	37	3	34	0	0	4	0	1	3	0	63296	2152	0	27895	35401	0	2131	21	0
4ce42bf019c5e5feb555122bbcee11d9333ed60cbb2bcb66ab8b351bf35adf31-package	4ce42bf019c5e5feb555122bbcee11d9333ed60cbb2bcb66ab8b351bf35adf31	package	OG0000230	24	"[""OG0000230-whole-mafft-floor1e-09-resolution4"",""OG0000230-whole-famsa-floor1e-09-resolution4""]"	"[""4ce42bf019c5e5feb555122bbcee11d9333ed60cbb2bcb66ab8b351bf35adf31-package-chain1"",""4ce42bf019c5e5feb555122bbcee11d9333ed60cbb2bcb66ab8b351bf35adf31-package-chain2"",""4ce42bf019c5e5feb555122bbcee11d9333ed60cbb2bcb66ab8b351bf35adf31-package-chain3"",""4ce42bf019c5e5feb555122bbcee11d9333ed60cbb2bcb66ab8b351bf35adf31-package-chain4""]"	[20261513, 20261514, 20261515, 20261516]	4	0	0	500	diagnostics_complete_requires_mixing_review	500	50	37	2	35	0	0	4	0	1	3	0	63296	1996	0	25055	38241	0	1975	21	0
508fc9bf77466b21bba50fd94777a33597aa09a1f69c36b85b212b362b523f63-broad	508fc9bf77466b21bba50fd94777a33597aa09a1f69c36b85b212b362b523f63	broad	OG0000230	24	"[""OG0000230-alignment-mafft-floor1e-09-resolution10"",""OG0000230-alignment-famsa-floor1e-09-resolution10""]"	"[""508fc9bf77466b21bba50fd94777a33597aa09a1f69c36b85b212b362b523f63-broad-chain1"",""508fc9bf77466b21bba50fd94777a33597aa09a1f69c36b85b212b362b523f63-broad-chain2"",""508fc9bf77466b21bba50fd94777a33597aa09a1f69c36b85b212b362b523f63-broad-chain3"",""508fc9bf77466b21bba50fd94777a33597aa09a1f69c36b85b212b362b523f63-broad-chain4""]"	[20261517, 20261518, 20261519, 20261520]	4	0	0	250	diagnostics_complete_requires_mixing_review	750	75	37	5	32	0	0	4	0	0	4	0	10924	459	0	5888	5036	0	439	20	0
508fc9bf77466b21bba50fd94777a33597aa09a1f69c36b85b212b362b523f63-broad	508fc9bf77466b21bba50fd94777a33597aa09a1f69c36b85b212b362b523f63	broad	OG0000230	24	"[""OG0000230-alignment-mafft-floor1e-09-resolution10"",""OG0000230-alignment-famsa-floor1e-09-resolution10""]"	"[""508fc9bf77466b21bba50fd94777a33597aa09a1f69c36b85b212b362b523f63-broad-chain1"",""508fc9bf77466b21bba50fd94777a33597aa09a1f69c36b85b212b362b523f63-broad-chain2"",""508fc9bf77466b21bba50fd94777a33597aa09a1f69c36b85b212b362b523f63-broad-chain3"",""508fc9bf77466b21bba50fd94777a33597aa09a1f69c36b85b212b362b523f63-broad-chain4""]"	[20261517, 20261518, 20261519, 20261520]	4	0	0	500	diagnostics_complete_requires_mixing_review	500	50	37	10	27	0	0	4	0	0	4	0	10924	414	0	5378	5546	0	394	20	0
508fc9bf77466b21bba50fd94777a33597aa09a1f69c36b85b212b362b523f63-centered	508fc9bf77466b21bba50fd94777a33597aa09a1f69c36b85b212b362b523f63	centered	OG0000230	24	"[""OG0000230-alignment-mafft-floor1e-09-resolution10"",""OG0000230-alignment-famsa-floor1e-09-resolution10""]"	"[""508fc9bf77466b21bba50fd94777a33597aa09a1f69c36b85b212b362b523f63-centered-chain1"",""508fc9bf77466b21bba50fd94777a33597aa09a1f69c36b85b212b362b523f63-centered-chain2"",""508fc9bf77466b21bba50fd94777a33597aa09a1f69c36b85b212b362b523f63-centered-chain3"",""508fc9bf77466b21bba50fd94777a33597aa09a1f69c36b85b212b362b523f63-centered-chain4""]"	[20261521, 20261522, 20261523, 20261524]	4	0	0	250	diagnostics_complete_requires_mixing_review	750	75	37	16	21	0	0	4	0	0	4	0	10924	398	0	5501	5423	0	378	20	0
508fc9bf77466b21bba50fd94777a33597aa09a1f69c36b85b212b362b523f63-centered	508fc9bf77466b21bba50fd94777a33597aa09a1f69c36b85b212b362b523f63	centered	OG0000230	24	"[""OG0000230-alignment-mafft-floor1e-09-resolution10"",""OG0000230-alignment-famsa-floor1e-09-resolution10""]"	"[""508fc9bf77466b21bba50fd94777a33597aa09a1f69c36b85b212b362b523f63-centered-chain1"",""508fc9bf77466b21bba50fd94777a33597aa09a1f69c36b85b212b362b523f63-centered-chain2"",""508fc9bf77466b21bba50fd94777a33597aa09a1f69c36b85b212b362b523f63-centered-chain3"",""508fc9bf77466b21bba50fd94777a33597aa09a1f69c36b85b212b362b523f63-centered-chain4""]"	[20261521, 20261522, 20261523, 20261524]	4	0	0	500	diagnostics_complete_requires_mixing_review	500	50	37	17	20	0	0	4	0	0	4	0	10924	334	0	4903	6021	0	314	20	0
508fc9bf77466b21bba50fd94777a33597aa09a1f69c36b85b212b362b523f63-package	508fc9bf77466b21bba50fd94777a33597aa09a1f69c36b85b212b362b523f63	package	OG0000230	24	"[""OG0000230-alignment-mafft-floor1e-09-resolution10"",""OG0000230-alignment-famsa-floor1e-09-resolution10""]"	"[""508fc9bf77466b21bba50fd94777a33597aa09a1f69c36b85b212b362b523f63-package-chain1"",""508fc9bf77466b21bba50fd94777a33597aa09a1f69c36b85b212b362b523f63-package-chain2"",""508fc9bf77466b21bba50fd94777a33597aa09a1f69c36b85b212b362b523f63-package-chain3"",""508fc9bf77466b21bba50fd94777a33597aa09a1f69c36b85b212b362b523f63-package-chain4""]"	[20261525, 20261526, 20261527, 20261528]	4	0	0	250	diagnostics_complete_requires_mixing_review	750	75	37	18	19	0	0	4	0	0	4	0	10924	425	0	5191	5733	0	405	20	0
508fc9bf77466b21bba50fd94777a33597aa09a1f69c36b85b212b362b523f63-package	508fc9bf77466b21bba50fd94777a33597aa09a1f69c36b85b212b362b523f63	package	OG0000230	24	"[""OG0000230-alignment-mafft-floor1e-09-resolution10"",""OG0000230-alignment-famsa-floor1e-09-resolution10""]"	"[""508fc9bf77466b21bba50fd94777a33597aa09a1f69c36b85b212b362b523f63-package-chain1"",""508fc9bf77466b21bba50fd94777a33597aa09a1f69c36b85b212b362b523f63-package-chain2"",""508fc9bf77466b21bba50fd94777a33597aa09a1f69c36b85b212b362b523f63-package-chain3"",""508fc9bf77466b21bba50fd94777a33597aa09a1f69c36b85b212b362b523f63-package-chain4""]"	[20261525, 20261526, 20261527, 20261528]	4	0	0	500	diagnostics_complete_requires_mixing_review	500	50	37	15	22	0	0	4	0	0	4	0	10924	378	0	4818	6106	0	358	20	0
50f9950a28cb22ce4c5d15cd5a1e0e1230fb66df0ea3969184ab6a7f591f4509-broad	50f9950a28cb22ce4c5d15cd5a1e0e1230fb66df0ea3969184ab6a7f591f4509	broad	OG0000230	24	"[""OG0000230-envelope-mafft-floor1e-09-resolution8"",""OG0000230-envelope-famsa-floor1e-09-resolution8""]"	"[""50f9950a28cb22ce4c5d15cd5a1e0e1230fb66df0ea3969184ab6a7f591f4509-broad-chain1"",""50f9950a28cb22ce4c5d15cd5a1e0e1230fb66df0ea3969184ab6a7f591f4509-broad-chain2"",""50f9950a28cb22ce4c5d15cd5a1e0e1230fb66df0ea3969184ab6a7f591f4509-broad-chain3"",""50f9950a28cb22ce4c5d15cd5a1e0e1230fb66df0ea3969184ab6a7f591f4509-broad-chain4""]"	[20261529, 20261530, 20261531, 20261532]	4	0	0	250	diagnostics_complete_requires_mixing_review	750	75	37	19	18	0	0	4	0	1	3	0	11132	320	0	4481	6651	0	300	20	0
50f9950a28cb22ce4c5d15cd5a1e0e1230fb66df0ea3969184ab6a7f591f4509-broad	50f9950a28cb22ce4c5d15cd5a1e0e1230fb66df0ea3969184ab6a7f591f4509	broad	OG0000230	24	"[""OG0000230-envelope-mafft-floor1e-09-resolution8"",""OG0000230-envelope-famsa-floor1e-09-resolution8""]"	"[""50f9950a28cb22ce4c5d15cd5a1e0e1230fb66df0ea3969184ab6a7f591f4509-broad-chain1"",""50f9950a28cb22ce4c5d15cd5a1e0e1230fb66df0ea3969184ab6a7f591f4509-broad-chain2"",""50f9950a28cb22ce4c5d15cd5a1e0e1230fb66df0ea3969184ab6a7f591f4509-broad-chain3"",""50f9950a28cb22ce4c5d15cd5a1e0e1230fb66df0ea3969184ab6a7f591f4509-broad-chain4""]"	[20261529, 20261530, 20261531, 20261532]	4	0	0	500	diagnostics_complete_requires_mixing_review	500	50	37	17	20	0	0	4	0	1	3	0	11132	305	0	4331	6801	0	285	20	0
50f9950a28cb22ce4c5d15cd5a1e0e1230fb66df0ea3969184ab6a7f591f4509-centered	50f9950a28cb22ce4c5d15cd5a1e0e1230fb66df0ea3969184ab6a7f591f4509	centered	OG0000230	24	"[""OG0000230-envelope-mafft-floor1e-09-resolution8"",""OG0000230-envelope-famsa-floor1e-09-resolution8""]"	"[""50f9950a28cb22ce4c5d15cd5a1e0e1230fb66df0ea3969184ab6a7f591f4509-centered-chain1"",""50f9950a28cb22ce4c5d15cd5a1e0e1230fb66df0ea3969184ab6a7f591f4509-centered-chain2"",""50f9950a28cb22ce4c5d15cd5a1e0e1230fb66df0ea3969184ab6a7f591f4509-centered-chain3"",""50f9950a28cb22ce4c5d15cd5a1e0e1230fb66df0ea3969184ab6a7f591f4509-centered-chain4""]"	[20261533, 20261534, 20261535, 20261536]	4	0	0	250	diagnostics_complete_requires_mixing_review	750	75	37	18	19	0	0	4	0	1	3	0	11132	363	0	4936	6196	0	343	20	0
50f9950a28cb22ce4c5d15cd5a1e0e1230fb66df0ea3969184ab6a7f591f4509-centered	50f9950a28cb22ce4c5d15cd5a1e0e1230fb66df0ea3969184ab6a7f591f4509	centered	OG0000230	24	"[""OG0000230-envelope-mafft-floor1e-09-resolution8"",""OG0000230-envelope-famsa-floor1e-09-resolution8""]"	"[""50f9950a28cb22ce4c5d15cd5a1e0e1230fb66df0ea3969184ab6a7f591f4509-centered-chain1"",""50f9950a28cb22ce4c5d15cd5a1e0e1230fb66df0ea3969184ab6a7f591f4509-centered-chain2"",""50f9950a28cb22ce4c5d15cd5a1e0e1230fb66df0ea3969184ab6a7f591f4509-centered-chain3"",""50f9950a28cb22ce4c5d15cd5a1e0e1230fb66df0ea3969184ab6a7f591f4509-centered-chain4""]"	[20261533, 20261534, 20261535, 20261536]	4	0	0	500	diagnostics_complete_requires_mixing_review	500	50	37	15	22	0	0	4	0	1	3	0	11132	351	0	4776	6356	0	331	20	0
50f9950a28cb22ce4c5d15cd5a1e0e1230fb66df0ea3969184ab6a7f591f4509-package	50f9950a28cb22ce4c5d15cd5a1e0e1230fb66df0ea3969184ab6a7f591f4509	package	OG0000230	24	"[""OG0000230-envelope-mafft-floor1e-09-resolution8"",""OG0000230-envelope-famsa-floor1e-09-resolution8""]"	"[""50f9950a28cb22ce4c5d15cd5a1e0e1230fb66df0ea3969184ab6a7f591f4509-package-chain1"",""50f9950a28cb22ce4c5d15cd5a1e0e1230fb66df0ea3969184ab6a7f591f4509-package-chain2"",""50f9950a28cb22ce4c5d15cd5a1e0e1230fb66df0ea3969184ab6a7f591f4509-package-chain3"",""50f9950a28cb22ce4c5d15cd5a1e0e1230fb66df0ea3969184ab6a7f591f4509-package-chain4""]"	[20261537, 20261538, 20261539, 20261540]	4	0	0	250	diagnostics_complete_requires_mixing_review	750	75	37	18	19	0	0	4	0	1	3	0	11132	309	0	4487	6645	0	289	20	0
50f9950a28cb22ce4c5d15cd5a1e0e1230fb66df0ea3969184ab6a7f591f4509-package	50f9950a28cb22ce4c5d15cd5a1e0e1230fb66df0ea3969184ab6a7f591f4509	package	OG0000230	24	"[""OG0000230-envelope-mafft-floor1e-09-resolution8"",""OG0000230-envelope-famsa-floor1e-09-resolution8""]"	"[""50f9950a28cb22ce4c5d15cd5a1e0e1230fb66df0ea3969184ab6a7f591f4509-package-chain1"",""50f9950a28cb22ce4c5d15cd5a1e0e1230fb66df0ea3969184ab6a7f591f4509-package-chain2"",""50f9950a28cb22ce4c5d15cd5a1e0e1230fb66df0ea3969184ab6a7f591f4509-package-chain3"",""50f9950a28cb22ce4c5d15cd5a1e0e1230fb66df0ea3969184ab6a7f591f4509-package-chain4""]"	[20261537, 20261538, 20261539, 20261540]	4	0	0	500	diagnostics_complete_requires_mixing_review	500	50	37	15	22	0	0	4	0	1	3	0	11132	277	0	4159	6973	0	257	20	0
52d6f981f2d554eb4f9a2bdc645e7e7c35d55f93501d3f8d599364c88270b7e3-broad	52d6f981f2d554eb4f9a2bdc645e7e7c35d55f93501d3f8d599364c88270b7e3	broad	OG0000230	24	"[""OG0000230-alignment-mafft-floor1e-09-resolution4"",""OG0000230-alignment-famsa-floor1e-09-resolution4""]"	"[""52d6f981f2d554eb4f9a2bdc645e7e7c35d55f93501d3f8d599364c88270b7e3-broad-chain1"",""52d6f981f2d554eb4f9a2bdc645e7e7c35d55f93501d3f8d599364c88270b7e3-broad-chain2"",""52d6f981f2d554eb4f9a2bdc645e7e7c35d55f93501d3f8d599364c88270b7e3-broad-chain3"",""52d6f981f2d554eb4f9a2bdc645e7e7c35d55f93501d3f8d599364c88270b7e3-broad-chain4""]"	[20261541, 20261542, 20261543, 20261544]	4	0	0	250	diagnostics_complete_requires_mixing_review	750	75	37	2	35	0	0	4	0	0	4	0	10924	487	0	6033	4891	0	467	20	0
52d6f981f2d554eb4f9a2bdc645e7e7c35d55f93501d3f8d599364c88270b7e3-broad	52d6f981f2d554eb4f9a2bdc645e7e7c35d55f93501d3f8d599364c88270b7e3	broad	OG0000230	24	"[""OG0000230-alignment-mafft-floor1e-09-resolution4"",""OG0000230-alignment-famsa-floor1e-09-resolution4""]"	"[""52d6f981f2d554eb4f9a2bdc645e7e7c35d55f93501d3f8d599364c88270b7e3-broad-chain1"",""52d6f981f2d554eb4f9a2bdc645e7e7c35d55f93501d3f8d599364c88270b7e3-broad-chain2"",""52d6f981f2d554eb4f9a2bdc645e7e7c35d55f93501d3f8d599364c88270b7e3-broad-chain3"",""52d6f981f2d554eb4f9a2bdc645e7e7c35d55f93501d3f8d599364c88270b7e3-broad-chain4""]"	[20261541, 20261542, 20261543, 20261544]	4	0	0	500	diagnostics_complete_requires_mixing_review	500	50	37	1	36	0	0	4	0	0	4	0	10924	419	0	5653	5271	0	399	20	0
52d6f981f2d554eb4f9a2bdc645e7e7c35d55f93501d3f8d599364c88270b7e3-centered	52d6f981f2d554eb4f9a2bdc645e7e7c35d55f93501d3f8d599364c88270b7e3	centered	OG0000230	24	"[""OG0000230-alignment-mafft-floor1e-09-resolution4"",""OG0000230-alignment-famsa-floor1e-09-resolution4""]"	"[""52d6f981f2d554eb4f9a2bdc645e7e7c35d55f93501d3f8d599364c88270b7e3-centered-chain1"",""52d6f981f2d554eb4f9a2bdc645e7e7c35d55f93501d3f8d599364c88270b7e3-centered-chain2"",""52d6f981f2d554eb4f9a2bdc645e7e7c35d55f93501d3f8d599364c88270b7e3-centered-chain3"",""52d6f981f2d554eb4f9a2bdc645e7e7c35d55f93501d3f8d599364c88270b7e3-centered-chain4""]"	[20261545, 20261546, 20261547, 20261548]	4	0	0	250	diagnostics_complete_requires_mixing_review	750	75	37	17	20	0	0	4	0	0	4	0	10924	490	0	5902	5022	0	470	20	0
52d6f981f2d554eb4f9a2bdc645e7e7c35d55f93501d3f8d599364c88270b7e3-centered	52d6f981f2d554eb4f9a2bdc645e7e7c35d55f93501d3f8d599364c88270b7e3	centered	OG0000230	24	"[""OG0000230-alignment-mafft-floor1e-09-resolution4"",""OG0000230-alignment-famsa-floor1e-09-resolution4""]"	"[""52d6f981f2d554eb4f9a2bdc645e7e7c35d55f93501d3f8d599364c88270b7e3-centered-chain1"",""52d6f981f2d554eb4f9a2bdc645e7e7c35d55f93501d3f8d599364c88270b7e3-centered-chain2"",""52d6f981f2d554eb4f9a2bdc645e7e7c35d55f93501d3f8d599364c88270b7e3-centered-chain3"",""52d6f981f2d554eb4f9a2bdc645e7e7c35d55f93501d3f8d599364c88270b7e3-centered-chain4""]"	[20261545, 20261546, 20261547, 20261548]	4	0	0	500	diagnostics_complete_requires_mixing_review	500	50	37	12	25	0	0	4	0	0	4	0	10924	437	0	5641	5283	0	417	20	0
52d6f981f2d554eb4f9a2bdc645e7e7c35d55f93501d3f8d599364c88270b7e3-package	52d6f981f2d554eb4f9a2bdc645e7e7c35d55f93501d3f8d599364c88270b7e3	package	OG0000230	24	"[""OG0000230-alignment-mafft-floor1e-09-resolution4"",""OG0000230-alignment-famsa-floor1e-09-resolution4""]"	"[""52d6f981f2d554eb4f9a2bdc645e7e7c35d55f93501d3f8d599364c88270b7e3-package-chain1"",""52d6f981f2d554eb4f9a2bdc645e7e7c35d55f93501d3f8d599364c88270b7e3-package-chain2"",""52d6f981f2d554eb4f9a2bdc645e7e7c35d55f93501d3f8d599364c88270b7e3-package-chain3"",""52d6f981f2d554eb4f9a2bdc645e7e7c35d55f93501d3f8d599364c88270b7e3-package-chain4""]"	[20261549, 20261550, 20261551, 20261552]	4	0	0	250	diagnostics_complete_requires_mixing_review	750	75	37	11	26	0	0	4	0	0	4	0	10924	448	0	5808	5116	0	428	20	0
52d6f981f2d554eb4f9a2bdc645e7e7c35d55f93501d3f8d599364c88270b7e3-package	52d6f981f2d554eb4f9a2bdc645e7e7c35d55f93501d3f8d599364c88270b7e3	package	OG0000230	24	"[""OG0000230-alignment-mafft-floor1e-09-resolution4"",""OG0000230-alignment-famsa-floor1e-09-resolution4""]"	"[""52d6f981f2d554eb4f9a2bdc645e7e7c35d55f93501d3f8d599364c88270b7e3-package-chain1"",""52d6f981f2d554eb4f9a2bdc645e7e7c35d55f93501d3f8d599364c88270b7e3-package-chain2"",""52d6f981f2d554eb4f9a2bdc645e7e7c35d55f93501d3f8d599364c88270b7e3-package-chain3"",""52d6f981f2d554eb4f9a2bdc645e7e7c35d55f93501d3f8d599364c88270b7e3-package-chain4""]"	[20261549, 20261550, 20261551, 20261552]	4	0	0	500	diagnostics_complete_requires_mixing_review	500	50	37	17	20	0	0	4	0	0	4	0	10924	404	0	5346	5578	0	384	20	0
559e1a422554107faea28b00d53f56b62cdc247088dc1faba583304cbd7a9e73-broad	559e1a422554107faea28b00d53f56b62cdc247088dc1faba583304cbd7a9e73	broad	OG0000230	24	"[""OG0000230-alignment-mafft-floor1e-09-resolution3"",""OG0000230-alignment-famsa-floor1e-09-resolution3""]"	"[""559e1a422554107faea28b00d53f56b62cdc247088dc1faba583304cbd7a9e73-broad-chain1"",""559e1a422554107faea28b00d53f56b62cdc247088dc1faba583304cbd7a9e73-broad-chain2"",""559e1a422554107faea28b00d53f56b62cdc247088dc1faba583304cbd7a9e73-broad-chain3"",""559e1a422554107faea28b00d53f56b62cdc247088dc1faba583304cbd7a9e73-broad-chain4""]"	[20261553, 20261554, 20261555, 20261556]	4	0	0	250	diagnostics_complete_requires_mixing_review	750	75	37	1	36	0	0	4	0	0	4	0	10924	587	0	6326	4598	0	567	20	0
559e1a422554107faea28b00d53f56b62cdc247088dc1faba583304cbd7a9e73-broad	559e1a422554107faea28b00d53f56b62cdc247088dc1faba583304cbd7a9e73	broad	OG0000230	24	"[""OG0000230-alignment-mafft-floor1e-09-resolution3"",""OG0000230-alignment-famsa-floor1e-09-resolution3""]"	"[""559e1a422554107faea28b00d53f56b62cdc247088dc1faba583304cbd7a9e73-broad-chain1"",""559e1a422554107faea28b00d53f56b62cdc247088dc1faba583304cbd7a9e73-broad-chain2"",""559e1a422554107faea28b00d53f56b62cdc247088dc1faba583304cbd7a9e73-broad-chain3"",""559e1a422554107faea28b00d53f56b62cdc247088dc1faba583304cbd7a9e73-broad-chain4""]"	[20261553, 20261554, 20261555, 20261556]	4	0	0	500	diagnostics_complete_requires_mixing_review	500	50	37	1	36	0	0	4	0	0	4	0	10924	529	0	5842	5082	0	509	20	0
559e1a422554107faea28b00d53f56b62cdc247088dc1faba583304cbd7a9e73-centered	559e1a422554107faea28b00d53f56b62cdc247088dc1faba583304cbd7a9e73	centered	OG0000230	24	"[""OG0000230-alignment-mafft-floor1e-09-resolution3"",""OG0000230-alignment-famsa-floor1e-09-resolution3""]"	"[""559e1a422554107faea28b00d53f56b62cdc247088dc1faba583304cbd7a9e73-centered-chain1"",""559e1a422554107faea28b00d53f56b62cdc247088dc1faba583304cbd7a9e73-centered-chain2"",""559e1a422554107faea28b00d53f56b62cdc247088dc1faba583304cbd7a9e73-centered-chain3"",""559e1a422554107faea28b00d53f56b62cdc247088dc1faba583304cbd7a9e73-centered-chain4""]"	[20261557, 20261558, 20261559, 20261560]	4	0	0	250	diagnostics_complete_requires_mixing_review	750	75	37	10	27	0	0	4	0	0	4	0	10924	456	0	5591	5333	0	436	20	0
559e1a422554107faea28b00d53f56b62cdc247088dc1faba583304cbd7a9e73-centered	559e1a422554107faea28b00d53f56b62cdc247088dc1faba583304cbd7a9e73	centered	OG0000230	24	"[""OG0000230-alignment-mafft-floor1e-09-resolution3"",""OG0000230-alignment-famsa-floor1e-09-resolution3""]"	"[""559e1a422554107faea28b00d53f56b62cdc247088dc1faba583304cbd7a9e73-centered-chain1"",""559e1a422554107faea28b00d53f56b62cdc247088dc1faba583304cbd7a9e73-centered-chain2"",""559e1a422554107faea28b00d53f56b62cdc247088dc1faba583304cbd7a9e73-centered-chain3"",""559e1a422554107faea28b00d53f56b62cdc247088dc1faba583304cbd7a9e73-centered-chain4""]"	[20261557, 20261558, 20261559, 20261560]	4	0	0	500	diagnostics_complete_requires_mixing_review	500	50	37	13	24	0	0	4	0	0	4	0	10924	398	0	5273	5651	0	378	20	0
559e1a422554107faea28b00d53f56b62cdc247088dc1faba583304cbd7a9e73-package	559e1a422554107faea28b00d53f56b62cdc247088dc1faba583304cbd7a9e73	package	OG0000230	24	"[""OG0000230-alignment-mafft-floor1e-09-resolution3"",""OG0000230-alignment-famsa-floor1e-09-resolution3""]"	"[""559e1a422554107faea28b00d53f56b62cdc247088dc1faba583304cbd7a9e73-package-chain1"",""559e1a422554107faea28b00d53f56b62cdc247088dc1faba583304cbd7a9e73-package-chain2"",""559e1a422554107faea28b00d53f56b62cdc247088dc1faba583304cbd7a9e73-package-chain3"",""559e1a422554107faea28b00d53f56b62cdc247088dc1faba583304cbd7a9e73-package-chain4""]"	[20261561, 20261562, 20261563, 20261564]	4	0	0	250	diagnostics_complete_requires_mixing_review	750	75	37	6	31	0	0	4	0	0	4	0	10924	428	0	5433	5491	0	408	20	0
559e1a422554107faea28b00d53f56b62cdc247088dc1faba583304cbd7a9e73-package	559e1a422554107faea28b00d53f56b62cdc247088dc1faba583304cbd7a9e73	package	OG0000230	24	"[""OG0000230-alignment-mafft-floor1e-09-resolution3"",""OG0000230-alignment-famsa-floor1e-09-resolution3""]"	"[""559e1a422554107faea28b00d53f56b62cdc247088dc1faba583304cbd7a9e73-package-chain1"",""559e1a422554107faea28b00d53f56b62cdc247088dc1faba583304cbd7a9e73-package-chain2"",""559e1a422554107faea28b00d53f56b62cdc247088dc1faba583304cbd7a9e73-package-chain3"",""559e1a422554107faea28b00d53f56b62cdc247088dc1faba583304cbd7a9e73-package-chain4""]"	[20261561, 20261562, 20261563, 20261564]	4	0	0	500	diagnostics_complete_requires_mixing_review	500	50	37	10	27	0	0	4	0	0	4	0	10924	398	0	5245	5679	0	378	20	0
59a8951eb5b4af4ae60075b92dda80a7d5002ac5a070d0bbf61aa1911b3fb48c-broad	59a8951eb5b4af4ae60075b92dda80a7d5002ac5a070d0bbf61aa1911b3fb48c	broad	OG0000230	24	"[""OG0000230-alignment-mafft-floor1e-07-resolution14"",""OG0000230-alignment-famsa-floor1e-07-resolution14""]"	"[""59a8951eb5b4af4ae60075b92dda80a7d5002ac5a070d0bbf61aa1911b3fb48c-broad-chain1"",""59a8951eb5b4af4ae60075b92dda80a7d5002ac5a070d0bbf61aa1911b3fb48c-broad-chain2"",""59a8951eb5b4af4ae60075b92dda80a7d5002ac5a070d0bbf61aa1911b3fb48c-broad-chain3"",""59a8951eb5b4af4ae60075b92dda80a7d5002ac5a070d0bbf61aa1911b3fb48c-broad-chain4""]"	[20261565, 20261566, 20261567, 20261568]	4	0	0	250	diagnostics_complete_requires_mixing_review	750	75	37	3	34	0	0	4	0	0	4	0	10924	429	0	5316	5608	0	409	20	0
59a8951eb5b4af4ae60075b92dda80a7d5002ac5a070d0bbf61aa1911b3fb48c-broad	59a8951eb5b4af4ae60075b92dda80a7d5002ac5a070d0bbf61aa1911b3fb48c	broad	OG0000230	24	"[""OG0000230-alignment-mafft-floor1e-07-resolution14"",""OG0000230-alignment-famsa-floor1e-07-resolution14""]"	"[""59a8951eb5b4af4ae60075b92dda80a7d5002ac5a070d0bbf61aa1911b3fb48c-broad-chain1"",""59a8951eb5b4af4ae60075b92dda80a7d5002ac5a070d0bbf61aa1911b3fb48c-broad-chain2"",""59a8951eb5b4af4ae60075b92dda80a7d5002ac5a070d0bbf61aa1911b3fb48c-broad-chain3"",""59a8951eb5b4af4ae60075b92dda80a7d5002ac5a070d0bbf61aa1911b3fb48c-broad-chain4""]"	[20261565, 20261566, 20261567, 20261568]	4	0	0	500	diagnostics_complete_requires_mixing_review	500	50	37	1	36	0	0	4	0	0	4	0	10924	388	0	4959	5965	0	368	20	0
59a8951eb5b4af4ae60075b92dda80a7d5002ac5a070d0bbf61aa1911b3fb48c-centered	59a8951eb5b4af4ae60075b92dda80a7d5002ac5a070d0bbf61aa1911b3fb48c	centered	OG0000230	24	"[""OG0000230-alignment-mafft-floor1e-07-resolution14"",""OG0000230-alignment-famsa-floor1e-07-resolution14""]"	"[""59a8951eb5b4af4ae60075b92dda80a7d5002ac5a070d0bbf61aa1911b3fb48c-centered-chain1"",""59a8951eb5b4af4ae60075b92dda80a7d5002ac5a070d0bbf61aa1911b3fb48c-centered-chain2"",""59a8951eb5b4af4ae60075b92dda80a7d5002ac5a070d0bbf61aa1911b3fb48c-centered-chain3"",""59a8951eb5b4af4ae60075b92dda80a7d5002ac5a070d0bbf61aa1911b3fb48c-centered-chain4""]"	[20261569, 20261570, 20261571, 20261572]	4	0	0	250	diagnostics_complete_requires_mixing_review	750	75	37	3	34	0	0	4	0	0	4	0	10924	400	0	4929	5995	0	380	20	0
59a8951eb5b4af4ae60075b92dda80a7d5002ac5a070d0bbf61aa1911b3fb48c-centered	59a8951eb5b4af4ae60075b92dda80a7d5002ac5a070d0bbf61aa1911b3fb48c	centered	OG0000230	24	"[""OG0000230-alignment-mafft-floor1e-07-resolution14"",""OG0000230-alignment-famsa-floor1e-07-resolution14""]"	"[""59a8951eb5b4af4ae60075b92dda80a7d5002ac5a070d0bbf61aa1911b3fb48c-centered-chain1"",""59a8951eb5b4af4ae60075b92dda80a7d5002ac5a070d0bbf61aa1911b3fb48c-centered-chain2"",""59a8951eb5b4af4ae60075b92dda80a7d5002ac5a070d0bbf61aa1911b3fb48c-centered-chain3"",""59a8951eb5b4af4ae60075b92dda80a7d5002ac5a070d0bbf61aa1911b3fb48c-centered-chain4""]"	[20261569, 20261570, 20261571, 20261572]	4	0	0	500	diagnostics_complete_requires_mixing_review	500	50	37	3	34	0	0	4	0	0	4	0	10924	358	0	4741	6183	0	338	20	0
59a8951eb5b4af4ae60075b92dda80a7d5002ac5a070d0bbf61aa1911b3fb48c-package	59a8951eb5b4af4ae60075b92dda80a7d5002ac5a070d0bbf61aa1911b3fb48c	package	OG0000230	24	"[""OG0000230-alignment-mafft-floor1e-07-resolution14"",""OG0000230-alignment-famsa-floor1e-07-resolution14""]"	"[""59a8951eb5b4af4ae60075b92dda80a7d5002ac5a070d0bbf61aa1911b3fb48c-package-chain1"",""59a8951eb5b4af4ae60075b92dda80a7d5002ac5a070d0bbf61aa1911b3fb48c-package-chain2"",""59a8951eb5b4af4ae60075b92dda80a7d5002ac5a070d0bbf61aa1911b3fb48c-package-chain3"",""59a8951eb5b4af4ae60075b92dda80a7d5002ac5a070d0bbf61aa1911b3fb48c-package-chain4""]"	[20261573, 20261574, 20261575, 20261576]	4	0	0	250	diagnostics_complete_requires_mixing_review	750	75	37	12	25	0	0	4	0	0	4	0	10924	442	0	5489	5435	0	422	20	0
59a8951eb5b4af4ae60075b92dda80a7d5002ac5a070d0bbf61aa1911b3fb48c-package	59a8951eb5b4af4ae60075b92dda80a7d5002ac5a070d0bbf61aa1911b3fb48c	package	OG0000230	24	"[""OG0000230-alignment-mafft-floor1e-07-resolution14"",""OG0000230-alignment-famsa-floor1e-07-resolution14""]"	"[""59a8951eb5b4af4ae60075b92dda80a7d5002ac5a070d0bbf61aa1911b3fb48c-package-chain1"",""59a8951eb5b4af4ae60075b92dda80a7d5002ac5a070d0bbf61aa1911b3fb48c-package-chain2"",""59a8951eb5b4af4ae60075b92dda80a7d5002ac5a070d0bbf61aa1911b3fb48c-package-chain3"",""59a8951eb5b4af4ae60075b92dda80a7d5002ac5a070d0bbf61aa1911b3fb48c-package-chain4""]"	[20261573, 20261574, 20261575, 20261576]	4	0	0	500	diagnostics_complete_requires_mixing_review	500	50	37	14	23	0	0	4	0	0	4	0	10924	398	0	5258	5666	0	378	20	0
5ad50d436080ff4b270dd3a5847c1b41c722b436ddee90f325cc38f305e1c183-broad	5ad50d436080ff4b270dd3a5847c1b41c722b436ddee90f325cc38f305e1c183	broad	OG0000230	24	"[""OG0000230-whole-mafft-floor1e-09-resolution1"",""OG0000230-whole-famsa-floor1e-09-resolution1""]"	"[""5ad50d436080ff4b270dd3a5847c1b41c722b436ddee90f325cc38f305e1c183-broad-chain1"",""5ad50d436080ff4b270dd3a5847c1b41c722b436ddee90f325cc38f305e1c183-broad-chain2"",""5ad50d436080ff4b270dd3a5847c1b41c722b436ddee90f325cc38f305e1c183-broad-chain3"",""5ad50d436080ff4b270dd3a5847c1b41c722b436ddee90f325cc38f305e1c183-broad-chain4""]"	[20261577, 20261578, 20261579, 20261580]	4	0	0	250	diagnostics_complete_requires_mixing_review	750	75	37	1	36	0	0	4	0	1	3	0	63296	2127	0	25945	37351	0	2106	21	0
5ad50d436080ff4b270dd3a5847c1b41c722b436ddee90f325cc38f305e1c183-broad	5ad50d436080ff4b270dd3a5847c1b41c722b436ddee90f325cc38f305e1c183	broad	OG0000230	24	"[""OG0000230-whole-mafft-floor1e-09-resolution1"",""OG0000230-whole-famsa-floor1e-09-resolution1""]"	"[""5ad50d436080ff4b270dd3a5847c1b41c722b436ddee90f325cc38f305e1c183-broad-chain1"",""5ad50d436080ff4b270dd3a5847c1b41c722b436ddee90f325cc38f305e1c183-broad-chain2"",""5ad50d436080ff4b270dd3a5847c1b41c722b436ddee90f325cc38f305e1c183-broad-chain3"",""5ad50d436080ff4b270dd3a5847c1b41c722b436ddee90f325cc38f305e1c183-broad-chain4""]"	[20261577, 20261578, 20261579, 20261580]	4	0	0	500	diagnostics_complete_requires_mixing_review	500	50	37	1	36	0	0	4	0	1	3	0	63296	2000	0	24610	38686	0	1979	21	0
5ad50d436080ff4b270dd3a5847c1b41c722b436ddee90f325cc38f305e1c183-centered	5ad50d436080ff4b270dd3a5847c1b41c722b436ddee90f325cc38f305e1c183	centered	OG0000230	24	"[""OG0000230-whole-mafft-floor1e-09-resolution1"",""OG0000230-whole-famsa-floor1e-09-resolution1""]"	"[""5ad50d436080ff4b270dd3a5847c1b41c722b436ddee90f325cc38f305e1c183-centered-chain1"",""5ad50d436080ff4b270dd3a5847c1b41c722b436ddee90f325cc38f305e1c183-centered-chain2"",""5ad50d436080ff4b270dd3a5847c1b41c722b436ddee90f325cc38f305e1c183-centered-chain3"",""5ad50d436080ff4b270dd3a5847c1b41c722b436ddee90f325cc38f305e1c183-centered-chain4""]"	[20261581, 20261582, 20261583, 20261584]	4	0	0	250	diagnostics_complete_requires_mixing_review	750	75	37	2	35	0	0	4	0	1	3	0	63296	2019	0	24452	38844	0	1998	21	0
5ad50d436080ff4b270dd3a5847c1b41c722b436ddee90f325cc38f305e1c183-centered	5ad50d436080ff4b270dd3a5847c1b41c722b436ddee90f325cc38f305e1c183	centered	OG0000230	24	"[""OG0000230-whole-mafft-floor1e-09-resolution1"",""OG0000230-whole-famsa-floor1e-09-resolution1""]"	"[""5ad50d436080ff4b270dd3a5847c1b41c722b436ddee90f325cc38f305e1c183-centered-chain1"",""5ad50d436080ff4b270dd3a5847c1b41c722b436ddee90f325cc38f305e1c183-centered-chain2"",""5ad50d436080ff4b270dd3a5847c1b41c722b436ddee90f325cc38f305e1c183-centered-chain3"",""5ad50d436080ff4b270dd3a5847c1b41c722b436ddee90f325cc38f305e1c183-centered-chain4""]"	[20261581, 20261582, 20261583, 20261584]	4	0	0	500	diagnostics_complete_requires_mixing_review	500	50	37	1	36	0	0	4	0	1	3	0	63296	1890	0	23379	39917	0	1869	21	0
5ad50d436080ff4b270dd3a5847c1b41c722b436ddee90f325cc38f305e1c183-package	5ad50d436080ff4b270dd3a5847c1b41c722b436ddee90f325cc38f305e1c183	package	OG0000230	24	"[""OG0000230-whole-mafft-floor1e-09-resolution1"",""OG0000230-whole-famsa-floor1e-09-resolution1""]"	"[""5ad50d436080ff4b270dd3a5847c1b41c722b436ddee90f325cc38f305e1c183-package-chain1"",""5ad50d436080ff4b270dd3a5847c1b41c722b436ddee90f325cc38f305e1c183-package-chain2"",""5ad50d436080ff4b270dd3a5847c1b41c722b436ddee90f325cc38f305e1c183-package-chain3"",""5ad50d436080ff4b270dd3a5847c1b41c722b436ddee90f325cc38f305e1c183-package-chain4""]"	[20261585, 20261586, 20261587, 20261588]	4	0	0	250	diagnostics_complete_requires_mixing_review	750	75	37	1	36	0	0	4	0	1	3	0	63296	2317	0	26983	36313	0	2296	21	0
5ad50d436080ff4b270dd3a5847c1b41c722b436ddee90f325cc38f305e1c183-package	5ad50d436080ff4b270dd3a5847c1b41c722b436ddee90f325cc38f305e1c183	package	OG0000230	24	"[""OG0000230-whole-mafft-floor1e-09-resolution1"",""OG0000230-whole-famsa-floor1e-09-resolution1""]"	"[""5ad50d436080ff4b270dd3a5847c1b41c722b436ddee90f325cc38f305e1c183-package-chain1"",""5ad50d436080ff4b270dd3a5847c1b41c722b436ddee90f325cc38f305e1c183-package-chain2"",""5ad50d436080ff4b270dd3a5847c1b41c722b436ddee90f325cc38f305e1c183-package-chain3"",""5ad50d436080ff4b270dd3a5847c1b41c722b436ddee90f325cc38f305e1c183-package-chain4""]"	[20261585, 20261586, 20261587, 20261588]	4	0	0	500	diagnostics_complete_requires_mixing_review	500	50	37	1	36	0	0	4	0	1	3	0	63296	2085	0	25309	37987	0	2064	21	0
5f2cff54944534f753c85f2b8b0fdc85ba08428ca525eb0bdba8445af2ff0484-broad	5f2cff54944534f753c85f2b8b0fdc85ba08428ca525eb0bdba8445af2ff0484	broad	OG0000230	24	"[""OG0000230-envelope-mafft-floor1e-07-resolution1"",""OG0000230-envelope-famsa-floor1e-07-resolution1""]"	"[""5f2cff54944534f753c85f2b8b0fdc85ba08428ca525eb0bdba8445af2ff0484-broad-chain1"",""5f2cff54944534f753c85f2b8b0fdc85ba08428ca525eb0bdba8445af2ff0484-broad-chain2"",""5f2cff54944534f753c85f2b8b0fdc85ba08428ca525eb0bdba8445af2ff0484-broad-chain3"",""5f2cff54944534f753c85f2b8b0fdc85ba08428ca525eb0bdba8445af2ff0484-broad-chain4""]"	[20261589, 20261590, 20261591, 20261592]	4	0	0	250	diagnostics_complete_requires_mixing_review	750	75	37	2	35	0	0	4	0	1	3	0	11132	414	0	5724	5408	0	394	20	0
5f2cff54944534f753c85f2b8b0fdc85ba08428ca525eb0bdba8445af2ff0484-broad	5f2cff54944534f753c85f2b8b0fdc85ba08428ca525eb0bdba8445af2ff0484	broad	OG0000230	24	"[""OG0000230-envelope-mafft-floor1e-07-resolution1"",""OG0000230-envelope-famsa-floor1e-07-resolution1""]"	"[""5f2cff54944534f753c85f2b8b0fdc85ba08428ca525eb0bdba8445af2ff0484-broad-chain1"",""5f2cff54944534f753c85f2b8b0fdc85ba08428ca525eb0bdba8445af2ff0484-broad-chain2"",""5f2cff54944534f753c85f2b8b0fdc85ba08428ca525eb0bdba8445af2ff0484-broad-chain3"",""5f2cff54944534f753c85f2b8b0fdc85ba08428ca525eb0bdba8445af2ff0484-broad-chain4""]"	[20261589, 20261590, 20261591, 20261592]	4	0	0	500	diagnostics_complete_requires_mixing_review	500	50	37	1	36	0	0	4	0	1	3	0	11132	375	0	5277	5855	0	355	20	0
5f2cff54944534f753c85f2b8b0fdc85ba08428ca525eb0bdba8445af2ff0484-centered	5f2cff54944534f753c85f2b8b0fdc85ba08428ca525eb0bdba8445af2ff0484	centered	OG0000230	24	"[""OG0000230-envelope-mafft-floor1e-07-resolution1"",""OG0000230-envelope-famsa-floor1e-07-resolution1""]"	"[""5f2cff54944534f753c85f2b8b0fdc85ba08428ca525eb0bdba8445af2ff0484-centered-chain1"",""5f2cff54944534f753c85f2b8b0fdc85ba08428ca525eb0bdba8445af2ff0484-centered-chain2"",""5f2cff54944534f753c85f2b8b0fdc85ba08428ca525eb0bdba8445af2ff0484-centered-chain3"",""5f2cff54944534f753c85f2b8b0fdc85ba08428ca525eb0bdba8445af2ff0484-centered-chain4""]"	[20261593, 20261594, 20261595, 20261596]	4	0	0	250	diagnostics_complete_requires_mixing_review	750	75	37	18	19	0	0	4	0	1	3	0	11132	365	0	4814	6318	0	345	20	0
5f2cff54944534f753c85f2b8b0fdc85ba08428ca525eb0bdba8445af2ff0484-centered	5f2cff54944534f753c85f2b8b0fdc85ba08428ca525eb0bdba8445af2ff0484	centered	OG0000230	24	"[""OG0000230-envelope-mafft-floor1e-07-resolution1"",""OG0000230-envelope-famsa-floor1e-07-resolution1""]"	"[""5f2cff54944534f753c85f2b8b0fdc85ba08428ca525eb0bdba8445af2ff0484-centered-chain1"",""5f2cff54944534f753c85f2b8b0fdc85ba08428ca525eb0bdba8445af2ff0484-centered-chain2"",""5f2cff54944534f753c85f2b8b0fdc85ba08428ca525eb0bdba8445af2ff0484-centered-chain3"",""5f2cff54944534f753c85f2b8b0fdc85ba08428ca525eb0bdba8445af2ff0484-centered-chain4""]"	[20261593, 20261594, 20261595, 20261596]	4	0	0	500	diagnostics_complete_requires_mixing_review	500	50	37	17	20	0	0	4	0	1	3	0	11132	327	0	4640	6492	0	307	20	0
5f2cff54944534f753c85f2b8b0fdc85ba08428ca525eb0bdba8445af2ff0484-package	5f2cff54944534f753c85f2b8b0fdc85ba08428ca525eb0bdba8445af2ff0484	package	OG0000230	24	"[""OG0000230-envelope-mafft-floor1e-07-resolution1"",""OG0000230-envelope-famsa-floor1e-07-resolution1""]"	"[""5f2cff54944534f753c85f2b8b0fdc85ba08428ca525eb0bdba8445af2ff0484-package-chain1"",""5f2cff54944534f753c85f2b8b0fdc85ba08428ca525eb0bdba8445af2ff0484-package-chain2"",""5f2cff54944534f753c85f2b8b0fdc85ba08428ca525eb0bdba8445af2ff0484-package-chain3"",""5f2cff54944534f753c85f2b8b0fdc85ba08428ca525eb0bdba8445af2ff0484-package-chain4""]"	[20261597, 20261598, 20261599, 20261600]	4	0	0	250	diagnostics_complete_requires_mixing_review	750	75	37	2	35	0	0	4	0	1	3	0	11132	404	0	5390	5742	0	384	20	0
5f2cff54944534f753c85f2b8b0fdc85ba08428ca525eb0bdba8445af2ff0484-package	5f2cff54944534f753c85f2b8b0fdc85ba08428ca525eb0bdba8445af2ff0484	package	OG0000230	24	"[""OG0000230-envelope-mafft-floor1e-07-resolution1"",""OG0000230-envelope-famsa-floor1e-07-resolution1""]"	"[""5f2cff54944534f753c85f2b8b0fdc85ba08428ca525eb0bdba8445af2ff0484-package-chain1"",""5f2cff54944534f753c85f2b8b0fdc85ba08428ca525eb0bdba8445af2ff0484-package-chain2"",""5f2cff54944534f753c85f2b8b0fdc85ba08428ca525eb0bdba8445af2ff0484-package-chain3"",""5f2cff54944534f753c85f2b8b0fdc85ba08428ca525eb0bdba8445af2ff0484-package-chain4""]"	[20261597, 20261598, 20261599, 20261600]	4	0	0	500	diagnostics_complete_requires_mixing_review	500	50	37	0	37	0	0	4	0	1	3	0	11132	384	0	5196	5936	0	364	20	0
602fa0164ff79f6cc47b75c4f472ece68e9bb46ca665071456f31b7109298d26-broad	602fa0164ff79f6cc47b75c4f472ece68e9bb46ca665071456f31b7109298d26	broad	OG0000230	24	"[""OG0000230-envelope-mafft-floor1e-09-resolution9"",""OG0000230-envelope-famsa-floor1e-09-resolution9""]"	"[""602fa0164ff79f6cc47b75c4f472ece68e9bb46ca665071456f31b7109298d26-broad-chain1"",""602fa0164ff79f6cc47b75c4f472ece68e9bb46ca665071456f31b7109298d26-broad-chain2"",""602fa0164ff79f6cc47b75c4f472ece68e9bb46ca665071456f31b7109298d26-broad-chain3"",""602fa0164ff79f6cc47b75c4f472ece68e9bb46ca665071456f31b7109298d26-broad-chain4""]"	[20261601, 20261602, 20261603, 20261604]	4	0	0	250	diagnostics_complete_requires_mixing_review	750	75	37	18	19	0	0	4	0	1	3	0	11132	308	0	4587	6545	0	288	20	0
602fa0164ff79f6cc47b75c4f472ece68e9bb46ca665071456f31b7109298d26-broad	602fa0164ff79f6cc47b75c4f472ece68e9bb46ca665071456f31b7109298d26	broad	OG0000230	24	"[""OG0000230-envelope-mafft-floor1e-09-resolution9"",""OG0000230-envelope-famsa-floor1e-09-resolution9""]"	"[""602fa0164ff79f6cc47b75c4f472ece68e9bb46ca665071456f31b7109298d26-broad-chain1"",""602fa0164ff79f6cc47b75c4f472ece68e9bb46ca665071456f31b7109298d26-broad-chain2"",""602fa0164ff79f6cc47b75c4f472ece68e9bb46ca665071456f31b7109298d26-broad-chain3"",""602fa0164ff79f6cc47b75c4f472ece68e9bb46ca665071456f31b7109298d26-broad-chain4""]"	[20261601, 20261602, 20261603, 20261604]	4	0	0	500	diagnostics_complete_requires_mixing_review	500	50	37	17	20	0	0	4	0	1	3	0	11132	290	0	4395	6737	0	270	20	0
602fa0164ff79f6cc47b75c4f472ece68e9bb46ca665071456f31b7109298d26-centered	602fa0164ff79f6cc47b75c4f472ece68e9bb46ca665071456f31b7109298d26	centered	OG0000230	24	"[""OG0000230-envelope-mafft-floor1e-09-resolution9"",""OG0000230-envelope-famsa-floor1e-09-resolution9""]"	"[""602fa0164ff79f6cc47b75c4f472ece68e9bb46ca665071456f31b7109298d26-centered-chain1"",""602fa0164ff79f6cc47b75c4f472ece68e9bb46ca665071456f31b7109298d26-centered-chain2"",""602fa0164ff79f6cc47b75c4f472ece68e9bb46ca665071456f31b7109298d26-centered-chain3"",""602fa0164ff79f6cc47b75c4f472ece68e9bb46ca665071456f31b7109298d26-centered-chain4""]"	[20261605, 20261606, 20261607, 20261608]	4	0	0	250	diagnostics_complete_requires_mixing_review	750	75	37	17	20	0	0	4	0	1	3	0	11132	327	0	4444	6688	0	307	20	0
602fa0164ff79f6cc47b75c4f472ece68e9bb46ca665071456f31b7109298d26-centered	602fa0164ff79f6cc47b75c4f472ece68e9bb46ca665071456f31b7109298d26	centered	OG0000230	24	"[""OG0000230-envelope-mafft-floor1e-09-resolution9"",""OG0000230-envelope-famsa-floor1e-09-resolution9""]"	"[""602fa0164ff79f6cc47b75c4f472ece68e9bb46ca665071456f31b7109298d26-centered-chain1"",""602fa0164ff79f6cc47b75c4f472ece68e9bb46ca665071456f31b7109298d26-centered-chain2"",""602fa0164ff79f6cc47b75c4f472ece68e9bb46ca665071456f31b7109298d26-centered-chain3"",""602fa0164ff79f6cc47b75c4f472ece68e9bb46ca665071456f31b7109298d26-centered-chain4""]"	[20261605, 20261606, 20261607, 20261608]	4	0	0	500	diagnostics_complete_requires_mixing_review	500	50	37	17	20	0	0	4	0	1	3	0	11132	308	0	4286	6846	0	288	20	0
602fa0164ff79f6cc47b75c4f472ece68e9bb46ca665071456f31b7109298d26-package	602fa0164ff79f6cc47b75c4f472ece68e9bb46ca665071456f31b7109298d26	package	OG0000230	24	"[""OG0000230-envelope-mafft-floor1e-09-resolution9"",""OG0000230-envelope-famsa-floor1e-09-resolution9""]"	"[""602fa0164ff79f6cc47b75c4f472ece68e9bb46ca665071456f31b7109298d26-package-chain1"",""602fa0164ff79f6cc47b75c4f472ece68e9bb46ca665071456f31b7109298d26-package-chain2"",""602fa0164ff79f6cc47b75c4f472ece68e9bb46ca665071456f31b7109298d26-package-chain3"",""602fa0164ff79f6cc47b75c4f472ece68e9bb46ca665071456f31b7109298d26-package-chain4""]"	[20261609, 20261610, 20261611, 20261612]	4	0	0	250	diagnostics_complete_requires_mixing_review	750	75	37	18	19	0	0	4	0	1	3	0	11132	299	0	4486	6646	0	279	20	0
602fa0164ff79f6cc47b75c4f472ece68e9bb46ca665071456f31b7109298d26-package	602fa0164ff79f6cc47b75c4f472ece68e9bb46ca665071456f31b7109298d26	package	OG0000230	24	"[""OG0000230-envelope-mafft-floor1e-09-resolution9"",""OG0000230-envelope-famsa-floor1e-09-resolution9""]"	"[""602fa0164ff79f6cc47b75c4f472ece68e9bb46ca665071456f31b7109298d26-package-chain1"",""602fa0164ff79f6cc47b75c4f472ece68e9bb46ca665071456f31b7109298d26-package-chain2"",""602fa0164ff79f6cc47b75c4f472ece68e9bb46ca665071456f31b7109298d26-package-chain3"",""602fa0164ff79f6cc47b75c4f472ece68e9bb46ca665071456f31b7109298d26-package-chain4""]"	[20261609, 20261610, 20261611, 20261612]	4	0	0	500	diagnostics_complete_requires_mixing_review	500	50	37	17	20	0	0	4	0	1	3	0	11132	278	0	4174	6958	0	258	20	0
64046e2e54e9cbad4d19cc24eadbe4264b801ae9b75ac704e125575c08501937-broad	64046e2e54e9cbad4d19cc24eadbe4264b801ae9b75ac704e125575c08501937	broad	OG0002812	12	"[""OG0002812-envelope-mafft-floor1e-09-resolution0"",""OG0002812-envelope-mafft-floor1e-07-resolution0"",""OG0002812-envelope-famsa-floor1e-09-resolution0"",""OG0002812-envelope-famsa-floor1e-07-resolution0""]"	"[""64046e2e54e9cbad4d19cc24eadbe4264b801ae9b75ac704e125575c08501937-broad-chain1"",""64046e2e54e9cbad4d19cc24eadbe4264b801ae9b75ac704e125575c08501937-broad-chain2"",""64046e2e54e9cbad4d19cc24eadbe4264b801ae9b75ac704e125575c08501937-broad-chain3"",""64046e2e54e9cbad4d19cc24eadbe4264b801ae9b75ac704e125575c08501937-broad-chain4""]"	[20261613, 20261614, 20261615, 20261616]	4	0	0	250	diagnostics_complete_requires_mixing_review	750	75	37	3	34	0	0	4	0	0	4	0	15396	932	0	6138	9258	0	913	19	0
64046e2e54e9cbad4d19cc24eadbe4264b801ae9b75ac704e125575c08501937-broad	64046e2e54e9cbad4d19cc24eadbe4264b801ae9b75ac704e125575c08501937	broad	OG0002812	12	"[""OG0002812-envelope-mafft-floor1e-09-resolution0"",""OG0002812-envelope-mafft-floor1e-07-resolution0"",""OG0002812-envelope-famsa-floor1e-09-resolution0"",""OG0002812-envelope-famsa-floor1e-07-resolution0""]"	"[""64046e2e54e9cbad4d19cc24eadbe4264b801ae9b75ac704e125575c08501937-broad-chain1"",""64046e2e54e9cbad4d19cc24eadbe4264b801ae9b75ac704e125575c08501937-broad-chain2"",""64046e2e54e9cbad4d19cc24eadbe4264b801ae9b75ac704e125575c08501937-broad-chain3"",""64046e2e54e9cbad4d19cc24eadbe4264b801ae9b75ac704e125575c08501937-broad-chain4""]"	[20261613, 20261614, 20261615, 20261616]	4	0	0	500	diagnostics_complete_requires_mixing_review	500	50	37	1	36	0	0	4	0	0	4	0	15396	882	0	5843	9553	0	863	19	0
64046e2e54e9cbad4d19cc24eadbe4264b801ae9b75ac704e125575c08501937-centered	64046e2e54e9cbad4d19cc24eadbe4264b801ae9b75ac704e125575c08501937	centered	OG0002812	12	"[""OG0002812-envelope-mafft-floor1e-09-resolution0"",""OG0002812-envelope-mafft-floor1e-07-resolution0"",""OG0002812-envelope-famsa-floor1e-09-resolution0"",""OG0002812-envelope-famsa-floor1e-07-resolution0""]"	"[""64046e2e54e9cbad4d19cc24eadbe4264b801ae9b75ac704e125575c08501937-centered-chain1"",""64046e2e54e9cbad4d19cc24eadbe4264b801ae9b75ac704e125575c08501937-centered-chain2"",""64046e2e54e9cbad4d19cc24eadbe4264b801ae9b75ac704e125575c08501937-centered-chain3"",""64046e2e54e9cbad4d19cc24eadbe4264b801ae9b75ac704e125575c08501937-centered-chain4""]"	[20261617, 20261618, 20261619, 20261620]	4	0	0	250	diagnostics_complete_requires_mixing_review	750	75	37	13	24	0	0	4	0	0	4	0	15396	869	0	5940	9456	0	850	19	0
64046e2e54e9cbad4d19cc24eadbe4264b801ae9b75ac704e125575c08501937-centered	64046e2e54e9cbad4d19cc24eadbe4264b801ae9b75ac704e125575c08501937	centered	OG0002812	12	"[""OG0002812-envelope-mafft-floor1e-09-resolution0"",""OG0002812-envelope-mafft-floor1e-07-resolution0"",""OG0002812-envelope-famsa-floor1e-09-resolution0"",""OG0002812-envelope-famsa-floor1e-07-resolution0""]"	"[""64046e2e54e9cbad4d19cc24eadbe4264b801ae9b75ac704e125575c08501937-centered-chain1"",""64046e2e54e9cbad4d19cc24eadbe4264b801ae9b75ac704e125575c08501937-centered-chain2"",""64046e2e54e9cbad4d19cc24eadbe4264b801ae9b75ac704e125575c08501937-centered-chain3"",""64046e2e54e9cbad4d19cc24eadbe4264b801ae9b75ac704e125575c08501937-centered-chain4""]"	[20261617, 20261618, 20261619, 20261620]	4	0	0	500	diagnostics_complete_requires_mixing_review	500	50	37	10	27	0	0	4	0	0	4	0	15396	823	0	5751	9645	0	804	19	0
64046e2e54e9cbad4d19cc24eadbe4264b801ae9b75ac704e125575c08501937-package	64046e2e54e9cbad4d19cc24eadbe4264b801ae9b75ac704e125575c08501937	package	OG0002812	12	"[""OG0002812-envelope-mafft-floor1e-09-resolution0"",""OG0002812-envelope-mafft-floor1e-07-resolution0"",""OG0002812-envelope-famsa-floor1e-09-resolution0"",""OG0002812-envelope-famsa-floor1e-07-resolution0""]"	"[""64046e2e54e9cbad4d19cc24eadbe4264b801ae9b75ac704e125575c08501937-package-chain1"",""64046e2e54e9cbad4d19cc24eadbe4264b801ae9b75ac704e125575c08501937-package-chain2"",""64046e2e54e9cbad4d19cc24eadbe4264b801ae9b75ac704e125575c08501937-package-chain3"",""64046e2e54e9cbad4d19cc24eadbe4264b801ae9b75ac704e125575c08501937-package-chain4""]"	[20261621, 20261622, 20261623, 20261624]	4	0	0	250	diagnostics_complete_requires_mixing_review	750	75	37	15	22	0	0	4	0	0	4	0	15396	843	0	6241	9155	0	824	19	0
64046e2e54e9cbad4d19cc24eadbe4264b801ae9b75ac704e125575c08501937-package	64046e2e54e9cbad4d19cc24eadbe4264b801ae9b75ac704e125575c08501937	package	OG0002812	12	"[""OG0002812-envelope-mafft-floor1e-09-resolution0"",""OG0002812-envelope-mafft-floor1e-07-resolution0"",""OG0002812-envelope-famsa-floor1e-09-resolution0"",""OG0002812-envelope-famsa-floor1e-07-resolution0""]"	"[""64046e2e54e9cbad4d19cc24eadbe4264b801ae9b75ac704e125575c08501937-package-chain1"",""64046e2e54e9cbad4d19cc24eadbe4264b801ae9b75ac704e125575c08501937-package-chain2"",""64046e2e54e9cbad4d19cc24eadbe4264b801ae9b75ac704e125575c08501937-package-chain3"",""64046e2e54e9cbad4d19cc24eadbe4264b801ae9b75ac704e125575c08501937-package-chain4""]"	[20261621, 20261622, 20261623, 20261624]	4	0	0	500	diagnostics_complete_requires_mixing_review	500	50	37	10	27	0	0	4	0	0	4	0	15396	783	0	5882	9514	0	764	19	0
645960b19ce0a5aecfc270e554c34ffe279eea2ca6448256ac748a130700e3b0-broad	645960b19ce0a5aecfc270e554c34ffe279eea2ca6448256ac748a130700e3b0	broad	OG0000230	24	"[""OG0000230-alignment-mafft-floor1e-07-resolution13"",""OG0000230-alignment-famsa-floor1e-07-resolution13""]"	"[""645960b19ce0a5aecfc270e554c34ffe279eea2ca6448256ac748a130700e3b0-broad-chain1"",""645960b19ce0a5aecfc270e554c34ffe279eea2ca6448256ac748a130700e3b0-broad-chain2"",""645960b19ce0a5aecfc270e554c34ffe279eea2ca6448256ac748a130700e3b0-broad-chain3"",""645960b19ce0a5aecfc270e554c34ffe279eea2ca6448256ac748a130700e3b0-broad-chain4""]"	[20261625, 20261626, 20261627, 20261628]	4	0	0	250	diagnostics_complete_requires_mixing_review	750	75	37	4	33	0	0	4	0	0	4	0	10924	509	0	5960	4964	0	489	20	0
645960b19ce0a5aecfc270e554c34ffe279eea2ca6448256ac748a130700e3b0-broad	645960b19ce0a5aecfc270e554c34ffe279eea2ca6448256ac748a130700e3b0	broad	OG0000230	24	"[""OG0000230-alignment-mafft-floor1e-07-resolution13"",""OG0000230-alignment-famsa-floor1e-07-resolution13""]"	"[""645960b19ce0a5aecfc270e554c34ffe279eea2ca6448256ac748a130700e3b0-broad-chain1"",""645960b19ce0a5aecfc270e554c34ffe279eea2ca6448256ac748a130700e3b0-broad-chain2"",""645960b19ce0a5aecfc270e554c34ffe279eea2ca6448256ac748a130700e3b0-broad-chain3"",""645960b19ce0a5aecfc270e554c34ffe279eea2ca6448256ac748a130700e3b0-broad-chain4""]"	[20261625, 20261626, 20261627, 20261628]	4	0	0	500	diagnostics_complete_requires_mixing_review	500	50	37	4	33	0	0	4	0	0	4	0	10924	399	0	5476	5448	0	379	20	0
645960b19ce0a5aecfc270e554c34ffe279eea2ca6448256ac748a130700e3b0-centered	645960b19ce0a5aecfc270e554c34ffe279eea2ca6448256ac748a130700e3b0	centered	OG0000230	24	"[""OG0000230-alignment-mafft-floor1e-07-resolution13"",""OG0000230-alignment-famsa-floor1e-07-resolution13""]"	"[""645960b19ce0a5aecfc270e554c34ffe279eea2ca6448256ac748a130700e3b0-centered-chain1"",""645960b19ce0a5aecfc270e554c34ffe279eea2ca6448256ac748a130700e3b0-centered-chain2"",""645960b19ce0a5aecfc270e554c34ffe279eea2ca6448256ac748a130700e3b0-centered-chain3"",""645960b19ce0a5aecfc270e554c34ffe279eea2ca6448256ac748a130700e3b0-centered-chain4""]"	[20261629, 20261630, 20261631, 20261632]	4	0	0	250	diagnostics_complete_requires_mixing_review	750	75	37	18	19	0	0	4	0	0	4	0	10924	423	0	5546	5378	0	403	20	0
645960b19ce0a5aecfc270e554c34ffe279eea2ca6448256ac748a130700e3b0-centered	645960b19ce0a5aecfc270e554c34ffe279eea2ca6448256ac748a130700e3b0	centered	OG0000230	24	"[""OG0000230-alignment-mafft-floor1e-07-resolution13"",""OG0000230-alignment-famsa-floor1e-07-resolution13""]"	"[""645960b19ce0a5aecfc270e554c34ffe279eea2ca6448256ac748a130700e3b0-centered-chain1"",""645960b19ce0a5aecfc270e554c34ffe279eea2ca6448256ac748a130700e3b0-centered-chain2"",""645960b19ce0a5aecfc270e554c34ffe279eea2ca6448256ac748a130700e3b0-centered-chain3"",""645960b19ce0a5aecfc270e554c34ffe279eea2ca6448256ac748a130700e3b0-centered-chain4""]"	[20261629, 20261630, 20261631, 20261632]	4	0	0	500	diagnostics_complete_requires_mixing_review	500	50	37	16	21	0	0	4	0	0	4	0	10924	380	0	5363	5561	0	360	20	0
645960b19ce0a5aecfc270e554c34ffe279eea2ca6448256ac748a130700e3b0-package	645960b19ce0a5aecfc270e554c34ffe279eea2ca6448256ac748a130700e3b0	package	OG0000230	24	"[""OG0000230-alignment-mafft-floor1e-07-resolution13"",""OG0000230-alignment-famsa-floor1e-07-resolution13""]"	"[""645960b19ce0a5aecfc270e554c34ffe279eea2ca6448256ac748a130700e3b0-package-chain1"",""645960b19ce0a5aecfc270e554c34ffe279eea2ca6448256ac748a130700e3b0-package-chain2"",""645960b19ce0a5aecfc270e554c34ffe279eea2ca6448256ac748a130700e3b0-package-chain3"",""645960b19ce0a5aecfc270e554c34ffe279eea2ca6448256ac748a130700e3b0-package-chain4""]"	[20261633, 20261634, 20261635, 20261636]	4	0	0	250	diagnostics_complete_requires_mixing_review	750	75	37	2	35	0	0	4	0	0	4	0	10924	490	0	6755	4169	0	470	20	0
645960b19ce0a5aecfc270e554c34ffe279eea2ca6448256ac748a130700e3b0-package	645960b19ce0a5aecfc270e554c34ffe279eea2ca6448256ac748a130700e3b0	package	OG0000230	24	"[""OG0000230-alignment-mafft-floor1e-07-resolution13"",""OG0000230-alignment-famsa-floor1e-07-resolution13""]"	"[""645960b19ce0a5aecfc270e554c34ffe279eea2ca6448256ac748a130700e3b0-package-chain1"",""645960b19ce0a5aecfc270e554c34ffe279eea2ca6448256ac748a130700e3b0-package-chain2"",""645960b19ce0a5aecfc270e554c34ffe279eea2ca6448256ac748a130700e3b0-package-chain3"",""645960b19ce0a5aecfc270e554c34ffe279eea2ca6448256ac748a130700e3b0-package-chain4""]"	[20261633, 20261634, 20261635, 20261636]	4	0	0	500	diagnostics_complete_requires_mixing_review	500	50	37	1	36	0	0	4	0	0	4	0	10924	450	0	6320	4604	0	430	20	0
659e4c0b5aa2dfeab71fd6de60602141b2df84be741179fbfc895744545e4d2b-broad	659e4c0b5aa2dfeab71fd6de60602141b2df84be741179fbfc895744545e4d2b	broad	OG0000230	24	"[""OG0000230-whole-mafft-floor1e-07-resolution3"",""OG0000230-whole-famsa-floor1e-07-resolution3""]"	"[""659e4c0b5aa2dfeab71fd6de60602141b2df84be741179fbfc895744545e4d2b-broad-chain1"",""659e4c0b5aa2dfeab71fd6de60602141b2df84be741179fbfc895744545e4d2b-broad-chain2"",""659e4c0b5aa2dfeab71fd6de60602141b2df84be741179fbfc895744545e4d2b-broad-chain3"",""659e4c0b5aa2dfeab71fd6de60602141b2df84be741179fbfc895744545e4d2b-broad-chain4""]"	[20261637, 20261638, 20261639, 20261640]	4	0	0	250	diagnostics_complete_requires_mixing_review	750	75	37	3	34	0	0	4	0	1	3	0	63296	2104	0	25687	37609	0	2083	21	0
659e4c0b5aa2dfeab71fd6de60602141b2df84be741179fbfc895744545e4d2b-broad	659e4c0b5aa2dfeab71fd6de60602141b2df84be741179fbfc895744545e4d2b	broad	OG0000230	24	"[""OG0000230-whole-mafft-floor1e-07-resolution3"",""OG0000230-whole-famsa-floor1e-07-resolution3""]"	"[""659e4c0b5aa2dfeab71fd6de60602141b2df84be741179fbfc895744545e4d2b-broad-chain1"",""659e4c0b5aa2dfeab71fd6de60602141b2df84be741179fbfc895744545e4d2b-broad-chain2"",""659e4c0b5aa2dfeab71fd6de60602141b2df84be741179fbfc895744545e4d2b-broad-chain3"",""659e4c0b5aa2dfeab71fd6de60602141b2df84be741179fbfc895744545e4d2b-broad-chain4""]"	[20261637, 20261638, 20261639, 20261640]	4	0	0	500	diagnostics_complete_requires_mixing_review	500	50	37	3	34	0	0	4	0	1	3	0	63296	1981	0	24643	38653	0	1960	21	0
659e4c0b5aa2dfeab71fd6de60602141b2df84be741179fbfc895744545e4d2b-centered	659e4c0b5aa2dfeab71fd6de60602141b2df84be741179fbfc895744545e4d2b	centered	OG0000230	24	"[""OG0000230-whole-mafft-floor1e-07-resolution3"",""OG0000230-whole-famsa-floor1e-07-resolution3""]"	"[""659e4c0b5aa2dfeab71fd6de60602141b2df84be741179fbfc895744545e4d2b-centered-chain1"",""659e4c0b5aa2dfeab71fd6de60602141b2df84be741179fbfc895744545e4d2b-centered-chain2"",""659e4c0b5aa2dfeab71fd6de60602141b2df84be741179fbfc895744545e4d2b-centered-chain3"",""659e4c0b5aa2dfeab71fd6de60602141b2df84be741179fbfc895744545e4d2b-centered-chain4""]"	[20261641, 20261642, 20261643, 20261644]	4	0	0	250	diagnostics_complete_requires_mixing_review	750	75	37	1	36	0	0	4	0	1	3	0	63296	2188	0	26179	37117	0	2167	21	0
659e4c0b5aa2dfeab71fd6de60602141b2df84be741179fbfc895744545e4d2b-centered	659e4c0b5aa2dfeab71fd6de60602141b2df84be741179fbfc895744545e4d2b	centered	OG0000230	24	"[""OG0000230-whole-mafft-floor1e-07-resolution3"",""OG0000230-whole-famsa-floor1e-07-resolution3""]"	"[""659e4c0b5aa2dfeab71fd6de60602141b2df84be741179fbfc895744545e4d2b-centered-chain1"",""659e4c0b5aa2dfeab71fd6de60602141b2df84be741179fbfc895744545e4d2b-centered-chain2"",""659e4c0b5aa2dfeab71fd6de60602141b2df84be741179fbfc895744545e4d2b-centered-chain3"",""659e4c0b5aa2dfeab71fd6de60602141b2df84be741179fbfc895744545e4d2b-centered-chain4""]"	[20261641, 20261642, 20261643, 20261644]	4	0	0	500	diagnostics_complete_requires_mixing_review	500	50	37	1	36	0	0	4	0	1	3	0	63296	2020	0	24702	38594	0	1999	21	0
659e4c0b5aa2dfeab71fd6de60602141b2df84be741179fbfc895744545e4d2b-package	659e4c0b5aa2dfeab71fd6de60602141b2df84be741179fbfc895744545e4d2b	package	OG0000230	24	"[""OG0000230-whole-mafft-floor1e-07-resolution3"",""OG0000230-whole-famsa-floor1e-07-resolution3""]"	"[""659e4c0b5aa2dfeab71fd6de60602141b2df84be741179fbfc895744545e4d2b-package-chain1"",""659e4c0b5aa2dfeab71fd6de60602141b2df84be741179fbfc895744545e4d2b-package-chain2"",""659e4c0b5aa2dfeab71fd6de60602141b2df84be741179fbfc895744545e4d2b-package-chain3"",""659e4c0b5aa2dfeab71fd6de60602141b2df84be741179fbfc895744545e4d2b-package-chain4""]"	[20261645, 20261646, 20261647, 20261648]	4	0	0	250	diagnostics_complete_requires_mixing_review	750	75	37	5	32	0	0	4	0	1	3	0	63296	2011	0	24747	38549	0	1990	21	0
659e4c0b5aa2dfeab71fd6de60602141b2df84be741179fbfc895744545e4d2b-package	659e4c0b5aa2dfeab71fd6de60602141b2df84be741179fbfc895744545e4d2b	package	OG0000230	24	"[""OG0000230-whole-mafft-floor1e-07-resolution3"",""OG0000230-whole-famsa-floor1e-07-resolution3""]"	"[""659e4c0b5aa2dfeab71fd6de60602141b2df84be741179fbfc895744545e4d2b-package-chain1"",""659e4c0b5aa2dfeab71fd6de60602141b2df84be741179fbfc895744545e4d2b-package-chain2"",""659e4c0b5aa2dfeab71fd6de60602141b2df84be741179fbfc895744545e4d2b-package-chain3"",""659e4c0b5aa2dfeab71fd6de60602141b2df84be741179fbfc895744545e4d2b-package-chain4""]"	[20261645, 20261646, 20261647, 20261648]	4	0	0	500	diagnostics_complete_requires_mixing_review	500	50	37	4	33	0	0	4	0	1	3	0	63296	1884	0	23406	39890	0	1863	21	0
6780022a846d37ceb58cddb7d53e0067405c928b4fc6e405cabbb0f62bd09a0c-broad	6780022a846d37ceb58cddb7d53e0067405c928b4fc6e405cabbb0f62bd09a0c	broad	OG0000230	24	"[""OG0000230-whole-mafft-floor1e-07-resolution12"",""OG0000230-whole-famsa-floor1e-07-resolution12""]"	"[""6780022a846d37ceb58cddb7d53e0067405c928b4fc6e405cabbb0f62bd09a0c-broad-chain1"",""6780022a846d37ceb58cddb7d53e0067405c928b4fc6e405cabbb0f62bd09a0c-broad-chain2"",""6780022a846d37ceb58cddb7d53e0067405c928b4fc6e405cabbb0f62bd09a0c-broad-chain3"",""6780022a846d37ceb58cddb7d53e0067405c928b4fc6e405cabbb0f62bd09a0c-broad-chain4""]"	[20261649, 20261650, 20261651, 20261652]	4	0	0	250	diagnostics_complete_requires_mixing_review	750	75	37	9	28	0	0	4	0	1	3	0	63296	2087	0	24593	38703	0	2066	21	0
6780022a846d37ceb58cddb7d53e0067405c928b4fc6e405cabbb0f62bd09a0c-broad	6780022a846d37ceb58cddb7d53e0067405c928b4fc6e405cabbb0f62bd09a0c	broad	OG0000230	24	"[""OG0000230-whole-mafft-floor1e-07-resolution12"",""OG0000230-whole-famsa-floor1e-07-resolution12""]"	"[""6780022a846d37ceb58cddb7d53e0067405c928b4fc6e405cabbb0f62bd09a0c-broad-chain1"",""6780022a846d37ceb58cddb7d53e0067405c928b4fc6e405cabbb0f62bd09a0c-broad-chain2"",""6780022a846d37ceb58cddb7d53e0067405c928b4fc6e405cabbb0f62bd09a0c-broad-chain3"",""6780022a846d37ceb58cddb7d53e0067405c928b4fc6e405cabbb0f62bd09a0c-broad-chain4""]"	[20261649, 20261650, 20261651, 20261652]	4	0	0	500	diagnostics_complete_requires_mixing_review	500	50	37	5	32	0	0	4	0	1	3	0	63296	1934	0	23123	40173	0	1913	21	0
6780022a846d37ceb58cddb7d53e0067405c928b4fc6e405cabbb0f62bd09a0c-centered	6780022a846d37ceb58cddb7d53e0067405c928b4fc6e405cabbb0f62bd09a0c	centered	OG0000230	24	"[""OG0000230-whole-mafft-floor1e-07-resolution12"",""OG0000230-whole-famsa-floor1e-07-resolution12""]"	"[""6780022a846d37ceb58cddb7d53e0067405c928b4fc6e405cabbb0f62bd09a0c-centered-chain1"",""6780022a846d37ceb58cddb7d53e0067405c928b4fc6e405cabbb0f62bd09a0c-centered-chain2"",""6780022a846d37ceb58cddb7d53e0067405c928b4fc6e405cabbb0f62bd09a0c-centered-chain3"",""6780022a846d37ceb58cddb7d53e0067405c928b4fc6e405cabbb0f62bd09a0c-centered-chain4""]"	[20261653, 20261654, 20261655, 20261656]	4	0	0	250	diagnostics_complete_requires_mixing_review	750	75	37	0	37	0	0	4	0	1	3	0	63296	2112	0	25016	38280	0	2091	21	0
6780022a846d37ceb58cddb7d53e0067405c928b4fc6e405cabbb0f62bd09a0c-centered	6780022a846d37ceb58cddb7d53e0067405c928b4fc6e405cabbb0f62bd09a0c	centered	OG0000230	24	"[""OG0000230-whole-mafft-floor1e-07-resolution12"",""OG0000230-whole-famsa-floor1e-07-resolution12""]"	"[""6780022a846d37ceb58cddb7d53e0067405c928b4fc6e405cabbb0f62bd09a0c-centered-chain1"",""6780022a846d37ceb58cddb7d53e0067405c928b4fc6e405cabbb0f62bd09a0c-centered-chain2"",""6780022a846d37ceb58cddb7d53e0067405c928b4fc6e405cabbb0f62bd09a0c-centered-chain3"",""6780022a846d37ceb58cddb7d53e0067405c928b4fc6e405cabbb0f62bd09a0c-centered-chain4""]"	[20261653, 20261654, 20261655, 20261656]	4	0	0	500	diagnostics_complete_requires_mixing_review	500	50	37	0	37	0	0	4	0	1	3	0	63296	1999	0	24262	39034	0	1978	21	0
6780022a846d37ceb58cddb7d53e0067405c928b4fc6e405cabbb0f62bd09a0c-package	6780022a846d37ceb58cddb7d53e0067405c928b4fc6e405cabbb0f62bd09a0c	package	OG0000230	24	"[""OG0000230-whole-mafft-floor1e-07-resolution12"",""OG0000230-whole-famsa-floor1e-07-resolution12""]"	"[""6780022a846d37ceb58cddb7d53e0067405c928b4fc6e405cabbb0f62bd09a0c-package-chain1"",""6780022a846d37ceb58cddb7d53e0067405c928b4fc6e405cabbb0f62bd09a0c-package-chain2"",""6780022a846d37ceb58cddb7d53e0067405c928b4fc6e405cabbb0f62bd09a0c-package-chain3"",""6780022a846d37ceb58cddb7d53e0067405c928b4fc6e405cabbb0f62bd09a0c-package-chain4""]"	[20261657, 20261658, 20261659, 20261660]	4	0	0	250	diagnostics_complete_requires_mixing_review	750	75	37	1	36	0	0	4	0	1	3	0	63296	2049	0	26206	37090	0	2028	21	0
6780022a846d37ceb58cddb7d53e0067405c928b4fc6e405cabbb0f62bd09a0c-package	6780022a846d37ceb58cddb7d53e0067405c928b4fc6e405cabbb0f62bd09a0c	package	OG0000230	24	"[""OG0000230-whole-mafft-floor1e-07-resolution12"",""OG0000230-whole-famsa-floor1e-07-resolution12""]"	"[""6780022a846d37ceb58cddb7d53e0067405c928b4fc6e405cabbb0f62bd09a0c-package-chain1"",""6780022a846d37ceb58cddb7d53e0067405c928b4fc6e405cabbb0f62bd09a0c-package-chain2"",""6780022a846d37ceb58cddb7d53e0067405c928b4fc6e405cabbb0f62bd09a0c-package-chain3"",""6780022a846d37ceb58cddb7d53e0067405c928b4fc6e405cabbb0f62bd09a0c-package-chain4""]"	[20261657, 20261658, 20261659, 20261660]	4	0	0	500	diagnostics_complete_requires_mixing_review	500	50	37	1	36	0	0	4	0	1	3	0	63296	1887	0	24056	39240	0	1866	21	0
6be9338ed7273a20108313eb8cab3b6c8959d555496822a1c5a7525ba222b58f-broad	6be9338ed7273a20108313eb8cab3b6c8959d555496822a1c5a7525ba222b58f	broad	OG0000230	24	"[""OG0000230-alignment-mafft-floor1e-09-resolution11"",""OG0000230-alignment-famsa-floor1e-09-resolution11""]"	"[""6be9338ed7273a20108313eb8cab3b6c8959d555496822a1c5a7525ba222b58f-broad-chain1"",""6be9338ed7273a20108313eb8cab3b6c8959d555496822a1c5a7525ba222b58f-broad-chain2"",""6be9338ed7273a20108313eb8cab3b6c8959d555496822a1c5a7525ba222b58f-broad-chain3"",""6be9338ed7273a20108313eb8cab3b6c8959d555496822a1c5a7525ba222b58f-broad-chain4""]"	[20261661, 20261662, 20261663, 20261664]	4	0	0	250	diagnostics_complete_requires_mixing_review	750	75	37	18	19	0	0	4	0	0	4	0	10924	416	0	5334	5590	0	396	20	0
6be9338ed7273a20108313eb8cab3b6c8959d555496822a1c5a7525ba222b58f-broad	6be9338ed7273a20108313eb8cab3b6c8959d555496822a1c5a7525ba222b58f	broad	OG0000230	24	"[""OG0000230-alignment-mafft-floor1e-09-resolution11"",""OG0000230-alignment-famsa-floor1e-09-resolution11""]"	"[""6be9338ed7273a20108313eb8cab3b6c8959d555496822a1c5a7525ba222b58f-broad-chain1"",""6be9338ed7273a20108313eb8cab3b6c8959d555496822a1c5a7525ba222b58f-broad-chain2"",""6be9338ed7273a20108313eb8cab3b6c8959d555496822a1c5a7525ba222b58f-broad-chain3"",""6be9338ed7273a20108313eb8cab3b6c8959d555496822a1c5a7525ba222b58f-broad-chain4""]"	[20261661, 20261662, 20261663, 20261664]	4	0	0	500	diagnostics_complete_requires_mixing_review	500	50	37	11	26	0	0	4	0	0	4	0	10924	333	0	4897	6027	0	313	20	0
6be9338ed7273a20108313eb8cab3b6c8959d555496822a1c5a7525ba222b58f-centered	6be9338ed7273a20108313eb8cab3b6c8959d555496822a1c5a7525ba222b58f	centered	OG0000230	24	"[""OG0000230-alignment-mafft-floor1e-09-resolution11"",""OG0000230-alignment-famsa-floor1e-09-resolution11""]"	"[""6be9338ed7273a20108313eb8cab3b6c8959d555496822a1c5a7525ba222b58f-centered-chain1"",""6be9338ed7273a20108313eb8cab3b6c8959d555496822a1c5a7525ba222b58f-centered-chain2"",""6be9338ed7273a20108313eb8cab3b6c8959d555496822a1c5a7525ba222b58f-centered-chain3"",""6be9338ed7273a20108313eb8cab3b6c8959d555496822a1c5a7525ba222b58f-centered-chain4""]"	[20261665, 20261666, 20261667, 20261668]	4	0	0	250	diagnostics_complete_requires_mixing_review	750	75	37	3	34	0	0	4	0	0	4	0	10924	420	0	5477	5447	0	400	20	0
6be9338ed7273a20108313eb8cab3b6c8959d555496822a1c5a7525ba222b58f-centered	6be9338ed7273a20108313eb8cab3b6c8959d555496822a1c5a7525ba222b58f	centered	OG0000230	24	"[""OG0000230-alignment-mafft-floor1e-09-resolution11"",""OG0000230-alignment-famsa-floor1e-09-resolution11""]"	"[""6be9338ed7273a20108313eb8cab3b6c8959d555496822a1c5a7525ba222b58f-centered-chain1"",""6be9338ed7273a20108313eb8cab3b6c8959d555496822a1c5a7525ba222b58f-centered-chain2"",""6be9338ed7273a20108313eb8cab3b6c8959d555496822a1c5a7525ba222b58f-centered-chain3"",""6be9338ed7273a20108313eb8cab3b6c8959d555496822a1c5a7525ba222b58f-centered-chain4""]"	[20261665, 20261666, 20261667, 20261668]	4	0	0	500	diagnostics_complete_requires_mixing_review	500	50	37	1	36	0	0	4	0	0	4	0	10924	377	0	4899	6025	0	357	20	0
6be9338ed7273a20108313eb8cab3b6c8959d555496822a1c5a7525ba222b58f-package	6be9338ed7273a20108313eb8cab3b6c8959d555496822a1c5a7525ba222b58f	package	OG0000230	24	"[""OG0000230-alignment-mafft-floor1e-09-resolution11"",""OG0000230-alignment-famsa-floor1e-09-resolution11""]"	"[""6be9338ed7273a20108313eb8cab3b6c8959d555496822a1c5a7525ba222b58f-package-chain1"",""6be9338ed7273a20108313eb8cab3b6c8959d555496822a1c5a7525ba222b58f-package-chain2"",""6be9338ed7273a20108313eb8cab3b6c8959d555496822a1c5a7525ba222b58f-package-chain3"",""6be9338ed7273a20108313eb8cab3b6c8959d555496822a1c5a7525ba222b58f-package-chain4""]"	[20261669, 20261670, 20261671, 20261672]	4	0	0	250	diagnostics_complete_requires_mixing_review	750	75	37	5	32	0	0	4	0	0	4	0	10924	452	0	6357	4567	0	432	20	0
6be9338ed7273a20108313eb8cab3b6c8959d555496822a1c5a7525ba222b58f-package	6be9338ed7273a20108313eb8cab3b6c8959d555496822a1c5a7525ba222b58f	package	OG0000230	24	"[""OG0000230-alignment-mafft-floor1e-09-resolution11"",""OG0000230-alignment-famsa-floor1e-09-resolution11""]"	"[""6be9338ed7273a20108313eb8cab3b6c8959d555496822a1c5a7525ba222b58f-package-chain1"",""6be9338ed7273a20108313eb8cab3b6c8959d555496822a1c5a7525ba222b58f-package-chain2"",""6be9338ed7273a20108313eb8cab3b6c8959d555496822a1c5a7525ba222b58f-package-chain3"",""6be9338ed7273a20108313eb8cab3b6c8959d555496822a1c5a7525ba222b58f-package-chain4""]"	[20261669, 20261670, 20261671, 20261672]	4	0	0	500	diagnostics_complete_requires_mixing_review	500	50	37	10	27	0	0	4	0	0	4	0	10924	407	0	5820	5104	0	387	20	0
6e2c9236ee2a9f0ca9b109da301c6b2e0fc5ed7abcd0d873af8b147bf317536a-broad	6e2c9236ee2a9f0ca9b109da301c6b2e0fc5ed7abcd0d873af8b147bf317536a	broad	OG0000230	24	"[""OG0000230-alignment-mafft-floor1e-07-resolution9"",""OG0000230-alignment-famsa-floor1e-07-resolution9""]"	"[""6e2c9236ee2a9f0ca9b109da301c6b2e0fc5ed7abcd0d873af8b147bf317536a-broad-chain1"",""6e2c9236ee2a9f0ca9b109da301c6b2e0fc5ed7abcd0d873af8b147bf317536a-broad-chain2"",""6e2c9236ee2a9f0ca9b109da301c6b2e0fc5ed7abcd0d873af8b147bf317536a-broad-chain3"",""6e2c9236ee2a9f0ca9b109da301c6b2e0fc5ed7abcd0d873af8b147bf317536a-broad-chain4""]"	[20261673, 20261674, 20261675, 20261676]	4	0	0	250	diagnostics_complete_requires_mixing_review	750	75	37	1	36	0	0	4	0	0	4	0	10924	411	0	5637	5287	0	391	20	0
6e2c9236ee2a9f0ca9b109da301c6b2e0fc5ed7abcd0d873af8b147bf317536a-broad	6e2c9236ee2a9f0ca9b109da301c6b2e0fc5ed7abcd0d873af8b147bf317536a	broad	OG0000230	24	"[""OG0000230-alignment-mafft-floor1e-07-resolution9"",""OG0000230-alignment-famsa-floor1e-07-resolution9""]"	"[""6e2c9236ee2a9f0ca9b109da301c6b2e0fc5ed7abcd0d873af8b147bf317536a-broad-chain1"",""6e2c9236ee2a9f0ca9b109da301c6b2e0fc5ed7abcd0d873af8b147bf317536a-broad-chain2"",""6e2c9236ee2a9f0ca9b109da301c6b2e0fc5ed7abcd0d873af8b147bf317536a-broad-chain3"",""6e2c9236ee2a9f0ca9b109da301c6b2e0fc5ed7abcd0d873af8b147bf317536a-broad-chain4""]"	[20261673, 20261674, 20261675, 20261676]	4	0	0	500	diagnostics_complete_requires_mixing_review	500	50	37	1	36	0	0	4	0	0	4	0	10924	376	0	5301	5623	0	356	20	0
6e2c9236ee2a9f0ca9b109da301c6b2e0fc5ed7abcd0d873af8b147bf317536a-centered	6e2c9236ee2a9f0ca9b109da301c6b2e0fc5ed7abcd0d873af8b147bf317536a	centered	OG0000230	24	"[""OG0000230-alignment-mafft-floor1e-07-resolution9"",""OG0000230-alignment-famsa-floor1e-07-resolution9""]"	"[""6e2c9236ee2a9f0ca9b109da301c6b2e0fc5ed7abcd0d873af8b147bf317536a-centered-chain1"",""6e2c9236ee2a9f0ca9b109da301c6b2e0fc5ed7abcd0d873af8b147bf317536a-centered-chain2"",""6e2c9236ee2a9f0ca9b109da301c6b2e0fc5ed7abcd0d873af8b147bf317536a-centered-chain3"",""6e2c9236ee2a9f0ca9b109da301c6b2e0fc5ed7abcd0d873af8b147bf317536a-centered-chain4""]"	[20261677, 20261678, 20261679, 20261680]	4	0	0	250	diagnostics_complete_requires_mixing_review	750	75	37	18	19	0	0	4	0	0	4	0	10924	454	0	5688	5236	0	434	20	0
6e2c9236ee2a9f0ca9b109da301c6b2e0fc5ed7abcd0d873af8b147bf317536a-centered	6e2c9236ee2a9f0ca9b109da301c6b2e0fc5ed7abcd0d873af8b147bf317536a	centered	OG0000230	24	"[""OG0000230-alignment-mafft-floor1e-07-resolution9"",""OG0000230-alignment-famsa-floor1e-07-resolution9""]"	"[""6e2c9236ee2a9f0ca9b109da301c6b2e0fc5ed7abcd0d873af8b147bf317536a-centered-chain1"",""6e2c9236ee2a9f0ca9b109da301c6b2e0fc5ed7abcd0d873af8b147bf317536a-centered-chain2"",""6e2c9236ee2a9f0ca9b109da301c6b2e0fc5ed7abcd0d873af8b147bf317536a-centered-chain3"",""6e2c9236ee2a9f0ca9b109da301c6b2e0fc5ed7abcd0d873af8b147bf317536a-centered-chain4""]"	[20261677, 20261678, 20261679, 20261680]	4	0	0	500	diagnostics_complete_requires_mixing_review	500	50	37	12	25	0	0	4	0	0	4	0	10924	429	0	5350	5574	0	409	20	0
6e2c9236ee2a9f0ca9b109da301c6b2e0fc5ed7abcd0d873af8b147bf317536a-package	6e2c9236ee2a9f0ca9b109da301c6b2e0fc5ed7abcd0d873af8b147bf317536a	package	OG0000230	24	"[""OG0000230-alignment-mafft-floor1e-07-resolution9"",""OG0000230-alignment-famsa-floor1e-07-resolution9""]"	"[""6e2c9236ee2a9f0ca9b109da301c6b2e0fc5ed7abcd0d873af8b147bf317536a-package-chain1"",""6e2c9236ee2a9f0ca9b109da301c6b2e0fc5ed7abcd0d873af8b147bf317536a-package-chain2"",""6e2c9236ee2a9f0ca9b109da301c6b2e0fc5ed7abcd0d873af8b147bf317536a-package-chain3"",""6e2c9236ee2a9f0ca9b109da301c6b2e0fc5ed7abcd0d873af8b147bf317536a-package-chain4""]"	[20261681, 20261682, 20261683, 20261684]	4	0	0	250	diagnostics_complete_requires_mixing_review	750	75	37	6	31	0	0	4	0	0	4	0	10924	424	0	5185	5739	0	404	20	0
6e2c9236ee2a9f0ca9b109da301c6b2e0fc5ed7abcd0d873af8b147bf317536a-package	6e2c9236ee2a9f0ca9b109da301c6b2e0fc5ed7abcd0d873af8b147bf317536a	package	OG0000230	24	"[""OG0000230-alignment-mafft-floor1e-07-resolution9"",""OG0000230-alignment-famsa-floor1e-07-resolution9""]"	"[""6e2c9236ee2a9f0ca9b109da301c6b2e0fc5ed7abcd0d873af8b147bf317536a-package-chain1"",""6e2c9236ee2a9f0ca9b109da301c6b2e0fc5ed7abcd0d873af8b147bf317536a-package-chain2"",""6e2c9236ee2a9f0ca9b109da301c6b2e0fc5ed7abcd0d873af8b147bf317536a-package-chain3"",""6e2c9236ee2a9f0ca9b109da301c6b2e0fc5ed7abcd0d873af8b147bf317536a-package-chain4""]"	[20261681, 20261682, 20261683, 20261684]	4	0	0	500	diagnostics_complete_requires_mixing_review	500	50	37	8	29	0	0	4	0	0	4	0	10924	375	0	4737	6187	0	355	20	0
6f43d6e4137e9bbecbc76a034ede845ac0801c61b4362643b63aeb97cae91f91-broad	6f43d6e4137e9bbecbc76a034ede845ac0801c61b4362643b63aeb97cae91f91	broad	OG0000230	24	"[""OG0000230-alignment-mafft-floor1e-09-resolution5"",""OG0000230-alignment-famsa-floor1e-09-resolution5""]"	"[""6f43d6e4137e9bbecbc76a034ede845ac0801c61b4362643b63aeb97cae91f91-broad-chain1"",""6f43d6e4137e9bbecbc76a034ede845ac0801c61b4362643b63aeb97cae91f91-broad-chain2"",""6f43d6e4137e9bbecbc76a034ede845ac0801c61b4362643b63aeb97cae91f91-broad-chain3"",""6f43d6e4137e9bbecbc76a034ede845ac0801c61b4362643b63aeb97cae91f91-broad-chain4""]"	[20261685, 20261686, 20261687, 20261688]	4	0	0	250	diagnostics_complete_requires_mixing_review	750	75	37	4	33	0	0	4	0	0	4	0	10924	438	0	5566	5358	0	418	20	0
6f43d6e4137e9bbecbc76a034ede845ac0801c61b4362643b63aeb97cae91f91-broad	6f43d6e4137e9bbecbc76a034ede845ac0801c61b4362643b63aeb97cae91f91	broad	OG0000230	24	"[""OG0000230-alignment-mafft-floor1e-09-resolution5"",""OG0000230-alignment-famsa-floor1e-09-resolution5""]"	"[""6f43d6e4137e9bbecbc76a034ede845ac0801c61b4362643b63aeb97cae91f91-broad-chain1"",""6f43d6e4137e9bbecbc76a034ede845ac0801c61b4362643b63aeb97cae91f91-broad-chain2"",""6f43d6e4137e9bbecbc76a034ede845ac0801c61b4362643b63aeb97cae91f91-broad-chain3"",""6f43d6e4137e9bbecbc76a034ede845ac0801c61b4362643b63aeb97cae91f91-broad-chain4""]"	[20261685, 20261686, 20261687, 20261688]	4	0	0	500	diagnostics_complete_requires_mixing_review	500	50	37	1	36	0	0	4	0	0	4	0	10924	386	0	5381	5543	0	366	20	0
6f43d6e4137e9bbecbc76a034ede845ac0801c61b4362643b63aeb97cae91f91-centered	6f43d6e4137e9bbecbc76a034ede845ac0801c61b4362643b63aeb97cae91f91	centered	OG0000230	24	"[""OG0000230-alignment-mafft-floor1e-09-resolution5"",""OG0000230-alignment-famsa-floor1e-09-resolution5""]"	"[""6f43d6e4137e9bbecbc76a034ede845ac0801c61b4362643b63aeb97cae91f91-centered-chain1"",""6f43d6e4137e9bbecbc76a034ede845ac0801c61b4362643b63aeb97cae91f91-centered-chain2"",""6f43d6e4137e9bbecbc76a034ede845ac0801c61b4362643b63aeb97cae91f91-centered-chain3"",""6f43d6e4137e9bbecbc76a034ede845ac0801c61b4362643b63aeb97cae91f91-centered-chain4""]"	[20261689, 20261690, 20261691, 20261692]	4	0	0	250	diagnostics_complete_requires_mixing_review	750	75	37	6	31	0	0	4	0	0	4	0	10924	445	0	5495	5429	0	425	20	0
6f43d6e4137e9bbecbc76a034ede845ac0801c61b4362643b63aeb97cae91f91-centered	6f43d6e4137e9bbecbc76a034ede845ac0801c61b4362643b63aeb97cae91f91	centered	OG0000230	24	"[""OG0000230-alignment-mafft-floor1e-09-resolution5"",""OG0000230-alignment-famsa-floor1e-09-resolution5""]"	"[""6f43d6e4137e9bbecbc76a034ede845ac0801c61b4362643b63aeb97cae91f91-centered-chain1"",""6f43d6e4137e9bbecbc76a034ede845ac0801c61b4362643b63aeb97cae91f91-centered-chain2"",""6f43d6e4137e9bbecbc76a034ede845ac0801c61b4362643b63aeb97cae91f91-centered-chain3"",""6f43d6e4137e9bbecbc76a034ede845ac0801c61b4362643b63aeb97cae91f91-centered-chain4""]"	[20261689, 20261690, 20261691, 20261692]	4	0	0	500	diagnostics_complete_requires_mixing_review	500	50	37	5	32	0	0	4	0	0	4	0	10924	394	0	5037	5887	0	374	20	0
6f43d6e4137e9bbecbc76a034ede845ac0801c61b4362643b63aeb97cae91f91-package	6f43d6e4137e9bbecbc76a034ede845ac0801c61b4362643b63aeb97cae91f91	package	OG0000230	24	"[""OG0000230-alignment-mafft-floor1e-09-resolution5"",""OG0000230-alignment-famsa-floor1e-09-resolution5""]"	"[""6f43d6e4137e9bbecbc76a034ede845ac0801c61b4362643b63aeb97cae91f91-package-chain1"",""6f43d6e4137e9bbecbc76a034ede845ac0801c61b4362643b63aeb97cae91f91-package-chain2"",""6f43d6e4137e9bbecbc76a034ede845ac0801c61b4362643b63aeb97cae91f91-package-chain3"",""6f43d6e4137e9bbecbc76a034ede845ac0801c61b4362643b63aeb97cae91f91-package-chain4""]"	[20261693, 20261694, 20261695, 20261696]	4	0	0	250	diagnostics_complete_requires_mixing_review	750	75	37	10	27	0	0	4	0	0	4	0	10924	432	0	5851	5073	0	412	20	0
6f43d6e4137e9bbecbc76a034ede845ac0801c61b4362643b63aeb97cae91f91-package	6f43d6e4137e9bbecbc76a034ede845ac0801c61b4362643b63aeb97cae91f91	package	OG0000230	24	"[""OG0000230-alignment-mafft-floor1e-09-resolution5"",""OG0000230-alignment-famsa-floor1e-09-resolution5""]"	"[""6f43d6e4137e9bbecbc76a034ede845ac0801c61b4362643b63aeb97cae91f91-package-chain1"",""6f43d6e4137e9bbecbc76a034ede845ac0801c61b4362643b63aeb97cae91f91-package-chain2"",""6f43d6e4137e9bbecbc76a034ede845ac0801c61b4362643b63aeb97cae91f91-package-chain3"",""6f43d6e4137e9bbecbc76a034ede845ac0801c61b4362643b63aeb97cae91f91-package-chain4""]"	[20261693, 20261694, 20261695, 20261696]	4	0	0	500	diagnostics_complete_requires_mixing_review	500	50	37	10	27	0	0	4	0	0	4	0	10924	395	0	5484	5440	0	375	20	0
6ff1d358d25649b75972e0ead3bd83090a7a33f226315ed5cacad2025e5e5dca-broad	6ff1d358d25649b75972e0ead3bd83090a7a33f226315ed5cacad2025e5e5dca	broad	OG0000230	24	"[""OG0000230-alignment-mafft-floor1e-07-resolution8"",""OG0000230-alignment-famsa-floor1e-07-resolution8""]"	"[""6ff1d358d25649b75972e0ead3bd83090a7a33f226315ed5cacad2025e5e5dca-broad-chain1"",""6ff1d358d25649b75972e0ead3bd83090a7a33f226315ed5cacad2025e5e5dca-broad-chain2"",""6ff1d358d25649b75972e0ead3bd83090a7a33f226315ed5cacad2025e5e5dca-broad-chain3"",""6ff1d358d25649b75972e0ead3bd83090a7a33f226315ed5cacad2025e5e5dca-broad-chain4""]"	[20261697, 20261698, 20261699, 20261700]	4	0	0	250	diagnostics_complete_requires_mixing_review	750	75	37	17	20	0	0	4	0	0	4	0	10924	422	0	5387	5537	0	402	20	0
6ff1d358d25649b75972e0ead3bd83090a7a33f226315ed5cacad2025e5e5dca-broad	6ff1d358d25649b75972e0ead3bd83090a7a33f226315ed5cacad2025e5e5dca	broad	OG0000230	24	"[""OG0000230-alignment-mafft-floor1e-07-resolution8"",""OG0000230-alignment-famsa-floor1e-07-resolution8""]"	"[""6ff1d358d25649b75972e0ead3bd83090a7a33f226315ed5cacad2025e5e5dca-broad-chain1"",""6ff1d358d25649b75972e0ead3bd83090a7a33f226315ed5cacad2025e5e5dca-broad-chain2"",""6ff1d358d25649b75972e0ead3bd83090a7a33f226315ed5cacad2025e5e5dca-broad-chain3"",""6ff1d358d25649b75972e0ead3bd83090a7a33f226315ed5cacad2025e5e5dca-broad-chain4""]"	[20261697, 20261698, 20261699, 20261700]	4	0	0	500	diagnostics_complete_requires_mixing_review	500	50	37	15	22	0	0	4	0	0	4	0	10924	386	0	5215	5709	0	366	20	0
6ff1d358d25649b75972e0ead3bd83090a7a33f226315ed5cacad2025e5e5dca-centered	6ff1d358d25649b75972e0ead3bd83090a7a33f226315ed5cacad2025e5e5dca	centered	OG0000230	24	"[""OG0000230-alignment-mafft-floor1e-07-resolution8"",""OG0000230-alignment-famsa-floor1e-07-resolution8""]"	"[""6ff1d358d25649b75972e0ead3bd83090a7a33f226315ed5cacad2025e5e5dca-centered-chain1"",""6ff1d358d25649b75972e0ead3bd83090a7a33f226315ed5cacad2025e5e5dca-centered-chain2"",""6ff1d358d25649b75972e0ead3bd83090a7a33f226315ed5cacad2025e5e5dca-centered-chain3"",""6ff1d358d25649b75972e0ead3bd83090a7a33f226315ed5cacad2025e5e5dca-centered-chain4""]"	[20261701, 20261702, 20261703, 20261704]	4	0	0	250	diagnostics_complete_requires_mixing_review	750	75	37	17	20	0	0	4	0	0	4	0	10924	446	0	5602	5322	0	426	20	0
6ff1d358d25649b75972e0ead3bd83090a7a33f226315ed5cacad2025e5e5dca-centered	6ff1d358d25649b75972e0ead3bd83090a7a33f226315ed5cacad2025e5e5dca	centered	OG0000230	24	"[""OG0000230-alignment-mafft-floor1e-07-resolution8"",""OG0000230-alignment-famsa-floor1e-07-resolution8""]"	"[""6ff1d358d25649b75972e0ead3bd83090a7a33f226315ed5cacad2025e5e5dca-centered-chain1"",""6ff1d358d25649b75972e0ead3bd83090a7a33f226315ed5cacad2025e5e5dca-centered-chain2"",""6ff1d358d25649b75972e0ead3bd83090a7a33f226315ed5cacad2025e5e5dca-centered-chain3"",""6ff1d358d25649b75972e0ead3bd83090a7a33f226315ed5cacad2025e5e5dca-centered-chain4""]"	[20261701, 20261702, 20261703, 20261704]	4	0	0	500	diagnostics_complete_requires_mixing_review	500	50	37	17	20	0	0	4	0	0	4	0	10924	396	0	5253	5671	0	376	20	0
6ff1d358d25649b75972e0ead3bd83090a7a33f226315ed5cacad2025e5e5dca-package	6ff1d358d25649b75972e0ead3bd83090a7a33f226315ed5cacad2025e5e5dca	package	OG0000230	24	"[""OG0000230-alignment-mafft-floor1e-07-resolution8"",""OG0000230-alignment-famsa-floor1e-07-resolution8""]"	"[""6ff1d358d25649b75972e0ead3bd83090a7a33f226315ed5cacad2025e5e5dca-package-chain1"",""6ff1d358d25649b75972e0ead3bd83090a7a33f226315ed5cacad2025e5e5dca-package-chain2"",""6ff1d358d25649b75972e0ead3bd83090a7a33f226315ed5cacad2025e5e5dca-package-chain3"",""6ff1d358d25649b75972e0ead3bd83090a7a33f226315ed5cacad2025e5e5dca-package-chain4""]"	[20261705, 20261706, 20261707, 20261708]	4	0	0	250	diagnostics_complete_requires_mixing_review	750	75	37	18	19	0	0	4	0	0	4	0	10924	433	0	5500	5424	0	413	20	0
6ff1d358d25649b75972e0ead3bd83090a7a33f226315ed5cacad2025e5e5dca-package	6ff1d358d25649b75972e0ead3bd83090a7a33f226315ed5cacad2025e5e5dca	package	OG0000230	24	"[""OG0000230-alignment-mafft-floor1e-07-resolution8"",""OG0000230-alignment-famsa-floor1e-07-resolution8""]"	"[""6ff1d358d25649b75972e0ead3bd83090a7a33f226315ed5cacad2025e5e5dca-package-chain1"",""6ff1d358d25649b75972e0ead3bd83090a7a33f226315ed5cacad2025e5e5dca-package-chain2"",""6ff1d358d25649b75972e0ead3bd83090a7a33f226315ed5cacad2025e5e5dca-package-chain3"",""6ff1d358d25649b75972e0ead3bd83090a7a33f226315ed5cacad2025e5e5dca-package-chain4""]"	[20261705, 20261706, 20261707, 20261708]	4	0	0	500	diagnostics_complete_requires_mixing_review	500	50	37	17	20	0	0	4	0	0	4	0	10924	347	0	5010	5914	0	327	20	0
7002c8204fdca2f86df596e136cdcc527ec356d0240f46017f439f3c9c67168e-broad	7002c8204fdca2f86df596e136cdcc527ec356d0240f46017f439f3c9c67168e	broad	OG0000336	10	"[""OG0000336-alignment-mafft-floor1e-09-resolution0"",""OG0000336-alignment-mafft-floor1e-07-resolution0"",""OG0000336-alignment-famsa-floor1e-09-resolution0"",""OG0000336-alignment-famsa-floor1e-07-resolution0""]"	"[""7002c8204fdca2f86df596e136cdcc527ec356d0240f46017f439f3c9c67168e-broad-chain1"",""7002c8204fdca2f86df596e136cdcc527ec356d0240f46017f439f3c9c67168e-broad-chain2"",""7002c8204fdca2f86df596e136cdcc527ec356d0240f46017f439f3c9c67168e-broad-chain3"",""7002c8204fdca2f86df596e136cdcc527ec356d0240f46017f439f3c9c67168e-broad-chain4""]"	[20261709, 20261710, 20261711, 20261712]	4	0	0	250	diagnostics_complete_requires_mixing_review	750	75	37	17	20	0	0	4	0	0	4	0	5472	389	0	2129	3343	0	369	20	0
7002c8204fdca2f86df596e136cdcc527ec356d0240f46017f439f3c9c67168e-broad	7002c8204fdca2f86df596e136cdcc527ec356d0240f46017f439f3c9c67168e	broad	OG0000336	10	"[""OG0000336-alignment-mafft-floor1e-09-resolution0"",""OG0000336-alignment-mafft-floor1e-07-resolution0"",""OG0000336-alignment-famsa-floor1e-09-resolution0"",""OG0000336-alignment-famsa-floor1e-07-resolution0""]"	"[""7002c8204fdca2f86df596e136cdcc527ec356d0240f46017f439f3c9c67168e-broad-chain1"",""7002c8204fdca2f86df596e136cdcc527ec356d0240f46017f439f3c9c67168e-broad-chain2"",""7002c8204fdca2f86df596e136cdcc527ec356d0240f46017f439f3c9c67168e-broad-chain3"",""7002c8204fdca2f86df596e136cdcc527ec356d0240f46017f439f3c9c67168e-broad-chain4""]"	[20261709, 20261710, 20261711, 20261712]	4	0	0	500	diagnostics_complete_requires_mixing_review	500	50	37	17	20	0	0	4	0	0	4	0	5472	370	0	2047	3425	0	350	20	0
7002c8204fdca2f86df596e136cdcc527ec356d0240f46017f439f3c9c67168e-centered	7002c8204fdca2f86df596e136cdcc527ec356d0240f46017f439f3c9c67168e	centered	OG0000336	10	"[""OG0000336-alignment-mafft-floor1e-09-resolution0"",""OG0000336-alignment-mafft-floor1e-07-resolution0"",""OG0000336-alignment-famsa-floor1e-09-resolution0"",""OG0000336-alignment-famsa-floor1e-07-resolution0""]"	"[""7002c8204fdca2f86df596e136cdcc527ec356d0240f46017f439f3c9c67168e-centered-chain1"",""7002c8204fdca2f86df596e136cdcc527ec356d0240f46017f439f3c9c67168e-centered-chain2"",""7002c8204fdca2f86df596e136cdcc527ec356d0240f46017f439f3c9c67168e-centered-chain3"",""7002c8204fdca2f86df596e136cdcc527ec356d0240f46017f439f3c9c67168e-centered-chain4""]"	[20261713, 20261714, 20261715, 20261716]	4	0	0	250	diagnostics_complete_requires_mixing_review	750	75	37	17	20	0	0	4	0	0	4	0	5472	405	0	2185	3287	0	385	20	0
7002c8204fdca2f86df596e136cdcc527ec356d0240f46017f439f3c9c67168e-centered	7002c8204fdca2f86df596e136cdcc527ec356d0240f46017f439f3c9c67168e	centered	OG0000336	10	"[""OG0000336-alignment-mafft-floor1e-09-resolution0"",""OG0000336-alignment-mafft-floor1e-07-resolution0"",""OG0000336-alignment-famsa-floor1e-09-resolution0"",""OG0000336-alignment-famsa-floor1e-07-resolution0""]"	"[""7002c8204fdca2f86df596e136cdcc527ec356d0240f46017f439f3c9c67168e-centered-chain1"",""7002c8204fdca2f86df596e136cdcc527ec356d0240f46017f439f3c9c67168e-centered-chain2"",""7002c8204fdca2f86df596e136cdcc527ec356d0240f46017f439f3c9c67168e-centered-chain3"",""7002c8204fdca2f86df596e136cdcc527ec356d0240f46017f439f3c9c67168e-centered-chain4""]"	[20261713, 20261714, 20261715, 20261716]	4	0	0	500	diagnostics_complete_requires_mixing_review	500	50	37	17	20	0	0	4	0	0	4	0	5472	366	0	2063	3409	0	346	20	0
7002c8204fdca2f86df596e136cdcc527ec356d0240f46017f439f3c9c67168e-package	7002c8204fdca2f86df596e136cdcc527ec356d0240f46017f439f3c9c67168e	package	OG0000336	10	"[""OG0000336-alignment-mafft-floor1e-09-resolution0"",""OG0000336-alignment-mafft-floor1e-07-resolution0"",""OG0000336-alignment-famsa-floor1e-09-resolution0"",""OG0000336-alignment-famsa-floor1e-07-resolution0""]"	"[""7002c8204fdca2f86df596e136cdcc527ec356d0240f46017f439f3c9c67168e-package-chain1"",""7002c8204fdca2f86df596e136cdcc527ec356d0240f46017f439f3c9c67168e-package-chain2"",""7002c8204fdca2f86df596e136cdcc527ec356d0240f46017f439f3c9c67168e-package-chain3"",""7002c8204fdca2f86df596e136cdcc527ec356d0240f46017f439f3c9c67168e-package-chain4""]"	[20261717, 20261718, 20261719, 20261720]	4	0	0	250	diagnostics_complete_requires_mixing_review	750	75	37	17	20	0	0	4	0	0	4	0	5472	414	0	2136	3336	0	394	20	0
7002c8204fdca2f86df596e136cdcc527ec356d0240f46017f439f3c9c67168e-package	7002c8204fdca2f86df596e136cdcc527ec356d0240f46017f439f3c9c67168e	package	OG0000336	10	"[""OG0000336-alignment-mafft-floor1e-09-resolution0"",""OG0000336-alignment-mafft-floor1e-07-resolution0"",""OG0000336-alignment-famsa-floor1e-09-resolution0"",""OG0000336-alignment-famsa-floor1e-07-resolution0""]"	"[""7002c8204fdca2f86df596e136cdcc527ec356d0240f46017f439f3c9c67168e-package-chain1"",""7002c8204fdca2f86df596e136cdcc527ec356d0240f46017f439f3c9c67168e-package-chain2"",""7002c8204fdca2f86df596e136cdcc527ec356d0240f46017f439f3c9c67168e-package-chain3"",""7002c8204fdca2f86df596e136cdcc527ec356d0240f46017f439f3c9c67168e-package-chain4""]"	[20261717, 20261718, 20261719, 20261720]	4	0	0	500	diagnostics_complete_requires_mixing_review	500	50	37	17	20	0	0	4	0	0	4	0	5472	385	0	2056	3416	0	365	20	0
71bd3c35cd9f5b01351bcc2ae5a480c1df2c63720466309b95ebcfeaeb0d6a7b-broad	71bd3c35cd9f5b01351bcc2ae5a480c1df2c63720466309b95ebcfeaeb0d6a7b	broad	OG0000230	24	"[""OG0000230-whole-mafft-floor1e-07-resolution5"",""OG0000230-whole-famsa-floor1e-07-resolution5""]"	"[""71bd3c35cd9f5b01351bcc2ae5a480c1df2c63720466309b95ebcfeaeb0d6a7b-broad-chain1"",""71bd3c35cd9f5b01351bcc2ae5a480c1df2c63720466309b95ebcfeaeb0d6a7b-broad-chain2"",""71bd3c35cd9f5b01351bcc2ae5a480c1df2c63720466309b95ebcfeaeb0d6a7b-broad-chain3"",""71bd3c35cd9f5b01351bcc2ae5a480c1df2c63720466309b95ebcfeaeb0d6a7b-broad-chain4""]"	[20261721, 20261722, 20261723, 20261724]	4	0	0	250	diagnostics_complete_requires_mixing_review	750	75	37	2	35	0	0	4	0	1	3	0	63296	2159	0	27872	35424	0	2138	21	0
71bd3c35cd9f5b01351bcc2ae5a480c1df2c63720466309b95ebcfeaeb0d6a7b-broad	71bd3c35cd9f5b01351bcc2ae5a480c1df2c63720466309b95ebcfeaeb0d6a7b	broad	OG0000230	24	"[""OG0000230-whole-mafft-floor1e-07-resolution5"",""OG0000230-whole-famsa-floor1e-07-resolution5""]"	"[""71bd3c35cd9f5b01351bcc2ae5a480c1df2c63720466309b95ebcfeaeb0d6a7b-broad-chain1"",""71bd3c35cd9f5b01351bcc2ae5a480c1df2c63720466309b95ebcfeaeb0d6a7b-broad-chain2"",""71bd3c35cd9f5b01351bcc2ae5a480c1df2c63720466309b95ebcfeaeb0d6a7b-broad-chain3"",""71bd3c35cd9f5b01351bcc2ae5a480c1df2c63720466309b95ebcfeaeb0d6a7b-broad-chain4""]"	[20261721, 20261722, 20261723, 20261724]	4	0	0	500	diagnostics_complete_requires_mixing_review	500	50	37	1	36	0	0	4	0	1	3	0	63296	1908	0	25941	37355	0	1887	21	0
71bd3c35cd9f5b01351bcc2ae5a480c1df2c63720466309b95ebcfeaeb0d6a7b-centered	71bd3c35cd9f5b01351bcc2ae5a480c1df2c63720466309b95ebcfeaeb0d6a7b	centered	OG0000230	24	"[""OG0000230-whole-mafft-floor1e-07-resolution5"",""OG0000230-whole-famsa-floor1e-07-resolution5""]"	"[""71bd3c35cd9f5b01351bcc2ae5a480c1df2c63720466309b95ebcfeaeb0d6a7b-centered-chain1"",""71bd3c35cd9f5b01351bcc2ae5a480c1df2c63720466309b95ebcfeaeb0d6a7b-centered-chain2"",""71bd3c35cd9f5b01351bcc2ae5a480c1df2c63720466309b95ebcfeaeb0d6a7b-centered-chain3"",""71bd3c35cd9f5b01351bcc2ae5a480c1df2c63720466309b95ebcfeaeb0d6a7b-centered-chain4""]"	[20261725, 20261726, 20261727, 20261728]	4	0	0	250	diagnostics_complete_requires_mixing_review	750	75	37	2	35	0	0	4	0	1	3	0	63296	2169	0	27799	35497	0	2148	21	0
71bd3c35cd9f5b01351bcc2ae5a480c1df2c63720466309b95ebcfeaeb0d6a7b-centered	71bd3c35cd9f5b01351bcc2ae5a480c1df2c63720466309b95ebcfeaeb0d6a7b	centered	OG0000230	24	"[""OG0000230-whole-mafft-floor1e-07-resolution5"",""OG0000230-whole-famsa-floor1e-07-resolution5""]"	"[""71bd3c35cd9f5b01351bcc2ae5a480c1df2c63720466309b95ebcfeaeb0d6a7b-centered-chain1"",""71bd3c35cd9f5b01351bcc2ae5a480c1df2c63720466309b95ebcfeaeb0d6a7b-centered-chain2"",""71bd3c35cd9f5b01351bcc2ae5a480c1df2c63720466309b95ebcfeaeb0d6a7b-centered-chain3"",""71bd3c35cd9f5b01351bcc2ae5a480c1df2c63720466309b95ebcfeaeb0d6a7b-centered-chain4""]"	[20261725, 20261726, 20261727, 20261728]	4	0	0	500	diagnostics_complete_requires_mixing_review	500	50	37	1	36	0	0	4	0	1	3	0	63296	2009	0	26805	36491	0	1988	21	0
71bd3c35cd9f5b01351bcc2ae5a480c1df2c63720466309b95ebcfeaeb0d6a7b-package	71bd3c35cd9f5b01351bcc2ae5a480c1df2c63720466309b95ebcfeaeb0d6a7b	package	OG0000230	24	"[""OG0000230-whole-mafft-floor1e-07-resolution5"",""OG0000230-whole-famsa-floor1e-07-resolution5""]"	"[""71bd3c35cd9f5b01351bcc2ae5a480c1df2c63720466309b95ebcfeaeb0d6a7b-package-chain1"",""71bd3c35cd9f5b01351bcc2ae5a480c1df2c63720466309b95ebcfeaeb0d6a7b-package-chain2"",""71bd3c35cd9f5b01351bcc2ae5a480c1df2c63720466309b95ebcfeaeb0d6a7b-package-chain3"",""71bd3c35cd9f5b01351bcc2ae5a480c1df2c63720466309b95ebcfeaeb0d6a7b-package-chain4""]"	[20261729, 20261730, 20261731, 20261732]	4	0	0	250	diagnostics_complete_requires_mixing_review	750	75	37	1	36	0	0	4	0	1	3	0	63296	2186	0	27449	35847	0	2165	21	0
71bd3c35cd9f5b01351bcc2ae5a480c1df2c63720466309b95ebcfeaeb0d6a7b-package	71bd3c35cd9f5b01351bcc2ae5a480c1df2c63720466309b95ebcfeaeb0d6a7b	package	OG0000230	24	"[""OG0000230-whole-mafft-floor1e-07-resolution5"",""OG0000230-whole-famsa-floor1e-07-resolution5""]"	"[""71bd3c35cd9f5b01351bcc2ae5a480c1df2c63720466309b95ebcfeaeb0d6a7b-package-chain1"",""71bd3c35cd9f5b01351bcc2ae5a480c1df2c63720466309b95ebcfeaeb0d6a7b-package-chain2"",""71bd3c35cd9f5b01351bcc2ae5a480c1df2c63720466309b95ebcfeaeb0d6a7b-package-chain3"",""71bd3c35cd9f5b01351bcc2ae5a480c1df2c63720466309b95ebcfeaeb0d6a7b-package-chain4""]"	[20261729, 20261730, 20261731, 20261732]	4	0	0	500	diagnostics_complete_requires_mixing_review	500	50	37	0	37	0	0	4	0	1	3	0	63296	2112	0	26545	36751	0	2091	21	0
79d5f6a895f223e056d7e9e145c6166e9fa8e4b6ecd5f327ae05087297deb8cb-broad	79d5f6a895f223e056d7e9e145c6166e9fa8e4b6ecd5f327ae05087297deb8cb	broad	OG0000230	24	"[""OG0000230-envelope-mafft-floor1e-07-resolution8"",""OG0000230-envelope-famsa-floor1e-07-resolution8""]"	"[""79d5f6a895f223e056d7e9e145c6166e9fa8e4b6ecd5f327ae05087297deb8cb-broad-chain1"",""79d5f6a895f223e056d7e9e145c6166e9fa8e4b6ecd5f327ae05087297deb8cb-broad-chain2"",""79d5f6a895f223e056d7e9e145c6166e9fa8e4b6ecd5f327ae05087297deb8cb-broad-chain3"",""79d5f6a895f223e056d7e9e145c6166e9fa8e4b6ecd5f327ae05087297deb8cb-broad-chain4""]"	[20261733, 20261734, 20261735, 20261736]	4	0	0	250	diagnostics_complete_requires_mixing_review	750	75	37	17	20	0	0	4	0	1	3	0	11132	336	0	4796	6336	0	316	20	0
79d5f6a895f223e056d7e9e145c6166e9fa8e4b6ecd5f327ae05087297deb8cb-broad	79d5f6a895f223e056d7e9e145c6166e9fa8e4b6ecd5f327ae05087297deb8cb	broad	OG0000230	24	"[""OG0000230-envelope-mafft-floor1e-07-resolution8"",""OG0000230-envelope-famsa-floor1e-07-resolution8""]"	"[""79d5f6a895f223e056d7e9e145c6166e9fa8e4b6ecd5f327ae05087297deb8cb-broad-chain1"",""79d5f6a895f223e056d7e9e145c6166e9fa8e4b6ecd5f327ae05087297deb8cb-broad-chain2"",""79d5f6a895f223e056d7e9e145c6166e9fa8e4b6ecd5f327ae05087297deb8cb-broad-chain3"",""79d5f6a895f223e056d7e9e145c6166e9fa8e4b6ecd5f327ae05087297deb8cb-broad-chain4""]"	[20261733, 20261734, 20261735, 20261736]	4	0	0	500	diagnostics_complete_requires_mixing_review	500	50	37	14	23	0	0	4	0	1	3	0	11132	313	0	4464	6668	0	293	20	0
79d5f6a895f223e056d7e9e145c6166e9fa8e4b6ecd5f327ae05087297deb8cb-centered	79d5f6a895f223e056d7e9e145c6166e9fa8e4b6ecd5f327ae05087297deb8cb	centered	OG0000230	24	"[""OG0000230-envelope-mafft-floor1e-07-resolution8"",""OG0000230-envelope-famsa-floor1e-07-resolution8""]"	"[""79d5f6a895f223e056d7e9e145c6166e9fa8e4b6ecd5f327ae05087297deb8cb-centered-chain1"",""79d5f6a895f223e056d7e9e145c6166e9fa8e4b6ecd5f327ae05087297deb8cb-centered-chain2"",""79d5f6a895f223e056d7e9e145c6166e9fa8e4b6ecd5f327ae05087297deb8cb-centered-chain3"",""79d5f6a895f223e056d7e9e145c6166e9fa8e4b6ecd5f327ae05087297deb8cb-centered-chain4""]"	[20261737, 20261738, 20261739, 20261740]	4	0	0	250	diagnostics_complete_requires_mixing_review	750	75	37	17	20	0	0	4	0	1	3	0	11132	308	0	4558	6574	0	288	20	0
79d5f6a895f223e056d7e9e145c6166e9fa8e4b6ecd5f327ae05087297deb8cb-centered	79d5f6a895f223e056d7e9e145c6166e9fa8e4b6ecd5f327ae05087297deb8cb	centered	OG0000230	24	"[""OG0000230-envelope-mafft-floor1e-07-resolution8"",""OG0000230-envelope-famsa-floor1e-07-resolution8""]"	"[""79d5f6a895f223e056d7e9e145c6166e9fa8e4b6ecd5f327ae05087297deb8cb-centered-chain1"",""79d5f6a895f223e056d7e9e145c6166e9fa8e4b6ecd5f327ae05087297deb8cb-centered-chain2"",""79d5f6a895f223e056d7e9e145c6166e9fa8e4b6ecd5f327ae05087297deb8cb-centered-chain3"",""79d5f6a895f223e056d7e9e145c6166e9fa8e4b6ecd5f327ae05087297deb8cb-centered-chain4""]"	[20261737, 20261738, 20261739, 20261740]	4	0	0	500	diagnostics_complete_requires_mixing_review	500	50	37	17	20	0	0	4	0	1	3	0	11132	286	0	4290	6842	0	266	20	0
79d5f6a895f223e056d7e9e145c6166e9fa8e4b6ecd5f327ae05087297deb8cb-package	79d5f6a895f223e056d7e9e145c6166e9fa8e4b6ecd5f327ae05087297deb8cb	package	OG0000230	24	"[""OG0000230-envelope-mafft-floor1e-07-resolution8"",""OG0000230-envelope-famsa-floor1e-07-resolution8""]"	"[""79d5f6a895f223e056d7e9e145c6166e9fa8e4b6ecd5f327ae05087297deb8cb-package-chain1"",""79d5f6a895f223e056d7e9e145c6166e9fa8e4b6ecd5f327ae05087297deb8cb-package-chain2"",""79d5f6a895f223e056d7e9e145c6166e9fa8e4b6ecd5f327ae05087297deb8cb-package-chain3"",""79d5f6a895f223e056d7e9e145c6166e9fa8e4b6ecd5f327ae05087297deb8cb-package-chain4""]"	[20261741, 20261742, 20261743, 20261744]	4	0	0	250	diagnostics_complete_requires_mixing_review	750	75	37	17	20	0	0	4	0	1	3	0	11132	330	0	4740	6392	0	310	20	0
79d5f6a895f223e056d7e9e145c6166e9fa8e4b6ecd5f327ae05087297deb8cb-package	79d5f6a895f223e056d7e9e145c6166e9fa8e4b6ecd5f327ae05087297deb8cb	package	OG0000230	24	"[""OG0000230-envelope-mafft-floor1e-07-resolution8"",""OG0000230-envelope-famsa-floor1e-07-resolution8""]"	"[""79d5f6a895f223e056d7e9e145c6166e9fa8e4b6ecd5f327ae05087297deb8cb-package-chain1"",""79d5f6a895f223e056d7e9e145c6166e9fa8e4b6ecd5f327ae05087297deb8cb-package-chain2"",""79d5f6a895f223e056d7e9e145c6166e9fa8e4b6ecd5f327ae05087297deb8cb-package-chain3"",""79d5f6a895f223e056d7e9e145c6166e9fa8e4b6ecd5f327ae05087297deb8cb-package-chain4""]"	[20261741, 20261742, 20261743, 20261744]	4	0	0	500	diagnostics_complete_requires_mixing_review	500	50	37	17	20	0	0	4	0	1	3	0	11132	288	0	4506	6626	0	268	20	0
7af5846938eaf392d31fd38852dd1fc2f15c7a1a30632408be9af08ab9dc85ad-broad	7af5846938eaf392d31fd38852dd1fc2f15c7a1a30632408be9af08ab9dc85ad	broad	OG0000230	24	"[""OG0000230-alignment-mafft-floor1e-09-resolution1"",""OG0000230-alignment-famsa-floor1e-09-resolution1""]"	"[""7af5846938eaf392d31fd38852dd1fc2f15c7a1a30632408be9af08ab9dc85ad-broad-chain1"",""7af5846938eaf392d31fd38852dd1fc2f15c7a1a30632408be9af08ab9dc85ad-broad-chain2"",""7af5846938eaf392d31fd38852dd1fc2f15c7a1a30632408be9af08ab9dc85ad-broad-chain3"",""7af5846938eaf392d31fd38852dd1fc2f15c7a1a30632408be9af08ab9dc85ad-broad-chain4""]"	[20261745, 20261746, 20261747, 20261748]	4	0	0	250	diagnostics_complete_requires_mixing_review	750	75	37	11	26	0	0	4	0	0	4	0	10924	429	0	5694	5230	0	409	20	0
7af5846938eaf392d31fd38852dd1fc2f15c7a1a30632408be9af08ab9dc85ad-broad	7af5846938eaf392d31fd38852dd1fc2f15c7a1a30632408be9af08ab9dc85ad	broad	OG0000230	24	"[""OG0000230-alignment-mafft-floor1e-09-resolution1"",""OG0000230-alignment-famsa-floor1e-09-resolution1""]"	"[""7af5846938eaf392d31fd38852dd1fc2f15c7a1a30632408be9af08ab9dc85ad-broad-chain1"",""7af5846938eaf392d31fd38852dd1fc2f15c7a1a30632408be9af08ab9dc85ad-broad-chain2"",""7af5846938eaf392d31fd38852dd1fc2f15c7a1a30632408be9af08ab9dc85ad-broad-chain3"",""7af5846938eaf392d31fd38852dd1fc2f15c7a1a30632408be9af08ab9dc85ad-broad-chain4""]"	[20261745, 20261746, 20261747, 20261748]	4	0	0	500	diagnostics_complete_requires_mixing_review	500	50	37	12	25	0	0	4	0	0	4	0	10924	401	0	5416	5508	0	381	20	0
7af5846938eaf392d31fd38852dd1fc2f15c7a1a30632408be9af08ab9dc85ad-centered	7af5846938eaf392d31fd38852dd1fc2f15c7a1a30632408be9af08ab9dc85ad	centered	OG0000230	24	"[""OG0000230-alignment-mafft-floor1e-09-resolution1"",""OG0000230-alignment-famsa-floor1e-09-resolution1""]"	"[""7af5846938eaf392d31fd38852dd1fc2f15c7a1a30632408be9af08ab9dc85ad-centered-chain1"",""7af5846938eaf392d31fd38852dd1fc2f15c7a1a30632408be9af08ab9dc85ad-centered-chain2"",""7af5846938eaf392d31fd38852dd1fc2f15c7a1a30632408be9af08ab9dc85ad-centered-chain3"",""7af5846938eaf392d31fd38852dd1fc2f15c7a1a30632408be9af08ab9dc85ad-centered-chain4""]"	[20261749, 20261750, 20261751, 20261752]	4	0	0	250	diagnostics_complete_requires_mixing_review	750	75	37	2	35	0	0	4	0	0	4	0	10924	435	0	5422	5502	0	415	20	0
7af5846938eaf392d31fd38852dd1fc2f15c7a1a30632408be9af08ab9dc85ad-centered	7af5846938eaf392d31fd38852dd1fc2f15c7a1a30632408be9af08ab9dc85ad	centered	OG0000230	24	"[""OG0000230-alignment-mafft-floor1e-09-resolution1"",""OG0000230-alignment-famsa-floor1e-09-resolution1""]"	"[""7af5846938eaf392d31fd38852dd1fc2f15c7a1a30632408be9af08ab9dc85ad-centered-chain1"",""7af5846938eaf392d31fd38852dd1fc2f15c7a1a30632408be9af08ab9dc85ad-centered-chain2"",""7af5846938eaf392d31fd38852dd1fc2f15c7a1a30632408be9af08ab9dc85ad-centered-chain3"",""7af5846938eaf392d31fd38852dd1fc2f15c7a1a30632408be9af08ab9dc85ad-centered-chain4""]"	[20261749, 20261750, 20261751, 20261752]	4	0	0	500	diagnostics_complete_requires_mixing_review	500	50	37	1	36	0	0	4	0	0	4	0	10924	408	0	5095	5829	0	388	20	0
7af5846938eaf392d31fd38852dd1fc2f15c7a1a30632408be9af08ab9dc85ad-package	7af5846938eaf392d31fd38852dd1fc2f15c7a1a30632408be9af08ab9dc85ad	package	OG0000230	24	"[""OG0000230-alignment-mafft-floor1e-09-resolution1"",""OG0000230-alignment-famsa-floor1e-09-resolution1""]"	"[""7af5846938eaf392d31fd38852dd1fc2f15c7a1a30632408be9af08ab9dc85ad-package-chain1"",""7af5846938eaf392d31fd38852dd1fc2f15c7a1a30632408be9af08ab9dc85ad-package-chain2"",""7af5846938eaf392d31fd38852dd1fc2f15c7a1a30632408be9af08ab9dc85ad-package-chain3"",""7af5846938eaf392d31fd38852dd1fc2f15c7a1a30632408be9af08ab9dc85ad-package-chain4""]"	[20261753, 20261754, 20261755, 20261756]	4	0	0	250	diagnostics_complete_requires_mixing_review	750	75	37	2	35	0	0	4	0	0	4	0	10924	437	0	5552	5372	0	417	20	0
7af5846938eaf392d31fd38852dd1fc2f15c7a1a30632408be9af08ab9dc85ad-package	7af5846938eaf392d31fd38852dd1fc2f15c7a1a30632408be9af08ab9dc85ad	package	OG0000230	24	"[""OG0000230-alignment-mafft-floor1e-09-resolution1"",""OG0000230-alignment-famsa-floor1e-09-resolution1""]"	"[""7af5846938eaf392d31fd38852dd1fc2f15c7a1a30632408be9af08ab9dc85ad-package-chain1"",""7af5846938eaf392d31fd38852dd1fc2f15c7a1a30632408be9af08ab9dc85ad-package-chain2"",""7af5846938eaf392d31fd38852dd1fc2f15c7a1a30632408be9af08ab9dc85ad-package-chain3"",""7af5846938eaf392d31fd38852dd1fc2f15c7a1a30632408be9af08ab9dc85ad-package-chain4""]"	[20261753, 20261754, 20261755, 20261756]	4	0	0	500	diagnostics_complete_requires_mixing_review	500	50	37	1	36	0	0	4	0	0	4	0	10924	397	0	5245	5679	0	377	20	0
7b2827f936c203303cfabb2740e6217419147af4a7292fccb61ff5bd7a96762d-broad	7b2827f936c203303cfabb2740e6217419147af4a7292fccb61ff5bd7a96762d	broad	OG0001203	14	"[""OG0001203-envelope-mafft-floor1e-09-resolution0"",""OG0001203-envelope-mafft-floor1e-07-resolution0"",""OG0001203-envelope-famsa-floor1e-09-resolution0"",""OG0001203-envelope-famsa-floor1e-07-resolution0""]"	"[""7b2827f936c203303cfabb2740e6217419147af4a7292fccb61ff5bd7a96762d-broad-chain1"",""7b2827f936c203303cfabb2740e6217419147af4a7292fccb61ff5bd7a96762d-broad-chain2"",""7b2827f936c203303cfabb2740e6217419147af4a7292fccb61ff5bd7a96762d-broad-chain3"",""7b2827f936c203303cfabb2740e6217419147af4a7292fccb61ff5bd7a96762d-broad-chain4""]"	[20261757, 20261758, 20261759, 20261760]	4	0	0	250	diagnostics_complete_requires_mixing_review	750	75	37	4	33	0	0	4	0	0	4	0	4312	615	0	2691	1621	0	599	16	0
7b2827f936c203303cfabb2740e6217419147af4a7292fccb61ff5bd7a96762d-broad	7b2827f936c203303cfabb2740e6217419147af4a7292fccb61ff5bd7a96762d	broad	OG0001203	14	"[""OG0001203-envelope-mafft-floor1e-09-resolution0"",""OG0001203-envelope-mafft-floor1e-07-resolution0"",""OG0001203-envelope-famsa-floor1e-09-resolution0"",""OG0001203-envelope-famsa-floor1e-07-resolution0""]"	"[""7b2827f936c203303cfabb2740e6217419147af4a7292fccb61ff5bd7a96762d-broad-chain1"",""7b2827f936c203303cfabb2740e6217419147af4a7292fccb61ff5bd7a96762d-broad-chain2"",""7b2827f936c203303cfabb2740e6217419147af4a7292fccb61ff5bd7a96762d-broad-chain3"",""7b2827f936c203303cfabb2740e6217419147af4a7292fccb61ff5bd7a96762d-broad-chain4""]"	[20261757, 20261758, 20261759, 20261760]	4	0	0	500	diagnostics_complete_requires_mixing_review	500	50	37	3	34	0	0	4	0	0	4	0	4312	559	0	2588	1724	0	543	16	0
7b2827f936c203303cfabb2740e6217419147af4a7292fccb61ff5bd7a96762d-centered	7b2827f936c203303cfabb2740e6217419147af4a7292fccb61ff5bd7a96762d	centered	OG0001203	14	"[""OG0001203-envelope-mafft-floor1e-09-resolution0"",""OG0001203-envelope-mafft-floor1e-07-resolution0"",""OG0001203-envelope-famsa-floor1e-09-resolution0"",""OG0001203-envelope-famsa-floor1e-07-resolution0""]"	"[""7b2827f936c203303cfabb2740e6217419147af4a7292fccb61ff5bd7a96762d-centered-chain1"",""7b2827f936c203303cfabb2740e6217419147af4a7292fccb61ff5bd7a96762d-centered-chain2"",""7b2827f936c203303cfabb2740e6217419147af4a7292fccb61ff5bd7a96762d-centered-chain3"",""7b2827f936c203303cfabb2740e6217419147af4a7292fccb61ff5bd7a96762d-centered-chain4""]"	[20261761, 20261762, 20261763, 20261764]	4	0	0	250	diagnostics_complete_requires_mixing_review	750	75	37	17	20	0	0	4	0	0	4	0	4312	601	0	2787	1525	0	586	15	0
7b2827f936c203303cfabb2740e6217419147af4a7292fccb61ff5bd7a96762d-centered	7b2827f936c203303cfabb2740e6217419147af4a7292fccb61ff5bd7a96762d	centered	OG0001203	14	"[""OG0001203-envelope-mafft-floor1e-09-resolution0"",""OG0001203-envelope-mafft-floor1e-07-resolution0"",""OG0001203-envelope-famsa-floor1e-09-resolution0"",""OG0001203-envelope-famsa-floor1e-07-resolution0""]"	"[""7b2827f936c203303cfabb2740e6217419147af4a7292fccb61ff5bd7a96762d-centered-chain1"",""7b2827f936c203303cfabb2740e6217419147af4a7292fccb61ff5bd7a96762d-centered-chain2"",""7b2827f936c203303cfabb2740e6217419147af4a7292fccb61ff5bd7a96762d-centered-chain3"",""7b2827f936c203303cfabb2740e6217419147af4a7292fccb61ff5bd7a96762d-centered-chain4""]"	[20261761, 20261762, 20261763, 20261764]	4	0	0	500	diagnostics_complete_requires_mixing_review	500	50	37	17	20	0	0	4	0	0	4	0	4312	522	0	2610	1702	0	507	15	0
7b2827f936c203303cfabb2740e6217419147af4a7292fccb61ff5bd7a96762d-package	7b2827f936c203303cfabb2740e6217419147af4a7292fccb61ff5bd7a96762d	package	OG0001203	14	"[""OG0001203-envelope-mafft-floor1e-09-resolution0"",""OG0001203-envelope-mafft-floor1e-07-resolution0"",""OG0001203-envelope-famsa-floor1e-09-resolution0"",""OG0001203-envelope-famsa-floor1e-07-resolution0""]"	"[""7b2827f936c203303cfabb2740e6217419147af4a7292fccb61ff5bd7a96762d-package-chain1"",""7b2827f936c203303cfabb2740e6217419147af4a7292fccb61ff5bd7a96762d-package-chain2"",""7b2827f936c203303cfabb2740e6217419147af4a7292fccb61ff5bd7a96762d-package-chain3"",""7b2827f936c203303cfabb2740e6217419147af4a7292fccb61ff5bd7a96762d-package-chain4""]"	[20261765, 20261766, 20261767, 20261768]	4	0	0	250	diagnostics_complete_requires_mixing_review	750	75	37	4	33	0	0	4	0	0	4	0	4312	616	0	2678	1634	0	601	15	0
7b2827f936c203303cfabb2740e6217419147af4a7292fccb61ff5bd7a96762d-package	7b2827f936c203303cfabb2740e6217419147af4a7292fccb61ff5bd7a96762d	package	OG0001203	14	"[""OG0001203-envelope-mafft-floor1e-09-resolution0"",""OG0001203-envelope-mafft-floor1e-07-resolution0"",""OG0001203-envelope-famsa-floor1e-09-resolution0"",""OG0001203-envelope-famsa-floor1e-07-resolution0""]"	"[""7b2827f936c203303cfabb2740e6217419147af4a7292fccb61ff5bd7a96762d-package-chain1"",""7b2827f936c203303cfabb2740e6217419147af4a7292fccb61ff5bd7a96762d-package-chain2"",""7b2827f936c203303cfabb2740e6217419147af4a7292fccb61ff5bd7a96762d-package-chain3"",""7b2827f936c203303cfabb2740e6217419147af4a7292fccb61ff5bd7a96762d-package-chain4""]"	[20261765, 20261766, 20261767, 20261768]	4	0	0	500	diagnostics_complete_requires_mixing_review	500	50	37	3	34	0	0	4	0	0	4	0	4312	550	0	2547	1765	0	534	16	0
7e207e8e6fc0d190143d5e55487874057827c1eecd1c5be97cdde51184c0a5d6-broad	7e207e8e6fc0d190143d5e55487874057827c1eecd1c5be97cdde51184c0a5d6	broad	OG0000230	24	"[""OG0000230-alignment-mafft-floor1e-09-resolution8"",""OG0000230-alignment-famsa-floor1e-09-resolution8""]"	"[""7e207e8e6fc0d190143d5e55487874057827c1eecd1c5be97cdde51184c0a5d6-broad-chain1"",""7e207e8e6fc0d190143d5e55487874057827c1eecd1c5be97cdde51184c0a5d6-broad-chain2"",""7e207e8e6fc0d190143d5e55487874057827c1eecd1c5be97cdde51184c0a5d6-broad-chain3"",""7e207e8e6fc0d190143d5e55487874057827c1eecd1c5be97cdde51184c0a5d6-broad-chain4""]"	[20261769, 20261770, 20261771, 20261772]	4	0	0	250	diagnostics_complete_requires_mixing_review	750	75	37	10	27	0	0	4	0	0	4	0	10924	433	0	5860	5064	0	413	20	0
7e207e8e6fc0d190143d5e55487874057827c1eecd1c5be97cdde51184c0a5d6-broad	7e207e8e6fc0d190143d5e55487874057827c1eecd1c5be97cdde51184c0a5d6	broad	OG0000230	24	"[""OG0000230-alignment-mafft-floor1e-09-resolution8"",""OG0000230-alignment-famsa-floor1e-09-resolution8""]"	"[""7e207e8e6fc0d190143d5e55487874057827c1eecd1c5be97cdde51184c0a5d6-broad-chain1"",""7e207e8e6fc0d190143d5e55487874057827c1eecd1c5be97cdde51184c0a5d6-broad-chain2"",""7e207e8e6fc0d190143d5e55487874057827c1eecd1c5be97cdde51184c0a5d6-broad-chain3"",""7e207e8e6fc0d190143d5e55487874057827c1eecd1c5be97cdde51184c0a5d6-broad-chain4""]"	[20261769, 20261770, 20261771, 20261772]	4	0	0	500	diagnostics_complete_requires_mixing_review	500	50	37	13	24	0	0	4	0	0	4	0	10924	348	0	4662	6262	0	328	20	0
7e207e8e6fc0d190143d5e55487874057827c1eecd1c5be97cdde51184c0a5d6-centered	7e207e8e6fc0d190143d5e55487874057827c1eecd1c5be97cdde51184c0a5d6	centered	OG0000230	24	"[""OG0000230-alignment-mafft-floor1e-09-resolution8"",""OG0000230-alignment-famsa-floor1e-09-resolution8""]"	"[""7e207e8e6fc0d190143d5e55487874057827c1eecd1c5be97cdde51184c0a5d6-centered-chain1"",""7e207e8e6fc0d190143d5e55487874057827c1eecd1c5be97cdde51184c0a5d6-centered-chain2"",""7e207e8e6fc0d190143d5e55487874057827c1eecd1c5be97cdde51184c0a5d6-centered-chain3"",""7e207e8e6fc0d190143d5e55487874057827c1eecd1c5be97cdde51184c0a5d6-centered-chain4""]"	[20261773, 20261774, 20261775, 20261776]	4	0	0	250	diagnostics_complete_requires_mixing_review	750	75	37	19	18	0	0	4	0	0	4	0	10924	456	0	5602	5322	0	436	20	0
7e207e8e6fc0d190143d5e55487874057827c1eecd1c5be97cdde51184c0a5d6-centered	7e207e8e6fc0d190143d5e55487874057827c1eecd1c5be97cdde51184c0a5d6	centered	OG0000230	24	"[""OG0000230-alignment-mafft-floor1e-09-resolution8"",""OG0000230-alignment-famsa-floor1e-09-resolution8""]"	"[""7e207e8e6fc0d190143d5e55487874057827c1eecd1c5be97cdde51184c0a5d6-centered-chain1"",""7e207e8e6fc0d190143d5e55487874057827c1eecd1c5be97cdde51184c0a5d6-centered-chain2"",""7e207e8e6fc0d190143d5e55487874057827c1eecd1c5be97cdde51184c0a5d6-centered-chain3"",""7e207e8e6fc0d190143d5e55487874057827c1eecd1c5be97cdde51184c0a5d6-centered-chain4""]"	[20261773, 20261774, 20261775, 20261776]	4	0	0	500	diagnostics_complete_requires_mixing_review	500	50	37	17	20	0	0	4	0	0	4	0	10924	402	0	5213	5711	0	382	20	0
7e207e8e6fc0d190143d5e55487874057827c1eecd1c5be97cdde51184c0a5d6-package	7e207e8e6fc0d190143d5e55487874057827c1eecd1c5be97cdde51184c0a5d6	package	OG0000230	24	"[""OG0000230-alignment-mafft-floor1e-09-resolution8"",""OG0000230-alignment-famsa-floor1e-09-resolution8""]"	"[""7e207e8e6fc0d190143d5e55487874057827c1eecd1c5be97cdde51184c0a5d6-package-chain1"",""7e207e8e6fc0d190143d5e55487874057827c1eecd1c5be97cdde51184c0a5d6-package-chain2"",""7e207e8e6fc0d190143d5e55487874057827c1eecd1c5be97cdde51184c0a5d6-package-chain3"",""7e207e8e6fc0d190143d5e55487874057827c1eecd1c5be97cdde51184c0a5d6-package-chain4""]"	[20261777, 20261778, 20261779, 20261780]	4	0	0	250	diagnostics_complete_requires_mixing_review	750	75	37	3	34	0	0	4	0	0	4	0	10924	501	0	5995	4929	0	481	20	0
7e207e8e6fc0d190143d5e55487874057827c1eecd1c5be97cdde51184c0a5d6-package	7e207e8e6fc0d190143d5e55487874057827c1eecd1c5be97cdde51184c0a5d6	package	OG0000230	24	"[""OG0000230-alignment-mafft-floor1e-09-resolution8"",""OG0000230-alignment-famsa-floor1e-09-resolution8""]"	"[""7e207e8e6fc0d190143d5e55487874057827c1eecd1c5be97cdde51184c0a5d6-package-chain1"",""7e207e8e6fc0d190143d5e55487874057827c1eecd1c5be97cdde51184c0a5d6-package-chain2"",""7e207e8e6fc0d190143d5e55487874057827c1eecd1c5be97cdde51184c0a5d6-package-chain3"",""7e207e8e6fc0d190143d5e55487874057827c1eecd1c5be97cdde51184c0a5d6-package-chain4""]"	[20261777, 20261778, 20261779, 20261780]	4	0	0	500	diagnostics_complete_requires_mixing_review	500	50	37	1	36	0	0	4	0	0	4	0	10924	418	0	5672	5252	0	398	20	0
80b5029583a1369b3be58f85f91f5c5fc109f89db7bdb29ada0d9f430f98fe3e-broad	80b5029583a1369b3be58f85f91f5c5fc109f89db7bdb29ada0d9f430f98fe3e	broad	OG0000054	11	"[""OG0000054-alignment-mafft-floor1e-09-resolution0"",""OG0000054-alignment-mafft-floor1e-07-resolution0"",""OG0000054-alignment-famsa-floor1e-09-resolution0"",""OG0000054-alignment-famsa-floor1e-07-resolution0""]"	"[""80b5029583a1369b3be58f85f91f5c5fc109f89db7bdb29ada0d9f430f98fe3e-broad-chain1"",""80b5029583a1369b3be58f85f91f5c5fc109f89db7bdb29ada0d9f430f98fe3e-broad-chain2"",""80b5029583a1369b3be58f85f91f5c5fc109f89db7bdb29ada0d9f430f98fe3e-broad-chain3"",""80b5029583a1369b3be58f85f91f5c5fc109f89db7bdb29ada0d9f430f98fe3e-broad-chain4""]"	[20261781, 20261782, 20261783, 20261784]	4	0	0	250	diagnostics_complete_requires_mixing_review	750	75	37	1	36	0	0	4	0	3	1	0	3496	522	0	2384	1112	0	505	17	0
80b5029583a1369b3be58f85f91f5c5fc109f89db7bdb29ada0d9f430f98fe3e-broad	80b5029583a1369b3be58f85f91f5c5fc109f89db7bdb29ada0d9f430f98fe3e	broad	OG0000054	11	"[""OG0000054-alignment-mafft-floor1e-09-resolution0"",""OG0000054-alignment-mafft-floor1e-07-resolution0"",""OG0000054-alignment-famsa-floor1e-09-resolution0"",""OG0000054-alignment-famsa-floor1e-07-resolution0""]"	"[""80b5029583a1369b3be58f85f91f5c5fc109f89db7bdb29ada0d9f430f98fe3e-broad-chain1"",""80b5029583a1369b3be58f85f91f5c5fc109f89db7bdb29ada0d9f430f98fe3e-broad-chain2"",""80b5029583a1369b3be58f85f91f5c5fc109f89db7bdb29ada0d9f430f98fe3e-broad-chain3"",""80b5029583a1369b3be58f85f91f5c5fc109f89db7bdb29ada0d9f430f98fe3e-broad-chain4""]"	[20261781, 20261782, 20261783, 20261784]	4	0	0	500	diagnostics_complete_requires_mixing_review	500	50	37	0	37	0	0	4	0	3	1	0	3496	440	0	2187	1309	0	423	17	0
80b5029583a1369b3be58f85f91f5c5fc109f89db7bdb29ada0d9f430f98fe3e-centered	80b5029583a1369b3be58f85f91f5c5fc109f89db7bdb29ada0d9f430f98fe3e	centered	OG0000054	11	"[""OG0000054-alignment-mafft-floor1e-09-resolution0"",""OG0000054-alignment-mafft-floor1e-07-resolution0"",""OG0000054-alignment-famsa-floor1e-09-resolution0"",""OG0000054-alignment-famsa-floor1e-07-resolution0""]"	"[""80b5029583a1369b3be58f85f91f5c5fc109f89db7bdb29ada0d9f430f98fe3e-centered-chain1"",""80b5029583a1369b3be58f85f91f5c5fc109f89db7bdb29ada0d9f430f98fe3e-centered-chain2"",""80b5029583a1369b3be58f85f91f5c5fc109f89db7bdb29ada0d9f430f98fe3e-centered-chain3"",""80b5029583a1369b3be58f85f91f5c5fc109f89db7bdb29ada0d9f430f98fe3e-centered-chain4""]"	[20261785, 20261786, 20261787, 20261788]	4	0	0	250	diagnostics_complete_requires_mixing_review	750	75	37	1	36	0	0	4	0	1	3	0	3496	498	0	2260	1236	0	480	18	0
80b5029583a1369b3be58f85f91f5c5fc109f89db7bdb29ada0d9f430f98fe3e-centered	80b5029583a1369b3be58f85f91f5c5fc109f89db7bdb29ada0d9f430f98fe3e	centered	OG0000054	11	"[""OG0000054-alignment-mafft-floor1e-09-resolution0"",""OG0000054-alignment-mafft-floor1e-07-resolution0"",""OG0000054-alignment-famsa-floor1e-09-resolution0"",""OG0000054-alignment-famsa-floor1e-07-resolution0""]"	"[""80b5029583a1369b3be58f85f91f5c5fc109f89db7bdb29ada0d9f430f98fe3e-centered-chain1"",""80b5029583a1369b3be58f85f91f5c5fc109f89db7bdb29ada0d9f430f98fe3e-centered-chain2"",""80b5029583a1369b3be58f85f91f5c5fc109f89db7bdb29ada0d9f430f98fe3e-centered-chain3"",""80b5029583a1369b3be58f85f91f5c5fc109f89db7bdb29ada0d9f430f98fe3e-centered-chain4""]"	[20261785, 20261786, 20261787, 20261788]	4	0	0	500	diagnostics_complete_requires_mixing_review	500	50	37	1	36	0	0	4	0	1	3	0	3496	433	0	2091	1405	0	414	19	0
80b5029583a1369b3be58f85f91f5c5fc109f89db7bdb29ada0d9f430f98fe3e-package	80b5029583a1369b3be58f85f91f5c5fc109f89db7bdb29ada0d9f430f98fe3e	package	OG0000054	11	"[""OG0000054-alignment-mafft-floor1e-09-resolution0"",""OG0000054-alignment-mafft-floor1e-07-resolution0"",""OG0000054-alignment-famsa-floor1e-09-resolution0"",""OG0000054-alignment-famsa-floor1e-07-resolution0""]"	"[""80b5029583a1369b3be58f85f91f5c5fc109f89db7bdb29ada0d9f430f98fe3e-package-chain1"",""80b5029583a1369b3be58f85f91f5c5fc109f89db7bdb29ada0d9f430f98fe3e-package-chain2"",""80b5029583a1369b3be58f85f91f5c5fc109f89db7bdb29ada0d9f430f98fe3e-package-chain3"",""80b5029583a1369b3be58f85f91f5c5fc109f89db7bdb29ada0d9f430f98fe3e-package-chain4""]"	[20261789, 20261790, 20261791, 20261792]	4	0	0	250	diagnostics_complete_requires_mixing_review	750	75	37	2	35	0	0	4	0	3	1	0	3496	434	0	2115	1381	0	416	18	0
80b5029583a1369b3be58f85f91f5c5fc109f89db7bdb29ada0d9f430f98fe3e-package	80b5029583a1369b3be58f85f91f5c5fc109f89db7bdb29ada0d9f430f98fe3e	package	OG0000054	11	"[""OG0000054-alignment-mafft-floor1e-09-resolution0"",""OG0000054-alignment-mafft-floor1e-07-resolution0"",""OG0000054-alignment-famsa-floor1e-09-resolution0"",""OG0000054-alignment-famsa-floor1e-07-resolution0""]"	"[""80b5029583a1369b3be58f85f91f5c5fc109f89db7bdb29ada0d9f430f98fe3e-package-chain1"",""80b5029583a1369b3be58f85f91f5c5fc109f89db7bdb29ada0d9f430f98fe3e-package-chain2"",""80b5029583a1369b3be58f85f91f5c5fc109f89db7bdb29ada0d9f430f98fe3e-package-chain3"",""80b5029583a1369b3be58f85f91f5c5fc109f89db7bdb29ada0d9f430f98fe3e-package-chain4""]"	[20261789, 20261790, 20261791, 20261792]	4	0	0	500	diagnostics_complete_requires_mixing_review	500	50	37	0	37	0	0	4	0	3	1	0	3496	379	0	1957	1539	0	361	18	0
8137ff819e5e923946d066c82eb900c091b6990f24edceec6a25861366174a23-broad	8137ff819e5e923946d066c82eb900c091b6990f24edceec6a25861366174a23	broad	OG0000230	24	"[""OG0000230-envelope-mafft-floor1e-09-resolution0"",""OG0000230-envelope-famsa-floor1e-09-resolution0""]"	"[""8137ff819e5e923946d066c82eb900c091b6990f24edceec6a25861366174a23-broad-chain1"",""8137ff819e5e923946d066c82eb900c091b6990f24edceec6a25861366174a23-broad-chain2"",""8137ff819e5e923946d066c82eb900c091b6990f24edceec6a25861366174a23-broad-chain3"",""8137ff819e5e923946d066c82eb900c091b6990f24edceec6a25861366174a23-broad-chain4""]"	[20261793, 20261794, 20261795, 20261796]	4	0	0	250	diagnostics_complete_requires_mixing_review	750	75	37	17	20	0	0	4	0	0	4	0	11132	355	0	5144	5988	0	335	20	0
8137ff819e5e923946d066c82eb900c091b6990f24edceec6a25861366174a23-broad	8137ff819e5e923946d066c82eb900c091b6990f24edceec6a25861366174a23	broad	OG0000230	24	"[""OG0000230-envelope-mafft-floor1e-09-resolution0"",""OG0000230-envelope-famsa-floor1e-09-resolution0""]"	"[""8137ff819e5e923946d066c82eb900c091b6990f24edceec6a25861366174a23-broad-chain1"",""8137ff819e5e923946d066c82eb900c091b6990f24edceec6a25861366174a23-broad-chain2"",""8137ff819e5e923946d066c82eb900c091b6990f24edceec6a25861366174a23-broad-chain3"",""8137ff819e5e923946d066c82eb900c091b6990f24edceec6a25861366174a23-broad-chain4""]"	[20261793, 20261794, 20261795, 20261796]	4	0	0	500	diagnostics_complete_requires_mixing_review	500	50	37	17	20	0	0	4	0	0	4	0	11132	293	0	4478	6654	0	273	20	0
8137ff819e5e923946d066c82eb900c091b6990f24edceec6a25861366174a23-centered	8137ff819e5e923946d066c82eb900c091b6990f24edceec6a25861366174a23	centered	OG0000230	24	"[""OG0000230-envelope-mafft-floor1e-09-resolution0"",""OG0000230-envelope-famsa-floor1e-09-resolution0""]"	"[""8137ff819e5e923946d066c82eb900c091b6990f24edceec6a25861366174a23-centered-chain1"",""8137ff819e5e923946d066c82eb900c091b6990f24edceec6a25861366174a23-centered-chain2"",""8137ff819e5e923946d066c82eb900c091b6990f24edceec6a25861366174a23-centered-chain3"",""8137ff819e5e923946d066c82eb900c091b6990f24edceec6a25861366174a23-centered-chain4""]"	[20261797, 20261798, 20261799, 20261800]	4	0	0	250	diagnostics_complete_requires_mixing_review	750	75	37	17	20	0	0	4	0	1	3	0	11132	327	0	4544	6588	0	307	20	0
8137ff819e5e923946d066c82eb900c091b6990f24edceec6a25861366174a23-centered	8137ff819e5e923946d066c82eb900c091b6990f24edceec6a25861366174a23	centered	OG0000230	24	"[""OG0000230-envelope-mafft-floor1e-09-resolution0"",""OG0000230-envelope-famsa-floor1e-09-resolution0""]"	"[""8137ff819e5e923946d066c82eb900c091b6990f24edceec6a25861366174a23-centered-chain1"",""8137ff819e5e923946d066c82eb900c091b6990f24edceec6a25861366174a23-centered-chain2"",""8137ff819e5e923946d066c82eb900c091b6990f24edceec6a25861366174a23-centered-chain3"",""8137ff819e5e923946d066c82eb900c091b6990f24edceec6a25861366174a23-centered-chain4""]"	[20261797, 20261798, 20261799, 20261800]	4	0	0	500	diagnostics_complete_requires_mixing_review	500	50	37	17	20	0	0	4	0	1	3	0	11132	317	0	4438	6694	0	297	20	0
8137ff819e5e923946d066c82eb900c091b6990f24edceec6a25861366174a23-package	8137ff819e5e923946d066c82eb900c091b6990f24edceec6a25861366174a23	package	OG0000230	24	"[""OG0000230-envelope-mafft-floor1e-09-resolution0"",""OG0000230-envelope-famsa-floor1e-09-resolution0""]"	"[""8137ff819e5e923946d066c82eb900c091b6990f24edceec6a25861366174a23-package-chain1"",""8137ff819e5e923946d066c82eb900c091b6990f24edceec6a25861366174a23-package-chain2"",""8137ff819e5e923946d066c82eb900c091b6990f24edceec6a25861366174a23-package-chain3"",""8137ff819e5e923946d066c82eb900c091b6990f24edceec6a25861366174a23-package-chain4""]"	[20261801, 20261802, 20261803, 20261804]	4	0	0	250	diagnostics_complete_requires_mixing_review	750	75	37	17	20	0	0	4	0	1	3	0	11132	336	0	4744	6388	0	316	20	0
8137ff819e5e923946d066c82eb900c091b6990f24edceec6a25861366174a23-package	8137ff819e5e923946d066c82eb900c091b6990f24edceec6a25861366174a23	package	OG0000230	24	"[""OG0000230-envelope-mafft-floor1e-09-resolution0"",""OG0000230-envelope-famsa-floor1e-09-resolution0""]"	"[""8137ff819e5e923946d066c82eb900c091b6990f24edceec6a25861366174a23-package-chain1"",""8137ff819e5e923946d066c82eb900c091b6990f24edceec6a25861366174a23-package-chain2"",""8137ff819e5e923946d066c82eb900c091b6990f24edceec6a25861366174a23-package-chain3"",""8137ff819e5e923946d066c82eb900c091b6990f24edceec6a25861366174a23-package-chain4""]"	[20261801, 20261802, 20261803, 20261804]	4	0	0	500	diagnostics_complete_requires_mixing_review	500	50	37	15	22	0	0	4	0	1	3	0	11132	314	0	4558	6574	0	294	20	0
880784829a37388be94c6c19537017b8966fd68f4847f9a56d3ced0c54959e9a-broad	880784829a37388be94c6c19537017b8966fd68f4847f9a56d3ced0c54959e9a	broad	OG0000230	24	"[""OG0000230-envelope-mafft-floor1e-09-resolution7"",""OG0000230-envelope-famsa-floor1e-09-resolution7""]"	"[""880784829a37388be94c6c19537017b8966fd68f4847f9a56d3ced0c54959e9a-broad-chain1"",""880784829a37388be94c6c19537017b8966fd68f4847f9a56d3ced0c54959e9a-broad-chain2"",""880784829a37388be94c6c19537017b8966fd68f4847f9a56d3ced0c54959e9a-broad-chain3"",""880784829a37388be94c6c19537017b8966fd68f4847f9a56d3ced0c54959e9a-broad-chain4""]"	[20261805, 20261806, 20261807, 20261808]	4	0	0	250	diagnostics_complete_requires_mixing_review	750	75	37	18	19	0	0	4	0	1	3	0	11132	364	0	4920	6212	0	344	20	0
880784829a37388be94c6c19537017b8966fd68f4847f9a56d3ced0c54959e9a-broad	880784829a37388be94c6c19537017b8966fd68f4847f9a56d3ced0c54959e9a	broad	OG0000230	24	"[""OG0000230-envelope-mafft-floor1e-09-resolution7"",""OG0000230-envelope-famsa-floor1e-09-resolution7""]"	"[""880784829a37388be94c6c19537017b8966fd68f4847f9a56d3ced0c54959e9a-broad-chain1"",""880784829a37388be94c6c19537017b8966fd68f4847f9a56d3ced0c54959e9a-broad-chain2"",""880784829a37388be94c6c19537017b8966fd68f4847f9a56d3ced0c54959e9a-broad-chain3"",""880784829a37388be94c6c19537017b8966fd68f4847f9a56d3ced0c54959e9a-broad-chain4""]"	[20261805, 20261806, 20261807, 20261808]	4	0	0	500	diagnostics_complete_requires_mixing_review	500	50	37	17	20	0	0	4	0	1	3	0	11132	332	0	4507	6625	0	312	20	0
880784829a37388be94c6c19537017b8966fd68f4847f9a56d3ced0c54959e9a-centered	880784829a37388be94c6c19537017b8966fd68f4847f9a56d3ced0c54959e9a	centered	OG0000230	24	"[""OG0000230-envelope-mafft-floor1e-09-resolution7"",""OG0000230-envelope-famsa-floor1e-09-resolution7""]"	"[""880784829a37388be94c6c19537017b8966fd68f4847f9a56d3ced0c54959e9a-centered-chain1"",""880784829a37388be94c6c19537017b8966fd68f4847f9a56d3ced0c54959e9a-centered-chain2"",""880784829a37388be94c6c19537017b8966fd68f4847f9a56d3ced0c54959e9a-centered-chain3"",""880784829a37388be94c6c19537017b8966fd68f4847f9a56d3ced0c54959e9a-centered-chain4""]"	[20261809, 20261810, 20261811, 20261812]	4	0	0	250	diagnostics_complete_requires_mixing_review	750	75	37	17	20	0	0	4	0	1	3	0	11132	314	0	4485	6647	0	294	20	0
880784829a37388be94c6c19537017b8966fd68f4847f9a56d3ced0c54959e9a-centered	880784829a37388be94c6c19537017b8966fd68f4847f9a56d3ced0c54959e9a	centered	OG0000230	24	"[""OG0000230-envelope-mafft-floor1e-09-resolution7"",""OG0000230-envelope-famsa-floor1e-09-resolution7""]"	"[""880784829a37388be94c6c19537017b8966fd68f4847f9a56d3ced0c54959e9a-centered-chain1"",""880784829a37388be94c6c19537017b8966fd68f4847f9a56d3ced0c54959e9a-centered-chain2"",""880784829a37388be94c6c19537017b8966fd68f4847f9a56d3ced0c54959e9a-centered-chain3"",""880784829a37388be94c6c19537017b8966fd68f4847f9a56d3ced0c54959e9a-centered-chain4""]"	[20261809, 20261810, 20261811, 20261812]	4	0	0	500	diagnostics_complete_requires_mixing_review	500	50	37	17	20	0	0	4	0	1	3	0	11132	296	0	4225	6907	0	276	20	0
880784829a37388be94c6c19537017b8966fd68f4847f9a56d3ced0c54959e9a-package	880784829a37388be94c6c19537017b8966fd68f4847f9a56d3ced0c54959e9a	package	OG0000230	24	"[""OG0000230-envelope-mafft-floor1e-09-resolution7"",""OG0000230-envelope-famsa-floor1e-09-resolution7""]"	"[""880784829a37388be94c6c19537017b8966fd68f4847f9a56d3ced0c54959e9a-package-chain1"",""880784829a37388be94c6c19537017b8966fd68f4847f9a56d3ced0c54959e9a-package-chain2"",""880784829a37388be94c6c19537017b8966fd68f4847f9a56d3ced0c54959e9a-package-chain3"",""880784829a37388be94c6c19537017b8966fd68f4847f9a56d3ced0c54959e9a-package-chain4""]"	[20261813, 20261814, 20261815, 20261816]	4	0	0	250	diagnostics_complete_requires_mixing_review	750	75	37	17	20	0	0	4	0	1	3	0	11132	332	0	4865	6267	0	312	20	0
880784829a37388be94c6c19537017b8966fd68f4847f9a56d3ced0c54959e9a-package	880784829a37388be94c6c19537017b8966fd68f4847f9a56d3ced0c54959e9a	package	OG0000230	24	"[""OG0000230-envelope-mafft-floor1e-09-resolution7"",""OG0000230-envelope-famsa-floor1e-09-resolution7""]"	"[""880784829a37388be94c6c19537017b8966fd68f4847f9a56d3ced0c54959e9a-package-chain1"",""880784829a37388be94c6c19537017b8966fd68f4847f9a56d3ced0c54959e9a-package-chain2"",""880784829a37388be94c6c19537017b8966fd68f4847f9a56d3ced0c54959e9a-package-chain3"",""880784829a37388be94c6c19537017b8966fd68f4847f9a56d3ced0c54959e9a-package-chain4""]"	[20261813, 20261814, 20261815, 20261816]	4	0	0	500	diagnostics_complete_requires_mixing_review	500	50	37	9	28	0	0	4	0	1	3	0	11132	319	0	4673	6459	0	299	20	0
89598f9a3da57179dfc83940a1026306836060ca86bf3387f1c3bbb6989fac86-broad	89598f9a3da57179dfc83940a1026306836060ca86bf3387f1c3bbb6989fac86	broad	OG0002650	77	"[""OG0002650-whole-mafft-floor1e-09-resolution0"",""OG0002650-whole-mafft-floor1e-07-resolution0"",""OG0002650-whole-famsa-floor1e-09-resolution0"",""OG0002650-whole-famsa-floor1e-07-resolution0""]"	"[""89598f9a3da57179dfc83940a1026306836060ca86bf3387f1c3bbb6989fac86-broad-chain1"",""89598f9a3da57179dfc83940a1026306836060ca86bf3387f1c3bbb6989fac86-broad-chain2"",""89598f9a3da57179dfc83940a1026306836060ca86bf3387f1c3bbb6989fac86-broad-chain3"",""89598f9a3da57179dfc83940a1026306836060ca86bf3387f1c3bbb6989fac86-broad-chain4""]"	[20261817, 20261818, 20261819, 20261820]	4	0	0	250	diagnostics_complete_requires_mixing_review	750	75	37	2	35	0	0	4	0	1	3	0	92052	4465	0	33665	58387	0	4444	21	0
89598f9a3da57179dfc83940a1026306836060ca86bf3387f1c3bbb6989fac86-broad	89598f9a3da57179dfc83940a1026306836060ca86bf3387f1c3bbb6989fac86	broad	OG0002650	77	"[""OG0002650-whole-mafft-floor1e-09-resolution0"",""OG0002650-whole-mafft-floor1e-07-resolution0"",""OG0002650-whole-famsa-floor1e-09-resolution0"",""OG0002650-whole-famsa-floor1e-07-resolution0""]"	"[""89598f9a3da57179dfc83940a1026306836060ca86bf3387f1c3bbb6989fac86-broad-chain1"",""89598f9a3da57179dfc83940a1026306836060ca86bf3387f1c3bbb6989fac86-broad-chain2"",""89598f9a3da57179dfc83940a1026306836060ca86bf3387f1c3bbb6989fac86-broad-chain3"",""89598f9a3da57179dfc83940a1026306836060ca86bf3387f1c3bbb6989fac86-broad-chain4""]"	[20261817, 20261818, 20261819, 20261820]	4	0	0	500	diagnostics_complete_requires_mixing_review	500	50	37	2	35	0	0	4	0	1	3	0	92052	3794	0	31360	60692	0	3773	21	0
89598f9a3da57179dfc83940a1026306836060ca86bf3387f1c3bbb6989fac86-centered	89598f9a3da57179dfc83940a1026306836060ca86bf3387f1c3bbb6989fac86	centered	OG0002650	77	"[""OG0002650-whole-mafft-floor1e-09-resolution0"",""OG0002650-whole-mafft-floor1e-07-resolution0"",""OG0002650-whole-famsa-floor1e-09-resolution0"",""OG0002650-whole-famsa-floor1e-07-resolution0""]"	"[""89598f9a3da57179dfc83940a1026306836060ca86bf3387f1c3bbb6989fac86-centered-chain1"",""89598f9a3da57179dfc83940a1026306836060ca86bf3387f1c3bbb6989fac86-centered-chain2"",""89598f9a3da57179dfc83940a1026306836060ca86bf3387f1c3bbb6989fac86-centered-chain3"",""89598f9a3da57179dfc83940a1026306836060ca86bf3387f1c3bbb6989fac86-centered-chain4""]"	[20261821, 20261822, 20261823, 20261824]	4	0	0	250	diagnostics_complete_requires_mixing_review	750	75	37	0	37	0	0	4	0	1	3	0	92052	4635	0	37047	55005	0	4614	21	0
89598f9a3da57179dfc83940a1026306836060ca86bf3387f1c3bbb6989fac86-centered	89598f9a3da57179dfc83940a1026306836060ca86bf3387f1c3bbb6989fac86	centered	OG0002650	77	"[""OG0002650-whole-mafft-floor1e-09-resolution0"",""OG0002650-whole-mafft-floor1e-07-resolution0"",""OG0002650-whole-famsa-floor1e-09-resolution0"",""OG0002650-whole-famsa-floor1e-07-resolution0""]"	"[""89598f9a3da57179dfc83940a1026306836060ca86bf3387f1c3bbb6989fac86-centered-chain1"",""89598f9a3da57179dfc83940a1026306836060ca86bf3387f1c3bbb6989fac86-centered-chain2"",""89598f9a3da57179dfc83940a1026306836060ca86bf3387f1c3bbb6989fac86-centered-chain3"",""89598f9a3da57179dfc83940a1026306836060ca86bf3387f1c3bbb6989fac86-centered-chain4""]"	[20261821, 20261822, 20261823, 20261824]	4	0	0	500	diagnostics_complete_requires_mixing_review	500	50	37	2	35	0	0	4	0	1	3	0	92052	3982	0	35015	57037	0	3961	21	0
89598f9a3da57179dfc83940a1026306836060ca86bf3387f1c3bbb6989fac86-package	89598f9a3da57179dfc83940a1026306836060ca86bf3387f1c3bbb6989fac86	package	OG0002650	77	"[""OG0002650-whole-mafft-floor1e-09-resolution0"",""OG0002650-whole-mafft-floor1e-07-resolution0"",""OG0002650-whole-famsa-floor1e-09-resolution0"",""OG0002650-whole-famsa-floor1e-07-resolution0""]"	"[""89598f9a3da57179dfc83940a1026306836060ca86bf3387f1c3bbb6989fac86-package-chain1"",""89598f9a3da57179dfc83940a1026306836060ca86bf3387f1c3bbb6989fac86-package-chain2"",""89598f9a3da57179dfc83940a1026306836060ca86bf3387f1c3bbb6989fac86-package-chain3"",""89598f9a3da57179dfc83940a1026306836060ca86bf3387f1c3bbb6989fac86-package-chain4""]"	[20261825, 20261826, 20261827, 20261828]	4	0	0	250	diagnostics_complete_requires_mixing_review	750	75	37	3	34	0	0	4	0	0	4	0	92052	4633	0	37934	54118	0	4612	21	0
89598f9a3da57179dfc83940a1026306836060ca86bf3387f1c3bbb6989fac86-package	89598f9a3da57179dfc83940a1026306836060ca86bf3387f1c3bbb6989fac86	package	OG0002650	77	"[""OG0002650-whole-mafft-floor1e-09-resolution0"",""OG0002650-whole-mafft-floor1e-07-resolution0"",""OG0002650-whole-famsa-floor1e-09-resolution0"",""OG0002650-whole-famsa-floor1e-07-resolution0""]"	"[""89598f9a3da57179dfc83940a1026306836060ca86bf3387f1c3bbb6989fac86-package-chain1"",""89598f9a3da57179dfc83940a1026306836060ca86bf3387f1c3bbb6989fac86-package-chain2"",""89598f9a3da57179dfc83940a1026306836060ca86bf3387f1c3bbb6989fac86-package-chain3"",""89598f9a3da57179dfc83940a1026306836060ca86bf3387f1c3bbb6989fac86-package-chain4""]"	[20261825, 20261826, 20261827, 20261828]	4	0	0	500	diagnostics_complete_requires_mixing_review	500	50	37	2	35	0	0	4	0	0	4	0	92052	4004	0	35803	56249	0	3983	21	0
8b4bdd43c6f7ad68f26c76d2c6430a5c9d7ee8e3b4ba88b08391d053a78710f3-broad	8b4bdd43c6f7ad68f26c76d2c6430a5c9d7ee8e3b4ba88b08391d053a78710f3	broad	OG0000230	24	"[""OG0000230-alignment-mafft-floor1e-07-resolution11"",""OG0000230-alignment-famsa-floor1e-07-resolution11""]"	"[""8b4bdd43c6f7ad68f26c76d2c6430a5c9d7ee8e3b4ba88b08391d053a78710f3-broad-chain1"",""8b4bdd43c6f7ad68f26c76d2c6430a5c9d7ee8e3b4ba88b08391d053a78710f3-broad-chain2"",""8b4bdd43c6f7ad68f26c76d2c6430a5c9d7ee8e3b4ba88b08391d053a78710f3-broad-chain3"",""8b4bdd43c6f7ad68f26c76d2c6430a5c9d7ee8e3b4ba88b08391d053a78710f3-broad-chain4""]"	[20261829, 20261830, 20261831, 20261832]	4	0	0	250	diagnostics_complete_requires_mixing_review	750	75	37	2	35	0	0	4	0	0	4	0	10924	501	0	6779	4145	0	481	20	0
8b4bdd43c6f7ad68f26c76d2c6430a5c9d7ee8e3b4ba88b08391d053a78710f3-broad	8b4bdd43c6f7ad68f26c76d2c6430a5c9d7ee8e3b4ba88b08391d053a78710f3	broad	OG0000230	24	"[""OG0000230-alignment-mafft-floor1e-07-resolution11"",""OG0000230-alignment-famsa-floor1e-07-resolution11""]"	"[""8b4bdd43c6f7ad68f26c76d2c6430a5c9d7ee8e3b4ba88b08391d053a78710f3-broad-chain1"",""8b4bdd43c6f7ad68f26c76d2c6430a5c9d7ee8e3b4ba88b08391d053a78710f3-broad-chain2"",""8b4bdd43c6f7ad68f26c76d2c6430a5c9d7ee8e3b4ba88b08391d053a78710f3-broad-chain3"",""8b4bdd43c6f7ad68f26c76d2c6430a5c9d7ee8e3b4ba88b08391d053a78710f3-broad-chain4""]"	[20261829, 20261830, 20261831, 20261832]	4	0	0	500	diagnostics_complete_requires_mixing_review	500	50	37	1	36	0	0	4	0	0	4	0	10924	451	0	6403	4521	0	431	20	0
8b4bdd43c6f7ad68f26c76d2c6430a5c9d7ee8e3b4ba88b08391d053a78710f3-centered	8b4bdd43c6f7ad68f26c76d2c6430a5c9d7ee8e3b4ba88b08391d053a78710f3	centered	OG0000230	24	"[""OG0000230-alignment-mafft-floor1e-07-resolution11"",""OG0000230-alignment-famsa-floor1e-07-resolution11""]"	"[""8b4bdd43c6f7ad68f26c76d2c6430a5c9d7ee8e3b4ba88b08391d053a78710f3-centered-chain1"",""8b4bdd43c6f7ad68f26c76d2c6430a5c9d7ee8e3b4ba88b08391d053a78710f3-centered-chain2"",""8b4bdd43c6f7ad68f26c76d2c6430a5c9d7ee8e3b4ba88b08391d053a78710f3-centered-chain3"",""8b4bdd43c6f7ad68f26c76d2c6430a5c9d7ee8e3b4ba88b08391d053a78710f3-centered-chain4""]"	[20261833, 20261834, 20261835, 20261836]	4	0	0	250	diagnostics_complete_requires_mixing_review	750	75	37	5	32	0	0	4	0	0	4	0	10924	438	0	5622	5302	0	418	20	0
8b4bdd43c6f7ad68f26c76d2c6430a5c9d7ee8e3b4ba88b08391d053a78710f3-centered	8b4bdd43c6f7ad68f26c76d2c6430a5c9d7ee8e3b4ba88b08391d053a78710f3	centered	OG0000230	24	"[""OG0000230-alignment-mafft-floor1e-07-resolution11"",""OG0000230-alignment-famsa-floor1e-07-resolution11""]"	"[""8b4bdd43c6f7ad68f26c76d2c6430a5c9d7ee8e3b4ba88b08391d053a78710f3-centered-chain1"",""8b4bdd43c6f7ad68f26c76d2c6430a5c9d7ee8e3b4ba88b08391d053a78710f3-centered-chain2"",""8b4bdd43c6f7ad68f26c76d2c6430a5c9d7ee8e3b4ba88b08391d053a78710f3-centered-chain3"",""8b4bdd43c6f7ad68f26c76d2c6430a5c9d7ee8e3b4ba88b08391d053a78710f3-centered-chain4""]"	[20261833, 20261834, 20261835, 20261836]	4	0	0	500	diagnostics_complete_requires_mixing_review	500	50	37	7	30	0	0	4	0	0	4	0	10924	367	0	5037	5887	0	347	20	0
8b4bdd43c6f7ad68f26c76d2c6430a5c9d7ee8e3b4ba88b08391d053a78710f3-package	8b4bdd43c6f7ad68f26c76d2c6430a5c9d7ee8e3b4ba88b08391d053a78710f3	package	OG0000230	24	"[""OG0000230-alignment-mafft-floor1e-07-resolution11"",""OG0000230-alignment-famsa-floor1e-07-resolution11""]"	"[""8b4bdd43c6f7ad68f26c76d2c6430a5c9d7ee8e3b4ba88b08391d053a78710f3-package-chain1"",""8b4bdd43c6f7ad68f26c76d2c6430a5c9d7ee8e3b4ba88b08391d053a78710f3-package-chain2"",""8b4bdd43c6f7ad68f26c76d2c6430a5c9d7ee8e3b4ba88b08391d053a78710f3-package-chain3"",""8b4bdd43c6f7ad68f26c76d2c6430a5c9d7ee8e3b4ba88b08391d053a78710f3-package-chain4""]"	[20261837, 20261838, 20261839, 20261840]	4	0	0	250	diagnostics_complete_requires_mixing_review	750	75	37	2	35	0	0	4	0	0	4	0	10924	401	0	5257	5667	0	381	20	0
8b4bdd43c6f7ad68f26c76d2c6430a5c9d7ee8e3b4ba88b08391d053a78710f3-package	8b4bdd43c6f7ad68f26c76d2c6430a5c9d7ee8e3b4ba88b08391d053a78710f3	package	OG0000230	24	"[""OG0000230-alignment-mafft-floor1e-07-resolution11"",""OG0000230-alignment-famsa-floor1e-07-resolution11""]"	"[""8b4bdd43c6f7ad68f26c76d2c6430a5c9d7ee8e3b4ba88b08391d053a78710f3-package-chain1"",""8b4bdd43c6f7ad68f26c76d2c6430a5c9d7ee8e3b4ba88b08391d053a78710f3-package-chain2"",""8b4bdd43c6f7ad68f26c76d2c6430a5c9d7ee8e3b4ba88b08391d053a78710f3-package-chain3"",""8b4bdd43c6f7ad68f26c76d2c6430a5c9d7ee8e3b4ba88b08391d053a78710f3-package-chain4""]"	[20261837, 20261838, 20261839, 20261840]	4	0	0	500	diagnostics_complete_requires_mixing_review	500	50	37	1	36	0	0	4	0	0	4	0	10924	369	0	4972	5952	0	349	20	0
8bbf275a1a46fe2e135deabd11522f9d748742e8cdbec76fe37c3fce2a2fcf00-broad	8bbf275a1a46fe2e135deabd11522f9d748742e8cdbec76fe37c3fce2a2fcf00	broad	OG0000230	24	"[""OG0000230-whole-mafft-floor1e-07-resolution11"",""OG0000230-whole-famsa-floor1e-07-resolution11""]"	"[""8bbf275a1a46fe2e135deabd11522f9d748742e8cdbec76fe37c3fce2a2fcf00-broad-chain1"",""8bbf275a1a46fe2e135deabd11522f9d748742e8cdbec76fe37c3fce2a2fcf00-broad-chain2"",""8bbf275a1a46fe2e135deabd11522f9d748742e8cdbec76fe37c3fce2a2fcf00-broad-chain3"",""8bbf275a1a46fe2e135deabd11522f9d748742e8cdbec76fe37c3fce2a2fcf00-broad-chain4""]"	[20261841, 20261842, 20261843, 20261844]	4	0	0	250	diagnostics_complete_requires_mixing_review	750	75	37	17	20	0	0	4	0	1	3	0	63296	1948	0	24319	38977	0	1927	21	0
8bbf275a1a46fe2e135deabd11522f9d748742e8cdbec76fe37c3fce2a2fcf00-broad	8bbf275a1a46fe2e135deabd11522f9d748742e8cdbec76fe37c3fce2a2fcf00	broad	OG0000230	24	"[""OG0000230-whole-mafft-floor1e-07-resolution11"",""OG0000230-whole-famsa-floor1e-07-resolution11""]"	"[""8bbf275a1a46fe2e135deabd11522f9d748742e8cdbec76fe37c3fce2a2fcf00-broad-chain1"",""8bbf275a1a46fe2e135deabd11522f9d748742e8cdbec76fe37c3fce2a2fcf00-broad-chain2"",""8bbf275a1a46fe2e135deabd11522f9d748742e8cdbec76fe37c3fce2a2fcf00-broad-chain3"",""8bbf275a1a46fe2e135deabd11522f9d748742e8cdbec76fe37c3fce2a2fcf00-broad-chain4""]"	[20261841, 20261842, 20261843, 20261844]	4	0	0	500	diagnostics_complete_requires_mixing_review	500	50	37	17	20	0	0	4	0	1	3	0	63296	1803	0	23128	40168	0	1782	21	0
8bbf275a1a46fe2e135deabd11522f9d748742e8cdbec76fe37c3fce2a2fcf00-centered	8bbf275a1a46fe2e135deabd11522f9d748742e8cdbec76fe37c3fce2a2fcf00	centered	OG0000230	24	"[""OG0000230-whole-mafft-floor1e-07-resolution11"",""OG0000230-whole-famsa-floor1e-07-resolution11""]"	"[""8bbf275a1a46fe2e135deabd11522f9d748742e8cdbec76fe37c3fce2a2fcf00-centered-chain1"",""8bbf275a1a46fe2e135deabd11522f9d748742e8cdbec76fe37c3fce2a2fcf00-centered-chain2"",""8bbf275a1a46fe2e135deabd11522f9d748742e8cdbec76fe37c3fce2a2fcf00-centered-chain3"",""8bbf275a1a46fe2e135deabd11522f9d748742e8cdbec76fe37c3fce2a2fcf00-centered-chain4""]"	[20261845, 20261846, 20261847, 20261848]	4	0	0	250	diagnostics_complete_requires_mixing_review	750	75	37	3	34	0	0	4	0	1	3	0	63296	2043	0	24781	38515	0	2022	21	0
8bbf275a1a46fe2e135deabd11522f9d748742e8cdbec76fe37c3fce2a2fcf00-centered	8bbf275a1a46fe2e135deabd11522f9d748742e8cdbec76fe37c3fce2a2fcf00	centered	OG0000230	24	"[""OG0000230-whole-mafft-floor1e-07-resolution11"",""OG0000230-whole-famsa-floor1e-07-resolution11""]"	"[""8bbf275a1a46fe2e135deabd11522f9d748742e8cdbec76fe37c3fce2a2fcf00-centered-chain1"",""8bbf275a1a46fe2e135deabd11522f9d748742e8cdbec76fe37c3fce2a2fcf00-centered-chain2"",""8bbf275a1a46fe2e135deabd11522f9d748742e8cdbec76fe37c3fce2a2fcf00-centered-chain3"",""8bbf275a1a46fe2e135deabd11522f9d748742e8cdbec76fe37c3fce2a2fcf00-centered-chain4""]"	[20261845, 20261846, 20261847, 20261848]	4	0	0	500	diagnostics_complete_requires_mixing_review	500	50	37	3	34	0	0	4	0	1	3	0	63296	1954	0	24094	39202	0	1933	21	0
8bbf275a1a46fe2e135deabd11522f9d748742e8cdbec76fe37c3fce2a2fcf00-package	8bbf275a1a46fe2e135deabd11522f9d748742e8cdbec76fe37c3fce2a2fcf00	package	OG0000230	24	"[""OG0000230-whole-mafft-floor1e-07-resolution11"",""OG0000230-whole-famsa-floor1e-07-resolution11""]"	"[""8bbf275a1a46fe2e135deabd11522f9d748742e8cdbec76fe37c3fce2a2fcf00-package-chain1"",""8bbf275a1a46fe2e135deabd11522f9d748742e8cdbec76fe37c3fce2a2fcf00-package-chain2"",""8bbf275a1a46fe2e135deabd11522f9d748742e8cdbec76fe37c3fce2a2fcf00-package-chain3"",""8bbf275a1a46fe2e135deabd11522f9d748742e8cdbec76fe37c3fce2a2fcf00-package-chain4""]"	[20261849, 20261850, 20261851, 20261852]	4	0	0	250	diagnostics_complete_requires_mixing_review	750	75	37	2	35	0	0	4	0	1	3	0	63296	2074	0	26334	36962	0	2053	21	0
8bbf275a1a46fe2e135deabd11522f9d748742e8cdbec76fe37c3fce2a2fcf00-package	8bbf275a1a46fe2e135deabd11522f9d748742e8cdbec76fe37c3fce2a2fcf00	package	OG0000230	24	"[""OG0000230-whole-mafft-floor1e-07-resolution11"",""OG0000230-whole-famsa-floor1e-07-resolution11""]"	"[""8bbf275a1a46fe2e135deabd11522f9d748742e8cdbec76fe37c3fce2a2fcf00-package-chain1"",""8bbf275a1a46fe2e135deabd11522f9d748742e8cdbec76fe37c3fce2a2fcf00-package-chain2"",""8bbf275a1a46fe2e135deabd11522f9d748742e8cdbec76fe37c3fce2a2fcf00-package-chain3"",""8bbf275a1a46fe2e135deabd11522f9d748742e8cdbec76fe37c3fce2a2fcf00-package-chain4""]"	[20261849, 20261850, 20261851, 20261852]	4	0	0	500	diagnostics_complete_requires_mixing_review	500	50	37	1	36	0	0	4	0	1	3	0	63296	1932	0	24596	38700	0	1911	21	0
8c9273caab4064bce5d48888891d8cb29bdbb91c436ba0e22785507dfd3c04e3-broad	8c9273caab4064bce5d48888891d8cb29bdbb91c436ba0e22785507dfd3c04e3	broad	OG0000230	24	"[""OG0000230-envelope-mafft-floor1e-09-resolution6"",""OG0000230-envelope-famsa-floor1e-09-resolution6""]"	"[""8c9273caab4064bce5d48888891d8cb29bdbb91c436ba0e22785507dfd3c04e3-broad-chain1"",""8c9273caab4064bce5d48888891d8cb29bdbb91c436ba0e22785507dfd3c04e3-broad-chain2"",""8c9273caab4064bce5d48888891d8cb29bdbb91c436ba0e22785507dfd3c04e3-broad-chain3"",""8c9273caab4064bce5d48888891d8cb29bdbb91c436ba0e22785507dfd3c04e3-broad-chain4""]"	[20261853, 20261854, 20261855, 20261856]	4	0	0	250	diagnostics_complete_requires_mixing_review	750	75	37	19	18	0	0	4	0	1	3	0	11132	369	0	4823	6309	0	349	20	0
8c9273caab4064bce5d48888891d8cb29bdbb91c436ba0e22785507dfd3c04e3-broad	8c9273caab4064bce5d48888891d8cb29bdbb91c436ba0e22785507dfd3c04e3	broad	OG0000230	24	"[""OG0000230-envelope-mafft-floor1e-09-resolution6"",""OG0000230-envelope-famsa-floor1e-09-resolution6""]"	"[""8c9273caab4064bce5d48888891d8cb29bdbb91c436ba0e22785507dfd3c04e3-broad-chain1"",""8c9273caab4064bce5d48888891d8cb29bdbb91c436ba0e22785507dfd3c04e3-broad-chain2"",""8c9273caab4064bce5d48888891d8cb29bdbb91c436ba0e22785507dfd3c04e3-broad-chain3"",""8c9273caab4064bce5d48888891d8cb29bdbb91c436ba0e22785507dfd3c04e3-broad-chain4""]"	[20261853, 20261854, 20261855, 20261856]	4	0	0	500	diagnostics_complete_requires_mixing_review	500	50	37	16	21	0	0	4	0	0	4	0	11132	353	0	4655	6477	0	333	20	0
8c9273caab4064bce5d48888891d8cb29bdbb91c436ba0e22785507dfd3c04e3-centered	8c9273caab4064bce5d48888891d8cb29bdbb91c436ba0e22785507dfd3c04e3	centered	OG0000230	24	"[""OG0000230-envelope-mafft-floor1e-09-resolution6"",""OG0000230-envelope-famsa-floor1e-09-resolution6""]"	"[""8c9273caab4064bce5d48888891d8cb29bdbb91c436ba0e22785507dfd3c04e3-centered-chain1"",""8c9273caab4064bce5d48888891d8cb29bdbb91c436ba0e22785507dfd3c04e3-centered-chain2"",""8c9273caab4064bce5d48888891d8cb29bdbb91c436ba0e22785507dfd3c04e3-centered-chain3"",""8c9273caab4064bce5d48888891d8cb29bdbb91c436ba0e22785507dfd3c04e3-centered-chain4""]"	[20261857, 20261858, 20261859, 20261860]	4	0	0	250	diagnostics_complete_requires_mixing_review	750	75	37	18	19	0	0	4	0	1	3	0	11132	319	0	4616	6516	0	299	20	0
8c9273caab4064bce5d48888891d8cb29bdbb91c436ba0e22785507dfd3c04e3-centered	8c9273caab4064bce5d48888891d8cb29bdbb91c436ba0e22785507dfd3c04e3	centered	OG0000230	24	"[""OG0000230-envelope-mafft-floor1e-09-resolution6"",""OG0000230-envelope-famsa-floor1e-09-resolution6""]"	"[""8c9273caab4064bce5d48888891d8cb29bdbb91c436ba0e22785507dfd3c04e3-centered-chain1"",""8c9273caab4064bce5d48888891d8cb29bdbb91c436ba0e22785507dfd3c04e3-centered-chain2"",""8c9273caab4064bce5d48888891d8cb29bdbb91c436ba0e22785507dfd3c04e3-centered-chain3"",""8c9273caab4064bce5d48888891d8cb29bdbb91c436ba0e22785507dfd3c04e3-centered-chain4""]"	[20261857, 20261858, 20261859, 20261860]	4	0	0	500	diagnostics_complete_requires_mixing_review	500	50	37	17	20	0	0	4	0	1	3	0	11132	299	0	4544	6588	0	279	20	0
8c9273caab4064bce5d48888891d8cb29bdbb91c436ba0e22785507dfd3c04e3-package	8c9273caab4064bce5d48888891d8cb29bdbb91c436ba0e22785507dfd3c04e3	package	OG0000230	24	"[""OG0000230-envelope-mafft-floor1e-09-resolution6"",""OG0000230-envelope-famsa-floor1e-09-resolution6""]"	"[""8c9273caab4064bce5d48888891d8cb29bdbb91c436ba0e22785507dfd3c04e3-package-chain1"",""8c9273caab4064bce5d48888891d8cb29bdbb91c436ba0e22785507dfd3c04e3-package-chain2"",""8c9273caab4064bce5d48888891d8cb29bdbb91c436ba0e22785507dfd3c04e3-package-chain3"",""8c9273caab4064bce5d48888891d8cb29bdbb91c436ba0e22785507dfd3c04e3-package-chain4""]"	[20261861, 20261862, 20261863, 20261864]	4	0	0	250	diagnostics_complete_requires_mixing_review	750	75	37	19	18	0	0	4	0	0	4	0	11132	338	0	4810	6322	0	318	20	0
8c9273caab4064bce5d48888891d8cb29bdbb91c436ba0e22785507dfd3c04e3-package	8c9273caab4064bce5d48888891d8cb29bdbb91c436ba0e22785507dfd3c04e3	package	OG0000230	24	"[""OG0000230-envelope-mafft-floor1e-09-resolution6"",""OG0000230-envelope-famsa-floor1e-09-resolution6""]"	"[""8c9273caab4064bce5d48888891d8cb29bdbb91c436ba0e22785507dfd3c04e3-package-chain1"",""8c9273caab4064bce5d48888891d8cb29bdbb91c436ba0e22785507dfd3c04e3-package-chain2"",""8c9273caab4064bce5d48888891d8cb29bdbb91c436ba0e22785507dfd3c04e3-package-chain3"",""8c9273caab4064bce5d48888891d8cb29bdbb91c436ba0e22785507dfd3c04e3-package-chain4""]"	[20261861, 20261862, 20261863, 20261864]	4	0	0	500	diagnostics_complete_requires_mixing_review	500	50	37	17	20	0	0	4	0	0	4	0	11132	326	0	4561	6571	0	306	20	0
8f253aff94d6ce28f3fca0a5be84699ed27fe7acaa56f718dce2fd6348558452-broad	8f253aff94d6ce28f3fca0a5be84699ed27fe7acaa56f718dce2fd6348558452	broad	OG0000972	563	"[""OG0000972-alignment-mafft-floor1e-09-resolution0"",""OG0000972-alignment-famsa-floor1e-09-resolution0""]"	"[""8f253aff94d6ce28f3fca0a5be84699ed27fe7acaa56f718dce2fd6348558452-broad-chain1"",""8f253aff94d6ce28f3fca0a5be84699ed27fe7acaa56f718dce2fd6348558452-broad-chain2"",""8f253aff94d6ce28f3fca0a5be84699ed27fe7acaa56f718dce2fd6348558452-broad-chain3"",""8f253aff94d6ce28f3fca0a5be84699ed27fe7acaa56f718dce2fd6348558452-broad-chain4""]"	[20261865, 20261866, 20261867, 20261868]	4	0	0	250	diagnostics_complete_requires_mixing_review	750	75	37	1	36	0	0	4	0	0	4	0	485232	7053	0	226007	259225	0	7032	21	0
8f253aff94d6ce28f3fca0a5be84699ed27fe7acaa56f718dce2fd6348558452-broad	8f253aff94d6ce28f3fca0a5be84699ed27fe7acaa56f718dce2fd6348558452	broad	OG0000972	563	"[""OG0000972-alignment-mafft-floor1e-09-resolution0"",""OG0000972-alignment-famsa-floor1e-09-resolution0""]"	"[""8f253aff94d6ce28f3fca0a5be84699ed27fe7acaa56f718dce2fd6348558452-broad-chain1"",""8f253aff94d6ce28f3fca0a5be84699ed27fe7acaa56f718dce2fd6348558452-broad-chain2"",""8f253aff94d6ce28f3fca0a5be84699ed27fe7acaa56f718dce2fd6348558452-broad-chain3"",""8f253aff94d6ce28f3fca0a5be84699ed27fe7acaa56f718dce2fd6348558452-broad-chain4""]"	[20261865, 20261866, 20261867, 20261868]	4	0	0	500	diagnostics_complete_requires_mixing_review	500	50	37	1	36	0	0	4	0	0	4	0	485232	5983	0	210954	274278	0	5962	21	0
8f253aff94d6ce28f3fca0a5be84699ed27fe7acaa56f718dce2fd6348558452-centered	8f253aff94d6ce28f3fca0a5be84699ed27fe7acaa56f718dce2fd6348558452	centered	OG0000972	563	"[""OG0000972-alignment-mafft-floor1e-09-resolution0"",""OG0000972-alignment-famsa-floor1e-09-resolution0""]"	"[""8f253aff94d6ce28f3fca0a5be84699ed27fe7acaa56f718dce2fd6348558452-centered-chain1"",""8f253aff94d6ce28f3fca0a5be84699ed27fe7acaa56f718dce2fd6348558452-centered-chain2"",""8f253aff94d6ce28f3fca0a5be84699ed27fe7acaa56f718dce2fd6348558452-centered-chain3"",""8f253aff94d6ce28f3fca0a5be84699ed27fe7acaa56f718dce2fd6348558452-centered-chain4""]"	[20261869, 20261870, 20261871, 20261872]	4	0	0	250	diagnostics_complete_requires_mixing_review	750	75	37	2	35	0	0	4	0	0	4	0	485232	7006	0	234980	250252	0	6985	21	0
8f253aff94d6ce28f3fca0a5be84699ed27fe7acaa56f718dce2fd6348558452-centered	8f253aff94d6ce28f3fca0a5be84699ed27fe7acaa56f718dce2fd6348558452	centered	OG0000972	563	"[""OG0000972-alignment-mafft-floor1e-09-resolution0"",""OG0000972-alignment-famsa-floor1e-09-resolution0""]"	"[""8f253aff94d6ce28f3fca0a5be84699ed27fe7acaa56f718dce2fd6348558452-centered-chain1"",""8f253aff94d6ce28f3fca0a5be84699ed27fe7acaa56f718dce2fd6348558452-centered-chain2"",""8f253aff94d6ce28f3fca0a5be84699ed27fe7acaa56f718dce2fd6348558452-centered-chain3"",""8f253aff94d6ce28f3fca0a5be84699ed27fe7acaa56f718dce2fd6348558452-centered-chain4""]"	[20261869, 20261870, 20261871, 20261872]	4	0	0	500	diagnostics_complete_requires_mixing_review	500	50	37	2	35	0	0	4	0	0	4	0	485232	6021	0	228975	256257	0	6000	21	0
8f253aff94d6ce28f3fca0a5be84699ed27fe7acaa56f718dce2fd6348558452-package	8f253aff94d6ce28f3fca0a5be84699ed27fe7acaa56f718dce2fd6348558452	package	OG0000972	563	"[""OG0000972-alignment-mafft-floor1e-09-resolution0"",""OG0000972-alignment-famsa-floor1e-09-resolution0""]"	"[""8f253aff94d6ce28f3fca0a5be84699ed27fe7acaa56f718dce2fd6348558452-package-chain1"",""8f253aff94d6ce28f3fca0a5be84699ed27fe7acaa56f718dce2fd6348558452-package-chain2"",""8f253aff94d6ce28f3fca0a5be84699ed27fe7acaa56f718dce2fd6348558452-package-chain3"",""8f253aff94d6ce28f3fca0a5be84699ed27fe7acaa56f718dce2fd6348558452-package-chain4""]"	[20261873, 20261874, 20261875, 20261876]	3	1	1	250	unresolved_native_memory_failure																					0
8f253aff94d6ce28f3fca0a5be84699ed27fe7acaa56f718dce2fd6348558452-package	8f253aff94d6ce28f3fca0a5be84699ed27fe7acaa56f718dce2fd6348558452	package	OG0000972	563	"[""OG0000972-alignment-mafft-floor1e-09-resolution0"",""OG0000972-alignment-famsa-floor1e-09-resolution0""]"	"[""8f253aff94d6ce28f3fca0a5be84699ed27fe7acaa56f718dce2fd6348558452-package-chain1"",""8f253aff94d6ce28f3fca0a5be84699ed27fe7acaa56f718dce2fd6348558452-package-chain2"",""8f253aff94d6ce28f3fca0a5be84699ed27fe7acaa56f718dce2fd6348558452-package-chain3"",""8f253aff94d6ce28f3fca0a5be84699ed27fe7acaa56f718dce2fd6348558452-package-chain4""]"	[20261873, 20261874, 20261875, 20261876]	3	1	1	500	unresolved_native_memory_failure																					0
9283e8d19acd1cdcfb781ae9a609159b747e35279cddc71ea8060ea1e874b58c-broad	9283e8d19acd1cdcfb781ae9a609159b747e35279cddc71ea8060ea1e874b58c	broad	OG0000230	24	"[""OG0000230-whole-mafft-floor1e-09-resolution14"",""OG0000230-whole-famsa-floor1e-09-resolution14""]"	"[""9283e8d19acd1cdcfb781ae9a609159b747e35279cddc71ea8060ea1e874b58c-broad-chain1"",""9283e8d19acd1cdcfb781ae9a609159b747e35279cddc71ea8060ea1e874b58c-broad-chain2"",""9283e8d19acd1cdcfb781ae9a609159b747e35279cddc71ea8060ea1e874b58c-broad-chain3"",""9283e8d19acd1cdcfb781ae9a609159b747e35279cddc71ea8060ea1e874b58c-broad-chain4""]"	[20261877, 20261878, 20261879, 20261880]	4	0	0	250	diagnostics_complete_requires_mixing_review	750	75	37	3	34	0	0	4	0	1	3	0	63296	2221	0	27737	35559	0	2200	21	0
9283e8d19acd1cdcfb781ae9a609159b747e35279cddc71ea8060ea1e874b58c-broad	9283e8d19acd1cdcfb781ae9a609159b747e35279cddc71ea8060ea1e874b58c	broad	OG0000230	24	"[""OG0000230-whole-mafft-floor1e-09-resolution14"",""OG0000230-whole-famsa-floor1e-09-resolution14""]"	"[""9283e8d19acd1cdcfb781ae9a609159b747e35279cddc71ea8060ea1e874b58c-broad-chain1"",""9283e8d19acd1cdcfb781ae9a609159b747e35279cddc71ea8060ea1e874b58c-broad-chain2"",""9283e8d19acd1cdcfb781ae9a609159b747e35279cddc71ea8060ea1e874b58c-broad-chain3"",""9283e8d19acd1cdcfb781ae9a609159b747e35279cddc71ea8060ea1e874b58c-broad-chain4""]"	[20261877, 20261878, 20261879, 20261880]	4	0	0	500	diagnostics_complete_requires_mixing_review	500	50	37	1	36	0	0	4	0	1	3	0	63296	2077	0	25962	37334	0	2056	21	0
9283e8d19acd1cdcfb781ae9a609159b747e35279cddc71ea8060ea1e874b58c-centered	9283e8d19acd1cdcfb781ae9a609159b747e35279cddc71ea8060ea1e874b58c	centered	OG0000230	24	"[""OG0000230-whole-mafft-floor1e-09-resolution14"",""OG0000230-whole-famsa-floor1e-09-resolution14""]"	"[""9283e8d19acd1cdcfb781ae9a609159b747e35279cddc71ea8060ea1e874b58c-centered-chain1"",""9283e8d19acd1cdcfb781ae9a609159b747e35279cddc71ea8060ea1e874b58c-centered-chain2"",""9283e8d19acd1cdcfb781ae9a609159b747e35279cddc71ea8060ea1e874b58c-centered-chain3"",""9283e8d19acd1cdcfb781ae9a609159b747e35279cddc71ea8060ea1e874b58c-centered-chain4""]"	[20261881, 20261882, 20261883, 20261884]	4	0	0	250	diagnostics_complete_requires_mixing_review	750	75	37	1	36	0	0	4	0	1	3	0	63296	2206	0	25897	37399	0	2185	21	0
9283e8d19acd1cdcfb781ae9a609159b747e35279cddc71ea8060ea1e874b58c-centered	9283e8d19acd1cdcfb781ae9a609159b747e35279cddc71ea8060ea1e874b58c	centered	OG0000230	24	"[""OG0000230-whole-mafft-floor1e-09-resolution14"",""OG0000230-whole-famsa-floor1e-09-resolution14""]"	"[""9283e8d19acd1cdcfb781ae9a609159b747e35279cddc71ea8060ea1e874b58c-centered-chain1"",""9283e8d19acd1cdcfb781ae9a609159b747e35279cddc71ea8060ea1e874b58c-centered-chain2"",""9283e8d19acd1cdcfb781ae9a609159b747e35279cddc71ea8060ea1e874b58c-centered-chain3"",""9283e8d19acd1cdcfb781ae9a609159b747e35279cddc71ea8060ea1e874b58c-centered-chain4""]"	[20261881, 20261882, 20261883, 20261884]	4	0	0	500	diagnostics_complete_requires_mixing_review	500	50	37	1	36	0	0	4	0	1	3	0	63296	1995	0	23774	39522	0	1974	21	0
9283e8d19acd1cdcfb781ae9a609159b747e35279cddc71ea8060ea1e874b58c-package	9283e8d19acd1cdcfb781ae9a609159b747e35279cddc71ea8060ea1e874b58c	package	OG0000230	24	"[""OG0000230-whole-mafft-floor1e-09-resolution14"",""OG0000230-whole-famsa-floor1e-09-resolution14""]"	"[""9283e8d19acd1cdcfb781ae9a609159b747e35279cddc71ea8060ea1e874b58c-package-chain1"",""9283e8d19acd1cdcfb781ae9a609159b747e35279cddc71ea8060ea1e874b58c-package-chain2"",""9283e8d19acd1cdcfb781ae9a609159b747e35279cddc71ea8060ea1e874b58c-package-chain3"",""9283e8d19acd1cdcfb781ae9a609159b747e35279cddc71ea8060ea1e874b58c-package-chain4""]"	[20261885, 20261886, 20261887, 20261888]	4	0	0	250	diagnostics_complete_requires_mixing_review	750	75	37	8	29	0	0	4	0	1	3	0	63296	2035	0	24364	38932	0	2014	21	0
9283e8d19acd1cdcfb781ae9a609159b747e35279cddc71ea8060ea1e874b58c-package	9283e8d19acd1cdcfb781ae9a609159b747e35279cddc71ea8060ea1e874b58c	package	OG0000230	24	"[""OG0000230-whole-mafft-floor1e-09-resolution14"",""OG0000230-whole-famsa-floor1e-09-resolution14""]"	"[""9283e8d19acd1cdcfb781ae9a609159b747e35279cddc71ea8060ea1e874b58c-package-chain1"",""9283e8d19acd1cdcfb781ae9a609159b747e35279cddc71ea8060ea1e874b58c-package-chain2"",""9283e8d19acd1cdcfb781ae9a609159b747e35279cddc71ea8060ea1e874b58c-package-chain3"",""9283e8d19acd1cdcfb781ae9a609159b747e35279cddc71ea8060ea1e874b58c-package-chain4""]"	[20261885, 20261886, 20261887, 20261888]	4	0	0	500	diagnostics_complete_requires_mixing_review	500	50	37	7	30	0	0	4	0	1	3	0	63296	1845	0	22827	40469	0	1824	21	0
930e3256cf0f6c3a31f44c3da0e1809e7d51b5746e0421e6c1ebd7e84be62d1e-broad	930e3256cf0f6c3a31f44c3da0e1809e7d51b5746e0421e6c1ebd7e84be62d1e	broad	OG0000230	24	"[""OG0000230-envelope-mafft-floor1e-09-resolution13"",""OG0000230-envelope-famsa-floor1e-09-resolution13""]"	"[""930e3256cf0f6c3a31f44c3da0e1809e7d51b5746e0421e6c1ebd7e84be62d1e-broad-chain1"",""930e3256cf0f6c3a31f44c3da0e1809e7d51b5746e0421e6c1ebd7e84be62d1e-broad-chain2"",""930e3256cf0f6c3a31f44c3da0e1809e7d51b5746e0421e6c1ebd7e84be62d1e-broad-chain3"",""930e3256cf0f6c3a31f44c3da0e1809e7d51b5746e0421e6c1ebd7e84be62d1e-broad-chain4""]"	[20261889, 20261890, 20261891, 20261892]	4	0	0	250	diagnostics_complete_requires_mixing_review	750	75	37	19	18	0	0	4	0	1	3	0	11132	293	0	4352	6780	0	273	20	0
930e3256cf0f6c3a31f44c3da0e1809e7d51b5746e0421e6c1ebd7e84be62d1e-broad	930e3256cf0f6c3a31f44c3da0e1809e7d51b5746e0421e6c1ebd7e84be62d1e	broad	OG0000230	24	"[""OG0000230-envelope-mafft-floor1e-09-resolution13"",""OG0000230-envelope-famsa-floor1e-09-resolution13""]"	"[""930e3256cf0f6c3a31f44c3da0e1809e7d51b5746e0421e6c1ebd7e84be62d1e-broad-chain1"",""930e3256cf0f6c3a31f44c3da0e1809e7d51b5746e0421e6c1ebd7e84be62d1e-broad-chain2"",""930e3256cf0f6c3a31f44c3da0e1809e7d51b5746e0421e6c1ebd7e84be62d1e-broad-chain3"",""930e3256cf0f6c3a31f44c3da0e1809e7d51b5746e0421e6c1ebd7e84be62d1e-broad-chain4""]"	[20261889, 20261890, 20261891, 20261892]	4	0	0	500	diagnostics_complete_requires_mixing_review	500	50	37	17	20	0	0	4	0	1	3	0	11132	288	0	4280	6852	0	268	20	0
930e3256cf0f6c3a31f44c3da0e1809e7d51b5746e0421e6c1ebd7e84be62d1e-centered	930e3256cf0f6c3a31f44c3da0e1809e7d51b5746e0421e6c1ebd7e84be62d1e	centered	OG0000230	24	"[""OG0000230-envelope-mafft-floor1e-09-resolution13"",""OG0000230-envelope-famsa-floor1e-09-resolution13""]"	"[""930e3256cf0f6c3a31f44c3da0e1809e7d51b5746e0421e6c1ebd7e84be62d1e-centered-chain1"",""930e3256cf0f6c3a31f44c3da0e1809e7d51b5746e0421e6c1ebd7e84be62d1e-centered-chain2"",""930e3256cf0f6c3a31f44c3da0e1809e7d51b5746e0421e6c1ebd7e84be62d1e-centered-chain3"",""930e3256cf0f6c3a31f44c3da0e1809e7d51b5746e0421e6c1ebd7e84be62d1e-centered-chain4""]"	[20261893, 20261894, 20261895, 20261896]	4	0	0	250	diagnostics_complete_requires_mixing_review	750	75	37	18	19	0	0	4	0	1	3	0	11132	347	0	4912	6220	0	327	20	0
930e3256cf0f6c3a31f44c3da0e1809e7d51b5746e0421e6c1ebd7e84be62d1e-centered	930e3256cf0f6c3a31f44c3da0e1809e7d51b5746e0421e6c1ebd7e84be62d1e	centered	OG0000230	24	"[""OG0000230-envelope-mafft-floor1e-09-resolution13"",""OG0000230-envelope-famsa-floor1e-09-resolution13""]"	"[""930e3256cf0f6c3a31f44c3da0e1809e7d51b5746e0421e6c1ebd7e84be62d1e-centered-chain1"",""930e3256cf0f6c3a31f44c3da0e1809e7d51b5746e0421e6c1ebd7e84be62d1e-centered-chain2"",""930e3256cf0f6c3a31f44c3da0e1809e7d51b5746e0421e6c1ebd7e84be62d1e-centered-chain3"",""930e3256cf0f6c3a31f44c3da0e1809e7d51b5746e0421e6c1ebd7e84be62d1e-centered-chain4""]"	[20261893, 20261894, 20261895, 20261896]	4	0	0	500	diagnostics_complete_requires_mixing_review	500	50	37	17	20	0	0	4	0	0	4	0	11132	308	0	4387	6745	0	288	20	0
930e3256cf0f6c3a31f44c3da0e1809e7d51b5746e0421e6c1ebd7e84be62d1e-package	930e3256cf0f6c3a31f44c3da0e1809e7d51b5746e0421e6c1ebd7e84be62d1e	package	OG0000230	24	"[""OG0000230-envelope-mafft-floor1e-09-resolution13"",""OG0000230-envelope-famsa-floor1e-09-resolution13""]"	"[""930e3256cf0f6c3a31f44c3da0e1809e7d51b5746e0421e6c1ebd7e84be62d1e-package-chain1"",""930e3256cf0f6c3a31f44c3da0e1809e7d51b5746e0421e6c1ebd7e84be62d1e-package-chain2"",""930e3256cf0f6c3a31f44c3da0e1809e7d51b5746e0421e6c1ebd7e84be62d1e-package-chain3"",""930e3256cf0f6c3a31f44c3da0e1809e7d51b5746e0421e6c1ebd7e84be62d1e-package-chain4""]"	[20261897, 20261898, 20261899, 20261900]	4	0	0	250	diagnostics_complete_requires_mixing_review	750	75	37	17	20	0	0	4	0	1	3	0	11132	351	0	4612	6520	0	331	20	0
930e3256cf0f6c3a31f44c3da0e1809e7d51b5746e0421e6c1ebd7e84be62d1e-package	930e3256cf0f6c3a31f44c3da0e1809e7d51b5746e0421e6c1ebd7e84be62d1e	package	OG0000230	24	"[""OG0000230-envelope-mafft-floor1e-09-resolution13"",""OG0000230-envelope-famsa-floor1e-09-resolution13""]"	"[""930e3256cf0f6c3a31f44c3da0e1809e7d51b5746e0421e6c1ebd7e84be62d1e-package-chain1"",""930e3256cf0f6c3a31f44c3da0e1809e7d51b5746e0421e6c1ebd7e84be62d1e-package-chain2"",""930e3256cf0f6c3a31f44c3da0e1809e7d51b5746e0421e6c1ebd7e84be62d1e-package-chain3"",""930e3256cf0f6c3a31f44c3da0e1809e7d51b5746e0421e6c1ebd7e84be62d1e-package-chain4""]"	[20261897, 20261898, 20261899, 20261900]	4	0	0	500	diagnostics_complete_requires_mixing_review	500	50	37	17	20	0	0	4	0	1	3	0	11132	312	0	4324	6808	0	292	20	0
944083ccb0fce446b3632602c3c1b77d03f8c564f00a1ed0289e926e4f0929db-broad	944083ccb0fce446b3632602c3c1b77d03f8c564f00a1ed0289e926e4f0929db	broad	OG0000230	24	"[""OG0000230-envelope-mafft-floor1e-07-resolution9"",""OG0000230-envelope-famsa-floor1e-07-resolution9""]"	"[""944083ccb0fce446b3632602c3c1b77d03f8c564f00a1ed0289e926e4f0929db-broad-chain1"",""944083ccb0fce446b3632602c3c1b77d03f8c564f00a1ed0289e926e4f0929db-broad-chain2"",""944083ccb0fce446b3632602c3c1b77d03f8c564f00a1ed0289e926e4f0929db-broad-chain3"",""944083ccb0fce446b3632602c3c1b77d03f8c564f00a1ed0289e926e4f0929db-broad-chain4""]"	[20261901, 20261902, 20261903, 20261904]	4	0	0	250	diagnostics_complete_requires_mixing_review	750	75	37	19	18	0	0	4	0	1	3	0	11132	345	0	4862	6270	0	325	20	0
944083ccb0fce446b3632602c3c1b77d03f8c564f00a1ed0289e926e4f0929db-broad	944083ccb0fce446b3632602c3c1b77d03f8c564f00a1ed0289e926e4f0929db	broad	OG0000230	24	"[""OG0000230-envelope-mafft-floor1e-07-resolution9"",""OG0000230-envelope-famsa-floor1e-07-resolution9""]"	"[""944083ccb0fce446b3632602c3c1b77d03f8c564f00a1ed0289e926e4f0929db-broad-chain1"",""944083ccb0fce446b3632602c3c1b77d03f8c564f00a1ed0289e926e4f0929db-broad-chain2"",""944083ccb0fce446b3632602c3c1b77d03f8c564f00a1ed0289e926e4f0929db-broad-chain3"",""944083ccb0fce446b3632602c3c1b77d03f8c564f00a1ed0289e926e4f0929db-broad-chain4""]"	[20261901, 20261902, 20261903, 20261904]	4	0	0	500	diagnostics_complete_requires_mixing_review	500	50	37	17	20	0	0	4	0	1	3	0	11132	323	0	4702	6430	0	303	20	0
944083ccb0fce446b3632602c3c1b77d03f8c564f00a1ed0289e926e4f0929db-centered	944083ccb0fce446b3632602c3c1b77d03f8c564f00a1ed0289e926e4f0929db	centered	OG0000230	24	"[""OG0000230-envelope-mafft-floor1e-07-resolution9"",""OG0000230-envelope-famsa-floor1e-07-resolution9""]"	"[""944083ccb0fce446b3632602c3c1b77d03f8c564f00a1ed0289e926e4f0929db-centered-chain1"",""944083ccb0fce446b3632602c3c1b77d03f8c564f00a1ed0289e926e4f0929db-centered-chain2"",""944083ccb0fce446b3632602c3c1b77d03f8c564f00a1ed0289e926e4f0929db-centered-chain3"",""944083ccb0fce446b3632602c3c1b77d03f8c564f00a1ed0289e926e4f0929db-centered-chain4""]"	[20261905, 20261906, 20261907, 20261908]	4	0	0	250	diagnostics_complete_requires_mixing_review	750	75	37	17	20	0	0	4	0	1	3	0	11132	340	0	4672	6460	0	320	20	0
944083ccb0fce446b3632602c3c1b77d03f8c564f00a1ed0289e926e4f0929db-centered	944083ccb0fce446b3632602c3c1b77d03f8c564f00a1ed0289e926e4f0929db	centered	OG0000230	24	"[""OG0000230-envelope-mafft-floor1e-07-resolution9"",""OG0000230-envelope-famsa-floor1e-07-resolution9""]"	"[""944083ccb0fce446b3632602c3c1b77d03f8c564f00a1ed0289e926e4f0929db-centered-chain1"",""944083ccb0fce446b3632602c3c1b77d03f8c564f00a1ed0289e926e4f0929db-centered-chain2"",""944083ccb0fce446b3632602c3c1b77d03f8c564f00a1ed0289e926e4f0929db-centered-chain3"",""944083ccb0fce446b3632602c3c1b77d03f8c564f00a1ed0289e926e4f0929db-centered-chain4""]"	[20261905, 20261906, 20261907, 20261908]	4	0	0	500	diagnostics_complete_requires_mixing_review	500	50	37	17	20	0	0	4	0	1	3	0	11132	308	0	4400	6732	0	288	20	0
944083ccb0fce446b3632602c3c1b77d03f8c564f00a1ed0289e926e4f0929db-package	944083ccb0fce446b3632602c3c1b77d03f8c564f00a1ed0289e926e4f0929db	package	OG0000230	24	"[""OG0000230-envelope-mafft-floor1e-07-resolution9"",""OG0000230-envelope-famsa-floor1e-07-resolution9""]"	"[""944083ccb0fce446b3632602c3c1b77d03f8c564f00a1ed0289e926e4f0929db-package-chain1"",""944083ccb0fce446b3632602c3c1b77d03f8c564f00a1ed0289e926e4f0929db-package-chain2"",""944083ccb0fce446b3632602c3c1b77d03f8c564f00a1ed0289e926e4f0929db-package-chain3"",""944083ccb0fce446b3632602c3c1b77d03f8c564f00a1ed0289e926e4f0929db-package-chain4""]"	[20261909, 20261910, 20261911, 20261912]	4	0	0	250	diagnostics_complete_requires_mixing_review	750	75	37	19	18	0	0	4	0	1	3	0	11132	357	0	4900	6232	0	337	20	0
944083ccb0fce446b3632602c3c1b77d03f8c564f00a1ed0289e926e4f0929db-package	944083ccb0fce446b3632602c3c1b77d03f8c564f00a1ed0289e926e4f0929db	package	OG0000230	24	"[""OG0000230-envelope-mafft-floor1e-07-resolution9"",""OG0000230-envelope-famsa-floor1e-07-resolution9""]"	"[""944083ccb0fce446b3632602c3c1b77d03f8c564f00a1ed0289e926e4f0929db-package-chain1"",""944083ccb0fce446b3632602c3c1b77d03f8c564f00a1ed0289e926e4f0929db-package-chain2"",""944083ccb0fce446b3632602c3c1b77d03f8c564f00a1ed0289e926e4f0929db-package-chain3"",""944083ccb0fce446b3632602c3c1b77d03f8c564f00a1ed0289e926e4f0929db-package-chain4""]"	[20261909, 20261910, 20261911, 20261912]	4	0	0	500	diagnostics_complete_requires_mixing_review	500	50	37	17	20	0	0	4	0	1	3	0	11132	313	0	4354	6778	0	293	20	0
962d56c2c55a612eb119905855a51d11add29ff3b18064b24c840ec3cc360cfd-broad	962d56c2c55a612eb119905855a51d11add29ff3b18064b24c840ec3cc360cfd	broad	OG0000230	24	"[""OG0000230-envelope-mafft-floor1e-07-resolution11"",""OG0000230-envelope-famsa-floor1e-07-resolution11""]"	"[""962d56c2c55a612eb119905855a51d11add29ff3b18064b24c840ec3cc360cfd-broad-chain1"",""962d56c2c55a612eb119905855a51d11add29ff3b18064b24c840ec3cc360cfd-broad-chain2"",""962d56c2c55a612eb119905855a51d11add29ff3b18064b24c840ec3cc360cfd-broad-chain3"",""962d56c2c55a612eb119905855a51d11add29ff3b18064b24c840ec3cc360cfd-broad-chain4""]"	[20261913, 20261914, 20261915, 20261916]	4	0	0	250	diagnostics_complete_requires_mixing_review	750	75	37	18	19	0	0	4	0	1	3	0	11132	321	0	4606	6526	0	301	20	0
962d56c2c55a612eb119905855a51d11add29ff3b18064b24c840ec3cc360cfd-broad	962d56c2c55a612eb119905855a51d11add29ff3b18064b24c840ec3cc360cfd	broad	OG0000230	24	"[""OG0000230-envelope-mafft-floor1e-07-resolution11"",""OG0000230-envelope-famsa-floor1e-07-resolution11""]"	"[""962d56c2c55a612eb119905855a51d11add29ff3b18064b24c840ec3cc360cfd-broad-chain1"",""962d56c2c55a612eb119905855a51d11add29ff3b18064b24c840ec3cc360cfd-broad-chain2"",""962d56c2c55a612eb119905855a51d11add29ff3b18064b24c840ec3cc360cfd-broad-chain3"",""962d56c2c55a612eb119905855a51d11add29ff3b18064b24c840ec3cc360cfd-broad-chain4""]"	[20261913, 20261914, 20261915, 20261916]	4	0	0	500	diagnostics_complete_requires_mixing_review	500	50	37	17	20	0	0	4	0	0	4	0	11132	308	0	4386	6746	0	288	20	0
962d56c2c55a612eb119905855a51d11add29ff3b18064b24c840ec3cc360cfd-centered	962d56c2c55a612eb119905855a51d11add29ff3b18064b24c840ec3cc360cfd	centered	OG0000230	24	"[""OG0000230-envelope-mafft-floor1e-07-resolution11"",""OG0000230-envelope-famsa-floor1e-07-resolution11""]"	"[""962d56c2c55a612eb119905855a51d11add29ff3b18064b24c840ec3cc360cfd-centered-chain1"",""962d56c2c55a612eb119905855a51d11add29ff3b18064b24c840ec3cc360cfd-centered-chain2"",""962d56c2c55a612eb119905855a51d11add29ff3b18064b24c840ec3cc360cfd-centered-chain3"",""962d56c2c55a612eb119905855a51d11add29ff3b18064b24c840ec3cc360cfd-centered-chain4""]"	[20261917, 20261918, 20261919, 20261920]	4	0	0	250	diagnostics_complete_requires_mixing_review	750	75	37	18	19	0	0	4	0	1	3	0	11132	283	0	4316	6816	0	263	20	0
962d56c2c55a612eb119905855a51d11add29ff3b18064b24c840ec3cc360cfd-centered	962d56c2c55a612eb119905855a51d11add29ff3b18064b24c840ec3cc360cfd	centered	OG0000230	24	"[""OG0000230-envelope-mafft-floor1e-07-resolution11"",""OG0000230-envelope-famsa-floor1e-07-resolution11""]"	"[""962d56c2c55a612eb119905855a51d11add29ff3b18064b24c840ec3cc360cfd-centered-chain1"",""962d56c2c55a612eb119905855a51d11add29ff3b18064b24c840ec3cc360cfd-centered-chain2"",""962d56c2c55a612eb119905855a51d11add29ff3b18064b24c840ec3cc360cfd-centered-chain3"",""962d56c2c55a612eb119905855a51d11add29ff3b18064b24c840ec3cc360cfd-centered-chain4""]"	[20261917, 20261918, 20261919, 20261920]	4	0	0	500	diagnostics_complete_requires_mixing_review	500	50	37	15	22	0	0	4	0	0	4	0	11132	269	0	4145	6987	0	249	20	0
962d56c2c55a612eb119905855a51d11add29ff3b18064b24c840ec3cc360cfd-package	962d56c2c55a612eb119905855a51d11add29ff3b18064b24c840ec3cc360cfd	package	OG0000230	24	"[""OG0000230-envelope-mafft-floor1e-07-resolution11"",""OG0000230-envelope-famsa-floor1e-07-resolution11""]"	"[""962d56c2c55a612eb119905855a51d11add29ff3b18064b24c840ec3cc360cfd-package-chain1"",""962d56c2c55a612eb119905855a51d11add29ff3b18064b24c840ec3cc360cfd-package-chain2"",""962d56c2c55a612eb119905855a51d11add29ff3b18064b24c840ec3cc360cfd-package-chain3"",""962d56c2c55a612eb119905855a51d11add29ff3b18064b24c840ec3cc360cfd-package-chain4""]"	[20261921, 20261922, 20261923, 20261924]	4	0	0	250	diagnostics_complete_requires_mixing_review	750	75	37	17	20	0	0	4	0	1	3	0	11132	373	0	4858	6274	0	353	20	0
962d56c2c55a612eb119905855a51d11add29ff3b18064b24c840ec3cc360cfd-package	962d56c2c55a612eb119905855a51d11add29ff3b18064b24c840ec3cc360cfd	package	OG0000230	24	"[""OG0000230-envelope-mafft-floor1e-07-resolution11"",""OG0000230-envelope-famsa-floor1e-07-resolution11""]"	"[""962d56c2c55a612eb119905855a51d11add29ff3b18064b24c840ec3cc360cfd-package-chain1"",""962d56c2c55a612eb119905855a51d11add29ff3b18064b24c840ec3cc360cfd-package-chain2"",""962d56c2c55a612eb119905855a51d11add29ff3b18064b24c840ec3cc360cfd-package-chain3"",""962d56c2c55a612eb119905855a51d11add29ff3b18064b24c840ec3cc360cfd-package-chain4""]"	[20261921, 20261922, 20261923, 20261924]	4	0	0	500	diagnostics_complete_requires_mixing_review	500	50	37	17	20	0	0	4	0	1	3	0	11132	346	0	4675	6457	0	326	20	0
97ac455856535fbd0aacf671ba350b189b81c8efdc8a2dedf27e6a5f69eab878-broad	97ac455856535fbd0aacf671ba350b189b81c8efdc8a2dedf27e6a5f69eab878	broad	OG0000230	24	"[""OG0000230-envelope-mafft-floor1e-07-resolution14"",""OG0000230-envelope-famsa-floor1e-07-resolution14""]"	"[""97ac455856535fbd0aacf671ba350b189b81c8efdc8a2dedf27e6a5f69eab878-broad-chain1"",""97ac455856535fbd0aacf671ba350b189b81c8efdc8a2dedf27e6a5f69eab878-broad-chain2"",""97ac455856535fbd0aacf671ba350b189b81c8efdc8a2dedf27e6a5f69eab878-broad-chain3"",""97ac455856535fbd0aacf671ba350b189b81c8efdc8a2dedf27e6a5f69eab878-broad-chain4""]"	[20261925, 20261926, 20261927, 20261928]	4	0	0	250	diagnostics_complete_requires_mixing_review	750	75	37	17	20	0	0	4	0	1	3	0	11132	351	0	4650	6482	0	331	20	0
97ac455856535fbd0aacf671ba350b189b81c8efdc8a2dedf27e6a5f69eab878-broad	97ac455856535fbd0aacf671ba350b189b81c8efdc8a2dedf27e6a5f69eab878	broad	OG0000230	24	"[""OG0000230-envelope-mafft-floor1e-07-resolution14"",""OG0000230-envelope-famsa-floor1e-07-resolution14""]"	"[""97ac455856535fbd0aacf671ba350b189b81c8efdc8a2dedf27e6a5f69eab878-broad-chain1"",""97ac455856535fbd0aacf671ba350b189b81c8efdc8a2dedf27e6a5f69eab878-broad-chain2"",""97ac455856535fbd0aacf671ba350b189b81c8efdc8a2dedf27e6a5f69eab878-broad-chain3"",""97ac455856535fbd0aacf671ba350b189b81c8efdc8a2dedf27e6a5f69eab878-broad-chain4""]"	[20261925, 20261926, 20261927, 20261928]	4	0	0	500	diagnostics_complete_requires_mixing_review	500	50	37	17	20	0	0	4	0	1	3	0	11132	305	0	4262	6870	0	285	20	0
97ac455856535fbd0aacf671ba350b189b81c8efdc8a2dedf27e6a5f69eab878-centered	97ac455856535fbd0aacf671ba350b189b81c8efdc8a2dedf27e6a5f69eab878	centered	OG0000230	24	"[""OG0000230-envelope-mafft-floor1e-07-resolution14"",""OG0000230-envelope-famsa-floor1e-07-resolution14""]"	"[""97ac455856535fbd0aacf671ba350b189b81c8efdc8a2dedf27e6a5f69eab878-centered-chain1"",""97ac455856535fbd0aacf671ba350b189b81c8efdc8a2dedf27e6a5f69eab878-centered-chain2"",""97ac455856535fbd0aacf671ba350b189b81c8efdc8a2dedf27e6a5f69eab878-centered-chain3"",""97ac455856535fbd0aacf671ba350b189b81c8efdc8a2dedf27e6a5f69eab878-centered-chain4""]"	[20261929, 20261930, 20261931, 20261932]	4	0	0	250	diagnostics_complete_requires_mixing_review	750	75	37	17	20	0	0	4	0	1	3	0	11132	318	0	4577	6555	0	298	20	0
97ac455856535fbd0aacf671ba350b189b81c8efdc8a2dedf27e6a5f69eab878-centered	97ac455856535fbd0aacf671ba350b189b81c8efdc8a2dedf27e6a5f69eab878	centered	OG0000230	24	"[""OG0000230-envelope-mafft-floor1e-07-resolution14"",""OG0000230-envelope-famsa-floor1e-07-resolution14""]"	"[""97ac455856535fbd0aacf671ba350b189b81c8efdc8a2dedf27e6a5f69eab878-centered-chain1"",""97ac455856535fbd0aacf671ba350b189b81c8efdc8a2dedf27e6a5f69eab878-centered-chain2"",""97ac455856535fbd0aacf671ba350b189b81c8efdc8a2dedf27e6a5f69eab878-centered-chain3"",""97ac455856535fbd0aacf671ba350b189b81c8efdc8a2dedf27e6a5f69eab878-centered-chain4""]"	[20261929, 20261930, 20261931, 20261932]	4	0	0	500	diagnostics_complete_requires_mixing_review	500	50	37	17	20	0	0	4	0	0	4	0	11132	289	0	4395	6737	0	269	20	0
97ac455856535fbd0aacf671ba350b189b81c8efdc8a2dedf27e6a5f69eab878-package	97ac455856535fbd0aacf671ba350b189b81c8efdc8a2dedf27e6a5f69eab878	package	OG0000230	24	"[""OG0000230-envelope-mafft-floor1e-07-resolution14"",""OG0000230-envelope-famsa-floor1e-07-resolution14""]"	"[""97ac455856535fbd0aacf671ba350b189b81c8efdc8a2dedf27e6a5f69eab878-package-chain1"",""97ac455856535fbd0aacf671ba350b189b81c8efdc8a2dedf27e6a5f69eab878-package-chain2"",""97ac455856535fbd0aacf671ba350b189b81c8efdc8a2dedf27e6a5f69eab878-package-chain3"",""97ac455856535fbd0aacf671ba350b189b81c8efdc8a2dedf27e6a5f69eab878-package-chain4""]"	[20261933, 20261934, 20261935, 20261936]	4	0	0	250	diagnostics_complete_requires_mixing_review	750	75	37	19	18	0	0	4	0	1	3	0	11132	329	0	4633	6499	0	309	20	0
97ac455856535fbd0aacf671ba350b189b81c8efdc8a2dedf27e6a5f69eab878-package	97ac455856535fbd0aacf671ba350b189b81c8efdc8a2dedf27e6a5f69eab878	package	OG0000230	24	"[""OG0000230-envelope-mafft-floor1e-07-resolution14"",""OG0000230-envelope-famsa-floor1e-07-resolution14""]"	"[""97ac455856535fbd0aacf671ba350b189b81c8efdc8a2dedf27e6a5f69eab878-package-chain1"",""97ac455856535fbd0aacf671ba350b189b81c8efdc8a2dedf27e6a5f69eab878-package-chain2"",""97ac455856535fbd0aacf671ba350b189b81c8efdc8a2dedf27e6a5f69eab878-package-chain3"",""97ac455856535fbd0aacf671ba350b189b81c8efdc8a2dedf27e6a5f69eab878-package-chain4""]"	[20261933, 20261934, 20261935, 20261936]	4	0	0	500	diagnostics_complete_requires_mixing_review	500	50	37	16	21	0	0	4	0	1	3	0	11132	308	0	4336	6796	0	288	20	0
9a841bcd1f3fe4c8748e5ff0ccc52defdc61bc8721fc3bc20ac6bf194b3f72b2-broad	9a841bcd1f3fe4c8748e5ff0ccc52defdc61bc8721fc3bc20ac6bf194b3f72b2	broad	OG0000972	563	"[""OG0000972-alignment-mafft-floor1e-07-resolution0"",""OG0000972-alignment-famsa-floor1e-07-resolution0""]"	"[""9a841bcd1f3fe4c8748e5ff0ccc52defdc61bc8721fc3bc20ac6bf194b3f72b2-broad-chain1"",""9a841bcd1f3fe4c8748e5ff0ccc52defdc61bc8721fc3bc20ac6bf194b3f72b2-broad-chain2"",""9a841bcd1f3fe4c8748e5ff0ccc52defdc61bc8721fc3bc20ac6bf194b3f72b2-broad-chain3"",""9a841bcd1f3fe4c8748e5ff0ccc52defdc61bc8721fc3bc20ac6bf194b3f72b2-broad-chain4""]"	[20261937, 20261938, 20261939, 20261940]	4	0	0	250	diagnostics_complete_requires_mixing_review	750	75	37	0	37	0	0	4	0	0	4	0	485232	6749	0	227899	257333	0	6728	21	0
9a841bcd1f3fe4c8748e5ff0ccc52defdc61bc8721fc3bc20ac6bf194b3f72b2-broad	9a841bcd1f3fe4c8748e5ff0ccc52defdc61bc8721fc3bc20ac6bf194b3f72b2	broad	OG0000972	563	"[""OG0000972-alignment-mafft-floor1e-07-resolution0"",""OG0000972-alignment-famsa-floor1e-07-resolution0""]"	"[""9a841bcd1f3fe4c8748e5ff0ccc52defdc61bc8721fc3bc20ac6bf194b3f72b2-broad-chain1"",""9a841bcd1f3fe4c8748e5ff0ccc52defdc61bc8721fc3bc20ac6bf194b3f72b2-broad-chain2"",""9a841bcd1f3fe4c8748e5ff0ccc52defdc61bc8721fc3bc20ac6bf194b3f72b2-broad-chain3"",""9a841bcd1f3fe4c8748e5ff0ccc52defdc61bc8721fc3bc20ac6bf194b3f72b2-broad-chain4""]"	[20261937, 20261938, 20261939, 20261940]	4	0	0	500	diagnostics_complete_requires_mixing_review	500	50	37	0	37	0	0	4	0	0	4	0	485232	5790	0	212107	273125	0	5769	21	0
9a841bcd1f3fe4c8748e5ff0ccc52defdc61bc8721fc3bc20ac6bf194b3f72b2-centered	9a841bcd1f3fe4c8748e5ff0ccc52defdc61bc8721fc3bc20ac6bf194b3f72b2	centered	OG0000972	563	"[""OG0000972-alignment-mafft-floor1e-07-resolution0"",""OG0000972-alignment-famsa-floor1e-07-resolution0""]"	"[""9a841bcd1f3fe4c8748e5ff0ccc52defdc61bc8721fc3bc20ac6bf194b3f72b2-centered-chain1"",""9a841bcd1f3fe4c8748e5ff0ccc52defdc61bc8721fc3bc20ac6bf194b3f72b2-centered-chain2"",""9a841bcd1f3fe4c8748e5ff0ccc52defdc61bc8721fc3bc20ac6bf194b3f72b2-centered-chain3"",""9a841bcd1f3fe4c8748e5ff0ccc52defdc61bc8721fc3bc20ac6bf194b3f72b2-centered-chain4""]"	[20261941, 20261942, 20261943, 20261944]	4	0	1	250	diagnostics_complete_requires_mixing_review	750	75	37	0	37	0	0	4	0	0	4	0	485232	7281	0	227068	258164	0	7260	21	0
9a841bcd1f3fe4c8748e5ff0ccc52defdc61bc8721fc3bc20ac6bf194b3f72b2-centered	9a841bcd1f3fe4c8748e5ff0ccc52defdc61bc8721fc3bc20ac6bf194b3f72b2	centered	OG0000972	563	"[""OG0000972-alignment-mafft-floor1e-07-resolution0"",""OG0000972-alignment-famsa-floor1e-07-resolution0""]"	"[""9a841bcd1f3fe4c8748e5ff0ccc52defdc61bc8721fc3bc20ac6bf194b3f72b2-centered-chain1"",""9a841bcd1f3fe4c8748e5ff0ccc52defdc61bc8721fc3bc20ac6bf194b3f72b2-centered-chain2"",""9a841bcd1f3fe4c8748e5ff0ccc52defdc61bc8721fc3bc20ac6bf194b3f72b2-centered-chain3"",""9a841bcd1f3fe4c8748e5ff0ccc52defdc61bc8721fc3bc20ac6bf194b3f72b2-centered-chain4""]"	[20261941, 20261942, 20261943, 20261944]	4	0	1	500	diagnostics_complete_requires_mixing_review	500	50	37	0	37	0	0	4	0	0	4	0	485232	6260	0	214798	270434	0	6239	21	0
9a841bcd1f3fe4c8748e5ff0ccc52defdc61bc8721fc3bc20ac6bf194b3f72b2-package	9a841bcd1f3fe4c8748e5ff0ccc52defdc61bc8721fc3bc20ac6bf194b3f72b2	package	OG0000972	563	"[""OG0000972-alignment-mafft-floor1e-07-resolution0"",""OG0000972-alignment-famsa-floor1e-07-resolution0""]"	"[""9a841bcd1f3fe4c8748e5ff0ccc52defdc61bc8721fc3bc20ac6bf194b3f72b2-package-chain1"",""9a841bcd1f3fe4c8748e5ff0ccc52defdc61bc8721fc3bc20ac6bf194b3f72b2-package-chain2"",""9a841bcd1f3fe4c8748e5ff0ccc52defdc61bc8721fc3bc20ac6bf194b3f72b2-package-chain3"",""9a841bcd1f3fe4c8748e5ff0ccc52defdc61bc8721fc3bc20ac6bf194b3f72b2-package-chain4""]"	[20261945, 20261946, 20261947, 20261948]	4	0	0	250	diagnostics_complete_requires_mixing_review	750	75	37	1	36	0	0	4	0	0	4	0	485232	6810	0	219271	265961	0	6789	21	0
9a841bcd1f3fe4c8748e5ff0ccc52defdc61bc8721fc3bc20ac6bf194b3f72b2-package	9a841bcd1f3fe4c8748e5ff0ccc52defdc61bc8721fc3bc20ac6bf194b3f72b2	package	OG0000972	563	"[""OG0000972-alignment-mafft-floor1e-07-resolution0"",""OG0000972-alignment-famsa-floor1e-07-resolution0""]"	"[""9a841bcd1f3fe4c8748e5ff0ccc52defdc61bc8721fc3bc20ac6bf194b3f72b2-package-chain1"",""9a841bcd1f3fe4c8748e5ff0ccc52defdc61bc8721fc3bc20ac6bf194b3f72b2-package-chain2"",""9a841bcd1f3fe4c8748e5ff0ccc52defdc61bc8721fc3bc20ac6bf194b3f72b2-package-chain3"",""9a841bcd1f3fe4c8748e5ff0ccc52defdc61bc8721fc3bc20ac6bf194b3f72b2-package-chain4""]"	[20261945, 20261946, 20261947, 20261948]	4	0	0	500	diagnostics_complete_requires_mixing_review	500	50	37	2	35	0	0	4	0	0	4	0	485232	5854	0	208388	276844	0	5833	21	0
9b92fbbb126a2db7b15e7c72df7eb6447db40116420a41c9b2197294eac105e0-broad	9b92fbbb126a2db7b15e7c72df7eb6447db40116420a41c9b2197294eac105e0	broad	OG0000095	83	"[""OG0000095-envelope-mafft-floor1e-09-resolution0"",""OG0000095-envelope-famsa-floor1e-09-resolution0""]"	"[""9b92fbbb126a2db7b15e7c72df7eb6447db40116420a41c9b2197294eac105e0-broad-chain1"",""9b92fbbb126a2db7b15e7c72df7eb6447db40116420a41c9b2197294eac105e0-broad-chain2"",""9b92fbbb126a2db7b15e7c72df7eb6447db40116420a41c9b2197294eac105e0-broad-chain3"",""9b92fbbb126a2db7b15e7c72df7eb6447db40116420a41c9b2197294eac105e0-broad-chain4""]"	[20261949, 20261950, 20261951, 20261952]	4	0	0	250	diagnostics_complete_requires_mixing_review	750	75	37	1	36	0	0	4	0	1	3	0	32808	3408	0	17973	14835	0	3388	20	0
9b92fbbb126a2db7b15e7c72df7eb6447db40116420a41c9b2197294eac105e0-broad	9b92fbbb126a2db7b15e7c72df7eb6447db40116420a41c9b2197294eac105e0	broad	OG0000095	83	"[""OG0000095-envelope-mafft-floor1e-09-resolution0"",""OG0000095-envelope-famsa-floor1e-09-resolution0""]"	"[""9b92fbbb126a2db7b15e7c72df7eb6447db40116420a41c9b2197294eac105e0-broad-chain1"",""9b92fbbb126a2db7b15e7c72df7eb6447db40116420a41c9b2197294eac105e0-broad-chain2"",""9b92fbbb126a2db7b15e7c72df7eb6447db40116420a41c9b2197294eac105e0-broad-chain3"",""9b92fbbb126a2db7b15e7c72df7eb6447db40116420a41c9b2197294eac105e0-broad-chain4""]"	[20261949, 20261950, 20261951, 20261952]	4	0	0	500	diagnostics_complete_requires_mixing_review	500	50	37	1	36	0	0	4	0	1	3	0	32808	3189	0	16697	16111	0	3169	20	0
9b92fbbb126a2db7b15e7c72df7eb6447db40116420a41c9b2197294eac105e0-centered	9b92fbbb126a2db7b15e7c72df7eb6447db40116420a41c9b2197294eac105e0	centered	OG0000095	83	"[""OG0000095-envelope-mafft-floor1e-09-resolution0"",""OG0000095-envelope-famsa-floor1e-09-resolution0""]"	"[""9b92fbbb126a2db7b15e7c72df7eb6447db40116420a41c9b2197294eac105e0-centered-chain1"",""9b92fbbb126a2db7b15e7c72df7eb6447db40116420a41c9b2197294eac105e0-centered-chain2"",""9b92fbbb126a2db7b15e7c72df7eb6447db40116420a41c9b2197294eac105e0-centered-chain3"",""9b92fbbb126a2db7b15e7c72df7eb6447db40116420a41c9b2197294eac105e0-centered-chain4""]"	[20261953, 20261954, 20261955, 20261956]	4	0	0	250	diagnostics_complete_requires_mixing_review	750	75	37	0	37	0	0	4	0	2	2	0	32808	3198	0	18554	14254	0	3178	20	0
9b92fbbb126a2db7b15e7c72df7eb6447db40116420a41c9b2197294eac105e0-centered	9b92fbbb126a2db7b15e7c72df7eb6447db40116420a41c9b2197294eac105e0	centered	OG0000095	83	"[""OG0000095-envelope-mafft-floor1e-09-resolution0"",""OG0000095-envelope-famsa-floor1e-09-resolution0""]"	"[""9b92fbbb126a2db7b15e7c72df7eb6447db40116420a41c9b2197294eac105e0-centered-chain1"",""9b92fbbb126a2db7b15e7c72df7eb6447db40116420a41c9b2197294eac105e0-centered-chain2"",""9b92fbbb126a2db7b15e7c72df7eb6447db40116420a41c9b2197294eac105e0-centered-chain3"",""9b92fbbb126a2db7b15e7c72df7eb6447db40116420a41c9b2197294eac105e0-centered-chain4""]"	[20261953, 20261954, 20261955, 20261956]	4	0	0	500	diagnostics_complete_requires_mixing_review	500	50	37	1	36	0	0	4	0	2	2	0	32808	3035	0	17841	14967	0	3015	20	0
9b92fbbb126a2db7b15e7c72df7eb6447db40116420a41c9b2197294eac105e0-package	9b92fbbb126a2db7b15e7c72df7eb6447db40116420a41c9b2197294eac105e0	package	OG0000095	83	"[""OG0000095-envelope-mafft-floor1e-09-resolution0"",""OG0000095-envelope-famsa-floor1e-09-resolution0""]"	"[""9b92fbbb126a2db7b15e7c72df7eb6447db40116420a41c9b2197294eac105e0-package-chain1"",""9b92fbbb126a2db7b15e7c72df7eb6447db40116420a41c9b2197294eac105e0-package-chain2"",""9b92fbbb126a2db7b15e7c72df7eb6447db40116420a41c9b2197294eac105e0-package-chain3"",""9b92fbbb126a2db7b15e7c72df7eb6447db40116420a41c9b2197294eac105e0-package-chain4""]"	[20261957, 20261958, 20261959, 20261960]	4	0	0	250	diagnostics_complete_requires_mixing_review	750	75	37	2	35	0	0	4	0	0	4	0	32808	3367	0	18537	14271	0	3347	20	0
9b92fbbb126a2db7b15e7c72df7eb6447db40116420a41c9b2197294eac105e0-package	9b92fbbb126a2db7b15e7c72df7eb6447db40116420a41c9b2197294eac105e0	package	OG0000095	83	"[""OG0000095-envelope-mafft-floor1e-09-resolution0"",""OG0000095-envelope-famsa-floor1e-09-resolution0""]"	"[""9b92fbbb126a2db7b15e7c72df7eb6447db40116420a41c9b2197294eac105e0-package-chain1"",""9b92fbbb126a2db7b15e7c72df7eb6447db40116420a41c9b2197294eac105e0-package-chain2"",""9b92fbbb126a2db7b15e7c72df7eb6447db40116420a41c9b2197294eac105e0-package-chain3"",""9b92fbbb126a2db7b15e7c72df7eb6447db40116420a41c9b2197294eac105e0-package-chain4""]"	[20261957, 20261958, 20261959, 20261960]	4	0	0	500	diagnostics_complete_requires_mixing_review	500	50	37	0	37	0	0	4	0	0	4	0	32808	3193	0	17986	14822	0	3173	20	0
9bfa1c6962db2d5afa8a1c216c65c54b39990a821fb0edac01288716cc03aff0-broad	9bfa1c6962db2d5afa8a1c216c65c54b39990a821fb0edac01288716cc03aff0	broad	OG0000230	24	"[""OG0000230-alignment-mafft-floor1e-07-resolution5"",""OG0000230-alignment-famsa-floor1e-07-resolution5""]"	"[""9bfa1c6962db2d5afa8a1c216c65c54b39990a821fb0edac01288716cc03aff0-broad-chain1"",""9bfa1c6962db2d5afa8a1c216c65c54b39990a821fb0edac01288716cc03aff0-broad-chain2"",""9bfa1c6962db2d5afa8a1c216c65c54b39990a821fb0edac01288716cc03aff0-broad-chain3"",""9bfa1c6962db2d5afa8a1c216c65c54b39990a821fb0edac01288716cc03aff0-broad-chain4""]"	[20261961, 20261962, 20261963, 20261964]	4	0	0	250	diagnostics_complete_requires_mixing_review	750	75	37	10	27	0	0	4	0	0	4	0	10924	484	0	6073	4851	0	464	20	0
9bfa1c6962db2d5afa8a1c216c65c54b39990a821fb0edac01288716cc03aff0-broad	9bfa1c6962db2d5afa8a1c216c65c54b39990a821fb0edac01288716cc03aff0	broad	OG0000230	24	"[""OG0000230-alignment-mafft-floor1e-07-resolution5"",""OG0000230-alignment-famsa-floor1e-07-resolution5""]"	"[""9bfa1c6962db2d5afa8a1c216c65c54b39990a821fb0edac01288716cc03aff0-broad-chain1"",""9bfa1c6962db2d5afa8a1c216c65c54b39990a821fb0edac01288716cc03aff0-broad-chain2"",""9bfa1c6962db2d5afa8a1c216c65c54b39990a821fb0edac01288716cc03aff0-broad-chain3"",""9bfa1c6962db2d5afa8a1c216c65c54b39990a821fb0edac01288716cc03aff0-broad-chain4""]"	[20261961, 20261962, 20261963, 20261964]	4	0	0	500	diagnostics_complete_requires_mixing_review	500	50	37	9	28	0	0	4	0	0	4	0	10924	438	0	5751	5173	0	418	20	0
9bfa1c6962db2d5afa8a1c216c65c54b39990a821fb0edac01288716cc03aff0-centered	9bfa1c6962db2d5afa8a1c216c65c54b39990a821fb0edac01288716cc03aff0	centered	OG0000230	24	"[""OG0000230-alignment-mafft-floor1e-07-resolution5"",""OG0000230-alignment-famsa-floor1e-07-resolution5""]"	"[""9bfa1c6962db2d5afa8a1c216c65c54b39990a821fb0edac01288716cc03aff0-centered-chain1"",""9bfa1c6962db2d5afa8a1c216c65c54b39990a821fb0edac01288716cc03aff0-centered-chain2"",""9bfa1c6962db2d5afa8a1c216c65c54b39990a821fb0edac01288716cc03aff0-centered-chain3"",""9bfa1c6962db2d5afa8a1c216c65c54b39990a821fb0edac01288716cc03aff0-centered-chain4""]"	[20261965, 20261966, 20261967, 20261968]	4	0	0	250	diagnostics_complete_requires_mixing_review	750	75	37	10	27	0	0	4	0	0	4	0	10924	466	0	6018	4906	0	446	20	0
9bfa1c6962db2d5afa8a1c216c65c54b39990a821fb0edac01288716cc03aff0-centered	9bfa1c6962db2d5afa8a1c216c65c54b39990a821fb0edac01288716cc03aff0	centered	OG0000230	24	"[""OG0000230-alignment-mafft-floor1e-07-resolution5"",""OG0000230-alignment-famsa-floor1e-07-resolution5""]"	"[""9bfa1c6962db2d5afa8a1c216c65c54b39990a821fb0edac01288716cc03aff0-centered-chain1"",""9bfa1c6962db2d5afa8a1c216c65c54b39990a821fb0edac01288716cc03aff0-centered-chain2"",""9bfa1c6962db2d5afa8a1c216c65c54b39990a821fb0edac01288716cc03aff0-centered-chain3"",""9bfa1c6962db2d5afa8a1c216c65c54b39990a821fb0edac01288716cc03aff0-centered-chain4""]"	[20261965, 20261966, 20261967, 20261968]	4	0	0	500	diagnostics_complete_requires_mixing_review	500	50	37	17	20	0	0	4	0	0	4	0	10924	407	0	5570	5354	0	387	20	0
9bfa1c6962db2d5afa8a1c216c65c54b39990a821fb0edac01288716cc03aff0-package	9bfa1c6962db2d5afa8a1c216c65c54b39990a821fb0edac01288716cc03aff0	package	OG0000230	24	"[""OG0000230-alignment-mafft-floor1e-07-resolution5"",""OG0000230-alignment-famsa-floor1e-07-resolution5""]"	"[""9bfa1c6962db2d5afa8a1c216c65c54b39990a821fb0edac01288716cc03aff0-package-chain1"",""9bfa1c6962db2d5afa8a1c216c65c54b39990a821fb0edac01288716cc03aff0-package-chain2"",""9bfa1c6962db2d5afa8a1c216c65c54b39990a821fb0edac01288716cc03aff0-package-chain3"",""9bfa1c6962db2d5afa8a1c216c65c54b39990a821fb0edac01288716cc03aff0-package-chain4""]"	[20261969, 20261970, 20261971, 20261972]	4	0	0	250	diagnostics_complete_requires_mixing_review	750	75	37	2	35	0	0	4	0	0	4	0	10924	458	0	5864	5060	0	438	20	0
9bfa1c6962db2d5afa8a1c216c65c54b39990a821fb0edac01288716cc03aff0-package	9bfa1c6962db2d5afa8a1c216c65c54b39990a821fb0edac01288716cc03aff0	package	OG0000230	24	"[""OG0000230-alignment-mafft-floor1e-07-resolution5"",""OG0000230-alignment-famsa-floor1e-07-resolution5""]"	"[""9bfa1c6962db2d5afa8a1c216c65c54b39990a821fb0edac01288716cc03aff0-package-chain1"",""9bfa1c6962db2d5afa8a1c216c65c54b39990a821fb0edac01288716cc03aff0-package-chain2"",""9bfa1c6962db2d5afa8a1c216c65c54b39990a821fb0edac01288716cc03aff0-package-chain3"",""9bfa1c6962db2d5afa8a1c216c65c54b39990a821fb0edac01288716cc03aff0-package-chain4""]"	[20261969, 20261970, 20261971, 20261972]	4	0	0	500	diagnostics_complete_requires_mixing_review	500	50	37	1	36	0	0	4	0	0	4	0	10924	405	0	5501	5423	0	385	20	0
9c3fe8e4aabbf63dafe8196f67c8fac6ba7e2331842b3a29b922540ffbec9d6e-broad	9c3fe8e4aabbf63dafe8196f67c8fac6ba7e2331842b3a29b922540ffbec9d6e	broad	OG0000230	24	"[""OG0000230-whole-mafft-floor1e-09-resolution12"",""OG0000230-whole-famsa-floor1e-09-resolution12""]"	"[""9c3fe8e4aabbf63dafe8196f67c8fac6ba7e2331842b3a29b922540ffbec9d6e-broad-chain1"",""9c3fe8e4aabbf63dafe8196f67c8fac6ba7e2331842b3a29b922540ffbec9d6e-broad-chain2"",""9c3fe8e4aabbf63dafe8196f67c8fac6ba7e2331842b3a29b922540ffbec9d6e-broad-chain3"",""9c3fe8e4aabbf63dafe8196f67c8fac6ba7e2331842b3a29b922540ffbec9d6e-broad-chain4""]"	[20261973, 20261974, 20261975, 20261976]	4	0	0	250	diagnostics_complete_requires_mixing_review	750	75	37	2	35	0	0	4	0	1	3	0	63296	2183	0	24959	38337	0	2162	21	0
9c3fe8e4aabbf63dafe8196f67c8fac6ba7e2331842b3a29b922540ffbec9d6e-broad	9c3fe8e4aabbf63dafe8196f67c8fac6ba7e2331842b3a29b922540ffbec9d6e	broad	OG0000230	24	"[""OG0000230-whole-mafft-floor1e-09-resolution12"",""OG0000230-whole-famsa-floor1e-09-resolution12""]"	"[""9c3fe8e4aabbf63dafe8196f67c8fac6ba7e2331842b3a29b922540ffbec9d6e-broad-chain1"",""9c3fe8e4aabbf63dafe8196f67c8fac6ba7e2331842b3a29b922540ffbec9d6e-broad-chain2"",""9c3fe8e4aabbf63dafe8196f67c8fac6ba7e2331842b3a29b922540ffbec9d6e-broad-chain3"",""9c3fe8e4aabbf63dafe8196f67c8fac6ba7e2331842b3a29b922540ffbec9d6e-broad-chain4""]"	[20261973, 20261974, 20261975, 20261976]	4	0	0	500	diagnostics_complete_requires_mixing_review	500	50	37	3	34	0	0	4	0	1	3	0	63296	2025	0	23672	39624	0	2004	21	0
9c3fe8e4aabbf63dafe8196f67c8fac6ba7e2331842b3a29b922540ffbec9d6e-centered	9c3fe8e4aabbf63dafe8196f67c8fac6ba7e2331842b3a29b922540ffbec9d6e	centered	OG0000230	24	"[""OG0000230-whole-mafft-floor1e-09-resolution12"",""OG0000230-whole-famsa-floor1e-09-resolution12""]"	"[""9c3fe8e4aabbf63dafe8196f67c8fac6ba7e2331842b3a29b922540ffbec9d6e-centered-chain1"",""9c3fe8e4aabbf63dafe8196f67c8fac6ba7e2331842b3a29b922540ffbec9d6e-centered-chain2"",""9c3fe8e4aabbf63dafe8196f67c8fac6ba7e2331842b3a29b922540ffbec9d6e-centered-chain3"",""9c3fe8e4aabbf63dafe8196f67c8fac6ba7e2331842b3a29b922540ffbec9d6e-centered-chain4""]"	[20261977, 20261978, 20261979, 20261980]	4	0	0	250	diagnostics_complete_requires_mixing_review	750	75	37	2	35	0	0	4	0	1	3	0	63296	2188	0	27036	36260	0	2167	21	0
9c3fe8e4aabbf63dafe8196f67c8fac6ba7e2331842b3a29b922540ffbec9d6e-centered	9c3fe8e4aabbf63dafe8196f67c8fac6ba7e2331842b3a29b922540ffbec9d6e	centered	OG0000230	24	"[""OG0000230-whole-mafft-floor1e-09-resolution12"",""OG0000230-whole-famsa-floor1e-09-resolution12""]"	"[""9c3fe8e4aabbf63dafe8196f67c8fac6ba7e2331842b3a29b922540ffbec9d6e-centered-chain1"",""9c3fe8e4aabbf63dafe8196f67c8fac6ba7e2331842b3a29b922540ffbec9d6e-centered-chain2"",""9c3fe8e4aabbf63dafe8196f67c8fac6ba7e2331842b3a29b922540ffbec9d6e-centered-chain3"",""9c3fe8e4aabbf63dafe8196f67c8fac6ba7e2331842b3a29b922540ffbec9d6e-centered-chain4""]"	[20261977, 20261978, 20261979, 20261980]	4	0	0	500	diagnostics_complete_requires_mixing_review	500	50	37	1	36	0	0	4	0	1	3	0	63296	1925	0	24454	38842	0	1904	21	0
9c3fe8e4aabbf63dafe8196f67c8fac6ba7e2331842b3a29b922540ffbec9d6e-package	9c3fe8e4aabbf63dafe8196f67c8fac6ba7e2331842b3a29b922540ffbec9d6e	package	OG0000230	24	"[""OG0000230-whole-mafft-floor1e-09-resolution12"",""OG0000230-whole-famsa-floor1e-09-resolution12""]"	"[""9c3fe8e4aabbf63dafe8196f67c8fac6ba7e2331842b3a29b922540ffbec9d6e-package-chain1"",""9c3fe8e4aabbf63dafe8196f67c8fac6ba7e2331842b3a29b922540ffbec9d6e-package-chain2"",""9c3fe8e4aabbf63dafe8196f67c8fac6ba7e2331842b3a29b922540ffbec9d6e-package-chain3"",""9c3fe8e4aabbf63dafe8196f67c8fac6ba7e2331842b3a29b922540ffbec9d6e-package-chain4""]"	[20261981, 20261982, 20261983, 20261984]	4	0	0	250	diagnostics_complete_requires_mixing_review	750	75	37	1	36	0	0	4	0	1	3	0	63296	2170	0	25512	37784	0	2149	21	0
9c3fe8e4aabbf63dafe8196f67c8fac6ba7e2331842b3a29b922540ffbec9d6e-package	9c3fe8e4aabbf63dafe8196f67c8fac6ba7e2331842b3a29b922540ffbec9d6e	package	OG0000230	24	"[""OG0000230-whole-mafft-floor1e-09-resolution12"",""OG0000230-whole-famsa-floor1e-09-resolution12""]"	"[""9c3fe8e4aabbf63dafe8196f67c8fac6ba7e2331842b3a29b922540ffbec9d6e-package-chain1"",""9c3fe8e4aabbf63dafe8196f67c8fac6ba7e2331842b3a29b922540ffbec9d6e-package-chain2"",""9c3fe8e4aabbf63dafe8196f67c8fac6ba7e2331842b3a29b922540ffbec9d6e-package-chain3"",""9c3fe8e4aabbf63dafe8196f67c8fac6ba7e2331842b3a29b922540ffbec9d6e-package-chain4""]"	[20261981, 20261982, 20261983, 20261984]	4	0	0	500	diagnostics_complete_requires_mixing_review	500	50	37	1	36	0	0	4	0	1	3	0	63296	2031	0	23951	39345	0	2010	21	0
9fc6a2abce66cba509b810ab65ae41f1e8b33091aca0af76578f744a0402ec6f-broad	9fc6a2abce66cba509b810ab65ae41f1e8b33091aca0af76578f744a0402ec6f	broad	OG0000230	24	"[""OG0000230-alignment-mafft-floor1e-09-resolution6"",""OG0000230-alignment-famsa-floor1e-09-resolution6""]"	"[""9fc6a2abce66cba509b810ab65ae41f1e8b33091aca0af76578f744a0402ec6f-broad-chain1"",""9fc6a2abce66cba509b810ab65ae41f1e8b33091aca0af76578f744a0402ec6f-broad-chain2"",""9fc6a2abce66cba509b810ab65ae41f1e8b33091aca0af76578f744a0402ec6f-broad-chain3"",""9fc6a2abce66cba509b810ab65ae41f1e8b33091aca0af76578f744a0402ec6f-broad-chain4""]"	[20261985, 20261986, 20261987, 20261988]	4	0	0	250	diagnostics_complete_requires_mixing_review	750	75	37	9	28	0	0	4	0	0	4	0	10924	424	0	5723	5201	0	404	20	0
9fc6a2abce66cba509b810ab65ae41f1e8b33091aca0af76578f744a0402ec6f-broad	9fc6a2abce66cba509b810ab65ae41f1e8b33091aca0af76578f744a0402ec6f	broad	OG0000230	24	"[""OG0000230-alignment-mafft-floor1e-09-resolution6"",""OG0000230-alignment-famsa-floor1e-09-resolution6""]"	"[""9fc6a2abce66cba509b810ab65ae41f1e8b33091aca0af76578f744a0402ec6f-broad-chain1"",""9fc6a2abce66cba509b810ab65ae41f1e8b33091aca0af76578f744a0402ec6f-broad-chain2"",""9fc6a2abce66cba509b810ab65ae41f1e8b33091aca0af76578f744a0402ec6f-broad-chain3"",""9fc6a2abce66cba509b810ab65ae41f1e8b33091aca0af76578f744a0402ec6f-broad-chain4""]"	[20261985, 20261986, 20261987, 20261988]	4	0	0	500	diagnostics_complete_requires_mixing_review	500	50	37	12	25	0	0	4	0	0	4	0	10924	397	0	5547	5377	0	377	20	0
9fc6a2abce66cba509b810ab65ae41f1e8b33091aca0af76578f744a0402ec6f-centered	9fc6a2abce66cba509b810ab65ae41f1e8b33091aca0af76578f744a0402ec6f	centered	OG0000230	24	"[""OG0000230-alignment-mafft-floor1e-09-resolution6"",""OG0000230-alignment-famsa-floor1e-09-resolution6""]"	"[""9fc6a2abce66cba509b810ab65ae41f1e8b33091aca0af76578f744a0402ec6f-centered-chain1"",""9fc6a2abce66cba509b810ab65ae41f1e8b33091aca0af76578f744a0402ec6f-centered-chain2"",""9fc6a2abce66cba509b810ab65ae41f1e8b33091aca0af76578f744a0402ec6f-centered-chain3"",""9fc6a2abce66cba509b810ab65ae41f1e8b33091aca0af76578f744a0402ec6f-centered-chain4""]"	[20261989, 20261990, 20261991, 20261992]	4	0	0	250	diagnostics_complete_requires_mixing_review	750	75	37	2	35	0	0	4	0	0	4	0	10924	457	0	5993	4931	0	437	20	0
9fc6a2abce66cba509b810ab65ae41f1e8b33091aca0af76578f744a0402ec6f-centered	9fc6a2abce66cba509b810ab65ae41f1e8b33091aca0af76578f744a0402ec6f	centered	OG0000230	24	"[""OG0000230-alignment-mafft-floor1e-09-resolution6"",""OG0000230-alignment-famsa-floor1e-09-resolution6""]"	"[""9fc6a2abce66cba509b810ab65ae41f1e8b33091aca0af76578f744a0402ec6f-centered-chain1"",""9fc6a2abce66cba509b810ab65ae41f1e8b33091aca0af76578f744a0402ec6f-centered-chain2"",""9fc6a2abce66cba509b810ab65ae41f1e8b33091aca0af76578f744a0402ec6f-centered-chain3"",""9fc6a2abce66cba509b810ab65ae41f1e8b33091aca0af76578f744a0402ec6f-centered-chain4""]"	[20261989, 20261990, 20261991, 20261992]	4	0	0	500	diagnostics_complete_requires_mixing_review	500	50	37	3	34	0	0	4	0	0	4	0	10924	403	0	5641	5283	0	383	20	0
9fc6a2abce66cba509b810ab65ae41f1e8b33091aca0af76578f744a0402ec6f-package	9fc6a2abce66cba509b810ab65ae41f1e8b33091aca0af76578f744a0402ec6f	package	OG0000230	24	"[""OG0000230-alignment-mafft-floor1e-09-resolution6"",""OG0000230-alignment-famsa-floor1e-09-resolution6""]"	"[""9fc6a2abce66cba509b810ab65ae41f1e8b33091aca0af76578f744a0402ec6f-package-chain1"",""9fc6a2abce66cba509b810ab65ae41f1e8b33091aca0af76578f744a0402ec6f-package-chain2"",""9fc6a2abce66cba509b810ab65ae41f1e8b33091aca0af76578f744a0402ec6f-package-chain3"",""9fc6a2abce66cba509b810ab65ae41f1e8b33091aca0af76578f744a0402ec6f-package-chain4""]"	[20261993, 20261994, 20261995, 20261996]	4	0	0	250	diagnostics_complete_requires_mixing_review	750	75	37	10	27	0	0	4	0	0	4	0	10924	375	0	4917	6007	0	355	20	0
9fc6a2abce66cba509b810ab65ae41f1e8b33091aca0af76578f744a0402ec6f-package	9fc6a2abce66cba509b810ab65ae41f1e8b33091aca0af76578f744a0402ec6f	package	OG0000230	24	"[""OG0000230-alignment-mafft-floor1e-09-resolution6"",""OG0000230-alignment-famsa-floor1e-09-resolution6""]"	"[""9fc6a2abce66cba509b810ab65ae41f1e8b33091aca0af76578f744a0402ec6f-package-chain1"",""9fc6a2abce66cba509b810ab65ae41f1e8b33091aca0af76578f744a0402ec6f-package-chain2"",""9fc6a2abce66cba509b810ab65ae41f1e8b33091aca0af76578f744a0402ec6f-package-chain3"",""9fc6a2abce66cba509b810ab65ae41f1e8b33091aca0af76578f744a0402ec6f-package-chain4""]"	[20261993, 20261994, 20261995, 20261996]	4	0	0	500	diagnostics_complete_requires_mixing_review	500	50	37	15	22	0	0	4	0	0	4	0	10924	351	0	4706	6218	0	331	20	0
a369c0f3a60a607823b483297183a49c9a59ffe21389f656ca3a656ea71115ff-broad	a369c0f3a60a607823b483297183a49c9a59ffe21389f656ca3a656ea71115ff	broad	OG0000230	24	"[""OG0000230-whole-mafft-floor1e-07-resolution6"",""OG0000230-whole-famsa-floor1e-07-resolution6""]"	"[""a369c0f3a60a607823b483297183a49c9a59ffe21389f656ca3a656ea71115ff-broad-chain1"",""a369c0f3a60a607823b483297183a49c9a59ffe21389f656ca3a656ea71115ff-broad-chain2"",""a369c0f3a60a607823b483297183a49c9a59ffe21389f656ca3a656ea71115ff-broad-chain3"",""a369c0f3a60a607823b483297183a49c9a59ffe21389f656ca3a656ea71115ff-broad-chain4""]"	[20261997, 20261998, 20261999, 20262000]	4	0	0	250	diagnostics_complete_requires_mixing_review	750	75	37	3	34	0	0	4	0	1	3	0	63296	2114	0	25323	37973	0	2093	21	0
a369c0f3a60a607823b483297183a49c9a59ffe21389f656ca3a656ea71115ff-broad	a369c0f3a60a607823b483297183a49c9a59ffe21389f656ca3a656ea71115ff	broad	OG0000230	24	"[""OG0000230-whole-mafft-floor1e-07-resolution6"",""OG0000230-whole-famsa-floor1e-07-resolution6""]"	"[""a369c0f3a60a607823b483297183a49c9a59ffe21389f656ca3a656ea71115ff-broad-chain1"",""a369c0f3a60a607823b483297183a49c9a59ffe21389f656ca3a656ea71115ff-broad-chain2"",""a369c0f3a60a607823b483297183a49c9a59ffe21389f656ca3a656ea71115ff-broad-chain3"",""a369c0f3a60a607823b483297183a49c9a59ffe21389f656ca3a656ea71115ff-broad-chain4""]"	[20261997, 20261998, 20261999, 20262000]	4	0	0	500	diagnostics_complete_requires_mixing_review	500	50	37	2	35	0	0	4	0	1	3	0	63296	1962	0	23859	39437	0	1941	21	0
a369c0f3a60a607823b483297183a49c9a59ffe21389f656ca3a656ea71115ff-centered	a369c0f3a60a607823b483297183a49c9a59ffe21389f656ca3a656ea71115ff	centered	OG0000230	24	"[""OG0000230-whole-mafft-floor1e-07-resolution6"",""OG0000230-whole-famsa-floor1e-07-resolution6""]"	"[""a369c0f3a60a607823b483297183a49c9a59ffe21389f656ca3a656ea71115ff-centered-chain1"",""a369c0f3a60a607823b483297183a49c9a59ffe21389f656ca3a656ea71115ff-centered-chain2"",""a369c0f3a60a607823b483297183a49c9a59ffe21389f656ca3a656ea71115ff-centered-chain3"",""a369c0f3a60a607823b483297183a49c9a59ffe21389f656ca3a656ea71115ff-centered-chain4""]"	[20262001, 20262002, 20262003, 20262004]	4	0	0	250	diagnostics_complete_requires_mixing_review	750	75	37	1	36	0	0	4	0	1	3	0	63296	2125	0	25446	37850	0	2104	21	0
a369c0f3a60a607823b483297183a49c9a59ffe21389f656ca3a656ea71115ff-centered	a369c0f3a60a607823b483297183a49c9a59ffe21389f656ca3a656ea71115ff	centered	OG0000230	24	"[""OG0000230-whole-mafft-floor1e-07-resolution6"",""OG0000230-whole-famsa-floor1e-07-resolution6""]"	"[""a369c0f3a60a607823b483297183a49c9a59ffe21389f656ca3a656ea71115ff-centered-chain1"",""a369c0f3a60a607823b483297183a49c9a59ffe21389f656ca3a656ea71115ff-centered-chain2"",""a369c0f3a60a607823b483297183a49c9a59ffe21389f656ca3a656ea71115ff-centered-chain3"",""a369c0f3a60a607823b483297183a49c9a59ffe21389f656ca3a656ea71115ff-centered-chain4""]"	[20262001, 20262002, 20262003, 20262004]	4	0	0	500	diagnostics_complete_requires_mixing_review	500	50	37	1	36	0	0	4	0	1	3	0	63296	1954	0	23824	39472	0	1933	21	0
a369c0f3a60a607823b483297183a49c9a59ffe21389f656ca3a656ea71115ff-package	a369c0f3a60a607823b483297183a49c9a59ffe21389f656ca3a656ea71115ff	package	OG0000230	24	"[""OG0000230-whole-mafft-floor1e-07-resolution6"",""OG0000230-whole-famsa-floor1e-07-resolution6""]"	"[""a369c0f3a60a607823b483297183a49c9a59ffe21389f656ca3a656ea71115ff-package-chain1"",""a369c0f3a60a607823b483297183a49c9a59ffe21389f656ca3a656ea71115ff-package-chain2"",""a369c0f3a60a607823b483297183a49c9a59ffe21389f656ca3a656ea71115ff-package-chain3"",""a369c0f3a60a607823b483297183a49c9a59ffe21389f656ca3a656ea71115ff-package-chain4""]"	[20262005, 20262006, 20262007, 20262008]	4	0	0	250	diagnostics_complete_requires_mixing_review	750	75	37	2	35	0	0	4	0	1	3	0	63296	2104	0	24749	38547	0	2083	21	0
a369c0f3a60a607823b483297183a49c9a59ffe21389f656ca3a656ea71115ff-package	a369c0f3a60a607823b483297183a49c9a59ffe21389f656ca3a656ea71115ff	package	OG0000230	24	"[""OG0000230-whole-mafft-floor1e-07-resolution6"",""OG0000230-whole-famsa-floor1e-07-resolution6""]"	"[""a369c0f3a60a607823b483297183a49c9a59ffe21389f656ca3a656ea71115ff-package-chain1"",""a369c0f3a60a607823b483297183a49c9a59ffe21389f656ca3a656ea71115ff-package-chain2"",""a369c0f3a60a607823b483297183a49c9a59ffe21389f656ca3a656ea71115ff-package-chain3"",""a369c0f3a60a607823b483297183a49c9a59ffe21389f656ca3a656ea71115ff-package-chain4""]"	[20262005, 20262006, 20262007, 20262008]	4	0	0	500	diagnostics_complete_requires_mixing_review	500	50	37	1	36	0	0	4	0	1	3	0	63296	1993	0	23582	39714	0	1972	21	0
a9265d8d645657726b597a21b1547ede89489a482ef1171723f846e8321c6469-broad	a9265d8d645657726b597a21b1547ede89489a482ef1171723f846e8321c6469	broad	OG0000230	24	"[""OG0000230-envelope-mafft-floor1e-07-resolution3"",""OG0000230-envelope-famsa-floor1e-07-resolution3""]"	"[""a9265d8d645657726b597a21b1547ede89489a482ef1171723f846e8321c6469-broad-chain1"",""a9265d8d645657726b597a21b1547ede89489a482ef1171723f846e8321c6469-broad-chain2"",""a9265d8d645657726b597a21b1547ede89489a482ef1171723f846e8321c6469-broad-chain3"",""a9265d8d645657726b597a21b1547ede89489a482ef1171723f846e8321c6469-broad-chain4""]"	[20262009, 20262010, 20262011, 20262012]	4	0	0	250	diagnostics_complete_requires_mixing_review	750	75	37	19	18	0	0	4	0	1	3	0	11132	355	0	4978	6154	0	335	20	0
a9265d8d645657726b597a21b1547ede89489a482ef1171723f846e8321c6469-broad	a9265d8d645657726b597a21b1547ede89489a482ef1171723f846e8321c6469	broad	OG0000230	24	"[""OG0000230-envelope-mafft-floor1e-07-resolution3"",""OG0000230-envelope-famsa-floor1e-07-resolution3""]"	"[""a9265d8d645657726b597a21b1547ede89489a482ef1171723f846e8321c6469-broad-chain1"",""a9265d8d645657726b597a21b1547ede89489a482ef1171723f846e8321c6469-broad-chain2"",""a9265d8d645657726b597a21b1547ede89489a482ef1171723f846e8321c6469-broad-chain3"",""a9265d8d645657726b597a21b1547ede89489a482ef1171723f846e8321c6469-broad-chain4""]"	[20262009, 20262010, 20262011, 20262012]	4	0	0	500	diagnostics_complete_requires_mixing_review	500	50	37	17	20	0	0	4	0	1	3	0	11132	338	0	4728	6404	0	318	20	0
a9265d8d645657726b597a21b1547ede89489a482ef1171723f846e8321c6469-centered	a9265d8d645657726b597a21b1547ede89489a482ef1171723f846e8321c6469	centered	OG0000230	24	"[""OG0000230-envelope-mafft-floor1e-07-resolution3"",""OG0000230-envelope-famsa-floor1e-07-resolution3""]"	"[""a9265d8d645657726b597a21b1547ede89489a482ef1171723f846e8321c6469-centered-chain1"",""a9265d8d645657726b597a21b1547ede89489a482ef1171723f846e8321c6469-centered-chain2"",""a9265d8d645657726b597a21b1547ede89489a482ef1171723f846e8321c6469-centered-chain3"",""a9265d8d645657726b597a21b1547ede89489a482ef1171723f846e8321c6469-centered-chain4""]"	[20262013, 20262014, 20262015, 20262016]	4	0	0	250	diagnostics_complete_requires_mixing_review	750	75	37	17	20	0	0	4	0	1	3	0	11132	316	0	4701	6431	0	296	20	0
a9265d8d645657726b597a21b1547ede89489a482ef1171723f846e8321c6469-centered	a9265d8d645657726b597a21b1547ede89489a482ef1171723f846e8321c6469	centered	OG0000230	24	"[""OG0000230-envelope-mafft-floor1e-07-resolution3"",""OG0000230-envelope-famsa-floor1e-07-resolution3""]"	"[""a9265d8d645657726b597a21b1547ede89489a482ef1171723f846e8321c6469-centered-chain1"",""a9265d8d645657726b597a21b1547ede89489a482ef1171723f846e8321c6469-centered-chain2"",""a9265d8d645657726b597a21b1547ede89489a482ef1171723f846e8321c6469-centered-chain3"",""a9265d8d645657726b597a21b1547ede89489a482ef1171723f846e8321c6469-centered-chain4""]"	[20262013, 20262014, 20262015, 20262016]	4	0	0	500	diagnostics_complete_requires_mixing_review	500	50	37	17	20	0	0	4	0	1	3	0	11132	305	0	4574	6558	0	285	20	0
a9265d8d645657726b597a21b1547ede89489a482ef1171723f846e8321c6469-package	a9265d8d645657726b597a21b1547ede89489a482ef1171723f846e8321c6469	package	OG0000230	24	"[""OG0000230-envelope-mafft-floor1e-07-resolution3"",""OG0000230-envelope-famsa-floor1e-07-resolution3""]"	"[""a9265d8d645657726b597a21b1547ede89489a482ef1171723f846e8321c6469-package-chain1"",""a9265d8d645657726b597a21b1547ede89489a482ef1171723f846e8321c6469-package-chain2"",""a9265d8d645657726b597a21b1547ede89489a482ef1171723f846e8321c6469-package-chain3"",""a9265d8d645657726b597a21b1547ede89489a482ef1171723f846e8321c6469-package-chain4""]"	[20262017, 20262018, 20262019, 20262020]	4	0	0	250	diagnostics_complete_requires_mixing_review	750	75	37	18	19	0	0	4	0	1	3	0	11132	303	0	4543	6589	0	283	20	0
a9265d8d645657726b597a21b1547ede89489a482ef1171723f846e8321c6469-package	a9265d8d645657726b597a21b1547ede89489a482ef1171723f846e8321c6469	package	OG0000230	24	"[""OG0000230-envelope-mafft-floor1e-07-resolution3"",""OG0000230-envelope-famsa-floor1e-07-resolution3""]"	"[""a9265d8d645657726b597a21b1547ede89489a482ef1171723f846e8321c6469-package-chain1"",""a9265d8d645657726b597a21b1547ede89489a482ef1171723f846e8321c6469-package-chain2"",""a9265d8d645657726b597a21b1547ede89489a482ef1171723f846e8321c6469-package-chain3"",""a9265d8d645657726b597a21b1547ede89489a482ef1171723f846e8321c6469-package-chain4""]"	[20262017, 20262018, 20262019, 20262020]	4	0	0	500	diagnostics_complete_requires_mixing_review	500	50	37	17	20	0	0	4	0	1	3	0	11132	278	0	4337	6795	0	258	20	0
a9d1694f618664eff4686111a5368ca068a6a2696b55025ce18ec0638c0c698e-broad	a9d1694f618664eff4686111a5368ca068a6a2696b55025ce18ec0638c0c698e	broad	OG0000230	24	"[""OG0000230-envelope-mafft-floor1e-09-resolution10"",""OG0000230-envelope-famsa-floor1e-09-resolution10""]"	"[""a9d1694f618664eff4686111a5368ca068a6a2696b55025ce18ec0638c0c698e-broad-chain1"",""a9d1694f618664eff4686111a5368ca068a6a2696b55025ce18ec0638c0c698e-broad-chain2"",""a9d1694f618664eff4686111a5368ca068a6a2696b55025ce18ec0638c0c698e-broad-chain3"",""a9d1694f618664eff4686111a5368ca068a6a2696b55025ce18ec0638c0c698e-broad-chain4""]"	[20262021, 20262022, 20262023, 20262024]	4	0	0	250	diagnostics_complete_requires_mixing_review	750	75	37	19	18	0	0	4	0	1	3	0	11132	300	0	4715	6417	0	280	20	0
a9d1694f618664eff4686111a5368ca068a6a2696b55025ce18ec0638c0c698e-broad	a9d1694f618664eff4686111a5368ca068a6a2696b55025ce18ec0638c0c698e	broad	OG0000230	24	"[""OG0000230-envelope-mafft-floor1e-09-resolution10"",""OG0000230-envelope-famsa-floor1e-09-resolution10""]"	"[""a9d1694f618664eff4686111a5368ca068a6a2696b55025ce18ec0638c0c698e-broad-chain1"",""a9d1694f618664eff4686111a5368ca068a6a2696b55025ce18ec0638c0c698e-broad-chain2"",""a9d1694f618664eff4686111a5368ca068a6a2696b55025ce18ec0638c0c698e-broad-chain3"",""a9d1694f618664eff4686111a5368ca068a6a2696b55025ce18ec0638c0c698e-broad-chain4""]"	[20262021, 20262022, 20262023, 20262024]	4	0	0	500	diagnostics_complete_requires_mixing_review	500	50	37	17	20	0	0	4	0	0	4	0	11132	285	0	4507	6625	0	265	20	0
a9d1694f618664eff4686111a5368ca068a6a2696b55025ce18ec0638c0c698e-centered	a9d1694f618664eff4686111a5368ca068a6a2696b55025ce18ec0638c0c698e	centered	OG0000230	24	"[""OG0000230-envelope-mafft-floor1e-09-resolution10"",""OG0000230-envelope-famsa-floor1e-09-resolution10""]"	"[""a9d1694f618664eff4686111a5368ca068a6a2696b55025ce18ec0638c0c698e-centered-chain1"",""a9d1694f618664eff4686111a5368ca068a6a2696b55025ce18ec0638c0c698e-centered-chain2"",""a9d1694f618664eff4686111a5368ca068a6a2696b55025ce18ec0638c0c698e-centered-chain3"",""a9d1694f618664eff4686111a5368ca068a6a2696b55025ce18ec0638c0c698e-centered-chain4""]"	[20262025, 20262026, 20262027, 20262028]	4	0	0	250	diagnostics_complete_requires_mixing_review	750	75	37	18	19	0	0	4	0	1	3	0	11132	320	0	4448	6684	0	300	20	0
a9d1694f618664eff4686111a5368ca068a6a2696b55025ce18ec0638c0c698e-centered	a9d1694f618664eff4686111a5368ca068a6a2696b55025ce18ec0638c0c698e	centered	OG0000230	24	"[""OG0000230-envelope-mafft-floor1e-09-resolution10"",""OG0000230-envelope-famsa-floor1e-09-resolution10""]"	"[""a9d1694f618664eff4686111a5368ca068a6a2696b55025ce18ec0638c0c698e-centered-chain1"",""a9d1694f618664eff4686111a5368ca068a6a2696b55025ce18ec0638c0c698e-centered-chain2"",""a9d1694f618664eff4686111a5368ca068a6a2696b55025ce18ec0638c0c698e-centered-chain3"",""a9d1694f618664eff4686111a5368ca068a6a2696b55025ce18ec0638c0c698e-centered-chain4""]"	[20262025, 20262026, 20262027, 20262028]	4	0	0	500	diagnostics_complete_requires_mixing_review	500	50	37	16	21	0	0	4	0	0	4	0	11132	297	0	4354	6778	0	277	20	0
a9d1694f618664eff4686111a5368ca068a6a2696b55025ce18ec0638c0c698e-package	a9d1694f618664eff4686111a5368ca068a6a2696b55025ce18ec0638c0c698e	package	OG0000230	24	"[""OG0000230-envelope-mafft-floor1e-09-resolution10"",""OG0000230-envelope-famsa-floor1e-09-resolution10""]"	"[""a9d1694f618664eff4686111a5368ca068a6a2696b55025ce18ec0638c0c698e-package-chain1"",""a9d1694f618664eff4686111a5368ca068a6a2696b55025ce18ec0638c0c698e-package-chain2"",""a9d1694f618664eff4686111a5368ca068a6a2696b55025ce18ec0638c0c698e-package-chain3"",""a9d1694f618664eff4686111a5368ca068a6a2696b55025ce18ec0638c0c698e-package-chain4""]"	[20262029, 20262030, 20262031, 20262032]	4	0	0	250	diagnostics_complete_requires_mixing_review	750	75	37	17	20	0	0	4	0	1	3	0	11132	365	0	5024	6108	0	345	20	0
a9d1694f618664eff4686111a5368ca068a6a2696b55025ce18ec0638c0c698e-package	a9d1694f618664eff4686111a5368ca068a6a2696b55025ce18ec0638c0c698e	package	OG0000230	24	"[""OG0000230-envelope-mafft-floor1e-09-resolution10"",""OG0000230-envelope-famsa-floor1e-09-resolution10""]"	"[""a9d1694f618664eff4686111a5368ca068a6a2696b55025ce18ec0638c0c698e-package-chain1"",""a9d1694f618664eff4686111a5368ca068a6a2696b55025ce18ec0638c0c698e-package-chain2"",""a9d1694f618664eff4686111a5368ca068a6a2696b55025ce18ec0638c0c698e-package-chain3"",""a9d1694f618664eff4686111a5368ca068a6a2696b55025ce18ec0638c0c698e-package-chain4""]"	[20262029, 20262030, 20262031, 20262032]	4	0	0	500	diagnostics_complete_requires_mixing_review	500	50	37	14	23	0	0	4	0	0	4	0	11132	326	0	4695	6437	0	306	20	0
aab65f7997ddc63d3f9daee83d8844bac4a075cabf7dad2ceaf2510e34f7a35e-broad	aab65f7997ddc63d3f9daee83d8844bac4a075cabf7dad2ceaf2510e34f7a35e	broad	OG0000230	24	"[""OG0000230-whole-mafft-floor1e-07-resolution13"",""OG0000230-whole-famsa-floor1e-07-resolution13""]"	"[""aab65f7997ddc63d3f9daee83d8844bac4a075cabf7dad2ceaf2510e34f7a35e-broad-chain1"",""aab65f7997ddc63d3f9daee83d8844bac4a075cabf7dad2ceaf2510e34f7a35e-broad-chain2"",""aab65f7997ddc63d3f9daee83d8844bac4a075cabf7dad2ceaf2510e34f7a35e-broad-chain3"",""aab65f7997ddc63d3f9daee83d8844bac4a075cabf7dad2ceaf2510e34f7a35e-broad-chain4""]"	[20262033, 20262034, 20262035, 20262036]	4	0	0	250	diagnostics_complete_requires_mixing_review	750	75	37	3	34	0	0	4	0	1	3	0	63296	2109	0	24693	38603	0	2088	21	0
aab65f7997ddc63d3f9daee83d8844bac4a075cabf7dad2ceaf2510e34f7a35e-broad	aab65f7997ddc63d3f9daee83d8844bac4a075cabf7dad2ceaf2510e34f7a35e	broad	OG0000230	24	"[""OG0000230-whole-mafft-floor1e-07-resolution13"",""OG0000230-whole-famsa-floor1e-07-resolution13""]"	"[""aab65f7997ddc63d3f9daee83d8844bac4a075cabf7dad2ceaf2510e34f7a35e-broad-chain1"",""aab65f7997ddc63d3f9daee83d8844bac4a075cabf7dad2ceaf2510e34f7a35e-broad-chain2"",""aab65f7997ddc63d3f9daee83d8844bac4a075cabf7dad2ceaf2510e34f7a35e-broad-chain3"",""aab65f7997ddc63d3f9daee83d8844bac4a075cabf7dad2ceaf2510e34f7a35e-broad-chain4""]"	[20262033, 20262034, 20262035, 20262036]	4	0	0	500	diagnostics_complete_requires_mixing_review	500	50	37	3	34	0	0	4	0	1	3	0	63296	1934	0	23667	39629	0	1913	21	0
aab65f7997ddc63d3f9daee83d8844bac4a075cabf7dad2ceaf2510e34f7a35e-centered	aab65f7997ddc63d3f9daee83d8844bac4a075cabf7dad2ceaf2510e34f7a35e	centered	OG0000230	24	"[""OG0000230-whole-mafft-floor1e-07-resolution13"",""OG0000230-whole-famsa-floor1e-07-resolution13""]"	"[""aab65f7997ddc63d3f9daee83d8844bac4a075cabf7dad2ceaf2510e34f7a35e-centered-chain1"",""aab65f7997ddc63d3f9daee83d8844bac4a075cabf7dad2ceaf2510e34f7a35e-centered-chain2"",""aab65f7997ddc63d3f9daee83d8844bac4a075cabf7dad2ceaf2510e34f7a35e-centered-chain3"",""aab65f7997ddc63d3f9daee83d8844bac4a075cabf7dad2ceaf2510e34f7a35e-centered-chain4""]"	[20262037, 20262038, 20262039, 20262040]	4	0	0	250	diagnostics_complete_requires_mixing_review	750	75	37	2	35	0	0	4	0	1	3	0	63296	2235	0	27108	36188	0	2214	21	0
aab65f7997ddc63d3f9daee83d8844bac4a075cabf7dad2ceaf2510e34f7a35e-centered	aab65f7997ddc63d3f9daee83d8844bac4a075cabf7dad2ceaf2510e34f7a35e	centered	OG0000230	24	"[""OG0000230-whole-mafft-floor1e-07-resolution13"",""OG0000230-whole-famsa-floor1e-07-resolution13""]"	"[""aab65f7997ddc63d3f9daee83d8844bac4a075cabf7dad2ceaf2510e34f7a35e-centered-chain1"",""aab65f7997ddc63d3f9daee83d8844bac4a075cabf7dad2ceaf2510e34f7a35e-centered-chain2"",""aab65f7997ddc63d3f9daee83d8844bac4a075cabf7dad2ceaf2510e34f7a35e-centered-chain3"",""aab65f7997ddc63d3f9daee83d8844bac4a075cabf7dad2ceaf2510e34f7a35e-centered-chain4""]"	[20262037, 20262038, 20262039, 20262040]	4	0	0	500	diagnostics_complete_requires_mixing_review	500	50	37	1	36	0	0	4	0	1	3	0	63296	2033	0	25685	37611	0	2012	21	0
aab65f7997ddc63d3f9daee83d8844bac4a075cabf7dad2ceaf2510e34f7a35e-package	aab65f7997ddc63d3f9daee83d8844bac4a075cabf7dad2ceaf2510e34f7a35e	package	OG0000230	24	"[""OG0000230-whole-mafft-floor1e-07-resolution13"",""OG0000230-whole-famsa-floor1e-07-resolution13""]"	"[""aab65f7997ddc63d3f9daee83d8844bac4a075cabf7dad2ceaf2510e34f7a35e-package-chain1"",""aab65f7997ddc63d3f9daee83d8844bac4a075cabf7dad2ceaf2510e34f7a35e-package-chain2"",""aab65f7997ddc63d3f9daee83d8844bac4a075cabf7dad2ceaf2510e34f7a35e-package-chain3"",""aab65f7997ddc63d3f9daee83d8844bac4a075cabf7dad2ceaf2510e34f7a35e-package-chain4""]"	[20262041, 20262042, 20262043, 20262044]	4	0	0	250	diagnostics_complete_requires_mixing_review	750	75	37	3	34	0	0	4	0	1	3	0	63296	2053	0	24442	38854	0	2032	21	0
aab65f7997ddc63d3f9daee83d8844bac4a075cabf7dad2ceaf2510e34f7a35e-package	aab65f7997ddc63d3f9daee83d8844bac4a075cabf7dad2ceaf2510e34f7a35e	package	OG0000230	24	"[""OG0000230-whole-mafft-floor1e-07-resolution13"",""OG0000230-whole-famsa-floor1e-07-resolution13""]"	"[""aab65f7997ddc63d3f9daee83d8844bac4a075cabf7dad2ceaf2510e34f7a35e-package-chain1"",""aab65f7997ddc63d3f9daee83d8844bac4a075cabf7dad2ceaf2510e34f7a35e-package-chain2"",""aab65f7997ddc63d3f9daee83d8844bac4a075cabf7dad2ceaf2510e34f7a35e-package-chain3"",""aab65f7997ddc63d3f9daee83d8844bac4a075cabf7dad2ceaf2510e34f7a35e-package-chain4""]"	[20262041, 20262042, 20262043, 20262044]	4	0	0	500	diagnostics_complete_requires_mixing_review	500	50	37	3	34	0	0	4	0	1	3	0	63296	1903	0	23152	40144	0	1882	21	0
ab19784ce4ead62b406c5986caf227504624f8a1de45678d0401e521b738e54c-broad	ab19784ce4ead62b406c5986caf227504624f8a1de45678d0401e521b738e54c	broad	OG0000230	24	"[""OG0000230-envelope-mafft-floor1e-07-resolution13"",""OG0000230-envelope-famsa-floor1e-07-resolution13""]"	"[""ab19784ce4ead62b406c5986caf227504624f8a1de45678d0401e521b738e54c-broad-chain1"",""ab19784ce4ead62b406c5986caf227504624f8a1de45678d0401e521b738e54c-broad-chain2"",""ab19784ce4ead62b406c5986caf227504624f8a1de45678d0401e521b738e54c-broad-chain3"",""ab19784ce4ead62b406c5986caf227504624f8a1de45678d0401e521b738e54c-broad-chain4""]"	[20262045, 20262046, 20262047, 20262048]	4	0	0	250	diagnostics_complete_requires_mixing_review	750	75	37	18	19	0	0	4	0	1	3	0	11132	339	0	4686	6446	0	319	20	0
ab19784ce4ead62b406c5986caf227504624f8a1de45678d0401e521b738e54c-broad	ab19784ce4ead62b406c5986caf227504624f8a1de45678d0401e521b738e54c	broad	OG0000230	24	"[""OG0000230-envelope-mafft-floor1e-07-resolution13"",""OG0000230-envelope-famsa-floor1e-07-resolution13""]"	"[""ab19784ce4ead62b406c5986caf227504624f8a1de45678d0401e521b738e54c-broad-chain1"",""ab19784ce4ead62b406c5986caf227504624f8a1de45678d0401e521b738e54c-broad-chain2"",""ab19784ce4ead62b406c5986caf227504624f8a1de45678d0401e521b738e54c-broad-chain3"",""ab19784ce4ead62b406c5986caf227504624f8a1de45678d0401e521b738e54c-broad-chain4""]"	[20262045, 20262046, 20262047, 20262048]	4	0	0	500	diagnostics_complete_requires_mixing_review	500	50	37	15	22	0	0	4	0	1	3	0	11132	326	0	4605	6527	0	306	20	0
ab19784ce4ead62b406c5986caf227504624f8a1de45678d0401e521b738e54c-centered	ab19784ce4ead62b406c5986caf227504624f8a1de45678d0401e521b738e54c	centered	OG0000230	24	"[""OG0000230-envelope-mafft-floor1e-07-resolution13"",""OG0000230-envelope-famsa-floor1e-07-resolution13""]"	"[""ab19784ce4ead62b406c5986caf227504624f8a1de45678d0401e521b738e54c-centered-chain1"",""ab19784ce4ead62b406c5986caf227504624f8a1de45678d0401e521b738e54c-centered-chain2"",""ab19784ce4ead62b406c5986caf227504624f8a1de45678d0401e521b738e54c-centered-chain3"",""ab19784ce4ead62b406c5986caf227504624f8a1de45678d0401e521b738e54c-centered-chain4""]"	[20262049, 20262050, 20262051, 20262052]	4	0	0	250	diagnostics_complete_requires_mixing_review	750	75	37	17	20	0	0	4	0	1	3	0	11132	291	0	4456	6676	0	271	20	0
ab19784ce4ead62b406c5986caf227504624f8a1de45678d0401e521b738e54c-centered	ab19784ce4ead62b406c5986caf227504624f8a1de45678d0401e521b738e54c	centered	OG0000230	24	"[""OG0000230-envelope-mafft-floor1e-07-resolution13"",""OG0000230-envelope-famsa-floor1e-07-resolution13""]"	"[""ab19784ce4ead62b406c5986caf227504624f8a1de45678d0401e521b738e54c-centered-chain1"",""ab19784ce4ead62b406c5986caf227504624f8a1de45678d0401e521b738e54c-centered-chain2"",""ab19784ce4ead62b406c5986caf227504624f8a1de45678d0401e521b738e54c-centered-chain3"",""ab19784ce4ead62b406c5986caf227504624f8a1de45678d0401e521b738e54c-centered-chain4""]"	[20262049, 20262050, 20262051, 20262052]	4	0	0	500	diagnostics_complete_requires_mixing_review	500	50	37	17	20	0	0	4	0	0	4	0	11132	267	0	4090	7042	0	247	20	0
ab19784ce4ead62b406c5986caf227504624f8a1de45678d0401e521b738e54c-package	ab19784ce4ead62b406c5986caf227504624f8a1de45678d0401e521b738e54c	package	OG0000230	24	"[""OG0000230-envelope-mafft-floor1e-07-resolution13"",""OG0000230-envelope-famsa-floor1e-07-resolution13""]"	"[""ab19784ce4ead62b406c5986caf227504624f8a1de45678d0401e521b738e54c-package-chain1"",""ab19784ce4ead62b406c5986caf227504624f8a1de45678d0401e521b738e54c-package-chain2"",""ab19784ce4ead62b406c5986caf227504624f8a1de45678d0401e521b738e54c-package-chain3"",""ab19784ce4ead62b406c5986caf227504624f8a1de45678d0401e521b738e54c-package-chain4""]"	[20262053, 20262054, 20262055, 20262056]	4	0	0	250	diagnostics_complete_requires_mixing_review	750	75	37	20	17	0	0	4	0	1	3	0	11132	324	0	4705	6427	0	304	20	0
ab19784ce4ead62b406c5986caf227504624f8a1de45678d0401e521b738e54c-package	ab19784ce4ead62b406c5986caf227504624f8a1de45678d0401e521b738e54c	package	OG0000230	24	"[""OG0000230-envelope-mafft-floor1e-07-resolution13"",""OG0000230-envelope-famsa-floor1e-07-resolution13""]"	"[""ab19784ce4ead62b406c5986caf227504624f8a1de45678d0401e521b738e54c-package-chain1"",""ab19784ce4ead62b406c5986caf227504624f8a1de45678d0401e521b738e54c-package-chain2"",""ab19784ce4ead62b406c5986caf227504624f8a1de45678d0401e521b738e54c-package-chain3"",""ab19784ce4ead62b406c5986caf227504624f8a1de45678d0401e521b738e54c-package-chain4""]"	[20262053, 20262054, 20262055, 20262056]	4	0	0	500	diagnostics_complete_requires_mixing_review	500	50	37	17	20	0	0	4	0	1	3	0	11132	271	0	4261	6871	0	251	20	0
acc8bb557d94297724618225c006e4a74ba079703f73fd55382c012cfe62e27f-broad	acc8bb557d94297724618225c006e4a74ba079703f73fd55382c012cfe62e27f	broad	OG0000230	24	"[""OG0000230-whole-mafft-floor1e-07-resolution10"",""OG0000230-whole-famsa-floor1e-07-resolution10""]"	"[""acc8bb557d94297724618225c006e4a74ba079703f73fd55382c012cfe62e27f-broad-chain1"",""acc8bb557d94297724618225c006e4a74ba079703f73fd55382c012cfe62e27f-broad-chain2"",""acc8bb557d94297724618225c006e4a74ba079703f73fd55382c012cfe62e27f-broad-chain3"",""acc8bb557d94297724618225c006e4a74ba079703f73fd55382c012cfe62e27f-broad-chain4""]"	[20262057, 20262058, 20262059, 20262060]	4	0	0	250	diagnostics_complete_requires_mixing_review	750	75	37	5	32	0	0	4	0	1	3	0	63296	2130	0	25289	38007	0	2109	21	0
acc8bb557d94297724618225c006e4a74ba079703f73fd55382c012cfe62e27f-broad	acc8bb557d94297724618225c006e4a74ba079703f73fd55382c012cfe62e27f	broad	OG0000230	24	"[""OG0000230-whole-mafft-floor1e-07-resolution10"",""OG0000230-whole-famsa-floor1e-07-resolution10""]"	"[""acc8bb557d94297724618225c006e4a74ba079703f73fd55382c012cfe62e27f-broad-chain1"",""acc8bb557d94297724618225c006e4a74ba079703f73fd55382c012cfe62e27f-broad-chain2"",""acc8bb557d94297724618225c006e4a74ba079703f73fd55382c012cfe62e27f-broad-chain3"",""acc8bb557d94297724618225c006e4a74ba079703f73fd55382c012cfe62e27f-broad-chain4""]"	[20262057, 20262058, 20262059, 20262060]	4	0	0	500	diagnostics_complete_requires_mixing_review	500	50	37	3	34	0	0	4	0	1	3	0	63296	2017	0	24337	38959	0	1996	21	0
acc8bb557d94297724618225c006e4a74ba079703f73fd55382c012cfe62e27f-centered	acc8bb557d94297724618225c006e4a74ba079703f73fd55382c012cfe62e27f	centered	OG0000230	24	"[""OG0000230-whole-mafft-floor1e-07-resolution10"",""OG0000230-whole-famsa-floor1e-07-resolution10""]"	"[""acc8bb557d94297724618225c006e4a74ba079703f73fd55382c012cfe62e27f-centered-chain1"",""acc8bb557d94297724618225c006e4a74ba079703f73fd55382c012cfe62e27f-centered-chain2"",""acc8bb557d94297724618225c006e4a74ba079703f73fd55382c012cfe62e27f-centered-chain3"",""acc8bb557d94297724618225c006e4a74ba079703f73fd55382c012cfe62e27f-centered-chain4""]"	[20262061, 20262062, 20262063, 20262064]	4	0	0	250	diagnostics_complete_requires_mixing_review	750	75	37	4	33	0	0	4	0	1	3	0	63296	2079	0	24633	38663	0	2058	21	0
acc8bb557d94297724618225c006e4a74ba079703f73fd55382c012cfe62e27f-centered	acc8bb557d94297724618225c006e4a74ba079703f73fd55382c012cfe62e27f	centered	OG0000230	24	"[""OG0000230-whole-mafft-floor1e-07-resolution10"",""OG0000230-whole-famsa-floor1e-07-resolution10""]"	"[""acc8bb557d94297724618225c006e4a74ba079703f73fd55382c012cfe62e27f-centered-chain1"",""acc8bb557d94297724618225c006e4a74ba079703f73fd55382c012cfe62e27f-centered-chain2"",""acc8bb557d94297724618225c006e4a74ba079703f73fd55382c012cfe62e27f-centered-chain3"",""acc8bb557d94297724618225c006e4a74ba079703f73fd55382c012cfe62e27f-centered-chain4""]"	[20262061, 20262062, 20262063, 20262064]	4	0	0	500	diagnostics_complete_requires_mixing_review	500	50	37	3	34	0	0	4	0	1	3	0	63296	1909	0	23435	39861	0	1888	21	0
acc8bb557d94297724618225c006e4a74ba079703f73fd55382c012cfe62e27f-package	acc8bb557d94297724618225c006e4a74ba079703f73fd55382c012cfe62e27f	package	OG0000230	24	"[""OG0000230-whole-mafft-floor1e-07-resolution10"",""OG0000230-whole-famsa-floor1e-07-resolution10""]"	"[""acc8bb557d94297724618225c006e4a74ba079703f73fd55382c012cfe62e27f-package-chain1"",""acc8bb557d94297724618225c006e4a74ba079703f73fd55382c012cfe62e27f-package-chain2"",""acc8bb557d94297724618225c006e4a74ba079703f73fd55382c012cfe62e27f-package-chain3"",""acc8bb557d94297724618225c006e4a74ba079703f73fd55382c012cfe62e27f-package-chain4""]"	[20262065, 20262066, 20262067, 20262068]	4	0	0	250	diagnostics_complete_requires_mixing_review	750	75	37	6	31	0	0	4	0	1	3	0	63296	2025	0	24229	39067	0	2004	21	0
acc8bb557d94297724618225c006e4a74ba079703f73fd55382c012cfe62e27f-package	acc8bb557d94297724618225c006e4a74ba079703f73fd55382c012cfe62e27f	package	OG0000230	24	"[""OG0000230-whole-mafft-floor1e-07-resolution10"",""OG0000230-whole-famsa-floor1e-07-resolution10""]"	"[""acc8bb557d94297724618225c006e4a74ba079703f73fd55382c012cfe62e27f-package-chain1"",""acc8bb557d94297724618225c006e4a74ba079703f73fd55382c012cfe62e27f-package-chain2"",""acc8bb557d94297724618225c006e4a74ba079703f73fd55382c012cfe62e27f-package-chain3"",""acc8bb557d94297724618225c006e4a74ba079703f73fd55382c012cfe62e27f-package-chain4""]"	[20262065, 20262066, 20262067, 20262068]	4	0	0	500	diagnostics_complete_requires_mixing_review	500	50	37	5	32	0	0	4	0	1	3	0	63296	1882	0	22840	40456	0	1861	21	0
acfc837699b7ad7b47bda478356d778fa35864ba0a2af4bfe55096cf9e8b65a5-broad	acfc837699b7ad7b47bda478356d778fa35864ba0a2af4bfe55096cf9e8b65a5	broad	OG0000972	622	"[""OG0000972-whole-mafft-floor1e-07-resolution0"",""OG0000972-whole-famsa-floor1e-07-resolution0""]"	"[""acfc837699b7ad7b47bda478356d778fa35864ba0a2af4bfe55096cf9e8b65a5-broad-chain1"",""acfc837699b7ad7b47bda478356d778fa35864ba0a2af4bfe55096cf9e8b65a5-broad-chain2"",""acfc837699b7ad7b47bda478356d778fa35864ba0a2af4bfe55096cf9e8b65a5-broad-chain3"",""acfc837699b7ad7b47bda478356d778fa35864ba0a2af4bfe55096cf9e8b65a5-broad-chain4""]"	[20262069, 20262070, 20262071, 20262072]	3	1	0	250	unresolved_native_memory_failure																					0
acfc837699b7ad7b47bda478356d778fa35864ba0a2af4bfe55096cf9e8b65a5-broad	acfc837699b7ad7b47bda478356d778fa35864ba0a2af4bfe55096cf9e8b65a5	broad	OG0000972	622	"[""OG0000972-whole-mafft-floor1e-07-resolution0"",""OG0000972-whole-famsa-floor1e-07-resolution0""]"	"[""acfc837699b7ad7b47bda478356d778fa35864ba0a2af4bfe55096cf9e8b65a5-broad-chain1"",""acfc837699b7ad7b47bda478356d778fa35864ba0a2af4bfe55096cf9e8b65a5-broad-chain2"",""acfc837699b7ad7b47bda478356d778fa35864ba0a2af4bfe55096cf9e8b65a5-broad-chain3"",""acfc837699b7ad7b47bda478356d778fa35864ba0a2af4bfe55096cf9e8b65a5-broad-chain4""]"	[20262069, 20262070, 20262071, 20262072]	3	1	0	500	unresolved_native_memory_failure																					0
acfc837699b7ad7b47bda478356d778fa35864ba0a2af4bfe55096cf9e8b65a5-centered	acfc837699b7ad7b47bda478356d778fa35864ba0a2af4bfe55096cf9e8b65a5	centered	OG0000972	622	"[""OG0000972-whole-mafft-floor1e-07-resolution0"",""OG0000972-whole-famsa-floor1e-07-resolution0""]"	"[""acfc837699b7ad7b47bda478356d778fa35864ba0a2af4bfe55096cf9e8b65a5-centered-chain1"",""acfc837699b7ad7b47bda478356d778fa35864ba0a2af4bfe55096cf9e8b65a5-centered-chain2"",""acfc837699b7ad7b47bda478356d778fa35864ba0a2af4bfe55096cf9e8b65a5-centered-chain3"",""acfc837699b7ad7b47bda478356d778fa35864ba0a2af4bfe55096cf9e8b65a5-centered-chain4""]"	[20262073, 20262074, 20262075, 20262076]	4	0	0	250	diagnostics_complete_requires_mixing_review	750	75	37	0	37	0	0	4	0	3	1	0	1139968	59810	0	678387	461581	0	59789	21	0
acfc837699b7ad7b47bda478356d778fa35864ba0a2af4bfe55096cf9e8b65a5-centered	acfc837699b7ad7b47bda478356d778fa35864ba0a2af4bfe55096cf9e8b65a5	centered	OG0000972	622	"[""OG0000972-whole-mafft-floor1e-07-resolution0"",""OG0000972-whole-famsa-floor1e-07-resolution0""]"	"[""acfc837699b7ad7b47bda478356d778fa35864ba0a2af4bfe55096cf9e8b65a5-centered-chain1"",""acfc837699b7ad7b47bda478356d778fa35864ba0a2af4bfe55096cf9e8b65a5-centered-chain2"",""acfc837699b7ad7b47bda478356d778fa35864ba0a2af4bfe55096cf9e8b65a5-centered-chain3"",""acfc837699b7ad7b47bda478356d778fa35864ba0a2af4bfe55096cf9e8b65a5-centered-chain4""]"	[20262073, 20262074, 20262075, 20262076]	4	0	0	500	diagnostics_complete_requires_mixing_review	500	50	37	0	37	0	0	4	0	3	1	0	1139968	54283	0	652369	487599	0	54262	21	0
acfc837699b7ad7b47bda478356d778fa35864ba0a2af4bfe55096cf9e8b65a5-package	acfc837699b7ad7b47bda478356d778fa35864ba0a2af4bfe55096cf9e8b65a5	package	OG0000972	622	"[""OG0000972-whole-mafft-floor1e-07-resolution0"",""OG0000972-whole-famsa-floor1e-07-resolution0""]"	"[""acfc837699b7ad7b47bda478356d778fa35864ba0a2af4bfe55096cf9e8b65a5-package-chain1"",""acfc837699b7ad7b47bda478356d778fa35864ba0a2af4bfe55096cf9e8b65a5-package-chain2"",""acfc837699b7ad7b47bda478356d778fa35864ba0a2af4bfe55096cf9e8b65a5-package-chain3"",""acfc837699b7ad7b47bda478356d778fa35864ba0a2af4bfe55096cf9e8b65a5-package-chain4""]"	[20262077, 20262078, 20262079, 20262080]	4	0	0	250	diagnostics_complete_requires_mixing_review	750	75	37	0	37	0	0	4	0	1	3	0	1139968	57762	0	681061	458907	0	57741	21	0
acfc837699b7ad7b47bda478356d778fa35864ba0a2af4bfe55096cf9e8b65a5-package	acfc837699b7ad7b47bda478356d778fa35864ba0a2af4bfe55096cf9e8b65a5	package	OG0000972	622	"[""OG0000972-whole-mafft-floor1e-07-resolution0"",""OG0000972-whole-famsa-floor1e-07-resolution0""]"	"[""acfc837699b7ad7b47bda478356d778fa35864ba0a2af4bfe55096cf9e8b65a5-package-chain1"",""acfc837699b7ad7b47bda478356d778fa35864ba0a2af4bfe55096cf9e8b65a5-package-chain2"",""acfc837699b7ad7b47bda478356d778fa35864ba0a2af4bfe55096cf9e8b65a5-package-chain3"",""acfc837699b7ad7b47bda478356d778fa35864ba0a2af4bfe55096cf9e8b65a5-package-chain4""]"	[20262077, 20262078, 20262079, 20262080]	4	0	0	500	diagnostics_complete_requires_mixing_review	500	50	37	0	37	0	0	4	0	1	3	0	1139968	52927	0	646643	493325	0	52906	21	0
af65ef17a4c9bcf72260d7f9ce4e56aa3f24b33efde5226a848de2bb40e30a51-broad	af65ef17a4c9bcf72260d7f9ce4e56aa3f24b33efde5226a848de2bb40e30a51	broad	OG0000230	24	"[""OG0000230-alignment-mafft-floor1e-07-resolution1"",""OG0000230-alignment-famsa-floor1e-07-resolution1""]"	"[""af65ef17a4c9bcf72260d7f9ce4e56aa3f24b33efde5226a848de2bb40e30a51-broad-chain1"",""af65ef17a4c9bcf72260d7f9ce4e56aa3f24b33efde5226a848de2bb40e30a51-broad-chain2"",""af65ef17a4c9bcf72260d7f9ce4e56aa3f24b33efde5226a848de2bb40e30a51-broad-chain3"",""af65ef17a4c9bcf72260d7f9ce4e56aa3f24b33efde5226a848de2bb40e30a51-broad-chain4""]"	[20262081, 20262082, 20262083, 20262084]	4	0	0	250	diagnostics_complete_requires_mixing_review	750	75	37	16	21	0	0	4	0	0	4	0	10924	463	0	5970	4954	0	443	20	0
af65ef17a4c9bcf72260d7f9ce4e56aa3f24b33efde5226a848de2bb40e30a51-broad	af65ef17a4c9bcf72260d7f9ce4e56aa3f24b33efde5226a848de2bb40e30a51	broad	OG0000230	24	"[""OG0000230-alignment-mafft-floor1e-07-resolution1"",""OG0000230-alignment-famsa-floor1e-07-resolution1""]"	"[""af65ef17a4c9bcf72260d7f9ce4e56aa3f24b33efde5226a848de2bb40e30a51-broad-chain1"",""af65ef17a4c9bcf72260d7f9ce4e56aa3f24b33efde5226a848de2bb40e30a51-broad-chain2"",""af65ef17a4c9bcf72260d7f9ce4e56aa3f24b33efde5226a848de2bb40e30a51-broad-chain3"",""af65ef17a4c9bcf72260d7f9ce4e56aa3f24b33efde5226a848de2bb40e30a51-broad-chain4""]"	[20262081, 20262082, 20262083, 20262084]	4	0	0	500	diagnostics_complete_requires_mixing_review	500	50	37	13	24	0	0	4	0	0	4	0	10924	384	0	5487	5437	0	364	20	0
af65ef17a4c9bcf72260d7f9ce4e56aa3f24b33efde5226a848de2bb40e30a51-centered	af65ef17a4c9bcf72260d7f9ce4e56aa3f24b33efde5226a848de2bb40e30a51	centered	OG0000230	24	"[""OG0000230-alignment-mafft-floor1e-07-resolution1"",""OG0000230-alignment-famsa-floor1e-07-resolution1""]"	"[""af65ef17a4c9bcf72260d7f9ce4e56aa3f24b33efde5226a848de2bb40e30a51-centered-chain1"",""af65ef17a4c9bcf72260d7f9ce4e56aa3f24b33efde5226a848de2bb40e30a51-centered-chain2"",""af65ef17a4c9bcf72260d7f9ce4e56aa3f24b33efde5226a848de2bb40e30a51-centered-chain3"",""af65ef17a4c9bcf72260d7f9ce4e56aa3f24b33efde5226a848de2bb40e30a51-centered-chain4""]"	[20262085, 20262086, 20262087, 20262088]	4	0	0	250	diagnostics_complete_requires_mixing_review	750	75	37	18	19	0	0	4	0	0	4	0	10924	402	0	5412	5512	0	382	20	0
af65ef17a4c9bcf72260d7f9ce4e56aa3f24b33efde5226a848de2bb40e30a51-centered	af65ef17a4c9bcf72260d7f9ce4e56aa3f24b33efde5226a848de2bb40e30a51	centered	OG0000230	24	"[""OG0000230-alignment-mafft-floor1e-07-resolution1"",""OG0000230-alignment-famsa-floor1e-07-resolution1""]"	"[""af65ef17a4c9bcf72260d7f9ce4e56aa3f24b33efde5226a848de2bb40e30a51-centered-chain1"",""af65ef17a4c9bcf72260d7f9ce4e56aa3f24b33efde5226a848de2bb40e30a51-centered-chain2"",""af65ef17a4c9bcf72260d7f9ce4e56aa3f24b33efde5226a848de2bb40e30a51-centered-chain3"",""af65ef17a4c9bcf72260d7f9ce4e56aa3f24b33efde5226a848de2bb40e30a51-centered-chain4""]"	[20262085, 20262086, 20262087, 20262088]	4	0	0	500	diagnostics_complete_requires_mixing_review	500	50	37	17	20	0	0	4	0	0	4	0	10924	356	0	4925	5999	0	336	20	0
af65ef17a4c9bcf72260d7f9ce4e56aa3f24b33efde5226a848de2bb40e30a51-package	af65ef17a4c9bcf72260d7f9ce4e56aa3f24b33efde5226a848de2bb40e30a51	package	OG0000230	24	"[""OG0000230-alignment-mafft-floor1e-07-resolution1"",""OG0000230-alignment-famsa-floor1e-07-resolution1""]"	"[""af65ef17a4c9bcf72260d7f9ce4e56aa3f24b33efde5226a848de2bb40e30a51-package-chain1"",""af65ef17a4c9bcf72260d7f9ce4e56aa3f24b33efde5226a848de2bb40e30a51-package-chain2"",""af65ef17a4c9bcf72260d7f9ce4e56aa3f24b33efde5226a848de2bb40e30a51-package-chain3"",""af65ef17a4c9bcf72260d7f9ce4e56aa3f24b33efde5226a848de2bb40e30a51-package-chain4""]"	[20262089, 20262090, 20262091, 20262092]	4	0	0	250	diagnostics_complete_requires_mixing_review	750	75	37	10	27	0	0	4	0	0	4	0	10924	443	0	5566	5358	0	423	20	0
af65ef17a4c9bcf72260d7f9ce4e56aa3f24b33efde5226a848de2bb40e30a51-package	af65ef17a4c9bcf72260d7f9ce4e56aa3f24b33efde5226a848de2bb40e30a51	package	OG0000230	24	"[""OG0000230-alignment-mafft-floor1e-07-resolution1"",""OG0000230-alignment-famsa-floor1e-07-resolution1""]"	"[""af65ef17a4c9bcf72260d7f9ce4e56aa3f24b33efde5226a848de2bb40e30a51-package-chain1"",""af65ef17a4c9bcf72260d7f9ce4e56aa3f24b33efde5226a848de2bb40e30a51-package-chain2"",""af65ef17a4c9bcf72260d7f9ce4e56aa3f24b33efde5226a848de2bb40e30a51-package-chain3"",""af65ef17a4c9bcf72260d7f9ce4e56aa3f24b33efde5226a848de2bb40e30a51-package-chain4""]"	[20262089, 20262090, 20262091, 20262092]	4	0	0	500	diagnostics_complete_requires_mixing_review	500	50	37	17	20	0	0	4	0	0	4	0	10924	395	0	5303	5621	0	375	20	0
aff152be932f64c9c7f8220e8e1408a559611af5e5532077b1851ea5cff847fb-broad	aff152be932f64c9c7f8220e8e1408a559611af5e5532077b1851ea5cff847fb	broad	OG0000230	24	"[""OG0000230-envelope-mafft-floor1e-07-resolution4"",""OG0000230-envelope-famsa-floor1e-07-resolution4""]"	"[""aff152be932f64c9c7f8220e8e1408a559611af5e5532077b1851ea5cff847fb-broad-chain1"",""aff152be932f64c9c7f8220e8e1408a559611af5e5532077b1851ea5cff847fb-broad-chain2"",""aff152be932f64c9c7f8220e8e1408a559611af5e5532077b1851ea5cff847fb-broad-chain3"",""aff152be932f64c9c7f8220e8e1408a559611af5e5532077b1851ea5cff847fb-broad-chain4""]"	[20262093, 20262094, 20262095, 20262096]	4	0	0	250	diagnostics_complete_requires_mixing_review	750	75	37	17	20	0	0	4	0	0	4	0	11132	342	0	4710	6422	0	322	20	0
aff152be932f64c9c7f8220e8e1408a559611af5e5532077b1851ea5cff847fb-broad	aff152be932f64c9c7f8220e8e1408a559611af5e5532077b1851ea5cff847fb	broad	OG0000230	24	"[""OG0000230-envelope-mafft-floor1e-07-resolution4"",""OG0000230-envelope-famsa-floor1e-07-resolution4""]"	"[""aff152be932f64c9c7f8220e8e1408a559611af5e5532077b1851ea5cff847fb-broad-chain1"",""aff152be932f64c9c7f8220e8e1408a559611af5e5532077b1851ea5cff847fb-broad-chain2"",""aff152be932f64c9c7f8220e8e1408a559611af5e5532077b1851ea5cff847fb-broad-chain3"",""aff152be932f64c9c7f8220e8e1408a559611af5e5532077b1851ea5cff847fb-broad-chain4""]"	[20262093, 20262094, 20262095, 20262096]	4	0	0	500	diagnostics_complete_requires_mixing_review	500	50	37	17	20	0	0	4	0	0	4	0	11132	327	0	4526	6606	0	307	20	0
aff152be932f64c9c7f8220e8e1408a559611af5e5532077b1851ea5cff847fb-centered	aff152be932f64c9c7f8220e8e1408a559611af5e5532077b1851ea5cff847fb	centered	OG0000230	24	"[""OG0000230-envelope-mafft-floor1e-07-resolution4"",""OG0000230-envelope-famsa-floor1e-07-resolution4""]"	"[""aff152be932f64c9c7f8220e8e1408a559611af5e5532077b1851ea5cff847fb-centered-chain1"",""aff152be932f64c9c7f8220e8e1408a559611af5e5532077b1851ea5cff847fb-centered-chain2"",""aff152be932f64c9c7f8220e8e1408a559611af5e5532077b1851ea5cff847fb-centered-chain3"",""aff152be932f64c9c7f8220e8e1408a559611af5e5532077b1851ea5cff847fb-centered-chain4""]"	[20262097, 20262098, 20262099, 20262100]	4	0	0	250	diagnostics_complete_requires_mixing_review	750	75	37	17	20	0	0	4	0	1	3	0	11132	314	0	4455	6677	0	294	20	0
aff152be932f64c9c7f8220e8e1408a559611af5e5532077b1851ea5cff847fb-centered	aff152be932f64c9c7f8220e8e1408a559611af5e5532077b1851ea5cff847fb	centered	OG0000230	24	"[""OG0000230-envelope-mafft-floor1e-07-resolution4"",""OG0000230-envelope-famsa-floor1e-07-resolution4""]"	"[""aff152be932f64c9c7f8220e8e1408a559611af5e5532077b1851ea5cff847fb-centered-chain1"",""aff152be932f64c9c7f8220e8e1408a559611af5e5532077b1851ea5cff847fb-centered-chain2"",""aff152be932f64c9c7f8220e8e1408a559611af5e5532077b1851ea5cff847fb-centered-chain3"",""aff152be932f64c9c7f8220e8e1408a559611af5e5532077b1851ea5cff847fb-centered-chain4""]"	[20262097, 20262098, 20262099, 20262100]	4	0	0	500	diagnostics_complete_requires_mixing_review	500	50	37	17	20	0	0	4	0	0	4	0	11132	281	0	4247	6885	0	261	20	0
aff152be932f64c9c7f8220e8e1408a559611af5e5532077b1851ea5cff847fb-package	aff152be932f64c9c7f8220e8e1408a559611af5e5532077b1851ea5cff847fb	package	OG0000230	24	"[""OG0000230-envelope-mafft-floor1e-07-resolution4"",""OG0000230-envelope-famsa-floor1e-07-resolution4""]"	"[""aff152be932f64c9c7f8220e8e1408a559611af5e5532077b1851ea5cff847fb-package-chain1"",""aff152be932f64c9c7f8220e8e1408a559611af5e5532077b1851ea5cff847fb-package-chain2"",""aff152be932f64c9c7f8220e8e1408a559611af5e5532077b1851ea5cff847fb-package-chain3"",""aff152be932f64c9c7f8220e8e1408a559611af5e5532077b1851ea5cff847fb-package-chain4""]"	[20262101, 20262102, 20262103, 20262104]	4	0	0	250	diagnostics_complete_requires_mixing_review	750	75	37	17	20	0	0	4	0	1	3	0	11132	319	0	4549	6583	0	299	20	0
aff152be932f64c9c7f8220e8e1408a559611af5e5532077b1851ea5cff847fb-package	aff152be932f64c9c7f8220e8e1408a559611af5e5532077b1851ea5cff847fb	package	OG0000230	24	"[""OG0000230-envelope-mafft-floor1e-07-resolution4"",""OG0000230-envelope-famsa-floor1e-07-resolution4""]"	"[""aff152be932f64c9c7f8220e8e1408a559611af5e5532077b1851ea5cff847fb-package-chain1"",""aff152be932f64c9c7f8220e8e1408a559611af5e5532077b1851ea5cff847fb-package-chain2"",""aff152be932f64c9c7f8220e8e1408a559611af5e5532077b1851ea5cff847fb-package-chain3"",""aff152be932f64c9c7f8220e8e1408a559611af5e5532077b1851ea5cff847fb-package-chain4""]"	[20262101, 20262102, 20262103, 20262104]	4	0	0	500	diagnostics_complete_requires_mixing_review	500	50	37	17	20	0	0	4	0	1	3	0	11132	290	0	4341	6791	0	270	20	0
b0abc43a02ab16eaf2911d1a135a89a7f62ed777965dbd15e2cbc9029d5dd051-broad	b0abc43a02ab16eaf2911d1a135a89a7f62ed777965dbd15e2cbc9029d5dd051	broad	OG0001200	13	"[""OG0001200-envelope-mafft-floor1e-07-resolution0"",""OG0001200-envelope-famsa-floor1e-07-resolution0""]"	"[""b0abc43a02ab16eaf2911d1a135a89a7f62ed777965dbd15e2cbc9029d5dd051-broad-chain1"",""b0abc43a02ab16eaf2911d1a135a89a7f62ed777965dbd15e2cbc9029d5dd051-broad-chain2"",""b0abc43a02ab16eaf2911d1a135a89a7f62ed777965dbd15e2cbc9029d5dd051-broad-chain3"",""b0abc43a02ab16eaf2911d1a135a89a7f62ed777965dbd15e2cbc9029d5dd051-broad-chain4""]"	[20262105, 20262106, 20262107, 20262108]	4	0	0	250	diagnostics_complete_requires_mixing_review	750	75	37	2	35	0	0	4	0	2	2	0	8120	2022	0	6563	1557	0	2002	20	0
b0abc43a02ab16eaf2911d1a135a89a7f62ed777965dbd15e2cbc9029d5dd051-broad	b0abc43a02ab16eaf2911d1a135a89a7f62ed777965dbd15e2cbc9029d5dd051	broad	OG0001200	13	"[""OG0001200-envelope-mafft-floor1e-07-resolution0"",""OG0001200-envelope-famsa-floor1e-07-resolution0""]"	"[""b0abc43a02ab16eaf2911d1a135a89a7f62ed777965dbd15e2cbc9029d5dd051-broad-chain1"",""b0abc43a02ab16eaf2911d1a135a89a7f62ed777965dbd15e2cbc9029d5dd051-broad-chain2"",""b0abc43a02ab16eaf2911d1a135a89a7f62ed777965dbd15e2cbc9029d5dd051-broad-chain3"",""b0abc43a02ab16eaf2911d1a135a89a7f62ed777965dbd15e2cbc9029d5dd051-broad-chain4""]"	[20262105, 20262106, 20262107, 20262108]	4	0	0	500	diagnostics_complete_requires_mixing_review	500	50	37	0	37	0	0	4	0	2	2	0	8120	1918	0	6366	1754	0	1898	20	0
b0abc43a02ab16eaf2911d1a135a89a7f62ed777965dbd15e2cbc9029d5dd051-centered	b0abc43a02ab16eaf2911d1a135a89a7f62ed777965dbd15e2cbc9029d5dd051	centered	OG0001200	13	"[""OG0001200-envelope-mafft-floor1e-07-resolution0"",""OG0001200-envelope-famsa-floor1e-07-resolution0""]"	"[""b0abc43a02ab16eaf2911d1a135a89a7f62ed777965dbd15e2cbc9029d5dd051-centered-chain1"",""b0abc43a02ab16eaf2911d1a135a89a7f62ed777965dbd15e2cbc9029d5dd051-centered-chain2"",""b0abc43a02ab16eaf2911d1a135a89a7f62ed777965dbd15e2cbc9029d5dd051-centered-chain3"",""b0abc43a02ab16eaf2911d1a135a89a7f62ed777965dbd15e2cbc9029d5dd051-centered-chain4""]"	[20262109, 20262110, 20262111, 20262112]	4	0	0	250	diagnostics_complete_requires_mixing_review	750	75	37	2	35	0	0	4	0	1	3	0	8120	1873	0	6218	1902	0	1853	20	0
b0abc43a02ab16eaf2911d1a135a89a7f62ed777965dbd15e2cbc9029d5dd051-centered	b0abc43a02ab16eaf2911d1a135a89a7f62ed777965dbd15e2cbc9029d5dd051	centered	OG0001200	13	"[""OG0001200-envelope-mafft-floor1e-07-resolution0"",""OG0001200-envelope-famsa-floor1e-07-resolution0""]"	"[""b0abc43a02ab16eaf2911d1a135a89a7f62ed777965dbd15e2cbc9029d5dd051-centered-chain1"",""b0abc43a02ab16eaf2911d1a135a89a7f62ed777965dbd15e2cbc9029d5dd051-centered-chain2"",""b0abc43a02ab16eaf2911d1a135a89a7f62ed777965dbd15e2cbc9029d5dd051-centered-chain3"",""b0abc43a02ab16eaf2911d1a135a89a7f62ed777965dbd15e2cbc9029d5dd051-centered-chain4""]"	[20262109, 20262110, 20262111, 20262112]	4	0	0	500	diagnostics_complete_requires_mixing_review	500	50	37	2	35	0	0	4	0	1	3	0	8120	1731	0	5993	2127	0	1711	20	0
b0abc43a02ab16eaf2911d1a135a89a7f62ed777965dbd15e2cbc9029d5dd051-package	b0abc43a02ab16eaf2911d1a135a89a7f62ed777965dbd15e2cbc9029d5dd051	package	OG0001200	13	"[""OG0001200-envelope-mafft-floor1e-07-resolution0"",""OG0001200-envelope-famsa-floor1e-07-resolution0""]"	"[""b0abc43a02ab16eaf2911d1a135a89a7f62ed777965dbd15e2cbc9029d5dd051-package-chain1"",""b0abc43a02ab16eaf2911d1a135a89a7f62ed777965dbd15e2cbc9029d5dd051-package-chain2"",""b0abc43a02ab16eaf2911d1a135a89a7f62ed777965dbd15e2cbc9029d5dd051-package-chain3"",""b0abc43a02ab16eaf2911d1a135a89a7f62ed777965dbd15e2cbc9029d5dd051-package-chain4""]"	[20262113, 20262114, 20262115, 20262116]	4	0	0	250	diagnostics_complete_requires_mixing_review	750	75	37	2	35	0	0	4	0	2	2	0	8120	2019	0	6481	1639	0	1999	20	0
b0abc43a02ab16eaf2911d1a135a89a7f62ed777965dbd15e2cbc9029d5dd051-package	b0abc43a02ab16eaf2911d1a135a89a7f62ed777965dbd15e2cbc9029d5dd051	package	OG0001200	13	"[""OG0001200-envelope-mafft-floor1e-07-resolution0"",""OG0001200-envelope-famsa-floor1e-07-resolution0""]"	"[""b0abc43a02ab16eaf2911d1a135a89a7f62ed777965dbd15e2cbc9029d5dd051-package-chain1"",""b0abc43a02ab16eaf2911d1a135a89a7f62ed777965dbd15e2cbc9029d5dd051-package-chain2"",""b0abc43a02ab16eaf2911d1a135a89a7f62ed777965dbd15e2cbc9029d5dd051-package-chain3"",""b0abc43a02ab16eaf2911d1a135a89a7f62ed777965dbd15e2cbc9029d5dd051-package-chain4""]"	[20262113, 20262114, 20262115, 20262116]	4	0	0	500	diagnostics_complete_requires_mixing_review	500	50	37	1	36	0	0	4	0	1	3	0	8120	1867	0	6263	1857	0	1847	20	0
b5798e78d23ed01c8d8004f5663a65aa1d50fc9af4ed036f23626451393031be-broad	b5798e78d23ed01c8d8004f5663a65aa1d50fc9af4ed036f23626451393031be	broad	OG0000230	24	"[""OG0000230-envelope-mafft-floor1e-07-resolution6"",""OG0000230-envelope-famsa-floor1e-07-resolution6""]"	"[""b5798e78d23ed01c8d8004f5663a65aa1d50fc9af4ed036f23626451393031be-broad-chain1"",""b5798e78d23ed01c8d8004f5663a65aa1d50fc9af4ed036f23626451393031be-broad-chain2"",""b5798e78d23ed01c8d8004f5663a65aa1d50fc9af4ed036f23626451393031be-broad-chain3"",""b5798e78d23ed01c8d8004f5663a65aa1d50fc9af4ed036f23626451393031be-broad-chain4""]"	[20262117, 20262118, 20262119, 20262120]	4	0	0	250	diagnostics_complete_requires_mixing_review	750	75	37	18	19	0	0	4	0	1	3	0	11132	344	0	4587	6545	0	324	20	0
b5798e78d23ed01c8d8004f5663a65aa1d50fc9af4ed036f23626451393031be-broad	b5798e78d23ed01c8d8004f5663a65aa1d50fc9af4ed036f23626451393031be	broad	OG0000230	24	"[""OG0000230-envelope-mafft-floor1e-07-resolution6"",""OG0000230-envelope-famsa-floor1e-07-resolution6""]"	"[""b5798e78d23ed01c8d8004f5663a65aa1d50fc9af4ed036f23626451393031be-broad-chain1"",""b5798e78d23ed01c8d8004f5663a65aa1d50fc9af4ed036f23626451393031be-broad-chain2"",""b5798e78d23ed01c8d8004f5663a65aa1d50fc9af4ed036f23626451393031be-broad-chain3"",""b5798e78d23ed01c8d8004f5663a65aa1d50fc9af4ed036f23626451393031be-broad-chain4""]"	[20262117, 20262118, 20262119, 20262120]	4	0	0	500	diagnostics_complete_requires_mixing_review	500	50	37	13	24	0	0	4	0	1	3	0	11132	322	0	4383	6749	0	302	20	0
b5798e78d23ed01c8d8004f5663a65aa1d50fc9af4ed036f23626451393031be-centered	b5798e78d23ed01c8d8004f5663a65aa1d50fc9af4ed036f23626451393031be	centered	OG0000230	24	"[""OG0000230-envelope-mafft-floor1e-07-resolution6"",""OG0000230-envelope-famsa-floor1e-07-resolution6""]"	"[""b5798e78d23ed01c8d8004f5663a65aa1d50fc9af4ed036f23626451393031be-centered-chain1"",""b5798e78d23ed01c8d8004f5663a65aa1d50fc9af4ed036f23626451393031be-centered-chain2"",""b5798e78d23ed01c8d8004f5663a65aa1d50fc9af4ed036f23626451393031be-centered-chain3"",""b5798e78d23ed01c8d8004f5663a65aa1d50fc9af4ed036f23626451393031be-centered-chain4""]"	[20262121, 20262122, 20262123, 20262124]	4	0	0	250	diagnostics_complete_requires_mixing_review	750	75	37	17	20	0	0	4	0	1	3	0	11132	364	0	4789	6343	0	344	20	0
b5798e78d23ed01c8d8004f5663a65aa1d50fc9af4ed036f23626451393031be-centered	b5798e78d23ed01c8d8004f5663a65aa1d50fc9af4ed036f23626451393031be	centered	OG0000230	24	"[""OG0000230-envelope-mafft-floor1e-07-resolution6"",""OG0000230-envelope-famsa-floor1e-07-resolution6""]"	"[""b5798e78d23ed01c8d8004f5663a65aa1d50fc9af4ed036f23626451393031be-centered-chain1"",""b5798e78d23ed01c8d8004f5663a65aa1d50fc9af4ed036f23626451393031be-centered-chain2"",""b5798e78d23ed01c8d8004f5663a65aa1d50fc9af4ed036f23626451393031be-centered-chain3"",""b5798e78d23ed01c8d8004f5663a65aa1d50fc9af4ed036f23626451393031be-centered-chain4""]"	[20262121, 20262122, 20262123, 20262124]	4	0	0	500	diagnostics_complete_requires_mixing_review	500	50	37	17	20	0	0	4	0	1	3	0	11132	308	0	4441	6691	0	288	20	0
b5798e78d23ed01c8d8004f5663a65aa1d50fc9af4ed036f23626451393031be-package	b5798e78d23ed01c8d8004f5663a65aa1d50fc9af4ed036f23626451393031be	package	OG0000230	24	"[""OG0000230-envelope-mafft-floor1e-07-resolution6"",""OG0000230-envelope-famsa-floor1e-07-resolution6""]"	"[""b5798e78d23ed01c8d8004f5663a65aa1d50fc9af4ed036f23626451393031be-package-chain1"",""b5798e78d23ed01c8d8004f5663a65aa1d50fc9af4ed036f23626451393031be-package-chain2"",""b5798e78d23ed01c8d8004f5663a65aa1d50fc9af4ed036f23626451393031be-package-chain3"",""b5798e78d23ed01c8d8004f5663a65aa1d50fc9af4ed036f23626451393031be-package-chain4""]"	[20262125, 20262126, 20262127, 20262128]	4	0	0	250	diagnostics_complete_requires_mixing_review	750	75	37	18	19	0	0	4	0	1	3	0	11132	353	0	4735	6397	0	333	20	0
b5798e78d23ed01c8d8004f5663a65aa1d50fc9af4ed036f23626451393031be-package	b5798e78d23ed01c8d8004f5663a65aa1d50fc9af4ed036f23626451393031be	package	OG0000230	24	"[""OG0000230-envelope-mafft-floor1e-07-resolution6"",""OG0000230-envelope-famsa-floor1e-07-resolution6""]"	"[""b5798e78d23ed01c8d8004f5663a65aa1d50fc9af4ed036f23626451393031be-package-chain1"",""b5798e78d23ed01c8d8004f5663a65aa1d50fc9af4ed036f23626451393031be-package-chain2"",""b5798e78d23ed01c8d8004f5663a65aa1d50fc9af4ed036f23626451393031be-package-chain3"",""b5798e78d23ed01c8d8004f5663a65aa1d50fc9af4ed036f23626451393031be-package-chain4""]"	[20262125, 20262126, 20262127, 20262128]	4	0	0	500	diagnostics_complete_requires_mixing_review	500	50	37	15	22	0	0	4	0	0	4	0	11132	322	0	4564	6568	0	302	20	0
b5fcd4bb2bad85a36f8ab1fdcdb4f00a05ba31b03fc8b7cd2702e1d973f8ed6d-broad	b5fcd4bb2bad85a36f8ab1fdcdb4f00a05ba31b03fc8b7cd2702e1d973f8ed6d	broad	OG0000230	24	"[""OG0000230-alignment-mafft-floor1e-07-resolution6"",""OG0000230-alignment-famsa-floor1e-07-resolution6""]"	"[""b5fcd4bb2bad85a36f8ab1fdcdb4f00a05ba31b03fc8b7cd2702e1d973f8ed6d-broad-chain1"",""b5fcd4bb2bad85a36f8ab1fdcdb4f00a05ba31b03fc8b7cd2702e1d973f8ed6d-broad-chain2"",""b5fcd4bb2bad85a36f8ab1fdcdb4f00a05ba31b03fc8b7cd2702e1d973f8ed6d-broad-chain3"",""b5fcd4bb2bad85a36f8ab1fdcdb4f00a05ba31b03fc8b7cd2702e1d973f8ed6d-broad-chain4""]"	[20262129, 20262130, 20262131, 20262132]	4	0	0	250	diagnostics_complete_requires_mixing_review	750	75	37	15	22	0	0	4	0	1	3	0	10924	461	0	5608	5316	0	441	20	0
b5fcd4bb2bad85a36f8ab1fdcdb4f00a05ba31b03fc8b7cd2702e1d973f8ed6d-broad	b5fcd4bb2bad85a36f8ab1fdcdb4f00a05ba31b03fc8b7cd2702e1d973f8ed6d	broad	OG0000230	24	"[""OG0000230-alignment-mafft-floor1e-07-resolution6"",""OG0000230-alignment-famsa-floor1e-07-resolution6""]"	"[""b5fcd4bb2bad85a36f8ab1fdcdb4f00a05ba31b03fc8b7cd2702e1d973f8ed6d-broad-chain1"",""b5fcd4bb2bad85a36f8ab1fdcdb4f00a05ba31b03fc8b7cd2702e1d973f8ed6d-broad-chain2"",""b5fcd4bb2bad85a36f8ab1fdcdb4f00a05ba31b03fc8b7cd2702e1d973f8ed6d-broad-chain3"",""b5fcd4bb2bad85a36f8ab1fdcdb4f00a05ba31b03fc8b7cd2702e1d973f8ed6d-broad-chain4""]"	[20262129, 20262130, 20262131, 20262132]	4	0	0	500	diagnostics_complete_requires_mixing_review	500	50	37	17	20	0	0	4	0	1	3	0	10924	411	0	5274	5650	0	391	20	0
b5fcd4bb2bad85a36f8ab1fdcdb4f00a05ba31b03fc8b7cd2702e1d973f8ed6d-centered	b5fcd4bb2bad85a36f8ab1fdcdb4f00a05ba31b03fc8b7cd2702e1d973f8ed6d	centered	OG0000230	24	"[""OG0000230-alignment-mafft-floor1e-07-resolution6"",""OG0000230-alignment-famsa-floor1e-07-resolution6""]"	"[""b5fcd4bb2bad85a36f8ab1fdcdb4f00a05ba31b03fc8b7cd2702e1d973f8ed6d-centered-chain1"",""b5fcd4bb2bad85a36f8ab1fdcdb4f00a05ba31b03fc8b7cd2702e1d973f8ed6d-centered-chain2"",""b5fcd4bb2bad85a36f8ab1fdcdb4f00a05ba31b03fc8b7cd2702e1d973f8ed6d-centered-chain3"",""b5fcd4bb2bad85a36f8ab1fdcdb4f00a05ba31b03fc8b7cd2702e1d973f8ed6d-centered-chain4""]"	[20262133, 20262134, 20262135, 20262136]	4	0	0	250	diagnostics_complete_requires_mixing_review	750	75	37	13	24	0	0	4	0	0	4	0	10924	459	0	5834	5090	0	439	20	0
b5fcd4bb2bad85a36f8ab1fdcdb4f00a05ba31b03fc8b7cd2702e1d973f8ed6d-centered	b5fcd4bb2bad85a36f8ab1fdcdb4f00a05ba31b03fc8b7cd2702e1d973f8ed6d	centered	OG0000230	24	"[""OG0000230-alignment-mafft-floor1e-07-resolution6"",""OG0000230-alignment-famsa-floor1e-07-resolution6""]"	"[""b5fcd4bb2bad85a36f8ab1fdcdb4f00a05ba31b03fc8b7cd2702e1d973f8ed6d-centered-chain1"",""b5fcd4bb2bad85a36f8ab1fdcdb4f00a05ba31b03fc8b7cd2702e1d973f8ed6d-centered-chain2"",""b5fcd4bb2bad85a36f8ab1fdcdb4f00a05ba31b03fc8b7cd2702e1d973f8ed6d-centered-chain3"",""b5fcd4bb2bad85a36f8ab1fdcdb4f00a05ba31b03fc8b7cd2702e1d973f8ed6d-centered-chain4""]"	[20262133, 20262134, 20262135, 20262136]	4	0	0	500	diagnostics_complete_requires_mixing_review	500	50	37	13	24	0	0	4	0	0	4	0	10924	425	0	5387	5537	0	405	20	0
b5fcd4bb2bad85a36f8ab1fdcdb4f00a05ba31b03fc8b7cd2702e1d973f8ed6d-package	b5fcd4bb2bad85a36f8ab1fdcdb4f00a05ba31b03fc8b7cd2702e1d973f8ed6d	package	OG0000230	24	"[""OG0000230-alignment-mafft-floor1e-07-resolution6"",""OG0000230-alignment-famsa-floor1e-07-resolution6""]"	"[""b5fcd4bb2bad85a36f8ab1fdcdb4f00a05ba31b03fc8b7cd2702e1d973f8ed6d-package-chain1"",""b5fcd4bb2bad85a36f8ab1fdcdb4f00a05ba31b03fc8b7cd2702e1d973f8ed6d-package-chain2"",""b5fcd4bb2bad85a36f8ab1fdcdb4f00a05ba31b03fc8b7cd2702e1d973f8ed6d-package-chain3"",""b5fcd4bb2bad85a36f8ab1fdcdb4f00a05ba31b03fc8b7cd2702e1d973f8ed6d-package-chain4""]"	[20262137, 20262138, 20262139, 20262140]	4	0	0	250	diagnostics_complete_requires_mixing_review	750	75	37	17	20	0	0	4	0	0	4	0	10924	448	0	5640	5284	0	428	20	0
b5fcd4bb2bad85a36f8ab1fdcdb4f00a05ba31b03fc8b7cd2702e1d973f8ed6d-package	b5fcd4bb2bad85a36f8ab1fdcdb4f00a05ba31b03fc8b7cd2702e1d973f8ed6d	package	OG0000230	24	"[""OG0000230-alignment-mafft-floor1e-07-resolution6"",""OG0000230-alignment-famsa-floor1e-07-resolution6""]"	"[""b5fcd4bb2bad85a36f8ab1fdcdb4f00a05ba31b03fc8b7cd2702e1d973f8ed6d-package-chain1"",""b5fcd4bb2bad85a36f8ab1fdcdb4f00a05ba31b03fc8b7cd2702e1d973f8ed6d-package-chain2"",""b5fcd4bb2bad85a36f8ab1fdcdb4f00a05ba31b03fc8b7cd2702e1d973f8ed6d-package-chain3"",""b5fcd4bb2bad85a36f8ab1fdcdb4f00a05ba31b03fc8b7cd2702e1d973f8ed6d-package-chain4""]"	[20262137, 20262138, 20262139, 20262140]	4	0	0	500	diagnostics_complete_requires_mixing_review	500	50	37	16	21	0	0	4	0	0	4	0	10924	402	0	5349	5575	0	382	20	0
b81382c8a9caedce62d6197a3fb73f4114027223a26af86b9877baedd75e00c1-broad	b81382c8a9caedce62d6197a3fb73f4114027223a26af86b9877baedd75e00c1	broad	OG0000230	24	"[""OG0000230-alignment-mafft-floor1e-07-resolution4"",""OG0000230-alignment-famsa-floor1e-07-resolution4""]"	"[""b81382c8a9caedce62d6197a3fb73f4114027223a26af86b9877baedd75e00c1-broad-chain1"",""b81382c8a9caedce62d6197a3fb73f4114027223a26af86b9877baedd75e00c1-broad-chain2"",""b81382c8a9caedce62d6197a3fb73f4114027223a26af86b9877baedd75e00c1-broad-chain3"",""b81382c8a9caedce62d6197a3fb73f4114027223a26af86b9877baedd75e00c1-broad-chain4""]"	[20262141, 20262142, 20262143, 20262144]	4	0	0	250	diagnostics_complete_requires_mixing_review	750	75	37	14	23	0	0	4	0	0	4	0	10924	437	0	5508	5416	0	417	20	0
b81382c8a9caedce62d6197a3fb73f4114027223a26af86b9877baedd75e00c1-broad	b81382c8a9caedce62d6197a3fb73f4114027223a26af86b9877baedd75e00c1	broad	OG0000230	24	"[""OG0000230-alignment-mafft-floor1e-07-resolution4"",""OG0000230-alignment-famsa-floor1e-07-resolution4""]"	"[""b81382c8a9caedce62d6197a3fb73f4114027223a26af86b9877baedd75e00c1-broad-chain1"",""b81382c8a9caedce62d6197a3fb73f4114027223a26af86b9877baedd75e00c1-broad-chain2"",""b81382c8a9caedce62d6197a3fb73f4114027223a26af86b9877baedd75e00c1-broad-chain3"",""b81382c8a9caedce62d6197a3fb73f4114027223a26af86b9877baedd75e00c1-broad-chain4""]"	[20262141, 20262142, 20262143, 20262144]	4	0	0	500	diagnostics_complete_requires_mixing_review	500	50	37	12	25	0	0	4	0	0	4	0	10924	385	0	5213	5711	0	365	20	0
b81382c8a9caedce62d6197a3fb73f4114027223a26af86b9877baedd75e00c1-centered	b81382c8a9caedce62d6197a3fb73f4114027223a26af86b9877baedd75e00c1	centered	OG0000230	24	"[""OG0000230-alignment-mafft-floor1e-07-resolution4"",""OG0000230-alignment-famsa-floor1e-07-resolution4""]"	"[""b81382c8a9caedce62d6197a3fb73f4114027223a26af86b9877baedd75e00c1-centered-chain1"",""b81382c8a9caedce62d6197a3fb73f4114027223a26af86b9877baedd75e00c1-centered-chain2"",""b81382c8a9caedce62d6197a3fb73f4114027223a26af86b9877baedd75e00c1-centered-chain3"",""b81382c8a9caedce62d6197a3fb73f4114027223a26af86b9877baedd75e00c1-centered-chain4""]"	[20262145, 20262146, 20262147, 20262148]	4	0	0	250	diagnostics_complete_requires_mixing_review	750	75	37	19	18	0	0	4	0	0	4	0	10924	408	0	5477	5447	0	388	20	0
b81382c8a9caedce62d6197a3fb73f4114027223a26af86b9877baedd75e00c1-centered	b81382c8a9caedce62d6197a3fb73f4114027223a26af86b9877baedd75e00c1	centered	OG0000230	24	"[""OG0000230-alignment-mafft-floor1e-07-resolution4"",""OG0000230-alignment-famsa-floor1e-07-resolution4""]"	"[""b81382c8a9caedce62d6197a3fb73f4114027223a26af86b9877baedd75e00c1-centered-chain1"",""b81382c8a9caedce62d6197a3fb73f4114027223a26af86b9877baedd75e00c1-centered-chain2"",""b81382c8a9caedce62d6197a3fb73f4114027223a26af86b9877baedd75e00c1-centered-chain3"",""b81382c8a9caedce62d6197a3fb73f4114027223a26af86b9877baedd75e00c1-centered-chain4""]"	[20262145, 20262146, 20262147, 20262148]	4	0	0	500	diagnostics_complete_requires_mixing_review	500	50	37	14	23	0	0	4	0	0	4	0	10924	352	0	5037	5887	0	332	20	0
b81382c8a9caedce62d6197a3fb73f4114027223a26af86b9877baedd75e00c1-package	b81382c8a9caedce62d6197a3fb73f4114027223a26af86b9877baedd75e00c1	package	OG0000230	24	"[""OG0000230-alignment-mafft-floor1e-07-resolution4"",""OG0000230-alignment-famsa-floor1e-07-resolution4""]"	"[""b81382c8a9caedce62d6197a3fb73f4114027223a26af86b9877baedd75e00c1-package-chain1"",""b81382c8a9caedce62d6197a3fb73f4114027223a26af86b9877baedd75e00c1-package-chain2"",""b81382c8a9caedce62d6197a3fb73f4114027223a26af86b9877baedd75e00c1-package-chain3"",""b81382c8a9caedce62d6197a3fb73f4114027223a26af86b9877baedd75e00c1-package-chain4""]"	[20262149, 20262150, 20262151, 20262152]	4	0	0	250	diagnostics_complete_requires_mixing_review	750	75	37	5	32	0	0	4	0	0	4	0	10924	395	0	5406	5518	0	375	20	0
b81382c8a9caedce62d6197a3fb73f4114027223a26af86b9877baedd75e00c1-package	b81382c8a9caedce62d6197a3fb73f4114027223a26af86b9877baedd75e00c1	package	OG0000230	24	"[""OG0000230-alignment-mafft-floor1e-07-resolution4"",""OG0000230-alignment-famsa-floor1e-07-resolution4""]"	"[""b81382c8a9caedce62d6197a3fb73f4114027223a26af86b9877baedd75e00c1-package-chain1"",""b81382c8a9caedce62d6197a3fb73f4114027223a26af86b9877baedd75e00c1-package-chain2"",""b81382c8a9caedce62d6197a3fb73f4114027223a26af86b9877baedd75e00c1-package-chain3"",""b81382c8a9caedce62d6197a3fb73f4114027223a26af86b9877baedd75e00c1-package-chain4""]"	[20262149, 20262150, 20262151, 20262152]	4	0	0	500	diagnostics_complete_requires_mixing_review	500	50	37	5	32	0	0	4	0	0	4	0	10924	351	0	5048	5876	0	331	20	0
b83d69caeb55d8e88fd144c6e011ac9c720034d9220cef23524223924a6d034c-broad	b83d69caeb55d8e88fd144c6e011ac9c720034d9220cef23524223924a6d034c	broad	OG0000230	24	"[""OG0000230-whole-mafft-floor1e-09-resolution11"",""OG0000230-whole-famsa-floor1e-09-resolution11""]"	"[""b83d69caeb55d8e88fd144c6e011ac9c720034d9220cef23524223924a6d034c-broad-chain1"",""b83d69caeb55d8e88fd144c6e011ac9c720034d9220cef23524223924a6d034c-broad-chain2"",""b83d69caeb55d8e88fd144c6e011ac9c720034d9220cef23524223924a6d034c-broad-chain3"",""b83d69caeb55d8e88fd144c6e011ac9c720034d9220cef23524223924a6d034c-broad-chain4""]"	[20262153, 20262154, 20262155, 20262156]	4	0	0	250	diagnostics_complete_requires_mixing_review	750	75	37	2	35	0	0	4	0	1	3	0	63296	2114	0	25275	38021	0	2093	21	0
b83d69caeb55d8e88fd144c6e011ac9c720034d9220cef23524223924a6d034c-broad	b83d69caeb55d8e88fd144c6e011ac9c720034d9220cef23524223924a6d034c	broad	OG0000230	24	"[""OG0000230-whole-mafft-floor1e-09-resolution11"",""OG0000230-whole-famsa-floor1e-09-resolution11""]"	"[""b83d69caeb55d8e88fd144c6e011ac9c720034d9220cef23524223924a6d034c-broad-chain1"",""b83d69caeb55d8e88fd144c6e011ac9c720034d9220cef23524223924a6d034c-broad-chain2"",""b83d69caeb55d8e88fd144c6e011ac9c720034d9220cef23524223924a6d034c-broad-chain3"",""b83d69caeb55d8e88fd144c6e011ac9c720034d9220cef23524223924a6d034c-broad-chain4""]"	[20262153, 20262154, 20262155, 20262156]	4	0	0	500	diagnostics_complete_requires_mixing_review	500	50	37	1	36	0	0	4	0	1	3	0	63296	2003	0	24059	39237	0	1982	21	0
b83d69caeb55d8e88fd144c6e011ac9c720034d9220cef23524223924a6d034c-centered	b83d69caeb55d8e88fd144c6e011ac9c720034d9220cef23524223924a6d034c	centered	OG0000230	24	"[""OG0000230-whole-mafft-floor1e-09-resolution11"",""OG0000230-whole-famsa-floor1e-09-resolution11""]"	"[""b83d69caeb55d8e88fd144c6e011ac9c720034d9220cef23524223924a6d034c-centered-chain1"",""b83d69caeb55d8e88fd144c6e011ac9c720034d9220cef23524223924a6d034c-centered-chain2"",""b83d69caeb55d8e88fd144c6e011ac9c720034d9220cef23524223924a6d034c-centered-chain3"",""b83d69caeb55d8e88fd144c6e011ac9c720034d9220cef23524223924a6d034c-centered-chain4""]"	[20262157, 20262158, 20262159, 20262160]	4	0	0	250	diagnostics_complete_requires_mixing_review	750	75	37	2	35	0	0	4	0	1	3	0	63296	2105	0	25675	37621	0	2084	21	0
b83d69caeb55d8e88fd144c6e011ac9c720034d9220cef23524223924a6d034c-centered	b83d69caeb55d8e88fd144c6e011ac9c720034d9220cef23524223924a6d034c	centered	OG0000230	24	"[""OG0000230-whole-mafft-floor1e-09-resolution11"",""OG0000230-whole-famsa-floor1e-09-resolution11""]"	"[""b83d69caeb55d8e88fd144c6e011ac9c720034d9220cef23524223924a6d034c-centered-chain1"",""b83d69caeb55d8e88fd144c6e011ac9c720034d9220cef23524223924a6d034c-centered-chain2"",""b83d69caeb55d8e88fd144c6e011ac9c720034d9220cef23524223924a6d034c-centered-chain3"",""b83d69caeb55d8e88fd144c6e011ac9c720034d9220cef23524223924a6d034c-centered-chain4""]"	[20262157, 20262158, 20262159, 20262160]	4	0	0	500	diagnostics_complete_requires_mixing_review	500	50	37	1	36	0	0	4	0	1	3	0	63296	1902	0	24041	39255	0	1881	21	0
b83d69caeb55d8e88fd144c6e011ac9c720034d9220cef23524223924a6d034c-package	b83d69caeb55d8e88fd144c6e011ac9c720034d9220cef23524223924a6d034c	package	OG0000230	24	"[""OG0000230-whole-mafft-floor1e-09-resolution11"",""OG0000230-whole-famsa-floor1e-09-resolution11""]"	"[""b83d69caeb55d8e88fd144c6e011ac9c720034d9220cef23524223924a6d034c-package-chain1"",""b83d69caeb55d8e88fd144c6e011ac9c720034d9220cef23524223924a6d034c-package-chain2"",""b83d69caeb55d8e88fd144c6e011ac9c720034d9220cef23524223924a6d034c-package-chain3"",""b83d69caeb55d8e88fd144c6e011ac9c720034d9220cef23524223924a6d034c-package-chain4""]"	[20262161, 20262162, 20262163, 20262164]	4	0	0	250	diagnostics_complete_requires_mixing_review	750	75	37	3	34	0	0	4	0	1	3	0	63296	2177	0	24891	38405	0	2156	21	0
b83d69caeb55d8e88fd144c6e011ac9c720034d9220cef23524223924a6d034c-package	b83d69caeb55d8e88fd144c6e011ac9c720034d9220cef23524223924a6d034c	package	OG0000230	24	"[""OG0000230-whole-mafft-floor1e-09-resolution11"",""OG0000230-whole-famsa-floor1e-09-resolution11""]"	"[""b83d69caeb55d8e88fd144c6e011ac9c720034d9220cef23524223924a6d034c-package-chain1"",""b83d69caeb55d8e88fd144c6e011ac9c720034d9220cef23524223924a6d034c-package-chain2"",""b83d69caeb55d8e88fd144c6e011ac9c720034d9220cef23524223924a6d034c-package-chain3"",""b83d69caeb55d8e88fd144c6e011ac9c720034d9220cef23524223924a6d034c-package-chain4""]"	[20262161, 20262162, 20262163, 20262164]	4	0	0	500	diagnostics_complete_requires_mixing_review	500	50	37	2	35	0	0	4	0	0	4	0	63296	1961	0	23542	39754	0	1940	21	0
ba46c36f33d2767ce1897f6c98fa5555e7546d3ede53657c285d8a33bbe6c398-broad	ba46c36f33d2767ce1897f6c98fa5555e7546d3ede53657c285d8a33bbe6c398	broad	OG0001200	13	"[""OG0001200-envelope-mafft-floor1e-09-resolution0"",""OG0001200-envelope-famsa-floor1e-09-resolution0""]"	"[""ba46c36f33d2767ce1897f6c98fa5555e7546d3ede53657c285d8a33bbe6c398-broad-chain1"",""ba46c36f33d2767ce1897f6c98fa5555e7546d3ede53657c285d8a33bbe6c398-broad-chain2"",""ba46c36f33d2767ce1897f6c98fa5555e7546d3ede53657c285d8a33bbe6c398-broad-chain3"",""ba46c36f33d2767ce1897f6c98fa5555e7546d3ede53657c285d8a33bbe6c398-broad-chain4""]"	[20262165, 20262166, 20262167, 20262168]	4	0	0	250	diagnostics_complete_requires_mixing_review	750	75	37	2	35	0	0	4	0	2	2	0	8120	1997	0	6419	1701	0	1978	19	0
ba46c36f33d2767ce1897f6c98fa5555e7546d3ede53657c285d8a33bbe6c398-broad	ba46c36f33d2767ce1897f6c98fa5555e7546d3ede53657c285d8a33bbe6c398	broad	OG0001200	13	"[""OG0001200-envelope-mafft-floor1e-09-resolution0"",""OG0001200-envelope-famsa-floor1e-09-resolution0""]"	"[""ba46c36f33d2767ce1897f6c98fa5555e7546d3ede53657c285d8a33bbe6c398-broad-chain1"",""ba46c36f33d2767ce1897f6c98fa5555e7546d3ede53657c285d8a33bbe6c398-broad-chain2"",""ba46c36f33d2767ce1897f6c98fa5555e7546d3ede53657c285d8a33bbe6c398-broad-chain3"",""ba46c36f33d2767ce1897f6c98fa5555e7546d3ede53657c285d8a33bbe6c398-broad-chain4""]"	[20262165, 20262166, 20262167, 20262168]	4	0	0	500	diagnostics_complete_requires_mixing_review	500	50	37	1	36	0	0	4	0	2	2	0	8120	1893	0	6198	1922	0	1873	20	0
ba46c36f33d2767ce1897f6c98fa5555e7546d3ede53657c285d8a33bbe6c398-centered	ba46c36f33d2767ce1897f6c98fa5555e7546d3ede53657c285d8a33bbe6c398	centered	OG0001200	13	"[""OG0001200-envelope-mafft-floor1e-09-resolution0"",""OG0001200-envelope-famsa-floor1e-09-resolution0""]"	"[""ba46c36f33d2767ce1897f6c98fa5555e7546d3ede53657c285d8a33bbe6c398-centered-chain1"",""ba46c36f33d2767ce1897f6c98fa5555e7546d3ede53657c285d8a33bbe6c398-centered-chain2"",""ba46c36f33d2767ce1897f6c98fa5555e7546d3ede53657c285d8a33bbe6c398-centered-chain3"",""ba46c36f33d2767ce1897f6c98fa5555e7546d3ede53657c285d8a33bbe6c398-centered-chain4""]"	[20262169, 20262170, 20262171, 20262172]	4	0	0	250	diagnostics_complete_requires_mixing_review	750	75	37	0	37	0	0	4	0	2	2	0	8120	1894	0	6264	1856	0	1874	20	0
ba46c36f33d2767ce1897f6c98fa5555e7546d3ede53657c285d8a33bbe6c398-centered	ba46c36f33d2767ce1897f6c98fa5555e7546d3ede53657c285d8a33bbe6c398	centered	OG0001200	13	"[""OG0001200-envelope-mafft-floor1e-09-resolution0"",""OG0001200-envelope-famsa-floor1e-09-resolution0""]"	"[""ba46c36f33d2767ce1897f6c98fa5555e7546d3ede53657c285d8a33bbe6c398-centered-chain1"",""ba46c36f33d2767ce1897f6c98fa5555e7546d3ede53657c285d8a33bbe6c398-centered-chain2"",""ba46c36f33d2767ce1897f6c98fa5555e7546d3ede53657c285d8a33bbe6c398-centered-chain3"",""ba46c36f33d2767ce1897f6c98fa5555e7546d3ede53657c285d8a33bbe6c398-centered-chain4""]"	[20262169, 20262170, 20262171, 20262172]	4	0	0	500	diagnostics_complete_requires_mixing_review	500	50	37	0	37	0	0	4	0	1	3	0	8120	1806	0	6103	2017	0	1786	20	0
ba46c36f33d2767ce1897f6c98fa5555e7546d3ede53657c285d8a33bbe6c398-package	ba46c36f33d2767ce1897f6c98fa5555e7546d3ede53657c285d8a33bbe6c398	package	OG0001200	13	"[""OG0001200-envelope-mafft-floor1e-09-resolution0"",""OG0001200-envelope-famsa-floor1e-09-resolution0""]"	"[""ba46c36f33d2767ce1897f6c98fa5555e7546d3ede53657c285d8a33bbe6c398-package-chain1"",""ba46c36f33d2767ce1897f6c98fa5555e7546d3ede53657c285d8a33bbe6c398-package-chain2"",""ba46c36f33d2767ce1897f6c98fa5555e7546d3ede53657c285d8a33bbe6c398-package-chain3"",""ba46c36f33d2767ce1897f6c98fa5555e7546d3ede53657c285d8a33bbe6c398-package-chain4""]"	[20262173, 20262174, 20262175, 20262176]	4	0	0	250	diagnostics_complete_requires_mixing_review	750	75	37	4	33	0	0	4	0	2	2	0	8120	1943	0	6206	1914	0	1923	20	0
ba46c36f33d2767ce1897f6c98fa5555e7546d3ede53657c285d8a33bbe6c398-package	ba46c36f33d2767ce1897f6c98fa5555e7546d3ede53657c285d8a33bbe6c398	package	OG0001200	13	"[""OG0001200-envelope-mafft-floor1e-09-resolution0"",""OG0001200-envelope-famsa-floor1e-09-resolution0""]"	"[""ba46c36f33d2767ce1897f6c98fa5555e7546d3ede53657c285d8a33bbe6c398-package-chain1"",""ba46c36f33d2767ce1897f6c98fa5555e7546d3ede53657c285d8a33bbe6c398-package-chain2"",""ba46c36f33d2767ce1897f6c98fa5555e7546d3ede53657c285d8a33bbe6c398-package-chain3"",""ba46c36f33d2767ce1897f6c98fa5555e7546d3ede53657c285d8a33bbe6c398-package-chain4""]"	[20262173, 20262174, 20262175, 20262176]	4	0	0	500	diagnostics_complete_requires_mixing_review	500	50	37	2	35	0	0	4	0	2	2	0	8120	1809	0	5936	2184	0	1789	20	0
bb291febbff94e1692195172fc696b086adc3cf2c1ae76455353387b03df642f-broad	bb291febbff94e1692195172fc696b086adc3cf2c1ae76455353387b03df642f	broad	OG0000230	24	"[""OG0000230-envelope-mafft-floor1e-07-resolution0"",""OG0000230-envelope-famsa-floor1e-07-resolution0""]"	"[""bb291febbff94e1692195172fc696b086adc3cf2c1ae76455353387b03df642f-broad-chain1"",""bb291febbff94e1692195172fc696b086adc3cf2c1ae76455353387b03df642f-broad-chain2"",""bb291febbff94e1692195172fc696b086adc3cf2c1ae76455353387b03df642f-broad-chain3"",""bb291febbff94e1692195172fc696b086adc3cf2c1ae76455353387b03df642f-broad-chain4""]"	[20262177, 20262178, 20262179, 20262180]	4	0	0	250	diagnostics_complete_requires_mixing_review	750	75	37	17	20	0	0	4	0	1	3	0	11132	330	0	4876	6256	0	310	20	0
bb291febbff94e1692195172fc696b086adc3cf2c1ae76455353387b03df642f-broad	bb291febbff94e1692195172fc696b086adc3cf2c1ae76455353387b03df642f	broad	OG0000230	24	"[""OG0000230-envelope-mafft-floor1e-07-resolution0"",""OG0000230-envelope-famsa-floor1e-07-resolution0""]"	"[""bb291febbff94e1692195172fc696b086adc3cf2c1ae76455353387b03df642f-broad-chain1"",""bb291febbff94e1692195172fc696b086adc3cf2c1ae76455353387b03df642f-broad-chain2"",""bb291febbff94e1692195172fc696b086adc3cf2c1ae76455353387b03df642f-broad-chain3"",""bb291febbff94e1692195172fc696b086adc3cf2c1ae76455353387b03df642f-broad-chain4""]"	[20262177, 20262178, 20262179, 20262180]	4	0	0	500	diagnostics_complete_requires_mixing_review	500	50	37	17	20	0	0	4	0	0	4	0	11132	312	0	4708	6424	0	292	20	0
bb291febbff94e1692195172fc696b086adc3cf2c1ae76455353387b03df642f-centered	bb291febbff94e1692195172fc696b086adc3cf2c1ae76455353387b03df642f	centered	OG0000230	24	"[""OG0000230-envelope-mafft-floor1e-07-resolution0"",""OG0000230-envelope-famsa-floor1e-07-resolution0""]"	"[""bb291febbff94e1692195172fc696b086adc3cf2c1ae76455353387b03df642f-centered-chain1"",""bb291febbff94e1692195172fc696b086adc3cf2c1ae76455353387b03df642f-centered-chain2"",""bb291febbff94e1692195172fc696b086adc3cf2c1ae76455353387b03df642f-centered-chain3"",""bb291febbff94e1692195172fc696b086adc3cf2c1ae76455353387b03df642f-centered-chain4""]"	[20262181, 20262182, 20262183, 20262184]	4	0	0	250	diagnostics_complete_requires_mixing_review	750	75	37	18	19	0	0	4	0	1	3	0	11132	339	0	4934	6198	0	319	20	0
bb291febbff94e1692195172fc696b086adc3cf2c1ae76455353387b03df642f-centered	bb291febbff94e1692195172fc696b086adc3cf2c1ae76455353387b03df642f	centered	OG0000230	24	"[""OG0000230-envelope-mafft-floor1e-07-resolution0"",""OG0000230-envelope-famsa-floor1e-07-resolution0""]"	"[""bb291febbff94e1692195172fc696b086adc3cf2c1ae76455353387b03df642f-centered-chain1"",""bb291febbff94e1692195172fc696b086adc3cf2c1ae76455353387b03df642f-centered-chain2"",""bb291febbff94e1692195172fc696b086adc3cf2c1ae76455353387b03df642f-centered-chain3"",""bb291febbff94e1692195172fc696b086adc3cf2c1ae76455353387b03df642f-centered-chain4""]"	[20262181, 20262182, 20262183, 20262184]	4	0	0	500	diagnostics_complete_requires_mixing_review	500	50	37	15	22	0	0	4	0	1	3	0	11132	314	0	4692	6440	0	294	20	0
bb291febbff94e1692195172fc696b086adc3cf2c1ae76455353387b03df642f-package	bb291febbff94e1692195172fc696b086adc3cf2c1ae76455353387b03df642f	package	OG0000230	24	"[""OG0000230-envelope-mafft-floor1e-07-resolution0"",""OG0000230-envelope-famsa-floor1e-07-resolution0""]"	"[""bb291febbff94e1692195172fc696b086adc3cf2c1ae76455353387b03df642f-package-chain1"",""bb291febbff94e1692195172fc696b086adc3cf2c1ae76455353387b03df642f-package-chain2"",""bb291febbff94e1692195172fc696b086adc3cf2c1ae76455353387b03df642f-package-chain3"",""bb291febbff94e1692195172fc696b086adc3cf2c1ae76455353387b03df642f-package-chain4""]"	[20262185, 20262186, 20262187, 20262188]	4	0	0	250	diagnostics_complete_requires_mixing_review	750	75	37	18	19	0	0	4	0	1	3	0	11132	326	0	4745	6387	0	306	20	0
bb291febbff94e1692195172fc696b086adc3cf2c1ae76455353387b03df642f-package	bb291febbff94e1692195172fc696b086adc3cf2c1ae76455353387b03df642f	package	OG0000230	24	"[""OG0000230-envelope-mafft-floor1e-07-resolution0"",""OG0000230-envelope-famsa-floor1e-07-resolution0""]"	"[""bb291febbff94e1692195172fc696b086adc3cf2c1ae76455353387b03df642f-package-chain1"",""bb291febbff94e1692195172fc696b086adc3cf2c1ae76455353387b03df642f-package-chain2"",""bb291febbff94e1692195172fc696b086adc3cf2c1ae76455353387b03df642f-package-chain3"",""bb291febbff94e1692195172fc696b086adc3cf2c1ae76455353387b03df642f-package-chain4""]"	[20262185, 20262186, 20262187, 20262188]	4	0	0	500	diagnostics_complete_requires_mixing_review	500	50	37	16	21	0	0	4	0	1	3	0	11132	301	0	4498	6634	0	281	20	0
bfddc9bc7dbcf8f73cfa19fb2a241ba308df5a0d04789e0985edf0afae57af7a-broad	bfddc9bc7dbcf8f73cfa19fb2a241ba308df5a0d04789e0985edf0afae57af7a	broad	OG0000095	83	"[""OG0000095-alignment-mafft-floor1e-07-resolution0"",""OG0000095-alignment-famsa-floor1e-07-resolution0""]"	"[""bfddc9bc7dbcf8f73cfa19fb2a241ba308df5a0d04789e0985edf0afae57af7a-broad-chain1"",""bfddc9bc7dbcf8f73cfa19fb2a241ba308df5a0d04789e0985edf0afae57af7a-broad-chain2"",""bfddc9bc7dbcf8f73cfa19fb2a241ba308df5a0d04789e0985edf0afae57af7a-broad-chain3"",""bfddc9bc7dbcf8f73cfa19fb2a241ba308df5a0d04789e0985edf0afae57af7a-broad-chain4""]"	[20262189, 20262190, 20262191, 20262192]	4	0	0	250	diagnostics_complete_requires_mixing_review	750	75	37	1	36	0	0	4	0	1	3	0	29540	2951	0	16304	13236	0	2931	20	0
bfddc9bc7dbcf8f73cfa19fb2a241ba308df5a0d04789e0985edf0afae57af7a-broad	bfddc9bc7dbcf8f73cfa19fb2a241ba308df5a0d04789e0985edf0afae57af7a	broad	OG0000095	83	"[""OG0000095-alignment-mafft-floor1e-07-resolution0"",""OG0000095-alignment-famsa-floor1e-07-resolution0""]"	"[""bfddc9bc7dbcf8f73cfa19fb2a241ba308df5a0d04789e0985edf0afae57af7a-broad-chain1"",""bfddc9bc7dbcf8f73cfa19fb2a241ba308df5a0d04789e0985edf0afae57af7a-broad-chain2"",""bfddc9bc7dbcf8f73cfa19fb2a241ba308df5a0d04789e0985edf0afae57af7a-broad-chain3"",""bfddc9bc7dbcf8f73cfa19fb2a241ba308df5a0d04789e0985edf0afae57af7a-broad-chain4""]"	[20262189, 20262190, 20262191, 20262192]	4	0	0	500	diagnostics_complete_requires_mixing_review	500	50	37	0	37	0	0	4	0	0	4	0	29540	2678	0	14545	14995	0	2658	20	0
bfddc9bc7dbcf8f73cfa19fb2a241ba308df5a0d04789e0985edf0afae57af7a-centered	bfddc9bc7dbcf8f73cfa19fb2a241ba308df5a0d04789e0985edf0afae57af7a	centered	OG0000095	83	"[""OG0000095-alignment-mafft-floor1e-07-resolution0"",""OG0000095-alignment-famsa-floor1e-07-resolution0""]"	"[""bfddc9bc7dbcf8f73cfa19fb2a241ba308df5a0d04789e0985edf0afae57af7a-centered-chain1"",""bfddc9bc7dbcf8f73cfa19fb2a241ba308df5a0d04789e0985edf0afae57af7a-centered-chain2"",""bfddc9bc7dbcf8f73cfa19fb2a241ba308df5a0d04789e0985edf0afae57af7a-centered-chain3"",""bfddc9bc7dbcf8f73cfa19fb2a241ba308df5a0d04789e0985edf0afae57af7a-centered-chain4""]"	[20262193, 20262194, 20262195, 20262196]	4	0	0	250	diagnostics_complete_requires_mixing_review	750	75	37	1	36	0	0	4	0	0	4	0	29540	2937	0	14307	15233	0	2917	20	0
bfddc9bc7dbcf8f73cfa19fb2a241ba308df5a0d04789e0985edf0afae57af7a-centered	bfddc9bc7dbcf8f73cfa19fb2a241ba308df5a0d04789e0985edf0afae57af7a	centered	OG0000095	83	"[""OG0000095-alignment-mafft-floor1e-07-resolution0"",""OG0000095-alignment-famsa-floor1e-07-resolution0""]"	"[""bfddc9bc7dbcf8f73cfa19fb2a241ba308df5a0d04789e0985edf0afae57af7a-centered-chain1"",""bfddc9bc7dbcf8f73cfa19fb2a241ba308df5a0d04789e0985edf0afae57af7a-centered-chain2"",""bfddc9bc7dbcf8f73cfa19fb2a241ba308df5a0d04789e0985edf0afae57af7a-centered-chain3"",""bfddc9bc7dbcf8f73cfa19fb2a241ba308df5a0d04789e0985edf0afae57af7a-centered-chain4""]"	[20262193, 20262194, 20262195, 20262196]	4	0	0	500	diagnostics_complete_requires_mixing_review	500	50	37	1	36	0	0	4	0	0	4	0	29540	2761	0	13949	15591	0	2741	20	0
bfddc9bc7dbcf8f73cfa19fb2a241ba308df5a0d04789e0985edf0afae57af7a-package	bfddc9bc7dbcf8f73cfa19fb2a241ba308df5a0d04789e0985edf0afae57af7a	package	OG0000095	83	"[""OG0000095-alignment-mafft-floor1e-07-resolution0"",""OG0000095-alignment-famsa-floor1e-07-resolution0""]"	"[""bfddc9bc7dbcf8f73cfa19fb2a241ba308df5a0d04789e0985edf0afae57af7a-package-chain1"",""bfddc9bc7dbcf8f73cfa19fb2a241ba308df5a0d04789e0985edf0afae57af7a-package-chain2"",""bfddc9bc7dbcf8f73cfa19fb2a241ba308df5a0d04789e0985edf0afae57af7a-package-chain3"",""bfddc9bc7dbcf8f73cfa19fb2a241ba308df5a0d04789e0985edf0afae57af7a-package-chain4""]"	[20262197, 20262198, 20262199, 20262200]	4	0	0	250	diagnostics_complete_requires_mixing_review	750	75	37	2	35	0	0	4	0	1	3	0	29540	2877	0	16657	12883	0	2857	20	0
bfddc9bc7dbcf8f73cfa19fb2a241ba308df5a0d04789e0985edf0afae57af7a-package	bfddc9bc7dbcf8f73cfa19fb2a241ba308df5a0d04789e0985edf0afae57af7a	package	OG0000095	83	"[""OG0000095-alignment-mafft-floor1e-07-resolution0"",""OG0000095-alignment-famsa-floor1e-07-resolution0""]"	"[""bfddc9bc7dbcf8f73cfa19fb2a241ba308df5a0d04789e0985edf0afae57af7a-package-chain1"",""bfddc9bc7dbcf8f73cfa19fb2a241ba308df5a0d04789e0985edf0afae57af7a-package-chain2"",""bfddc9bc7dbcf8f73cfa19fb2a241ba308df5a0d04789e0985edf0afae57af7a-package-chain3"",""bfddc9bc7dbcf8f73cfa19fb2a241ba308df5a0d04789e0985edf0afae57af7a-package-chain4""]"	[20262197, 20262198, 20262199, 20262200]	4	0	0	500	diagnostics_complete_requires_mixing_review	500	50	37	0	37	0	0	4	0	1	3	0	29540	2699	0	16334	13206	0	2679	20	0
c1c787b0d27751ed6944e9e1e45dc6942c15fd83d96410344bb0818dac8349b0-broad	c1c787b0d27751ed6944e9e1e45dc6942c15fd83d96410344bb0818dac8349b0	broad	OG0000230	24	"[""OG0000230-alignment-mafft-floor1e-09-resolution12"",""OG0000230-alignment-famsa-floor1e-09-resolution12""]"	"[""c1c787b0d27751ed6944e9e1e45dc6942c15fd83d96410344bb0818dac8349b0-broad-chain1"",""c1c787b0d27751ed6944e9e1e45dc6942c15fd83d96410344bb0818dac8349b0-broad-chain2"",""c1c787b0d27751ed6944e9e1e45dc6942c15fd83d96410344bb0818dac8349b0-broad-chain3"",""c1c787b0d27751ed6944e9e1e45dc6942c15fd83d96410344bb0818dac8349b0-broad-chain4""]"	[20262201, 20262202, 20262203, 20262204]	4	0	0	250	diagnostics_complete_requires_mixing_review	750	75	37	15	22	0	0	4	0	0	4	0	10924	435	0	5871	5053	0	415	20	0
c1c787b0d27751ed6944e9e1e45dc6942c15fd83d96410344bb0818dac8349b0-broad	c1c787b0d27751ed6944e9e1e45dc6942c15fd83d96410344bb0818dac8349b0	broad	OG0000230	24	"[""OG0000230-alignment-mafft-floor1e-09-resolution12"",""OG0000230-alignment-famsa-floor1e-09-resolution12""]"	"[""c1c787b0d27751ed6944e9e1e45dc6942c15fd83d96410344bb0818dac8349b0-broad-chain1"",""c1c787b0d27751ed6944e9e1e45dc6942c15fd83d96410344bb0818dac8349b0-broad-chain2"",""c1c787b0d27751ed6944e9e1e45dc6942c15fd83d96410344bb0818dac8349b0-broad-chain3"",""c1c787b0d27751ed6944e9e1e45dc6942c15fd83d96410344bb0818dac8349b0-broad-chain4""]"	[20262201, 20262202, 20262203, 20262204]	4	0	0	500	diagnostics_complete_requires_mixing_review	500	50	37	12	25	0	0	4	0	0	4	0	10924	389	0	5393	5531	0	369	20	0
c1c787b0d27751ed6944e9e1e45dc6942c15fd83d96410344bb0818dac8349b0-centered	c1c787b0d27751ed6944e9e1e45dc6942c15fd83d96410344bb0818dac8349b0	centered	OG0000230	24	"[""OG0000230-alignment-mafft-floor1e-09-resolution12"",""OG0000230-alignment-famsa-floor1e-09-resolution12""]"	"[""c1c787b0d27751ed6944e9e1e45dc6942c15fd83d96410344bb0818dac8349b0-centered-chain1"",""c1c787b0d27751ed6944e9e1e45dc6942c15fd83d96410344bb0818dac8349b0-centered-chain2"",""c1c787b0d27751ed6944e9e1e45dc6942c15fd83d96410344bb0818dac8349b0-centered-chain3"",""c1c787b0d27751ed6944e9e1e45dc6942c15fd83d96410344bb0818dac8349b0-centered-chain4""]"	[20262205, 20262206, 20262207, 20262208]	4	0	0	250	diagnostics_complete_requires_mixing_review	750	75	37	1	36	0	0	4	0	0	4	0	10924	481	0	6227	4697	0	461	20	0
c1c787b0d27751ed6944e9e1e45dc6942c15fd83d96410344bb0818dac8349b0-centered	c1c787b0d27751ed6944e9e1e45dc6942c15fd83d96410344bb0818dac8349b0	centered	OG0000230	24	"[""OG0000230-alignment-mafft-floor1e-09-resolution12"",""OG0000230-alignment-famsa-floor1e-09-resolution12""]"	"[""c1c787b0d27751ed6944e9e1e45dc6942c15fd83d96410344bb0818dac8349b0-centered-chain1"",""c1c787b0d27751ed6944e9e1e45dc6942c15fd83d96410344bb0818dac8349b0-centered-chain2"",""c1c787b0d27751ed6944e9e1e45dc6942c15fd83d96410344bb0818dac8349b0-centered-chain3"",""c1c787b0d27751ed6944e9e1e45dc6942c15fd83d96410344bb0818dac8349b0-centered-chain4""]"	[20262205, 20262206, 20262207, 20262208]	4	0	0	500	diagnostics_complete_requires_mixing_review	500	50	37	1	36	0	0	4	0	0	4	0	10924	447	0	5971	4953	0	427	20	0
c1c787b0d27751ed6944e9e1e45dc6942c15fd83d96410344bb0818dac8349b0-package	c1c787b0d27751ed6944e9e1e45dc6942c15fd83d96410344bb0818dac8349b0	package	OG0000230	24	"[""OG0000230-alignment-mafft-floor1e-09-resolution12"",""OG0000230-alignment-famsa-floor1e-09-resolution12""]"	"[""c1c787b0d27751ed6944e9e1e45dc6942c15fd83d96410344bb0818dac8349b0-package-chain1"",""c1c787b0d27751ed6944e9e1e45dc6942c15fd83d96410344bb0818dac8349b0-package-chain2"",""c1c787b0d27751ed6944e9e1e45dc6942c15fd83d96410344bb0818dac8349b0-package-chain3"",""c1c787b0d27751ed6944e9e1e45dc6942c15fd83d96410344bb0818dac8349b0-package-chain4""]"	[20262209, 20262210, 20262211, 20262212]	4	0	0	250	diagnostics_complete_requires_mixing_review	750	75	37	15	22	0	0	4	0	0	4	0	10924	442	0	5799	5125	0	422	20	0
c1c787b0d27751ed6944e9e1e45dc6942c15fd83d96410344bb0818dac8349b0-package	c1c787b0d27751ed6944e9e1e45dc6942c15fd83d96410344bb0818dac8349b0	package	OG0000230	24	"[""OG0000230-alignment-mafft-floor1e-09-resolution12"",""OG0000230-alignment-famsa-floor1e-09-resolution12""]"	"[""c1c787b0d27751ed6944e9e1e45dc6942c15fd83d96410344bb0818dac8349b0-package-chain1"",""c1c787b0d27751ed6944e9e1e45dc6942c15fd83d96410344bb0818dac8349b0-package-chain2"",""c1c787b0d27751ed6944e9e1e45dc6942c15fd83d96410344bb0818dac8349b0-package-chain3"",""c1c787b0d27751ed6944e9e1e45dc6942c15fd83d96410344bb0818dac8349b0-package-chain4""]"	[20262209, 20262210, 20262211, 20262212]	4	0	0	500	diagnostics_complete_requires_mixing_review	500	50	37	17	20	0	0	4	0	0	4	0	10924	402	0	5576	5348	0	382	20	0
c213a209217a8429e4816fa7075fc8a8e1dfe7169d79446524d15f863c6f6578-broad	c213a209217a8429e4816fa7075fc8a8e1dfe7169d79446524d15f863c6f6578	broad	OG0000152	6	"[""OG0000152-envelope-mafft-floor1e-09-resolution0"",""OG0000152-envelope-mafft-floor1e-07-resolution0"",""OG0000152-envelope-famsa-floor1e-09-resolution0"",""OG0000152-envelope-famsa-floor1e-07-resolution0""]"	"[""c213a209217a8429e4816fa7075fc8a8e1dfe7169d79446524d15f863c6f6578-broad-chain1"",""c213a209217a8429e4816fa7075fc8a8e1dfe7169d79446524d15f863c6f6578-broad-chain2"",""c213a209217a8429e4816fa7075fc8a8e1dfe7169d79446524d15f863c6f6578-broad-chain3"",""c213a209217a8429e4816fa7075fc8a8e1dfe7169d79446524d15f863c6f6578-broad-chain4""]"	[20262213, 20262214, 20262215, 20262216]	4	0	0	250	diagnostics_complete_requires_mixing_review	750	75	37	1	36	0	0	4	0	1	3	0	3040	359	0	1357	1683	0	340	19	0
c213a209217a8429e4816fa7075fc8a8e1dfe7169d79446524d15f863c6f6578-broad	c213a209217a8429e4816fa7075fc8a8e1dfe7169d79446524d15f863c6f6578	broad	OG0000152	6	"[""OG0000152-envelope-mafft-floor1e-09-resolution0"",""OG0000152-envelope-mafft-floor1e-07-resolution0"",""OG0000152-envelope-famsa-floor1e-09-resolution0"",""OG0000152-envelope-famsa-floor1e-07-resolution0""]"	"[""c213a209217a8429e4816fa7075fc8a8e1dfe7169d79446524d15f863c6f6578-broad-chain1"",""c213a209217a8429e4816fa7075fc8a8e1dfe7169d79446524d15f863c6f6578-broad-chain2"",""c213a209217a8429e4816fa7075fc8a8e1dfe7169d79446524d15f863c6f6578-broad-chain3"",""c213a209217a8429e4816fa7075fc8a8e1dfe7169d79446524d15f863c6f6578-broad-chain4""]"	[20262213, 20262214, 20262215, 20262216]	4	0	0	500	diagnostics_complete_requires_mixing_review	500	50	37	0	37	0	0	4	0	1	3	0	3040	323	0	1272	1768	0	304	19	0
c213a209217a8429e4816fa7075fc8a8e1dfe7169d79446524d15f863c6f6578-centered	c213a209217a8429e4816fa7075fc8a8e1dfe7169d79446524d15f863c6f6578	centered	OG0000152	6	"[""OG0000152-envelope-mafft-floor1e-09-resolution0"",""OG0000152-envelope-mafft-floor1e-07-resolution0"",""OG0000152-envelope-famsa-floor1e-09-resolution0"",""OG0000152-envelope-famsa-floor1e-07-resolution0""]"	"[""c213a209217a8429e4816fa7075fc8a8e1dfe7169d79446524d15f863c6f6578-centered-chain1"",""c213a209217a8429e4816fa7075fc8a8e1dfe7169d79446524d15f863c6f6578-centered-chain2"",""c213a209217a8429e4816fa7075fc8a8e1dfe7169d79446524d15f863c6f6578-centered-chain3"",""c213a209217a8429e4816fa7075fc8a8e1dfe7169d79446524d15f863c6f6578-centered-chain4""]"	[20262217, 20262218, 20262219, 20262220]	4	0	0	250	diagnostics_complete_requires_mixing_review	750	75	37	0	37	0	0	4	0	1	3	0	3040	302	0	1243	1797	0	283	19	0
c213a209217a8429e4816fa7075fc8a8e1dfe7169d79446524d15f863c6f6578-centered	c213a209217a8429e4816fa7075fc8a8e1dfe7169d79446524d15f863c6f6578	centered	OG0000152	6	"[""OG0000152-envelope-mafft-floor1e-09-resolution0"",""OG0000152-envelope-mafft-floor1e-07-resolution0"",""OG0000152-envelope-famsa-floor1e-09-resolution0"",""OG0000152-envelope-famsa-floor1e-07-resolution0""]"	"[""c213a209217a8429e4816fa7075fc8a8e1dfe7169d79446524d15f863c6f6578-centered-chain1"",""c213a209217a8429e4816fa7075fc8a8e1dfe7169d79446524d15f863c6f6578-centered-chain2"",""c213a209217a8429e4816fa7075fc8a8e1dfe7169d79446524d15f863c6f6578-centered-chain3"",""c213a209217a8429e4816fa7075fc8a8e1dfe7169d79446524d15f863c6f6578-centered-chain4""]"	[20262217, 20262218, 20262219, 20262220]	4	0	0	500	diagnostics_complete_requires_mixing_review	500	50	37	0	37	0	0	4	0	1	3	0	3040	275	0	1179	1861	0	256	19	0
c213a209217a8429e4816fa7075fc8a8e1dfe7169d79446524d15f863c6f6578-package	c213a209217a8429e4816fa7075fc8a8e1dfe7169d79446524d15f863c6f6578	package	OG0000152	6	"[""OG0000152-envelope-mafft-floor1e-09-resolution0"",""OG0000152-envelope-mafft-floor1e-07-resolution0"",""OG0000152-envelope-famsa-floor1e-09-resolution0"",""OG0000152-envelope-famsa-floor1e-07-resolution0""]"	"[""c213a209217a8429e4816fa7075fc8a8e1dfe7169d79446524d15f863c6f6578-package-chain1"",""c213a209217a8429e4816fa7075fc8a8e1dfe7169d79446524d15f863c6f6578-package-chain2"",""c213a209217a8429e4816fa7075fc8a8e1dfe7169d79446524d15f863c6f6578-package-chain3"",""c213a209217a8429e4816fa7075fc8a8e1dfe7169d79446524d15f863c6f6578-package-chain4""]"	[20262221, 20262222, 20262223, 20262224]	4	0	0	250	diagnostics_complete_requires_mixing_review	750	75	37	8	29	0	0	4	0	1	3	0	3040	258	0	1199	1841	0	239	19	0
c213a209217a8429e4816fa7075fc8a8e1dfe7169d79446524d15f863c6f6578-package	c213a209217a8429e4816fa7075fc8a8e1dfe7169d79446524d15f863c6f6578	package	OG0000152	6	"[""OG0000152-envelope-mafft-floor1e-09-resolution0"",""OG0000152-envelope-mafft-floor1e-07-resolution0"",""OG0000152-envelope-famsa-floor1e-09-resolution0"",""OG0000152-envelope-famsa-floor1e-07-resolution0""]"	"[""c213a209217a8429e4816fa7075fc8a8e1dfe7169d79446524d15f863c6f6578-package-chain1"",""c213a209217a8429e4816fa7075fc8a8e1dfe7169d79446524d15f863c6f6578-package-chain2"",""c213a209217a8429e4816fa7075fc8a8e1dfe7169d79446524d15f863c6f6578-package-chain3"",""c213a209217a8429e4816fa7075fc8a8e1dfe7169d79446524d15f863c6f6578-package-chain4""]"	[20262221, 20262222, 20262223, 20262224]	4	0	0	500	diagnostics_complete_requires_mixing_review	500	50	37	3	34	0	0	4	0	1	3	0	3040	237	0	1114	1926	0	218	19	0
c2ee266f8bdbc319ec159c15725b0f3faf9af02f69dbeaa8912c23057a90e506-broad	c2ee266f8bdbc319ec159c15725b0f3faf9af02f69dbeaa8912c23057a90e506	broad	OG0000230	24	"[""OG0000230-whole-mafft-floor1e-07-resolution8"",""OG0000230-whole-famsa-floor1e-07-resolution8""]"	"[""c2ee266f8bdbc319ec159c15725b0f3faf9af02f69dbeaa8912c23057a90e506-broad-chain1"",""c2ee266f8bdbc319ec159c15725b0f3faf9af02f69dbeaa8912c23057a90e506-broad-chain2"",""c2ee266f8bdbc319ec159c15725b0f3faf9af02f69dbeaa8912c23057a90e506-broad-chain3"",""c2ee266f8bdbc319ec159c15725b0f3faf9af02f69dbeaa8912c23057a90e506-broad-chain4""]"	[20262225, 20262226, 20262227, 20262228]	4	0	0	250	diagnostics_complete_requires_mixing_review	750	75	37	8	29	0	0	4	0	1	3	0	63296	2099	0	24760	38536	0	2078	21	0
c2ee266f8bdbc319ec159c15725b0f3faf9af02f69dbeaa8912c23057a90e506-broad	c2ee266f8bdbc319ec159c15725b0f3faf9af02f69dbeaa8912c23057a90e506	broad	OG0000230	24	"[""OG0000230-whole-mafft-floor1e-07-resolution8"",""OG0000230-whole-famsa-floor1e-07-resolution8""]"	"[""c2ee266f8bdbc319ec159c15725b0f3faf9af02f69dbeaa8912c23057a90e506-broad-chain1"",""c2ee266f8bdbc319ec159c15725b0f3faf9af02f69dbeaa8912c23057a90e506-broad-chain2"",""c2ee266f8bdbc319ec159c15725b0f3faf9af02f69dbeaa8912c23057a90e506-broad-chain3"",""c2ee266f8bdbc319ec159c15725b0f3faf9af02f69dbeaa8912c23057a90e506-broad-chain4""]"	[20262225, 20262226, 20262227, 20262228]	4	0	0	500	diagnostics_complete_requires_mixing_review	500	50	37	9	28	0	0	4	0	1	3	0	63296	2010	0	23821	39475	0	1989	21	0
c2ee266f8bdbc319ec159c15725b0f3faf9af02f69dbeaa8912c23057a90e506-centered	c2ee266f8bdbc319ec159c15725b0f3faf9af02f69dbeaa8912c23057a90e506	centered	OG0000230	24	"[""OG0000230-whole-mafft-floor1e-07-resolution8"",""OG0000230-whole-famsa-floor1e-07-resolution8""]"	"[""c2ee266f8bdbc319ec159c15725b0f3faf9af02f69dbeaa8912c23057a90e506-centered-chain1"",""c2ee266f8bdbc319ec159c15725b0f3faf9af02f69dbeaa8912c23057a90e506-centered-chain2"",""c2ee266f8bdbc319ec159c15725b0f3faf9af02f69dbeaa8912c23057a90e506-centered-chain3"",""c2ee266f8bdbc319ec159c15725b0f3faf9af02f69dbeaa8912c23057a90e506-centered-chain4""]"	[20262229, 20262230, 20262231, 20262232]	4	0	0	250	diagnostics_complete_requires_mixing_review	750	75	37	4	33	0	0	4	0	1	3	0	63296	2027	0	24537	38759	0	2006	21	0
c2ee266f8bdbc319ec159c15725b0f3faf9af02f69dbeaa8912c23057a90e506-centered	c2ee266f8bdbc319ec159c15725b0f3faf9af02f69dbeaa8912c23057a90e506	centered	OG0000230	24	"[""OG0000230-whole-mafft-floor1e-07-resolution8"",""OG0000230-whole-famsa-floor1e-07-resolution8""]"	"[""c2ee266f8bdbc319ec159c15725b0f3faf9af02f69dbeaa8912c23057a90e506-centered-chain1"",""c2ee266f8bdbc319ec159c15725b0f3faf9af02f69dbeaa8912c23057a90e506-centered-chain2"",""c2ee266f8bdbc319ec159c15725b0f3faf9af02f69dbeaa8912c23057a90e506-centered-chain3"",""c2ee266f8bdbc319ec159c15725b0f3faf9af02f69dbeaa8912c23057a90e506-centered-chain4""]"	[20262229, 20262230, 20262231, 20262232]	4	0	0	500	diagnostics_complete_requires_mixing_review	500	50	37	5	32	0	0	4	0	1	3	0	63296	1901	0	23676	39620	0	1880	21	0
c2ee266f8bdbc319ec159c15725b0f3faf9af02f69dbeaa8912c23057a90e506-package	c2ee266f8bdbc319ec159c15725b0f3faf9af02f69dbeaa8912c23057a90e506	package	OG0000230	24	"[""OG0000230-whole-mafft-floor1e-07-resolution8"",""OG0000230-whole-famsa-floor1e-07-resolution8""]"	"[""c2ee266f8bdbc319ec159c15725b0f3faf9af02f69dbeaa8912c23057a90e506-package-chain1"",""c2ee266f8bdbc319ec159c15725b0f3faf9af02f69dbeaa8912c23057a90e506-package-chain2"",""c2ee266f8bdbc319ec159c15725b0f3faf9af02f69dbeaa8912c23057a90e506-package-chain3"",""c2ee266f8bdbc319ec159c15725b0f3faf9af02f69dbeaa8912c23057a90e506-package-chain4""]"	[20262233, 20262234, 20262235, 20262236]	4	0	0	250	diagnostics_complete_requires_mixing_review	750	75	37	1	36	0	0	4	0	1	3	0	63296	2139	0	25103	38193	0	2118	21	0
c2ee266f8bdbc319ec159c15725b0f3faf9af02f69dbeaa8912c23057a90e506-package	c2ee266f8bdbc319ec159c15725b0f3faf9af02f69dbeaa8912c23057a90e506	package	OG0000230	24	"[""OG0000230-whole-mafft-floor1e-07-resolution8"",""OG0000230-whole-famsa-floor1e-07-resolution8""]"	"[""c2ee266f8bdbc319ec159c15725b0f3faf9af02f69dbeaa8912c23057a90e506-package-chain1"",""c2ee266f8bdbc319ec159c15725b0f3faf9af02f69dbeaa8912c23057a90e506-package-chain2"",""c2ee266f8bdbc319ec159c15725b0f3faf9af02f69dbeaa8912c23057a90e506-package-chain3"",""c2ee266f8bdbc319ec159c15725b0f3faf9af02f69dbeaa8912c23057a90e506-package-chain4""]"	[20262233, 20262234, 20262235, 20262236]	4	0	0	500	diagnostics_complete_requires_mixing_review	500	50	37	1	36	0	0	4	0	1	3	0	63296	1980	0	23960	39336	0	1959	21	0
c3d41cc575007169c2b5e0093d0dd3cdfaca8455fc28d085daf5d07c554559eb-broad	c3d41cc575007169c2b5e0093d0dd3cdfaca8455fc28d085daf5d07c554559eb	broad	OG0000230	24	"[""OG0000230-alignment-mafft-floor1e-09-resolution14"",""OG0000230-alignment-famsa-floor1e-09-resolution14""]"	"[""c3d41cc575007169c2b5e0093d0dd3cdfaca8455fc28d085daf5d07c554559eb-broad-chain1"",""c3d41cc575007169c2b5e0093d0dd3cdfaca8455fc28d085daf5d07c554559eb-broad-chain2"",""c3d41cc575007169c2b5e0093d0dd3cdfaca8455fc28d085daf5d07c554559eb-broad-chain3"",""c3d41cc575007169c2b5e0093d0dd3cdfaca8455fc28d085daf5d07c554559eb-broad-chain4""]"	[20262237, 20262238, 20262239, 20262240]	4	0	0	250	diagnostics_complete_requires_mixing_review	750	75	37	17	20	0	0	4	0	0	4	0	10924	423	0	5363	5561	0	403	20	0
c3d41cc575007169c2b5e0093d0dd3cdfaca8455fc28d085daf5d07c554559eb-broad	c3d41cc575007169c2b5e0093d0dd3cdfaca8455fc28d085daf5d07c554559eb	broad	OG0000230	24	"[""OG0000230-alignment-mafft-floor1e-09-resolution14"",""OG0000230-alignment-famsa-floor1e-09-resolution14""]"	"[""c3d41cc575007169c2b5e0093d0dd3cdfaca8455fc28d085daf5d07c554559eb-broad-chain1"",""c3d41cc575007169c2b5e0093d0dd3cdfaca8455fc28d085daf5d07c554559eb-broad-chain2"",""c3d41cc575007169c2b5e0093d0dd3cdfaca8455fc28d085daf5d07c554559eb-broad-chain3"",""c3d41cc575007169c2b5e0093d0dd3cdfaca8455fc28d085daf5d07c554559eb-broad-chain4""]"	[20262237, 20262238, 20262239, 20262240]	4	0	0	500	diagnostics_complete_requires_mixing_review	500	50	37	17	20	0	0	4	0	0	4	0	10924	355	0	4898	6026	0	335	20	0
c3d41cc575007169c2b5e0093d0dd3cdfaca8455fc28d085daf5d07c554559eb-centered	c3d41cc575007169c2b5e0093d0dd3cdfaca8455fc28d085daf5d07c554559eb	centered	OG0000230	24	"[""OG0000230-alignment-mafft-floor1e-09-resolution14"",""OG0000230-alignment-famsa-floor1e-09-resolution14""]"	"[""c3d41cc575007169c2b5e0093d0dd3cdfaca8455fc28d085daf5d07c554559eb-centered-chain1"",""c3d41cc575007169c2b5e0093d0dd3cdfaca8455fc28d085daf5d07c554559eb-centered-chain2"",""c3d41cc575007169c2b5e0093d0dd3cdfaca8455fc28d085daf5d07c554559eb-centered-chain3"",""c3d41cc575007169c2b5e0093d0dd3cdfaca8455fc28d085daf5d07c554559eb-centered-chain4""]"	[20262241, 20262242, 20262243, 20262244]	4	0	0	250	diagnostics_complete_requires_mixing_review	750	75	37	4	33	0	0	4	0	0	4	0	10924	397	0	5175	5749	0	377	20	0
c3d41cc575007169c2b5e0093d0dd3cdfaca8455fc28d085daf5d07c554559eb-centered	c3d41cc575007169c2b5e0093d0dd3cdfaca8455fc28d085daf5d07c554559eb	centered	OG0000230	24	"[""OG0000230-alignment-mafft-floor1e-09-resolution14"",""OG0000230-alignment-famsa-floor1e-09-resolution14""]"	"[""c3d41cc575007169c2b5e0093d0dd3cdfaca8455fc28d085daf5d07c554559eb-centered-chain1"",""c3d41cc575007169c2b5e0093d0dd3cdfaca8455fc28d085daf5d07c554559eb-centered-chain2"",""c3d41cc575007169c2b5e0093d0dd3cdfaca8455fc28d085daf5d07c554559eb-centered-chain3"",""c3d41cc575007169c2b5e0093d0dd3cdfaca8455fc28d085daf5d07c554559eb-centered-chain4""]"	[20262241, 20262242, 20262243, 20262244]	4	0	0	500	diagnostics_complete_requires_mixing_review	500	50	37	4	33	0	0	4	0	0	4	0	10924	350	0	4982	5942	0	330	20	0
c3d41cc575007169c2b5e0093d0dd3cdfaca8455fc28d085daf5d07c554559eb-package	c3d41cc575007169c2b5e0093d0dd3cdfaca8455fc28d085daf5d07c554559eb	package	OG0000230	24	"[""OG0000230-alignment-mafft-floor1e-09-resolution14"",""OG0000230-alignment-famsa-floor1e-09-resolution14""]"	"[""c3d41cc575007169c2b5e0093d0dd3cdfaca8455fc28d085daf5d07c554559eb-package-chain1"",""c3d41cc575007169c2b5e0093d0dd3cdfaca8455fc28d085daf5d07c554559eb-package-chain2"",""c3d41cc575007169c2b5e0093d0dd3cdfaca8455fc28d085daf5d07c554559eb-package-chain3"",""c3d41cc575007169c2b5e0093d0dd3cdfaca8455fc28d085daf5d07c554559eb-package-chain4""]"	[20262245, 20262246, 20262247, 20262248]	4	0	0	250	diagnostics_complete_requires_mixing_review	750	75	37	2	35	0	0	4	0	0	4	0	10924	483	0	6689	4235	0	463	20	0
c3d41cc575007169c2b5e0093d0dd3cdfaca8455fc28d085daf5d07c554559eb-package	c3d41cc575007169c2b5e0093d0dd3cdfaca8455fc28d085daf5d07c554559eb	package	OG0000230	24	"[""OG0000230-alignment-mafft-floor1e-09-resolution14"",""OG0000230-alignment-famsa-floor1e-09-resolution14""]"	"[""c3d41cc575007169c2b5e0093d0dd3cdfaca8455fc28d085daf5d07c554559eb-package-chain1"",""c3d41cc575007169c2b5e0093d0dd3cdfaca8455fc28d085daf5d07c554559eb-package-chain2"",""c3d41cc575007169c2b5e0093d0dd3cdfaca8455fc28d085daf5d07c554559eb-package-chain3"",""c3d41cc575007169c2b5e0093d0dd3cdfaca8455fc28d085daf5d07c554559eb-package-chain4""]"	[20262245, 20262246, 20262247, 20262248]	4	0	0	500	diagnostics_complete_requires_mixing_review	500	50	37	2	35	0	0	4	0	0	4	0	10924	400	0	5843	5081	0	380	20	0
c653794f534e750fa56c91b8f025916402a8bbbefd347468659437cf2c7493e8-broad	c653794f534e750fa56c91b8f025916402a8bbbefd347468659437cf2c7493e8	broad	OG0001082	85	"[""OG0001082-alignment-mafft-floor1e-09-resolution0"",""OG0001082-alignment-mafft-floor1e-07-resolution0"",""OG0001082-alignment-famsa-floor1e-09-resolution0"",""OG0001082-alignment-famsa-floor1e-07-resolution0""]"	"[""c653794f534e750fa56c91b8f025916402a8bbbefd347468659437cf2c7493e8-broad-chain1"",""c653794f534e750fa56c91b8f025916402a8bbbefd347468659437cf2c7493e8-broad-chain2"",""c653794f534e750fa56c91b8f025916402a8bbbefd347468659437cf2c7493e8-broad-chain3"",""c653794f534e750fa56c91b8f025916402a8bbbefd347468659437cf2c7493e8-broad-chain4""]"	[20262249, 20262250, 20262251, 20262252]	4	0	0	250	diagnostics_complete_requires_mixing_review	750	75	37	1	36	0	0	4	0	2	2	0	23948	1538	0	18198	5750	0	1521	17	0
c653794f534e750fa56c91b8f025916402a8bbbefd347468659437cf2c7493e8-broad	c653794f534e750fa56c91b8f025916402a8bbbefd347468659437cf2c7493e8	broad	OG0001082	85	"[""OG0001082-alignment-mafft-floor1e-09-resolution0"",""OG0001082-alignment-mafft-floor1e-07-resolution0"",""OG0001082-alignment-famsa-floor1e-09-resolution0"",""OG0001082-alignment-famsa-floor1e-07-resolution0""]"	"[""c653794f534e750fa56c91b8f025916402a8bbbefd347468659437cf2c7493e8-broad-chain1"",""c653794f534e750fa56c91b8f025916402a8bbbefd347468659437cf2c7493e8-broad-chain2"",""c653794f534e750fa56c91b8f025916402a8bbbefd347468659437cf2c7493e8-broad-chain3"",""c653794f534e750fa56c91b8f025916402a8bbbefd347468659437cf2c7493e8-broad-chain4""]"	[20262249, 20262250, 20262251, 20262252]	4	0	0	500	diagnostics_complete_requires_mixing_review	500	50	37	1	36	0	0	4	0	1	3	0	23948	1417	0	17982	5966	0	1400	17	0
c653794f534e750fa56c91b8f025916402a8bbbefd347468659437cf2c7493e8-centered	c653794f534e750fa56c91b8f025916402a8bbbefd347468659437cf2c7493e8	centered	OG0001082	85	"[""OG0001082-alignment-mafft-floor1e-09-resolution0"",""OG0001082-alignment-mafft-floor1e-07-resolution0"",""OG0001082-alignment-famsa-floor1e-09-resolution0"",""OG0001082-alignment-famsa-floor1e-07-resolution0""]"	"[""c653794f534e750fa56c91b8f025916402a8bbbefd347468659437cf2c7493e8-centered-chain1"",""c653794f534e750fa56c91b8f025916402a8bbbefd347468659437cf2c7493e8-centered-chain2"",""c653794f534e750fa56c91b8f025916402a8bbbefd347468659437cf2c7493e8-centered-chain3"",""c653794f534e750fa56c91b8f025916402a8bbbefd347468659437cf2c7493e8-centered-chain4""]"	[20262253, 20262254, 20262255, 20262256]	4	0	0	250	diagnostics_complete_requires_mixing_review	750	75	37	1	36	0	0	4	0	1	3	0	23948	1553	0	18873	5075	0	1536	17	0
c653794f534e750fa56c91b8f025916402a8bbbefd347468659437cf2c7493e8-centered	c653794f534e750fa56c91b8f025916402a8bbbefd347468659437cf2c7493e8	centered	OG0001082	85	"[""OG0001082-alignment-mafft-floor1e-09-resolution0"",""OG0001082-alignment-mafft-floor1e-07-resolution0"",""OG0001082-alignment-famsa-floor1e-09-resolution0"",""OG0001082-alignment-famsa-floor1e-07-resolution0""]"	"[""c653794f534e750fa56c91b8f025916402a8bbbefd347468659437cf2c7493e8-centered-chain1"",""c653794f534e750fa56c91b8f025916402a8bbbefd347468659437cf2c7493e8-centered-chain2"",""c653794f534e750fa56c91b8f025916402a8bbbefd347468659437cf2c7493e8-centered-chain3"",""c653794f534e750fa56c91b8f025916402a8bbbefd347468659437cf2c7493e8-centered-chain4""]"	[20262253, 20262254, 20262255, 20262256]	4	0	0	500	diagnostics_complete_requires_mixing_review	500	50	37	3	34	0	0	4	0	1	3	0	23948	1344	0	18040	5908	0	1327	17	0
c653794f534e750fa56c91b8f025916402a8bbbefd347468659437cf2c7493e8-package	c653794f534e750fa56c91b8f025916402a8bbbefd347468659437cf2c7493e8	package	OG0001082	85	"[""OG0001082-alignment-mafft-floor1e-09-resolution0"",""OG0001082-alignment-mafft-floor1e-07-resolution0"",""OG0001082-alignment-famsa-floor1e-09-resolution0"",""OG0001082-alignment-famsa-floor1e-07-resolution0""]"	"[""c653794f534e750fa56c91b8f025916402a8bbbefd347468659437cf2c7493e8-package-chain1"",""c653794f534e750fa56c91b8f025916402a8bbbefd347468659437cf2c7493e8-package-chain2"",""c653794f534e750fa56c91b8f025916402a8bbbefd347468659437cf2c7493e8-package-chain3"",""c653794f534e750fa56c91b8f025916402a8bbbefd347468659437cf2c7493e8-package-chain4""]"	[20262257, 20262258, 20262259, 20262260]	4	0	0	250	diagnostics_complete_requires_mixing_review	750	75	37	1	36	0	0	4	0	1	3	0	23948	1481	0	19348	4600	0	1464	17	0
c653794f534e750fa56c91b8f025916402a8bbbefd347468659437cf2c7493e8-package	c653794f534e750fa56c91b8f025916402a8bbbefd347468659437cf2c7493e8	package	OG0001082	85	"[""OG0001082-alignment-mafft-floor1e-09-resolution0"",""OG0001082-alignment-mafft-floor1e-07-resolution0"",""OG0001082-alignment-famsa-floor1e-09-resolution0"",""OG0001082-alignment-famsa-floor1e-07-resolution0""]"	"[""c653794f534e750fa56c91b8f025916402a8bbbefd347468659437cf2c7493e8-package-chain1"",""c653794f534e750fa56c91b8f025916402a8bbbefd347468659437cf2c7493e8-package-chain2"",""c653794f534e750fa56c91b8f025916402a8bbbefd347468659437cf2c7493e8-package-chain3"",""c653794f534e750fa56c91b8f025916402a8bbbefd347468659437cf2c7493e8-package-chain4""]"	[20262257, 20262258, 20262259, 20262260]	4	0	0	500	diagnostics_complete_requires_mixing_review	500	50	37	1	36	0	0	4	0	1	3	0	23948	1303	0	18564	5384	0	1286	17	0
c7ce6c68172f2a69d918e2fd1aa0a64f8ca7b8d9d9a891a969104364945579f8-broad	c7ce6c68172f2a69d918e2fd1aa0a64f8ca7b8d9d9a891a969104364945579f8	broad	OG0001200	13	"[""OG0001200-alignment-mafft-floor1e-09-resolution0"",""OG0001200-alignment-famsa-floor1e-09-resolution0""]"	"[""c7ce6c68172f2a69d918e2fd1aa0a64f8ca7b8d9d9a891a969104364945579f8-broad-chain1"",""c7ce6c68172f2a69d918e2fd1aa0a64f8ca7b8d9d9a891a969104364945579f8-broad-chain2"",""c7ce6c68172f2a69d918e2fd1aa0a64f8ca7b8d9d9a891a969104364945579f8-broad-chain3"",""c7ce6c68172f2a69d918e2fd1aa0a64f8ca7b8d9d9a891a969104364945579f8-broad-chain4""]"	[20262261, 20262262, 20262263, 20262264]	4	0	0	250	diagnostics_complete_requires_mixing_review	750	75	37	3	34	0	0	4	0	3	1	0	7068	1543	0	5550	1518	0	1525	18	0
c7ce6c68172f2a69d918e2fd1aa0a64f8ca7b8d9d9a891a969104364945579f8-broad	c7ce6c68172f2a69d918e2fd1aa0a64f8ca7b8d9d9a891a969104364945579f8	broad	OG0001200	13	"[""OG0001200-alignment-mafft-floor1e-09-resolution0"",""OG0001200-alignment-famsa-floor1e-09-resolution0""]"	"[""c7ce6c68172f2a69d918e2fd1aa0a64f8ca7b8d9d9a891a969104364945579f8-broad-chain1"",""c7ce6c68172f2a69d918e2fd1aa0a64f8ca7b8d9d9a891a969104364945579f8-broad-chain2"",""c7ce6c68172f2a69d918e2fd1aa0a64f8ca7b8d9d9a891a969104364945579f8-broad-chain3"",""c7ce6c68172f2a69d918e2fd1aa0a64f8ca7b8d9d9a891a969104364945579f8-broad-chain4""]"	[20262261, 20262262, 20262263, 20262264]	4	0	0	500	diagnostics_complete_requires_mixing_review	500	50	37	6	31	0	0	4	0	3	1	0	7068	1258	0	5099	1969	0	1239	19	0
c7ce6c68172f2a69d918e2fd1aa0a64f8ca7b8d9d9a891a969104364945579f8-centered	c7ce6c68172f2a69d918e2fd1aa0a64f8ca7b8d9d9a891a969104364945579f8	centered	OG0001200	13	"[""OG0001200-alignment-mafft-floor1e-09-resolution0"",""OG0001200-alignment-famsa-floor1e-09-resolution0""]"	"[""c7ce6c68172f2a69d918e2fd1aa0a64f8ca7b8d9d9a891a969104364945579f8-centered-chain1"",""c7ce6c68172f2a69d918e2fd1aa0a64f8ca7b8d9d9a891a969104364945579f8-centered-chain2"",""c7ce6c68172f2a69d918e2fd1aa0a64f8ca7b8d9d9a891a969104364945579f8-centered-chain3"",""c7ce6c68172f2a69d918e2fd1aa0a64f8ca7b8d9d9a891a969104364945579f8-centered-chain4""]"	[20262265, 20262266, 20262267, 20262268]	4	0	0	250	diagnostics_complete_requires_mixing_review	750	75	37	2	35	0	0	4	0	3	1	0	7068	1366	0	5388	1680	0	1347	19	0
c7ce6c68172f2a69d918e2fd1aa0a64f8ca7b8d9d9a891a969104364945579f8-centered	c7ce6c68172f2a69d918e2fd1aa0a64f8ca7b8d9d9a891a969104364945579f8	centered	OG0001200	13	"[""OG0001200-alignment-mafft-floor1e-09-resolution0"",""OG0001200-alignment-famsa-floor1e-09-resolution0""]"	"[""c7ce6c68172f2a69d918e2fd1aa0a64f8ca7b8d9d9a891a969104364945579f8-centered-chain1"",""c7ce6c68172f2a69d918e2fd1aa0a64f8ca7b8d9d9a891a969104364945579f8-centered-chain2"",""c7ce6c68172f2a69d918e2fd1aa0a64f8ca7b8d9d9a891a969104364945579f8-centered-chain3"",""c7ce6c68172f2a69d918e2fd1aa0a64f8ca7b8d9d9a891a969104364945579f8-centered-chain4""]"	[20262265, 20262266, 20262267, 20262268]	4	0	0	500	diagnostics_complete_requires_mixing_review	500	50	37	1	36	0	0	4	0	3	1	0	7068	1193	0	5132	1936	0	1174	19	0
c7ce6c68172f2a69d918e2fd1aa0a64f8ca7b8d9d9a891a969104364945579f8-package	c7ce6c68172f2a69d918e2fd1aa0a64f8ca7b8d9d9a891a969104364945579f8	package	OG0001200	13	"[""OG0001200-alignment-mafft-floor1e-09-resolution0"",""OG0001200-alignment-famsa-floor1e-09-resolution0""]"	"[""c7ce6c68172f2a69d918e2fd1aa0a64f8ca7b8d9d9a891a969104364945579f8-package-chain1"",""c7ce6c68172f2a69d918e2fd1aa0a64f8ca7b8d9d9a891a969104364945579f8-package-chain2"",""c7ce6c68172f2a69d918e2fd1aa0a64f8ca7b8d9d9a891a969104364945579f8-package-chain3"",""c7ce6c68172f2a69d918e2fd1aa0a64f8ca7b8d9d9a891a969104364945579f8-package-chain4""]"	[20262269, 20262270, 20262271, 20262272]	4	0	0	250	diagnostics_complete_requires_mixing_review	750	75	37	5	32	0	0	4	0	3	1	0	7068	1376	0	5334	1734	0	1357	19	0
c7ce6c68172f2a69d918e2fd1aa0a64f8ca7b8d9d9a891a969104364945579f8-package	c7ce6c68172f2a69d918e2fd1aa0a64f8ca7b8d9d9a891a969104364945579f8	package	OG0001200	13	"[""OG0001200-alignment-mafft-floor1e-09-resolution0"",""OG0001200-alignment-famsa-floor1e-09-resolution0""]"	"[""c7ce6c68172f2a69d918e2fd1aa0a64f8ca7b8d9d9a891a969104364945579f8-package-chain1"",""c7ce6c68172f2a69d918e2fd1aa0a64f8ca7b8d9d9a891a969104364945579f8-package-chain2"",""c7ce6c68172f2a69d918e2fd1aa0a64f8ca7b8d9d9a891a969104364945579f8-package-chain3"",""c7ce6c68172f2a69d918e2fd1aa0a64f8ca7b8d9d9a891a969104364945579f8-package-chain4""]"	[20262269, 20262270, 20262271, 20262272]	4	0	0	500	diagnostics_complete_requires_mixing_review	500	50	37	3	34	0	0	4	0	3	1	0	7068	1215	0	5078	1990	0	1196	19	0
c7d7b29ea1cd07f54592816fdc513d1292b640ad7fb04bcbcf3cca4a9799db24-broad	c7d7b29ea1cd07f54592816fdc513d1292b640ad7fb04bcbcf3cca4a9799db24	broad	OG0000230	24	"[""OG0000230-alignment-mafft-floor1e-09-resolution7"",""OG0000230-alignment-famsa-floor1e-09-resolution7""]"	"[""c7d7b29ea1cd07f54592816fdc513d1292b640ad7fb04bcbcf3cca4a9799db24-broad-chain1"",""c7d7b29ea1cd07f54592816fdc513d1292b640ad7fb04bcbcf3cca4a9799db24-broad-chain2"",""c7d7b29ea1cd07f54592816fdc513d1292b640ad7fb04bcbcf3cca4a9799db24-broad-chain3"",""c7d7b29ea1cd07f54592816fdc513d1292b640ad7fb04bcbcf3cca4a9799db24-broad-chain4""]"	[20262273, 20262274, 20262275, 20262276]	4	0	0	250	diagnostics_complete_requires_mixing_review	750	75	37	6	31	0	0	4	0	0	4	0	10924	388	0	5630	5294	0	368	20	0
c7d7b29ea1cd07f54592816fdc513d1292b640ad7fb04bcbcf3cca4a9799db24-broad	c7d7b29ea1cd07f54592816fdc513d1292b640ad7fb04bcbcf3cca4a9799db24	broad	OG0000230	24	"[""OG0000230-alignment-mafft-floor1e-09-resolution7"",""OG0000230-alignment-famsa-floor1e-09-resolution7""]"	"[""c7d7b29ea1cd07f54592816fdc513d1292b640ad7fb04bcbcf3cca4a9799db24-broad-chain1"",""c7d7b29ea1cd07f54592816fdc513d1292b640ad7fb04bcbcf3cca4a9799db24-broad-chain2"",""c7d7b29ea1cd07f54592816fdc513d1292b640ad7fb04bcbcf3cca4a9799db24-broad-chain3"",""c7d7b29ea1cd07f54592816fdc513d1292b640ad7fb04bcbcf3cca4a9799db24-broad-chain4""]"	[20262273, 20262274, 20262275, 20262276]	4	0	0	500	diagnostics_complete_requires_mixing_review	500	50	37	8	29	0	0	4	0	0	4	0	10924	354	0	5260	5664	0	334	20	0
c7d7b29ea1cd07f54592816fdc513d1292b640ad7fb04bcbcf3cca4a9799db24-centered	c7d7b29ea1cd07f54592816fdc513d1292b640ad7fb04bcbcf3cca4a9799db24	centered	OG0000230	24	"[""OG0000230-alignment-mafft-floor1e-09-resolution7"",""OG0000230-alignment-famsa-floor1e-09-resolution7""]"	"[""c7d7b29ea1cd07f54592816fdc513d1292b640ad7fb04bcbcf3cca4a9799db24-centered-chain1"",""c7d7b29ea1cd07f54592816fdc513d1292b640ad7fb04bcbcf3cca4a9799db24-centered-chain2"",""c7d7b29ea1cd07f54592816fdc513d1292b640ad7fb04bcbcf3cca4a9799db24-centered-chain3"",""c7d7b29ea1cd07f54592816fdc513d1292b640ad7fb04bcbcf3cca4a9799db24-centered-chain4""]"	[20262277, 20262278, 20262279, 20262280]	4	0	0	250	diagnostics_complete_requires_mixing_review	750	75	37	19	18	0	0	4	0	0	4	0	10924	461	0	6046	4878	0	441	20	0
c7d7b29ea1cd07f54592816fdc513d1292b640ad7fb04bcbcf3cca4a9799db24-centered	c7d7b29ea1cd07f54592816fdc513d1292b640ad7fb04bcbcf3cca4a9799db24	centered	OG0000230	24	"[""OG0000230-alignment-mafft-floor1e-09-resolution7"",""OG0000230-alignment-famsa-floor1e-09-resolution7""]"	"[""c7d7b29ea1cd07f54592816fdc513d1292b640ad7fb04bcbcf3cca4a9799db24-centered-chain1"",""c7d7b29ea1cd07f54592816fdc513d1292b640ad7fb04bcbcf3cca4a9799db24-centered-chain2"",""c7d7b29ea1cd07f54592816fdc513d1292b640ad7fb04bcbcf3cca4a9799db24-centered-chain3"",""c7d7b29ea1cd07f54592816fdc513d1292b640ad7fb04bcbcf3cca4a9799db24-centered-chain4""]"	[20262277, 20262278, 20262279, 20262280]	4	0	0	500	diagnostics_complete_requires_mixing_review	500	50	37	17	20	0	0	4	0	0	4	0	10924	387	0	5350	5574	0	367	20	0
c7d7b29ea1cd07f54592816fdc513d1292b640ad7fb04bcbcf3cca4a9799db24-package	c7d7b29ea1cd07f54592816fdc513d1292b640ad7fb04bcbcf3cca4a9799db24	package	OG0000230	24	"[""OG0000230-alignment-mafft-floor1e-09-resolution7"",""OG0000230-alignment-famsa-floor1e-09-resolution7""]"	"[""c7d7b29ea1cd07f54592816fdc513d1292b640ad7fb04bcbcf3cca4a9799db24-package-chain1"",""c7d7b29ea1cd07f54592816fdc513d1292b640ad7fb04bcbcf3cca4a9799db24-package-chain2"",""c7d7b29ea1cd07f54592816fdc513d1292b640ad7fb04bcbcf3cca4a9799db24-package-chain3"",""c7d7b29ea1cd07f54592816fdc513d1292b640ad7fb04bcbcf3cca4a9799db24-package-chain4""]"	[20262281, 20262282, 20262283, 20262284]	4	0	0	250	diagnostics_complete_requires_mixing_review	750	75	37	5	32	0	0	4	0	0	4	0	10924	458	0	5448	5476	0	438	20	0
c7d7b29ea1cd07f54592816fdc513d1292b640ad7fb04bcbcf3cca4a9799db24-package	c7d7b29ea1cd07f54592816fdc513d1292b640ad7fb04bcbcf3cca4a9799db24	package	OG0000230	24	"[""OG0000230-alignment-mafft-floor1e-09-resolution7"",""OG0000230-alignment-famsa-floor1e-09-resolution7""]"	"[""c7d7b29ea1cd07f54592816fdc513d1292b640ad7fb04bcbcf3cca4a9799db24-package-chain1"",""c7d7b29ea1cd07f54592816fdc513d1292b640ad7fb04bcbcf3cca4a9799db24-package-chain2"",""c7d7b29ea1cd07f54592816fdc513d1292b640ad7fb04bcbcf3cca4a9799db24-package-chain3"",""c7d7b29ea1cd07f54592816fdc513d1292b640ad7fb04bcbcf3cca4a9799db24-package-chain4""]"	[20262281, 20262282, 20262283, 20262284]	4	0	0	500	diagnostics_complete_requires_mixing_review	500	50	37	4	33	0	0	4	0	0	4	0	10924	395	0	5193	5731	0	375	20	0
c97d8cb7fd221e478987329a2d9bd8459f8279f26a17e397611a2aeab2c2e1fe-broad	c97d8cb7fd221e478987329a2d9bd8459f8279f26a17e397611a2aeab2c2e1fe	broad	OG0000294	9	"[""OG0000294-alignment-mafft-floor1e-09-resolution0"",""OG0000294-alignment-mafft-floor1e-07-resolution0"",""OG0000294-alignment-famsa-floor1e-09-resolution0"",""OG0000294-alignment-famsa-floor1e-07-resolution0""]"	"[""c97d8cb7fd221e478987329a2d9bd8459f8279f26a17e397611a2aeab2c2e1fe-broad-chain1"",""c97d8cb7fd221e478987329a2d9bd8459f8279f26a17e397611a2aeab2c2e1fe-broad-chain2"",""c97d8cb7fd221e478987329a2d9bd8459f8279f26a17e397611a2aeab2c2e1fe-broad-chain3"",""c97d8cb7fd221e478987329a2d9bd8459f8279f26a17e397611a2aeab2c2e1fe-broad-chain4""]"	[20262285, 20262286, 20262287, 20262288]	4	0	0	250	diagnostics_complete_requires_mixing_review	750	75	37	17	20	0	0	4	0	0	4	0	8256	66	0	385	7871	0	45	21	0
c97d8cb7fd221e478987329a2d9bd8459f8279f26a17e397611a2aeab2c2e1fe-broad	c97d8cb7fd221e478987329a2d9bd8459f8279f26a17e397611a2aeab2c2e1fe	broad	OG0000294	9	"[""OG0000294-alignment-mafft-floor1e-09-resolution0"",""OG0000294-alignment-mafft-floor1e-07-resolution0"",""OG0000294-alignment-famsa-floor1e-09-resolution0"",""OG0000294-alignment-famsa-floor1e-07-resolution0""]"	"[""c97d8cb7fd221e478987329a2d9bd8459f8279f26a17e397611a2aeab2c2e1fe-broad-chain1"",""c97d8cb7fd221e478987329a2d9bd8459f8279f26a17e397611a2aeab2c2e1fe-broad-chain2"",""c97d8cb7fd221e478987329a2d9bd8459f8279f26a17e397611a2aeab2c2e1fe-broad-chain3"",""c97d8cb7fd221e478987329a2d9bd8459f8279f26a17e397611a2aeab2c2e1fe-broad-chain4""]"	[20262285, 20262286, 20262287, 20262288]	4	0	0	500	diagnostics_complete_requires_mixing_review	500	50	37	14	23	0	0	4	0	0	4	0	8256	55	0	282	7974	0	34	21	0
c97d8cb7fd221e478987329a2d9bd8459f8279f26a17e397611a2aeab2c2e1fe-centered	c97d8cb7fd221e478987329a2d9bd8459f8279f26a17e397611a2aeab2c2e1fe	centered	OG0000294	9	"[""OG0000294-alignment-mafft-floor1e-09-resolution0"",""OG0000294-alignment-mafft-floor1e-07-resolution0"",""OG0000294-alignment-famsa-floor1e-09-resolution0"",""OG0000294-alignment-famsa-floor1e-07-resolution0""]"	"[""c97d8cb7fd221e478987329a2d9bd8459f8279f26a17e397611a2aeab2c2e1fe-centered-chain1"",""c97d8cb7fd221e478987329a2d9bd8459f8279f26a17e397611a2aeab2c2e1fe-centered-chain2"",""c97d8cb7fd221e478987329a2d9bd8459f8279f26a17e397611a2aeab2c2e1fe-centered-chain3"",""c97d8cb7fd221e478987329a2d9bd8459f8279f26a17e397611a2aeab2c2e1fe-centered-chain4""]"	[20262289, 20262290, 20262291, 20262292]	4	0	0	250	diagnostics_complete_requires_mixing_review	750	75	37	17	20	0	0	4	0	0	4	0	8256	58	0	312	7944	0	37	21	0
c97d8cb7fd221e478987329a2d9bd8459f8279f26a17e397611a2aeab2c2e1fe-centered	c97d8cb7fd221e478987329a2d9bd8459f8279f26a17e397611a2aeab2c2e1fe	centered	OG0000294	9	"[""OG0000294-alignment-mafft-floor1e-09-resolution0"",""OG0000294-alignment-mafft-floor1e-07-resolution0"",""OG0000294-alignment-famsa-floor1e-09-resolution0"",""OG0000294-alignment-famsa-floor1e-07-resolution0""]"	"[""c97d8cb7fd221e478987329a2d9bd8459f8279f26a17e397611a2aeab2c2e1fe-centered-chain1"",""c97d8cb7fd221e478987329a2d9bd8459f8279f26a17e397611a2aeab2c2e1fe-centered-chain2"",""c97d8cb7fd221e478987329a2d9bd8459f8279f26a17e397611a2aeab2c2e1fe-centered-chain3"",""c97d8cb7fd221e478987329a2d9bd8459f8279f26a17e397611a2aeab2c2e1fe-centered-chain4""]"	[20262289, 20262290, 20262291, 20262292]	4	0	0	500	diagnostics_complete_requires_mixing_review	500	50	37	15	22	0	0	4	0	0	4	0	8256	53	0	272	7984	0	32	21	0
c97d8cb7fd221e478987329a2d9bd8459f8279f26a17e397611a2aeab2c2e1fe-package	c97d8cb7fd221e478987329a2d9bd8459f8279f26a17e397611a2aeab2c2e1fe	package	OG0000294	9	"[""OG0000294-alignment-mafft-floor1e-09-resolution0"",""OG0000294-alignment-mafft-floor1e-07-resolution0"",""OG0000294-alignment-famsa-floor1e-09-resolution0"",""OG0000294-alignment-famsa-floor1e-07-resolution0""]"	"[""c97d8cb7fd221e478987329a2d9bd8459f8279f26a17e397611a2aeab2c2e1fe-package-chain1"",""c97d8cb7fd221e478987329a2d9bd8459f8279f26a17e397611a2aeab2c2e1fe-package-chain2"",""c97d8cb7fd221e478987329a2d9bd8459f8279f26a17e397611a2aeab2c2e1fe-package-chain3"",""c97d8cb7fd221e478987329a2d9bd8459f8279f26a17e397611a2aeab2c2e1fe-package-chain4""]"	[20262293, 20262294, 20262295, 20262296]	4	0	0	250	diagnostics_complete_requires_mixing_review	750	75	37	15	22	0	0	4	0	0	4	0	8256	58	0	303	7953	0	37	21	0
c97d8cb7fd221e478987329a2d9bd8459f8279f26a17e397611a2aeab2c2e1fe-package	c97d8cb7fd221e478987329a2d9bd8459f8279f26a17e397611a2aeab2c2e1fe	package	OG0000294	9	"[""OG0000294-alignment-mafft-floor1e-09-resolution0"",""OG0000294-alignment-mafft-floor1e-07-resolution0"",""OG0000294-alignment-famsa-floor1e-09-resolution0"",""OG0000294-alignment-famsa-floor1e-07-resolution0""]"	"[""c97d8cb7fd221e478987329a2d9bd8459f8279f26a17e397611a2aeab2c2e1fe-package-chain1"",""c97d8cb7fd221e478987329a2d9bd8459f8279f26a17e397611a2aeab2c2e1fe-package-chain2"",""c97d8cb7fd221e478987329a2d9bd8459f8279f26a17e397611a2aeab2c2e1fe-package-chain3"",""c97d8cb7fd221e478987329a2d9bd8459f8279f26a17e397611a2aeab2c2e1fe-package-chain4""]"	[20262293, 20262294, 20262295, 20262296]	4	0	0	500	diagnostics_complete_requires_mixing_review	500	50	37	15	22	0	0	4	0	0	4	0	8256	52	0	251	8005	0	31	21	0
cb564b021ac10cc72bde03d2e03c64c5d7412846d3084a3043ea9e3430e09090-broad	cb564b021ac10cc72bde03d2e03c64c5d7412846d3084a3043ea9e3430e09090	broad	OG0000230	24	"[""OG0000230-alignment-mafft-floor1e-09-resolution9"",""OG0000230-alignment-famsa-floor1e-09-resolution9""]"	"[""cb564b021ac10cc72bde03d2e03c64c5d7412846d3084a3043ea9e3430e09090-broad-chain1"",""cb564b021ac10cc72bde03d2e03c64c5d7412846d3084a3043ea9e3430e09090-broad-chain2"",""cb564b021ac10cc72bde03d2e03c64c5d7412846d3084a3043ea9e3430e09090-broad-chain3"",""cb564b021ac10cc72bde03d2e03c64c5d7412846d3084a3043ea9e3430e09090-broad-chain4""]"	[20262297, 20262298, 20262299, 20262300]	4	0	0	250	diagnostics_complete_requires_mixing_review	750	75	37	6	31	0	0	4	0	0	4	0	10924	438	0	5501	5423	0	418	20	0
cb564b021ac10cc72bde03d2e03c64c5d7412846d3084a3043ea9e3430e09090-broad	cb564b021ac10cc72bde03d2e03c64c5d7412846d3084a3043ea9e3430e09090	broad	OG0000230	24	"[""OG0000230-alignment-mafft-floor1e-09-resolution9"",""OG0000230-alignment-famsa-floor1e-09-resolution9""]"	"[""cb564b021ac10cc72bde03d2e03c64c5d7412846d3084a3043ea9e3430e09090-broad-chain1"",""cb564b021ac10cc72bde03d2e03c64c5d7412846d3084a3043ea9e3430e09090-broad-chain2"",""cb564b021ac10cc72bde03d2e03c64c5d7412846d3084a3043ea9e3430e09090-broad-chain3"",""cb564b021ac10cc72bde03d2e03c64c5d7412846d3084a3043ea9e3430e09090-broad-chain4""]"	[20262297, 20262298, 20262299, 20262300]	4	0	0	500	diagnostics_complete_requires_mixing_review	500	50	37	4	33	0	0	4	0	0	4	0	10924	359	0	4998	5926	0	339	20	0
cb564b021ac10cc72bde03d2e03c64c5d7412846d3084a3043ea9e3430e09090-centered	cb564b021ac10cc72bde03d2e03c64c5d7412846d3084a3043ea9e3430e09090	centered	OG0000230	24	"[""OG0000230-alignment-mafft-floor1e-09-resolution9"",""OG0000230-alignment-famsa-floor1e-09-resolution9""]"	"[""cb564b021ac10cc72bde03d2e03c64c5d7412846d3084a3043ea9e3430e09090-centered-chain1"",""cb564b021ac10cc72bde03d2e03c64c5d7412846d3084a3043ea9e3430e09090-centered-chain2"",""cb564b021ac10cc72bde03d2e03c64c5d7412846d3084a3043ea9e3430e09090-centered-chain3"",""cb564b021ac10cc72bde03d2e03c64c5d7412846d3084a3043ea9e3430e09090-centered-chain4""]"	[20262301, 20262302, 20262303, 20262304]	4	0	0	250	diagnostics_complete_requires_mixing_review	750	75	37	6	31	0	0	4	0	0	4	0	10924	427	0	5289	5635	0	407	20	0
cb564b021ac10cc72bde03d2e03c64c5d7412846d3084a3043ea9e3430e09090-centered	cb564b021ac10cc72bde03d2e03c64c5d7412846d3084a3043ea9e3430e09090	centered	OG0000230	24	"[""OG0000230-alignment-mafft-floor1e-09-resolution9"",""OG0000230-alignment-famsa-floor1e-09-resolution9""]"	"[""cb564b021ac10cc72bde03d2e03c64c5d7412846d3084a3043ea9e3430e09090-centered-chain1"",""cb564b021ac10cc72bde03d2e03c64c5d7412846d3084a3043ea9e3430e09090-centered-chain2"",""cb564b021ac10cc72bde03d2e03c64c5d7412846d3084a3043ea9e3430e09090-centered-chain3"",""cb564b021ac10cc72bde03d2e03c64c5d7412846d3084a3043ea9e3430e09090-centered-chain4""]"	[20262301, 20262302, 20262303, 20262304]	4	0	0	500	diagnostics_complete_requires_mixing_review	500	50	37	14	23	0	0	4	0	0	4	0	10924	378	0	5078	5846	0	358	20	0
cb564b021ac10cc72bde03d2e03c64c5d7412846d3084a3043ea9e3430e09090-package	cb564b021ac10cc72bde03d2e03c64c5d7412846d3084a3043ea9e3430e09090	package	OG0000230	24	"[""OG0000230-alignment-mafft-floor1e-09-resolution9"",""OG0000230-alignment-famsa-floor1e-09-resolution9""]"	"[""cb564b021ac10cc72bde03d2e03c64c5d7412846d3084a3043ea9e3430e09090-package-chain1"",""cb564b021ac10cc72bde03d2e03c64c5d7412846d3084a3043ea9e3430e09090-package-chain2"",""cb564b021ac10cc72bde03d2e03c64c5d7412846d3084a3043ea9e3430e09090-package-chain3"",""cb564b021ac10cc72bde03d2e03c64c5d7412846d3084a3043ea9e3430e09090-package-chain4""]"	[20262305, 20262306, 20262307, 20262308]	4	0	0	250	diagnostics_complete_requires_mixing_review	750	75	37	2	35	0	0	4	0	0	4	0	10924	439	0	5428	5496	0	419	20	0
cb564b021ac10cc72bde03d2e03c64c5d7412846d3084a3043ea9e3430e09090-package	cb564b021ac10cc72bde03d2e03c64c5d7412846d3084a3043ea9e3430e09090	package	OG0000230	24	"[""OG0000230-alignment-mafft-floor1e-09-resolution9"",""OG0000230-alignment-famsa-floor1e-09-resolution9""]"	"[""cb564b021ac10cc72bde03d2e03c64c5d7412846d3084a3043ea9e3430e09090-package-chain1"",""cb564b021ac10cc72bde03d2e03c64c5d7412846d3084a3043ea9e3430e09090-package-chain2"",""cb564b021ac10cc72bde03d2e03c64c5d7412846d3084a3043ea9e3430e09090-package-chain3"",""cb564b021ac10cc72bde03d2e03c64c5d7412846d3084a3043ea9e3430e09090-package-chain4""]"	[20262305, 20262306, 20262307, 20262308]	4	0	0	500	diagnostics_complete_requires_mixing_review	500	50	37	3	34	0	0	4	0	0	4	0	10924	381	0	5206	5718	0	361	20	0
ce31f851505cdefb425bb641db2f337933de6289ee30df9a03c0d6aa6b5ce979-broad	ce31f851505cdefb425bb641db2f337933de6289ee30df9a03c0d6aa6b5ce979	broad	OG0002650	19	"[""OG0002650-envelope-mafft-floor1e-09-resolution0"",""OG0002650-envelope-mafft-floor1e-07-resolution0"",""OG0002650-envelope-famsa-floor1e-09-resolution0"",""OG0002650-envelope-famsa-floor1e-07-resolution0""]"	"[""ce31f851505cdefb425bb641db2f337933de6289ee30df9a03c0d6aa6b5ce979-broad-chain1"",""ce31f851505cdefb425bb641db2f337933de6289ee30df9a03c0d6aa6b5ce979-broad-chain2"",""ce31f851505cdefb425bb641db2f337933de6289ee30df9a03c0d6aa6b5ce979-broad-chain3"",""ce31f851505cdefb425bb641db2f337933de6289ee30df9a03c0d6aa6b5ce979-broad-chain4""]"	[20262309, 20262310, 20262311, 20262312]	4	0	0	250	diagnostics_complete_requires_mixing_review	750	75	37	6	31	0	0	4	0	3	1	0	14040	586	0	4670	9370	0	565	21	0
ce31f851505cdefb425bb641db2f337933de6289ee30df9a03c0d6aa6b5ce979-broad	ce31f851505cdefb425bb641db2f337933de6289ee30df9a03c0d6aa6b5ce979	broad	OG0002650	19	"[""OG0002650-envelope-mafft-floor1e-09-resolution0"",""OG0002650-envelope-mafft-floor1e-07-resolution0"",""OG0002650-envelope-famsa-floor1e-09-resolution0"",""OG0002650-envelope-famsa-floor1e-07-resolution0""]"	"[""ce31f851505cdefb425bb641db2f337933de6289ee30df9a03c0d6aa6b5ce979-broad-chain1"",""ce31f851505cdefb425bb641db2f337933de6289ee30df9a03c0d6aa6b5ce979-broad-chain2"",""ce31f851505cdefb425bb641db2f337933de6289ee30df9a03c0d6aa6b5ce979-broad-chain3"",""ce31f851505cdefb425bb641db2f337933de6289ee30df9a03c0d6aa6b5ce979-broad-chain4""]"	[20262309, 20262310, 20262311, 20262312]	4	0	0	500	diagnostics_complete_requires_mixing_review	500	50	37	5	32	0	0	4	0	3	1	0	14040	548	0	4421	9619	0	527	21	0
ce31f851505cdefb425bb641db2f337933de6289ee30df9a03c0d6aa6b5ce979-centered	ce31f851505cdefb425bb641db2f337933de6289ee30df9a03c0d6aa6b5ce979	centered	OG0002650	19	"[""OG0002650-envelope-mafft-floor1e-09-resolution0"",""OG0002650-envelope-mafft-floor1e-07-resolution0"",""OG0002650-envelope-famsa-floor1e-09-resolution0"",""OG0002650-envelope-famsa-floor1e-07-resolution0""]"	"[""ce31f851505cdefb425bb641db2f337933de6289ee30df9a03c0d6aa6b5ce979-centered-chain1"",""ce31f851505cdefb425bb641db2f337933de6289ee30df9a03c0d6aa6b5ce979-centered-chain2"",""ce31f851505cdefb425bb641db2f337933de6289ee30df9a03c0d6aa6b5ce979-centered-chain3"",""ce31f851505cdefb425bb641db2f337933de6289ee30df9a03c0d6aa6b5ce979-centered-chain4""]"	[20262313, 20262314, 20262315, 20262316]	4	0	0	250	diagnostics_complete_requires_mixing_review	750	75	37	2	35	0	0	4	0	3	1	0	14040	741	0	5222	8818	0	720	21	0
ce31f851505cdefb425bb641db2f337933de6289ee30df9a03c0d6aa6b5ce979-centered	ce31f851505cdefb425bb641db2f337933de6289ee30df9a03c0d6aa6b5ce979	centered	OG0002650	19	"[""OG0002650-envelope-mafft-floor1e-09-resolution0"",""OG0002650-envelope-mafft-floor1e-07-resolution0"",""OG0002650-envelope-famsa-floor1e-09-resolution0"",""OG0002650-envelope-famsa-floor1e-07-resolution0""]"	"[""ce31f851505cdefb425bb641db2f337933de6289ee30df9a03c0d6aa6b5ce979-centered-chain1"",""ce31f851505cdefb425bb641db2f337933de6289ee30df9a03c0d6aa6b5ce979-centered-chain2"",""ce31f851505cdefb425bb641db2f337933de6289ee30df9a03c0d6aa6b5ce979-centered-chain3"",""ce31f851505cdefb425bb641db2f337933de6289ee30df9a03c0d6aa6b5ce979-centered-chain4""]"	[20262313, 20262314, 20262315, 20262316]	4	0	0	500	diagnostics_complete_requires_mixing_review	500	50	37	1	36	0	0	4	0	3	1	0	14040	682	0	4992	9048	0	661	21	0
ce31f851505cdefb425bb641db2f337933de6289ee30df9a03c0d6aa6b5ce979-package	ce31f851505cdefb425bb641db2f337933de6289ee30df9a03c0d6aa6b5ce979	package	OG0002650	19	"[""OG0002650-envelope-mafft-floor1e-09-resolution0"",""OG0002650-envelope-mafft-floor1e-07-resolution0"",""OG0002650-envelope-famsa-floor1e-09-resolution0"",""OG0002650-envelope-famsa-floor1e-07-resolution0""]"	"[""ce31f851505cdefb425bb641db2f337933de6289ee30df9a03c0d6aa6b5ce979-package-chain1"",""ce31f851505cdefb425bb641db2f337933de6289ee30df9a03c0d6aa6b5ce979-package-chain2"",""ce31f851505cdefb425bb641db2f337933de6289ee30df9a03c0d6aa6b5ce979-package-chain3"",""ce31f851505cdefb425bb641db2f337933de6289ee30df9a03c0d6aa6b5ce979-package-chain4""]"	[20262317, 20262318, 20262319, 20262320]	4	0	0	250	diagnostics_complete_requires_mixing_review	750	75	37	6	31	0	0	4	0	3	1	0	14040	632	0	4798	9242	0	611	21	0
ce31f851505cdefb425bb641db2f337933de6289ee30df9a03c0d6aa6b5ce979-package	ce31f851505cdefb425bb641db2f337933de6289ee30df9a03c0d6aa6b5ce979	package	OG0002650	19	"[""OG0002650-envelope-mafft-floor1e-09-resolution0"",""OG0002650-envelope-mafft-floor1e-07-resolution0"",""OG0002650-envelope-famsa-floor1e-09-resolution0"",""OG0002650-envelope-famsa-floor1e-07-resolution0""]"	"[""ce31f851505cdefb425bb641db2f337933de6289ee30df9a03c0d6aa6b5ce979-package-chain1"",""ce31f851505cdefb425bb641db2f337933de6289ee30df9a03c0d6aa6b5ce979-package-chain2"",""ce31f851505cdefb425bb641db2f337933de6289ee30df9a03c0d6aa6b5ce979-package-chain3"",""ce31f851505cdefb425bb641db2f337933de6289ee30df9a03c0d6aa6b5ce979-package-chain4""]"	[20262317, 20262318, 20262319, 20262320]	4	0	0	500	diagnostics_complete_requires_mixing_review	500	50	37	3	34	0	0	4	0	3	1	0	14040	577	0	4461	9579	0	556	21	0
ce6ca2c146f608cafe589bc9a297c77ed7948caac1b006eb031ede7975ee1401-broad	ce6ca2c146f608cafe589bc9a297c77ed7948caac1b006eb031ede7975ee1401	broad	OG0001082	85	"[""OG0001082-envelope-mafft-floor1e-09-resolution0"",""OG0001082-envelope-mafft-floor1e-07-resolution0"",""OG0001082-envelope-famsa-floor1e-09-resolution0"",""OG0001082-envelope-famsa-floor1e-07-resolution0""]"	"[""ce6ca2c146f608cafe589bc9a297c77ed7948caac1b006eb031ede7975ee1401-broad-chain1"",""ce6ca2c146f608cafe589bc9a297c77ed7948caac1b006eb031ede7975ee1401-broad-chain2"",""ce6ca2c146f608cafe589bc9a297c77ed7948caac1b006eb031ede7975ee1401-broad-chain3"",""ce6ca2c146f608cafe589bc9a297c77ed7948caac1b006eb031ede7975ee1401-broad-chain4""]"	[20262321, 20262322, 20262323, 20262324]	4	0	0	250	diagnostics_complete_requires_mixing_review	750	75	37	0	37	0	0	4	0	1	3	0	24836	1587	0	19941	4895	0	1570	17	0
ce6ca2c146f608cafe589bc9a297c77ed7948caac1b006eb031ede7975ee1401-broad	ce6ca2c146f608cafe589bc9a297c77ed7948caac1b006eb031ede7975ee1401	broad	OG0001082	85	"[""OG0001082-envelope-mafft-floor1e-09-resolution0"",""OG0001082-envelope-mafft-floor1e-07-resolution0"",""OG0001082-envelope-famsa-floor1e-09-resolution0"",""OG0001082-envelope-famsa-floor1e-07-resolution0""]"	"[""ce6ca2c146f608cafe589bc9a297c77ed7948caac1b006eb031ede7975ee1401-broad-chain1"",""ce6ca2c146f608cafe589bc9a297c77ed7948caac1b006eb031ede7975ee1401-broad-chain2"",""ce6ca2c146f608cafe589bc9a297c77ed7948caac1b006eb031ede7975ee1401-broad-chain3"",""ce6ca2c146f608cafe589bc9a297c77ed7948caac1b006eb031ede7975ee1401-broad-chain4""]"	[20262321, 20262322, 20262323, 20262324]	4	0	0	500	diagnostics_complete_requires_mixing_review	500	50	37	0	37	0	0	4	0	1	3	0	24836	1382	0	19126	5710	0	1365	17	0
ce6ca2c146f608cafe589bc9a297c77ed7948caac1b006eb031ede7975ee1401-centered	ce6ca2c146f608cafe589bc9a297c77ed7948caac1b006eb031ede7975ee1401	centered	OG0001082	85	"[""OG0001082-envelope-mafft-floor1e-09-resolution0"",""OG0001082-envelope-mafft-floor1e-07-resolution0"",""OG0001082-envelope-famsa-floor1e-09-resolution0"",""OG0001082-envelope-famsa-floor1e-07-resolution0""]"	"[""ce6ca2c146f608cafe589bc9a297c77ed7948caac1b006eb031ede7975ee1401-centered-chain1"",""ce6ca2c146f608cafe589bc9a297c77ed7948caac1b006eb031ede7975ee1401-centered-chain2"",""ce6ca2c146f608cafe589bc9a297c77ed7948caac1b006eb031ede7975ee1401-centered-chain3"",""ce6ca2c146f608cafe589bc9a297c77ed7948caac1b006eb031ede7975ee1401-centered-chain4""]"	[20262325, 20262326, 20262327, 20262328]	4	0	0	250	diagnostics_complete_requires_mixing_review	750	75	37	0	37	0	0	4	0	1	3	0	24836	1553	0	19769	5067	0	1537	16	0
ce6ca2c146f608cafe589bc9a297c77ed7948caac1b006eb031ede7975ee1401-centered	ce6ca2c146f608cafe589bc9a297c77ed7948caac1b006eb031ede7975ee1401	centered	OG0001082	85	"[""OG0001082-envelope-mafft-floor1e-09-resolution0"",""OG0001082-envelope-mafft-floor1e-07-resolution0"",""OG0001082-envelope-famsa-floor1e-09-resolution0"",""OG0001082-envelope-famsa-floor1e-07-resolution0""]"	"[""ce6ca2c146f608cafe589bc9a297c77ed7948caac1b006eb031ede7975ee1401-centered-chain1"",""ce6ca2c146f608cafe589bc9a297c77ed7948caac1b006eb031ede7975ee1401-centered-chain2"",""ce6ca2c146f608cafe589bc9a297c77ed7948caac1b006eb031ede7975ee1401-centered-chain3"",""ce6ca2c146f608cafe589bc9a297c77ed7948caac1b006eb031ede7975ee1401-centered-chain4""]"	[20262325, 20262326, 20262327, 20262328]	4	0	0	500	diagnostics_complete_requires_mixing_review	500	50	37	0	37	0	0	4	0	1	3	0	24836	1417	0	19161	5675	0	1400	17	0
ce6ca2c146f608cafe589bc9a297c77ed7948caac1b006eb031ede7975ee1401-package	ce6ca2c146f608cafe589bc9a297c77ed7948caac1b006eb031ede7975ee1401	package	OG0001082	85	"[""OG0001082-envelope-mafft-floor1e-09-resolution0"",""OG0001082-envelope-mafft-floor1e-07-resolution0"",""OG0001082-envelope-famsa-floor1e-09-resolution0"",""OG0001082-envelope-famsa-floor1e-07-resolution0""]"	"[""ce6ca2c146f608cafe589bc9a297c77ed7948caac1b006eb031ede7975ee1401-package-chain1"",""ce6ca2c146f608cafe589bc9a297c77ed7948caac1b006eb031ede7975ee1401-package-chain2"",""ce6ca2c146f608cafe589bc9a297c77ed7948caac1b006eb031ede7975ee1401-package-chain3"",""ce6ca2c146f608cafe589bc9a297c77ed7948caac1b006eb031ede7975ee1401-package-chain4""]"	[20262329, 20262330, 20262331, 20262332]	4	0	0	250	diagnostics_complete_requires_mixing_review	750	75	37	0	37	0	0	4	0	1	3	0	24836	1662	0	20861	3975	0	1645	17	0
ce6ca2c146f608cafe589bc9a297c77ed7948caac1b006eb031ede7975ee1401-package	ce6ca2c146f608cafe589bc9a297c77ed7948caac1b006eb031ede7975ee1401	package	OG0001082	85	"[""OG0001082-envelope-mafft-floor1e-09-resolution0"",""OG0001082-envelope-mafft-floor1e-07-resolution0"",""OG0001082-envelope-famsa-floor1e-09-resolution0"",""OG0001082-envelope-famsa-floor1e-07-resolution0""]"	"[""ce6ca2c146f608cafe589bc9a297c77ed7948caac1b006eb031ede7975ee1401-package-chain1"",""ce6ca2c146f608cafe589bc9a297c77ed7948caac1b006eb031ede7975ee1401-package-chain2"",""ce6ca2c146f608cafe589bc9a297c77ed7948caac1b006eb031ede7975ee1401-package-chain3"",""ce6ca2c146f608cafe589bc9a297c77ed7948caac1b006eb031ede7975ee1401-package-chain4""]"	[20262329, 20262330, 20262331, 20262332]	4	0	0	500	diagnostics_complete_requires_mixing_review	500	50	37	0	37	0	0	4	0	1	3	0	24836	1473	0	19894	4942	0	1456	17	0
d48261262e734ff9c6668522b9987e6b972673a6c65346fa84c8a9c4b710750f-broad	d48261262e734ff9c6668522b9987e6b972673a6c65346fa84c8a9c4b710750f	broad	OG0000230	24	"[""OG0000230-whole-mafft-floor1e-09-resolution13"",""OG0000230-whole-famsa-floor1e-09-resolution13""]"	"[""d48261262e734ff9c6668522b9987e6b972673a6c65346fa84c8a9c4b710750f-broad-chain1"",""d48261262e734ff9c6668522b9987e6b972673a6c65346fa84c8a9c4b710750f-broad-chain2"",""d48261262e734ff9c6668522b9987e6b972673a6c65346fa84c8a9c4b710750f-broad-chain3"",""d48261262e734ff9c6668522b9987e6b972673a6c65346fa84c8a9c4b710750f-broad-chain4""]"	[20262333, 20262334, 20262335, 20262336]	4	0	0	250	diagnostics_complete_requires_mixing_review	750	75	37	3	34	0	0	4	0	1	3	0	63296	2131	0	25599	37697	0	2110	21	0
d48261262e734ff9c6668522b9987e6b972673a6c65346fa84c8a9c4b710750f-broad	d48261262e734ff9c6668522b9987e6b972673a6c65346fa84c8a9c4b710750f	broad	OG0000230	24	"[""OG0000230-whole-mafft-floor1e-09-resolution13"",""OG0000230-whole-famsa-floor1e-09-resolution13""]"	"[""d48261262e734ff9c6668522b9987e6b972673a6c65346fa84c8a9c4b710750f-broad-chain1"",""d48261262e734ff9c6668522b9987e6b972673a6c65346fa84c8a9c4b710750f-broad-chain2"",""d48261262e734ff9c6668522b9987e6b972673a6c65346fa84c8a9c4b710750f-broad-chain3"",""d48261262e734ff9c6668522b9987e6b972673a6c65346fa84c8a9c4b710750f-broad-chain4""]"	[20262333, 20262334, 20262335, 20262336]	4	0	0	500	diagnostics_complete_requires_mixing_review	500	50	37	3	34	0	0	4	0	1	3	0	63296	2009	0	24659	38637	0	1988	21	0
d48261262e734ff9c6668522b9987e6b972673a6c65346fa84c8a9c4b710750f-centered	d48261262e734ff9c6668522b9987e6b972673a6c65346fa84c8a9c4b710750f	centered	OG0000230	24	"[""OG0000230-whole-mafft-floor1e-09-resolution13"",""OG0000230-whole-famsa-floor1e-09-resolution13""]"	"[""d48261262e734ff9c6668522b9987e6b972673a6c65346fa84c8a9c4b710750f-centered-chain1"",""d48261262e734ff9c6668522b9987e6b972673a6c65346fa84c8a9c4b710750f-centered-chain2"",""d48261262e734ff9c6668522b9987e6b972673a6c65346fa84c8a9c4b710750f-centered-chain3"",""d48261262e734ff9c6668522b9987e6b972673a6c65346fa84c8a9c4b710750f-centered-chain4""]"	[20262337, 20262338, 20262339, 20262340]	4	0	0	250	diagnostics_complete_requires_mixing_review	750	75	37	1	36	0	0	4	0	1	3	0	63296	2125	0	25041	38255	0	2104	21	0
d48261262e734ff9c6668522b9987e6b972673a6c65346fa84c8a9c4b710750f-centered	d48261262e734ff9c6668522b9987e6b972673a6c65346fa84c8a9c4b710750f	centered	OG0000230	24	"[""OG0000230-whole-mafft-floor1e-09-resolution13"",""OG0000230-whole-famsa-floor1e-09-resolution13""]"	"[""d48261262e734ff9c6668522b9987e6b972673a6c65346fa84c8a9c4b710750f-centered-chain1"",""d48261262e734ff9c6668522b9987e6b972673a6c65346fa84c8a9c4b710750f-centered-chain2"",""d48261262e734ff9c6668522b9987e6b972673a6c65346fa84c8a9c4b710750f-centered-chain3"",""d48261262e734ff9c6668522b9987e6b972673a6c65346fa84c8a9c4b710750f-centered-chain4""]"	[20262337, 20262338, 20262339, 20262340]	4	0	0	500	diagnostics_complete_requires_mixing_review	500	50	37	1	36	0	0	4	0	1	3	0	63296	2001	0	23745	39551	0	1980	21	0
d48261262e734ff9c6668522b9987e6b972673a6c65346fa84c8a9c4b710750f-package	d48261262e734ff9c6668522b9987e6b972673a6c65346fa84c8a9c4b710750f	package	OG0000230	24	"[""OG0000230-whole-mafft-floor1e-09-resolution13"",""OG0000230-whole-famsa-floor1e-09-resolution13""]"	"[""d48261262e734ff9c6668522b9987e6b972673a6c65346fa84c8a9c4b710750f-package-chain1"",""d48261262e734ff9c6668522b9987e6b972673a6c65346fa84c8a9c4b710750f-package-chain2"",""d48261262e734ff9c6668522b9987e6b972673a6c65346fa84c8a9c4b710750f-package-chain3"",""d48261262e734ff9c6668522b9987e6b972673a6c65346fa84c8a9c4b710750f-package-chain4""]"	[20262341, 20262342, 20262343, 20262344]	4	0	0	250	diagnostics_complete_requires_mixing_review	750	75	37	2	35	0	0	4	0	1	3	0	63296	2151	0	26508	36788	0	2130	21	0
d48261262e734ff9c6668522b9987e6b972673a6c65346fa84c8a9c4b710750f-package	d48261262e734ff9c6668522b9987e6b972673a6c65346fa84c8a9c4b710750f	package	OG0000230	24	"[""OG0000230-whole-mafft-floor1e-09-resolution13"",""OG0000230-whole-famsa-floor1e-09-resolution13""]"	"[""d48261262e734ff9c6668522b9987e6b972673a6c65346fa84c8a9c4b710750f-package-chain1"",""d48261262e734ff9c6668522b9987e6b972673a6c65346fa84c8a9c4b710750f-package-chain2"",""d48261262e734ff9c6668522b9987e6b972673a6c65346fa84c8a9c4b710750f-package-chain3"",""d48261262e734ff9c6668522b9987e6b972673a6c65346fa84c8a9c4b710750f-package-chain4""]"	[20262341, 20262342, 20262343, 20262344]	4	0	0	500	diagnostics_complete_requires_mixing_review	500	50	37	1	36	0	0	4	0	1	3	0	63296	1985	0	25250	38046	0	1964	21	0
d7f0f2d2199cf9865658589f741cbb1dc1980d7615e27cc377d1fccc43386dd3-broad	d7f0f2d2199cf9865658589f741cbb1dc1980d7615e27cc377d1fccc43386dd3	broad	OG0000095	83	"[""OG0000095-whole-mafft-floor1e-07-resolution0"",""OG0000095-whole-famsa-floor1e-07-resolution0""]"	"[""d7f0f2d2199cf9865658589f741cbb1dc1980d7615e27cc377d1fccc43386dd3-broad-chain1"",""d7f0f2d2199cf9865658589f741cbb1dc1980d7615e27cc377d1fccc43386dd3-broad-chain2"",""d7f0f2d2199cf9865658589f741cbb1dc1980d7615e27cc377d1fccc43386dd3-broad-chain3"",""d7f0f2d2199cf9865658589f741cbb1dc1980d7615e27cc377d1fccc43386dd3-broad-chain4""]"	[20262345, 20262346, 20262347, 20262348]	4	0	0	250	diagnostics_complete_requires_mixing_review	750	75	37	0	37	0	0	4	0	3	1	0	203800	20929	0	145346	58454	0	20908	21	0
d7f0f2d2199cf9865658589f741cbb1dc1980d7615e27cc377d1fccc43386dd3-broad	d7f0f2d2199cf9865658589f741cbb1dc1980d7615e27cc377d1fccc43386dd3	broad	OG0000095	83	"[""OG0000095-whole-mafft-floor1e-07-resolution0"",""OG0000095-whole-famsa-floor1e-07-resolution0""]"	"[""d7f0f2d2199cf9865658589f741cbb1dc1980d7615e27cc377d1fccc43386dd3-broad-chain1"",""d7f0f2d2199cf9865658589f741cbb1dc1980d7615e27cc377d1fccc43386dd3-broad-chain2"",""d7f0f2d2199cf9865658589f741cbb1dc1980d7615e27cc377d1fccc43386dd3-broad-chain3"",""d7f0f2d2199cf9865658589f741cbb1dc1980d7615e27cc377d1fccc43386dd3-broad-chain4""]"	[20262345, 20262346, 20262347, 20262348]	4	0	0	500	diagnostics_complete_requires_mixing_review	500	50	37	0	37	0	0	4	0	3	1	0	203800	19565	0	139628	64172	0	19544	21	0
d7f0f2d2199cf9865658589f741cbb1dc1980d7615e27cc377d1fccc43386dd3-centered	d7f0f2d2199cf9865658589f741cbb1dc1980d7615e27cc377d1fccc43386dd3	centered	OG0000095	83	"[""OG0000095-whole-mafft-floor1e-07-resolution0"",""OG0000095-whole-famsa-floor1e-07-resolution0""]"	"[""d7f0f2d2199cf9865658589f741cbb1dc1980d7615e27cc377d1fccc43386dd3-centered-chain1"",""d7f0f2d2199cf9865658589f741cbb1dc1980d7615e27cc377d1fccc43386dd3-centered-chain2"",""d7f0f2d2199cf9865658589f741cbb1dc1980d7615e27cc377d1fccc43386dd3-centered-chain3"",""d7f0f2d2199cf9865658589f741cbb1dc1980d7615e27cc377d1fccc43386dd3-centered-chain4""]"	[20262349, 20262350, 20262351, 20262352]	4	0	0	250	diagnostics_complete_requires_mixing_review	750	75	37	0	37	0	0	4	0	3	1	0	203800	21078	0	142048	61752	0	21057	21	0
d7f0f2d2199cf9865658589f741cbb1dc1980d7615e27cc377d1fccc43386dd3-centered	d7f0f2d2199cf9865658589f741cbb1dc1980d7615e27cc377d1fccc43386dd3	centered	OG0000095	83	"[""OG0000095-whole-mafft-floor1e-07-resolution0"",""OG0000095-whole-famsa-floor1e-07-resolution0""]"	"[""d7f0f2d2199cf9865658589f741cbb1dc1980d7615e27cc377d1fccc43386dd3-centered-chain1"",""d7f0f2d2199cf9865658589f741cbb1dc1980d7615e27cc377d1fccc43386dd3-centered-chain2"",""d7f0f2d2199cf9865658589f741cbb1dc1980d7615e27cc377d1fccc43386dd3-centered-chain3"",""d7f0f2d2199cf9865658589f741cbb1dc1980d7615e27cc377d1fccc43386dd3-centered-chain4""]"	[20262349, 20262350, 20262351, 20262352]	4	0	0	500	diagnostics_complete_requires_mixing_review	500	50	37	0	37	0	0	4	0	3	1	0	203800	19765	0	134749	69051	0	19744	21	0
d7f0f2d2199cf9865658589f741cbb1dc1980d7615e27cc377d1fccc43386dd3-package	d7f0f2d2199cf9865658589f741cbb1dc1980d7615e27cc377d1fccc43386dd3	package	OG0000095	83	"[""OG0000095-whole-mafft-floor1e-07-resolution0"",""OG0000095-whole-famsa-floor1e-07-resolution0""]"	"[""d7f0f2d2199cf9865658589f741cbb1dc1980d7615e27cc377d1fccc43386dd3-package-chain1"",""d7f0f2d2199cf9865658589f741cbb1dc1980d7615e27cc377d1fccc43386dd3-package-chain2"",""d7f0f2d2199cf9865658589f741cbb1dc1980d7615e27cc377d1fccc43386dd3-package-chain3"",""d7f0f2d2199cf9865658589f741cbb1dc1980d7615e27cc377d1fccc43386dd3-package-chain4""]"	[20262353, 20262354, 20262355, 20262356]	4	0	0	250	diagnostics_complete_requires_mixing_review	750	75	37	0	37	0	0	4	0	3	1	0	203800	20610	0	136410	67390	0	20589	21	0
d7f0f2d2199cf9865658589f741cbb1dc1980d7615e27cc377d1fccc43386dd3-package	d7f0f2d2199cf9865658589f741cbb1dc1980d7615e27cc377d1fccc43386dd3	package	OG0000095	83	"[""OG0000095-whole-mafft-floor1e-07-resolution0"",""OG0000095-whole-famsa-floor1e-07-resolution0""]"	"[""d7f0f2d2199cf9865658589f741cbb1dc1980d7615e27cc377d1fccc43386dd3-package-chain1"",""d7f0f2d2199cf9865658589f741cbb1dc1980d7615e27cc377d1fccc43386dd3-package-chain2"",""d7f0f2d2199cf9865658589f741cbb1dc1980d7615e27cc377d1fccc43386dd3-package-chain3"",""d7f0f2d2199cf9865658589f741cbb1dc1980d7615e27cc377d1fccc43386dd3-package-chain4""]"	[20262353, 20262354, 20262355, 20262356]	4	0	0	500	diagnostics_complete_requires_mixing_review	500	50	37	0	37	0	0	4	0	3	1	0	203800	19420	0	131925	71875	0	19399	21	0
dddc40aa7f5306112e7a6632703f618d1bfe99b3132925cb2a97e686f76919de-broad	dddc40aa7f5306112e7a6632703f618d1bfe99b3132925cb2a97e686f76919de	broad	OG0000230	24	"[""OG0000230-whole-mafft-floor1e-07-resolution0"",""OG0000230-whole-famsa-floor1e-07-resolution0""]"	"[""dddc40aa7f5306112e7a6632703f618d1bfe99b3132925cb2a97e686f76919de-broad-chain1"",""dddc40aa7f5306112e7a6632703f618d1bfe99b3132925cb2a97e686f76919de-broad-chain2"",""dddc40aa7f5306112e7a6632703f618d1bfe99b3132925cb2a97e686f76919de-broad-chain3"",""dddc40aa7f5306112e7a6632703f618d1bfe99b3132925cb2a97e686f76919de-broad-chain4""]"	[20262357, 20262358, 20262359, 20262360]	4	0	0	250	diagnostics_complete_requires_mixing_review	750	75	37	2	35	0	0	4	0	1	3	0	63296	2014	0	24499	38797	0	1993	21	0
dddc40aa7f5306112e7a6632703f618d1bfe99b3132925cb2a97e686f76919de-broad	dddc40aa7f5306112e7a6632703f618d1bfe99b3132925cb2a97e686f76919de	broad	OG0000230	24	"[""OG0000230-whole-mafft-floor1e-07-resolution0"",""OG0000230-whole-famsa-floor1e-07-resolution0""]"	"[""dddc40aa7f5306112e7a6632703f618d1bfe99b3132925cb2a97e686f76919de-broad-chain1"",""dddc40aa7f5306112e7a6632703f618d1bfe99b3132925cb2a97e686f76919de-broad-chain2"",""dddc40aa7f5306112e7a6632703f618d1bfe99b3132925cb2a97e686f76919de-broad-chain3"",""dddc40aa7f5306112e7a6632703f618d1bfe99b3132925cb2a97e686f76919de-broad-chain4""]"	[20262357, 20262358, 20262359, 20262360]	4	0	0	500	diagnostics_complete_requires_mixing_review	500	50	37	2	35	0	0	4	0	1	3	0	63296	1846	0	22601	40695	0	1825	21	0
dddc40aa7f5306112e7a6632703f618d1bfe99b3132925cb2a97e686f76919de-centered	dddc40aa7f5306112e7a6632703f618d1bfe99b3132925cb2a97e686f76919de	centered	OG0000230	24	"[""OG0000230-whole-mafft-floor1e-07-resolution0"",""OG0000230-whole-famsa-floor1e-07-resolution0""]"	"[""dddc40aa7f5306112e7a6632703f618d1bfe99b3132925cb2a97e686f76919de-centered-chain1"",""dddc40aa7f5306112e7a6632703f618d1bfe99b3132925cb2a97e686f76919de-centered-chain2"",""dddc40aa7f5306112e7a6632703f618d1bfe99b3132925cb2a97e686f76919de-centered-chain3"",""dddc40aa7f5306112e7a6632703f618d1bfe99b3132925cb2a97e686f76919de-centered-chain4""]"	[20262361, 20262362, 20262363, 20262364]	4	0	0	250	diagnostics_complete_requires_mixing_review	750	75	37	5	32	0	0	4	0	1	3	0	63296	2140	0	25446	37850	0	2119	21	0
dddc40aa7f5306112e7a6632703f618d1bfe99b3132925cb2a97e686f76919de-centered	dddc40aa7f5306112e7a6632703f618d1bfe99b3132925cb2a97e686f76919de	centered	OG0000230	24	"[""OG0000230-whole-mafft-floor1e-07-resolution0"",""OG0000230-whole-famsa-floor1e-07-resolution0""]"	"[""dddc40aa7f5306112e7a6632703f618d1bfe99b3132925cb2a97e686f76919de-centered-chain1"",""dddc40aa7f5306112e7a6632703f618d1bfe99b3132925cb2a97e686f76919de-centered-chain2"",""dddc40aa7f5306112e7a6632703f618d1bfe99b3132925cb2a97e686f76919de-centered-chain3"",""dddc40aa7f5306112e7a6632703f618d1bfe99b3132925cb2a97e686f76919de-centered-chain4""]"	[20262361, 20262362, 20262363, 20262364]	4	0	0	500	diagnostics_complete_requires_mixing_review	500	50	37	3	34	0	0	4	0	0	4	0	63296	1957	0	23621	39675	0	1936	21	0
dddc40aa7f5306112e7a6632703f618d1bfe99b3132925cb2a97e686f76919de-package	dddc40aa7f5306112e7a6632703f618d1bfe99b3132925cb2a97e686f76919de	package	OG0000230	24	"[""OG0000230-whole-mafft-floor1e-07-resolution0"",""OG0000230-whole-famsa-floor1e-07-resolution0""]"	"[""dddc40aa7f5306112e7a6632703f618d1bfe99b3132925cb2a97e686f76919de-package-chain1"",""dddc40aa7f5306112e7a6632703f618d1bfe99b3132925cb2a97e686f76919de-package-chain2"",""dddc40aa7f5306112e7a6632703f618d1bfe99b3132925cb2a97e686f76919de-package-chain3"",""dddc40aa7f5306112e7a6632703f618d1bfe99b3132925cb2a97e686f76919de-package-chain4""]"	[20262365, 20262366, 20262367, 20262368]	4	0	0	250	diagnostics_complete_requires_mixing_review	750	75	37	0	37	0	0	4	0	1	3	0	63296	2084	0	24962	38334	0	2063	21	0
dddc40aa7f5306112e7a6632703f618d1bfe99b3132925cb2a97e686f76919de-package	dddc40aa7f5306112e7a6632703f618d1bfe99b3132925cb2a97e686f76919de	package	OG0000230	24	"[""OG0000230-whole-mafft-floor1e-07-resolution0"",""OG0000230-whole-famsa-floor1e-07-resolution0""]"	"[""dddc40aa7f5306112e7a6632703f618d1bfe99b3132925cb2a97e686f76919de-package-chain1"",""dddc40aa7f5306112e7a6632703f618d1bfe99b3132925cb2a97e686f76919de-package-chain2"",""dddc40aa7f5306112e7a6632703f618d1bfe99b3132925cb2a97e686f76919de-package-chain3"",""dddc40aa7f5306112e7a6632703f618d1bfe99b3132925cb2a97e686f76919de-package-chain4""]"	[20262365, 20262366, 20262367, 20262368]	4	0	0	500	diagnostics_complete_requires_mixing_review	500	50	37	0	37	0	0	4	0	1	3	0	63296	1959	0	23753	39543	0	1938	21	0
de00bf6934869c99935bbeb94ed0ef1da2ab1a0e784f712111d942b97718a7d6-broad	de00bf6934869c99935bbeb94ed0ef1da2ab1a0e784f712111d942b97718a7d6	broad	OG0000230	24	"[""OG0000230-whole-mafft-floor1e-09-resolution5"",""OG0000230-whole-famsa-floor1e-09-resolution5""]"	"[""de00bf6934869c99935bbeb94ed0ef1da2ab1a0e784f712111d942b97718a7d6-broad-chain1"",""de00bf6934869c99935bbeb94ed0ef1da2ab1a0e784f712111d942b97718a7d6-broad-chain2"",""de00bf6934869c99935bbeb94ed0ef1da2ab1a0e784f712111d942b97718a7d6-broad-chain3"",""de00bf6934869c99935bbeb94ed0ef1da2ab1a0e784f712111d942b97718a7d6-broad-chain4""]"	[20262369, 20262370, 20262371, 20262372]	4	0	0	250	diagnostics_complete_requires_mixing_review	750	75	37	0	37	0	0	4	0	1	3	0	63296	2126	0	24999	38297	0	2105	21	0
de00bf6934869c99935bbeb94ed0ef1da2ab1a0e784f712111d942b97718a7d6-broad	de00bf6934869c99935bbeb94ed0ef1da2ab1a0e784f712111d942b97718a7d6	broad	OG0000230	24	"[""OG0000230-whole-mafft-floor1e-09-resolution5"",""OG0000230-whole-famsa-floor1e-09-resolution5""]"	"[""de00bf6934869c99935bbeb94ed0ef1da2ab1a0e784f712111d942b97718a7d6-broad-chain1"",""de00bf6934869c99935bbeb94ed0ef1da2ab1a0e784f712111d942b97718a7d6-broad-chain2"",""de00bf6934869c99935bbeb94ed0ef1da2ab1a0e784f712111d942b97718a7d6-broad-chain3"",""de00bf6934869c99935bbeb94ed0ef1da2ab1a0e784f712111d942b97718a7d6-broad-chain4""]"	[20262369, 20262370, 20262371, 20262372]	4	0	0	500	diagnostics_complete_requires_mixing_review	500	50	37	0	37	0	0	4	0	1	3	0	63296	1964	0	23999	39297	0	1943	21	0
de00bf6934869c99935bbeb94ed0ef1da2ab1a0e784f712111d942b97718a7d6-centered	de00bf6934869c99935bbeb94ed0ef1da2ab1a0e784f712111d942b97718a7d6	centered	OG0000230	24	"[""OG0000230-whole-mafft-floor1e-09-resolution5"",""OG0000230-whole-famsa-floor1e-09-resolution5""]"	"[""de00bf6934869c99935bbeb94ed0ef1da2ab1a0e784f712111d942b97718a7d6-centered-chain1"",""de00bf6934869c99935bbeb94ed0ef1da2ab1a0e784f712111d942b97718a7d6-centered-chain2"",""de00bf6934869c99935bbeb94ed0ef1da2ab1a0e784f712111d942b97718a7d6-centered-chain3"",""de00bf6934869c99935bbeb94ed0ef1da2ab1a0e784f712111d942b97718a7d6-centered-chain4""]"	[20262373, 20262374, 20262375, 20262376]	4	0	0	250	diagnostics_complete_requires_mixing_review	750	75	37	4	33	0	0	4	0	1	3	0	63296	2388	0	31078	32218	0	2367	21	0
de00bf6934869c99935bbeb94ed0ef1da2ab1a0e784f712111d942b97718a7d6-centered	de00bf6934869c99935bbeb94ed0ef1da2ab1a0e784f712111d942b97718a7d6	centered	OG0000230	24	"[""OG0000230-whole-mafft-floor1e-09-resolution5"",""OG0000230-whole-famsa-floor1e-09-resolution5""]"	"[""de00bf6934869c99935bbeb94ed0ef1da2ab1a0e784f712111d942b97718a7d6-centered-chain1"",""de00bf6934869c99935bbeb94ed0ef1da2ab1a0e784f712111d942b97718a7d6-centered-chain2"",""de00bf6934869c99935bbeb94ed0ef1da2ab1a0e784f712111d942b97718a7d6-centered-chain3"",""de00bf6934869c99935bbeb94ed0ef1da2ab1a0e784f712111d942b97718a7d6-centered-chain4""]"	[20262373, 20262374, 20262375, 20262376]	4	0	0	500	diagnostics_complete_requires_mixing_review	500	50	37	1	36	0	0	4	0	1	3	0	63296	2186	0	29352	33944	0	2165	21	0
de00bf6934869c99935bbeb94ed0ef1da2ab1a0e784f712111d942b97718a7d6-package	de00bf6934869c99935bbeb94ed0ef1da2ab1a0e784f712111d942b97718a7d6	package	OG0000230	24	"[""OG0000230-whole-mafft-floor1e-09-resolution5"",""OG0000230-whole-famsa-floor1e-09-resolution5""]"	"[""de00bf6934869c99935bbeb94ed0ef1da2ab1a0e784f712111d942b97718a7d6-package-chain1"",""de00bf6934869c99935bbeb94ed0ef1da2ab1a0e784f712111d942b97718a7d6-package-chain2"",""de00bf6934869c99935bbeb94ed0ef1da2ab1a0e784f712111d942b97718a7d6-package-chain3"",""de00bf6934869c99935bbeb94ed0ef1da2ab1a0e784f712111d942b97718a7d6-package-chain4""]"	[20262377, 20262378, 20262379, 20262380]	4	0	0	250	diagnostics_complete_requires_mixing_review	750	75	37	2	35	0	0	4	0	1	3	0	63296	2063	0	24472	38824	0	2042	21	0
de00bf6934869c99935bbeb94ed0ef1da2ab1a0e784f712111d942b97718a7d6-package	de00bf6934869c99935bbeb94ed0ef1da2ab1a0e784f712111d942b97718a7d6	package	OG0000230	24	"[""OG0000230-whole-mafft-floor1e-09-resolution5"",""OG0000230-whole-famsa-floor1e-09-resolution5""]"	"[""de00bf6934869c99935bbeb94ed0ef1da2ab1a0e784f712111d942b97718a7d6-package-chain1"",""de00bf6934869c99935bbeb94ed0ef1da2ab1a0e784f712111d942b97718a7d6-package-chain2"",""de00bf6934869c99935bbeb94ed0ef1da2ab1a0e784f712111d942b97718a7d6-package-chain3"",""de00bf6934869c99935bbeb94ed0ef1da2ab1a0e784f712111d942b97718a7d6-package-chain4""]"	[20262377, 20262378, 20262379, 20262380]	4	0	0	500	diagnostics_complete_requires_mixing_review	500	50	37	1	36	0	0	4	0	1	3	0	63296	1931	0	23321	39975	0	1910	21	0
e0b30b83349256d663e1bf7105509eabb477b3831ea51f0c497f88288721d9d9-broad	e0b30b83349256d663e1bf7105509eabb477b3831ea51f0c497f88288721d9d9	broad	OG0000230	24	"[""OG0000230-envelope-mafft-floor1e-07-resolution10"",""OG0000230-envelope-famsa-floor1e-07-resolution10""]"	"[""e0b30b83349256d663e1bf7105509eabb477b3831ea51f0c497f88288721d9d9-broad-chain1"",""e0b30b83349256d663e1bf7105509eabb477b3831ea51f0c497f88288721d9d9-broad-chain2"",""e0b30b83349256d663e1bf7105509eabb477b3831ea51f0c497f88288721d9d9-broad-chain3"",""e0b30b83349256d663e1bf7105509eabb477b3831ea51f0c497f88288721d9d9-broad-chain4""]"	[20262381, 20262382, 20262383, 20262384]	4	0	0	250	diagnostics_complete_requires_mixing_review	750	75	37	17	20	0	0	4	0	1	3	0	11132	305	0	4600	6532	0	285	20	0
e0b30b83349256d663e1bf7105509eabb477b3831ea51f0c497f88288721d9d9-broad	e0b30b83349256d663e1bf7105509eabb477b3831ea51f0c497f88288721d9d9	broad	OG0000230	24	"[""OG0000230-envelope-mafft-floor1e-07-resolution10"",""OG0000230-envelope-famsa-floor1e-07-resolution10""]"	"[""e0b30b83349256d663e1bf7105509eabb477b3831ea51f0c497f88288721d9d9-broad-chain1"",""e0b30b83349256d663e1bf7105509eabb477b3831ea51f0c497f88288721d9d9-broad-chain2"",""e0b30b83349256d663e1bf7105509eabb477b3831ea51f0c497f88288721d9d9-broad-chain3"",""e0b30b83349256d663e1bf7105509eabb477b3831ea51f0c497f88288721d9d9-broad-chain4""]"	[20262381, 20262382, 20262383, 20262384]	4	0	0	500	diagnostics_complete_requires_mixing_review	500	50	37	15	22	0	0	4	0	0	4	0	11132	289	0	4362	6770	0	269	20	0
e0b30b83349256d663e1bf7105509eabb477b3831ea51f0c497f88288721d9d9-centered	e0b30b83349256d663e1bf7105509eabb477b3831ea51f0c497f88288721d9d9	centered	OG0000230	24	"[""OG0000230-envelope-mafft-floor1e-07-resolution10"",""OG0000230-envelope-famsa-floor1e-07-resolution10""]"	"[""e0b30b83349256d663e1bf7105509eabb477b3831ea51f0c497f88288721d9d9-centered-chain1"",""e0b30b83349256d663e1bf7105509eabb477b3831ea51f0c497f88288721d9d9-centered-chain2"",""e0b30b83349256d663e1bf7105509eabb477b3831ea51f0c497f88288721d9d9-centered-chain3"",""e0b30b83349256d663e1bf7105509eabb477b3831ea51f0c497f88288721d9d9-centered-chain4""]"	[20262385, 20262386, 20262387, 20262388]	4	0	0	250	diagnostics_complete_requires_mixing_review	750	75	37	18	19	0	0	4	0	1	3	0	11132	310	0	4598	6534	0	290	20	0
e0b30b83349256d663e1bf7105509eabb477b3831ea51f0c497f88288721d9d9-centered	e0b30b83349256d663e1bf7105509eabb477b3831ea51f0c497f88288721d9d9	centered	OG0000230	24	"[""OG0000230-envelope-mafft-floor1e-07-resolution10"",""OG0000230-envelope-famsa-floor1e-07-resolution10""]"	"[""e0b30b83349256d663e1bf7105509eabb477b3831ea51f0c497f88288721d9d9-centered-chain1"",""e0b30b83349256d663e1bf7105509eabb477b3831ea51f0c497f88288721d9d9-centered-chain2"",""e0b30b83349256d663e1bf7105509eabb477b3831ea51f0c497f88288721d9d9-centered-chain3"",""e0b30b83349256d663e1bf7105509eabb477b3831ea51f0c497f88288721d9d9-centered-chain4""]"	[20262385, 20262386, 20262387, 20262388]	4	0	0	500	diagnostics_complete_requires_mixing_review	500	50	37	14	23	0	0	4	0	1	3	0	11132	287	0	4216	6916	0	267	20	0
e0b30b83349256d663e1bf7105509eabb477b3831ea51f0c497f88288721d9d9-package	e0b30b83349256d663e1bf7105509eabb477b3831ea51f0c497f88288721d9d9	package	OG0000230	24	"[""OG0000230-envelope-mafft-floor1e-07-resolution10"",""OG0000230-envelope-famsa-floor1e-07-resolution10""]"	"[""e0b30b83349256d663e1bf7105509eabb477b3831ea51f0c497f88288721d9d9-package-chain1"",""e0b30b83349256d663e1bf7105509eabb477b3831ea51f0c497f88288721d9d9-package-chain2"",""e0b30b83349256d663e1bf7105509eabb477b3831ea51f0c497f88288721d9d9-package-chain3"",""e0b30b83349256d663e1bf7105509eabb477b3831ea51f0c497f88288721d9d9-package-chain4""]"	[20262389, 20262390, 20262391, 20262392]	4	0	0	250	diagnostics_complete_requires_mixing_review	750	75	37	17	20	0	0	4	0	1	3	0	11132	373	0	4812	6320	0	353	20	0
e0b30b83349256d663e1bf7105509eabb477b3831ea51f0c497f88288721d9d9-package	e0b30b83349256d663e1bf7105509eabb477b3831ea51f0c497f88288721d9d9	package	OG0000230	24	"[""OG0000230-envelope-mafft-floor1e-07-resolution10"",""OG0000230-envelope-famsa-floor1e-07-resolution10""]"	"[""e0b30b83349256d663e1bf7105509eabb477b3831ea51f0c497f88288721d9d9-package-chain1"",""e0b30b83349256d663e1bf7105509eabb477b3831ea51f0c497f88288721d9d9-package-chain2"",""e0b30b83349256d663e1bf7105509eabb477b3831ea51f0c497f88288721d9d9-package-chain3"",""e0b30b83349256d663e1bf7105509eabb477b3831ea51f0c497f88288721d9d9-package-chain4""]"	[20262389, 20262390, 20262391, 20262392]	4	0	0	500	diagnostics_complete_requires_mixing_review	500	50	37	17	20	0	0	4	0	1	3	0	11132	324	0	4503	6629	0	304	20	0
e0fa355880e8e91272745b5d4e61bef76a5803c85558991f53cf2783298c809c-broad	e0fa355880e8e91272745b5d4e61bef76a5803c85558991f53cf2783298c809c	broad	OG0000230	24	"[""OG0000230-envelope-mafft-floor1e-09-resolution3"",""OG0000230-envelope-famsa-floor1e-09-resolution3""]"	"[""e0fa355880e8e91272745b5d4e61bef76a5803c85558991f53cf2783298c809c-broad-chain1"",""e0fa355880e8e91272745b5d4e61bef76a5803c85558991f53cf2783298c809c-broad-chain2"",""e0fa355880e8e91272745b5d4e61bef76a5803c85558991f53cf2783298c809c-broad-chain3"",""e0fa355880e8e91272745b5d4e61bef76a5803c85558991f53cf2783298c809c-broad-chain4""]"	[20262393, 20262394, 20262395, 20262396]	4	0	0	250	diagnostics_complete_requires_mixing_review	750	75	37	18	19	0	0	4	0	1	3	0	11132	307	0	4362	6770	0	287	20	0
e0fa355880e8e91272745b5d4e61bef76a5803c85558991f53cf2783298c809c-broad	e0fa355880e8e91272745b5d4e61bef76a5803c85558991f53cf2783298c809c	broad	OG0000230	24	"[""OG0000230-envelope-mafft-floor1e-09-resolution3"",""OG0000230-envelope-famsa-floor1e-09-resolution3""]"	"[""e0fa355880e8e91272745b5d4e61bef76a5803c85558991f53cf2783298c809c-broad-chain1"",""e0fa355880e8e91272745b5d4e61bef76a5803c85558991f53cf2783298c809c-broad-chain2"",""e0fa355880e8e91272745b5d4e61bef76a5803c85558991f53cf2783298c809c-broad-chain3"",""e0fa355880e8e91272745b5d4e61bef76a5803c85558991f53cf2783298c809c-broad-chain4""]"	[20262393, 20262394, 20262395, 20262396]	4	0	0	500	diagnostics_complete_requires_mixing_review	500	50	37	17	20	0	0	4	0	1	3	0	11132	292	0	4194	6938	0	272	20	0
e0fa355880e8e91272745b5d4e61bef76a5803c85558991f53cf2783298c809c-centered	e0fa355880e8e91272745b5d4e61bef76a5803c85558991f53cf2783298c809c	centered	OG0000230	24	"[""OG0000230-envelope-mafft-floor1e-09-resolution3"",""OG0000230-envelope-famsa-floor1e-09-resolution3""]"	"[""e0fa355880e8e91272745b5d4e61bef76a5803c85558991f53cf2783298c809c-centered-chain1"",""e0fa355880e8e91272745b5d4e61bef76a5803c85558991f53cf2783298c809c-centered-chain2"",""e0fa355880e8e91272745b5d4e61bef76a5803c85558991f53cf2783298c809c-centered-chain3"",""e0fa355880e8e91272745b5d4e61bef76a5803c85558991f53cf2783298c809c-centered-chain4""]"	[20262397, 20262398, 20262399, 20262400]	4	0	0	250	diagnostics_complete_requires_mixing_review	750	75	37	16	21	0	0	4	0	1	3	0	11132	338	0	4706	6426	0	318	20	0
e0fa355880e8e91272745b5d4e61bef76a5803c85558991f53cf2783298c809c-centered	e0fa355880e8e91272745b5d4e61bef76a5803c85558991f53cf2783298c809c	centered	OG0000230	24	"[""OG0000230-envelope-mafft-floor1e-09-resolution3"",""OG0000230-envelope-famsa-floor1e-09-resolution3""]"	"[""e0fa355880e8e91272745b5d4e61bef76a5803c85558991f53cf2783298c809c-centered-chain1"",""e0fa355880e8e91272745b5d4e61bef76a5803c85558991f53cf2783298c809c-centered-chain2"",""e0fa355880e8e91272745b5d4e61bef76a5803c85558991f53cf2783298c809c-centered-chain3"",""e0fa355880e8e91272745b5d4e61bef76a5803c85558991f53cf2783298c809c-centered-chain4""]"	[20262397, 20262398, 20262399, 20262400]	4	0	0	500	diagnostics_complete_requires_mixing_review	500	50	37	17	20	0	0	4	0	0	4	0	11132	317	0	4454	6678	0	297	20	0
e0fa355880e8e91272745b5d4e61bef76a5803c85558991f53cf2783298c809c-package	e0fa355880e8e91272745b5d4e61bef76a5803c85558991f53cf2783298c809c	package	OG0000230	24	"[""OG0000230-envelope-mafft-floor1e-09-resolution3"",""OG0000230-envelope-famsa-floor1e-09-resolution3""]"	"[""e0fa355880e8e91272745b5d4e61bef76a5803c85558991f53cf2783298c809c-package-chain1"",""e0fa355880e8e91272745b5d4e61bef76a5803c85558991f53cf2783298c809c-package-chain2"",""e0fa355880e8e91272745b5d4e61bef76a5803c85558991f53cf2783298c809c-package-chain3"",""e0fa355880e8e91272745b5d4e61bef76a5803c85558991f53cf2783298c809c-package-chain4""]"	[20262401, 20262402, 20262403, 20262404]	4	0	0	250	diagnostics_complete_requires_mixing_review	750	75	37	19	18	0	0	4	0	1	3	0	11132	348	0	4526	6606	0	328	20	0
e0fa355880e8e91272745b5d4e61bef76a5803c85558991f53cf2783298c809c-package	e0fa355880e8e91272745b5d4e61bef76a5803c85558991f53cf2783298c809c	package	OG0000230	24	"[""OG0000230-envelope-mafft-floor1e-09-resolution3"",""OG0000230-envelope-famsa-floor1e-09-resolution3""]"	"[""e0fa355880e8e91272745b5d4e61bef76a5803c85558991f53cf2783298c809c-package-chain1"",""e0fa355880e8e91272745b5d4e61bef76a5803c85558991f53cf2783298c809c-package-chain2"",""e0fa355880e8e91272745b5d4e61bef76a5803c85558991f53cf2783298c809c-package-chain3"",""e0fa355880e8e91272745b5d4e61bef76a5803c85558991f53cf2783298c809c-package-chain4""]"	[20262401, 20262402, 20262403, 20262404]	4	0	0	500	diagnostics_complete_requires_mixing_review	500	50	37	17	20	0	0	4	0	1	3	0	11132	334	0	4388	6744	0	314	20	0
e311ea6e4c52be0b0485bec99db388a18639a4aba6787e434aed84ab0c5217ea-broad	e311ea6e4c52be0b0485bec99db388a18639a4aba6787e434aed84ab0c5217ea	broad	OG0000230	24	"[""OG0000230-envelope-mafft-floor1e-07-resolution12"",""OG0000230-envelope-famsa-floor1e-07-resolution12""]"	"[""e311ea6e4c52be0b0485bec99db388a18639a4aba6787e434aed84ab0c5217ea-broad-chain1"",""e311ea6e4c52be0b0485bec99db388a18639a4aba6787e434aed84ab0c5217ea-broad-chain2"",""e311ea6e4c52be0b0485bec99db388a18639a4aba6787e434aed84ab0c5217ea-broad-chain3"",""e311ea6e4c52be0b0485bec99db388a18639a4aba6787e434aed84ab0c5217ea-broad-chain4""]"	[20262405, 20262406, 20262407, 20262408]	4	0	0	250	diagnostics_complete_requires_mixing_review	750	75	37	17	20	0	0	4	0	1	3	0	11132	324	0	4508	6624	0	304	20	0
e311ea6e4c52be0b0485bec99db388a18639a4aba6787e434aed84ab0c5217ea-broad	e311ea6e4c52be0b0485bec99db388a18639a4aba6787e434aed84ab0c5217ea	broad	OG0000230	24	"[""OG0000230-envelope-mafft-floor1e-07-resolution12"",""OG0000230-envelope-famsa-floor1e-07-resolution12""]"	"[""e311ea6e4c52be0b0485bec99db388a18639a4aba6787e434aed84ab0c5217ea-broad-chain1"",""e311ea6e4c52be0b0485bec99db388a18639a4aba6787e434aed84ab0c5217ea-broad-chain2"",""e311ea6e4c52be0b0485bec99db388a18639a4aba6787e434aed84ab0c5217ea-broad-chain3"",""e311ea6e4c52be0b0485bec99db388a18639a4aba6787e434aed84ab0c5217ea-broad-chain4""]"	[20262405, 20262406, 20262407, 20262408]	4	0	0	500	diagnostics_complete_requires_mixing_review	500	50	37	17	20	0	0	4	0	0	4	0	11132	287	0	4284	6848	0	267	20	0
e311ea6e4c52be0b0485bec99db388a18639a4aba6787e434aed84ab0c5217ea-centered	e311ea6e4c52be0b0485bec99db388a18639a4aba6787e434aed84ab0c5217ea	centered	OG0000230	24	"[""OG0000230-envelope-mafft-floor1e-07-resolution12"",""OG0000230-envelope-famsa-floor1e-07-resolution12""]"	"[""e311ea6e4c52be0b0485bec99db388a18639a4aba6787e434aed84ab0c5217ea-centered-chain1"",""e311ea6e4c52be0b0485bec99db388a18639a4aba6787e434aed84ab0c5217ea-centered-chain2"",""e311ea6e4c52be0b0485bec99db388a18639a4aba6787e434aed84ab0c5217ea-centered-chain3"",""e311ea6e4c52be0b0485bec99db388a18639a4aba6787e434aed84ab0c5217ea-centered-chain4""]"	[20262409, 20262410, 20262411, 20262412]	4	0	0	250	diagnostics_complete_requires_mixing_review	750	75	37	18	19	0	0	4	0	1	3	0	11132	355	0	5092	6040	0	335	20	0
e311ea6e4c52be0b0485bec99db388a18639a4aba6787e434aed84ab0c5217ea-centered	e311ea6e4c52be0b0485bec99db388a18639a4aba6787e434aed84ab0c5217ea	centered	OG0000230	24	"[""OG0000230-envelope-mafft-floor1e-07-resolution12"",""OG0000230-envelope-famsa-floor1e-07-resolution12""]"	"[""e311ea6e4c52be0b0485bec99db388a18639a4aba6787e434aed84ab0c5217ea-centered-chain1"",""e311ea6e4c52be0b0485bec99db388a18639a4aba6787e434aed84ab0c5217ea-centered-chain2"",""e311ea6e4c52be0b0485bec99db388a18639a4aba6787e434aed84ab0c5217ea-centered-chain3"",""e311ea6e4c52be0b0485bec99db388a18639a4aba6787e434aed84ab0c5217ea-centered-chain4""]"	[20262409, 20262410, 20262411, 20262412]	4	0	0	500	diagnostics_complete_requires_mixing_review	500	50	37	14	23	0	0	4	0	0	4	0	11132	340	0	4882	6250	0	320	20	0
e311ea6e4c52be0b0485bec99db388a18639a4aba6787e434aed84ab0c5217ea-package	e311ea6e4c52be0b0485bec99db388a18639a4aba6787e434aed84ab0c5217ea	package	OG0000230	24	"[""OG0000230-envelope-mafft-floor1e-07-resolution12"",""OG0000230-envelope-famsa-floor1e-07-resolution12""]"	"[""e311ea6e4c52be0b0485bec99db388a18639a4aba6787e434aed84ab0c5217ea-package-chain1"",""e311ea6e4c52be0b0485bec99db388a18639a4aba6787e434aed84ab0c5217ea-package-chain2"",""e311ea6e4c52be0b0485bec99db388a18639a4aba6787e434aed84ab0c5217ea-package-chain3"",""e311ea6e4c52be0b0485bec99db388a18639a4aba6787e434aed84ab0c5217ea-package-chain4""]"	[20262413, 20262414, 20262415, 20262416]	4	0	0	250	diagnostics_complete_requires_mixing_review	750	75	37	17	20	0	0	4	0	1	3	0	11132	342	0	4533	6599	0	322	20	0
e311ea6e4c52be0b0485bec99db388a18639a4aba6787e434aed84ab0c5217ea-package	e311ea6e4c52be0b0485bec99db388a18639a4aba6787e434aed84ab0c5217ea	package	OG0000230	24	"[""OG0000230-envelope-mafft-floor1e-07-resolution12"",""OG0000230-envelope-famsa-floor1e-07-resolution12""]"	"[""e311ea6e4c52be0b0485bec99db388a18639a4aba6787e434aed84ab0c5217ea-package-chain1"",""e311ea6e4c52be0b0485bec99db388a18639a4aba6787e434aed84ab0c5217ea-package-chain2"",""e311ea6e4c52be0b0485bec99db388a18639a4aba6787e434aed84ab0c5217ea-package-chain3"",""e311ea6e4c52be0b0485bec99db388a18639a4aba6787e434aed84ab0c5217ea-package-chain4""]"	[20262413, 20262414, 20262415, 20262416]	4	0	0	500	diagnostics_complete_requires_mixing_review	500	50	37	17	20	0	0	4	0	1	3	0	11132	323	0	4461	6671	0	303	20	0
e350b566a9c0c9bcb6e81785d2994a59f4de291eb47b77ce575b6a8d659802f3-broad	e350b566a9c0c9bcb6e81785d2994a59f4de291eb47b77ce575b6a8d659802f3	broad	OG0000095	83	"[""OG0000095-envelope-mafft-floor1e-07-resolution0"",""OG0000095-envelope-famsa-floor1e-07-resolution0""]"	"[""e350b566a9c0c9bcb6e81785d2994a59f4de291eb47b77ce575b6a8d659802f3-broad-chain1"",""e350b566a9c0c9bcb6e81785d2994a59f4de291eb47b77ce575b6a8d659802f3-broad-chain2"",""e350b566a9c0c9bcb6e81785d2994a59f4de291eb47b77ce575b6a8d659802f3-broad-chain3"",""e350b566a9c0c9bcb6e81785d2994a59f4de291eb47b77ce575b6a8d659802f3-broad-chain4""]"	[20262417, 20262418, 20262419, 20262420]	4	0	0	250	diagnostics_complete_requires_mixing_review	750	75	37	4	33	0	0	4	0	2	2	0	32808	3368	0	16995	15813	0	3348	20	0
e350b566a9c0c9bcb6e81785d2994a59f4de291eb47b77ce575b6a8d659802f3-broad	e350b566a9c0c9bcb6e81785d2994a59f4de291eb47b77ce575b6a8d659802f3	broad	OG0000095	83	"[""OG0000095-envelope-mafft-floor1e-07-resolution0"",""OG0000095-envelope-famsa-floor1e-07-resolution0""]"	"[""e350b566a9c0c9bcb6e81785d2994a59f4de291eb47b77ce575b6a8d659802f3-broad-chain1"",""e350b566a9c0c9bcb6e81785d2994a59f4de291eb47b77ce575b6a8d659802f3-broad-chain2"",""e350b566a9c0c9bcb6e81785d2994a59f4de291eb47b77ce575b6a8d659802f3-broad-chain3"",""e350b566a9c0c9bcb6e81785d2994a59f4de291eb47b77ce575b6a8d659802f3-broad-chain4""]"	[20262417, 20262418, 20262419, 20262420]	4	0	0	500	diagnostics_complete_requires_mixing_review	500	50	37	2	35	0	0	4	0	1	3	0	32808	3194	0	16353	16455	0	3174	20	0
e350b566a9c0c9bcb6e81785d2994a59f4de291eb47b77ce575b6a8d659802f3-centered	e350b566a9c0c9bcb6e81785d2994a59f4de291eb47b77ce575b6a8d659802f3	centered	OG0000095	83	"[""OG0000095-envelope-mafft-floor1e-07-resolution0"",""OG0000095-envelope-famsa-floor1e-07-resolution0""]"	"[""e350b566a9c0c9bcb6e81785d2994a59f4de291eb47b77ce575b6a8d659802f3-centered-chain1"",""e350b566a9c0c9bcb6e81785d2994a59f4de291eb47b77ce575b6a8d659802f3-centered-chain2"",""e350b566a9c0c9bcb6e81785d2994a59f4de291eb47b77ce575b6a8d659802f3-centered-chain3"",""e350b566a9c0c9bcb6e81785d2994a59f4de291eb47b77ce575b6a8d659802f3-centered-chain4""]"	[20262421, 20262422, 20262423, 20262424]	4	0	0	250	diagnostics_complete_requires_mixing_review	750	75	37	1	36	0	0	4	0	0	4	0	32808	3314	0	18818	13990	0	3294	20	0
e350b566a9c0c9bcb6e81785d2994a59f4de291eb47b77ce575b6a8d659802f3-centered	e350b566a9c0c9bcb6e81785d2994a59f4de291eb47b77ce575b6a8d659802f3	centered	OG0000095	83	"[""OG0000095-envelope-mafft-floor1e-07-resolution0"",""OG0000095-envelope-famsa-floor1e-07-resolution0""]"	"[""e350b566a9c0c9bcb6e81785d2994a59f4de291eb47b77ce575b6a8d659802f3-centered-chain1"",""e350b566a9c0c9bcb6e81785d2994a59f4de291eb47b77ce575b6a8d659802f3-centered-chain2"",""e350b566a9c0c9bcb6e81785d2994a59f4de291eb47b77ce575b6a8d659802f3-centered-chain3"",""e350b566a9c0c9bcb6e81785d2994a59f4de291eb47b77ce575b6a8d659802f3-centered-chain4""]"	[20262421, 20262422, 20262423, 20262424]	4	0	0	500	diagnostics_complete_requires_mixing_review	500	50	37	1	36	0	0	4	0	0	4	0	32808	3141	0	18103	14705	0	3121	20	0
e350b566a9c0c9bcb6e81785d2994a59f4de291eb47b77ce575b6a8d659802f3-package	e350b566a9c0c9bcb6e81785d2994a59f4de291eb47b77ce575b6a8d659802f3	package	OG0000095	83	"[""OG0000095-envelope-mafft-floor1e-07-resolution0"",""OG0000095-envelope-famsa-floor1e-07-resolution0""]"	"[""e350b566a9c0c9bcb6e81785d2994a59f4de291eb47b77ce575b6a8d659802f3-package-chain1"",""e350b566a9c0c9bcb6e81785d2994a59f4de291eb47b77ce575b6a8d659802f3-package-chain2"",""e350b566a9c0c9bcb6e81785d2994a59f4de291eb47b77ce575b6a8d659802f3-package-chain3"",""e350b566a9c0c9bcb6e81785d2994a59f4de291eb47b77ce575b6a8d659802f3-package-chain4""]"	[20262425, 20262426, 20262427, 20262428]	4	0	0	250	diagnostics_complete_requires_mixing_review	750	75	37	3	34	0	0	4	0	2	2	0	32808	3424	0	18189	14619	0	3404	20	0
e350b566a9c0c9bcb6e81785d2994a59f4de291eb47b77ce575b6a8d659802f3-package	e350b566a9c0c9bcb6e81785d2994a59f4de291eb47b77ce575b6a8d659802f3	package	OG0000095	83	"[""OG0000095-envelope-mafft-floor1e-07-resolution0"",""OG0000095-envelope-famsa-floor1e-07-resolution0""]"	"[""e350b566a9c0c9bcb6e81785d2994a59f4de291eb47b77ce575b6a8d659802f3-package-chain1"",""e350b566a9c0c9bcb6e81785d2994a59f4de291eb47b77ce575b6a8d659802f3-package-chain2"",""e350b566a9c0c9bcb6e81785d2994a59f4de291eb47b77ce575b6a8d659802f3-package-chain3"",""e350b566a9c0c9bcb6e81785d2994a59f4de291eb47b77ce575b6a8d659802f3-package-chain4""]"	[20262425, 20262426, 20262427, 20262428]	4	0	0	500	diagnostics_complete_requires_mixing_review	500	50	37	2	35	0	0	4	0	1	3	0	32808	3270	0	17639	15169	0	3250	20	0
e399e6bd7e8ec2dddfb1fedcb48312555e36f39762a2e68ccc1d55eda13e82b4-broad	e399e6bd7e8ec2dddfb1fedcb48312555e36f39762a2e68ccc1d55eda13e82b4	broad	OG0000230	24	"[""OG0000230-envelope-mafft-floor1e-09-resolution4"",""OG0000230-envelope-famsa-floor1e-09-resolution4""]"	"[""e399e6bd7e8ec2dddfb1fedcb48312555e36f39762a2e68ccc1d55eda13e82b4-broad-chain1"",""e399e6bd7e8ec2dddfb1fedcb48312555e36f39762a2e68ccc1d55eda13e82b4-broad-chain2"",""e399e6bd7e8ec2dddfb1fedcb48312555e36f39762a2e68ccc1d55eda13e82b4-broad-chain3"",""e399e6bd7e8ec2dddfb1fedcb48312555e36f39762a2e68ccc1d55eda13e82b4-broad-chain4""]"	[20262429, 20262430, 20262431, 20262432]	4	0	0	250	diagnostics_complete_requires_mixing_review	750	75	37	18	19	0	0	4	0	1	3	0	11132	339	0	4808	6324	0	319	20	0
e399e6bd7e8ec2dddfb1fedcb48312555e36f39762a2e68ccc1d55eda13e82b4-broad	e399e6bd7e8ec2dddfb1fedcb48312555e36f39762a2e68ccc1d55eda13e82b4	broad	OG0000230	24	"[""OG0000230-envelope-mafft-floor1e-09-resolution4"",""OG0000230-envelope-famsa-floor1e-09-resolution4""]"	"[""e399e6bd7e8ec2dddfb1fedcb48312555e36f39762a2e68ccc1d55eda13e82b4-broad-chain1"",""e399e6bd7e8ec2dddfb1fedcb48312555e36f39762a2e68ccc1d55eda13e82b4-broad-chain2"",""e399e6bd7e8ec2dddfb1fedcb48312555e36f39762a2e68ccc1d55eda13e82b4-broad-chain3"",""e399e6bd7e8ec2dddfb1fedcb48312555e36f39762a2e68ccc1d55eda13e82b4-broad-chain4""]"	[20262429, 20262430, 20262431, 20262432]	4	0	0	500	diagnostics_complete_requires_mixing_review	500	50	37	15	22	0	0	4	0	0	4	0	11132	308	0	4369	6763	0	288	20	0
e399e6bd7e8ec2dddfb1fedcb48312555e36f39762a2e68ccc1d55eda13e82b4-centered	e399e6bd7e8ec2dddfb1fedcb48312555e36f39762a2e68ccc1d55eda13e82b4	centered	OG0000230	24	"[""OG0000230-envelope-mafft-floor1e-09-resolution4"",""OG0000230-envelope-famsa-floor1e-09-resolution4""]"	"[""e399e6bd7e8ec2dddfb1fedcb48312555e36f39762a2e68ccc1d55eda13e82b4-centered-chain1"",""e399e6bd7e8ec2dddfb1fedcb48312555e36f39762a2e68ccc1d55eda13e82b4-centered-chain2"",""e399e6bd7e8ec2dddfb1fedcb48312555e36f39762a2e68ccc1d55eda13e82b4-centered-chain3"",""e399e6bd7e8ec2dddfb1fedcb48312555e36f39762a2e68ccc1d55eda13e82b4-centered-chain4""]"	[20262433, 20262434, 20262435, 20262436]	4	0	0	250	diagnostics_complete_requires_mixing_review	750	75	37	17	20	0	0	4	0	0	4	0	11132	321	0	4621	6511	0	301	20	0
e399e6bd7e8ec2dddfb1fedcb48312555e36f39762a2e68ccc1d55eda13e82b4-centered	e399e6bd7e8ec2dddfb1fedcb48312555e36f39762a2e68ccc1d55eda13e82b4	centered	OG0000230	24	"[""OG0000230-envelope-mafft-floor1e-09-resolution4"",""OG0000230-envelope-famsa-floor1e-09-resolution4""]"	"[""e399e6bd7e8ec2dddfb1fedcb48312555e36f39762a2e68ccc1d55eda13e82b4-centered-chain1"",""e399e6bd7e8ec2dddfb1fedcb48312555e36f39762a2e68ccc1d55eda13e82b4-centered-chain2"",""e399e6bd7e8ec2dddfb1fedcb48312555e36f39762a2e68ccc1d55eda13e82b4-centered-chain3"",""e399e6bd7e8ec2dddfb1fedcb48312555e36f39762a2e68ccc1d55eda13e82b4-centered-chain4""]"	[20262433, 20262434, 20262435, 20262436]	4	0	0	500	diagnostics_complete_requires_mixing_review	500	50	37	14	23	0	0	4	0	0	4	0	11132	297	0	4400	6732	0	277	20	0
e399e6bd7e8ec2dddfb1fedcb48312555e36f39762a2e68ccc1d55eda13e82b4-package	e399e6bd7e8ec2dddfb1fedcb48312555e36f39762a2e68ccc1d55eda13e82b4	package	OG0000230	24	"[""OG0000230-envelope-mafft-floor1e-09-resolution4"",""OG0000230-envelope-famsa-floor1e-09-resolution4""]"	"[""e399e6bd7e8ec2dddfb1fedcb48312555e36f39762a2e68ccc1d55eda13e82b4-package-chain1"",""e399e6bd7e8ec2dddfb1fedcb48312555e36f39762a2e68ccc1d55eda13e82b4-package-chain2"",""e399e6bd7e8ec2dddfb1fedcb48312555e36f39762a2e68ccc1d55eda13e82b4-package-chain3"",""e399e6bd7e8ec2dddfb1fedcb48312555e36f39762a2e68ccc1d55eda13e82b4-package-chain4""]"	[20262437, 20262438, 20262439, 20262440]	4	0	0	250	diagnostics_complete_requires_mixing_review	750	75	37	17	20	0	0	4	0	0	4	0	11132	312	0	4506	6626	0	292	20	0
e399e6bd7e8ec2dddfb1fedcb48312555e36f39762a2e68ccc1d55eda13e82b4-package	e399e6bd7e8ec2dddfb1fedcb48312555e36f39762a2e68ccc1d55eda13e82b4	package	OG0000230	24	"[""OG0000230-envelope-mafft-floor1e-09-resolution4"",""OG0000230-envelope-famsa-floor1e-09-resolution4""]"	"[""e399e6bd7e8ec2dddfb1fedcb48312555e36f39762a2e68ccc1d55eda13e82b4-package-chain1"",""e399e6bd7e8ec2dddfb1fedcb48312555e36f39762a2e68ccc1d55eda13e82b4-package-chain2"",""e399e6bd7e8ec2dddfb1fedcb48312555e36f39762a2e68ccc1d55eda13e82b4-package-chain3"",""e399e6bd7e8ec2dddfb1fedcb48312555e36f39762a2e68ccc1d55eda13e82b4-package-chain4""]"	[20262437, 20262438, 20262439, 20262440]	4	0	0	500	diagnostics_complete_requires_mixing_review	500	50	37	17	20	0	0	4	0	0	4	0	11132	302	0	4368	6764	0	282	20	0
e4ded1cbfe486641c6c81fe5b8528c8f1060f44b0346aac1368cfaf8cfaa0a8e-broad	e4ded1cbfe486641c6c81fe5b8528c8f1060f44b0346aac1368cfaf8cfaa0a8e	broad	OG0000230	24	"[""OG0000230-whole-mafft-floor1e-09-resolution3"",""OG0000230-whole-famsa-floor1e-09-resolution3""]"	"[""e4ded1cbfe486641c6c81fe5b8528c8f1060f44b0346aac1368cfaf8cfaa0a8e-broad-chain1"",""e4ded1cbfe486641c6c81fe5b8528c8f1060f44b0346aac1368cfaf8cfaa0a8e-broad-chain2"",""e4ded1cbfe486641c6c81fe5b8528c8f1060f44b0346aac1368cfaf8cfaa0a8e-broad-chain3"",""e4ded1cbfe486641c6c81fe5b8528c8f1060f44b0346aac1368cfaf8cfaa0a8e-broad-chain4""]"	[20262441, 20262442, 20262443, 20262444]	4	0	0	250	diagnostics_complete_requires_mixing_review	750	75	37	2	35	0	0	4	0	1	3	0	63296	2211	0	26783	36513	0	2190	21	0
e4ded1cbfe486641c6c81fe5b8528c8f1060f44b0346aac1368cfaf8cfaa0a8e-broad	e4ded1cbfe486641c6c81fe5b8528c8f1060f44b0346aac1368cfaf8cfaa0a8e	broad	OG0000230	24	"[""OG0000230-whole-mafft-floor1e-09-resolution3"",""OG0000230-whole-famsa-floor1e-09-resolution3""]"	"[""e4ded1cbfe486641c6c81fe5b8528c8f1060f44b0346aac1368cfaf8cfaa0a8e-broad-chain1"",""e4ded1cbfe486641c6c81fe5b8528c8f1060f44b0346aac1368cfaf8cfaa0a8e-broad-chain2"",""e4ded1cbfe486641c6c81fe5b8528c8f1060f44b0346aac1368cfaf8cfaa0a8e-broad-chain3"",""e4ded1cbfe486641c6c81fe5b8528c8f1060f44b0346aac1368cfaf8cfaa0a8e-broad-chain4""]"	[20262441, 20262442, 20262443, 20262444]	4	0	0	500	diagnostics_complete_requires_mixing_review	500	50	37	1	36	0	0	4	0	1	3	0	63296	2072	0	25677	37619	0	2051	21	0
e4ded1cbfe486641c6c81fe5b8528c8f1060f44b0346aac1368cfaf8cfaa0a8e-centered	e4ded1cbfe486641c6c81fe5b8528c8f1060f44b0346aac1368cfaf8cfaa0a8e	centered	OG0000230	24	"[""OG0000230-whole-mafft-floor1e-09-resolution3"",""OG0000230-whole-famsa-floor1e-09-resolution3""]"	"[""e4ded1cbfe486641c6c81fe5b8528c8f1060f44b0346aac1368cfaf8cfaa0a8e-centered-chain1"",""e4ded1cbfe486641c6c81fe5b8528c8f1060f44b0346aac1368cfaf8cfaa0a8e-centered-chain2"",""e4ded1cbfe486641c6c81fe5b8528c8f1060f44b0346aac1368cfaf8cfaa0a8e-centered-chain3"",""e4ded1cbfe486641c6c81fe5b8528c8f1060f44b0346aac1368cfaf8cfaa0a8e-centered-chain4""]"	[20262445, 20262446, 20262447, 20262448]	4	0	0	250	diagnostics_complete_requires_mixing_review	750	75	37	8	29	0	0	4	0	1	3	0	63296	1968	0	24321	38975	0	1947	21	0
e4ded1cbfe486641c6c81fe5b8528c8f1060f44b0346aac1368cfaf8cfaa0a8e-centered	e4ded1cbfe486641c6c81fe5b8528c8f1060f44b0346aac1368cfaf8cfaa0a8e	centered	OG0000230	24	"[""OG0000230-whole-mafft-floor1e-09-resolution3"",""OG0000230-whole-famsa-floor1e-09-resolution3""]"	"[""e4ded1cbfe486641c6c81fe5b8528c8f1060f44b0346aac1368cfaf8cfaa0a8e-centered-chain1"",""e4ded1cbfe486641c6c81fe5b8528c8f1060f44b0346aac1368cfaf8cfaa0a8e-centered-chain2"",""e4ded1cbfe486641c6c81fe5b8528c8f1060f44b0346aac1368cfaf8cfaa0a8e-centered-chain3"",""e4ded1cbfe486641c6c81fe5b8528c8f1060f44b0346aac1368cfaf8cfaa0a8e-centered-chain4""]"	[20262445, 20262446, 20262447, 20262448]	4	0	0	500	diagnostics_complete_requires_mixing_review	500	50	37	3	34	0	0	4	0	1	3	0	63296	1860	0	23125	40171	0	1839	21	0
e4ded1cbfe486641c6c81fe5b8528c8f1060f44b0346aac1368cfaf8cfaa0a8e-package	e4ded1cbfe486641c6c81fe5b8528c8f1060f44b0346aac1368cfaf8cfaa0a8e	package	OG0000230	24	"[""OG0000230-whole-mafft-floor1e-09-resolution3"",""OG0000230-whole-famsa-floor1e-09-resolution3""]"	"[""e4ded1cbfe486641c6c81fe5b8528c8f1060f44b0346aac1368cfaf8cfaa0a8e-package-chain1"",""e4ded1cbfe486641c6c81fe5b8528c8f1060f44b0346aac1368cfaf8cfaa0a8e-package-chain2"",""e4ded1cbfe486641c6c81fe5b8528c8f1060f44b0346aac1368cfaf8cfaa0a8e-package-chain3"",""e4ded1cbfe486641c6c81fe5b8528c8f1060f44b0346aac1368cfaf8cfaa0a8e-package-chain4""]"	[20262449, 20262450, 20262451, 20262452]	4	0	0	250	diagnostics_complete_requires_mixing_review	750	75	37	1	36	0	0	4	0	1	3	0	63296	2081	0	25337	37959	0	2060	21	0
e4ded1cbfe486641c6c81fe5b8528c8f1060f44b0346aac1368cfaf8cfaa0a8e-package	e4ded1cbfe486641c6c81fe5b8528c8f1060f44b0346aac1368cfaf8cfaa0a8e	package	OG0000230	24	"[""OG0000230-whole-mafft-floor1e-09-resolution3"",""OG0000230-whole-famsa-floor1e-09-resolution3""]"	"[""e4ded1cbfe486641c6c81fe5b8528c8f1060f44b0346aac1368cfaf8cfaa0a8e-package-chain1"",""e4ded1cbfe486641c6c81fe5b8528c8f1060f44b0346aac1368cfaf8cfaa0a8e-package-chain2"",""e4ded1cbfe486641c6c81fe5b8528c8f1060f44b0346aac1368cfaf8cfaa0a8e-package-chain3"",""e4ded1cbfe486641c6c81fe5b8528c8f1060f44b0346aac1368cfaf8cfaa0a8e-package-chain4""]"	[20262449, 20262450, 20262451, 20262452]	4	0	0	500	diagnostics_complete_requires_mixing_review	500	50	37	1	36	0	0	4	0	1	3	0	63296	1887	0	22995	40301	0	1866	21	0
e50e1f6a4597a5f28c1c0bd957b600364372508556aada67a6f6624b0d5451c1-broad	e50e1f6a4597a5f28c1c0bd957b600364372508556aada67a6f6624b0d5451c1	broad	OG0000107	9	"[""OG0000107-alignment-mafft-floor1e-09-resolution0"",""OG0000107-alignment-mafft-floor1e-07-resolution0"",""OG0000107-alignment-famsa-floor1e-09-resolution0"",""OG0000107-alignment-famsa-floor1e-07-resolution0""]"	"[""e50e1f6a4597a5f28c1c0bd957b600364372508556aada67a6f6624b0d5451c1-broad-chain1"",""e50e1f6a4597a5f28c1c0bd957b600364372508556aada67a6f6624b0d5451c1-broad-chain2"",""e50e1f6a4597a5f28c1c0bd957b600364372508556aada67a6f6624b0d5451c1-broad-chain3"",""e50e1f6a4597a5f28c1c0bd957b600364372508556aada67a6f6624b0d5451c1-broad-chain4""]"	[20262453, 20262454, 20262455, 20262456]	4	0	0	250	diagnostics_complete_requires_mixing_review	750	75	37	10	27	0	0	4	0	1	3	0	3776	570	0	1636	2140	0	550	20	0
e50e1f6a4597a5f28c1c0bd957b600364372508556aada67a6f6624b0d5451c1-broad	e50e1f6a4597a5f28c1c0bd957b600364372508556aada67a6f6624b0d5451c1	broad	OG0000107	9	"[""OG0000107-alignment-mafft-floor1e-09-resolution0"",""OG0000107-alignment-mafft-floor1e-07-resolution0"",""OG0000107-alignment-famsa-floor1e-09-resolution0"",""OG0000107-alignment-famsa-floor1e-07-resolution0""]"	"[""e50e1f6a4597a5f28c1c0bd957b600364372508556aada67a6f6624b0d5451c1-broad-chain1"",""e50e1f6a4597a5f28c1c0bd957b600364372508556aada67a6f6624b0d5451c1-broad-chain2"",""e50e1f6a4597a5f28c1c0bd957b600364372508556aada67a6f6624b0d5451c1-broad-chain3"",""e50e1f6a4597a5f28c1c0bd957b600364372508556aada67a6f6624b0d5451c1-broad-chain4""]"	[20262453, 20262454, 20262455, 20262456]	4	0	0	500	diagnostics_complete_requires_mixing_review	500	50	37	10	27	0	0	4	0	0	4	0	3776	514	0	1537	2239	0	494	20	0
e50e1f6a4597a5f28c1c0bd957b600364372508556aada67a6f6624b0d5451c1-centered	e50e1f6a4597a5f28c1c0bd957b600364372508556aada67a6f6624b0d5451c1	centered	OG0000107	9	"[""OG0000107-alignment-mafft-floor1e-09-resolution0"",""OG0000107-alignment-mafft-floor1e-07-resolution0"",""OG0000107-alignment-famsa-floor1e-09-resolution0"",""OG0000107-alignment-famsa-floor1e-07-resolution0""]"	"[""e50e1f6a4597a5f28c1c0bd957b600364372508556aada67a6f6624b0d5451c1-centered-chain1"",""e50e1f6a4597a5f28c1c0bd957b600364372508556aada67a6f6624b0d5451c1-centered-chain2"",""e50e1f6a4597a5f28c1c0bd957b600364372508556aada67a6f6624b0d5451c1-centered-chain3"",""e50e1f6a4597a5f28c1c0bd957b600364372508556aada67a6f6624b0d5451c1-centered-chain4""]"	[20262457, 20262458, 20262459, 20262460]	4	0	0	250	diagnostics_complete_requires_mixing_review	750	75	37	11	26	0	0	4	0	1	3	0	3776	486	0	1604	2172	0	466	20	0
e50e1f6a4597a5f28c1c0bd957b600364372508556aada67a6f6624b0d5451c1-centered	e50e1f6a4597a5f28c1c0bd957b600364372508556aada67a6f6624b0d5451c1	centered	OG0000107	9	"[""OG0000107-alignment-mafft-floor1e-09-resolution0"",""OG0000107-alignment-mafft-floor1e-07-resolution0"",""OG0000107-alignment-famsa-floor1e-09-resolution0"",""OG0000107-alignment-famsa-floor1e-07-resolution0""]"	"[""e50e1f6a4597a5f28c1c0bd957b600364372508556aada67a6f6624b0d5451c1-centered-chain1"",""e50e1f6a4597a5f28c1c0bd957b600364372508556aada67a6f6624b0d5451c1-centered-chain2"",""e50e1f6a4597a5f28c1c0bd957b600364372508556aada67a6f6624b0d5451c1-centered-chain3"",""e50e1f6a4597a5f28c1c0bd957b600364372508556aada67a6f6624b0d5451c1-centered-chain4""]"	[20262457, 20262458, 20262459, 20262460]	4	0	0	500	diagnostics_complete_requires_mixing_review	500	50	37	10	27	0	0	4	0	1	3	0	3776	440	0	1456	2320	0	420	20	0
e50e1f6a4597a5f28c1c0bd957b600364372508556aada67a6f6624b0d5451c1-package	e50e1f6a4597a5f28c1c0bd957b600364372508556aada67a6f6624b0d5451c1	package	OG0000107	9	"[""OG0000107-alignment-mafft-floor1e-09-resolution0"",""OG0000107-alignment-mafft-floor1e-07-resolution0"",""OG0000107-alignment-famsa-floor1e-09-resolution0"",""OG0000107-alignment-famsa-floor1e-07-resolution0""]"	"[""e50e1f6a4597a5f28c1c0bd957b600364372508556aada67a6f6624b0d5451c1-package-chain1"",""e50e1f6a4597a5f28c1c0bd957b600364372508556aada67a6f6624b0d5451c1-package-chain2"",""e50e1f6a4597a5f28c1c0bd957b600364372508556aada67a6f6624b0d5451c1-package-chain3"",""e50e1f6a4597a5f28c1c0bd957b600364372508556aada67a6f6624b0d5451c1-package-chain4""]"	[20262461, 20262462, 20262463, 20262464]	4	0	0	250	diagnostics_complete_requires_mixing_review	750	75	37	3	34	0	0	4	0	1	3	0	3776	529	0	1685	2091	0	509	20	0
e50e1f6a4597a5f28c1c0bd957b600364372508556aada67a6f6624b0d5451c1-package	e50e1f6a4597a5f28c1c0bd957b600364372508556aada67a6f6624b0d5451c1	package	OG0000107	9	"[""OG0000107-alignment-mafft-floor1e-09-resolution0"",""OG0000107-alignment-mafft-floor1e-07-resolution0"",""OG0000107-alignment-famsa-floor1e-09-resolution0"",""OG0000107-alignment-famsa-floor1e-07-resolution0""]"	"[""e50e1f6a4597a5f28c1c0bd957b600364372508556aada67a6f6624b0d5451c1-package-chain1"",""e50e1f6a4597a5f28c1c0bd957b600364372508556aada67a6f6624b0d5451c1-package-chain2"",""e50e1f6a4597a5f28c1c0bd957b600364372508556aada67a6f6624b0d5451c1-package-chain3"",""e50e1f6a4597a5f28c1c0bd957b600364372508556aada67a6f6624b0d5451c1-package-chain4""]"	[20262461, 20262462, 20262463, 20262464]	4	0	0	500	diagnostics_complete_requires_mixing_review	500	50	37	2	35	0	0	4	0	0	4	0	3776	495	0	1514	2262	0	475	20	0
e9eb9a5b66c55828b5b34c7bf2d45a6e1162a2918ec6e6ca328d7ece95eb2233-broad	e9eb9a5b66c55828b5b34c7bf2d45a6e1162a2918ec6e6ca328d7ece95eb2233	broad	OG0000230	24	"[""OG0000230-whole-mafft-floor1e-09-resolution10"",""OG0000230-whole-famsa-floor1e-09-resolution10""]"	"[""e9eb9a5b66c55828b5b34c7bf2d45a6e1162a2918ec6e6ca328d7ece95eb2233-broad-chain1"",""e9eb9a5b66c55828b5b34c7bf2d45a6e1162a2918ec6e6ca328d7ece95eb2233-broad-chain2"",""e9eb9a5b66c55828b5b34c7bf2d45a6e1162a2918ec6e6ca328d7ece95eb2233-broad-chain3"",""e9eb9a5b66c55828b5b34c7bf2d45a6e1162a2918ec6e6ca328d7ece95eb2233-broad-chain4""]"	[20262465, 20262466, 20262467, 20262468]	4	0	0	250	diagnostics_complete_requires_mixing_review	750	75	37	1	36	0	0	4	0	1	3	0	63296	2319	0	29777	33519	0	2298	21	0
e9eb9a5b66c55828b5b34c7bf2d45a6e1162a2918ec6e6ca328d7ece95eb2233-broad	e9eb9a5b66c55828b5b34c7bf2d45a6e1162a2918ec6e6ca328d7ece95eb2233	broad	OG0000230	24	"[""OG0000230-whole-mafft-floor1e-09-resolution10"",""OG0000230-whole-famsa-floor1e-09-resolution10""]"	"[""e9eb9a5b66c55828b5b34c7bf2d45a6e1162a2918ec6e6ca328d7ece95eb2233-broad-chain1"",""e9eb9a5b66c55828b5b34c7bf2d45a6e1162a2918ec6e6ca328d7ece95eb2233-broad-chain2"",""e9eb9a5b66c55828b5b34c7bf2d45a6e1162a2918ec6e6ca328d7ece95eb2233-broad-chain3"",""e9eb9a5b66c55828b5b34c7bf2d45a6e1162a2918ec6e6ca328d7ece95eb2233-broad-chain4""]"	[20262465, 20262466, 20262467, 20262468]	4	0	0	500	diagnostics_complete_requires_mixing_review	500	50	37	0	37	0	0	4	0	1	3	0	63296	2144	0	27841	35455	0	2123	21	0
e9eb9a5b66c55828b5b34c7bf2d45a6e1162a2918ec6e6ca328d7ece95eb2233-centered	e9eb9a5b66c55828b5b34c7bf2d45a6e1162a2918ec6e6ca328d7ece95eb2233	centered	OG0000230	24	"[""OG0000230-whole-mafft-floor1e-09-resolution10"",""OG0000230-whole-famsa-floor1e-09-resolution10""]"	"[""e9eb9a5b66c55828b5b34c7bf2d45a6e1162a2918ec6e6ca328d7ece95eb2233-centered-chain1"",""e9eb9a5b66c55828b5b34c7bf2d45a6e1162a2918ec6e6ca328d7ece95eb2233-centered-chain2"",""e9eb9a5b66c55828b5b34c7bf2d45a6e1162a2918ec6e6ca328d7ece95eb2233-centered-chain3"",""e9eb9a5b66c55828b5b34c7bf2d45a6e1162a2918ec6e6ca328d7ece95eb2233-centered-chain4""]"	[20262469, 20262470, 20262471, 20262472]	4	0	0	250	diagnostics_complete_requires_mixing_review	750	75	37	2	35	0	0	4	0	1	3	0	63296	2139	0	24957	38339	0	2118	21	0
e9eb9a5b66c55828b5b34c7bf2d45a6e1162a2918ec6e6ca328d7ece95eb2233-centered	e9eb9a5b66c55828b5b34c7bf2d45a6e1162a2918ec6e6ca328d7ece95eb2233	centered	OG0000230	24	"[""OG0000230-whole-mafft-floor1e-09-resolution10"",""OG0000230-whole-famsa-floor1e-09-resolution10""]"	"[""e9eb9a5b66c55828b5b34c7bf2d45a6e1162a2918ec6e6ca328d7ece95eb2233-centered-chain1"",""e9eb9a5b66c55828b5b34c7bf2d45a6e1162a2918ec6e6ca328d7ece95eb2233-centered-chain2"",""e9eb9a5b66c55828b5b34c7bf2d45a6e1162a2918ec6e6ca328d7ece95eb2233-centered-chain3"",""e9eb9a5b66c55828b5b34c7bf2d45a6e1162a2918ec6e6ca328d7ece95eb2233-centered-chain4""]"	[20262469, 20262470, 20262471, 20262472]	4	0	0	500	diagnostics_complete_requires_mixing_review	500	50	37	1	36	0	0	4	0	1	3	0	63296	2016	0	23588	39708	0	1995	21	0
e9eb9a5b66c55828b5b34c7bf2d45a6e1162a2918ec6e6ca328d7ece95eb2233-package	e9eb9a5b66c55828b5b34c7bf2d45a6e1162a2918ec6e6ca328d7ece95eb2233	package	OG0000230	24	"[""OG0000230-whole-mafft-floor1e-09-resolution10"",""OG0000230-whole-famsa-floor1e-09-resolution10""]"	"[""e9eb9a5b66c55828b5b34c7bf2d45a6e1162a2918ec6e6ca328d7ece95eb2233-package-chain1"",""e9eb9a5b66c55828b5b34c7bf2d45a6e1162a2918ec6e6ca328d7ece95eb2233-package-chain2"",""e9eb9a5b66c55828b5b34c7bf2d45a6e1162a2918ec6e6ca328d7ece95eb2233-package-chain3"",""e9eb9a5b66c55828b5b34c7bf2d45a6e1162a2918ec6e6ca328d7ece95eb2233-package-chain4""]"	[20262473, 20262474, 20262475, 20262476]	4	0	0	250	diagnostics_complete_requires_mixing_review	750	75	37	3	34	0	0	4	0	1	3	0	63296	2244	0	26315	36981	0	2223	21	0
e9eb9a5b66c55828b5b34c7bf2d45a6e1162a2918ec6e6ca328d7ece95eb2233-package	e9eb9a5b66c55828b5b34c7bf2d45a6e1162a2918ec6e6ca328d7ece95eb2233	package	OG0000230	24	"[""OG0000230-whole-mafft-floor1e-09-resolution10"",""OG0000230-whole-famsa-floor1e-09-resolution10""]"	"[""e9eb9a5b66c55828b5b34c7bf2d45a6e1162a2918ec6e6ca328d7ece95eb2233-package-chain1"",""e9eb9a5b66c55828b5b34c7bf2d45a6e1162a2918ec6e6ca328d7ece95eb2233-package-chain2"",""e9eb9a5b66c55828b5b34c7bf2d45a6e1162a2918ec6e6ca328d7ece95eb2233-package-chain3"",""e9eb9a5b66c55828b5b34c7bf2d45a6e1162a2918ec6e6ca328d7ece95eb2233-package-chain4""]"	[20262473, 20262474, 20262475, 20262476]	4	0	0	500	diagnostics_complete_requires_mixing_review	500	50	37	1	36	0	0	4	0	1	3	0	63296	2013	0	24526	38770	0	1992	21	0
ea22d64eeafa574cebc42efcdc9d3091d230a144316f1879fab6dc18243b441e-broad	ea22d64eeafa574cebc42efcdc9d3091d230a144316f1879fab6dc18243b441e	broad	OG0001200	29	"[""OG0001200-whole-mafft-floor1e-09-resolution0"",""OG0001200-whole-famsa-floor1e-09-resolution0""]"	"[""ea22d64eeafa574cebc42efcdc9d3091d230a144316f1879fab6dc18243b441e-broad-chain1"",""ea22d64eeafa574cebc42efcdc9d3091d230a144316f1879fab6dc18243b441e-broad-chain2"",""ea22d64eeafa574cebc42efcdc9d3091d230a144316f1879fab6dc18243b441e-broad-chain3"",""ea22d64eeafa574cebc42efcdc9d3091d230a144316f1879fab6dc18243b441e-broad-chain4""]"	[20262477, 20262478, 20262479, 20262480]	4	0	0	250	diagnostics_complete_requires_mixing_review	750	75	37	1	36	0	0	4	0	2	2	0	54620	3747	0	29326	25294	0	3726	21	0
ea22d64eeafa574cebc42efcdc9d3091d230a144316f1879fab6dc18243b441e-broad	ea22d64eeafa574cebc42efcdc9d3091d230a144316f1879fab6dc18243b441e	broad	OG0001200	29	"[""OG0001200-whole-mafft-floor1e-09-resolution0"",""OG0001200-whole-famsa-floor1e-09-resolution0""]"	"[""ea22d64eeafa574cebc42efcdc9d3091d230a144316f1879fab6dc18243b441e-broad-chain1"",""ea22d64eeafa574cebc42efcdc9d3091d230a144316f1879fab6dc18243b441e-broad-chain2"",""ea22d64eeafa574cebc42efcdc9d3091d230a144316f1879fab6dc18243b441e-broad-chain3"",""ea22d64eeafa574cebc42efcdc9d3091d230a144316f1879fab6dc18243b441e-broad-chain4""]"	[20262477, 20262478, 20262479, 20262480]	4	0	0	500	diagnostics_complete_requires_mixing_review	500	50	37	0	37	0	0	4	0	2	2	0	54620	3423	0	28033	26587	0	3402	21	0
ea22d64eeafa574cebc42efcdc9d3091d230a144316f1879fab6dc18243b441e-centered	ea22d64eeafa574cebc42efcdc9d3091d230a144316f1879fab6dc18243b441e	centered	OG0001200	29	"[""OG0001200-whole-mafft-floor1e-09-resolution0"",""OG0001200-whole-famsa-floor1e-09-resolution0""]"	"[""ea22d64eeafa574cebc42efcdc9d3091d230a144316f1879fab6dc18243b441e-centered-chain1"",""ea22d64eeafa574cebc42efcdc9d3091d230a144316f1879fab6dc18243b441e-centered-chain2"",""ea22d64eeafa574cebc42efcdc9d3091d230a144316f1879fab6dc18243b441e-centered-chain3"",""ea22d64eeafa574cebc42efcdc9d3091d230a144316f1879fab6dc18243b441e-centered-chain4""]"	[20262481, 20262482, 20262483, 20262484]	4	0	0	250	diagnostics_complete_requires_mixing_review	750	75	37	2	35	0	0	4	0	2	2	0	54620	3653	0	27625	26995	0	3632	21	0
ea22d64eeafa574cebc42efcdc9d3091d230a144316f1879fab6dc18243b441e-centered	ea22d64eeafa574cebc42efcdc9d3091d230a144316f1879fab6dc18243b441e	centered	OG0001200	29	"[""OG0001200-whole-mafft-floor1e-09-resolution0"",""OG0001200-whole-famsa-floor1e-09-resolution0""]"	"[""ea22d64eeafa574cebc42efcdc9d3091d230a144316f1879fab6dc18243b441e-centered-chain1"",""ea22d64eeafa574cebc42efcdc9d3091d230a144316f1879fab6dc18243b441e-centered-chain2"",""ea22d64eeafa574cebc42efcdc9d3091d230a144316f1879fab6dc18243b441e-centered-chain3"",""ea22d64eeafa574cebc42efcdc9d3091d230a144316f1879fab6dc18243b441e-centered-chain4""]"	[20262481, 20262482, 20262483, 20262484]	4	0	0	500	diagnostics_complete_requires_mixing_review	500	50	37	1	36	0	0	4	0	2	2	0	54620	3340	0	26213	28407	0	3319	21	0
ea22d64eeafa574cebc42efcdc9d3091d230a144316f1879fab6dc18243b441e-package	ea22d64eeafa574cebc42efcdc9d3091d230a144316f1879fab6dc18243b441e	package	OG0001200	29	"[""OG0001200-whole-mafft-floor1e-09-resolution0"",""OG0001200-whole-famsa-floor1e-09-resolution0""]"	"[""ea22d64eeafa574cebc42efcdc9d3091d230a144316f1879fab6dc18243b441e-package-chain1"",""ea22d64eeafa574cebc42efcdc9d3091d230a144316f1879fab6dc18243b441e-package-chain2"",""ea22d64eeafa574cebc42efcdc9d3091d230a144316f1879fab6dc18243b441e-package-chain3"",""ea22d64eeafa574cebc42efcdc9d3091d230a144316f1879fab6dc18243b441e-package-chain4""]"	[20262485, 20262486, 20262487, 20262488]	4	0	0	250	diagnostics_complete_requires_mixing_review	750	75	37	1	36	0	0	4	0	2	2	0	54620	3322	0	24143	30477	0	3301	21	0
ea22d64eeafa574cebc42efcdc9d3091d230a144316f1879fab6dc18243b441e-package	ea22d64eeafa574cebc42efcdc9d3091d230a144316f1879fab6dc18243b441e	package	OG0001200	29	"[""OG0001200-whole-mafft-floor1e-09-resolution0"",""OG0001200-whole-famsa-floor1e-09-resolution0""]"	"[""ea22d64eeafa574cebc42efcdc9d3091d230a144316f1879fab6dc18243b441e-package-chain1"",""ea22d64eeafa574cebc42efcdc9d3091d230a144316f1879fab6dc18243b441e-package-chain2"",""ea22d64eeafa574cebc42efcdc9d3091d230a144316f1879fab6dc18243b441e-package-chain3"",""ea22d64eeafa574cebc42efcdc9d3091d230a144316f1879fab6dc18243b441e-package-chain4""]"	[20262485, 20262486, 20262487, 20262488]	4	0	0	500	diagnostics_complete_requires_mixing_review	500	50	37	1	36	0	0	4	0	2	2	0	54620	3117	0	22532	32088	0	3096	21	0
ea7898bcccea0c3bc3af9ffb9902be7963efe47b2489ca3ec94b39025c4c8fd1-broad	ea7898bcccea0c3bc3af9ffb9902be7963efe47b2489ca3ec94b39025c4c8fd1	broad	OG0000230	24	"[""OG0000230-alignment-mafft-floor1e-09-resolution0"",""OG0000230-alignment-famsa-floor1e-09-resolution0""]"	"[""ea7898bcccea0c3bc3af9ffb9902be7963efe47b2489ca3ec94b39025c4c8fd1-broad-chain1"",""ea7898bcccea0c3bc3af9ffb9902be7963efe47b2489ca3ec94b39025c4c8fd1-broad-chain2"",""ea7898bcccea0c3bc3af9ffb9902be7963efe47b2489ca3ec94b39025c4c8fd1-broad-chain3"",""ea7898bcccea0c3bc3af9ffb9902be7963efe47b2489ca3ec94b39025c4c8fd1-broad-chain4""]"	[20262489, 20262490, 20262491, 20262492]	4	0	0	250	diagnostics_complete_requires_mixing_review	750	75	37	18	19	0	0	4	0	0	4	0	10924	417	0	5248	5676	0	397	20	0
ea7898bcccea0c3bc3af9ffb9902be7963efe47b2489ca3ec94b39025c4c8fd1-broad	ea7898bcccea0c3bc3af9ffb9902be7963efe47b2489ca3ec94b39025c4c8fd1	broad	OG0000230	24	"[""OG0000230-alignment-mafft-floor1e-09-resolution0"",""OG0000230-alignment-famsa-floor1e-09-resolution0""]"	"[""ea7898bcccea0c3bc3af9ffb9902be7963efe47b2489ca3ec94b39025c4c8fd1-broad-chain1"",""ea7898bcccea0c3bc3af9ffb9902be7963efe47b2489ca3ec94b39025c4c8fd1-broad-chain2"",""ea7898bcccea0c3bc3af9ffb9902be7963efe47b2489ca3ec94b39025c4c8fd1-broad-chain3"",""ea7898bcccea0c3bc3af9ffb9902be7963efe47b2489ca3ec94b39025c4c8fd1-broad-chain4""]"	[20262489, 20262490, 20262491, 20262492]	4	0	0	500	diagnostics_complete_requires_mixing_review	500	50	37	17	20	0	0	4	0	0	4	0	10924	368	0	5078	5846	0	348	20	0
ea7898bcccea0c3bc3af9ffb9902be7963efe47b2489ca3ec94b39025c4c8fd1-centered	ea7898bcccea0c3bc3af9ffb9902be7963efe47b2489ca3ec94b39025c4c8fd1	centered	OG0000230	24	"[""OG0000230-alignment-mafft-floor1e-09-resolution0"",""OG0000230-alignment-famsa-floor1e-09-resolution0""]"	"[""ea7898bcccea0c3bc3af9ffb9902be7963efe47b2489ca3ec94b39025c4c8fd1-centered-chain1"",""ea7898bcccea0c3bc3af9ffb9902be7963efe47b2489ca3ec94b39025c4c8fd1-centered-chain2"",""ea7898bcccea0c3bc3af9ffb9902be7963efe47b2489ca3ec94b39025c4c8fd1-centered-chain3"",""ea7898bcccea0c3bc3af9ffb9902be7963efe47b2489ca3ec94b39025c4c8fd1-centered-chain4""]"	[20262493, 20262494, 20262495, 20262496]	4	0	0	250	diagnostics_complete_requires_mixing_review	750	75	37	5	32	0	0	4	0	0	4	0	10924	425	0	5548	5376	0	405	20	0
ea7898bcccea0c3bc3af9ffb9902be7963efe47b2489ca3ec94b39025c4c8fd1-centered	ea7898bcccea0c3bc3af9ffb9902be7963efe47b2489ca3ec94b39025c4c8fd1	centered	OG0000230	24	"[""OG0000230-alignment-mafft-floor1e-09-resolution0"",""OG0000230-alignment-famsa-floor1e-09-resolution0""]"	"[""ea7898bcccea0c3bc3af9ffb9902be7963efe47b2489ca3ec94b39025c4c8fd1-centered-chain1"",""ea7898bcccea0c3bc3af9ffb9902be7963efe47b2489ca3ec94b39025c4c8fd1-centered-chain2"",""ea7898bcccea0c3bc3af9ffb9902be7963efe47b2489ca3ec94b39025c4c8fd1-centered-chain3"",""ea7898bcccea0c3bc3af9ffb9902be7963efe47b2489ca3ec94b39025c4c8fd1-centered-chain4""]"	[20262493, 20262494, 20262495, 20262496]	4	0	0	500	diagnostics_complete_requires_mixing_review	500	50	37	11	26	0	0	4	0	0	4	0	10924	375	0	5102	5822	0	355	20	0
ea7898bcccea0c3bc3af9ffb9902be7963efe47b2489ca3ec94b39025c4c8fd1-package	ea7898bcccea0c3bc3af9ffb9902be7963efe47b2489ca3ec94b39025c4c8fd1	package	OG0000230	24	"[""OG0000230-alignment-mafft-floor1e-09-resolution0"",""OG0000230-alignment-famsa-floor1e-09-resolution0""]"	"[""ea7898bcccea0c3bc3af9ffb9902be7963efe47b2489ca3ec94b39025c4c8fd1-package-chain1"",""ea7898bcccea0c3bc3af9ffb9902be7963efe47b2489ca3ec94b39025c4c8fd1-package-chain2"",""ea7898bcccea0c3bc3af9ffb9902be7963efe47b2489ca3ec94b39025c4c8fd1-package-chain3"",""ea7898bcccea0c3bc3af9ffb9902be7963efe47b2489ca3ec94b39025c4c8fd1-package-chain4""]"	[20262497, 20262498, 20262499, 20262500]	4	0	0	250	diagnostics_complete_requires_mixing_review	750	75	37	5	32	0	0	4	0	0	4	0	10924	459	0	5749	5175	0	439	20	0
ea7898bcccea0c3bc3af9ffb9902be7963efe47b2489ca3ec94b39025c4c8fd1-package	ea7898bcccea0c3bc3af9ffb9902be7963efe47b2489ca3ec94b39025c4c8fd1	package	OG0000230	24	"[""OG0000230-alignment-mafft-floor1e-09-resolution0"",""OG0000230-alignment-famsa-floor1e-09-resolution0""]"	"[""ea7898bcccea0c3bc3af9ffb9902be7963efe47b2489ca3ec94b39025c4c8fd1-package-chain1"",""ea7898bcccea0c3bc3af9ffb9902be7963efe47b2489ca3ec94b39025c4c8fd1-package-chain2"",""ea7898bcccea0c3bc3af9ffb9902be7963efe47b2489ca3ec94b39025c4c8fd1-package-chain3"",""ea7898bcccea0c3bc3af9ffb9902be7963efe47b2489ca3ec94b39025c4c8fd1-package-chain4""]"	[20262497, 20262498, 20262499, 20262500]	4	0	0	500	diagnostics_complete_requires_mixing_review	500	50	37	8	29	0	0	4	0	0	4	0	10924	383	0	5304	5620	0	363	20	0
ebd0daf8627503232ef77e66686f790074255ab46bddd544300f781deefd7af6-broad	ebd0daf8627503232ef77e66686f790074255ab46bddd544300f781deefd7af6	broad	OG0000107	9	"[""OG0000107-envelope-mafft-floor1e-09-resolution0"",""OG0000107-envelope-mafft-floor1e-07-resolution0"",""OG0000107-envelope-famsa-floor1e-09-resolution0"",""OG0000107-envelope-famsa-floor1e-07-resolution0""]"	"[""ebd0daf8627503232ef77e66686f790074255ab46bddd544300f781deefd7af6-broad-chain1"",""ebd0daf8627503232ef77e66686f790074255ab46bddd544300f781deefd7af6-broad-chain2"",""ebd0daf8627503232ef77e66686f790074255ab46bddd544300f781deefd7af6-broad-chain3"",""ebd0daf8627503232ef77e66686f790074255ab46bddd544300f781deefd7af6-broad-chain4""]"	[20262501, 20262502, 20262503, 20262504]	4	0	0	250	diagnostics_complete_requires_mixing_review	750	75	37	2	35	0	0	4	0	1	3	0	3844	576	0	1623	2221	0	556	20	0
ebd0daf8627503232ef77e66686f790074255ab46bddd544300f781deefd7af6-broad	ebd0daf8627503232ef77e66686f790074255ab46bddd544300f781deefd7af6	broad	OG0000107	9	"[""OG0000107-envelope-mafft-floor1e-09-resolution0"",""OG0000107-envelope-mafft-floor1e-07-resolution0"",""OG0000107-envelope-famsa-floor1e-09-resolution0"",""OG0000107-envelope-famsa-floor1e-07-resolution0""]"	"[""ebd0daf8627503232ef77e66686f790074255ab46bddd544300f781deefd7af6-broad-chain1"",""ebd0daf8627503232ef77e66686f790074255ab46bddd544300f781deefd7af6-broad-chain2"",""ebd0daf8627503232ef77e66686f790074255ab46bddd544300f781deefd7af6-broad-chain3"",""ebd0daf8627503232ef77e66686f790074255ab46bddd544300f781deefd7af6-broad-chain4""]"	[20262501, 20262502, 20262503, 20262504]	4	0	0	500	diagnostics_complete_requires_mixing_review	500	50	37	2	35	0	0	4	0	0	4	0	3844	543	0	1525	2319	0	523	20	0
ebd0daf8627503232ef77e66686f790074255ab46bddd544300f781deefd7af6-centered	ebd0daf8627503232ef77e66686f790074255ab46bddd544300f781deefd7af6	centered	OG0000107	9	"[""OG0000107-envelope-mafft-floor1e-09-resolution0"",""OG0000107-envelope-mafft-floor1e-07-resolution0"",""OG0000107-envelope-famsa-floor1e-09-resolution0"",""OG0000107-envelope-famsa-floor1e-07-resolution0""]"	"[""ebd0daf8627503232ef77e66686f790074255ab46bddd544300f781deefd7af6-centered-chain1"",""ebd0daf8627503232ef77e66686f790074255ab46bddd544300f781deefd7af6-centered-chain2"",""ebd0daf8627503232ef77e66686f790074255ab46bddd544300f781deefd7af6-centered-chain3"",""ebd0daf8627503232ef77e66686f790074255ab46bddd544300f781deefd7af6-centered-chain4""]"	[20262505, 20262506, 20262507, 20262508]	4	0	0	250	diagnostics_complete_requires_mixing_review	750	75	37	3	34	0	0	4	0	0	4	0	3844	494	0	1699	2145	0	474	20	0
ebd0daf8627503232ef77e66686f790074255ab46bddd544300f781deefd7af6-centered	ebd0daf8627503232ef77e66686f790074255ab46bddd544300f781deefd7af6	centered	OG0000107	9	"[""OG0000107-envelope-mafft-floor1e-09-resolution0"",""OG0000107-envelope-mafft-floor1e-07-resolution0"",""OG0000107-envelope-famsa-floor1e-09-resolution0"",""OG0000107-envelope-famsa-floor1e-07-resolution0""]"	"[""ebd0daf8627503232ef77e66686f790074255ab46bddd544300f781deefd7af6-centered-chain1"",""ebd0daf8627503232ef77e66686f790074255ab46bddd544300f781deefd7af6-centered-chain2"",""ebd0daf8627503232ef77e66686f790074255ab46bddd544300f781deefd7af6-centered-chain3"",""ebd0daf8627503232ef77e66686f790074255ab46bddd544300f781deefd7af6-centered-chain4""]"	[20262505, 20262506, 20262507, 20262508]	4	0	0	500	diagnostics_complete_requires_mixing_review	500	50	37	1	36	0	0	4	0	0	4	0	3844	457	0	1610	2234	0	437	20	0
ebd0daf8627503232ef77e66686f790074255ab46bddd544300f781deefd7af6-package	ebd0daf8627503232ef77e66686f790074255ab46bddd544300f781deefd7af6	package	OG0000107	9	"[""OG0000107-envelope-mafft-floor1e-09-resolution0"",""OG0000107-envelope-mafft-floor1e-07-resolution0"",""OG0000107-envelope-famsa-floor1e-09-resolution0"",""OG0000107-envelope-famsa-floor1e-07-resolution0""]"	"[""ebd0daf8627503232ef77e66686f790074255ab46bddd544300f781deefd7af6-package-chain1"",""ebd0daf8627503232ef77e66686f790074255ab46bddd544300f781deefd7af6-package-chain2"",""ebd0daf8627503232ef77e66686f790074255ab46bddd544300f781deefd7af6-package-chain3"",""ebd0daf8627503232ef77e66686f790074255ab46bddd544300f781deefd7af6-package-chain4""]"	[20262509, 20262510, 20262511, 20262512]	4	0	0	250	diagnostics_complete_requires_mixing_review	750	75	37	2	35	0	0	4	0	0	4	0	3844	582	0	1640	2204	0	562	20	0
ebd0daf8627503232ef77e66686f790074255ab46bddd544300f781deefd7af6-package	ebd0daf8627503232ef77e66686f790074255ab46bddd544300f781deefd7af6	package	OG0000107	9	"[""OG0000107-envelope-mafft-floor1e-09-resolution0"",""OG0000107-envelope-mafft-floor1e-07-resolution0"",""OG0000107-envelope-famsa-floor1e-09-resolution0"",""OG0000107-envelope-famsa-floor1e-07-resolution0""]"	"[""ebd0daf8627503232ef77e66686f790074255ab46bddd544300f781deefd7af6-package-chain1"",""ebd0daf8627503232ef77e66686f790074255ab46bddd544300f781deefd7af6-package-chain2"",""ebd0daf8627503232ef77e66686f790074255ab46bddd544300f781deefd7af6-package-chain3"",""ebd0daf8627503232ef77e66686f790074255ab46bddd544300f781deefd7af6-package-chain4""]"	[20262509, 20262510, 20262511, 20262512]	4	0	0	500	diagnostics_complete_requires_mixing_review	500	50	37	2	35	0	0	4	0	0	4	0	3844	518	0	1552	2292	0	498	20	0
ed59365af7653bbb9df8be7bc884f0b32e70d19bf539011dd4102bfe4a379ba5-broad	ed59365af7653bbb9df8be7bc884f0b32e70d19bf539011dd4102bfe4a379ba5	broad	OG0000230	24	"[""OG0000230-envelope-mafft-floor1e-07-resolution7"",""OG0000230-envelope-famsa-floor1e-07-resolution7""]"	"[""ed59365af7653bbb9df8be7bc884f0b32e70d19bf539011dd4102bfe4a379ba5-broad-chain1"",""ed59365af7653bbb9df8be7bc884f0b32e70d19bf539011dd4102bfe4a379ba5-broad-chain2"",""ed59365af7653bbb9df8be7bc884f0b32e70d19bf539011dd4102bfe4a379ba5-broad-chain3"",""ed59365af7653bbb9df8be7bc884f0b32e70d19bf539011dd4102bfe4a379ba5-broad-chain4""]"	[20262513, 20262514, 20262515, 20262516]	4	0	0	250	diagnostics_complete_requires_mixing_review	750	75	37	17	20	0	0	4	0	0	4	0	11132	341	0	4715	6417	0	321	20	0
ed59365af7653bbb9df8be7bc884f0b32e70d19bf539011dd4102bfe4a379ba5-broad	ed59365af7653bbb9df8be7bc884f0b32e70d19bf539011dd4102bfe4a379ba5	broad	OG0000230	24	"[""OG0000230-envelope-mafft-floor1e-07-resolution7"",""OG0000230-envelope-famsa-floor1e-07-resolution7""]"	"[""ed59365af7653bbb9df8be7bc884f0b32e70d19bf539011dd4102bfe4a379ba5-broad-chain1"",""ed59365af7653bbb9df8be7bc884f0b32e70d19bf539011dd4102bfe4a379ba5-broad-chain2"",""ed59365af7653bbb9df8be7bc884f0b32e70d19bf539011dd4102bfe4a379ba5-broad-chain3"",""ed59365af7653bbb9df8be7bc884f0b32e70d19bf539011dd4102bfe4a379ba5-broad-chain4""]"	[20262513, 20262514, 20262515, 20262516]	4	0	0	500	diagnostics_complete_requires_mixing_review	500	50	37	17	20	0	0	4	0	0	4	0	11132	315	0	4381	6751	0	295	20	0
ed59365af7653bbb9df8be7bc884f0b32e70d19bf539011dd4102bfe4a379ba5-centered	ed59365af7653bbb9df8be7bc884f0b32e70d19bf539011dd4102bfe4a379ba5	centered	OG0000230	24	"[""OG0000230-envelope-mafft-floor1e-07-resolution7"",""OG0000230-envelope-famsa-floor1e-07-resolution7""]"	"[""ed59365af7653bbb9df8be7bc884f0b32e70d19bf539011dd4102bfe4a379ba5-centered-chain1"",""ed59365af7653bbb9df8be7bc884f0b32e70d19bf539011dd4102bfe4a379ba5-centered-chain2"",""ed59365af7653bbb9df8be7bc884f0b32e70d19bf539011dd4102bfe4a379ba5-centered-chain3"",""ed59365af7653bbb9df8be7bc884f0b32e70d19bf539011dd4102bfe4a379ba5-centered-chain4""]"	[20262517, 20262518, 20262519, 20262520]	4	0	0	250	diagnostics_complete_requires_mixing_review	750	75	37	21	16	0	0	4	0	1	3	0	11132	379	0	4747	6385	0	359	20	0
ed59365af7653bbb9df8be7bc884f0b32e70d19bf539011dd4102bfe4a379ba5-centered	ed59365af7653bbb9df8be7bc884f0b32e70d19bf539011dd4102bfe4a379ba5	centered	OG0000230	24	"[""OG0000230-envelope-mafft-floor1e-07-resolution7"",""OG0000230-envelope-famsa-floor1e-07-resolution7""]"	"[""ed59365af7653bbb9df8be7bc884f0b32e70d19bf539011dd4102bfe4a379ba5-centered-chain1"",""ed59365af7653bbb9df8be7bc884f0b32e70d19bf539011dd4102bfe4a379ba5-centered-chain2"",""ed59365af7653bbb9df8be7bc884f0b32e70d19bf539011dd4102bfe4a379ba5-centered-chain3"",""ed59365af7653bbb9df8be7bc884f0b32e70d19bf539011dd4102bfe4a379ba5-centered-chain4""]"	[20262517, 20262518, 20262519, 20262520]	4	0	0	500	diagnostics_complete_requires_mixing_review	500	50	37	17	20	0	0	4	0	1	3	0	11132	352	0	4500	6632	0	332	20	0
ed59365af7653bbb9df8be7bc884f0b32e70d19bf539011dd4102bfe4a379ba5-package	ed59365af7653bbb9df8be7bc884f0b32e70d19bf539011dd4102bfe4a379ba5	package	OG0000230	24	"[""OG0000230-envelope-mafft-floor1e-07-resolution7"",""OG0000230-envelope-famsa-floor1e-07-resolution7""]"	"[""ed59365af7653bbb9df8be7bc884f0b32e70d19bf539011dd4102bfe4a379ba5-package-chain1"",""ed59365af7653bbb9df8be7bc884f0b32e70d19bf539011dd4102bfe4a379ba5-package-chain2"",""ed59365af7653bbb9df8be7bc884f0b32e70d19bf539011dd4102bfe4a379ba5-package-chain3"",""ed59365af7653bbb9df8be7bc884f0b32e70d19bf539011dd4102bfe4a379ba5-package-chain4""]"	[20262521, 20262522, 20262523, 20262524]	4	0	0	250	diagnostics_complete_requires_mixing_review	750	75	37	19	18	0	0	4	0	1	3	0	11132	325	0	4462	6670	0	305	20	0
ed59365af7653bbb9df8be7bc884f0b32e70d19bf539011dd4102bfe4a379ba5-package	ed59365af7653bbb9df8be7bc884f0b32e70d19bf539011dd4102bfe4a379ba5	package	OG0000230	24	"[""OG0000230-envelope-mafft-floor1e-07-resolution7"",""OG0000230-envelope-famsa-floor1e-07-resolution7""]"	"[""ed59365af7653bbb9df8be7bc884f0b32e70d19bf539011dd4102bfe4a379ba5-package-chain1"",""ed59365af7653bbb9df8be7bc884f0b32e70d19bf539011dd4102bfe4a379ba5-package-chain2"",""ed59365af7653bbb9df8be7bc884f0b32e70d19bf539011dd4102bfe4a379ba5-package-chain3"",""ed59365af7653bbb9df8be7bc884f0b32e70d19bf539011dd4102bfe4a379ba5-package-chain4""]"	[20262521, 20262522, 20262523, 20262524]	4	0	0	500	diagnostics_complete_requires_mixing_review	500	50	37	17	20	0	0	4	0	0	4	0	11132	308	0	4212	6920	0	288	20	0
ee43d9b73b1e7ae71724f2ecfb3bd89db80ddf4e0def00aa5359d698fa2a1c9d-broad	ee43d9b73b1e7ae71724f2ecfb3bd89db80ddf4e0def00aa5359d698fa2a1c9d	broad	OG0000230	24	"[""OG0000230-alignment-mafft-floor1e-07-resolution0"",""OG0000230-alignment-famsa-floor1e-07-resolution0""]"	"[""ee43d9b73b1e7ae71724f2ecfb3bd89db80ddf4e0def00aa5359d698fa2a1c9d-broad-chain1"",""ee43d9b73b1e7ae71724f2ecfb3bd89db80ddf4e0def00aa5359d698fa2a1c9d-broad-chain2"",""ee43d9b73b1e7ae71724f2ecfb3bd89db80ddf4e0def00aa5359d698fa2a1c9d-broad-chain3"",""ee43d9b73b1e7ae71724f2ecfb3bd89db80ddf4e0def00aa5359d698fa2a1c9d-broad-chain4""]"	[20262525, 20262526, 20262527, 20262528]	4	0	0	250	diagnostics_complete_requires_mixing_review	750	75	37	12	25	0	0	4	0	0	4	0	10924	521	0	5738	5186	0	501	20	0
ee43d9b73b1e7ae71724f2ecfb3bd89db80ddf4e0def00aa5359d698fa2a1c9d-broad	ee43d9b73b1e7ae71724f2ecfb3bd89db80ddf4e0def00aa5359d698fa2a1c9d	broad	OG0000230	24	"[""OG0000230-alignment-mafft-floor1e-07-resolution0"",""OG0000230-alignment-famsa-floor1e-07-resolution0""]"	"[""ee43d9b73b1e7ae71724f2ecfb3bd89db80ddf4e0def00aa5359d698fa2a1c9d-broad-chain1"",""ee43d9b73b1e7ae71724f2ecfb3bd89db80ddf4e0def00aa5359d698fa2a1c9d-broad-chain2"",""ee43d9b73b1e7ae71724f2ecfb3bd89db80ddf4e0def00aa5359d698fa2a1c9d-broad-chain3"",""ee43d9b73b1e7ae71724f2ecfb3bd89db80ddf4e0def00aa5359d698fa2a1c9d-broad-chain4""]"	[20262525, 20262526, 20262527, 20262528]	4	0	0	500	diagnostics_complete_requires_mixing_review	500	50	37	9	28	0	0	4	0	0	4	0	10924	453	0	5323	5601	0	433	20	0
ee43d9b73b1e7ae71724f2ecfb3bd89db80ddf4e0def00aa5359d698fa2a1c9d-centered	ee43d9b73b1e7ae71724f2ecfb3bd89db80ddf4e0def00aa5359d698fa2a1c9d	centered	OG0000230	24	"[""OG0000230-alignment-mafft-floor1e-07-resolution0"",""OG0000230-alignment-famsa-floor1e-07-resolution0""]"	"[""ee43d9b73b1e7ae71724f2ecfb3bd89db80ddf4e0def00aa5359d698fa2a1c9d-centered-chain1"",""ee43d9b73b1e7ae71724f2ecfb3bd89db80ddf4e0def00aa5359d698fa2a1c9d-centered-chain2"",""ee43d9b73b1e7ae71724f2ecfb3bd89db80ddf4e0def00aa5359d698fa2a1c9d-centered-chain3"",""ee43d9b73b1e7ae71724f2ecfb3bd89db80ddf4e0def00aa5359d698fa2a1c9d-centered-chain4""]"	[20262529, 20262530, 20262531, 20262532]	4	0	0	250	diagnostics_complete_requires_mixing_review	750	75	37	14	23	0	0	4	0	0	4	0	10924	427	0	5346	5578	0	407	20	0
ee43d9b73b1e7ae71724f2ecfb3bd89db80ddf4e0def00aa5359d698fa2a1c9d-centered	ee43d9b73b1e7ae71724f2ecfb3bd89db80ddf4e0def00aa5359d698fa2a1c9d	centered	OG0000230	24	"[""OG0000230-alignment-mafft-floor1e-07-resolution0"",""OG0000230-alignment-famsa-floor1e-07-resolution0""]"	"[""ee43d9b73b1e7ae71724f2ecfb3bd89db80ddf4e0def00aa5359d698fa2a1c9d-centered-chain1"",""ee43d9b73b1e7ae71724f2ecfb3bd89db80ddf4e0def00aa5359d698fa2a1c9d-centered-chain2"",""ee43d9b73b1e7ae71724f2ecfb3bd89db80ddf4e0def00aa5359d698fa2a1c9d-centered-chain3"",""ee43d9b73b1e7ae71724f2ecfb3bd89db80ddf4e0def00aa5359d698fa2a1c9d-centered-chain4""]"	[20262529, 20262530, 20262531, 20262532]	4	0	0	500	diagnostics_complete_requires_mixing_review	500	50	37	14	23	0	0	4	0	0	4	0	10924	378	0	4807	6117	0	358	20	0
ee43d9b73b1e7ae71724f2ecfb3bd89db80ddf4e0def00aa5359d698fa2a1c9d-package	ee43d9b73b1e7ae71724f2ecfb3bd89db80ddf4e0def00aa5359d698fa2a1c9d	package	OG0000230	24	"[""OG0000230-alignment-mafft-floor1e-07-resolution0"",""OG0000230-alignment-famsa-floor1e-07-resolution0""]"	"[""ee43d9b73b1e7ae71724f2ecfb3bd89db80ddf4e0def00aa5359d698fa2a1c9d-package-chain1"",""ee43d9b73b1e7ae71724f2ecfb3bd89db80ddf4e0def00aa5359d698fa2a1c9d-package-chain2"",""ee43d9b73b1e7ae71724f2ecfb3bd89db80ddf4e0def00aa5359d698fa2a1c9d-package-chain3"",""ee43d9b73b1e7ae71724f2ecfb3bd89db80ddf4e0def00aa5359d698fa2a1c9d-package-chain4""]"	[20262533, 20262534, 20262535, 20262536]	4	0	0	250	diagnostics_complete_requires_mixing_review	750	75	37	6	31	0	0	4	0	0	4	0	10924	439	0	5781	5143	0	419	20	0
ee43d9b73b1e7ae71724f2ecfb3bd89db80ddf4e0def00aa5359d698fa2a1c9d-package	ee43d9b73b1e7ae71724f2ecfb3bd89db80ddf4e0def00aa5359d698fa2a1c9d	package	OG0000230	24	"[""OG0000230-alignment-mafft-floor1e-07-resolution0"",""OG0000230-alignment-famsa-floor1e-07-resolution0""]"	"[""ee43d9b73b1e7ae71724f2ecfb3bd89db80ddf4e0def00aa5359d698fa2a1c9d-package-chain1"",""ee43d9b73b1e7ae71724f2ecfb3bd89db80ddf4e0def00aa5359d698fa2a1c9d-package-chain2"",""ee43d9b73b1e7ae71724f2ecfb3bd89db80ddf4e0def00aa5359d698fa2a1c9d-package-chain3"",""ee43d9b73b1e7ae71724f2ecfb3bd89db80ddf4e0def00aa5359d698fa2a1c9d-package-chain4""]"	[20262533, 20262534, 20262535, 20262536]	4	0	0	500	diagnostics_complete_requires_mixing_review	500	50	37	13	24	0	0	4	0	0	4	0	10924	408	0	5509	5415	0	388	20	0
ee7d3a20a71ab71c1db8f98cf07790c82a1d63276ef3f10dd110a8eb29f3ec80-broad	ee7d3a20a71ab71c1db8f98cf07790c82a1d63276ef3f10dd110a8eb29f3ec80	broad	OG0000230	24	"[""OG0000230-whole-mafft-floor1e-07-resolution1"",""OG0000230-whole-famsa-floor1e-07-resolution1""]"	"[""ee7d3a20a71ab71c1db8f98cf07790c82a1d63276ef3f10dd110a8eb29f3ec80-broad-chain1"",""ee7d3a20a71ab71c1db8f98cf07790c82a1d63276ef3f10dd110a8eb29f3ec80-broad-chain2"",""ee7d3a20a71ab71c1db8f98cf07790c82a1d63276ef3f10dd110a8eb29f3ec80-broad-chain3"",""ee7d3a20a71ab71c1db8f98cf07790c82a1d63276ef3f10dd110a8eb29f3ec80-broad-chain4""]"	[20262537, 20262538, 20262539, 20262540]	4	0	0	250	diagnostics_complete_requires_mixing_review	750	75	37	5	32	0	0	4	0	1	3	0	63296	2081	0	25232	38064	0	2060	21	0
ee7d3a20a71ab71c1db8f98cf07790c82a1d63276ef3f10dd110a8eb29f3ec80-broad	ee7d3a20a71ab71c1db8f98cf07790c82a1d63276ef3f10dd110a8eb29f3ec80	broad	OG0000230	24	"[""OG0000230-whole-mafft-floor1e-07-resolution1"",""OG0000230-whole-famsa-floor1e-07-resolution1""]"	"[""ee7d3a20a71ab71c1db8f98cf07790c82a1d63276ef3f10dd110a8eb29f3ec80-broad-chain1"",""ee7d3a20a71ab71c1db8f98cf07790c82a1d63276ef3f10dd110a8eb29f3ec80-broad-chain2"",""ee7d3a20a71ab71c1db8f98cf07790c82a1d63276ef3f10dd110a8eb29f3ec80-broad-chain3"",""ee7d3a20a71ab71c1db8f98cf07790c82a1d63276ef3f10dd110a8eb29f3ec80-broad-chain4""]"	[20262537, 20262538, 20262539, 20262540]	4	0	0	500	diagnostics_complete_requires_mixing_review	500	50	37	3	34	0	0	4	0	1	3	0	63296	1927	0	23968	39328	0	1906	21	0
ee7d3a20a71ab71c1db8f98cf07790c82a1d63276ef3f10dd110a8eb29f3ec80-centered	ee7d3a20a71ab71c1db8f98cf07790c82a1d63276ef3f10dd110a8eb29f3ec80	centered	OG0000230	24	"[""OG0000230-whole-mafft-floor1e-07-resolution1"",""OG0000230-whole-famsa-floor1e-07-resolution1""]"	"[""ee7d3a20a71ab71c1db8f98cf07790c82a1d63276ef3f10dd110a8eb29f3ec80-centered-chain1"",""ee7d3a20a71ab71c1db8f98cf07790c82a1d63276ef3f10dd110a8eb29f3ec80-centered-chain2"",""ee7d3a20a71ab71c1db8f98cf07790c82a1d63276ef3f10dd110a8eb29f3ec80-centered-chain3"",""ee7d3a20a71ab71c1db8f98cf07790c82a1d63276ef3f10dd110a8eb29f3ec80-centered-chain4""]"	[20262541, 20262542, 20262543, 20262544]	4	0	0	250	diagnostics_complete_requires_mixing_review	750	75	37	6	31	0	0	4	0	1	3	0	63296	2084	0	25922	37374	0	2063	21	0
ee7d3a20a71ab71c1db8f98cf07790c82a1d63276ef3f10dd110a8eb29f3ec80-centered	ee7d3a20a71ab71c1db8f98cf07790c82a1d63276ef3f10dd110a8eb29f3ec80	centered	OG0000230	24	"[""OG0000230-whole-mafft-floor1e-07-resolution1"",""OG0000230-whole-famsa-floor1e-07-resolution1""]"	"[""ee7d3a20a71ab71c1db8f98cf07790c82a1d63276ef3f10dd110a8eb29f3ec80-centered-chain1"",""ee7d3a20a71ab71c1db8f98cf07790c82a1d63276ef3f10dd110a8eb29f3ec80-centered-chain2"",""ee7d3a20a71ab71c1db8f98cf07790c82a1d63276ef3f10dd110a8eb29f3ec80-centered-chain3"",""ee7d3a20a71ab71c1db8f98cf07790c82a1d63276ef3f10dd110a8eb29f3ec80-centered-chain4""]"	[20262541, 20262542, 20262543, 20262544]	4	0	0	500	diagnostics_complete_requires_mixing_review	500	50	37	5	32	0	0	4	0	1	3	0	63296	1930	0	24241	39055	0	1909	21	0
ee7d3a20a71ab71c1db8f98cf07790c82a1d63276ef3f10dd110a8eb29f3ec80-package	ee7d3a20a71ab71c1db8f98cf07790c82a1d63276ef3f10dd110a8eb29f3ec80	package	OG0000230	24	"[""OG0000230-whole-mafft-floor1e-07-resolution1"",""OG0000230-whole-famsa-floor1e-07-resolution1""]"	"[""ee7d3a20a71ab71c1db8f98cf07790c82a1d63276ef3f10dd110a8eb29f3ec80-package-chain1"",""ee7d3a20a71ab71c1db8f98cf07790c82a1d63276ef3f10dd110a8eb29f3ec80-package-chain2"",""ee7d3a20a71ab71c1db8f98cf07790c82a1d63276ef3f10dd110a8eb29f3ec80-package-chain3"",""ee7d3a20a71ab71c1db8f98cf07790c82a1d63276ef3f10dd110a8eb29f3ec80-package-chain4""]"	[20262545, 20262546, 20262547, 20262548]	4	0	0	250	diagnostics_complete_requires_mixing_review	750	75	37	7	30	0	0	4	0	1	3	0	63296	2054	0	24647	38649	0	2033	21	0
ee7d3a20a71ab71c1db8f98cf07790c82a1d63276ef3f10dd110a8eb29f3ec80-package	ee7d3a20a71ab71c1db8f98cf07790c82a1d63276ef3f10dd110a8eb29f3ec80	package	OG0000230	24	"[""OG0000230-whole-mafft-floor1e-07-resolution1"",""OG0000230-whole-famsa-floor1e-07-resolution1""]"	"[""ee7d3a20a71ab71c1db8f98cf07790c82a1d63276ef3f10dd110a8eb29f3ec80-package-chain1"",""ee7d3a20a71ab71c1db8f98cf07790c82a1d63276ef3f10dd110a8eb29f3ec80-package-chain2"",""ee7d3a20a71ab71c1db8f98cf07790c82a1d63276ef3f10dd110a8eb29f3ec80-package-chain3"",""ee7d3a20a71ab71c1db8f98cf07790c82a1d63276ef3f10dd110a8eb29f3ec80-package-chain4""]"	[20262545, 20262546, 20262547, 20262548]	4	0	0	500	diagnostics_complete_requires_mixing_review	500	50	37	3	34	0	0	4	0	1	3	0	63296	1930	0	23427	39869	0	1909	21	0
eea36a0c4b9091dfe11d85825d87f9d2c17239ee3d39bdd739a6e4dc94b9f62a-broad	eea36a0c4b9091dfe11d85825d87f9d2c17239ee3d39bdd739a6e4dc94b9f62a	broad	OG0000107	9	"[""OG0000107-whole-mafft-floor1e-09-resolution0"",""OG0000107-whole-mafft-floor1e-07-resolution0"",""OG0000107-whole-famsa-floor1e-09-resolution0"",""OG0000107-whole-famsa-floor1e-07-resolution0""]"	"[""eea36a0c4b9091dfe11d85825d87f9d2c17239ee3d39bdd739a6e4dc94b9f62a-broad-chain1"",""eea36a0c4b9091dfe11d85825d87f9d2c17239ee3d39bdd739a6e4dc94b9f62a-broad-chain2"",""eea36a0c4b9091dfe11d85825d87f9d2c17239ee3d39bdd739a6e4dc94b9f62a-broad-chain3"",""eea36a0c4b9091dfe11d85825d87f9d2c17239ee3d39bdd739a6e4dc94b9f62a-broad-chain4""]"	[20262549, 20262550, 20262551, 20262552]	4	0	0	250	diagnostics_complete_requires_mixing_review	750	75	37	1	36	0	0	4	0	2	2	0	34460	3934	0	10445	24015	0	3913	21	0
eea36a0c4b9091dfe11d85825d87f9d2c17239ee3d39bdd739a6e4dc94b9f62a-broad	eea36a0c4b9091dfe11d85825d87f9d2c17239ee3d39bdd739a6e4dc94b9f62a	broad	OG0000107	9	"[""OG0000107-whole-mafft-floor1e-09-resolution0"",""OG0000107-whole-mafft-floor1e-07-resolution0"",""OG0000107-whole-famsa-floor1e-09-resolution0"",""OG0000107-whole-famsa-floor1e-07-resolution0""]"	"[""eea36a0c4b9091dfe11d85825d87f9d2c17239ee3d39bdd739a6e4dc94b9f62a-broad-chain1"",""eea36a0c4b9091dfe11d85825d87f9d2c17239ee3d39bdd739a6e4dc94b9f62a-broad-chain2"",""eea36a0c4b9091dfe11d85825d87f9d2c17239ee3d39bdd739a6e4dc94b9f62a-broad-chain3"",""eea36a0c4b9091dfe11d85825d87f9d2c17239ee3d39bdd739a6e4dc94b9f62a-broad-chain4""]"	[20262549, 20262550, 20262551, 20262552]	4	0	0	500	diagnostics_complete_requires_mixing_review	500	50	37	1	36	0	0	4	0	2	2	0	34460	3567	0	9651	24809	0	3546	21	0
eea36a0c4b9091dfe11d85825d87f9d2c17239ee3d39bdd739a6e4dc94b9f62a-centered	eea36a0c4b9091dfe11d85825d87f9d2c17239ee3d39bdd739a6e4dc94b9f62a	centered	OG0000107	9	"[""OG0000107-whole-mafft-floor1e-09-resolution0"",""OG0000107-whole-mafft-floor1e-07-resolution0"",""OG0000107-whole-famsa-floor1e-09-resolution0"",""OG0000107-whole-famsa-floor1e-07-resolution0""]"	"[""eea36a0c4b9091dfe11d85825d87f9d2c17239ee3d39bdd739a6e4dc94b9f62a-centered-chain1"",""eea36a0c4b9091dfe11d85825d87f9d2c17239ee3d39bdd739a6e4dc94b9f62a-centered-chain2"",""eea36a0c4b9091dfe11d85825d87f9d2c17239ee3d39bdd739a6e4dc94b9f62a-centered-chain3"",""eea36a0c4b9091dfe11d85825d87f9d2c17239ee3d39bdd739a6e4dc94b9f62a-centered-chain4""]"	[20262553, 20262554, 20262555, 20262556]	4	0	0	250	diagnostics_complete_requires_mixing_review	750	75	37	1	36	0	0	4	0	2	2	0	34460	3564	0	9908	24552	0	3543	21	0
eea36a0c4b9091dfe11d85825d87f9d2c17239ee3d39bdd739a6e4dc94b9f62a-centered	eea36a0c4b9091dfe11d85825d87f9d2c17239ee3d39bdd739a6e4dc94b9f62a	centered	OG0000107	9	"[""OG0000107-whole-mafft-floor1e-09-resolution0"",""OG0000107-whole-mafft-floor1e-07-resolution0"",""OG0000107-whole-famsa-floor1e-09-resolution0"",""OG0000107-whole-famsa-floor1e-07-resolution0""]"	"[""eea36a0c4b9091dfe11d85825d87f9d2c17239ee3d39bdd739a6e4dc94b9f62a-centered-chain1"",""eea36a0c4b9091dfe11d85825d87f9d2c17239ee3d39bdd739a6e4dc94b9f62a-centered-chain2"",""eea36a0c4b9091dfe11d85825d87f9d2c17239ee3d39bdd739a6e4dc94b9f62a-centered-chain3"",""eea36a0c4b9091dfe11d85825d87f9d2c17239ee3d39bdd739a6e4dc94b9f62a-centered-chain4""]"	[20262553, 20262554, 20262555, 20262556]	4	0	0	500	diagnostics_complete_requires_mixing_review	500	50	37	1	36	0	0	4	0	2	2	0	34460	3274	0	9381	25079	0	3253	21	0
eea36a0c4b9091dfe11d85825d87f9d2c17239ee3d39bdd739a6e4dc94b9f62a-package	eea36a0c4b9091dfe11d85825d87f9d2c17239ee3d39bdd739a6e4dc94b9f62a	package	OG0000107	9	"[""OG0000107-whole-mafft-floor1e-09-resolution0"",""OG0000107-whole-mafft-floor1e-07-resolution0"",""OG0000107-whole-famsa-floor1e-09-resolution0"",""OG0000107-whole-famsa-floor1e-07-resolution0""]"	"[""eea36a0c4b9091dfe11d85825d87f9d2c17239ee3d39bdd739a6e4dc94b9f62a-package-chain1"",""eea36a0c4b9091dfe11d85825d87f9d2c17239ee3d39bdd739a6e4dc94b9f62a-package-chain2"",""eea36a0c4b9091dfe11d85825d87f9d2c17239ee3d39bdd739a6e4dc94b9f62a-package-chain3"",""eea36a0c4b9091dfe11d85825d87f9d2c17239ee3d39bdd739a6e4dc94b9f62a-package-chain4""]"	[20262557, 20262558, 20262559, 20262560]	4	0	0	250	diagnostics_complete_requires_mixing_review	750	75	37	2	35	0	0	4	0	2	2	0	34460	3618	0	9964	24496	0	3597	21	0
eea36a0c4b9091dfe11d85825d87f9d2c17239ee3d39bdd739a6e4dc94b9f62a-package	eea36a0c4b9091dfe11d85825d87f9d2c17239ee3d39bdd739a6e4dc94b9f62a	package	OG0000107	9	"[""OG0000107-whole-mafft-floor1e-09-resolution0"",""OG0000107-whole-mafft-floor1e-07-resolution0"",""OG0000107-whole-famsa-floor1e-09-resolution0"",""OG0000107-whole-famsa-floor1e-07-resolution0""]"	"[""eea36a0c4b9091dfe11d85825d87f9d2c17239ee3d39bdd739a6e4dc94b9f62a-package-chain1"",""eea36a0c4b9091dfe11d85825d87f9d2c17239ee3d39bdd739a6e4dc94b9f62a-package-chain2"",""eea36a0c4b9091dfe11d85825d87f9d2c17239ee3d39bdd739a6e4dc94b9f62a-package-chain3"",""eea36a0c4b9091dfe11d85825d87f9d2c17239ee3d39bdd739a6e4dc94b9f62a-package-chain4""]"	[20262557, 20262558, 20262559, 20262560]	4	0	0	500	diagnostics_complete_requires_mixing_review	500	50	37	1	36	0	0	4	0	2	2	0	34460	3316	0	9248	25212	0	3295	21	0
f3eb1d38fbc4a146028eb9378ab6e28af8c4b12304655d865c7d7642e01c8582-broad	f3eb1d38fbc4a146028eb9378ab6e28af8c4b12304655d865c7d7642e01c8582	broad	OG0002650	19	"[""OG0002650-alignment-mafft-floor1e-09-resolution0"",""OG0002650-alignment-mafft-floor1e-07-resolution0"",""OG0002650-alignment-famsa-floor1e-09-resolution0"",""OG0002650-alignment-famsa-floor1e-07-resolution0""]"	"[""f3eb1d38fbc4a146028eb9378ab6e28af8c4b12304655d865c7d7642e01c8582-broad-chain1"",""f3eb1d38fbc4a146028eb9378ab6e28af8c4b12304655d865c7d7642e01c8582-broad-chain2"",""f3eb1d38fbc4a146028eb9378ab6e28af8c4b12304655d865c7d7642e01c8582-broad-chain3"",""f3eb1d38fbc4a146028eb9378ab6e28af8c4b12304655d865c7d7642e01c8582-broad-chain4""]"	[20262561, 20262562, 20262563, 20262564]	4	0	0	250	diagnostics_complete_requires_mixing_review	750	75	37	3	34	0	0	4	0	0	4	0	12712	645	0	5413	7299	0	624	21	0
f3eb1d38fbc4a146028eb9378ab6e28af8c4b12304655d865c7d7642e01c8582-broad	f3eb1d38fbc4a146028eb9378ab6e28af8c4b12304655d865c7d7642e01c8582	broad	OG0002650	19	"[""OG0002650-alignment-mafft-floor1e-09-resolution0"",""OG0002650-alignment-mafft-floor1e-07-resolution0"",""OG0002650-alignment-famsa-floor1e-09-resolution0"",""OG0002650-alignment-famsa-floor1e-07-resolution0""]"	"[""f3eb1d38fbc4a146028eb9378ab6e28af8c4b12304655d865c7d7642e01c8582-broad-chain1"",""f3eb1d38fbc4a146028eb9378ab6e28af8c4b12304655d865c7d7642e01c8582-broad-chain2"",""f3eb1d38fbc4a146028eb9378ab6e28af8c4b12304655d865c7d7642e01c8582-broad-chain3"",""f3eb1d38fbc4a146028eb9378ab6e28af8c4b12304655d865c7d7642e01c8582-broad-chain4""]"	[20262561, 20262562, 20262563, 20262564]	4	0	0	500	diagnostics_complete_requires_mixing_review	500	50	37	3	34	0	0	4	0	0	4	0	12712	540	0	4656	8056	0	519	21	0
f3eb1d38fbc4a146028eb9378ab6e28af8c4b12304655d865c7d7642e01c8582-centered	f3eb1d38fbc4a146028eb9378ab6e28af8c4b12304655d865c7d7642e01c8582	centered	OG0002650	19	"[""OG0002650-alignment-mafft-floor1e-09-resolution0"",""OG0002650-alignment-mafft-floor1e-07-resolution0"",""OG0002650-alignment-famsa-floor1e-09-resolution0"",""OG0002650-alignment-famsa-floor1e-07-resolution0""]"	"[""f3eb1d38fbc4a146028eb9378ab6e28af8c4b12304655d865c7d7642e01c8582-centered-chain1"",""f3eb1d38fbc4a146028eb9378ab6e28af8c4b12304655d865c7d7642e01c8582-centered-chain2"",""f3eb1d38fbc4a146028eb9378ab6e28af8c4b12304655d865c7d7642e01c8582-centered-chain3"",""f3eb1d38fbc4a146028eb9378ab6e28af8c4b12304655d865c7d7642e01c8582-centered-chain4""]"	[20262565, 20262566, 20262567, 20262568]	4	0	0	250	diagnostics_complete_requires_mixing_review	750	75	37	5	32	0	0	4	0	0	4	0	12712	567	0	5562	7150	0	546	21	0
f3eb1d38fbc4a146028eb9378ab6e28af8c4b12304655d865c7d7642e01c8582-centered	f3eb1d38fbc4a146028eb9378ab6e28af8c4b12304655d865c7d7642e01c8582	centered	OG0002650	19	"[""OG0002650-alignment-mafft-floor1e-09-resolution0"",""OG0002650-alignment-mafft-floor1e-07-resolution0"",""OG0002650-alignment-famsa-floor1e-09-resolution0"",""OG0002650-alignment-famsa-floor1e-07-resolution0""]"	"[""f3eb1d38fbc4a146028eb9378ab6e28af8c4b12304655d865c7d7642e01c8582-centered-chain1"",""f3eb1d38fbc4a146028eb9378ab6e28af8c4b12304655d865c7d7642e01c8582-centered-chain2"",""f3eb1d38fbc4a146028eb9378ab6e28af8c4b12304655d865c7d7642e01c8582-centered-chain3"",""f3eb1d38fbc4a146028eb9378ab6e28af8c4b12304655d865c7d7642e01c8582-centered-chain4""]"	[20262565, 20262566, 20262567, 20262568]	4	0	0	500	diagnostics_complete_requires_mixing_review	500	50	37	3	34	0	0	4	0	0	4	0	12712	508	0	5085	7627	0	487	21	0
f3eb1d38fbc4a146028eb9378ab6e28af8c4b12304655d865c7d7642e01c8582-package	f3eb1d38fbc4a146028eb9378ab6e28af8c4b12304655d865c7d7642e01c8582	package	OG0002650	19	"[""OG0002650-alignment-mafft-floor1e-09-resolution0"",""OG0002650-alignment-mafft-floor1e-07-resolution0"",""OG0002650-alignment-famsa-floor1e-09-resolution0"",""OG0002650-alignment-famsa-floor1e-07-resolution0""]"	"[""f3eb1d38fbc4a146028eb9378ab6e28af8c4b12304655d865c7d7642e01c8582-package-chain1"",""f3eb1d38fbc4a146028eb9378ab6e28af8c4b12304655d865c7d7642e01c8582-package-chain2"",""f3eb1d38fbc4a146028eb9378ab6e28af8c4b12304655d865c7d7642e01c8582-package-chain3"",""f3eb1d38fbc4a146028eb9378ab6e28af8c4b12304655d865c7d7642e01c8582-package-chain4""]"	[20262569, 20262570, 20262571, 20262572]	4	0	0	250	diagnostics_complete_requires_mixing_review	750	75	37	2	35	0	0	4	0	0	4	0	12712	604	0	5399	7313	0	583	21	0
f3eb1d38fbc4a146028eb9378ab6e28af8c4b12304655d865c7d7642e01c8582-package	f3eb1d38fbc4a146028eb9378ab6e28af8c4b12304655d865c7d7642e01c8582	package	OG0002650	19	"[""OG0002650-alignment-mafft-floor1e-09-resolution0"",""OG0002650-alignment-mafft-floor1e-07-resolution0"",""OG0002650-alignment-famsa-floor1e-09-resolution0"",""OG0002650-alignment-famsa-floor1e-07-resolution0""]"	"[""f3eb1d38fbc4a146028eb9378ab6e28af8c4b12304655d865c7d7642e01c8582-package-chain1"",""f3eb1d38fbc4a146028eb9378ab6e28af8c4b12304655d865c7d7642e01c8582-package-chain2"",""f3eb1d38fbc4a146028eb9378ab6e28af8c4b12304655d865c7d7642e01c8582-package-chain3"",""f3eb1d38fbc4a146028eb9378ab6e28af8c4b12304655d865c7d7642e01c8582-package-chain4""]"	[20262569, 20262570, 20262571, 20262572]	4	0	0	500	diagnostics_complete_requires_mixing_review	500	50	37	0	37	0	0	4	0	0	4	0	12712	537	0	4826	7886	0	516	21	0
f49fcdd62941a8feb53f4197fb40b12f6ddd70505ac8322997701b49986ddc39-broad	f49fcdd62941a8feb53f4197fb40b12f6ddd70505ac8322997701b49986ddc39	broad	OG0000294	9	"[""OG0000294-envelope-mafft-floor1e-09-resolution0"",""OG0000294-envelope-mafft-floor1e-07-resolution0"",""OG0000294-envelope-famsa-floor1e-09-resolution0"",""OG0000294-envelope-famsa-floor1e-07-resolution0""]"	"[""f49fcdd62941a8feb53f4197fb40b12f6ddd70505ac8322997701b49986ddc39-broad-chain1"",""f49fcdd62941a8feb53f4197fb40b12f6ddd70505ac8322997701b49986ddc39-broad-chain2"",""f49fcdd62941a8feb53f4197fb40b12f6ddd70505ac8322997701b49986ddc39-broad-chain3"",""f49fcdd62941a8feb53f4197fb40b12f6ddd70505ac8322997701b49986ddc39-broad-chain4""]"	[20262573, 20262574, 20262575, 20262576]	4	0	0	250	diagnostics_complete_requires_mixing_review	750	75	37	16	21	0	0	4	0	0	4	0	8348	68	0	369	7979	0	48	20	0
f49fcdd62941a8feb53f4197fb40b12f6ddd70505ac8322997701b49986ddc39-broad	f49fcdd62941a8feb53f4197fb40b12f6ddd70505ac8322997701b49986ddc39	broad	OG0000294	9	"[""OG0000294-envelope-mafft-floor1e-09-resolution0"",""OG0000294-envelope-mafft-floor1e-07-resolution0"",""OG0000294-envelope-famsa-floor1e-09-resolution0"",""OG0000294-envelope-famsa-floor1e-07-resolution0""]"	"[""f49fcdd62941a8feb53f4197fb40b12f6ddd70505ac8322997701b49986ddc39-broad-chain1"",""f49fcdd62941a8feb53f4197fb40b12f6ddd70505ac8322997701b49986ddc39-broad-chain2"",""f49fcdd62941a8feb53f4197fb40b12f6ddd70505ac8322997701b49986ddc39-broad-chain3"",""f49fcdd62941a8feb53f4197fb40b12f6ddd70505ac8322997701b49986ddc39-broad-chain4""]"	[20262573, 20262574, 20262575, 20262576]	4	0	0	500	diagnostics_complete_requires_mixing_review	500	50	37	5	32	0	0	4	0	0	4	0	8348	58	0	309	8039	0	38	20	0
f49fcdd62941a8feb53f4197fb40b12f6ddd70505ac8322997701b49986ddc39-centered	f49fcdd62941a8feb53f4197fb40b12f6ddd70505ac8322997701b49986ddc39	centered	OG0000294	9	"[""OG0000294-envelope-mafft-floor1e-09-resolution0"",""OG0000294-envelope-mafft-floor1e-07-resolution0"",""OG0000294-envelope-famsa-floor1e-09-resolution0"",""OG0000294-envelope-famsa-floor1e-07-resolution0""]"	"[""f49fcdd62941a8feb53f4197fb40b12f6ddd70505ac8322997701b49986ddc39-centered-chain1"",""f49fcdd62941a8feb53f4197fb40b12f6ddd70505ac8322997701b49986ddc39-centered-chain2"",""f49fcdd62941a8feb53f4197fb40b12f6ddd70505ac8322997701b49986ddc39-centered-chain3"",""f49fcdd62941a8feb53f4197fb40b12f6ddd70505ac8322997701b49986ddc39-centered-chain4""]"	[20262577, 20262578, 20262579, 20262580]	4	0	0	250	diagnostics_complete_requires_mixing_review	750	75	37	15	22	0	0	4	0	0	4	0	8348	66	0	349	7999	0	46	20	0
f49fcdd62941a8feb53f4197fb40b12f6ddd70505ac8322997701b49986ddc39-centered	f49fcdd62941a8feb53f4197fb40b12f6ddd70505ac8322997701b49986ddc39	centered	OG0000294	9	"[""OG0000294-envelope-mafft-floor1e-09-resolution0"",""OG0000294-envelope-mafft-floor1e-07-resolution0"",""OG0000294-envelope-famsa-floor1e-09-resolution0"",""OG0000294-envelope-famsa-floor1e-07-resolution0""]"	"[""f49fcdd62941a8feb53f4197fb40b12f6ddd70505ac8322997701b49986ddc39-centered-chain1"",""f49fcdd62941a8feb53f4197fb40b12f6ddd70505ac8322997701b49986ddc39-centered-chain2"",""f49fcdd62941a8feb53f4197fb40b12f6ddd70505ac8322997701b49986ddc39-centered-chain3"",""f49fcdd62941a8feb53f4197fb40b12f6ddd70505ac8322997701b49986ddc39-centered-chain4""]"	[20262577, 20262578, 20262579, 20262580]	4	0	0	500	diagnostics_complete_requires_mixing_review	500	50	37	6	31	0	0	4	0	0	4	0	8348	61	0	304	8044	0	41	20	0
f49fcdd62941a8feb53f4197fb40b12f6ddd70505ac8322997701b49986ddc39-package	f49fcdd62941a8feb53f4197fb40b12f6ddd70505ac8322997701b49986ddc39	package	OG0000294	9	"[""OG0000294-envelope-mafft-floor1e-09-resolution0"",""OG0000294-envelope-mafft-floor1e-07-resolution0"",""OG0000294-envelope-famsa-floor1e-09-resolution0"",""OG0000294-envelope-famsa-floor1e-07-resolution0""]"	"[""f49fcdd62941a8feb53f4197fb40b12f6ddd70505ac8322997701b49986ddc39-package-chain1"",""f49fcdd62941a8feb53f4197fb40b12f6ddd70505ac8322997701b49986ddc39-package-chain2"",""f49fcdd62941a8feb53f4197fb40b12f6ddd70505ac8322997701b49986ddc39-package-chain3"",""f49fcdd62941a8feb53f4197fb40b12f6ddd70505ac8322997701b49986ddc39-package-chain4""]"	[20262581, 20262582, 20262583, 20262584]	4	0	0	250	diagnostics_complete_requires_mixing_review	750	75	37	16	21	0	0	4	0	0	4	0	8348	73	0	405	7943	0	53	20	0
f49fcdd62941a8feb53f4197fb40b12f6ddd70505ac8322997701b49986ddc39-package	f49fcdd62941a8feb53f4197fb40b12f6ddd70505ac8322997701b49986ddc39	package	OG0000294	9	"[""OG0000294-envelope-mafft-floor1e-09-resolution0"",""OG0000294-envelope-mafft-floor1e-07-resolution0"",""OG0000294-envelope-famsa-floor1e-09-resolution0"",""OG0000294-envelope-famsa-floor1e-07-resolution0""]"	"[""f49fcdd62941a8feb53f4197fb40b12f6ddd70505ac8322997701b49986ddc39-package-chain1"",""f49fcdd62941a8feb53f4197fb40b12f6ddd70505ac8322997701b49986ddc39-package-chain2"",""f49fcdd62941a8feb53f4197fb40b12f6ddd70505ac8322997701b49986ddc39-package-chain3"",""f49fcdd62941a8feb53f4197fb40b12f6ddd70505ac8322997701b49986ddc39-package-chain4""]"	[20262581, 20262582, 20262583, 20262584]	4	0	0	500	diagnostics_complete_requires_mixing_review	500	50	37	5	32	0	0	4	0	0	4	0	8348	57	0	282	8066	0	37	20	0
f5f8fb07c7d692818de104aa35d0ef848f99b5b1737e4073b41e83506c76f65b-broad	f5f8fb07c7d692818de104aa35d0ef848f99b5b1737e4073b41e83506c76f65b	broad	OG0000152	6	"[""OG0000152-alignment-mafft-floor1e-09-resolution0"",""OG0000152-alignment-mafft-floor1e-07-resolution0"",""OG0000152-alignment-famsa-floor1e-09-resolution0"",""OG0000152-alignment-famsa-floor1e-07-resolution0""]"	"[""f5f8fb07c7d692818de104aa35d0ef848f99b5b1737e4073b41e83506c76f65b-broad-chain1"",""f5f8fb07c7d692818de104aa35d0ef848f99b5b1737e4073b41e83506c76f65b-broad-chain2"",""f5f8fb07c7d692818de104aa35d0ef848f99b5b1737e4073b41e83506c76f65b-broad-chain3"",""f5f8fb07c7d692818de104aa35d0ef848f99b5b1737e4073b41e83506c76f65b-broad-chain4""]"	[20262585, 20262586, 20262587, 20262588]	4	0	0	250	diagnostics_complete_requires_mixing_review	750	75	37	6	31	0	0	4	0	1	3	0	2916	266	0	1085	1831	0	246	20	0
f5f8fb07c7d692818de104aa35d0ef848f99b5b1737e4073b41e83506c76f65b-broad	f5f8fb07c7d692818de104aa35d0ef848f99b5b1737e4073b41e83506c76f65b	broad	OG0000152	6	"[""OG0000152-alignment-mafft-floor1e-09-resolution0"",""OG0000152-alignment-mafft-floor1e-07-resolution0"",""OG0000152-alignment-famsa-floor1e-09-resolution0"",""OG0000152-alignment-famsa-floor1e-07-resolution0""]"	"[""f5f8fb07c7d692818de104aa35d0ef848f99b5b1737e4073b41e83506c76f65b-broad-chain1"",""f5f8fb07c7d692818de104aa35d0ef848f99b5b1737e4073b41e83506c76f65b-broad-chain2"",""f5f8fb07c7d692818de104aa35d0ef848f99b5b1737e4073b41e83506c76f65b-broad-chain3"",""f5f8fb07c7d692818de104aa35d0ef848f99b5b1737e4073b41e83506c76f65b-broad-chain4""]"	[20262585, 20262586, 20262587, 20262588]	4	0	0	500	diagnostics_complete_requires_mixing_review	500	50	37	4	33	0	0	4	0	1	3	0	2916	242	0	1006	1910	0	222	20	0
f5f8fb07c7d692818de104aa35d0ef848f99b5b1737e4073b41e83506c76f65b-centered	f5f8fb07c7d692818de104aa35d0ef848f99b5b1737e4073b41e83506c76f65b	centered	OG0000152	6	"[""OG0000152-alignment-mafft-floor1e-09-resolution0"",""OG0000152-alignment-mafft-floor1e-07-resolution0"",""OG0000152-alignment-famsa-floor1e-09-resolution0"",""OG0000152-alignment-famsa-floor1e-07-resolution0""]"	"[""f5f8fb07c7d692818de104aa35d0ef848f99b5b1737e4073b41e83506c76f65b-centered-chain1"",""f5f8fb07c7d692818de104aa35d0ef848f99b5b1737e4073b41e83506c76f65b-centered-chain2"",""f5f8fb07c7d692818de104aa35d0ef848f99b5b1737e4073b41e83506c76f65b-centered-chain3"",""f5f8fb07c7d692818de104aa35d0ef848f99b5b1737e4073b41e83506c76f65b-centered-chain4""]"	[20262589, 20262590, 20262591, 20262592]	4	0	0	250	diagnostics_complete_requires_mixing_review	750	75	37	2	35	0	0	4	0	1	3	0	2916	310	0	1264	1652	0	290	20	0
f5f8fb07c7d692818de104aa35d0ef848f99b5b1737e4073b41e83506c76f65b-centered	f5f8fb07c7d692818de104aa35d0ef848f99b5b1737e4073b41e83506c76f65b	centered	OG0000152	6	"[""OG0000152-alignment-mafft-floor1e-09-resolution0"",""OG0000152-alignment-mafft-floor1e-07-resolution0"",""OG0000152-alignment-famsa-floor1e-09-resolution0"",""OG0000152-alignment-famsa-floor1e-07-resolution0""]"	"[""f5f8fb07c7d692818de104aa35d0ef848f99b5b1737e4073b41e83506c76f65b-centered-chain1"",""f5f8fb07c7d692818de104aa35d0ef848f99b5b1737e4073b41e83506c76f65b-centered-chain2"",""f5f8fb07c7d692818de104aa35d0ef848f99b5b1737e4073b41e83506c76f65b-centered-chain3"",""f5f8fb07c7d692818de104aa35d0ef848f99b5b1737e4073b41e83506c76f65b-centered-chain4""]"	[20262589, 20262590, 20262591, 20262592]	4	0	0	500	diagnostics_complete_requires_mixing_review	500	50	37	1	36	0	0	4	0	1	3	0	2916	281	0	1225	1691	0	261	20	0
f5f8fb07c7d692818de104aa35d0ef848f99b5b1737e4073b41e83506c76f65b-package	f5f8fb07c7d692818de104aa35d0ef848f99b5b1737e4073b41e83506c76f65b	package	OG0000152	6	"[""OG0000152-alignment-mafft-floor1e-09-resolution0"",""OG0000152-alignment-mafft-floor1e-07-resolution0"",""OG0000152-alignment-famsa-floor1e-09-resolution0"",""OG0000152-alignment-famsa-floor1e-07-resolution0""]"	"[""f5f8fb07c7d692818de104aa35d0ef848f99b5b1737e4073b41e83506c76f65b-package-chain1"",""f5f8fb07c7d692818de104aa35d0ef848f99b5b1737e4073b41e83506c76f65b-package-chain2"",""f5f8fb07c7d692818de104aa35d0ef848f99b5b1737e4073b41e83506c76f65b-package-chain3"",""f5f8fb07c7d692818de104aa35d0ef848f99b5b1737e4073b41e83506c76f65b-package-chain4""]"	[20262593, 20262594, 20262595, 20262596]	4	0	0	250	diagnostics_complete_requires_mixing_review	750	75	37	7	30	0	0	4	0	2	2	0	2916	256	0	1127	1789	0	236	20	0
f5f8fb07c7d692818de104aa35d0ef848f99b5b1737e4073b41e83506c76f65b-package	f5f8fb07c7d692818de104aa35d0ef848f99b5b1737e4073b41e83506c76f65b	package	OG0000152	6	"[""OG0000152-alignment-mafft-floor1e-09-resolution0"",""OG0000152-alignment-mafft-floor1e-07-resolution0"",""OG0000152-alignment-famsa-floor1e-09-resolution0"",""OG0000152-alignment-famsa-floor1e-07-resolution0""]"	"[""f5f8fb07c7d692818de104aa35d0ef848f99b5b1737e4073b41e83506c76f65b-package-chain1"",""f5f8fb07c7d692818de104aa35d0ef848f99b5b1737e4073b41e83506c76f65b-package-chain2"",""f5f8fb07c7d692818de104aa35d0ef848f99b5b1737e4073b41e83506c76f65b-package-chain3"",""f5f8fb07c7d692818de104aa35d0ef848f99b5b1737e4073b41e83506c76f65b-package-chain4""]"	[20262593, 20262594, 20262595, 20262596]	4	0	0	500	diagnostics_complete_requires_mixing_review	500	50	37	6	31	0	0	4	0	2	2	0	2916	245	0	1069	1847	0	225	20	0
f9afda0ec2543df1e855aaf3048fa302b415440ce828b14ec71d8e686cb6b0f0-broad	f9afda0ec2543df1e855aaf3048fa302b415440ce828b14ec71d8e686cb6b0f0	broad	OG0000972	622	"[""OG0000972-whole-mafft-floor1e-09-resolution0"",""OG0000972-whole-famsa-floor1e-09-resolution0""]"	"[""f9afda0ec2543df1e855aaf3048fa302b415440ce828b14ec71d8e686cb6b0f0-broad-chain1"",""f9afda0ec2543df1e855aaf3048fa302b415440ce828b14ec71d8e686cb6b0f0-broad-chain2"",""f9afda0ec2543df1e855aaf3048fa302b415440ce828b14ec71d8e686cb6b0f0-broad-chain3"",""f9afda0ec2543df1e855aaf3048fa302b415440ce828b14ec71d8e686cb6b0f0-broad-chain4""]"	[20262597, 20262598, 20262599, 20262600]	4	0	0	250	diagnostics_complete_requires_mixing_review	750	75	37	0	37	0	0	4	0	3	1	0	1139968	59575	0	681287	458681	0	59554	21	0
f9afda0ec2543df1e855aaf3048fa302b415440ce828b14ec71d8e686cb6b0f0-broad	f9afda0ec2543df1e855aaf3048fa302b415440ce828b14ec71d8e686cb6b0f0	broad	OG0000972	622	"[""OG0000972-whole-mafft-floor1e-09-resolution0"",""OG0000972-whole-famsa-floor1e-09-resolution0""]"	"[""f9afda0ec2543df1e855aaf3048fa302b415440ce828b14ec71d8e686cb6b0f0-broad-chain1"",""f9afda0ec2543df1e855aaf3048fa302b415440ce828b14ec71d8e686cb6b0f0-broad-chain2"",""f9afda0ec2543df1e855aaf3048fa302b415440ce828b14ec71d8e686cb6b0f0-broad-chain3"",""f9afda0ec2543df1e855aaf3048fa302b415440ce828b14ec71d8e686cb6b0f0-broad-chain4""]"	[20262597, 20262598, 20262599, 20262600]	4	0	0	500	diagnostics_complete_requires_mixing_review	500	50	37	1	36	0	0	4	0	2	2	0	1139968	54141	0	655848	484120	0	54120	21	0
f9afda0ec2543df1e855aaf3048fa302b415440ce828b14ec71d8e686cb6b0f0-centered	f9afda0ec2543df1e855aaf3048fa302b415440ce828b14ec71d8e686cb6b0f0	centered	OG0000972	622	"[""OG0000972-whole-mafft-floor1e-09-resolution0"",""OG0000972-whole-famsa-floor1e-09-resolution0""]"	"[""f9afda0ec2543df1e855aaf3048fa302b415440ce828b14ec71d8e686cb6b0f0-centered-chain1"",""f9afda0ec2543df1e855aaf3048fa302b415440ce828b14ec71d8e686cb6b0f0-centered-chain2"",""f9afda0ec2543df1e855aaf3048fa302b415440ce828b14ec71d8e686cb6b0f0-centered-chain3"",""f9afda0ec2543df1e855aaf3048fa302b415440ce828b14ec71d8e686cb6b0f0-centered-chain4""]"	[20262601, 20262602, 20262603, 20262604]	4	0	1	250	diagnostics_complete_requires_mixing_review	750	75	37	0	37	0	0	4	0	3	1	0	1139968	54224	0	686170	453798	0	54203	21	0
f9afda0ec2543df1e855aaf3048fa302b415440ce828b14ec71d8e686cb6b0f0-centered	f9afda0ec2543df1e855aaf3048fa302b415440ce828b14ec71d8e686cb6b0f0	centered	OG0000972	622	"[""OG0000972-whole-mafft-floor1e-09-resolution0"",""OG0000972-whole-famsa-floor1e-09-resolution0""]"	"[""f9afda0ec2543df1e855aaf3048fa302b415440ce828b14ec71d8e686cb6b0f0-centered-chain1"",""f9afda0ec2543df1e855aaf3048fa302b415440ce828b14ec71d8e686cb6b0f0-centered-chain2"",""f9afda0ec2543df1e855aaf3048fa302b415440ce828b14ec71d8e686cb6b0f0-centered-chain3"",""f9afda0ec2543df1e855aaf3048fa302b415440ce828b14ec71d8e686cb6b0f0-centered-chain4""]"	[20262601, 20262602, 20262603, 20262604]	4	0	1	500	diagnostics_complete_requires_mixing_review	500	50	37	0	37	0	0	4	0	3	1	0	1139968	49034	0	645585	494383	0	49013	21	0
f9afda0ec2543df1e855aaf3048fa302b415440ce828b14ec71d8e686cb6b0f0-package	f9afda0ec2543df1e855aaf3048fa302b415440ce828b14ec71d8e686cb6b0f0	package	OG0000972	622	"[""OG0000972-whole-mafft-floor1e-09-resolution0"",""OG0000972-whole-famsa-floor1e-09-resolution0""]"	"[""f9afda0ec2543df1e855aaf3048fa302b415440ce828b14ec71d8e686cb6b0f0-package-chain1"",""f9afda0ec2543df1e855aaf3048fa302b415440ce828b14ec71d8e686cb6b0f0-package-chain2"",""f9afda0ec2543df1e855aaf3048fa302b415440ce828b14ec71d8e686cb6b0f0-package-chain3"",""f9afda0ec2543df1e855aaf3048fa302b415440ce828b14ec71d8e686cb6b0f0-package-chain4""]"	[20262605, 20262606, 20262607, 20262608]	4	0	0	250	diagnostics_complete_requires_mixing_review	750	75	37	0	37	0	0	4	0	3	1	0	1139968	55800	0	666901	473067	0	55779	21	0
f9afda0ec2543df1e855aaf3048fa302b415440ce828b14ec71d8e686cb6b0f0-package	f9afda0ec2543df1e855aaf3048fa302b415440ce828b14ec71d8e686cb6b0f0	package	OG0000972	622	"[""OG0000972-whole-mafft-floor1e-09-resolution0"",""OG0000972-whole-famsa-floor1e-09-resolution0""]"	"[""f9afda0ec2543df1e855aaf3048fa302b415440ce828b14ec71d8e686cb6b0f0-package-chain1"",""f9afda0ec2543df1e855aaf3048fa302b415440ce828b14ec71d8e686cb6b0f0-package-chain2"",""f9afda0ec2543df1e855aaf3048fa302b415440ce828b14ec71d8e686cb6b0f0-package-chain3"",""f9afda0ec2543df1e855aaf3048fa302b415440ce828b14ec71d8e686cb6b0f0-package-chain4""]"	[20262605, 20262606, 20262607, 20262608]	4	0	0	500	diagnostics_complete_requires_mixing_review	500	50	37	1	36	0	0	4	0	3	1	0	1139968	51106	0	636608	503360	0	51085	21	0
fe6763778119c9da3420be2ef2d5292162e41577b71493c0c9a80f874673a98d-broad	fe6763778119c9da3420be2ef2d5292162e41577b71493c0c9a80f874673a98d	broad	OG0000230	24	"[""OG0000230-alignment-mafft-floor1e-09-resolution2"",""OG0000230-alignment-famsa-floor1e-09-resolution2""]"	"[""fe6763778119c9da3420be2ef2d5292162e41577b71493c0c9a80f874673a98d-broad-chain1"",""fe6763778119c9da3420be2ef2d5292162e41577b71493c0c9a80f874673a98d-broad-chain2"",""fe6763778119c9da3420be2ef2d5292162e41577b71493c0c9a80f874673a98d-broad-chain3"",""fe6763778119c9da3420be2ef2d5292162e41577b71493c0c9a80f874673a98d-broad-chain4""]"	[20262609, 20262610, 20262611, 20262612]	4	0	0	250	diagnostics_complete_requires_mixing_review	750	75	37	5	32	0	0	4	0	0	4	0	10924	448	0	5779	5145	0	428	20	0
fe6763778119c9da3420be2ef2d5292162e41577b71493c0c9a80f874673a98d-broad	fe6763778119c9da3420be2ef2d5292162e41577b71493c0c9a80f874673a98d	broad	OG0000230	24	"[""OG0000230-alignment-mafft-floor1e-09-resolution2"",""OG0000230-alignment-famsa-floor1e-09-resolution2""]"	"[""fe6763778119c9da3420be2ef2d5292162e41577b71493c0c9a80f874673a98d-broad-chain1"",""fe6763778119c9da3420be2ef2d5292162e41577b71493c0c9a80f874673a98d-broad-chain2"",""fe6763778119c9da3420be2ef2d5292162e41577b71493c0c9a80f874673a98d-broad-chain3"",""fe6763778119c9da3420be2ef2d5292162e41577b71493c0c9a80f874673a98d-broad-chain4""]"	[20262609, 20262610, 20262611, 20262612]	4	0	0	500	diagnostics_complete_requires_mixing_review	500	50	37	4	33	0	0	4	0	0	4	0	10924	375	0	5125	5799	0	355	20	0
fe6763778119c9da3420be2ef2d5292162e41577b71493c0c9a80f874673a98d-centered	fe6763778119c9da3420be2ef2d5292162e41577b71493c0c9a80f874673a98d	centered	OG0000230	24	"[""OG0000230-alignment-mafft-floor1e-09-resolution2"",""OG0000230-alignment-famsa-floor1e-09-resolution2""]"	"[""fe6763778119c9da3420be2ef2d5292162e41577b71493c0c9a80f874673a98d-centered-chain1"",""fe6763778119c9da3420be2ef2d5292162e41577b71493c0c9a80f874673a98d-centered-chain2"",""fe6763778119c9da3420be2ef2d5292162e41577b71493c0c9a80f874673a98d-centered-chain3"",""fe6763778119c9da3420be2ef2d5292162e41577b71493c0c9a80f874673a98d-centered-chain4""]"	[20262613, 20262614, 20262615, 20262616]	4	0	0	250	diagnostics_complete_requires_mixing_review	750	75	37	5	32	0	0	4	0	0	4	0	10924	503	0	6105	4819	0	483	20	0
fe6763778119c9da3420be2ef2d5292162e41577b71493c0c9a80f874673a98d-centered	fe6763778119c9da3420be2ef2d5292162e41577b71493c0c9a80f874673a98d	centered	OG0000230	24	"[""OG0000230-alignment-mafft-floor1e-09-resolution2"",""OG0000230-alignment-famsa-floor1e-09-resolution2""]"	"[""fe6763778119c9da3420be2ef2d5292162e41577b71493c0c9a80f874673a98d-centered-chain1"",""fe6763778119c9da3420be2ef2d5292162e41577b71493c0c9a80f874673a98d-centered-chain2"",""fe6763778119c9da3420be2ef2d5292162e41577b71493c0c9a80f874673a98d-centered-chain3"",""fe6763778119c9da3420be2ef2d5292162e41577b71493c0c9a80f874673a98d-centered-chain4""]"	[20262613, 20262614, 20262615, 20262616]	4	0	0	500	diagnostics_complete_requires_mixing_review	500	50	37	5	32	0	0	4	0	0	4	0	10924	460	0	5787	5137	0	440	20	0
fe6763778119c9da3420be2ef2d5292162e41577b71493c0c9a80f874673a98d-package	fe6763778119c9da3420be2ef2d5292162e41577b71493c0c9a80f874673a98d	package	OG0000230	24	"[""OG0000230-alignment-mafft-floor1e-09-resolution2"",""OG0000230-alignment-famsa-floor1e-09-resolution2""]"	"[""fe6763778119c9da3420be2ef2d5292162e41577b71493c0c9a80f874673a98d-package-chain1"",""fe6763778119c9da3420be2ef2d5292162e41577b71493c0c9a80f874673a98d-package-chain2"",""fe6763778119c9da3420be2ef2d5292162e41577b71493c0c9a80f874673a98d-package-chain3"",""fe6763778119c9da3420be2ef2d5292162e41577b71493c0c9a80f874673a98d-package-chain4""]"	[20262617, 20262618, 20262619, 20262620]	4	0	0	250	diagnostics_complete_requires_mixing_review	750	75	37	12	25	0	0	4	0	0	4	0	10924	404	0	5205	5719	0	384	20	0
fe6763778119c9da3420be2ef2d5292162e41577b71493c0c9a80f874673a98d-package	fe6763778119c9da3420be2ef2d5292162e41577b71493c0c9a80f874673a98d	package	OG0000230	24	"[""OG0000230-alignment-mafft-floor1e-09-resolution2"",""OG0000230-alignment-famsa-floor1e-09-resolution2""]"	"[""fe6763778119c9da3420be2ef2d5292162e41577b71493c0c9a80f874673a98d-package-chain1"",""fe6763778119c9da3420be2ef2d5292162e41577b71493c0c9a80f874673a98d-package-chain2"",""fe6763778119c9da3420be2ef2d5292162e41577b71493c0c9a80f874673a98d-package-chain3"",""fe6763778119c9da3420be2ef2d5292162e41577b71493c0c9a80f874673a98d-package-chain4""]"	[20262617, 20262618, 20262619, 20262620]	4	0	0	500	diagnostics_complete_requires_mixing_review	500	50	37	17	20	0	0	4	0	0	4	0	10924	353	0	4807	6117	0	333	20	0
