scalar_v6_sampler_qualifications 1 /1620 00b9b6eba0393f9cb0a750d2c36c6e3668218771fa9e056864fac67cc8d73259-package-scalar-cjson-v6-chain1 unsuccessful_sampler_qualification_attempt_retained
scalar_v6_sampler_qualifications 2 /1620 00b9b6eba0393f9cb0a750d2c36c6e3668218771fa9e056864fac67cc8d73259-broad-scalar-cjson-v6-chain1 invalid_joint_sampler_qualification_output_retained
scalar_v6_sampler_qualifications 3 /1620 00b9b6eba0393f9cb0a750d2c36c6e3668218771fa9e056864fac67cc8d73259-centered-scalar-cjson-v6-chain1 explicit_nonfinite_or_literal_null_scalar_output_retained_for_review
scalar_v6_sampler_qualifications 4 /1620 00b9b6eba0393f9cb0a750d2c36c6e3668218771fa9e056864fac67cc8d73259-broad-scalar-cjson-v6-chain4 full_joint_short_sampler_output_integrity_checked_not_posterior
scalar_v6_sampler_qualifications 5 /1620 00b9b6eba0393f9cb0a750d2c36c6e3668218771fa9e056864fac67cc8d73259-broad-scalar-cjson-v6-chain3 full_joint_short_sampler_output_integrity_checked_not_posterior
scalar_v6_sampler_qualifications 6 /1620 00b9b6eba0393f9cb0a750d2c36c6e3668218771fa9e056864fac67cc8d73259-centered-scalar-cjson-v6-chain4 full_joint_short_sampler_output_integrity_checked_not_posterior
scalar_v6_sampler_qualifications 7 /1620 00b9b6eba0393f9cb0a750d2c36c6e3668218771fa9e056864fac67cc8d73259-package-scalar-cjson-v6-chain4 full_joint_short_sampler_output_integrity_checked_not_posterior
scalar_v6_sampler_qualifications 8 /1620 00b9b6eba0393f9cb0a750d2c36c6e3668218771fa9e056864fac67cc8d73259-package-scalar-cjson-v6-chain3 full_joint_short_sampler_output_integrity_checked_not_posterior
scalar_v6_sampler_qualifications 9 /1620 00b9b6eba0393f9cb0a750d2c36c6e3668218771fa9e056864fac67cc8d73259-broad-scalar-cjson-v6-chain2 full_joint_short_sampler_output_integrity_checked_not_posterior
scalar_v6_sampler_qualifications 10 /1620 00b9b6eba0393f9cb0a750d2c36c6e3668218771fa9e056864fac67cc8d73259-centered-scalar-cjson-v6-chain2 full_joint_short_sampler_output_integrity_checked_not_posterior
scalar_v6_sampler_qualifications 11 /1620 00dd3ee668f2513cae7e61de1e8c360e66cf58bb6dd3a66751d8e1cd82dcca3b-broad-scalar-cjson-v6-chain1 full_joint_short_sampler_output_integrity_checked_not_posterior
scalar_v6_sampler_qualifications 12 /1620 00b9b6eba0393f9cb0a750d2c36c6e3668218771fa9e056864fac67cc8d73259-centered-scalar-cjson-v6-chain3 full_joint_short_sampler_output_integrity_checked_not_posterior
scalar_v6_sampler_qualifications 13 /1620 00b9b6eba0393f9cb0a750d2c36c6e3668218771fa9e056864fac67cc8d73259-package-scalar-cjson-v6-chain2 full_joint_short_sampler_output_integrity_checked_not_posterior
scalar_v6_sampler_qualifications 14 /1620 00dd3ee668f2513cae7e61de1e8c360e66cf58bb6dd3a66751d8e1cd82dcca3b-broad-scalar-cjson-v6-chain2 full_joint_short_sampler_output_integrity_checked_not_posterior
scalar_v6_sampler_qualifications 15 /1620 00dd3ee668f2513cae7e61de1e8c360e66cf58bb6dd3a66751d8e1cd82dcca3b-broad-scalar-cjson-v6-chain3 full_joint_short_sampler_output_integrity_checked_not_posterior
scalar_v6_sampler_qualifications 16 /1620 00dd3ee668f2513cae7e61de1e8c360e66cf58bb6dd3a66751d8e1cd82dcca3b-broad-scalar-cjson-v6-chain4 full_joint_short_sampler_output_integrity_checked_not_posterior
scalar_v6_sampler_qualifications 17 /1620 00dd3ee668f2513cae7e61de1e8c360e66cf58bb6dd3a66751d8e1cd82dcca3b-centered-scalar-cjson-v6-chain1 full_joint_short_sampler_output_integrity_checked_not_posterior
scalar_v6_sampler_qualifications 18 /1620 00dd3ee668f2513cae7e61de1e8c360e66cf58bb6dd3a66751d8e1cd82dcca3b-centered-scalar-cjson-v6-chain3 full_joint_short_sampler_output_integrity_checked_not_posterior
scalar_v6_sampler_qualifications 19 /1620 00dd3ee668f2513cae7e61de1e8c360e66cf58bb6dd3a66751d8e1cd82dcca3b-centered-scalar-cjson-v6-chain4 full_joint_short_sampler_output_integrity_checked_not_posterior
scalar_v6_sampler_qualifications 20 /1620 00dd3ee668f2513cae7e61de1e8c360e66cf58bb6dd3a66751d8e1cd82dcca3b-centered-scalar-cjson-v6-chain2 full_joint_short_sampler_output_integrity_checked_not_posterior
scalar_v6_sampler_qualifications 21 /1620 00dd3ee668f2513cae7e61de1e8c360e66cf58bb6dd3a66751d8e1cd82dcca3b-package-scalar-cjson-v6-chain1 full_joint_short_sampler_output_integrity_checked_not_posterior
scalar_v6_sampler_qualifications 22 /1620 00dd3ee668f2513cae7e61de1e8c360e66cf58bb6dd3a66751d8e1cd82dcca3b-package-scalar-cjson-v6-chain2 full_joint_short_sampler_output_integrity_checked_not_posterior
scalar_v6_sampler_qualifications 23 /1620 00dd3ee668f2513cae7e61de1e8c360e66cf58bb6dd3a66751d8e1cd82dcca3b-package-scalar-cjson-v6-chain3 full_joint_short_sampler_output_integrity_checked_not_posterior
scalar_v6_sampler_qualifications 24 /1620 0164982d073e0b1f16d3d0714e9ce74f91fee5bd77bf4a3dae016e0042eed169-broad-scalar-cjson-v6-chain1 full_joint_short_sampler_output_integrity_checked_not_posterior
scalar_v6_sampler_qualifications 25 /1620 0164982d073e0b1f16d3d0714e9ce74f91fee5bd77bf4a3dae016e0042eed169-broad-scalar-cjson-v6-chain3 full_joint_short_sampler_output_integrity_checked_not_posterior
scalar_v6_sampler_qualifications 26 /1620 0164982d073e0b1f16d3d0714e9ce74f91fee5bd77bf4a3dae016e0042eed169-broad-scalar-cjson-v6-chain2 full_joint_short_sampler_output_integrity_checked_not_posterior
scalar_v6_sampler_qualifications 27 /1620 00dd3ee668f2513cae7e61de1e8c360e66cf58bb6dd3a66751d8e1cd82dcca3b-package-scalar-cjson-v6-chain4 full_joint_short_sampler_output_integrity_checked_not_posterior
scalar_v6_sampler_qualifications 28 /1620 0164982d073e0b1f16d3d0714e9ce74f91fee5bd77bf4a3dae016e0042eed169-broad-scalar-cjson-v6-chain4 full_joint_short_sampler_output_integrity_checked_not_posterior
scalar_v6_sampler_qualifications 29 /1620 0164982d073e0b1f16d3d0714e9ce74f91fee5bd77bf4a3dae016e0042eed169-centered-scalar-cjson-v6-chain3 full_joint_short_sampler_output_integrity_checked_not_posterior
scalar_v6_sampler_qualifications 30 /1620 0164982d073e0b1f16d3d0714e9ce74f91fee5bd77bf4a3dae016e0042eed169-centered-scalar-cjson-v6-chain1 full_joint_short_sampler_output_integrity_checked_not_posterior
scalar_v6_sampler_qualifications 31 /1620 0164982d073e0b1f16d3d0714e9ce74f91fee5bd77bf4a3dae016e0042eed169-centered-scalar-cjson-v6-chain2 full_joint_short_sampler_output_integrity_checked_not_posterior
scalar_v6_sampler_qualifications 32 /1620 03f1009c425013648352c21428c9f1e6e18ca32c8dec24ef5886cb73f43548f0-broad-scalar-cjson-v6-chain2 full_joint_short_sampler_output_integrity_checked_not_posterior
scalar_v6_sampler_qualifications 33 /1620 03f1009c425013648352c21428c9f1e6e18ca32c8dec24ef5886cb73f43548f0-centered-scalar-cjson-v6-chain1 full_joint_short_sampler_output_integrity_checked_not_posterior
scalar_v6_sampler_qualifications 34 /1620 0164982d073e0b1f16d3d0714e9ce74f91fee5bd77bf4a3dae016e0042eed169-package-scalar-cjson-v6-chain1 full_joint_short_sampler_output_integrity_checked_not_posterior
scalar_v6_sampler_qualifications 35 /1620 0164982d073e0b1f16d3d0714e9ce74f91fee5bd77bf4a3dae016e0042eed169-centered-scalar-cjson-v6-chain4 full_joint_short_sampler_output_integrity_checked_not_posterior
scalar_v6_sampler_qualifications 36 /1620 0164982d073e0b1f16d3d0714e9ce74f91fee5bd77bf4a3dae016e0042eed169-package-scalar-cjson-v6-chain2 full_joint_short_sampler_output_integrity_checked_not_posterior
scalar_v6_sampler_qualifications 37 /1620 03f1009c425013648352c21428c9f1e6e18ca32c8dec24ef5886cb73f43548f0-broad-scalar-cjson-v6-chain1 full_joint_short_sampler_output_integrity_checked_not_posterior
scalar_v6_sampler_qualifications 38 /1620 0164982d073e0b1f16d3d0714e9ce74f91fee5bd77bf4a3dae016e0042eed169-package-scalar-cjson-v6-chain4 full_joint_short_sampler_output_integrity_checked_not_posterior
scalar_v6_sampler_qualifications 39 /1620 03f1009c425013648352c21428c9f1e6e18ca32c8dec24ef5886cb73f43548f0-broad-scalar-cjson-v6-chain3 full_joint_short_sampler_output_integrity_checked_not_posterior
scalar_v6_sampler_qualifications 40 /1620 0164982d073e0b1f16d3d0714e9ce74f91fee5bd77bf4a3dae016e0042eed169-package-scalar-cjson-v6-chain3 full_joint_short_sampler_output_integrity_checked_not_posterior
scalar_v6_sampler_qualifications 41 /1620 03f1009c425013648352c21428c9f1e6e18ca32c8dec24ef5886cb73f43548f0-centered-scalar-cjson-v6-chain3 full_joint_short_sampler_output_integrity_checked_not_posterior
scalar_v6_sampler_qualifications 42 /1620 03f1009c425013648352c21428c9f1e6e18ca32c8dec24ef5886cb73f43548f0-broad-scalar-cjson-v6-chain4 full_joint_short_sampler_output_integrity_checked_not_posterior
scalar_v6_sampler_qualifications 43 /1620 03f1009c425013648352c21428c9f1e6e18ca32c8dec24ef5886cb73f43548f0-centered-scalar-cjson-v6-chain4 full_joint_short_sampler_output_integrity_checked_not_posterior
scalar_v6_sampler_qualifications 44 /1620 03f1009c425013648352c21428c9f1e6e18ca32c8dec24ef5886cb73f43548f0-centered-scalar-cjson-v6-chain2 full_joint_short_sampler_output_integrity_checked_not_posterior
scalar_v6_sampler_qualifications 45 /1620 03f1009c425013648352c21428c9f1e6e18ca32c8dec24ef5886cb73f43548f0-package-scalar-cjson-v6-chain2 full_joint_short_sampler_output_integrity_checked_not_posterior
scalar_v6_sampler_qualifications 46 /1620 03f1009c425013648352c21428c9f1e6e18ca32c8dec24ef5886cb73f43548f0-package-scalar-cjson-v6-chain3 full_joint_short_sampler_output_integrity_checked_not_posterior
scalar_v6_sampler_qualifications 47 /1620 03f1009c425013648352c21428c9f1e6e18ca32c8dec24ef5886cb73f43548f0-package-scalar-cjson-v6-chain1 full_joint_short_sampler_output_integrity_checked_not_posterior
scalar_v6_sampler_qualifications 48 /1620 03f1009c425013648352c21428c9f1e6e18ca32c8dec24ef5886cb73f43548f0-package-scalar-cjson-v6-chain4 full_joint_short_sampler_output_integrity_checked_not_posterior
scalar_v6_sampler_qualifications 49 /1620 04c2aacbb49767976d967570af07cb2ee295698c4842a3871e9fa2b43c1c423e-broad-scalar-cjson-v6-chain1 full_joint_short_sampler_output_integrity_checked_not_posterior
scalar_v6_sampler_qualifications 50 /1620 04c2aacbb49767976d967570af07cb2ee295698c4842a3871e9fa2b43c1c423e-centered-scalar-cjson-v6-chain3 full_joint_short_sampler_output_integrity_checked_not_posterior
scalar_v6_sampler_qualifications 51 /1620 04c2aacbb49767976d967570af07cb2ee295698c4842a3871e9fa2b43c1c423e-broad-scalar-cjson-v6-chain2 full_joint_short_sampler_output_integrity_checked_not_posterior
scalar_v6_sampler_qualifications 52 /1620 04c2aacbb49767976d967570af07cb2ee295698c4842a3871e9fa2b43c1c423e-centered-scalar-cjson-v6-chain1 full_joint_short_sampler_output_integrity_checked_not_posterior
scalar_v6_sampler_qualifications 53 /1620 04c2aacbb49767976d967570af07cb2ee295698c4842a3871e9fa2b43c1c423e-broad-scalar-cjson-v6-chain3 full_joint_short_sampler_output_integrity_checked_not_posterior
scalar_v6_sampler_qualifications 54 /1620 04c2aacbb49767976d967570af07cb2ee295698c4842a3871e9fa2b43c1c423e-broad-scalar-cjson-v6-chain4 full_joint_short_sampler_output_integrity_checked_not_posterior
scalar_v6_sampler_qualifications 55 /1620 04c2aacbb49767976d967570af07cb2ee295698c4842a3871e9fa2b43c1c423e-package-scalar-cjson-v6-chain2 full_joint_short_sampler_output_integrity_checked_not_posterior
scalar_v6_sampler_qualifications 56 /1620 04c2aacbb49767976d967570af07cb2ee295698c4842a3871e9fa2b43c1c423e-package-scalar-cjson-v6-chain3 full_joint_short_sampler_output_integrity_checked_not_posterior
scalar_v6_sampler_qualifications 57 /1620 04c2aacbb49767976d967570af07cb2ee295698c4842a3871e9fa2b43c1c423e-package-scalar-cjson-v6-chain1 full_joint_short_sampler_output_integrity_checked_not_posterior
scalar_v6_sampler_qualifications 58 /1620 04c2aacbb49767976d967570af07cb2ee295698c4842a3871e9fa2b43c1c423e-centered-scalar-cjson-v6-chain4 full_joint_short_sampler_output_integrity_checked_not_posterior
scalar_v6_sampler_qualifications 59 /1620 04c2aacbb49767976d967570af07cb2ee295698c4842a3871e9fa2b43c1c423e-centered-scalar-cjson-v6-chain2 full_joint_short_sampler_output_integrity_checked_not_posterior
scalar_v6_sampler_qualifications 60 /1620 04c2aacbb49767976d967570af07cb2ee295698c4842a3871e9fa2b43c1c423e-package-scalar-cjson-v6-chain4 full_joint_short_sampler_output_integrity_checked_not_posterior
scalar_v6_sampler_qualifications 61 /1620 0607c261c567e2c3264dd321fdb9d4fa43b150a439d157eb39a6086504f4627e-broad-scalar-cjson-v6-chain2 full_joint_short_sampler_output_integrity_checked_not_posterior
scalar_v6_sampler_qualifications 62 /1620 0607c261c567e2c3264dd321fdb9d4fa43b150a439d157eb39a6086504f4627e-broad-scalar-cjson-v6-chain3 full_joint_short_sampler_output_integrity_checked_not_posterior
scalar_v6_sampler_qualifications 63 /1620 0607c261c567e2c3264dd321fdb9d4fa43b150a439d157eb39a6086504f4627e-broad-scalar-cjson-v6-chain1 full_joint_short_sampler_output_integrity_checked_not_posterior
scalar_v6_sampler_qualifications 64 /1620 0607c261c567e2c3264dd321fdb9d4fa43b150a439d157eb39a6086504f4627e-centered-scalar-cjson-v6-chain1 full_joint_short_sampler_output_integrity_checked_not_posterior
scalar_v6_sampler_qualifications 65 /1620 0607c261c567e2c3264dd321fdb9d4fa43b150a439d157eb39a6086504f4627e-centered-scalar-cjson-v6-chain2 full_joint_short_sampler_output_integrity_checked_not_posterior
scalar_v6_sampler_qualifications 66 /1620 0607c261c567e2c3264dd321fdb9d4fa43b150a439d157eb39a6086504f4627e-package-scalar-cjson-v6-chain1 full_joint_short_sampler_output_integrity_checked_not_posterior
scalar_v6_sampler_qualifications 67 /1620 0607c261c567e2c3264dd321fdb9d4fa43b150a439d157eb39a6086504f4627e-broad-scalar-cjson-v6-chain4 full_joint_short_sampler_output_integrity_checked_not_posterior
scalar_v6_sampler_qualifications 68 /1620 0607c261c567e2c3264dd321fdb9d4fa43b150a439d157eb39a6086504f4627e-package-scalar-cjson-v6-chain3 full_joint_short_sampler_output_integrity_checked_not_posterior
scalar_v6_sampler_qualifications 69 /1620 0607c261c567e2c3264dd321fdb9d4fa43b150a439d157eb39a6086504f4627e-centered-scalar-cjson-v6-chain3 full_joint_short_sampler_output_integrity_checked_not_posterior
scalar_v6_sampler_qualifications 70 /1620 0607c261c567e2c3264dd321fdb9d4fa43b150a439d157eb39a6086504f4627e-package-scalar-cjson-v6-chain2 full_joint_short_sampler_output_integrity_checked_not_posterior
scalar_v6_sampler_qualifications 71 /1620 0607c261c567e2c3264dd321fdb9d4fa43b150a439d157eb39a6086504f4627e-centered-scalar-cjson-v6-chain4 full_joint_short_sampler_output_integrity_checked_not_posterior
scalar_v6_sampler_qualifications 72 /1620 0607c261c567e2c3264dd321fdb9d4fa43b150a439d157eb39a6086504f4627e-package-scalar-cjson-v6-chain4 full_joint_short_sampler_output_integrity_checked_not_posterior
scalar_v6_sampler_qualifications 73 /1620 0b0f7bb17b1485abf68184f8a6827fc5537f243750cffbd965fb6a4319ef3658-broad-scalar-cjson-v6-chain2 full_joint_short_sampler_output_integrity_checked_not_posterior
scalar_v6_sampler_qualifications 74 /1620 0b0f7bb17b1485abf68184f8a6827fc5537f243750cffbd965fb6a4319ef3658-broad-scalar-cjson-v6-chain3 full_joint_short_sampler_output_integrity_checked_not_posterior
scalar_v6_sampler_qualifications 75 /1620 0b0f7bb17b1485abf68184f8a6827fc5537f243750cffbd965fb6a4319ef3658-broad-scalar-cjson-v6-chain1 full_joint_short_sampler_output_integrity_checked_not_posterior
scalar_v6_sampler_qualifications 76 /1620 0b0f7bb17b1485abf68184f8a6827fc5537f243750cffbd965fb6a4319ef3658-broad-scalar-cjson-v6-chain4 full_joint_short_sampler_output_integrity_checked_not_posterior
scalar_v6_sampler_qualifications 77 /1620 0b0f7bb17b1485abf68184f8a6827fc5537f243750cffbd965fb6a4319ef3658-centered-scalar-cjson-v6-chain1 full_joint_short_sampler_output_integrity_checked_not_posterior
scalar_v6_sampler_qualifications 78 /1620 0b0f7bb17b1485abf68184f8a6827fc5537f243750cffbd965fb6a4319ef3658-centered-scalar-cjson-v6-chain2 full_joint_short_sampler_output_integrity_checked_not_posterior
scalar_v6_sampler_qualifications 79 /1620 0b0f7bb17b1485abf68184f8a6827fc5537f243750cffbd965fb6a4319ef3658-centered-scalar-cjson-v6-chain3 full_joint_short_sampler_output_integrity_checked_not_posterior
scalar_v6_sampler_qualifications 80 /1620 0b0f7bb17b1485abf68184f8a6827fc5537f243750cffbd965fb6a4319ef3658-package-scalar-cjson-v6-chain3 full_joint_short_sampler_output_integrity_checked_not_posterior
scalar_v6_sampler_qualifications 81 /1620 0b0f7bb17b1485abf68184f8a6827fc5537f243750cffbd965fb6a4319ef3658-centered-scalar-cjson-v6-chain4 full_joint_short_sampler_output_integrity_checked_not_posterior
scalar_v6_sampler_qualifications 82 /1620 0c37c31b6f016a2f9012543375db4664a4afd263e0bb68f1b32191eaa9f366fc-broad-scalar-cjson-v6-chain2 full_joint_short_sampler_output_integrity_checked_not_posterior
scalar_v6_sampler_qualifications 83 /1620 0b0f7bb17b1485abf68184f8a6827fc5537f243750cffbd965fb6a4319ef3658-package-scalar-cjson-v6-chain1 full_joint_short_sampler_output_integrity_checked_not_posterior
scalar_v6_sampler_qualifications 84 /1620 0b0f7bb17b1485abf68184f8a6827fc5537f243750cffbd965fb6a4319ef3658-package-scalar-cjson-v6-chain4 full_joint_short_sampler_output_integrity_checked_not_posterior
scalar_v6_sampler_qualifications 85 /1620 0b0f7bb17b1485abf68184f8a6827fc5537f243750cffbd965fb6a4319ef3658-package-scalar-cjson-v6-chain2 full_joint_short_sampler_output_integrity_checked_not_posterior
scalar_v6_sampler_qualifications 86 /1620 0c37c31b6f016a2f9012543375db4664a4afd263e0bb68f1b32191eaa9f366fc-broad-scalar-cjson-v6-chain3 full_joint_short_sampler_output_integrity_checked_not_posterior
scalar_v6_sampler_qualifications 87 /1620 0c37c31b6f016a2f9012543375db4664a4afd263e0bb68f1b32191eaa9f366fc-centered-scalar-cjson-v6-chain3 full_joint_short_sampler_output_integrity_checked_not_posterior
scalar_v6_sampler_qualifications 88 /1620 0c37c31b6f016a2f9012543375db4664a4afd263e0bb68f1b32191eaa9f366fc-centered-scalar-cjson-v6-chain1 full_joint_short_sampler_output_integrity_checked_not_posterior
scalar_v6_sampler_qualifications 89 /1620 0c37c31b6f016a2f9012543375db4664a4afd263e0bb68f1b32191eaa9f366fc-broad-scalar-cjson-v6-chain4 full_joint_short_sampler_output_integrity_checked_not_posterior
scalar_v6_sampler_qualifications 90 /1620 0c37c31b6f016a2f9012543375db4664a4afd263e0bb68f1b32191eaa9f366fc-broad-scalar-cjson-v6-chain1 full_joint_short_sampler_output_integrity_checked_not_posterior
scalar_v6_sampler_qualifications 91 /1620 0c37c31b6f016a2f9012543375db4664a4afd263e0bb68f1b32191eaa9f366fc-centered-scalar-cjson-v6-chain2 full_joint_short_sampler_output_integrity_checked_not_posterior
scalar_v6_sampler_qualifications 92 /1620 0c37c31b6f016a2f9012543375db4664a4afd263e0bb68f1b32191eaa9f366fc-centered-scalar-cjson-v6-chain4 full_joint_short_sampler_output_integrity_checked_not_posterior
scalar_v6_sampler_qualifications 93 /1620 0c37c31b6f016a2f9012543375db4664a4afd263e0bb68f1b32191eaa9f366fc-package-scalar-cjson-v6-chain1 full_joint_short_sampler_output_integrity_checked_not_posterior
scalar_v6_sampler_qualifications 94 /1620 0c37c31b6f016a2f9012543375db4664a4afd263e0bb68f1b32191eaa9f366fc-package-scalar-cjson-v6-chain2 full_joint_short_sampler_output_integrity_checked_not_posterior
scalar_v6_sampler_qualifications 95 /1620 0c37c31b6f016a2f9012543375db4664a4afd263e0bb68f1b32191eaa9f366fc-package-scalar-cjson-v6-chain3 full_joint_short_sampler_output_integrity_checked_not_posterior
scalar_v6_sampler_qualifications 96 /1620 0c37c31b6f016a2f9012543375db4664a4afd263e0bb68f1b32191eaa9f366fc-package-scalar-cjson-v6-chain4 full_joint_short_sampler_output_integrity_checked_not_posterior
scalar_v6_sampler_qualifications 97 /1620 0cae3dc2d60aab44546ea86757c9027b6f46bad0d34e7485ee665a9cdf2c0b90-broad-scalar-cjson-v6-chain2 full_joint_short_sampler_output_integrity_checked_not_posterior
scalar_v6_sampler_qualifications 98 /1620 0cae3dc2d60aab44546ea86757c9027b6f46bad0d34e7485ee665a9cdf2c0b90-broad-scalar-cjson-v6-chain4 full_joint_short_sampler_output_integrity_checked_not_posterior
scalar_v6_sampler_qualifications 99 /1620 0cae3dc2d60aab44546ea86757c9027b6f46bad0d34e7485ee665a9cdf2c0b90-centered-scalar-cjson-v6-chain1 full_joint_short_sampler_output_integrity_checked_not_posterior
scalar_v6_sampler_qualifications 100 /1620 0cae3dc2d60aab44546ea86757c9027b6f46bad0d34e7485ee665a9cdf2c0b90-broad-scalar-cjson-v6-chain3 full_joint_short_sampler_output_integrity_checked_not_posterior
scalar_v6_sampler_qualifications 101 /1620 0cae3dc2d60aab44546ea86757c9027b6f46bad0d34e7485ee665a9cdf2c0b90-broad-scalar-cjson-v6-chain1 full_joint_short_sampler_output_integrity_checked_not_posterior
scalar_v6_sampler_qualifications 102 /1620 0cae3dc2d60aab44546ea86757c9027b6f46bad0d34e7485ee665a9cdf2c0b90-centered-scalar-cjson-v6-chain3 full_joint_short_sampler_output_integrity_checked_not_posterior
scalar_v6_sampler_qualifications 103 /1620 0cae3dc2d60aab44546ea86757c9027b6f46bad0d34e7485ee665a9cdf2c0b90-package-scalar-cjson-v6-chain1 full_joint_short_sampler_output_integrity_checked_not_posterior
scalar_v6_sampler_qualifications 104 /1620 0cae3dc2d60aab44546ea86757c9027b6f46bad0d34e7485ee665a9cdf2c0b90-package-scalar-cjson-v6-chain2 full_joint_short_sampler_output_integrity_checked_not_posterior
scalar_v6_sampler_qualifications 105 /1620 0cae3dc2d60aab44546ea86757c9027b6f46bad0d34e7485ee665a9cdf2c0b90-centered-scalar-cjson-v6-chain2 full_joint_short_sampler_output_integrity_checked_not_posterior
scalar_v6_sampler_qualifications 106 /1620 0cae3dc2d60aab44546ea86757c9027b6f46bad0d34e7485ee665a9cdf2c0b90-centered-scalar-cjson-v6-chain4 full_joint_short_sampler_output_integrity_checked_not_posterior
scalar_v6_sampler_qualifications 107 /1620 0cae3dc2d60aab44546ea86757c9027b6f46bad0d34e7485ee665a9cdf2c0b90-package-scalar-cjson-v6-chain3 full_joint_short_sampler_output_integrity_checked_not_posterior
scalar_v6_sampler_qualifications 108 /1620 0cae3dc2d60aab44546ea86757c9027b6f46bad0d34e7485ee665a9cdf2c0b90-package-scalar-cjson-v6-chain4 full_joint_short_sampler_output_integrity_checked_not_posterior
scalar_v6_sampler_qualifications 109 /1620 0e1800595a7987350a4d698d720f58af5ae07ac6fe098dcc71ef4c3cbce71a5e-broad-scalar-cjson-v6-chain1 full_joint_short_sampler_output_integrity_checked_not_posterior
scalar_v6_sampler_qualifications 110 /1620 0e1800595a7987350a4d698d720f58af5ae07ac6fe098dcc71ef4c3cbce71a5e-broad-scalar-cjson-v6-chain2 full_joint_short_sampler_output_integrity_checked_not_posterior
scalar_v6_sampler_qualifications 111 /1620 0e1800595a7987350a4d698d720f58af5ae07ac6fe098dcc71ef4c3cbce71a5e-broad-scalar-cjson-v6-chain3 full_joint_short_sampler_output_integrity_checked_not_posterior
scalar_v6_sampler_qualifications 112 /1620 0e1800595a7987350a4d698d720f58af5ae07ac6fe098dcc71ef4c3cbce71a5e-broad-scalar-cjson-v6-chain4 full_joint_short_sampler_output_integrity_checked_not_posterior
scalar_v6_sampler_qualifications 113 /1620 0e1800595a7987350a4d698d720f58af5ae07ac6fe098dcc71ef4c3cbce71a5e-centered-scalar-cjson-v6-chain1 full_joint_short_sampler_output_integrity_checked_not_posterior
scalar_v6_sampler_qualifications 114 /1620 0e1800595a7987350a4d698d720f58af5ae07ac6fe098dcc71ef4c3cbce71a5e-centered-scalar-cjson-v6-chain2 full_joint_short_sampler_output_integrity_checked_not_posterior
scalar_v6_sampler_qualifications 115 /1620 0e1800595a7987350a4d698d720f58af5ae07ac6fe098dcc71ef4c3cbce71a5e-centered-scalar-cjson-v6-chain3 full_joint_short_sampler_output_integrity_checked_not_posterior
scalar_v6_sampler_qualifications 116 /1620 0e1800595a7987350a4d698d720f58af5ae07ac6fe098dcc71ef4c3cbce71a5e-centered-scalar-cjson-v6-chain4 full_joint_short_sampler_output_integrity_checked_not_posterior
scalar_v6_sampler_qualifications 117 /1620 0e1800595a7987350a4d698d720f58af5ae07ac6fe098dcc71ef4c3cbce71a5e-package-scalar-cjson-v6-chain1 full_joint_short_sampler_output_integrity_checked_not_posterior
scalar_v6_sampler_qualifications 118 /1620 0e1800595a7987350a4d698d720f58af5ae07ac6fe098dcc71ef4c3cbce71a5e-package-scalar-cjson-v6-chain2 full_joint_short_sampler_output_integrity_checked_not_posterior
scalar_v6_sampler_qualifications 119 /1620 0e1800595a7987350a4d698d720f58af5ae07ac6fe098dcc71ef4c3cbce71a5e-package-scalar-cjson-v6-chain4 full_joint_short_sampler_output_integrity_checked_not_posterior
scalar_v6_sampler_qualifications 120 /1620 0e1800595a7987350a4d698d720f58af5ae07ac6fe098dcc71ef4c3cbce71a5e-package-scalar-cjson-v6-chain3 full_joint_short_sampler_output_integrity_checked_not_posterior
scalar_v6_sampler_qualifications 121 /1620 0ef770b4b439d83efd7e0aaa89c47699096b9c338c35538f89a59e49bc670a07-broad-scalar-cjson-v6-chain1 full_joint_short_sampler_output_integrity_checked_not_posterior
scalar_v6_sampler_qualifications 122 /1620 0ef770b4b439d83efd7e0aaa89c47699096b9c338c35538f89a59e49bc670a07-broad-scalar-cjson-v6-chain3 full_joint_short_sampler_output_integrity_checked_not_posterior
scalar_v6_sampler_qualifications 123 /1620 0ef770b4b439d83efd7e0aaa89c47699096b9c338c35538f89a59e49bc670a07-broad-scalar-cjson-v6-chain2 full_joint_short_sampler_output_integrity_checked_not_posterior
scalar_v6_sampler_qualifications 124 /1620 0ef770b4b439d83efd7e0aaa89c47699096b9c338c35538f89a59e49bc670a07-broad-scalar-cjson-v6-chain4 full_joint_short_sampler_output_integrity_checked_not_posterior
scalar_v6_sampler_qualifications 125 /1620 0ef770b4b439d83efd7e0aaa89c47699096b9c338c35538f89a59e49bc670a07-centered-scalar-cjson-v6-chain3 full_joint_short_sampler_output_integrity_checked_not_posterior
scalar_v6_sampler_qualifications 126 /1620 0ef770b4b439d83efd7e0aaa89c47699096b9c338c35538f89a59e49bc670a07-centered-scalar-cjson-v6-chain4 full_joint_short_sampler_output_integrity_checked_not_posterior
scalar_v6_sampler_qualifications 127 /1620 0ef770b4b439d83efd7e0aaa89c47699096b9c338c35538f89a59e49bc670a07-centered-scalar-cjson-v6-chain1 full_joint_short_sampler_output_integrity_checked_not_posterior
scalar_v6_sampler_qualifications 128 /1620 0ef770b4b439d83efd7e0aaa89c47699096b9c338c35538f89a59e49bc670a07-centered-scalar-cjson-v6-chain2 full_joint_short_sampler_output_integrity_checked_not_posterior
scalar_v6_sampler_qualifications 129 /1620 0ef770b4b439d83efd7e0aaa89c47699096b9c338c35538f89a59e49bc670a07-package-scalar-cjson-v6-chain3 full_joint_short_sampler_output_integrity_checked_not_posterior
scalar_v6_sampler_qualifications 130 /1620 0ef770b4b439d83efd7e0aaa89c47699096b9c338c35538f89a59e49bc670a07-package-scalar-cjson-v6-chain4 full_joint_short_sampler_output_integrity_checked_not_posterior
scalar_v6_sampler_qualifications 131 /1620 0ef770b4b439d83efd7e0aaa89c47699096b9c338c35538f89a59e49bc670a07-package-scalar-cjson-v6-chain1 full_joint_short_sampler_output_integrity_checked_not_posterior
scalar_v6_sampler_qualifications 132 /1620 115eddc6463d187990aab4ca2061b625671608201270888eb213459a41e3d812-broad-scalar-cjson-v6-chain1 full_joint_short_sampler_output_integrity_checked_not_posterior
scalar_v6_sampler_qualifications 133 /1620 0ef770b4b439d83efd7e0aaa89c47699096b9c338c35538f89a59e49bc670a07-package-scalar-cjson-v6-chain2 full_joint_short_sampler_output_integrity_checked_not_posterior
scalar_v6_sampler_qualifications 134 /1620 115eddc6463d187990aab4ca2061b625671608201270888eb213459a41e3d812-broad-scalar-cjson-v6-chain2 full_joint_short_sampler_output_integrity_checked_not_posterior
scalar_v6_sampler_qualifications 135 /1620 115eddc6463d187990aab4ca2061b625671608201270888eb213459a41e3d812-broad-scalar-cjson-v6-chain3 full_joint_short_sampler_output_integrity_checked_not_posterior
scalar_v6_sampler_qualifications 136 /1620 115eddc6463d187990aab4ca2061b625671608201270888eb213459a41e3d812-broad-scalar-cjson-v6-chain4 full_joint_short_sampler_output_integrity_checked_not_posterior
scalar_v6_sampler_qualifications 137 /1620 115eddc6463d187990aab4ca2061b625671608201270888eb213459a41e3d812-package-scalar-cjson-v6-chain1 full_joint_short_sampler_output_integrity_checked_not_posterior
scalar_v6_sampler_qualifications 138 /1620 115eddc6463d187990aab4ca2061b625671608201270888eb213459a41e3d812-centered-scalar-cjson-v6-chain2 full_joint_short_sampler_output_integrity_checked_not_posterior
scalar_v6_sampler_qualifications 139 /1620 115eddc6463d187990aab4ca2061b625671608201270888eb213459a41e3d812-centered-scalar-cjson-v6-chain1 full_joint_short_sampler_output_integrity_checked_not_posterior
scalar_v6_sampler_qualifications 140 /1620 115eddc6463d187990aab4ca2061b625671608201270888eb213459a41e3d812-centered-scalar-cjson-v6-chain3 full_joint_short_sampler_output_integrity_checked_not_posterior
scalar_v6_sampler_qualifications 141 /1620 115eddc6463d187990aab4ca2061b625671608201270888eb213459a41e3d812-centered-scalar-cjson-v6-chain4 full_joint_short_sampler_output_integrity_checked_not_posterior
scalar_v6_sampler_qualifications 142 /1620 115eddc6463d187990aab4ca2061b625671608201270888eb213459a41e3d812-package-scalar-cjson-v6-chain2 full_joint_short_sampler_output_integrity_checked_not_posterior
scalar_v6_sampler_qualifications 143 /1620 115eddc6463d187990aab4ca2061b625671608201270888eb213459a41e3d812-package-scalar-cjson-v6-chain4 full_joint_short_sampler_output_integrity_checked_not_posterior
scalar_v6_sampler_qualifications 144 /1620 115eddc6463d187990aab4ca2061b625671608201270888eb213459a41e3d812-package-scalar-cjson-v6-chain3 full_joint_short_sampler_output_integrity_checked_not_posterior
scalar_v6_sampler_qualifications 145 /1620 1215fce145aa6a564b4858e2bf8d86023d6e5ddc500c5b358ed6016a4777df0c-broad-scalar-cjson-v6-chain1 full_joint_short_sampler_output_integrity_checked_not_posterior
scalar_v6_sampler_qualifications 146 /1620 1215fce145aa6a564b4858e2bf8d86023d6e5ddc500c5b358ed6016a4777df0c-broad-scalar-cjson-v6-chain2 full_joint_short_sampler_output_integrity_checked_not_posterior
scalar_v6_sampler_qualifications 147 /1620 1215fce145aa6a564b4858e2bf8d86023d6e5ddc500c5b358ed6016a4777df0c-broad-scalar-cjson-v6-chain3 full_joint_short_sampler_output_integrity_checked_not_posterior
scalar_v6_sampler_qualifications 148 /1620 1215fce145aa6a564b4858e2bf8d86023d6e5ddc500c5b358ed6016a4777df0c-broad-scalar-cjson-v6-chain4 full_joint_short_sampler_output_integrity_checked_not_posterior
scalar_v6_sampler_qualifications 149 /1620 1215fce145aa6a564b4858e2bf8d86023d6e5ddc500c5b358ed6016a4777df0c-centered-scalar-cjson-v6-chain2 full_joint_short_sampler_output_integrity_checked_not_posterior
scalar_v6_sampler_qualifications 150 /1620 1215fce145aa6a564b4858e2bf8d86023d6e5ddc500c5b358ed6016a4777df0c-centered-scalar-cjson-v6-chain1 full_joint_short_sampler_output_integrity_checked_not_posterior
scalar_v6_sampler_qualifications 151 /1620 1215fce145aa6a564b4858e2bf8d86023d6e5ddc500c5b358ed6016a4777df0c-package-scalar-cjson-v6-chain2 full_joint_short_sampler_output_integrity_checked_not_posterior
scalar_v6_sampler_qualifications 152 /1620 1215fce145aa6a564b4858e2bf8d86023d6e5ddc500c5b358ed6016a4777df0c-package-scalar-cjson-v6-chain1 full_joint_short_sampler_output_integrity_checked_not_posterior
scalar_v6_sampler_qualifications 153 /1620 1215fce145aa6a564b4858e2bf8d86023d6e5ddc500c5b358ed6016a4777df0c-package-scalar-cjson-v6-chain4 full_joint_short_sampler_output_integrity_checked_not_posterior
scalar_v6_sampler_qualifications 154 /1620 1215fce145aa6a564b4858e2bf8d86023d6e5ddc500c5b358ed6016a4777df0c-centered-scalar-cjson-v6-chain3 full_joint_short_sampler_output_integrity_checked_not_posterior
scalar_v6_sampler_qualifications 155 /1620 13b1f33d4b0adf72a2ccc3e2f30cba0a88fba51c1afbb0f1ca6703933894f258-broad-scalar-cjson-v6-chain1 full_joint_short_sampler_output_integrity_checked_not_posterior
scalar_v6_sampler_qualifications 156 /1620 1215fce145aa6a564b4858e2bf8d86023d6e5ddc500c5b358ed6016a4777df0c-package-scalar-cjson-v6-chain3 full_joint_short_sampler_output_integrity_checked_not_posterior
scalar_v6_sampler_qualifications 157 /1620 1215fce145aa6a564b4858e2bf8d86023d6e5ddc500c5b358ed6016a4777df0c-centered-scalar-cjson-v6-chain4 full_joint_short_sampler_output_integrity_checked_not_posterior
scalar_v6_sampler_qualifications 158 /1620 13b1f33d4b0adf72a2ccc3e2f30cba0a88fba51c1afbb0f1ca6703933894f258-broad-scalar-cjson-v6-chain2 full_joint_short_sampler_output_integrity_checked_not_posterior
scalar_v6_sampler_qualifications 159 /1620 13b1f33d4b0adf72a2ccc3e2f30cba0a88fba51c1afbb0f1ca6703933894f258-broad-scalar-cjson-v6-chain3 full_joint_short_sampler_output_integrity_checked_not_posterior
scalar_v6_sampler_qualifications 160 /1620 13b1f33d4b0adf72a2ccc3e2f30cba0a88fba51c1afbb0f1ca6703933894f258-broad-scalar-cjson-v6-chain4 full_joint_short_sampler_output_integrity_checked_not_posterior
scalar_v6_sampler_qualifications 161 /1620 13b1f33d4b0adf72a2ccc3e2f30cba0a88fba51c1afbb0f1ca6703933894f258-centered-scalar-cjson-v6-chain1 full_joint_short_sampler_output_integrity_checked_not_posterior
scalar_v6_sampler_qualifications 162 /1620 13b1f33d4b0adf72a2ccc3e2f30cba0a88fba51c1afbb0f1ca6703933894f258-centered-scalar-cjson-v6-chain2 full_joint_short_sampler_output_integrity_checked_not_posterior
scalar_v6_sampler_qualifications 163 /1620 13b1f33d4b0adf72a2ccc3e2f30cba0a88fba51c1afbb0f1ca6703933894f258-centered-scalar-cjson-v6-chain4 full_joint_short_sampler_output_integrity_checked_not_posterior
scalar_v6_sampler_qualifications 164 /1620 13b1f33d4b0adf72a2ccc3e2f30cba0a88fba51c1afbb0f1ca6703933894f258-centered-scalar-cjson-v6-chain3 full_joint_short_sampler_output_integrity_checked_not_posterior
scalar_v6_sampler_qualifications 165 /1620 13b1f33d4b0adf72a2ccc3e2f30cba0a88fba51c1afbb0f1ca6703933894f258-package-scalar-cjson-v6-chain1 full_joint_short_sampler_output_integrity_checked_not_posterior
scalar_v6_sampler_qualifications 166 /1620 1460e6152760deed0e5c05d74a85a91539f07cd965f8cb928038e92aa9fab72d-broad-scalar-cjson-v6-chain1 full_joint_short_sampler_output_integrity_checked_not_posterior
scalar_v6_sampler_qualifications 167 /1620 13b1f33d4b0adf72a2ccc3e2f30cba0a88fba51c1afbb0f1ca6703933894f258-package-scalar-cjson-v6-chain2 full_joint_short_sampler_output_integrity_checked_not_posterior
scalar_v6_sampler_qualifications 168 /1620 13b1f33d4b0adf72a2ccc3e2f30cba0a88fba51c1afbb0f1ca6703933894f258-package-scalar-cjson-v6-chain4 full_joint_short_sampler_output_integrity_checked_not_posterior
scalar_v6_sampler_qualifications 169 /1620 1460e6152760deed0e5c05d74a85a91539f07cd965f8cb928038e92aa9fab72d-broad-scalar-cjson-v6-chain2 full_joint_short_sampler_output_integrity_checked_not_posterior
scalar_v6_sampler_qualifications 170 /1620 1460e6152760deed0e5c05d74a85a91539f07cd965f8cb928038e92aa9fab72d-centered-scalar-cjson-v6-chain1 full_joint_short_sampler_output_integrity_checked_not_posterior
scalar_v6_sampler_qualifications 171 /1620 13b1f33d4b0adf72a2ccc3e2f30cba0a88fba51c1afbb0f1ca6703933894f258-package-scalar-cjson-v6-chain3 full_joint_short_sampler_output_integrity_checked_not_posterior
scalar_v6_sampler_qualifications 172 /1620 1460e6152760deed0e5c05d74a85a91539f07cd965f8cb928038e92aa9fab72d-broad-scalar-cjson-v6-chain3 full_joint_short_sampler_output_integrity_checked_not_posterior
scalar_v6_sampler_qualifications 173 /1620 1460e6152760deed0e5c05d74a85a91539f07cd965f8cb928038e92aa9fab72d-broad-scalar-cjson-v6-chain4 full_joint_short_sampler_output_integrity_checked_not_posterior
scalar_v6_sampler_qualifications 174 /1620 1460e6152760deed0e5c05d74a85a91539f07cd965f8cb928038e92aa9fab72d-centered-scalar-cjson-v6-chain2 full_joint_short_sampler_output_integrity_checked_not_posterior
scalar_v6_sampler_qualifications 175 /1620 1460e6152760deed0e5c05d74a85a91539f07cd965f8cb928038e92aa9fab72d-centered-scalar-cjson-v6-chain3 full_joint_short_sampler_output_integrity_checked_not_posterior
scalar_v6_sampler_qualifications 176 /1620 1460e6152760deed0e5c05d74a85a91539f07cd965f8cb928038e92aa9fab72d-centered-scalar-cjson-v6-chain4 full_joint_short_sampler_output_integrity_checked_not_posterior
scalar_v6_sampler_qualifications 177 /1620 1460e6152760deed0e5c05d74a85a91539f07cd965f8cb928038e92aa9fab72d-package-scalar-cjson-v6-chain2 full_joint_short_sampler_output_integrity_checked_not_posterior
scalar_v6_sampler_qualifications 178 /1620 1460e6152760deed0e5c05d74a85a91539f07cd965f8cb928038e92aa9fab72d-package-scalar-cjson-v6-chain1 full_joint_short_sampler_output_integrity_checked_not_posterior
scalar_v6_sampler_qualifications 179 /1620 1460e6152760deed0e5c05d74a85a91539f07cd965f8cb928038e92aa9fab72d-package-scalar-cjson-v6-chain3 full_joint_short_sampler_output_integrity_checked_not_posterior
scalar_v6_sampler_qualifications 180 /1620 15634238b537095c9ffe3f58e0c889ec565b445029ee61727b0cc2b3a5578bcd-broad-scalar-cjson-v6-chain4 full_joint_short_sampler_output_integrity_checked_not_posterior
scalar_v6_sampler_qualifications 181 /1620 15634238b537095c9ffe3f58e0c889ec565b445029ee61727b0cc2b3a5578bcd-broad-scalar-cjson-v6-chain3 full_joint_short_sampler_output_integrity_checked_not_posterior
scalar_v6_sampler_qualifications 182 /1620 15634238b537095c9ffe3f58e0c889ec565b445029ee61727b0cc2b3a5578bcd-centered-scalar-cjson-v6-chain3 full_joint_short_sampler_output_integrity_checked_not_posterior
scalar_v6_sampler_qualifications 183 /1620 15634238b537095c9ffe3f58e0c889ec565b445029ee61727b0cc2b3a5578bcd-broad-scalar-cjson-v6-chain2 full_joint_short_sampler_output_integrity_checked_not_posterior
scalar_v6_sampler_qualifications 184 /1620 15634238b537095c9ffe3f58e0c889ec565b445029ee61727b0cc2b3a5578bcd-broad-scalar-cjson-v6-chain1 full_joint_short_sampler_output_integrity_checked_not_posterior
scalar_v6_sampler_qualifications 185 /1620 15634238b537095c9ffe3f58e0c889ec565b445029ee61727b0cc2b3a5578bcd-centered-scalar-cjson-v6-chain4 full_joint_short_sampler_output_integrity_checked_not_posterior
scalar_v6_sampler_qualifications 186 /1620 15634238b537095c9ffe3f58e0c889ec565b445029ee61727b0cc2b3a5578bcd-centered-scalar-cjson-v6-chain2 full_joint_short_sampler_output_integrity_checked_not_posterior
scalar_v6_sampler_qualifications 187 /1620 15634238b537095c9ffe3f58e0c889ec565b445029ee61727b0cc2b3a5578bcd-centered-scalar-cjson-v6-chain1 full_joint_short_sampler_output_integrity_checked_not_posterior
scalar_v6_sampler_qualifications 188 /1620 1460e6152760deed0e5c05d74a85a91539f07cd965f8cb928038e92aa9fab72d-package-scalar-cjson-v6-chain4 full_joint_short_sampler_output_integrity_checked_not_posterior
scalar_v6_sampler_qualifications 189 /1620 15634238b537095c9ffe3f58e0c889ec565b445029ee61727b0cc2b3a5578bcd-package-scalar-cjson-v6-chain1 full_joint_short_sampler_output_integrity_checked_not_posterior
scalar_v6_sampler_qualifications 190 /1620 15634238b537095c9ffe3f58e0c889ec565b445029ee61727b0cc2b3a5578bcd-package-scalar-cjson-v6-chain2 full_joint_short_sampler_output_integrity_checked_not_posterior
scalar_v6_sampler_qualifications 191 /1620 15634238b537095c9ffe3f58e0c889ec565b445029ee61727b0cc2b3a5578bcd-package-scalar-cjson-v6-chain4 full_joint_short_sampler_output_integrity_checked_not_posterior
scalar_v6_sampler_qualifications 192 /1620 15634238b537095c9ffe3f58e0c889ec565b445029ee61727b0cc2b3a5578bcd-package-scalar-cjson-v6-chain3 full_joint_short_sampler_output_integrity_checked_not_posterior
scalar_v6_sampler_qualifications 193 /1620 15d9f0d825f5c6ccea5fbf85d2c034d35012d28caa95bee6c23b18626fb5e2ac-broad-scalar-cjson-v6-chain1 full_joint_short_sampler_output_integrity_checked_not_posterior
scalar_v6_sampler_qualifications 194 /1620 15d9f0d825f5c6ccea5fbf85d2c034d35012d28caa95bee6c23b18626fb5e2ac-broad-scalar-cjson-v6-chain2 full_joint_short_sampler_output_integrity_checked_not_posterior
scalar_v6_sampler_qualifications 195 /1620 15d9f0d825f5c6ccea5fbf85d2c034d35012d28caa95bee6c23b18626fb5e2ac-broad-scalar-cjson-v6-chain3 full_joint_short_sampler_output_integrity_checked_not_posterior
scalar_v6_sampler_qualifications 196 /1620 15d9f0d825f5c6ccea5fbf85d2c034d35012d28caa95bee6c23b18626fb5e2ac-broad-scalar-cjson-v6-chain4 full_joint_short_sampler_output_integrity_checked_not_posterior
scalar_v6_sampler_qualifications 197 /1620 15d9f0d825f5c6ccea5fbf85d2c034d35012d28caa95bee6c23b18626fb5e2ac-centered-scalar-cjson-v6-chain1 full_joint_short_sampler_output_integrity_checked_not_posterior
scalar_v6_sampler_qualifications 198 /1620 15d9f0d825f5c6ccea5fbf85d2c034d35012d28caa95bee6c23b18626fb5e2ac-centered-scalar-cjson-v6-chain2 full_joint_short_sampler_output_integrity_checked_not_posterior
scalar_v6_sampler_qualifications 199 /1620 15d9f0d825f5c6ccea5fbf85d2c034d35012d28caa95bee6c23b18626fb5e2ac-centered-scalar-cjson-v6-chain3 full_joint_short_sampler_output_integrity_checked_not_posterior
scalar_v6_sampler_qualifications 200 /1620 15d9f0d825f5c6ccea5fbf85d2c034d35012d28caa95bee6c23b18626fb5e2ac-centered-scalar-cjson-v6-chain4 full_joint_short_sampler_output_integrity_checked_not_posterior
scalar_v6_sampler_qualifications 201 /1620 15d9f0d825f5c6ccea5fbf85d2c034d35012d28caa95bee6c23b18626fb5e2ac-package-scalar-cjson-v6-chain1 full_joint_short_sampler_output_integrity_checked_not_posterior
scalar_v6_sampler_qualifications 202 /1620 15d9f0d825f5c6ccea5fbf85d2c034d35012d28caa95bee6c23b18626fb5e2ac-package-scalar-cjson-v6-chain2 full_joint_short_sampler_output_integrity_checked_not_posterior
scalar_v6_sampler_qualifications 203 /1620 15d9f0d825f5c6ccea5fbf85d2c034d35012d28caa95bee6c23b18626fb5e2ac-package-scalar-cjson-v6-chain3 full_joint_short_sampler_output_integrity_checked_not_posterior
scalar_v6_sampler_qualifications 204 /1620 15d9f0d825f5c6ccea5fbf85d2c034d35012d28caa95bee6c23b18626fb5e2ac-package-scalar-cjson-v6-chain4 full_joint_short_sampler_output_integrity_checked_not_posterior
scalar_v6_sampler_qualifications 205 /1620 167553e50c88fa8073648d96bb681a0e20c7d6fab69c7d3463cd649009c87cfd-broad-scalar-cjson-v6-chain3 full_joint_short_sampler_output_integrity_checked_not_posterior
scalar_v6_sampler_qualifications 206 /1620 167553e50c88fa8073648d96bb681a0e20c7d6fab69c7d3463cd649009c87cfd-broad-scalar-cjson-v6-chain2 full_joint_short_sampler_output_integrity_checked_not_posterior
scalar_v6_sampler_qualifications 207 /1620 167553e50c88fa8073648d96bb681a0e20c7d6fab69c7d3463cd649009c87cfd-broad-scalar-cjson-v6-chain4 full_joint_short_sampler_output_integrity_checked_not_posterior
scalar_v6_sampler_qualifications 208 /1620 167553e50c88fa8073648d96bb681a0e20c7d6fab69c7d3463cd649009c87cfd-broad-scalar-cjson-v6-chain1 full_joint_short_sampler_output_integrity_checked_not_posterior
scalar_v6_sampler_qualifications 209 /1620 167553e50c88fa8073648d96bb681a0e20c7d6fab69c7d3463cd649009c87cfd-centered-scalar-cjson-v6-chain2 full_joint_short_sampler_output_integrity_checked_not_posterior
scalar_v6_sampler_qualifications 210 /1620 167553e50c88fa8073648d96bb681a0e20c7d6fab69c7d3463cd649009c87cfd-centered-scalar-cjson-v6-chain1 full_joint_short_sampler_output_integrity_checked_not_posterior
scalar_v6_sampler_qualifications 211 /1620 167553e50c88fa8073648d96bb681a0e20c7d6fab69c7d3463cd649009c87cfd-centered-scalar-cjson-v6-chain4 full_joint_short_sampler_output_integrity_checked_not_posterior
scalar_v6_sampler_qualifications 212 /1620 167553e50c88fa8073648d96bb681a0e20c7d6fab69c7d3463cd649009c87cfd-centered-scalar-cjson-v6-chain3 full_joint_short_sampler_output_integrity_checked_not_posterior
scalar_v6_sampler_qualifications 213 /1620 167553e50c88fa8073648d96bb681a0e20c7d6fab69c7d3463cd649009c87cfd-package-scalar-cjson-v6-chain2 full_joint_short_sampler_output_integrity_checked_not_posterior
scalar_v6_sampler_qualifications 214 /1620 167553e50c88fa8073648d96bb681a0e20c7d6fab69c7d3463cd649009c87cfd-package-scalar-cjson-v6-chain3 full_joint_short_sampler_output_integrity_checked_not_posterior
scalar_v6_sampler_qualifications 215 /1620 167553e50c88fa8073648d96bb681a0e20c7d6fab69c7d3463cd649009c87cfd-package-scalar-cjson-v6-chain1 full_joint_short_sampler_output_integrity_checked_not_posterior
scalar_v6_sampler_qualifications 216 /1620 167553e50c88fa8073648d96bb681a0e20c7d6fab69c7d3463cd649009c87cfd-package-scalar-cjson-v6-chain4 full_joint_short_sampler_output_integrity_checked_not_posterior
scalar_v6_sampler_qualifications 217 /1620 1df91dedc8c4d35c513c62f5d0c6bdf58fcd89cfb4c861a7e1d60ac8b9b97bc5-centered-scalar-cjson-v6-chain1 full_joint_short_sampler_output_integrity_checked_not_posterior
scalar_v6_sampler_qualifications 218 /1620 1df91dedc8c4d35c513c62f5d0c6bdf58fcd89cfb4c861a7e1d60ac8b9b97bc5-broad-scalar-cjson-v6-chain3 full_joint_short_sampler_output_integrity_checked_not_posterior
scalar_v6_sampler_qualifications 219 /1620 1df91dedc8c4d35c513c62f5d0c6bdf58fcd89cfb4c861a7e1d60ac8b9b97bc5-centered-scalar-cjson-v6-chain3 full_joint_short_sampler_output_integrity_checked_not_posterior
scalar_v6_sampler_qualifications 220 /1620 1df91dedc8c4d35c513c62f5d0c6bdf58fcd89cfb4c861a7e1d60ac8b9b97bc5-broad-scalar-cjson-v6-chain2 full_joint_short_sampler_output_integrity_checked_not_posterior
scalar_v6_sampler_qualifications 221 /1620 1df91dedc8c4d35c513c62f5d0c6bdf58fcd89cfb4c861a7e1d60ac8b9b97bc5-broad-scalar-cjson-v6-chain4 full_joint_short_sampler_output_integrity_checked_not_posterior
scalar_v6_sampler_qualifications 222 /1620 1df91dedc8c4d35c513c62f5d0c6bdf58fcd89cfb4c861a7e1d60ac8b9b97bc5-broad-scalar-cjson-v6-chain1 full_joint_short_sampler_output_integrity_checked_not_posterior
scalar_v6_sampler_qualifications 223 /1620 1df91dedc8c4d35c513c62f5d0c6bdf58fcd89cfb4c861a7e1d60ac8b9b97bc5-package-scalar-cjson-v6-chain2 full_joint_short_sampler_output_integrity_checked_not_posterior
scalar_v6_sampler_qualifications 224 /1620 1df91dedc8c4d35c513c62f5d0c6bdf58fcd89cfb4c861a7e1d60ac8b9b97bc5-centered-scalar-cjson-v6-chain2 full_joint_short_sampler_output_integrity_checked_not_posterior
scalar_v6_sampler_qualifications 225 /1620 1df91dedc8c4d35c513c62f5d0c6bdf58fcd89cfb4c861a7e1d60ac8b9b97bc5-centered-scalar-cjson-v6-chain4 full_joint_short_sampler_output_integrity_checked_not_posterior
scalar_v6_sampler_qualifications 226 /1620 1df91dedc8c4d35c513c62f5d0c6bdf58fcd89cfb4c861a7e1d60ac8b9b97bc5-package-scalar-cjson-v6-chain3 full_joint_short_sampler_output_integrity_checked_not_posterior
scalar_v6_sampler_qualifications 227 /1620 1df91dedc8c4d35c513c62f5d0c6bdf58fcd89cfb4c861a7e1d60ac8b9b97bc5-package-scalar-cjson-v6-chain4 full_joint_short_sampler_output_integrity_checked_not_posterior
scalar_v6_sampler_qualifications 228 /1620 1df91dedc8c4d35c513c62f5d0c6bdf58fcd89cfb4c861a7e1d60ac8b9b97bc5-package-scalar-cjson-v6-chain1 full_joint_short_sampler_output_integrity_checked_not_posterior
scalar_v6_sampler_qualifications 229 /1620 1e50904a556578d0d0af5119fb7344406994056afe39934fd10f0306d13cd568-broad-scalar-cjson-v6-chain1 full_joint_short_sampler_output_integrity_checked_not_posterior
scalar_v6_sampler_qualifications 230 /1620 1e50904a556578d0d0af5119fb7344406994056afe39934fd10f0306d13cd568-broad-scalar-cjson-v6-chain2 full_joint_short_sampler_output_integrity_checked_not_posterior
scalar_v6_sampler_qualifications 231 /1620 1e50904a556578d0d0af5119fb7344406994056afe39934fd10f0306d13cd568-broad-scalar-cjson-v6-chain4 full_joint_short_sampler_output_integrity_checked_not_posterior
scalar_v6_sampler_qualifications 232 /1620 1e50904a556578d0d0af5119fb7344406994056afe39934fd10f0306d13cd568-broad-scalar-cjson-v6-chain3 full_joint_short_sampler_output_integrity_checked_not_posterior
scalar_v6_sampler_qualifications 233 /1620 1e50904a556578d0d0af5119fb7344406994056afe39934fd10f0306d13cd568-centered-scalar-cjson-v6-chain1 full_joint_short_sampler_output_integrity_checked_not_posterior
scalar_v6_sampler_qualifications 234 /1620 1e50904a556578d0d0af5119fb7344406994056afe39934fd10f0306d13cd568-centered-scalar-cjson-v6-chain4 full_joint_short_sampler_output_integrity_checked_not_posterior
scalar_v6_sampler_qualifications 235 /1620 1e50904a556578d0d0af5119fb7344406994056afe39934fd10f0306d13cd568-centered-scalar-cjson-v6-chain2 full_joint_short_sampler_output_integrity_checked_not_posterior
scalar_v6_sampler_qualifications 236 /1620 1e50904a556578d0d0af5119fb7344406994056afe39934fd10f0306d13cd568-centered-scalar-cjson-v6-chain3 full_joint_short_sampler_output_integrity_checked_not_posterior
scalar_v6_sampler_qualifications 237 /1620 1e50904a556578d0d0af5119fb7344406994056afe39934fd10f0306d13cd568-package-scalar-cjson-v6-chain3 full_joint_short_sampler_output_integrity_checked_not_posterior
scalar_v6_sampler_qualifications 238 /1620 217d23425bca28d70485f5de107557057b01d758d5f2ca20f5cfa57d7d431172-broad-scalar-cjson-v6-chain3 full_joint_short_sampler_output_integrity_checked_not_posterior
scalar_v6_sampler_qualifications 239 /1620 1e50904a556578d0d0af5119fb7344406994056afe39934fd10f0306d13cd568-package-scalar-cjson-v6-chain1 full_joint_short_sampler_output_integrity_checked_not_posterior
scalar_v6_sampler_qualifications 240 /1620 1e50904a556578d0d0af5119fb7344406994056afe39934fd10f0306d13cd568-package-scalar-cjson-v6-chain2 full_joint_short_sampler_output_integrity_checked_not_posterior
scalar_v6_sampler_qualifications 241 /1620 217d23425bca28d70485f5de107557057b01d758d5f2ca20f5cfa57d7d431172-broad-scalar-cjson-v6-chain4 full_joint_short_sampler_output_integrity_checked_not_posterior
scalar_v6_sampler_qualifications 242 /1620 217d23425bca28d70485f5de107557057b01d758d5f2ca20f5cfa57d7d431172-broad-scalar-cjson-v6-chain2 full_joint_short_sampler_output_integrity_checked_not_posterior
scalar_v6_sampler_qualifications 243 /1620 217d23425bca28d70485f5de107557057b01d758d5f2ca20f5cfa57d7d431172-centered-scalar-cjson-v6-chain1 full_joint_short_sampler_output_integrity_checked_not_posterior
scalar_v6_sampler_qualifications 244 /1620 217d23425bca28d70485f5de107557057b01d758d5f2ca20f5cfa57d7d431172-broad-scalar-cjson-v6-chain1 full_joint_short_sampler_output_integrity_checked_not_posterior
scalar_v6_sampler_qualifications 245 /1620 217d23425bca28d70485f5de107557057b01d758d5f2ca20f5cfa57d7d431172-centered-scalar-cjson-v6-chain2 full_joint_short_sampler_output_integrity_checked_not_posterior
scalar_v6_sampler_qualifications 246 /1620 1e50904a556578d0d0af5119fb7344406994056afe39934fd10f0306d13cd568-package-scalar-cjson-v6-chain4 full_joint_short_sampler_output_integrity_checked_not_posterior
scalar_v6_sampler_qualifications 247 /1620 217d23425bca28d70485f5de107557057b01d758d5f2ca20f5cfa57d7d431172-centered-scalar-cjson-v6-chain3 full_joint_short_sampler_output_integrity_checked_not_posterior
scalar_v6_sampler_qualifications 248 /1620 217d23425bca28d70485f5de107557057b01d758d5f2ca20f5cfa57d7d431172-centered-scalar-cjson-v6-chain4 full_joint_short_sampler_output_integrity_checked_not_posterior
scalar_v6_sampler_qualifications 249 /1620 217d23425bca28d70485f5de107557057b01d758d5f2ca20f5cfa57d7d431172-package-scalar-cjson-v6-chain1 full_joint_short_sampler_output_integrity_checked_not_posterior
scalar_v6_sampler_qualifications 250 /1620 217d23425bca28d70485f5de107557057b01d758d5f2ca20f5cfa57d7d431172-package-scalar-cjson-v6-chain4 full_joint_short_sampler_output_integrity_checked_not_posterior
scalar_v6_sampler_qualifications 251 /1620 217d23425bca28d70485f5de107557057b01d758d5f2ca20f5cfa57d7d431172-package-scalar-cjson-v6-chain2 full_joint_short_sampler_output_integrity_checked_not_posterior
scalar_v6_sampler_qualifications 252 /1620 2238bdb3d80f2445d7fcdafe3088446fb1d328752bc5e7ebbb5c889f95252d6c-broad-scalar-cjson-v6-chain2 full_joint_short_sampler_output_integrity_checked_not_posterior
scalar_v6_sampler_qualifications 253 /1620 2238bdb3d80f2445d7fcdafe3088446fb1d328752bc5e7ebbb5c889f95252d6c-broad-scalar-cjson-v6-chain3 full_joint_short_sampler_output_integrity_checked_not_posterior
scalar_v6_sampler_qualifications 254 /1620 2238bdb3d80f2445d7fcdafe3088446fb1d328752bc5e7ebbb5c889f95252d6c-broad-scalar-cjson-v6-chain1 full_joint_short_sampler_output_integrity_checked_not_posterior
scalar_v6_sampler_qualifications 255 /1620 217d23425bca28d70485f5de107557057b01d758d5f2ca20f5cfa57d7d431172-package-scalar-cjson-v6-chain3 full_joint_short_sampler_output_integrity_checked_not_posterior
scalar_v6_sampler_qualifications 256 /1620 2238bdb3d80f2445d7fcdafe3088446fb1d328752bc5e7ebbb5c889f95252d6c-package-scalar-cjson-v6-chain1 full_joint_short_sampler_output_integrity_checked_not_posterior
scalar_v6_sampler_qualifications 257 /1620 2238bdb3d80f2445d7fcdafe3088446fb1d328752bc5e7ebbb5c889f95252d6c-centered-scalar-cjson-v6-chain4 full_joint_short_sampler_output_integrity_checked_not_posterior
scalar_v6_sampler_qualifications 258 /1620 2238bdb3d80f2445d7fcdafe3088446fb1d328752bc5e7ebbb5c889f95252d6c-broad-scalar-cjson-v6-chain4 full_joint_short_sampler_output_integrity_checked_not_posterior
scalar_v6_sampler_qualifications 259 /1620 2238bdb3d80f2445d7fcdafe3088446fb1d328752bc5e7ebbb5c889f95252d6c-centered-scalar-cjson-v6-chain1 full_joint_short_sampler_output_integrity_checked_not_posterior
scalar_v6_sampler_qualifications 260 /1620 2238bdb3d80f2445d7fcdafe3088446fb1d328752bc5e7ebbb5c889f95252d6c-centered-scalar-cjson-v6-chain3 full_joint_short_sampler_output_integrity_checked_not_posterior
scalar_v6_sampler_qualifications 261 /1620 2238bdb3d80f2445d7fcdafe3088446fb1d328752bc5e7ebbb5c889f95252d6c-package-scalar-cjson-v6-chain2 full_joint_short_sampler_output_integrity_checked_not_posterior
scalar_v6_sampler_qualifications 262 /1620 2238bdb3d80f2445d7fcdafe3088446fb1d328752bc5e7ebbb5c889f95252d6c-centered-scalar-cjson-v6-chain2 full_joint_short_sampler_output_integrity_checked_not_posterior
scalar_v6_sampler_qualifications 263 /1620 2238bdb3d80f2445d7fcdafe3088446fb1d328752bc5e7ebbb5c889f95252d6c-package-scalar-cjson-v6-chain3 full_joint_short_sampler_output_integrity_checked_not_posterior
scalar_v6_sampler_qualifications 264 /1620 2238bdb3d80f2445d7fcdafe3088446fb1d328752bc5e7ebbb5c889f95252d6c-package-scalar-cjson-v6-chain4 full_joint_short_sampler_output_integrity_checked_not_posterior
scalar_v6_sampler_qualifications 265 /1620 2814b59e28fc6c7f26d3af5cab0feb476157c7f8c844b68ff1d7be61cfcba4c9-broad-scalar-cjson-v6-chain1 full_joint_short_sampler_output_integrity_checked_not_posterior
scalar_v6_sampler_qualifications 266 /1620 2814b59e28fc6c7f26d3af5cab0feb476157c7f8c844b68ff1d7be61cfcba4c9-broad-scalar-cjson-v6-chain2 full_joint_short_sampler_output_integrity_checked_not_posterior
scalar_v6_sampler_qualifications 267 /1620 2814b59e28fc6c7f26d3af5cab0feb476157c7f8c844b68ff1d7be61cfcba4c9-broad-scalar-cjson-v6-chain3 full_joint_short_sampler_output_integrity_checked_not_posterior
scalar_v6_sampler_qualifications 268 /1620 2814b59e28fc6c7f26d3af5cab0feb476157c7f8c844b68ff1d7be61cfcba4c9-centered-scalar-cjson-v6-chain2 full_joint_short_sampler_output_integrity_checked_not_posterior
scalar_v6_sampler_qualifications 269 /1620 2814b59e28fc6c7f26d3af5cab0feb476157c7f8c844b68ff1d7be61cfcba4c9-centered-scalar-cjson-v6-chain3 full_joint_short_sampler_output_integrity_checked_not_posterior
scalar_v6_sampler_qualifications 270 /1620 2814b59e28fc6c7f26d3af5cab0feb476157c7f8c844b68ff1d7be61cfcba4c9-package-scalar-cjson-v6-chain3 full_joint_short_sampler_output_integrity_checked_not_posterior
scalar_v6_sampler_qualifications 271 /1620 2814b59e28fc6c7f26d3af5cab0feb476157c7f8c844b68ff1d7be61cfcba4c9-broad-scalar-cjson-v6-chain4 full_joint_short_sampler_output_integrity_checked_not_posterior
scalar_v6_sampler_qualifications 272 /1620 2b035ff6a5d071b9dcdf45724574f8be160c958d93685501dc93c7c166e2f6c2-broad-scalar-cjson-v6-chain1 full_joint_short_sampler_output_integrity_checked_not_posterior
scalar_v6_sampler_qualifications 273 /1620 2814b59e28fc6c7f26d3af5cab0feb476157c7f8c844b68ff1d7be61cfcba4c9-package-scalar-cjson-v6-chain4 full_joint_short_sampler_output_integrity_checked_not_posterior
scalar_v6_sampler_qualifications 274 /1620 2814b59e28fc6c7f26d3af5cab0feb476157c7f8c844b68ff1d7be61cfcba4c9-package-scalar-cjson-v6-chain1 full_joint_short_sampler_output_integrity_checked_not_posterior
scalar_v6_sampler_qualifications 275 /1620 2814b59e28fc6c7f26d3af5cab0feb476157c7f8c844b68ff1d7be61cfcba4c9-centered-scalar-cjson-v6-chain1 full_joint_short_sampler_output_integrity_checked_not_posterior
scalar_v6_sampler_qualifications 276 /1620 2814b59e28fc6c7f26d3af5cab0feb476157c7f8c844b68ff1d7be61cfcba4c9-centered-scalar-cjson-v6-chain4 full_joint_short_sampler_output_integrity_checked_not_posterior
scalar_v6_sampler_qualifications 277 /1620 2814b59e28fc6c7f26d3af5cab0feb476157c7f8c844b68ff1d7be61cfcba4c9-package-scalar-cjson-v6-chain2 full_joint_short_sampler_output_integrity_checked_not_posterior
scalar_v6_sampler_qualifications 278 /1620 2b035ff6a5d071b9dcdf45724574f8be160c958d93685501dc93c7c166e2f6c2-broad-scalar-cjson-v6-chain4 full_joint_short_sampler_output_integrity_checked_not_posterior
scalar_v6_sampler_qualifications 279 /1620 2b035ff6a5d071b9dcdf45724574f8be160c958d93685501dc93c7c166e2f6c2-centered-scalar-cjson-v6-chain1 full_joint_short_sampler_output_integrity_checked_not_posterior
scalar_v6_sampler_qualifications 280 /1620 2b035ff6a5d071b9dcdf45724574f8be160c958d93685501dc93c7c166e2f6c2-broad-scalar-cjson-v6-chain2 full_joint_short_sampler_output_integrity_checked_not_posterior
scalar_v6_sampler_qualifications 281 /1620 2b035ff6a5d071b9dcdf45724574f8be160c958d93685501dc93c7c166e2f6c2-broad-scalar-cjson-v6-chain3 full_joint_short_sampler_output_integrity_checked_not_posterior
scalar_v6_sampler_qualifications 282 /1620 2b035ff6a5d071b9dcdf45724574f8be160c958d93685501dc93c7c166e2f6c2-centered-scalar-cjson-v6-chain3 full_joint_short_sampler_output_integrity_checked_not_posterior
scalar_v6_sampler_qualifications 283 /1620 2b035ff6a5d071b9dcdf45724574f8be160c958d93685501dc93c7c166e2f6c2-package-scalar-cjson-v6-chain2 full_joint_short_sampler_output_integrity_checked_not_posterior
scalar_v6_sampler_qualifications 284 /1620 2b035ff6a5d071b9dcdf45724574f8be160c958d93685501dc93c7c166e2f6c2-centered-scalar-cjson-v6-chain2 full_joint_short_sampler_output_integrity_checked_not_posterior
scalar_v6_sampler_qualifications 285 /1620 2b035ff6a5d071b9dcdf45724574f8be160c958d93685501dc93c7c166e2f6c2-centered-scalar-cjson-v6-chain4 full_joint_short_sampler_output_integrity_checked_not_posterior
scalar_v6_sampler_qualifications 286 /1620 2c1005bd7e13d6ce2cb4b0429ac1ae47856c3153b120052d98b537113689ded9-broad-scalar-cjson-v6-chain1 full_joint_short_sampler_output_integrity_checked_not_posterior
scalar_v6_sampler_qualifications 287 /1620 2b035ff6a5d071b9dcdf45724574f8be160c958d93685501dc93c7c166e2f6c2-package-scalar-cjson-v6-chain4 full_joint_short_sampler_output_integrity_checked_not_posterior
scalar_v6_sampler_qualifications 288 /1620 2b035ff6a5d071b9dcdf45724574f8be160c958d93685501dc93c7c166e2f6c2-package-scalar-cjson-v6-chain3 full_joint_short_sampler_output_integrity_checked_not_posterior
scalar_v6_sampler_qualifications 289 /1620 2c1005bd7e13d6ce2cb4b0429ac1ae47856c3153b120052d98b537113689ded9-broad-scalar-cjson-v6-chain2 full_joint_short_sampler_output_integrity_checked_not_posterior
scalar_v6_sampler_qualifications 290 /1620 2b035ff6a5d071b9dcdf45724574f8be160c958d93685501dc93c7c166e2f6c2-package-scalar-cjson-v6-chain1 full_joint_short_sampler_output_integrity_checked_not_posterior
scalar_v6_sampler_qualifications 291 /1620 2c1005bd7e13d6ce2cb4b0429ac1ae47856c3153b120052d98b537113689ded9-broad-scalar-cjson-v6-chain3 full_joint_short_sampler_output_integrity_checked_not_posterior
scalar_v6_sampler_qualifications 292 /1620 2c1005bd7e13d6ce2cb4b0429ac1ae47856c3153b120052d98b537113689ded9-broad-scalar-cjson-v6-chain4 full_joint_short_sampler_output_integrity_checked_not_posterior
scalar_v6_sampler_qualifications 293 /1620 2c1005bd7e13d6ce2cb4b0429ac1ae47856c3153b120052d98b537113689ded9-centered-scalar-cjson-v6-chain1 full_joint_short_sampler_output_integrity_checked_not_posterior
scalar_v6_sampler_qualifications 294 /1620 2c1005bd7e13d6ce2cb4b0429ac1ae47856c3153b120052d98b537113689ded9-centered-scalar-cjson-v6-chain4 full_joint_short_sampler_output_integrity_checked_not_posterior
scalar_v6_sampler_qualifications 295 /1620 2c1005bd7e13d6ce2cb4b0429ac1ae47856c3153b120052d98b537113689ded9-package-scalar-cjson-v6-chain1 full_joint_short_sampler_output_integrity_checked_not_posterior
scalar_v6_sampler_qualifications 296 /1620 2c1005bd7e13d6ce2cb4b0429ac1ae47856c3153b120052d98b537113689ded9-centered-scalar-cjson-v6-chain3 full_joint_short_sampler_output_integrity_checked_not_posterior
scalar_v6_sampler_qualifications 297 /1620 2c1005bd7e13d6ce2cb4b0429ac1ae47856c3153b120052d98b537113689ded9-centered-scalar-cjson-v6-chain2 full_joint_short_sampler_output_integrity_checked_not_posterior
scalar_v6_sampler_qualifications 298 /1620 2c1005bd7e13d6ce2cb4b0429ac1ae47856c3153b120052d98b537113689ded9-package-scalar-cjson-v6-chain2 full_joint_short_sampler_output_integrity_checked_not_posterior
scalar_v6_sampler_qualifications 299 /1620 2c1005bd7e13d6ce2cb4b0429ac1ae47856c3153b120052d98b537113689ded9-package-scalar-cjson-v6-chain3 full_joint_short_sampler_output_integrity_checked_not_posterior
scalar_v6_sampler_qualifications 300 /1620 2f6e0e69b81d2db2af058e6c425372acf69dbc52038b872ee6170b99bb640e85-broad-scalar-cjson-v6-chain3 full_joint_short_sampler_output_integrity_checked_not_posterior
scalar_v6_sampler_qualifications 301 /1620 2f6e0e69b81d2db2af058e6c425372acf69dbc52038b872ee6170b99bb640e85-broad-scalar-cjson-v6-chain1 full_joint_short_sampler_output_integrity_checked_not_posterior
scalar_v6_sampler_qualifications 302 /1620 2f6e0e69b81d2db2af058e6c425372acf69dbc52038b872ee6170b99bb640e85-broad-scalar-cjson-v6-chain2 full_joint_short_sampler_output_integrity_checked_not_posterior
scalar_v6_sampler_qualifications 303 /1620 2f6e0e69b81d2db2af058e6c425372acf69dbc52038b872ee6170b99bb640e85-centered-scalar-cjson-v6-chain1 full_joint_short_sampler_output_integrity_checked_not_posterior
scalar_v6_sampler_qualifications 304 /1620 2c1005bd7e13d6ce2cb4b0429ac1ae47856c3153b120052d98b537113689ded9-package-scalar-cjson-v6-chain4 full_joint_short_sampler_output_integrity_checked_not_posterior
scalar_v6_sampler_qualifications 305 /1620 2f6e0e69b81d2db2af058e6c425372acf69dbc52038b872ee6170b99bb640e85-centered-scalar-cjson-v6-chain2 full_joint_short_sampler_output_integrity_checked_not_posterior
scalar_v6_sampler_qualifications 306 /1620 2f6e0e69b81d2db2af058e6c425372acf69dbc52038b872ee6170b99bb640e85-broad-scalar-cjson-v6-chain4 full_joint_short_sampler_output_integrity_checked_not_posterior
scalar_v6_sampler_qualifications 307 /1620 2f6e0e69b81d2db2af058e6c425372acf69dbc52038b872ee6170b99bb640e85-centered-scalar-cjson-v6-chain3 full_joint_short_sampler_output_integrity_checked_not_posterior
scalar_v6_sampler_qualifications 308 /1620 2f6e0e69b81d2db2af058e6c425372acf69dbc52038b872ee6170b99bb640e85-centered-scalar-cjson-v6-chain4 full_joint_short_sampler_output_integrity_checked_not_posterior
scalar_v6_sampler_qualifications 309 /1620 2f6e0e69b81d2db2af058e6c425372acf69dbc52038b872ee6170b99bb640e85-package-scalar-cjson-v6-chain1 full_joint_short_sampler_output_integrity_checked_not_posterior
scalar_v6_sampler_qualifications 310 /1620 2f6e0e69b81d2db2af058e6c425372acf69dbc52038b872ee6170b99bb640e85-package-scalar-cjson-v6-chain2 full_joint_short_sampler_output_integrity_checked_not_posterior
scalar_v6_sampler_qualifications 311 /1620 30e9feb390463bebf7d2b799f5dc4d267e9684b2c6ffb849785305427e5e4a0b-broad-scalar-cjson-v6-chain2 full_joint_short_sampler_output_integrity_checked_not_posterior
scalar_v6_sampler_qualifications 312 /1620 2f6e0e69b81d2db2af058e6c425372acf69dbc52038b872ee6170b99bb640e85-package-scalar-cjson-v6-chain3 full_joint_short_sampler_output_integrity_checked_not_posterior
scalar_v6_sampler_qualifications 313 /1620 2f6e0e69b81d2db2af058e6c425372acf69dbc52038b872ee6170b99bb640e85-package-scalar-cjson-v6-chain4 full_joint_short_sampler_output_integrity_checked_not_posterior
scalar_v6_sampler_qualifications 314 /1620 30e9feb390463bebf7d2b799f5dc4d267e9684b2c6ffb849785305427e5e4a0b-broad-scalar-cjson-v6-chain3 full_joint_short_sampler_output_integrity_checked_not_posterior
scalar_v6_sampler_qualifications 315 /1620 30e9feb390463bebf7d2b799f5dc4d267e9684b2c6ffb849785305427e5e4a0b-package-scalar-cjson-v6-chain2 full_joint_short_sampler_output_integrity_checked_not_posterior
scalar_v6_sampler_qualifications 316 /1620 30e9feb390463bebf7d2b799f5dc4d267e9684b2c6ffb849785305427e5e4a0b-broad-scalar-cjson-v6-chain1 full_joint_short_sampler_output_integrity_checked_not_posterior
scalar_v6_sampler_qualifications 317 /1620 30e9feb390463bebf7d2b799f5dc4d267e9684b2c6ffb849785305427e5e4a0b-centered-scalar-cjson-v6-chain3 full_joint_short_sampler_output_integrity_checked_not_posterior
scalar_v6_sampler_qualifications 318 /1620 30e9feb390463bebf7d2b799f5dc4d267e9684b2c6ffb849785305427e5e4a0b-centered-scalar-cjson-v6-chain4 full_joint_short_sampler_output_integrity_checked_not_posterior
scalar_v6_sampler_qualifications 319 /1620 30e9feb390463bebf7d2b799f5dc4d267e9684b2c6ffb849785305427e5e4a0b-centered-scalar-cjson-v6-chain1 full_joint_short_sampler_output_integrity_checked_not_posterior
scalar_v6_sampler_qualifications 320 /1620 30e9feb390463bebf7d2b799f5dc4d267e9684b2c6ffb849785305427e5e4a0b-package-scalar-cjson-v6-chain1 full_joint_short_sampler_output_integrity_checked_not_posterior
scalar_v6_sampler_qualifications 321 /1620 30e9feb390463bebf7d2b799f5dc4d267e9684b2c6ffb849785305427e5e4a0b-broad-scalar-cjson-v6-chain4 full_joint_short_sampler_output_integrity_checked_not_posterior
scalar_v6_sampler_qualifications 322 /1620 30e9feb390463bebf7d2b799f5dc4d267e9684b2c6ffb849785305427e5e4a0b-package-scalar-cjson-v6-chain3 full_joint_short_sampler_output_integrity_checked_not_posterior
scalar_v6_sampler_qualifications 323 /1620 30e9feb390463bebf7d2b799f5dc4d267e9684b2c6ffb849785305427e5e4a0b-centered-scalar-cjson-v6-chain2 full_joint_short_sampler_output_integrity_checked_not_posterior
scalar_v6_sampler_qualifications 324 /1620 30e9feb390463bebf7d2b799f5dc4d267e9684b2c6ffb849785305427e5e4a0b-package-scalar-cjson-v6-chain4 full_joint_short_sampler_output_integrity_checked_not_posterior
scalar_v6_sampler_qualifications 325 /1620 31a229377f5371b1d962d0db682d7f4db982d896f4618360850c47f55b35c64b-broad-scalar-cjson-v6-chain1 full_joint_short_sampler_output_integrity_checked_not_posterior
scalar_v6_sampler_qualifications 326 /1620 31a229377f5371b1d962d0db682d7f4db982d896f4618360850c47f55b35c64b-broad-scalar-cjson-v6-chain3 full_joint_short_sampler_output_integrity_checked_not_posterior
scalar_v6_sampler_qualifications 327 /1620 31a229377f5371b1d962d0db682d7f4db982d896f4618360850c47f55b35c64b-broad-scalar-cjson-v6-chain2 full_joint_short_sampler_output_integrity_checked_not_posterior
scalar_v6_sampler_qualifications 328 /1620 31a229377f5371b1d962d0db682d7f4db982d896f4618360850c47f55b35c64b-broad-scalar-cjson-v6-chain4 full_joint_short_sampler_output_integrity_checked_not_posterior
scalar_v6_sampler_qualifications 329 /1620 31a229377f5371b1d962d0db682d7f4db982d896f4618360850c47f55b35c64b-centered-scalar-cjson-v6-chain1 full_joint_short_sampler_output_integrity_checked_not_posterior
scalar_v6_sampler_qualifications 330 /1620 31a229377f5371b1d962d0db682d7f4db982d896f4618360850c47f55b35c64b-centered-scalar-cjson-v6-chain3 full_joint_short_sampler_output_integrity_checked_not_posterior
scalar_v6_sampler_qualifications 331 /1620 31a229377f5371b1d962d0db682d7f4db982d896f4618360850c47f55b35c64b-centered-scalar-cjson-v6-chain2 full_joint_short_sampler_output_integrity_checked_not_posterior
scalar_v6_sampler_qualifications 332 /1620 390c70a50ec3c01d565f1225c76b74d51ed3ce66266a173cedc72a32b1ea62f9-broad-scalar-cjson-v6-chain1 full_joint_short_sampler_output_integrity_checked_not_posterior
scalar_v6_sampler_qualifications 333 /1620 390c70a50ec3c01d565f1225c76b74d51ed3ce66266a173cedc72a32b1ea62f9-broad-scalar-cjson-v6-chain2 full_joint_short_sampler_output_integrity_checked_not_posterior
scalar_v6_sampler_qualifications 334 /1620 31a229377f5371b1d962d0db682d7f4db982d896f4618360850c47f55b35c64b-package-scalar-cjson-v6-chain3 full_joint_short_sampler_output_integrity_checked_not_posterior
scalar_v6_sampler_qualifications 335 /1620 31a229377f5371b1d962d0db682d7f4db982d896f4618360850c47f55b35c64b-package-scalar-cjson-v6-chain1 full_joint_short_sampler_output_integrity_checked_not_posterior
scalar_v6_sampler_qualifications 336 /1620 31a229377f5371b1d962d0db682d7f4db982d896f4618360850c47f55b35c64b-centered-scalar-cjson-v6-chain4 full_joint_short_sampler_output_integrity_checked_not_posterior
scalar_v6_sampler_qualifications 337 /1620 390c70a50ec3c01d565f1225c76b74d51ed3ce66266a173cedc72a32b1ea62f9-broad-scalar-cjson-v6-chain3 full_joint_short_sampler_output_integrity_checked_not_posterior
scalar_v6_sampler_qualifications 338 /1620 31a229377f5371b1d962d0db682d7f4db982d896f4618360850c47f55b35c64b-package-scalar-cjson-v6-chain4 full_joint_short_sampler_output_integrity_checked_not_posterior
scalar_v6_sampler_qualifications 339 /1620 31a229377f5371b1d962d0db682d7f4db982d896f4618360850c47f55b35c64b-package-scalar-cjson-v6-chain2 full_joint_short_sampler_output_integrity_checked_not_posterior
scalar_v6_sampler_qualifications 340 /1620 390c70a50ec3c01d565f1225c76b74d51ed3ce66266a173cedc72a32b1ea62f9-broad-scalar-cjson-v6-chain4 full_joint_short_sampler_output_integrity_checked_not_posterior
scalar_v6_sampler_qualifications 341 /1620 390c70a50ec3c01d565f1225c76b74d51ed3ce66266a173cedc72a32b1ea62f9-centered-scalar-cjson-v6-chain2 full_joint_short_sampler_output_integrity_checked_not_posterior
scalar_v6_sampler_qualifications 342 /1620 390c70a50ec3c01d565f1225c76b74d51ed3ce66266a173cedc72a32b1ea62f9-centered-scalar-cjson-v6-chain1 full_joint_short_sampler_output_integrity_checked_not_posterior
scalar_v6_sampler_qualifications 343 /1620 390c70a50ec3c01d565f1225c76b74d51ed3ce66266a173cedc72a32b1ea62f9-centered-scalar-cjson-v6-chain3 full_joint_short_sampler_output_integrity_checked_not_posterior
scalar_v6_sampler_qualifications 344 /1620 3ab7dbb5d0f576417e9734ff08c2dd6c6d2bbd655059c1339dc94b5d69459d45-broad-scalar-cjson-v6-chain1 full_joint_short_sampler_output_integrity_checked_not_posterior
scalar_v6_sampler_qualifications 345 /1620 390c70a50ec3c01d565f1225c76b74d51ed3ce66266a173cedc72a32b1ea62f9-centered-scalar-cjson-v6-chain4 full_joint_short_sampler_output_integrity_checked_not_posterior
scalar_v6_sampler_qualifications 346 /1620 390c70a50ec3c01d565f1225c76b74d51ed3ce66266a173cedc72a32b1ea62f9-package-scalar-cjson-v6-chain4 full_joint_short_sampler_output_integrity_checked_not_posterior
scalar_v6_sampler_qualifications 347 /1620 390c70a50ec3c01d565f1225c76b74d51ed3ce66266a173cedc72a32b1ea62f9-package-scalar-cjson-v6-chain3 full_joint_short_sampler_output_integrity_checked_not_posterior
scalar_v6_sampler_qualifications 348 /1620 390c70a50ec3c01d565f1225c76b74d51ed3ce66266a173cedc72a32b1ea62f9-package-scalar-cjson-v6-chain1 full_joint_short_sampler_output_integrity_checked_not_posterior
scalar_v6_sampler_qualifications 349 /1620 3ab7dbb5d0f576417e9734ff08c2dd6c6d2bbd655059c1339dc94b5d69459d45-broad-scalar-cjson-v6-chain3 full_joint_short_sampler_output_integrity_checked_not_posterior
scalar_v6_sampler_qualifications 350 /1620 390c70a50ec3c01d565f1225c76b74d51ed3ce66266a173cedc72a32b1ea62f9-package-scalar-cjson-v6-chain2 full_joint_short_sampler_output_integrity_checked_not_posterior
scalar_v6_sampler_qualifications 351 /1620 3ab7dbb5d0f576417e9734ff08c2dd6c6d2bbd655059c1339dc94b5d69459d45-broad-scalar-cjson-v6-chain2 full_joint_short_sampler_output_integrity_checked_not_posterior
scalar_v6_sampler_qualifications 352 /1620 3ab7dbb5d0f576417e9734ff08c2dd6c6d2bbd655059c1339dc94b5d69459d45-centered-scalar-cjson-v6-chain1 full_joint_short_sampler_output_integrity_checked_not_posterior
scalar_v6_sampler_qualifications 353 /1620 3ab7dbb5d0f576417e9734ff08c2dd6c6d2bbd655059c1339dc94b5d69459d45-broad-scalar-cjson-v6-chain4 full_joint_short_sampler_output_integrity_checked_not_posterior
scalar_v6_sampler_qualifications 354 /1620 3ab7dbb5d0f576417e9734ff08c2dd6c6d2bbd655059c1339dc94b5d69459d45-centered-scalar-cjson-v6-chain2 full_joint_short_sampler_output_integrity_checked_not_posterior
scalar_v6_sampler_qualifications 355 /1620 3ab7dbb5d0f576417e9734ff08c2dd6c6d2bbd655059c1339dc94b5d69459d45-centered-scalar-cjson-v6-chain4 full_joint_short_sampler_output_integrity_checked_not_posterior
scalar_v6_sampler_qualifications 356 /1620 3ab7dbb5d0f576417e9734ff08c2dd6c6d2bbd655059c1339dc94b5d69459d45-package-scalar-cjson-v6-chain2 full_joint_short_sampler_output_integrity_checked_not_posterior
scalar_v6_sampler_qualifications 357 /1620 3ab7dbb5d0f576417e9734ff08c2dd6c6d2bbd655059c1339dc94b5d69459d45-centered-scalar-cjson-v6-chain3 full_joint_short_sampler_output_integrity_checked_not_posterior
scalar_v6_sampler_qualifications 358 /1620 3ab7dbb5d0f576417e9734ff08c2dd6c6d2bbd655059c1339dc94b5d69459d45-package-scalar-cjson-v6-chain3 full_joint_short_sampler_output_integrity_checked_not_posterior
scalar_v6_sampler_qualifications 359 /1620 3ab7dbb5d0f576417e9734ff08c2dd6c6d2bbd655059c1339dc94b5d69459d45-package-scalar-cjson-v6-chain1 full_joint_short_sampler_output_integrity_checked_not_posterior
scalar_v6_sampler_qualifications 360 /1620 3f62e01a8660a779c90eae5e1d9bbc7bcbd31b1ec053dac1acd77126f3790fcc-broad-scalar-cjson-v6-chain1 full_joint_short_sampler_output_integrity_checked_not_posterior
scalar_v6_sampler_qualifications 361 /1620 3ab7dbb5d0f576417e9734ff08c2dd6c6d2bbd655059c1339dc94b5d69459d45-package-scalar-cjson-v6-chain4 full_joint_short_sampler_output_integrity_checked_not_posterior
scalar_v6_sampler_qualifications 362 /1620 3f62e01a8660a779c90eae5e1d9bbc7bcbd31b1ec053dac1acd77126f3790fcc-broad-scalar-cjson-v6-chain2 full_joint_short_sampler_output_integrity_checked_not_posterior
scalar_v6_sampler_qualifications 363 /1620 3f62e01a8660a779c90eae5e1d9bbc7bcbd31b1ec053dac1acd77126f3790fcc-broad-scalar-cjson-v6-chain3 full_joint_short_sampler_output_integrity_checked_not_posterior
scalar_v6_sampler_qualifications 364 /1620 3f62e01a8660a779c90eae5e1d9bbc7bcbd31b1ec053dac1acd77126f3790fcc-centered-scalar-cjson-v6-chain2 full_joint_short_sampler_output_integrity_checked_not_posterior
scalar_v6_sampler_qualifications 365 /1620 3f62e01a8660a779c90eae5e1d9bbc7bcbd31b1ec053dac1acd77126f3790fcc-centered-scalar-cjson-v6-chain1 full_joint_short_sampler_output_integrity_checked_not_posterior
scalar_v6_sampler_qualifications 366 /1620 3f62e01a8660a779c90eae5e1d9bbc7bcbd31b1ec053dac1acd77126f3790fcc-centered-scalar-cjson-v6-chain3 full_joint_short_sampler_output_integrity_checked_not_posterior
scalar_v6_sampler_qualifications 367 /1620 3f62e01a8660a779c90eae5e1d9bbc7bcbd31b1ec053dac1acd77126f3790fcc-package-scalar-cjson-v6-chain1 full_joint_short_sampler_output_integrity_checked_not_posterior
scalar_v6_sampler_qualifications 368 /1620 3f62e01a8660a779c90eae5e1d9bbc7bcbd31b1ec053dac1acd77126f3790fcc-broad-scalar-cjson-v6-chain4 full_joint_short_sampler_output_integrity_checked_not_posterior
scalar_v6_sampler_qualifications 369 /1620 3f62e01a8660a779c90eae5e1d9bbc7bcbd31b1ec053dac1acd77126f3790fcc-centered-scalar-cjson-v6-chain4 full_joint_short_sampler_output_integrity_checked_not_posterior
scalar_v6_sampler_qualifications 370 /1620 3f62e01a8660a779c90eae5e1d9bbc7bcbd31b1ec053dac1acd77126f3790fcc-package-scalar-cjson-v6-chain2 full_joint_short_sampler_output_integrity_checked_not_posterior
scalar_v6_sampler_qualifications 371 /1620 3f62e01a8660a779c90eae5e1d9bbc7bcbd31b1ec053dac1acd77126f3790fcc-package-scalar-cjson-v6-chain3 full_joint_short_sampler_output_integrity_checked_not_posterior
scalar_v6_sampler_qualifications 372 /1620 4128a59a0b902b6e1a580c55305b80c9d69592a83be096b22ab24a18fc098680-broad-scalar-cjson-v6-chain1 full_joint_short_sampler_output_integrity_checked_not_posterior
scalar_v6_sampler_qualifications 373 /1620 4128a59a0b902b6e1a580c55305b80c9d69592a83be096b22ab24a18fc098680-broad-scalar-cjson-v6-chain2 full_joint_short_sampler_output_integrity_checked_not_posterior
scalar_v6_sampler_qualifications 374 /1620 4128a59a0b902b6e1a580c55305b80c9d69592a83be096b22ab24a18fc098680-broad-scalar-cjson-v6-chain3 full_joint_short_sampler_output_integrity_checked_not_posterior
scalar_v6_sampler_qualifications 375 /1620 3f62e01a8660a779c90eae5e1d9bbc7bcbd31b1ec053dac1acd77126f3790fcc-package-scalar-cjson-v6-chain4 full_joint_short_sampler_output_integrity_checked_not_posterior
scalar_v6_sampler_qualifications 376 /1620 4128a59a0b902b6e1a580c55305b80c9d69592a83be096b22ab24a18fc098680-broad-scalar-cjson-v6-chain4 full_joint_short_sampler_output_integrity_checked_not_posterior
scalar_v6_sampler_qualifications 377 /1620 4128a59a0b902b6e1a580c55305b80c9d69592a83be096b22ab24a18fc098680-centered-scalar-cjson-v6-chain4 full_joint_short_sampler_output_integrity_checked_not_posterior
scalar_v6_sampler_qualifications 378 /1620 4128a59a0b902b6e1a580c55305b80c9d69592a83be096b22ab24a18fc098680-centered-scalar-cjson-v6-chain1 full_joint_short_sampler_output_integrity_checked_not_posterior
scalar_v6_sampler_qualifications 379 /1620 4128a59a0b902b6e1a580c55305b80c9d69592a83be096b22ab24a18fc098680-centered-scalar-cjson-v6-chain2 full_joint_short_sampler_output_integrity_checked_not_posterior
scalar_v6_sampler_qualifications 380 /1620 4128a59a0b902b6e1a580c55305b80c9d69592a83be096b22ab24a18fc098680-centered-scalar-cjson-v6-chain3 full_joint_short_sampler_output_integrity_checked_not_posterior
scalar_v6_sampler_qualifications 381 /1620 4128a59a0b902b6e1a580c55305b80c9d69592a83be096b22ab24a18fc098680-package-scalar-cjson-v6-chain1 full_joint_short_sampler_output_integrity_checked_not_posterior
scalar_v6_sampler_qualifications 382 /1620 4128a59a0b902b6e1a580c55305b80c9d69592a83be096b22ab24a18fc098680-package-scalar-cjson-v6-chain3 full_joint_short_sampler_output_integrity_checked_not_posterior
scalar_v6_sampler_qualifications 383 /1620 4128a59a0b902b6e1a580c55305b80c9d69592a83be096b22ab24a18fc098680-package-scalar-cjson-v6-chain4 full_joint_short_sampler_output_integrity_checked_not_posterior
scalar_v6_sampler_qualifications 384 /1620 41ddef2f3dd8342f1a3d3b8c2009a6c535e46733a73cc4755936f2c674a493bc-broad-scalar-cjson-v6-chain2 full_joint_short_sampler_output_integrity_checked_not_posterior
scalar_v6_sampler_qualifications 385 /1620 4128a59a0b902b6e1a580c55305b80c9d69592a83be096b22ab24a18fc098680-package-scalar-cjson-v6-chain2 full_joint_short_sampler_output_integrity_checked_not_posterior
scalar_v6_sampler_qualifications 386 /1620 41ddef2f3dd8342f1a3d3b8c2009a6c535e46733a73cc4755936f2c674a493bc-broad-scalar-cjson-v6-chain1 full_joint_short_sampler_output_integrity_checked_not_posterior
scalar_v6_sampler_qualifications 387 /1620 41ddef2f3dd8342f1a3d3b8c2009a6c535e46733a73cc4755936f2c674a493bc-broad-scalar-cjson-v6-chain3 full_joint_short_sampler_output_integrity_checked_not_posterior
scalar_v6_sampler_qualifications 388 /1620 41ddef2f3dd8342f1a3d3b8c2009a6c535e46733a73cc4755936f2c674a493bc-centered-scalar-cjson-v6-chain1 full_joint_short_sampler_output_integrity_checked_not_posterior
scalar_v6_sampler_qualifications 389 /1620 41ddef2f3dd8342f1a3d3b8c2009a6c535e46733a73cc4755936f2c674a493bc-broad-scalar-cjson-v6-chain4 full_joint_short_sampler_output_integrity_checked_not_posterior
scalar_v6_sampler_qualifications 390 /1620 41ddef2f3dd8342f1a3d3b8c2009a6c535e46733a73cc4755936f2c674a493bc-centered-scalar-cjson-v6-chain3 full_joint_short_sampler_output_integrity_checked_not_posterior
scalar_v6_sampler_qualifications 391 /1620 41ddef2f3dd8342f1a3d3b8c2009a6c535e46733a73cc4755936f2c674a493bc-centered-scalar-cjson-v6-chain2 full_joint_short_sampler_output_integrity_checked_not_posterior
scalar_v6_sampler_qualifications 392 /1620 41ddef2f3dd8342f1a3d3b8c2009a6c535e46733a73cc4755936f2c674a493bc-centered-scalar-cjson-v6-chain4 full_joint_short_sampler_output_integrity_checked_not_posterior
scalar_v6_sampler_qualifications 393 /1620 41ddef2f3dd8342f1a3d3b8c2009a6c535e46733a73cc4755936f2c674a493bc-package-scalar-cjson-v6-chain3 full_joint_short_sampler_output_integrity_checked_not_posterior
scalar_v6_sampler_qualifications 394 /1620 41ddef2f3dd8342f1a3d3b8c2009a6c535e46733a73cc4755936f2c674a493bc-package-scalar-cjson-v6-chain2 full_joint_short_sampler_output_integrity_checked_not_posterior
scalar_v6_sampler_qualifications 395 /1620 41ddef2f3dd8342f1a3d3b8c2009a6c535e46733a73cc4755936f2c674a493bc-package-scalar-cjson-v6-chain4 full_joint_short_sampler_output_integrity_checked_not_posterior
scalar_v6_sampler_qualifications 396 /1620 4399a4155d07a1241e725f45f89958f239f65767083366d475c76130e7797ffa-broad-scalar-cjson-v6-chain1 full_joint_short_sampler_output_integrity_checked_not_posterior
scalar_v6_sampler_qualifications 397 /1620 41ddef2f3dd8342f1a3d3b8c2009a6c535e46733a73cc4755936f2c674a493bc-package-scalar-cjson-v6-chain1 full_joint_short_sampler_output_integrity_checked_not_posterior
scalar_v6_sampler_qualifications 398 /1620 4399a4155d07a1241e725f45f89958f239f65767083366d475c76130e7797ffa-broad-scalar-cjson-v6-chain3 full_joint_short_sampler_output_integrity_checked_not_posterior
scalar_v6_sampler_qualifications 399 /1620 4399a4155d07a1241e725f45f89958f239f65767083366d475c76130e7797ffa-centered-scalar-cjson-v6-chain1 full_joint_short_sampler_output_integrity_checked_not_posterior
scalar_v6_sampler_qualifications 400 /1620 4399a4155d07a1241e725f45f89958f239f65767083366d475c76130e7797ffa-centered-scalar-cjson-v6-chain2 full_joint_short_sampler_output_integrity_checked_not_posterior
scalar_v6_sampler_qualifications 401 /1620 4399a4155d07a1241e725f45f89958f239f65767083366d475c76130e7797ffa-broad-scalar-cjson-v6-chain4 full_joint_short_sampler_output_integrity_checked_not_posterior
scalar_v6_sampler_qualifications 402 /1620 4399a4155d07a1241e725f45f89958f239f65767083366d475c76130e7797ffa-centered-scalar-cjson-v6-chain3 full_joint_short_sampler_output_integrity_checked_not_posterior
scalar_v6_sampler_qualifications 403 /1620 4399a4155d07a1241e725f45f89958f239f65767083366d475c76130e7797ffa-broad-scalar-cjson-v6-chain2 full_joint_short_sampler_output_integrity_checked_not_posterior
scalar_v6_sampler_qualifications 404 /1620 4399a4155d07a1241e725f45f89958f239f65767083366d475c76130e7797ffa-centered-scalar-cjson-v6-chain4 full_joint_short_sampler_output_integrity_checked_not_posterior
scalar_v6_sampler_qualifications 405 /1620 4399a4155d07a1241e725f45f89958f239f65767083366d475c76130e7797ffa-package-scalar-cjson-v6-chain2 full_joint_short_sampler_output_integrity_checked_not_posterior
scalar_v6_sampler_qualifications 406 /1620 4399a4155d07a1241e725f45f89958f239f65767083366d475c76130e7797ffa-package-scalar-cjson-v6-chain3 full_joint_short_sampler_output_integrity_checked_not_posterior
scalar_v6_sampler_qualifications 407 /1620 4399a4155d07a1241e725f45f89958f239f65767083366d475c76130e7797ffa-package-scalar-cjson-v6-chain1 full_joint_short_sampler_output_integrity_checked_not_posterior
scalar_v6_sampler_qualifications 408 /1620 4554868ba9129a5c1eeb21e1918a199689a1e6af30cb33264c505796844cc7f3-broad-scalar-cjson-v6-chain3 full_joint_short_sampler_output_integrity_checked_not_posterior
scalar_v6_sampler_qualifications 409 /1620 4554868ba9129a5c1eeb21e1918a199689a1e6af30cb33264c505796844cc7f3-broad-scalar-cjson-v6-chain1 full_joint_short_sampler_output_integrity_checked_not_posterior
scalar_v6_sampler_qualifications 410 /1620 4399a4155d07a1241e725f45f89958f239f65767083366d475c76130e7797ffa-package-scalar-cjson-v6-chain4 full_joint_short_sampler_output_integrity_checked_not_posterior
scalar_v6_sampler_qualifications 411 /1620 4554868ba9129a5c1eeb21e1918a199689a1e6af30cb33264c505796844cc7f3-broad-scalar-cjson-v6-chain2 full_joint_short_sampler_output_integrity_checked_not_posterior
scalar_v6_sampler_qualifications 412 /1620 4554868ba9129a5c1eeb21e1918a199689a1e6af30cb33264c505796844cc7f3-broad-scalar-cjson-v6-chain4 full_joint_short_sampler_output_integrity_checked_not_posterior
scalar_v6_sampler_qualifications 413 /1620 4554868ba9129a5c1eeb21e1918a199689a1e6af30cb33264c505796844cc7f3-package-scalar-cjson-v6-chain2 full_joint_short_sampler_output_integrity_checked_not_posterior
scalar_v6_sampler_qualifications 414 /1620 4554868ba9129a5c1eeb21e1918a199689a1e6af30cb33264c505796844cc7f3-centered-scalar-cjson-v6-chain3 full_joint_short_sampler_output_integrity_checked_not_posterior
scalar_v6_sampler_qualifications 415 /1620 4554868ba9129a5c1eeb21e1918a199689a1e6af30cb33264c505796844cc7f3-centered-scalar-cjson-v6-chain2 full_joint_short_sampler_output_integrity_checked_not_posterior
scalar_v6_sampler_qualifications 416 /1620 4554868ba9129a5c1eeb21e1918a199689a1e6af30cb33264c505796844cc7f3-centered-scalar-cjson-v6-chain1 full_joint_short_sampler_output_integrity_checked_not_posterior
scalar_v6_sampler_qualifications 417 /1620 4554868ba9129a5c1eeb21e1918a199689a1e6af30cb33264c505796844cc7f3-centered-scalar-cjson-v6-chain4 full_joint_short_sampler_output_integrity_checked_not_posterior
scalar_v6_sampler_qualifications 418 /1620 4554868ba9129a5c1eeb21e1918a199689a1e6af30cb33264c505796844cc7f3-package-scalar-cjson-v6-chain1 full_joint_short_sampler_output_integrity_checked_not_posterior
scalar_v6_sampler_qualifications 419 /1620 4554868ba9129a5c1eeb21e1918a199689a1e6af30cb33264c505796844cc7f3-package-scalar-cjson-v6-chain4 full_joint_short_sampler_output_integrity_checked_not_posterior
scalar_v6_sampler_qualifications 420 /1620 4554868ba9129a5c1eeb21e1918a199689a1e6af30cb33264c505796844cc7f3-package-scalar-cjson-v6-chain3 full_joint_short_sampler_output_integrity_checked_not_posterior
scalar_v6_sampler_qualifications 421 /1620 46487a57b971e78785ec4ffad6c0821e5b83ff117b5928fb0febb7cbd4890b3a-broad-scalar-cjson-v6-chain2 full_joint_short_sampler_output_integrity_checked_not_posterior
scalar_v6_sampler_qualifications 422 /1620 46487a57b971e78785ec4ffad6c0821e5b83ff117b5928fb0febb7cbd4890b3a-broad-scalar-cjson-v6-chain1 full_joint_short_sampler_output_integrity_checked_not_posterior
scalar_v6_sampler_qualifications 423 /1620 46487a57b971e78785ec4ffad6c0821e5b83ff117b5928fb0febb7cbd4890b3a-broad-scalar-cjson-v6-chain3 full_joint_short_sampler_output_integrity_checked_not_posterior
scalar_v6_sampler_qualifications 424 /1620 46487a57b971e78785ec4ffad6c0821e5b83ff117b5928fb0febb7cbd4890b3a-broad-scalar-cjson-v6-chain4 full_joint_short_sampler_output_integrity_checked_not_posterior
scalar_v6_sampler_qualifications 425 /1620 46487a57b971e78785ec4ffad6c0821e5b83ff117b5928fb0febb7cbd4890b3a-centered-scalar-cjson-v6-chain1 full_joint_short_sampler_output_integrity_checked_not_posterior
scalar_v6_sampler_qualifications 426 /1620 46487a57b971e78785ec4ffad6c0821e5b83ff117b5928fb0febb7cbd4890b3a-centered-scalar-cjson-v6-chain3 full_joint_short_sampler_output_integrity_checked_not_posterior
scalar_v6_sampler_qualifications 427 /1620 46487a57b971e78785ec4ffad6c0821e5b83ff117b5928fb0febb7cbd4890b3a-centered-scalar-cjson-v6-chain2 full_joint_short_sampler_output_integrity_checked_not_posterior
scalar_v6_sampler_qualifications 428 /1620 46487a57b971e78785ec4ffad6c0821e5b83ff117b5928fb0febb7cbd4890b3a-centered-scalar-cjson-v6-chain4 full_joint_short_sampler_output_integrity_checked_not_posterior
scalar_v6_sampler_qualifications 429 /1620 46487a57b971e78785ec4ffad6c0821e5b83ff117b5928fb0febb7cbd4890b3a-package-scalar-cjson-v6-chain2 full_joint_short_sampler_output_integrity_checked_not_posterior
scalar_v6_sampler_qualifications 430 /1620 46487a57b971e78785ec4ffad6c0821e5b83ff117b5928fb0febb7cbd4890b3a-package-scalar-cjson-v6-chain1 full_joint_short_sampler_output_integrity_checked_not_posterior
scalar_v6_sampler_qualifications 431 /1620 477b72f96230bf6bec0d82e9f80883ec3ef23ed1bc162be793f9629f2d12e6f0-broad-scalar-cjson-v6-chain1 full_joint_short_sampler_output_integrity_checked_not_posterior
scalar_v6_sampler_qualifications 432 /1620 46487a57b971e78785ec4ffad6c0821e5b83ff117b5928fb0febb7cbd4890b3a-package-scalar-cjson-v6-chain4 full_joint_short_sampler_output_integrity_checked_not_posterior
scalar_v6_sampler_qualifications 433 /1620 477b72f96230bf6bec0d82e9f80883ec3ef23ed1bc162be793f9629f2d12e6f0-broad-scalar-cjson-v6-chain2 full_joint_short_sampler_output_integrity_checked_not_posterior
scalar_v6_sampler_qualifications 434 /1620 46487a57b971e78785ec4ffad6c0821e5b83ff117b5928fb0febb7cbd4890b3a-package-scalar-cjson-v6-chain3 full_joint_short_sampler_output_integrity_checked_not_posterior
scalar_v6_sampler_qualifications 435 /1620 477b72f96230bf6bec0d82e9f80883ec3ef23ed1bc162be793f9629f2d12e6f0-broad-scalar-cjson-v6-chain3 full_joint_short_sampler_output_integrity_checked_not_posterior
scalar_v6_sampler_qualifications 436 /1620 477b72f96230bf6bec0d82e9f80883ec3ef23ed1bc162be793f9629f2d12e6f0-broad-scalar-cjson-v6-chain4 full_joint_short_sampler_output_integrity_checked_not_posterior
scalar_v6_sampler_qualifications 437 /1620 477b72f96230bf6bec0d82e9f80883ec3ef23ed1bc162be793f9629f2d12e6f0-centered-scalar-cjson-v6-chain2 full_joint_short_sampler_output_integrity_checked_not_posterior
scalar_v6_sampler_qualifications 438 /1620 477b72f96230bf6bec0d82e9f80883ec3ef23ed1bc162be793f9629f2d12e6f0-centered-scalar-cjson-v6-chain3 full_joint_short_sampler_output_integrity_checked_not_posterior
scalar_v6_sampler_qualifications 439 /1620 477b72f96230bf6bec0d82e9f80883ec3ef23ed1bc162be793f9629f2d12e6f0-centered-scalar-cjson-v6-chain4 full_joint_short_sampler_output_integrity_checked_not_posterior
scalar_v6_sampler_qualifications 440 /1620 477b72f96230bf6bec0d82e9f80883ec3ef23ed1bc162be793f9629f2d12e6f0-package-scalar-cjson-v6-chain2 full_joint_short_sampler_output_integrity_checked_not_posterior
scalar_v6_sampler_qualifications 441 /1620 477b72f96230bf6bec0d82e9f80883ec3ef23ed1bc162be793f9629f2d12e6f0-centered-scalar-cjson-v6-chain1 full_joint_short_sampler_output_integrity_checked_not_posterior
scalar_v6_sampler_qualifications 442 /1620 477b72f96230bf6bec0d82e9f80883ec3ef23ed1bc162be793f9629f2d12e6f0-package-scalar-cjson-v6-chain3 full_joint_short_sampler_output_integrity_checked_not_posterior
scalar_v6_sampler_qualifications 443 /1620 477b72f96230bf6bec0d82e9f80883ec3ef23ed1bc162be793f9629f2d12e6f0-package-scalar-cjson-v6-chain1 full_joint_short_sampler_output_integrity_checked_not_posterior
scalar_v6_sampler_qualifications 444 /1620 4825ef56f94053f03607294554865781775aa2179c0d6124231490bd96c8c456-broad-scalar-cjson-v6-chain4 full_joint_short_sampler_output_integrity_checked_not_posterior
scalar_v6_sampler_qualifications 445 /1620 477b72f96230bf6bec0d82e9f80883ec3ef23ed1bc162be793f9629f2d12e6f0-package-scalar-cjson-v6-chain4 full_joint_short_sampler_output_integrity_checked_not_posterior
scalar_v6_sampler_qualifications 446 /1620 4825ef56f94053f03607294554865781775aa2179c0d6124231490bd96c8c456-broad-scalar-cjson-v6-chain2 full_joint_short_sampler_output_integrity_checked_not_posterior
scalar_v6_sampler_qualifications 447 /1620 4825ef56f94053f03607294554865781775aa2179c0d6124231490bd96c8c456-broad-scalar-cjson-v6-chain3 full_joint_short_sampler_output_integrity_checked_not_posterior
scalar_v6_sampler_qualifications 448 /1620 4825ef56f94053f03607294554865781775aa2179c0d6124231490bd96c8c456-broad-scalar-cjson-v6-chain1 full_joint_short_sampler_output_integrity_checked_not_posterior
scalar_v6_sampler_qualifications 449 /1620 4825ef56f94053f03607294554865781775aa2179c0d6124231490bd96c8c456-centered-scalar-cjson-v6-chain1 full_joint_short_sampler_output_integrity_checked_not_posterior
scalar_v6_sampler_qualifications 450 /1620 4825ef56f94053f03607294554865781775aa2179c0d6124231490bd96c8c456-centered-scalar-cjson-v6-chain2 full_joint_short_sampler_output_integrity_checked_not_posterior
scalar_v6_sampler_qualifications 451 /1620 4825ef56f94053f03607294554865781775aa2179c0d6124231490bd96c8c456-centered-scalar-cjson-v6-chain4 full_joint_short_sampler_output_integrity_checked_not_posterior
scalar_v6_sampler_qualifications 452 /1620 4825ef56f94053f03607294554865781775aa2179c0d6124231490bd96c8c456-package-scalar-cjson-v6-chain1 full_joint_short_sampler_output_integrity_checked_not_posterior
scalar_v6_sampler_qualifications 453 /1620 4825ef56f94053f03607294554865781775aa2179c0d6124231490bd96c8c456-centered-scalar-cjson-v6-chain3 full_joint_short_sampler_output_integrity_checked_not_posterior
scalar_v6_sampler_qualifications 454 /1620 4825ef56f94053f03607294554865781775aa2179c0d6124231490bd96c8c456-package-scalar-cjson-v6-chain2 full_joint_short_sampler_output_integrity_checked_not_posterior
scalar_v6_sampler_qualifications 455 /1620 4825ef56f94053f03607294554865781775aa2179c0d6124231490bd96c8c456-package-scalar-cjson-v6-chain3 full_joint_short_sampler_output_integrity_checked_not_posterior
scalar_v6_sampler_qualifications 456 /1620 4848bf5bd69e8a58650eca9ecd6a39c44e5bec6c66b2b29f731fd4072c56d067-broad-scalar-cjson-v6-chain1 full_joint_short_sampler_output_integrity_checked_not_posterior
scalar_v6_sampler_qualifications 457 /1620 4848bf5bd69e8a58650eca9ecd6a39c44e5bec6c66b2b29f731fd4072c56d067-broad-scalar-cjson-v6-chain2 full_joint_short_sampler_output_integrity_checked_not_posterior
scalar_v6_sampler_qualifications 458 /1620 4848bf5bd69e8a58650eca9ecd6a39c44e5bec6c66b2b29f731fd4072c56d067-broad-scalar-cjson-v6-chain4 full_joint_short_sampler_output_integrity_checked_not_posterior
scalar_v6_sampler_qualifications 459 /1620 4848bf5bd69e8a58650eca9ecd6a39c44e5bec6c66b2b29f731fd4072c56d067-broad-scalar-cjson-v6-chain3 full_joint_short_sampler_output_integrity_checked_not_posterior
scalar_v6_sampler_qualifications 460 /1620 4848bf5bd69e8a58650eca9ecd6a39c44e5bec6c66b2b29f731fd4072c56d067-centered-scalar-cjson-v6-chain3 full_joint_short_sampler_output_integrity_checked_not_posterior
scalar_v6_sampler_qualifications 461 /1620 4848bf5bd69e8a58650eca9ecd6a39c44e5bec6c66b2b29f731fd4072c56d067-centered-scalar-cjson-v6-chain1 full_joint_short_sampler_output_integrity_checked_not_posterior
scalar_v6_sampler_qualifications 462 /1620 4825ef56f94053f03607294554865781775aa2179c0d6124231490bd96c8c456-package-scalar-cjson-v6-chain4 full_joint_short_sampler_output_integrity_checked_not_posterior
scalar_v6_sampler_qualifications 463 /1620 4848bf5bd69e8a58650eca9ecd6a39c44e5bec6c66b2b29f731fd4072c56d067-centered-scalar-cjson-v6-chain4 full_joint_short_sampler_output_integrity_checked_not_posterior
scalar_v6_sampler_qualifications 464 /1620 4848bf5bd69e8a58650eca9ecd6a39c44e5bec6c66b2b29f731fd4072c56d067-centered-scalar-cjson-v6-chain2 full_joint_short_sampler_output_integrity_checked_not_posterior
scalar_v6_sampler_qualifications 465 /1620 4848bf5bd69e8a58650eca9ecd6a39c44e5bec6c66b2b29f731fd4072c56d067-package-scalar-cjson-v6-chain1 full_joint_short_sampler_output_integrity_checked_not_posterior
scalar_v6_sampler_qualifications 466 /1620 4848bf5bd69e8a58650eca9ecd6a39c44e5bec6c66b2b29f731fd4072c56d067-package-scalar-cjson-v6-chain4 full_joint_short_sampler_output_integrity_checked_not_posterior
scalar_v6_sampler_qualifications 467 /1620 4848bf5bd69e8a58650eca9ecd6a39c44e5bec6c66b2b29f731fd4072c56d067-package-scalar-cjson-v6-chain3 full_joint_short_sampler_output_integrity_checked_not_posterior
scalar_v6_sampler_qualifications 468 /1620 4848bf5bd69e8a58650eca9ecd6a39c44e5bec6c66b2b29f731fd4072c56d067-package-scalar-cjson-v6-chain2 full_joint_short_sampler_output_integrity_checked_not_posterior
scalar_v6_sampler_qualifications 469 /1620 48661894e1421b1c807ff33886cc2860944f1a7b1f8d9d624fddd74de6f7337b-broad-scalar-cjson-v6-chain1 full_joint_short_sampler_output_integrity_checked_not_posterior
scalar_v6_sampler_qualifications 470 /1620 48661894e1421b1c807ff33886cc2860944f1a7b1f8d9d624fddd74de6f7337b-broad-scalar-cjson-v6-chain2 full_joint_short_sampler_output_integrity_checked_not_posterior
scalar_v6_sampler_qualifications 471 /1620 48661894e1421b1c807ff33886cc2860944f1a7b1f8d9d624fddd74de6f7337b-centered-scalar-cjson-v6-chain1 full_joint_short_sampler_output_integrity_checked_not_posterior
scalar_v6_sampler_qualifications 472 /1620 48661894e1421b1c807ff33886cc2860944f1a7b1f8d9d624fddd74de6f7337b-broad-scalar-cjson-v6-chain3 full_joint_short_sampler_output_integrity_checked_not_posterior
scalar_v6_sampler_qualifications 473 /1620 48661894e1421b1c807ff33886cc2860944f1a7b1f8d9d624fddd74de6f7337b-broad-scalar-cjson-v6-chain4 full_joint_short_sampler_output_integrity_checked_not_posterior
scalar_v6_sampler_qualifications 474 /1620 48661894e1421b1c807ff33886cc2860944f1a7b1f8d9d624fddd74de6f7337b-centered-scalar-cjson-v6-chain2 full_joint_short_sampler_output_integrity_checked_not_posterior
scalar_v6_sampler_qualifications 475 /1620 48661894e1421b1c807ff33886cc2860944f1a7b1f8d9d624fddd74de6f7337b-centered-scalar-cjson-v6-chain3 full_joint_short_sampler_output_integrity_checked_not_posterior
scalar_v6_sampler_qualifications 476 /1620 48661894e1421b1c807ff33886cc2860944f1a7b1f8d9d624fddd74de6f7337b-package-scalar-cjson-v6-chain3 full_joint_short_sampler_output_integrity_checked_not_posterior
scalar_v6_sampler_qualifications 477 /1620 48661894e1421b1c807ff33886cc2860944f1a7b1f8d9d624fddd74de6f7337b-package-scalar-cjson-v6-chain1 full_joint_short_sampler_output_integrity_checked_not_posterior
scalar_v6_sampler_qualifications 478 /1620 48661894e1421b1c807ff33886cc2860944f1a7b1f8d9d624fddd74de6f7337b-package-scalar-cjson-v6-chain2 full_joint_short_sampler_output_integrity_checked_not_posterior
scalar_v6_sampler_qualifications 479 /1620 48661894e1421b1c807ff33886cc2860944f1a7b1f8d9d624fddd74de6f7337b-package-scalar-cjson-v6-chain4 full_joint_short_sampler_output_integrity_checked_not_posterior
scalar_v6_sampler_qualifications 480 /1620 48661894e1421b1c807ff33886cc2860944f1a7b1f8d9d624fddd74de6f7337b-centered-scalar-cjson-v6-chain4 full_joint_short_sampler_output_integrity_checked_not_posterior
scalar_v6_sampler_qualifications 481 /1620 498bc2cddb01a705da9e9f3537c7bf1823aa7470c4620443b1bc968d537cba26-broad-scalar-cjson-v6-chain3 full_joint_short_sampler_output_integrity_checked_not_posterior
scalar_v6_sampler_qualifications 482 /1620 498bc2cddb01a705da9e9f3537c7bf1823aa7470c4620443b1bc968d537cba26-broad-scalar-cjson-v6-chain2 full_joint_short_sampler_output_integrity_checked_not_posterior
scalar_v6_sampler_qualifications 483 /1620 498bc2cddb01a705da9e9f3537c7bf1823aa7470c4620443b1bc968d537cba26-broad-scalar-cjson-v6-chain1 full_joint_short_sampler_output_integrity_checked_not_posterior
scalar_v6_sampler_qualifications 484 /1620 498bc2cddb01a705da9e9f3537c7bf1823aa7470c4620443b1bc968d537cba26-broad-scalar-cjson-v6-chain4 full_joint_short_sampler_output_integrity_checked_not_posterior
scalar_v6_sampler_qualifications 485 /1620 498bc2cddb01a705da9e9f3537c7bf1823aa7470c4620443b1bc968d537cba26-centered-scalar-cjson-v6-chain1 full_joint_short_sampler_output_integrity_checked_not_posterior
scalar_v6_sampler_qualifications 486 /1620 498bc2cddb01a705da9e9f3537c7bf1823aa7470c4620443b1bc968d537cba26-centered-scalar-cjson-v6-chain2 full_joint_short_sampler_output_integrity_checked_not_posterior
scalar_v6_sampler_qualifications 487 /1620 4abdc7b5120979390f2cd827ba1b05ce9c081e1450c7fc4c3a81aa6c6f1b9e87-broad-scalar-cjson-v6-chain1 full_joint_short_sampler_output_integrity_checked_not_posterior
scalar_v6_sampler_qualifications 488 /1620 498bc2cddb01a705da9e9f3537c7bf1823aa7470c4620443b1bc968d537cba26-centered-scalar-cjson-v6-chain3 full_joint_short_sampler_output_integrity_checked_not_posterior
scalar_v6_sampler_qualifications 489 /1620 498bc2cddb01a705da9e9f3537c7bf1823aa7470c4620443b1bc968d537cba26-package-scalar-cjson-v6-chain1 full_joint_short_sampler_output_integrity_checked_not_posterior
scalar_v6_sampler_qualifications 490 /1620 498bc2cddb01a705da9e9f3537c7bf1823aa7470c4620443b1bc968d537cba26-package-scalar-cjson-v6-chain2 full_joint_short_sampler_output_integrity_checked_not_posterior
scalar_v6_sampler_qualifications 491 /1620 498bc2cddb01a705da9e9f3537c7bf1823aa7470c4620443b1bc968d537cba26-package-scalar-cjson-v6-chain3 full_joint_short_sampler_output_integrity_checked_not_posterior
scalar_v6_sampler_qualifications 492 /1620 498bc2cddb01a705da9e9f3537c7bf1823aa7470c4620443b1bc968d537cba26-centered-scalar-cjson-v6-chain4 full_joint_short_sampler_output_integrity_checked_not_posterior
scalar_v6_sampler_qualifications 493 /1620 498bc2cddb01a705da9e9f3537c7bf1823aa7470c4620443b1bc968d537cba26-package-scalar-cjson-v6-chain4 full_joint_short_sampler_output_integrity_checked_not_posterior
scalar_v6_sampler_qualifications 494 /1620 4abdc7b5120979390f2cd827ba1b05ce9c081e1450c7fc4c3a81aa6c6f1b9e87-broad-scalar-cjson-v6-chain2 full_joint_short_sampler_output_integrity_checked_not_posterior
scalar_v6_sampler_qualifications 495 /1620 4abdc7b5120979390f2cd827ba1b05ce9c081e1450c7fc4c3a81aa6c6f1b9e87-broad-scalar-cjson-v6-chain4 full_joint_short_sampler_output_integrity_checked_not_posterior
scalar_v6_sampler_qualifications 496 /1620 4abdc7b5120979390f2cd827ba1b05ce9c081e1450c7fc4c3a81aa6c6f1b9e87-broad-scalar-cjson-v6-chain3 full_joint_short_sampler_output_integrity_checked_not_posterior
scalar_v6_sampler_qualifications 497 /1620 4abdc7b5120979390f2cd827ba1b05ce9c081e1450c7fc4c3a81aa6c6f1b9e87-centered-scalar-cjson-v6-chain2 full_joint_short_sampler_output_integrity_checked_not_posterior
scalar_v6_sampler_qualifications 498 /1620 4abdc7b5120979390f2cd827ba1b05ce9c081e1450c7fc4c3a81aa6c6f1b9e87-centered-scalar-cjson-v6-chain4 full_joint_short_sampler_output_integrity_checked_not_posterior
scalar_v6_sampler_qualifications 499 /1620 4abdc7b5120979390f2cd827ba1b05ce9c081e1450c7fc4c3a81aa6c6f1b9e87-centered-scalar-cjson-v6-chain1 full_joint_short_sampler_output_integrity_checked_not_posterior
scalar_v6_sampler_qualifications 500 /1620 4abdc7b5120979390f2cd827ba1b05ce9c081e1450c7fc4c3a81aa6c6f1b9e87-centered-scalar-cjson-v6-chain3 full_joint_short_sampler_output_integrity_checked_not_posterior
scalar_v6_sampler_qualifications 501 /1620 4abdc7b5120979390f2cd827ba1b05ce9c081e1450c7fc4c3a81aa6c6f1b9e87-package-scalar-cjson-v6-chain2 full_joint_short_sampler_output_integrity_checked_not_posterior
scalar_v6_sampler_qualifications 502 /1620 4abdc7b5120979390f2cd827ba1b05ce9c081e1450c7fc4c3a81aa6c6f1b9e87-package-scalar-cjson-v6-chain1 full_joint_short_sampler_output_integrity_checked_not_posterior
scalar_v6_sampler_qualifications 503 /1620 4ce42bf019c5e5feb555122bbcee11d9333ed60cbb2bcb66ab8b351bf35adf31-broad-scalar-cjson-v6-chain2 full_joint_short_sampler_output_integrity_checked_not_posterior
scalar_v6_sampler_qualifications 504 /1620 4abdc7b5120979390f2cd827ba1b05ce9c081e1450c7fc4c3a81aa6c6f1b9e87-package-scalar-cjson-v6-chain4 full_joint_short_sampler_output_integrity_checked_not_posterior
scalar_v6_sampler_qualifications 505 /1620 4abdc7b5120979390f2cd827ba1b05ce9c081e1450c7fc4c3a81aa6c6f1b9e87-package-scalar-cjson-v6-chain3 full_joint_short_sampler_output_integrity_checked_not_posterior
scalar_v6_sampler_qualifications 506 /1620 4ce42bf019c5e5feb555122bbcee11d9333ed60cbb2bcb66ab8b351bf35adf31-broad-scalar-cjson-v6-chain4 full_joint_short_sampler_output_integrity_checked_not_posterior
scalar_v6_sampler_qualifications 507 /1620 4ce42bf019c5e5feb555122bbcee11d9333ed60cbb2bcb66ab8b351bf35adf31-broad-scalar-cjson-v6-chain3 full_joint_short_sampler_output_integrity_checked_not_posterior
scalar_v6_sampler_qualifications 508 /1620 4ce42bf019c5e5feb555122bbcee11d9333ed60cbb2bcb66ab8b351bf35adf31-broad-scalar-cjson-v6-chain1 full_joint_short_sampler_output_integrity_checked_not_posterior
scalar_v6_sampler_qualifications 509 /1620 4ce42bf019c5e5feb555122bbcee11d9333ed60cbb2bcb66ab8b351bf35adf31-centered-scalar-cjson-v6-chain1 full_joint_short_sampler_output_integrity_checked_not_posterior
scalar_v6_sampler_qualifications 510 /1620 4ce42bf019c5e5feb555122bbcee11d9333ed60cbb2bcb66ab8b351bf35adf31-centered-scalar-cjson-v6-chain2 full_joint_short_sampler_output_integrity_checked_not_posterior
scalar_v6_sampler_qualifications 511 /1620 4ce42bf019c5e5feb555122bbcee11d9333ed60cbb2bcb66ab8b351bf35adf31-centered-scalar-cjson-v6-chain4 full_joint_short_sampler_output_integrity_checked_not_posterior
scalar_v6_sampler_qualifications 512 /1620 4ce42bf019c5e5feb555122bbcee11d9333ed60cbb2bcb66ab8b351bf35adf31-centered-scalar-cjson-v6-chain3 full_joint_short_sampler_output_integrity_checked_not_posterior
scalar_v6_sampler_qualifications 513 /1620 4ce42bf019c5e5feb555122bbcee11d9333ed60cbb2bcb66ab8b351bf35adf31-package-scalar-cjson-v6-chain2 full_joint_short_sampler_output_integrity_checked_not_posterior
scalar_v6_sampler_qualifications 514 /1620 4ce42bf019c5e5feb555122bbcee11d9333ed60cbb2bcb66ab8b351bf35adf31-package-scalar-cjson-v6-chain1 full_joint_short_sampler_output_integrity_checked_not_posterior
scalar_v6_sampler_qualifications 515 /1620 508fc9bf77466b21bba50fd94777a33597aa09a1f69c36b85b212b362b523f63-broad-scalar-cjson-v6-chain1 full_joint_short_sampler_output_integrity_checked_not_posterior
scalar_v6_sampler_qualifications 516 /1620 4ce42bf019c5e5feb555122bbcee11d9333ed60cbb2bcb66ab8b351bf35adf31-package-scalar-cjson-v6-chain4 full_joint_short_sampler_output_integrity_checked_not_posterior
scalar_v6_sampler_qualifications 517 /1620 4ce42bf019c5e5feb555122bbcee11d9333ed60cbb2bcb66ab8b351bf35adf31-package-scalar-cjson-v6-chain3 full_joint_short_sampler_output_integrity_checked_not_posterior
scalar_v6_sampler_qualifications 518 /1620 508fc9bf77466b21bba50fd94777a33597aa09a1f69c36b85b212b362b523f63-broad-scalar-cjson-v6-chain3 full_joint_short_sampler_output_integrity_checked_not_posterior
scalar_v6_sampler_qualifications 519 /1620 508fc9bf77466b21bba50fd94777a33597aa09a1f69c36b85b212b362b523f63-broad-scalar-cjson-v6-chain4 full_joint_short_sampler_output_integrity_checked_not_posterior
scalar_v6_sampler_qualifications 520 /1620 508fc9bf77466b21bba50fd94777a33597aa09a1f69c36b85b212b362b523f63-broad-scalar-cjson-v6-chain2 full_joint_short_sampler_output_integrity_checked_not_posterior
scalar_v6_sampler_qualifications 521 /1620 508fc9bf77466b21bba50fd94777a33597aa09a1f69c36b85b212b362b523f63-centered-scalar-cjson-v6-chain1 full_joint_short_sampler_output_integrity_checked_not_posterior
scalar_v6_sampler_qualifications 522 /1620 508fc9bf77466b21bba50fd94777a33597aa09a1f69c36b85b212b362b523f63-centered-scalar-cjson-v6-chain3 full_joint_short_sampler_output_integrity_checked_not_posterior
scalar_v6_sampler_qualifications 523 /1620 508fc9bf77466b21bba50fd94777a33597aa09a1f69c36b85b212b362b523f63-centered-scalar-cjson-v6-chain2 full_joint_short_sampler_output_integrity_checked_not_posterior
scalar_v6_sampler_qualifications 524 /1620 508fc9bf77466b21bba50fd94777a33597aa09a1f69c36b85b212b362b523f63-package-scalar-cjson-v6-chain3 full_joint_short_sampler_output_integrity_checked_not_posterior
scalar_v6_sampler_qualifications 525 /1620 508fc9bf77466b21bba50fd94777a33597aa09a1f69c36b85b212b362b523f63-centered-scalar-cjson-v6-chain4 full_joint_short_sampler_output_integrity_checked_not_posterior
scalar_v6_sampler_qualifications 526 /1620 508fc9bf77466b21bba50fd94777a33597aa09a1f69c36b85b212b362b523f63-package-scalar-cjson-v6-chain1 full_joint_short_sampler_output_integrity_checked_not_posterior
scalar_v6_sampler_qualifications 527 /1620 508fc9bf77466b21bba50fd94777a33597aa09a1f69c36b85b212b362b523f63-package-scalar-cjson-v6-chain2 full_joint_short_sampler_output_integrity_checked_not_posterior
scalar_v6_sampler_qualifications 528 /1620 50f9950a28cb22ce4c5d15cd5a1e0e1230fb66df0ea3969184ab6a7f591f4509-broad-scalar-cjson-v6-chain1 full_joint_short_sampler_output_integrity_checked_not_posterior
scalar_v6_sampler_qualifications 529 /1620 508fc9bf77466b21bba50fd94777a33597aa09a1f69c36b85b212b362b523f63-package-scalar-cjson-v6-chain4 full_joint_short_sampler_output_integrity_checked_not_posterior
scalar_v6_sampler_qualifications 530 /1620 50f9950a28cb22ce4c5d15cd5a1e0e1230fb66df0ea3969184ab6a7f591f4509-broad-scalar-cjson-v6-chain2 full_joint_short_sampler_output_integrity_checked_not_posterior
scalar_v6_sampler_qualifications 531 /1620 50f9950a28cb22ce4c5d15cd5a1e0e1230fb66df0ea3969184ab6a7f591f4509-broad-scalar-cjson-v6-chain3 full_joint_short_sampler_output_integrity_checked_not_posterior
scalar_v6_sampler_qualifications 532 /1620 50f9950a28cb22ce4c5d15cd5a1e0e1230fb66df0ea3969184ab6a7f591f4509-broad-scalar-cjson-v6-chain4 full_joint_short_sampler_output_integrity_checked_not_posterior
scalar_v6_sampler_qualifications 533 /1620 50f9950a28cb22ce4c5d15cd5a1e0e1230fb66df0ea3969184ab6a7f591f4509-centered-scalar-cjson-v6-chain2 full_joint_short_sampler_output_integrity_checked_not_posterior
scalar_v6_sampler_qualifications 534 /1620 50f9950a28cb22ce4c5d15cd5a1e0e1230fb66df0ea3969184ab6a7f591f4509-centered-scalar-cjson-v6-chain4 full_joint_short_sampler_output_integrity_checked_not_posterior
scalar_v6_sampler_qualifications 535 /1620 50f9950a28cb22ce4c5d15cd5a1e0e1230fb66df0ea3969184ab6a7f591f4509-centered-scalar-cjson-v6-chain1 full_joint_short_sampler_output_integrity_checked_not_posterior
scalar_v6_sampler_qualifications 536 /1620 50f9950a28cb22ce4c5d15cd5a1e0e1230fb66df0ea3969184ab6a7f591f4509-package-scalar-cjson-v6-chain1 full_joint_short_sampler_output_integrity_checked_not_posterior
scalar_v6_sampler_qualifications 537 /1620 50f9950a28cb22ce4c5d15cd5a1e0e1230fb66df0ea3969184ab6a7f591f4509-package-scalar-cjson-v6-chain4 full_joint_short_sampler_output_integrity_checked_not_posterior
scalar_v6_sampler_qualifications 538 /1620 50f9950a28cb22ce4c5d15cd5a1e0e1230fb66df0ea3969184ab6a7f591f4509-package-scalar-cjson-v6-chain3 full_joint_short_sampler_output_integrity_checked_not_posterior
scalar_v6_sampler_qualifications 539 /1620 50f9950a28cb22ce4c5d15cd5a1e0e1230fb66df0ea3969184ab6a7f591f4509-package-scalar-cjson-v6-chain2 full_joint_short_sampler_output_integrity_checked_not_posterior
scalar_v6_sampler_qualifications 540 /1620 52d6f981f2d554eb4f9a2bdc645e7e7c35d55f93501d3f8d599364c88270b7e3-broad-scalar-cjson-v6-chain1 full_joint_short_sampler_output_integrity_checked_not_posterior
scalar_v6_sampler_qualifications 541 /1620 50f9950a28cb22ce4c5d15cd5a1e0e1230fb66df0ea3969184ab6a7f591f4509-centered-scalar-cjson-v6-chain3 full_joint_short_sampler_output_integrity_checked_not_posterior
scalar_v6_sampler_qualifications 542 /1620 52d6f981f2d554eb4f9a2bdc645e7e7c35d55f93501d3f8d599364c88270b7e3-broad-scalar-cjson-v6-chain3 full_joint_short_sampler_output_integrity_checked_not_posterior
scalar_v6_sampler_qualifications 543 /1620 52d6f981f2d554eb4f9a2bdc645e7e7c35d55f93501d3f8d599364c88270b7e3-broad-scalar-cjson-v6-chain2 full_joint_short_sampler_output_integrity_checked_not_posterior
scalar_v6_sampler_qualifications 544 /1620 52d6f981f2d554eb4f9a2bdc645e7e7c35d55f93501d3f8d599364c88270b7e3-broad-scalar-cjson-v6-chain4 full_joint_short_sampler_output_integrity_checked_not_posterior
scalar_v6_sampler_qualifications 545 /1620 52d6f981f2d554eb4f9a2bdc645e7e7c35d55f93501d3f8d599364c88270b7e3-centered-scalar-cjson-v6-chain1 full_joint_short_sampler_output_integrity_checked_not_posterior
scalar_v6_sampler_qualifications 546 /1620 52d6f981f2d554eb4f9a2bdc645e7e7c35d55f93501d3f8d599364c88270b7e3-centered-scalar-cjson-v6-chain2 full_joint_short_sampler_output_integrity_checked_not_posterior
scalar_v6_sampler_qualifications 547 /1620 52d6f981f2d554eb4f9a2bdc645e7e7c35d55f93501d3f8d599364c88270b7e3-centered-scalar-cjson-v6-chain3 full_joint_short_sampler_output_integrity_checked_not_posterior
scalar_v6_sampler_qualifications 548 /1620 52d6f981f2d554eb4f9a2bdc645e7e7c35d55f93501d3f8d599364c88270b7e3-package-scalar-cjson-v6-chain1 full_joint_short_sampler_output_integrity_checked_not_posterior
scalar_v6_sampler_qualifications 549 /1620 52d6f981f2d554eb4f9a2bdc645e7e7c35d55f93501d3f8d599364c88270b7e3-package-scalar-cjson-v6-chain4 full_joint_short_sampler_output_integrity_checked_not_posterior
scalar_v6_sampler_qualifications 550 /1620 52d6f981f2d554eb4f9a2bdc645e7e7c35d55f93501d3f8d599364c88270b7e3-centered-scalar-cjson-v6-chain4 full_joint_short_sampler_output_integrity_checked_not_posterior
scalar_v6_sampler_qualifications 551 /1620 52d6f981f2d554eb4f9a2bdc645e7e7c35d55f93501d3f8d599364c88270b7e3-package-scalar-cjson-v6-chain2 full_joint_short_sampler_output_integrity_checked_not_posterior
scalar_v6_sampler_qualifications 552 /1620 559e1a422554107faea28b00d53f56b62cdc247088dc1faba583304cbd7a9e73-broad-scalar-cjson-v6-chain1 full_joint_short_sampler_output_integrity_checked_not_posterior
scalar_v6_sampler_qualifications 553 /1620 52d6f981f2d554eb4f9a2bdc645e7e7c35d55f93501d3f8d599364c88270b7e3-package-scalar-cjson-v6-chain3 full_joint_short_sampler_output_integrity_checked_not_posterior
scalar_v6_sampler_qualifications 554 /1620 559e1a422554107faea28b00d53f56b62cdc247088dc1faba583304cbd7a9e73-broad-scalar-cjson-v6-chain2 full_joint_short_sampler_output_integrity_checked_not_posterior
scalar_v6_sampler_qualifications 555 /1620 559e1a422554107faea28b00d53f56b62cdc247088dc1faba583304cbd7a9e73-centered-scalar-cjson-v6-chain1 full_joint_short_sampler_output_integrity_checked_not_posterior
scalar_v6_sampler_qualifications 556 /1620 559e1a422554107faea28b00d53f56b62cdc247088dc1faba583304cbd7a9e73-broad-scalar-cjson-v6-chain4 full_joint_short_sampler_output_integrity_checked_not_posterior
scalar_v6_sampler_qualifications 557 /1620 559e1a422554107faea28b00d53f56b62cdc247088dc1faba583304cbd7a9e73-centered-scalar-cjson-v6-chain2 full_joint_short_sampler_output_integrity_checked_not_posterior
scalar_v6_sampler_qualifications 558 /1620 559e1a422554107faea28b00d53f56b62cdc247088dc1faba583304cbd7a9e73-centered-scalar-cjson-v6-chain3 full_joint_short_sampler_output_integrity_checked_not_posterior
scalar_v6_sampler_qualifications 559 /1620 559e1a422554107faea28b00d53f56b62cdc247088dc1faba583304cbd7a9e73-broad-scalar-cjson-v6-chain3 full_joint_short_sampler_output_integrity_checked_not_posterior
scalar_v6_sampler_qualifications 560 /1620 559e1a422554107faea28b00d53f56b62cdc247088dc1faba583304cbd7a9e73-centered-scalar-cjson-v6-chain4 full_joint_short_sampler_output_integrity_checked_not_posterior
scalar_v6_sampler_qualifications 561 /1620 559e1a422554107faea28b00d53f56b62cdc247088dc1faba583304cbd7a9e73-package-scalar-cjson-v6-chain1 full_joint_short_sampler_output_integrity_checked_not_posterior
scalar_v6_sampler_qualifications 562 /1620 559e1a422554107faea28b00d53f56b62cdc247088dc1faba583304cbd7a9e73-package-scalar-cjson-v6-chain2 full_joint_short_sampler_output_integrity_checked_not_posterior
scalar_v6_sampler_qualifications 563 /1620 559e1a422554107faea28b00d53f56b62cdc247088dc1faba583304cbd7a9e73-package-scalar-cjson-v6-chain4 full_joint_short_sampler_output_integrity_checked_not_posterior
scalar_v6_sampler_qualifications 564 /1620 59a8951eb5b4af4ae60075b92dda80a7d5002ac5a070d0bbf61aa1911b3fb48c-broad-scalar-cjson-v6-chain1 full_joint_short_sampler_output_integrity_checked_not_posterior
scalar_v6_sampler_qualifications 565 /1620 559e1a422554107faea28b00d53f56b62cdc247088dc1faba583304cbd7a9e73-package-scalar-cjson-v6-chain3 full_joint_short_sampler_output_integrity_checked_not_posterior
scalar_v6_sampler_qualifications 566 /1620 59a8951eb5b4af4ae60075b92dda80a7d5002ac5a070d0bbf61aa1911b3fb48c-broad-scalar-cjson-v6-chain2 full_joint_short_sampler_output_integrity_checked_not_posterior
scalar_v6_sampler_qualifications 567 /1620 59a8951eb5b4af4ae60075b92dda80a7d5002ac5a070d0bbf61aa1911b3fb48c-broad-scalar-cjson-v6-chain3 full_joint_short_sampler_output_integrity_checked_not_posterior
scalar_v6_sampler_qualifications 568 /1620 59a8951eb5b4af4ae60075b92dda80a7d5002ac5a070d0bbf61aa1911b3fb48c-broad-scalar-cjson-v6-chain4 full_joint_short_sampler_output_integrity_checked_not_posterior
scalar_v6_sampler_qualifications 569 /1620 59a8951eb5b4af4ae60075b92dda80a7d5002ac5a070d0bbf61aa1911b3fb48c-centered-scalar-cjson-v6-chain1 full_joint_short_sampler_output_integrity_checked_not_posterior
scalar_v6_sampler_qualifications 570 /1620 59a8951eb5b4af4ae60075b92dda80a7d5002ac5a070d0bbf61aa1911b3fb48c-centered-scalar-cjson-v6-chain3 full_joint_short_sampler_output_integrity_checked_not_posterior
scalar_v6_sampler_qualifications 571 /1620 59a8951eb5b4af4ae60075b92dda80a7d5002ac5a070d0bbf61aa1911b3fb48c-centered-scalar-cjson-v6-chain2 full_joint_short_sampler_output_integrity_checked_not_posterior
scalar_v6_sampler_qualifications 572 /1620 59a8951eb5b4af4ae60075b92dda80a7d5002ac5a070d0bbf61aa1911b3fb48c-centered-scalar-cjson-v6-chain4 full_joint_short_sampler_output_integrity_checked_not_posterior
scalar_v6_sampler_qualifications 573 /1620 59a8951eb5b4af4ae60075b92dda80a7d5002ac5a070d0bbf61aa1911b3fb48c-package-scalar-cjson-v6-chain1 full_joint_short_sampler_output_integrity_checked_not_posterior
scalar_v6_sampler_qualifications 574 /1620 5ad50d436080ff4b270dd3a5847c1b41c722b436ddee90f325cc38f305e1c183-broad-scalar-cjson-v6-chain2 full_joint_short_sampler_output_integrity_checked_not_posterior
scalar_v6_sampler_qualifications 575 /1620 59a8951eb5b4af4ae60075b92dda80a7d5002ac5a070d0bbf61aa1911b3fb48c-package-scalar-cjson-v6-chain2 full_joint_short_sampler_output_integrity_checked_not_posterior
scalar_v6_sampler_qualifications 576 /1620 59a8951eb5b4af4ae60075b92dda80a7d5002ac5a070d0bbf61aa1911b3fb48c-package-scalar-cjson-v6-chain3 full_joint_short_sampler_output_integrity_checked_not_posterior
scalar_v6_sampler_qualifications 577 /1620 5ad50d436080ff4b270dd3a5847c1b41c722b436ddee90f325cc38f305e1c183-broad-scalar-cjson-v6-chain1 full_joint_short_sampler_output_integrity_checked_not_posterior
scalar_v6_sampler_qualifications 578 /1620 59a8951eb5b4af4ae60075b92dda80a7d5002ac5a070d0bbf61aa1911b3fb48c-package-scalar-cjson-v6-chain4 full_joint_short_sampler_output_integrity_checked_not_posterior
scalar_v6_sampler_qualifications 579 /1620 5ad50d436080ff4b270dd3a5847c1b41c722b436ddee90f325cc38f305e1c183-broad-scalar-cjson-v6-chain3 full_joint_short_sampler_output_integrity_checked_not_posterior
scalar_v6_sampler_qualifications 580 /1620 5ad50d436080ff4b270dd3a5847c1b41c722b436ddee90f325cc38f305e1c183-broad-scalar-cjson-v6-chain4 full_joint_short_sampler_output_integrity_checked_not_posterior
scalar_v6_sampler_qualifications 581 /1620 5ad50d436080ff4b270dd3a5847c1b41c722b436ddee90f325cc38f305e1c183-centered-scalar-cjson-v6-chain1 full_joint_short_sampler_output_integrity_checked_not_posterior
scalar_v6_sampler_qualifications 582 /1620 5ad50d436080ff4b270dd3a5847c1b41c722b436ddee90f325cc38f305e1c183-centered-scalar-cjson-v6-chain3 full_joint_short_sampler_output_integrity_checked_not_posterior
scalar_v6_sampler_qualifications 583 /1620 5ad50d436080ff4b270dd3a5847c1b41c722b436ddee90f325cc38f305e1c183-centered-scalar-cjson-v6-chain4 full_joint_short_sampler_output_integrity_checked_not_posterior
scalar_v6_sampler_qualifications 584 /1620 5ad50d436080ff4b270dd3a5847c1b41c722b436ddee90f325cc38f305e1c183-centered-scalar-cjson-v6-chain2 full_joint_short_sampler_output_integrity_checked_not_posterior
scalar_v6_sampler_qualifications 585 /1620 5ad50d436080ff4b270dd3a5847c1b41c722b436ddee90f325cc38f305e1c183-package-scalar-cjson-v6-chain2 full_joint_short_sampler_output_integrity_checked_not_posterior
scalar_v6_sampler_qualifications 586 /1620 5ad50d436080ff4b270dd3a5847c1b41c722b436ddee90f325cc38f305e1c183-package-scalar-cjson-v6-chain3 full_joint_short_sampler_output_integrity_checked_not_posterior
scalar_v6_sampler_qualifications 587 /1620 5ad50d436080ff4b270dd3a5847c1b41c722b436ddee90f325cc38f305e1c183-package-scalar-cjson-v6-chain1 full_joint_short_sampler_output_integrity_checked_not_posterior
scalar_v6_sampler_qualifications 588 /1620 5f2cff54944534f753c85f2b8b0fdc85ba08428ca525eb0bdba8445af2ff0484-broad-scalar-cjson-v6-chain2 full_joint_short_sampler_output_integrity_checked_not_posterior
scalar_v6_sampler_qualifications 589 /1620 5f2cff54944534f753c85f2b8b0fdc85ba08428ca525eb0bdba8445af2ff0484-broad-scalar-cjson-v6-chain3 full_joint_short_sampler_output_integrity_checked_not_posterior
scalar_v6_sampler_qualifications 590 /1620 5ad50d436080ff4b270dd3a5847c1b41c722b436ddee90f325cc38f305e1c183-package-scalar-cjson-v6-chain4 full_joint_short_sampler_output_integrity_checked_not_posterior
scalar_v6_sampler_qualifications 591 /1620 5f2cff54944534f753c85f2b8b0fdc85ba08428ca525eb0bdba8445af2ff0484-broad-scalar-cjson-v6-chain4 full_joint_short_sampler_output_integrity_checked_not_posterior
scalar_v6_sampler_qualifications 592 /1620 5f2cff54944534f753c85f2b8b0fdc85ba08428ca525eb0bdba8445af2ff0484-centered-scalar-cjson-v6-chain1 full_joint_short_sampler_output_integrity_checked_not_posterior
scalar_v6_sampler_qualifications 593 /1620 5f2cff54944534f753c85f2b8b0fdc85ba08428ca525eb0bdba8445af2ff0484-broad-scalar-cjson-v6-chain1 full_joint_short_sampler_output_integrity_checked_not_posterior
scalar_v6_sampler_qualifications 594 /1620 5f2cff54944534f753c85f2b8b0fdc85ba08428ca525eb0bdba8445af2ff0484-centered-scalar-cjson-v6-chain3 full_joint_short_sampler_output_integrity_checked_not_posterior
scalar_v6_sampler_qualifications 595 /1620 5f2cff54944534f753c85f2b8b0fdc85ba08428ca525eb0bdba8445af2ff0484-centered-scalar-cjson-v6-chain2 full_joint_short_sampler_output_integrity_checked_not_posterior
scalar_v6_sampler_qualifications 596 /1620 5f2cff54944534f753c85f2b8b0fdc85ba08428ca525eb0bdba8445af2ff0484-package-scalar-cjson-v6-chain2 full_joint_short_sampler_output_integrity_checked_not_posterior
scalar_v6_sampler_qualifications 597 /1620 5f2cff54944534f753c85f2b8b0fdc85ba08428ca525eb0bdba8445af2ff0484-package-scalar-cjson-v6-chain1 full_joint_short_sampler_output_integrity_checked_not_posterior
scalar_v6_sampler_qualifications 598 /1620 5f2cff54944534f753c85f2b8b0fdc85ba08428ca525eb0bdba8445af2ff0484-centered-scalar-cjson-v6-chain4 full_joint_short_sampler_output_integrity_checked_not_posterior
scalar_v6_sampler_qualifications 599 /1620 5f2cff54944534f753c85f2b8b0fdc85ba08428ca525eb0bdba8445af2ff0484-package-scalar-cjson-v6-chain3 full_joint_short_sampler_output_integrity_checked_not_posterior
scalar_v6_sampler_qualifications 600 /1620 5f2cff54944534f753c85f2b8b0fdc85ba08428ca525eb0bdba8445af2ff0484-package-scalar-cjson-v6-chain4 full_joint_short_sampler_output_integrity_checked_not_posterior
scalar_v6_sampler_qualifications 601 /1620 602fa0164ff79f6cc47b75c4f472ece68e9bb46ca665071456f31b7109298d26-broad-scalar-cjson-v6-chain3 full_joint_short_sampler_output_integrity_checked_not_posterior
scalar_v6_sampler_qualifications 602 /1620 602fa0164ff79f6cc47b75c4f472ece68e9bb46ca665071456f31b7109298d26-broad-scalar-cjson-v6-chain1 full_joint_short_sampler_output_integrity_checked_not_posterior
scalar_v6_sampler_qualifications 603 /1620 602fa0164ff79f6cc47b75c4f472ece68e9bb46ca665071456f31b7109298d26-broad-scalar-cjson-v6-chain2 full_joint_short_sampler_output_integrity_checked_not_posterior
scalar_v6_sampler_qualifications 604 /1620 602fa0164ff79f6cc47b75c4f472ece68e9bb46ca665071456f31b7109298d26-broad-scalar-cjson-v6-chain4 full_joint_short_sampler_output_integrity_checked_not_posterior
scalar_v6_sampler_qualifications 605 /1620 602fa0164ff79f6cc47b75c4f472ece68e9bb46ca665071456f31b7109298d26-centered-scalar-cjson-v6-chain1 full_joint_short_sampler_output_integrity_checked_not_posterior
scalar_v6_sampler_qualifications 606 /1620 602fa0164ff79f6cc47b75c4f472ece68e9bb46ca665071456f31b7109298d26-centered-scalar-cjson-v6-chain3 full_joint_short_sampler_output_integrity_checked_not_posterior
scalar_v6_sampler_qualifications 607 /1620 602fa0164ff79f6cc47b75c4f472ece68e9bb46ca665071456f31b7109298d26-package-scalar-cjson-v6-chain1 full_joint_short_sampler_output_integrity_checked_not_posterior
scalar_v6_sampler_qualifications 608 /1620 602fa0164ff79f6cc47b75c4f472ece68e9bb46ca665071456f31b7109298d26-centered-scalar-cjson-v6-chain4 full_joint_short_sampler_output_integrity_checked_not_posterior
scalar_v6_sampler_qualifications 609 /1620 602fa0164ff79f6cc47b75c4f472ece68e9bb46ca665071456f31b7109298d26-centered-scalar-cjson-v6-chain2 full_joint_short_sampler_output_integrity_checked_not_posterior
scalar_v6_sampler_qualifications 610 /1620 602fa0164ff79f6cc47b75c4f472ece68e9bb46ca665071456f31b7109298d26-package-scalar-cjson-v6-chain4 full_joint_short_sampler_output_integrity_checked_not_posterior
scalar_v6_sampler_qualifications 611 /1620 602fa0164ff79f6cc47b75c4f472ece68e9bb46ca665071456f31b7109298d26-package-scalar-cjson-v6-chain2 full_joint_short_sampler_output_integrity_checked_not_posterior
scalar_v6_sampler_qualifications 612 /1620 64046e2e54e9cbad4d19cc24eadbe4264b801ae9b75ac704e125575c08501937-broad-scalar-cjson-v6-chain2 full_joint_short_sampler_output_integrity_checked_not_posterior
scalar_v6_sampler_qualifications 613 /1620 64046e2e54e9cbad4d19cc24eadbe4264b801ae9b75ac704e125575c08501937-broad-scalar-cjson-v6-chain3 full_joint_short_sampler_output_integrity_checked_not_posterior
scalar_v6_sampler_qualifications 614 /1620 602fa0164ff79f6cc47b75c4f472ece68e9bb46ca665071456f31b7109298d26-package-scalar-cjson-v6-chain3 full_joint_short_sampler_output_integrity_checked_not_posterior
scalar_v6_sampler_qualifications 615 /1620 64046e2e54e9cbad4d19cc24eadbe4264b801ae9b75ac704e125575c08501937-broad-scalar-cjson-v6-chain1 full_joint_short_sampler_output_integrity_checked_not_posterior
scalar_v6_sampler_qualifications 616 /1620 64046e2e54e9cbad4d19cc24eadbe4264b801ae9b75ac704e125575c08501937-broad-scalar-cjson-v6-chain4 full_joint_short_sampler_output_integrity_checked_not_posterior
scalar_v6_sampler_qualifications 617 /1620 64046e2e54e9cbad4d19cc24eadbe4264b801ae9b75ac704e125575c08501937-centered-scalar-cjson-v6-chain1 full_joint_short_sampler_output_integrity_checked_not_posterior
scalar_v6_sampler_qualifications 618 /1620 64046e2e54e9cbad4d19cc24eadbe4264b801ae9b75ac704e125575c08501937-package-scalar-cjson-v6-chain2 full_joint_short_sampler_output_integrity_checked_not_posterior
scalar_v6_sampler_qualifications 619 /1620 64046e2e54e9cbad4d19cc24eadbe4264b801ae9b75ac704e125575c08501937-centered-scalar-cjson-v6-chain2 full_joint_short_sampler_output_integrity_checked_not_posterior
scalar_v6_sampler_qualifications 620 /1620 645960b19ce0a5aecfc270e554c34ffe279eea2ca6448256ac748a130700e3b0-broad-scalar-cjson-v6-chain2 full_joint_short_sampler_output_integrity_checked_not_posterior
scalar_v6_sampler_qualifications 621 /1620 64046e2e54e9cbad4d19cc24eadbe4264b801ae9b75ac704e125575c08501937-package-scalar-cjson-v6-chain3 full_joint_short_sampler_output_integrity_checked_not_posterior
scalar_v6_sampler_qualifications 622 /1620 64046e2e54e9cbad4d19cc24eadbe4264b801ae9b75ac704e125575c08501937-centered-scalar-cjson-v6-chain3 full_joint_short_sampler_output_integrity_checked_not_posterior
scalar_v6_sampler_qualifications 623 /1620 645960b19ce0a5aecfc270e554c34ffe279eea2ca6448256ac748a130700e3b0-centered-scalar-cjson-v6-chain1 full_joint_short_sampler_output_integrity_checked_not_posterior
scalar_v6_sampler_qualifications 624 /1620 64046e2e54e9cbad4d19cc24eadbe4264b801ae9b75ac704e125575c08501937-package-scalar-cjson-v6-chain1 full_joint_short_sampler_output_integrity_checked_not_posterior
scalar_v6_sampler_qualifications 625 /1620 64046e2e54e9cbad4d19cc24eadbe4264b801ae9b75ac704e125575c08501937-centered-scalar-cjson-v6-chain4 full_joint_short_sampler_output_integrity_checked_not_posterior
scalar_v6_sampler_qualifications 626 /1620 645960b19ce0a5aecfc270e554c34ffe279eea2ca6448256ac748a130700e3b0-broad-scalar-cjson-v6-chain3 full_joint_short_sampler_output_integrity_checked_not_posterior
scalar_v6_sampler_qualifications 627 /1620 64046e2e54e9cbad4d19cc24eadbe4264b801ae9b75ac704e125575c08501937-package-scalar-cjson-v6-chain4 full_joint_short_sampler_output_integrity_checked_not_posterior
scalar_v6_sampler_qualifications 628 /1620 645960b19ce0a5aecfc270e554c34ffe279eea2ca6448256ac748a130700e3b0-broad-scalar-cjson-v6-chain1 full_joint_short_sampler_output_integrity_checked_not_posterior
scalar_v6_sampler_qualifications 629 /1620 645960b19ce0a5aecfc270e554c34ffe279eea2ca6448256ac748a130700e3b0-centered-scalar-cjson-v6-chain2 full_joint_short_sampler_output_integrity_checked_not_posterior
scalar_v6_sampler_qualifications 630 /1620 645960b19ce0a5aecfc270e554c34ffe279eea2ca6448256ac748a130700e3b0-broad-scalar-cjson-v6-chain4 full_joint_short_sampler_output_integrity_checked_not_posterior
scalar_v6_sampler_qualifications 631 /1620 645960b19ce0a5aecfc270e554c34ffe279eea2ca6448256ac748a130700e3b0-centered-scalar-cjson-v6-chain3 full_joint_short_sampler_output_integrity_checked_not_posterior
scalar_v6_sampler_qualifications 632 /1620 645960b19ce0a5aecfc270e554c34ffe279eea2ca6448256ac748a130700e3b0-package-scalar-cjson-v6-chain1 full_joint_short_sampler_output_integrity_checked_not_posterior
scalar_v6_sampler_qualifications 633 /1620 645960b19ce0a5aecfc270e554c34ffe279eea2ca6448256ac748a130700e3b0-centered-scalar-cjson-v6-chain4 full_joint_short_sampler_output_integrity_checked_not_posterior
scalar_v6_sampler_qualifications 634 /1620 645960b19ce0a5aecfc270e554c34ffe279eea2ca6448256ac748a130700e3b0-package-scalar-cjson-v6-chain3 full_joint_short_sampler_output_integrity_checked_not_posterior
scalar_v6_sampler_qualifications 635 /1620 645960b19ce0a5aecfc270e554c34ffe279eea2ca6448256ac748a130700e3b0-package-scalar-cjson-v6-chain2 full_joint_short_sampler_output_integrity_checked_not_posterior
scalar_v6_sampler_qualifications 636 /1620 659e4c0b5aa2dfeab71fd6de60602141b2df84be741179fbfc895744545e4d2b-broad-scalar-cjson-v6-chain3 full_joint_short_sampler_output_integrity_checked_not_posterior
scalar_v6_sampler_qualifications 637 /1620 659e4c0b5aa2dfeab71fd6de60602141b2df84be741179fbfc895744545e4d2b-centered-scalar-cjson-v6-chain1 full_joint_short_sampler_output_integrity_checked_not_posterior
scalar_v6_sampler_qualifications 638 /1620 659e4c0b5aa2dfeab71fd6de60602141b2df84be741179fbfc895744545e4d2b-broad-scalar-cjson-v6-chain2 full_joint_short_sampler_output_integrity_checked_not_posterior
scalar_v6_sampler_qualifications 639 /1620 659e4c0b5aa2dfeab71fd6de60602141b2df84be741179fbfc895744545e4d2b-centered-scalar-cjson-v6-chain3 full_joint_short_sampler_output_integrity_checked_not_posterior
scalar_v6_sampler_qualifications 640 /1620 645960b19ce0a5aecfc270e554c34ffe279eea2ca6448256ac748a130700e3b0-package-scalar-cjson-v6-chain4 full_joint_short_sampler_output_integrity_checked_not_posterior
scalar_v6_sampler_qualifications 641 /1620 659e4c0b5aa2dfeab71fd6de60602141b2df84be741179fbfc895744545e4d2b-broad-scalar-cjson-v6-chain1 full_joint_short_sampler_output_integrity_checked_not_posterior
scalar_v6_sampler_qualifications 642 /1620 659e4c0b5aa2dfeab71fd6de60602141b2df84be741179fbfc895744545e4d2b-broad-scalar-cjson-v6-chain4 full_joint_short_sampler_output_integrity_checked_not_posterior
scalar_v6_sampler_qualifications 643 /1620 659e4c0b5aa2dfeab71fd6de60602141b2df84be741179fbfc895744545e4d2b-package-scalar-cjson-v6-chain2 full_joint_short_sampler_output_integrity_checked_not_posterior
scalar_v6_sampler_qualifications 644 /1620 659e4c0b5aa2dfeab71fd6de60602141b2df84be741179fbfc895744545e4d2b-centered-scalar-cjson-v6-chain2 full_joint_short_sampler_output_integrity_checked_not_posterior
scalar_v6_sampler_qualifications 645 /1620 659e4c0b5aa2dfeab71fd6de60602141b2df84be741179fbfc895744545e4d2b-centered-scalar-cjson-v6-chain4 full_joint_short_sampler_output_integrity_checked_not_posterior
scalar_v6_sampler_qualifications 646 /1620 659e4c0b5aa2dfeab71fd6de60602141b2df84be741179fbfc895744545e4d2b-package-scalar-cjson-v6-chain1 full_joint_short_sampler_output_integrity_checked_not_posterior
scalar_v6_sampler_qualifications 647 /1620 659e4c0b5aa2dfeab71fd6de60602141b2df84be741179fbfc895744545e4d2b-package-scalar-cjson-v6-chain3 full_joint_short_sampler_output_integrity_checked_not_posterior
scalar_v6_sampler_qualifications 648 /1620 659e4c0b5aa2dfeab71fd6de60602141b2df84be741179fbfc895744545e4d2b-package-scalar-cjson-v6-chain4 full_joint_short_sampler_output_integrity_checked_not_posterior
scalar_v6_sampler_qualifications 649 /1620 6780022a846d37ceb58cddb7d53e0067405c928b4fc6e405cabbb0f62bd09a0c-broad-scalar-cjson-v6-chain1 full_joint_short_sampler_output_integrity_checked_not_posterior
scalar_v6_sampler_qualifications 650 /1620 6780022a846d37ceb58cddb7d53e0067405c928b4fc6e405cabbb0f62bd09a0c-broad-scalar-cjson-v6-chain2 full_joint_short_sampler_output_integrity_checked_not_posterior
scalar_v6_sampler_qualifications 651 /1620 6780022a846d37ceb58cddb7d53e0067405c928b4fc6e405cabbb0f62bd09a0c-broad-scalar-cjson-v6-chain4 full_joint_short_sampler_output_integrity_checked_not_posterior
scalar_v6_sampler_qualifications 652 /1620 6780022a846d37ceb58cddb7d53e0067405c928b4fc6e405cabbb0f62bd09a0c-package-scalar-cjson-v6-chain1 full_joint_short_sampler_output_integrity_checked_not_posterior
scalar_v6_sampler_qualifications 653 /1620 6780022a846d37ceb58cddb7d53e0067405c928b4fc6e405cabbb0f62bd09a0c-broad-scalar-cjson-v6-chain3 full_joint_short_sampler_output_integrity_checked_not_posterior
scalar_v6_sampler_qualifications 654 /1620 6780022a846d37ceb58cddb7d53e0067405c928b4fc6e405cabbb0f62bd09a0c-centered-scalar-cjson-v6-chain1 full_joint_short_sampler_output_integrity_checked_not_posterior
scalar_v6_sampler_qualifications 655 /1620 6780022a846d37ceb58cddb7d53e0067405c928b4fc6e405cabbb0f62bd09a0c-centered-scalar-cjson-v6-chain3 full_joint_short_sampler_output_integrity_checked_not_posterior
scalar_v6_sampler_qualifications 656 /1620 6780022a846d37ceb58cddb7d53e0067405c928b4fc6e405cabbb0f62bd09a0c-centered-scalar-cjson-v6-chain2 full_joint_short_sampler_output_integrity_checked_not_posterior
scalar_v6_sampler_qualifications 657 /1620 6780022a846d37ceb58cddb7d53e0067405c928b4fc6e405cabbb0f62bd09a0c-package-scalar-cjson-v6-chain3 full_joint_short_sampler_output_integrity_checked_not_posterior
scalar_v6_sampler_qualifications 658 /1620 6780022a846d37ceb58cddb7d53e0067405c928b4fc6e405cabbb0f62bd09a0c-package-scalar-cjson-v6-chain2 full_joint_short_sampler_output_integrity_checked_not_posterior
scalar_v6_sampler_qualifications 659 /1620 6780022a846d37ceb58cddb7d53e0067405c928b4fc6e405cabbb0f62bd09a0c-centered-scalar-cjson-v6-chain4 full_joint_short_sampler_output_integrity_checked_not_posterior
scalar_v6_sampler_qualifications 660 /1620 6be9338ed7273a20108313eb8cab3b6c8959d555496822a1c5a7525ba222b58f-broad-scalar-cjson-v6-chain2 full_joint_short_sampler_output_integrity_checked_not_posterior
scalar_v6_sampler_qualifications 661 /1620 6be9338ed7273a20108313eb8cab3b6c8959d555496822a1c5a7525ba222b58f-broad-scalar-cjson-v6-chain3 full_joint_short_sampler_output_integrity_checked_not_posterior
scalar_v6_sampler_qualifications 662 /1620 6be9338ed7273a20108313eb8cab3b6c8959d555496822a1c5a7525ba222b58f-broad-scalar-cjson-v6-chain4 full_joint_short_sampler_output_integrity_checked_not_posterior
scalar_v6_sampler_qualifications 663 /1620 6be9338ed7273a20108313eb8cab3b6c8959d555496822a1c5a7525ba222b58f-broad-scalar-cjson-v6-chain1 full_joint_short_sampler_output_integrity_checked_not_posterior
scalar_v6_sampler_qualifications 664 /1620 6780022a846d37ceb58cddb7d53e0067405c928b4fc6e405cabbb0f62bd09a0c-package-scalar-cjson-v6-chain4 full_joint_short_sampler_output_integrity_checked_not_posterior
scalar_v6_sampler_qualifications 665 /1620 6be9338ed7273a20108313eb8cab3b6c8959d555496822a1c5a7525ba222b58f-centered-scalar-cjson-v6-chain1 full_joint_short_sampler_output_integrity_checked_not_posterior
scalar_v6_sampler_qualifications 666 /1620 6be9338ed7273a20108313eb8cab3b6c8959d555496822a1c5a7525ba222b58f-centered-scalar-cjson-v6-chain3 full_joint_short_sampler_output_integrity_checked_not_posterior
scalar_v6_sampler_qualifications 667 /1620 6be9338ed7273a20108313eb8cab3b6c8959d555496822a1c5a7525ba222b58f-package-scalar-cjson-v6-chain1 full_joint_short_sampler_output_integrity_checked_not_posterior
scalar_v6_sampler_qualifications 668 /1620 6be9338ed7273a20108313eb8cab3b6c8959d555496822a1c5a7525ba222b58f-centered-scalar-cjson-v6-chain2 full_joint_short_sampler_output_integrity_checked_not_posterior
scalar_v6_sampler_qualifications 669 /1620 6be9338ed7273a20108313eb8cab3b6c8959d555496822a1c5a7525ba222b58f-package-scalar-cjson-v6-chain3 full_joint_short_sampler_output_integrity_checked_not_posterior
scalar_v6_sampler_qualifications 670 /1620 6be9338ed7273a20108313eb8cab3b6c8959d555496822a1c5a7525ba222b58f-package-scalar-cjson-v6-chain2 full_joint_short_sampler_output_integrity_checked_not_posterior
scalar_v6_sampler_qualifications 671 /1620 6be9338ed7273a20108313eb8cab3b6c8959d555496822a1c5a7525ba222b58f-centered-scalar-cjson-v6-chain4 full_joint_short_sampler_output_integrity_checked_not_posterior
scalar_v6_sampler_qualifications 672 /1620 6e2c9236ee2a9f0ca9b109da301c6b2e0fc5ed7abcd0d873af8b147bf317536a-broad-scalar-cjson-v6-chain1 full_joint_short_sampler_output_integrity_checked_not_posterior
scalar_v6_sampler_qualifications 673 /1620 6be9338ed7273a20108313eb8cab3b6c8959d555496822a1c5a7525ba222b58f-package-scalar-cjson-v6-chain4 full_joint_short_sampler_output_integrity_checked_not_posterior
scalar_v6_sampler_qualifications 674 /1620 6e2c9236ee2a9f0ca9b109da301c6b2e0fc5ed7abcd0d873af8b147bf317536a-broad-scalar-cjson-v6-chain4 full_joint_short_sampler_output_integrity_checked_not_posterior
scalar_v6_sampler_qualifications 675 /1620 6e2c9236ee2a9f0ca9b109da301c6b2e0fc5ed7abcd0d873af8b147bf317536a-centered-scalar-cjson-v6-chain3 full_joint_short_sampler_output_integrity_checked_not_posterior
scalar_v6_sampler_qualifications 676 /1620 6e2c9236ee2a9f0ca9b109da301c6b2e0fc5ed7abcd0d873af8b147bf317536a-broad-scalar-cjson-v6-chain2 full_joint_short_sampler_output_integrity_checked_not_posterior
scalar_v6_sampler_qualifications 677 /1620 6e2c9236ee2a9f0ca9b109da301c6b2e0fc5ed7abcd0d873af8b147bf317536a-centered-scalar-cjson-v6-chain2 full_joint_short_sampler_output_integrity_checked_not_posterior
scalar_v6_sampler_qualifications 678 /1620 6e2c9236ee2a9f0ca9b109da301c6b2e0fc5ed7abcd0d873af8b147bf317536a-broad-scalar-cjson-v6-chain3 full_joint_short_sampler_output_integrity_checked_not_posterior
scalar_v6_sampler_qualifications 679 /1620 6e2c9236ee2a9f0ca9b109da301c6b2e0fc5ed7abcd0d873af8b147bf317536a-centered-scalar-cjson-v6-chain1 full_joint_short_sampler_output_integrity_checked_not_posterior
scalar_v6_sampler_qualifications 680 /1620 6e2c9236ee2a9f0ca9b109da301c6b2e0fc5ed7abcd0d873af8b147bf317536a-package-scalar-cjson-v6-chain1 full_joint_short_sampler_output_integrity_checked_not_posterior
scalar_v6_sampler_qualifications 681 /1620 6e2c9236ee2a9f0ca9b109da301c6b2e0fc5ed7abcd0d873af8b147bf317536a-centered-scalar-cjson-v6-chain4 full_joint_short_sampler_output_integrity_checked_not_posterior
scalar_v6_sampler_qualifications 682 /1620 6f43d6e4137e9bbecbc76a034ede845ac0801c61b4362643b63aeb97cae91f91-broad-scalar-cjson-v6-chain3 full_joint_short_sampler_output_integrity_checked_not_posterior
scalar_v6_sampler_qualifications 683 /1620 6e2c9236ee2a9f0ca9b109da301c6b2e0fc5ed7abcd0d873af8b147bf317536a-package-scalar-cjson-v6-chain3 full_joint_short_sampler_output_integrity_checked_not_posterior
scalar_v6_sampler_qualifications 684 /1620 6e2c9236ee2a9f0ca9b109da301c6b2e0fc5ed7abcd0d873af8b147bf317536a-package-scalar-cjson-v6-chain4 full_joint_short_sampler_output_integrity_checked_not_posterior
scalar_v6_sampler_qualifications 685 /1620 6f43d6e4137e9bbecbc76a034ede845ac0801c61b4362643b63aeb97cae91f91-centered-scalar-cjson-v6-chain1 full_joint_short_sampler_output_integrity_checked_not_posterior
scalar_v6_sampler_qualifications 686 /1620 6f43d6e4137e9bbecbc76a034ede845ac0801c61b4362643b63aeb97cae91f91-broad-scalar-cjson-v6-chain4 full_joint_short_sampler_output_integrity_checked_not_posterior
scalar_v6_sampler_qualifications 687 /1620 6e2c9236ee2a9f0ca9b109da301c6b2e0fc5ed7abcd0d873af8b147bf317536a-package-scalar-cjson-v6-chain2 full_joint_short_sampler_output_integrity_checked_not_posterior
scalar_v6_sampler_qualifications 688 /1620 6f43d6e4137e9bbecbc76a034ede845ac0801c61b4362643b63aeb97cae91f91-broad-scalar-cjson-v6-chain2 full_joint_short_sampler_output_integrity_checked_not_posterior
scalar_v6_sampler_qualifications 689 /1620 6f43d6e4137e9bbecbc76a034ede845ac0801c61b4362643b63aeb97cae91f91-broad-scalar-cjson-v6-chain1 full_joint_short_sampler_output_integrity_checked_not_posterior
scalar_v6_sampler_qualifications 690 /1620 6f43d6e4137e9bbecbc76a034ede845ac0801c61b4362643b63aeb97cae91f91-centered-scalar-cjson-v6-chain2 full_joint_short_sampler_output_integrity_checked_not_posterior
scalar_v6_sampler_qualifications 691 /1620 6f43d6e4137e9bbecbc76a034ede845ac0801c61b4362643b63aeb97cae91f91-package-scalar-cjson-v6-chain2 full_joint_short_sampler_output_integrity_checked_not_posterior
scalar_v6_sampler_qualifications 692 /1620 6f43d6e4137e9bbecbc76a034ede845ac0801c61b4362643b63aeb97cae91f91-package-scalar-cjson-v6-chain1 full_joint_short_sampler_output_integrity_checked_not_posterior
scalar_v6_sampler_qualifications 693 /1620 6f43d6e4137e9bbecbc76a034ede845ac0801c61b4362643b63aeb97cae91f91-package-scalar-cjson-v6-chain3 full_joint_short_sampler_output_integrity_checked_not_posterior
scalar_v6_sampler_qualifications 694 /1620 6f43d6e4137e9bbecbc76a034ede845ac0801c61b4362643b63aeb97cae91f91-centered-scalar-cjson-v6-chain3 full_joint_short_sampler_output_integrity_checked_not_posterior
scalar_v6_sampler_qualifications 695 /1620 6f43d6e4137e9bbecbc76a034ede845ac0801c61b4362643b63aeb97cae91f91-centered-scalar-cjson-v6-chain4 full_joint_short_sampler_output_integrity_checked_not_posterior
scalar_v6_sampler_qualifications 696 /1620 6f43d6e4137e9bbecbc76a034ede845ac0801c61b4362643b63aeb97cae91f91-package-scalar-cjson-v6-chain4 full_joint_short_sampler_output_integrity_checked_not_posterior
scalar_v6_sampler_qualifications 697 /1620 6ff1d358d25649b75972e0ead3bd83090a7a33f226315ed5cacad2025e5e5dca-broad-scalar-cjson-v6-chain3 full_joint_short_sampler_output_integrity_checked_not_posterior
scalar_v6_sampler_qualifications 698 /1620 6ff1d358d25649b75972e0ead3bd83090a7a33f226315ed5cacad2025e5e5dca-broad-scalar-cjson-v6-chain1 full_joint_short_sampler_output_integrity_checked_not_posterior
scalar_v6_sampler_qualifications 699 /1620 6ff1d358d25649b75972e0ead3bd83090a7a33f226315ed5cacad2025e5e5dca-centered-scalar-cjson-v6-chain1 full_joint_short_sampler_output_integrity_checked_not_posterior
scalar_v6_sampler_qualifications 700 /1620 6ff1d358d25649b75972e0ead3bd83090a7a33f226315ed5cacad2025e5e5dca-broad-scalar-cjson-v6-chain2 full_joint_short_sampler_output_integrity_checked_not_posterior
scalar_v6_sampler_qualifications 701 /1620 6ff1d358d25649b75972e0ead3bd83090a7a33f226315ed5cacad2025e5e5dca-centered-scalar-cjson-v6-chain4 full_joint_short_sampler_output_integrity_checked_not_posterior
scalar_v6_sampler_qualifications 702 /1620 6ff1d358d25649b75972e0ead3bd83090a7a33f226315ed5cacad2025e5e5dca-package-scalar-cjson-v6-chain1 full_joint_short_sampler_output_integrity_checked_not_posterior
scalar_v6_sampler_qualifications 703 /1620 6ff1d358d25649b75972e0ead3bd83090a7a33f226315ed5cacad2025e5e5dca-centered-scalar-cjson-v6-chain3 full_joint_short_sampler_output_integrity_checked_not_posterior
scalar_v6_sampler_qualifications 704 /1620 6ff1d358d25649b75972e0ead3bd83090a7a33f226315ed5cacad2025e5e5dca-broad-scalar-cjson-v6-chain4 full_joint_short_sampler_output_integrity_checked_not_posterior
scalar_v6_sampler_qualifications 705 /1620 6ff1d358d25649b75972e0ead3bd83090a7a33f226315ed5cacad2025e5e5dca-centered-scalar-cjson-v6-chain2 full_joint_short_sampler_output_integrity_checked_not_posterior
scalar_v6_sampler_qualifications 706 /1620 6ff1d358d25649b75972e0ead3bd83090a7a33f226315ed5cacad2025e5e5dca-package-scalar-cjson-v6-chain2 full_joint_short_sampler_output_integrity_checked_not_posterior
scalar_v6_sampler_qualifications 707 /1620 6ff1d358d25649b75972e0ead3bd83090a7a33f226315ed5cacad2025e5e5dca-package-scalar-cjson-v6-chain3 full_joint_short_sampler_output_integrity_checked_not_posterior
scalar_v6_sampler_qualifications 708 /1620 6ff1d358d25649b75972e0ead3bd83090a7a33f226315ed5cacad2025e5e5dca-package-scalar-cjson-v6-chain4 full_joint_short_sampler_output_integrity_checked_not_posterior
scalar_v6_sampler_qualifications 709 /1620 7002c8204fdca2f86df596e136cdcc527ec356d0240f46017f439f3c9c67168e-broad-scalar-cjson-v6-chain3 full_joint_short_sampler_output_integrity_checked_not_posterior
scalar_v6_sampler_qualifications 710 /1620 7002c8204fdca2f86df596e136cdcc527ec356d0240f46017f439f3c9c67168e-broad-scalar-cjson-v6-chain1 full_joint_short_sampler_output_integrity_checked_not_posterior
scalar_v6_sampler_qualifications 711 /1620 7002c8204fdca2f86df596e136cdcc527ec356d0240f46017f439f3c9c67168e-broad-scalar-cjson-v6-chain2 full_joint_short_sampler_output_integrity_checked_not_posterior
scalar_v6_sampler_qualifications 712 /1620 7002c8204fdca2f86df596e136cdcc527ec356d0240f46017f439f3c9c67168e-broad-scalar-cjson-v6-chain4 full_joint_short_sampler_output_integrity_checked_not_posterior
scalar_v6_sampler_qualifications 713 /1620 7002c8204fdca2f86df596e136cdcc527ec356d0240f46017f439f3c9c67168e-centered-scalar-cjson-v6-chain1 full_joint_short_sampler_output_integrity_checked_not_posterior
scalar_v6_sampler_qualifications 714 /1620 7002c8204fdca2f86df596e136cdcc527ec356d0240f46017f439f3c9c67168e-centered-scalar-cjson-v6-chain2 full_joint_short_sampler_output_integrity_checked_not_posterior
scalar_v6_sampler_qualifications 715 /1620 7002c8204fdca2f86df596e136cdcc527ec356d0240f46017f439f3c9c67168e-package-scalar-cjson-v6-chain1 full_joint_short_sampler_output_integrity_checked_not_posterior
scalar_v6_sampler_qualifications 716 /1620 7002c8204fdca2f86df596e136cdcc527ec356d0240f46017f439f3c9c67168e-centered-scalar-cjson-v6-chain3 full_joint_short_sampler_output_integrity_checked_not_posterior
scalar_v6_sampler_qualifications 717 /1620 7002c8204fdca2f86df596e136cdcc527ec356d0240f46017f439f3c9c67168e-package-scalar-cjson-v6-chain4 full_joint_short_sampler_output_integrity_checked_not_posterior
scalar_v6_sampler_qualifications 718 /1620 7002c8204fdca2f86df596e136cdcc527ec356d0240f46017f439f3c9c67168e-centered-scalar-cjson-v6-chain4 full_joint_short_sampler_output_integrity_checked_not_posterior
scalar_v6_sampler_qualifications 719 /1620 7002c8204fdca2f86df596e136cdcc527ec356d0240f46017f439f3c9c67168e-package-scalar-cjson-v6-chain3 full_joint_short_sampler_output_integrity_checked_not_posterior
scalar_v6_sampler_qualifications 720 /1620 71bd3c35cd9f5b01351bcc2ae5a480c1df2c63720466309b95ebcfeaeb0d6a7b-broad-scalar-cjson-v6-chain1 full_joint_short_sampler_output_integrity_checked_not_posterior
scalar_v6_sampler_qualifications 721 /1620 7002c8204fdca2f86df596e136cdcc527ec356d0240f46017f439f3c9c67168e-package-scalar-cjson-v6-chain2 full_joint_short_sampler_output_integrity_checked_not_posterior
scalar_v6_sampler_qualifications 722 /1620 71bd3c35cd9f5b01351bcc2ae5a480c1df2c63720466309b95ebcfeaeb0d6a7b-broad-scalar-cjson-v6-chain2 full_joint_short_sampler_output_integrity_checked_not_posterior
scalar_v6_sampler_qualifications 723 /1620 71bd3c35cd9f5b01351bcc2ae5a480c1df2c63720466309b95ebcfeaeb0d6a7b-broad-scalar-cjson-v6-chain3 full_joint_short_sampler_output_integrity_checked_not_posterior
scalar_v6_sampler_qualifications 724 /1620 71bd3c35cd9f5b01351bcc2ae5a480c1df2c63720466309b95ebcfeaeb0d6a7b-broad-scalar-cjson-v6-chain4 full_joint_short_sampler_output_integrity_checked_not_posterior
scalar_v6_sampler_qualifications 725 /1620 71bd3c35cd9f5b01351bcc2ae5a480c1df2c63720466309b95ebcfeaeb0d6a7b-centered-scalar-cjson-v6-chain2 full_joint_short_sampler_output_integrity_checked_not_posterior
scalar_v6_sampler_qualifications 726 /1620 71bd3c35cd9f5b01351bcc2ae5a480c1df2c63720466309b95ebcfeaeb0d6a7b-centered-scalar-cjson-v6-chain1 full_joint_short_sampler_output_integrity_checked_not_posterior
scalar_v6_sampler_qualifications 727 /1620 71bd3c35cd9f5b01351bcc2ae5a480c1df2c63720466309b95ebcfeaeb0d6a7b-centered-scalar-cjson-v6-chain3 full_joint_short_sampler_output_integrity_checked_not_posterior
scalar_v6_sampler_qualifications 728 /1620 71bd3c35cd9f5b01351bcc2ae5a480c1df2c63720466309b95ebcfeaeb0d6a7b-centered-scalar-cjson-v6-chain4 full_joint_short_sampler_output_integrity_checked_not_posterior
scalar_v6_sampler_qualifications 729 /1620 71bd3c35cd9f5b01351bcc2ae5a480c1df2c63720466309b95ebcfeaeb0d6a7b-package-scalar-cjson-v6-chain1 full_joint_short_sampler_output_integrity_checked_not_posterior
scalar_v6_sampler_qualifications 730 /1620 71bd3c35cd9f5b01351bcc2ae5a480c1df2c63720466309b95ebcfeaeb0d6a7b-package-scalar-cjson-v6-chain3 full_joint_short_sampler_output_integrity_checked_not_posterior
scalar_v6_sampler_qualifications 731 /1620 79d5f6a895f223e056d7e9e145c6166e9fa8e4b6ecd5f327ae05087297deb8cb-centered-scalar-cjson-v6-chain1 full_joint_short_sampler_output_integrity_checked_not_posterior
scalar_v6_sampler_qualifications 732 /1620 71bd3c35cd9f5b01351bcc2ae5a480c1df2c63720466309b95ebcfeaeb0d6a7b-package-scalar-cjson-v6-chain4 full_joint_short_sampler_output_integrity_checked_not_posterior
scalar_v6_sampler_qualifications 733 /1620 79d5f6a895f223e056d7e9e145c6166e9fa8e4b6ecd5f327ae05087297deb8cb-broad-scalar-cjson-v6-chain2 full_joint_short_sampler_output_integrity_checked_not_posterior
scalar_v6_sampler_qualifications 734 /1620 79d5f6a895f223e056d7e9e145c6166e9fa8e4b6ecd5f327ae05087297deb8cb-broad-scalar-cjson-v6-chain4 full_joint_short_sampler_output_integrity_checked_not_posterior
scalar_v6_sampler_qualifications 735 /1620 71bd3c35cd9f5b01351bcc2ae5a480c1df2c63720466309b95ebcfeaeb0d6a7b-package-scalar-cjson-v6-chain2 full_joint_short_sampler_output_integrity_checked_not_posterior
scalar_v6_sampler_qualifications 736 /1620 79d5f6a895f223e056d7e9e145c6166e9fa8e4b6ecd5f327ae05087297deb8cb-centered-scalar-cjson-v6-chain3 full_joint_short_sampler_output_integrity_checked_not_posterior
scalar_v6_sampler_qualifications 737 /1620 79d5f6a895f223e056d7e9e145c6166e9fa8e4b6ecd5f327ae05087297deb8cb-broad-scalar-cjson-v6-chain3 full_joint_short_sampler_output_integrity_checked_not_posterior
scalar_v6_sampler_qualifications 738 /1620 79d5f6a895f223e056d7e9e145c6166e9fa8e4b6ecd5f327ae05087297deb8cb-broad-scalar-cjson-v6-chain1 full_joint_short_sampler_output_integrity_checked_not_posterior
scalar_v6_sampler_qualifications 739 /1620 79d5f6a895f223e056d7e9e145c6166e9fa8e4b6ecd5f327ae05087297deb8cb-package-scalar-cjson-v6-chain1 full_joint_short_sampler_output_integrity_checked_not_posterior
scalar_v6_sampler_qualifications 740 /1620 79d5f6a895f223e056d7e9e145c6166e9fa8e4b6ecd5f327ae05087297deb8cb-centered-scalar-cjson-v6-chain4 full_joint_short_sampler_output_integrity_checked_not_posterior
scalar_v6_sampler_qualifications 741 /1620 79d5f6a895f223e056d7e9e145c6166e9fa8e4b6ecd5f327ae05087297deb8cb-centered-scalar-cjson-v6-chain2 full_joint_short_sampler_output_integrity_checked_not_posterior
scalar_v6_sampler_qualifications 742 /1620 79d5f6a895f223e056d7e9e145c6166e9fa8e4b6ecd5f327ae05087297deb8cb-package-scalar-cjson-v6-chain4 full_joint_short_sampler_output_integrity_checked_not_posterior
scalar_v6_sampler_qualifications 743 /1620 79d5f6a895f223e056d7e9e145c6166e9fa8e4b6ecd5f327ae05087297deb8cb-package-scalar-cjson-v6-chain2 full_joint_short_sampler_output_integrity_checked_not_posterior
scalar_v6_sampler_qualifications 744 /1620 79d5f6a895f223e056d7e9e145c6166e9fa8e4b6ecd5f327ae05087297deb8cb-package-scalar-cjson-v6-chain3 full_joint_short_sampler_output_integrity_checked_not_posterior
scalar_v6_sampler_qualifications 745 /1620 7af5846938eaf392d31fd38852dd1fc2f15c7a1a30632408be9af08ab9dc85ad-broad-scalar-cjson-v6-chain1 full_joint_short_sampler_output_integrity_checked_not_posterior
scalar_v6_sampler_qualifications 746 /1620 7af5846938eaf392d31fd38852dd1fc2f15c7a1a30632408be9af08ab9dc85ad-broad-scalar-cjson-v6-chain2 full_joint_short_sampler_output_integrity_checked_not_posterior
scalar_v6_sampler_qualifications 747 /1620 7af5846938eaf392d31fd38852dd1fc2f15c7a1a30632408be9af08ab9dc85ad-centered-scalar-cjson-v6-chain2 full_joint_short_sampler_output_integrity_checked_not_posterior
scalar_v6_sampler_qualifications 748 /1620 7af5846938eaf392d31fd38852dd1fc2f15c7a1a30632408be9af08ab9dc85ad-package-scalar-cjson-v6-chain1 full_joint_short_sampler_output_integrity_checked_not_posterior
scalar_v6_sampler_qualifications 749 /1620 7af5846938eaf392d31fd38852dd1fc2f15c7a1a30632408be9af08ab9dc85ad-broad-scalar-cjson-v6-chain3 full_joint_short_sampler_output_integrity_checked_not_posterior
scalar_v6_sampler_qualifications 750 /1620 7af5846938eaf392d31fd38852dd1fc2f15c7a1a30632408be9af08ab9dc85ad-broad-scalar-cjson-v6-chain4 full_joint_short_sampler_output_integrity_checked_not_posterior
scalar_v6_sampler_qualifications 751 /1620 7af5846938eaf392d31fd38852dd1fc2f15c7a1a30632408be9af08ab9dc85ad-centered-scalar-cjson-v6-chain3 full_joint_short_sampler_output_integrity_checked_not_posterior
scalar_v6_sampler_qualifications 752 /1620 7af5846938eaf392d31fd38852dd1fc2f15c7a1a30632408be9af08ab9dc85ad-centered-scalar-cjson-v6-chain1 full_joint_short_sampler_output_integrity_checked_not_posterior
scalar_v6_sampler_qualifications 753 /1620 7b2827f936c203303cfabb2740e6217419147af4a7292fccb61ff5bd7a96762d-broad-scalar-cjson-v6-chain1 full_joint_short_sampler_output_integrity_checked_not_posterior
scalar_v6_sampler_qualifications 754 /1620 7af5846938eaf392d31fd38852dd1fc2f15c7a1a30632408be9af08ab9dc85ad-centered-scalar-cjson-v6-chain4 full_joint_short_sampler_output_integrity_checked_not_posterior
scalar_v6_sampler_qualifications 755 /1620 7af5846938eaf392d31fd38852dd1fc2f15c7a1a30632408be9af08ab9dc85ad-package-scalar-cjson-v6-chain3 full_joint_short_sampler_output_integrity_checked_not_posterior
scalar_v6_sampler_qualifications 756 /1620 7af5846938eaf392d31fd38852dd1fc2f15c7a1a30632408be9af08ab9dc85ad-package-scalar-cjson-v6-chain2 full_joint_short_sampler_output_integrity_checked_not_posterior
scalar_v6_sampler_qualifications 757 /1620 7af5846938eaf392d31fd38852dd1fc2f15c7a1a30632408be9af08ab9dc85ad-package-scalar-cjson-v6-chain4 full_joint_short_sampler_output_integrity_checked_not_posterior
scalar_v6_sampler_qualifications 758 /1620 7b2827f936c203303cfabb2740e6217419147af4a7292fccb61ff5bd7a96762d-broad-scalar-cjson-v6-chain2 full_joint_short_sampler_output_integrity_checked_not_posterior
scalar_v6_sampler_qualifications 759 /1620 7b2827f936c203303cfabb2740e6217419147af4a7292fccb61ff5bd7a96762d-broad-scalar-cjson-v6-chain3 full_joint_short_sampler_output_integrity_checked_not_posterior
scalar_v6_sampler_qualifications 760 /1620 7b2827f936c203303cfabb2740e6217419147af4a7292fccb61ff5bd7a96762d-centered-scalar-cjson-v6-chain1 full_joint_short_sampler_output_integrity_checked_not_posterior
scalar_v6_sampler_qualifications 761 /1620 7b2827f936c203303cfabb2740e6217419147af4a7292fccb61ff5bd7a96762d-broad-scalar-cjson-v6-chain4 full_joint_short_sampler_output_integrity_checked_not_posterior
scalar_v6_sampler_qualifications 762 /1620 7b2827f936c203303cfabb2740e6217419147af4a7292fccb61ff5bd7a96762d-centered-scalar-cjson-v6-chain2 full_joint_short_sampler_output_integrity_checked_not_posterior
scalar_v6_sampler_qualifications 763 /1620 7b2827f936c203303cfabb2740e6217419147af4a7292fccb61ff5bd7a96762d-centered-scalar-cjson-v6-chain4 full_joint_short_sampler_output_integrity_checked_not_posterior
scalar_v6_sampler_qualifications 764 /1620 7b2827f936c203303cfabb2740e6217419147af4a7292fccb61ff5bd7a96762d-centered-scalar-cjson-v6-chain3 full_joint_short_sampler_output_integrity_checked_not_posterior
scalar_v6_sampler_qualifications 765 /1620 7b2827f936c203303cfabb2740e6217419147af4a7292fccb61ff5bd7a96762d-package-scalar-cjson-v6-chain1 full_joint_short_sampler_output_integrity_checked_not_posterior
scalar_v6_sampler_qualifications 766 /1620 7b2827f936c203303cfabb2740e6217419147af4a7292fccb61ff5bd7a96762d-package-scalar-cjson-v6-chain2 full_joint_short_sampler_output_integrity_checked_not_posterior
scalar_v6_sampler_qualifications 767 /1620 7e207e8e6fc0d190143d5e55487874057827c1eecd1c5be97cdde51184c0a5d6-broad-scalar-cjson-v6-chain1 full_joint_short_sampler_output_integrity_checked_not_posterior
scalar_v6_sampler_qualifications 768 /1620 7b2827f936c203303cfabb2740e6217419147af4a7292fccb61ff5bd7a96762d-package-scalar-cjson-v6-chain3 full_joint_short_sampler_output_integrity_checked_not_posterior
scalar_v6_sampler_qualifications 769 /1620 7e207e8e6fc0d190143d5e55487874057827c1eecd1c5be97cdde51184c0a5d6-broad-scalar-cjson-v6-chain3 full_joint_short_sampler_output_integrity_checked_not_posterior
scalar_v6_sampler_qualifications 770 /1620 7b2827f936c203303cfabb2740e6217419147af4a7292fccb61ff5bd7a96762d-package-scalar-cjson-v6-chain4 full_joint_short_sampler_output_integrity_checked_not_posterior
scalar_v6_sampler_qualifications 771 /1620 7e207e8e6fc0d190143d5e55487874057827c1eecd1c5be97cdde51184c0a5d6-centered-scalar-cjson-v6-chain2 full_joint_short_sampler_output_integrity_checked_not_posterior
scalar_v6_sampler_qualifications 772 /1620 7e207e8e6fc0d190143d5e55487874057827c1eecd1c5be97cdde51184c0a5d6-broad-scalar-cjson-v6-chain4 full_joint_short_sampler_output_integrity_checked_not_posterior
scalar_v6_sampler_qualifications 773 /1620 7e207e8e6fc0d190143d5e55487874057827c1eecd1c5be97cdde51184c0a5d6-centered-scalar-cjson-v6-chain1 full_joint_short_sampler_output_integrity_checked_not_posterior
scalar_v6_sampler_qualifications 774 /1620 7e207e8e6fc0d190143d5e55487874057827c1eecd1c5be97cdde51184c0a5d6-centered-scalar-cjson-v6-chain3 full_joint_short_sampler_output_integrity_checked_not_posterior
scalar_v6_sampler_qualifications 775 /1620 7e207e8e6fc0d190143d5e55487874057827c1eecd1c5be97cdde51184c0a5d6-centered-scalar-cjson-v6-chain4 full_joint_short_sampler_output_integrity_checked_not_posterior
scalar_v6_sampler_qualifications 776 /1620 7e207e8e6fc0d190143d5e55487874057827c1eecd1c5be97cdde51184c0a5d6-broad-scalar-cjson-v6-chain2 full_joint_short_sampler_output_integrity_checked_not_posterior
scalar_v6_sampler_qualifications 777 /1620 7e207e8e6fc0d190143d5e55487874057827c1eecd1c5be97cdde51184c0a5d6-package-scalar-cjson-v6-chain1 full_joint_short_sampler_output_integrity_checked_not_posterior
scalar_v6_sampler_qualifications 778 /1620 7e207e8e6fc0d190143d5e55487874057827c1eecd1c5be97cdde51184c0a5d6-package-scalar-cjson-v6-chain2 full_joint_short_sampler_output_integrity_checked_not_posterior
scalar_v6_sampler_qualifications 779 /1620 80b5029583a1369b3be58f85f91f5c5fc109f89db7bdb29ada0d9f430f98fe3e-broad-scalar-cjson-v6-chain2 full_joint_short_sampler_output_integrity_checked_not_posterior
scalar_v6_sampler_qualifications 780 /1620 7e207e8e6fc0d190143d5e55487874057827c1eecd1c5be97cdde51184c0a5d6-package-scalar-cjson-v6-chain3 full_joint_short_sampler_output_integrity_checked_not_posterior
scalar_v6_sampler_qualifications 781 /1620 80b5029583a1369b3be58f85f91f5c5fc109f89db7bdb29ada0d9f430f98fe3e-broad-scalar-cjson-v6-chain1 full_joint_short_sampler_output_integrity_checked_not_posterior
scalar_v6_sampler_qualifications 782 /1620 80b5029583a1369b3be58f85f91f5c5fc109f89db7bdb29ada0d9f430f98fe3e-broad-scalar-cjson-v6-chain3 full_joint_short_sampler_output_integrity_checked_not_posterior
scalar_v6_sampler_qualifications 783 /1620 7e207e8e6fc0d190143d5e55487874057827c1eecd1c5be97cdde51184c0a5d6-package-scalar-cjson-v6-chain4 full_joint_short_sampler_output_integrity_checked_not_posterior
scalar_v6_sampler_qualifications 784 /1620 80b5029583a1369b3be58f85f91f5c5fc109f89db7bdb29ada0d9f430f98fe3e-broad-scalar-cjson-v6-chain4 full_joint_short_sampler_output_integrity_checked_not_posterior
scalar_v6_sampler_qualifications 785 /1620 80b5029583a1369b3be58f85f91f5c5fc109f89db7bdb29ada0d9f430f98fe3e-package-scalar-cjson-v6-chain4 full_joint_short_sampler_output_integrity_checked_not_posterior
scalar_v6_sampler_qualifications 786 /1620 80b5029583a1369b3be58f85f91f5c5fc109f89db7bdb29ada0d9f430f98fe3e-centered-scalar-cjson-v6-chain2 full_joint_short_sampler_output_integrity_checked_not_posterior
scalar_v6_sampler_qualifications 787 /1620 80b5029583a1369b3be58f85f91f5c5fc109f89db7bdb29ada0d9f430f98fe3e-centered-scalar-cjson-v6-chain1 full_joint_short_sampler_output_integrity_checked_not_posterior
scalar_v6_sampler_qualifications 788 /1620 80b5029583a1369b3be58f85f91f5c5fc109f89db7bdb29ada0d9f430f98fe3e-centered-scalar-cjson-v6-chain3 full_joint_short_sampler_output_integrity_checked_not_posterior
scalar_v6_sampler_qualifications 789 /1620 80b5029583a1369b3be58f85f91f5c5fc109f89db7bdb29ada0d9f430f98fe3e-centered-scalar-cjson-v6-chain4 full_joint_short_sampler_output_integrity_checked_not_posterior
scalar_v6_sampler_qualifications 790 /1620 80b5029583a1369b3be58f85f91f5c5fc109f89db7bdb29ada0d9f430f98fe3e-package-scalar-cjson-v6-chain1 full_joint_short_sampler_output_integrity_checked_not_posterior
scalar_v6_sampler_qualifications 791 /1620 80b5029583a1369b3be58f85f91f5c5fc109f89db7bdb29ada0d9f430f98fe3e-package-scalar-cjson-v6-chain2 full_joint_short_sampler_output_integrity_checked_not_posterior
scalar_v6_sampler_qualifications 792 /1620 80b5029583a1369b3be58f85f91f5c5fc109f89db7bdb29ada0d9f430f98fe3e-package-scalar-cjson-v6-chain3 full_joint_short_sampler_output_integrity_checked_not_posterior
scalar_v6_sampler_qualifications 793 /1620 8137ff819e5e923946d066c82eb900c091b6990f24edceec6a25861366174a23-broad-scalar-cjson-v6-chain3 full_joint_short_sampler_output_integrity_checked_not_posterior
scalar_v6_sampler_qualifications 794 /1620 8137ff819e5e923946d066c82eb900c091b6990f24edceec6a25861366174a23-broad-scalar-cjson-v6-chain1 full_joint_short_sampler_output_integrity_checked_not_posterior
scalar_v6_sampler_qualifications 795 /1620 8137ff819e5e923946d066c82eb900c091b6990f24edceec6a25861366174a23-centered-scalar-cjson-v6-chain1 full_joint_short_sampler_output_integrity_checked_not_posterior
scalar_v6_sampler_qualifications 796 /1620 8137ff819e5e923946d066c82eb900c091b6990f24edceec6a25861366174a23-broad-scalar-cjson-v6-chain2 full_joint_short_sampler_output_integrity_checked_not_posterior
scalar_v6_sampler_qualifications 797 /1620 8137ff819e5e923946d066c82eb900c091b6990f24edceec6a25861366174a23-package-scalar-cjson-v6-chain2 full_joint_short_sampler_output_integrity_checked_not_posterior
scalar_v6_sampler_qualifications 798 /1620 8137ff819e5e923946d066c82eb900c091b6990f24edceec6a25861366174a23-centered-scalar-cjson-v6-chain2 full_joint_short_sampler_output_integrity_checked_not_posterior
scalar_v6_sampler_qualifications 799 /1620 8137ff819e5e923946d066c82eb900c091b6990f24edceec6a25861366174a23-centered-scalar-cjson-v6-chain3 full_joint_short_sampler_output_integrity_checked_not_posterior
scalar_v6_sampler_qualifications 800 /1620 8137ff819e5e923946d066c82eb900c091b6990f24edceec6a25861366174a23-broad-scalar-cjson-v6-chain4 full_joint_short_sampler_output_integrity_checked_not_posterior
scalar_v6_sampler_qualifications 801 /1620 8137ff819e5e923946d066c82eb900c091b6990f24edceec6a25861366174a23-package-scalar-cjson-v6-chain4 full_joint_short_sampler_output_integrity_checked_not_posterior
scalar_v6_sampler_qualifications 802 /1620 8137ff819e5e923946d066c82eb900c091b6990f24edceec6a25861366174a23-package-scalar-cjson-v6-chain1 full_joint_short_sampler_output_integrity_checked_not_posterior
scalar_v6_sampler_qualifications 803 /1620 8137ff819e5e923946d066c82eb900c091b6990f24edceec6a25861366174a23-package-scalar-cjson-v6-chain3 full_joint_short_sampler_output_integrity_checked_not_posterior
scalar_v6_sampler_qualifications 804 /1620 880784829a37388be94c6c19537017b8966fd68f4847f9a56d3ced0c54959e9a-broad-scalar-cjson-v6-chain1 full_joint_short_sampler_output_integrity_checked_not_posterior
scalar_v6_sampler_qualifications 805 /1620 8137ff819e5e923946d066c82eb900c091b6990f24edceec6a25861366174a23-centered-scalar-cjson-v6-chain4 full_joint_short_sampler_output_integrity_checked_not_posterior
scalar_v6_sampler_qualifications 806 /1620 880784829a37388be94c6c19537017b8966fd68f4847f9a56d3ced0c54959e9a-broad-scalar-cjson-v6-chain2 full_joint_short_sampler_output_integrity_checked_not_posterior
scalar_v6_sampler_qualifications 807 /1620 880784829a37388be94c6c19537017b8966fd68f4847f9a56d3ced0c54959e9a-broad-scalar-cjson-v6-chain3 full_joint_short_sampler_output_integrity_checked_not_posterior
scalar_v6_sampler_qualifications 808 /1620 880784829a37388be94c6c19537017b8966fd68f4847f9a56d3ced0c54959e9a-broad-scalar-cjson-v6-chain4 full_joint_short_sampler_output_integrity_checked_not_posterior
scalar_v6_sampler_qualifications 809 /1620 880784829a37388be94c6c19537017b8966fd68f4847f9a56d3ced0c54959e9a-centered-scalar-cjson-v6-chain2 full_joint_short_sampler_output_integrity_checked_not_posterior
scalar_v6_sampler_qualifications 810 /1620 880784829a37388be94c6c19537017b8966fd68f4847f9a56d3ced0c54959e9a-centered-scalar-cjson-v6-chain3 full_joint_short_sampler_output_integrity_checked_not_posterior
scalar_v6_sampler_qualifications 811 /1620 880784829a37388be94c6c19537017b8966fd68f4847f9a56d3ced0c54959e9a-centered-scalar-cjson-v6-chain1 full_joint_short_sampler_output_integrity_checked_not_posterior
scalar_v6_sampler_qualifications 812 /1620 880784829a37388be94c6c19537017b8966fd68f4847f9a56d3ced0c54959e9a-centered-scalar-cjson-v6-chain4 full_joint_short_sampler_output_integrity_checked_not_posterior
scalar_v6_sampler_qualifications 813 /1620 880784829a37388be94c6c19537017b8966fd68f4847f9a56d3ced0c54959e9a-package-scalar-cjson-v6-chain4 full_joint_short_sampler_output_integrity_checked_not_posterior
scalar_v6_sampler_qualifications 814 /1620 880784829a37388be94c6c19537017b8966fd68f4847f9a56d3ced0c54959e9a-package-scalar-cjson-v6-chain3 full_joint_short_sampler_output_integrity_checked_not_posterior
scalar_v6_sampler_qualifications 815 /1620 89598f9a3da57179dfc83940a1026306836060ca86bf3387f1c3bbb6989fac86-broad-scalar-cjson-v6-chain2 full_joint_short_sampler_output_integrity_checked_not_posterior
scalar_v6_sampler_qualifications 816 /1620 880784829a37388be94c6c19537017b8966fd68f4847f9a56d3ced0c54959e9a-package-scalar-cjson-v6-chain1 full_joint_short_sampler_output_integrity_checked_not_posterior
scalar_v6_sampler_qualifications 817 /1620 89598f9a3da57179dfc83940a1026306836060ca86bf3387f1c3bbb6989fac86-broad-scalar-cjson-v6-chain1 full_joint_short_sampler_output_integrity_checked_not_posterior
scalar_v6_sampler_qualifications 818 /1620 880784829a37388be94c6c19537017b8966fd68f4847f9a56d3ced0c54959e9a-package-scalar-cjson-v6-chain2 full_joint_short_sampler_output_integrity_checked_not_posterior
scalar_v6_sampler_qualifications 819 /1620 89598f9a3da57179dfc83940a1026306836060ca86bf3387f1c3bbb6989fac86-broad-scalar-cjson-v6-chain4 full_joint_short_sampler_output_integrity_checked_not_posterior
scalar_v6_sampler_qualifications 820 /1620 89598f9a3da57179dfc83940a1026306836060ca86bf3387f1c3bbb6989fac86-broad-scalar-cjson-v6-chain3 full_joint_short_sampler_output_integrity_checked_not_posterior
scalar_v6_sampler_qualifications 821 /1620 89598f9a3da57179dfc83940a1026306836060ca86bf3387f1c3bbb6989fac86-centered-scalar-cjson-v6-chain1 full_joint_short_sampler_output_integrity_checked_not_posterior
scalar_v6_sampler_qualifications 822 /1620 89598f9a3da57179dfc83940a1026306836060ca86bf3387f1c3bbb6989fac86-centered-scalar-cjson-v6-chain3 full_joint_short_sampler_output_integrity_checked_not_posterior
scalar_v6_sampler_qualifications 823 /1620 89598f9a3da57179dfc83940a1026306836060ca86bf3387f1c3bbb6989fac86-centered-scalar-cjson-v6-chain2 full_joint_short_sampler_output_integrity_checked_not_posterior
scalar_v6_sampler_qualifications 824 /1620 89598f9a3da57179dfc83940a1026306836060ca86bf3387f1c3bbb6989fac86-package-scalar-cjson-v6-chain1 full_joint_short_sampler_output_integrity_checked_not_posterior
scalar_v6_sampler_qualifications 825 /1620 89598f9a3da57179dfc83940a1026306836060ca86bf3387f1c3bbb6989fac86-centered-scalar-cjson-v6-chain4 full_joint_short_sampler_output_integrity_checked_not_posterior
scalar_v6_sampler_qualifications 826 /1620 89598f9a3da57179dfc83940a1026306836060ca86bf3387f1c3bbb6989fac86-package-scalar-cjson-v6-chain3 full_joint_short_sampler_output_integrity_checked_not_posterior
scalar_v6_sampler_qualifications 827 /1620 89598f9a3da57179dfc83940a1026306836060ca86bf3387f1c3bbb6989fac86-package-scalar-cjson-v6-chain2 full_joint_short_sampler_output_integrity_checked_not_posterior
scalar_v6_sampler_qualifications 828 /1620 8b4bdd43c6f7ad68f26c76d2c6430a5c9d7ee8e3b4ba88b08391d053a78710f3-broad-scalar-cjson-v6-chain4 full_joint_short_sampler_output_integrity_checked_not_posterior
scalar_v6_sampler_qualifications 829 /1620 8b4bdd43c6f7ad68f26c76d2c6430a5c9d7ee8e3b4ba88b08391d053a78710f3-broad-scalar-cjson-v6-chain3 full_joint_short_sampler_output_integrity_checked_not_posterior
scalar_v6_sampler_qualifications 830 /1620 8b4bdd43c6f7ad68f26c76d2c6430a5c9d7ee8e3b4ba88b08391d053a78710f3-broad-scalar-cjson-v6-chain1 full_joint_short_sampler_output_integrity_checked_not_posterior
scalar_v6_sampler_qualifications 831 /1620 8b4bdd43c6f7ad68f26c76d2c6430a5c9d7ee8e3b4ba88b08391d053a78710f3-centered-scalar-cjson-v6-chain4 full_joint_short_sampler_output_integrity_checked_not_posterior
scalar_v6_sampler_qualifications 832 /1620 8b4bdd43c6f7ad68f26c76d2c6430a5c9d7ee8e3b4ba88b08391d053a78710f3-broad-scalar-cjson-v6-chain2 full_joint_short_sampler_output_integrity_checked_not_posterior
scalar_v6_sampler_qualifications 833 /1620 89598f9a3da57179dfc83940a1026306836060ca86bf3387f1c3bbb6989fac86-package-scalar-cjson-v6-chain4 full_joint_short_sampler_output_integrity_checked_not_posterior
scalar_v6_sampler_qualifications 834 /1620 8b4bdd43c6f7ad68f26c76d2c6430a5c9d7ee8e3b4ba88b08391d053a78710f3-package-scalar-cjson-v6-chain1 full_joint_short_sampler_output_integrity_checked_not_posterior
scalar_v6_sampler_qualifications 835 /1620 8b4bdd43c6f7ad68f26c76d2c6430a5c9d7ee8e3b4ba88b08391d053a78710f3-centered-scalar-cjson-v6-chain1 full_joint_short_sampler_output_integrity_checked_not_posterior
scalar_v6_sampler_qualifications 836 /1620 8b4bdd43c6f7ad68f26c76d2c6430a5c9d7ee8e3b4ba88b08391d053a78710f3-centered-scalar-cjson-v6-chain2 full_joint_short_sampler_output_integrity_checked_not_posterior
scalar_v6_sampler_qualifications 837 /1620 8b4bdd43c6f7ad68f26c76d2c6430a5c9d7ee8e3b4ba88b08391d053a78710f3-centered-scalar-cjson-v6-chain3 full_joint_short_sampler_output_integrity_checked_not_posterior
scalar_v6_sampler_qualifications 838 /1620 8b4bdd43c6f7ad68f26c76d2c6430a5c9d7ee8e3b4ba88b08391d053a78710f3-package-scalar-cjson-v6-chain2 full_joint_short_sampler_output_integrity_checked_not_posterior
scalar_v6_sampler_qualifications 839 /1620 8b4bdd43c6f7ad68f26c76d2c6430a5c9d7ee8e3b4ba88b08391d053a78710f3-package-scalar-cjson-v6-chain4 full_joint_short_sampler_output_integrity_checked_not_posterior
scalar_v6_sampler_qualifications 840 /1620 8b4bdd43c6f7ad68f26c76d2c6430a5c9d7ee8e3b4ba88b08391d053a78710f3-package-scalar-cjson-v6-chain3 full_joint_short_sampler_output_integrity_checked_not_posterior
scalar_v6_sampler_qualifications 841 /1620 8bbf275a1a46fe2e135deabd11522f9d748742e8cdbec76fe37c3fce2a2fcf00-broad-scalar-cjson-v6-chain1 full_joint_short_sampler_output_integrity_checked_not_posterior
scalar_v6_sampler_qualifications 842 /1620 8bbf275a1a46fe2e135deabd11522f9d748742e8cdbec76fe37c3fce2a2fcf00-broad-scalar-cjson-v6-chain2 full_joint_short_sampler_output_integrity_checked_not_posterior
scalar_v6_sampler_qualifications 843 /1620 8bbf275a1a46fe2e135deabd11522f9d748742e8cdbec76fe37c3fce2a2fcf00-broad-scalar-cjson-v6-chain4 full_joint_short_sampler_output_integrity_checked_not_posterior
scalar_v6_sampler_qualifications 844 /1620 8bbf275a1a46fe2e135deabd11522f9d748742e8cdbec76fe37c3fce2a2fcf00-centered-scalar-cjson-v6-chain4 full_joint_short_sampler_output_integrity_checked_not_posterior
scalar_v6_sampler_qualifications 845 /1620 8bbf275a1a46fe2e135deabd11522f9d748742e8cdbec76fe37c3fce2a2fcf00-package-scalar-cjson-v6-chain2 full_joint_short_sampler_output_integrity_checked_not_posterior
scalar_v6_sampler_qualifications 846 /1620 8bbf275a1a46fe2e135deabd11522f9d748742e8cdbec76fe37c3fce2a2fcf00-broad-scalar-cjson-v6-chain3 full_joint_short_sampler_output_integrity_checked_not_posterior
scalar_v6_sampler_qualifications 847 /1620 8bbf275a1a46fe2e135deabd11522f9d748742e8cdbec76fe37c3fce2a2fcf00-package-scalar-cjson-v6-chain1 full_joint_short_sampler_output_integrity_checked_not_posterior
scalar_v6_sampler_qualifications 848 /1620 8bbf275a1a46fe2e135deabd11522f9d748742e8cdbec76fe37c3fce2a2fcf00-centered-scalar-cjson-v6-chain2 full_joint_short_sampler_output_integrity_checked_not_posterior
scalar_v6_sampler_qualifications 849 /1620 8bbf275a1a46fe2e135deabd11522f9d748742e8cdbec76fe37c3fce2a2fcf00-centered-scalar-cjson-v6-chain3 full_joint_short_sampler_output_integrity_checked_not_posterior
scalar_v6_sampler_qualifications 850 /1620 8bbf275a1a46fe2e135deabd11522f9d748742e8cdbec76fe37c3fce2a2fcf00-centered-scalar-cjson-v6-chain1 full_joint_short_sampler_output_integrity_checked_not_posterior
scalar_v6_sampler_qualifications 851 /1620 8bbf275a1a46fe2e135deabd11522f9d748742e8cdbec76fe37c3fce2a2fcf00-package-scalar-cjson-v6-chain3 full_joint_short_sampler_output_integrity_checked_not_posterior
scalar_v6_sampler_qualifications 852 /1620 8c9273caab4064bce5d48888891d8cb29bdbb91c436ba0e22785507dfd3c04e3-broad-scalar-cjson-v6-chain1 full_joint_short_sampler_output_integrity_checked_not_posterior
scalar_v6_sampler_qualifications 853 /1620 8bbf275a1a46fe2e135deabd11522f9d748742e8cdbec76fe37c3fce2a2fcf00-package-scalar-cjson-v6-chain4 full_joint_short_sampler_output_integrity_checked_not_posterior
scalar_v6_sampler_qualifications 854 /1620 8c9273caab4064bce5d48888891d8cb29bdbb91c436ba0e22785507dfd3c04e3-broad-scalar-cjson-v6-chain2 full_joint_short_sampler_output_integrity_checked_not_posterior
scalar_v6_sampler_qualifications 855 /1620 8c9273caab4064bce5d48888891d8cb29bdbb91c436ba0e22785507dfd3c04e3-broad-scalar-cjson-v6-chain3 full_joint_short_sampler_output_integrity_checked_not_posterior
scalar_v6_sampler_qualifications 856 /1620 8c9273caab4064bce5d48888891d8cb29bdbb91c436ba0e22785507dfd3c04e3-broad-scalar-cjson-v6-chain4 full_joint_short_sampler_output_integrity_checked_not_posterior
scalar_v6_sampler_qualifications 857 /1620 8c9273caab4064bce5d48888891d8cb29bdbb91c436ba0e22785507dfd3c04e3-centered-scalar-cjson-v6-chain1 full_joint_short_sampler_output_integrity_checked_not_posterior
scalar_v6_sampler_qualifications 858 /1620 8c9273caab4064bce5d48888891d8cb29bdbb91c436ba0e22785507dfd3c04e3-centered-scalar-cjson-v6-chain2 full_joint_short_sampler_output_integrity_checked_not_posterior
scalar_v6_sampler_qualifications 859 /1620 8c9273caab4064bce5d48888891d8cb29bdbb91c436ba0e22785507dfd3c04e3-package-scalar-cjson-v6-chain2 full_joint_short_sampler_output_integrity_checked_not_posterior
scalar_v6_sampler_qualifications 860 /1620 8c9273caab4064bce5d48888891d8cb29bdbb91c436ba0e22785507dfd3c04e3-centered-scalar-cjson-v6-chain3 full_joint_short_sampler_output_integrity_checked_not_posterior
scalar_v6_sampler_qualifications 861 /1620 8c9273caab4064bce5d48888891d8cb29bdbb91c436ba0e22785507dfd3c04e3-centered-scalar-cjson-v6-chain4 full_joint_short_sampler_output_integrity_checked_not_posterior
scalar_v6_sampler_qualifications 862 /1620 8c9273caab4064bce5d48888891d8cb29bdbb91c436ba0e22785507dfd3c04e3-package-scalar-cjson-v6-chain3 full_joint_short_sampler_output_integrity_checked_not_posterior
scalar_v6_sampler_qualifications 863 /1620 8c9273caab4064bce5d48888891d8cb29bdbb91c436ba0e22785507dfd3c04e3-package-scalar-cjson-v6-chain1 full_joint_short_sampler_output_integrity_checked_not_posterior
scalar_v6_sampler_qualifications 864 /1620 8c9273caab4064bce5d48888891d8cb29bdbb91c436ba0e22785507dfd3c04e3-package-scalar-cjson-v6-chain4 full_joint_short_sampler_output_integrity_checked_not_posterior
scalar_v6_sampler_qualifications 865 /1620 8f253aff94d6ce28f3fca0a5be84699ed27fe7acaa56f718dce2fd6348558452-broad-scalar-cjson-v6-chain1 full_joint_short_sampler_output_integrity_checked_not_posterior
scalar_v6_sampler_qualifications 866 /1620 8f253aff94d6ce28f3fca0a5be84699ed27fe7acaa56f718dce2fd6348558452-broad-scalar-cjson-v6-chain2 full_joint_short_sampler_output_integrity_checked_not_posterior
scalar_v6_sampler_qualifications 867 /1620 8f253aff94d6ce28f3fca0a5be84699ed27fe7acaa56f718dce2fd6348558452-broad-scalar-cjson-v6-chain3 full_joint_short_sampler_output_integrity_checked_not_posterior
scalar_v6_sampler_qualifications 868 /1620 8f253aff94d6ce28f3fca0a5be84699ed27fe7acaa56f718dce2fd6348558452-broad-scalar-cjson-v6-chain4 full_joint_short_sampler_output_integrity_checked_not_posterior
scalar_v6_sampler_qualifications 869 /1620 8f253aff94d6ce28f3fca0a5be84699ed27fe7acaa56f718dce2fd6348558452-centered-scalar-cjson-v6-chain1 full_joint_short_sampler_output_integrity_checked_not_posterior
scalar_v6_sampler_qualifications 870 /1620 8f253aff94d6ce28f3fca0a5be84699ed27fe7acaa56f718dce2fd6348558452-centered-scalar-cjson-v6-chain2 full_joint_short_sampler_output_integrity_checked_not_posterior
scalar_v6_sampler_qualifications 871 /1620 8f253aff94d6ce28f3fca0a5be84699ed27fe7acaa56f718dce2fd6348558452-centered-scalar-cjson-v6-chain3 full_joint_short_sampler_output_integrity_checked_not_posterior
scalar_v6_sampler_qualifications 872 /1620 8f253aff94d6ce28f3fca0a5be84699ed27fe7acaa56f718dce2fd6348558452-centered-scalar-cjson-v6-chain4 full_joint_short_sampler_output_integrity_checked_not_posterior
scalar_v6_sampler_qualifications 873 /1620 8f253aff94d6ce28f3fca0a5be84699ed27fe7acaa56f718dce2fd6348558452-package-scalar-cjson-v6-chain2 full_joint_short_sampler_output_integrity_checked_not_posterior
scalar_v6_sampler_qualifications 874 /1620 8f253aff94d6ce28f3fca0a5be84699ed27fe7acaa56f718dce2fd6348558452-package-scalar-cjson-v6-chain1 full_joint_short_sampler_output_integrity_checked_not_posterior
scalar_v6_sampler_qualifications 875 /1620 8f253aff94d6ce28f3fca0a5be84699ed27fe7acaa56f718dce2fd6348558452-package-scalar-cjson-v6-chain3 full_joint_short_sampler_output_integrity_checked_not_posterior
scalar_v6_sampler_qualifications 876 /1620 8f253aff94d6ce28f3fca0a5be84699ed27fe7acaa56f718dce2fd6348558452-package-scalar-cjson-v6-chain4 full_joint_short_sampler_output_integrity_checked_not_posterior
scalar_v6_sampler_qualifications 877 /1620 9283e8d19acd1cdcfb781ae9a609159b747e35279cddc71ea8060ea1e874b58c-broad-scalar-cjson-v6-chain1 full_joint_short_sampler_output_integrity_checked_not_posterior
scalar_v6_sampler_qualifications 878 /1620 9283e8d19acd1cdcfb781ae9a609159b747e35279cddc71ea8060ea1e874b58c-broad-scalar-cjson-v6-chain4 full_joint_short_sampler_output_integrity_checked_not_posterior
scalar_v6_sampler_qualifications 879 /1620 9283e8d19acd1cdcfb781ae9a609159b747e35279cddc71ea8060ea1e874b58c-centered-scalar-cjson-v6-chain1 full_joint_short_sampler_output_integrity_checked_not_posterior
scalar_v6_sampler_qualifications 880 /1620 9283e8d19acd1cdcfb781ae9a609159b747e35279cddc71ea8060ea1e874b58c-centered-scalar-cjson-v6-chain2 full_joint_short_sampler_output_integrity_checked_not_posterior
scalar_v6_sampler_qualifications 881 /1620 9283e8d19acd1cdcfb781ae9a609159b747e35279cddc71ea8060ea1e874b58c-centered-scalar-cjson-v6-chain4 full_joint_short_sampler_output_integrity_checked_not_posterior
scalar_v6_sampler_qualifications 882 /1620 9283e8d19acd1cdcfb781ae9a609159b747e35279cddc71ea8060ea1e874b58c-broad-scalar-cjson-v6-chain2 full_joint_short_sampler_output_integrity_checked_not_posterior
scalar_v6_sampler_qualifications 883 /1620 9283e8d19acd1cdcfb781ae9a609159b747e35279cddc71ea8060ea1e874b58c-broad-scalar-cjson-v6-chain3 full_joint_short_sampler_output_integrity_checked_not_posterior
scalar_v6_sampler_qualifications 884 /1620 9283e8d19acd1cdcfb781ae9a609159b747e35279cddc71ea8060ea1e874b58c-centered-scalar-cjson-v6-chain3 full_joint_short_sampler_output_integrity_checked_not_posterior
scalar_v6_sampler_qualifications 885 /1620 9283e8d19acd1cdcfb781ae9a609159b747e35279cddc71ea8060ea1e874b58c-package-scalar-cjson-v6-chain1 full_joint_short_sampler_output_integrity_checked_not_posterior
scalar_v6_sampler_qualifications 886 /1620 9283e8d19acd1cdcfb781ae9a609159b747e35279cddc71ea8060ea1e874b58c-package-scalar-cjson-v6-chain2 full_joint_short_sampler_output_integrity_checked_not_posterior
scalar_v6_sampler_qualifications 887 /1620 9283e8d19acd1cdcfb781ae9a609159b747e35279cddc71ea8060ea1e874b58c-package-scalar-cjson-v6-chain4 full_joint_short_sampler_output_integrity_checked_not_posterior
scalar_v6_sampler_qualifications 888 /1620 930e3256cf0f6c3a31f44c3da0e1809e7d51b5746e0421e6c1ebd7e84be62d1e-broad-scalar-cjson-v6-chain4 full_joint_short_sampler_output_integrity_checked_not_posterior
scalar_v6_sampler_qualifications 889 /1620 9283e8d19acd1cdcfb781ae9a609159b747e35279cddc71ea8060ea1e874b58c-package-scalar-cjson-v6-chain3 full_joint_short_sampler_output_integrity_checked_not_posterior
scalar_v6_sampler_qualifications 890 /1620 930e3256cf0f6c3a31f44c3da0e1809e7d51b5746e0421e6c1ebd7e84be62d1e-broad-scalar-cjson-v6-chain3 full_joint_short_sampler_output_integrity_checked_not_posterior
scalar_v6_sampler_qualifications 891 /1620 930e3256cf0f6c3a31f44c3da0e1809e7d51b5746e0421e6c1ebd7e84be62d1e-broad-scalar-cjson-v6-chain1 full_joint_short_sampler_output_integrity_checked_not_posterior
scalar_v6_sampler_qualifications 892 /1620 930e3256cf0f6c3a31f44c3da0e1809e7d51b5746e0421e6c1ebd7e84be62d1e-broad-scalar-cjson-v6-chain2 full_joint_short_sampler_output_integrity_checked_not_posterior
scalar_v6_sampler_qualifications 893 /1620 930e3256cf0f6c3a31f44c3da0e1809e7d51b5746e0421e6c1ebd7e84be62d1e-centered-scalar-cjson-v6-chain3 full_joint_short_sampler_output_integrity_checked_not_posterior
scalar_v6_sampler_qualifications 894 /1620 930e3256cf0f6c3a31f44c3da0e1809e7d51b5746e0421e6c1ebd7e84be62d1e-centered-scalar-cjson-v6-chain1 full_joint_short_sampler_output_integrity_checked_not_posterior
scalar_v6_sampler_qualifications 895 /1620 930e3256cf0f6c3a31f44c3da0e1809e7d51b5746e0421e6c1ebd7e84be62d1e-centered-scalar-cjson-v6-chain4 full_joint_short_sampler_output_integrity_checked_not_posterior
scalar_v6_sampler_qualifications 896 /1620 930e3256cf0f6c3a31f44c3da0e1809e7d51b5746e0421e6c1ebd7e84be62d1e-centered-scalar-cjson-v6-chain2 full_joint_short_sampler_output_integrity_checked_not_posterior
scalar_v6_sampler_qualifications 897 /1620 930e3256cf0f6c3a31f44c3da0e1809e7d51b5746e0421e6c1ebd7e84be62d1e-package-scalar-cjson-v6-chain2 full_joint_short_sampler_output_integrity_checked_not_posterior
scalar_v6_sampler_qualifications 898 /1620 930e3256cf0f6c3a31f44c3da0e1809e7d51b5746e0421e6c1ebd7e84be62d1e-package-scalar-cjson-v6-chain3 full_joint_short_sampler_output_integrity_checked_not_posterior
scalar_v6_sampler_qualifications 899 /1620 930e3256cf0f6c3a31f44c3da0e1809e7d51b5746e0421e6c1ebd7e84be62d1e-package-scalar-cjson-v6-chain1 full_joint_short_sampler_output_integrity_checked_not_posterior
scalar_v6_sampler_qualifications 900 /1620 944083ccb0fce446b3632602c3c1b77d03f8c564f00a1ed0289e926e4f0929db-broad-scalar-cjson-v6-chain1 full_joint_short_sampler_output_integrity_checked_not_posterior
scalar_v6_sampler_qualifications 901 /1620 930e3256cf0f6c3a31f44c3da0e1809e7d51b5746e0421e6c1ebd7e84be62d1e-package-scalar-cjson-v6-chain4 full_joint_short_sampler_output_integrity_checked_not_posterior
scalar_v6_sampler_qualifications 902 /1620 944083ccb0fce446b3632602c3c1b77d03f8c564f00a1ed0289e926e4f0929db-broad-scalar-cjson-v6-chain2 full_joint_short_sampler_output_integrity_checked_not_posterior
scalar_v6_sampler_qualifications 903 /1620 944083ccb0fce446b3632602c3c1b77d03f8c564f00a1ed0289e926e4f0929db-centered-scalar-cjson-v6-chain1 full_joint_short_sampler_output_integrity_checked_not_posterior
scalar_v6_sampler_qualifications 904 /1620 944083ccb0fce446b3632602c3c1b77d03f8c564f00a1ed0289e926e4f0929db-broad-scalar-cjson-v6-chain4 full_joint_short_sampler_output_integrity_checked_not_posterior
scalar_v6_sampler_qualifications 905 /1620 944083ccb0fce446b3632602c3c1b77d03f8c564f00a1ed0289e926e4f0929db-centered-scalar-cjson-v6-chain3 full_joint_short_sampler_output_integrity_checked_not_posterior
scalar_v6_sampler_qualifications 906 /1620 944083ccb0fce446b3632602c3c1b77d03f8c564f00a1ed0289e926e4f0929db-broad-scalar-cjson-v6-chain3 full_joint_short_sampler_output_integrity_checked_not_posterior
scalar_v6_sampler_qualifications 907 /1620 944083ccb0fce446b3632602c3c1b77d03f8c564f00a1ed0289e926e4f0929db-centered-scalar-cjson-v6-chain2 full_joint_short_sampler_output_integrity_checked_not_posterior
scalar_v6_sampler_qualifications 908 /1620 944083ccb0fce446b3632602c3c1b77d03f8c564f00a1ed0289e926e4f0929db-centered-scalar-cjson-v6-chain4 full_joint_short_sampler_output_integrity_checked_not_posterior
scalar_v6_sampler_qualifications 909 /1620 962d56c2c55a612eb119905855a51d11add29ff3b18064b24c840ec3cc360cfd-broad-scalar-cjson-v6-chain3 full_joint_short_sampler_output_integrity_checked_not_posterior
scalar_v6_sampler_qualifications 910 /1620 944083ccb0fce446b3632602c3c1b77d03f8c564f00a1ed0289e926e4f0929db-package-scalar-cjson-v6-chain1 full_joint_short_sampler_output_integrity_checked_not_posterior
scalar_v6_sampler_qualifications 911 /1620 944083ccb0fce446b3632602c3c1b77d03f8c564f00a1ed0289e926e4f0929db-package-scalar-cjson-v6-chain3 full_joint_short_sampler_output_integrity_checked_not_posterior
scalar_v6_sampler_qualifications 912 /1620 944083ccb0fce446b3632602c3c1b77d03f8c564f00a1ed0289e926e4f0929db-package-scalar-cjson-v6-chain2 full_joint_short_sampler_output_integrity_checked_not_posterior
scalar_v6_sampler_qualifications 913 /1620 962d56c2c55a612eb119905855a51d11add29ff3b18064b24c840ec3cc360cfd-broad-scalar-cjson-v6-chain4 full_joint_short_sampler_output_integrity_checked_not_posterior
scalar_v6_sampler_qualifications 914 /1620 962d56c2c55a612eb119905855a51d11add29ff3b18064b24c840ec3cc360cfd-broad-scalar-cjson-v6-chain1 full_joint_short_sampler_output_integrity_checked_not_posterior
scalar_v6_sampler_qualifications 915 /1620 944083ccb0fce446b3632602c3c1b77d03f8c564f00a1ed0289e926e4f0929db-package-scalar-cjson-v6-chain4 full_joint_short_sampler_output_integrity_checked_not_posterior
scalar_v6_sampler_qualifications 916 /1620 962d56c2c55a612eb119905855a51d11add29ff3b18064b24c840ec3cc360cfd-centered-scalar-cjson-v6-chain1 full_joint_short_sampler_output_integrity_checked_not_posterior
scalar_v6_sampler_qualifications 917 /1620 962d56c2c55a612eb119905855a51d11add29ff3b18064b24c840ec3cc360cfd-centered-scalar-cjson-v6-chain2 full_joint_short_sampler_output_integrity_checked_not_posterior
scalar_v6_sampler_qualifications 918 /1620 962d56c2c55a612eb119905855a51d11add29ff3b18064b24c840ec3cc360cfd-centered-scalar-cjson-v6-chain3 full_joint_short_sampler_output_integrity_checked_not_posterior
scalar_v6_sampler_qualifications 919 /1620 962d56c2c55a612eb119905855a51d11add29ff3b18064b24c840ec3cc360cfd-centered-scalar-cjson-v6-chain4 full_joint_short_sampler_output_integrity_checked_not_posterior
scalar_v6_sampler_qualifications 920 /1620 962d56c2c55a612eb119905855a51d11add29ff3b18064b24c840ec3cc360cfd-broad-scalar-cjson-v6-chain2 full_joint_short_sampler_output_integrity_checked_not_posterior
scalar_v6_sampler_qualifications 921 /1620 962d56c2c55a612eb119905855a51d11add29ff3b18064b24c840ec3cc360cfd-package-scalar-cjson-v6-chain1 full_joint_short_sampler_output_integrity_checked_not_posterior
scalar_v6_sampler_qualifications 922 /1620 962d56c2c55a612eb119905855a51d11add29ff3b18064b24c840ec3cc360cfd-package-scalar-cjson-v6-chain2 full_joint_short_sampler_output_integrity_checked_not_posterior
scalar_v6_sampler_qualifications 923 /1620 962d56c2c55a612eb119905855a51d11add29ff3b18064b24c840ec3cc360cfd-package-scalar-cjson-v6-chain3 full_joint_short_sampler_output_integrity_checked_not_posterior
scalar_v6_sampler_qualifications 924 /1620 962d56c2c55a612eb119905855a51d11add29ff3b18064b24c840ec3cc360cfd-package-scalar-cjson-v6-chain4 full_joint_short_sampler_output_integrity_checked_not_posterior
scalar_v6_sampler_qualifications 925 /1620 97ac455856535fbd0aacf671ba350b189b81c8efdc8a2dedf27e6a5f69eab878-broad-scalar-cjson-v6-chain3 full_joint_short_sampler_output_integrity_checked_not_posterior
scalar_v6_sampler_qualifications 926 /1620 97ac455856535fbd0aacf671ba350b189b81c8efdc8a2dedf27e6a5f69eab878-broad-scalar-cjson-v6-chain1 full_joint_short_sampler_output_integrity_checked_not_posterior
scalar_v6_sampler_qualifications 927 /1620 97ac455856535fbd0aacf671ba350b189b81c8efdc8a2dedf27e6a5f69eab878-broad-scalar-cjson-v6-chain2 full_joint_short_sampler_output_integrity_checked_not_posterior
scalar_v6_sampler_qualifications 928 /1620 97ac455856535fbd0aacf671ba350b189b81c8efdc8a2dedf27e6a5f69eab878-centered-scalar-cjson-v6-chain3 full_joint_short_sampler_output_integrity_checked_not_posterior
scalar_v6_sampler_qualifications 929 /1620 97ac455856535fbd0aacf671ba350b189b81c8efdc8a2dedf27e6a5f69eab878-centered-scalar-cjson-v6-chain2 full_joint_short_sampler_output_integrity_checked_not_posterior
scalar_v6_sampler_qualifications 930 /1620 97ac455856535fbd0aacf671ba350b189b81c8efdc8a2dedf27e6a5f69eab878-broad-scalar-cjson-v6-chain4 full_joint_short_sampler_output_integrity_checked_not_posterior
scalar_v6_sampler_qualifications 931 /1620 97ac455856535fbd0aacf671ba350b189b81c8efdc8a2dedf27e6a5f69eab878-centered-scalar-cjson-v6-chain4 full_joint_short_sampler_output_integrity_checked_not_posterior
scalar_v6_sampler_qualifications 932 /1620 97ac455856535fbd0aacf671ba350b189b81c8efdc8a2dedf27e6a5f69eab878-centered-scalar-cjson-v6-chain1 full_joint_short_sampler_output_integrity_checked_not_posterior
scalar_v6_sampler_qualifications 933 /1620 97ac455856535fbd0aacf671ba350b189b81c8efdc8a2dedf27e6a5f69eab878-package-scalar-cjson-v6-chain1 full_joint_short_sampler_output_integrity_checked_not_posterior
scalar_v6_sampler_qualifications 934 /1620 97ac455856535fbd0aacf671ba350b189b81c8efdc8a2dedf27e6a5f69eab878-package-scalar-cjson-v6-chain3 full_joint_short_sampler_output_integrity_checked_not_posterior
scalar_v6_sampler_qualifications 935 /1620 97ac455856535fbd0aacf671ba350b189b81c8efdc8a2dedf27e6a5f69eab878-package-scalar-cjson-v6-chain4 full_joint_short_sampler_output_integrity_checked_not_posterior
scalar_v6_sampler_qualifications 936 /1620 97ac455856535fbd0aacf671ba350b189b81c8efdc8a2dedf27e6a5f69eab878-package-scalar-cjson-v6-chain2 full_joint_short_sampler_output_integrity_checked_not_posterior
scalar_v6_sampler_qualifications 937 /1620 9a841bcd1f3fe4c8748e5ff0ccc52defdc61bc8721fc3bc20ac6bf194b3f72b2-broad-scalar-cjson-v6-chain1 full_joint_short_sampler_output_integrity_checked_not_posterior
scalar_v6_sampler_qualifications 938 /1620 9a841bcd1f3fe4c8748e5ff0ccc52defdc61bc8721fc3bc20ac6bf194b3f72b2-broad-scalar-cjson-v6-chain2 full_joint_short_sampler_output_integrity_checked_not_posterior
scalar_v6_sampler_qualifications 939 /1620 9a841bcd1f3fe4c8748e5ff0ccc52defdc61bc8721fc3bc20ac6bf194b3f72b2-broad-scalar-cjson-v6-chain3 full_joint_short_sampler_output_integrity_checked_not_posterior
scalar_v6_sampler_qualifications 940 /1620 9a841bcd1f3fe4c8748e5ff0ccc52defdc61bc8721fc3bc20ac6bf194b3f72b2-broad-scalar-cjson-v6-chain4 full_joint_short_sampler_output_integrity_checked_not_posterior
scalar_v6_sampler_qualifications 941 /1620 9a841bcd1f3fe4c8748e5ff0ccc52defdc61bc8721fc3bc20ac6bf194b3f72b2-centered-scalar-cjson-v6-chain1 full_joint_short_sampler_output_integrity_checked_not_posterior
scalar_v6_sampler_qualifications 942 /1620 9a841bcd1f3fe4c8748e5ff0ccc52defdc61bc8721fc3bc20ac6bf194b3f72b2-centered-scalar-cjson-v6-chain2 full_joint_short_sampler_output_integrity_checked_not_posterior
scalar_v6_sampler_qualifications 943 /1620 9a841bcd1f3fe4c8748e5ff0ccc52defdc61bc8721fc3bc20ac6bf194b3f72b2-centered-scalar-cjson-v6-chain3 full_joint_short_sampler_output_integrity_checked_not_posterior
scalar_v6_sampler_qualifications 944 /1620 9a841bcd1f3fe4c8748e5ff0ccc52defdc61bc8721fc3bc20ac6bf194b3f72b2-centered-scalar-cjson-v6-chain4 full_joint_short_sampler_output_integrity_checked_not_posterior
scalar_v6_sampler_qualifications 945 /1620 9a841bcd1f3fe4c8748e5ff0ccc52defdc61bc8721fc3bc20ac6bf194b3f72b2-package-scalar-cjson-v6-chain1 full_joint_short_sampler_output_integrity_checked_not_posterior
scalar_v6_sampler_qualifications 946 /1620 9a841bcd1f3fe4c8748e5ff0ccc52defdc61bc8721fc3bc20ac6bf194b3f72b2-package-scalar-cjson-v6-chain2 full_joint_short_sampler_output_integrity_checked_not_posterior
scalar_v6_sampler_qualifications 947 /1620 9a841bcd1f3fe4c8748e5ff0ccc52defdc61bc8721fc3bc20ac6bf194b3f72b2-package-scalar-cjson-v6-chain3 full_joint_short_sampler_output_integrity_checked_not_posterior
scalar_v6_sampler_qualifications 948 /1620 9b92fbbb126a2db7b15e7c72df7eb6447db40116420a41c9b2197294eac105e0-broad-scalar-cjson-v6-chain3 full_joint_short_sampler_output_integrity_checked_not_posterior
scalar_v6_sampler_qualifications 949 /1620 9b92fbbb126a2db7b15e7c72df7eb6447db40116420a41c9b2197294eac105e0-broad-scalar-cjson-v6-chain2 full_joint_short_sampler_output_integrity_checked_not_posterior
scalar_v6_sampler_qualifications 950 /1620 9a841bcd1f3fe4c8748e5ff0ccc52defdc61bc8721fc3bc20ac6bf194b3f72b2-package-scalar-cjson-v6-chain4 full_joint_short_sampler_output_integrity_checked_not_posterior
scalar_v6_sampler_qualifications 951 /1620 9b92fbbb126a2db7b15e7c72df7eb6447db40116420a41c9b2197294eac105e0-broad-scalar-cjson-v6-chain1 full_joint_short_sampler_output_integrity_checked_not_posterior
scalar_v6_sampler_qualifications 952 /1620 9b92fbbb126a2db7b15e7c72df7eb6447db40116420a41c9b2197294eac105e0-broad-scalar-cjson-v6-chain4 full_joint_short_sampler_output_integrity_checked_not_posterior
scalar_v6_sampler_qualifications 953 /1620 9b92fbbb126a2db7b15e7c72df7eb6447db40116420a41c9b2197294eac105e0-centered-scalar-cjson-v6-chain4 full_joint_short_sampler_output_integrity_checked_not_posterior
scalar_v6_sampler_qualifications 954 /1620 9b92fbbb126a2db7b15e7c72df7eb6447db40116420a41c9b2197294eac105e0-centered-scalar-cjson-v6-chain2 full_joint_short_sampler_output_integrity_checked_not_posterior
scalar_v6_sampler_qualifications 955 /1620 9b92fbbb126a2db7b15e7c72df7eb6447db40116420a41c9b2197294eac105e0-centered-scalar-cjson-v6-chain3 full_joint_short_sampler_output_integrity_checked_not_posterior
scalar_v6_sampler_qualifications 956 /1620 9b92fbbb126a2db7b15e7c72df7eb6447db40116420a41c9b2197294eac105e0-centered-scalar-cjson-v6-chain1 full_joint_short_sampler_output_integrity_checked_not_posterior
scalar_v6_sampler_qualifications 957 /1620 9b92fbbb126a2db7b15e7c72df7eb6447db40116420a41c9b2197294eac105e0-package-scalar-cjson-v6-chain4 full_joint_short_sampler_output_integrity_checked_not_posterior
scalar_v6_sampler_qualifications 958 /1620 9b92fbbb126a2db7b15e7c72df7eb6447db40116420a41c9b2197294eac105e0-package-scalar-cjson-v6-chain3 full_joint_short_sampler_output_integrity_checked_not_posterior
scalar_v6_sampler_qualifications 959 /1620 9b92fbbb126a2db7b15e7c72df7eb6447db40116420a41c9b2197294eac105e0-package-scalar-cjson-v6-chain2 full_joint_short_sampler_output_integrity_checked_not_posterior
scalar_v6_sampler_qualifications 960 /1620 9bfa1c6962db2d5afa8a1c216c65c54b39990a821fb0edac01288716cc03aff0-broad-scalar-cjson-v6-chain1 full_joint_short_sampler_output_integrity_checked_not_posterior
scalar_v6_sampler_qualifications 961 /1620 9bfa1c6962db2d5afa8a1c216c65c54b39990a821fb0edac01288716cc03aff0-broad-scalar-cjson-v6-chain3 full_joint_short_sampler_output_integrity_checked_not_posterior
scalar_v6_sampler_qualifications 962 /1620 9bfa1c6962db2d5afa8a1c216c65c54b39990a821fb0edac01288716cc03aff0-centered-scalar-cjson-v6-chain1 full_joint_short_sampler_output_integrity_checked_not_posterior
scalar_v6_sampler_qualifications 963 /1620 9b92fbbb126a2db7b15e7c72df7eb6447db40116420a41c9b2197294eac105e0-package-scalar-cjson-v6-chain1 full_joint_short_sampler_output_integrity_checked_not_posterior
scalar_v6_sampler_qualifications 964 /1620 9bfa1c6962db2d5afa8a1c216c65c54b39990a821fb0edac01288716cc03aff0-broad-scalar-cjson-v6-chain4 full_joint_short_sampler_output_integrity_checked_not_posterior
scalar_v6_sampler_qualifications 965 /1620 9bfa1c6962db2d5afa8a1c216c65c54b39990a821fb0edac01288716cc03aff0-centered-scalar-cjson-v6-chain3 full_joint_short_sampler_output_integrity_checked_not_posterior
scalar_v6_sampler_qualifications 966 /1620 9bfa1c6962db2d5afa8a1c216c65c54b39990a821fb0edac01288716cc03aff0-centered-scalar-cjson-v6-chain2 full_joint_short_sampler_output_integrity_checked_not_posterior
scalar_v6_sampler_qualifications 967 /1620 9bfa1c6962db2d5afa8a1c216c65c54b39990a821fb0edac01288716cc03aff0-broad-scalar-cjson-v6-chain2 full_joint_short_sampler_output_integrity_checked_not_posterior
scalar_v6_sampler_qualifications 968 /1620 9bfa1c6962db2d5afa8a1c216c65c54b39990a821fb0edac01288716cc03aff0-centered-scalar-cjson-v6-chain4 full_joint_short_sampler_output_integrity_checked_not_posterior
scalar_v6_sampler_qualifications 969 /1620 9bfa1c6962db2d5afa8a1c216c65c54b39990a821fb0edac01288716cc03aff0-package-scalar-cjson-v6-chain4 full_joint_short_sampler_output_integrity_checked_not_posterior
scalar_v6_sampler_qualifications 970 /1620 9bfa1c6962db2d5afa8a1c216c65c54b39990a821fb0edac01288716cc03aff0-package-scalar-cjson-v6-chain1 full_joint_short_sampler_output_integrity_checked_not_posterior
scalar_v6_sampler_qualifications 971 /1620 9bfa1c6962db2d5afa8a1c216c65c54b39990a821fb0edac01288716cc03aff0-package-scalar-cjson-v6-chain3 full_joint_short_sampler_output_integrity_checked_not_posterior
scalar_v6_sampler_qualifications 972 /1620 9bfa1c6962db2d5afa8a1c216c65c54b39990a821fb0edac01288716cc03aff0-package-scalar-cjson-v6-chain2 full_joint_short_sampler_output_integrity_checked_not_posterior
scalar_v6_sampler_qualifications 973 /1620 9c3fe8e4aabbf63dafe8196f67c8fac6ba7e2331842b3a29b922540ffbec9d6e-centered-scalar-cjson-v6-chain2 full_joint_short_sampler_output_integrity_checked_not_posterior
scalar_v6_sampler_qualifications 974 /1620 9c3fe8e4aabbf63dafe8196f67c8fac6ba7e2331842b3a29b922540ffbec9d6e-broad-scalar-cjson-v6-chain2 full_joint_short_sampler_output_integrity_checked_not_posterior
scalar_v6_sampler_qualifications 975 /1620 9c3fe8e4aabbf63dafe8196f67c8fac6ba7e2331842b3a29b922540ffbec9d6e-broad-scalar-cjson-v6-chain1 full_joint_short_sampler_output_integrity_checked_not_posterior
scalar_v6_sampler_qualifications 976 /1620 9c3fe8e4aabbf63dafe8196f67c8fac6ba7e2331842b3a29b922540ffbec9d6e-broad-scalar-cjson-v6-chain4 full_joint_short_sampler_output_integrity_checked_not_posterior
scalar_v6_sampler_qualifications 977 /1620 9c3fe8e4aabbf63dafe8196f67c8fac6ba7e2331842b3a29b922540ffbec9d6e-centered-scalar-cjson-v6-chain4 full_joint_short_sampler_output_integrity_checked_not_posterior
scalar_v6_sampler_qualifications 978 /1620 9c3fe8e4aabbf63dafe8196f67c8fac6ba7e2331842b3a29b922540ffbec9d6e-broad-scalar-cjson-v6-chain3 full_joint_short_sampler_output_integrity_checked_not_posterior
scalar_v6_sampler_qualifications 979 /1620 9c3fe8e4aabbf63dafe8196f67c8fac6ba7e2331842b3a29b922540ffbec9d6e-package-scalar-cjson-v6-chain2 full_joint_short_sampler_output_integrity_checked_not_posterior
scalar_v6_sampler_qualifications 980 /1620 9c3fe8e4aabbf63dafe8196f67c8fac6ba7e2331842b3a29b922540ffbec9d6e-centered-scalar-cjson-v6-chain1 full_joint_short_sampler_output_integrity_checked_not_posterior
scalar_v6_sampler_qualifications 981 /1620 9c3fe8e4aabbf63dafe8196f67c8fac6ba7e2331842b3a29b922540ffbec9d6e-centered-scalar-cjson-v6-chain3 full_joint_short_sampler_output_integrity_checked_not_posterior
scalar_v6_sampler_qualifications 982 /1620 9c3fe8e4aabbf63dafe8196f67c8fac6ba7e2331842b3a29b922540ffbec9d6e-package-scalar-cjson-v6-chain1 full_joint_short_sampler_output_integrity_checked_not_posterior
scalar_v6_sampler_qualifications 983 /1620 9c3fe8e4aabbf63dafe8196f67c8fac6ba7e2331842b3a29b922540ffbec9d6e-package-scalar-cjson-v6-chain3 full_joint_short_sampler_output_integrity_checked_not_posterior
scalar_v6_sampler_qualifications 984 /1620 9c3fe8e4aabbf63dafe8196f67c8fac6ba7e2331842b3a29b922540ffbec9d6e-package-scalar-cjson-v6-chain4 full_joint_short_sampler_output_integrity_checked_not_posterior
scalar_v6_sampler_qualifications 985 /1620 9fc6a2abce66cba509b810ab65ae41f1e8b33091aca0af76578f744a0402ec6f-broad-scalar-cjson-v6-chain2 full_joint_short_sampler_output_integrity_checked_not_posterior
scalar_v6_sampler_qualifications 986 /1620 9fc6a2abce66cba509b810ab65ae41f1e8b33091aca0af76578f744a0402ec6f-broad-scalar-cjson-v6-chain4 full_joint_short_sampler_output_integrity_checked_not_posterior
scalar_v6_sampler_qualifications 987 /1620 9fc6a2abce66cba509b810ab65ae41f1e8b33091aca0af76578f744a0402ec6f-broad-scalar-cjson-v6-chain1 full_joint_short_sampler_output_integrity_checked_not_posterior
scalar_v6_sampler_qualifications 988 /1620 9fc6a2abce66cba509b810ab65ae41f1e8b33091aca0af76578f744a0402ec6f-broad-scalar-cjson-v6-chain3 full_joint_short_sampler_output_integrity_checked_not_posterior
scalar_v6_sampler_qualifications 989 /1620 9fc6a2abce66cba509b810ab65ae41f1e8b33091aca0af76578f744a0402ec6f-centered-scalar-cjson-v6-chain1 full_joint_short_sampler_output_integrity_checked_not_posterior
scalar_v6_sampler_qualifications 990 /1620 9fc6a2abce66cba509b810ab65ae41f1e8b33091aca0af76578f744a0402ec6f-centered-scalar-cjson-v6-chain2 full_joint_short_sampler_output_integrity_checked_not_posterior
scalar_v6_sampler_qualifications 991 /1620 9fc6a2abce66cba509b810ab65ae41f1e8b33091aca0af76578f744a0402ec6f-package-scalar-cjson-v6-chain1 full_joint_short_sampler_output_integrity_checked_not_posterior
scalar_v6_sampler_qualifications 992 /1620 9fc6a2abce66cba509b810ab65ae41f1e8b33091aca0af76578f744a0402ec6f-centered-scalar-cjson-v6-chain4 full_joint_short_sampler_output_integrity_checked_not_posterior
scalar_v6_sampler_qualifications 993 /1620 9fc6a2abce66cba509b810ab65ae41f1e8b33091aca0af76578f744a0402ec6f-centered-scalar-cjson-v6-chain3 full_joint_short_sampler_output_integrity_checked_not_posterior
scalar_v6_sampler_qualifications 994 /1620 9fc6a2abce66cba509b810ab65ae41f1e8b33091aca0af76578f744a0402ec6f-package-scalar-cjson-v6-chain4 full_joint_short_sampler_output_integrity_checked_not_posterior
scalar_v6_sampler_qualifications 995 /1620 9fc6a2abce66cba509b810ab65ae41f1e8b33091aca0af76578f744a0402ec6f-package-scalar-cjson-v6-chain3 full_joint_short_sampler_output_integrity_checked_not_posterior
scalar_v6_sampler_qualifications 996 /1620 a369c0f3a60a607823b483297183a49c9a59ffe21389f656ca3a656ea71115ff-broad-scalar-cjson-v6-chain1 full_joint_short_sampler_output_integrity_checked_not_posterior
scalar_v6_sampler_qualifications 997 /1620 9fc6a2abce66cba509b810ab65ae41f1e8b33091aca0af76578f744a0402ec6f-package-scalar-cjson-v6-chain2 full_joint_short_sampler_output_integrity_checked_not_posterior
scalar_v6_sampler_qualifications 998 /1620 a369c0f3a60a607823b483297183a49c9a59ffe21389f656ca3a656ea71115ff-broad-scalar-cjson-v6-chain2 full_joint_short_sampler_output_integrity_checked_not_posterior
scalar_v6_sampler_qualifications 999 /1620 a369c0f3a60a607823b483297183a49c9a59ffe21389f656ca3a656ea71115ff-centered-scalar-cjson-v6-chain2 full_joint_short_sampler_output_integrity_checked_not_posterior
scalar_v6_sampler_qualifications 1000 /1620 a369c0f3a60a607823b483297183a49c9a59ffe21389f656ca3a656ea71115ff-broad-scalar-cjson-v6-chain3 full_joint_short_sampler_output_integrity_checked_not_posterior
scalar_v6_sampler_qualifications 1001 /1620 a369c0f3a60a607823b483297183a49c9a59ffe21389f656ca3a656ea71115ff-centered-scalar-cjson-v6-chain1 full_joint_short_sampler_output_integrity_checked_not_posterior
scalar_v6_sampler_qualifications 1002 /1620 a369c0f3a60a607823b483297183a49c9a59ffe21389f656ca3a656ea71115ff-broad-scalar-cjson-v6-chain4 full_joint_short_sampler_output_integrity_checked_not_posterior
scalar_v6_sampler_qualifications 1003 /1620 a369c0f3a60a607823b483297183a49c9a59ffe21389f656ca3a656ea71115ff-package-scalar-cjson-v6-chain1 full_joint_short_sampler_output_integrity_checked_not_posterior
scalar_v6_sampler_qualifications 1004 /1620 a369c0f3a60a607823b483297183a49c9a59ffe21389f656ca3a656ea71115ff-centered-scalar-cjson-v6-chain4 full_joint_short_sampler_output_integrity_checked_not_posterior
scalar_v6_sampler_qualifications 1005 /1620 a369c0f3a60a607823b483297183a49c9a59ffe21389f656ca3a656ea71115ff-centered-scalar-cjson-v6-chain3 full_joint_short_sampler_output_integrity_checked_not_posterior
scalar_v6_sampler_qualifications 1006 /1620 a369c0f3a60a607823b483297183a49c9a59ffe21389f656ca3a656ea71115ff-package-scalar-cjson-v6-chain2 full_joint_short_sampler_output_integrity_checked_not_posterior
scalar_v6_sampler_qualifications 1007 /1620 a9265d8d645657726b597a21b1547ede89489a482ef1171723f846e8321c6469-broad-scalar-cjson-v6-chain4 full_joint_short_sampler_output_integrity_checked_not_posterior
scalar_v6_sampler_qualifications 1008 /1620 a369c0f3a60a607823b483297183a49c9a59ffe21389f656ca3a656ea71115ff-package-scalar-cjson-v6-chain3 full_joint_short_sampler_output_integrity_checked_not_posterior
scalar_v6_sampler_qualifications 1009 /1620 a9265d8d645657726b597a21b1547ede89489a482ef1171723f846e8321c6469-broad-scalar-cjson-v6-chain2 full_joint_short_sampler_output_integrity_checked_not_posterior
scalar_v6_sampler_qualifications 1010 /1620 a9265d8d645657726b597a21b1547ede89489a482ef1171723f846e8321c6469-broad-scalar-cjson-v6-chain3 full_joint_short_sampler_output_integrity_checked_not_posterior
scalar_v6_sampler_qualifications 1011 /1620 a9265d8d645657726b597a21b1547ede89489a482ef1171723f846e8321c6469-broad-scalar-cjson-v6-chain1 full_joint_short_sampler_output_integrity_checked_not_posterior
scalar_v6_sampler_qualifications 1012 /1620 a369c0f3a60a607823b483297183a49c9a59ffe21389f656ca3a656ea71115ff-package-scalar-cjson-v6-chain4 full_joint_short_sampler_output_integrity_checked_not_posterior
scalar_v6_sampler_qualifications 1013 /1620 a9265d8d645657726b597a21b1547ede89489a482ef1171723f846e8321c6469-centered-scalar-cjson-v6-chain2 full_joint_short_sampler_output_integrity_checked_not_posterior
scalar_v6_sampler_qualifications 1014 /1620 a9265d8d645657726b597a21b1547ede89489a482ef1171723f846e8321c6469-centered-scalar-cjson-v6-chain1 full_joint_short_sampler_output_integrity_checked_not_posterior
scalar_v6_sampler_qualifications 1015 /1620 a9265d8d645657726b597a21b1547ede89489a482ef1171723f846e8321c6469-centered-scalar-cjson-v6-chain3 full_joint_short_sampler_output_integrity_checked_not_posterior
scalar_v6_sampler_qualifications 1016 /1620 a9265d8d645657726b597a21b1547ede89489a482ef1171723f846e8321c6469-centered-scalar-cjson-v6-chain4 full_joint_short_sampler_output_integrity_checked_not_posterior
scalar_v6_sampler_qualifications 1017 /1620 a9d1694f618664eff4686111a5368ca068a6a2696b55025ce18ec0638c0c698e-broad-scalar-cjson-v6-chain2 full_joint_short_sampler_output_integrity_checked_not_posterior
scalar_v6_sampler_qualifications 1018 /1620 a9265d8d645657726b597a21b1547ede89489a482ef1171723f846e8321c6469-package-scalar-cjson-v6-chain4 full_joint_short_sampler_output_integrity_checked_not_posterior
scalar_v6_sampler_qualifications 1019 /1620 a9265d8d645657726b597a21b1547ede89489a482ef1171723f846e8321c6469-package-scalar-cjson-v6-chain1 full_joint_short_sampler_output_integrity_checked_not_posterior
scalar_v6_sampler_qualifications 1020 /1620 a9265d8d645657726b597a21b1547ede89489a482ef1171723f846e8321c6469-package-scalar-cjson-v6-chain3 full_joint_short_sampler_output_integrity_checked_not_posterior
scalar_v6_sampler_qualifications 1021 /1620 a9265d8d645657726b597a21b1547ede89489a482ef1171723f846e8321c6469-package-scalar-cjson-v6-chain2 full_joint_short_sampler_output_integrity_checked_not_posterior
scalar_v6_sampler_qualifications 1022 /1620 a9d1694f618664eff4686111a5368ca068a6a2696b55025ce18ec0638c0c698e-broad-scalar-cjson-v6-chain1 full_joint_short_sampler_output_integrity_checked_not_posterior
scalar_v6_sampler_qualifications 1023 /1620 a9d1694f618664eff4686111a5368ca068a6a2696b55025ce18ec0638c0c698e-centered-scalar-cjson-v6-chain2 full_joint_short_sampler_output_integrity_checked_not_posterior
scalar_v6_sampler_qualifications 1024 /1620 a9d1694f618664eff4686111a5368ca068a6a2696b55025ce18ec0638c0c698e-broad-scalar-cjson-v6-chain3 full_joint_short_sampler_output_integrity_checked_not_posterior
scalar_v6_sampler_qualifications 1025 /1620 a9d1694f618664eff4686111a5368ca068a6a2696b55025ce18ec0638c0c698e-broad-scalar-cjson-v6-chain4 full_joint_short_sampler_output_integrity_checked_not_posterior
scalar_v6_sampler_qualifications 1026 /1620 a9d1694f618664eff4686111a5368ca068a6a2696b55025ce18ec0638c0c698e-centered-scalar-cjson-v6-chain1 full_joint_short_sampler_output_integrity_checked_not_posterior
scalar_v6_sampler_qualifications 1027 /1620 a9d1694f618664eff4686111a5368ca068a6a2696b55025ce18ec0638c0c698e-package-scalar-cjson-v6-chain1 full_joint_short_sampler_output_integrity_checked_not_posterior
scalar_v6_sampler_qualifications 1028 /1620 a9d1694f618664eff4686111a5368ca068a6a2696b55025ce18ec0638c0c698e-centered-scalar-cjson-v6-chain3 full_joint_short_sampler_output_integrity_checked_not_posterior
scalar_v6_sampler_qualifications 1029 /1620 a9d1694f618664eff4686111a5368ca068a6a2696b55025ce18ec0638c0c698e-centered-scalar-cjson-v6-chain4 full_joint_short_sampler_output_integrity_checked_not_posterior
scalar_v6_sampler_qualifications 1030 /1620 a9d1694f618664eff4686111a5368ca068a6a2696b55025ce18ec0638c0c698e-package-scalar-cjson-v6-chain2 full_joint_short_sampler_output_integrity_checked_not_posterior
scalar_v6_sampler_qualifications 1031 /1620 a9d1694f618664eff4686111a5368ca068a6a2696b55025ce18ec0638c0c698e-package-scalar-cjson-v6-chain3 full_joint_short_sampler_output_integrity_checked_not_posterior
scalar_v6_sampler_qualifications 1032 /1620 a9d1694f618664eff4686111a5368ca068a6a2696b55025ce18ec0638c0c698e-package-scalar-cjson-v6-chain4 full_joint_short_sampler_output_integrity_checked_not_posterior
scalar_v6_sampler_qualifications 1033 /1620 aab65f7997ddc63d3f9daee83d8844bac4a075cabf7dad2ceaf2510e34f7a35e-broad-scalar-cjson-v6-chain2 full_joint_short_sampler_output_integrity_checked_not_posterior
scalar_v6_sampler_qualifications 1034 /1620 aab65f7997ddc63d3f9daee83d8844bac4a075cabf7dad2ceaf2510e34f7a35e-broad-scalar-cjson-v6-chain4 full_joint_short_sampler_output_integrity_checked_not_posterior
scalar_v6_sampler_qualifications 1035 /1620 aab65f7997ddc63d3f9daee83d8844bac4a075cabf7dad2ceaf2510e34f7a35e-broad-scalar-cjson-v6-chain1 full_joint_short_sampler_output_integrity_checked_not_posterior
scalar_v6_sampler_qualifications 1036 /1620 aab65f7997ddc63d3f9daee83d8844bac4a075cabf7dad2ceaf2510e34f7a35e-broad-scalar-cjson-v6-chain3 full_joint_short_sampler_output_integrity_checked_not_posterior
scalar_v6_sampler_qualifications 1037 /1620 aab65f7997ddc63d3f9daee83d8844bac4a075cabf7dad2ceaf2510e34f7a35e-centered-scalar-cjson-v6-chain1 full_joint_short_sampler_output_integrity_checked_not_posterior
scalar_v6_sampler_qualifications 1038 /1620 aab65f7997ddc63d3f9daee83d8844bac4a075cabf7dad2ceaf2510e34f7a35e-centered-scalar-cjson-v6-chain2 full_joint_short_sampler_output_integrity_checked_not_posterior
scalar_v6_sampler_qualifications 1039 /1620 aab65f7997ddc63d3f9daee83d8844bac4a075cabf7dad2ceaf2510e34f7a35e-centered-scalar-cjson-v6-chain4 full_joint_short_sampler_output_integrity_checked_not_posterior
scalar_v6_sampler_qualifications 1040 /1620 aab65f7997ddc63d3f9daee83d8844bac4a075cabf7dad2ceaf2510e34f7a35e-package-scalar-cjson-v6-chain2 full_joint_short_sampler_output_integrity_checked_not_posterior
scalar_v6_sampler_qualifications 1041 /1620 aab65f7997ddc63d3f9daee83d8844bac4a075cabf7dad2ceaf2510e34f7a35e-package-scalar-cjson-v6-chain1 full_joint_short_sampler_output_integrity_checked_not_posterior
scalar_v6_sampler_qualifications 1042 /1620 aab65f7997ddc63d3f9daee83d8844bac4a075cabf7dad2ceaf2510e34f7a35e-centered-scalar-cjson-v6-chain3 full_joint_short_sampler_output_integrity_checked_not_posterior
scalar_v6_sampler_qualifications 1043 /1620 aab65f7997ddc63d3f9daee83d8844bac4a075cabf7dad2ceaf2510e34f7a35e-package-scalar-cjson-v6-chain3 full_joint_short_sampler_output_integrity_checked_not_posterior
scalar_v6_sampler_qualifications 1044 /1620 ab19784ce4ead62b406c5986caf227504624f8a1de45678d0401e521b738e54c-centered-scalar-cjson-v6-chain1 full_joint_short_sampler_output_integrity_checked_not_posterior
scalar_v6_sampler_qualifications 1045 /1620 ab19784ce4ead62b406c5986caf227504624f8a1de45678d0401e521b738e54c-broad-scalar-cjson-v6-chain2 full_joint_short_sampler_output_integrity_checked_not_posterior
scalar_v6_sampler_qualifications 1046 /1620 aab65f7997ddc63d3f9daee83d8844bac4a075cabf7dad2ceaf2510e34f7a35e-package-scalar-cjson-v6-chain4 full_joint_short_sampler_output_integrity_checked_not_posterior
scalar_v6_sampler_qualifications 1047 /1620 ab19784ce4ead62b406c5986caf227504624f8a1de45678d0401e521b738e54c-centered-scalar-cjson-v6-chain3 full_joint_short_sampler_output_integrity_checked_not_posterior
scalar_v6_sampler_qualifications 1048 /1620 ab19784ce4ead62b406c5986caf227504624f8a1de45678d0401e521b738e54c-broad-scalar-cjson-v6-chain3 full_joint_short_sampler_output_integrity_checked_not_posterior
scalar_v6_sampler_qualifications 1049 /1620 ab19784ce4ead62b406c5986caf227504624f8a1de45678d0401e521b738e54c-broad-scalar-cjson-v6-chain4 full_joint_short_sampler_output_integrity_checked_not_posterior
scalar_v6_sampler_qualifications 1050 /1620 ab19784ce4ead62b406c5986caf227504624f8a1de45678d0401e521b738e54c-broad-scalar-cjson-v6-chain1 full_joint_short_sampler_output_integrity_checked_not_posterior
scalar_v6_sampler_qualifications 1051 /1620 ab19784ce4ead62b406c5986caf227504624f8a1de45678d0401e521b738e54c-centered-scalar-cjson-v6-chain4 full_joint_short_sampler_output_integrity_checked_not_posterior
scalar_v6_sampler_qualifications 1052 /1620 ab19784ce4ead62b406c5986caf227504624f8a1de45678d0401e521b738e54c-centered-scalar-cjson-v6-chain2 full_joint_short_sampler_output_integrity_checked_not_posterior
scalar_v6_sampler_qualifications 1053 /1620 ab19784ce4ead62b406c5986caf227504624f8a1de45678d0401e521b738e54c-package-scalar-cjson-v6-chain2 full_joint_short_sampler_output_integrity_checked_not_posterior
scalar_v6_sampler_qualifications 1054 /1620 ab19784ce4ead62b406c5986caf227504624f8a1de45678d0401e521b738e54c-package-scalar-cjson-v6-chain1 full_joint_short_sampler_output_integrity_checked_not_posterior
scalar_v6_sampler_qualifications 1055 /1620 acc8bb557d94297724618225c006e4a74ba079703f73fd55382c012cfe62e27f-broad-scalar-cjson-v6-chain1 full_joint_short_sampler_output_integrity_checked_not_posterior
scalar_v6_sampler_qualifications 1056 /1620 ab19784ce4ead62b406c5986caf227504624f8a1de45678d0401e521b738e54c-package-scalar-cjson-v6-chain3 full_joint_short_sampler_output_integrity_checked_not_posterior
scalar_v6_sampler_qualifications 1057 /1620 ab19784ce4ead62b406c5986caf227504624f8a1de45678d0401e521b738e54c-package-scalar-cjson-v6-chain4 full_joint_short_sampler_output_integrity_checked_not_posterior
scalar_v6_sampler_qualifications 1058 /1620 acc8bb557d94297724618225c006e4a74ba079703f73fd55382c012cfe62e27f-broad-scalar-cjson-v6-chain3 full_joint_short_sampler_output_integrity_checked_not_posterior
scalar_v6_sampler_qualifications 1059 /1620 acc8bb557d94297724618225c006e4a74ba079703f73fd55382c012cfe62e27f-centered-scalar-cjson-v6-chain1 full_joint_short_sampler_output_integrity_checked_not_posterior
scalar_v6_sampler_qualifications 1060 /1620 acc8bb557d94297724618225c006e4a74ba079703f73fd55382c012cfe62e27f-broad-scalar-cjson-v6-chain2 full_joint_short_sampler_output_integrity_checked_not_posterior
scalar_v6_sampler_qualifications 1061 /1620 acc8bb557d94297724618225c006e4a74ba079703f73fd55382c012cfe62e27f-broad-scalar-cjson-v6-chain4 full_joint_short_sampler_output_integrity_checked_not_posterior
scalar_v6_sampler_qualifications 1062 /1620 acc8bb557d94297724618225c006e4a74ba079703f73fd55382c012cfe62e27f-centered-scalar-cjson-v6-chain2 full_joint_short_sampler_output_integrity_checked_not_posterior
scalar_v6_sampler_qualifications 1063 /1620 acc8bb557d94297724618225c006e4a74ba079703f73fd55382c012cfe62e27f-centered-scalar-cjson-v6-chain3 full_joint_short_sampler_output_integrity_checked_not_posterior
scalar_v6_sampler_qualifications 1064 /1620 acc8bb557d94297724618225c006e4a74ba079703f73fd55382c012cfe62e27f-centered-scalar-cjson-v6-chain4 full_joint_short_sampler_output_integrity_checked_not_posterior
scalar_v6_sampler_qualifications 1065 /1620 acc8bb557d94297724618225c006e4a74ba079703f73fd55382c012cfe62e27f-package-scalar-cjson-v6-chain4 full_joint_short_sampler_output_integrity_checked_not_posterior
scalar_v6_sampler_qualifications 1066 /1620 acc8bb557d94297724618225c006e4a74ba079703f73fd55382c012cfe62e27f-package-scalar-cjson-v6-chain1 full_joint_short_sampler_output_integrity_checked_not_posterior
scalar_v6_sampler_qualifications 1067 /1620 acc8bb557d94297724618225c006e4a74ba079703f73fd55382c012cfe62e27f-package-scalar-cjson-v6-chain3 full_joint_short_sampler_output_integrity_checked_not_posterior
scalar_v6_sampler_qualifications 1068 /1620 acc8bb557d94297724618225c006e4a74ba079703f73fd55382c012cfe62e27f-package-scalar-cjson-v6-chain2 full_joint_short_sampler_output_integrity_checked_not_posterior
scalar_v6_sampler_qualifications 1069 /1620 acfc837699b7ad7b47bda478356d778fa35864ba0a2af4bfe55096cf9e8b65a5-broad-scalar-cjson-v6-chain2 full_joint_short_sampler_output_integrity_checked_not_posterior
scalar_v6_sampler_qualifications 1070 /1620 acfc837699b7ad7b47bda478356d778fa35864ba0a2af4bfe55096cf9e8b65a5-broad-scalar-cjson-v6-chain1 full_joint_short_sampler_output_integrity_checked_not_posterior
scalar_v6_sampler_qualifications 1071 /1620 acfc837699b7ad7b47bda478356d778fa35864ba0a2af4bfe55096cf9e8b65a5-broad-scalar-cjson-v6-chain3 full_joint_short_sampler_output_integrity_checked_not_posterior
scalar_v6_sampler_qualifications 1072 /1620 acfc837699b7ad7b47bda478356d778fa35864ba0a2af4bfe55096cf9e8b65a5-broad-scalar-cjson-v6-chain4 full_joint_short_sampler_output_integrity_checked_not_posterior
scalar_v6_sampler_qualifications 1073 /1620 acfc837699b7ad7b47bda478356d778fa35864ba0a2af4bfe55096cf9e8b65a5-centered-scalar-cjson-v6-chain1 full_joint_short_sampler_output_integrity_checked_not_posterior
scalar_v6_sampler_qualifications 1074 /1620 acfc837699b7ad7b47bda478356d778fa35864ba0a2af4bfe55096cf9e8b65a5-centered-scalar-cjson-v6-chain2 full_joint_short_sampler_output_integrity_checked_not_posterior
scalar_v6_sampler_qualifications 1075 /1620 acfc837699b7ad7b47bda478356d778fa35864ba0a2af4bfe55096cf9e8b65a5-centered-scalar-cjson-v6-chain3 full_joint_short_sampler_output_integrity_checked_not_posterior
scalar_v6_sampler_qualifications 1076 /1620 acfc837699b7ad7b47bda478356d778fa35864ba0a2af4bfe55096cf9e8b65a5-centered-scalar-cjson-v6-chain4 full_joint_short_sampler_output_integrity_checked_not_posterior
scalar_v6_sampler_qualifications 1077 /1620 acfc837699b7ad7b47bda478356d778fa35864ba0a2af4bfe55096cf9e8b65a5-package-scalar-cjson-v6-chain1 full_joint_short_sampler_output_integrity_checked_not_posterior
scalar_v6_sampler_qualifications 1078 /1620 acfc837699b7ad7b47bda478356d778fa35864ba0a2af4bfe55096cf9e8b65a5-package-scalar-cjson-v6-chain2 full_joint_short_sampler_output_integrity_checked_not_posterior
scalar_v6_sampler_qualifications 1079 /1620 acfc837699b7ad7b47bda478356d778fa35864ba0a2af4bfe55096cf9e8b65a5-package-scalar-cjson-v6-chain4 full_joint_short_sampler_output_integrity_checked_not_posterior
scalar_v6_sampler_qualifications 1080 /1620 acfc837699b7ad7b47bda478356d778fa35864ba0a2af4bfe55096cf9e8b65a5-package-scalar-cjson-v6-chain3 full_joint_short_sampler_output_integrity_checked_not_posterior
scalar_v6_sampler_qualifications 1081 /1620 af65ef17a4c9bcf72260d7f9ce4e56aa3f24b33efde5226a848de2bb40e30a51-broad-scalar-cjson-v6-chain1 full_joint_short_sampler_output_integrity_checked_not_posterior
scalar_v6_sampler_qualifications 1082 /1620 af65ef17a4c9bcf72260d7f9ce4e56aa3f24b33efde5226a848de2bb40e30a51-package-scalar-cjson-v6-chain2 full_joint_short_sampler_output_integrity_checked_not_posterior
scalar_v6_sampler_qualifications 1083 /1620 af65ef17a4c9bcf72260d7f9ce4e56aa3f24b33efde5226a848de2bb40e30a51-centered-scalar-cjson-v6-chain1 full_joint_short_sampler_output_integrity_checked_not_posterior
scalar_v6_sampler_qualifications 1084 /1620 af65ef17a4c9bcf72260d7f9ce4e56aa3f24b33efde5226a848de2bb40e30a51-broad-scalar-cjson-v6-chain2 full_joint_short_sampler_output_integrity_checked_not_posterior
scalar_v6_sampler_qualifications 1085 /1620 af65ef17a4c9bcf72260d7f9ce4e56aa3f24b33efde5226a848de2bb40e30a51-centered-scalar-cjson-v6-chain4 full_joint_short_sampler_output_integrity_checked_not_posterior
scalar_v6_sampler_qualifications 1086 /1620 af65ef17a4c9bcf72260d7f9ce4e56aa3f24b33efde5226a848de2bb40e30a51-centered-scalar-cjson-v6-chain2 full_joint_short_sampler_output_integrity_checked_not_posterior
scalar_v6_sampler_qualifications 1087 /1620 aff152be932f64c9c7f8220e8e1408a559611af5e5532077b1851ea5cff847fb-broad-scalar-cjson-v6-chain2 full_joint_short_sampler_output_integrity_checked_not_posterior
scalar_v6_sampler_qualifications 1088 /1620 af65ef17a4c9bcf72260d7f9ce4e56aa3f24b33efde5226a848de2bb40e30a51-package-scalar-cjson-v6-chain3 full_joint_short_sampler_output_integrity_checked_not_posterior
scalar_v6_sampler_qualifications 1089 /1620 af65ef17a4c9bcf72260d7f9ce4e56aa3f24b33efde5226a848de2bb40e30a51-package-scalar-cjson-v6-chain1 full_joint_short_sampler_output_integrity_checked_not_posterior
scalar_v6_sampler_qualifications 1090 /1620 af65ef17a4c9bcf72260d7f9ce4e56aa3f24b33efde5226a848de2bb40e30a51-broad-scalar-cjson-v6-chain3 full_joint_short_sampler_output_integrity_checked_not_posterior
scalar_v6_sampler_qualifications 1091 /1620 af65ef17a4c9bcf72260d7f9ce4e56aa3f24b33efde5226a848de2bb40e30a51-centered-scalar-cjson-v6-chain3 full_joint_short_sampler_output_integrity_checked_not_posterior
scalar_v6_sampler_qualifications 1092 /1620 af65ef17a4c9bcf72260d7f9ce4e56aa3f24b33efde5226a848de2bb40e30a51-package-scalar-cjson-v6-chain4 full_joint_short_sampler_output_integrity_checked_not_posterior
scalar_v6_sampler_qualifications 1093 /1620 aff152be932f64c9c7f8220e8e1408a559611af5e5532077b1851ea5cff847fb-broad-scalar-cjson-v6-chain4 full_joint_short_sampler_output_integrity_checked_not_posterior
scalar_v6_sampler_qualifications 1094 /1620 af65ef17a4c9bcf72260d7f9ce4e56aa3f24b33efde5226a848de2bb40e30a51-broad-scalar-cjson-v6-chain4 full_joint_short_sampler_output_integrity_checked_not_posterior
scalar_v6_sampler_qualifications 1095 /1620 aff152be932f64c9c7f8220e8e1408a559611af5e5532077b1851ea5cff847fb-broad-scalar-cjson-v6-chain3 full_joint_short_sampler_output_integrity_checked_not_posterior
scalar_v6_sampler_qualifications 1096 /1620 aff152be932f64c9c7f8220e8e1408a559611af5e5532077b1851ea5cff847fb-broad-scalar-cjson-v6-chain1 full_joint_short_sampler_output_integrity_checked_not_posterior
scalar_v6_sampler_qualifications 1097 /1620 aff152be932f64c9c7f8220e8e1408a559611af5e5532077b1851ea5cff847fb-centered-scalar-cjson-v6-chain1 full_joint_short_sampler_output_integrity_checked_not_posterior
scalar_v6_sampler_qualifications 1098 /1620 aff152be932f64c9c7f8220e8e1408a559611af5e5532077b1851ea5cff847fb-centered-scalar-cjson-v6-chain2 full_joint_short_sampler_output_integrity_checked_not_posterior
scalar_v6_sampler_qualifications 1099 /1620 aff152be932f64c9c7f8220e8e1408a559611af5e5532077b1851ea5cff847fb-centered-scalar-cjson-v6-chain3 full_joint_short_sampler_output_integrity_checked_not_posterior
scalar_v6_sampler_qualifications 1100 /1620 aff152be932f64c9c7f8220e8e1408a559611af5e5532077b1851ea5cff847fb-package-scalar-cjson-v6-chain4 full_joint_short_sampler_output_integrity_checked_not_posterior
scalar_v6_sampler_qualifications 1101 /1620 b0abc43a02ab16eaf2911d1a135a89a7f62ed777965dbd15e2cbc9029d5dd051-broad-scalar-cjson-v6-chain1 full_joint_short_sampler_output_integrity_checked_not_posterior
scalar_v6_sampler_qualifications 1102 /1620 b0abc43a02ab16eaf2911d1a135a89a7f62ed777965dbd15e2cbc9029d5dd051-broad-scalar-cjson-v6-chain4 full_joint_short_sampler_output_integrity_checked_not_posterior
scalar_v6_sampler_qualifications 1103 /1620 aff152be932f64c9c7f8220e8e1408a559611af5e5532077b1851ea5cff847fb-centered-scalar-cjson-v6-chain4 full_joint_short_sampler_output_integrity_checked_not_posterior
scalar_v6_sampler_qualifications 1104 /1620 b0abc43a02ab16eaf2911d1a135a89a7f62ed777965dbd15e2cbc9029d5dd051-centered-scalar-cjson-v6-chain2 full_joint_short_sampler_output_integrity_checked_not_posterior
scalar_v6_sampler_qualifications 1105 /1620 aff152be932f64c9c7f8220e8e1408a559611af5e5532077b1851ea5cff847fb-package-scalar-cjson-v6-chain2 full_joint_short_sampler_output_integrity_checked_not_posterior
scalar_v6_sampler_qualifications 1106 /1620 aff152be932f64c9c7f8220e8e1408a559611af5e5532077b1851ea5cff847fb-package-scalar-cjson-v6-chain1 full_joint_short_sampler_output_integrity_checked_not_posterior
scalar_v6_sampler_qualifications 1107 /1620 b0abc43a02ab16eaf2911d1a135a89a7f62ed777965dbd15e2cbc9029d5dd051-broad-scalar-cjson-v6-chain2 full_joint_short_sampler_output_integrity_checked_not_posterior
scalar_v6_sampler_qualifications 1108 /1620 b0abc43a02ab16eaf2911d1a135a89a7f62ed777965dbd15e2cbc9029d5dd051-broad-scalar-cjson-v6-chain3 full_joint_short_sampler_output_integrity_checked_not_posterior
scalar_v6_sampler_qualifications 1109 /1620 b0abc43a02ab16eaf2911d1a135a89a7f62ed777965dbd15e2cbc9029d5dd051-centered-scalar-cjson-v6-chain3 full_joint_short_sampler_output_integrity_checked_not_posterior
scalar_v6_sampler_qualifications 1110 /1620 aff152be932f64c9c7f8220e8e1408a559611af5e5532077b1851ea5cff847fb-package-scalar-cjson-v6-chain3 full_joint_short_sampler_output_integrity_checked_not_posterior
scalar_v6_sampler_qualifications 1111 /1620 b0abc43a02ab16eaf2911d1a135a89a7f62ed777965dbd15e2cbc9029d5dd051-centered-scalar-cjson-v6-chain1 full_joint_short_sampler_output_integrity_checked_not_posterior
scalar_v6_sampler_qualifications 1112 /1620 b0abc43a02ab16eaf2911d1a135a89a7f62ed777965dbd15e2cbc9029d5dd051-package-scalar-cjson-v6-chain3 full_joint_short_sampler_output_integrity_checked_not_posterior
scalar_v6_sampler_qualifications 1113 /1620 b0abc43a02ab16eaf2911d1a135a89a7f62ed777965dbd15e2cbc9029d5dd051-centered-scalar-cjson-v6-chain4 full_joint_short_sampler_output_integrity_checked_not_posterior
scalar_v6_sampler_qualifications 1114 /1620 b0abc43a02ab16eaf2911d1a135a89a7f62ed777965dbd15e2cbc9029d5dd051-package-scalar-cjson-v6-chain1 full_joint_short_sampler_output_integrity_checked_not_posterior
scalar_v6_sampler_qualifications 1115 /1620 b0abc43a02ab16eaf2911d1a135a89a7f62ed777965dbd15e2cbc9029d5dd051-package-scalar-cjson-v6-chain2 full_joint_short_sampler_output_integrity_checked_not_posterior
scalar_v6_sampler_qualifications 1116 /1620 b5798e78d23ed01c8d8004f5663a65aa1d50fc9af4ed036f23626451393031be-broad-scalar-cjson-v6-chain1 full_joint_short_sampler_output_integrity_checked_not_posterior
scalar_v6_sampler_qualifications 1117 /1620 b5798e78d23ed01c8d8004f5663a65aa1d50fc9af4ed036f23626451393031be-broad-scalar-cjson-v6-chain2 full_joint_short_sampler_output_integrity_checked_not_posterior
scalar_v6_sampler_qualifications 1118 /1620 b0abc43a02ab16eaf2911d1a135a89a7f62ed777965dbd15e2cbc9029d5dd051-package-scalar-cjson-v6-chain4 full_joint_short_sampler_output_integrity_checked_not_posterior
scalar_v6_sampler_qualifications 1119 /1620 b5798e78d23ed01c8d8004f5663a65aa1d50fc9af4ed036f23626451393031be-broad-scalar-cjson-v6-chain4 full_joint_short_sampler_output_integrity_checked_not_posterior
scalar_v6_sampler_qualifications 1120 /1620 b5798e78d23ed01c8d8004f5663a65aa1d50fc9af4ed036f23626451393031be-broad-scalar-cjson-v6-chain3 full_joint_short_sampler_output_integrity_checked_not_posterior
scalar_v6_sampler_qualifications 1121 /1620 b5798e78d23ed01c8d8004f5663a65aa1d50fc9af4ed036f23626451393031be-centered-scalar-cjson-v6-chain2 full_joint_short_sampler_output_integrity_checked_not_posterior
scalar_v6_sampler_qualifications 1122 /1620 b5798e78d23ed01c8d8004f5663a65aa1d50fc9af4ed036f23626451393031be-centered-scalar-cjson-v6-chain1 full_joint_short_sampler_output_integrity_checked_not_posterior
scalar_v6_sampler_qualifications 1123 /1620 b5798e78d23ed01c8d8004f5663a65aa1d50fc9af4ed036f23626451393031be-centered-scalar-cjson-v6-chain3 full_joint_short_sampler_output_integrity_checked_not_posterior
scalar_v6_sampler_qualifications 1124 /1620 b5798e78d23ed01c8d8004f5663a65aa1d50fc9af4ed036f23626451393031be-package-scalar-cjson-v6-chain1 full_joint_short_sampler_output_integrity_checked_not_posterior
scalar_v6_sampler_qualifications 1125 /1620 b5798e78d23ed01c8d8004f5663a65aa1d50fc9af4ed036f23626451393031be-centered-scalar-cjson-v6-chain4 full_joint_short_sampler_output_integrity_checked_not_posterior
scalar_v6_sampler_qualifications 1126 /1620 b5798e78d23ed01c8d8004f5663a65aa1d50fc9af4ed036f23626451393031be-package-scalar-cjson-v6-chain3 full_joint_short_sampler_output_integrity_checked_not_posterior
scalar_v6_sampler_qualifications 1127 /1620 b5798e78d23ed01c8d8004f5663a65aa1d50fc9af4ed036f23626451393031be-package-scalar-cjson-v6-chain2 full_joint_short_sampler_output_integrity_checked_not_posterior
scalar_v6_sampler_qualifications 1128 /1620 b5fcd4bb2bad85a36f8ab1fdcdb4f00a05ba31b03fc8b7cd2702e1d973f8ed6d-broad-scalar-cjson-v6-chain3 full_joint_short_sampler_output_integrity_checked_not_posterior
scalar_v6_sampler_qualifications 1129 /1620 b5798e78d23ed01c8d8004f5663a65aa1d50fc9af4ed036f23626451393031be-package-scalar-cjson-v6-chain4 full_joint_short_sampler_output_integrity_checked_not_posterior
scalar_v6_sampler_qualifications 1130 /1620 b5fcd4bb2bad85a36f8ab1fdcdb4f00a05ba31b03fc8b7cd2702e1d973f8ed6d-broad-scalar-cjson-v6-chain1 full_joint_short_sampler_output_integrity_checked_not_posterior
scalar_v6_sampler_qualifications 1131 /1620 b5fcd4bb2bad85a36f8ab1fdcdb4f00a05ba31b03fc8b7cd2702e1d973f8ed6d-broad-scalar-cjson-v6-chain2 full_joint_short_sampler_output_integrity_checked_not_posterior
scalar_v6_sampler_qualifications 1132 /1620 b5fcd4bb2bad85a36f8ab1fdcdb4f00a05ba31b03fc8b7cd2702e1d973f8ed6d-broad-scalar-cjson-v6-chain4 full_joint_short_sampler_output_integrity_checked_not_posterior
scalar_v6_sampler_qualifications 1133 /1620 b5fcd4bb2bad85a36f8ab1fdcdb4f00a05ba31b03fc8b7cd2702e1d973f8ed6d-centered-scalar-cjson-v6-chain2 full_joint_short_sampler_output_integrity_checked_not_posterior
scalar_v6_sampler_qualifications 1134 /1620 b5fcd4bb2bad85a36f8ab1fdcdb4f00a05ba31b03fc8b7cd2702e1d973f8ed6d-centered-scalar-cjson-v6-chain4 full_joint_short_sampler_output_integrity_checked_not_posterior
scalar_v6_sampler_qualifications 1135 /1620 b5fcd4bb2bad85a36f8ab1fdcdb4f00a05ba31b03fc8b7cd2702e1d973f8ed6d-centered-scalar-cjson-v6-chain3 full_joint_short_sampler_output_integrity_checked_not_posterior
scalar_v6_sampler_qualifications 1136 /1620 b5fcd4bb2bad85a36f8ab1fdcdb4f00a05ba31b03fc8b7cd2702e1d973f8ed6d-centered-scalar-cjson-v6-chain1 full_joint_short_sampler_output_integrity_checked_not_posterior
scalar_v6_sampler_qualifications 1137 /1620 b5fcd4bb2bad85a36f8ab1fdcdb4f00a05ba31b03fc8b7cd2702e1d973f8ed6d-package-scalar-cjson-v6-chain1 full_joint_short_sampler_output_integrity_checked_not_posterior
scalar_v6_sampler_qualifications 1138 /1620 b5fcd4bb2bad85a36f8ab1fdcdb4f00a05ba31b03fc8b7cd2702e1d973f8ed6d-package-scalar-cjson-v6-chain2 full_joint_short_sampler_output_integrity_checked_not_posterior
scalar_v6_sampler_qualifications 1139 /1620 b5fcd4bb2bad85a36f8ab1fdcdb4f00a05ba31b03fc8b7cd2702e1d973f8ed6d-package-scalar-cjson-v6-chain3 full_joint_short_sampler_output_integrity_checked_not_posterior
scalar_v6_sampler_qualifications 1140 /1620 b81382c8a9caedce62d6197a3fb73f4114027223a26af86b9877baedd75e00c1-broad-scalar-cjson-v6-chain1 full_joint_short_sampler_output_integrity_checked_not_posterior
scalar_v6_sampler_qualifications 1141 /1620 b5fcd4bb2bad85a36f8ab1fdcdb4f00a05ba31b03fc8b7cd2702e1d973f8ed6d-package-scalar-cjson-v6-chain4 full_joint_short_sampler_output_integrity_checked_not_posterior
scalar_v6_sampler_qualifications 1142 /1620 b81382c8a9caedce62d6197a3fb73f4114027223a26af86b9877baedd75e00c1-broad-scalar-cjson-v6-chain2 full_joint_short_sampler_output_integrity_checked_not_posterior
scalar_v6_sampler_qualifications 1143 /1620 b81382c8a9caedce62d6197a3fb73f4114027223a26af86b9877baedd75e00c1-broad-scalar-cjson-v6-chain3 full_joint_short_sampler_output_integrity_checked_not_posterior
scalar_v6_sampler_qualifications 1144 /1620 b81382c8a9caedce62d6197a3fb73f4114027223a26af86b9877baedd75e00c1-centered-scalar-cjson-v6-chain2 full_joint_short_sampler_output_integrity_checked_not_posterior
scalar_v6_sampler_qualifications 1145 /1620 b81382c8a9caedce62d6197a3fb73f4114027223a26af86b9877baedd75e00c1-broad-scalar-cjson-v6-chain4 full_joint_short_sampler_output_integrity_checked_not_posterior
scalar_v6_sampler_qualifications 1146 /1620 b81382c8a9caedce62d6197a3fb73f4114027223a26af86b9877baedd75e00c1-package-scalar-cjson-v6-chain1 full_joint_short_sampler_output_integrity_checked_not_posterior
scalar_v6_sampler_qualifications 1147 /1620 b81382c8a9caedce62d6197a3fb73f4114027223a26af86b9877baedd75e00c1-centered-scalar-cjson-v6-chain3 full_joint_short_sampler_output_integrity_checked_not_posterior
scalar_v6_sampler_qualifications 1148 /1620 b81382c8a9caedce62d6197a3fb73f4114027223a26af86b9877baedd75e00c1-centered-scalar-cjson-v6-chain4 full_joint_short_sampler_output_integrity_checked_not_posterior
scalar_v6_sampler_qualifications 1149 /1620 b81382c8a9caedce62d6197a3fb73f4114027223a26af86b9877baedd75e00c1-centered-scalar-cjson-v6-chain1 full_joint_short_sampler_output_integrity_checked_not_posterior
scalar_v6_sampler_qualifications 1150 /1620 b81382c8a9caedce62d6197a3fb73f4114027223a26af86b9877baedd75e00c1-package-scalar-cjson-v6-chain2 full_joint_short_sampler_output_integrity_checked_not_posterior
scalar_v6_sampler_qualifications 1151 /1620 b83d69caeb55d8e88fd144c6e011ac9c720034d9220cef23524223924a6d034c-broad-scalar-cjson-v6-chain2 full_joint_short_sampler_output_integrity_checked_not_posterior
scalar_v6_sampler_qualifications 1152 /1620 b83d69caeb55d8e88fd144c6e011ac9c720034d9220cef23524223924a6d034c-broad-scalar-cjson-v6-chain1 full_joint_short_sampler_output_integrity_checked_not_posterior
scalar_v6_sampler_qualifications 1153 /1620 b81382c8a9caedce62d6197a3fb73f4114027223a26af86b9877baedd75e00c1-package-scalar-cjson-v6-chain4 full_joint_short_sampler_output_integrity_checked_not_posterior
scalar_v6_sampler_qualifications 1154 /1620 b83d69caeb55d8e88fd144c6e011ac9c720034d9220cef23524223924a6d034c-centered-scalar-cjson-v6-chain1 full_joint_short_sampler_output_integrity_checked_not_posterior
scalar_v6_sampler_qualifications 1155 /1620 b81382c8a9caedce62d6197a3fb73f4114027223a26af86b9877baedd75e00c1-package-scalar-cjson-v6-chain3 full_joint_short_sampler_output_integrity_checked_not_posterior
scalar_v6_sampler_qualifications 1156 /1620 b83d69caeb55d8e88fd144c6e011ac9c720034d9220cef23524223924a6d034c-broad-scalar-cjson-v6-chain3 full_joint_short_sampler_output_integrity_checked_not_posterior
scalar_v6_sampler_qualifications 1157 /1620 b83d69caeb55d8e88fd144c6e011ac9c720034d9220cef23524223924a6d034c-broad-scalar-cjson-v6-chain4 full_joint_short_sampler_output_integrity_checked_not_posterior
scalar_v6_sampler_qualifications 1158 /1620 b83d69caeb55d8e88fd144c6e011ac9c720034d9220cef23524223924a6d034c-centered-scalar-cjson-v6-chain2 full_joint_short_sampler_output_integrity_checked_not_posterior
scalar_v6_sampler_qualifications 1159 /1620 b83d69caeb55d8e88fd144c6e011ac9c720034d9220cef23524223924a6d034c-centered-scalar-cjson-v6-chain3 full_joint_short_sampler_output_integrity_checked_not_posterior
scalar_v6_sampler_qualifications 1160 /1620 b83d69caeb55d8e88fd144c6e011ac9c720034d9220cef23524223924a6d034c-package-scalar-cjson-v6-chain1 full_joint_short_sampler_output_integrity_checked_not_posterior
scalar_v6_sampler_qualifications 1161 /1620 b83d69caeb55d8e88fd144c6e011ac9c720034d9220cef23524223924a6d034c-package-scalar-cjson-v6-chain2 full_joint_short_sampler_output_integrity_checked_not_posterior
scalar_v6_sampler_qualifications 1162 /1620 b83d69caeb55d8e88fd144c6e011ac9c720034d9220cef23524223924a6d034c-centered-scalar-cjson-v6-chain4 full_joint_short_sampler_output_integrity_checked_not_posterior
scalar_v6_sampler_qualifications 1163 /1620 b83d69caeb55d8e88fd144c6e011ac9c720034d9220cef23524223924a6d034c-package-scalar-cjson-v6-chain3 full_joint_short_sampler_output_integrity_checked_not_posterior
scalar_v6_sampler_qualifications 1164 /1620 ba46c36f33d2767ce1897f6c98fa5555e7546d3ede53657c285d8a33bbe6c398-broad-scalar-cjson-v6-chain1 full_joint_short_sampler_output_integrity_checked_not_posterior
scalar_v6_sampler_qualifications 1165 /1620 ba46c36f33d2767ce1897f6c98fa5555e7546d3ede53657c285d8a33bbe6c398-broad-scalar-cjson-v6-chain2 full_joint_short_sampler_output_integrity_checked_not_posterior
scalar_v6_sampler_qualifications 1166 /1620 ba46c36f33d2767ce1897f6c98fa5555e7546d3ede53657c285d8a33bbe6c398-broad-scalar-cjson-v6-chain4 full_joint_short_sampler_output_integrity_checked_not_posterior
scalar_v6_sampler_qualifications 1167 /1620 ba46c36f33d2767ce1897f6c98fa5555e7546d3ede53657c285d8a33bbe6c398-centered-scalar-cjson-v6-chain1 full_joint_short_sampler_output_integrity_checked_not_posterior
scalar_v6_sampler_qualifications 1168 /1620 ba46c36f33d2767ce1897f6c98fa5555e7546d3ede53657c285d8a33bbe6c398-broad-scalar-cjson-v6-chain3 full_joint_short_sampler_output_integrity_checked_not_posterior
scalar_v6_sampler_qualifications 1169 /1620 ba46c36f33d2767ce1897f6c98fa5555e7546d3ede53657c285d8a33bbe6c398-centered-scalar-cjson-v6-chain2 full_joint_short_sampler_output_integrity_checked_not_posterior
scalar_v6_sampler_qualifications 1170 /1620 b83d69caeb55d8e88fd144c6e011ac9c720034d9220cef23524223924a6d034c-package-scalar-cjson-v6-chain4 full_joint_short_sampler_output_integrity_checked_not_posterior
scalar_v6_sampler_qualifications 1171 /1620 ba46c36f33d2767ce1897f6c98fa5555e7546d3ede53657c285d8a33bbe6c398-centered-scalar-cjson-v6-chain4 full_joint_short_sampler_output_integrity_checked_not_posterior
scalar_v6_sampler_qualifications 1172 /1620 ba46c36f33d2767ce1897f6c98fa5555e7546d3ede53657c285d8a33bbe6c398-centered-scalar-cjson-v6-chain3 full_joint_short_sampler_output_integrity_checked_not_posterior
scalar_v6_sampler_qualifications 1173 /1620 ba46c36f33d2767ce1897f6c98fa5555e7546d3ede53657c285d8a33bbe6c398-package-scalar-cjson-v6-chain2 full_joint_short_sampler_output_integrity_checked_not_posterior
scalar_v6_sampler_qualifications 1174 /1620 ba46c36f33d2767ce1897f6c98fa5555e7546d3ede53657c285d8a33bbe6c398-package-scalar-cjson-v6-chain1 full_joint_short_sampler_output_integrity_checked_not_posterior
scalar_v6_sampler_qualifications 1175 /1620 bb291febbff94e1692195172fc696b086adc3cf2c1ae76455353387b03df642f-broad-scalar-cjson-v6-chain2 full_joint_short_sampler_output_integrity_checked_not_posterior
scalar_v6_sampler_qualifications 1176 /1620 bb291febbff94e1692195172fc696b086adc3cf2c1ae76455353387b03df642f-broad-scalar-cjson-v6-chain1 full_joint_short_sampler_output_integrity_checked_not_posterior
scalar_v6_sampler_qualifications 1177 /1620 ba46c36f33d2767ce1897f6c98fa5555e7546d3ede53657c285d8a33bbe6c398-package-scalar-cjson-v6-chain3 full_joint_short_sampler_output_integrity_checked_not_posterior
scalar_v6_sampler_qualifications 1178 /1620 ba46c36f33d2767ce1897f6c98fa5555e7546d3ede53657c285d8a33bbe6c398-package-scalar-cjson-v6-chain4 full_joint_short_sampler_output_integrity_checked_not_posterior
scalar_v6_sampler_qualifications 1179 /1620 bb291febbff94e1692195172fc696b086adc3cf2c1ae76455353387b03df642f-broad-scalar-cjson-v6-chain3 full_joint_short_sampler_output_integrity_checked_not_posterior
scalar_v6_sampler_qualifications 1180 /1620 bb291febbff94e1692195172fc696b086adc3cf2c1ae76455353387b03df642f-centered-scalar-cjson-v6-chain1 full_joint_short_sampler_output_integrity_checked_not_posterior
scalar_v6_sampler_qualifications 1181 /1620 bb291febbff94e1692195172fc696b086adc3cf2c1ae76455353387b03df642f-centered-scalar-cjson-v6-chain2 full_joint_short_sampler_output_integrity_checked_not_posterior
scalar_v6_sampler_qualifications 1182 /1620 bb291febbff94e1692195172fc696b086adc3cf2c1ae76455353387b03df642f-centered-scalar-cjson-v6-chain3 full_joint_short_sampler_output_integrity_checked_not_posterior
scalar_v6_sampler_qualifications 1183 /1620 bb291febbff94e1692195172fc696b086adc3cf2c1ae76455353387b03df642f-centered-scalar-cjson-v6-chain4 full_joint_short_sampler_output_integrity_checked_not_posterior
scalar_v6_sampler_qualifications 1184 /1620 bb291febbff94e1692195172fc696b086adc3cf2c1ae76455353387b03df642f-broad-scalar-cjson-v6-chain4 full_joint_short_sampler_output_integrity_checked_not_posterior
scalar_v6_sampler_qualifications 1185 /1620 bb291febbff94e1692195172fc696b086adc3cf2c1ae76455353387b03df642f-package-scalar-cjson-v6-chain3 full_joint_short_sampler_output_integrity_checked_not_posterior
scalar_v6_sampler_qualifications 1186 /1620 bb291febbff94e1692195172fc696b086adc3cf2c1ae76455353387b03df642f-package-scalar-cjson-v6-chain1 full_joint_short_sampler_output_integrity_checked_not_posterior
scalar_v6_sampler_qualifications 1187 /1620 bb291febbff94e1692195172fc696b086adc3cf2c1ae76455353387b03df642f-package-scalar-cjson-v6-chain2 full_joint_short_sampler_output_integrity_checked_not_posterior
scalar_v6_sampler_qualifications 1188 /1620 bfddc9bc7dbcf8f73cfa19fb2a241ba308df5a0d04789e0985edf0afae57af7a-broad-scalar-cjson-v6-chain2 full_joint_short_sampler_output_integrity_checked_not_posterior
scalar_v6_sampler_qualifications 1189 /1620 bb291febbff94e1692195172fc696b086adc3cf2c1ae76455353387b03df642f-package-scalar-cjson-v6-chain4 full_joint_short_sampler_output_integrity_checked_not_posterior
scalar_v6_sampler_qualifications 1190 /1620 bfddc9bc7dbcf8f73cfa19fb2a241ba308df5a0d04789e0985edf0afae57af7a-broad-scalar-cjson-v6-chain1 full_joint_short_sampler_output_integrity_checked_not_posterior
scalar_v6_sampler_qualifications 1191 /1620 bfddc9bc7dbcf8f73cfa19fb2a241ba308df5a0d04789e0985edf0afae57af7a-broad-scalar-cjson-v6-chain3 full_joint_short_sampler_output_integrity_checked_not_posterior
scalar_v6_sampler_qualifications 1192 /1620 bfddc9bc7dbcf8f73cfa19fb2a241ba308df5a0d04789e0985edf0afae57af7a-centered-scalar-cjson-v6-chain3 full_joint_short_sampler_output_integrity_checked_not_posterior
scalar_v6_sampler_qualifications 1193 /1620 bfddc9bc7dbcf8f73cfa19fb2a241ba308df5a0d04789e0985edf0afae57af7a-centered-scalar-cjson-v6-chain1 full_joint_short_sampler_output_integrity_checked_not_posterior
scalar_v6_sampler_qualifications 1194 /1620 bfddc9bc7dbcf8f73cfa19fb2a241ba308df5a0d04789e0985edf0afae57af7a-centered-scalar-cjson-v6-chain4 full_joint_short_sampler_output_integrity_checked_not_posterior
scalar_v6_sampler_qualifications 1195 /1620 bfddc9bc7dbcf8f73cfa19fb2a241ba308df5a0d04789e0985edf0afae57af7a-broad-scalar-cjson-v6-chain4 full_joint_short_sampler_output_integrity_checked_not_posterior
scalar_v6_sampler_qualifications 1196 /1620 bfddc9bc7dbcf8f73cfa19fb2a241ba308df5a0d04789e0985edf0afae57af7a-centered-scalar-cjson-v6-chain2 full_joint_short_sampler_output_integrity_checked_not_posterior
scalar_v6_sampler_qualifications 1197 /1620 bfddc9bc7dbcf8f73cfa19fb2a241ba308df5a0d04789e0985edf0afae57af7a-package-scalar-cjson-v6-chain1 full_joint_short_sampler_output_integrity_checked_not_posterior
scalar_v6_sampler_qualifications 1198 /1620 bfddc9bc7dbcf8f73cfa19fb2a241ba308df5a0d04789e0985edf0afae57af7a-package-scalar-cjson-v6-chain4 full_joint_short_sampler_output_integrity_checked_not_posterior
scalar_v6_sampler_qualifications 1199 /1620 bfddc9bc7dbcf8f73cfa19fb2a241ba308df5a0d04789e0985edf0afae57af7a-package-scalar-cjson-v6-chain3 full_joint_short_sampler_output_integrity_checked_not_posterior
scalar_v6_sampler_qualifications 1200 /1620 bfddc9bc7dbcf8f73cfa19fb2a241ba308df5a0d04789e0985edf0afae57af7a-package-scalar-cjson-v6-chain2 full_joint_short_sampler_output_integrity_checked_not_posterior
scalar_v6_sampler_qualifications 1201 /1620 c1c787b0d27751ed6944e9e1e45dc6942c15fd83d96410344bb0818dac8349b0-broad-scalar-cjson-v6-chain2 full_joint_short_sampler_output_integrity_checked_not_posterior
scalar_v6_sampler_qualifications 1202 /1620 c1c787b0d27751ed6944e9e1e45dc6942c15fd83d96410344bb0818dac8349b0-broad-scalar-cjson-v6-chain1 full_joint_short_sampler_output_integrity_checked_not_posterior
scalar_v6_sampler_qualifications 1203 /1620 c1c787b0d27751ed6944e9e1e45dc6942c15fd83d96410344bb0818dac8349b0-centered-scalar-cjson-v6-chain1 full_joint_short_sampler_output_integrity_checked_not_posterior
scalar_v6_sampler_qualifications 1204 /1620 c1c787b0d27751ed6944e9e1e45dc6942c15fd83d96410344bb0818dac8349b0-centered-scalar-cjson-v6-chain2 full_joint_short_sampler_output_integrity_checked_not_posterior
scalar_v6_sampler_qualifications 1205 /1620 c1c787b0d27751ed6944e9e1e45dc6942c15fd83d96410344bb0818dac8349b0-broad-scalar-cjson-v6-chain3 full_joint_short_sampler_output_integrity_checked_not_posterior
scalar_v6_sampler_qualifications 1206 /1620 c1c787b0d27751ed6944e9e1e45dc6942c15fd83d96410344bb0818dac8349b0-broad-scalar-cjson-v6-chain4 full_joint_short_sampler_output_integrity_checked_not_posterior
scalar_v6_sampler_qualifications 1207 /1620 c1c787b0d27751ed6944e9e1e45dc6942c15fd83d96410344bb0818dac8349b0-centered-scalar-cjson-v6-chain4 full_joint_short_sampler_output_integrity_checked_not_posterior
scalar_v6_sampler_qualifications 1208 /1620 c1c787b0d27751ed6944e9e1e45dc6942c15fd83d96410344bb0818dac8349b0-package-scalar-cjson-v6-chain1 full_joint_short_sampler_output_integrity_checked_not_posterior
scalar_v6_sampler_qualifications 1209 /1620 c1c787b0d27751ed6944e9e1e45dc6942c15fd83d96410344bb0818dac8349b0-centered-scalar-cjson-v6-chain3 full_joint_short_sampler_output_integrity_checked_not_posterior
scalar_v6_sampler_qualifications 1210 /1620 c213a209217a8429e4816fa7075fc8a8e1dfe7169d79446524d15f863c6f6578-broad-scalar-cjson-v6-chain1 full_joint_short_sampler_output_integrity_checked_not_posterior
scalar_v6_sampler_qualifications 1211 /1620 c1c787b0d27751ed6944e9e1e45dc6942c15fd83d96410344bb0818dac8349b0-package-scalar-cjson-v6-chain3 full_joint_short_sampler_output_integrity_checked_not_posterior
scalar_v6_sampler_qualifications 1212 /1620 c1c787b0d27751ed6944e9e1e45dc6942c15fd83d96410344bb0818dac8349b0-package-scalar-cjson-v6-chain4 full_joint_short_sampler_output_integrity_checked_not_posterior
scalar_v6_sampler_qualifications 1213 /1620 c1c787b0d27751ed6944e9e1e45dc6942c15fd83d96410344bb0818dac8349b0-package-scalar-cjson-v6-chain2 full_joint_short_sampler_output_integrity_checked_not_posterior
scalar_v6_sampler_qualifications 1214 /1620 c213a209217a8429e4816fa7075fc8a8e1dfe7169d79446524d15f863c6f6578-broad-scalar-cjson-v6-chain4 full_joint_short_sampler_output_integrity_checked_not_posterior
scalar_v6_sampler_qualifications 1215 /1620 c213a209217a8429e4816fa7075fc8a8e1dfe7169d79446524d15f863c6f6578-centered-scalar-cjson-v6-chain1 full_joint_short_sampler_output_integrity_checked_not_posterior
scalar_v6_sampler_qualifications 1216 /1620 c213a209217a8429e4816fa7075fc8a8e1dfe7169d79446524d15f863c6f6578-centered-scalar-cjson-v6-chain2 full_joint_short_sampler_output_integrity_checked_not_posterior
scalar_v6_sampler_qualifications 1217 /1620 c213a209217a8429e4816fa7075fc8a8e1dfe7169d79446524d15f863c6f6578-broad-scalar-cjson-v6-chain3 full_joint_short_sampler_output_integrity_checked_not_posterior
scalar_v6_sampler_qualifications 1218 /1620 c213a209217a8429e4816fa7075fc8a8e1dfe7169d79446524d15f863c6f6578-package-scalar-cjson-v6-chain1 full_joint_short_sampler_output_integrity_checked_not_posterior
scalar_v6_sampler_qualifications 1219 /1620 c213a209217a8429e4816fa7075fc8a8e1dfe7169d79446524d15f863c6f6578-broad-scalar-cjson-v6-chain2 full_joint_short_sampler_output_integrity_checked_not_posterior
scalar_v6_sampler_qualifications 1220 /1620 c213a209217a8429e4816fa7075fc8a8e1dfe7169d79446524d15f863c6f6578-centered-scalar-cjson-v6-chain3 full_joint_short_sampler_output_integrity_checked_not_posterior
scalar_v6_sampler_qualifications 1221 /1620 c213a209217a8429e4816fa7075fc8a8e1dfe7169d79446524d15f863c6f6578-centered-scalar-cjson-v6-chain4 full_joint_short_sampler_output_integrity_checked_not_posterior
scalar_v6_sampler_qualifications 1222 /1620 c213a209217a8429e4816fa7075fc8a8e1dfe7169d79446524d15f863c6f6578-package-scalar-cjson-v6-chain3 full_joint_short_sampler_output_integrity_checked_not_posterior
scalar_v6_sampler_qualifications 1223 /1620 c213a209217a8429e4816fa7075fc8a8e1dfe7169d79446524d15f863c6f6578-package-scalar-cjson-v6-chain2 full_joint_short_sampler_output_integrity_checked_not_posterior
scalar_v6_sampler_qualifications 1224 /1620 c213a209217a8429e4816fa7075fc8a8e1dfe7169d79446524d15f863c6f6578-package-scalar-cjson-v6-chain4 full_joint_short_sampler_output_integrity_checked_not_posterior
scalar_v6_sampler_qualifications 1225 /1620 c2ee266f8bdbc319ec159c15725b0f3faf9af02f69dbeaa8912c23057a90e506-broad-scalar-cjson-v6-chain1 full_joint_short_sampler_output_integrity_checked_not_posterior
scalar_v6_sampler_qualifications 1226 /1620 c2ee266f8bdbc319ec159c15725b0f3faf9af02f69dbeaa8912c23057a90e506-broad-scalar-cjson-v6-chain3 full_joint_short_sampler_output_integrity_checked_not_posterior
scalar_v6_sampler_qualifications 1227 /1620 c2ee266f8bdbc319ec159c15725b0f3faf9af02f69dbeaa8912c23057a90e506-broad-scalar-cjson-v6-chain2 full_joint_short_sampler_output_integrity_checked_not_posterior
scalar_v6_sampler_qualifications 1228 /1620 c2ee266f8bdbc319ec159c15725b0f3faf9af02f69dbeaa8912c23057a90e506-centered-scalar-cjson-v6-chain1 full_joint_short_sampler_output_integrity_checked_not_posterior
scalar_v6_sampler_qualifications 1229 /1620 c2ee266f8bdbc319ec159c15725b0f3faf9af02f69dbeaa8912c23057a90e506-broad-scalar-cjson-v6-chain4 full_joint_short_sampler_output_integrity_checked_not_posterior
scalar_v6_sampler_qualifications 1230 /1620 c2ee266f8bdbc319ec159c15725b0f3faf9af02f69dbeaa8912c23057a90e506-package-scalar-cjson-v6-chain1 full_joint_short_sampler_output_integrity_checked_not_posterior
scalar_v6_sampler_qualifications 1231 /1620 c2ee266f8bdbc319ec159c15725b0f3faf9af02f69dbeaa8912c23057a90e506-centered-scalar-cjson-v6-chain4 full_joint_short_sampler_output_integrity_checked_not_posterior
scalar_v6_sampler_qualifications 1232 /1620 c2ee266f8bdbc319ec159c15725b0f3faf9af02f69dbeaa8912c23057a90e506-centered-scalar-cjson-v6-chain2 full_joint_short_sampler_output_integrity_checked_not_posterior
scalar_v6_sampler_qualifications 1233 /1620 c2ee266f8bdbc319ec159c15725b0f3faf9af02f69dbeaa8912c23057a90e506-centered-scalar-cjson-v6-chain3 full_joint_short_sampler_output_integrity_checked_not_posterior
scalar_v6_sampler_qualifications 1234 /1620 c2ee266f8bdbc319ec159c15725b0f3faf9af02f69dbeaa8912c23057a90e506-package-scalar-cjson-v6-chain2 full_joint_short_sampler_output_integrity_checked_not_posterior
scalar_v6_sampler_qualifications 1235 /1620 c2ee266f8bdbc319ec159c15725b0f3faf9af02f69dbeaa8912c23057a90e506-package-scalar-cjson-v6-chain3 full_joint_short_sampler_output_integrity_checked_not_posterior
scalar_v6_sampler_qualifications 1236 /1620 c2ee266f8bdbc319ec159c15725b0f3faf9af02f69dbeaa8912c23057a90e506-package-scalar-cjson-v6-chain4 full_joint_short_sampler_output_integrity_checked_not_posterior
scalar_v6_sampler_qualifications 1237 /1620 c3d41cc575007169c2b5e0093d0dd3cdfaca8455fc28d085daf5d07c554559eb-broad-scalar-cjson-v6-chain1 full_joint_short_sampler_output_integrity_checked_not_posterior
scalar_v6_sampler_qualifications 1238 /1620 c3d41cc575007169c2b5e0093d0dd3cdfaca8455fc28d085daf5d07c554559eb-broad-scalar-cjson-v6-chain3 full_joint_short_sampler_output_integrity_checked_not_posterior
scalar_v6_sampler_qualifications 1239 /1620 c3d41cc575007169c2b5e0093d0dd3cdfaca8455fc28d085daf5d07c554559eb-broad-scalar-cjson-v6-chain2 full_joint_short_sampler_output_integrity_checked_not_posterior
scalar_v6_sampler_qualifications 1240 /1620 c3d41cc575007169c2b5e0093d0dd3cdfaca8455fc28d085daf5d07c554559eb-broad-scalar-cjson-v6-chain4 full_joint_short_sampler_output_integrity_checked_not_posterior
scalar_v6_sampler_qualifications 1241 /1620 c3d41cc575007169c2b5e0093d0dd3cdfaca8455fc28d085daf5d07c554559eb-centered-scalar-cjson-v6-chain1 full_joint_short_sampler_output_integrity_checked_not_posterior
scalar_v6_sampler_qualifications 1242 /1620 c3d41cc575007169c2b5e0093d0dd3cdfaca8455fc28d085daf5d07c554559eb-centered-scalar-cjson-v6-chain3 full_joint_short_sampler_output_integrity_checked_not_posterior
scalar_v6_sampler_qualifications 1243 /1620 c3d41cc575007169c2b5e0093d0dd3cdfaca8455fc28d085daf5d07c554559eb-centered-scalar-cjson-v6-chain2 full_joint_short_sampler_output_integrity_checked_not_posterior
scalar_v6_sampler_qualifications 1244 /1620 c3d41cc575007169c2b5e0093d0dd3cdfaca8455fc28d085daf5d07c554559eb-package-scalar-cjson-v6-chain3 full_joint_short_sampler_output_integrity_checked_not_posterior
scalar_v6_sampler_qualifications 1245 /1620 c3d41cc575007169c2b5e0093d0dd3cdfaca8455fc28d085daf5d07c554559eb-package-scalar-cjson-v6-chain2 full_joint_short_sampler_output_integrity_checked_not_posterior
scalar_v6_sampler_qualifications 1246 /1620 c3d41cc575007169c2b5e0093d0dd3cdfaca8455fc28d085daf5d07c554559eb-package-scalar-cjson-v6-chain4 full_joint_short_sampler_output_integrity_checked_not_posterior
scalar_v6_sampler_qualifications 1247 /1620 c3d41cc575007169c2b5e0093d0dd3cdfaca8455fc28d085daf5d07c554559eb-centered-scalar-cjson-v6-chain4 full_joint_short_sampler_output_integrity_checked_not_posterior
scalar_v6_sampler_qualifications 1248 /1620 c3d41cc575007169c2b5e0093d0dd3cdfaca8455fc28d085daf5d07c554559eb-package-scalar-cjson-v6-chain1 full_joint_short_sampler_output_integrity_checked_not_posterior
scalar_v6_sampler_qualifications 1249 /1620 c653794f534e750fa56c91b8f025916402a8bbbefd347468659437cf2c7493e8-broad-scalar-cjson-v6-chain1 full_joint_short_sampler_output_integrity_checked_not_posterior
scalar_v6_sampler_qualifications 1250 /1620 c653794f534e750fa56c91b8f025916402a8bbbefd347468659437cf2c7493e8-broad-scalar-cjson-v6-chain2 full_joint_short_sampler_output_integrity_checked_not_posterior
scalar_v6_sampler_qualifications 1251 /1620 c653794f534e750fa56c91b8f025916402a8bbbefd347468659437cf2c7493e8-broad-scalar-cjson-v6-chain3 full_joint_short_sampler_output_integrity_checked_not_posterior
scalar_v6_sampler_qualifications 1252 /1620 c653794f534e750fa56c91b8f025916402a8bbbefd347468659437cf2c7493e8-broad-scalar-cjson-v6-chain4 full_joint_short_sampler_output_integrity_checked_not_posterior
scalar_v6_sampler_qualifications 1253 /1620 c653794f534e750fa56c91b8f025916402a8bbbefd347468659437cf2c7493e8-centered-scalar-cjson-v6-chain1 full_joint_short_sampler_output_integrity_checked_not_posterior
scalar_v6_sampler_qualifications 1254 /1620 c653794f534e750fa56c91b8f025916402a8bbbefd347468659437cf2c7493e8-centered-scalar-cjson-v6-chain2 full_joint_short_sampler_output_integrity_checked_not_posterior
scalar_v6_sampler_qualifications 1255 /1620 c653794f534e750fa56c91b8f025916402a8bbbefd347468659437cf2c7493e8-centered-scalar-cjson-v6-chain4 full_joint_short_sampler_output_integrity_checked_not_posterior
scalar_v6_sampler_qualifications 1256 /1620 c653794f534e750fa56c91b8f025916402a8bbbefd347468659437cf2c7493e8-centered-scalar-cjson-v6-chain3 full_joint_short_sampler_output_integrity_checked_not_posterior
scalar_v6_sampler_qualifications 1257 /1620 c653794f534e750fa56c91b8f025916402a8bbbefd347468659437cf2c7493e8-package-scalar-cjson-v6-chain1 full_joint_short_sampler_output_integrity_checked_not_posterior
scalar_v6_sampler_qualifications 1258 /1620 c653794f534e750fa56c91b8f025916402a8bbbefd347468659437cf2c7493e8-package-scalar-cjson-v6-chain2 full_joint_short_sampler_output_integrity_checked_not_posterior
scalar_v6_sampler_qualifications 1259 /1620 c653794f534e750fa56c91b8f025916402a8bbbefd347468659437cf2c7493e8-package-scalar-cjson-v6-chain3 full_joint_short_sampler_output_integrity_checked_not_posterior
scalar_v6_sampler_qualifications 1260 /1620 c653794f534e750fa56c91b8f025916402a8bbbefd347468659437cf2c7493e8-package-scalar-cjson-v6-chain4 full_joint_short_sampler_output_integrity_checked_not_posterior
scalar_v6_sampler_qualifications 1261 /1620 c7ce6c68172f2a69d918e2fd1aa0a64f8ca7b8d9d9a891a969104364945579f8-broad-scalar-cjson-v6-chain4 full_joint_short_sampler_output_integrity_checked_not_posterior
scalar_v6_sampler_qualifications 1262 /1620 c7ce6c68172f2a69d918e2fd1aa0a64f8ca7b8d9d9a891a969104364945579f8-broad-scalar-cjson-v6-chain1 full_joint_short_sampler_output_integrity_checked_not_posterior
scalar_v6_sampler_qualifications 1263 /1620 c7ce6c68172f2a69d918e2fd1aa0a64f8ca7b8d9d9a891a969104364945579f8-broad-scalar-cjson-v6-chain3 full_joint_short_sampler_output_integrity_checked_not_posterior
scalar_v6_sampler_qualifications 1264 /1620 c7ce6c68172f2a69d918e2fd1aa0a64f8ca7b8d9d9a891a969104364945579f8-broad-scalar-cjson-v6-chain2 full_joint_short_sampler_output_integrity_checked_not_posterior
scalar_v6_sampler_qualifications 1265 /1620 c7ce6c68172f2a69d918e2fd1aa0a64f8ca7b8d9d9a891a969104364945579f8-centered-scalar-cjson-v6-chain3 full_joint_short_sampler_output_integrity_checked_not_posterior
scalar_v6_sampler_qualifications 1266 /1620 c7ce6c68172f2a69d918e2fd1aa0a64f8ca7b8d9d9a891a969104364945579f8-centered-scalar-cjson-v6-chain1 full_joint_short_sampler_output_integrity_checked_not_posterior
scalar_v6_sampler_qualifications 1267 /1620 c7ce6c68172f2a69d918e2fd1aa0a64f8ca7b8d9d9a891a969104364945579f8-centered-scalar-cjson-v6-chain4 full_joint_short_sampler_output_integrity_checked_not_posterior
scalar_v6_sampler_qualifications 1268 /1620 c7ce6c68172f2a69d918e2fd1aa0a64f8ca7b8d9d9a891a969104364945579f8-centered-scalar-cjson-v6-chain2 full_joint_short_sampler_output_integrity_checked_not_posterior
scalar_v6_sampler_qualifications 1269 /1620 c7ce6c68172f2a69d918e2fd1aa0a64f8ca7b8d9d9a891a969104364945579f8-package-scalar-cjson-v6-chain2 full_joint_short_sampler_output_integrity_checked_not_posterior
scalar_v6_sampler_qualifications 1270 /1620 c7d7b29ea1cd07f54592816fdc513d1292b640ad7fb04bcbcf3cca4a9799db24-broad-scalar-cjson-v6-chain4 full_joint_short_sampler_output_integrity_checked_not_posterior
scalar_v6_sampler_qualifications 1271 /1620 c7ce6c68172f2a69d918e2fd1aa0a64f8ca7b8d9d9a891a969104364945579f8-package-scalar-cjson-v6-chain3 full_joint_short_sampler_output_integrity_checked_not_posterior
scalar_v6_sampler_qualifications 1272 /1620 c7ce6c68172f2a69d918e2fd1aa0a64f8ca7b8d9d9a891a969104364945579f8-package-scalar-cjson-v6-chain1 full_joint_short_sampler_output_integrity_checked_not_posterior
scalar_v6_sampler_qualifications 1273 /1620 c7d7b29ea1cd07f54592816fdc513d1292b640ad7fb04bcbcf3cca4a9799db24-broad-scalar-cjson-v6-chain2 full_joint_short_sampler_output_integrity_checked_not_posterior
scalar_v6_sampler_qualifications 1274 /1620 c7ce6c68172f2a69d918e2fd1aa0a64f8ca7b8d9d9a891a969104364945579f8-package-scalar-cjson-v6-chain4 full_joint_short_sampler_output_integrity_checked_not_posterior
scalar_v6_sampler_qualifications 1275 /1620 c7d7b29ea1cd07f54592816fdc513d1292b640ad7fb04bcbcf3cca4a9799db24-centered-scalar-cjson-v6-chain1 full_joint_short_sampler_output_integrity_checked_not_posterior
scalar_v6_sampler_qualifications 1276 /1620 c7d7b29ea1cd07f54592816fdc513d1292b640ad7fb04bcbcf3cca4a9799db24-centered-scalar-cjson-v6-chain2 full_joint_short_sampler_output_integrity_checked_not_posterior
scalar_v6_sampler_qualifications 1277 /1620 c7d7b29ea1cd07f54592816fdc513d1292b640ad7fb04bcbcf3cca4a9799db24-broad-scalar-cjson-v6-chain3 full_joint_short_sampler_output_integrity_checked_not_posterior
scalar_v6_sampler_qualifications 1278 /1620 c7d7b29ea1cd07f54592816fdc513d1292b640ad7fb04bcbcf3cca4a9799db24-broad-scalar-cjson-v6-chain1 full_joint_short_sampler_output_integrity_checked_not_posterior
scalar_v6_sampler_qualifications 1279 /1620 c7d7b29ea1cd07f54592816fdc513d1292b640ad7fb04bcbcf3cca4a9799db24-centered-scalar-cjson-v6-chain3 full_joint_short_sampler_output_integrity_checked_not_posterior
scalar_v6_sampler_qualifications 1280 /1620 c7d7b29ea1cd07f54592816fdc513d1292b640ad7fb04bcbcf3cca4a9799db24-centered-scalar-cjson-v6-chain4 full_joint_short_sampler_output_integrity_checked_not_posterior
scalar_v6_sampler_qualifications 1281 /1620 c7d7b29ea1cd07f54592816fdc513d1292b640ad7fb04bcbcf3cca4a9799db24-package-scalar-cjson-v6-chain2 full_joint_short_sampler_output_integrity_checked_not_posterior
scalar_v6_sampler_qualifications 1282 /1620 c7d7b29ea1cd07f54592816fdc513d1292b640ad7fb04bcbcf3cca4a9799db24-package-scalar-cjson-v6-chain1 full_joint_short_sampler_output_integrity_checked_not_posterior
scalar_v6_sampler_qualifications 1283 /1620 c97d8cb7fd221e478987329a2d9bd8459f8279f26a17e397611a2aeab2c2e1fe-broad-scalar-cjson-v6-chain2 full_joint_short_sampler_output_integrity_checked_not_posterior
scalar_v6_sampler_qualifications 1284 /1620 c7d7b29ea1cd07f54592816fdc513d1292b640ad7fb04bcbcf3cca4a9799db24-package-scalar-cjson-v6-chain3 full_joint_short_sampler_output_integrity_checked_not_posterior
scalar_v6_sampler_qualifications 1285 /1620 c97d8cb7fd221e478987329a2d9bd8459f8279f26a17e397611a2aeab2c2e1fe-broad-scalar-cjson-v6-chain1 full_joint_short_sampler_output_integrity_checked_not_posterior
scalar_v6_sampler_qualifications 1286 /1620 c97d8cb7fd221e478987329a2d9bd8459f8279f26a17e397611a2aeab2c2e1fe-broad-scalar-cjson-v6-chain3 full_joint_short_sampler_output_integrity_checked_not_posterior
scalar_v6_sampler_qualifications 1287 /1620 c97d8cb7fd221e478987329a2d9bd8459f8279f26a17e397611a2aeab2c2e1fe-broad-scalar-cjson-v6-chain4 full_joint_short_sampler_output_integrity_checked_not_posterior
scalar_v6_sampler_qualifications 1288 /1620 c97d8cb7fd221e478987329a2d9bd8459f8279f26a17e397611a2aeab2c2e1fe-centered-scalar-cjson-v6-chain1 full_joint_short_sampler_output_integrity_checked_not_posterior
scalar_v6_sampler_qualifications 1289 /1620 c7d7b29ea1cd07f54592816fdc513d1292b640ad7fb04bcbcf3cca4a9799db24-package-scalar-cjson-v6-chain4 full_joint_short_sampler_output_integrity_checked_not_posterior
scalar_v6_sampler_qualifications 1290 /1620 c97d8cb7fd221e478987329a2d9bd8459f8279f26a17e397611a2aeab2c2e1fe-centered-scalar-cjson-v6-chain3 full_joint_short_sampler_output_integrity_checked_not_posterior
scalar_v6_sampler_qualifications 1291 /1620 c97d8cb7fd221e478987329a2d9bd8459f8279f26a17e397611a2aeab2c2e1fe-centered-scalar-cjson-v6-chain2 full_joint_short_sampler_output_integrity_checked_not_posterior
scalar_v6_sampler_qualifications 1292 /1620 c97d8cb7fd221e478987329a2d9bd8459f8279f26a17e397611a2aeab2c2e1fe-centered-scalar-cjson-v6-chain4 full_joint_short_sampler_output_integrity_checked_not_posterior
scalar_v6_sampler_qualifications 1293 /1620 c97d8cb7fd221e478987329a2d9bd8459f8279f26a17e397611a2aeab2c2e1fe-package-scalar-cjson-v6-chain1 full_joint_short_sampler_output_integrity_checked_not_posterior
scalar_v6_sampler_qualifications 1294 /1620 c97d8cb7fd221e478987329a2d9bd8459f8279f26a17e397611a2aeab2c2e1fe-package-scalar-cjson-v6-chain2 full_joint_short_sampler_output_integrity_checked_not_posterior
scalar_v6_sampler_qualifications 1295 /1620 c97d8cb7fd221e478987329a2d9bd8459f8279f26a17e397611a2aeab2c2e1fe-package-scalar-cjson-v6-chain4 full_joint_short_sampler_output_integrity_checked_not_posterior
scalar_v6_sampler_qualifications 1296 /1620 cb564b021ac10cc72bde03d2e03c64c5d7412846d3084a3043ea9e3430e09090-broad-scalar-cjson-v6-chain1 full_joint_short_sampler_output_integrity_checked_not_posterior
scalar_v6_sampler_qualifications 1297 /1620 c97d8cb7fd221e478987329a2d9bd8459f8279f26a17e397611a2aeab2c2e1fe-package-scalar-cjson-v6-chain3 full_joint_short_sampler_output_integrity_checked_not_posterior
scalar_v6_sampler_qualifications 1298 /1620 cb564b021ac10cc72bde03d2e03c64c5d7412846d3084a3043ea9e3430e09090-broad-scalar-cjson-v6-chain3 full_joint_short_sampler_output_integrity_checked_not_posterior
scalar_v6_sampler_qualifications 1299 /1620 cb564b021ac10cc72bde03d2e03c64c5d7412846d3084a3043ea9e3430e09090-broad-scalar-cjson-v6-chain2 full_joint_short_sampler_output_integrity_checked_not_posterior
scalar_v6_sampler_qualifications 1300 /1620 cb564b021ac10cc72bde03d2e03c64c5d7412846d3084a3043ea9e3430e09090-package-scalar-cjson-v6-chain2 full_joint_short_sampler_output_integrity_checked_not_posterior
scalar_v6_sampler_qualifications 1301 /1620 cb564b021ac10cc72bde03d2e03c64c5d7412846d3084a3043ea9e3430e09090-broad-scalar-cjson-v6-chain4 full_joint_short_sampler_output_integrity_checked_not_posterior
scalar_v6_sampler_qualifications 1302 /1620 cb564b021ac10cc72bde03d2e03c64c5d7412846d3084a3043ea9e3430e09090-centered-scalar-cjson-v6-chain3 full_joint_short_sampler_output_integrity_checked_not_posterior
scalar_v6_sampler_qualifications 1303 /1620 cb564b021ac10cc72bde03d2e03c64c5d7412846d3084a3043ea9e3430e09090-centered-scalar-cjson-v6-chain1 full_joint_short_sampler_output_integrity_checked_not_posterior
scalar_v6_sampler_qualifications 1304 /1620 cb564b021ac10cc72bde03d2e03c64c5d7412846d3084a3043ea9e3430e09090-centered-scalar-cjson-v6-chain2 full_joint_short_sampler_output_integrity_checked_not_posterior
scalar_v6_sampler_qualifications 1305 /1620 cb564b021ac10cc72bde03d2e03c64c5d7412846d3084a3043ea9e3430e09090-centered-scalar-cjson-v6-chain4 full_joint_short_sampler_output_integrity_checked_not_posterior
scalar_v6_sampler_qualifications 1306 /1620 cb564b021ac10cc72bde03d2e03c64c5d7412846d3084a3043ea9e3430e09090-package-scalar-cjson-v6-chain1 full_joint_short_sampler_output_integrity_checked_not_posterior
scalar_v6_sampler_qualifications 1307 /1620 ce31f851505cdefb425bb641db2f337933de6289ee30df9a03c0d6aa6b5ce979-broad-scalar-cjson-v6-chain1 full_joint_short_sampler_output_integrity_checked_not_posterior
scalar_v6_sampler_qualifications 1308 /1620 cb564b021ac10cc72bde03d2e03c64c5d7412846d3084a3043ea9e3430e09090-package-scalar-cjson-v6-chain3 full_joint_short_sampler_output_integrity_checked_not_posterior
scalar_v6_sampler_qualifications 1309 /1620 cb564b021ac10cc72bde03d2e03c64c5d7412846d3084a3043ea9e3430e09090-package-scalar-cjson-v6-chain4 full_joint_short_sampler_output_integrity_checked_not_posterior
scalar_v6_sampler_qualifications 1310 /1620 ce31f851505cdefb425bb641db2f337933de6289ee30df9a03c0d6aa6b5ce979-broad-scalar-cjson-v6-chain3 full_joint_short_sampler_output_integrity_checked_not_posterior
scalar_v6_sampler_qualifications 1311 /1620 ce31f851505cdefb425bb641db2f337933de6289ee30df9a03c0d6aa6b5ce979-centered-scalar-cjson-v6-chain1 full_joint_short_sampler_output_integrity_checked_not_posterior
scalar_v6_sampler_qualifications 1312 /1620 ce31f851505cdefb425bb641db2f337933de6289ee30df9a03c0d6aa6b5ce979-broad-scalar-cjson-v6-chain4 full_joint_short_sampler_output_integrity_checked_not_posterior
scalar_v6_sampler_qualifications 1313 /1620 ce31f851505cdefb425bb641db2f337933de6289ee30df9a03c0d6aa6b5ce979-broad-scalar-cjson-v6-chain2 full_joint_short_sampler_output_integrity_checked_not_posterior
scalar_v6_sampler_qualifications 1314 /1620 ce31f851505cdefb425bb641db2f337933de6289ee30df9a03c0d6aa6b5ce979-centered-scalar-cjson-v6-chain2 full_joint_short_sampler_output_integrity_checked_not_posterior
scalar_v6_sampler_qualifications 1315 /1620 ce31f851505cdefb425bb641db2f337933de6289ee30df9a03c0d6aa6b5ce979-package-scalar-cjson-v6-chain3 full_joint_short_sampler_output_integrity_checked_not_posterior
scalar_v6_sampler_qualifications 1316 /1620 ce31f851505cdefb425bb641db2f337933de6289ee30df9a03c0d6aa6b5ce979-centered-scalar-cjson-v6-chain3 full_joint_short_sampler_output_integrity_checked_not_posterior
scalar_v6_sampler_qualifications 1317 /1620 ce31f851505cdefb425bb641db2f337933de6289ee30df9a03c0d6aa6b5ce979-centered-scalar-cjson-v6-chain4 full_joint_short_sampler_output_integrity_checked_not_posterior
scalar_v6_sampler_qualifications 1318 /1620 ce31f851505cdefb425bb641db2f337933de6289ee30df9a03c0d6aa6b5ce979-package-scalar-cjson-v6-chain2 full_joint_short_sampler_output_integrity_checked_not_posterior
scalar_v6_sampler_qualifications 1319 /1620 ce31f851505cdefb425bb641db2f337933de6289ee30df9a03c0d6aa6b5ce979-package-scalar-cjson-v6-chain4 full_joint_short_sampler_output_integrity_checked_not_posterior
scalar_v6_sampler_qualifications 1320 /1620 ce31f851505cdefb425bb641db2f337933de6289ee30df9a03c0d6aa6b5ce979-package-scalar-cjson-v6-chain1 full_joint_short_sampler_output_integrity_checked_not_posterior
scalar_v6_sampler_qualifications 1321 /1620 ce6ca2c146f608cafe589bc9a297c77ed7948caac1b006eb031ede7975ee1401-broad-scalar-cjson-v6-chain1 full_joint_short_sampler_output_integrity_checked_not_posterior
scalar_v6_sampler_qualifications 1322 /1620 ce6ca2c146f608cafe589bc9a297c77ed7948caac1b006eb031ede7975ee1401-broad-scalar-cjson-v6-chain2 full_joint_short_sampler_output_integrity_checked_not_posterior
scalar_v6_sampler_qualifications 1323 /1620 ce6ca2c146f608cafe589bc9a297c77ed7948caac1b006eb031ede7975ee1401-broad-scalar-cjson-v6-chain3 full_joint_short_sampler_output_integrity_checked_not_posterior
scalar_v6_sampler_qualifications 1324 /1620 ce6ca2c146f608cafe589bc9a297c77ed7948caac1b006eb031ede7975ee1401-broad-scalar-cjson-v6-chain4 full_joint_short_sampler_output_integrity_checked_not_posterior
scalar_v6_sampler_qualifications 1325 /1620 ce6ca2c146f608cafe589bc9a297c77ed7948caac1b006eb031ede7975ee1401-centered-scalar-cjson-v6-chain1 full_joint_short_sampler_output_integrity_checked_not_posterior
scalar_v6_sampler_qualifications 1326 /1620 ce6ca2c146f608cafe589bc9a297c77ed7948caac1b006eb031ede7975ee1401-centered-scalar-cjson-v6-chain2 full_joint_short_sampler_output_integrity_checked_not_posterior
scalar_v6_sampler_qualifications 1327 /1620 ce6ca2c146f608cafe589bc9a297c77ed7948caac1b006eb031ede7975ee1401-centered-scalar-cjson-v6-chain3 full_joint_short_sampler_output_integrity_checked_not_posterior
scalar_v6_sampler_qualifications 1328 /1620 ce6ca2c146f608cafe589bc9a297c77ed7948caac1b006eb031ede7975ee1401-centered-scalar-cjson-v6-chain4 full_joint_short_sampler_output_integrity_checked_not_posterior
scalar_v6_sampler_qualifications 1329 /1620 ce6ca2c146f608cafe589bc9a297c77ed7948caac1b006eb031ede7975ee1401-package-scalar-cjson-v6-chain1 full_joint_short_sampler_output_integrity_checked_not_posterior
scalar_v6_sampler_qualifications 1330 /1620 ce6ca2c146f608cafe589bc9a297c77ed7948caac1b006eb031ede7975ee1401-package-scalar-cjson-v6-chain2 full_joint_short_sampler_output_integrity_checked_not_posterior
scalar_v6_sampler_qualifications 1331 /1620 ce6ca2c146f608cafe589bc9a297c77ed7948caac1b006eb031ede7975ee1401-package-scalar-cjson-v6-chain4 full_joint_short_sampler_output_integrity_checked_not_posterior
scalar_v6_sampler_qualifications 1332 /1620 ce6ca2c146f608cafe589bc9a297c77ed7948caac1b006eb031ede7975ee1401-package-scalar-cjson-v6-chain3 full_joint_short_sampler_output_integrity_checked_not_posterior
scalar_v6_sampler_qualifications 1333 /1620 d48261262e734ff9c6668522b9987e6b972673a6c65346fa84c8a9c4b710750f-broad-scalar-cjson-v6-chain2 full_joint_short_sampler_output_integrity_checked_not_posterior
scalar_v6_sampler_qualifications 1334 /1620 d48261262e734ff9c6668522b9987e6b972673a6c65346fa84c8a9c4b710750f-broad-scalar-cjson-v6-chain4 full_joint_short_sampler_output_integrity_checked_not_posterior
scalar_v6_sampler_qualifications 1335 /1620 d48261262e734ff9c6668522b9987e6b972673a6c65346fa84c8a9c4b710750f-broad-scalar-cjson-v6-chain1 full_joint_short_sampler_output_integrity_checked_not_posterior
scalar_v6_sampler_qualifications 1336 /1620 d48261262e734ff9c6668522b9987e6b972673a6c65346fa84c8a9c4b710750f-centered-scalar-cjson-v6-chain1 full_joint_short_sampler_output_integrity_checked_not_posterior
scalar_v6_sampler_qualifications 1337 /1620 d48261262e734ff9c6668522b9987e6b972673a6c65346fa84c8a9c4b710750f-broad-scalar-cjson-v6-chain3 full_joint_short_sampler_output_integrity_checked_not_posterior
scalar_v6_sampler_qualifications 1338 /1620 d48261262e734ff9c6668522b9987e6b972673a6c65346fa84c8a9c4b710750f-centered-scalar-cjson-v6-chain3 full_joint_short_sampler_output_integrity_checked_not_posterior
scalar_v6_sampler_qualifications 1339 /1620 d48261262e734ff9c6668522b9987e6b972673a6c65346fa84c8a9c4b710750f-centered-scalar-cjson-v6-chain2 full_joint_short_sampler_output_integrity_checked_not_posterior
scalar_v6_sampler_qualifications 1340 /1620 d48261262e734ff9c6668522b9987e6b972673a6c65346fa84c8a9c4b710750f-centered-scalar-cjson-v6-chain4 full_joint_short_sampler_output_integrity_checked_not_posterior
scalar_v6_sampler_qualifications 1341 /1620 d7f0f2d2199cf9865658589f741cbb1dc1980d7615e27cc377d1fccc43386dd3-broad-scalar-cjson-v6-chain4 full_joint_short_sampler_output_integrity_checked_not_posterior
scalar_v6_sampler_qualifications 1342 /1620 d7f0f2d2199cf9865658589f741cbb1dc1980d7615e27cc377d1fccc43386dd3-broad-scalar-cjson-v6-chain2 full_joint_short_sampler_output_integrity_checked_not_posterior
scalar_v6_sampler_qualifications 1343 /1620 d48261262e734ff9c6668522b9987e6b972673a6c65346fa84c8a9c4b710750f-package-scalar-cjson-v6-chain1 full_joint_short_sampler_output_integrity_checked_not_posterior
scalar_v6_sampler_qualifications 1344 /1620 d48261262e734ff9c6668522b9987e6b972673a6c65346fa84c8a9c4b710750f-package-scalar-cjson-v6-chain3 full_joint_short_sampler_output_integrity_checked_not_posterior
scalar_v6_sampler_qualifications 1345 /1620 d7f0f2d2199cf9865658589f741cbb1dc1980d7615e27cc377d1fccc43386dd3-broad-scalar-cjson-v6-chain3 full_joint_short_sampler_output_integrity_checked_not_posterior
scalar_v6_sampler_qualifications 1346 /1620 d7f0f2d2199cf9865658589f741cbb1dc1980d7615e27cc377d1fccc43386dd3-broad-scalar-cjson-v6-chain1 full_joint_short_sampler_output_integrity_checked_not_posterior
scalar_v6_sampler_qualifications 1347 /1620 d48261262e734ff9c6668522b9987e6b972673a6c65346fa84c8a9c4b710750f-package-scalar-cjson-v6-chain2 full_joint_short_sampler_output_integrity_checked_not_posterior
scalar_v6_sampler_qualifications 1348 /1620 d48261262e734ff9c6668522b9987e6b972673a6c65346fa84c8a9c4b710750f-package-scalar-cjson-v6-chain4 full_joint_short_sampler_output_integrity_checked_not_posterior
scalar_v6_sampler_qualifications 1349 /1620 d7f0f2d2199cf9865658589f741cbb1dc1980d7615e27cc377d1fccc43386dd3-centered-scalar-cjson-v6-chain1 full_joint_short_sampler_output_integrity_checked_not_posterior
scalar_v6_sampler_qualifications 1350 /1620 d7f0f2d2199cf9865658589f741cbb1dc1980d7615e27cc377d1fccc43386dd3-centered-scalar-cjson-v6-chain3 full_joint_short_sampler_output_integrity_checked_not_posterior
scalar_v6_sampler_qualifications 1351 /1620 d7f0f2d2199cf9865658589f741cbb1dc1980d7615e27cc377d1fccc43386dd3-centered-scalar-cjson-v6-chain4 full_joint_short_sampler_output_integrity_checked_not_posterior
scalar_v6_sampler_qualifications 1352 /1620 d7f0f2d2199cf9865658589f741cbb1dc1980d7615e27cc377d1fccc43386dd3-centered-scalar-cjson-v6-chain2 full_joint_short_sampler_output_integrity_checked_not_posterior
scalar_v6_sampler_qualifications 1353 /1620 d7f0f2d2199cf9865658589f741cbb1dc1980d7615e27cc377d1fccc43386dd3-package-scalar-cjson-v6-chain1 full_joint_short_sampler_output_integrity_checked_not_posterior
scalar_v6_sampler_qualifications 1354 /1620 d7f0f2d2199cf9865658589f741cbb1dc1980d7615e27cc377d1fccc43386dd3-package-scalar-cjson-v6-chain3 full_joint_short_sampler_output_integrity_checked_not_posterior
scalar_v6_sampler_qualifications 1355 /1620 d7f0f2d2199cf9865658589f741cbb1dc1980d7615e27cc377d1fccc43386dd3-package-scalar-cjson-v6-chain2 full_joint_short_sampler_output_integrity_checked_not_posterior
scalar_v6_sampler_qualifications 1356 /1620 dddc40aa7f5306112e7a6632703f618d1bfe99b3132925cb2a97e686f76919de-broad-scalar-cjson-v6-chain1 full_joint_short_sampler_output_integrity_checked_not_posterior
scalar_v6_sampler_qualifications 1357 /1620 dddc40aa7f5306112e7a6632703f618d1bfe99b3132925cb2a97e686f76919de-broad-scalar-cjson-v6-chain4 full_joint_short_sampler_output_integrity_checked_not_posterior
scalar_v6_sampler_qualifications 1358 /1620 dddc40aa7f5306112e7a6632703f618d1bfe99b3132925cb2a97e686f76919de-centered-scalar-cjson-v6-chain2 full_joint_short_sampler_output_integrity_checked_not_posterior
scalar_v6_sampler_qualifications 1359 /1620 dddc40aa7f5306112e7a6632703f618d1bfe99b3132925cb2a97e686f76919de-broad-scalar-cjson-v6-chain3 full_joint_short_sampler_output_integrity_checked_not_posterior
scalar_v6_sampler_qualifications 1360 /1620 d7f0f2d2199cf9865658589f741cbb1dc1980d7615e27cc377d1fccc43386dd3-package-scalar-cjson-v6-chain4 full_joint_short_sampler_output_integrity_checked_not_posterior
scalar_v6_sampler_qualifications 1361 /1620 dddc40aa7f5306112e7a6632703f618d1bfe99b3132925cb2a97e686f76919de-centered-scalar-cjson-v6-chain3 full_joint_short_sampler_output_integrity_checked_not_posterior
scalar_v6_sampler_qualifications 1362 /1620 dddc40aa7f5306112e7a6632703f618d1bfe99b3132925cb2a97e686f76919de-broad-scalar-cjson-v6-chain2 full_joint_short_sampler_output_integrity_checked_not_posterior
scalar_v6_sampler_qualifications 1363 /1620 dddc40aa7f5306112e7a6632703f618d1bfe99b3132925cb2a97e686f76919de-centered-scalar-cjson-v6-chain1 full_joint_short_sampler_output_integrity_checked_not_posterior
scalar_v6_sampler_qualifications 1364 /1620 dddc40aa7f5306112e7a6632703f618d1bfe99b3132925cb2a97e686f76919de-centered-scalar-cjson-v6-chain4 full_joint_short_sampler_output_integrity_checked_not_posterior
scalar_v6_sampler_qualifications 1365 /1620 dddc40aa7f5306112e7a6632703f618d1bfe99b3132925cb2a97e686f76919de-package-scalar-cjson-v6-chain3 full_joint_short_sampler_output_integrity_checked_not_posterior
scalar_v6_sampler_qualifications 1366 /1620 de00bf6934869c99935bbeb94ed0ef1da2ab1a0e784f712111d942b97718a7d6-broad-scalar-cjson-v6-chain1 full_joint_short_sampler_output_integrity_checked_not_posterior
scalar_v6_sampler_qualifications 1367 /1620 dddc40aa7f5306112e7a6632703f618d1bfe99b3132925cb2a97e686f76919de-package-scalar-cjson-v6-chain1 full_joint_short_sampler_output_integrity_checked_not_posterior
scalar_v6_sampler_qualifications 1368 /1620 dddc40aa7f5306112e7a6632703f618d1bfe99b3132925cb2a97e686f76919de-package-scalar-cjson-v6-chain4 full_joint_short_sampler_output_integrity_checked_not_posterior
scalar_v6_sampler_qualifications 1369 /1620 dddc40aa7f5306112e7a6632703f618d1bfe99b3132925cb2a97e686f76919de-package-scalar-cjson-v6-chain2 full_joint_short_sampler_output_integrity_checked_not_posterior
scalar_v6_sampler_qualifications 1370 /1620 de00bf6934869c99935bbeb94ed0ef1da2ab1a0e784f712111d942b97718a7d6-broad-scalar-cjson-v6-chain2 full_joint_short_sampler_output_integrity_checked_not_posterior
scalar_v6_sampler_qualifications 1371 /1620 de00bf6934869c99935bbeb94ed0ef1da2ab1a0e784f712111d942b97718a7d6-broad-scalar-cjson-v6-chain3 full_joint_short_sampler_output_integrity_checked_not_posterior
scalar_v6_sampler_qualifications 1372 /1620 de00bf6934869c99935bbeb94ed0ef1da2ab1a0e784f712111d942b97718a7d6-centered-scalar-cjson-v6-chain1 full_joint_short_sampler_output_integrity_checked_not_posterior
scalar_v6_sampler_qualifications 1373 /1620 de00bf6934869c99935bbeb94ed0ef1da2ab1a0e784f712111d942b97718a7d6-centered-scalar-cjson-v6-chain2 full_joint_short_sampler_output_integrity_checked_not_posterior
scalar_v6_sampler_qualifications 1374 /1620 de00bf6934869c99935bbeb94ed0ef1da2ab1a0e784f712111d942b97718a7d6-broad-scalar-cjson-v6-chain4 full_joint_short_sampler_output_integrity_checked_not_posterior
scalar_v6_sampler_qualifications 1375 /1620 de00bf6934869c99935bbeb94ed0ef1da2ab1a0e784f712111d942b97718a7d6-package-scalar-cjson-v6-chain1 full_joint_short_sampler_output_integrity_checked_not_posterior
scalar_v6_sampler_qualifications 1376 /1620 de00bf6934869c99935bbeb94ed0ef1da2ab1a0e784f712111d942b97718a7d6-package-scalar-cjson-v6-chain2 full_joint_short_sampler_output_integrity_checked_not_posterior
scalar_v6_sampler_qualifications 1377 /1620 de00bf6934869c99935bbeb94ed0ef1da2ab1a0e784f712111d942b97718a7d6-centered-scalar-cjson-v6-chain3 full_joint_short_sampler_output_integrity_checked_not_posterior
scalar_v6_sampler_qualifications 1378 /1620 de00bf6934869c99935bbeb94ed0ef1da2ab1a0e784f712111d942b97718a7d6-centered-scalar-cjson-v6-chain4 full_joint_short_sampler_output_integrity_checked_not_posterior
scalar_v6_sampler_qualifications 1379 /1620 de00bf6934869c99935bbeb94ed0ef1da2ab1a0e784f712111d942b97718a7d6-package-scalar-cjson-v6-chain3 full_joint_short_sampler_output_integrity_checked_not_posterior
scalar_v6_sampler_qualifications 1380 /1620 e0b30b83349256d663e1bf7105509eabb477b3831ea51f0c497f88288721d9d9-broad-scalar-cjson-v6-chain2 full_joint_short_sampler_output_integrity_checked_not_posterior
scalar_v6_sampler_qualifications 1381 /1620 e0b30b83349256d663e1bf7105509eabb477b3831ea51f0c497f88288721d9d9-broad-scalar-cjson-v6-chain1 full_joint_short_sampler_output_integrity_checked_not_posterior
scalar_v6_sampler_qualifications 1382 /1620 e0b30b83349256d663e1bf7105509eabb477b3831ea51f0c497f88288721d9d9-broad-scalar-cjson-v6-chain4 full_joint_short_sampler_output_integrity_checked_not_posterior
scalar_v6_sampler_qualifications 1383 /1620 de00bf6934869c99935bbeb94ed0ef1da2ab1a0e784f712111d942b97718a7d6-package-scalar-cjson-v6-chain4 full_joint_short_sampler_output_integrity_checked_not_posterior
scalar_v6_sampler_qualifications 1384 /1620 e0b30b83349256d663e1bf7105509eabb477b3831ea51f0c497f88288721d9d9-centered-scalar-cjson-v6-chain2 full_joint_short_sampler_output_integrity_checked_not_posterior
scalar_v6_sampler_qualifications 1385 /1620 e0b30b83349256d663e1bf7105509eabb477b3831ea51f0c497f88288721d9d9-broad-scalar-cjson-v6-chain3 full_joint_short_sampler_output_integrity_checked_not_posterior
scalar_v6_sampler_qualifications 1386 /1620 e0b30b83349256d663e1bf7105509eabb477b3831ea51f0c497f88288721d9d9-centered-scalar-cjson-v6-chain1 full_joint_short_sampler_output_integrity_checked_not_posterior
scalar_v6_sampler_qualifications 1387 /1620 e0b30b83349256d663e1bf7105509eabb477b3831ea51f0c497f88288721d9d9-centered-scalar-cjson-v6-chain3 full_joint_short_sampler_output_integrity_checked_not_posterior
scalar_v6_sampler_qualifications 1388 /1620 e0b30b83349256d663e1bf7105509eabb477b3831ea51f0c497f88288721d9d9-package-scalar-cjson-v6-chain1 full_joint_short_sampler_output_integrity_checked_not_posterior
scalar_v6_sampler_qualifications 1389 /1620 e0b30b83349256d663e1bf7105509eabb477b3831ea51f0c497f88288721d9d9-centered-scalar-cjson-v6-chain4 full_joint_short_sampler_output_integrity_checked_not_posterior
scalar_v6_sampler_qualifications 1390 /1620 e0b30b83349256d663e1bf7105509eabb477b3831ea51f0c497f88288721d9d9-package-scalar-cjson-v6-chain2 full_joint_short_sampler_output_integrity_checked_not_posterior
scalar_v6_sampler_qualifications 1391 /1620 e0b30b83349256d663e1bf7105509eabb477b3831ea51f0c497f88288721d9d9-package-scalar-cjson-v6-chain4 full_joint_short_sampler_output_integrity_checked_not_posterior
scalar_v6_sampler_qualifications 1392 /1620 e0b30b83349256d663e1bf7105509eabb477b3831ea51f0c497f88288721d9d9-package-scalar-cjson-v6-chain3 full_joint_short_sampler_output_integrity_checked_not_posterior
scalar_v6_sampler_qualifications 1393 /1620 e0fa355880e8e91272745b5d4e61bef76a5803c85558991f53cf2783298c809c-broad-scalar-cjson-v6-chain2 full_joint_short_sampler_output_integrity_checked_not_posterior
scalar_v6_sampler_qualifications 1394 /1620 e0fa355880e8e91272745b5d4e61bef76a5803c85558991f53cf2783298c809c-broad-scalar-cjson-v6-chain1 full_joint_short_sampler_output_integrity_checked_not_posterior
scalar_v6_sampler_qualifications 1395 /1620 e0fa355880e8e91272745b5d4e61bef76a5803c85558991f53cf2783298c809c-broad-scalar-cjson-v6-chain3 full_joint_short_sampler_output_integrity_checked_not_posterior
scalar_v6_sampler_qualifications 1396 /1620 e0fa355880e8e91272745b5d4e61bef76a5803c85558991f53cf2783298c809c-centered-scalar-cjson-v6-chain1 full_joint_short_sampler_output_integrity_checked_not_posterior
scalar_v6_sampler_qualifications 1397 /1620 e0fa355880e8e91272745b5d4e61bef76a5803c85558991f53cf2783298c809c-broad-scalar-cjson-v6-chain4 full_joint_short_sampler_output_integrity_checked_not_posterior
scalar_v6_sampler_qualifications 1398 /1620 e0fa355880e8e91272745b5d4e61bef76a5803c85558991f53cf2783298c809c-centered-scalar-cjson-v6-chain4 full_joint_short_sampler_output_integrity_checked_not_posterior
scalar_v6_sampler_qualifications 1399 /1620 e0fa355880e8e91272745b5d4e61bef76a5803c85558991f53cf2783298c809c-centered-scalar-cjson-v6-chain3 full_joint_short_sampler_output_integrity_checked_not_posterior
scalar_v6_sampler_qualifications 1400 /1620 e0fa355880e8e91272745b5d4e61bef76a5803c85558991f53cf2783298c809c-package-scalar-cjson-v6-chain1 full_joint_short_sampler_output_integrity_checked_not_posterior
scalar_v6_sampler_qualifications 1401 /1620 e0fa355880e8e91272745b5d4e61bef76a5803c85558991f53cf2783298c809c-centered-scalar-cjson-v6-chain2 full_joint_short_sampler_output_integrity_checked_not_posterior
scalar_v6_sampler_qualifications 1402 /1620 e0fa355880e8e91272745b5d4e61bef76a5803c85558991f53cf2783298c809c-package-scalar-cjson-v6-chain3 full_joint_short_sampler_output_integrity_checked_not_posterior
scalar_v6_sampler_qualifications 1403 /1620 e311ea6e4c52be0b0485bec99db388a18639a4aba6787e434aed84ab0c5217ea-broad-scalar-cjson-v6-chain1 full_joint_short_sampler_output_integrity_checked_not_posterior
scalar_v6_sampler_qualifications 1404 /1620 e0fa355880e8e91272745b5d4e61bef76a5803c85558991f53cf2783298c809c-package-scalar-cjson-v6-chain2 full_joint_short_sampler_output_integrity_checked_not_posterior
scalar_v6_sampler_qualifications 1405 /1620 e311ea6e4c52be0b0485bec99db388a18639a4aba6787e434aed84ab0c5217ea-broad-scalar-cjson-v6-chain2 full_joint_short_sampler_output_integrity_checked_not_posterior
scalar_v6_sampler_qualifications 1406 /1620 e0fa355880e8e91272745b5d4e61bef76a5803c85558991f53cf2783298c809c-package-scalar-cjson-v6-chain4 full_joint_short_sampler_output_integrity_checked_not_posterior
scalar_v6_sampler_qualifications 1407 /1620 e311ea6e4c52be0b0485bec99db388a18639a4aba6787e434aed84ab0c5217ea-broad-scalar-cjson-v6-chain3 full_joint_short_sampler_output_integrity_checked_not_posterior
scalar_v6_sampler_qualifications 1408 /1620 e311ea6e4c52be0b0485bec99db388a18639a4aba6787e434aed84ab0c5217ea-broad-scalar-cjson-v6-chain4 full_joint_short_sampler_output_integrity_checked_not_posterior
scalar_v6_sampler_qualifications 1409 /1620 e311ea6e4c52be0b0485bec99db388a18639a4aba6787e434aed84ab0c5217ea-centered-scalar-cjson-v6-chain1 full_joint_short_sampler_output_integrity_checked_not_posterior
scalar_v6_sampler_qualifications 1410 /1620 e311ea6e4c52be0b0485bec99db388a18639a4aba6787e434aed84ab0c5217ea-centered-scalar-cjson-v6-chain2 full_joint_short_sampler_output_integrity_checked_not_posterior
scalar_v6_sampler_qualifications 1411 /1620 e311ea6e4c52be0b0485bec99db388a18639a4aba6787e434aed84ab0c5217ea-centered-scalar-cjson-v6-chain3 full_joint_short_sampler_output_integrity_checked_not_posterior
scalar_v6_sampler_qualifications 1412 /1620 e311ea6e4c52be0b0485bec99db388a18639a4aba6787e434aed84ab0c5217ea-package-scalar-cjson-v6-chain1 full_joint_short_sampler_output_integrity_checked_not_posterior
scalar_v6_sampler_qualifications 1413 /1620 e311ea6e4c52be0b0485bec99db388a18639a4aba6787e434aed84ab0c5217ea-centered-scalar-cjson-v6-chain4 full_joint_short_sampler_output_integrity_checked_not_posterior
scalar_v6_sampler_qualifications 1414 /1620 e311ea6e4c52be0b0485bec99db388a18639a4aba6787e434aed84ab0c5217ea-package-scalar-cjson-v6-chain2 full_joint_short_sampler_output_integrity_checked_not_posterior
scalar_v6_sampler_qualifications 1415 /1620 e350b566a9c0c9bcb6e81785d2994a59f4de291eb47b77ce575b6a8d659802f3-broad-scalar-cjson-v6-chain1 full_joint_short_sampler_output_integrity_checked_not_posterior
scalar_v6_sampler_qualifications 1416 /1620 e311ea6e4c52be0b0485bec99db388a18639a4aba6787e434aed84ab0c5217ea-package-scalar-cjson-v6-chain4 full_joint_short_sampler_output_integrity_checked_not_posterior
scalar_v6_sampler_qualifications 1417 /1620 e311ea6e4c52be0b0485bec99db388a18639a4aba6787e434aed84ab0c5217ea-package-scalar-cjson-v6-chain3 full_joint_short_sampler_output_integrity_checked_not_posterior
scalar_v6_sampler_qualifications 1418 /1620 e350b566a9c0c9bcb6e81785d2994a59f4de291eb47b77ce575b6a8d659802f3-broad-scalar-cjson-v6-chain2 full_joint_short_sampler_output_integrity_checked_not_posterior
scalar_v6_sampler_qualifications 1419 /1620 e350b566a9c0c9bcb6e81785d2994a59f4de291eb47b77ce575b6a8d659802f3-broad-scalar-cjson-v6-chain4 full_joint_short_sampler_output_integrity_checked_not_posterior
scalar_v6_sampler_qualifications 1420 /1620 e350b566a9c0c9bcb6e81785d2994a59f4de291eb47b77ce575b6a8d659802f3-centered-scalar-cjson-v6-chain1 full_joint_short_sampler_output_integrity_checked_not_posterior
scalar_v6_sampler_qualifications 1421 /1620 e350b566a9c0c9bcb6e81785d2994a59f4de291eb47b77ce575b6a8d659802f3-broad-scalar-cjson-v6-chain3 full_joint_short_sampler_output_integrity_checked_not_posterior
scalar_v6_sampler_qualifications 1422 /1620 e350b566a9c0c9bcb6e81785d2994a59f4de291eb47b77ce575b6a8d659802f3-centered-scalar-cjson-v6-chain2 full_joint_short_sampler_output_integrity_checked_not_posterior
scalar_v6_sampler_qualifications 1423 /1620 e350b566a9c0c9bcb6e81785d2994a59f4de291eb47b77ce575b6a8d659802f3-package-scalar-cjson-v6-chain1 full_joint_short_sampler_output_integrity_checked_not_posterior
scalar_v6_sampler_qualifications 1424 /1620 e350b566a9c0c9bcb6e81785d2994a59f4de291eb47b77ce575b6a8d659802f3-centered-scalar-cjson-v6-chain3 full_joint_short_sampler_output_integrity_checked_not_posterior
scalar_v6_sampler_qualifications 1425 /1620 e350b566a9c0c9bcb6e81785d2994a59f4de291eb47b77ce575b6a8d659802f3-package-scalar-cjson-v6-chain4 full_joint_short_sampler_output_integrity_checked_not_posterior
scalar_v6_sampler_qualifications 1426 /1620 e350b566a9c0c9bcb6e81785d2994a59f4de291eb47b77ce575b6a8d659802f3-centered-scalar-cjson-v6-chain4 full_joint_short_sampler_output_integrity_checked_not_posterior
scalar_v6_sampler_qualifications 1427 /1620 e350b566a9c0c9bcb6e81785d2994a59f4de291eb47b77ce575b6a8d659802f3-package-scalar-cjson-v6-chain2 full_joint_short_sampler_output_integrity_checked_not_posterior
scalar_v6_sampler_qualifications 1428 /1620 e350b566a9c0c9bcb6e81785d2994a59f4de291eb47b77ce575b6a8d659802f3-package-scalar-cjson-v6-chain3 full_joint_short_sampler_output_integrity_checked_not_posterior
scalar_v6_sampler_qualifications 1429 /1620 e399e6bd7e8ec2dddfb1fedcb48312555e36f39762a2e68ccc1d55eda13e82b4-broad-scalar-cjson-v6-chain2 full_joint_short_sampler_output_integrity_checked_not_posterior
scalar_v6_sampler_qualifications 1430 /1620 e399e6bd7e8ec2dddfb1fedcb48312555e36f39762a2e68ccc1d55eda13e82b4-broad-scalar-cjson-v6-chain1 full_joint_short_sampler_output_integrity_checked_not_posterior
scalar_v6_sampler_qualifications 1431 /1620 e399e6bd7e8ec2dddfb1fedcb48312555e36f39762a2e68ccc1d55eda13e82b4-broad-scalar-cjson-v6-chain3 full_joint_short_sampler_output_integrity_checked_not_posterior
scalar_v6_sampler_qualifications 1432 /1620 e399e6bd7e8ec2dddfb1fedcb48312555e36f39762a2e68ccc1d55eda13e82b4-broad-scalar-cjson-v6-chain4 full_joint_short_sampler_output_integrity_checked_not_posterior
scalar_v6_sampler_qualifications 1433 /1620 e399e6bd7e8ec2dddfb1fedcb48312555e36f39762a2e68ccc1d55eda13e82b4-centered-scalar-cjson-v6-chain2 full_joint_short_sampler_output_integrity_checked_not_posterior
scalar_v6_sampler_qualifications 1434 /1620 e399e6bd7e8ec2dddfb1fedcb48312555e36f39762a2e68ccc1d55eda13e82b4-centered-scalar-cjson-v6-chain3 full_joint_short_sampler_output_integrity_checked_not_posterior
scalar_v6_sampler_qualifications 1435 /1620 e399e6bd7e8ec2dddfb1fedcb48312555e36f39762a2e68ccc1d55eda13e82b4-centered-scalar-cjson-v6-chain4 full_joint_short_sampler_output_integrity_checked_not_posterior
scalar_v6_sampler_qualifications 1436 /1620 e399e6bd7e8ec2dddfb1fedcb48312555e36f39762a2e68ccc1d55eda13e82b4-centered-scalar-cjson-v6-chain1 full_joint_short_sampler_output_integrity_checked_not_posterior
scalar_v6_sampler_qualifications 1437 /1620 e399e6bd7e8ec2dddfb1fedcb48312555e36f39762a2e68ccc1d55eda13e82b4-package-scalar-cjson-v6-chain1 full_joint_short_sampler_output_integrity_checked_not_posterior
scalar_v6_sampler_qualifications 1438 /1620 e399e6bd7e8ec2dddfb1fedcb48312555e36f39762a2e68ccc1d55eda13e82b4-package-scalar-cjson-v6-chain2 full_joint_short_sampler_output_integrity_checked_not_posterior
scalar_v6_sampler_qualifications 1439 /1620 e399e6bd7e8ec2dddfb1fedcb48312555e36f39762a2e68ccc1d55eda13e82b4-package-scalar-cjson-v6-chain4 full_joint_short_sampler_output_integrity_checked_not_posterior
scalar_v6_sampler_qualifications 1440 /1620 e399e6bd7e8ec2dddfb1fedcb48312555e36f39762a2e68ccc1d55eda13e82b4-package-scalar-cjson-v6-chain3 full_joint_short_sampler_output_integrity_checked_not_posterior
scalar_v6_sampler_qualifications 1441 /1620 e4ded1cbfe486641c6c81fe5b8528c8f1060f44b0346aac1368cfaf8cfaa0a8e-broad-scalar-cjson-v6-chain3 full_joint_short_sampler_output_integrity_checked_not_posterior
scalar_v6_sampler_qualifications 1442 /1620 e4ded1cbfe486641c6c81fe5b8528c8f1060f44b0346aac1368cfaf8cfaa0a8e-broad-scalar-cjson-v6-chain1 full_joint_short_sampler_output_integrity_checked_not_posterior
scalar_v6_sampler_qualifications 1443 /1620 e4ded1cbfe486641c6c81fe5b8528c8f1060f44b0346aac1368cfaf8cfaa0a8e-broad-scalar-cjson-v6-chain2 full_joint_short_sampler_output_integrity_checked_not_posterior
scalar_v6_sampler_qualifications 1444 /1620 e4ded1cbfe486641c6c81fe5b8528c8f1060f44b0346aac1368cfaf8cfaa0a8e-centered-scalar-cjson-v6-chain3 full_joint_short_sampler_output_integrity_checked_not_posterior
scalar_v6_sampler_qualifications 1445 /1620 e4ded1cbfe486641c6c81fe5b8528c8f1060f44b0346aac1368cfaf8cfaa0a8e-centered-scalar-cjson-v6-chain1 full_joint_short_sampler_output_integrity_checked_not_posterior
scalar_v6_sampler_qualifications 1446 /1620 e4ded1cbfe486641c6c81fe5b8528c8f1060f44b0346aac1368cfaf8cfaa0a8e-centered-scalar-cjson-v6-chain2 full_joint_short_sampler_output_integrity_checked_not_posterior
scalar_v6_sampler_qualifications 1447 /1620 e4ded1cbfe486641c6c81fe5b8528c8f1060f44b0346aac1368cfaf8cfaa0a8e-broad-scalar-cjson-v6-chain4 full_joint_short_sampler_output_integrity_checked_not_posterior
scalar_v6_sampler_qualifications 1448 /1620 e4ded1cbfe486641c6c81fe5b8528c8f1060f44b0346aac1368cfaf8cfaa0a8e-package-scalar-cjson-v6-chain1 full_joint_short_sampler_output_integrity_checked_not_posterior
scalar_v6_sampler_qualifications 1449 /1620 e50e1f6a4597a5f28c1c0bd957b600364372508556aada67a6f6624b0d5451c1-broad-scalar-cjson-v6-chain1 full_joint_short_sampler_output_integrity_checked_not_posterior
scalar_v6_sampler_qualifications 1450 /1620 e4ded1cbfe486641c6c81fe5b8528c8f1060f44b0346aac1368cfaf8cfaa0a8e-package-scalar-cjson-v6-chain2 full_joint_short_sampler_output_integrity_checked_not_posterior
scalar_v6_sampler_qualifications 1451 /1620 e50e1f6a4597a5f28c1c0bd957b600364372508556aada67a6f6624b0d5451c1-broad-scalar-cjson-v6-chain2 full_joint_short_sampler_output_integrity_checked_not_posterior
scalar_v6_sampler_qualifications 1452 /1620 e4ded1cbfe486641c6c81fe5b8528c8f1060f44b0346aac1368cfaf8cfaa0a8e-package-scalar-cjson-v6-chain3 full_joint_short_sampler_output_integrity_checked_not_posterior
scalar_v6_sampler_qualifications 1453 /1620 e4ded1cbfe486641c6c81fe5b8528c8f1060f44b0346aac1368cfaf8cfaa0a8e-centered-scalar-cjson-v6-chain4 full_joint_short_sampler_output_integrity_checked_not_posterior
scalar_v6_sampler_qualifications 1454 /1620 e50e1f6a4597a5f28c1c0bd957b600364372508556aada67a6f6624b0d5451c1-broad-scalar-cjson-v6-chain4 full_joint_short_sampler_output_integrity_checked_not_posterior
scalar_v6_sampler_qualifications 1455 /1620 e50e1f6a4597a5f28c1c0bd957b600364372508556aada67a6f6624b0d5451c1-broad-scalar-cjson-v6-chain3 full_joint_short_sampler_output_integrity_checked_not_posterior
scalar_v6_sampler_qualifications 1456 /1620 e4ded1cbfe486641c6c81fe5b8528c8f1060f44b0346aac1368cfaf8cfaa0a8e-package-scalar-cjson-v6-chain4 full_joint_short_sampler_output_integrity_checked_not_posterior
scalar_v6_sampler_qualifications 1457 /1620 e50e1f6a4597a5f28c1c0bd957b600364372508556aada67a6f6624b0d5451c1-centered-scalar-cjson-v6-chain1 full_joint_short_sampler_output_integrity_checked_not_posterior
scalar_v6_sampler_qualifications 1458 /1620 e50e1f6a4597a5f28c1c0bd957b600364372508556aada67a6f6624b0d5451c1-centered-scalar-cjson-v6-chain2 full_joint_short_sampler_output_integrity_checked_not_posterior
scalar_v6_sampler_qualifications 1459 /1620 e50e1f6a4597a5f28c1c0bd957b600364372508556aada67a6f6624b0d5451c1-centered-scalar-cjson-v6-chain4 full_joint_short_sampler_output_integrity_checked_not_posterior
scalar_v6_sampler_qualifications 1460 /1620 e50e1f6a4597a5f28c1c0bd957b600364372508556aada67a6f6624b0d5451c1-centered-scalar-cjson-v6-chain3 full_joint_short_sampler_output_integrity_checked_not_posterior
scalar_v6_sampler_qualifications 1461 /1620 e50e1f6a4597a5f28c1c0bd957b600364372508556aada67a6f6624b0d5451c1-package-scalar-cjson-v6-chain2 full_joint_short_sampler_output_integrity_checked_not_posterior
scalar_v6_sampler_qualifications 1462 /1620 e50e1f6a4597a5f28c1c0bd957b600364372508556aada67a6f6624b0d5451c1-package-scalar-cjson-v6-chain1 full_joint_short_sampler_output_integrity_checked_not_posterior
scalar_v6_sampler_qualifications 1463 /1620 e9eb9a5b66c55828b5b34c7bf2d45a6e1162a2918ec6e6ca328d7ece95eb2233-broad-scalar-cjson-v6-chain1 full_joint_short_sampler_output_integrity_checked_not_posterior
scalar_v6_sampler_qualifications 1464 /1620 e9eb9a5b66c55828b5b34c7bf2d45a6e1162a2918ec6e6ca328d7ece95eb2233-broad-scalar-cjson-v6-chain3 full_joint_short_sampler_output_integrity_checked_not_posterior
scalar_v6_sampler_qualifications 1465 /1620 e50e1f6a4597a5f28c1c0bd957b600364372508556aada67a6f6624b0d5451c1-package-scalar-cjson-v6-chain3 full_joint_short_sampler_output_integrity_checked_not_posterior
scalar_v6_sampler_qualifications 1466 /1620 e50e1f6a4597a5f28c1c0bd957b600364372508556aada67a6f6624b0d5451c1-package-scalar-cjson-v6-chain4 full_joint_short_sampler_output_integrity_checked_not_posterior
scalar_v6_sampler_qualifications 1467 /1620 e9eb9a5b66c55828b5b34c7bf2d45a6e1162a2918ec6e6ca328d7ece95eb2233-broad-scalar-cjson-v6-chain2 full_joint_short_sampler_output_integrity_checked_not_posterior
scalar_v6_sampler_qualifications 1468 /1620 e9eb9a5b66c55828b5b34c7bf2d45a6e1162a2918ec6e6ca328d7ece95eb2233-centered-scalar-cjson-v6-chain1 full_joint_short_sampler_output_integrity_checked_not_posterior
scalar_v6_sampler_qualifications 1469 /1620 e9eb9a5b66c55828b5b34c7bf2d45a6e1162a2918ec6e6ca328d7ece95eb2233-centered-scalar-cjson-v6-chain2 full_joint_short_sampler_output_integrity_checked_not_posterior
scalar_v6_sampler_qualifications 1470 /1620 e9eb9a5b66c55828b5b34c7bf2d45a6e1162a2918ec6e6ca328d7ece95eb2233-broad-scalar-cjson-v6-chain4 full_joint_short_sampler_output_integrity_checked_not_posterior
scalar_v6_sampler_qualifications 1471 /1620 e9eb9a5b66c55828b5b34c7bf2d45a6e1162a2918ec6e6ca328d7ece95eb2233-centered-scalar-cjson-v6-chain3 full_joint_short_sampler_output_integrity_checked_not_posterior
scalar_v6_sampler_qualifications 1472 /1620 e9eb9a5b66c55828b5b34c7bf2d45a6e1162a2918ec6e6ca328d7ece95eb2233-centered-scalar-cjson-v6-chain4 full_joint_short_sampler_output_integrity_checked_not_posterior
scalar_v6_sampler_qualifications 1473 /1620 e9eb9a5b66c55828b5b34c7bf2d45a6e1162a2918ec6e6ca328d7ece95eb2233-package-scalar-cjson-v6-chain1 full_joint_short_sampler_output_integrity_checked_not_posterior
scalar_v6_sampler_qualifications 1474 /1620 e9eb9a5b66c55828b5b34c7bf2d45a6e1162a2918ec6e6ca328d7ece95eb2233-package-scalar-cjson-v6-chain3 full_joint_short_sampler_output_integrity_checked_not_posterior
scalar_v6_sampler_qualifications 1475 /1620 e9eb9a5b66c55828b5b34c7bf2d45a6e1162a2918ec6e6ca328d7ece95eb2233-package-scalar-cjson-v6-chain2 full_joint_short_sampler_output_integrity_checked_not_posterior
scalar_v6_sampler_qualifications 1476 /1620 e9eb9a5b66c55828b5b34c7bf2d45a6e1162a2918ec6e6ca328d7ece95eb2233-package-scalar-cjson-v6-chain4 full_joint_short_sampler_output_integrity_checked_not_posterior
scalar_v6_sampler_qualifications 1477 /1620 ea22d64eeafa574cebc42efcdc9d3091d230a144316f1879fab6dc18243b441e-broad-scalar-cjson-v6-chain1 full_joint_short_sampler_output_integrity_checked_not_posterior
scalar_v6_sampler_qualifications 1478 /1620 ea22d64eeafa574cebc42efcdc9d3091d230a144316f1879fab6dc18243b441e-broad-scalar-cjson-v6-chain2 full_joint_short_sampler_output_integrity_checked_not_posterior
scalar_v6_sampler_qualifications 1479 /1620 ea22d64eeafa574cebc42efcdc9d3091d230a144316f1879fab6dc18243b441e-centered-scalar-cjson-v6-chain1 full_joint_short_sampler_output_integrity_checked_not_posterior
scalar_v6_sampler_qualifications 1480 /1620 ea22d64eeafa574cebc42efcdc9d3091d230a144316f1879fab6dc18243b441e-package-scalar-cjson-v6-chain2 full_joint_short_sampler_output_integrity_checked_not_posterior
scalar_v6_sampler_qualifications 1481 /1620 ea22d64eeafa574cebc42efcdc9d3091d230a144316f1879fab6dc18243b441e-broad-scalar-cjson-v6-chain4 full_joint_short_sampler_output_integrity_checked_not_posterior
scalar_v6_sampler_qualifications 1482 /1620 ea22d64eeafa574cebc42efcdc9d3091d230a144316f1879fab6dc18243b441e-broad-scalar-cjson-v6-chain3 full_joint_short_sampler_output_integrity_checked_not_posterior
scalar_v6_sampler_qualifications 1483 /1620 ea22d64eeafa574cebc42efcdc9d3091d230a144316f1879fab6dc18243b441e-centered-scalar-cjson-v6-chain3 full_joint_short_sampler_output_integrity_checked_not_posterior
scalar_v6_sampler_qualifications 1484 /1620 ea22d64eeafa574cebc42efcdc9d3091d230a144316f1879fab6dc18243b441e-package-scalar-cjson-v6-chain1 full_joint_short_sampler_output_integrity_checked_not_posterior
scalar_v6_sampler_qualifications 1485 /1620 ea22d64eeafa574cebc42efcdc9d3091d230a144316f1879fab6dc18243b441e-centered-scalar-cjson-v6-chain4 full_joint_short_sampler_output_integrity_checked_not_posterior
scalar_v6_sampler_qualifications 1486 /1620 ea22d64eeafa574cebc42efcdc9d3091d230a144316f1879fab6dc18243b441e-centered-scalar-cjson-v6-chain2 full_joint_short_sampler_output_integrity_checked_not_posterior
scalar_v6_sampler_qualifications 1487 /1620 ea22d64eeafa574cebc42efcdc9d3091d230a144316f1879fab6dc18243b441e-package-scalar-cjson-v6-chain4 full_joint_short_sampler_output_integrity_checked_not_posterior
scalar_v6_sampler_qualifications 1488 /1620 ea22d64eeafa574cebc42efcdc9d3091d230a144316f1879fab6dc18243b441e-package-scalar-cjson-v6-chain3 full_joint_short_sampler_output_integrity_checked_not_posterior
scalar_v6_sampler_qualifications 1489 /1620 ea7898bcccea0c3bc3af9ffb9902be7963efe47b2489ca3ec94b39025c4c8fd1-broad-scalar-cjson-v6-chain2 full_joint_short_sampler_output_integrity_checked_not_posterior
scalar_v6_sampler_qualifications 1490 /1620 ea7898bcccea0c3bc3af9ffb9902be7963efe47b2489ca3ec94b39025c4c8fd1-broad-scalar-cjson-v6-chain3 full_joint_short_sampler_output_integrity_checked_not_posterior
scalar_v6_sampler_qualifications 1491 /1620 ea7898bcccea0c3bc3af9ffb9902be7963efe47b2489ca3ec94b39025c4c8fd1-centered-scalar-cjson-v6-chain2 full_joint_short_sampler_output_integrity_checked_not_posterior
scalar_v6_sampler_qualifications 1492 /1620 ea7898bcccea0c3bc3af9ffb9902be7963efe47b2489ca3ec94b39025c4c8fd1-broad-scalar-cjson-v6-chain1 full_joint_short_sampler_output_integrity_checked_not_posterior
scalar_v6_sampler_qualifications 1493 /1620 ea7898bcccea0c3bc3af9ffb9902be7963efe47b2489ca3ec94b39025c4c8fd1-broad-scalar-cjson-v6-chain4 full_joint_short_sampler_output_integrity_checked_not_posterior
scalar_v6_sampler_qualifications 1494 /1620 ea7898bcccea0c3bc3af9ffb9902be7963efe47b2489ca3ec94b39025c4c8fd1-package-scalar-cjson-v6-chain1 full_joint_short_sampler_output_integrity_checked_not_posterior
scalar_v6_sampler_qualifications 1495 /1620 ea7898bcccea0c3bc3af9ffb9902be7963efe47b2489ca3ec94b39025c4c8fd1-centered-scalar-cjson-v6-chain1 full_joint_short_sampler_output_integrity_checked_not_posterior
scalar_v6_sampler_qualifications 1496 /1620 ea7898bcccea0c3bc3af9ffb9902be7963efe47b2489ca3ec94b39025c4c8fd1-package-scalar-cjson-v6-chain2 full_joint_short_sampler_output_integrity_checked_not_posterior
scalar_v6_sampler_qualifications 1497 /1620 ea7898bcccea0c3bc3af9ffb9902be7963efe47b2489ca3ec94b39025c4c8fd1-centered-scalar-cjson-v6-chain3 full_joint_short_sampler_output_integrity_checked_not_posterior
scalar_v6_sampler_qualifications 1498 /1620 ea7898bcccea0c3bc3af9ffb9902be7963efe47b2489ca3ec94b39025c4c8fd1-centered-scalar-cjson-v6-chain4 full_joint_short_sampler_output_integrity_checked_not_posterior
scalar_v6_sampler_qualifications 1499 /1620 ea7898bcccea0c3bc3af9ffb9902be7963efe47b2489ca3ec94b39025c4c8fd1-package-scalar-cjson-v6-chain3 full_joint_short_sampler_output_integrity_checked_not_posterior
scalar_v6_sampler_qualifications 1500 /1620 ea7898bcccea0c3bc3af9ffb9902be7963efe47b2489ca3ec94b39025c4c8fd1-package-scalar-cjson-v6-chain4 full_joint_short_sampler_output_integrity_checked_not_posterior
scalar_v6_sampler_qualifications 1501 /1620 ebd0daf8627503232ef77e66686f790074255ab46bddd544300f781deefd7af6-broad-scalar-cjson-v6-chain1 full_joint_short_sampler_output_integrity_checked_not_posterior
scalar_v6_sampler_qualifications 1502 /1620 ebd0daf8627503232ef77e66686f790074255ab46bddd544300f781deefd7af6-broad-scalar-cjson-v6-chain2 full_joint_short_sampler_output_integrity_checked_not_posterior
scalar_v6_sampler_qualifications 1503 /1620 ebd0daf8627503232ef77e66686f790074255ab46bddd544300f781deefd7af6-broad-scalar-cjson-v6-chain4 full_joint_short_sampler_output_integrity_checked_not_posterior
scalar_v6_sampler_qualifications 1504 /1620 ebd0daf8627503232ef77e66686f790074255ab46bddd544300f781deefd7af6-centered-scalar-cjson-v6-chain1 full_joint_short_sampler_output_integrity_checked_not_posterior
scalar_v6_sampler_qualifications 1505 /1620 ebd0daf8627503232ef77e66686f790074255ab46bddd544300f781deefd7af6-centered-scalar-cjson-v6-chain4 full_joint_short_sampler_output_integrity_checked_not_posterior
scalar_v6_sampler_qualifications 1506 /1620 ebd0daf8627503232ef77e66686f790074255ab46bddd544300f781deefd7af6-broad-scalar-cjson-v6-chain3 full_joint_short_sampler_output_integrity_checked_not_posterior
scalar_v6_sampler_qualifications 1507 /1620 ebd0daf8627503232ef77e66686f790074255ab46bddd544300f781deefd7af6-centered-scalar-cjson-v6-chain2 full_joint_short_sampler_output_integrity_checked_not_posterior
scalar_v6_sampler_qualifications 1508 /1620 ebd0daf8627503232ef77e66686f790074255ab46bddd544300f781deefd7af6-centered-scalar-cjson-v6-chain3 full_joint_short_sampler_output_integrity_checked_not_posterior
scalar_v6_sampler_qualifications 1509 /1620 ebd0daf8627503232ef77e66686f790074255ab46bddd544300f781deefd7af6-package-scalar-cjson-v6-chain1 full_joint_short_sampler_output_integrity_checked_not_posterior
scalar_v6_sampler_qualifications 1510 /1620 ebd0daf8627503232ef77e66686f790074255ab46bddd544300f781deefd7af6-package-scalar-cjson-v6-chain4 full_joint_short_sampler_output_integrity_checked_not_posterior
scalar_v6_sampler_qualifications 1511 /1620 ebd0daf8627503232ef77e66686f790074255ab46bddd544300f781deefd7af6-package-scalar-cjson-v6-chain3 full_joint_short_sampler_output_integrity_checked_not_posterior
scalar_v6_sampler_qualifications 1512 /1620 ebd0daf8627503232ef77e66686f790074255ab46bddd544300f781deefd7af6-package-scalar-cjson-v6-chain2 full_joint_short_sampler_output_integrity_checked_not_posterior
scalar_v6_sampler_qualifications 1513 /1620 ed59365af7653bbb9df8be7bc884f0b32e70d19bf539011dd4102bfe4a379ba5-broad-scalar-cjson-v6-chain2 full_joint_short_sampler_output_integrity_checked_not_posterior
scalar_v6_sampler_qualifications 1514 /1620 ed59365af7653bbb9df8be7bc884f0b32e70d19bf539011dd4102bfe4a379ba5-broad-scalar-cjson-v6-chain4 full_joint_short_sampler_output_integrity_checked_not_posterior
scalar_v6_sampler_qualifications 1515 /1620 ed59365af7653bbb9df8be7bc884f0b32e70d19bf539011dd4102bfe4a379ba5-broad-scalar-cjson-v6-chain1 full_joint_short_sampler_output_integrity_checked_not_posterior
scalar_v6_sampler_qualifications 1516 /1620 ed59365af7653bbb9df8be7bc884f0b32e70d19bf539011dd4102bfe4a379ba5-centered-scalar-cjson-v6-chain2 full_joint_short_sampler_output_integrity_checked_not_posterior
scalar_v6_sampler_qualifications 1517 /1620 ed59365af7653bbb9df8be7bc884f0b32e70d19bf539011dd4102bfe4a379ba5-broad-scalar-cjson-v6-chain3 full_joint_short_sampler_output_integrity_checked_not_posterior
scalar_v6_sampler_qualifications 1518 /1620 ed59365af7653bbb9df8be7bc884f0b32e70d19bf539011dd4102bfe4a379ba5-centered-scalar-cjson-v6-chain3 full_joint_short_sampler_output_integrity_checked_not_posterior
scalar_v6_sampler_qualifications 1519 /1620 ed59365af7653bbb9df8be7bc884f0b32e70d19bf539011dd4102bfe4a379ba5-centered-scalar-cjson-v6-chain1 full_joint_short_sampler_output_integrity_checked_not_posterior
scalar_v6_sampler_qualifications 1520 /1620 ed59365af7653bbb9df8be7bc884f0b32e70d19bf539011dd4102bfe4a379ba5-package-scalar-cjson-v6-chain2 full_joint_short_sampler_output_integrity_checked_not_posterior
scalar_v6_sampler_qualifications 1521 /1620 ee43d9b73b1e7ae71724f2ecfb3bd89db80ddf4e0def00aa5359d698fa2a1c9d-broad-scalar-cjson-v6-chain4 full_joint_short_sampler_output_integrity_checked_not_posterior
scalar_v6_sampler_qualifications 1522 /1620 ee43d9b73b1e7ae71724f2ecfb3bd89db80ddf4e0def00aa5359d698fa2a1c9d-broad-scalar-cjson-v6-chain3 full_joint_short_sampler_output_integrity_checked_not_posterior
scalar_v6_sampler_qualifications 1523 /1620 ed59365af7653bbb9df8be7bc884f0b32e70d19bf539011dd4102bfe4a379ba5-package-scalar-cjson-v6-chain4 full_joint_short_sampler_output_integrity_checked_not_posterior
scalar_v6_sampler_qualifications 1524 /1620 ed59365af7653bbb9df8be7bc884f0b32e70d19bf539011dd4102bfe4a379ba5-package-scalar-cjson-v6-chain1 full_joint_short_sampler_output_integrity_checked_not_posterior
scalar_v6_sampler_qualifications 1525 /1620 ed59365af7653bbb9df8be7bc884f0b32e70d19bf539011dd4102bfe4a379ba5-package-scalar-cjson-v6-chain3 full_joint_short_sampler_output_integrity_checked_not_posterior
scalar_v6_sampler_qualifications 1526 /1620 ed59365af7653bbb9df8be7bc884f0b32e70d19bf539011dd4102bfe4a379ba5-centered-scalar-cjson-v6-chain4 full_joint_short_sampler_output_integrity_checked_not_posterior
scalar_v6_sampler_qualifications 1527 /1620 ee43d9b73b1e7ae71724f2ecfb3bd89db80ddf4e0def00aa5359d698fa2a1c9d-broad-scalar-cjson-v6-chain1 full_joint_short_sampler_output_integrity_checked_not_posterior
scalar_v6_sampler_qualifications 1528 /1620 ee43d9b73b1e7ae71724f2ecfb3bd89db80ddf4e0def00aa5359d698fa2a1c9d-broad-scalar-cjson-v6-chain2 full_joint_short_sampler_output_integrity_checked_not_posterior
scalar_v6_sampler_qualifications 1529 /1620 ee43d9b73b1e7ae71724f2ecfb3bd89db80ddf4e0def00aa5359d698fa2a1c9d-centered-scalar-cjson-v6-chain4 full_joint_short_sampler_output_integrity_checked_not_posterior
scalar_v6_sampler_qualifications 1530 /1620 ee43d9b73b1e7ae71724f2ecfb3bd89db80ddf4e0def00aa5359d698fa2a1c9d-centered-scalar-cjson-v6-chain1 full_joint_short_sampler_output_integrity_checked_not_posterior
scalar_v6_sampler_qualifications 1531 /1620 ee43d9b73b1e7ae71724f2ecfb3bd89db80ddf4e0def00aa5359d698fa2a1c9d-centered-scalar-cjson-v6-chain2 full_joint_short_sampler_output_integrity_checked_not_posterior
scalar_v6_sampler_qualifications 1532 /1620 ee43d9b73b1e7ae71724f2ecfb3bd89db80ddf4e0def00aa5359d698fa2a1c9d-package-scalar-cjson-v6-chain2 full_joint_short_sampler_output_integrity_checked_not_posterior
scalar_v6_sampler_qualifications 1533 /1620 ee43d9b73b1e7ae71724f2ecfb3bd89db80ddf4e0def00aa5359d698fa2a1c9d-centered-scalar-cjson-v6-chain3 full_joint_short_sampler_output_integrity_checked_not_posterior
scalar_v6_sampler_qualifications 1534 /1620 ee43d9b73b1e7ae71724f2ecfb3bd89db80ddf4e0def00aa5359d698fa2a1c9d-package-scalar-cjson-v6-chain1 full_joint_short_sampler_output_integrity_checked_not_posterior
scalar_v6_sampler_qualifications 1535 /1620 ee43d9b73b1e7ae71724f2ecfb3bd89db80ddf4e0def00aa5359d698fa2a1c9d-package-scalar-cjson-v6-chain3 full_joint_short_sampler_output_integrity_checked_not_posterior
scalar_v6_sampler_qualifications 1536 /1620 ee7d3a20a71ab71c1db8f98cf07790c82a1d63276ef3f10dd110a8eb29f3ec80-broad-scalar-cjson-v6-chain2 full_joint_short_sampler_output_integrity_checked_not_posterior
scalar_v6_sampler_qualifications 1537 /1620 ee7d3a20a71ab71c1db8f98cf07790c82a1d63276ef3f10dd110a8eb29f3ec80-broad-scalar-cjson-v6-chain1 full_joint_short_sampler_output_integrity_checked_not_posterior
scalar_v6_sampler_qualifications 1538 /1620 ee7d3a20a71ab71c1db8f98cf07790c82a1d63276ef3f10dd110a8eb29f3ec80-broad-scalar-cjson-v6-chain4 full_joint_short_sampler_output_integrity_checked_not_posterior
scalar_v6_sampler_qualifications 1539 /1620 ee7d3a20a71ab71c1db8f98cf07790c82a1d63276ef3f10dd110a8eb29f3ec80-centered-scalar-cjson-v6-chain2 full_joint_short_sampler_output_integrity_checked_not_posterior
scalar_v6_sampler_qualifications 1540 /1620 ee43d9b73b1e7ae71724f2ecfb3bd89db80ddf4e0def00aa5359d698fa2a1c9d-package-scalar-cjson-v6-chain4 full_joint_short_sampler_output_integrity_checked_not_posterior
scalar_v6_sampler_qualifications 1541 /1620 ee7d3a20a71ab71c1db8f98cf07790c82a1d63276ef3f10dd110a8eb29f3ec80-centered-scalar-cjson-v6-chain3 full_joint_short_sampler_output_integrity_checked_not_posterior
scalar_v6_sampler_qualifications 1542 /1620 ee7d3a20a71ab71c1db8f98cf07790c82a1d63276ef3f10dd110a8eb29f3ec80-broad-scalar-cjson-v6-chain3 full_joint_short_sampler_output_integrity_checked_not_posterior
scalar_v6_sampler_qualifications 1543 /1620 ee7d3a20a71ab71c1db8f98cf07790c82a1d63276ef3f10dd110a8eb29f3ec80-centered-scalar-cjson-v6-chain4 full_joint_short_sampler_output_integrity_checked_not_posterior
scalar_v6_sampler_qualifications 1544 /1620 ee7d3a20a71ab71c1db8f98cf07790c82a1d63276ef3f10dd110a8eb29f3ec80-package-scalar-cjson-v6-chain2 full_joint_short_sampler_output_integrity_checked_not_posterior
scalar_v6_sampler_qualifications 1545 /1620 ee7d3a20a71ab71c1db8f98cf07790c82a1d63276ef3f10dd110a8eb29f3ec80-centered-scalar-cjson-v6-chain1 full_joint_short_sampler_output_integrity_checked_not_posterior
scalar_v6_sampler_qualifications 1546 /1620 ee7d3a20a71ab71c1db8f98cf07790c82a1d63276ef3f10dd110a8eb29f3ec80-package-scalar-cjson-v6-chain1 full_joint_short_sampler_output_integrity_checked_not_posterior
scalar_v6_sampler_qualifications 1547 /1620 eea36a0c4b9091dfe11d85825d87f9d2c17239ee3d39bdd739a6e4dc94b9f62a-broad-scalar-cjson-v6-chain1 full_joint_short_sampler_output_integrity_checked_not_posterior
scalar_v6_sampler_qualifications 1548 /1620 ee7d3a20a71ab71c1db8f98cf07790c82a1d63276ef3f10dd110a8eb29f3ec80-package-scalar-cjson-v6-chain3 full_joint_short_sampler_output_integrity_checked_not_posterior
scalar_v6_sampler_qualifications 1549 /1620 eea36a0c4b9091dfe11d85825d87f9d2c17239ee3d39bdd739a6e4dc94b9f62a-broad-scalar-cjson-v6-chain3 full_joint_short_sampler_output_integrity_checked_not_posterior
scalar_v6_sampler_qualifications 1550 /1620 ee7d3a20a71ab71c1db8f98cf07790c82a1d63276ef3f10dd110a8eb29f3ec80-package-scalar-cjson-v6-chain4 full_joint_short_sampler_output_integrity_checked_not_posterior
scalar_v6_sampler_qualifications 1551 /1620 eea36a0c4b9091dfe11d85825d87f9d2c17239ee3d39bdd739a6e4dc94b9f62a-broad-scalar-cjson-v6-chain4 full_joint_short_sampler_output_integrity_checked_not_posterior
scalar_v6_sampler_qualifications 1552 /1620 eea36a0c4b9091dfe11d85825d87f9d2c17239ee3d39bdd739a6e4dc94b9f62a-broad-scalar-cjson-v6-chain2 full_joint_short_sampler_output_integrity_checked_not_posterior
scalar_v6_sampler_qualifications 1553 /1620 eea36a0c4b9091dfe11d85825d87f9d2c17239ee3d39bdd739a6e4dc94b9f62a-centered-scalar-cjson-v6-chain2 full_joint_short_sampler_output_integrity_checked_not_posterior
scalar_v6_sampler_qualifications 1554 /1620 eea36a0c4b9091dfe11d85825d87f9d2c17239ee3d39bdd739a6e4dc94b9f62a-centered-scalar-cjson-v6-chain1 full_joint_short_sampler_output_integrity_checked_not_posterior
scalar_v6_sampler_qualifications 1555 /1620 eea36a0c4b9091dfe11d85825d87f9d2c17239ee3d39bdd739a6e4dc94b9f62a-centered-scalar-cjson-v6-chain4 full_joint_short_sampler_output_integrity_checked_not_posterior
scalar_v6_sampler_qualifications 1556 /1620 eea36a0c4b9091dfe11d85825d87f9d2c17239ee3d39bdd739a6e4dc94b9f62a-package-scalar-cjson-v6-chain1 full_joint_short_sampler_output_integrity_checked_not_posterior
scalar_v6_sampler_qualifications 1557 /1620 eea36a0c4b9091dfe11d85825d87f9d2c17239ee3d39bdd739a6e4dc94b9f62a-package-scalar-cjson-v6-chain4 full_joint_short_sampler_output_integrity_checked_not_posterior
scalar_v6_sampler_qualifications 1558 /1620 eea36a0c4b9091dfe11d85825d87f9d2c17239ee3d39bdd739a6e4dc94b9f62a-centered-scalar-cjson-v6-chain3 full_joint_short_sampler_output_integrity_checked_not_posterior
scalar_v6_sampler_qualifications 1559 /1620 f3eb1d38fbc4a146028eb9378ab6e28af8c4b12304655d865c7d7642e01c8582-broad-scalar-cjson-v6-chain1 full_joint_short_sampler_output_integrity_checked_not_posterior
scalar_v6_sampler_qualifications 1560 /1620 eea36a0c4b9091dfe11d85825d87f9d2c17239ee3d39bdd739a6e4dc94b9f62a-package-scalar-cjson-v6-chain2 full_joint_short_sampler_output_integrity_checked_not_posterior
scalar_v6_sampler_qualifications 1561 /1620 f3eb1d38fbc4a146028eb9378ab6e28af8c4b12304655d865c7d7642e01c8582-broad-scalar-cjson-v6-chain2 full_joint_short_sampler_output_integrity_checked_not_posterior
scalar_v6_sampler_qualifications 1562 /1620 eea36a0c4b9091dfe11d85825d87f9d2c17239ee3d39bdd739a6e4dc94b9f62a-package-scalar-cjson-v6-chain3 full_joint_short_sampler_output_integrity_checked_not_posterior
scalar_v6_sampler_qualifications 1563 /1620 f3eb1d38fbc4a146028eb9378ab6e28af8c4b12304655d865c7d7642e01c8582-broad-scalar-cjson-v6-chain3 full_joint_short_sampler_output_integrity_checked_not_posterior
scalar_v6_sampler_qualifications 1564 /1620 f3eb1d38fbc4a146028eb9378ab6e28af8c4b12304655d865c7d7642e01c8582-broad-scalar-cjson-v6-chain4 full_joint_short_sampler_output_integrity_checked_not_posterior
scalar_v6_sampler_qualifications 1565 /1620 f3eb1d38fbc4a146028eb9378ab6e28af8c4b12304655d865c7d7642e01c8582-centered-scalar-cjson-v6-chain4 full_joint_short_sampler_output_integrity_checked_not_posterior
scalar_v6_sampler_qualifications 1566 /1620 f3eb1d38fbc4a146028eb9378ab6e28af8c4b12304655d865c7d7642e01c8582-centered-scalar-cjson-v6-chain3 full_joint_short_sampler_output_integrity_checked_not_posterior
scalar_v6_sampler_qualifications 1567 /1620 f3eb1d38fbc4a146028eb9378ab6e28af8c4b12304655d865c7d7642e01c8582-centered-scalar-cjson-v6-chain2 full_joint_short_sampler_output_integrity_checked_not_posterior
scalar_v6_sampler_qualifications 1568 /1620 f3eb1d38fbc4a146028eb9378ab6e28af8c4b12304655d865c7d7642e01c8582-centered-scalar-cjson-v6-chain1 full_joint_short_sampler_output_integrity_checked_not_posterior
scalar_v6_sampler_qualifications 1569 /1620 f3eb1d38fbc4a146028eb9378ab6e28af8c4b12304655d865c7d7642e01c8582-package-scalar-cjson-v6-chain2 full_joint_short_sampler_output_integrity_checked_not_posterior
scalar_v6_sampler_qualifications 1570 /1620 f3eb1d38fbc4a146028eb9378ab6e28af8c4b12304655d865c7d7642e01c8582-package-scalar-cjson-v6-chain1 full_joint_short_sampler_output_integrity_checked_not_posterior
scalar_v6_sampler_qualifications 1571 /1620 f3eb1d38fbc4a146028eb9378ab6e28af8c4b12304655d865c7d7642e01c8582-package-scalar-cjson-v6-chain3 full_joint_short_sampler_output_integrity_checked_not_posterior
scalar_v6_sampler_qualifications 1572 /1620 f3eb1d38fbc4a146028eb9378ab6e28af8c4b12304655d865c7d7642e01c8582-package-scalar-cjson-v6-chain4 full_joint_short_sampler_output_integrity_checked_not_posterior
scalar_v6_sampler_qualifications 1573 /1620 f49fcdd62941a8feb53f4197fb40b12f6ddd70505ac8322997701b49986ddc39-broad-scalar-cjson-v6-chain2 full_joint_short_sampler_output_integrity_checked_not_posterior
scalar_v6_sampler_qualifications 1574 /1620 f49fcdd62941a8feb53f4197fb40b12f6ddd70505ac8322997701b49986ddc39-broad-scalar-cjson-v6-chain1 full_joint_short_sampler_output_integrity_checked_not_posterior
scalar_v6_sampler_qualifications 1575 /1620 f49fcdd62941a8feb53f4197fb40b12f6ddd70505ac8322997701b49986ddc39-broad-scalar-cjson-v6-chain3 full_joint_short_sampler_output_integrity_checked_not_posterior
scalar_v6_sampler_qualifications 1576 /1620 f49fcdd62941a8feb53f4197fb40b12f6ddd70505ac8322997701b49986ddc39-broad-scalar-cjson-v6-chain4 full_joint_short_sampler_output_integrity_checked_not_posterior
scalar_v6_sampler_qualifications 1577 /1620 f49fcdd62941a8feb53f4197fb40b12f6ddd70505ac8322997701b49986ddc39-centered-scalar-cjson-v6-chain1 full_joint_short_sampler_output_integrity_checked_not_posterior
scalar_v6_sampler_qualifications 1578 /1620 f49fcdd62941a8feb53f4197fb40b12f6ddd70505ac8322997701b49986ddc39-centered-scalar-cjson-v6-chain2 full_joint_short_sampler_output_integrity_checked_not_posterior
scalar_v6_sampler_qualifications 1579 /1620 f49fcdd62941a8feb53f4197fb40b12f6ddd70505ac8322997701b49986ddc39-centered-scalar-cjson-v6-chain3 full_joint_short_sampler_output_integrity_checked_not_posterior
scalar_v6_sampler_qualifications 1580 /1620 f49fcdd62941a8feb53f4197fb40b12f6ddd70505ac8322997701b49986ddc39-package-scalar-cjson-v6-chain2 full_joint_short_sampler_output_integrity_checked_not_posterior
scalar_v6_sampler_qualifications 1581 /1620 f49fcdd62941a8feb53f4197fb40b12f6ddd70505ac8322997701b49986ddc39-package-scalar-cjson-v6-chain1 full_joint_short_sampler_output_integrity_checked_not_posterior
scalar_v6_sampler_qualifications 1582 /1620 f49fcdd62941a8feb53f4197fb40b12f6ddd70505ac8322997701b49986ddc39-package-scalar-cjson-v6-chain3 full_joint_short_sampler_output_integrity_checked_not_posterior
scalar_v6_sampler_qualifications 1583 /1620 f49fcdd62941a8feb53f4197fb40b12f6ddd70505ac8322997701b49986ddc39-centered-scalar-cjson-v6-chain4 full_joint_short_sampler_output_integrity_checked_not_posterior
scalar_v6_sampler_qualifications 1584 /1620 f49fcdd62941a8feb53f4197fb40b12f6ddd70505ac8322997701b49986ddc39-package-scalar-cjson-v6-chain4 full_joint_short_sampler_output_integrity_checked_not_posterior
scalar_v6_sampler_qualifications 1585 /1620 f5f8fb07c7d692818de104aa35d0ef848f99b5b1737e4073b41e83506c76f65b-broad-scalar-cjson-v6-chain3 full_joint_short_sampler_output_integrity_checked_not_posterior
scalar_v6_sampler_qualifications 1586 /1620 f5f8fb07c7d692818de104aa35d0ef848f99b5b1737e4073b41e83506c76f65b-broad-scalar-cjson-v6-chain1 full_joint_short_sampler_output_integrity_checked_not_posterior
scalar_v6_sampler_qualifications 1587 /1620 f5f8fb07c7d692818de104aa35d0ef848f99b5b1737e4073b41e83506c76f65b-broad-scalar-cjson-v6-chain2 full_joint_short_sampler_output_integrity_checked_not_posterior
scalar_v6_sampler_qualifications 1588 /1620 f5f8fb07c7d692818de104aa35d0ef848f99b5b1737e4073b41e83506c76f65b-centered-scalar-cjson-v6-chain1 full_joint_short_sampler_output_integrity_checked_not_posterior
scalar_v6_sampler_qualifications 1589 /1620 f5f8fb07c7d692818de104aa35d0ef848f99b5b1737e4073b41e83506c76f65b-broad-scalar-cjson-v6-chain4 full_joint_short_sampler_output_integrity_checked_not_posterior
scalar_v6_sampler_qualifications 1590 /1620 f5f8fb07c7d692818de104aa35d0ef848f99b5b1737e4073b41e83506c76f65b-centered-scalar-cjson-v6-chain2 full_joint_short_sampler_output_integrity_checked_not_posterior
scalar_v6_sampler_qualifications 1591 /1620 f5f8fb07c7d692818de104aa35d0ef848f99b5b1737e4073b41e83506c76f65b-package-scalar-cjson-v6-chain1 full_joint_short_sampler_output_integrity_checked_not_posterior
scalar_v6_sampler_qualifications 1592 /1620 f5f8fb07c7d692818de104aa35d0ef848f99b5b1737e4073b41e83506c76f65b-centered-scalar-cjson-v6-chain3 full_joint_short_sampler_output_integrity_checked_not_posterior
scalar_v6_sampler_qualifications 1593 /1620 f5f8fb07c7d692818de104aa35d0ef848f99b5b1737e4073b41e83506c76f65b-centered-scalar-cjson-v6-chain4 full_joint_short_sampler_output_integrity_checked_not_posterior
scalar_v6_sampler_qualifications 1594 /1620 f5f8fb07c7d692818de104aa35d0ef848f99b5b1737e4073b41e83506c76f65b-package-scalar-cjson-v6-chain2 full_joint_short_sampler_output_integrity_checked_not_posterior
scalar_v6_sampler_qualifications 1595 /1620 f5f8fb07c7d692818de104aa35d0ef848f99b5b1737e4073b41e83506c76f65b-package-scalar-cjson-v6-chain3 full_joint_short_sampler_output_integrity_checked_not_posterior
scalar_v6_sampler_qualifications 1596 /1620 f5f8fb07c7d692818de104aa35d0ef848f99b5b1737e4073b41e83506c76f65b-package-scalar-cjson-v6-chain4 full_joint_short_sampler_output_integrity_checked_not_posterior
scalar_v6_sampler_qualifications 1597 /1620 f9afda0ec2543df1e855aaf3048fa302b415440ce828b14ec71d8e686cb6b0f0-broad-scalar-cjson-v6-chain2 full_joint_short_sampler_output_integrity_checked_not_posterior
scalar_v6_sampler_qualifications 1598 /1620 f9afda0ec2543df1e855aaf3048fa302b415440ce828b14ec71d8e686cb6b0f0-broad-scalar-cjson-v6-chain1 full_joint_short_sampler_output_integrity_checked_not_posterior
scalar_v6_sampler_qualifications 1599 /1620 f9afda0ec2543df1e855aaf3048fa302b415440ce828b14ec71d8e686cb6b0f0-broad-scalar-cjson-v6-chain3 full_joint_short_sampler_output_integrity_checked_not_posterior
scalar_v6_sampler_qualifications 1600 /1620 f9afda0ec2543df1e855aaf3048fa302b415440ce828b14ec71d8e686cb6b0f0-broad-scalar-cjson-v6-chain4 full_joint_short_sampler_output_integrity_checked_not_posterior
scalar_v6_sampler_qualifications 1601 /1620 f9afda0ec2543df1e855aaf3048fa302b415440ce828b14ec71d8e686cb6b0f0-centered-scalar-cjson-v6-chain1 full_joint_short_sampler_output_integrity_checked_not_posterior
scalar_v6_sampler_qualifications 1602 /1620 f9afda0ec2543df1e855aaf3048fa302b415440ce828b14ec71d8e686cb6b0f0-centered-scalar-cjson-v6-chain3 full_joint_short_sampler_output_integrity_checked_not_posterior
scalar_v6_sampler_qualifications 1603 /1620 f9afda0ec2543df1e855aaf3048fa302b415440ce828b14ec71d8e686cb6b0f0-centered-scalar-cjson-v6-chain2 full_joint_short_sampler_output_integrity_checked_not_posterior
scalar_v6_sampler_qualifications 1604 /1620 f9afda0ec2543df1e855aaf3048fa302b415440ce828b14ec71d8e686cb6b0f0-centered-scalar-cjson-v6-chain4 full_joint_short_sampler_output_integrity_checked_not_posterior
scalar_v6_sampler_qualifications 1605 /1620 f9afda0ec2543df1e855aaf3048fa302b415440ce828b14ec71d8e686cb6b0f0-package-scalar-cjson-v6-chain3 full_joint_short_sampler_output_integrity_checked_not_posterior
scalar_v6_sampler_qualifications 1606 /1620 f9afda0ec2543df1e855aaf3048fa302b415440ce828b14ec71d8e686cb6b0f0-package-scalar-cjson-v6-chain1 full_joint_short_sampler_output_integrity_checked_not_posterior
scalar_v6_sampler_qualifications 1607 /1620 f9afda0ec2543df1e855aaf3048fa302b415440ce828b14ec71d8e686cb6b0f0-package-scalar-cjson-v6-chain2 full_joint_short_sampler_output_integrity_checked_not_posterior
scalar_v6_sampler_qualifications 1608 /1620 f9afda0ec2543df1e855aaf3048fa302b415440ce828b14ec71d8e686cb6b0f0-package-scalar-cjson-v6-chain4 full_joint_short_sampler_output_integrity_checked_not_posterior
scalar_v6_sampler_qualifications 1609 /1620 fe6763778119c9da3420be2ef2d5292162e41577b71493c0c9a80f874673a98d-centered-scalar-cjson-v6-chain3 full_joint_short_sampler_output_integrity_checked_not_posterior
scalar_v6_sampler_qualifications 1610 /1620 fe6763778119c9da3420be2ef2d5292162e41577b71493c0c9a80f874673a98d-broad-scalar-cjson-v6-chain2 full_joint_short_sampler_output_integrity_checked_not_posterior
scalar_v6_sampler_qualifications 1611 /1620 fe6763778119c9da3420be2ef2d5292162e41577b71493c0c9a80f874673a98d-broad-scalar-cjson-v6-chain3 full_joint_short_sampler_output_integrity_checked_not_posterior
scalar_v6_sampler_qualifications 1612 /1620 fe6763778119c9da3420be2ef2d5292162e41577b71493c0c9a80f874673a98d-broad-scalar-cjson-v6-chain1 full_joint_short_sampler_output_integrity_checked_not_posterior
scalar_v6_sampler_qualifications 1613 /1620 fe6763778119c9da3420be2ef2d5292162e41577b71493c0c9a80f874673a98d-package-scalar-cjson-v6-chain3 full_joint_short_sampler_output_integrity_checked_not_posterior
scalar_v6_sampler_qualifications 1614 /1620 fe6763778119c9da3420be2ef2d5292162e41577b71493c0c9a80f874673a98d-centered-scalar-cjson-v6-chain2 full_joint_short_sampler_output_integrity_checked_not_posterior
scalar_v6_sampler_qualifications 1615 /1620 fe6763778119c9da3420be2ef2d5292162e41577b71493c0c9a80f874673a98d-centered-scalar-cjson-v6-chain1 full_joint_short_sampler_output_integrity_checked_not_posterior
scalar_v6_sampler_qualifications 1616 /1620 fe6763778119c9da3420be2ef2d5292162e41577b71493c0c9a80f874673a98d-package-scalar-cjson-v6-chain1 full_joint_short_sampler_output_integrity_checked_not_posterior
scalar_v6_sampler_qualifications 1617 /1620 fe6763778119c9da3420be2ef2d5292162e41577b71493c0c9a80f874673a98d-centered-scalar-cjson-v6-chain4 full_joint_short_sampler_output_integrity_checked_not_posterior
scalar_v6_sampler_qualifications 1618 /1620 fe6763778119c9da3420be2ef2d5292162e41577b71493c0c9a80f874673a98d-broad-scalar-cjson-v6-chain4 full_joint_short_sampler_output_integrity_checked_not_posterior
scalar_v6_sampler_qualifications 1619 /1620 fe6763778119c9da3420be2ef2d5292162e41577b71493c0c9a80f874673a98d-package-scalar-cjson-v6-chain2 full_joint_short_sampler_output_integrity_checked_not_posterior
scalar_v6_sampler_qualifications 1620 /1620 fe6763778119c9da3420be2ef2d5292162e41577b71493c0c9a80f874673a98d-package-scalar-cjson-v6-chain4 full_joint_short_sampler_output_integrity_checked_not_posterior
{"full_chains": 1620, "full_quartets": 405, "effective_inputs": 135, "original_configuration_aliases": 324, "checked_sampler_attempts": 1617, "unsuccessful_sampler_attempts": 3, "complete_quartets": 402, "unresolved_quartets": 3, "saved_alignments": 4851, "candidate_frames": 19404, "status_counts": {"invalid_joint_sampler_qualification_output_retained": 1, "full_joint_short_sampler_output_integrity_checked_not_posterior": 1617, "explicit_nonfinite_or_literal_null_scalar_output_retained_for_review": 1, "unsuccessful_sampler_qualification_attempt_retained": 1}, "allocation_warning_attempts": 0, "bad_alloc_attempts": 0, "gamma_equal_rate_limit_events": 0, "other_nonfinite_events": 0, "nonpositive_parameter_review_events": 0, "posterior_qualified": false, "joint_saved_frames": 4851, "joint_ancestral_records": 19404, "joint_ancestral_residue_category_pairs": 125048, "joint_tip_residue_category_pairs": 140679, "joint_anchored_candidate_cells": 562716, "joint_unanchored_candidate_residues": 0, "joint_category_data_available_for_checked_roles": true, "scalar_review_roles": 1, "scalar_v6_finite_checked_roles": 1617, "scalar_v6_mapped_values_checked": 1460151}
scalar_v6_sampler_readback 50 /1620
scalar_v6_sampler_readback 100 /1620
scalar_v6_sampler_readback 150 /1620
scalar_v6_sampler_readback 200 /1620
scalar_v6_sampler_readback 250 /1620
scalar_v6_sampler_readback 300 /1620
scalar_v6_sampler_readback 350 /1620
scalar_v6_sampler_readback 400 /1620
scalar_v6_sampler_readback 450 /1620
scalar_v6_sampler_readback 500 /1620
scalar_v6_sampler_readback 550 /1620
scalar_v6_sampler_readback 600 /1620
scalar_v6_sampler_readback 650 /1620
scalar_v6_sampler_readback 700 /1620
scalar_v6_sampler_readback 750 /1620
scalar_v6_sampler_readback 800 /1620
scalar_v6_sampler_readback 850 /1620
scalar_v6_sampler_readback 900 /1620
scalar_v6_sampler_readback 950 /1620
scalar_v6_sampler_readback 1000 /1620
scalar_v6_sampler_readback 1050 /1620
scalar_v6_sampler_readback 1100 /1620
scalar_v6_sampler_readback 1150 /1620
scalar_v6_sampler_readback 1200 /1620
scalar_v6_sampler_readback 1250 /1620
scalar_v6_sampler_readback 1300 /1620
scalar_v6_sampler_readback 1350 /1620
scalar_v6_sampler_readback 1400 /1620
scalar_v6_sampler_readback 1450 /1620
scalar_v6_sampler_readback 1500 /1620
scalar_v6_sampler_readback 1550 /1620
scalar_v6_sampler_readback 1600 /1620
{"full_chains": 1620, "full_quartets": 405, "effective_inputs": 135, "original_configuration_aliases": 324, "checked_sampler_attempts": 1617, "unsuccessful_sampler_attempts": 3, "complete_quartets": 402, "unresolved_quartets": 3, "saved_alignments": 4851, "candidate_frames": 19404, "status_counts": {"invalid_joint_sampler_qualification_output_retained": 1, "full_joint_short_sampler_output_integrity_checked_not_posterior": 1617, "explicit_nonfinite_or_literal_null_scalar_output_retained_for_review": 1, "unsuccessful_sampler_qualification_attempt_retained": 1}, "allocation_warning_attempts": 0, "bad_alloc_attempts": 0, "gamma_equal_rate_limit_events": 0, "other_nonfinite_events": 0, "nonpositive_parameter_review_events": 0, "posterior_qualified": false, "joint_saved_frames": 4851, "joint_ancestral_records": 19404, "joint_ancestral_residue_category_pairs": 125048, "joint_tip_residue_category_pairs": 140679, "joint_anchored_candidate_cells": 562716, "joint_unanchored_candidate_residues": 0, "joint_category_data_available_for_checked_roles": true, "scalar_review_roles": 1, "scalar_v6_finite_checked_roles": 1617, "scalar_v6_mapped_values_checked": 1460151}
scalar_v6_sampler_readback 50 /1620
scalar_v6_sampler_readback 100 /1620
scalar_v6_sampler_readback 150 /1620
scalar_v6_sampler_readback 200 /1620
scalar_v6_sampler_readback 250 /1620
scalar_v6_sampler_readback 300 /1620
scalar_v6_sampler_readback 350 /1620
scalar_v6_sampler_readback 400 /1620
scalar_v6_sampler_readback 450 /1620
scalar_v6_sampler_readback 500 /1620
scalar_v6_sampler_readback 550 /1620
scalar_v6_sampler_readback 600 /1620
scalar_v6_sampler_readback 650 /1620
scalar_v6_sampler_readback 700 /1620
scalar_v6_sampler_readback 750 /1620
scalar_v6_sampler_readback 800 /1620
scalar_v6_sampler_readback 850 /1620
scalar_v6_sampler_readback 900 /1620
scalar_v6_sampler_readback 950 /1620
scalar_v6_sampler_readback 1000 /1620
scalar_v6_sampler_readback 1050 /1620
scalar_v6_sampler_readback 1100 /1620
scalar_v6_sampler_readback 1150 /1620
scalar_v6_sampler_readback 1200 /1620
scalar_v6_sampler_readback 1250 /1620
scalar_v6_sampler_readback 1300 /1620
scalar_v6_sampler_readback 1350 /1620
scalar_v6_sampler_readback 1400 /1620
scalar_v6_sampler_readback 1450 /1620
scalar_v6_sampler_readback 1500 /1620
scalar_v6_sampler_readback 1550 /1620
scalar_v6_sampler_readback 1600 /1620
scalar_v6_sampler_readback 50 /1620
scalar_v6_sampler_readback 100 /1620
scalar_v6_sampler_readback 150 /1620
scalar_v6_sampler_readback 200 /1620
scalar_v6_sampler_readback 250 /1620
scalar_v6_sampler_readback 300 /1620
scalar_v6_sampler_readback 350 /1620
scalar_v6_sampler_readback 400 /1620
scalar_v6_sampler_readback 450 /1620
scalar_v6_sampler_readback 500 /1620
scalar_v6_sampler_readback 550 /1620
scalar_v6_sampler_readback 600 /1620
scalar_v6_sampler_readback 650 /1620
scalar_v6_sampler_readback 700 /1620
scalar_v6_sampler_readback 750 /1620
scalar_v6_sampler_readback 800 /1620
scalar_v6_sampler_readback 850 /1620
scalar_v6_sampler_readback 900 /1620
scalar_v6_sampler_readback 950 /1620
scalar_v6_sampler_readback 1000 /1620
scalar_v6_sampler_readback 1050 /1620
scalar_v6_sampler_readback 1100 /1620
scalar_v6_sampler_readback 1150 /1620
scalar_v6_sampler_readback 1200 /1620
scalar_v6_sampler_readback 1250 /1620
scalar_v6_sampler_readback 1300 /1620
scalar_v6_sampler_readback 1350 /1620
scalar_v6_sampler_readback 1400 /1620
scalar_v6_sampler_readback 1450 /1620
scalar_v6_sampler_readback 1500 /1620
scalar_v6_sampler_readback 1550 /1620
scalar_v6_sampler_readback 1600 /1620
{
  "status": "passed_full_scalar_v6_sampler_controller_software_v1",
  "checked_utc": "2026-10-04T07:14:41.874780+00:00",
  "full_roles": 1620,
  "full_quartets": 405,
  "effective_inputs": 135,
  "original_configuration_aliases": 324,
  "full_job_file_matches_qualified_admission_adapter": true,
  "inherited_design_rejections": 12,
  "retained_actual_native_roles": 3,
  "retained_actual_scalar_rows": 63,
  "retained_actual_mapped_values": 2709,
  "retained_actual_joint_frames": 9,
  "missing_actual_export_readbacks_rejected": 3,
  "retained_synthetic_negative_templates": 3,
  "synthetic_full_controller_serialization_checked": true,
  "synthetic_checked_roles": 1617,
  "synthetic_unresolved_roles": 3,
  "synthetic_complete_quartets": 402,
  "synthetic_unresolved_quartets": 3,
  "synthetic_scalar_review_roles": 1,
  "synthetic_joint_frames": 4851,
  "serialization_cases_rejected": [
    "producer_restart",
    "reader_restart",
    "missing_checkpoint",
    "missing_frame",
    "missing_export_directory",
    "changed_seed",
    "scalar_acceptance_claim",
    "scalar_comparison_count",
    "scientific_claim",
    "foreign_export",
    "changed_ledger"
  ],
  "synthetic_startup_metadata_cases_rejected": [
    "missing_role",
    "duplicate_role",
    "wrong_fresh_seed",
    "wrong_source_seed",
    "wrong_role",
    "wrong_prior",
    "wrong_alias",
    "wrong_schema",
    "native_failure",
    "scientific_claim",
    "posterior_claim"
  ],
  "actual_prerequisite_gate": "actual_unclosed_v6_startup_refused_before_native_admission",
  "abort_admission_cases_checked": [
    "native_runner_exception",
    "incomplete_existing_attempt"
  ],
  "transitive_project_source_modules": 29,
  "new_native_runs": 0,
  "full_grid_sampler_launched": false,
  "native_resource_observer_qualified": false,
  "posterior_qualified": false,
  "scientific_eligibility": false,
  "gpu": false,
  "new_cost_usd": 0,
  "scope": "Complete real1620job construction matches previous qualified V6 admission bytes. Three retained actual native fixtures reread63scalar rows/2709mapped values/9jointframes. Full producer/reader serialization explicitly mocks native execution/admission/gates/caps; actual synthetic array writes/readback and reservation ledger retain invalid/review/failure roles. No invented original journals, future native sampler launch, measured future resource proof, posterior acceptance, original restart or biological inference."
}
