actual_v6_native_startup broad reference_startup_homology_density_and_representation_checked
actual_v6_native_startup centered reference_startup_homology_density_and_representation_checked
actual_v6_native_startup package reference_startup_homology_density_and_representation_checked
scalar_v6_native_startups 1 /1620 00b9b6eba0393f9cb0a750d2c36c6e3668218771fa9e056864fac67cc8d73259-broad-scalar-cjson-v6-chain1 unsuccessful_native_startup_retained
scalar_v6_native_startups 2 /1620 00b9b6eba0393f9cb0a750d2c36c6e3668218771fa9e056864fac67cc8d73259-broad-scalar-cjson-v6-chain2 reference_startup_homology_density_and_representation_checked
scalar_v6_native_startups 3 /1620 00b9b6eba0393f9cb0a750d2c36c6e3668218771fa9e056864fac67cc8d73259-broad-scalar-cjson-v6-chain3 reference_startup_homology_density_and_representation_checked
scalar_v6_native_startups 4 /1620 00b9b6eba0393f9cb0a750d2c36c6e3668218771fa9e056864fac67cc8d73259-broad-scalar-cjson-v6-chain4 reference_startup_homology_density_and_representation_checked
scalar_v6_native_startups 5 /1620 00b9b6eba0393f9cb0a750d2c36c6e3668218771fa9e056864fac67cc8d73259-centered-scalar-cjson-v6-chain1 unsuccessful_native_startup_retained
scalar_v6_native_startups 6 /1620 00b9b6eba0393f9cb0a750d2c36c6e3668218771fa9e056864fac67cc8d73259-centered-scalar-cjson-v6-chain2 reference_startup_homology_density_and_representation_checked
scalar_v6_native_startups 7 /1620 00b9b6eba0393f9cb0a750d2c36c6e3668218771fa9e056864fac67cc8d73259-centered-scalar-cjson-v6-chain3 reference_startup_homology_density_and_representation_checked
scalar_v6_native_startups 8 /1620 00b9b6eba0393f9cb0a750d2c36c6e3668218771fa9e056864fac67cc8d73259-centered-scalar-cjson-v6-chain4 reference_startup_homology_density_and_representation_checked
scalar_v6_native_startups 9 /1620 00b9b6eba0393f9cb0a750d2c36c6e3668218771fa9e056864fac67cc8d73259-package-scalar-cjson-v6-chain2 reference_startup_homology_density_and_representation_checked
scalar_v6_native_startups 10 /1620 00b9b6eba0393f9cb0a750d2c36c6e3668218771fa9e056864fac67cc8d73259-package-scalar-cjson-v6-chain1 reference_startup_homology_density_and_representation_checked
scalar_v6_native_startups 11 /1620 00b9b6eba0393f9cb0a750d2c36c6e3668218771fa9e056864fac67cc8d73259-package-scalar-cjson-v6-chain4 reference_startup_homology_density_and_representation_checked
scalar_v6_native_startups 12 /1620 00b9b6eba0393f9cb0a750d2c36c6e3668218771fa9e056864fac67cc8d73259-package-scalar-cjson-v6-chain3 reference_startup_homology_density_and_representation_checked
scalar_v6_native_startups 13 /1620 00dd3ee668f2513cae7e61de1e8c360e66cf58bb6dd3a66751d8e1cd82dcca3b-broad-scalar-cjson-v6-chain2 reference_startup_homology_density_and_representation_checked
scalar_v6_native_startups 14 /1620 00dd3ee668f2513cae7e61de1e8c360e66cf58bb6dd3a66751d8e1cd82dcca3b-broad-scalar-cjson-v6-chain1 reference_startup_homology_density_and_representation_checked
scalar_v6_native_startups 15 /1620 00dd3ee668f2513cae7e61de1e8c360e66cf58bb6dd3a66751d8e1cd82dcca3b-broad-scalar-cjson-v6-chain4 reference_startup_homology_density_and_representation_checked
scalar_v6_native_startups 16 /1620 00dd3ee668f2513cae7e61de1e8c360e66cf58bb6dd3a66751d8e1cd82dcca3b-broad-scalar-cjson-v6-chain3 reference_startup_homology_density_and_representation_checked
scalar_v6_native_startups 17 /1620 00dd3ee668f2513cae7e61de1e8c360e66cf58bb6dd3a66751d8e1cd82dcca3b-centered-scalar-cjson-v6-chain1 reference_startup_homology_density_and_representation_checked
scalar_v6_native_startups 18 /1620 00dd3ee668f2513cae7e61de1e8c360e66cf58bb6dd3a66751d8e1cd82dcca3b-centered-scalar-cjson-v6-chain2 reference_startup_homology_density_and_representation_checked
scalar_v6_native_startups 19 /1620 00dd3ee668f2513cae7e61de1e8c360e66cf58bb6dd3a66751d8e1cd82dcca3b-centered-scalar-cjson-v6-chain3 reference_startup_homology_density_and_representation_checked
scalar_v6_native_startups 20 /1620 00dd3ee668f2513cae7e61de1e8c360e66cf58bb6dd3a66751d8e1cd82dcca3b-centered-scalar-cjson-v6-chain4 reference_startup_homology_density_and_representation_checked
scalar_v6_native_startups 21 /1620 00dd3ee668f2513cae7e61de1e8c360e66cf58bb6dd3a66751d8e1cd82dcca3b-package-scalar-cjson-v6-chain2 reference_startup_homology_density_and_representation_checked
scalar_v6_native_startups 22 /1620 00dd3ee668f2513cae7e61de1e8c360e66cf58bb6dd3a66751d8e1cd82dcca3b-package-scalar-cjson-v6-chain1 reference_startup_homology_density_and_representation_checked
scalar_v6_native_startups 23 /1620 00dd3ee668f2513cae7e61de1e8c360e66cf58bb6dd3a66751d8e1cd82dcca3b-package-scalar-cjson-v6-chain4 reference_startup_homology_density_and_representation_checked
scalar_v6_native_startups 24 /1620 00dd3ee668f2513cae7e61de1e8c360e66cf58bb6dd3a66751d8e1cd82dcca3b-package-scalar-cjson-v6-chain3 reference_startup_homology_density_and_representation_checked
scalar_v6_native_startups 25 /1620 0164982d073e0b1f16d3d0714e9ce74f91fee5bd77bf4a3dae016e0042eed169-broad-scalar-cjson-v6-chain2 reference_startup_homology_density_and_representation_checked
scalar_v6_native_startups 26 /1620 0164982d073e0b1f16d3d0714e9ce74f91fee5bd77bf4a3dae016e0042eed169-broad-scalar-cjson-v6-chain1 reference_startup_homology_density_and_representation_checked
scalar_v6_native_startups 27 /1620 0164982d073e0b1f16d3d0714e9ce74f91fee5bd77bf4a3dae016e0042eed169-broad-scalar-cjson-v6-chain3 reference_startup_homology_density_and_representation_checked
scalar_v6_native_startups 28 /1620 0164982d073e0b1f16d3d0714e9ce74f91fee5bd77bf4a3dae016e0042eed169-broad-scalar-cjson-v6-chain4 reference_startup_homology_density_and_representation_checked
scalar_v6_native_startups 29 /1620 0164982d073e0b1f16d3d0714e9ce74f91fee5bd77bf4a3dae016e0042eed169-centered-scalar-cjson-v6-chain2 reference_startup_homology_density_and_representation_checked
scalar_v6_native_startups 30 /1620 0164982d073e0b1f16d3d0714e9ce74f91fee5bd77bf4a3dae016e0042eed169-centered-scalar-cjson-v6-chain1 reference_startup_homology_density_and_representation_checked
scalar_v6_native_startups 31 /1620 0164982d073e0b1f16d3d0714e9ce74f91fee5bd77bf4a3dae016e0042eed169-centered-scalar-cjson-v6-chain3 reference_startup_homology_density_and_representation_checked
scalar_v6_native_startups 32 /1620 0164982d073e0b1f16d3d0714e9ce74f91fee5bd77bf4a3dae016e0042eed169-centered-scalar-cjson-v6-chain4 reference_startup_homology_density_and_representation_checked
scalar_v6_native_startups 33 /1620 0164982d073e0b1f16d3d0714e9ce74f91fee5bd77bf4a3dae016e0042eed169-package-scalar-cjson-v6-chain1 reference_startup_homology_density_and_representation_checked
scalar_v6_native_startups 34 /1620 0164982d073e0b1f16d3d0714e9ce74f91fee5bd77bf4a3dae016e0042eed169-package-scalar-cjson-v6-chain2 reference_startup_homology_density_and_representation_checked
scalar_v6_native_startups 35 /1620 0164982d073e0b1f16d3d0714e9ce74f91fee5bd77bf4a3dae016e0042eed169-package-scalar-cjson-v6-chain3 reference_startup_homology_density_and_representation_checked
scalar_v6_native_startups 36 /1620 0164982d073e0b1f16d3d0714e9ce74f91fee5bd77bf4a3dae016e0042eed169-package-scalar-cjson-v6-chain4 reference_startup_homology_density_and_representation_checked
scalar_v6_native_startups 37 /1620 03f1009c425013648352c21428c9f1e6e18ca32c8dec24ef5886cb73f43548f0-broad-scalar-cjson-v6-chain1 reference_startup_homology_density_and_representation_checked
scalar_v6_native_startups 38 /1620 03f1009c425013648352c21428c9f1e6e18ca32c8dec24ef5886cb73f43548f0-broad-scalar-cjson-v6-chain2 reference_startup_homology_density_and_representation_checked
scalar_v6_native_startups 39 /1620 03f1009c425013648352c21428c9f1e6e18ca32c8dec24ef5886cb73f43548f0-broad-scalar-cjson-v6-chain3 reference_startup_homology_density_and_representation_checked
scalar_v6_native_startups 40 /1620 03f1009c425013648352c21428c9f1e6e18ca32c8dec24ef5886cb73f43548f0-broad-scalar-cjson-v6-chain4 reference_startup_homology_density_and_representation_checked
scalar_v6_native_startups 41 /1620 03f1009c425013648352c21428c9f1e6e18ca32c8dec24ef5886cb73f43548f0-centered-scalar-cjson-v6-chain1 reference_startup_homology_density_and_representation_checked
scalar_v6_native_startups 42 /1620 03f1009c425013648352c21428c9f1e6e18ca32c8dec24ef5886cb73f43548f0-centered-scalar-cjson-v6-chain2 reference_startup_homology_density_and_representation_checked
scalar_v6_native_startups 43 /1620 03f1009c425013648352c21428c9f1e6e18ca32c8dec24ef5886cb73f43548f0-centered-scalar-cjson-v6-chain4 reference_startup_homology_density_and_representation_checked
scalar_v6_native_startups 44 /1620 03f1009c425013648352c21428c9f1e6e18ca32c8dec24ef5886cb73f43548f0-centered-scalar-cjson-v6-chain3 reference_startup_homology_density_and_representation_checked
scalar_v6_native_startups 45 /1620 03f1009c425013648352c21428c9f1e6e18ca32c8dec24ef5886cb73f43548f0-package-scalar-cjson-v6-chain1 reference_startup_homology_density_and_representation_checked
scalar_v6_native_startups 46 /1620 03f1009c425013648352c21428c9f1e6e18ca32c8dec24ef5886cb73f43548f0-package-scalar-cjson-v6-chain2 reference_startup_homology_density_and_representation_checked
scalar_v6_native_startups 47 /1620 03f1009c425013648352c21428c9f1e6e18ca32c8dec24ef5886cb73f43548f0-package-scalar-cjson-v6-chain4 reference_startup_homology_density_and_representation_checked
scalar_v6_native_startups 48 /1620 03f1009c425013648352c21428c9f1e6e18ca32c8dec24ef5886cb73f43548f0-package-scalar-cjson-v6-chain3 reference_startup_homology_density_and_representation_checked
scalar_v6_native_startups 49 /1620 04c2aacbb49767976d967570af07cb2ee295698c4842a3871e9fa2b43c1c423e-broad-scalar-cjson-v6-chain1 reference_startup_homology_density_and_representation_checked
scalar_v6_native_startups 50 /1620 04c2aacbb49767976d967570af07cb2ee295698c4842a3871e9fa2b43c1c423e-broad-scalar-cjson-v6-chain2 reference_startup_homology_density_and_representation_checked
scalar_v6_native_startups 51 /1620 04c2aacbb49767976d967570af07cb2ee295698c4842a3871e9fa2b43c1c423e-broad-scalar-cjson-v6-chain3 reference_startup_homology_density_and_representation_checked
scalar_v6_native_startups 52 /1620 04c2aacbb49767976d967570af07cb2ee295698c4842a3871e9fa2b43c1c423e-broad-scalar-cjson-v6-chain4 reference_startup_homology_density_and_representation_checked
scalar_v6_native_startups 53 /1620 04c2aacbb49767976d967570af07cb2ee295698c4842a3871e9fa2b43c1c423e-centered-scalar-cjson-v6-chain1 reference_startup_homology_density_and_representation_checked
scalar_v6_native_startups 54 /1620 04c2aacbb49767976d967570af07cb2ee295698c4842a3871e9fa2b43c1c423e-centered-scalar-cjson-v6-chain2 reference_startup_homology_density_and_representation_checked
scalar_v6_native_startups 55 /1620 04c2aacbb49767976d967570af07cb2ee295698c4842a3871e9fa2b43c1c423e-centered-scalar-cjson-v6-chain3 reference_startup_homology_density_and_representation_checked
scalar_v6_native_startups 56 /1620 04c2aacbb49767976d967570af07cb2ee295698c4842a3871e9fa2b43c1c423e-centered-scalar-cjson-v6-chain4 reference_startup_homology_density_and_representation_checked
scalar_v6_native_startups 57 /1620 04c2aacbb49767976d967570af07cb2ee295698c4842a3871e9fa2b43c1c423e-package-scalar-cjson-v6-chain2 reference_startup_homology_density_and_representation_checked
scalar_v6_native_startups 58 /1620 04c2aacbb49767976d967570af07cb2ee295698c4842a3871e9fa2b43c1c423e-package-scalar-cjson-v6-chain1 reference_startup_homology_density_and_representation_checked
scalar_v6_native_startups 59 /1620 04c2aacbb49767976d967570af07cb2ee295698c4842a3871e9fa2b43c1c423e-package-scalar-cjson-v6-chain4 reference_startup_homology_density_and_representation_checked
scalar_v6_native_startups 60 /1620 04c2aacbb49767976d967570af07cb2ee295698c4842a3871e9fa2b43c1c423e-package-scalar-cjson-v6-chain3 reference_startup_homology_density_and_representation_checked
scalar_v6_native_startups 61 /1620 0607c261c567e2c3264dd321fdb9d4fa43b150a439d157eb39a6086504f4627e-broad-scalar-cjson-v6-chain1 reference_startup_homology_density_and_representation_checked
scalar_v6_native_startups 62 /1620 0607c261c567e2c3264dd321fdb9d4fa43b150a439d157eb39a6086504f4627e-broad-scalar-cjson-v6-chain2 reference_startup_homology_density_and_representation_checked
scalar_v6_native_startups 63 /1620 0607c261c567e2c3264dd321fdb9d4fa43b150a439d157eb39a6086504f4627e-broad-scalar-cjson-v6-chain3 reference_startup_homology_density_and_representation_checked
scalar_v6_native_startups 64 /1620 0607c261c567e2c3264dd321fdb9d4fa43b150a439d157eb39a6086504f4627e-broad-scalar-cjson-v6-chain4 reference_startup_homology_density_and_representation_checked
scalar_v6_native_startups 65 /1620 0607c261c567e2c3264dd321fdb9d4fa43b150a439d157eb39a6086504f4627e-centered-scalar-cjson-v6-chain1 reference_startup_homology_density_and_representation_checked
scalar_v6_native_startups 66 /1620 0607c261c567e2c3264dd321fdb9d4fa43b150a439d157eb39a6086504f4627e-centered-scalar-cjson-v6-chain2 reference_startup_homology_density_and_representation_checked
scalar_v6_native_startups 67 /1620 0607c261c567e2c3264dd321fdb9d4fa43b150a439d157eb39a6086504f4627e-centered-scalar-cjson-v6-chain3 reference_startup_homology_density_and_representation_checked
scalar_v6_native_startups 68 /1620 0607c261c567e2c3264dd321fdb9d4fa43b150a439d157eb39a6086504f4627e-centered-scalar-cjson-v6-chain4 reference_startup_homology_density_and_representation_checked
scalar_v6_native_startups 69 /1620 0607c261c567e2c3264dd321fdb9d4fa43b150a439d157eb39a6086504f4627e-package-scalar-cjson-v6-chain1 reference_startup_homology_density_and_representation_checked
scalar_v6_native_startups 70 /1620 0607c261c567e2c3264dd321fdb9d4fa43b150a439d157eb39a6086504f4627e-package-scalar-cjson-v6-chain2 reference_startup_homology_density_and_representation_checked
scalar_v6_native_startups 71 /1620 0607c261c567e2c3264dd321fdb9d4fa43b150a439d157eb39a6086504f4627e-package-scalar-cjson-v6-chain3 reference_startup_homology_density_and_representation_checked
scalar_v6_native_startups 72 /1620 0607c261c567e2c3264dd321fdb9d4fa43b150a439d157eb39a6086504f4627e-package-scalar-cjson-v6-chain4 reference_startup_homology_density_and_representation_checked
scalar_v6_native_startups 73 /1620 0b0f7bb17b1485abf68184f8a6827fc5537f243750cffbd965fb6a4319ef3658-broad-scalar-cjson-v6-chain1 reference_startup_homology_density_and_representation_checked
scalar_v6_native_startups 74 /1620 0b0f7bb17b1485abf68184f8a6827fc5537f243750cffbd965fb6a4319ef3658-broad-scalar-cjson-v6-chain2 reference_startup_homology_density_and_representation_checked
scalar_v6_native_startups 75 /1620 0b0f7bb17b1485abf68184f8a6827fc5537f243750cffbd965fb6a4319ef3658-broad-scalar-cjson-v6-chain3 reference_startup_homology_density_and_representation_checked
scalar_v6_native_startups 76 /1620 0b0f7bb17b1485abf68184f8a6827fc5537f243750cffbd965fb6a4319ef3658-broad-scalar-cjson-v6-chain4 reference_startup_homology_density_and_representation_checked
scalar_v6_native_startups 77 /1620 0b0f7bb17b1485abf68184f8a6827fc5537f243750cffbd965fb6a4319ef3658-centered-scalar-cjson-v6-chain1 reference_startup_homology_density_and_representation_checked
scalar_v6_native_startups 78 /1620 0b0f7bb17b1485abf68184f8a6827fc5537f243750cffbd965fb6a4319ef3658-centered-scalar-cjson-v6-chain2 reference_startup_homology_density_and_representation_checked
scalar_v6_native_startups 79 /1620 0b0f7bb17b1485abf68184f8a6827fc5537f243750cffbd965fb6a4319ef3658-centered-scalar-cjson-v6-chain3 reference_startup_homology_density_and_representation_checked
scalar_v6_native_startups 80 /1620 0b0f7bb17b1485abf68184f8a6827fc5537f243750cffbd965fb6a4319ef3658-centered-scalar-cjson-v6-chain4 reference_startup_homology_density_and_representation_checked
scalar_v6_native_startups 81 /1620 0b0f7bb17b1485abf68184f8a6827fc5537f243750cffbd965fb6a4319ef3658-package-scalar-cjson-v6-chain1 reference_startup_homology_density_and_representation_checked
scalar_v6_native_startups 82 /1620 0b0f7bb17b1485abf68184f8a6827fc5537f243750cffbd965fb6a4319ef3658-package-scalar-cjson-v6-chain2 reference_startup_homology_density_and_representation_checked
scalar_v6_native_startups 83 /1620 0b0f7bb17b1485abf68184f8a6827fc5537f243750cffbd965fb6a4319ef3658-package-scalar-cjson-v6-chain3 reference_startup_homology_density_and_representation_checked
scalar_v6_native_startups 84 /1620 0b0f7bb17b1485abf68184f8a6827fc5537f243750cffbd965fb6a4319ef3658-package-scalar-cjson-v6-chain4 reference_startup_homology_density_and_representation_checked
scalar_v6_native_startups 85 /1620 0c37c31b6f016a2f9012543375db4664a4afd263e0bb68f1b32191eaa9f366fc-broad-scalar-cjson-v6-chain2 reference_startup_homology_density_and_representation_checked
scalar_v6_native_startups 86 /1620 0c37c31b6f016a2f9012543375db4664a4afd263e0bb68f1b32191eaa9f366fc-broad-scalar-cjson-v6-chain1 reference_startup_homology_density_and_representation_checked
scalar_v6_native_startups 87 /1620 0c37c31b6f016a2f9012543375db4664a4afd263e0bb68f1b32191eaa9f366fc-broad-scalar-cjson-v6-chain4 reference_startup_homology_density_and_representation_checked
scalar_v6_native_startups 88 /1620 0c37c31b6f016a2f9012543375db4664a4afd263e0bb68f1b32191eaa9f366fc-broad-scalar-cjson-v6-chain3 reference_startup_homology_density_and_representation_checked
scalar_v6_native_startups 89 /1620 0c37c31b6f016a2f9012543375db4664a4afd263e0bb68f1b32191eaa9f366fc-centered-scalar-cjson-v6-chain1 reference_startup_homology_density_and_representation_checked
scalar_v6_native_startups 90 /1620 0c37c31b6f016a2f9012543375db4664a4afd263e0bb68f1b32191eaa9f366fc-centered-scalar-cjson-v6-chain2 reference_startup_homology_density_and_representation_checked
scalar_v6_native_startups 91 /1620 0c37c31b6f016a2f9012543375db4664a4afd263e0bb68f1b32191eaa9f366fc-centered-scalar-cjson-v6-chain3 reference_startup_homology_density_and_representation_checked
scalar_v6_native_startups 92 /1620 0c37c31b6f016a2f9012543375db4664a4afd263e0bb68f1b32191eaa9f366fc-centered-scalar-cjson-v6-chain4 reference_startup_homology_density_and_representation_checked
scalar_v6_native_startups 93 /1620 0c37c31b6f016a2f9012543375db4664a4afd263e0bb68f1b32191eaa9f366fc-package-scalar-cjson-v6-chain1 reference_startup_homology_density_and_representation_checked
scalar_v6_native_startups 94 /1620 0c37c31b6f016a2f9012543375db4664a4afd263e0bb68f1b32191eaa9f366fc-package-scalar-cjson-v6-chain2 reference_startup_homology_density_and_representation_checked
scalar_v6_native_startups 95 /1620 0c37c31b6f016a2f9012543375db4664a4afd263e0bb68f1b32191eaa9f366fc-package-scalar-cjson-v6-chain3 reference_startup_homology_density_and_representation_checked
scalar_v6_native_startups 96 /1620 0c37c31b6f016a2f9012543375db4664a4afd263e0bb68f1b32191eaa9f366fc-package-scalar-cjson-v6-chain4 reference_startup_homology_density_and_representation_checked
scalar_v6_native_startups 97 /1620 0cae3dc2d60aab44546ea86757c9027b6f46bad0d34e7485ee665a9cdf2c0b90-broad-scalar-cjson-v6-chain2 reference_startup_homology_density_and_representation_checked
scalar_v6_native_startups 98 /1620 0cae3dc2d60aab44546ea86757c9027b6f46bad0d34e7485ee665a9cdf2c0b90-broad-scalar-cjson-v6-chain1 reference_startup_homology_density_and_representation_checked
scalar_v6_native_startups 99 /1620 0cae3dc2d60aab44546ea86757c9027b6f46bad0d34e7485ee665a9cdf2c0b90-broad-scalar-cjson-v6-chain4 reference_startup_homology_density_and_representation_checked
scalar_v6_native_startups 100 /1620 0cae3dc2d60aab44546ea86757c9027b6f46bad0d34e7485ee665a9cdf2c0b90-broad-scalar-cjson-v6-chain3 reference_startup_homology_density_and_representation_checked
scalar_v6_native_startups 101 /1620 0cae3dc2d60aab44546ea86757c9027b6f46bad0d34e7485ee665a9cdf2c0b90-centered-scalar-cjson-v6-chain1 reference_startup_homology_density_and_representation_checked
scalar_v6_native_startups 102 /1620 0cae3dc2d60aab44546ea86757c9027b6f46bad0d34e7485ee665a9cdf2c0b90-centered-scalar-cjson-v6-chain2 reference_startup_homology_density_and_representation_checked
scalar_v6_native_startups 103 /1620 0cae3dc2d60aab44546ea86757c9027b6f46bad0d34e7485ee665a9cdf2c0b90-centered-scalar-cjson-v6-chain3 reference_startup_homology_density_and_representation_checked
scalar_v6_native_startups 104 /1620 0cae3dc2d60aab44546ea86757c9027b6f46bad0d34e7485ee665a9cdf2c0b90-centered-scalar-cjson-v6-chain4 reference_startup_homology_density_and_representation_checked
scalar_v6_native_startups 105 /1620 0cae3dc2d60aab44546ea86757c9027b6f46bad0d34e7485ee665a9cdf2c0b90-package-scalar-cjson-v6-chain1 reference_startup_homology_density_and_representation_checked
scalar_v6_native_startups 106 /1620 0cae3dc2d60aab44546ea86757c9027b6f46bad0d34e7485ee665a9cdf2c0b90-package-scalar-cjson-v6-chain2 reference_startup_homology_density_and_representation_checked
scalar_v6_native_startups 107 /1620 0cae3dc2d60aab44546ea86757c9027b6f46bad0d34e7485ee665a9cdf2c0b90-package-scalar-cjson-v6-chain3 reference_startup_homology_density_and_representation_checked
scalar_v6_native_startups 108 /1620 0cae3dc2d60aab44546ea86757c9027b6f46bad0d34e7485ee665a9cdf2c0b90-package-scalar-cjson-v6-chain4 reference_startup_homology_density_and_representation_checked
scalar_v6_native_startups 109 /1620 0e1800595a7987350a4d698d720f58af5ae07ac6fe098dcc71ef4c3cbce71a5e-broad-scalar-cjson-v6-chain1 reference_startup_homology_density_and_representation_checked
scalar_v6_native_startups 110 /1620 0e1800595a7987350a4d698d720f58af5ae07ac6fe098dcc71ef4c3cbce71a5e-broad-scalar-cjson-v6-chain2 reference_startup_homology_density_and_representation_checked
scalar_v6_native_startups 111 /1620 0e1800595a7987350a4d698d720f58af5ae07ac6fe098dcc71ef4c3cbce71a5e-broad-scalar-cjson-v6-chain3 reference_startup_homology_density_and_representation_checked
scalar_v6_native_startups 112 /1620 0e1800595a7987350a4d698d720f58af5ae07ac6fe098dcc71ef4c3cbce71a5e-broad-scalar-cjson-v6-chain4 reference_startup_homology_density_and_representation_checked
scalar_v6_native_startups 113 /1620 0e1800595a7987350a4d698d720f58af5ae07ac6fe098dcc71ef4c3cbce71a5e-centered-scalar-cjson-v6-chain1 reference_startup_homology_density_and_representation_checked
scalar_v6_native_startups 114 /1620 0e1800595a7987350a4d698d720f58af5ae07ac6fe098dcc71ef4c3cbce71a5e-centered-scalar-cjson-v6-chain3 reference_startup_homology_density_and_representation_checked
scalar_v6_native_startups 115 /1620 0e1800595a7987350a4d698d720f58af5ae07ac6fe098dcc71ef4c3cbce71a5e-centered-scalar-cjson-v6-chain2 reference_startup_homology_density_and_representation_checked
scalar_v6_native_startups 116 /1620 0e1800595a7987350a4d698d720f58af5ae07ac6fe098dcc71ef4c3cbce71a5e-centered-scalar-cjson-v6-chain4 reference_startup_homology_density_and_representation_checked
scalar_v6_native_startups 117 /1620 0e1800595a7987350a4d698d720f58af5ae07ac6fe098dcc71ef4c3cbce71a5e-package-scalar-cjson-v6-chain1 reference_startup_homology_density_and_representation_checked
scalar_v6_native_startups 118 /1620 0e1800595a7987350a4d698d720f58af5ae07ac6fe098dcc71ef4c3cbce71a5e-package-scalar-cjson-v6-chain3 reference_startup_homology_density_and_representation_checked
scalar_v6_native_startups 119 /1620 0e1800595a7987350a4d698d720f58af5ae07ac6fe098dcc71ef4c3cbce71a5e-package-scalar-cjson-v6-chain2 reference_startup_homology_density_and_representation_checked
scalar_v6_native_startups 120 /1620 0ef770b4b439d83efd7e0aaa89c47699096b9c338c35538f89a59e49bc670a07-broad-scalar-cjson-v6-chain1 reference_startup_homology_density_and_representation_checked
scalar_v6_native_startups 121 /1620 0e1800595a7987350a4d698d720f58af5ae07ac6fe098dcc71ef4c3cbce71a5e-package-scalar-cjson-v6-chain4 reference_startup_homology_density_and_representation_checked
scalar_v6_native_startups 122 /1620 0ef770b4b439d83efd7e0aaa89c47699096b9c338c35538f89a59e49bc670a07-broad-scalar-cjson-v6-chain2 reference_startup_homology_density_and_representation_checked
scalar_v6_native_startups 123 /1620 0ef770b4b439d83efd7e0aaa89c47699096b9c338c35538f89a59e49bc670a07-broad-scalar-cjson-v6-chain3 reference_startup_homology_density_and_representation_checked
scalar_v6_native_startups 124 /1620 0ef770b4b439d83efd7e0aaa89c47699096b9c338c35538f89a59e49bc670a07-centered-scalar-cjson-v6-chain1 reference_startup_homology_density_and_representation_checked
scalar_v6_native_startups 125 /1620 0ef770b4b439d83efd7e0aaa89c47699096b9c338c35538f89a59e49bc670a07-broad-scalar-cjson-v6-chain4 reference_startup_homology_density_and_representation_checked
scalar_v6_native_startups 126 /1620 0ef770b4b439d83efd7e0aaa89c47699096b9c338c35538f89a59e49bc670a07-centered-scalar-cjson-v6-chain3 reference_startup_homology_density_and_representation_checked
scalar_v6_native_startups 127 /1620 0ef770b4b439d83efd7e0aaa89c47699096b9c338c35538f89a59e49bc670a07-centered-scalar-cjson-v6-chain2 reference_startup_homology_density_and_representation_checked
scalar_v6_native_startups 128 /1620 0ef770b4b439d83efd7e0aaa89c47699096b9c338c35538f89a59e49bc670a07-centered-scalar-cjson-v6-chain4 reference_startup_homology_density_and_representation_checked
scalar_v6_native_startups 129 /1620 0ef770b4b439d83efd7e0aaa89c47699096b9c338c35538f89a59e49bc670a07-package-scalar-cjson-v6-chain1 reference_startup_homology_density_and_representation_checked
scalar_v6_native_startups 130 /1620 0ef770b4b439d83efd7e0aaa89c47699096b9c338c35538f89a59e49bc670a07-package-scalar-cjson-v6-chain2 reference_startup_homology_density_and_representation_checked
scalar_v6_native_startups 131 /1620 0ef770b4b439d83efd7e0aaa89c47699096b9c338c35538f89a59e49bc670a07-package-scalar-cjson-v6-chain3 reference_startup_homology_density_and_representation_checked
scalar_v6_native_startups 132 /1620 0ef770b4b439d83efd7e0aaa89c47699096b9c338c35538f89a59e49bc670a07-package-scalar-cjson-v6-chain4 reference_startup_homology_density_and_representation_checked
scalar_v6_native_startups 133 /1620 115eddc6463d187990aab4ca2061b625671608201270888eb213459a41e3d812-broad-scalar-cjson-v6-chain1 reference_startup_homology_density_and_representation_checked
scalar_v6_native_startups 134 /1620 115eddc6463d187990aab4ca2061b625671608201270888eb213459a41e3d812-broad-scalar-cjson-v6-chain2 reference_startup_homology_density_and_representation_checked
scalar_v6_native_startups 135 /1620 115eddc6463d187990aab4ca2061b625671608201270888eb213459a41e3d812-broad-scalar-cjson-v6-chain3 reference_startup_homology_density_and_representation_checked
scalar_v6_native_startups 136 /1620 115eddc6463d187990aab4ca2061b625671608201270888eb213459a41e3d812-broad-scalar-cjson-v6-chain4 reference_startup_homology_density_and_representation_checked
scalar_v6_native_startups 137 /1620 115eddc6463d187990aab4ca2061b625671608201270888eb213459a41e3d812-centered-scalar-cjson-v6-chain1 reference_startup_homology_density_and_representation_checked
scalar_v6_native_startups 138 /1620 115eddc6463d187990aab4ca2061b625671608201270888eb213459a41e3d812-centered-scalar-cjson-v6-chain2 reference_startup_homology_density_and_representation_checked
scalar_v6_native_startups 139 /1620 115eddc6463d187990aab4ca2061b625671608201270888eb213459a41e3d812-centered-scalar-cjson-v6-chain3 reference_startup_homology_density_and_representation_checked
scalar_v6_native_startups 140 /1620 115eddc6463d187990aab4ca2061b625671608201270888eb213459a41e3d812-centered-scalar-cjson-v6-chain4 reference_startup_homology_density_and_representation_checked
scalar_v6_native_startups 141 /1620 115eddc6463d187990aab4ca2061b625671608201270888eb213459a41e3d812-package-scalar-cjson-v6-chain1 reference_startup_homology_density_and_representation_checked
scalar_v6_native_startups 142 /1620 115eddc6463d187990aab4ca2061b625671608201270888eb213459a41e3d812-package-scalar-cjson-v6-chain3 reference_startup_homology_density_and_representation_checked
scalar_v6_native_startups 143 /1620 115eddc6463d187990aab4ca2061b625671608201270888eb213459a41e3d812-package-scalar-cjson-v6-chain2 reference_startup_homology_density_and_representation_checked
scalar_v6_native_startups 144 /1620 1215fce145aa6a564b4858e2bf8d86023d6e5ddc500c5b358ed6016a4777df0c-broad-scalar-cjson-v6-chain1 reference_startup_homology_density_and_representation_checked
scalar_v6_native_startups 145 /1620 115eddc6463d187990aab4ca2061b625671608201270888eb213459a41e3d812-package-scalar-cjson-v6-chain4 reference_startup_homology_density_and_representation_checked
scalar_v6_native_startups 146 /1620 1215fce145aa6a564b4858e2bf8d86023d6e5ddc500c5b358ed6016a4777df0c-broad-scalar-cjson-v6-chain2 reference_startup_homology_density_and_representation_checked
scalar_v6_native_startups 147 /1620 1215fce145aa6a564b4858e2bf8d86023d6e5ddc500c5b358ed6016a4777df0c-broad-scalar-cjson-v6-chain3 reference_startup_homology_density_and_representation_checked
scalar_v6_native_startups 148 /1620 1215fce145aa6a564b4858e2bf8d86023d6e5ddc500c5b358ed6016a4777df0c-broad-scalar-cjson-v6-chain4 reference_startup_homology_density_and_representation_checked
scalar_v6_native_startups 149 /1620 1215fce145aa6a564b4858e2bf8d86023d6e5ddc500c5b358ed6016a4777df0c-centered-scalar-cjson-v6-chain1 reference_startup_homology_density_and_representation_checked
scalar_v6_native_startups 150 /1620 1215fce145aa6a564b4858e2bf8d86023d6e5ddc500c5b358ed6016a4777df0c-centered-scalar-cjson-v6-chain3 reference_startup_homology_density_and_representation_checked
scalar_v6_native_startups 151 /1620 1215fce145aa6a564b4858e2bf8d86023d6e5ddc500c5b358ed6016a4777df0c-centered-scalar-cjson-v6-chain2 reference_startup_homology_density_and_representation_checked
scalar_v6_native_startups 152 /1620 1215fce145aa6a564b4858e2bf8d86023d6e5ddc500c5b358ed6016a4777df0c-package-scalar-cjson-v6-chain1 reference_startup_homology_density_and_representation_checked
scalar_v6_native_startups 153 /1620 1215fce145aa6a564b4858e2bf8d86023d6e5ddc500c5b358ed6016a4777df0c-centered-scalar-cjson-v6-chain4 reference_startup_homology_density_and_representation_checked
scalar_v6_native_startups 154 /1620 1215fce145aa6a564b4858e2bf8d86023d6e5ddc500c5b358ed6016a4777df0c-package-scalar-cjson-v6-chain2 reference_startup_homology_density_and_representation_checked
scalar_v6_native_startups 155 /1620 1215fce145aa6a564b4858e2bf8d86023d6e5ddc500c5b358ed6016a4777df0c-package-scalar-cjson-v6-chain3 reference_startup_homology_density_and_representation_checked
scalar_v6_native_startups 156 /1620 13b1f33d4b0adf72a2ccc3e2f30cba0a88fba51c1afbb0f1ca6703933894f258-broad-scalar-cjson-v6-chain1 reference_startup_homology_density_and_representation_checked
scalar_v6_native_startups 157 /1620 1215fce145aa6a564b4858e2bf8d86023d6e5ddc500c5b358ed6016a4777df0c-package-scalar-cjson-v6-chain4 reference_startup_homology_density_and_representation_checked
scalar_v6_native_startups 158 /1620 13b1f33d4b0adf72a2ccc3e2f30cba0a88fba51c1afbb0f1ca6703933894f258-broad-scalar-cjson-v6-chain2 reference_startup_homology_density_and_representation_checked
scalar_v6_native_startups 159 /1620 13b1f33d4b0adf72a2ccc3e2f30cba0a88fba51c1afbb0f1ca6703933894f258-broad-scalar-cjson-v6-chain3 reference_startup_homology_density_and_representation_checked
scalar_v6_native_startups 160 /1620 13b1f33d4b0adf72a2ccc3e2f30cba0a88fba51c1afbb0f1ca6703933894f258-centered-scalar-cjson-v6-chain1 reference_startup_homology_density_and_representation_checked
scalar_v6_native_startups 161 /1620 13b1f33d4b0adf72a2ccc3e2f30cba0a88fba51c1afbb0f1ca6703933894f258-broad-scalar-cjson-v6-chain4 reference_startup_homology_density_and_representation_checked
scalar_v6_native_startups 162 /1620 13b1f33d4b0adf72a2ccc3e2f30cba0a88fba51c1afbb0f1ca6703933894f258-centered-scalar-cjson-v6-chain2 reference_startup_homology_density_and_representation_checked
scalar_v6_native_startups 163 /1620 13b1f33d4b0adf72a2ccc3e2f30cba0a88fba51c1afbb0f1ca6703933894f258-centered-scalar-cjson-v6-chain3 reference_startup_homology_density_and_representation_checked
scalar_v6_native_startups 164 /1620 13b1f33d4b0adf72a2ccc3e2f30cba0a88fba51c1afbb0f1ca6703933894f258-package-scalar-cjson-v6-chain1 reference_startup_homology_density_and_representation_checked
scalar_v6_native_startups 165 /1620 13b1f33d4b0adf72a2ccc3e2f30cba0a88fba51c1afbb0f1ca6703933894f258-centered-scalar-cjson-v6-chain4 reference_startup_homology_density_and_representation_checked
scalar_v6_native_startups 166 /1620 13b1f33d4b0adf72a2ccc3e2f30cba0a88fba51c1afbb0f1ca6703933894f258-package-scalar-cjson-v6-chain3 reference_startup_homology_density_and_representation_checked
scalar_v6_native_startups 167 /1620 13b1f33d4b0adf72a2ccc3e2f30cba0a88fba51c1afbb0f1ca6703933894f258-package-scalar-cjson-v6-chain2 reference_startup_homology_density_and_representation_checked
scalar_v6_native_startups 168 /1620 13b1f33d4b0adf72a2ccc3e2f30cba0a88fba51c1afbb0f1ca6703933894f258-package-scalar-cjson-v6-chain4 reference_startup_homology_density_and_representation_checked
scalar_v6_native_startups 169 /1620 1460e6152760deed0e5c05d74a85a91539f07cd965f8cb928038e92aa9fab72d-broad-scalar-cjson-v6-chain1 reference_startup_homology_density_and_representation_checked
scalar_v6_native_startups 170 /1620 1460e6152760deed0e5c05d74a85a91539f07cd965f8cb928038e92aa9fab72d-broad-scalar-cjson-v6-chain2 reference_startup_homology_density_and_representation_checked
scalar_v6_native_startups 171 /1620 1460e6152760deed0e5c05d74a85a91539f07cd965f8cb928038e92aa9fab72d-broad-scalar-cjson-v6-chain3 reference_startup_homology_density_and_representation_checked
scalar_v6_native_startups 172 /1620 1460e6152760deed0e5c05d74a85a91539f07cd965f8cb928038e92aa9fab72d-broad-scalar-cjson-v6-chain4 reference_startup_homology_density_and_representation_checked
scalar_v6_native_startups 173 /1620 1460e6152760deed0e5c05d74a85a91539f07cd965f8cb928038e92aa9fab72d-centered-scalar-cjson-v6-chain1 reference_startup_homology_density_and_representation_checked
scalar_v6_native_startups 174 /1620 1460e6152760deed0e5c05d74a85a91539f07cd965f8cb928038e92aa9fab72d-centered-scalar-cjson-v6-chain2 reference_startup_homology_density_and_representation_checked
scalar_v6_native_startups 175 /1620 1460e6152760deed0e5c05d74a85a91539f07cd965f8cb928038e92aa9fab72d-centered-scalar-cjson-v6-chain3 reference_startup_homology_density_and_representation_checked
scalar_v6_native_startups 176 /1620 1460e6152760deed0e5c05d74a85a91539f07cd965f8cb928038e92aa9fab72d-centered-scalar-cjson-v6-chain4 reference_startup_homology_density_and_representation_checked
scalar_v6_native_startups 177 /1620 1460e6152760deed0e5c05d74a85a91539f07cd965f8cb928038e92aa9fab72d-package-scalar-cjson-v6-chain1 reference_startup_homology_density_and_representation_checked
scalar_v6_native_startups 178 /1620 1460e6152760deed0e5c05d74a85a91539f07cd965f8cb928038e92aa9fab72d-package-scalar-cjson-v6-chain2 reference_startup_homology_density_and_representation_checked
scalar_v6_native_startups 179 /1620 1460e6152760deed0e5c05d74a85a91539f07cd965f8cb928038e92aa9fab72d-package-scalar-cjson-v6-chain3 reference_startup_homology_density_and_representation_checked
scalar_v6_native_startups 180 /1620 1460e6152760deed0e5c05d74a85a91539f07cd965f8cb928038e92aa9fab72d-package-scalar-cjson-v6-chain4 reference_startup_homology_density_and_representation_checked
scalar_v6_native_startups 181 /1620 15634238b537095c9ffe3f58e0c889ec565b445029ee61727b0cc2b3a5578bcd-broad-scalar-cjson-v6-chain1 reference_startup_homology_density_and_representation_checked
scalar_v6_native_startups 182 /1620 15634238b537095c9ffe3f58e0c889ec565b445029ee61727b0cc2b3a5578bcd-broad-scalar-cjson-v6-chain2 reference_startup_homology_density_and_representation_checked
scalar_v6_native_startups 183 /1620 15634238b537095c9ffe3f58e0c889ec565b445029ee61727b0cc2b3a5578bcd-broad-scalar-cjson-v6-chain3 reference_startup_homology_density_and_representation_checked
scalar_v6_native_startups 184 /1620 15634238b537095c9ffe3f58e0c889ec565b445029ee61727b0cc2b3a5578bcd-broad-scalar-cjson-v6-chain4 reference_startup_homology_density_and_representation_checked
scalar_v6_native_startups 185 /1620 15634238b537095c9ffe3f58e0c889ec565b445029ee61727b0cc2b3a5578bcd-centered-scalar-cjson-v6-chain1 reference_startup_homology_density_and_representation_checked
scalar_v6_native_startups 186 /1620 15634238b537095c9ffe3f58e0c889ec565b445029ee61727b0cc2b3a5578bcd-centered-scalar-cjson-v6-chain2 reference_startup_homology_density_and_representation_checked
scalar_v6_native_startups 187 /1620 15634238b537095c9ffe3f58e0c889ec565b445029ee61727b0cc2b3a5578bcd-centered-scalar-cjson-v6-chain3 reference_startup_homology_density_and_representation_checked
scalar_v6_native_startups 188 /1620 15634238b537095c9ffe3f58e0c889ec565b445029ee61727b0cc2b3a5578bcd-centered-scalar-cjson-v6-chain4 reference_startup_homology_density_and_representation_checked
scalar_v6_native_startups 189 /1620 15634238b537095c9ffe3f58e0c889ec565b445029ee61727b0cc2b3a5578bcd-package-scalar-cjson-v6-chain1 reference_startup_homology_density_and_representation_checked
scalar_v6_native_startups 190 /1620 15634238b537095c9ffe3f58e0c889ec565b445029ee61727b0cc2b3a5578bcd-package-scalar-cjson-v6-chain2 reference_startup_homology_density_and_representation_checked
scalar_v6_native_startups 191 /1620 15634238b537095c9ffe3f58e0c889ec565b445029ee61727b0cc2b3a5578bcd-package-scalar-cjson-v6-chain3 reference_startup_homology_density_and_representation_checked
scalar_v6_native_startups 192 /1620 15634238b537095c9ffe3f58e0c889ec565b445029ee61727b0cc2b3a5578bcd-package-scalar-cjson-v6-chain4 reference_startup_homology_density_and_representation_checked
scalar_v6_native_startups 193 /1620 15d9f0d825f5c6ccea5fbf85d2c034d35012d28caa95bee6c23b18626fb5e2ac-broad-scalar-cjson-v6-chain1 reference_startup_homology_density_and_representation_checked
scalar_v6_native_startups 194 /1620 15d9f0d825f5c6ccea5fbf85d2c034d35012d28caa95bee6c23b18626fb5e2ac-broad-scalar-cjson-v6-chain2 reference_startup_homology_density_and_representation_checked
scalar_v6_native_startups 195 /1620 15d9f0d825f5c6ccea5fbf85d2c034d35012d28caa95bee6c23b18626fb5e2ac-broad-scalar-cjson-v6-chain3 reference_startup_homology_density_and_representation_checked
scalar_v6_native_startups 196 /1620 15d9f0d825f5c6ccea5fbf85d2c034d35012d28caa95bee6c23b18626fb5e2ac-broad-scalar-cjson-v6-chain4 reference_startup_homology_density_and_representation_checked
scalar_v6_native_startups 197 /1620 15d9f0d825f5c6ccea5fbf85d2c034d35012d28caa95bee6c23b18626fb5e2ac-centered-scalar-cjson-v6-chain1 reference_startup_homology_density_and_representation_checked
scalar_v6_native_startups 198 /1620 15d9f0d825f5c6ccea5fbf85d2c034d35012d28caa95bee6c23b18626fb5e2ac-centered-scalar-cjson-v6-chain2 reference_startup_homology_density_and_representation_checked
scalar_v6_native_startups 199 /1620 15d9f0d825f5c6ccea5fbf85d2c034d35012d28caa95bee6c23b18626fb5e2ac-centered-scalar-cjson-v6-chain3 reference_startup_homology_density_and_representation_checked
scalar_v6_native_startups 200 /1620 15d9f0d825f5c6ccea5fbf85d2c034d35012d28caa95bee6c23b18626fb5e2ac-centered-scalar-cjson-v6-chain4 reference_startup_homology_density_and_representation_checked
scalar_v6_native_startups 201 /1620 15d9f0d825f5c6ccea5fbf85d2c034d35012d28caa95bee6c23b18626fb5e2ac-package-scalar-cjson-v6-chain1 reference_startup_homology_density_and_representation_checked
scalar_v6_native_startups 202 /1620 15d9f0d825f5c6ccea5fbf85d2c034d35012d28caa95bee6c23b18626fb5e2ac-package-scalar-cjson-v6-chain2 reference_startup_homology_density_and_representation_checked
scalar_v6_native_startups 203 /1620 15d9f0d825f5c6ccea5fbf85d2c034d35012d28caa95bee6c23b18626fb5e2ac-package-scalar-cjson-v6-chain3 reference_startup_homology_density_and_representation_checked
scalar_v6_native_startups 204 /1620 15d9f0d825f5c6ccea5fbf85d2c034d35012d28caa95bee6c23b18626fb5e2ac-package-scalar-cjson-v6-chain4 reference_startup_homology_density_and_representation_checked
scalar_v6_native_startups 205 /1620 167553e50c88fa8073648d96bb681a0e20c7d6fab69c7d3463cd649009c87cfd-broad-scalar-cjson-v6-chain1 reference_startup_homology_density_and_representation_checked
scalar_v6_native_startups 206 /1620 167553e50c88fa8073648d96bb681a0e20c7d6fab69c7d3463cd649009c87cfd-broad-scalar-cjson-v6-chain2 reference_startup_homology_density_and_representation_checked
scalar_v6_native_startups 207 /1620 167553e50c88fa8073648d96bb681a0e20c7d6fab69c7d3463cd649009c87cfd-broad-scalar-cjson-v6-chain3 reference_startup_homology_density_and_representation_checked
scalar_v6_native_startups 208 /1620 167553e50c88fa8073648d96bb681a0e20c7d6fab69c7d3463cd649009c87cfd-broad-scalar-cjson-v6-chain4 reference_startup_homology_density_and_representation_checked
scalar_v6_native_startups 209 /1620 167553e50c88fa8073648d96bb681a0e20c7d6fab69c7d3463cd649009c87cfd-centered-scalar-cjson-v6-chain1 reference_startup_homology_density_and_representation_checked
scalar_v6_native_startups 210 /1620 167553e50c88fa8073648d96bb681a0e20c7d6fab69c7d3463cd649009c87cfd-centered-scalar-cjson-v6-chain2 reference_startup_homology_density_and_representation_checked
scalar_v6_native_startups 211 /1620 167553e50c88fa8073648d96bb681a0e20c7d6fab69c7d3463cd649009c87cfd-centered-scalar-cjson-v6-chain3 reference_startup_homology_density_and_representation_checked
scalar_v6_native_startups 212 /1620 167553e50c88fa8073648d96bb681a0e20c7d6fab69c7d3463cd649009c87cfd-centered-scalar-cjson-v6-chain4 reference_startup_homology_density_and_representation_checked
scalar_v6_native_startups 213 /1620 167553e50c88fa8073648d96bb681a0e20c7d6fab69c7d3463cd649009c87cfd-package-scalar-cjson-v6-chain1 reference_startup_homology_density_and_representation_checked
scalar_v6_native_startups 214 /1620 167553e50c88fa8073648d96bb681a0e20c7d6fab69c7d3463cd649009c87cfd-package-scalar-cjson-v6-chain2 reference_startup_homology_density_and_representation_checked
scalar_v6_native_startups 215 /1620 167553e50c88fa8073648d96bb681a0e20c7d6fab69c7d3463cd649009c87cfd-package-scalar-cjson-v6-chain3 reference_startup_homology_density_and_representation_checked
scalar_v6_native_startups 216 /1620 167553e50c88fa8073648d96bb681a0e20c7d6fab69c7d3463cd649009c87cfd-package-scalar-cjson-v6-chain4 reference_startup_homology_density_and_representation_checked
scalar_v6_native_startups 217 /1620 1df91dedc8c4d35c513c62f5d0c6bdf58fcd89cfb4c861a7e1d60ac8b9b97bc5-broad-scalar-cjson-v6-chain1 reference_startup_homology_density_and_representation_checked
scalar_v6_native_startups 218 /1620 1df91dedc8c4d35c513c62f5d0c6bdf58fcd89cfb4c861a7e1d60ac8b9b97bc5-broad-scalar-cjson-v6-chain2 reference_startup_homology_density_and_representation_checked
scalar_v6_native_startups 219 /1620 1df91dedc8c4d35c513c62f5d0c6bdf58fcd89cfb4c861a7e1d60ac8b9b97bc5-broad-scalar-cjson-v6-chain3 reference_startup_homology_density_and_representation_checked
scalar_v6_native_startups 220 /1620 1df91dedc8c4d35c513c62f5d0c6bdf58fcd89cfb4c861a7e1d60ac8b9b97bc5-broad-scalar-cjson-v6-chain4 reference_startup_homology_density_and_representation_checked
scalar_v6_native_startups 221 /1620 1df91dedc8c4d35c513c62f5d0c6bdf58fcd89cfb4c861a7e1d60ac8b9b97bc5-centered-scalar-cjson-v6-chain1 reference_startup_homology_density_and_representation_checked
scalar_v6_native_startups 222 /1620 1df91dedc8c4d35c513c62f5d0c6bdf58fcd89cfb4c861a7e1d60ac8b9b97bc5-centered-scalar-cjson-v6-chain3 reference_startup_homology_density_and_representation_checked
scalar_v6_native_startups 223 /1620 1df91dedc8c4d35c513c62f5d0c6bdf58fcd89cfb4c861a7e1d60ac8b9b97bc5-centered-scalar-cjson-v6-chain2 reference_startup_homology_density_and_representation_checked
scalar_v6_native_startups 224 /1620 1df91dedc8c4d35c513c62f5d0c6bdf58fcd89cfb4c861a7e1d60ac8b9b97bc5-centered-scalar-cjson-v6-chain4 reference_startup_homology_density_and_representation_checked
scalar_v6_native_startups 225 /1620 1df91dedc8c4d35c513c62f5d0c6bdf58fcd89cfb4c861a7e1d60ac8b9b97bc5-package-scalar-cjson-v6-chain1 reference_startup_homology_density_and_representation_checked
scalar_v6_native_startups 226 /1620 1df91dedc8c4d35c513c62f5d0c6bdf58fcd89cfb4c861a7e1d60ac8b9b97bc5-package-scalar-cjson-v6-chain3 reference_startup_homology_density_and_representation_checked
scalar_v6_native_startups 227 /1620 1df91dedc8c4d35c513c62f5d0c6bdf58fcd89cfb4c861a7e1d60ac8b9b97bc5-package-scalar-cjson-v6-chain2 reference_startup_homology_density_and_representation_checked
scalar_v6_native_startups 228 /1620 1df91dedc8c4d35c513c62f5d0c6bdf58fcd89cfb4c861a7e1d60ac8b9b97bc5-package-scalar-cjson-v6-chain4 reference_startup_homology_density_and_representation_checked
scalar_v6_native_startups 229 /1620 1e50904a556578d0d0af5119fb7344406994056afe39934fd10f0306d13cd568-broad-scalar-cjson-v6-chain1 reference_startup_homology_density_and_representation_checked
scalar_v6_native_startups 230 /1620 1e50904a556578d0d0af5119fb7344406994056afe39934fd10f0306d13cd568-broad-scalar-cjson-v6-chain2 reference_startup_homology_density_and_representation_checked
scalar_v6_native_startups 231 /1620 1e50904a556578d0d0af5119fb7344406994056afe39934fd10f0306d13cd568-broad-scalar-cjson-v6-chain3 reference_startup_homology_density_and_representation_checked
scalar_v6_native_startups 232 /1620 1e50904a556578d0d0af5119fb7344406994056afe39934fd10f0306d13cd568-broad-scalar-cjson-v6-chain4 reference_startup_homology_density_and_representation_checked
scalar_v6_native_startups 233 /1620 1e50904a556578d0d0af5119fb7344406994056afe39934fd10f0306d13cd568-centered-scalar-cjson-v6-chain1 reference_startup_homology_density_and_representation_checked
scalar_v6_native_startups 234 /1620 1e50904a556578d0d0af5119fb7344406994056afe39934fd10f0306d13cd568-centered-scalar-cjson-v6-chain2 reference_startup_homology_density_and_representation_checked
scalar_v6_native_startups 235 /1620 1e50904a556578d0d0af5119fb7344406994056afe39934fd10f0306d13cd568-centered-scalar-cjson-v6-chain3 reference_startup_homology_density_and_representation_checked
scalar_v6_native_startups 236 /1620 1e50904a556578d0d0af5119fb7344406994056afe39934fd10f0306d13cd568-centered-scalar-cjson-v6-chain4 reference_startup_homology_density_and_representation_checked
scalar_v6_native_startups 237 /1620 1e50904a556578d0d0af5119fb7344406994056afe39934fd10f0306d13cd568-package-scalar-cjson-v6-chain1 reference_startup_homology_density_and_representation_checked
scalar_v6_native_startups 238 /1620 1e50904a556578d0d0af5119fb7344406994056afe39934fd10f0306d13cd568-package-scalar-cjson-v6-chain2 reference_startup_homology_density_and_representation_checked
scalar_v6_native_startups 239 /1620 1e50904a556578d0d0af5119fb7344406994056afe39934fd10f0306d13cd568-package-scalar-cjson-v6-chain3 reference_startup_homology_density_and_representation_checked
scalar_v6_native_startups 240 /1620 1e50904a556578d0d0af5119fb7344406994056afe39934fd10f0306d13cd568-package-scalar-cjson-v6-chain4 reference_startup_homology_density_and_representation_checked
scalar_v6_native_startups 241 /1620 217d23425bca28d70485f5de107557057b01d758d5f2ca20f5cfa57d7d431172-broad-scalar-cjson-v6-chain1 reference_startup_homology_density_and_representation_checked
scalar_v6_native_startups 242 /1620 217d23425bca28d70485f5de107557057b01d758d5f2ca20f5cfa57d7d431172-broad-scalar-cjson-v6-chain2 reference_startup_homology_density_and_representation_checked
scalar_v6_native_startups 243 /1620 217d23425bca28d70485f5de107557057b01d758d5f2ca20f5cfa57d7d431172-broad-scalar-cjson-v6-chain3 reference_startup_homology_density_and_representation_checked
scalar_v6_native_startups 244 /1620 217d23425bca28d70485f5de107557057b01d758d5f2ca20f5cfa57d7d431172-broad-scalar-cjson-v6-chain4 reference_startup_homology_density_and_representation_checked
scalar_v6_native_startups 245 /1620 217d23425bca28d70485f5de107557057b01d758d5f2ca20f5cfa57d7d431172-centered-scalar-cjson-v6-chain1 reference_startup_homology_density_and_representation_checked
scalar_v6_native_startups 246 /1620 217d23425bca28d70485f5de107557057b01d758d5f2ca20f5cfa57d7d431172-centered-scalar-cjson-v6-chain2 reference_startup_homology_density_and_representation_checked
scalar_v6_native_startups 247 /1620 217d23425bca28d70485f5de107557057b01d758d5f2ca20f5cfa57d7d431172-centered-scalar-cjson-v6-chain3 reference_startup_homology_density_and_representation_checked
scalar_v6_native_startups 248 /1620 217d23425bca28d70485f5de107557057b01d758d5f2ca20f5cfa57d7d431172-centered-scalar-cjson-v6-chain4 reference_startup_homology_density_and_representation_checked
scalar_v6_native_startups 249 /1620 217d23425bca28d70485f5de107557057b01d758d5f2ca20f5cfa57d7d431172-package-scalar-cjson-v6-chain1 reference_startup_homology_density_and_representation_checked
scalar_v6_native_startups 250 /1620 217d23425bca28d70485f5de107557057b01d758d5f2ca20f5cfa57d7d431172-package-scalar-cjson-v6-chain3 reference_startup_homology_density_and_representation_checked
scalar_v6_native_startups 251 /1620 217d23425bca28d70485f5de107557057b01d758d5f2ca20f5cfa57d7d431172-package-scalar-cjson-v6-chain2 reference_startup_homology_density_and_representation_checked
scalar_v6_native_startups 252 /1620 2238bdb3d80f2445d7fcdafe3088446fb1d328752bc5e7ebbb5c889f95252d6c-broad-scalar-cjson-v6-chain1 reference_startup_homology_density_and_representation_checked
scalar_v6_native_startups 253 /1620 217d23425bca28d70485f5de107557057b01d758d5f2ca20f5cfa57d7d431172-package-scalar-cjson-v6-chain4 reference_startup_homology_density_and_representation_checked
scalar_v6_native_startups 254 /1620 2238bdb3d80f2445d7fcdafe3088446fb1d328752bc5e7ebbb5c889f95252d6c-broad-scalar-cjson-v6-chain2 reference_startup_homology_density_and_representation_checked
scalar_v6_native_startups 255 /1620 2238bdb3d80f2445d7fcdafe3088446fb1d328752bc5e7ebbb5c889f95252d6c-broad-scalar-cjson-v6-chain3 reference_startup_homology_density_and_representation_checked
scalar_v6_native_startups 256 /1620 2238bdb3d80f2445d7fcdafe3088446fb1d328752bc5e7ebbb5c889f95252d6c-broad-scalar-cjson-v6-chain4 reference_startup_homology_density_and_representation_checked
scalar_v6_native_startups 257 /1620 2238bdb3d80f2445d7fcdafe3088446fb1d328752bc5e7ebbb5c889f95252d6c-centered-scalar-cjson-v6-chain1 reference_startup_homology_density_and_representation_checked
scalar_v6_native_startups 258 /1620 2238bdb3d80f2445d7fcdafe3088446fb1d328752bc5e7ebbb5c889f95252d6c-centered-scalar-cjson-v6-chain2 reference_startup_homology_density_and_representation_checked
scalar_v6_native_startups 259 /1620 2238bdb3d80f2445d7fcdafe3088446fb1d328752bc5e7ebbb5c889f95252d6c-centered-scalar-cjson-v6-chain3 reference_startup_homology_density_and_representation_checked
scalar_v6_native_startups 260 /1620 2238bdb3d80f2445d7fcdafe3088446fb1d328752bc5e7ebbb5c889f95252d6c-centered-scalar-cjson-v6-chain4 reference_startup_homology_density_and_representation_checked
scalar_v6_native_startups 261 /1620 2238bdb3d80f2445d7fcdafe3088446fb1d328752bc5e7ebbb5c889f95252d6c-package-scalar-cjson-v6-chain1 reference_startup_homology_density_and_representation_checked
scalar_v6_native_startups 262 /1620 2238bdb3d80f2445d7fcdafe3088446fb1d328752bc5e7ebbb5c889f95252d6c-package-scalar-cjson-v6-chain2 reference_startup_homology_density_and_representation_checked
scalar_v6_native_startups 263 /1620 2238bdb3d80f2445d7fcdafe3088446fb1d328752bc5e7ebbb5c889f95252d6c-package-scalar-cjson-v6-chain3 reference_startup_homology_density_and_representation_checked
scalar_v6_native_startups 264 /1620 2238bdb3d80f2445d7fcdafe3088446fb1d328752bc5e7ebbb5c889f95252d6c-package-scalar-cjson-v6-chain4 reference_startup_homology_density_and_representation_checked
scalar_v6_native_startups 265 /1620 2814b59e28fc6c7f26d3af5cab0feb476157c7f8c844b68ff1d7be61cfcba4c9-broad-scalar-cjson-v6-chain1 reference_startup_homology_density_and_representation_checked
scalar_v6_native_startups 266 /1620 2814b59e28fc6c7f26d3af5cab0feb476157c7f8c844b68ff1d7be61cfcba4c9-broad-scalar-cjson-v6-chain2 reference_startup_homology_density_and_representation_checked
scalar_v6_native_startups 267 /1620 2814b59e28fc6c7f26d3af5cab0feb476157c7f8c844b68ff1d7be61cfcba4c9-broad-scalar-cjson-v6-chain3 reference_startup_homology_density_and_representation_checked
scalar_v6_native_startups 268 /1620 2814b59e28fc6c7f26d3af5cab0feb476157c7f8c844b68ff1d7be61cfcba4c9-centered-scalar-cjson-v6-chain1 reference_startup_homology_density_and_representation_checked
scalar_v6_native_startups 269 /1620 2814b59e28fc6c7f26d3af5cab0feb476157c7f8c844b68ff1d7be61cfcba4c9-broad-scalar-cjson-v6-chain4 reference_startup_homology_density_and_representation_checked
scalar_v6_native_startups 270 /1620 2814b59e28fc6c7f26d3af5cab0feb476157c7f8c844b68ff1d7be61cfcba4c9-centered-scalar-cjson-v6-chain2 reference_startup_homology_density_and_representation_checked
scalar_v6_native_startups 271 /1620 2814b59e28fc6c7f26d3af5cab0feb476157c7f8c844b68ff1d7be61cfcba4c9-centered-scalar-cjson-v6-chain3 reference_startup_homology_density_and_representation_checked
scalar_v6_native_startups 272 /1620 2814b59e28fc6c7f26d3af5cab0feb476157c7f8c844b68ff1d7be61cfcba4c9-package-scalar-cjson-v6-chain1 reference_startup_homology_density_and_representation_checked
scalar_v6_native_startups 273 /1620 2814b59e28fc6c7f26d3af5cab0feb476157c7f8c844b68ff1d7be61cfcba4c9-centered-scalar-cjson-v6-chain4 reference_startup_homology_density_and_representation_checked
scalar_v6_native_startups 274 /1620 2814b59e28fc6c7f26d3af5cab0feb476157c7f8c844b68ff1d7be61cfcba4c9-package-scalar-cjson-v6-chain2 reference_startup_homology_density_and_representation_checked
scalar_v6_native_startups 275 /1620 2814b59e28fc6c7f26d3af5cab0feb476157c7f8c844b68ff1d7be61cfcba4c9-package-scalar-cjson-v6-chain3 reference_startup_homology_density_and_representation_checked
scalar_v6_native_startups 276 /1620 2814b59e28fc6c7f26d3af5cab0feb476157c7f8c844b68ff1d7be61cfcba4c9-package-scalar-cjson-v6-chain4 reference_startup_homology_density_and_representation_checked
scalar_v6_native_startups 277 /1620 2b035ff6a5d071b9dcdf45724574f8be160c958d93685501dc93c7c166e2f6c2-broad-scalar-cjson-v6-chain1 reference_startup_homology_density_and_representation_checked
scalar_v6_native_startups 278 /1620 2b035ff6a5d071b9dcdf45724574f8be160c958d93685501dc93c7c166e2f6c2-broad-scalar-cjson-v6-chain2 reference_startup_homology_density_and_representation_checked
scalar_v6_native_startups 279 /1620 2b035ff6a5d071b9dcdf45724574f8be160c958d93685501dc93c7c166e2f6c2-broad-scalar-cjson-v6-chain3 reference_startup_homology_density_and_representation_checked
scalar_v6_native_startups 280 /1620 2b035ff6a5d071b9dcdf45724574f8be160c958d93685501dc93c7c166e2f6c2-broad-scalar-cjson-v6-chain4 reference_startup_homology_density_and_representation_checked
scalar_v6_native_startups 281 /1620 2b035ff6a5d071b9dcdf45724574f8be160c958d93685501dc93c7c166e2f6c2-centered-scalar-cjson-v6-chain1 reference_startup_homology_density_and_representation_checked
scalar_v6_native_startups 282 /1620 2b035ff6a5d071b9dcdf45724574f8be160c958d93685501dc93c7c166e2f6c2-centered-scalar-cjson-v6-chain2 reference_startup_homology_density_and_representation_checked
scalar_v6_native_startups 283 /1620 2b035ff6a5d071b9dcdf45724574f8be160c958d93685501dc93c7c166e2f6c2-centered-scalar-cjson-v6-chain3 reference_startup_homology_density_and_representation_checked
scalar_v6_native_startups 284 /1620 2b035ff6a5d071b9dcdf45724574f8be160c958d93685501dc93c7c166e2f6c2-centered-scalar-cjson-v6-chain4 reference_startup_homology_density_and_representation_checked
scalar_v6_native_startups 285 /1620 2b035ff6a5d071b9dcdf45724574f8be160c958d93685501dc93c7c166e2f6c2-package-scalar-cjson-v6-chain1 reference_startup_homology_density_and_representation_checked
scalar_v6_native_startups 286 /1620 2b035ff6a5d071b9dcdf45724574f8be160c958d93685501dc93c7c166e2f6c2-package-scalar-cjson-v6-chain2 reference_startup_homology_density_and_representation_checked
scalar_v6_native_startups 287 /1620 2b035ff6a5d071b9dcdf45724574f8be160c958d93685501dc93c7c166e2f6c2-package-scalar-cjson-v6-chain3 reference_startup_homology_density_and_representation_checked
scalar_v6_native_startups 288 /1620 2b035ff6a5d071b9dcdf45724574f8be160c958d93685501dc93c7c166e2f6c2-package-scalar-cjson-v6-chain4 reference_startup_homology_density_and_representation_checked
scalar_v6_native_startups 289 /1620 2c1005bd7e13d6ce2cb4b0429ac1ae47856c3153b120052d98b537113689ded9-broad-scalar-cjson-v6-chain1 reference_startup_homology_density_and_representation_checked
scalar_v6_native_startups 290 /1620 2c1005bd7e13d6ce2cb4b0429ac1ae47856c3153b120052d98b537113689ded9-broad-scalar-cjson-v6-chain3 reference_startup_homology_density_and_representation_checked
scalar_v6_native_startups 291 /1620 2c1005bd7e13d6ce2cb4b0429ac1ae47856c3153b120052d98b537113689ded9-broad-scalar-cjson-v6-chain2 reference_startup_homology_density_and_representation_checked
scalar_v6_native_startups 292 /1620 2c1005bd7e13d6ce2cb4b0429ac1ae47856c3153b120052d98b537113689ded9-centered-scalar-cjson-v6-chain1 reference_startup_homology_density_and_representation_checked
scalar_v6_native_startups 293 /1620 2c1005bd7e13d6ce2cb4b0429ac1ae47856c3153b120052d98b537113689ded9-broad-scalar-cjson-v6-chain4 reference_startup_homology_density_and_representation_checked
scalar_v6_native_startups 294 /1620 2c1005bd7e13d6ce2cb4b0429ac1ae47856c3153b120052d98b537113689ded9-centered-scalar-cjson-v6-chain2 reference_startup_homology_density_and_representation_checked
scalar_v6_native_startups 295 /1620 2c1005bd7e13d6ce2cb4b0429ac1ae47856c3153b120052d98b537113689ded9-centered-scalar-cjson-v6-chain3 reference_startup_homology_density_and_representation_checked
scalar_v6_native_startups 296 /1620 2c1005bd7e13d6ce2cb4b0429ac1ae47856c3153b120052d98b537113689ded9-package-scalar-cjson-v6-chain1 reference_startup_homology_density_and_representation_checked
scalar_v6_native_startups 297 /1620 2c1005bd7e13d6ce2cb4b0429ac1ae47856c3153b120052d98b537113689ded9-centered-scalar-cjson-v6-chain4 reference_startup_homology_density_and_representation_checked
scalar_v6_native_startups 298 /1620 2c1005bd7e13d6ce2cb4b0429ac1ae47856c3153b120052d98b537113689ded9-package-scalar-cjson-v6-chain2 reference_startup_homology_density_and_representation_checked
scalar_v6_native_startups 299 /1620 2c1005bd7e13d6ce2cb4b0429ac1ae47856c3153b120052d98b537113689ded9-package-scalar-cjson-v6-chain3 reference_startup_homology_density_and_representation_checked
scalar_v6_native_startups 300 /1620 2c1005bd7e13d6ce2cb4b0429ac1ae47856c3153b120052d98b537113689ded9-package-scalar-cjson-v6-chain4 reference_startup_homology_density_and_representation_checked
scalar_v6_native_startups 301 /1620 2f6e0e69b81d2db2af058e6c425372acf69dbc52038b872ee6170b99bb640e85-broad-scalar-cjson-v6-chain1 reference_startup_homology_density_and_representation_checked
scalar_v6_native_startups 302 /1620 2f6e0e69b81d2db2af058e6c425372acf69dbc52038b872ee6170b99bb640e85-broad-scalar-cjson-v6-chain2 reference_startup_homology_density_and_representation_checked
scalar_v6_native_startups 303 /1620 2f6e0e69b81d2db2af058e6c425372acf69dbc52038b872ee6170b99bb640e85-broad-scalar-cjson-v6-chain3 reference_startup_homology_density_and_representation_checked
scalar_v6_native_startups 304 /1620 2f6e0e69b81d2db2af058e6c425372acf69dbc52038b872ee6170b99bb640e85-centered-scalar-cjson-v6-chain1 reference_startup_homology_density_and_representation_checked
scalar_v6_native_startups 305 /1620 2f6e0e69b81d2db2af058e6c425372acf69dbc52038b872ee6170b99bb640e85-broad-scalar-cjson-v6-chain4 reference_startup_homology_density_and_representation_checked
scalar_v6_native_startups 306 /1620 2f6e0e69b81d2db2af058e6c425372acf69dbc52038b872ee6170b99bb640e85-centered-scalar-cjson-v6-chain2 reference_startup_homology_density_and_representation_checked
scalar_v6_native_startups 307 /1620 2f6e0e69b81d2db2af058e6c425372acf69dbc52038b872ee6170b99bb640e85-centered-scalar-cjson-v6-chain3 reference_startup_homology_density_and_representation_checked
scalar_v6_native_startups 308 /1620 2f6e0e69b81d2db2af058e6c425372acf69dbc52038b872ee6170b99bb640e85-centered-scalar-cjson-v6-chain4 reference_startup_homology_density_and_representation_checked
scalar_v6_native_startups 309 /1620 2f6e0e69b81d2db2af058e6c425372acf69dbc52038b872ee6170b99bb640e85-package-scalar-cjson-v6-chain1 reference_startup_homology_density_and_representation_checked
scalar_v6_native_startups 310 /1620 2f6e0e69b81d2db2af058e6c425372acf69dbc52038b872ee6170b99bb640e85-package-scalar-cjson-v6-chain2 reference_startup_homology_density_and_representation_checked
scalar_v6_native_startups 311 /1620 2f6e0e69b81d2db2af058e6c425372acf69dbc52038b872ee6170b99bb640e85-package-scalar-cjson-v6-chain3 reference_startup_homology_density_and_representation_checked
scalar_v6_native_startups 312 /1620 2f6e0e69b81d2db2af058e6c425372acf69dbc52038b872ee6170b99bb640e85-package-scalar-cjson-v6-chain4 reference_startup_homology_density_and_representation_checked
scalar_v6_native_startups 313 /1620 30e9feb390463bebf7d2b799f5dc4d267e9684b2c6ffb849785305427e5e4a0b-broad-scalar-cjson-v6-chain1 reference_startup_homology_density_and_representation_checked
scalar_v6_native_startups 314 /1620 30e9feb390463bebf7d2b799f5dc4d267e9684b2c6ffb849785305427e5e4a0b-broad-scalar-cjson-v6-chain2 reference_startup_homology_density_and_representation_checked
scalar_v6_native_startups 315 /1620 30e9feb390463bebf7d2b799f5dc4d267e9684b2c6ffb849785305427e5e4a0b-broad-scalar-cjson-v6-chain3 reference_startup_homology_density_and_representation_checked
scalar_v6_native_startups 316 /1620 30e9feb390463bebf7d2b799f5dc4d267e9684b2c6ffb849785305427e5e4a0b-broad-scalar-cjson-v6-chain4 reference_startup_homology_density_and_representation_checked
scalar_v6_native_startups 317 /1620 30e9feb390463bebf7d2b799f5dc4d267e9684b2c6ffb849785305427e5e4a0b-centered-scalar-cjson-v6-chain1 reference_startup_homology_density_and_representation_checked
scalar_v6_native_startups 318 /1620 30e9feb390463bebf7d2b799f5dc4d267e9684b2c6ffb849785305427e5e4a0b-centered-scalar-cjson-v6-chain3 reference_startup_homology_density_and_representation_checked
scalar_v6_native_startups 319 /1620 30e9feb390463bebf7d2b799f5dc4d267e9684b2c6ffb849785305427e5e4a0b-centered-scalar-cjson-v6-chain2 reference_startup_homology_density_and_representation_checked
scalar_v6_native_startups 320 /1620 30e9feb390463bebf7d2b799f5dc4d267e9684b2c6ffb849785305427e5e4a0b-centered-scalar-cjson-v6-chain4 reference_startup_homology_density_and_representation_checked
scalar_v6_native_startups 321 /1620 30e9feb390463bebf7d2b799f5dc4d267e9684b2c6ffb849785305427e5e4a0b-package-scalar-cjson-v6-chain1 reference_startup_homology_density_and_representation_checked
scalar_v6_native_startups 322 /1620 30e9feb390463bebf7d2b799f5dc4d267e9684b2c6ffb849785305427e5e4a0b-package-scalar-cjson-v6-chain2 reference_startup_homology_density_and_representation_checked
scalar_v6_native_startups 323 /1620 30e9feb390463bebf7d2b799f5dc4d267e9684b2c6ffb849785305427e5e4a0b-package-scalar-cjson-v6-chain3 reference_startup_homology_density_and_representation_checked
scalar_v6_native_startups 324 /1620 30e9feb390463bebf7d2b799f5dc4d267e9684b2c6ffb849785305427e5e4a0b-package-scalar-cjson-v6-chain4 reference_startup_homology_density_and_representation_checked
scalar_v6_native_startups 325 /1620 31a229377f5371b1d962d0db682d7f4db982d896f4618360850c47f55b35c64b-broad-scalar-cjson-v6-chain1 reference_startup_homology_density_and_representation_checked
scalar_v6_native_startups 326 /1620 31a229377f5371b1d962d0db682d7f4db982d896f4618360850c47f55b35c64b-broad-scalar-cjson-v6-chain2 reference_startup_homology_density_and_representation_checked
scalar_v6_native_startups 327 /1620 31a229377f5371b1d962d0db682d7f4db982d896f4618360850c47f55b35c64b-broad-scalar-cjson-v6-chain3 reference_startup_homology_density_and_representation_checked
scalar_v6_native_startups 328 /1620 31a229377f5371b1d962d0db682d7f4db982d896f4618360850c47f55b35c64b-centered-scalar-cjson-v6-chain1 reference_startup_homology_density_and_representation_checked
scalar_v6_native_startups 329 /1620 31a229377f5371b1d962d0db682d7f4db982d896f4618360850c47f55b35c64b-broad-scalar-cjson-v6-chain4 reference_startup_homology_density_and_representation_checked
scalar_v6_native_startups 330 /1620 31a229377f5371b1d962d0db682d7f4db982d896f4618360850c47f55b35c64b-centered-scalar-cjson-v6-chain2 reference_startup_homology_density_and_representation_checked
scalar_v6_native_startups 331 /1620 31a229377f5371b1d962d0db682d7f4db982d896f4618360850c47f55b35c64b-centered-scalar-cjson-v6-chain3 reference_startup_homology_density_and_representation_checked
scalar_v6_native_startups 332 /1620 31a229377f5371b1d962d0db682d7f4db982d896f4618360850c47f55b35c64b-package-scalar-cjson-v6-chain1 reference_startup_homology_density_and_representation_checked
scalar_v6_native_startups 333 /1620 31a229377f5371b1d962d0db682d7f4db982d896f4618360850c47f55b35c64b-centered-scalar-cjson-v6-chain4 reference_startup_homology_density_and_representation_checked
scalar_v6_native_startups 334 /1620 31a229377f5371b1d962d0db682d7f4db982d896f4618360850c47f55b35c64b-package-scalar-cjson-v6-chain3 reference_startup_homology_density_and_representation_checked
scalar_v6_native_startups 335 /1620 31a229377f5371b1d962d0db682d7f4db982d896f4618360850c47f55b35c64b-package-scalar-cjson-v6-chain2 reference_startup_homology_density_and_representation_checked
scalar_v6_native_startups 336 /1620 31a229377f5371b1d962d0db682d7f4db982d896f4618360850c47f55b35c64b-package-scalar-cjson-v6-chain4 reference_startup_homology_density_and_representation_checked
scalar_v6_native_startups 337 /1620 390c70a50ec3c01d565f1225c76b74d51ed3ce66266a173cedc72a32b1ea62f9-broad-scalar-cjson-v6-chain1 reference_startup_homology_density_and_representation_checked
scalar_v6_native_startups 338 /1620 390c70a50ec3c01d565f1225c76b74d51ed3ce66266a173cedc72a32b1ea62f9-broad-scalar-cjson-v6-chain3 reference_startup_homology_density_and_representation_checked
scalar_v6_native_startups 339 /1620 390c70a50ec3c01d565f1225c76b74d51ed3ce66266a173cedc72a32b1ea62f9-broad-scalar-cjson-v6-chain2 reference_startup_homology_density_and_representation_checked
scalar_v6_native_startups 340 /1620 390c70a50ec3c01d565f1225c76b74d51ed3ce66266a173cedc72a32b1ea62f9-centered-scalar-cjson-v6-chain1 reference_startup_homology_density_and_representation_checked
scalar_v6_native_startups 341 /1620 390c70a50ec3c01d565f1225c76b74d51ed3ce66266a173cedc72a32b1ea62f9-broad-scalar-cjson-v6-chain4 reference_startup_homology_density_and_representation_checked
scalar_v6_native_startups 342 /1620 390c70a50ec3c01d565f1225c76b74d51ed3ce66266a173cedc72a32b1ea62f9-centered-scalar-cjson-v6-chain2 reference_startup_homology_density_and_representation_checked
scalar_v6_native_startups 343 /1620 390c70a50ec3c01d565f1225c76b74d51ed3ce66266a173cedc72a32b1ea62f9-centered-scalar-cjson-v6-chain3 reference_startup_homology_density_and_representation_checked
scalar_v6_native_startups 344 /1620 390c70a50ec3c01d565f1225c76b74d51ed3ce66266a173cedc72a32b1ea62f9-centered-scalar-cjson-v6-chain4 reference_startup_homology_density_and_representation_checked
scalar_v6_native_startups 345 /1620 390c70a50ec3c01d565f1225c76b74d51ed3ce66266a173cedc72a32b1ea62f9-package-scalar-cjson-v6-chain1 reference_startup_homology_density_and_representation_checked
scalar_v6_native_startups 346 /1620 390c70a50ec3c01d565f1225c76b74d51ed3ce66266a173cedc72a32b1ea62f9-package-scalar-cjson-v6-chain2 reference_startup_homology_density_and_representation_checked
scalar_v6_native_startups 347 /1620 390c70a50ec3c01d565f1225c76b74d51ed3ce66266a173cedc72a32b1ea62f9-package-scalar-cjson-v6-chain3 reference_startup_homology_density_and_representation_checked
scalar_v6_native_startups 348 /1620 390c70a50ec3c01d565f1225c76b74d51ed3ce66266a173cedc72a32b1ea62f9-package-scalar-cjson-v6-chain4 reference_startup_homology_density_and_representation_checked
scalar_v6_native_startups 349 /1620 3ab7dbb5d0f576417e9734ff08c2dd6c6d2bbd655059c1339dc94b5d69459d45-broad-scalar-cjson-v6-chain1 reference_startup_homology_density_and_representation_checked
scalar_v6_native_startups 350 /1620 3ab7dbb5d0f576417e9734ff08c2dd6c6d2bbd655059c1339dc94b5d69459d45-broad-scalar-cjson-v6-chain2 reference_startup_homology_density_and_representation_checked
scalar_v6_native_startups 351 /1620 3ab7dbb5d0f576417e9734ff08c2dd6c6d2bbd655059c1339dc94b5d69459d45-broad-scalar-cjson-v6-chain3 reference_startup_homology_density_and_representation_checked
scalar_v6_native_startups 352 /1620 3ab7dbb5d0f576417e9734ff08c2dd6c6d2bbd655059c1339dc94b5d69459d45-centered-scalar-cjson-v6-chain1 reference_startup_homology_density_and_representation_checked
scalar_v6_native_startups 353 /1620 3ab7dbb5d0f576417e9734ff08c2dd6c6d2bbd655059c1339dc94b5d69459d45-broad-scalar-cjson-v6-chain4 reference_startup_homology_density_and_representation_checked
scalar_v6_native_startups 354 /1620 3ab7dbb5d0f576417e9734ff08c2dd6c6d2bbd655059c1339dc94b5d69459d45-centered-scalar-cjson-v6-chain3 reference_startup_homology_density_and_representation_checked
scalar_v6_native_startups 355 /1620 3ab7dbb5d0f576417e9734ff08c2dd6c6d2bbd655059c1339dc94b5d69459d45-centered-scalar-cjson-v6-chain2 reference_startup_homology_density_and_representation_checked
scalar_v6_native_startups 356 /1620 3ab7dbb5d0f576417e9734ff08c2dd6c6d2bbd655059c1339dc94b5d69459d45-centered-scalar-cjson-v6-chain4 reference_startup_homology_density_and_representation_checked
scalar_v6_native_startups 357 /1620 3ab7dbb5d0f576417e9734ff08c2dd6c6d2bbd655059c1339dc94b5d69459d45-package-scalar-cjson-v6-chain1 reference_startup_homology_density_and_representation_checked
scalar_v6_native_startups 358 /1620 3ab7dbb5d0f576417e9734ff08c2dd6c6d2bbd655059c1339dc94b5d69459d45-package-scalar-cjson-v6-chain2 reference_startup_homology_density_and_representation_checked
scalar_v6_native_startups 359 /1620 3ab7dbb5d0f576417e9734ff08c2dd6c6d2bbd655059c1339dc94b5d69459d45-package-scalar-cjson-v6-chain3 reference_startup_homology_density_and_representation_checked
scalar_v6_native_startups 360 /1620 3ab7dbb5d0f576417e9734ff08c2dd6c6d2bbd655059c1339dc94b5d69459d45-package-scalar-cjson-v6-chain4 reference_startup_homology_density_and_representation_checked
scalar_v6_native_startups 361 /1620 3f62e01a8660a779c90eae5e1d9bbc7bcbd31b1ec053dac1acd77126f3790fcc-broad-scalar-cjson-v6-chain1 reference_startup_homology_density_and_representation_checked
scalar_v6_native_startups 362 /1620 3f62e01a8660a779c90eae5e1d9bbc7bcbd31b1ec053dac1acd77126f3790fcc-broad-scalar-cjson-v6-chain2 reference_startup_homology_density_and_representation_checked
scalar_v6_native_startups 363 /1620 3f62e01a8660a779c90eae5e1d9bbc7bcbd31b1ec053dac1acd77126f3790fcc-broad-scalar-cjson-v6-chain3 reference_startup_homology_density_and_representation_checked
scalar_v6_native_startups 364 /1620 3f62e01a8660a779c90eae5e1d9bbc7bcbd31b1ec053dac1acd77126f3790fcc-broad-scalar-cjson-v6-chain4 reference_startup_homology_density_and_representation_checked
scalar_v6_native_startups 365 /1620 3f62e01a8660a779c90eae5e1d9bbc7bcbd31b1ec053dac1acd77126f3790fcc-centered-scalar-cjson-v6-chain1 reference_startup_homology_density_and_representation_checked
scalar_v6_native_startups 366 /1620 3f62e01a8660a779c90eae5e1d9bbc7bcbd31b1ec053dac1acd77126f3790fcc-centered-scalar-cjson-v6-chain2 reference_startup_homology_density_and_representation_checked
scalar_v6_native_startups 367 /1620 3f62e01a8660a779c90eae5e1d9bbc7bcbd31b1ec053dac1acd77126f3790fcc-centered-scalar-cjson-v6-chain3 reference_startup_homology_density_and_representation_checked
scalar_v6_native_startups 368 /1620 3f62e01a8660a779c90eae5e1d9bbc7bcbd31b1ec053dac1acd77126f3790fcc-centered-scalar-cjson-v6-chain4 reference_startup_homology_density_and_representation_checked
scalar_v6_native_startups 369 /1620 3f62e01a8660a779c90eae5e1d9bbc7bcbd31b1ec053dac1acd77126f3790fcc-package-scalar-cjson-v6-chain1 reference_startup_homology_density_and_representation_checked
scalar_v6_native_startups 370 /1620 3f62e01a8660a779c90eae5e1d9bbc7bcbd31b1ec053dac1acd77126f3790fcc-package-scalar-cjson-v6-chain2 reference_startup_homology_density_and_representation_checked
scalar_v6_native_startups 371 /1620 3f62e01a8660a779c90eae5e1d9bbc7bcbd31b1ec053dac1acd77126f3790fcc-package-scalar-cjson-v6-chain3 reference_startup_homology_density_and_representation_checked
scalar_v6_native_startups 372 /1620 3f62e01a8660a779c90eae5e1d9bbc7bcbd31b1ec053dac1acd77126f3790fcc-package-scalar-cjson-v6-chain4 reference_startup_homology_density_and_representation_checked
scalar_v6_native_startups 373 /1620 4128a59a0b902b6e1a580c55305b80c9d69592a83be096b22ab24a18fc098680-broad-scalar-cjson-v6-chain1 reference_startup_homology_density_and_representation_checked
scalar_v6_native_startups 374 /1620 4128a59a0b902b6e1a580c55305b80c9d69592a83be096b22ab24a18fc098680-broad-scalar-cjson-v6-chain3 reference_startup_homology_density_and_representation_checked
scalar_v6_native_startups 375 /1620 4128a59a0b902b6e1a580c55305b80c9d69592a83be096b22ab24a18fc098680-broad-scalar-cjson-v6-chain2 reference_startup_homology_density_and_representation_checked
scalar_v6_native_startups 376 /1620 4128a59a0b902b6e1a580c55305b80c9d69592a83be096b22ab24a18fc098680-broad-scalar-cjson-v6-chain4 reference_startup_homology_density_and_representation_checked
scalar_v6_native_startups 377 /1620 4128a59a0b902b6e1a580c55305b80c9d69592a83be096b22ab24a18fc098680-centered-scalar-cjson-v6-chain1 reference_startup_homology_density_and_representation_checked
scalar_v6_native_startups 378 /1620 4128a59a0b902b6e1a580c55305b80c9d69592a83be096b22ab24a18fc098680-centered-scalar-cjson-v6-chain3 reference_startup_homology_density_and_representation_checked
scalar_v6_native_startups 379 /1620 4128a59a0b902b6e1a580c55305b80c9d69592a83be096b22ab24a18fc098680-centered-scalar-cjson-v6-chain2 reference_startup_homology_density_and_representation_checked
scalar_v6_native_startups 380 /1620 4128a59a0b902b6e1a580c55305b80c9d69592a83be096b22ab24a18fc098680-centered-scalar-cjson-v6-chain4 reference_startup_homology_density_and_representation_checked
scalar_v6_native_startups 381 /1620 4128a59a0b902b6e1a580c55305b80c9d69592a83be096b22ab24a18fc098680-package-scalar-cjson-v6-chain1 reference_startup_homology_density_and_representation_checked
scalar_v6_native_startups 382 /1620 4128a59a0b902b6e1a580c55305b80c9d69592a83be096b22ab24a18fc098680-package-scalar-cjson-v6-chain2 reference_startup_homology_density_and_representation_checked
scalar_v6_native_startups 383 /1620 4128a59a0b902b6e1a580c55305b80c9d69592a83be096b22ab24a18fc098680-package-scalar-cjson-v6-chain3 reference_startup_homology_density_and_representation_checked
scalar_v6_native_startups 384 /1620 4128a59a0b902b6e1a580c55305b80c9d69592a83be096b22ab24a18fc098680-package-scalar-cjson-v6-chain4 reference_startup_homology_density_and_representation_checked
scalar_v6_native_startups 385 /1620 41ddef2f3dd8342f1a3d3b8c2009a6c535e46733a73cc4755936f2c674a493bc-broad-scalar-cjson-v6-chain1 reference_startup_homology_density_and_representation_checked
scalar_v6_native_startups 386 /1620 41ddef2f3dd8342f1a3d3b8c2009a6c535e46733a73cc4755936f2c674a493bc-broad-scalar-cjson-v6-chain2 reference_startup_homology_density_and_representation_checked
scalar_v6_native_startups 387 /1620 41ddef2f3dd8342f1a3d3b8c2009a6c535e46733a73cc4755936f2c674a493bc-broad-scalar-cjson-v6-chain3 reference_startup_homology_density_and_representation_checked
scalar_v6_native_startups 388 /1620 41ddef2f3dd8342f1a3d3b8c2009a6c535e46733a73cc4755936f2c674a493bc-broad-scalar-cjson-v6-chain4 reference_startup_homology_density_and_representation_checked
scalar_v6_native_startups 389 /1620 41ddef2f3dd8342f1a3d3b8c2009a6c535e46733a73cc4755936f2c674a493bc-centered-scalar-cjson-v6-chain1 reference_startup_homology_density_and_representation_checked
scalar_v6_native_startups 390 /1620 41ddef2f3dd8342f1a3d3b8c2009a6c535e46733a73cc4755936f2c674a493bc-centered-scalar-cjson-v6-chain2 reference_startup_homology_density_and_representation_checked
scalar_v6_native_startups 391 /1620 41ddef2f3dd8342f1a3d3b8c2009a6c535e46733a73cc4755936f2c674a493bc-centered-scalar-cjson-v6-chain3 reference_startup_homology_density_and_representation_checked
scalar_v6_native_startups 392 /1620 41ddef2f3dd8342f1a3d3b8c2009a6c535e46733a73cc4755936f2c674a493bc-centered-scalar-cjson-v6-chain4 reference_startup_homology_density_and_representation_checked
scalar_v6_native_startups 393 /1620 41ddef2f3dd8342f1a3d3b8c2009a6c535e46733a73cc4755936f2c674a493bc-package-scalar-cjson-v6-chain1 reference_startup_homology_density_and_representation_checked
scalar_v6_native_startups 394 /1620 41ddef2f3dd8342f1a3d3b8c2009a6c535e46733a73cc4755936f2c674a493bc-package-scalar-cjson-v6-chain2 reference_startup_homology_density_and_representation_checked
scalar_v6_native_startups 395 /1620 41ddef2f3dd8342f1a3d3b8c2009a6c535e46733a73cc4755936f2c674a493bc-package-scalar-cjson-v6-chain3 reference_startup_homology_density_and_representation_checked
scalar_v6_native_startups 396 /1620 41ddef2f3dd8342f1a3d3b8c2009a6c535e46733a73cc4755936f2c674a493bc-package-scalar-cjson-v6-chain4 reference_startup_homology_density_and_representation_checked
scalar_v6_native_startups 397 /1620 4399a4155d07a1241e725f45f89958f239f65767083366d475c76130e7797ffa-broad-scalar-cjson-v6-chain1 reference_startup_homology_density_and_representation_checked
scalar_v6_native_startups 398 /1620 4399a4155d07a1241e725f45f89958f239f65767083366d475c76130e7797ffa-broad-scalar-cjson-v6-chain2 reference_startup_homology_density_and_representation_checked
scalar_v6_native_startups 399 /1620 4399a4155d07a1241e725f45f89958f239f65767083366d475c76130e7797ffa-broad-scalar-cjson-v6-chain3 reference_startup_homology_density_and_representation_checked
scalar_v6_native_startups 400 /1620 4399a4155d07a1241e725f45f89958f239f65767083366d475c76130e7797ffa-broad-scalar-cjson-v6-chain4 reference_startup_homology_density_and_representation_checked
scalar_v6_native_startups 401 /1620 4399a4155d07a1241e725f45f89958f239f65767083366d475c76130e7797ffa-centered-scalar-cjson-v6-chain1 reference_startup_homology_density_and_representation_checked
scalar_v6_native_startups 402 /1620 4399a4155d07a1241e725f45f89958f239f65767083366d475c76130e7797ffa-centered-scalar-cjson-v6-chain2 reference_startup_homology_density_and_representation_checked
scalar_v6_native_startups 403 /1620 4399a4155d07a1241e725f45f89958f239f65767083366d475c76130e7797ffa-centered-scalar-cjson-v6-chain3 reference_startup_homology_density_and_representation_checked
scalar_v6_native_startups 404 /1620 4399a4155d07a1241e725f45f89958f239f65767083366d475c76130e7797ffa-package-scalar-cjson-v6-chain1 reference_startup_homology_density_and_representation_checked
scalar_v6_native_startups 405 /1620 4399a4155d07a1241e725f45f89958f239f65767083366d475c76130e7797ffa-centered-scalar-cjson-v6-chain4 reference_startup_homology_density_and_representation_checked
scalar_v6_native_startups 406 /1620 4399a4155d07a1241e725f45f89958f239f65767083366d475c76130e7797ffa-package-scalar-cjson-v6-chain3 reference_startup_homology_density_and_representation_checked
scalar_v6_native_startups 407 /1620 4399a4155d07a1241e725f45f89958f239f65767083366d475c76130e7797ffa-package-scalar-cjson-v6-chain2 reference_startup_homology_density_and_representation_checked
scalar_v6_native_startups 408 /1620 4554868ba9129a5c1eeb21e1918a199689a1e6af30cb33264c505796844cc7f3-broad-scalar-cjson-v6-chain1 reference_startup_homology_density_and_representation_checked
scalar_v6_native_startups 409 /1620 4399a4155d07a1241e725f45f89958f239f65767083366d475c76130e7797ffa-package-scalar-cjson-v6-chain4 reference_startup_homology_density_and_representation_checked
scalar_v6_native_startups 410 /1620 4554868ba9129a5c1eeb21e1918a199689a1e6af30cb33264c505796844cc7f3-broad-scalar-cjson-v6-chain2 reference_startup_homology_density_and_representation_checked
scalar_v6_native_startups 411 /1620 4554868ba9129a5c1eeb21e1918a199689a1e6af30cb33264c505796844cc7f3-broad-scalar-cjson-v6-chain3 reference_startup_homology_density_and_representation_checked
scalar_v6_native_startups 412 /1620 4554868ba9129a5c1eeb21e1918a199689a1e6af30cb33264c505796844cc7f3-broad-scalar-cjson-v6-chain4 reference_startup_homology_density_and_representation_checked
scalar_v6_native_startups 413 /1620 4554868ba9129a5c1eeb21e1918a199689a1e6af30cb33264c505796844cc7f3-centered-scalar-cjson-v6-chain1 reference_startup_homology_density_and_representation_checked
scalar_v6_native_startups 414 /1620 4554868ba9129a5c1eeb21e1918a199689a1e6af30cb33264c505796844cc7f3-centered-scalar-cjson-v6-chain2 reference_startup_homology_density_and_representation_checked
scalar_v6_native_startups 415 /1620 4554868ba9129a5c1eeb21e1918a199689a1e6af30cb33264c505796844cc7f3-centered-scalar-cjson-v6-chain3 reference_startup_homology_density_and_representation_checked
scalar_v6_native_startups 416 /1620 4554868ba9129a5c1eeb21e1918a199689a1e6af30cb33264c505796844cc7f3-centered-scalar-cjson-v6-chain4 reference_startup_homology_density_and_representation_checked
scalar_v6_native_startups 417 /1620 4554868ba9129a5c1eeb21e1918a199689a1e6af30cb33264c505796844cc7f3-package-scalar-cjson-v6-chain1 reference_startup_homology_density_and_representation_checked
scalar_v6_native_startups 418 /1620 4554868ba9129a5c1eeb21e1918a199689a1e6af30cb33264c505796844cc7f3-package-scalar-cjson-v6-chain3 reference_startup_homology_density_and_representation_checked
scalar_v6_native_startups 419 /1620 4554868ba9129a5c1eeb21e1918a199689a1e6af30cb33264c505796844cc7f3-package-scalar-cjson-v6-chain2 reference_startup_homology_density_and_representation_checked
scalar_v6_native_startups 420 /1620 4554868ba9129a5c1eeb21e1918a199689a1e6af30cb33264c505796844cc7f3-package-scalar-cjson-v6-chain4 reference_startup_homology_density_and_representation_checked
scalar_v6_native_startups 421 /1620 46487a57b971e78785ec4ffad6c0821e5b83ff117b5928fb0febb7cbd4890b3a-broad-scalar-cjson-v6-chain1 reference_startup_homology_density_and_representation_checked
scalar_v6_native_startups 422 /1620 46487a57b971e78785ec4ffad6c0821e5b83ff117b5928fb0febb7cbd4890b3a-broad-scalar-cjson-v6-chain3 reference_startup_homology_density_and_representation_checked
scalar_v6_native_startups 423 /1620 46487a57b971e78785ec4ffad6c0821e5b83ff117b5928fb0febb7cbd4890b3a-broad-scalar-cjson-v6-chain2 reference_startup_homology_density_and_representation_checked
scalar_v6_native_startups 424 /1620 46487a57b971e78785ec4ffad6c0821e5b83ff117b5928fb0febb7cbd4890b3a-broad-scalar-cjson-v6-chain4 reference_startup_homology_density_and_representation_checked
scalar_v6_native_startups 425 /1620 46487a57b971e78785ec4ffad6c0821e5b83ff117b5928fb0febb7cbd4890b3a-centered-scalar-cjson-v6-chain1 reference_startup_homology_density_and_representation_checked
scalar_v6_native_startups 426 /1620 46487a57b971e78785ec4ffad6c0821e5b83ff117b5928fb0febb7cbd4890b3a-centered-scalar-cjson-v6-chain3 reference_startup_homology_density_and_representation_checked
scalar_v6_native_startups 427 /1620 46487a57b971e78785ec4ffad6c0821e5b83ff117b5928fb0febb7cbd4890b3a-centered-scalar-cjson-v6-chain2 reference_startup_homology_density_and_representation_checked
scalar_v6_native_startups 428 /1620 46487a57b971e78785ec4ffad6c0821e5b83ff117b5928fb0febb7cbd4890b3a-centered-scalar-cjson-v6-chain4 reference_startup_homology_density_and_representation_checked
scalar_v6_native_startups 429 /1620 46487a57b971e78785ec4ffad6c0821e5b83ff117b5928fb0febb7cbd4890b3a-package-scalar-cjson-v6-chain1 reference_startup_homology_density_and_representation_checked
scalar_v6_native_startups 430 /1620 46487a57b971e78785ec4ffad6c0821e5b83ff117b5928fb0febb7cbd4890b3a-package-scalar-cjson-v6-chain2 reference_startup_homology_density_and_representation_checked
scalar_v6_native_startups 431 /1620 46487a57b971e78785ec4ffad6c0821e5b83ff117b5928fb0febb7cbd4890b3a-package-scalar-cjson-v6-chain3 reference_startup_homology_density_and_representation_checked
scalar_v6_native_startups 432 /1620 46487a57b971e78785ec4ffad6c0821e5b83ff117b5928fb0febb7cbd4890b3a-package-scalar-cjson-v6-chain4 reference_startup_homology_density_and_representation_checked
scalar_v6_native_startups 433 /1620 477b72f96230bf6bec0d82e9f80883ec3ef23ed1bc162be793f9629f2d12e6f0-broad-scalar-cjson-v6-chain1 reference_startup_homology_density_and_representation_checked
scalar_v6_native_startups 434 /1620 477b72f96230bf6bec0d82e9f80883ec3ef23ed1bc162be793f9629f2d12e6f0-broad-scalar-cjson-v6-chain2 reference_startup_homology_density_and_representation_checked
scalar_v6_native_startups 435 /1620 477b72f96230bf6bec0d82e9f80883ec3ef23ed1bc162be793f9629f2d12e6f0-broad-scalar-cjson-v6-chain3 reference_startup_homology_density_and_representation_checked
scalar_v6_native_startups 436 /1620 477b72f96230bf6bec0d82e9f80883ec3ef23ed1bc162be793f9629f2d12e6f0-broad-scalar-cjson-v6-chain4 reference_startup_homology_density_and_representation_checked
scalar_v6_native_startups 437 /1620 477b72f96230bf6bec0d82e9f80883ec3ef23ed1bc162be793f9629f2d12e6f0-centered-scalar-cjson-v6-chain1 reference_startup_homology_density_and_representation_checked
scalar_v6_native_startups 438 /1620 477b72f96230bf6bec0d82e9f80883ec3ef23ed1bc162be793f9629f2d12e6f0-centered-scalar-cjson-v6-chain2 reference_startup_homology_density_and_representation_checked
scalar_v6_native_startups 439 /1620 477b72f96230bf6bec0d82e9f80883ec3ef23ed1bc162be793f9629f2d12e6f0-centered-scalar-cjson-v6-chain3 reference_startup_homology_density_and_representation_checked
scalar_v6_native_startups 440 /1620 477b72f96230bf6bec0d82e9f80883ec3ef23ed1bc162be793f9629f2d12e6f0-centered-scalar-cjson-v6-chain4 reference_startup_homology_density_and_representation_checked
scalar_v6_native_startups 441 /1620 477b72f96230bf6bec0d82e9f80883ec3ef23ed1bc162be793f9629f2d12e6f0-package-scalar-cjson-v6-chain1 reference_startup_homology_density_and_representation_checked
scalar_v6_native_startups 442 /1620 477b72f96230bf6bec0d82e9f80883ec3ef23ed1bc162be793f9629f2d12e6f0-package-scalar-cjson-v6-chain2 reference_startup_homology_density_and_representation_checked
scalar_v6_native_startups 443 /1620 477b72f96230bf6bec0d82e9f80883ec3ef23ed1bc162be793f9629f2d12e6f0-package-scalar-cjson-v6-chain3 reference_startup_homology_density_and_representation_checked
scalar_v6_native_startups 444 /1620 477b72f96230bf6bec0d82e9f80883ec3ef23ed1bc162be793f9629f2d12e6f0-package-scalar-cjson-v6-chain4 reference_startup_homology_density_and_representation_checked
scalar_v6_native_startups 445 /1620 4825ef56f94053f03607294554865781775aa2179c0d6124231490bd96c8c456-broad-scalar-cjson-v6-chain1 reference_startup_homology_density_and_representation_checked
scalar_v6_native_startups 446 /1620 4825ef56f94053f03607294554865781775aa2179c0d6124231490bd96c8c456-broad-scalar-cjson-v6-chain2 reference_startup_homology_density_and_representation_checked
scalar_v6_native_startups 447 /1620 4825ef56f94053f03607294554865781775aa2179c0d6124231490bd96c8c456-broad-scalar-cjson-v6-chain3 reference_startup_homology_density_and_representation_checked
scalar_v6_native_startups 448 /1620 4825ef56f94053f03607294554865781775aa2179c0d6124231490bd96c8c456-broad-scalar-cjson-v6-chain4 reference_startup_homology_density_and_representation_checked
scalar_v6_native_startups 449 /1620 4825ef56f94053f03607294554865781775aa2179c0d6124231490bd96c8c456-centered-scalar-cjson-v6-chain1 reference_startup_homology_density_and_representation_checked
scalar_v6_native_startups 450 /1620 4825ef56f94053f03607294554865781775aa2179c0d6124231490bd96c8c456-centered-scalar-cjson-v6-chain2 reference_startup_homology_density_and_representation_checked
scalar_v6_native_startups 451 /1620 4825ef56f94053f03607294554865781775aa2179c0d6124231490bd96c8c456-centered-scalar-cjson-v6-chain3 reference_startup_homology_density_and_representation_checked
scalar_v6_native_startups 452 /1620 4825ef56f94053f03607294554865781775aa2179c0d6124231490bd96c8c456-centered-scalar-cjson-v6-chain4 reference_startup_homology_density_and_representation_checked
scalar_v6_native_startups 453 /1620 4825ef56f94053f03607294554865781775aa2179c0d6124231490bd96c8c456-package-scalar-cjson-v6-chain1 reference_startup_homology_density_and_representation_checked
scalar_v6_native_startups 454 /1620 4825ef56f94053f03607294554865781775aa2179c0d6124231490bd96c8c456-package-scalar-cjson-v6-chain2 reference_startup_homology_density_and_representation_checked
scalar_v6_native_startups 455 /1620 4825ef56f94053f03607294554865781775aa2179c0d6124231490bd96c8c456-package-scalar-cjson-v6-chain3 reference_startup_homology_density_and_representation_checked
scalar_v6_native_startups 456 /1620 4825ef56f94053f03607294554865781775aa2179c0d6124231490bd96c8c456-package-scalar-cjson-v6-chain4 reference_startup_homology_density_and_representation_checked
scalar_v6_native_startups 457 /1620 4848bf5bd69e8a58650eca9ecd6a39c44e5bec6c66b2b29f731fd4072c56d067-broad-scalar-cjson-v6-chain1 reference_startup_homology_density_and_representation_checked
scalar_v6_native_startups 458 /1620 4848bf5bd69e8a58650eca9ecd6a39c44e5bec6c66b2b29f731fd4072c56d067-broad-scalar-cjson-v6-chain2 reference_startup_homology_density_and_representation_checked
scalar_v6_native_startups 459 /1620 4848bf5bd69e8a58650eca9ecd6a39c44e5bec6c66b2b29f731fd4072c56d067-broad-scalar-cjson-v6-chain3 reference_startup_homology_density_and_representation_checked
scalar_v6_native_startups 460 /1620 4848bf5bd69e8a58650eca9ecd6a39c44e5bec6c66b2b29f731fd4072c56d067-broad-scalar-cjson-v6-chain4 reference_startup_homology_density_and_representation_checked
scalar_v6_native_startups 461 /1620 4848bf5bd69e8a58650eca9ecd6a39c44e5bec6c66b2b29f731fd4072c56d067-centered-scalar-cjson-v6-chain1 reference_startup_homology_density_and_representation_checked
scalar_v6_native_startups 462 /1620 4848bf5bd69e8a58650eca9ecd6a39c44e5bec6c66b2b29f731fd4072c56d067-centered-scalar-cjson-v6-chain2 reference_startup_homology_density_and_representation_checked
scalar_v6_native_startups 463 /1620 4848bf5bd69e8a58650eca9ecd6a39c44e5bec6c66b2b29f731fd4072c56d067-centered-scalar-cjson-v6-chain3 reference_startup_homology_density_and_representation_checked
scalar_v6_native_startups 464 /1620 4848bf5bd69e8a58650eca9ecd6a39c44e5bec6c66b2b29f731fd4072c56d067-package-scalar-cjson-v6-chain1 reference_startup_homology_density_and_representation_checked
scalar_v6_native_startups 465 /1620 4848bf5bd69e8a58650eca9ecd6a39c44e5bec6c66b2b29f731fd4072c56d067-centered-scalar-cjson-v6-chain4 reference_startup_homology_density_and_representation_checked
scalar_v6_native_startups 466 /1620 4848bf5bd69e8a58650eca9ecd6a39c44e5bec6c66b2b29f731fd4072c56d067-package-scalar-cjson-v6-chain3 reference_startup_homology_density_and_representation_checked
scalar_v6_native_startups 467 /1620 4848bf5bd69e8a58650eca9ecd6a39c44e5bec6c66b2b29f731fd4072c56d067-package-scalar-cjson-v6-chain2 reference_startup_homology_density_and_representation_checked
scalar_v6_native_startups 468 /1620 4848bf5bd69e8a58650eca9ecd6a39c44e5bec6c66b2b29f731fd4072c56d067-package-scalar-cjson-v6-chain4 reference_startup_homology_density_and_representation_checked
scalar_v6_native_startups 469 /1620 48661894e1421b1c807ff33886cc2860944f1a7b1f8d9d624fddd74de6f7337b-broad-scalar-cjson-v6-chain1 reference_startup_homology_density_and_representation_checked
scalar_v6_native_startups 470 /1620 48661894e1421b1c807ff33886cc2860944f1a7b1f8d9d624fddd74de6f7337b-broad-scalar-cjson-v6-chain2 reference_startup_homology_density_and_representation_checked
scalar_v6_native_startups 471 /1620 48661894e1421b1c807ff33886cc2860944f1a7b1f8d9d624fddd74de6f7337b-broad-scalar-cjson-v6-chain3 reference_startup_homology_density_and_representation_checked
scalar_v6_native_startups 472 /1620 48661894e1421b1c807ff33886cc2860944f1a7b1f8d9d624fddd74de6f7337b-broad-scalar-cjson-v6-chain4 reference_startup_homology_density_and_representation_checked
scalar_v6_native_startups 473 /1620 48661894e1421b1c807ff33886cc2860944f1a7b1f8d9d624fddd74de6f7337b-centered-scalar-cjson-v6-chain1 reference_startup_homology_density_and_representation_checked
scalar_v6_native_startups 474 /1620 48661894e1421b1c807ff33886cc2860944f1a7b1f8d9d624fddd74de6f7337b-centered-scalar-cjson-v6-chain2 reference_startup_homology_density_and_representation_checked
scalar_v6_native_startups 475 /1620 48661894e1421b1c807ff33886cc2860944f1a7b1f8d9d624fddd74de6f7337b-centered-scalar-cjson-v6-chain3 reference_startup_homology_density_and_representation_checked
scalar_v6_native_startups 476 /1620 48661894e1421b1c807ff33886cc2860944f1a7b1f8d9d624fddd74de6f7337b-centered-scalar-cjson-v6-chain4 reference_startup_homology_density_and_representation_checked
scalar_v6_native_startups 477 /1620 48661894e1421b1c807ff33886cc2860944f1a7b1f8d9d624fddd74de6f7337b-package-scalar-cjson-v6-chain1 reference_startup_homology_density_and_representation_checked
scalar_v6_native_startups 478 /1620 48661894e1421b1c807ff33886cc2860944f1a7b1f8d9d624fddd74de6f7337b-package-scalar-cjson-v6-chain2 reference_startup_homology_density_and_representation_checked
scalar_v6_native_startups 479 /1620 48661894e1421b1c807ff33886cc2860944f1a7b1f8d9d624fddd74de6f7337b-package-scalar-cjson-v6-chain3 reference_startup_homology_density_and_representation_checked
scalar_v6_native_startups 480 /1620 48661894e1421b1c807ff33886cc2860944f1a7b1f8d9d624fddd74de6f7337b-package-scalar-cjson-v6-chain4 reference_startup_homology_density_and_representation_checked
scalar_v6_native_startups 481 /1620 498bc2cddb01a705da9e9f3537c7bf1823aa7470c4620443b1bc968d537cba26-broad-scalar-cjson-v6-chain1 reference_startup_homology_density_and_representation_checked
scalar_v6_native_startups 482 /1620 498bc2cddb01a705da9e9f3537c7bf1823aa7470c4620443b1bc968d537cba26-broad-scalar-cjson-v6-chain2 reference_startup_homology_density_and_representation_checked
scalar_v6_native_startups 483 /1620 498bc2cddb01a705da9e9f3537c7bf1823aa7470c4620443b1bc968d537cba26-broad-scalar-cjson-v6-chain3 reference_startup_homology_density_and_representation_checked
scalar_v6_native_startups 484 /1620 498bc2cddb01a705da9e9f3537c7bf1823aa7470c4620443b1bc968d537cba26-broad-scalar-cjson-v6-chain4 reference_startup_homology_density_and_representation_checked
scalar_v6_native_startups 485 /1620 498bc2cddb01a705da9e9f3537c7bf1823aa7470c4620443b1bc968d537cba26-centered-scalar-cjson-v6-chain1 reference_startup_homology_density_and_representation_checked
scalar_v6_native_startups 486 /1620 498bc2cddb01a705da9e9f3537c7bf1823aa7470c4620443b1bc968d537cba26-centered-scalar-cjson-v6-chain2 reference_startup_homology_density_and_representation_checked
scalar_v6_native_startups 487 /1620 498bc2cddb01a705da9e9f3537c7bf1823aa7470c4620443b1bc968d537cba26-centered-scalar-cjson-v6-chain3 reference_startup_homology_density_and_representation_checked
scalar_v6_native_startups 488 /1620 498bc2cddb01a705da9e9f3537c7bf1823aa7470c4620443b1bc968d537cba26-centered-scalar-cjson-v6-chain4 reference_startup_homology_density_and_representation_checked
scalar_v6_native_startups 489 /1620 498bc2cddb01a705da9e9f3537c7bf1823aa7470c4620443b1bc968d537cba26-package-scalar-cjson-v6-chain1 reference_startup_homology_density_and_representation_checked
scalar_v6_native_startups 490 /1620 498bc2cddb01a705da9e9f3537c7bf1823aa7470c4620443b1bc968d537cba26-package-scalar-cjson-v6-chain2 reference_startup_homology_density_and_representation_checked
scalar_v6_native_startups 491 /1620 498bc2cddb01a705da9e9f3537c7bf1823aa7470c4620443b1bc968d537cba26-package-scalar-cjson-v6-chain3 reference_startup_homology_density_and_representation_checked
scalar_v6_native_startups 492 /1620 498bc2cddb01a705da9e9f3537c7bf1823aa7470c4620443b1bc968d537cba26-package-scalar-cjson-v6-chain4 reference_startup_homology_density_and_representation_checked
scalar_v6_native_startups 493 /1620 4abdc7b5120979390f2cd827ba1b05ce9c081e1450c7fc4c3a81aa6c6f1b9e87-broad-scalar-cjson-v6-chain1 reference_startup_homology_density_and_representation_checked
scalar_v6_native_startups 494 /1620 4abdc7b5120979390f2cd827ba1b05ce9c081e1450c7fc4c3a81aa6c6f1b9e87-broad-scalar-cjson-v6-chain2 reference_startup_homology_density_and_representation_checked
scalar_v6_native_startups 495 /1620 4abdc7b5120979390f2cd827ba1b05ce9c081e1450c7fc4c3a81aa6c6f1b9e87-broad-scalar-cjson-v6-chain3 reference_startup_homology_density_and_representation_checked
scalar_v6_native_startups 496 /1620 4abdc7b5120979390f2cd827ba1b05ce9c081e1450c7fc4c3a81aa6c6f1b9e87-broad-scalar-cjson-v6-chain4 reference_startup_homology_density_and_representation_checked
scalar_v6_native_startups 497 /1620 4abdc7b5120979390f2cd827ba1b05ce9c081e1450c7fc4c3a81aa6c6f1b9e87-centered-scalar-cjson-v6-chain1 reference_startup_homology_density_and_representation_checked
scalar_v6_native_startups 498 /1620 4abdc7b5120979390f2cd827ba1b05ce9c081e1450c7fc4c3a81aa6c6f1b9e87-centered-scalar-cjson-v6-chain2 reference_startup_homology_density_and_representation_checked
scalar_v6_native_startups 499 /1620 4abdc7b5120979390f2cd827ba1b05ce9c081e1450c7fc4c3a81aa6c6f1b9e87-centered-scalar-cjson-v6-chain3 reference_startup_homology_density_and_representation_checked
scalar_v6_native_startups 500 /1620 4abdc7b5120979390f2cd827ba1b05ce9c081e1450c7fc4c3a81aa6c6f1b9e87-centered-scalar-cjson-v6-chain4 reference_startup_homology_density_and_representation_checked
scalar_v6_native_startups 501 /1620 4abdc7b5120979390f2cd827ba1b05ce9c081e1450c7fc4c3a81aa6c6f1b9e87-package-scalar-cjson-v6-chain1 reference_startup_homology_density_and_representation_checked
scalar_v6_native_startups 502 /1620 4abdc7b5120979390f2cd827ba1b05ce9c081e1450c7fc4c3a81aa6c6f1b9e87-package-scalar-cjson-v6-chain2 reference_startup_homology_density_and_representation_checked
scalar_v6_native_startups 503 /1620 4abdc7b5120979390f2cd827ba1b05ce9c081e1450c7fc4c3a81aa6c6f1b9e87-package-scalar-cjson-v6-chain3 reference_startup_homology_density_and_representation_checked
scalar_v6_native_startups 504 /1620 4abdc7b5120979390f2cd827ba1b05ce9c081e1450c7fc4c3a81aa6c6f1b9e87-package-scalar-cjson-v6-chain4 reference_startup_homology_density_and_representation_checked
scalar_v6_native_startups 505 /1620 4ce42bf019c5e5feb555122bbcee11d9333ed60cbb2bcb66ab8b351bf35adf31-broad-scalar-cjson-v6-chain1 reference_startup_homology_density_and_representation_checked
scalar_v6_native_startups 506 /1620 4ce42bf019c5e5feb555122bbcee11d9333ed60cbb2bcb66ab8b351bf35adf31-broad-scalar-cjson-v6-chain2 reference_startup_homology_density_and_representation_checked
scalar_v6_native_startups 507 /1620 4ce42bf019c5e5feb555122bbcee11d9333ed60cbb2bcb66ab8b351bf35adf31-broad-scalar-cjson-v6-chain3 reference_startup_homology_density_and_representation_checked
scalar_v6_native_startups 508 /1620 4ce42bf019c5e5feb555122bbcee11d9333ed60cbb2bcb66ab8b351bf35adf31-centered-scalar-cjson-v6-chain1 reference_startup_homology_density_and_representation_checked
scalar_v6_native_startups 509 /1620 4ce42bf019c5e5feb555122bbcee11d9333ed60cbb2bcb66ab8b351bf35adf31-broad-scalar-cjson-v6-chain4 reference_startup_homology_density_and_representation_checked
scalar_v6_native_startups 510 /1620 4ce42bf019c5e5feb555122bbcee11d9333ed60cbb2bcb66ab8b351bf35adf31-centered-scalar-cjson-v6-chain2 reference_startup_homology_density_and_representation_checked
scalar_v6_native_startups 511 /1620 4ce42bf019c5e5feb555122bbcee11d9333ed60cbb2bcb66ab8b351bf35adf31-centered-scalar-cjson-v6-chain3 reference_startup_homology_density_and_representation_checked
scalar_v6_native_startups 512 /1620 4ce42bf019c5e5feb555122bbcee11d9333ed60cbb2bcb66ab8b351bf35adf31-centered-scalar-cjson-v6-chain4 reference_startup_homology_density_and_representation_checked
scalar_v6_native_startups 513 /1620 4ce42bf019c5e5feb555122bbcee11d9333ed60cbb2bcb66ab8b351bf35adf31-package-scalar-cjson-v6-chain1 reference_startup_homology_density_and_representation_checked
scalar_v6_native_startups 514 /1620 4ce42bf019c5e5feb555122bbcee11d9333ed60cbb2bcb66ab8b351bf35adf31-package-scalar-cjson-v6-chain2 reference_startup_homology_density_and_representation_checked
scalar_v6_native_startups 515 /1620 4ce42bf019c5e5feb555122bbcee11d9333ed60cbb2bcb66ab8b351bf35adf31-package-scalar-cjson-v6-chain3 reference_startup_homology_density_and_representation_checked
scalar_v6_native_startups 516 /1620 508fc9bf77466b21bba50fd94777a33597aa09a1f69c36b85b212b362b523f63-broad-scalar-cjson-v6-chain1 reference_startup_homology_density_and_representation_checked
scalar_v6_native_startups 517 /1620 4ce42bf019c5e5feb555122bbcee11d9333ed60cbb2bcb66ab8b351bf35adf31-package-scalar-cjson-v6-chain4 reference_startup_homology_density_and_representation_checked
scalar_v6_native_startups 518 /1620 508fc9bf77466b21bba50fd94777a33597aa09a1f69c36b85b212b362b523f63-broad-scalar-cjson-v6-chain2 reference_startup_homology_density_and_representation_checked
scalar_v6_native_startups 519 /1620 508fc9bf77466b21bba50fd94777a33597aa09a1f69c36b85b212b362b523f63-broad-scalar-cjson-v6-chain3 reference_startup_homology_density_and_representation_checked
scalar_v6_native_startups 520 /1620 508fc9bf77466b21bba50fd94777a33597aa09a1f69c36b85b212b362b523f63-broad-scalar-cjson-v6-chain4 reference_startup_homology_density_and_representation_checked
scalar_v6_native_startups 521 /1620 508fc9bf77466b21bba50fd94777a33597aa09a1f69c36b85b212b362b523f63-centered-scalar-cjson-v6-chain1 reference_startup_homology_density_and_representation_checked
scalar_v6_native_startups 522 /1620 508fc9bf77466b21bba50fd94777a33597aa09a1f69c36b85b212b362b523f63-centered-scalar-cjson-v6-chain2 reference_startup_homology_density_and_representation_checked
scalar_v6_native_startups 523 /1620 508fc9bf77466b21bba50fd94777a33597aa09a1f69c36b85b212b362b523f63-centered-scalar-cjson-v6-chain3 reference_startup_homology_density_and_representation_checked
scalar_v6_native_startups 524 /1620 508fc9bf77466b21bba50fd94777a33597aa09a1f69c36b85b212b362b523f63-centered-scalar-cjson-v6-chain4 reference_startup_homology_density_and_representation_checked
scalar_v6_native_startups 525 /1620 508fc9bf77466b21bba50fd94777a33597aa09a1f69c36b85b212b362b523f63-package-scalar-cjson-v6-chain1 reference_startup_homology_density_and_representation_checked
scalar_v6_native_startups 526 /1620 508fc9bf77466b21bba50fd94777a33597aa09a1f69c36b85b212b362b523f63-package-scalar-cjson-v6-chain2 reference_startup_homology_density_and_representation_checked
scalar_v6_native_startups 527 /1620 508fc9bf77466b21bba50fd94777a33597aa09a1f69c36b85b212b362b523f63-package-scalar-cjson-v6-chain3 reference_startup_homology_density_and_representation_checked
scalar_v6_native_startups 528 /1620 508fc9bf77466b21bba50fd94777a33597aa09a1f69c36b85b212b362b523f63-package-scalar-cjson-v6-chain4 reference_startup_homology_density_and_representation_checked
scalar_v6_native_startups 529 /1620 50f9950a28cb22ce4c5d15cd5a1e0e1230fb66df0ea3969184ab6a7f591f4509-broad-scalar-cjson-v6-chain1 reference_startup_homology_density_and_representation_checked
scalar_v6_native_startups 530 /1620 50f9950a28cb22ce4c5d15cd5a1e0e1230fb66df0ea3969184ab6a7f591f4509-broad-scalar-cjson-v6-chain2 reference_startup_homology_density_and_representation_checked
scalar_v6_native_startups 531 /1620 50f9950a28cb22ce4c5d15cd5a1e0e1230fb66df0ea3969184ab6a7f591f4509-broad-scalar-cjson-v6-chain3 reference_startup_homology_density_and_representation_checked
scalar_v6_native_startups 532 /1620 50f9950a28cb22ce4c5d15cd5a1e0e1230fb66df0ea3969184ab6a7f591f4509-broad-scalar-cjson-v6-chain4 reference_startup_homology_density_and_representation_checked
scalar_v6_native_startups 533 /1620 50f9950a28cb22ce4c5d15cd5a1e0e1230fb66df0ea3969184ab6a7f591f4509-centered-scalar-cjson-v6-chain1 reference_startup_homology_density_and_representation_checked
scalar_v6_native_startups 534 /1620 50f9950a28cb22ce4c5d15cd5a1e0e1230fb66df0ea3969184ab6a7f591f4509-centered-scalar-cjson-v6-chain2 reference_startup_homology_density_and_representation_checked
scalar_v6_native_startups 535 /1620 50f9950a28cb22ce4c5d15cd5a1e0e1230fb66df0ea3969184ab6a7f591f4509-centered-scalar-cjson-v6-chain3 reference_startup_homology_density_and_representation_checked
scalar_v6_native_startups 536 /1620 50f9950a28cb22ce4c5d15cd5a1e0e1230fb66df0ea3969184ab6a7f591f4509-centered-scalar-cjson-v6-chain4 reference_startup_homology_density_and_representation_checked
scalar_v6_native_startups 537 /1620 50f9950a28cb22ce4c5d15cd5a1e0e1230fb66df0ea3969184ab6a7f591f4509-package-scalar-cjson-v6-chain1 reference_startup_homology_density_and_representation_checked
scalar_v6_native_startups 538 /1620 50f9950a28cb22ce4c5d15cd5a1e0e1230fb66df0ea3969184ab6a7f591f4509-package-scalar-cjson-v6-chain2 reference_startup_homology_density_and_representation_checked
scalar_v6_native_startups 539 /1620 50f9950a28cb22ce4c5d15cd5a1e0e1230fb66df0ea3969184ab6a7f591f4509-package-scalar-cjson-v6-chain3 reference_startup_homology_density_and_representation_checked
scalar_v6_native_startups 540 /1620 50f9950a28cb22ce4c5d15cd5a1e0e1230fb66df0ea3969184ab6a7f591f4509-package-scalar-cjson-v6-chain4 reference_startup_homology_density_and_representation_checked
scalar_v6_native_startups 541 /1620 52d6f981f2d554eb4f9a2bdc645e7e7c35d55f93501d3f8d599364c88270b7e3-broad-scalar-cjson-v6-chain1 reference_startup_homology_density_and_representation_checked
scalar_v6_native_startups 542 /1620 52d6f981f2d554eb4f9a2bdc645e7e7c35d55f93501d3f8d599364c88270b7e3-broad-scalar-cjson-v6-chain2 reference_startup_homology_density_and_representation_checked
scalar_v6_native_startups 543 /1620 52d6f981f2d554eb4f9a2bdc645e7e7c35d55f93501d3f8d599364c88270b7e3-broad-scalar-cjson-v6-chain3 reference_startup_homology_density_and_representation_checked
scalar_v6_native_startups 544 /1620 52d6f981f2d554eb4f9a2bdc645e7e7c35d55f93501d3f8d599364c88270b7e3-broad-scalar-cjson-v6-chain4 reference_startup_homology_density_and_representation_checked
scalar_v6_native_startups 545 /1620 52d6f981f2d554eb4f9a2bdc645e7e7c35d55f93501d3f8d599364c88270b7e3-centered-scalar-cjson-v6-chain1 reference_startup_homology_density_and_representation_checked
scalar_v6_native_startups 546 /1620 52d6f981f2d554eb4f9a2bdc645e7e7c35d55f93501d3f8d599364c88270b7e3-centered-scalar-cjson-v6-chain2 reference_startup_homology_density_and_representation_checked
scalar_v6_native_startups 547 /1620 52d6f981f2d554eb4f9a2bdc645e7e7c35d55f93501d3f8d599364c88270b7e3-centered-scalar-cjson-v6-chain3 reference_startup_homology_density_and_representation_checked
scalar_v6_native_startups 548 /1620 52d6f981f2d554eb4f9a2bdc645e7e7c35d55f93501d3f8d599364c88270b7e3-centered-scalar-cjson-v6-chain4 reference_startup_homology_density_and_representation_checked
scalar_v6_native_startups 549 /1620 52d6f981f2d554eb4f9a2bdc645e7e7c35d55f93501d3f8d599364c88270b7e3-package-scalar-cjson-v6-chain1 reference_startup_homology_density_and_representation_checked
scalar_v6_native_startups 550 /1620 52d6f981f2d554eb4f9a2bdc645e7e7c35d55f93501d3f8d599364c88270b7e3-package-scalar-cjson-v6-chain2 reference_startup_homology_density_and_representation_checked
scalar_v6_native_startups 551 /1620 52d6f981f2d554eb4f9a2bdc645e7e7c35d55f93501d3f8d599364c88270b7e3-package-scalar-cjson-v6-chain3 reference_startup_homology_density_and_representation_checked
scalar_v6_native_startups 552 /1620 52d6f981f2d554eb4f9a2bdc645e7e7c35d55f93501d3f8d599364c88270b7e3-package-scalar-cjson-v6-chain4 reference_startup_homology_density_and_representation_checked
scalar_v6_native_startups 553 /1620 559e1a422554107faea28b00d53f56b62cdc247088dc1faba583304cbd7a9e73-broad-scalar-cjson-v6-chain1 reference_startup_homology_density_and_representation_checked
scalar_v6_native_startups 554 /1620 559e1a422554107faea28b00d53f56b62cdc247088dc1faba583304cbd7a9e73-broad-scalar-cjson-v6-chain2 reference_startup_homology_density_and_representation_checked
scalar_v6_native_startups 555 /1620 559e1a422554107faea28b00d53f56b62cdc247088dc1faba583304cbd7a9e73-broad-scalar-cjson-v6-chain3 reference_startup_homology_density_and_representation_checked
scalar_v6_native_startups 556 /1620 559e1a422554107faea28b00d53f56b62cdc247088dc1faba583304cbd7a9e73-broad-scalar-cjson-v6-chain4 reference_startup_homology_density_and_representation_checked
scalar_v6_native_startups 557 /1620 559e1a422554107faea28b00d53f56b62cdc247088dc1faba583304cbd7a9e73-centered-scalar-cjson-v6-chain1 reference_startup_homology_density_and_representation_checked
scalar_v6_native_startups 558 /1620 559e1a422554107faea28b00d53f56b62cdc247088dc1faba583304cbd7a9e73-centered-scalar-cjson-v6-chain2 reference_startup_homology_density_and_representation_checked
scalar_v6_native_startups 559 /1620 559e1a422554107faea28b00d53f56b62cdc247088dc1faba583304cbd7a9e73-centered-scalar-cjson-v6-chain3 reference_startup_homology_density_and_representation_checked
scalar_v6_native_startups 560 /1620 559e1a422554107faea28b00d53f56b62cdc247088dc1faba583304cbd7a9e73-package-scalar-cjson-v6-chain1 reference_startup_homology_density_and_representation_checked
scalar_v6_native_startups 561 /1620 559e1a422554107faea28b00d53f56b62cdc247088dc1faba583304cbd7a9e73-centered-scalar-cjson-v6-chain4 reference_startup_homology_density_and_representation_checked
scalar_v6_native_startups 562 /1620 559e1a422554107faea28b00d53f56b62cdc247088dc1faba583304cbd7a9e73-package-scalar-cjson-v6-chain3 reference_startup_homology_density_and_representation_checked
scalar_v6_native_startups 563 /1620 559e1a422554107faea28b00d53f56b62cdc247088dc1faba583304cbd7a9e73-package-scalar-cjson-v6-chain2 reference_startup_homology_density_and_representation_checked
scalar_v6_native_startups 564 /1620 559e1a422554107faea28b00d53f56b62cdc247088dc1faba583304cbd7a9e73-package-scalar-cjson-v6-chain4 reference_startup_homology_density_and_representation_checked
scalar_v6_native_startups 565 /1620 59a8951eb5b4af4ae60075b92dda80a7d5002ac5a070d0bbf61aa1911b3fb48c-broad-scalar-cjson-v6-chain1 reference_startup_homology_density_and_representation_checked
scalar_v6_native_startups 566 /1620 59a8951eb5b4af4ae60075b92dda80a7d5002ac5a070d0bbf61aa1911b3fb48c-broad-scalar-cjson-v6-chain2 reference_startup_homology_density_and_representation_checked
scalar_v6_native_startups 567 /1620 59a8951eb5b4af4ae60075b92dda80a7d5002ac5a070d0bbf61aa1911b3fb48c-broad-scalar-cjson-v6-chain3 reference_startup_homology_density_and_representation_checked
scalar_v6_native_startups 568 /1620 59a8951eb5b4af4ae60075b92dda80a7d5002ac5a070d0bbf61aa1911b3fb48c-broad-scalar-cjson-v6-chain4 reference_startup_homology_density_and_representation_checked
scalar_v6_native_startups 569 /1620 59a8951eb5b4af4ae60075b92dda80a7d5002ac5a070d0bbf61aa1911b3fb48c-centered-scalar-cjson-v6-chain2 reference_startup_homology_density_and_representation_checked
scalar_v6_native_startups 570 /1620 59a8951eb5b4af4ae60075b92dda80a7d5002ac5a070d0bbf61aa1911b3fb48c-centered-scalar-cjson-v6-chain1 reference_startup_homology_density_and_representation_checked
scalar_v6_native_startups 571 /1620 59a8951eb5b4af4ae60075b92dda80a7d5002ac5a070d0bbf61aa1911b3fb48c-centered-scalar-cjson-v6-chain3 reference_startup_homology_density_and_representation_checked
scalar_v6_native_startups 572 /1620 59a8951eb5b4af4ae60075b92dda80a7d5002ac5a070d0bbf61aa1911b3fb48c-centered-scalar-cjson-v6-chain4 reference_startup_homology_density_and_representation_checked
scalar_v6_native_startups 573 /1620 59a8951eb5b4af4ae60075b92dda80a7d5002ac5a070d0bbf61aa1911b3fb48c-package-scalar-cjson-v6-chain1 reference_startup_homology_density_and_representation_checked
scalar_v6_native_startups 574 /1620 59a8951eb5b4af4ae60075b92dda80a7d5002ac5a070d0bbf61aa1911b3fb48c-package-scalar-cjson-v6-chain2 reference_startup_homology_density_and_representation_checked
scalar_v6_native_startups 575 /1620 59a8951eb5b4af4ae60075b92dda80a7d5002ac5a070d0bbf61aa1911b3fb48c-package-scalar-cjson-v6-chain3 reference_startup_homology_density_and_representation_checked
scalar_v6_native_startups 576 /1620 59a8951eb5b4af4ae60075b92dda80a7d5002ac5a070d0bbf61aa1911b3fb48c-package-scalar-cjson-v6-chain4 reference_startup_homology_density_and_representation_checked
scalar_v6_native_startups 577 /1620 5ad50d436080ff4b270dd3a5847c1b41c722b436ddee90f325cc38f305e1c183-broad-scalar-cjson-v6-chain1 reference_startup_homology_density_and_representation_checked
scalar_v6_native_startups 578 /1620 5ad50d436080ff4b270dd3a5847c1b41c722b436ddee90f325cc38f305e1c183-broad-scalar-cjson-v6-chain2 reference_startup_homology_density_and_representation_checked
scalar_v6_native_startups 579 /1620 5ad50d436080ff4b270dd3a5847c1b41c722b436ddee90f325cc38f305e1c183-broad-scalar-cjson-v6-chain3 reference_startup_homology_density_and_representation_checked
scalar_v6_native_startups 580 /1620 5ad50d436080ff4b270dd3a5847c1b41c722b436ddee90f325cc38f305e1c183-broad-scalar-cjson-v6-chain4 reference_startup_homology_density_and_representation_checked
scalar_v6_native_startups 581 /1620 5ad50d436080ff4b270dd3a5847c1b41c722b436ddee90f325cc38f305e1c183-centered-scalar-cjson-v6-chain2 reference_startup_homology_density_and_representation_checked
scalar_v6_native_startups 582 /1620 5ad50d436080ff4b270dd3a5847c1b41c722b436ddee90f325cc38f305e1c183-centered-scalar-cjson-v6-chain1 reference_startup_homology_density_and_representation_checked
scalar_v6_native_startups 583 /1620 5ad50d436080ff4b270dd3a5847c1b41c722b436ddee90f325cc38f305e1c183-centered-scalar-cjson-v6-chain4 reference_startup_homology_density_and_representation_checked
scalar_v6_native_startups 584 /1620 5ad50d436080ff4b270dd3a5847c1b41c722b436ddee90f325cc38f305e1c183-centered-scalar-cjson-v6-chain3 reference_startup_homology_density_and_representation_checked
scalar_v6_native_startups 585 /1620 5ad50d436080ff4b270dd3a5847c1b41c722b436ddee90f325cc38f305e1c183-package-scalar-cjson-v6-chain1 reference_startup_homology_density_and_representation_checked
scalar_v6_native_startups 586 /1620 5ad50d436080ff4b270dd3a5847c1b41c722b436ddee90f325cc38f305e1c183-package-scalar-cjson-v6-chain2 reference_startup_homology_density_and_representation_checked
scalar_v6_native_startups 587 /1620 5ad50d436080ff4b270dd3a5847c1b41c722b436ddee90f325cc38f305e1c183-package-scalar-cjson-v6-chain3 reference_startup_homology_density_and_representation_checked
scalar_v6_native_startups 588 /1620 5ad50d436080ff4b270dd3a5847c1b41c722b436ddee90f325cc38f305e1c183-package-scalar-cjson-v6-chain4 reference_startup_homology_density_and_representation_checked
scalar_v6_native_startups 589 /1620 5f2cff54944534f753c85f2b8b0fdc85ba08428ca525eb0bdba8445af2ff0484-broad-scalar-cjson-v6-chain1 reference_startup_homology_density_and_representation_checked
scalar_v6_native_startups 590 /1620 5f2cff54944534f753c85f2b8b0fdc85ba08428ca525eb0bdba8445af2ff0484-broad-scalar-cjson-v6-chain2 reference_startup_homology_density_and_representation_checked
scalar_v6_native_startups 591 /1620 5f2cff54944534f753c85f2b8b0fdc85ba08428ca525eb0bdba8445af2ff0484-broad-scalar-cjson-v6-chain3 reference_startup_homology_density_and_representation_checked
scalar_v6_native_startups 592 /1620 5f2cff54944534f753c85f2b8b0fdc85ba08428ca525eb0bdba8445af2ff0484-broad-scalar-cjson-v6-chain4 reference_startup_homology_density_and_representation_checked
scalar_v6_native_startups 593 /1620 5f2cff54944534f753c85f2b8b0fdc85ba08428ca525eb0bdba8445af2ff0484-centered-scalar-cjson-v6-chain1 reference_startup_homology_density_and_representation_checked
scalar_v6_native_startups 594 /1620 5f2cff54944534f753c85f2b8b0fdc85ba08428ca525eb0bdba8445af2ff0484-centered-scalar-cjson-v6-chain2 reference_startup_homology_density_and_representation_checked
scalar_v6_native_startups 595 /1620 5f2cff54944534f753c85f2b8b0fdc85ba08428ca525eb0bdba8445af2ff0484-centered-scalar-cjson-v6-chain3 reference_startup_homology_density_and_representation_checked
scalar_v6_native_startups 596 /1620 5f2cff54944534f753c85f2b8b0fdc85ba08428ca525eb0bdba8445af2ff0484-centered-scalar-cjson-v6-chain4 reference_startup_homology_density_and_representation_checked
scalar_v6_native_startups 597 /1620 5f2cff54944534f753c85f2b8b0fdc85ba08428ca525eb0bdba8445af2ff0484-package-scalar-cjson-v6-chain1 reference_startup_homology_density_and_representation_checked
scalar_v6_native_startups 598 /1620 5f2cff54944534f753c85f2b8b0fdc85ba08428ca525eb0bdba8445af2ff0484-package-scalar-cjson-v6-chain2 reference_startup_homology_density_and_representation_checked
scalar_v6_native_startups 599 /1620 5f2cff54944534f753c85f2b8b0fdc85ba08428ca525eb0bdba8445af2ff0484-package-scalar-cjson-v6-chain4 reference_startup_homology_density_and_representation_checked
scalar_v6_native_startups 600 /1620 5f2cff54944534f753c85f2b8b0fdc85ba08428ca525eb0bdba8445af2ff0484-package-scalar-cjson-v6-chain3 reference_startup_homology_density_and_representation_checked
scalar_v6_native_startups 601 /1620 602fa0164ff79f6cc47b75c4f472ece68e9bb46ca665071456f31b7109298d26-broad-scalar-cjson-v6-chain1 reference_startup_homology_density_and_representation_checked
scalar_v6_native_startups 602 /1620 602fa0164ff79f6cc47b75c4f472ece68e9bb46ca665071456f31b7109298d26-broad-scalar-cjson-v6-chain2 reference_startup_homology_density_and_representation_checked
scalar_v6_native_startups 603 /1620 602fa0164ff79f6cc47b75c4f472ece68e9bb46ca665071456f31b7109298d26-broad-scalar-cjson-v6-chain3 reference_startup_homology_density_and_representation_checked
scalar_v6_native_startups 604 /1620 602fa0164ff79f6cc47b75c4f472ece68e9bb46ca665071456f31b7109298d26-broad-scalar-cjson-v6-chain4 reference_startup_homology_density_and_representation_checked
scalar_v6_native_startups 605 /1620 602fa0164ff79f6cc47b75c4f472ece68e9bb46ca665071456f31b7109298d26-centered-scalar-cjson-v6-chain2 reference_startup_homology_density_and_representation_checked
scalar_v6_native_startups 606 /1620 602fa0164ff79f6cc47b75c4f472ece68e9bb46ca665071456f31b7109298d26-centered-scalar-cjson-v6-chain1 reference_startup_homology_density_and_representation_checked
scalar_v6_native_startups 607 /1620 602fa0164ff79f6cc47b75c4f472ece68e9bb46ca665071456f31b7109298d26-centered-scalar-cjson-v6-chain3 reference_startup_homology_density_and_representation_checked
scalar_v6_native_startups 608 /1620 602fa0164ff79f6cc47b75c4f472ece68e9bb46ca665071456f31b7109298d26-centered-scalar-cjson-v6-chain4 reference_startup_homology_density_and_representation_checked
scalar_v6_native_startups 609 /1620 602fa0164ff79f6cc47b75c4f472ece68e9bb46ca665071456f31b7109298d26-package-scalar-cjson-v6-chain2 reference_startup_homology_density_and_representation_checked
scalar_v6_native_startups 610 /1620 602fa0164ff79f6cc47b75c4f472ece68e9bb46ca665071456f31b7109298d26-package-scalar-cjson-v6-chain1 reference_startup_homology_density_and_representation_checked
scalar_v6_native_startups 611 /1620 602fa0164ff79f6cc47b75c4f472ece68e9bb46ca665071456f31b7109298d26-package-scalar-cjson-v6-chain3 reference_startup_homology_density_and_representation_checked
scalar_v6_native_startups 612 /1620 602fa0164ff79f6cc47b75c4f472ece68e9bb46ca665071456f31b7109298d26-package-scalar-cjson-v6-chain4 reference_startup_homology_density_and_representation_checked
scalar_v6_native_startups 613 /1620 64046e2e54e9cbad4d19cc24eadbe4264b801ae9b75ac704e125575c08501937-broad-scalar-cjson-v6-chain1 reference_startup_homology_density_and_representation_checked
scalar_v6_native_startups 614 /1620 64046e2e54e9cbad4d19cc24eadbe4264b801ae9b75ac704e125575c08501937-broad-scalar-cjson-v6-chain2 reference_startup_homology_density_and_representation_checked
scalar_v6_native_startups 615 /1620 64046e2e54e9cbad4d19cc24eadbe4264b801ae9b75ac704e125575c08501937-broad-scalar-cjson-v6-chain4 reference_startup_homology_density_and_representation_checked
scalar_v6_native_startups 616 /1620 64046e2e54e9cbad4d19cc24eadbe4264b801ae9b75ac704e125575c08501937-broad-scalar-cjson-v6-chain3 reference_startup_homology_density_and_representation_checked
scalar_v6_native_startups 617 /1620 64046e2e54e9cbad4d19cc24eadbe4264b801ae9b75ac704e125575c08501937-centered-scalar-cjson-v6-chain1 reference_startup_homology_density_and_representation_checked
scalar_v6_native_startups 618 /1620 64046e2e54e9cbad4d19cc24eadbe4264b801ae9b75ac704e125575c08501937-centered-scalar-cjson-v6-chain2 reference_startup_homology_density_and_representation_checked
scalar_v6_native_startups 619 /1620 64046e2e54e9cbad4d19cc24eadbe4264b801ae9b75ac704e125575c08501937-centered-scalar-cjson-v6-chain3 reference_startup_homology_density_and_representation_checked
scalar_v6_native_startups 620 /1620 64046e2e54e9cbad4d19cc24eadbe4264b801ae9b75ac704e125575c08501937-centered-scalar-cjson-v6-chain4 reference_startup_homology_density_and_representation_checked
scalar_v6_native_startups 621 /1620 64046e2e54e9cbad4d19cc24eadbe4264b801ae9b75ac704e125575c08501937-package-scalar-cjson-v6-chain1 reference_startup_homology_density_and_representation_checked
scalar_v6_native_startups 622 /1620 64046e2e54e9cbad4d19cc24eadbe4264b801ae9b75ac704e125575c08501937-package-scalar-cjson-v6-chain2 reference_startup_homology_density_and_representation_checked
scalar_v6_native_startups 623 /1620 64046e2e54e9cbad4d19cc24eadbe4264b801ae9b75ac704e125575c08501937-package-scalar-cjson-v6-chain3 reference_startup_homology_density_and_representation_checked
scalar_v6_native_startups 624 /1620 64046e2e54e9cbad4d19cc24eadbe4264b801ae9b75ac704e125575c08501937-package-scalar-cjson-v6-chain4 reference_startup_homology_density_and_representation_checked
scalar_v6_native_startups 625 /1620 645960b19ce0a5aecfc270e554c34ffe279eea2ca6448256ac748a130700e3b0-broad-scalar-cjson-v6-chain1 reference_startup_homology_density_and_representation_checked
scalar_v6_native_startups 626 /1620 645960b19ce0a5aecfc270e554c34ffe279eea2ca6448256ac748a130700e3b0-broad-scalar-cjson-v6-chain2 reference_startup_homology_density_and_representation_checked
scalar_v6_native_startups 627 /1620 645960b19ce0a5aecfc270e554c34ffe279eea2ca6448256ac748a130700e3b0-broad-scalar-cjson-v6-chain3 reference_startup_homology_density_and_representation_checked
scalar_v6_native_startups 628 /1620 645960b19ce0a5aecfc270e554c34ffe279eea2ca6448256ac748a130700e3b0-broad-scalar-cjson-v6-chain4 reference_startup_homology_density_and_representation_checked
scalar_v6_native_startups 629 /1620 645960b19ce0a5aecfc270e554c34ffe279eea2ca6448256ac748a130700e3b0-centered-scalar-cjson-v6-chain1 reference_startup_homology_density_and_representation_checked
scalar_v6_native_startups 630 /1620 645960b19ce0a5aecfc270e554c34ffe279eea2ca6448256ac748a130700e3b0-centered-scalar-cjson-v6-chain2 reference_startup_homology_density_and_representation_checked
scalar_v6_native_startups 631 /1620 645960b19ce0a5aecfc270e554c34ffe279eea2ca6448256ac748a130700e3b0-centered-scalar-cjson-v6-chain3 reference_startup_homology_density_and_representation_checked
scalar_v6_native_startups 632 /1620 645960b19ce0a5aecfc270e554c34ffe279eea2ca6448256ac748a130700e3b0-centered-scalar-cjson-v6-chain4 reference_startup_homology_density_and_representation_checked
scalar_v6_native_startups 633 /1620 645960b19ce0a5aecfc270e554c34ffe279eea2ca6448256ac748a130700e3b0-package-scalar-cjson-v6-chain1 reference_startup_homology_density_and_representation_checked
scalar_v6_native_startups 634 /1620 645960b19ce0a5aecfc270e554c34ffe279eea2ca6448256ac748a130700e3b0-package-scalar-cjson-v6-chain3 reference_startup_homology_density_and_representation_checked
scalar_v6_native_startups 635 /1620 645960b19ce0a5aecfc270e554c34ffe279eea2ca6448256ac748a130700e3b0-package-scalar-cjson-v6-chain2 reference_startup_homology_density_and_representation_checked
scalar_v6_native_startups 636 /1620 645960b19ce0a5aecfc270e554c34ffe279eea2ca6448256ac748a130700e3b0-package-scalar-cjson-v6-chain4 reference_startup_homology_density_and_representation_checked
scalar_v6_native_startups 637 /1620 659e4c0b5aa2dfeab71fd6de60602141b2df84be741179fbfc895744545e4d2b-broad-scalar-cjson-v6-chain1 reference_startup_homology_density_and_representation_checked
scalar_v6_native_startups 638 /1620 659e4c0b5aa2dfeab71fd6de60602141b2df84be741179fbfc895744545e4d2b-broad-scalar-cjson-v6-chain2 reference_startup_homology_density_and_representation_checked
scalar_v6_native_startups 639 /1620 659e4c0b5aa2dfeab71fd6de60602141b2df84be741179fbfc895744545e4d2b-broad-scalar-cjson-v6-chain3 reference_startup_homology_density_and_representation_checked
scalar_v6_native_startups 640 /1620 659e4c0b5aa2dfeab71fd6de60602141b2df84be741179fbfc895744545e4d2b-broad-scalar-cjson-v6-chain4 reference_startup_homology_density_and_representation_checked
scalar_v6_native_startups 641 /1620 659e4c0b5aa2dfeab71fd6de60602141b2df84be741179fbfc895744545e4d2b-centered-scalar-cjson-v6-chain1 reference_startup_homology_density_and_representation_checked
scalar_v6_native_startups 642 /1620 659e4c0b5aa2dfeab71fd6de60602141b2df84be741179fbfc895744545e4d2b-centered-scalar-cjson-v6-chain2 reference_startup_homology_density_and_representation_checked
scalar_v6_native_startups 643 /1620 659e4c0b5aa2dfeab71fd6de60602141b2df84be741179fbfc895744545e4d2b-centered-scalar-cjson-v6-chain3 reference_startup_homology_density_and_representation_checked
scalar_v6_native_startups 644 /1620 659e4c0b5aa2dfeab71fd6de60602141b2df84be741179fbfc895744545e4d2b-centered-scalar-cjson-v6-chain4 reference_startup_homology_density_and_representation_checked
scalar_v6_native_startups 645 /1620 659e4c0b5aa2dfeab71fd6de60602141b2df84be741179fbfc895744545e4d2b-package-scalar-cjson-v6-chain1 reference_startup_homology_density_and_representation_checked
scalar_v6_native_startups 646 /1620 659e4c0b5aa2dfeab71fd6de60602141b2df84be741179fbfc895744545e4d2b-package-scalar-cjson-v6-chain2 reference_startup_homology_density_and_representation_checked
scalar_v6_native_startups 647 /1620 659e4c0b5aa2dfeab71fd6de60602141b2df84be741179fbfc895744545e4d2b-package-scalar-cjson-v6-chain3 reference_startup_homology_density_and_representation_checked
scalar_v6_native_startups 648 /1620 659e4c0b5aa2dfeab71fd6de60602141b2df84be741179fbfc895744545e4d2b-package-scalar-cjson-v6-chain4 reference_startup_homology_density_and_representation_checked
scalar_v6_native_startups 649 /1620 6780022a846d37ceb58cddb7d53e0067405c928b4fc6e405cabbb0f62bd09a0c-broad-scalar-cjson-v6-chain1 reference_startup_homology_density_and_representation_checked
scalar_v6_native_startups 650 /1620 6780022a846d37ceb58cddb7d53e0067405c928b4fc6e405cabbb0f62bd09a0c-broad-scalar-cjson-v6-chain2 reference_startup_homology_density_and_representation_checked
scalar_v6_native_startups 651 /1620 6780022a846d37ceb58cddb7d53e0067405c928b4fc6e405cabbb0f62bd09a0c-broad-scalar-cjson-v6-chain3 reference_startup_homology_density_and_representation_checked
scalar_v6_native_startups 652 /1620 6780022a846d37ceb58cddb7d53e0067405c928b4fc6e405cabbb0f62bd09a0c-centered-scalar-cjson-v6-chain1 reference_startup_homology_density_and_representation_checked
scalar_v6_native_startups 653 /1620 6780022a846d37ceb58cddb7d53e0067405c928b4fc6e405cabbb0f62bd09a0c-broad-scalar-cjson-v6-chain4 reference_startup_homology_density_and_representation_checked
scalar_v6_native_startups 654 /1620 6780022a846d37ceb58cddb7d53e0067405c928b4fc6e405cabbb0f62bd09a0c-centered-scalar-cjson-v6-chain3 reference_startup_homology_density_and_representation_checked
scalar_v6_native_startups 655 /1620 6780022a846d37ceb58cddb7d53e0067405c928b4fc6e405cabbb0f62bd09a0c-centered-scalar-cjson-v6-chain2 reference_startup_homology_density_and_representation_checked
scalar_v6_native_startups 656 /1620 6780022a846d37ceb58cddb7d53e0067405c928b4fc6e405cabbb0f62bd09a0c-centered-scalar-cjson-v6-chain4 reference_startup_homology_density_and_representation_checked
scalar_v6_native_startups 657 /1620 6780022a846d37ceb58cddb7d53e0067405c928b4fc6e405cabbb0f62bd09a0c-package-scalar-cjson-v6-chain1 reference_startup_homology_density_and_representation_checked
scalar_v6_native_startups 658 /1620 6780022a846d37ceb58cddb7d53e0067405c928b4fc6e405cabbb0f62bd09a0c-package-scalar-cjson-v6-chain3 reference_startup_homology_density_and_representation_checked
scalar_v6_native_startups 659 /1620 6780022a846d37ceb58cddb7d53e0067405c928b4fc6e405cabbb0f62bd09a0c-package-scalar-cjson-v6-chain2 reference_startup_homology_density_and_representation_checked
scalar_v6_native_startups 660 /1620 6be9338ed7273a20108313eb8cab3b6c8959d555496822a1c5a7525ba222b58f-broad-scalar-cjson-v6-chain1 reference_startup_homology_density_and_representation_checked
scalar_v6_native_startups 661 /1620 6780022a846d37ceb58cddb7d53e0067405c928b4fc6e405cabbb0f62bd09a0c-package-scalar-cjson-v6-chain4 reference_startup_homology_density_and_representation_checked
scalar_v6_native_startups 662 /1620 6be9338ed7273a20108313eb8cab3b6c8959d555496822a1c5a7525ba222b58f-broad-scalar-cjson-v6-chain2 reference_startup_homology_density_and_representation_checked
scalar_v6_native_startups 663 /1620 6be9338ed7273a20108313eb8cab3b6c8959d555496822a1c5a7525ba222b58f-broad-scalar-cjson-v6-chain3 reference_startup_homology_density_and_representation_checked
scalar_v6_native_startups 664 /1620 6be9338ed7273a20108313eb8cab3b6c8959d555496822a1c5a7525ba222b58f-broad-scalar-cjson-v6-chain4 reference_startup_homology_density_and_representation_checked
scalar_v6_native_startups 665 /1620 6be9338ed7273a20108313eb8cab3b6c8959d555496822a1c5a7525ba222b58f-centered-scalar-cjson-v6-chain1 reference_startup_homology_density_and_representation_checked
scalar_v6_native_startups 666 /1620 6be9338ed7273a20108313eb8cab3b6c8959d555496822a1c5a7525ba222b58f-centered-scalar-cjson-v6-chain2 reference_startup_homology_density_and_representation_checked
scalar_v6_native_startups 667 /1620 6be9338ed7273a20108313eb8cab3b6c8959d555496822a1c5a7525ba222b58f-centered-scalar-cjson-v6-chain3 reference_startup_homology_density_and_representation_checked
scalar_v6_native_startups 668 /1620 6be9338ed7273a20108313eb8cab3b6c8959d555496822a1c5a7525ba222b58f-centered-scalar-cjson-v6-chain4 reference_startup_homology_density_and_representation_checked
scalar_v6_native_startups 669 /1620 6be9338ed7273a20108313eb8cab3b6c8959d555496822a1c5a7525ba222b58f-package-scalar-cjson-v6-chain1 reference_startup_homology_density_and_representation_checked
scalar_v6_native_startups 670 /1620 6be9338ed7273a20108313eb8cab3b6c8959d555496822a1c5a7525ba222b58f-package-scalar-cjson-v6-chain2 reference_startup_homology_density_and_representation_checked
scalar_v6_native_startups 671 /1620 6be9338ed7273a20108313eb8cab3b6c8959d555496822a1c5a7525ba222b58f-package-scalar-cjson-v6-chain3 reference_startup_homology_density_and_representation_checked
scalar_v6_native_startups 672 /1620 6be9338ed7273a20108313eb8cab3b6c8959d555496822a1c5a7525ba222b58f-package-scalar-cjson-v6-chain4 reference_startup_homology_density_and_representation_checked
scalar_v6_native_startups 673 /1620 6e2c9236ee2a9f0ca9b109da301c6b2e0fc5ed7abcd0d873af8b147bf317536a-broad-scalar-cjson-v6-chain1 reference_startup_homology_density_and_representation_checked
scalar_v6_native_startups 674 /1620 6e2c9236ee2a9f0ca9b109da301c6b2e0fc5ed7abcd0d873af8b147bf317536a-broad-scalar-cjson-v6-chain2 reference_startup_homology_density_and_representation_checked
scalar_v6_native_startups 675 /1620 6e2c9236ee2a9f0ca9b109da301c6b2e0fc5ed7abcd0d873af8b147bf317536a-broad-scalar-cjson-v6-chain3 reference_startup_homology_density_and_representation_checked
scalar_v6_native_startups 676 /1620 6e2c9236ee2a9f0ca9b109da301c6b2e0fc5ed7abcd0d873af8b147bf317536a-broad-scalar-cjson-v6-chain4 reference_startup_homology_density_and_representation_checked
scalar_v6_native_startups 677 /1620 6e2c9236ee2a9f0ca9b109da301c6b2e0fc5ed7abcd0d873af8b147bf317536a-centered-scalar-cjson-v6-chain1 reference_startup_homology_density_and_representation_checked
scalar_v6_native_startups 678 /1620 6e2c9236ee2a9f0ca9b109da301c6b2e0fc5ed7abcd0d873af8b147bf317536a-centered-scalar-cjson-v6-chain2 reference_startup_homology_density_and_representation_checked
scalar_v6_native_startups 679 /1620 6e2c9236ee2a9f0ca9b109da301c6b2e0fc5ed7abcd0d873af8b147bf317536a-centered-scalar-cjson-v6-chain3 reference_startup_homology_density_and_representation_checked
scalar_v6_native_startups 680 /1620 6e2c9236ee2a9f0ca9b109da301c6b2e0fc5ed7abcd0d873af8b147bf317536a-centered-scalar-cjson-v6-chain4 reference_startup_homology_density_and_representation_checked
scalar_v6_native_startups 681 /1620 6e2c9236ee2a9f0ca9b109da301c6b2e0fc5ed7abcd0d873af8b147bf317536a-package-scalar-cjson-v6-chain1 reference_startup_homology_density_and_representation_checked
scalar_v6_native_startups 682 /1620 6e2c9236ee2a9f0ca9b109da301c6b2e0fc5ed7abcd0d873af8b147bf317536a-package-scalar-cjson-v6-chain2 reference_startup_homology_density_and_representation_checked
scalar_v6_native_startups 683 /1620 6e2c9236ee2a9f0ca9b109da301c6b2e0fc5ed7abcd0d873af8b147bf317536a-package-scalar-cjson-v6-chain3 reference_startup_homology_density_and_representation_checked
scalar_v6_native_startups 684 /1620 6e2c9236ee2a9f0ca9b109da301c6b2e0fc5ed7abcd0d873af8b147bf317536a-package-scalar-cjson-v6-chain4 reference_startup_homology_density_and_representation_checked
scalar_v6_native_startups 685 /1620 6f43d6e4137e9bbecbc76a034ede845ac0801c61b4362643b63aeb97cae91f91-broad-scalar-cjson-v6-chain1 reference_startup_homology_density_and_representation_checked
scalar_v6_native_startups 686 /1620 6f43d6e4137e9bbecbc76a034ede845ac0801c61b4362643b63aeb97cae91f91-broad-scalar-cjson-v6-chain2 reference_startup_homology_density_and_representation_checked
scalar_v6_native_startups 687 /1620 6f43d6e4137e9bbecbc76a034ede845ac0801c61b4362643b63aeb97cae91f91-broad-scalar-cjson-v6-chain3 reference_startup_homology_density_and_representation_checked
scalar_v6_native_startups 688 /1620 6f43d6e4137e9bbecbc76a034ede845ac0801c61b4362643b63aeb97cae91f91-centered-scalar-cjson-v6-chain1 reference_startup_homology_density_and_representation_checked
scalar_v6_native_startups 689 /1620 6f43d6e4137e9bbecbc76a034ede845ac0801c61b4362643b63aeb97cae91f91-broad-scalar-cjson-v6-chain4 reference_startup_homology_density_and_representation_checked
scalar_v6_native_startups 690 /1620 6f43d6e4137e9bbecbc76a034ede845ac0801c61b4362643b63aeb97cae91f91-centered-scalar-cjson-v6-chain2 reference_startup_homology_density_and_representation_checked
scalar_v6_native_startups 691 /1620 6f43d6e4137e9bbecbc76a034ede845ac0801c61b4362643b63aeb97cae91f91-centered-scalar-cjson-v6-chain3 reference_startup_homology_density_and_representation_checked
scalar_v6_native_startups 692 /1620 6f43d6e4137e9bbecbc76a034ede845ac0801c61b4362643b63aeb97cae91f91-package-scalar-cjson-v6-chain1 reference_startup_homology_density_and_representation_checked
scalar_v6_native_startups 693 /1620 6f43d6e4137e9bbecbc76a034ede845ac0801c61b4362643b63aeb97cae91f91-centered-scalar-cjson-v6-chain4 reference_startup_homology_density_and_representation_checked
scalar_v6_native_startups 694 /1620 6f43d6e4137e9bbecbc76a034ede845ac0801c61b4362643b63aeb97cae91f91-package-scalar-cjson-v6-chain2 reference_startup_homology_density_and_representation_checked
scalar_v6_native_startups 695 /1620 6f43d6e4137e9bbecbc76a034ede845ac0801c61b4362643b63aeb97cae91f91-package-scalar-cjson-v6-chain3 reference_startup_homology_density_and_representation_checked
scalar_v6_native_startups 696 /1620 6f43d6e4137e9bbecbc76a034ede845ac0801c61b4362643b63aeb97cae91f91-package-scalar-cjson-v6-chain4 reference_startup_homology_density_and_representation_checked
scalar_v6_native_startups 697 /1620 6ff1d358d25649b75972e0ead3bd83090a7a33f226315ed5cacad2025e5e5dca-broad-scalar-cjson-v6-chain1 reference_startup_homology_density_and_representation_checked
scalar_v6_native_startups 698 /1620 6ff1d358d25649b75972e0ead3bd83090a7a33f226315ed5cacad2025e5e5dca-broad-scalar-cjson-v6-chain2 reference_startup_homology_density_and_representation_checked
scalar_v6_native_startups 699 /1620 6ff1d358d25649b75972e0ead3bd83090a7a33f226315ed5cacad2025e5e5dca-broad-scalar-cjson-v6-chain3 reference_startup_homology_density_and_representation_checked
scalar_v6_native_startups 700 /1620 6ff1d358d25649b75972e0ead3bd83090a7a33f226315ed5cacad2025e5e5dca-broad-scalar-cjson-v6-chain4 reference_startup_homology_density_and_representation_checked
scalar_v6_native_startups 701 /1620 6ff1d358d25649b75972e0ead3bd83090a7a33f226315ed5cacad2025e5e5dca-centered-scalar-cjson-v6-chain1 reference_startup_homology_density_and_representation_checked
scalar_v6_native_startups 702 /1620 6ff1d358d25649b75972e0ead3bd83090a7a33f226315ed5cacad2025e5e5dca-centered-scalar-cjson-v6-chain2 reference_startup_homology_density_and_representation_checked
scalar_v6_native_startups 703 /1620 6ff1d358d25649b75972e0ead3bd83090a7a33f226315ed5cacad2025e5e5dca-centered-scalar-cjson-v6-chain3 reference_startup_homology_density_and_representation_checked
scalar_v6_native_startups 704 /1620 6ff1d358d25649b75972e0ead3bd83090a7a33f226315ed5cacad2025e5e5dca-centered-scalar-cjson-v6-chain4 reference_startup_homology_density_and_representation_checked
scalar_v6_native_startups 705 /1620 6ff1d358d25649b75972e0ead3bd83090a7a33f226315ed5cacad2025e5e5dca-package-scalar-cjson-v6-chain1 reference_startup_homology_density_and_representation_checked
scalar_v6_native_startups 706 /1620 6ff1d358d25649b75972e0ead3bd83090a7a33f226315ed5cacad2025e5e5dca-package-scalar-cjson-v6-chain2 reference_startup_homology_density_and_representation_checked
scalar_v6_native_startups 707 /1620 6ff1d358d25649b75972e0ead3bd83090a7a33f226315ed5cacad2025e5e5dca-package-scalar-cjson-v6-chain3 reference_startup_homology_density_and_representation_checked
scalar_v6_native_startups 708 /1620 7002c8204fdca2f86df596e136cdcc527ec356d0240f46017f439f3c9c67168e-broad-scalar-cjson-v6-chain1 reference_startup_homology_density_and_representation_checked
scalar_v6_native_startups 709 /1620 6ff1d358d25649b75972e0ead3bd83090a7a33f226315ed5cacad2025e5e5dca-package-scalar-cjson-v6-chain4 reference_startup_homology_density_and_representation_checked
scalar_v6_native_startups 710 /1620 7002c8204fdca2f86df596e136cdcc527ec356d0240f46017f439f3c9c67168e-broad-scalar-cjson-v6-chain2 reference_startup_homology_density_and_representation_checked
scalar_v6_native_startups 711 /1620 7002c8204fdca2f86df596e136cdcc527ec356d0240f46017f439f3c9c67168e-broad-scalar-cjson-v6-chain3 reference_startup_homology_density_and_representation_checked
scalar_v6_native_startups 712 /1620 7002c8204fdca2f86df596e136cdcc527ec356d0240f46017f439f3c9c67168e-broad-scalar-cjson-v6-chain4 reference_startup_homology_density_and_representation_checked
scalar_v6_native_startups 713 /1620 7002c8204fdca2f86df596e136cdcc527ec356d0240f46017f439f3c9c67168e-centered-scalar-cjson-v6-chain1 reference_startup_homology_density_and_representation_checked
scalar_v6_native_startups 714 /1620 7002c8204fdca2f86df596e136cdcc527ec356d0240f46017f439f3c9c67168e-centered-scalar-cjson-v6-chain2 reference_startup_homology_density_and_representation_checked
scalar_v6_native_startups 715 /1620 7002c8204fdca2f86df596e136cdcc527ec356d0240f46017f439f3c9c67168e-centered-scalar-cjson-v6-chain3 reference_startup_homology_density_and_representation_checked
scalar_v6_native_startups 716 /1620 7002c8204fdca2f86df596e136cdcc527ec356d0240f46017f439f3c9c67168e-centered-scalar-cjson-v6-chain4 reference_startup_homology_density_and_representation_checked
scalar_v6_native_startups 717 /1620 7002c8204fdca2f86df596e136cdcc527ec356d0240f46017f439f3c9c67168e-package-scalar-cjson-v6-chain1 reference_startup_homology_density_and_representation_checked
scalar_v6_native_startups 718 /1620 7002c8204fdca2f86df596e136cdcc527ec356d0240f46017f439f3c9c67168e-package-scalar-cjson-v6-chain2 reference_startup_homology_density_and_representation_checked
scalar_v6_native_startups 719 /1620 7002c8204fdca2f86df596e136cdcc527ec356d0240f46017f439f3c9c67168e-package-scalar-cjson-v6-chain3 reference_startup_homology_density_and_representation_checked
scalar_v6_native_startups 720 /1620 7002c8204fdca2f86df596e136cdcc527ec356d0240f46017f439f3c9c67168e-package-scalar-cjson-v6-chain4 reference_startup_homology_density_and_representation_checked
scalar_v6_native_startups 721 /1620 71bd3c35cd9f5b01351bcc2ae5a480c1df2c63720466309b95ebcfeaeb0d6a7b-broad-scalar-cjson-v6-chain1 reference_startup_homology_density_and_representation_checked
scalar_v6_native_startups 722 /1620 71bd3c35cd9f5b01351bcc2ae5a480c1df2c63720466309b95ebcfeaeb0d6a7b-broad-scalar-cjson-v6-chain3 reference_startup_homology_density_and_representation_checked
scalar_v6_native_startups 723 /1620 71bd3c35cd9f5b01351bcc2ae5a480c1df2c63720466309b95ebcfeaeb0d6a7b-broad-scalar-cjson-v6-chain2 reference_startup_homology_density_and_representation_checked
scalar_v6_native_startups 724 /1620 71bd3c35cd9f5b01351bcc2ae5a480c1df2c63720466309b95ebcfeaeb0d6a7b-broad-scalar-cjson-v6-chain4 reference_startup_homology_density_and_representation_checked
scalar_v6_native_startups 725 /1620 71bd3c35cd9f5b01351bcc2ae5a480c1df2c63720466309b95ebcfeaeb0d6a7b-centered-scalar-cjson-v6-chain1 reference_startup_homology_density_and_representation_checked
scalar_v6_native_startups 726 /1620 71bd3c35cd9f5b01351bcc2ae5a480c1df2c63720466309b95ebcfeaeb0d6a7b-centered-scalar-cjson-v6-chain2 reference_startup_homology_density_and_representation_checked
scalar_v6_native_startups 727 /1620 71bd3c35cd9f5b01351bcc2ae5a480c1df2c63720466309b95ebcfeaeb0d6a7b-centered-scalar-cjson-v6-chain3 reference_startup_homology_density_and_representation_checked
scalar_v6_native_startups 728 /1620 71bd3c35cd9f5b01351bcc2ae5a480c1df2c63720466309b95ebcfeaeb0d6a7b-centered-scalar-cjson-v6-chain4 reference_startup_homology_density_and_representation_checked
scalar_v6_native_startups 729 /1620 71bd3c35cd9f5b01351bcc2ae5a480c1df2c63720466309b95ebcfeaeb0d6a7b-package-scalar-cjson-v6-chain1 reference_startup_homology_density_and_representation_checked
scalar_v6_native_startups 730 /1620 71bd3c35cd9f5b01351bcc2ae5a480c1df2c63720466309b95ebcfeaeb0d6a7b-package-scalar-cjson-v6-chain2 reference_startup_homology_density_and_representation_checked
scalar_v6_native_startups 731 /1620 71bd3c35cd9f5b01351bcc2ae5a480c1df2c63720466309b95ebcfeaeb0d6a7b-package-scalar-cjson-v6-chain3 reference_startup_homology_density_and_representation_checked
scalar_v6_native_startups 732 /1620 71bd3c35cd9f5b01351bcc2ae5a480c1df2c63720466309b95ebcfeaeb0d6a7b-package-scalar-cjson-v6-chain4 reference_startup_homology_density_and_representation_checked
scalar_v6_native_startups 733 /1620 79d5f6a895f223e056d7e9e145c6166e9fa8e4b6ecd5f327ae05087297deb8cb-broad-scalar-cjson-v6-chain1 reference_startup_homology_density_and_representation_checked
scalar_v6_native_startups 734 /1620 79d5f6a895f223e056d7e9e145c6166e9fa8e4b6ecd5f327ae05087297deb8cb-broad-scalar-cjson-v6-chain2 reference_startup_homology_density_and_representation_checked
scalar_v6_native_startups 735 /1620 79d5f6a895f223e056d7e9e145c6166e9fa8e4b6ecd5f327ae05087297deb8cb-broad-scalar-cjson-v6-chain3 reference_startup_homology_density_and_representation_checked
scalar_v6_native_startups 736 /1620 79d5f6a895f223e056d7e9e145c6166e9fa8e4b6ecd5f327ae05087297deb8cb-broad-scalar-cjson-v6-chain4 reference_startup_homology_density_and_representation_checked
scalar_v6_native_startups 737 /1620 79d5f6a895f223e056d7e9e145c6166e9fa8e4b6ecd5f327ae05087297deb8cb-centered-scalar-cjson-v6-chain1 reference_startup_homology_density_and_representation_checked
scalar_v6_native_startups 738 /1620 79d5f6a895f223e056d7e9e145c6166e9fa8e4b6ecd5f327ae05087297deb8cb-centered-scalar-cjson-v6-chain2 reference_startup_homology_density_and_representation_checked
scalar_v6_native_startups 739 /1620 79d5f6a895f223e056d7e9e145c6166e9fa8e4b6ecd5f327ae05087297deb8cb-centered-scalar-cjson-v6-chain3 reference_startup_homology_density_and_representation_checked
scalar_v6_native_startups 740 /1620 79d5f6a895f223e056d7e9e145c6166e9fa8e4b6ecd5f327ae05087297deb8cb-centered-scalar-cjson-v6-chain4 reference_startup_homology_density_and_representation_checked
scalar_v6_native_startups 741 /1620 79d5f6a895f223e056d7e9e145c6166e9fa8e4b6ecd5f327ae05087297deb8cb-package-scalar-cjson-v6-chain1 reference_startup_homology_density_and_representation_checked
scalar_v6_native_startups 742 /1620 79d5f6a895f223e056d7e9e145c6166e9fa8e4b6ecd5f327ae05087297deb8cb-package-scalar-cjson-v6-chain2 reference_startup_homology_density_and_representation_checked
scalar_v6_native_startups 743 /1620 79d5f6a895f223e056d7e9e145c6166e9fa8e4b6ecd5f327ae05087297deb8cb-package-scalar-cjson-v6-chain3 reference_startup_homology_density_and_representation_checked
scalar_v6_native_startups 744 /1620 79d5f6a895f223e056d7e9e145c6166e9fa8e4b6ecd5f327ae05087297deb8cb-package-scalar-cjson-v6-chain4 reference_startup_homology_density_and_representation_checked
scalar_v6_native_startups 745 /1620 7af5846938eaf392d31fd38852dd1fc2f15c7a1a30632408be9af08ab9dc85ad-broad-scalar-cjson-v6-chain1 reference_startup_homology_density_and_representation_checked
scalar_v6_native_startups 746 /1620 7af5846938eaf392d31fd38852dd1fc2f15c7a1a30632408be9af08ab9dc85ad-broad-scalar-cjson-v6-chain2 reference_startup_homology_density_and_representation_checked
scalar_v6_native_startups 747 /1620 7af5846938eaf392d31fd38852dd1fc2f15c7a1a30632408be9af08ab9dc85ad-broad-scalar-cjson-v6-chain3 reference_startup_homology_density_and_representation_checked
scalar_v6_native_startups 748 /1620 7af5846938eaf392d31fd38852dd1fc2f15c7a1a30632408be9af08ab9dc85ad-broad-scalar-cjson-v6-chain4 reference_startup_homology_density_and_representation_checked
scalar_v6_native_startups 749 /1620 7af5846938eaf392d31fd38852dd1fc2f15c7a1a30632408be9af08ab9dc85ad-centered-scalar-cjson-v6-chain1 reference_startup_homology_density_and_representation_checked
scalar_v6_native_startups 750 /1620 7af5846938eaf392d31fd38852dd1fc2f15c7a1a30632408be9af08ab9dc85ad-centered-scalar-cjson-v6-chain2 reference_startup_homology_density_and_representation_checked
scalar_v6_native_startups 751 /1620 7af5846938eaf392d31fd38852dd1fc2f15c7a1a30632408be9af08ab9dc85ad-centered-scalar-cjson-v6-chain3 reference_startup_homology_density_and_representation_checked
scalar_v6_native_startups 752 /1620 7af5846938eaf392d31fd38852dd1fc2f15c7a1a30632408be9af08ab9dc85ad-centered-scalar-cjson-v6-chain4 reference_startup_homology_density_and_representation_checked
scalar_v6_native_startups 753 /1620 7af5846938eaf392d31fd38852dd1fc2f15c7a1a30632408be9af08ab9dc85ad-package-scalar-cjson-v6-chain1 reference_startup_homology_density_and_representation_checked
scalar_v6_native_startups 754 /1620 7af5846938eaf392d31fd38852dd1fc2f15c7a1a30632408be9af08ab9dc85ad-package-scalar-cjson-v6-chain2 reference_startup_homology_density_and_representation_checked
scalar_v6_native_startups 755 /1620 7af5846938eaf392d31fd38852dd1fc2f15c7a1a30632408be9af08ab9dc85ad-package-scalar-cjson-v6-chain3 reference_startup_homology_density_and_representation_checked
scalar_v6_native_startups 756 /1620 7af5846938eaf392d31fd38852dd1fc2f15c7a1a30632408be9af08ab9dc85ad-package-scalar-cjson-v6-chain4 reference_startup_homology_density_and_representation_checked
scalar_v6_native_startups 757 /1620 7b2827f936c203303cfabb2740e6217419147af4a7292fccb61ff5bd7a96762d-broad-scalar-cjson-v6-chain1 reference_startup_homology_density_and_representation_checked
scalar_v6_native_startups 758 /1620 7b2827f936c203303cfabb2740e6217419147af4a7292fccb61ff5bd7a96762d-broad-scalar-cjson-v6-chain2 reference_startup_homology_density_and_representation_checked
scalar_v6_native_startups 759 /1620 7b2827f936c203303cfabb2740e6217419147af4a7292fccb61ff5bd7a96762d-broad-scalar-cjson-v6-chain4 reference_startup_homology_density_and_representation_checked
scalar_v6_native_startups 760 /1620 7b2827f936c203303cfabb2740e6217419147af4a7292fccb61ff5bd7a96762d-broad-scalar-cjson-v6-chain3 reference_startup_homology_density_and_representation_checked
scalar_v6_native_startups 761 /1620 7b2827f936c203303cfabb2740e6217419147af4a7292fccb61ff5bd7a96762d-centered-scalar-cjson-v6-chain1 reference_startup_homology_density_and_representation_checked
scalar_v6_native_startups 762 /1620 7b2827f936c203303cfabb2740e6217419147af4a7292fccb61ff5bd7a96762d-centered-scalar-cjson-v6-chain2 reference_startup_homology_density_and_representation_checked
scalar_v6_native_startups 763 /1620 7b2827f936c203303cfabb2740e6217419147af4a7292fccb61ff5bd7a96762d-centered-scalar-cjson-v6-chain3 reference_startup_homology_density_and_representation_checked
scalar_v6_native_startups 764 /1620 7b2827f936c203303cfabb2740e6217419147af4a7292fccb61ff5bd7a96762d-centered-scalar-cjson-v6-chain4 reference_startup_homology_density_and_representation_checked
scalar_v6_native_startups 765 /1620 7b2827f936c203303cfabb2740e6217419147af4a7292fccb61ff5bd7a96762d-package-scalar-cjson-v6-chain1 reference_startup_homology_density_and_representation_checked
scalar_v6_native_startups 766 /1620 7b2827f936c203303cfabb2740e6217419147af4a7292fccb61ff5bd7a96762d-package-scalar-cjson-v6-chain2 reference_startup_homology_density_and_representation_checked
scalar_v6_native_startups 767 /1620 7b2827f936c203303cfabb2740e6217419147af4a7292fccb61ff5bd7a96762d-package-scalar-cjson-v6-chain3 reference_startup_homology_density_and_representation_checked
scalar_v6_native_startups 768 /1620 7b2827f936c203303cfabb2740e6217419147af4a7292fccb61ff5bd7a96762d-package-scalar-cjson-v6-chain4 reference_startup_homology_density_and_representation_checked
scalar_v6_native_startups 769 /1620 7e207e8e6fc0d190143d5e55487874057827c1eecd1c5be97cdde51184c0a5d6-broad-scalar-cjson-v6-chain2 reference_startup_homology_density_and_representation_checked
scalar_v6_native_startups 770 /1620 7e207e8e6fc0d190143d5e55487874057827c1eecd1c5be97cdde51184c0a5d6-broad-scalar-cjson-v6-chain1 reference_startup_homology_density_and_representation_checked
scalar_v6_native_startups 771 /1620 7e207e8e6fc0d190143d5e55487874057827c1eecd1c5be97cdde51184c0a5d6-broad-scalar-cjson-v6-chain3 reference_startup_homology_density_and_representation_checked
scalar_v6_native_startups 772 /1620 7e207e8e6fc0d190143d5e55487874057827c1eecd1c5be97cdde51184c0a5d6-broad-scalar-cjson-v6-chain4 reference_startup_homology_density_and_representation_checked
scalar_v6_native_startups 773 /1620 7e207e8e6fc0d190143d5e55487874057827c1eecd1c5be97cdde51184c0a5d6-centered-scalar-cjson-v6-chain2 reference_startup_homology_density_and_representation_checked
scalar_v6_native_startups 774 /1620 7e207e8e6fc0d190143d5e55487874057827c1eecd1c5be97cdde51184c0a5d6-centered-scalar-cjson-v6-chain1 reference_startup_homology_density_and_representation_checked
scalar_v6_native_startups 775 /1620 7e207e8e6fc0d190143d5e55487874057827c1eecd1c5be97cdde51184c0a5d6-centered-scalar-cjson-v6-chain3 reference_startup_homology_density_and_representation_checked
scalar_v6_native_startups 776 /1620 7e207e8e6fc0d190143d5e55487874057827c1eecd1c5be97cdde51184c0a5d6-centered-scalar-cjson-v6-chain4 reference_startup_homology_density_and_representation_checked
scalar_v6_native_startups 777 /1620 7e207e8e6fc0d190143d5e55487874057827c1eecd1c5be97cdde51184c0a5d6-package-scalar-cjson-v6-chain1 reference_startup_homology_density_and_representation_checked
scalar_v6_native_startups 778 /1620 7e207e8e6fc0d190143d5e55487874057827c1eecd1c5be97cdde51184c0a5d6-package-scalar-cjson-v6-chain2 reference_startup_homology_density_and_representation_checked
scalar_v6_native_startups 779 /1620 7e207e8e6fc0d190143d5e55487874057827c1eecd1c5be97cdde51184c0a5d6-package-scalar-cjson-v6-chain3 reference_startup_homology_density_and_representation_checked
scalar_v6_native_startups 780 /1620 7e207e8e6fc0d190143d5e55487874057827c1eecd1c5be97cdde51184c0a5d6-package-scalar-cjson-v6-chain4 reference_startup_homology_density_and_representation_checked
scalar_v6_native_startups 781 /1620 80b5029583a1369b3be58f85f91f5c5fc109f89db7bdb29ada0d9f430f98fe3e-broad-scalar-cjson-v6-chain1 reference_startup_homology_density_and_representation_checked
scalar_v6_native_startups 782 /1620 80b5029583a1369b3be58f85f91f5c5fc109f89db7bdb29ada0d9f430f98fe3e-broad-scalar-cjson-v6-chain3 reference_startup_homology_density_and_representation_checked
scalar_v6_native_startups 783 /1620 80b5029583a1369b3be58f85f91f5c5fc109f89db7bdb29ada0d9f430f98fe3e-broad-scalar-cjson-v6-chain2 reference_startup_homology_density_and_representation_checked
scalar_v6_native_startups 784 /1620 80b5029583a1369b3be58f85f91f5c5fc109f89db7bdb29ada0d9f430f98fe3e-broad-scalar-cjson-v6-chain4 reference_startup_homology_density_and_representation_checked
scalar_v6_native_startups 785 /1620 80b5029583a1369b3be58f85f91f5c5fc109f89db7bdb29ada0d9f430f98fe3e-centered-scalar-cjson-v6-chain1 reference_startup_homology_density_and_representation_checked
scalar_v6_native_startups 786 /1620 80b5029583a1369b3be58f85f91f5c5fc109f89db7bdb29ada0d9f430f98fe3e-centered-scalar-cjson-v6-chain2 reference_startup_homology_density_and_representation_checked
scalar_v6_native_startups 787 /1620 80b5029583a1369b3be58f85f91f5c5fc109f89db7bdb29ada0d9f430f98fe3e-centered-scalar-cjson-v6-chain3 reference_startup_homology_density_and_representation_checked
scalar_v6_native_startups 788 /1620 80b5029583a1369b3be58f85f91f5c5fc109f89db7bdb29ada0d9f430f98fe3e-centered-scalar-cjson-v6-chain4 reference_startup_homology_density_and_representation_checked
scalar_v6_native_startups 789 /1620 80b5029583a1369b3be58f85f91f5c5fc109f89db7bdb29ada0d9f430f98fe3e-package-scalar-cjson-v6-chain1 reference_startup_homology_density_and_representation_checked
scalar_v6_native_startups 790 /1620 80b5029583a1369b3be58f85f91f5c5fc109f89db7bdb29ada0d9f430f98fe3e-package-scalar-cjson-v6-chain2 reference_startup_homology_density_and_representation_checked
scalar_v6_native_startups 791 /1620 80b5029583a1369b3be58f85f91f5c5fc109f89db7bdb29ada0d9f430f98fe3e-package-scalar-cjson-v6-chain3 reference_startup_homology_density_and_representation_checked
scalar_v6_native_startups 792 /1620 80b5029583a1369b3be58f85f91f5c5fc109f89db7bdb29ada0d9f430f98fe3e-package-scalar-cjson-v6-chain4 reference_startup_homology_density_and_representation_checked
scalar_v6_native_startups 793 /1620 8137ff819e5e923946d066c82eb900c091b6990f24edceec6a25861366174a23-broad-scalar-cjson-v6-chain1 reference_startup_homology_density_and_representation_checked
scalar_v6_native_startups 794 /1620 8137ff819e5e923946d066c82eb900c091b6990f24edceec6a25861366174a23-broad-scalar-cjson-v6-chain2 reference_startup_homology_density_and_representation_checked
scalar_v6_native_startups 795 /1620 8137ff819e5e923946d066c82eb900c091b6990f24edceec6a25861366174a23-broad-scalar-cjson-v6-chain3 reference_startup_homology_density_and_representation_checked
scalar_v6_native_startups 796 /1620 8137ff819e5e923946d066c82eb900c091b6990f24edceec6a25861366174a23-broad-scalar-cjson-v6-chain4 reference_startup_homology_density_and_representation_checked
scalar_v6_native_startups 797 /1620 8137ff819e5e923946d066c82eb900c091b6990f24edceec6a25861366174a23-centered-scalar-cjson-v6-chain1 reference_startup_homology_density_and_representation_checked
scalar_v6_native_startups 798 /1620 8137ff819e5e923946d066c82eb900c091b6990f24edceec6a25861366174a23-centered-scalar-cjson-v6-chain2 reference_startup_homology_density_and_representation_checked
scalar_v6_native_startups 799 /1620 8137ff819e5e923946d066c82eb900c091b6990f24edceec6a25861366174a23-centered-scalar-cjson-v6-chain3 reference_startup_homology_density_and_representation_checked
scalar_v6_native_startups 800 /1620 8137ff819e5e923946d066c82eb900c091b6990f24edceec6a25861366174a23-centered-scalar-cjson-v6-chain4 reference_startup_homology_density_and_representation_checked
scalar_v6_native_startups 801 /1620 8137ff819e5e923946d066c82eb900c091b6990f24edceec6a25861366174a23-package-scalar-cjson-v6-chain1 reference_startup_homology_density_and_representation_checked
scalar_v6_native_startups 802 /1620 8137ff819e5e923946d066c82eb900c091b6990f24edceec6a25861366174a23-package-scalar-cjson-v6-chain2 reference_startup_homology_density_and_representation_checked
scalar_v6_native_startups 803 /1620 8137ff819e5e923946d066c82eb900c091b6990f24edceec6a25861366174a23-package-scalar-cjson-v6-chain3 reference_startup_homology_density_and_representation_checked
scalar_v6_native_startups 804 /1620 8137ff819e5e923946d066c82eb900c091b6990f24edceec6a25861366174a23-package-scalar-cjson-v6-chain4 reference_startup_homology_density_and_representation_checked
scalar_v6_native_startups 805 /1620 880784829a37388be94c6c19537017b8966fd68f4847f9a56d3ced0c54959e9a-broad-scalar-cjson-v6-chain1 reference_startup_homology_density_and_representation_checked
scalar_v6_native_startups 806 /1620 880784829a37388be94c6c19537017b8966fd68f4847f9a56d3ced0c54959e9a-broad-scalar-cjson-v6-chain2 reference_startup_homology_density_and_representation_checked
scalar_v6_native_startups 807 /1620 880784829a37388be94c6c19537017b8966fd68f4847f9a56d3ced0c54959e9a-broad-scalar-cjson-v6-chain3 reference_startup_homology_density_and_representation_checked
scalar_v6_native_startups 808 /1620 880784829a37388be94c6c19537017b8966fd68f4847f9a56d3ced0c54959e9a-broad-scalar-cjson-v6-chain4 reference_startup_homology_density_and_representation_checked
scalar_v6_native_startups 809 /1620 880784829a37388be94c6c19537017b8966fd68f4847f9a56d3ced0c54959e9a-centered-scalar-cjson-v6-chain1 reference_startup_homology_density_and_representation_checked
scalar_v6_native_startups 810 /1620 880784829a37388be94c6c19537017b8966fd68f4847f9a56d3ced0c54959e9a-centered-scalar-cjson-v6-chain2 reference_startup_homology_density_and_representation_checked
scalar_v6_native_startups 811 /1620 880784829a37388be94c6c19537017b8966fd68f4847f9a56d3ced0c54959e9a-centered-scalar-cjson-v6-chain3 reference_startup_homology_density_and_representation_checked
scalar_v6_native_startups 812 /1620 880784829a37388be94c6c19537017b8966fd68f4847f9a56d3ced0c54959e9a-package-scalar-cjson-v6-chain1 reference_startup_homology_density_and_representation_checked
scalar_v6_native_startups 813 /1620 880784829a37388be94c6c19537017b8966fd68f4847f9a56d3ced0c54959e9a-centered-scalar-cjson-v6-chain4 reference_startup_homology_density_and_representation_checked
scalar_v6_native_startups 814 /1620 880784829a37388be94c6c19537017b8966fd68f4847f9a56d3ced0c54959e9a-package-scalar-cjson-v6-chain3 reference_startup_homology_density_and_representation_checked
scalar_v6_native_startups 815 /1620 880784829a37388be94c6c19537017b8966fd68f4847f9a56d3ced0c54959e9a-package-scalar-cjson-v6-chain2 reference_startup_homology_density_and_representation_checked
scalar_v6_native_startups 816 /1620 880784829a37388be94c6c19537017b8966fd68f4847f9a56d3ced0c54959e9a-package-scalar-cjson-v6-chain4 reference_startup_homology_density_and_representation_checked
scalar_v6_native_startups 817 /1620 89598f9a3da57179dfc83940a1026306836060ca86bf3387f1c3bbb6989fac86-broad-scalar-cjson-v6-chain1 reference_startup_homology_density_and_representation_checked
scalar_v6_native_startups 818 /1620 89598f9a3da57179dfc83940a1026306836060ca86bf3387f1c3bbb6989fac86-broad-scalar-cjson-v6-chain2 reference_startup_homology_density_and_representation_checked
scalar_v6_native_startups 819 /1620 89598f9a3da57179dfc83940a1026306836060ca86bf3387f1c3bbb6989fac86-broad-scalar-cjson-v6-chain3 reference_startup_homology_density_and_representation_checked
scalar_v6_native_startups 820 /1620 89598f9a3da57179dfc83940a1026306836060ca86bf3387f1c3bbb6989fac86-broad-scalar-cjson-v6-chain4 reference_startup_homology_density_and_representation_checked
scalar_v6_native_startups 821 /1620 89598f9a3da57179dfc83940a1026306836060ca86bf3387f1c3bbb6989fac86-centered-scalar-cjson-v6-chain1 reference_startup_homology_density_and_representation_checked
scalar_v6_native_startups 822 /1620 89598f9a3da57179dfc83940a1026306836060ca86bf3387f1c3bbb6989fac86-centered-scalar-cjson-v6-chain2 reference_startup_homology_density_and_representation_checked
scalar_v6_native_startups 823 /1620 89598f9a3da57179dfc83940a1026306836060ca86bf3387f1c3bbb6989fac86-centered-scalar-cjson-v6-chain3 reference_startup_homology_density_and_representation_checked
scalar_v6_native_startups 824 /1620 89598f9a3da57179dfc83940a1026306836060ca86bf3387f1c3bbb6989fac86-centered-scalar-cjson-v6-chain4 reference_startup_homology_density_and_representation_checked
scalar_v6_native_startups 825 /1620 89598f9a3da57179dfc83940a1026306836060ca86bf3387f1c3bbb6989fac86-package-scalar-cjson-v6-chain1 reference_startup_homology_density_and_representation_checked
scalar_v6_native_startups 826 /1620 89598f9a3da57179dfc83940a1026306836060ca86bf3387f1c3bbb6989fac86-package-scalar-cjson-v6-chain2 reference_startup_homology_density_and_representation_checked
scalar_v6_native_startups 827 /1620 89598f9a3da57179dfc83940a1026306836060ca86bf3387f1c3bbb6989fac86-package-scalar-cjson-v6-chain3 reference_startup_homology_density_and_representation_checked
scalar_v6_native_startups 828 /1620 89598f9a3da57179dfc83940a1026306836060ca86bf3387f1c3bbb6989fac86-package-scalar-cjson-v6-chain4 reference_startup_homology_density_and_representation_checked
scalar_v6_native_startups 829 /1620 8b4bdd43c6f7ad68f26c76d2c6430a5c9d7ee8e3b4ba88b08391d053a78710f3-broad-scalar-cjson-v6-chain1 reference_startup_homology_density_and_representation_checked
scalar_v6_native_startups 830 /1620 8b4bdd43c6f7ad68f26c76d2c6430a5c9d7ee8e3b4ba88b08391d053a78710f3-broad-scalar-cjson-v6-chain2 reference_startup_homology_density_and_representation_checked
scalar_v6_native_startups 831 /1620 8b4bdd43c6f7ad68f26c76d2c6430a5c9d7ee8e3b4ba88b08391d053a78710f3-broad-scalar-cjson-v6-chain3 reference_startup_homology_density_and_representation_checked
scalar_v6_native_startups 832 /1620 8b4bdd43c6f7ad68f26c76d2c6430a5c9d7ee8e3b4ba88b08391d053a78710f3-broad-scalar-cjson-v6-chain4 reference_startup_homology_density_and_representation_checked
scalar_v6_native_startups 833 /1620 8b4bdd43c6f7ad68f26c76d2c6430a5c9d7ee8e3b4ba88b08391d053a78710f3-centered-scalar-cjson-v6-chain1 reference_startup_homology_density_and_representation_checked
scalar_v6_native_startups 834 /1620 8b4bdd43c6f7ad68f26c76d2c6430a5c9d7ee8e3b4ba88b08391d053a78710f3-centered-scalar-cjson-v6-chain2 reference_startup_homology_density_and_representation_checked
scalar_v6_native_startups 835 /1620 8b4bdd43c6f7ad68f26c76d2c6430a5c9d7ee8e3b4ba88b08391d053a78710f3-centered-scalar-cjson-v6-chain4 reference_startup_homology_density_and_representation_checked
scalar_v6_native_startups 836 /1620 8b4bdd43c6f7ad68f26c76d2c6430a5c9d7ee8e3b4ba88b08391d053a78710f3-centered-scalar-cjson-v6-chain3 reference_startup_homology_density_and_representation_checked
scalar_v6_native_startups 837 /1620 8b4bdd43c6f7ad68f26c76d2c6430a5c9d7ee8e3b4ba88b08391d053a78710f3-package-scalar-cjson-v6-chain1 reference_startup_homology_density_and_representation_checked
scalar_v6_native_startups 838 /1620 8b4bdd43c6f7ad68f26c76d2c6430a5c9d7ee8e3b4ba88b08391d053a78710f3-package-scalar-cjson-v6-chain2 reference_startup_homology_density_and_representation_checked
scalar_v6_native_startups 839 /1620 8b4bdd43c6f7ad68f26c76d2c6430a5c9d7ee8e3b4ba88b08391d053a78710f3-package-scalar-cjson-v6-chain3 reference_startup_homology_density_and_representation_checked
scalar_v6_native_startups 840 /1620 8b4bdd43c6f7ad68f26c76d2c6430a5c9d7ee8e3b4ba88b08391d053a78710f3-package-scalar-cjson-v6-chain4 reference_startup_homology_density_and_representation_checked
scalar_v6_native_startups 841 /1620 8bbf275a1a46fe2e135deabd11522f9d748742e8cdbec76fe37c3fce2a2fcf00-broad-scalar-cjson-v6-chain1 reference_startup_homology_density_and_representation_checked
scalar_v6_native_startups 842 /1620 8bbf275a1a46fe2e135deabd11522f9d748742e8cdbec76fe37c3fce2a2fcf00-broad-scalar-cjson-v6-chain2 reference_startup_homology_density_and_representation_checked
scalar_v6_native_startups 843 /1620 8bbf275a1a46fe2e135deabd11522f9d748742e8cdbec76fe37c3fce2a2fcf00-broad-scalar-cjson-v6-chain3 reference_startup_homology_density_and_representation_checked
scalar_v6_native_startups 844 /1620 8bbf275a1a46fe2e135deabd11522f9d748742e8cdbec76fe37c3fce2a2fcf00-broad-scalar-cjson-v6-chain4 reference_startup_homology_density_and_representation_checked
scalar_v6_native_startups 845 /1620 8bbf275a1a46fe2e135deabd11522f9d748742e8cdbec76fe37c3fce2a2fcf00-centered-scalar-cjson-v6-chain1 reference_startup_homology_density_and_representation_checked
scalar_v6_native_startups 846 /1620 8bbf275a1a46fe2e135deabd11522f9d748742e8cdbec76fe37c3fce2a2fcf00-centered-scalar-cjson-v6-chain2 reference_startup_homology_density_and_representation_checked
scalar_v6_native_startups 847 /1620 8bbf275a1a46fe2e135deabd11522f9d748742e8cdbec76fe37c3fce2a2fcf00-centered-scalar-cjson-v6-chain3 reference_startup_homology_density_and_representation_checked
scalar_v6_native_startups 848 /1620 8bbf275a1a46fe2e135deabd11522f9d748742e8cdbec76fe37c3fce2a2fcf00-centered-scalar-cjson-v6-chain4 reference_startup_homology_density_and_representation_checked
scalar_v6_native_startups 849 /1620 8bbf275a1a46fe2e135deabd11522f9d748742e8cdbec76fe37c3fce2a2fcf00-package-scalar-cjson-v6-chain2 reference_startup_homology_density_and_representation_checked
scalar_v6_native_startups 850 /1620 8bbf275a1a46fe2e135deabd11522f9d748742e8cdbec76fe37c3fce2a2fcf00-package-scalar-cjson-v6-chain1 reference_startup_homology_density_and_representation_checked
scalar_v6_native_startups 851 /1620 8bbf275a1a46fe2e135deabd11522f9d748742e8cdbec76fe37c3fce2a2fcf00-package-scalar-cjson-v6-chain3 reference_startup_homology_density_and_representation_checked
scalar_v6_native_startups 852 /1620 8bbf275a1a46fe2e135deabd11522f9d748742e8cdbec76fe37c3fce2a2fcf00-package-scalar-cjson-v6-chain4 reference_startup_homology_density_and_representation_checked
scalar_v6_native_startups 853 /1620 8c9273caab4064bce5d48888891d8cb29bdbb91c436ba0e22785507dfd3c04e3-broad-scalar-cjson-v6-chain2 reference_startup_homology_density_and_representation_checked
scalar_v6_native_startups 854 /1620 8c9273caab4064bce5d48888891d8cb29bdbb91c436ba0e22785507dfd3c04e3-broad-scalar-cjson-v6-chain1 reference_startup_homology_density_and_representation_checked
scalar_v6_native_startups 855 /1620 8c9273caab4064bce5d48888891d8cb29bdbb91c436ba0e22785507dfd3c04e3-broad-scalar-cjson-v6-chain3 reference_startup_homology_density_and_representation_checked
scalar_v6_native_startups 856 /1620 8c9273caab4064bce5d48888891d8cb29bdbb91c436ba0e22785507dfd3c04e3-broad-scalar-cjson-v6-chain4 reference_startup_homology_density_and_representation_checked
scalar_v6_native_startups 857 /1620 8c9273caab4064bce5d48888891d8cb29bdbb91c436ba0e22785507dfd3c04e3-centered-scalar-cjson-v6-chain1 reference_startup_homology_density_and_representation_checked
scalar_v6_native_startups 858 /1620 8c9273caab4064bce5d48888891d8cb29bdbb91c436ba0e22785507dfd3c04e3-centered-scalar-cjson-v6-chain2 reference_startup_homology_density_and_representation_checked
scalar_v6_native_startups 859 /1620 8c9273caab4064bce5d48888891d8cb29bdbb91c436ba0e22785507dfd3c04e3-centered-scalar-cjson-v6-chain3 reference_startup_homology_density_and_representation_checked
scalar_v6_native_startups 860 /1620 8c9273caab4064bce5d48888891d8cb29bdbb91c436ba0e22785507dfd3c04e3-centered-scalar-cjson-v6-chain4 reference_startup_homology_density_and_representation_checked
scalar_v6_native_startups 861 /1620 8c9273caab4064bce5d48888891d8cb29bdbb91c436ba0e22785507dfd3c04e3-package-scalar-cjson-v6-chain1 reference_startup_homology_density_and_representation_checked
scalar_v6_native_startups 862 /1620 8c9273caab4064bce5d48888891d8cb29bdbb91c436ba0e22785507dfd3c04e3-package-scalar-cjson-v6-chain2 reference_startup_homology_density_and_representation_checked
scalar_v6_native_startups 863 /1620 8c9273caab4064bce5d48888891d8cb29bdbb91c436ba0e22785507dfd3c04e3-package-scalar-cjson-v6-chain3 reference_startup_homology_density_and_representation_checked
scalar_v6_native_startups 864 /1620 8c9273caab4064bce5d48888891d8cb29bdbb91c436ba0e22785507dfd3c04e3-package-scalar-cjson-v6-chain4 reference_startup_homology_density_and_representation_checked
scalar_v6_native_startups 865 /1620 8f253aff94d6ce28f3fca0a5be84699ed27fe7acaa56f718dce2fd6348558452-broad-scalar-cjson-v6-chain1 reference_startup_homology_density_and_representation_checked
scalar_v6_native_startups 866 /1620 8f253aff94d6ce28f3fca0a5be84699ed27fe7acaa56f718dce2fd6348558452-broad-scalar-cjson-v6-chain2 reference_startup_homology_density_and_representation_checked
scalar_v6_native_startups 867 /1620 8f253aff94d6ce28f3fca0a5be84699ed27fe7acaa56f718dce2fd6348558452-broad-scalar-cjson-v6-chain3 reference_startup_homology_density_and_representation_checked
scalar_v6_native_startups 868 /1620 8f253aff94d6ce28f3fca0a5be84699ed27fe7acaa56f718dce2fd6348558452-broad-scalar-cjson-v6-chain4 reference_startup_homology_density_and_representation_checked
scalar_v6_native_startups 869 /1620 8f253aff94d6ce28f3fca0a5be84699ed27fe7acaa56f718dce2fd6348558452-centered-scalar-cjson-v6-chain1 reference_startup_homology_density_and_representation_checked
scalar_v6_native_startups 870 /1620 8f253aff94d6ce28f3fca0a5be84699ed27fe7acaa56f718dce2fd6348558452-centered-scalar-cjson-v6-chain2 reference_startup_homology_density_and_representation_checked
scalar_v6_native_startups 871 /1620 8f253aff94d6ce28f3fca0a5be84699ed27fe7acaa56f718dce2fd6348558452-centered-scalar-cjson-v6-chain3 reference_startup_homology_density_and_representation_checked
scalar_v6_native_startups 872 /1620 8f253aff94d6ce28f3fca0a5be84699ed27fe7acaa56f718dce2fd6348558452-centered-scalar-cjson-v6-chain4 reference_startup_homology_density_and_representation_checked
scalar_v6_native_startups 873 /1620 8f253aff94d6ce28f3fca0a5be84699ed27fe7acaa56f718dce2fd6348558452-package-scalar-cjson-v6-chain1 reference_startup_homology_density_and_representation_checked
scalar_v6_native_startups 874 /1620 8f253aff94d6ce28f3fca0a5be84699ed27fe7acaa56f718dce2fd6348558452-package-scalar-cjson-v6-chain2 reference_startup_homology_density_and_representation_checked
scalar_v6_native_startups 875 /1620 8f253aff94d6ce28f3fca0a5be84699ed27fe7acaa56f718dce2fd6348558452-package-scalar-cjson-v6-chain3 reference_startup_homology_density_and_representation_checked
scalar_v6_native_startups 876 /1620 8f253aff94d6ce28f3fca0a5be84699ed27fe7acaa56f718dce2fd6348558452-package-scalar-cjson-v6-chain4 reference_startup_homology_density_and_representation_checked
scalar_v6_native_startups 877 /1620 9283e8d19acd1cdcfb781ae9a609159b747e35279cddc71ea8060ea1e874b58c-broad-scalar-cjson-v6-chain1 reference_startup_homology_density_and_representation_checked
scalar_v6_native_startups 878 /1620 9283e8d19acd1cdcfb781ae9a609159b747e35279cddc71ea8060ea1e874b58c-broad-scalar-cjson-v6-chain2 reference_startup_homology_density_and_representation_checked
scalar_v6_native_startups 879 /1620 9283e8d19acd1cdcfb781ae9a609159b747e35279cddc71ea8060ea1e874b58c-broad-scalar-cjson-v6-chain3 reference_startup_homology_density_and_representation_checked
scalar_v6_native_startups 880 /1620 9283e8d19acd1cdcfb781ae9a609159b747e35279cddc71ea8060ea1e874b58c-broad-scalar-cjson-v6-chain4 reference_startup_homology_density_and_representation_checked
scalar_v6_native_startups 881 /1620 9283e8d19acd1cdcfb781ae9a609159b747e35279cddc71ea8060ea1e874b58c-centered-scalar-cjson-v6-chain1 reference_startup_homology_density_and_representation_checked
scalar_v6_native_startups 882 /1620 9283e8d19acd1cdcfb781ae9a609159b747e35279cddc71ea8060ea1e874b58c-centered-scalar-cjson-v6-chain2 reference_startup_homology_density_and_representation_checked
scalar_v6_native_startups 883 /1620 9283e8d19acd1cdcfb781ae9a609159b747e35279cddc71ea8060ea1e874b58c-centered-scalar-cjson-v6-chain4 reference_startup_homology_density_and_representation_checked
scalar_v6_native_startups 884 /1620 9283e8d19acd1cdcfb781ae9a609159b747e35279cddc71ea8060ea1e874b58c-centered-scalar-cjson-v6-chain3 reference_startup_homology_density_and_representation_checked
scalar_v6_native_startups 885 /1620 9283e8d19acd1cdcfb781ae9a609159b747e35279cddc71ea8060ea1e874b58c-package-scalar-cjson-v6-chain1 reference_startup_homology_density_and_representation_checked
scalar_v6_native_startups 886 /1620 9283e8d19acd1cdcfb781ae9a609159b747e35279cddc71ea8060ea1e874b58c-package-scalar-cjson-v6-chain2 reference_startup_homology_density_and_representation_checked
scalar_v6_native_startups 887 /1620 9283e8d19acd1cdcfb781ae9a609159b747e35279cddc71ea8060ea1e874b58c-package-scalar-cjson-v6-chain3 reference_startup_homology_density_and_representation_checked
scalar_v6_native_startups 888 /1620 9283e8d19acd1cdcfb781ae9a609159b747e35279cddc71ea8060ea1e874b58c-package-scalar-cjson-v6-chain4 reference_startup_homology_density_and_representation_checked
scalar_v6_native_startups 889 /1620 930e3256cf0f6c3a31f44c3da0e1809e7d51b5746e0421e6c1ebd7e84be62d1e-broad-scalar-cjson-v6-chain2 reference_startup_homology_density_and_representation_checked
scalar_v6_native_startups 890 /1620 930e3256cf0f6c3a31f44c3da0e1809e7d51b5746e0421e6c1ebd7e84be62d1e-broad-scalar-cjson-v6-chain1 reference_startup_homology_density_and_representation_checked
scalar_v6_native_startups 891 /1620 930e3256cf0f6c3a31f44c3da0e1809e7d51b5746e0421e6c1ebd7e84be62d1e-broad-scalar-cjson-v6-chain4 reference_startup_homology_density_and_representation_checked
scalar_v6_native_startups 892 /1620 930e3256cf0f6c3a31f44c3da0e1809e7d51b5746e0421e6c1ebd7e84be62d1e-broad-scalar-cjson-v6-chain3 reference_startup_homology_density_and_representation_checked
scalar_v6_native_startups 893 /1620 930e3256cf0f6c3a31f44c3da0e1809e7d51b5746e0421e6c1ebd7e84be62d1e-centered-scalar-cjson-v6-chain2 reference_startup_homology_density_and_representation_checked
scalar_v6_native_startups 894 /1620 930e3256cf0f6c3a31f44c3da0e1809e7d51b5746e0421e6c1ebd7e84be62d1e-centered-scalar-cjson-v6-chain1 reference_startup_homology_density_and_representation_checked
scalar_v6_native_startups 895 /1620 930e3256cf0f6c3a31f44c3da0e1809e7d51b5746e0421e6c1ebd7e84be62d1e-centered-scalar-cjson-v6-chain4 reference_startup_homology_density_and_representation_checked
scalar_v6_native_startups 896 /1620 930e3256cf0f6c3a31f44c3da0e1809e7d51b5746e0421e6c1ebd7e84be62d1e-centered-scalar-cjson-v6-chain3 reference_startup_homology_density_and_representation_checked
scalar_v6_native_startups 897 /1620 930e3256cf0f6c3a31f44c3da0e1809e7d51b5746e0421e6c1ebd7e84be62d1e-package-scalar-cjson-v6-chain1 reference_startup_homology_density_and_representation_checked
scalar_v6_native_startups 898 /1620 930e3256cf0f6c3a31f44c3da0e1809e7d51b5746e0421e6c1ebd7e84be62d1e-package-scalar-cjson-v6-chain2 reference_startup_homology_density_and_representation_checked
scalar_v6_native_startups 899 /1620 930e3256cf0f6c3a31f44c3da0e1809e7d51b5746e0421e6c1ebd7e84be62d1e-package-scalar-cjson-v6-chain3 reference_startup_homology_density_and_representation_checked
scalar_v6_native_startups 900 /1620 930e3256cf0f6c3a31f44c3da0e1809e7d51b5746e0421e6c1ebd7e84be62d1e-package-scalar-cjson-v6-chain4 reference_startup_homology_density_and_representation_checked
scalar_v6_native_startups 901 /1620 944083ccb0fce446b3632602c3c1b77d03f8c564f00a1ed0289e926e4f0929db-broad-scalar-cjson-v6-chain2 reference_startup_homology_density_and_representation_checked
scalar_v6_native_startups 902 /1620 944083ccb0fce446b3632602c3c1b77d03f8c564f00a1ed0289e926e4f0929db-broad-scalar-cjson-v6-chain1 reference_startup_homology_density_and_representation_checked
scalar_v6_native_startups 903 /1620 944083ccb0fce446b3632602c3c1b77d03f8c564f00a1ed0289e926e4f0929db-broad-scalar-cjson-v6-chain4 reference_startup_homology_density_and_representation_checked
scalar_v6_native_startups 904 /1620 944083ccb0fce446b3632602c3c1b77d03f8c564f00a1ed0289e926e4f0929db-broad-scalar-cjson-v6-chain3 reference_startup_homology_density_and_representation_checked
scalar_v6_native_startups 905 /1620 944083ccb0fce446b3632602c3c1b77d03f8c564f00a1ed0289e926e4f0929db-centered-scalar-cjson-v6-chain2 reference_startup_homology_density_and_representation_checked
scalar_v6_native_startups 906 /1620 944083ccb0fce446b3632602c3c1b77d03f8c564f00a1ed0289e926e4f0929db-centered-scalar-cjson-v6-chain1 reference_startup_homology_density_and_representation_checked
scalar_v6_native_startups 907 /1620 944083ccb0fce446b3632602c3c1b77d03f8c564f00a1ed0289e926e4f0929db-centered-scalar-cjson-v6-chain3 reference_startup_homology_density_and_representation_checked
scalar_v6_native_startups 908 /1620 944083ccb0fce446b3632602c3c1b77d03f8c564f00a1ed0289e926e4f0929db-centered-scalar-cjson-v6-chain4 reference_startup_homology_density_and_representation_checked
scalar_v6_native_startups 909 /1620 944083ccb0fce446b3632602c3c1b77d03f8c564f00a1ed0289e926e4f0929db-package-scalar-cjson-v6-chain1 reference_startup_homology_density_and_representation_checked
scalar_v6_native_startups 910 /1620 944083ccb0fce446b3632602c3c1b77d03f8c564f00a1ed0289e926e4f0929db-package-scalar-cjson-v6-chain2 reference_startup_homology_density_and_representation_checked
scalar_v6_native_startups 911 /1620 944083ccb0fce446b3632602c3c1b77d03f8c564f00a1ed0289e926e4f0929db-package-scalar-cjson-v6-chain3 reference_startup_homology_density_and_representation_checked
scalar_v6_native_startups 912 /1620 944083ccb0fce446b3632602c3c1b77d03f8c564f00a1ed0289e926e4f0929db-package-scalar-cjson-v6-chain4 reference_startup_homology_density_and_representation_checked
scalar_v6_native_startups 913 /1620 962d56c2c55a612eb119905855a51d11add29ff3b18064b24c840ec3cc360cfd-broad-scalar-cjson-v6-chain1 reference_startup_homology_density_and_representation_checked
scalar_v6_native_startups 914 /1620 962d56c2c55a612eb119905855a51d11add29ff3b18064b24c840ec3cc360cfd-broad-scalar-cjson-v6-chain2 reference_startup_homology_density_and_representation_checked
scalar_v6_native_startups 915 /1620 962d56c2c55a612eb119905855a51d11add29ff3b18064b24c840ec3cc360cfd-broad-scalar-cjson-v6-chain4 reference_startup_homology_density_and_representation_checked
scalar_v6_native_startups 916 /1620 962d56c2c55a612eb119905855a51d11add29ff3b18064b24c840ec3cc360cfd-broad-scalar-cjson-v6-chain3 reference_startup_homology_density_and_representation_checked
scalar_v6_native_startups 917 /1620 962d56c2c55a612eb119905855a51d11add29ff3b18064b24c840ec3cc360cfd-centered-scalar-cjson-v6-chain2 reference_startup_homology_density_and_representation_checked
scalar_v6_native_startups 918 /1620 962d56c2c55a612eb119905855a51d11add29ff3b18064b24c840ec3cc360cfd-centered-scalar-cjson-v6-chain1 reference_startup_homology_density_and_representation_checked
scalar_v6_native_startups 919 /1620 962d56c2c55a612eb119905855a51d11add29ff3b18064b24c840ec3cc360cfd-centered-scalar-cjson-v6-chain3 reference_startup_homology_density_and_representation_checked
scalar_v6_native_startups 920 /1620 962d56c2c55a612eb119905855a51d11add29ff3b18064b24c840ec3cc360cfd-centered-scalar-cjson-v6-chain4 reference_startup_homology_density_and_representation_checked
scalar_v6_native_startups 921 /1620 962d56c2c55a612eb119905855a51d11add29ff3b18064b24c840ec3cc360cfd-package-scalar-cjson-v6-chain1 reference_startup_homology_density_and_representation_checked
scalar_v6_native_startups 922 /1620 962d56c2c55a612eb119905855a51d11add29ff3b18064b24c840ec3cc360cfd-package-scalar-cjson-v6-chain2 reference_startup_homology_density_and_representation_checked
scalar_v6_native_startups 923 /1620 962d56c2c55a612eb119905855a51d11add29ff3b18064b24c840ec3cc360cfd-package-scalar-cjson-v6-chain3 reference_startup_homology_density_and_representation_checked
scalar_v6_native_startups 924 /1620 962d56c2c55a612eb119905855a51d11add29ff3b18064b24c840ec3cc360cfd-package-scalar-cjson-v6-chain4 reference_startup_homology_density_and_representation_checked
scalar_v6_native_startups 925 /1620 97ac455856535fbd0aacf671ba350b189b81c8efdc8a2dedf27e6a5f69eab878-broad-scalar-cjson-v6-chain1 reference_startup_homology_density_and_representation_checked
scalar_v6_native_startups 926 /1620 97ac455856535fbd0aacf671ba350b189b81c8efdc8a2dedf27e6a5f69eab878-broad-scalar-cjson-v6-chain2 reference_startup_homology_density_and_representation_checked
scalar_v6_native_startups 927 /1620 97ac455856535fbd0aacf671ba350b189b81c8efdc8a2dedf27e6a5f69eab878-broad-scalar-cjson-v6-chain3 reference_startup_homology_density_and_representation_checked
scalar_v6_native_startups 928 /1620 97ac455856535fbd0aacf671ba350b189b81c8efdc8a2dedf27e6a5f69eab878-broad-scalar-cjson-v6-chain4 reference_startup_homology_density_and_representation_checked
scalar_v6_native_startups 929 /1620 97ac455856535fbd0aacf671ba350b189b81c8efdc8a2dedf27e6a5f69eab878-centered-scalar-cjson-v6-chain1 reference_startup_homology_density_and_representation_checked
scalar_v6_native_startups 930 /1620 97ac455856535fbd0aacf671ba350b189b81c8efdc8a2dedf27e6a5f69eab878-centered-scalar-cjson-v6-chain2 reference_startup_homology_density_and_representation_checked
scalar_v6_native_startups 931 /1620 97ac455856535fbd0aacf671ba350b189b81c8efdc8a2dedf27e6a5f69eab878-centered-scalar-cjson-v6-chain3 reference_startup_homology_density_and_representation_checked
scalar_v6_native_startups 932 /1620 97ac455856535fbd0aacf671ba350b189b81c8efdc8a2dedf27e6a5f69eab878-centered-scalar-cjson-v6-chain4 reference_startup_homology_density_and_representation_checked
scalar_v6_native_startups 933 /1620 97ac455856535fbd0aacf671ba350b189b81c8efdc8a2dedf27e6a5f69eab878-package-scalar-cjson-v6-chain1 reference_startup_homology_density_and_representation_checked
scalar_v6_native_startups 934 /1620 97ac455856535fbd0aacf671ba350b189b81c8efdc8a2dedf27e6a5f69eab878-package-scalar-cjson-v6-chain2 reference_startup_homology_density_and_representation_checked
scalar_v6_native_startups 935 /1620 97ac455856535fbd0aacf671ba350b189b81c8efdc8a2dedf27e6a5f69eab878-package-scalar-cjson-v6-chain3 reference_startup_homology_density_and_representation_checked
scalar_v6_native_startups 936 /1620 97ac455856535fbd0aacf671ba350b189b81c8efdc8a2dedf27e6a5f69eab878-package-scalar-cjson-v6-chain4 reference_startup_homology_density_and_representation_checked
scalar_v6_native_startups 937 /1620 9a841bcd1f3fe4c8748e5ff0ccc52defdc61bc8721fc3bc20ac6bf194b3f72b2-broad-scalar-cjson-v6-chain1 reference_startup_homology_density_and_representation_checked
scalar_v6_native_startups 938 /1620 9a841bcd1f3fe4c8748e5ff0ccc52defdc61bc8721fc3bc20ac6bf194b3f72b2-broad-scalar-cjson-v6-chain2 reference_startup_homology_density_and_representation_checked
scalar_v6_native_startups 939 /1620 9a841bcd1f3fe4c8748e5ff0ccc52defdc61bc8721fc3bc20ac6bf194b3f72b2-broad-scalar-cjson-v6-chain3 reference_startup_homology_density_and_representation_checked
scalar_v6_native_startups 940 /1620 9a841bcd1f3fe4c8748e5ff0ccc52defdc61bc8721fc3bc20ac6bf194b3f72b2-broad-scalar-cjson-v6-chain4 reference_startup_homology_density_and_representation_checked
scalar_v6_native_startups 941 /1620 9a841bcd1f3fe4c8748e5ff0ccc52defdc61bc8721fc3bc20ac6bf194b3f72b2-centered-scalar-cjson-v6-chain1 reference_startup_homology_density_and_representation_checked
scalar_v6_native_startups 942 /1620 9a841bcd1f3fe4c8748e5ff0ccc52defdc61bc8721fc3bc20ac6bf194b3f72b2-centered-scalar-cjson-v6-chain2 reference_startup_homology_density_and_representation_checked
scalar_v6_native_startups 943 /1620 9a841bcd1f3fe4c8748e5ff0ccc52defdc61bc8721fc3bc20ac6bf194b3f72b2-centered-scalar-cjson-v6-chain4 reference_startup_homology_density_and_representation_checked
scalar_v6_native_startups 944 /1620 9a841bcd1f3fe4c8748e5ff0ccc52defdc61bc8721fc3bc20ac6bf194b3f72b2-centered-scalar-cjson-v6-chain3 reference_startup_homology_density_and_representation_checked
scalar_v6_native_startups 945 /1620 9a841bcd1f3fe4c8748e5ff0ccc52defdc61bc8721fc3bc20ac6bf194b3f72b2-package-scalar-cjson-v6-chain2 reference_startup_homology_density_and_representation_checked
scalar_v6_native_startups 946 /1620 9a841bcd1f3fe4c8748e5ff0ccc52defdc61bc8721fc3bc20ac6bf194b3f72b2-package-scalar-cjson-v6-chain1 reference_startup_homology_density_and_representation_checked
scalar_v6_native_startups 947 /1620 9a841bcd1f3fe4c8748e5ff0ccc52defdc61bc8721fc3bc20ac6bf194b3f72b2-package-scalar-cjson-v6-chain3 reference_startup_homology_density_and_representation_checked
scalar_v6_native_startups 948 /1620 9a841bcd1f3fe4c8748e5ff0ccc52defdc61bc8721fc3bc20ac6bf194b3f72b2-package-scalar-cjson-v6-chain4 reference_startup_homology_density_and_representation_checked
scalar_v6_native_startups 949 /1620 9b92fbbb126a2db7b15e7c72df7eb6447db40116420a41c9b2197294eac105e0-broad-scalar-cjson-v6-chain1 reference_startup_homology_density_and_representation_checked
scalar_v6_native_startups 950 /1620 9b92fbbb126a2db7b15e7c72df7eb6447db40116420a41c9b2197294eac105e0-broad-scalar-cjson-v6-chain2 reference_startup_homology_density_and_representation_checked
scalar_v6_native_startups 951 /1620 9b92fbbb126a2db7b15e7c72df7eb6447db40116420a41c9b2197294eac105e0-broad-scalar-cjson-v6-chain3 reference_startup_homology_density_and_representation_checked
scalar_v6_native_startups 952 /1620 9b92fbbb126a2db7b15e7c72df7eb6447db40116420a41c9b2197294eac105e0-broad-scalar-cjson-v6-chain4 reference_startup_homology_density_and_representation_checked
scalar_v6_native_startups 953 /1620 9b92fbbb126a2db7b15e7c72df7eb6447db40116420a41c9b2197294eac105e0-centered-scalar-cjson-v6-chain1 reference_startup_homology_density_and_representation_checked
scalar_v6_native_startups 954 /1620 9b92fbbb126a2db7b15e7c72df7eb6447db40116420a41c9b2197294eac105e0-centered-scalar-cjson-v6-chain2 reference_startup_homology_density_and_representation_checked
scalar_v6_native_startups 955 /1620 9b92fbbb126a2db7b15e7c72df7eb6447db40116420a41c9b2197294eac105e0-centered-scalar-cjson-v6-chain4 reference_startup_homology_density_and_representation_checked
scalar_v6_native_startups 956 /1620 9b92fbbb126a2db7b15e7c72df7eb6447db40116420a41c9b2197294eac105e0-centered-scalar-cjson-v6-chain3 reference_startup_homology_density_and_representation_checked
scalar_v6_native_startups 957 /1620 9b92fbbb126a2db7b15e7c72df7eb6447db40116420a41c9b2197294eac105e0-package-scalar-cjson-v6-chain1 reference_startup_homology_density_and_representation_checked
scalar_v6_native_startups 958 /1620 9b92fbbb126a2db7b15e7c72df7eb6447db40116420a41c9b2197294eac105e0-package-scalar-cjson-v6-chain2 reference_startup_homology_density_and_representation_checked
scalar_v6_native_startups 959 /1620 9b92fbbb126a2db7b15e7c72df7eb6447db40116420a41c9b2197294eac105e0-package-scalar-cjson-v6-chain4 reference_startup_homology_density_and_representation_checked
scalar_v6_native_startups 960 /1620 9b92fbbb126a2db7b15e7c72df7eb6447db40116420a41c9b2197294eac105e0-package-scalar-cjson-v6-chain3 reference_startup_homology_density_and_representation_checked
scalar_v6_native_startups 961 /1620 9bfa1c6962db2d5afa8a1c216c65c54b39990a821fb0edac01288716cc03aff0-broad-scalar-cjson-v6-chain1 reference_startup_homology_density_and_representation_checked
scalar_v6_native_startups 962 /1620 9bfa1c6962db2d5afa8a1c216c65c54b39990a821fb0edac01288716cc03aff0-broad-scalar-cjson-v6-chain2 reference_startup_homology_density_and_representation_checked
scalar_v6_native_startups 963 /1620 9bfa1c6962db2d5afa8a1c216c65c54b39990a821fb0edac01288716cc03aff0-broad-scalar-cjson-v6-chain3 reference_startup_homology_density_and_representation_checked
scalar_v6_native_startups 964 /1620 9bfa1c6962db2d5afa8a1c216c65c54b39990a821fb0edac01288716cc03aff0-broad-scalar-cjson-v6-chain4 reference_startup_homology_density_and_representation_checked
scalar_v6_native_startups 965 /1620 9bfa1c6962db2d5afa8a1c216c65c54b39990a821fb0edac01288716cc03aff0-centered-scalar-cjson-v6-chain2 reference_startup_homology_density_and_representation_checked
scalar_v6_native_startups 966 /1620 9bfa1c6962db2d5afa8a1c216c65c54b39990a821fb0edac01288716cc03aff0-centered-scalar-cjson-v6-chain1 reference_startup_homology_density_and_representation_checked
scalar_v6_native_startups 967 /1620 9bfa1c6962db2d5afa8a1c216c65c54b39990a821fb0edac01288716cc03aff0-centered-scalar-cjson-v6-chain3 reference_startup_homology_density_and_representation_checked
scalar_v6_native_startups 968 /1620 9bfa1c6962db2d5afa8a1c216c65c54b39990a821fb0edac01288716cc03aff0-centered-scalar-cjson-v6-chain4 reference_startup_homology_density_and_representation_checked
scalar_v6_native_startups 969 /1620 9bfa1c6962db2d5afa8a1c216c65c54b39990a821fb0edac01288716cc03aff0-package-scalar-cjson-v6-chain1 reference_startup_homology_density_and_representation_checked
scalar_v6_native_startups 970 /1620 9bfa1c6962db2d5afa8a1c216c65c54b39990a821fb0edac01288716cc03aff0-package-scalar-cjson-v6-chain2 reference_startup_homology_density_and_representation_checked
scalar_v6_native_startups 971 /1620 9bfa1c6962db2d5afa8a1c216c65c54b39990a821fb0edac01288716cc03aff0-package-scalar-cjson-v6-chain4 reference_startup_homology_density_and_representation_checked
scalar_v6_native_startups 972 /1620 9bfa1c6962db2d5afa8a1c216c65c54b39990a821fb0edac01288716cc03aff0-package-scalar-cjson-v6-chain3 reference_startup_homology_density_and_representation_checked
scalar_v6_native_startups 973 /1620 9c3fe8e4aabbf63dafe8196f67c8fac6ba7e2331842b3a29b922540ffbec9d6e-broad-scalar-cjson-v6-chain1 reference_startup_homology_density_and_representation_checked
scalar_v6_native_startups 974 /1620 9c3fe8e4aabbf63dafe8196f67c8fac6ba7e2331842b3a29b922540ffbec9d6e-broad-scalar-cjson-v6-chain2 reference_startup_homology_density_and_representation_checked
scalar_v6_native_startups 975 /1620 9c3fe8e4aabbf63dafe8196f67c8fac6ba7e2331842b3a29b922540ffbec9d6e-broad-scalar-cjson-v6-chain3 reference_startup_homology_density_and_representation_checked
scalar_v6_native_startups 976 /1620 9c3fe8e4aabbf63dafe8196f67c8fac6ba7e2331842b3a29b922540ffbec9d6e-broad-scalar-cjson-v6-chain4 reference_startup_homology_density_and_representation_checked
scalar_v6_native_startups 977 /1620 9c3fe8e4aabbf63dafe8196f67c8fac6ba7e2331842b3a29b922540ffbec9d6e-centered-scalar-cjson-v6-chain1 reference_startup_homology_density_and_representation_checked
scalar_v6_native_startups 978 /1620 9c3fe8e4aabbf63dafe8196f67c8fac6ba7e2331842b3a29b922540ffbec9d6e-centered-scalar-cjson-v6-chain2 reference_startup_homology_density_and_representation_checked
scalar_v6_native_startups 979 /1620 9c3fe8e4aabbf63dafe8196f67c8fac6ba7e2331842b3a29b922540ffbec9d6e-centered-scalar-cjson-v6-chain3 reference_startup_homology_density_and_representation_checked
scalar_v6_native_startups 980 /1620 9c3fe8e4aabbf63dafe8196f67c8fac6ba7e2331842b3a29b922540ffbec9d6e-centered-scalar-cjson-v6-chain4 reference_startup_homology_density_and_representation_checked
scalar_v6_native_startups 981 /1620 9c3fe8e4aabbf63dafe8196f67c8fac6ba7e2331842b3a29b922540ffbec9d6e-package-scalar-cjson-v6-chain1 reference_startup_homology_density_and_representation_checked
scalar_v6_native_startups 982 /1620 9c3fe8e4aabbf63dafe8196f67c8fac6ba7e2331842b3a29b922540ffbec9d6e-package-scalar-cjson-v6-chain3 reference_startup_homology_density_and_representation_checked
scalar_v6_native_startups 983 /1620 9c3fe8e4aabbf63dafe8196f67c8fac6ba7e2331842b3a29b922540ffbec9d6e-package-scalar-cjson-v6-chain2 reference_startup_homology_density_and_representation_checked
scalar_v6_native_startups 984 /1620 9c3fe8e4aabbf63dafe8196f67c8fac6ba7e2331842b3a29b922540ffbec9d6e-package-scalar-cjson-v6-chain4 reference_startup_homology_density_and_representation_checked
scalar_v6_native_startups 985 /1620 9fc6a2abce66cba509b810ab65ae41f1e8b33091aca0af76578f744a0402ec6f-broad-scalar-cjson-v6-chain1 reference_startup_homology_density_and_representation_checked
scalar_v6_native_startups 986 /1620 9fc6a2abce66cba509b810ab65ae41f1e8b33091aca0af76578f744a0402ec6f-broad-scalar-cjson-v6-chain2 reference_startup_homology_density_and_representation_checked
scalar_v6_native_startups 987 /1620 9fc6a2abce66cba509b810ab65ae41f1e8b33091aca0af76578f744a0402ec6f-broad-scalar-cjson-v6-chain3 reference_startup_homology_density_and_representation_checked
scalar_v6_native_startups 988 /1620 9fc6a2abce66cba509b810ab65ae41f1e8b33091aca0af76578f744a0402ec6f-broad-scalar-cjson-v6-chain4 reference_startup_homology_density_and_representation_checked
scalar_v6_native_startups 989 /1620 9fc6a2abce66cba509b810ab65ae41f1e8b33091aca0af76578f744a0402ec6f-centered-scalar-cjson-v6-chain1 reference_startup_homology_density_and_representation_checked
scalar_v6_native_startups 990 /1620 9fc6a2abce66cba509b810ab65ae41f1e8b33091aca0af76578f744a0402ec6f-centered-scalar-cjson-v6-chain2 reference_startup_homology_density_and_representation_checked
scalar_v6_native_startups 991 /1620 9fc6a2abce66cba509b810ab65ae41f1e8b33091aca0af76578f744a0402ec6f-centered-scalar-cjson-v6-chain3 reference_startup_homology_density_and_representation_checked
scalar_v6_native_startups 992 /1620 9fc6a2abce66cba509b810ab65ae41f1e8b33091aca0af76578f744a0402ec6f-centered-scalar-cjson-v6-chain4 reference_startup_homology_density_and_representation_checked
scalar_v6_native_startups 993 /1620 9fc6a2abce66cba509b810ab65ae41f1e8b33091aca0af76578f744a0402ec6f-package-scalar-cjson-v6-chain1 reference_startup_homology_density_and_representation_checked
scalar_v6_native_startups 994 /1620 9fc6a2abce66cba509b810ab65ae41f1e8b33091aca0af76578f744a0402ec6f-package-scalar-cjson-v6-chain2 reference_startup_homology_density_and_representation_checked
scalar_v6_native_startups 995 /1620 9fc6a2abce66cba509b810ab65ae41f1e8b33091aca0af76578f744a0402ec6f-package-scalar-cjson-v6-chain3 reference_startup_homology_density_and_representation_checked
scalar_v6_native_startups 996 /1620 9fc6a2abce66cba509b810ab65ae41f1e8b33091aca0af76578f744a0402ec6f-package-scalar-cjson-v6-chain4 reference_startup_homology_density_and_representation_checked
scalar_v6_native_startups 997 /1620 a369c0f3a60a607823b483297183a49c9a59ffe21389f656ca3a656ea71115ff-broad-scalar-cjson-v6-chain1 reference_startup_homology_density_and_representation_checked
scalar_v6_native_startups 998 /1620 a369c0f3a60a607823b483297183a49c9a59ffe21389f656ca3a656ea71115ff-broad-scalar-cjson-v6-chain2 reference_startup_homology_density_and_representation_checked
scalar_v6_native_startups 999 /1620 a369c0f3a60a607823b483297183a49c9a59ffe21389f656ca3a656ea71115ff-broad-scalar-cjson-v6-chain3 reference_startup_homology_density_and_representation_checked
scalar_v6_native_startups 1000 /1620 a369c0f3a60a607823b483297183a49c9a59ffe21389f656ca3a656ea71115ff-broad-scalar-cjson-v6-chain4 reference_startup_homology_density_and_representation_checked
scalar_v6_native_startups 1001 /1620 a369c0f3a60a607823b483297183a49c9a59ffe21389f656ca3a656ea71115ff-centered-scalar-cjson-v6-chain1 reference_startup_homology_density_and_representation_checked
scalar_v6_native_startups 1002 /1620 a369c0f3a60a607823b483297183a49c9a59ffe21389f656ca3a656ea71115ff-centered-scalar-cjson-v6-chain2 reference_startup_homology_density_and_representation_checked
scalar_v6_native_startups 1003 /1620 a369c0f3a60a607823b483297183a49c9a59ffe21389f656ca3a656ea71115ff-centered-scalar-cjson-v6-chain3 reference_startup_homology_density_and_representation_checked
scalar_v6_native_startups 1004 /1620 a369c0f3a60a607823b483297183a49c9a59ffe21389f656ca3a656ea71115ff-centered-scalar-cjson-v6-chain4 reference_startup_homology_density_and_representation_checked
scalar_v6_native_startups 1005 /1620 a369c0f3a60a607823b483297183a49c9a59ffe21389f656ca3a656ea71115ff-package-scalar-cjson-v6-chain1 reference_startup_homology_density_and_representation_checked
scalar_v6_native_startups 1006 /1620 a369c0f3a60a607823b483297183a49c9a59ffe21389f656ca3a656ea71115ff-package-scalar-cjson-v6-chain2 reference_startup_homology_density_and_representation_checked
scalar_v6_native_startups 1007 /1620 a369c0f3a60a607823b483297183a49c9a59ffe21389f656ca3a656ea71115ff-package-scalar-cjson-v6-chain3 reference_startup_homology_density_and_representation_checked
scalar_v6_native_startups 1008 /1620 a369c0f3a60a607823b483297183a49c9a59ffe21389f656ca3a656ea71115ff-package-scalar-cjson-v6-chain4 reference_startup_homology_density_and_representation_checked
scalar_v6_native_startups 1009 /1620 a9265d8d645657726b597a21b1547ede89489a482ef1171723f846e8321c6469-broad-scalar-cjson-v6-chain1 reference_startup_homology_density_and_representation_checked
scalar_v6_native_startups 1010 /1620 a9265d8d645657726b597a21b1547ede89489a482ef1171723f846e8321c6469-broad-scalar-cjson-v6-chain2 reference_startup_homology_density_and_representation_checked
scalar_v6_native_startups 1011 /1620 a9265d8d645657726b597a21b1547ede89489a482ef1171723f846e8321c6469-broad-scalar-cjson-v6-chain3 reference_startup_homology_density_and_representation_checked
scalar_v6_native_startups 1012 /1620 a9265d8d645657726b597a21b1547ede89489a482ef1171723f846e8321c6469-broad-scalar-cjson-v6-chain4 reference_startup_homology_density_and_representation_checked
scalar_v6_native_startups 1013 /1620 a9265d8d645657726b597a21b1547ede89489a482ef1171723f846e8321c6469-centered-scalar-cjson-v6-chain1 reference_startup_homology_density_and_representation_checked
scalar_v6_native_startups 1014 /1620 a9265d8d645657726b597a21b1547ede89489a482ef1171723f846e8321c6469-centered-scalar-cjson-v6-chain2 reference_startup_homology_density_and_representation_checked
scalar_v6_native_startups 1015 /1620 a9265d8d645657726b597a21b1547ede89489a482ef1171723f846e8321c6469-centered-scalar-cjson-v6-chain3 reference_startup_homology_density_and_representation_checked
scalar_v6_native_startups 1016 /1620 a9265d8d645657726b597a21b1547ede89489a482ef1171723f846e8321c6469-centered-scalar-cjson-v6-chain4 reference_startup_homology_density_and_representation_checked
scalar_v6_native_startups 1017 /1620 a9265d8d645657726b597a21b1547ede89489a482ef1171723f846e8321c6469-package-scalar-cjson-v6-chain1 reference_startup_homology_density_and_representation_checked
scalar_v6_native_startups 1018 /1620 a9265d8d645657726b597a21b1547ede89489a482ef1171723f846e8321c6469-package-scalar-cjson-v6-chain2 reference_startup_homology_density_and_representation_checked
scalar_v6_native_startups 1019 /1620 a9265d8d645657726b597a21b1547ede89489a482ef1171723f846e8321c6469-package-scalar-cjson-v6-chain3 reference_startup_homology_density_and_representation_checked
scalar_v6_native_startups 1020 /1620 a9265d8d645657726b597a21b1547ede89489a482ef1171723f846e8321c6469-package-scalar-cjson-v6-chain4 reference_startup_homology_density_and_representation_checked
scalar_v6_native_startups 1021 /1620 a9d1694f618664eff4686111a5368ca068a6a2696b55025ce18ec0638c0c698e-broad-scalar-cjson-v6-chain1 reference_startup_homology_density_and_representation_checked
scalar_v6_native_startups 1022 /1620 a9d1694f618664eff4686111a5368ca068a6a2696b55025ce18ec0638c0c698e-broad-scalar-cjson-v6-chain2 reference_startup_homology_density_and_representation_checked
scalar_v6_native_startups 1023 /1620 a9d1694f618664eff4686111a5368ca068a6a2696b55025ce18ec0638c0c698e-broad-scalar-cjson-v6-chain3 reference_startup_homology_density_and_representation_checked
scalar_v6_native_startups 1024 /1620 a9d1694f618664eff4686111a5368ca068a6a2696b55025ce18ec0638c0c698e-broad-scalar-cjson-v6-chain4 reference_startup_homology_density_and_representation_checked
scalar_v6_native_startups 1025 /1620 a9d1694f618664eff4686111a5368ca068a6a2696b55025ce18ec0638c0c698e-centered-scalar-cjson-v6-chain1 reference_startup_homology_density_and_representation_checked
scalar_v6_native_startups 1026 /1620 a9d1694f618664eff4686111a5368ca068a6a2696b55025ce18ec0638c0c698e-centered-scalar-cjson-v6-chain2 reference_startup_homology_density_and_representation_checked
scalar_v6_native_startups 1027 /1620 a9d1694f618664eff4686111a5368ca068a6a2696b55025ce18ec0638c0c698e-centered-scalar-cjson-v6-chain3 reference_startup_homology_density_and_representation_checked
scalar_v6_native_startups 1028 /1620 a9d1694f618664eff4686111a5368ca068a6a2696b55025ce18ec0638c0c698e-centered-scalar-cjson-v6-chain4 reference_startup_homology_density_and_representation_checked
scalar_v6_native_startups 1029 /1620 a9d1694f618664eff4686111a5368ca068a6a2696b55025ce18ec0638c0c698e-package-scalar-cjson-v6-chain1 reference_startup_homology_density_and_representation_checked
scalar_v6_native_startups 1030 /1620 a9d1694f618664eff4686111a5368ca068a6a2696b55025ce18ec0638c0c698e-package-scalar-cjson-v6-chain2 reference_startup_homology_density_and_representation_checked
scalar_v6_native_startups 1031 /1620 a9d1694f618664eff4686111a5368ca068a6a2696b55025ce18ec0638c0c698e-package-scalar-cjson-v6-chain3 reference_startup_homology_density_and_representation_checked
scalar_v6_native_startups 1032 /1620 a9d1694f618664eff4686111a5368ca068a6a2696b55025ce18ec0638c0c698e-package-scalar-cjson-v6-chain4 reference_startup_homology_density_and_representation_checked
scalar_v6_native_startups 1033 /1620 aab65f7997ddc63d3f9daee83d8844bac4a075cabf7dad2ceaf2510e34f7a35e-broad-scalar-cjson-v6-chain1 reference_startup_homology_density_and_representation_checked
scalar_v6_native_startups 1034 /1620 aab65f7997ddc63d3f9daee83d8844bac4a075cabf7dad2ceaf2510e34f7a35e-broad-scalar-cjson-v6-chain2 reference_startup_homology_density_and_representation_checked
scalar_v6_native_startups 1035 /1620 aab65f7997ddc63d3f9daee83d8844bac4a075cabf7dad2ceaf2510e34f7a35e-broad-scalar-cjson-v6-chain3 reference_startup_homology_density_and_representation_checked
scalar_v6_native_startups 1036 /1620 aab65f7997ddc63d3f9daee83d8844bac4a075cabf7dad2ceaf2510e34f7a35e-broad-scalar-cjson-v6-chain4 reference_startup_homology_density_and_representation_checked
scalar_v6_native_startups 1037 /1620 aab65f7997ddc63d3f9daee83d8844bac4a075cabf7dad2ceaf2510e34f7a35e-centered-scalar-cjson-v6-chain1 reference_startup_homology_density_and_representation_checked
scalar_v6_native_startups 1038 /1620 aab65f7997ddc63d3f9daee83d8844bac4a075cabf7dad2ceaf2510e34f7a35e-centered-scalar-cjson-v6-chain3 reference_startup_homology_density_and_representation_checked
scalar_v6_native_startups 1039 /1620 aab65f7997ddc63d3f9daee83d8844bac4a075cabf7dad2ceaf2510e34f7a35e-centered-scalar-cjson-v6-chain2 reference_startup_homology_density_and_representation_checked
scalar_v6_native_startups 1040 /1620 aab65f7997ddc63d3f9daee83d8844bac4a075cabf7dad2ceaf2510e34f7a35e-centered-scalar-cjson-v6-chain4 reference_startup_homology_density_and_representation_checked
scalar_v6_native_startups 1041 /1620 aab65f7997ddc63d3f9daee83d8844bac4a075cabf7dad2ceaf2510e34f7a35e-package-scalar-cjson-v6-chain1 reference_startup_homology_density_and_representation_checked
scalar_v6_native_startups 1042 /1620 aab65f7997ddc63d3f9daee83d8844bac4a075cabf7dad2ceaf2510e34f7a35e-package-scalar-cjson-v6-chain2 reference_startup_homology_density_and_representation_checked
scalar_v6_native_startups 1043 /1620 aab65f7997ddc63d3f9daee83d8844bac4a075cabf7dad2ceaf2510e34f7a35e-package-scalar-cjson-v6-chain3 reference_startup_homology_density_and_representation_checked
scalar_v6_native_startups 1044 /1620 ab19784ce4ead62b406c5986caf227504624f8a1de45678d0401e521b738e54c-broad-scalar-cjson-v6-chain1 reference_startup_homology_density_and_representation_checked
scalar_v6_native_startups 1045 /1620 aab65f7997ddc63d3f9daee83d8844bac4a075cabf7dad2ceaf2510e34f7a35e-package-scalar-cjson-v6-chain4 reference_startup_homology_density_and_representation_checked
scalar_v6_native_startups 1046 /1620 ab19784ce4ead62b406c5986caf227504624f8a1de45678d0401e521b738e54c-broad-scalar-cjson-v6-chain2 reference_startup_homology_density_and_representation_checked
scalar_v6_native_startups 1047 /1620 ab19784ce4ead62b406c5986caf227504624f8a1de45678d0401e521b738e54c-broad-scalar-cjson-v6-chain3 reference_startup_homology_density_and_representation_checked
scalar_v6_native_startups 1048 /1620 ab19784ce4ead62b406c5986caf227504624f8a1de45678d0401e521b738e54c-broad-scalar-cjson-v6-chain4 reference_startup_homology_density_and_representation_checked
scalar_v6_native_startups 1049 /1620 ab19784ce4ead62b406c5986caf227504624f8a1de45678d0401e521b738e54c-centered-scalar-cjson-v6-chain1 reference_startup_homology_density_and_representation_checked
scalar_v6_native_startups 1050 /1620 ab19784ce4ead62b406c5986caf227504624f8a1de45678d0401e521b738e54c-centered-scalar-cjson-v6-chain3 reference_startup_homology_density_and_representation_checked
scalar_v6_native_startups 1051 /1620 ab19784ce4ead62b406c5986caf227504624f8a1de45678d0401e521b738e54c-centered-scalar-cjson-v6-chain2 reference_startup_homology_density_and_representation_checked
scalar_v6_native_startups 1052 /1620 ab19784ce4ead62b406c5986caf227504624f8a1de45678d0401e521b738e54c-centered-scalar-cjson-v6-chain4 reference_startup_homology_density_and_representation_checked
scalar_v6_native_startups 1053 /1620 ab19784ce4ead62b406c5986caf227504624f8a1de45678d0401e521b738e54c-package-scalar-cjson-v6-chain1 reference_startup_homology_density_and_representation_checked
scalar_v6_native_startups 1054 /1620 ab19784ce4ead62b406c5986caf227504624f8a1de45678d0401e521b738e54c-package-scalar-cjson-v6-chain3 reference_startup_homology_density_and_representation_checked
scalar_v6_native_startups 1055 /1620 ab19784ce4ead62b406c5986caf227504624f8a1de45678d0401e521b738e54c-package-scalar-cjson-v6-chain2 reference_startup_homology_density_and_representation_checked
scalar_v6_native_startups 1056 /1620 ab19784ce4ead62b406c5986caf227504624f8a1de45678d0401e521b738e54c-package-scalar-cjson-v6-chain4 reference_startup_homology_density_and_representation_checked
scalar_v6_native_startups 1057 /1620 acc8bb557d94297724618225c006e4a74ba079703f73fd55382c012cfe62e27f-broad-scalar-cjson-v6-chain1 reference_startup_homology_density_and_representation_checked
scalar_v6_native_startups 1058 /1620 acc8bb557d94297724618225c006e4a74ba079703f73fd55382c012cfe62e27f-broad-scalar-cjson-v6-chain2 reference_startup_homology_density_and_representation_checked
scalar_v6_native_startups 1059 /1620 acc8bb557d94297724618225c006e4a74ba079703f73fd55382c012cfe62e27f-broad-scalar-cjson-v6-chain3 reference_startup_homology_density_and_representation_checked
scalar_v6_native_startups 1060 /1620 acc8bb557d94297724618225c006e4a74ba079703f73fd55382c012cfe62e27f-broad-scalar-cjson-v6-chain4 reference_startup_homology_density_and_representation_checked
scalar_v6_native_startups 1061 /1620 acc8bb557d94297724618225c006e4a74ba079703f73fd55382c012cfe62e27f-centered-scalar-cjson-v6-chain1 reference_startup_homology_density_and_representation_checked
scalar_v6_native_startups 1062 /1620 acc8bb557d94297724618225c006e4a74ba079703f73fd55382c012cfe62e27f-centered-scalar-cjson-v6-chain2 reference_startup_homology_density_and_representation_checked
scalar_v6_native_startups 1063 /1620 acc8bb557d94297724618225c006e4a74ba079703f73fd55382c012cfe62e27f-centered-scalar-cjson-v6-chain3 reference_startup_homology_density_and_representation_checked
scalar_v6_native_startups 1064 /1620 acc8bb557d94297724618225c006e4a74ba079703f73fd55382c012cfe62e27f-package-scalar-cjson-v6-chain1 reference_startup_homology_density_and_representation_checked
scalar_v6_native_startups 1065 /1620 acc8bb557d94297724618225c006e4a74ba079703f73fd55382c012cfe62e27f-centered-scalar-cjson-v6-chain4 reference_startup_homology_density_and_representation_checked
scalar_v6_native_startups 1066 /1620 acc8bb557d94297724618225c006e4a74ba079703f73fd55382c012cfe62e27f-package-scalar-cjson-v6-chain3 reference_startup_homology_density_and_representation_checked
scalar_v6_native_startups 1067 /1620 acc8bb557d94297724618225c006e4a74ba079703f73fd55382c012cfe62e27f-package-scalar-cjson-v6-chain2 reference_startup_homology_density_and_representation_checked
scalar_v6_native_startups 1068 /1620 acc8bb557d94297724618225c006e4a74ba079703f73fd55382c012cfe62e27f-package-scalar-cjson-v6-chain4 reference_startup_homology_density_and_representation_checked
scalar_v6_native_startups 1069 /1620 acfc837699b7ad7b47bda478356d778fa35864ba0a2af4bfe55096cf9e8b65a5-broad-scalar-cjson-v6-chain1 reference_startup_homology_density_and_representation_checked
scalar_v6_native_startups 1070 /1620 acfc837699b7ad7b47bda478356d778fa35864ba0a2af4bfe55096cf9e8b65a5-broad-scalar-cjson-v6-chain3 reference_startup_homology_density_and_representation_checked
scalar_v6_native_startups 1071 /1620 acfc837699b7ad7b47bda478356d778fa35864ba0a2af4bfe55096cf9e8b65a5-broad-scalar-cjson-v6-chain2 reference_startup_homology_density_and_representation_checked
scalar_v6_native_startups 1072 /1620 acfc837699b7ad7b47bda478356d778fa35864ba0a2af4bfe55096cf9e8b65a5-centered-scalar-cjson-v6-chain1 reference_startup_homology_density_and_representation_checked
scalar_v6_native_startups 1073 /1620 acfc837699b7ad7b47bda478356d778fa35864ba0a2af4bfe55096cf9e8b65a5-broad-scalar-cjson-v6-chain4 reference_startup_homology_density_and_representation_checked
scalar_v6_native_startups 1074 /1620 acfc837699b7ad7b47bda478356d778fa35864ba0a2af4bfe55096cf9e8b65a5-centered-scalar-cjson-v6-chain2 reference_startup_homology_density_and_representation_checked
scalar_v6_native_startups 1075 /1620 acfc837699b7ad7b47bda478356d778fa35864ba0a2af4bfe55096cf9e8b65a5-centered-scalar-cjson-v6-chain3 reference_startup_homology_density_and_representation_checked
scalar_v6_native_startups 1076 /1620 acfc837699b7ad7b47bda478356d778fa35864ba0a2af4bfe55096cf9e8b65a5-centered-scalar-cjson-v6-chain4 reference_startup_homology_density_and_representation_checked
scalar_v6_native_startups 1077 /1620 acfc837699b7ad7b47bda478356d778fa35864ba0a2af4bfe55096cf9e8b65a5-package-scalar-cjson-v6-chain1 reference_startup_homology_density_and_representation_checked
scalar_v6_native_startups 1078 /1620 acfc837699b7ad7b47bda478356d778fa35864ba0a2af4bfe55096cf9e8b65a5-package-scalar-cjson-v6-chain2 reference_startup_homology_density_and_representation_checked
scalar_v6_native_startups 1079 /1620 acfc837699b7ad7b47bda478356d778fa35864ba0a2af4bfe55096cf9e8b65a5-package-scalar-cjson-v6-chain3 reference_startup_homology_density_and_representation_checked
scalar_v6_native_startups 1080 /1620 acfc837699b7ad7b47bda478356d778fa35864ba0a2af4bfe55096cf9e8b65a5-package-scalar-cjson-v6-chain4 reference_startup_homology_density_and_representation_checked
scalar_v6_native_startups 1081 /1620 af65ef17a4c9bcf72260d7f9ce4e56aa3f24b33efde5226a848de2bb40e30a51-broad-scalar-cjson-v6-chain2 reference_startup_homology_density_and_representation_checked
scalar_v6_native_startups 1082 /1620 af65ef17a4c9bcf72260d7f9ce4e56aa3f24b33efde5226a848de2bb40e30a51-broad-scalar-cjson-v6-chain1 reference_startup_homology_density_and_representation_checked
scalar_v6_native_startups 1083 /1620 af65ef17a4c9bcf72260d7f9ce4e56aa3f24b33efde5226a848de2bb40e30a51-broad-scalar-cjson-v6-chain3 reference_startup_homology_density_and_representation_checked
scalar_v6_native_startups 1084 /1620 af65ef17a4c9bcf72260d7f9ce4e56aa3f24b33efde5226a848de2bb40e30a51-broad-scalar-cjson-v6-chain4 reference_startup_homology_density_and_representation_checked
scalar_v6_native_startups 1085 /1620 af65ef17a4c9bcf72260d7f9ce4e56aa3f24b33efde5226a848de2bb40e30a51-centered-scalar-cjson-v6-chain1 reference_startup_homology_density_and_representation_checked
scalar_v6_native_startups 1086 /1620 af65ef17a4c9bcf72260d7f9ce4e56aa3f24b33efde5226a848de2bb40e30a51-centered-scalar-cjson-v6-chain2 reference_startup_homology_density_and_representation_checked
scalar_v6_native_startups 1087 /1620 af65ef17a4c9bcf72260d7f9ce4e56aa3f24b33efde5226a848de2bb40e30a51-centered-scalar-cjson-v6-chain3 reference_startup_homology_density_and_representation_checked
scalar_v6_native_startups 1088 /1620 af65ef17a4c9bcf72260d7f9ce4e56aa3f24b33efde5226a848de2bb40e30a51-centered-scalar-cjson-v6-chain4 reference_startup_homology_density_and_representation_checked
scalar_v6_native_startups 1089 /1620 af65ef17a4c9bcf72260d7f9ce4e56aa3f24b33efde5226a848de2bb40e30a51-package-scalar-cjson-v6-chain1 reference_startup_homology_density_and_representation_checked
scalar_v6_native_startups 1090 /1620 af65ef17a4c9bcf72260d7f9ce4e56aa3f24b33efde5226a848de2bb40e30a51-package-scalar-cjson-v6-chain2 reference_startup_homology_density_and_representation_checked
scalar_v6_native_startups 1091 /1620 af65ef17a4c9bcf72260d7f9ce4e56aa3f24b33efde5226a848de2bb40e30a51-package-scalar-cjson-v6-chain3 reference_startup_homology_density_and_representation_checked
scalar_v6_native_startups 1092 /1620 af65ef17a4c9bcf72260d7f9ce4e56aa3f24b33efde5226a848de2bb40e30a51-package-scalar-cjson-v6-chain4 reference_startup_homology_density_and_representation_checked
scalar_v6_native_startups 1093 /1620 aff152be932f64c9c7f8220e8e1408a559611af5e5532077b1851ea5cff847fb-broad-scalar-cjson-v6-chain1 reference_startup_homology_density_and_representation_checked
scalar_v6_native_startups 1094 /1620 aff152be932f64c9c7f8220e8e1408a559611af5e5532077b1851ea5cff847fb-broad-scalar-cjson-v6-chain2 reference_startup_homology_density_and_representation_checked
scalar_v6_native_startups 1095 /1620 aff152be932f64c9c7f8220e8e1408a559611af5e5532077b1851ea5cff847fb-broad-scalar-cjson-v6-chain3 reference_startup_homology_density_and_representation_checked
scalar_v6_native_startups 1096 /1620 aff152be932f64c9c7f8220e8e1408a559611af5e5532077b1851ea5cff847fb-broad-scalar-cjson-v6-chain4 reference_startup_homology_density_and_representation_checked
scalar_v6_native_startups 1097 /1620 aff152be932f64c9c7f8220e8e1408a559611af5e5532077b1851ea5cff847fb-centered-scalar-cjson-v6-chain1 reference_startup_homology_density_and_representation_checked
scalar_v6_native_startups 1098 /1620 aff152be932f64c9c7f8220e8e1408a559611af5e5532077b1851ea5cff847fb-centered-scalar-cjson-v6-chain2 reference_startup_homology_density_and_representation_checked
scalar_v6_native_startups 1099 /1620 aff152be932f64c9c7f8220e8e1408a559611af5e5532077b1851ea5cff847fb-centered-scalar-cjson-v6-chain3 reference_startup_homology_density_and_representation_checked
scalar_v6_native_startups 1100 /1620 aff152be932f64c9c7f8220e8e1408a559611af5e5532077b1851ea5cff847fb-centered-scalar-cjson-v6-chain4 reference_startup_homology_density_and_representation_checked
scalar_v6_native_startups 1101 /1620 aff152be932f64c9c7f8220e8e1408a559611af5e5532077b1851ea5cff847fb-package-scalar-cjson-v6-chain1 reference_startup_homology_density_and_representation_checked
scalar_v6_native_startups 1102 /1620 aff152be932f64c9c7f8220e8e1408a559611af5e5532077b1851ea5cff847fb-package-scalar-cjson-v6-chain2 reference_startup_homology_density_and_representation_checked
scalar_v6_native_startups 1103 /1620 aff152be932f64c9c7f8220e8e1408a559611af5e5532077b1851ea5cff847fb-package-scalar-cjson-v6-chain3 reference_startup_homology_density_and_representation_checked
scalar_v6_native_startups 1104 /1620 aff152be932f64c9c7f8220e8e1408a559611af5e5532077b1851ea5cff847fb-package-scalar-cjson-v6-chain4 reference_startup_homology_density_and_representation_checked
scalar_v6_native_startups 1105 /1620 b0abc43a02ab16eaf2911d1a135a89a7f62ed777965dbd15e2cbc9029d5dd051-broad-scalar-cjson-v6-chain1 reference_startup_homology_density_and_representation_checked
scalar_v6_native_startups 1106 /1620 b0abc43a02ab16eaf2911d1a135a89a7f62ed777965dbd15e2cbc9029d5dd051-broad-scalar-cjson-v6-chain3 reference_startup_homology_density_and_representation_checked
scalar_v6_native_startups 1107 /1620 b0abc43a02ab16eaf2911d1a135a89a7f62ed777965dbd15e2cbc9029d5dd051-broad-scalar-cjson-v6-chain2 reference_startup_homology_density_and_representation_checked
scalar_v6_native_startups 1108 /1620 b0abc43a02ab16eaf2911d1a135a89a7f62ed777965dbd15e2cbc9029d5dd051-broad-scalar-cjson-v6-chain4 reference_startup_homology_density_and_representation_checked
scalar_v6_native_startups 1109 /1620 b0abc43a02ab16eaf2911d1a135a89a7f62ed777965dbd15e2cbc9029d5dd051-centered-scalar-cjson-v6-chain1 reference_startup_homology_density_and_representation_checked
scalar_v6_native_startups 1110 /1620 b0abc43a02ab16eaf2911d1a135a89a7f62ed777965dbd15e2cbc9029d5dd051-centered-scalar-cjson-v6-chain2 reference_startup_homology_density_and_representation_checked
scalar_v6_native_startups 1111 /1620 b0abc43a02ab16eaf2911d1a135a89a7f62ed777965dbd15e2cbc9029d5dd051-centered-scalar-cjson-v6-chain3 reference_startup_homology_density_and_representation_checked
scalar_v6_native_startups 1112 /1620 b0abc43a02ab16eaf2911d1a135a89a7f62ed777965dbd15e2cbc9029d5dd051-centered-scalar-cjson-v6-chain4 reference_startup_homology_density_and_representation_checked
scalar_v6_native_startups 1113 /1620 b0abc43a02ab16eaf2911d1a135a89a7f62ed777965dbd15e2cbc9029d5dd051-package-scalar-cjson-v6-chain2 reference_startup_homology_density_and_representation_checked
scalar_v6_native_startups 1114 /1620 b0abc43a02ab16eaf2911d1a135a89a7f62ed777965dbd15e2cbc9029d5dd051-package-scalar-cjson-v6-chain1 reference_startup_homology_density_and_representation_checked
scalar_v6_native_startups 1115 /1620 b0abc43a02ab16eaf2911d1a135a89a7f62ed777965dbd15e2cbc9029d5dd051-package-scalar-cjson-v6-chain4 reference_startup_homology_density_and_representation_checked
scalar_v6_native_startups 1116 /1620 b0abc43a02ab16eaf2911d1a135a89a7f62ed777965dbd15e2cbc9029d5dd051-package-scalar-cjson-v6-chain3 reference_startup_homology_density_and_representation_checked
scalar_v6_native_startups 1117 /1620 b5798e78d23ed01c8d8004f5663a65aa1d50fc9af4ed036f23626451393031be-broad-scalar-cjson-v6-chain1 reference_startup_homology_density_and_representation_checked
scalar_v6_native_startups 1118 /1620 b5798e78d23ed01c8d8004f5663a65aa1d50fc9af4ed036f23626451393031be-broad-scalar-cjson-v6-chain2 reference_startup_homology_density_and_representation_checked
scalar_v6_native_startups 1119 /1620 b5798e78d23ed01c8d8004f5663a65aa1d50fc9af4ed036f23626451393031be-broad-scalar-cjson-v6-chain3 reference_startup_homology_density_and_representation_checked
scalar_v6_native_startups 1120 /1620 b5798e78d23ed01c8d8004f5663a65aa1d50fc9af4ed036f23626451393031be-broad-scalar-cjson-v6-chain4 reference_startup_homology_density_and_representation_checked
scalar_v6_native_startups 1121 /1620 b5798e78d23ed01c8d8004f5663a65aa1d50fc9af4ed036f23626451393031be-centered-scalar-cjson-v6-chain2 reference_startup_homology_density_and_representation_checked
scalar_v6_native_startups 1122 /1620 b5798e78d23ed01c8d8004f5663a65aa1d50fc9af4ed036f23626451393031be-centered-scalar-cjson-v6-chain1 reference_startup_homology_density_and_representation_checked
scalar_v6_native_startups 1123 /1620 b5798e78d23ed01c8d8004f5663a65aa1d50fc9af4ed036f23626451393031be-centered-scalar-cjson-v6-chain3 reference_startup_homology_density_and_representation_checked
scalar_v6_native_startups 1124 /1620 b5798e78d23ed01c8d8004f5663a65aa1d50fc9af4ed036f23626451393031be-centered-scalar-cjson-v6-chain4 reference_startup_homology_density_and_representation_checked
scalar_v6_native_startups 1125 /1620 b5798e78d23ed01c8d8004f5663a65aa1d50fc9af4ed036f23626451393031be-package-scalar-cjson-v6-chain1 reference_startup_homology_density_and_representation_checked
scalar_v6_native_startups 1126 /1620 b5798e78d23ed01c8d8004f5663a65aa1d50fc9af4ed036f23626451393031be-package-scalar-cjson-v6-chain2 reference_startup_homology_density_and_representation_checked
scalar_v6_native_startups 1127 /1620 b5798e78d23ed01c8d8004f5663a65aa1d50fc9af4ed036f23626451393031be-package-scalar-cjson-v6-chain3 reference_startup_homology_density_and_representation_checked
scalar_v6_native_startups 1128 /1620 b5798e78d23ed01c8d8004f5663a65aa1d50fc9af4ed036f23626451393031be-package-scalar-cjson-v6-chain4 reference_startup_homology_density_and_representation_checked
scalar_v6_native_startups 1129 /1620 b5fcd4bb2bad85a36f8ab1fdcdb4f00a05ba31b03fc8b7cd2702e1d973f8ed6d-broad-scalar-cjson-v6-chain1 reference_startup_homology_density_and_representation_checked
scalar_v6_native_startups 1130 /1620 b5fcd4bb2bad85a36f8ab1fdcdb4f00a05ba31b03fc8b7cd2702e1d973f8ed6d-broad-scalar-cjson-v6-chain2 reference_startup_homology_density_and_representation_checked
scalar_v6_native_startups 1131 /1620 b5fcd4bb2bad85a36f8ab1fdcdb4f00a05ba31b03fc8b7cd2702e1d973f8ed6d-broad-scalar-cjson-v6-chain3 reference_startup_homology_density_and_representation_checked
scalar_v6_native_startups 1132 /1620 b5fcd4bb2bad85a36f8ab1fdcdb4f00a05ba31b03fc8b7cd2702e1d973f8ed6d-broad-scalar-cjson-v6-chain4 reference_startup_homology_density_and_representation_checked
scalar_v6_native_startups 1133 /1620 b5fcd4bb2bad85a36f8ab1fdcdb4f00a05ba31b03fc8b7cd2702e1d973f8ed6d-centered-scalar-cjson-v6-chain1 reference_startup_homology_density_and_representation_checked
scalar_v6_native_startups 1134 /1620 b5fcd4bb2bad85a36f8ab1fdcdb4f00a05ba31b03fc8b7cd2702e1d973f8ed6d-centered-scalar-cjson-v6-chain2 reference_startup_homology_density_and_representation_checked
scalar_v6_native_startups 1135 /1620 b5fcd4bb2bad85a36f8ab1fdcdb4f00a05ba31b03fc8b7cd2702e1d973f8ed6d-centered-scalar-cjson-v6-chain3 reference_startup_homology_density_and_representation_checked
scalar_v6_native_startups 1136 /1620 b5fcd4bb2bad85a36f8ab1fdcdb4f00a05ba31b03fc8b7cd2702e1d973f8ed6d-centered-scalar-cjson-v6-chain4 reference_startup_homology_density_and_representation_checked
scalar_v6_native_startups 1137 /1620 b5fcd4bb2bad85a36f8ab1fdcdb4f00a05ba31b03fc8b7cd2702e1d973f8ed6d-package-scalar-cjson-v6-chain1 reference_startup_homology_density_and_representation_checked
scalar_v6_native_startups 1138 /1620 b5fcd4bb2bad85a36f8ab1fdcdb4f00a05ba31b03fc8b7cd2702e1d973f8ed6d-package-scalar-cjson-v6-chain3 reference_startup_homology_density_and_representation_checked
scalar_v6_native_startups 1139 /1620 b5fcd4bb2bad85a36f8ab1fdcdb4f00a05ba31b03fc8b7cd2702e1d973f8ed6d-package-scalar-cjson-v6-chain2 reference_startup_homology_density_and_representation_checked
scalar_v6_native_startups 1140 /1620 b5fcd4bb2bad85a36f8ab1fdcdb4f00a05ba31b03fc8b7cd2702e1d973f8ed6d-package-scalar-cjson-v6-chain4 reference_startup_homology_density_and_representation_checked
scalar_v6_native_startups 1141 /1620 b81382c8a9caedce62d6197a3fb73f4114027223a26af86b9877baedd75e00c1-broad-scalar-cjson-v6-chain1 reference_startup_homology_density_and_representation_checked
scalar_v6_native_startups 1142 /1620 b81382c8a9caedce62d6197a3fb73f4114027223a26af86b9877baedd75e00c1-broad-scalar-cjson-v6-chain2 reference_startup_homology_density_and_representation_checked
scalar_v6_native_startups 1143 /1620 b81382c8a9caedce62d6197a3fb73f4114027223a26af86b9877baedd75e00c1-broad-scalar-cjson-v6-chain3 reference_startup_homology_density_and_representation_checked
scalar_v6_native_startups 1144 /1620 b81382c8a9caedce62d6197a3fb73f4114027223a26af86b9877baedd75e00c1-broad-scalar-cjson-v6-chain4 reference_startup_homology_density_and_representation_checked
scalar_v6_native_startups 1145 /1620 b81382c8a9caedce62d6197a3fb73f4114027223a26af86b9877baedd75e00c1-centered-scalar-cjson-v6-chain1 reference_startup_homology_density_and_representation_checked
scalar_v6_native_startups 1146 /1620 b81382c8a9caedce62d6197a3fb73f4114027223a26af86b9877baedd75e00c1-centered-scalar-cjson-v6-chain2 reference_startup_homology_density_and_representation_checked
scalar_v6_native_startups 1147 /1620 b81382c8a9caedce62d6197a3fb73f4114027223a26af86b9877baedd75e00c1-centered-scalar-cjson-v6-chain3 reference_startup_homology_density_and_representation_checked
scalar_v6_native_startups 1148 /1620 b81382c8a9caedce62d6197a3fb73f4114027223a26af86b9877baedd75e00c1-centered-scalar-cjson-v6-chain4 reference_startup_homology_density_and_representation_checked
scalar_v6_native_startups 1149 /1620 b81382c8a9caedce62d6197a3fb73f4114027223a26af86b9877baedd75e00c1-package-scalar-cjson-v6-chain1 reference_startup_homology_density_and_representation_checked
scalar_v6_native_startups 1150 /1620 b81382c8a9caedce62d6197a3fb73f4114027223a26af86b9877baedd75e00c1-package-scalar-cjson-v6-chain3 reference_startup_homology_density_and_representation_checked
scalar_v6_native_startups 1151 /1620 b81382c8a9caedce62d6197a3fb73f4114027223a26af86b9877baedd75e00c1-package-scalar-cjson-v6-chain2 reference_startup_homology_density_and_representation_checked
scalar_v6_native_startups 1152 /1620 b83d69caeb55d8e88fd144c6e011ac9c720034d9220cef23524223924a6d034c-broad-scalar-cjson-v6-chain1 reference_startup_homology_density_and_representation_checked
scalar_v6_native_startups 1153 /1620 b81382c8a9caedce62d6197a3fb73f4114027223a26af86b9877baedd75e00c1-package-scalar-cjson-v6-chain4 reference_startup_homology_density_and_representation_checked
scalar_v6_native_startups 1154 /1620 b83d69caeb55d8e88fd144c6e011ac9c720034d9220cef23524223924a6d034c-broad-scalar-cjson-v6-chain2 reference_startup_homology_density_and_representation_checked
scalar_v6_native_startups 1155 /1620 b83d69caeb55d8e88fd144c6e011ac9c720034d9220cef23524223924a6d034c-broad-scalar-cjson-v6-chain3 reference_startup_homology_density_and_representation_checked
scalar_v6_native_startups 1156 /1620 b83d69caeb55d8e88fd144c6e011ac9c720034d9220cef23524223924a6d034c-broad-scalar-cjson-v6-chain4 reference_startup_homology_density_and_representation_checked
scalar_v6_native_startups 1157 /1620 b83d69caeb55d8e88fd144c6e011ac9c720034d9220cef23524223924a6d034c-centered-scalar-cjson-v6-chain1 reference_startup_homology_density_and_representation_checked
scalar_v6_native_startups 1158 /1620 b83d69caeb55d8e88fd144c6e011ac9c720034d9220cef23524223924a6d034c-centered-scalar-cjson-v6-chain2 reference_startup_homology_density_and_representation_checked
scalar_v6_native_startups 1159 /1620 b83d69caeb55d8e88fd144c6e011ac9c720034d9220cef23524223924a6d034c-centered-scalar-cjson-v6-chain3 reference_startup_homology_density_and_representation_checked
scalar_v6_native_startups 1160 /1620 b83d69caeb55d8e88fd144c6e011ac9c720034d9220cef23524223924a6d034c-centered-scalar-cjson-v6-chain4 reference_startup_homology_density_and_representation_checked
scalar_v6_native_startups 1161 /1620 b83d69caeb55d8e88fd144c6e011ac9c720034d9220cef23524223924a6d034c-package-scalar-cjson-v6-chain1 reference_startup_homology_density_and_representation_checked
scalar_v6_native_startups 1162 /1620 b83d69caeb55d8e88fd144c6e011ac9c720034d9220cef23524223924a6d034c-package-scalar-cjson-v6-chain2 reference_startup_homology_density_and_representation_checked
scalar_v6_native_startups 1163 /1620 b83d69caeb55d8e88fd144c6e011ac9c720034d9220cef23524223924a6d034c-package-scalar-cjson-v6-chain3 reference_startup_homology_density_and_representation_checked
scalar_v6_native_startups 1164 /1620 b83d69caeb55d8e88fd144c6e011ac9c720034d9220cef23524223924a6d034c-package-scalar-cjson-v6-chain4 reference_startup_homology_density_and_representation_checked
scalar_v6_native_startups 1165 /1620 ba46c36f33d2767ce1897f6c98fa5555e7546d3ede53657c285d8a33bbe6c398-broad-scalar-cjson-v6-chain1 reference_startup_homology_density_and_representation_checked
scalar_v6_native_startups 1166 /1620 ba46c36f33d2767ce1897f6c98fa5555e7546d3ede53657c285d8a33bbe6c398-broad-scalar-cjson-v6-chain2 reference_startup_homology_density_and_representation_checked
scalar_v6_native_startups 1167 /1620 ba46c36f33d2767ce1897f6c98fa5555e7546d3ede53657c285d8a33bbe6c398-broad-scalar-cjson-v6-chain3 reference_startup_homology_density_and_representation_checked
scalar_v6_native_startups 1168 /1620 ba46c36f33d2767ce1897f6c98fa5555e7546d3ede53657c285d8a33bbe6c398-broad-scalar-cjson-v6-chain4 reference_startup_homology_density_and_representation_checked
scalar_v6_native_startups 1169 /1620 ba46c36f33d2767ce1897f6c98fa5555e7546d3ede53657c285d8a33bbe6c398-centered-scalar-cjson-v6-chain2 reference_startup_homology_density_and_representation_checked
scalar_v6_native_startups 1170 /1620 ba46c36f33d2767ce1897f6c98fa5555e7546d3ede53657c285d8a33bbe6c398-centered-scalar-cjson-v6-chain1 reference_startup_homology_density_and_representation_checked
scalar_v6_native_startups 1171 /1620 ba46c36f33d2767ce1897f6c98fa5555e7546d3ede53657c285d8a33bbe6c398-centered-scalar-cjson-v6-chain3 reference_startup_homology_density_and_representation_checked
scalar_v6_native_startups 1172 /1620 ba46c36f33d2767ce1897f6c98fa5555e7546d3ede53657c285d8a33bbe6c398-centered-scalar-cjson-v6-chain4 reference_startup_homology_density_and_representation_checked
scalar_v6_native_startups 1173 /1620 ba46c36f33d2767ce1897f6c98fa5555e7546d3ede53657c285d8a33bbe6c398-package-scalar-cjson-v6-chain1 reference_startup_homology_density_and_representation_checked
scalar_v6_native_startups 1174 /1620 ba46c36f33d2767ce1897f6c98fa5555e7546d3ede53657c285d8a33bbe6c398-package-scalar-cjson-v6-chain2 reference_startup_homology_density_and_representation_checked
scalar_v6_native_startups 1175 /1620 ba46c36f33d2767ce1897f6c98fa5555e7546d3ede53657c285d8a33bbe6c398-package-scalar-cjson-v6-chain3 reference_startup_homology_density_and_representation_checked
scalar_v6_native_startups 1176 /1620 ba46c36f33d2767ce1897f6c98fa5555e7546d3ede53657c285d8a33bbe6c398-package-scalar-cjson-v6-chain4 reference_startup_homology_density_and_representation_checked
scalar_v6_native_startups 1177 /1620 bb291febbff94e1692195172fc696b086adc3cf2c1ae76455353387b03df642f-broad-scalar-cjson-v6-chain1 reference_startup_homology_density_and_representation_checked
scalar_v6_native_startups 1178 /1620 bb291febbff94e1692195172fc696b086adc3cf2c1ae76455353387b03df642f-broad-scalar-cjson-v6-chain2 reference_startup_homology_density_and_representation_checked
scalar_v6_native_startups 1179 /1620 bb291febbff94e1692195172fc696b086adc3cf2c1ae76455353387b03df642f-broad-scalar-cjson-v6-chain3 reference_startup_homology_density_and_representation_checked
scalar_v6_native_startups 1180 /1620 bb291febbff94e1692195172fc696b086adc3cf2c1ae76455353387b03df642f-broad-scalar-cjson-v6-chain4 reference_startup_homology_density_and_representation_checked
scalar_v6_native_startups 1181 /1620 bb291febbff94e1692195172fc696b086adc3cf2c1ae76455353387b03df642f-centered-scalar-cjson-v6-chain1 reference_startup_homology_density_and_representation_checked
scalar_v6_native_startups 1182 /1620 bb291febbff94e1692195172fc696b086adc3cf2c1ae76455353387b03df642f-centered-scalar-cjson-v6-chain2 reference_startup_homology_density_and_representation_checked
scalar_v6_native_startups 1183 /1620 bb291febbff94e1692195172fc696b086adc3cf2c1ae76455353387b03df642f-centered-scalar-cjson-v6-chain3 reference_startup_homology_density_and_representation_checked
scalar_v6_native_startups 1184 /1620 bb291febbff94e1692195172fc696b086adc3cf2c1ae76455353387b03df642f-centered-scalar-cjson-v6-chain4 reference_startup_homology_density_and_representation_checked
scalar_v6_native_startups 1185 /1620 bb291febbff94e1692195172fc696b086adc3cf2c1ae76455353387b03df642f-package-scalar-cjson-v6-chain1 reference_startup_homology_density_and_representation_checked
scalar_v6_native_startups 1186 /1620 bb291febbff94e1692195172fc696b086adc3cf2c1ae76455353387b03df642f-package-scalar-cjson-v6-chain2 reference_startup_homology_density_and_representation_checked
scalar_v6_native_startups 1187 /1620 bb291febbff94e1692195172fc696b086adc3cf2c1ae76455353387b03df642f-package-scalar-cjson-v6-chain3 reference_startup_homology_density_and_representation_checked
scalar_v6_native_startups 1188 /1620 bb291febbff94e1692195172fc696b086adc3cf2c1ae76455353387b03df642f-package-scalar-cjson-v6-chain4 reference_startup_homology_density_and_representation_checked
scalar_v6_native_startups 1189 /1620 bfddc9bc7dbcf8f73cfa19fb2a241ba308df5a0d04789e0985edf0afae57af7a-broad-scalar-cjson-v6-chain2 reference_startup_homology_density_and_representation_checked
scalar_v6_native_startups 1190 /1620 bfddc9bc7dbcf8f73cfa19fb2a241ba308df5a0d04789e0985edf0afae57af7a-broad-scalar-cjson-v6-chain1 reference_startup_homology_density_and_representation_checked
scalar_v6_native_startups 1191 /1620 bfddc9bc7dbcf8f73cfa19fb2a241ba308df5a0d04789e0985edf0afae57af7a-broad-scalar-cjson-v6-chain4 reference_startup_homology_density_and_representation_checked
scalar_v6_native_startups 1192 /1620 bfddc9bc7dbcf8f73cfa19fb2a241ba308df5a0d04789e0985edf0afae57af7a-broad-scalar-cjson-v6-chain3 reference_startup_homology_density_and_representation_checked
scalar_v6_native_startups 1193 /1620 bfddc9bc7dbcf8f73cfa19fb2a241ba308df5a0d04789e0985edf0afae57af7a-centered-scalar-cjson-v6-chain1 reference_startup_homology_density_and_representation_checked
scalar_v6_native_startups 1194 /1620 bfddc9bc7dbcf8f73cfa19fb2a241ba308df5a0d04789e0985edf0afae57af7a-centered-scalar-cjson-v6-chain2 reference_startup_homology_density_and_representation_checked
scalar_v6_native_startups 1195 /1620 bfddc9bc7dbcf8f73cfa19fb2a241ba308df5a0d04789e0985edf0afae57af7a-centered-scalar-cjson-v6-chain3 reference_startup_homology_density_and_representation_checked
scalar_v6_native_startups 1196 /1620 bfddc9bc7dbcf8f73cfa19fb2a241ba308df5a0d04789e0985edf0afae57af7a-centered-scalar-cjson-v6-chain4 reference_startup_homology_density_and_representation_checked
scalar_v6_native_startups 1197 /1620 bfddc9bc7dbcf8f73cfa19fb2a241ba308df5a0d04789e0985edf0afae57af7a-package-scalar-cjson-v6-chain1 reference_startup_homology_density_and_representation_checked
scalar_v6_native_startups 1198 /1620 bfddc9bc7dbcf8f73cfa19fb2a241ba308df5a0d04789e0985edf0afae57af7a-package-scalar-cjson-v6-chain2 reference_startup_homology_density_and_representation_checked
scalar_v6_native_startups 1199 /1620 bfddc9bc7dbcf8f73cfa19fb2a241ba308df5a0d04789e0985edf0afae57af7a-package-scalar-cjson-v6-chain3 reference_startup_homology_density_and_representation_checked
scalar_v6_native_startups 1200 /1620 bfddc9bc7dbcf8f73cfa19fb2a241ba308df5a0d04789e0985edf0afae57af7a-package-scalar-cjson-v6-chain4 reference_startup_homology_density_and_representation_checked
scalar_v6_native_startups 1201 /1620 c1c787b0d27751ed6944e9e1e45dc6942c15fd83d96410344bb0818dac8349b0-broad-scalar-cjson-v6-chain1 reference_startup_homology_density_and_representation_checked
scalar_v6_native_startups 1202 /1620 c1c787b0d27751ed6944e9e1e45dc6942c15fd83d96410344bb0818dac8349b0-broad-scalar-cjson-v6-chain2 reference_startup_homology_density_and_representation_checked
scalar_v6_native_startups 1203 /1620 c1c787b0d27751ed6944e9e1e45dc6942c15fd83d96410344bb0818dac8349b0-broad-scalar-cjson-v6-chain3 reference_startup_homology_density_and_representation_checked
scalar_v6_native_startups 1204 /1620 c1c787b0d27751ed6944e9e1e45dc6942c15fd83d96410344bb0818dac8349b0-broad-scalar-cjson-v6-chain4 reference_startup_homology_density_and_representation_checked
scalar_v6_native_startups 1205 /1620 c1c787b0d27751ed6944e9e1e45dc6942c15fd83d96410344bb0818dac8349b0-centered-scalar-cjson-v6-chain1 reference_startup_homology_density_and_representation_checked
scalar_v6_native_startups 1206 /1620 c1c787b0d27751ed6944e9e1e45dc6942c15fd83d96410344bb0818dac8349b0-centered-scalar-cjson-v6-chain2 reference_startup_homology_density_and_representation_checked
scalar_v6_native_startups 1207 /1620 c1c787b0d27751ed6944e9e1e45dc6942c15fd83d96410344bb0818dac8349b0-centered-scalar-cjson-v6-chain3 reference_startup_homology_density_and_representation_checked
scalar_v6_native_startups 1208 /1620 c1c787b0d27751ed6944e9e1e45dc6942c15fd83d96410344bb0818dac8349b0-centered-scalar-cjson-v6-chain4 reference_startup_homology_density_and_representation_checked
scalar_v6_native_startups 1209 /1620 c1c787b0d27751ed6944e9e1e45dc6942c15fd83d96410344bb0818dac8349b0-package-scalar-cjson-v6-chain1 reference_startup_homology_density_and_representation_checked
scalar_v6_native_startups 1210 /1620 c1c787b0d27751ed6944e9e1e45dc6942c15fd83d96410344bb0818dac8349b0-package-scalar-cjson-v6-chain2 reference_startup_homology_density_and_representation_checked
scalar_v6_native_startups 1211 /1620 c1c787b0d27751ed6944e9e1e45dc6942c15fd83d96410344bb0818dac8349b0-package-scalar-cjson-v6-chain3 reference_startup_homology_density_and_representation_checked
scalar_v6_native_startups 1212 /1620 c1c787b0d27751ed6944e9e1e45dc6942c15fd83d96410344bb0818dac8349b0-package-scalar-cjson-v6-chain4 reference_startup_homology_density_and_representation_checked
scalar_v6_native_startups 1213 /1620 c213a209217a8429e4816fa7075fc8a8e1dfe7169d79446524d15f863c6f6578-broad-scalar-cjson-v6-chain1 reference_startup_homology_density_and_representation_checked
scalar_v6_native_startups 1214 /1620 c213a209217a8429e4816fa7075fc8a8e1dfe7169d79446524d15f863c6f6578-broad-scalar-cjson-v6-chain3 reference_startup_homology_density_and_representation_checked
scalar_v6_native_startups 1215 /1620 c213a209217a8429e4816fa7075fc8a8e1dfe7169d79446524d15f863c6f6578-broad-scalar-cjson-v6-chain2 reference_startup_homology_density_and_representation_checked
scalar_v6_native_startups 1216 /1620 c213a209217a8429e4816fa7075fc8a8e1dfe7169d79446524d15f863c6f6578-broad-scalar-cjson-v6-chain4 reference_startup_homology_density_and_representation_checked
scalar_v6_native_startups 1217 /1620 c213a209217a8429e4816fa7075fc8a8e1dfe7169d79446524d15f863c6f6578-centered-scalar-cjson-v6-chain1 reference_startup_homology_density_and_representation_checked
scalar_v6_native_startups 1218 /1620 c213a209217a8429e4816fa7075fc8a8e1dfe7169d79446524d15f863c6f6578-centered-scalar-cjson-v6-chain2 reference_startup_homology_density_and_representation_checked
scalar_v6_native_startups 1219 /1620 c213a209217a8429e4816fa7075fc8a8e1dfe7169d79446524d15f863c6f6578-centered-scalar-cjson-v6-chain3 reference_startup_homology_density_and_representation_checked
scalar_v6_native_startups 1220 /1620 c213a209217a8429e4816fa7075fc8a8e1dfe7169d79446524d15f863c6f6578-centered-scalar-cjson-v6-chain4 reference_startup_homology_density_and_representation_checked
scalar_v6_native_startups 1221 /1620 c213a209217a8429e4816fa7075fc8a8e1dfe7169d79446524d15f863c6f6578-package-scalar-cjson-v6-chain1 reference_startup_homology_density_and_representation_checked
scalar_v6_native_startups 1222 /1620 c213a209217a8429e4816fa7075fc8a8e1dfe7169d79446524d15f863c6f6578-package-scalar-cjson-v6-chain3 reference_startup_homology_density_and_representation_checked
scalar_v6_native_startups 1223 /1620 c213a209217a8429e4816fa7075fc8a8e1dfe7169d79446524d15f863c6f6578-package-scalar-cjson-v6-chain2 reference_startup_homology_density_and_representation_checked
scalar_v6_native_startups 1224 /1620 c2ee266f8bdbc319ec159c15725b0f3faf9af02f69dbeaa8912c23057a90e506-broad-scalar-cjson-v6-chain1 reference_startup_homology_density_and_representation_checked
scalar_v6_native_startups 1225 /1620 c213a209217a8429e4816fa7075fc8a8e1dfe7169d79446524d15f863c6f6578-package-scalar-cjson-v6-chain4 reference_startup_homology_density_and_representation_checked
scalar_v6_native_startups 1226 /1620 c2ee266f8bdbc319ec159c15725b0f3faf9af02f69dbeaa8912c23057a90e506-broad-scalar-cjson-v6-chain2 reference_startup_homology_density_and_representation_checked
scalar_v6_native_startups 1227 /1620 c2ee266f8bdbc319ec159c15725b0f3faf9af02f69dbeaa8912c23057a90e506-broad-scalar-cjson-v6-chain3 reference_startup_homology_density_and_representation_checked
scalar_v6_native_startups 1228 /1620 c2ee266f8bdbc319ec159c15725b0f3faf9af02f69dbeaa8912c23057a90e506-broad-scalar-cjson-v6-chain4 reference_startup_homology_density_and_representation_checked
scalar_v6_native_startups 1229 /1620 c2ee266f8bdbc319ec159c15725b0f3faf9af02f69dbeaa8912c23057a90e506-centered-scalar-cjson-v6-chain1 reference_startup_homology_density_and_representation_checked
scalar_v6_native_startups 1230 /1620 c2ee266f8bdbc319ec159c15725b0f3faf9af02f69dbeaa8912c23057a90e506-centered-scalar-cjson-v6-chain2 reference_startup_homology_density_and_representation_checked
scalar_v6_native_startups 1231 /1620 c2ee266f8bdbc319ec159c15725b0f3faf9af02f69dbeaa8912c23057a90e506-centered-scalar-cjson-v6-chain3 reference_startup_homology_density_and_representation_checked
scalar_v6_native_startups 1232 /1620 c2ee266f8bdbc319ec159c15725b0f3faf9af02f69dbeaa8912c23057a90e506-centered-scalar-cjson-v6-chain4 reference_startup_homology_density_and_representation_checked
scalar_v6_native_startups 1233 /1620 c2ee266f8bdbc319ec159c15725b0f3faf9af02f69dbeaa8912c23057a90e506-package-scalar-cjson-v6-chain1 reference_startup_homology_density_and_representation_checked
scalar_v6_native_startups 1234 /1620 c2ee266f8bdbc319ec159c15725b0f3faf9af02f69dbeaa8912c23057a90e506-package-scalar-cjson-v6-chain2 reference_startup_homology_density_and_representation_checked
scalar_v6_native_startups 1235 /1620 c2ee266f8bdbc319ec159c15725b0f3faf9af02f69dbeaa8912c23057a90e506-package-scalar-cjson-v6-chain4 reference_startup_homology_density_and_representation_checked
scalar_v6_native_startups 1236 /1620 c2ee266f8bdbc319ec159c15725b0f3faf9af02f69dbeaa8912c23057a90e506-package-scalar-cjson-v6-chain3 reference_startup_homology_density_and_representation_checked
scalar_v6_native_startups 1237 /1620 c3d41cc575007169c2b5e0093d0dd3cdfaca8455fc28d085daf5d07c554559eb-broad-scalar-cjson-v6-chain1 reference_startup_homology_density_and_representation_checked
scalar_v6_native_startups 1238 /1620 c3d41cc575007169c2b5e0093d0dd3cdfaca8455fc28d085daf5d07c554559eb-broad-scalar-cjson-v6-chain2 reference_startup_homology_density_and_representation_checked
scalar_v6_native_startups 1239 /1620 c3d41cc575007169c2b5e0093d0dd3cdfaca8455fc28d085daf5d07c554559eb-broad-scalar-cjson-v6-chain4 reference_startup_homology_density_and_representation_checked
scalar_v6_native_startups 1240 /1620 c3d41cc575007169c2b5e0093d0dd3cdfaca8455fc28d085daf5d07c554559eb-broad-scalar-cjson-v6-chain3 reference_startup_homology_density_and_representation_checked
scalar_v6_native_startups 1241 /1620 c3d41cc575007169c2b5e0093d0dd3cdfaca8455fc28d085daf5d07c554559eb-centered-scalar-cjson-v6-chain2 reference_startup_homology_density_and_representation_checked
scalar_v6_native_startups 1242 /1620 c3d41cc575007169c2b5e0093d0dd3cdfaca8455fc28d085daf5d07c554559eb-centered-scalar-cjson-v6-chain1 reference_startup_homology_density_and_representation_checked
scalar_v6_native_startups 1243 /1620 c3d41cc575007169c2b5e0093d0dd3cdfaca8455fc28d085daf5d07c554559eb-centered-scalar-cjson-v6-chain4 reference_startup_homology_density_and_representation_checked
scalar_v6_native_startups 1244 /1620 c3d41cc575007169c2b5e0093d0dd3cdfaca8455fc28d085daf5d07c554559eb-centered-scalar-cjson-v6-chain3 reference_startup_homology_density_and_representation_checked
scalar_v6_native_startups 1245 /1620 c3d41cc575007169c2b5e0093d0dd3cdfaca8455fc28d085daf5d07c554559eb-package-scalar-cjson-v6-chain2 reference_startup_homology_density_and_representation_checked
scalar_v6_native_startups 1246 /1620 c3d41cc575007169c2b5e0093d0dd3cdfaca8455fc28d085daf5d07c554559eb-package-scalar-cjson-v6-chain1 reference_startup_homology_density_and_representation_checked
scalar_v6_native_startups 1247 /1620 c3d41cc575007169c2b5e0093d0dd3cdfaca8455fc28d085daf5d07c554559eb-package-scalar-cjson-v6-chain3 reference_startup_homology_density_and_representation_checked
scalar_v6_native_startups 1248 /1620 c3d41cc575007169c2b5e0093d0dd3cdfaca8455fc28d085daf5d07c554559eb-package-scalar-cjson-v6-chain4 reference_startup_homology_density_and_representation_checked
scalar_v6_native_startups 1249 /1620 c653794f534e750fa56c91b8f025916402a8bbbefd347468659437cf2c7493e8-broad-scalar-cjson-v6-chain1 reference_startup_homology_density_and_representation_checked
scalar_v6_native_startups 1250 /1620 c653794f534e750fa56c91b8f025916402a8bbbefd347468659437cf2c7493e8-broad-scalar-cjson-v6-chain2 reference_startup_homology_density_and_representation_checked
scalar_v6_native_startups 1251 /1620 c653794f534e750fa56c91b8f025916402a8bbbefd347468659437cf2c7493e8-broad-scalar-cjson-v6-chain3 reference_startup_homology_density_and_representation_checked
scalar_v6_native_startups 1252 /1620 c653794f534e750fa56c91b8f025916402a8bbbefd347468659437cf2c7493e8-broad-scalar-cjson-v6-chain4 reference_startup_homology_density_and_representation_checked
scalar_v6_native_startups 1253 /1620 c653794f534e750fa56c91b8f025916402a8bbbefd347468659437cf2c7493e8-centered-scalar-cjson-v6-chain1 reference_startup_homology_density_and_representation_checked
scalar_v6_native_startups 1254 /1620 c653794f534e750fa56c91b8f025916402a8bbbefd347468659437cf2c7493e8-centered-scalar-cjson-v6-chain2 reference_startup_homology_density_and_representation_checked
scalar_v6_native_startups 1255 /1620 c653794f534e750fa56c91b8f025916402a8bbbefd347468659437cf2c7493e8-centered-scalar-cjson-v6-chain4 reference_startup_homology_density_and_representation_checked
scalar_v6_native_startups 1256 /1620 c653794f534e750fa56c91b8f025916402a8bbbefd347468659437cf2c7493e8-centered-scalar-cjson-v6-chain3 reference_startup_homology_density_and_representation_checked
scalar_v6_native_startups 1257 /1620 c653794f534e750fa56c91b8f025916402a8bbbefd347468659437cf2c7493e8-package-scalar-cjson-v6-chain2 reference_startup_homology_density_and_representation_checked
scalar_v6_native_startups 1258 /1620 c653794f534e750fa56c91b8f025916402a8bbbefd347468659437cf2c7493e8-package-scalar-cjson-v6-chain1 reference_startup_homology_density_and_representation_checked
scalar_v6_native_startups 1259 /1620 c653794f534e750fa56c91b8f025916402a8bbbefd347468659437cf2c7493e8-package-scalar-cjson-v6-chain3 reference_startup_homology_density_and_representation_checked
scalar_v6_native_startups 1260 /1620 c653794f534e750fa56c91b8f025916402a8bbbefd347468659437cf2c7493e8-package-scalar-cjson-v6-chain4 reference_startup_homology_density_and_representation_checked
scalar_v6_native_startups 1261 /1620 c7ce6c68172f2a69d918e2fd1aa0a64f8ca7b8d9d9a891a969104364945579f8-broad-scalar-cjson-v6-chain1 reference_startup_homology_density_and_representation_checked
scalar_v6_native_startups 1262 /1620 c7ce6c68172f2a69d918e2fd1aa0a64f8ca7b8d9d9a891a969104364945579f8-broad-scalar-cjson-v6-chain2 reference_startup_homology_density_and_representation_checked
scalar_v6_native_startups 1263 /1620 c7ce6c68172f2a69d918e2fd1aa0a64f8ca7b8d9d9a891a969104364945579f8-broad-scalar-cjson-v6-chain3 reference_startup_homology_density_and_representation_checked
scalar_v6_native_startups 1264 /1620 c7ce6c68172f2a69d918e2fd1aa0a64f8ca7b8d9d9a891a969104364945579f8-broad-scalar-cjson-v6-chain4 reference_startup_homology_density_and_representation_checked
scalar_v6_native_startups 1265 /1620 c7ce6c68172f2a69d918e2fd1aa0a64f8ca7b8d9d9a891a969104364945579f8-centered-scalar-cjson-v6-chain1 reference_startup_homology_density_and_representation_checked
scalar_v6_native_startups 1266 /1620 c7ce6c68172f2a69d918e2fd1aa0a64f8ca7b8d9d9a891a969104364945579f8-centered-scalar-cjson-v6-chain2 reference_startup_homology_density_and_representation_checked
scalar_v6_native_startups 1267 /1620 c7ce6c68172f2a69d918e2fd1aa0a64f8ca7b8d9d9a891a969104364945579f8-centered-scalar-cjson-v6-chain3 reference_startup_homology_density_and_representation_checked
scalar_v6_native_startups 1268 /1620 c7ce6c68172f2a69d918e2fd1aa0a64f8ca7b8d9d9a891a969104364945579f8-package-scalar-cjson-v6-chain1 reference_startup_homology_density_and_representation_checked
scalar_v6_native_startups 1269 /1620 c7ce6c68172f2a69d918e2fd1aa0a64f8ca7b8d9d9a891a969104364945579f8-centered-scalar-cjson-v6-chain4 reference_startup_homology_density_and_representation_checked
scalar_v6_native_startups 1270 /1620 c7ce6c68172f2a69d918e2fd1aa0a64f8ca7b8d9d9a891a969104364945579f8-package-scalar-cjson-v6-chain2 reference_startup_homology_density_and_representation_checked
scalar_v6_native_startups 1271 /1620 c7ce6c68172f2a69d918e2fd1aa0a64f8ca7b8d9d9a891a969104364945579f8-package-scalar-cjson-v6-chain3 reference_startup_homology_density_and_representation_checked
scalar_v6_native_startups 1272 /1620 c7ce6c68172f2a69d918e2fd1aa0a64f8ca7b8d9d9a891a969104364945579f8-package-scalar-cjson-v6-chain4 reference_startup_homology_density_and_representation_checked
scalar_v6_native_startups 1273 /1620 c7d7b29ea1cd07f54592816fdc513d1292b640ad7fb04bcbcf3cca4a9799db24-broad-scalar-cjson-v6-chain1 reference_startup_homology_density_and_representation_checked
scalar_v6_native_startups 1274 /1620 c7d7b29ea1cd07f54592816fdc513d1292b640ad7fb04bcbcf3cca4a9799db24-broad-scalar-cjson-v6-chain2 reference_startup_homology_density_and_representation_checked
scalar_v6_native_startups 1275 /1620 c7d7b29ea1cd07f54592816fdc513d1292b640ad7fb04bcbcf3cca4a9799db24-broad-scalar-cjson-v6-chain3 reference_startup_homology_density_and_representation_checked
scalar_v6_native_startups 1276 /1620 c7d7b29ea1cd07f54592816fdc513d1292b640ad7fb04bcbcf3cca4a9799db24-centered-scalar-cjson-v6-chain1 reference_startup_homology_density_and_representation_checked
scalar_v6_native_startups 1277 /1620 c7d7b29ea1cd07f54592816fdc513d1292b640ad7fb04bcbcf3cca4a9799db24-broad-scalar-cjson-v6-chain4 reference_startup_homology_density_and_representation_checked
scalar_v6_native_startups 1278 /1620 c7d7b29ea1cd07f54592816fdc513d1292b640ad7fb04bcbcf3cca4a9799db24-centered-scalar-cjson-v6-chain2 reference_startup_homology_density_and_representation_checked
scalar_v6_native_startups 1279 /1620 c7d7b29ea1cd07f54592816fdc513d1292b640ad7fb04bcbcf3cca4a9799db24-centered-scalar-cjson-v6-chain3 reference_startup_homology_density_and_representation_checked
scalar_v6_native_startups 1280 /1620 c7d7b29ea1cd07f54592816fdc513d1292b640ad7fb04bcbcf3cca4a9799db24-centered-scalar-cjson-v6-chain4 reference_startup_homology_density_and_representation_checked
scalar_v6_native_startups 1281 /1620 c7d7b29ea1cd07f54592816fdc513d1292b640ad7fb04bcbcf3cca4a9799db24-package-scalar-cjson-v6-chain1 reference_startup_homology_density_and_representation_checked
scalar_v6_native_startups 1282 /1620 c7d7b29ea1cd07f54592816fdc513d1292b640ad7fb04bcbcf3cca4a9799db24-package-scalar-cjson-v6-chain2 reference_startup_homology_density_and_representation_checked
scalar_v6_native_startups 1283 /1620 c7d7b29ea1cd07f54592816fdc513d1292b640ad7fb04bcbcf3cca4a9799db24-package-scalar-cjson-v6-chain3 reference_startup_homology_density_and_representation_checked
scalar_v6_native_startups 1284 /1620 c7d7b29ea1cd07f54592816fdc513d1292b640ad7fb04bcbcf3cca4a9799db24-package-scalar-cjson-v6-chain4 reference_startup_homology_density_and_representation_checked
scalar_v6_native_startups 1285 /1620 c97d8cb7fd221e478987329a2d9bd8459f8279f26a17e397611a2aeab2c2e1fe-broad-scalar-cjson-v6-chain1 reference_startup_homology_density_and_representation_checked
scalar_v6_native_startups 1286 /1620 c97d8cb7fd221e478987329a2d9bd8459f8279f26a17e397611a2aeab2c2e1fe-broad-scalar-cjson-v6-chain2 reference_startup_homology_density_and_representation_checked
scalar_v6_native_startups 1287 /1620 c97d8cb7fd221e478987329a2d9bd8459f8279f26a17e397611a2aeab2c2e1fe-broad-scalar-cjson-v6-chain3 reference_startup_homology_density_and_representation_checked
scalar_v6_native_startups 1288 /1620 c97d8cb7fd221e478987329a2d9bd8459f8279f26a17e397611a2aeab2c2e1fe-centered-scalar-cjson-v6-chain1 reference_startup_homology_density_and_representation_checked
scalar_v6_native_startups 1289 /1620 c97d8cb7fd221e478987329a2d9bd8459f8279f26a17e397611a2aeab2c2e1fe-broad-scalar-cjson-v6-chain4 reference_startup_homology_density_and_representation_checked
scalar_v6_native_startups 1290 /1620 c97d8cb7fd221e478987329a2d9bd8459f8279f26a17e397611a2aeab2c2e1fe-centered-scalar-cjson-v6-chain2 reference_startup_homology_density_and_representation_checked
scalar_v6_native_startups 1291 /1620 c97d8cb7fd221e478987329a2d9bd8459f8279f26a17e397611a2aeab2c2e1fe-centered-scalar-cjson-v6-chain3 reference_startup_homology_density_and_representation_checked
scalar_v6_native_startups 1292 /1620 c97d8cb7fd221e478987329a2d9bd8459f8279f26a17e397611a2aeab2c2e1fe-centered-scalar-cjson-v6-chain4 reference_startup_homology_density_and_representation_checked
scalar_v6_native_startups 1293 /1620 c97d8cb7fd221e478987329a2d9bd8459f8279f26a17e397611a2aeab2c2e1fe-package-scalar-cjson-v6-chain1 reference_startup_homology_density_and_representation_checked
scalar_v6_native_startups 1294 /1620 c97d8cb7fd221e478987329a2d9bd8459f8279f26a17e397611a2aeab2c2e1fe-package-scalar-cjson-v6-chain2 reference_startup_homology_density_and_representation_checked
scalar_v6_native_startups 1295 /1620 c97d8cb7fd221e478987329a2d9bd8459f8279f26a17e397611a2aeab2c2e1fe-package-scalar-cjson-v6-chain3 reference_startup_homology_density_and_representation_checked
scalar_v6_native_startups 1296 /1620 cb564b021ac10cc72bde03d2e03c64c5d7412846d3084a3043ea9e3430e09090-broad-scalar-cjson-v6-chain1 reference_startup_homology_density_and_representation_checked
scalar_v6_native_startups 1297 /1620 c97d8cb7fd221e478987329a2d9bd8459f8279f26a17e397611a2aeab2c2e1fe-package-scalar-cjson-v6-chain4 reference_startup_homology_density_and_representation_checked
scalar_v6_native_startups 1298 /1620 cb564b021ac10cc72bde03d2e03c64c5d7412846d3084a3043ea9e3430e09090-broad-scalar-cjson-v6-chain2 reference_startup_homology_density_and_representation_checked
scalar_v6_native_startups 1299 /1620 cb564b021ac10cc72bde03d2e03c64c5d7412846d3084a3043ea9e3430e09090-broad-scalar-cjson-v6-chain3 reference_startup_homology_density_and_representation_checked
scalar_v6_native_startups 1300 /1620 cb564b021ac10cc72bde03d2e03c64c5d7412846d3084a3043ea9e3430e09090-broad-scalar-cjson-v6-chain4 reference_startup_homology_density_and_representation_checked
scalar_v6_native_startups 1301 /1620 cb564b021ac10cc72bde03d2e03c64c5d7412846d3084a3043ea9e3430e09090-centered-scalar-cjson-v6-chain1 reference_startup_homology_density_and_representation_checked
scalar_v6_native_startups 1302 /1620 cb564b021ac10cc72bde03d2e03c64c5d7412846d3084a3043ea9e3430e09090-centered-scalar-cjson-v6-chain2 reference_startup_homology_density_and_representation_checked
scalar_v6_native_startups 1303 /1620 cb564b021ac10cc72bde03d2e03c64c5d7412846d3084a3043ea9e3430e09090-centered-scalar-cjson-v6-chain3 reference_startup_homology_density_and_representation_checked
scalar_v6_native_startups 1304 /1620 cb564b021ac10cc72bde03d2e03c64c5d7412846d3084a3043ea9e3430e09090-package-scalar-cjson-v6-chain1 reference_startup_homology_density_and_representation_checked
scalar_v6_native_startups 1305 /1620 cb564b021ac10cc72bde03d2e03c64c5d7412846d3084a3043ea9e3430e09090-centered-scalar-cjson-v6-chain4 reference_startup_homology_density_and_representation_checked
scalar_v6_native_startups 1306 /1620 cb564b021ac10cc72bde03d2e03c64c5d7412846d3084a3043ea9e3430e09090-package-scalar-cjson-v6-chain2 reference_startup_homology_density_and_representation_checked
scalar_v6_native_startups 1307 /1620 cb564b021ac10cc72bde03d2e03c64c5d7412846d3084a3043ea9e3430e09090-package-scalar-cjson-v6-chain3 reference_startup_homology_density_and_representation_checked
scalar_v6_native_startups 1308 /1620 cb564b021ac10cc72bde03d2e03c64c5d7412846d3084a3043ea9e3430e09090-package-scalar-cjson-v6-chain4 reference_startup_homology_density_and_representation_checked
scalar_v6_native_startups 1309 /1620 ce31f851505cdefb425bb641db2f337933de6289ee30df9a03c0d6aa6b5ce979-broad-scalar-cjson-v6-chain1 reference_startup_homology_density_and_representation_checked
scalar_v6_native_startups 1310 /1620 ce31f851505cdefb425bb641db2f337933de6289ee30df9a03c0d6aa6b5ce979-broad-scalar-cjson-v6-chain2 reference_startup_homology_density_and_representation_checked
scalar_v6_native_startups 1311 /1620 ce31f851505cdefb425bb641db2f337933de6289ee30df9a03c0d6aa6b5ce979-broad-scalar-cjson-v6-chain3 reference_startup_homology_density_and_representation_checked
scalar_v6_native_startups 1312 /1620 ce31f851505cdefb425bb641db2f337933de6289ee30df9a03c0d6aa6b5ce979-broad-scalar-cjson-v6-chain4 reference_startup_homology_density_and_representation_checked
scalar_v6_native_startups 1313 /1620 ce31f851505cdefb425bb641db2f337933de6289ee30df9a03c0d6aa6b5ce979-centered-scalar-cjson-v6-chain1 reference_startup_homology_density_and_representation_checked
scalar_v6_native_startups 1314 /1620 ce31f851505cdefb425bb641db2f337933de6289ee30df9a03c0d6aa6b5ce979-centered-scalar-cjson-v6-chain2 reference_startup_homology_density_and_representation_checked
scalar_v6_native_startups 1315 /1620 ce31f851505cdefb425bb641db2f337933de6289ee30df9a03c0d6aa6b5ce979-centered-scalar-cjson-v6-chain3 reference_startup_homology_density_and_representation_checked
scalar_v6_native_startups 1316 /1620 ce31f851505cdefb425bb641db2f337933de6289ee30df9a03c0d6aa6b5ce979-centered-scalar-cjson-v6-chain4 reference_startup_homology_density_and_representation_checked
scalar_v6_native_startups 1317 /1620 ce31f851505cdefb425bb641db2f337933de6289ee30df9a03c0d6aa6b5ce979-package-scalar-cjson-v6-chain1 reference_startup_homology_density_and_representation_checked
scalar_v6_native_startups 1318 /1620 ce31f851505cdefb425bb641db2f337933de6289ee30df9a03c0d6aa6b5ce979-package-scalar-cjson-v6-chain2 reference_startup_homology_density_and_representation_checked
scalar_v6_native_startups 1319 /1620 ce31f851505cdefb425bb641db2f337933de6289ee30df9a03c0d6aa6b5ce979-package-scalar-cjson-v6-chain3 reference_startup_homology_density_and_representation_checked
scalar_v6_native_startups 1320 /1620 ce31f851505cdefb425bb641db2f337933de6289ee30df9a03c0d6aa6b5ce979-package-scalar-cjson-v6-chain4 reference_startup_homology_density_and_representation_checked
scalar_v6_native_startups 1321 /1620 ce6ca2c146f608cafe589bc9a297c77ed7948caac1b006eb031ede7975ee1401-broad-scalar-cjson-v6-chain1 reference_startup_homology_density_and_representation_checked
scalar_v6_native_startups 1322 /1620 ce6ca2c146f608cafe589bc9a297c77ed7948caac1b006eb031ede7975ee1401-broad-scalar-cjson-v6-chain2 reference_startup_homology_density_and_representation_checked
scalar_v6_native_startups 1323 /1620 ce6ca2c146f608cafe589bc9a297c77ed7948caac1b006eb031ede7975ee1401-broad-scalar-cjson-v6-chain3 reference_startup_homology_density_and_representation_checked
scalar_v6_native_startups 1324 /1620 ce6ca2c146f608cafe589bc9a297c77ed7948caac1b006eb031ede7975ee1401-broad-scalar-cjson-v6-chain4 reference_startup_homology_density_and_representation_checked
scalar_v6_native_startups 1325 /1620 ce6ca2c146f608cafe589bc9a297c77ed7948caac1b006eb031ede7975ee1401-centered-scalar-cjson-v6-chain1 reference_startup_homology_density_and_representation_checked
scalar_v6_native_startups 1326 /1620 ce6ca2c146f608cafe589bc9a297c77ed7948caac1b006eb031ede7975ee1401-centered-scalar-cjson-v6-chain2 reference_startup_homology_density_and_representation_checked
scalar_v6_native_startups 1327 /1620 ce6ca2c146f608cafe589bc9a297c77ed7948caac1b006eb031ede7975ee1401-centered-scalar-cjson-v6-chain3 reference_startup_homology_density_and_representation_checked
scalar_v6_native_startups 1328 /1620 ce6ca2c146f608cafe589bc9a297c77ed7948caac1b006eb031ede7975ee1401-centered-scalar-cjson-v6-chain4 reference_startup_homology_density_and_representation_checked
scalar_v6_native_startups 1329 /1620 ce6ca2c146f608cafe589bc9a297c77ed7948caac1b006eb031ede7975ee1401-package-scalar-cjson-v6-chain1 reference_startup_homology_density_and_representation_checked
scalar_v6_native_startups 1330 /1620 ce6ca2c146f608cafe589bc9a297c77ed7948caac1b006eb031ede7975ee1401-package-scalar-cjson-v6-chain2 reference_startup_homology_density_and_representation_checked
scalar_v6_native_startups 1331 /1620 ce6ca2c146f608cafe589bc9a297c77ed7948caac1b006eb031ede7975ee1401-package-scalar-cjson-v6-chain3 reference_startup_homology_density_and_representation_checked
scalar_v6_native_startups 1332 /1620 ce6ca2c146f608cafe589bc9a297c77ed7948caac1b006eb031ede7975ee1401-package-scalar-cjson-v6-chain4 reference_startup_homology_density_and_representation_checked
scalar_v6_native_startups 1333 /1620 d48261262e734ff9c6668522b9987e6b972673a6c65346fa84c8a9c4b710750f-broad-scalar-cjson-v6-chain1 reference_startup_homology_density_and_representation_checked
scalar_v6_native_startups 1334 /1620 d48261262e734ff9c6668522b9987e6b972673a6c65346fa84c8a9c4b710750f-broad-scalar-cjson-v6-chain2 reference_startup_homology_density_and_representation_checked
scalar_v6_native_startups 1335 /1620 d48261262e734ff9c6668522b9987e6b972673a6c65346fa84c8a9c4b710750f-broad-scalar-cjson-v6-chain3 reference_startup_homology_density_and_representation_checked
scalar_v6_native_startups 1336 /1620 d48261262e734ff9c6668522b9987e6b972673a6c65346fa84c8a9c4b710750f-broad-scalar-cjson-v6-chain4 reference_startup_homology_density_and_representation_checked
scalar_v6_native_startups 1337 /1620 d48261262e734ff9c6668522b9987e6b972673a6c65346fa84c8a9c4b710750f-centered-scalar-cjson-v6-chain1 reference_startup_homology_density_and_representation_checked
scalar_v6_native_startups 1338 /1620 d48261262e734ff9c6668522b9987e6b972673a6c65346fa84c8a9c4b710750f-centered-scalar-cjson-v6-chain2 reference_startup_homology_density_and_representation_checked
scalar_v6_native_startups 1339 /1620 d48261262e734ff9c6668522b9987e6b972673a6c65346fa84c8a9c4b710750f-centered-scalar-cjson-v6-chain3 reference_startup_homology_density_and_representation_checked
scalar_v6_native_startups 1340 /1620 d48261262e734ff9c6668522b9987e6b972673a6c65346fa84c8a9c4b710750f-centered-scalar-cjson-v6-chain4 reference_startup_homology_density_and_representation_checked
scalar_v6_native_startups 1341 /1620 d48261262e734ff9c6668522b9987e6b972673a6c65346fa84c8a9c4b710750f-package-scalar-cjson-v6-chain1 reference_startup_homology_density_and_representation_checked
scalar_v6_native_startups 1342 /1620 d48261262e734ff9c6668522b9987e6b972673a6c65346fa84c8a9c4b710750f-package-scalar-cjson-v6-chain2 reference_startup_homology_density_and_representation_checked
scalar_v6_native_startups 1343 /1620 d48261262e734ff9c6668522b9987e6b972673a6c65346fa84c8a9c4b710750f-package-scalar-cjson-v6-chain3 reference_startup_homology_density_and_representation_checked
scalar_v6_native_startups 1344 /1620 d48261262e734ff9c6668522b9987e6b972673a6c65346fa84c8a9c4b710750f-package-scalar-cjson-v6-chain4 reference_startup_homology_density_and_representation_checked
scalar_v6_native_startups 1345 /1620 d7f0f2d2199cf9865658589f741cbb1dc1980d7615e27cc377d1fccc43386dd3-broad-scalar-cjson-v6-chain1 reference_startup_homology_density_and_representation_checked
scalar_v6_native_startups 1346 /1620 d7f0f2d2199cf9865658589f741cbb1dc1980d7615e27cc377d1fccc43386dd3-broad-scalar-cjson-v6-chain2 reference_startup_homology_density_and_representation_checked
scalar_v6_native_startups 1347 /1620 d7f0f2d2199cf9865658589f741cbb1dc1980d7615e27cc377d1fccc43386dd3-broad-scalar-cjson-v6-chain3 reference_startup_homology_density_and_representation_checked
scalar_v6_native_startups 1348 /1620 d7f0f2d2199cf9865658589f741cbb1dc1980d7615e27cc377d1fccc43386dd3-broad-scalar-cjson-v6-chain4 reference_startup_homology_density_and_representation_checked
scalar_v6_native_startups 1349 /1620 d7f0f2d2199cf9865658589f741cbb1dc1980d7615e27cc377d1fccc43386dd3-centered-scalar-cjson-v6-chain1 reference_startup_homology_density_and_representation_checked
scalar_v6_native_startups 1350 /1620 d7f0f2d2199cf9865658589f741cbb1dc1980d7615e27cc377d1fccc43386dd3-centered-scalar-cjson-v6-chain2 reference_startup_homology_density_and_representation_checked
scalar_v6_native_startups 1351 /1620 d7f0f2d2199cf9865658589f741cbb1dc1980d7615e27cc377d1fccc43386dd3-centered-scalar-cjson-v6-chain3 reference_startup_homology_density_and_representation_checked
scalar_v6_native_startups 1352 /1620 d7f0f2d2199cf9865658589f741cbb1dc1980d7615e27cc377d1fccc43386dd3-centered-scalar-cjson-v6-chain4 reference_startup_homology_density_and_representation_checked
scalar_v6_native_startups 1353 /1620 d7f0f2d2199cf9865658589f741cbb1dc1980d7615e27cc377d1fccc43386dd3-package-scalar-cjson-v6-chain1 reference_startup_homology_density_and_representation_checked
scalar_v6_native_startups 1354 /1620 d7f0f2d2199cf9865658589f741cbb1dc1980d7615e27cc377d1fccc43386dd3-package-scalar-cjson-v6-chain2 reference_startup_homology_density_and_representation_checked
scalar_v6_native_startups 1355 /1620 d7f0f2d2199cf9865658589f741cbb1dc1980d7615e27cc377d1fccc43386dd3-package-scalar-cjson-v6-chain3 reference_startup_homology_density_and_representation_checked
scalar_v6_native_startups 1356 /1620 d7f0f2d2199cf9865658589f741cbb1dc1980d7615e27cc377d1fccc43386dd3-package-scalar-cjson-v6-chain4 reference_startup_homology_density_and_representation_checked
scalar_v6_native_startups 1357 /1620 dddc40aa7f5306112e7a6632703f618d1bfe99b3132925cb2a97e686f76919de-broad-scalar-cjson-v6-chain1 reference_startup_homology_density_and_representation_checked
scalar_v6_native_startups 1358 /1620 dddc40aa7f5306112e7a6632703f618d1bfe99b3132925cb2a97e686f76919de-broad-scalar-cjson-v6-chain2 reference_startup_homology_density_and_representation_checked
scalar_v6_native_startups 1359 /1620 dddc40aa7f5306112e7a6632703f618d1bfe99b3132925cb2a97e686f76919de-broad-scalar-cjson-v6-chain3 reference_startup_homology_density_and_representation_checked
scalar_v6_native_startups 1360 /1620 dddc40aa7f5306112e7a6632703f618d1bfe99b3132925cb2a97e686f76919de-broad-scalar-cjson-v6-chain4 reference_startup_homology_density_and_representation_checked
scalar_v6_native_startups 1361 /1620 dddc40aa7f5306112e7a6632703f618d1bfe99b3132925cb2a97e686f76919de-centered-scalar-cjson-v6-chain1 reference_startup_homology_density_and_representation_checked
scalar_v6_native_startups 1362 /1620 dddc40aa7f5306112e7a6632703f618d1bfe99b3132925cb2a97e686f76919de-centered-scalar-cjson-v6-chain2 reference_startup_homology_density_and_representation_checked
scalar_v6_native_startups 1363 /1620 dddc40aa7f5306112e7a6632703f618d1bfe99b3132925cb2a97e686f76919de-centered-scalar-cjson-v6-chain3 reference_startup_homology_density_and_representation_checked
scalar_v6_native_startups 1364 /1620 dddc40aa7f5306112e7a6632703f618d1bfe99b3132925cb2a97e686f76919de-centered-scalar-cjson-v6-chain4 reference_startup_homology_density_and_representation_checked
scalar_v6_native_startups 1365 /1620 dddc40aa7f5306112e7a6632703f618d1bfe99b3132925cb2a97e686f76919de-package-scalar-cjson-v6-chain1 reference_startup_homology_density_and_representation_checked
scalar_v6_native_startups 1366 /1620 dddc40aa7f5306112e7a6632703f618d1bfe99b3132925cb2a97e686f76919de-package-scalar-cjson-v6-chain2 reference_startup_homology_density_and_representation_checked
scalar_v6_native_startups 1367 /1620 dddc40aa7f5306112e7a6632703f618d1bfe99b3132925cb2a97e686f76919de-package-scalar-cjson-v6-chain3 reference_startup_homology_density_and_representation_checked
scalar_v6_native_startups 1368 /1620 dddc40aa7f5306112e7a6632703f618d1bfe99b3132925cb2a97e686f76919de-package-scalar-cjson-v6-chain4 reference_startup_homology_density_and_representation_checked
scalar_v6_native_startups 1369 /1620 de00bf6934869c99935bbeb94ed0ef1da2ab1a0e784f712111d942b97718a7d6-broad-scalar-cjson-v6-chain1 reference_startup_homology_density_and_representation_checked
scalar_v6_native_startups 1370 /1620 de00bf6934869c99935bbeb94ed0ef1da2ab1a0e784f712111d942b97718a7d6-broad-scalar-cjson-v6-chain2 reference_startup_homology_density_and_representation_checked
scalar_v6_native_startups 1371 /1620 de00bf6934869c99935bbeb94ed0ef1da2ab1a0e784f712111d942b97718a7d6-broad-scalar-cjson-v6-chain3 reference_startup_homology_density_and_representation_checked
scalar_v6_native_startups 1372 /1620 de00bf6934869c99935bbeb94ed0ef1da2ab1a0e784f712111d942b97718a7d6-broad-scalar-cjson-v6-chain4 reference_startup_homology_density_and_representation_checked
scalar_v6_native_startups 1373 /1620 de00bf6934869c99935bbeb94ed0ef1da2ab1a0e784f712111d942b97718a7d6-centered-scalar-cjson-v6-chain1 reference_startup_homology_density_and_representation_checked
scalar_v6_native_startups 1374 /1620 de00bf6934869c99935bbeb94ed0ef1da2ab1a0e784f712111d942b97718a7d6-centered-scalar-cjson-v6-chain2 reference_startup_homology_density_and_representation_checked
scalar_v6_native_startups 1375 /1620 de00bf6934869c99935bbeb94ed0ef1da2ab1a0e784f712111d942b97718a7d6-centered-scalar-cjson-v6-chain3 reference_startup_homology_density_and_representation_checked
scalar_v6_native_startups 1376 /1620 de00bf6934869c99935bbeb94ed0ef1da2ab1a0e784f712111d942b97718a7d6-centered-scalar-cjson-v6-chain4 reference_startup_homology_density_and_representation_checked
scalar_v6_native_startups 1377 /1620 de00bf6934869c99935bbeb94ed0ef1da2ab1a0e784f712111d942b97718a7d6-package-scalar-cjson-v6-chain2 reference_startup_homology_density_and_representation_checked
scalar_v6_native_startups 1378 /1620 de00bf6934869c99935bbeb94ed0ef1da2ab1a0e784f712111d942b97718a7d6-package-scalar-cjson-v6-chain1 reference_startup_homology_density_and_representation_checked
scalar_v6_native_startups 1379 /1620 de00bf6934869c99935bbeb94ed0ef1da2ab1a0e784f712111d942b97718a7d6-package-scalar-cjson-v6-chain3 reference_startup_homology_density_and_representation_checked
scalar_v6_native_startups 1380 /1620 de00bf6934869c99935bbeb94ed0ef1da2ab1a0e784f712111d942b97718a7d6-package-scalar-cjson-v6-chain4 reference_startup_homology_density_and_representation_checked
scalar_v6_native_startups 1381 /1620 e0b30b83349256d663e1bf7105509eabb477b3831ea51f0c497f88288721d9d9-broad-scalar-cjson-v6-chain2 reference_startup_homology_density_and_representation_checked
scalar_v6_native_startups 1382 /1620 e0b30b83349256d663e1bf7105509eabb477b3831ea51f0c497f88288721d9d9-broad-scalar-cjson-v6-chain1 reference_startup_homology_density_and_representation_checked
scalar_v6_native_startups 1383 /1620 e0b30b83349256d663e1bf7105509eabb477b3831ea51f0c497f88288721d9d9-broad-scalar-cjson-v6-chain4 reference_startup_homology_density_and_representation_checked
scalar_v6_native_startups 1384 /1620 e0b30b83349256d663e1bf7105509eabb477b3831ea51f0c497f88288721d9d9-broad-scalar-cjson-v6-chain3 reference_startup_homology_density_and_representation_checked
scalar_v6_native_startups 1385 /1620 e0b30b83349256d663e1bf7105509eabb477b3831ea51f0c497f88288721d9d9-centered-scalar-cjson-v6-chain1 reference_startup_homology_density_and_representation_checked
scalar_v6_native_startups 1386 /1620 e0b30b83349256d663e1bf7105509eabb477b3831ea51f0c497f88288721d9d9-centered-scalar-cjson-v6-chain2 reference_startup_homology_density_and_representation_checked
scalar_v6_native_startups 1387 /1620 e0b30b83349256d663e1bf7105509eabb477b3831ea51f0c497f88288721d9d9-centered-scalar-cjson-v6-chain3 reference_startup_homology_density_and_representation_checked
scalar_v6_native_startups 1388 /1620 e0b30b83349256d663e1bf7105509eabb477b3831ea51f0c497f88288721d9d9-centered-scalar-cjson-v6-chain4 reference_startup_homology_density_and_representation_checked
scalar_v6_native_startups 1389 /1620 e0b30b83349256d663e1bf7105509eabb477b3831ea51f0c497f88288721d9d9-package-scalar-cjson-v6-chain1 reference_startup_homology_density_and_representation_checked
scalar_v6_native_startups 1390 /1620 e0b30b83349256d663e1bf7105509eabb477b3831ea51f0c497f88288721d9d9-package-scalar-cjson-v6-chain2 reference_startup_homology_density_and_representation_checked
scalar_v6_native_startups 1391 /1620 e0b30b83349256d663e1bf7105509eabb477b3831ea51f0c497f88288721d9d9-package-scalar-cjson-v6-chain4 reference_startup_homology_density_and_representation_checked
scalar_v6_native_startups 1392 /1620 e0b30b83349256d663e1bf7105509eabb477b3831ea51f0c497f88288721d9d9-package-scalar-cjson-v6-chain3 reference_startup_homology_density_and_representation_checked
scalar_v6_native_startups 1393 /1620 e0fa355880e8e91272745b5d4e61bef76a5803c85558991f53cf2783298c809c-broad-scalar-cjson-v6-chain2 reference_startup_homology_density_and_representation_checked
scalar_v6_native_startups 1394 /1620 e0fa355880e8e91272745b5d4e61bef76a5803c85558991f53cf2783298c809c-broad-scalar-cjson-v6-chain1 reference_startup_homology_density_and_representation_checked
scalar_v6_native_startups 1395 /1620 e0fa355880e8e91272745b5d4e61bef76a5803c85558991f53cf2783298c809c-broad-scalar-cjson-v6-chain3 reference_startup_homology_density_and_representation_checked
scalar_v6_native_startups 1396 /1620 e0fa355880e8e91272745b5d4e61bef76a5803c85558991f53cf2783298c809c-broad-scalar-cjson-v6-chain4 reference_startup_homology_density_and_representation_checked
scalar_v6_native_startups 1397 /1620 e0fa355880e8e91272745b5d4e61bef76a5803c85558991f53cf2783298c809c-centered-scalar-cjson-v6-chain1 reference_startup_homology_density_and_representation_checked
scalar_v6_native_startups 1398 /1620 e0fa355880e8e91272745b5d4e61bef76a5803c85558991f53cf2783298c809c-centered-scalar-cjson-v6-chain2 reference_startup_homology_density_and_representation_checked
scalar_v6_native_startups 1399 /1620 e0fa355880e8e91272745b5d4e61bef76a5803c85558991f53cf2783298c809c-centered-scalar-cjson-v6-chain3 reference_startup_homology_density_and_representation_checked
scalar_v6_native_startups 1400 /1620 e0fa355880e8e91272745b5d4e61bef76a5803c85558991f53cf2783298c809c-centered-scalar-cjson-v6-chain4 reference_startup_homology_density_and_representation_checked
scalar_v6_native_startups 1401 /1620 e0fa355880e8e91272745b5d4e61bef76a5803c85558991f53cf2783298c809c-package-scalar-cjson-v6-chain1 reference_startup_homology_density_and_representation_checked
scalar_v6_native_startups 1402 /1620 e0fa355880e8e91272745b5d4e61bef76a5803c85558991f53cf2783298c809c-package-scalar-cjson-v6-chain2 reference_startup_homology_density_and_representation_checked
scalar_v6_native_startups 1403 /1620 e0fa355880e8e91272745b5d4e61bef76a5803c85558991f53cf2783298c809c-package-scalar-cjson-v6-chain3 reference_startup_homology_density_and_representation_checked
scalar_v6_native_startups 1404 /1620 e0fa355880e8e91272745b5d4e61bef76a5803c85558991f53cf2783298c809c-package-scalar-cjson-v6-chain4 reference_startup_homology_density_and_representation_checked
scalar_v6_native_startups 1405 /1620 e311ea6e4c52be0b0485bec99db388a18639a4aba6787e434aed84ab0c5217ea-broad-scalar-cjson-v6-chain1 reference_startup_homology_density_and_representation_checked
scalar_v6_native_startups 1406 /1620 e311ea6e4c52be0b0485bec99db388a18639a4aba6787e434aed84ab0c5217ea-broad-scalar-cjson-v6-chain2 reference_startup_homology_density_and_representation_checked
scalar_v6_native_startups 1407 /1620 e311ea6e4c52be0b0485bec99db388a18639a4aba6787e434aed84ab0c5217ea-broad-scalar-cjson-v6-chain3 reference_startup_homology_density_and_representation_checked
scalar_v6_native_startups 1408 /1620 e311ea6e4c52be0b0485bec99db388a18639a4aba6787e434aed84ab0c5217ea-broad-scalar-cjson-v6-chain4 reference_startup_homology_density_and_representation_checked
scalar_v6_native_startups 1409 /1620 e311ea6e4c52be0b0485bec99db388a18639a4aba6787e434aed84ab0c5217ea-centered-scalar-cjson-v6-chain1 reference_startup_homology_density_and_representation_checked
scalar_v6_native_startups 1410 /1620 e311ea6e4c52be0b0485bec99db388a18639a4aba6787e434aed84ab0c5217ea-centered-scalar-cjson-v6-chain2 reference_startup_homology_density_and_representation_checked
scalar_v6_native_startups 1411 /1620 e311ea6e4c52be0b0485bec99db388a18639a4aba6787e434aed84ab0c5217ea-centered-scalar-cjson-v6-chain3 reference_startup_homology_density_and_representation_checked
scalar_v6_native_startups 1412 /1620 e311ea6e4c52be0b0485bec99db388a18639a4aba6787e434aed84ab0c5217ea-centered-scalar-cjson-v6-chain4 reference_startup_homology_density_and_representation_checked
scalar_v6_native_startups 1413 /1620 e311ea6e4c52be0b0485bec99db388a18639a4aba6787e434aed84ab0c5217ea-package-scalar-cjson-v6-chain1 reference_startup_homology_density_and_representation_checked
scalar_v6_native_startups 1414 /1620 e311ea6e4c52be0b0485bec99db388a18639a4aba6787e434aed84ab0c5217ea-package-scalar-cjson-v6-chain2 reference_startup_homology_density_and_representation_checked
scalar_v6_native_startups 1415 /1620 e311ea6e4c52be0b0485bec99db388a18639a4aba6787e434aed84ab0c5217ea-package-scalar-cjson-v6-chain3 reference_startup_homology_density_and_representation_checked
scalar_v6_native_startups 1416 /1620 e311ea6e4c52be0b0485bec99db388a18639a4aba6787e434aed84ab0c5217ea-package-scalar-cjson-v6-chain4 reference_startup_homology_density_and_representation_checked
scalar_v6_native_startups 1417 /1620 e350b566a9c0c9bcb6e81785d2994a59f4de291eb47b77ce575b6a8d659802f3-broad-scalar-cjson-v6-chain1 reference_startup_homology_density_and_representation_checked
scalar_v6_native_startups 1418 /1620 e350b566a9c0c9bcb6e81785d2994a59f4de291eb47b77ce575b6a8d659802f3-broad-scalar-cjson-v6-chain2 reference_startup_homology_density_and_representation_checked
scalar_v6_native_startups 1419 /1620 e350b566a9c0c9bcb6e81785d2994a59f4de291eb47b77ce575b6a8d659802f3-broad-scalar-cjson-v6-chain3 reference_startup_homology_density_and_representation_checked
scalar_v6_native_startups 1420 /1620 e350b566a9c0c9bcb6e81785d2994a59f4de291eb47b77ce575b6a8d659802f3-broad-scalar-cjson-v6-chain4 reference_startup_homology_density_and_representation_checked
scalar_v6_native_startups 1421 /1620 e350b566a9c0c9bcb6e81785d2994a59f4de291eb47b77ce575b6a8d659802f3-centered-scalar-cjson-v6-chain1 reference_startup_homology_density_and_representation_checked
scalar_v6_native_startups 1422 /1620 e350b566a9c0c9bcb6e81785d2994a59f4de291eb47b77ce575b6a8d659802f3-centered-scalar-cjson-v6-chain2 reference_startup_homology_density_and_representation_checked
scalar_v6_native_startups 1423 /1620 e350b566a9c0c9bcb6e81785d2994a59f4de291eb47b77ce575b6a8d659802f3-centered-scalar-cjson-v6-chain3 reference_startup_homology_density_and_representation_checked
scalar_v6_native_startups 1424 /1620 e350b566a9c0c9bcb6e81785d2994a59f4de291eb47b77ce575b6a8d659802f3-centered-scalar-cjson-v6-chain4 reference_startup_homology_density_and_representation_checked
scalar_v6_native_startups 1425 /1620 e350b566a9c0c9bcb6e81785d2994a59f4de291eb47b77ce575b6a8d659802f3-package-scalar-cjson-v6-chain1 reference_startup_homology_density_and_representation_checked
scalar_v6_native_startups 1426 /1620 e350b566a9c0c9bcb6e81785d2994a59f4de291eb47b77ce575b6a8d659802f3-package-scalar-cjson-v6-chain2 reference_startup_homology_density_and_representation_checked
scalar_v6_native_startups 1427 /1620 e350b566a9c0c9bcb6e81785d2994a59f4de291eb47b77ce575b6a8d659802f3-package-scalar-cjson-v6-chain3 reference_startup_homology_density_and_representation_checked
scalar_v6_native_startups 1428 /1620 e350b566a9c0c9bcb6e81785d2994a59f4de291eb47b77ce575b6a8d659802f3-package-scalar-cjson-v6-chain4 reference_startup_homology_density_and_representation_checked
scalar_v6_native_startups 1429 /1620 e399e6bd7e8ec2dddfb1fedcb48312555e36f39762a2e68ccc1d55eda13e82b4-broad-scalar-cjson-v6-chain1 reference_startup_homology_density_and_representation_checked
scalar_v6_native_startups 1430 /1620 e399e6bd7e8ec2dddfb1fedcb48312555e36f39762a2e68ccc1d55eda13e82b4-broad-scalar-cjson-v6-chain2 reference_startup_homology_density_and_representation_checked
scalar_v6_native_startups 1431 /1620 e399e6bd7e8ec2dddfb1fedcb48312555e36f39762a2e68ccc1d55eda13e82b4-broad-scalar-cjson-v6-chain3 reference_startup_homology_density_and_representation_checked
scalar_v6_native_startups 1432 /1620 e399e6bd7e8ec2dddfb1fedcb48312555e36f39762a2e68ccc1d55eda13e82b4-centered-scalar-cjson-v6-chain1 reference_startup_homology_density_and_representation_checked
scalar_v6_native_startups 1433 /1620 e399e6bd7e8ec2dddfb1fedcb48312555e36f39762a2e68ccc1d55eda13e82b4-broad-scalar-cjson-v6-chain4 reference_startup_homology_density_and_representation_checked
scalar_v6_native_startups 1434 /1620 e399e6bd7e8ec2dddfb1fedcb48312555e36f39762a2e68ccc1d55eda13e82b4-centered-scalar-cjson-v6-chain2 reference_startup_homology_density_and_representation_checked
scalar_v6_native_startups 1435 /1620 e399e6bd7e8ec2dddfb1fedcb48312555e36f39762a2e68ccc1d55eda13e82b4-centered-scalar-cjson-v6-chain3 reference_startup_homology_density_and_representation_checked
scalar_v6_native_startups 1436 /1620 e399e6bd7e8ec2dddfb1fedcb48312555e36f39762a2e68ccc1d55eda13e82b4-centered-scalar-cjson-v6-chain4 reference_startup_homology_density_and_representation_checked
scalar_v6_native_startups 1437 /1620 e399e6bd7e8ec2dddfb1fedcb48312555e36f39762a2e68ccc1d55eda13e82b4-package-scalar-cjson-v6-chain1 reference_startup_homology_density_and_representation_checked
scalar_v6_native_startups 1438 /1620 e399e6bd7e8ec2dddfb1fedcb48312555e36f39762a2e68ccc1d55eda13e82b4-package-scalar-cjson-v6-chain2 reference_startup_homology_density_and_representation_checked
scalar_v6_native_startups 1439 /1620 e399e6bd7e8ec2dddfb1fedcb48312555e36f39762a2e68ccc1d55eda13e82b4-package-scalar-cjson-v6-chain3 reference_startup_homology_density_and_representation_checked
scalar_v6_native_startups 1440 /1620 e4ded1cbfe486641c6c81fe5b8528c8f1060f44b0346aac1368cfaf8cfaa0a8e-broad-scalar-cjson-v6-chain1 reference_startup_homology_density_and_representation_checked
scalar_v6_native_startups 1441 /1620 e399e6bd7e8ec2dddfb1fedcb48312555e36f39762a2e68ccc1d55eda13e82b4-package-scalar-cjson-v6-chain4 reference_startup_homology_density_and_representation_checked
scalar_v6_native_startups 1442 /1620 e4ded1cbfe486641c6c81fe5b8528c8f1060f44b0346aac1368cfaf8cfaa0a8e-broad-scalar-cjson-v6-chain3 reference_startup_homology_density_and_representation_checked
scalar_v6_native_startups 1443 /1620 e4ded1cbfe486641c6c81fe5b8528c8f1060f44b0346aac1368cfaf8cfaa0a8e-broad-scalar-cjson-v6-chain2 reference_startup_homology_density_and_representation_checked
scalar_v6_native_startups 1444 /1620 e4ded1cbfe486641c6c81fe5b8528c8f1060f44b0346aac1368cfaf8cfaa0a8e-broad-scalar-cjson-v6-chain4 reference_startup_homology_density_and_representation_checked
scalar_v6_native_startups 1445 /1620 e4ded1cbfe486641c6c81fe5b8528c8f1060f44b0346aac1368cfaf8cfaa0a8e-centered-scalar-cjson-v6-chain1 reference_startup_homology_density_and_representation_checked
scalar_v6_native_startups 1446 /1620 e4ded1cbfe486641c6c81fe5b8528c8f1060f44b0346aac1368cfaf8cfaa0a8e-centered-scalar-cjson-v6-chain2 reference_startup_homology_density_and_representation_checked
scalar_v6_native_startups 1447 /1620 e4ded1cbfe486641c6c81fe5b8528c8f1060f44b0346aac1368cfaf8cfaa0a8e-centered-scalar-cjson-v6-chain3 reference_startup_homology_density_and_representation_checked
scalar_v6_native_startups 1448 /1620 e4ded1cbfe486641c6c81fe5b8528c8f1060f44b0346aac1368cfaf8cfaa0a8e-centered-scalar-cjson-v6-chain4 reference_startup_homology_density_and_representation_checked
scalar_v6_native_startups 1449 /1620 e4ded1cbfe486641c6c81fe5b8528c8f1060f44b0346aac1368cfaf8cfaa0a8e-package-scalar-cjson-v6-chain1 reference_startup_homology_density_and_representation_checked
scalar_v6_native_startups 1450 /1620 e4ded1cbfe486641c6c81fe5b8528c8f1060f44b0346aac1368cfaf8cfaa0a8e-package-scalar-cjson-v6-chain2 reference_startup_homology_density_and_representation_checked
scalar_v6_native_startups 1451 /1620 e4ded1cbfe486641c6c81fe5b8528c8f1060f44b0346aac1368cfaf8cfaa0a8e-package-scalar-cjson-v6-chain3 reference_startup_homology_density_and_representation_checked
scalar_v6_native_startups 1452 /1620 e4ded1cbfe486641c6c81fe5b8528c8f1060f44b0346aac1368cfaf8cfaa0a8e-package-scalar-cjson-v6-chain4 reference_startup_homology_density_and_representation_checked
scalar_v6_native_startups 1453 /1620 e50e1f6a4597a5f28c1c0bd957b600364372508556aada67a6f6624b0d5451c1-broad-scalar-cjson-v6-chain1 reference_startup_homology_density_and_representation_checked
scalar_v6_native_startups 1454 /1620 e50e1f6a4597a5f28c1c0bd957b600364372508556aada67a6f6624b0d5451c1-broad-scalar-cjson-v6-chain2 reference_startup_homology_density_and_representation_checked
scalar_v6_native_startups 1455 /1620 e50e1f6a4597a5f28c1c0bd957b600364372508556aada67a6f6624b0d5451c1-broad-scalar-cjson-v6-chain3 reference_startup_homology_density_and_representation_checked
scalar_v6_native_startups 1456 /1620 e50e1f6a4597a5f28c1c0bd957b600364372508556aada67a6f6624b0d5451c1-broad-scalar-cjson-v6-chain4 reference_startup_homology_density_and_representation_checked
scalar_v6_native_startups 1457 /1620 e50e1f6a4597a5f28c1c0bd957b600364372508556aada67a6f6624b0d5451c1-centered-scalar-cjson-v6-chain1 reference_startup_homology_density_and_representation_checked
scalar_v6_native_startups 1458 /1620 e50e1f6a4597a5f28c1c0bd957b600364372508556aada67a6f6624b0d5451c1-centered-scalar-cjson-v6-chain2 reference_startup_homology_density_and_representation_checked
scalar_v6_native_startups 1459 /1620 e50e1f6a4597a5f28c1c0bd957b600364372508556aada67a6f6624b0d5451c1-centered-scalar-cjson-v6-chain3 reference_startup_homology_density_and_representation_checked
scalar_v6_native_startups 1460 /1620 e50e1f6a4597a5f28c1c0bd957b600364372508556aada67a6f6624b0d5451c1-centered-scalar-cjson-v6-chain4 reference_startup_homology_density_and_representation_checked
scalar_v6_native_startups 1461 /1620 e50e1f6a4597a5f28c1c0bd957b600364372508556aada67a6f6624b0d5451c1-package-scalar-cjson-v6-chain2 reference_startup_homology_density_and_representation_checked
scalar_v6_native_startups 1462 /1620 e50e1f6a4597a5f28c1c0bd957b600364372508556aada67a6f6624b0d5451c1-package-scalar-cjson-v6-chain1 reference_startup_homology_density_and_representation_checked
scalar_v6_native_startups 1463 /1620 e50e1f6a4597a5f28c1c0bd957b600364372508556aada67a6f6624b0d5451c1-package-scalar-cjson-v6-chain3 reference_startup_homology_density_and_representation_checked
scalar_v6_native_startups 1464 /1620 e50e1f6a4597a5f28c1c0bd957b600364372508556aada67a6f6624b0d5451c1-package-scalar-cjson-v6-chain4 reference_startup_homology_density_and_representation_checked
scalar_v6_native_startups 1465 /1620 e9eb9a5b66c55828b5b34c7bf2d45a6e1162a2918ec6e6ca328d7ece95eb2233-broad-scalar-cjson-v6-chain1 reference_startup_homology_density_and_representation_checked
scalar_v6_native_startups 1466 /1620 e9eb9a5b66c55828b5b34c7bf2d45a6e1162a2918ec6e6ca328d7ece95eb2233-broad-scalar-cjson-v6-chain2 reference_startup_homology_density_and_representation_checked
scalar_v6_native_startups 1467 /1620 e9eb9a5b66c55828b5b34c7bf2d45a6e1162a2918ec6e6ca328d7ece95eb2233-broad-scalar-cjson-v6-chain3 reference_startup_homology_density_and_representation_checked
scalar_v6_native_startups 1468 /1620 e9eb9a5b66c55828b5b34c7bf2d45a6e1162a2918ec6e6ca328d7ece95eb2233-broad-scalar-cjson-v6-chain4 reference_startup_homology_density_and_representation_checked
scalar_v6_native_startups 1469 /1620 e9eb9a5b66c55828b5b34c7bf2d45a6e1162a2918ec6e6ca328d7ece95eb2233-centered-scalar-cjson-v6-chain1 reference_startup_homology_density_and_representation_checked
scalar_v6_native_startups 1470 /1620 e9eb9a5b66c55828b5b34c7bf2d45a6e1162a2918ec6e6ca328d7ece95eb2233-centered-scalar-cjson-v6-chain2 reference_startup_homology_density_and_representation_checked
scalar_v6_native_startups 1471 /1620 e9eb9a5b66c55828b5b34c7bf2d45a6e1162a2918ec6e6ca328d7ece95eb2233-centered-scalar-cjson-v6-chain3 reference_startup_homology_density_and_representation_checked
scalar_v6_native_startups 1472 /1620 e9eb9a5b66c55828b5b34c7bf2d45a6e1162a2918ec6e6ca328d7ece95eb2233-package-scalar-cjson-v6-chain1 reference_startup_homology_density_and_representation_checked
scalar_v6_native_startups 1473 /1620 e9eb9a5b66c55828b5b34c7bf2d45a6e1162a2918ec6e6ca328d7ece95eb2233-centered-scalar-cjson-v6-chain4 reference_startup_homology_density_and_representation_checked
scalar_v6_native_startups 1474 /1620 e9eb9a5b66c55828b5b34c7bf2d45a6e1162a2918ec6e6ca328d7ece95eb2233-package-scalar-cjson-v6-chain2 reference_startup_homology_density_and_representation_checked
scalar_v6_native_startups 1475 /1620 e9eb9a5b66c55828b5b34c7bf2d45a6e1162a2918ec6e6ca328d7ece95eb2233-package-scalar-cjson-v6-chain3 reference_startup_homology_density_and_representation_checked
scalar_v6_native_startups 1476 /1620 e9eb9a5b66c55828b5b34c7bf2d45a6e1162a2918ec6e6ca328d7ece95eb2233-package-scalar-cjson-v6-chain4 reference_startup_homology_density_and_representation_checked
scalar_v6_native_startups 1477 /1620 ea22d64eeafa574cebc42efcdc9d3091d230a144316f1879fab6dc18243b441e-broad-scalar-cjson-v6-chain1 reference_startup_homology_density_and_representation_checked
scalar_v6_native_startups 1478 /1620 ea22d64eeafa574cebc42efcdc9d3091d230a144316f1879fab6dc18243b441e-broad-scalar-cjson-v6-chain2 reference_startup_homology_density_and_representation_checked
scalar_v6_native_startups 1479 /1620 ea22d64eeafa574cebc42efcdc9d3091d230a144316f1879fab6dc18243b441e-broad-scalar-cjson-v6-chain3 reference_startup_homology_density_and_representation_checked
scalar_v6_native_startups 1480 /1620 ea22d64eeafa574cebc42efcdc9d3091d230a144316f1879fab6dc18243b441e-centered-scalar-cjson-v6-chain1 reference_startup_homology_density_and_representation_checked
scalar_v6_native_startups 1481 /1620 ea22d64eeafa574cebc42efcdc9d3091d230a144316f1879fab6dc18243b441e-broad-scalar-cjson-v6-chain4 reference_startup_homology_density_and_representation_checked
scalar_v6_native_startups 1482 /1620 ea22d64eeafa574cebc42efcdc9d3091d230a144316f1879fab6dc18243b441e-centered-scalar-cjson-v6-chain2 reference_startup_homology_density_and_representation_checked
scalar_v6_native_startups 1483 /1620 ea22d64eeafa574cebc42efcdc9d3091d230a144316f1879fab6dc18243b441e-centered-scalar-cjson-v6-chain3 reference_startup_homology_density_and_representation_checked
scalar_v6_native_startups 1484 /1620 ea22d64eeafa574cebc42efcdc9d3091d230a144316f1879fab6dc18243b441e-package-scalar-cjson-v6-chain1 reference_startup_homology_density_and_representation_checked
scalar_v6_native_startups 1485 /1620 ea22d64eeafa574cebc42efcdc9d3091d230a144316f1879fab6dc18243b441e-centered-scalar-cjson-v6-chain4 reference_startup_homology_density_and_representation_checked
scalar_v6_native_startups 1486 /1620 ea22d64eeafa574cebc42efcdc9d3091d230a144316f1879fab6dc18243b441e-package-scalar-cjson-v6-chain2 reference_startup_homology_density_and_representation_checked
scalar_v6_native_startups 1487 /1620 ea22d64eeafa574cebc42efcdc9d3091d230a144316f1879fab6dc18243b441e-package-scalar-cjson-v6-chain3 reference_startup_homology_density_and_representation_checked
scalar_v6_native_startups 1488 /1620 ea22d64eeafa574cebc42efcdc9d3091d230a144316f1879fab6dc18243b441e-package-scalar-cjson-v6-chain4 reference_startup_homology_density_and_representation_checked
scalar_v6_native_startups 1489 /1620 ea7898bcccea0c3bc3af9ffb9902be7963efe47b2489ca3ec94b39025c4c8fd1-broad-scalar-cjson-v6-chain1 reference_startup_homology_density_and_representation_checked
scalar_v6_native_startups 1490 /1620 ea7898bcccea0c3bc3af9ffb9902be7963efe47b2489ca3ec94b39025c4c8fd1-broad-scalar-cjson-v6-chain2 reference_startup_homology_density_and_representation_checked
scalar_v6_native_startups 1491 /1620 ea7898bcccea0c3bc3af9ffb9902be7963efe47b2489ca3ec94b39025c4c8fd1-broad-scalar-cjson-v6-chain3 reference_startup_homology_density_and_representation_checked
scalar_v6_native_startups 1492 /1620 ea7898bcccea0c3bc3af9ffb9902be7963efe47b2489ca3ec94b39025c4c8fd1-broad-scalar-cjson-v6-chain4 reference_startup_homology_density_and_representation_checked
scalar_v6_native_startups 1493 /1620 ea7898bcccea0c3bc3af9ffb9902be7963efe47b2489ca3ec94b39025c4c8fd1-centered-scalar-cjson-v6-chain1 reference_startup_homology_density_and_representation_checked
scalar_v6_native_startups 1494 /1620 ea7898bcccea0c3bc3af9ffb9902be7963efe47b2489ca3ec94b39025c4c8fd1-centered-scalar-cjson-v6-chain2 reference_startup_homology_density_and_representation_checked
scalar_v6_native_startups 1495 /1620 ea7898bcccea0c3bc3af9ffb9902be7963efe47b2489ca3ec94b39025c4c8fd1-centered-scalar-cjson-v6-chain3 reference_startup_homology_density_and_representation_checked
scalar_v6_native_startups 1496 /1620 ea7898bcccea0c3bc3af9ffb9902be7963efe47b2489ca3ec94b39025c4c8fd1-centered-scalar-cjson-v6-chain4 reference_startup_homology_density_and_representation_checked
scalar_v6_native_startups 1497 /1620 ea7898bcccea0c3bc3af9ffb9902be7963efe47b2489ca3ec94b39025c4c8fd1-package-scalar-cjson-v6-chain1 reference_startup_homology_density_and_representation_checked
scalar_v6_native_startups 1498 /1620 ea7898bcccea0c3bc3af9ffb9902be7963efe47b2489ca3ec94b39025c4c8fd1-package-scalar-cjson-v6-chain3 reference_startup_homology_density_and_representation_checked
scalar_v6_native_startups 1499 /1620 ea7898bcccea0c3bc3af9ffb9902be7963efe47b2489ca3ec94b39025c4c8fd1-package-scalar-cjson-v6-chain2 reference_startup_homology_density_and_representation_checked
scalar_v6_native_startups 1500 /1620 ea7898bcccea0c3bc3af9ffb9902be7963efe47b2489ca3ec94b39025c4c8fd1-package-scalar-cjson-v6-chain4 reference_startup_homology_density_and_representation_checked
scalar_v6_native_startups 1501 /1620 ebd0daf8627503232ef77e66686f790074255ab46bddd544300f781deefd7af6-broad-scalar-cjson-v6-chain1 reference_startup_homology_density_and_representation_checked
scalar_v6_native_startups 1502 /1620 ebd0daf8627503232ef77e66686f790074255ab46bddd544300f781deefd7af6-broad-scalar-cjson-v6-chain2 reference_startup_homology_density_and_representation_checked
scalar_v6_native_startups 1503 /1620 ebd0daf8627503232ef77e66686f790074255ab46bddd544300f781deefd7af6-broad-scalar-cjson-v6-chain3 reference_startup_homology_density_and_representation_checked
scalar_v6_native_startups 1504 /1620 ebd0daf8627503232ef77e66686f790074255ab46bddd544300f781deefd7af6-broad-scalar-cjson-v6-chain4 reference_startup_homology_density_and_representation_checked
scalar_v6_native_startups 1505 /1620 ebd0daf8627503232ef77e66686f790074255ab46bddd544300f781deefd7af6-centered-scalar-cjson-v6-chain1 reference_startup_homology_density_and_representation_checked
scalar_v6_native_startups 1506 /1620 ebd0daf8627503232ef77e66686f790074255ab46bddd544300f781deefd7af6-centered-scalar-cjson-v6-chain2 reference_startup_homology_density_and_representation_checked
scalar_v6_native_startups 1507 /1620 ebd0daf8627503232ef77e66686f790074255ab46bddd544300f781deefd7af6-centered-scalar-cjson-v6-chain3 reference_startup_homology_density_and_representation_checked
scalar_v6_native_startups 1508 /1620 ebd0daf8627503232ef77e66686f790074255ab46bddd544300f781deefd7af6-centered-scalar-cjson-v6-chain4 reference_startup_homology_density_and_representation_checked
scalar_v6_native_startups 1509 /1620 ebd0daf8627503232ef77e66686f790074255ab46bddd544300f781deefd7af6-package-scalar-cjson-v6-chain1 reference_startup_homology_density_and_representation_checked
scalar_v6_native_startups 1510 /1620 ebd0daf8627503232ef77e66686f790074255ab46bddd544300f781deefd7af6-package-scalar-cjson-v6-chain2 reference_startup_homology_density_and_representation_checked
scalar_v6_native_startups 1511 /1620 ebd0daf8627503232ef77e66686f790074255ab46bddd544300f781deefd7af6-package-scalar-cjson-v6-chain3 reference_startup_homology_density_and_representation_checked
scalar_v6_native_startups 1512 /1620 ebd0daf8627503232ef77e66686f790074255ab46bddd544300f781deefd7af6-package-scalar-cjson-v6-chain4 reference_startup_homology_density_and_representation_checked
scalar_v6_native_startups 1513 /1620 ed59365af7653bbb9df8be7bc884f0b32e70d19bf539011dd4102bfe4a379ba5-broad-scalar-cjson-v6-chain1 reference_startup_homology_density_and_representation_checked
scalar_v6_native_startups 1514 /1620 ed59365af7653bbb9df8be7bc884f0b32e70d19bf539011dd4102bfe4a379ba5-broad-scalar-cjson-v6-chain2 reference_startup_homology_density_and_representation_checked
scalar_v6_native_startups 1515 /1620 ed59365af7653bbb9df8be7bc884f0b32e70d19bf539011dd4102bfe4a379ba5-broad-scalar-cjson-v6-chain3 reference_startup_homology_density_and_representation_checked
scalar_v6_native_startups 1516 /1620 ed59365af7653bbb9df8be7bc884f0b32e70d19bf539011dd4102bfe4a379ba5-broad-scalar-cjson-v6-chain4 reference_startup_homology_density_and_representation_checked
scalar_v6_native_startups 1517 /1620 ed59365af7653bbb9df8be7bc884f0b32e70d19bf539011dd4102bfe4a379ba5-centered-scalar-cjson-v6-chain1 reference_startup_homology_density_and_representation_checked
scalar_v6_native_startups 1518 /1620 ed59365af7653bbb9df8be7bc884f0b32e70d19bf539011dd4102bfe4a379ba5-centered-scalar-cjson-v6-chain2 reference_startup_homology_density_and_representation_checked
scalar_v6_native_startups 1519 /1620 ed59365af7653bbb9df8be7bc884f0b32e70d19bf539011dd4102bfe4a379ba5-centered-scalar-cjson-v6-chain3 reference_startup_homology_density_and_representation_checked
scalar_v6_native_startups 1520 /1620 ed59365af7653bbb9df8be7bc884f0b32e70d19bf539011dd4102bfe4a379ba5-package-scalar-cjson-v6-chain1 reference_startup_homology_density_and_representation_checked
scalar_v6_native_startups 1521 /1620 ed59365af7653bbb9df8be7bc884f0b32e70d19bf539011dd4102bfe4a379ba5-centered-scalar-cjson-v6-chain4 reference_startup_homology_density_and_representation_checked
scalar_v6_native_startups 1522 /1620 ed59365af7653bbb9df8be7bc884f0b32e70d19bf539011dd4102bfe4a379ba5-package-scalar-cjson-v6-chain2 reference_startup_homology_density_and_representation_checked
scalar_v6_native_startups 1523 /1620 ed59365af7653bbb9df8be7bc884f0b32e70d19bf539011dd4102bfe4a379ba5-package-scalar-cjson-v6-chain3 reference_startup_homology_density_and_representation_checked
scalar_v6_native_startups 1524 /1620 ed59365af7653bbb9df8be7bc884f0b32e70d19bf539011dd4102bfe4a379ba5-package-scalar-cjson-v6-chain4 reference_startup_homology_density_and_representation_checked
scalar_v6_native_startups 1525 /1620 ee43d9b73b1e7ae71724f2ecfb3bd89db80ddf4e0def00aa5359d698fa2a1c9d-broad-scalar-cjson-v6-chain1 reference_startup_homology_density_and_representation_checked
scalar_v6_native_startups 1526 /1620 ee43d9b73b1e7ae71724f2ecfb3bd89db80ddf4e0def00aa5359d698fa2a1c9d-broad-scalar-cjson-v6-chain2 reference_startup_homology_density_and_representation_checked
scalar_v6_native_startups 1527 /1620 ee43d9b73b1e7ae71724f2ecfb3bd89db80ddf4e0def00aa5359d698fa2a1c9d-broad-scalar-cjson-v6-chain3 reference_startup_homology_density_and_representation_checked
scalar_v6_native_startups 1528 /1620 ee43d9b73b1e7ae71724f2ecfb3bd89db80ddf4e0def00aa5359d698fa2a1c9d-broad-scalar-cjson-v6-chain4 reference_startup_homology_density_and_representation_checked
scalar_v6_native_startups 1529 /1620 ee43d9b73b1e7ae71724f2ecfb3bd89db80ddf4e0def00aa5359d698fa2a1c9d-centered-scalar-cjson-v6-chain1 reference_startup_homology_density_and_representation_checked
scalar_v6_native_startups 1530 /1620 ee43d9b73b1e7ae71724f2ecfb3bd89db80ddf4e0def00aa5359d698fa2a1c9d-centered-scalar-cjson-v6-chain2 reference_startup_homology_density_and_representation_checked
scalar_v6_native_startups 1531 /1620 ee43d9b73b1e7ae71724f2ecfb3bd89db80ddf4e0def00aa5359d698fa2a1c9d-centered-scalar-cjson-v6-chain3 reference_startup_homology_density_and_representation_checked
scalar_v6_native_startups 1532 /1620 ee43d9b73b1e7ae71724f2ecfb3bd89db80ddf4e0def00aa5359d698fa2a1c9d-centered-scalar-cjson-v6-chain4 reference_startup_homology_density_and_representation_checked
scalar_v6_native_startups 1533 /1620 ee43d9b73b1e7ae71724f2ecfb3bd89db80ddf4e0def00aa5359d698fa2a1c9d-package-scalar-cjson-v6-chain1 reference_startup_homology_density_and_representation_checked
scalar_v6_native_startups 1534 /1620 ee43d9b73b1e7ae71724f2ecfb3bd89db80ddf4e0def00aa5359d698fa2a1c9d-package-scalar-cjson-v6-chain2 reference_startup_homology_density_and_representation_checked
scalar_v6_native_startups 1535 /1620 ee43d9b73b1e7ae71724f2ecfb3bd89db80ddf4e0def00aa5359d698fa2a1c9d-package-scalar-cjson-v6-chain3 reference_startup_homology_density_and_representation_checked
scalar_v6_native_startups 1536 /1620 ee43d9b73b1e7ae71724f2ecfb3bd89db80ddf4e0def00aa5359d698fa2a1c9d-package-scalar-cjson-v6-chain4 reference_startup_homology_density_and_representation_checked
scalar_v6_native_startups 1537 /1620 ee7d3a20a71ab71c1db8f98cf07790c82a1d63276ef3f10dd110a8eb29f3ec80-broad-scalar-cjson-v6-chain1 reference_startup_homology_density_and_representation_checked
scalar_v6_native_startups 1538 /1620 ee7d3a20a71ab71c1db8f98cf07790c82a1d63276ef3f10dd110a8eb29f3ec80-broad-scalar-cjson-v6-chain3 reference_startup_homology_density_and_representation_checked
scalar_v6_native_startups 1539 /1620 ee7d3a20a71ab71c1db8f98cf07790c82a1d63276ef3f10dd110a8eb29f3ec80-broad-scalar-cjson-v6-chain2 reference_startup_homology_density_and_representation_checked
scalar_v6_native_startups 1540 /1620 ee7d3a20a71ab71c1db8f98cf07790c82a1d63276ef3f10dd110a8eb29f3ec80-broad-scalar-cjson-v6-chain4 reference_startup_homology_density_and_representation_checked
scalar_v6_native_startups 1541 /1620 ee7d3a20a71ab71c1db8f98cf07790c82a1d63276ef3f10dd110a8eb29f3ec80-centered-scalar-cjson-v6-chain1 reference_startup_homology_density_and_representation_checked
scalar_v6_native_startups 1542 /1620 ee7d3a20a71ab71c1db8f98cf07790c82a1d63276ef3f10dd110a8eb29f3ec80-centered-scalar-cjson-v6-chain2 reference_startup_homology_density_and_representation_checked
scalar_v6_native_startups 1543 /1620 ee7d3a20a71ab71c1db8f98cf07790c82a1d63276ef3f10dd110a8eb29f3ec80-centered-scalar-cjson-v6-chain3 reference_startup_homology_density_and_representation_checked
scalar_v6_native_startups 1544 /1620 ee7d3a20a71ab71c1db8f98cf07790c82a1d63276ef3f10dd110a8eb29f3ec80-centered-scalar-cjson-v6-chain4 reference_startup_homology_density_and_representation_checked
scalar_v6_native_startups 1545 /1620 ee7d3a20a71ab71c1db8f98cf07790c82a1d63276ef3f10dd110a8eb29f3ec80-package-scalar-cjson-v6-chain1 reference_startup_homology_density_and_representation_checked
scalar_v6_native_startups 1546 /1620 ee7d3a20a71ab71c1db8f98cf07790c82a1d63276ef3f10dd110a8eb29f3ec80-package-scalar-cjson-v6-chain2 reference_startup_homology_density_and_representation_checked
scalar_v6_native_startups 1547 /1620 ee7d3a20a71ab71c1db8f98cf07790c82a1d63276ef3f10dd110a8eb29f3ec80-package-scalar-cjson-v6-chain3 reference_startup_homology_density_and_representation_checked
scalar_v6_native_startups 1548 /1620 ee7d3a20a71ab71c1db8f98cf07790c82a1d63276ef3f10dd110a8eb29f3ec80-package-scalar-cjson-v6-chain4 reference_startup_homology_density_and_representation_checked
scalar_v6_native_startups 1549 /1620 eea36a0c4b9091dfe11d85825d87f9d2c17239ee3d39bdd739a6e4dc94b9f62a-broad-scalar-cjson-v6-chain1 reference_startup_homology_density_and_representation_checked
scalar_v6_native_startups 1550 /1620 eea36a0c4b9091dfe11d85825d87f9d2c17239ee3d39bdd739a6e4dc94b9f62a-broad-scalar-cjson-v6-chain3 reference_startup_homology_density_and_representation_checked
scalar_v6_native_startups 1551 /1620 eea36a0c4b9091dfe11d85825d87f9d2c17239ee3d39bdd739a6e4dc94b9f62a-broad-scalar-cjson-v6-chain2 reference_startup_homology_density_and_representation_checked
scalar_v6_native_startups 1552 /1620 eea36a0c4b9091dfe11d85825d87f9d2c17239ee3d39bdd739a6e4dc94b9f62a-broad-scalar-cjson-v6-chain4 reference_startup_homology_density_and_representation_checked
scalar_v6_native_startups 1553 /1620 eea36a0c4b9091dfe11d85825d87f9d2c17239ee3d39bdd739a6e4dc94b9f62a-centered-scalar-cjson-v6-chain1 reference_startup_homology_density_and_representation_checked
scalar_v6_native_startups 1554 /1620 eea36a0c4b9091dfe11d85825d87f9d2c17239ee3d39bdd739a6e4dc94b9f62a-centered-scalar-cjson-v6-chain2 reference_startup_homology_density_and_representation_checked
scalar_v6_native_startups 1555 /1620 eea36a0c4b9091dfe11d85825d87f9d2c17239ee3d39bdd739a6e4dc94b9f62a-centered-scalar-cjson-v6-chain3 reference_startup_homology_density_and_representation_checked
scalar_v6_native_startups 1556 /1620 eea36a0c4b9091dfe11d85825d87f9d2c17239ee3d39bdd739a6e4dc94b9f62a-package-scalar-cjson-v6-chain1 reference_startup_homology_density_and_representation_checked
scalar_v6_native_startups 1557 /1620 eea36a0c4b9091dfe11d85825d87f9d2c17239ee3d39bdd739a6e4dc94b9f62a-centered-scalar-cjson-v6-chain4 reference_startup_homology_density_and_representation_checked
scalar_v6_native_startups 1558 /1620 eea36a0c4b9091dfe11d85825d87f9d2c17239ee3d39bdd739a6e4dc94b9f62a-package-scalar-cjson-v6-chain3 reference_startup_homology_density_and_representation_checked
scalar_v6_native_startups 1559 /1620 eea36a0c4b9091dfe11d85825d87f9d2c17239ee3d39bdd739a6e4dc94b9f62a-package-scalar-cjson-v6-chain2 reference_startup_homology_density_and_representation_checked
scalar_v6_native_startups 1560 /1620 eea36a0c4b9091dfe11d85825d87f9d2c17239ee3d39bdd739a6e4dc94b9f62a-package-scalar-cjson-v6-chain4 reference_startup_homology_density_and_representation_checked
scalar_v6_native_startups 1561 /1620 f3eb1d38fbc4a146028eb9378ab6e28af8c4b12304655d865c7d7642e01c8582-broad-scalar-cjson-v6-chain1 reference_startup_homology_density_and_representation_checked
scalar_v6_native_startups 1562 /1620 f3eb1d38fbc4a146028eb9378ab6e28af8c4b12304655d865c7d7642e01c8582-broad-scalar-cjson-v6-chain2 reference_startup_homology_density_and_representation_checked
scalar_v6_native_startups 1563 /1620 f3eb1d38fbc4a146028eb9378ab6e28af8c4b12304655d865c7d7642e01c8582-broad-scalar-cjson-v6-chain3 reference_startup_homology_density_and_representation_checked
scalar_v6_native_startups 1564 /1620 f3eb1d38fbc4a146028eb9378ab6e28af8c4b12304655d865c7d7642e01c8582-broad-scalar-cjson-v6-chain4 reference_startup_homology_density_and_representation_checked
scalar_v6_native_startups 1565 /1620 f3eb1d38fbc4a146028eb9378ab6e28af8c4b12304655d865c7d7642e01c8582-centered-scalar-cjson-v6-chain1 reference_startup_homology_density_and_representation_checked
scalar_v6_native_startups 1566 /1620 f3eb1d38fbc4a146028eb9378ab6e28af8c4b12304655d865c7d7642e01c8582-centered-scalar-cjson-v6-chain2 reference_startup_homology_density_and_representation_checked
scalar_v6_native_startups 1567 /1620 f3eb1d38fbc4a146028eb9378ab6e28af8c4b12304655d865c7d7642e01c8582-centered-scalar-cjson-v6-chain3 reference_startup_homology_density_and_representation_checked
scalar_v6_native_startups 1568 /1620 f3eb1d38fbc4a146028eb9378ab6e28af8c4b12304655d865c7d7642e01c8582-centered-scalar-cjson-v6-chain4 reference_startup_homology_density_and_representation_checked
scalar_v6_native_startups 1569 /1620 f3eb1d38fbc4a146028eb9378ab6e28af8c4b12304655d865c7d7642e01c8582-package-scalar-cjson-v6-chain1 reference_startup_homology_density_and_representation_checked
scalar_v6_native_startups 1570 /1620 f3eb1d38fbc4a146028eb9378ab6e28af8c4b12304655d865c7d7642e01c8582-package-scalar-cjson-v6-chain2 reference_startup_homology_density_and_representation_checked
scalar_v6_native_startups 1571 /1620 f3eb1d38fbc4a146028eb9378ab6e28af8c4b12304655d865c7d7642e01c8582-package-scalar-cjson-v6-chain3 reference_startup_homology_density_and_representation_checked
scalar_v6_native_startups 1572 /1620 f49fcdd62941a8feb53f4197fb40b12f6ddd70505ac8322997701b49986ddc39-broad-scalar-cjson-v6-chain1 reference_startup_homology_density_and_representation_checked
scalar_v6_native_startups 1573 /1620 f3eb1d38fbc4a146028eb9378ab6e28af8c4b12304655d865c7d7642e01c8582-package-scalar-cjson-v6-chain4 reference_startup_homology_density_and_representation_checked
scalar_v6_native_startups 1574 /1620 f49fcdd62941a8feb53f4197fb40b12f6ddd70505ac8322997701b49986ddc39-broad-scalar-cjson-v6-chain2 reference_startup_homology_density_and_representation_checked
scalar_v6_native_startups 1575 /1620 f49fcdd62941a8feb53f4197fb40b12f6ddd70505ac8322997701b49986ddc39-broad-scalar-cjson-v6-chain3 reference_startup_homology_density_and_representation_checked
scalar_v6_native_startups 1576 /1620 f49fcdd62941a8feb53f4197fb40b12f6ddd70505ac8322997701b49986ddc39-centered-scalar-cjson-v6-chain1 reference_startup_homology_density_and_representation_checked
scalar_v6_native_startups 1577 /1620 f49fcdd62941a8feb53f4197fb40b12f6ddd70505ac8322997701b49986ddc39-broad-scalar-cjson-v6-chain4 reference_startup_homology_density_and_representation_checked
scalar_v6_native_startups 1578 /1620 f49fcdd62941a8feb53f4197fb40b12f6ddd70505ac8322997701b49986ddc39-centered-scalar-cjson-v6-chain3 reference_startup_homology_density_and_representation_checked
scalar_v6_native_startups 1579 /1620 f49fcdd62941a8feb53f4197fb40b12f6ddd70505ac8322997701b49986ddc39-centered-scalar-cjson-v6-chain2 reference_startup_homology_density_and_representation_checked
scalar_v6_native_startups 1580 /1620 f49fcdd62941a8feb53f4197fb40b12f6ddd70505ac8322997701b49986ddc39-package-scalar-cjson-v6-chain1 reference_startup_homology_density_and_representation_checked
scalar_v6_native_startups 1581 /1620 f49fcdd62941a8feb53f4197fb40b12f6ddd70505ac8322997701b49986ddc39-centered-scalar-cjson-v6-chain4 reference_startup_homology_density_and_representation_checked
scalar_v6_native_startups 1582 /1620 f49fcdd62941a8feb53f4197fb40b12f6ddd70505ac8322997701b49986ddc39-package-scalar-cjson-v6-chain2 reference_startup_homology_density_and_representation_checked
scalar_v6_native_startups 1583 /1620 f49fcdd62941a8feb53f4197fb40b12f6ddd70505ac8322997701b49986ddc39-package-scalar-cjson-v6-chain3 reference_startup_homology_density_and_representation_checked
scalar_v6_native_startups 1584 /1620 f49fcdd62941a8feb53f4197fb40b12f6ddd70505ac8322997701b49986ddc39-package-scalar-cjson-v6-chain4 reference_startup_homology_density_and_representation_checked
scalar_v6_native_startups 1585 /1620 f5f8fb07c7d692818de104aa35d0ef848f99b5b1737e4073b41e83506c76f65b-broad-scalar-cjson-v6-chain1 reference_startup_homology_density_and_representation_checked
scalar_v6_native_startups 1586 /1620 f5f8fb07c7d692818de104aa35d0ef848f99b5b1737e4073b41e83506c76f65b-broad-scalar-cjson-v6-chain2 reference_startup_homology_density_and_representation_checked
scalar_v6_native_startups 1587 /1620 f5f8fb07c7d692818de104aa35d0ef848f99b5b1737e4073b41e83506c76f65b-broad-scalar-cjson-v6-chain3 reference_startup_homology_density_and_representation_checked
scalar_v6_native_startups 1588 /1620 f5f8fb07c7d692818de104aa35d0ef848f99b5b1737e4073b41e83506c76f65b-broad-scalar-cjson-v6-chain4 reference_startup_homology_density_and_representation_checked
scalar_v6_native_startups 1589 /1620 f5f8fb07c7d692818de104aa35d0ef848f99b5b1737e4073b41e83506c76f65b-centered-scalar-cjson-v6-chain1 reference_startup_homology_density_and_representation_checked
scalar_v6_native_startups 1590 /1620 f5f8fb07c7d692818de104aa35d0ef848f99b5b1737e4073b41e83506c76f65b-centered-scalar-cjson-v6-chain2 reference_startup_homology_density_and_representation_checked
scalar_v6_native_startups 1591 /1620 f5f8fb07c7d692818de104aa35d0ef848f99b5b1737e4073b41e83506c76f65b-centered-scalar-cjson-v6-chain3 reference_startup_homology_density_and_representation_checked
scalar_v6_native_startups 1592 /1620 f5f8fb07c7d692818de104aa35d0ef848f99b5b1737e4073b41e83506c76f65b-centered-scalar-cjson-v6-chain4 reference_startup_homology_density_and_representation_checked
scalar_v6_native_startups 1593 /1620 f5f8fb07c7d692818de104aa35d0ef848f99b5b1737e4073b41e83506c76f65b-package-scalar-cjson-v6-chain1 reference_startup_homology_density_and_representation_checked
scalar_v6_native_startups 1594 /1620 f5f8fb07c7d692818de104aa35d0ef848f99b5b1737e4073b41e83506c76f65b-package-scalar-cjson-v6-chain2 reference_startup_homology_density_and_representation_checked
scalar_v6_native_startups 1595 /1620 f5f8fb07c7d692818de104aa35d0ef848f99b5b1737e4073b41e83506c76f65b-package-scalar-cjson-v6-chain3 reference_startup_homology_density_and_representation_checked
scalar_v6_native_startups 1596 /1620 f5f8fb07c7d692818de104aa35d0ef848f99b5b1737e4073b41e83506c76f65b-package-scalar-cjson-v6-chain4 reference_startup_homology_density_and_representation_checked
scalar_v6_native_startups 1597 /1620 f9afda0ec2543df1e855aaf3048fa302b415440ce828b14ec71d8e686cb6b0f0-broad-scalar-cjson-v6-chain1 reference_startup_homology_density_and_representation_checked
scalar_v6_native_startups 1598 /1620 f9afda0ec2543df1e855aaf3048fa302b415440ce828b14ec71d8e686cb6b0f0-broad-scalar-cjson-v6-chain2 reference_startup_homology_density_and_representation_checked
scalar_v6_native_startups 1599 /1620 f9afda0ec2543df1e855aaf3048fa302b415440ce828b14ec71d8e686cb6b0f0-broad-scalar-cjson-v6-chain3 reference_startup_homology_density_and_representation_checked
scalar_v6_native_startups 1600 /1620 f9afda0ec2543df1e855aaf3048fa302b415440ce828b14ec71d8e686cb6b0f0-broad-scalar-cjson-v6-chain4 reference_startup_homology_density_and_representation_checked
scalar_v6_native_startups 1601 /1620 f9afda0ec2543df1e855aaf3048fa302b415440ce828b14ec71d8e686cb6b0f0-centered-scalar-cjson-v6-chain1 reference_startup_homology_density_and_representation_checked
scalar_v6_native_startups 1602 /1620 f9afda0ec2543df1e855aaf3048fa302b415440ce828b14ec71d8e686cb6b0f0-centered-scalar-cjson-v6-chain2 reference_startup_homology_density_and_representation_checked
scalar_v6_native_startups 1603 /1620 f9afda0ec2543df1e855aaf3048fa302b415440ce828b14ec71d8e686cb6b0f0-centered-scalar-cjson-v6-chain3 reference_startup_homology_density_and_representation_checked
scalar_v6_native_startups 1604 /1620 f9afda0ec2543df1e855aaf3048fa302b415440ce828b14ec71d8e686cb6b0f0-centered-scalar-cjson-v6-chain4 reference_startup_homology_density_and_representation_checked
scalar_v6_native_startups 1605 /1620 f9afda0ec2543df1e855aaf3048fa302b415440ce828b14ec71d8e686cb6b0f0-package-scalar-cjson-v6-chain1 reference_startup_homology_density_and_representation_checked
scalar_v6_native_startups 1606 /1620 f9afda0ec2543df1e855aaf3048fa302b415440ce828b14ec71d8e686cb6b0f0-package-scalar-cjson-v6-chain2 reference_startup_homology_density_and_representation_checked
scalar_v6_native_startups 1607 /1620 f9afda0ec2543df1e855aaf3048fa302b415440ce828b14ec71d8e686cb6b0f0-package-scalar-cjson-v6-chain3 reference_startup_homology_density_and_representation_checked
scalar_v6_native_startups 1608 /1620 f9afda0ec2543df1e855aaf3048fa302b415440ce828b14ec71d8e686cb6b0f0-package-scalar-cjson-v6-chain4 reference_startup_homology_density_and_representation_checked
scalar_v6_native_startups 1609 /1620 fe6763778119c9da3420be2ef2d5292162e41577b71493c0c9a80f874673a98d-broad-scalar-cjson-v6-chain1 reference_startup_homology_density_and_representation_checked
scalar_v6_native_startups 1610 /1620 fe6763778119c9da3420be2ef2d5292162e41577b71493c0c9a80f874673a98d-broad-scalar-cjson-v6-chain2 reference_startup_homology_density_and_representation_checked
scalar_v6_native_startups 1611 /1620 fe6763778119c9da3420be2ef2d5292162e41577b71493c0c9a80f874673a98d-broad-scalar-cjson-v6-chain3 reference_startup_homology_density_and_representation_checked
scalar_v6_native_startups 1612 /1620 fe6763778119c9da3420be2ef2d5292162e41577b71493c0c9a80f874673a98d-broad-scalar-cjson-v6-chain4 reference_startup_homology_density_and_representation_checked
scalar_v6_native_startups 1613 /1620 fe6763778119c9da3420be2ef2d5292162e41577b71493c0c9a80f874673a98d-centered-scalar-cjson-v6-chain1 reference_startup_homology_density_and_representation_checked
scalar_v6_native_startups 1614 /1620 fe6763778119c9da3420be2ef2d5292162e41577b71493c0c9a80f874673a98d-centered-scalar-cjson-v6-chain2 reference_startup_homology_density_and_representation_checked
scalar_v6_native_startups 1615 /1620 fe6763778119c9da3420be2ef2d5292162e41577b71493c0c9a80f874673a98d-centered-scalar-cjson-v6-chain3 reference_startup_homology_density_and_representation_checked
scalar_v6_native_startups 1616 /1620 fe6763778119c9da3420be2ef2d5292162e41577b71493c0c9a80f874673a98d-centered-scalar-cjson-v6-chain4 reference_startup_homology_density_and_representation_checked
scalar_v6_native_startups 1617 /1620 fe6763778119c9da3420be2ef2d5292162e41577b71493c0c9a80f874673a98d-package-scalar-cjson-v6-chain1 reference_startup_homology_density_and_representation_checked
scalar_v6_native_startups 1618 /1620 fe6763778119c9da3420be2ef2d5292162e41577b71493c0c9a80f874673a98d-package-scalar-cjson-v6-chain2 reference_startup_homology_density_and_representation_checked
scalar_v6_native_startups 1619 /1620 fe6763778119c9da3420be2ef2d5292162e41577b71493c0c9a80f874673a98d-package-scalar-cjson-v6-chain3 reference_startup_homology_density_and_representation_checked
scalar_v6_native_startups 1620 /1620 fe6763778119c9da3420be2ef2d5292162e41577b71493c0c9a80f874673a98d-package-scalar-cjson-v6-chain4 reference_startup_homology_density_and_representation_checked
{"full_chains": 1620, "full_quartets": 405, "effective_inputs": 135, "original_configuration_aliases": 324, "validated_startups": 1618, "unsuccessful_startups": 2, "complete_startup_quartets": 403, "unresolved_startup_quartets": 2, "status_counts": {"unsuccessful_native_startup_retained": 2, "reference_startup_homology_density_and_representation_checked": 1618}, "posterior_sampling_launched": false}
reference_startup_serialized_readback 50 /1620
reference_startup_serialized_readback 100 /1620
reference_startup_serialized_readback 150 /1620
reference_startup_serialized_readback 200 /1620
reference_startup_serialized_readback 250 /1620
reference_startup_serialized_readback 300 /1620
reference_startup_serialized_readback 350 /1620
reference_startup_serialized_readback 400 /1620
reference_startup_serialized_readback 450 /1620
reference_startup_serialized_readback 500 /1620
reference_startup_serialized_readback 550 /1620
reference_startup_serialized_readback 600 /1620
reference_startup_serialized_readback 650 /1620
reference_startup_serialized_readback 700 /1620
reference_startup_serialized_readback 750 /1620
reference_startup_serialized_readback 800 /1620
reference_startup_serialized_readback 850 /1620
reference_startup_serialized_readback 900 /1620
reference_startup_serialized_readback 950 /1620
reference_startup_serialized_readback 1000 /1620
reference_startup_serialized_readback 1050 /1620
reference_startup_serialized_readback 1100 /1620
reference_startup_serialized_readback 1150 /1620
reference_startup_serialized_readback 1200 /1620
reference_startup_serialized_readback 1250 /1620
reference_startup_serialized_readback 1300 /1620
reference_startup_serialized_readback 1350 /1620
reference_startup_serialized_readback 1400 /1620
reference_startup_serialized_readback 1450 /1620
reference_startup_serialized_readback 1500 /1620
reference_startup_serialized_readback 1550 /1620
reference_startup_serialized_readback 1600 /1620
{"full_chains": 1620, "full_quartets": 405, "effective_inputs": 135, "original_configuration_aliases": 324, "validated_startups": 1618, "unsuccessful_startups": 2, "complete_startup_quartets": 403, "unresolved_startup_quartets": 2, "status_counts": {"unsuccessful_native_startup_retained": 2, "reference_startup_homology_density_and_representation_checked": 1618}, "posterior_sampling_launched": false}
{
  "status": "passed_full_scalar_v6_startup_software_contracts_v1",
  "checked_utc": "2026-10-04T06:58:57.344033+00:00",
  "full_roles": 1620,
  "full_quartets": 405,
  "effective_inputs": 135,
  "original_configuration_aliases": 324,
  "full_source_grid_checked": true,
  "native_startups": 3,
  "native_fixture_seeds": [
    20269011,
    20269012,
    20269013
  ],
  "forbidden_seed_count": 6518,
  "transitive_project_source_modules": 28,
  "altered_designs_rejected": [
    "missing_role",
    "duplicate_id",
    "duplicate_source",
    "duplicate_seed",
    "old_seed",
    "bool_seed",
    "changed_prior",
    "changed_alias",
    "changed_role",
    "wrong_seed_namespace",
    "changed_program_digest",
    "claimed_native_execution"
  ],
  "privately_rehashed_invalid_output_cases": [
    {
      "case": "duplicate_key",
      "status": "invalid_native_startup_retained"
    },
    {
      "case": "bare_infinity",
      "status": "invalid_native_startup_retained"
    },
    {
      "case": "overflow_number",
      "status": "invalid_native_startup_retained"
    },
    {
      "case": "changed_density",
      "status": "invalid_native_startup_retained"
    },
    {
      "case": "unknown_footer",
      "status": "invalid_native_startup_retained"
    },
    {
      "case": "wrong_iteration",
      "status": "invalid_native_startup_retained"
    },
    {
      "case": "synthetic_native_failure",
      "status": "unsuccessful_native_startup_retained"
    }
  ],
  "custody_cases_rejected": [
    "changed_configuration",
    "changed_native_command",
    "changed_native_process",
    "unhashed_stdout"
  ],
  "synthetic_full_producer_reader_serialization_checked": true,
  "artificial_failures_retained": 2,
  "artificial_unresolved_quartets_retained": 2,
  "serialization_rejections": [
    "producer_restart",
    "missing_checkpoint",
    "changed_seed",
    "scientific_acceptance",
    "false_posterior",
    "reader_restart"
  ],
  "full_grid_native_startup_launched": false,
  "scientific_eligibility": false,
  "posterior_sampling_launched": false,
  "gpu": false,
  "new_cost_usd": 0,
  "scope": "All1620real prepared V6 startup role constructions. Three actual native--test synthetic fixtures across priors validate preserved initialization/densities/representation and rooted trees. Seven rehashed private invalid/failure outputs retained and four custody corruptions rejected. Full1620controller/reader serialization explicitly mocks native execution and per-role admission, retaining2failures/2unresolvedquartets. Not a fungal pilot, fullnativegrid, MCMC scalar/joint logging check, posterior qualification, original restart or biological acceptance."
}
